  999
Version : ModarisV2025 8.7.2.139
  999
DXF Mode : Rule
  999
Notch Superposition : No
  999
Notch Permutation : Same Tool
  999
Slidding Notch : No
  999
Curve Precision : Smooth
  999
Inter Notch Grading : No
  999
All Sizes Precision : Yes
  999
Export Tolerance : 1.000000
  0
SECTION
  2
HEADER
  9
$ACADVER
  1
AC1009
  0
ENDSEC
  0
SECTION
  2
TABLES
  0
ENDSEC
  0
SECTION
  2
BLOCKS
  0
BLOCK
  8
1
  2
RIB_CUFF_2P-S_50
  10
0.0000
  20
0.0000
70
0
  0
POLYLINE
  8
14
  66
1
  70
1
  0
VERTEX
  8
14
  10
1010.0000
  20
-3174.7639
  42
0.0000
  0
VERTEX
  8
14
  10
1070.9740
  20
-3174.7649
  42
0.0000
  0
VERTEX
  8
14
  10
1070.9760
  20
-3384.9141
  42
0.0000
  0
VERTEX
  8
14
  10
1010.0010
  20
-3384.9150
  42
0.0000
  0
SEQEND
  0
POLYLINE
  8
1
  66
1
  70
1
  0
VERTEX
  8
1
  10
1010.0000
  20
-3164.7639
  42
0.0000
  0
VERTEX
  8
1
  10
1080.9740
  20
-3164.7639
  42
0.0000
  0
VERTEX
  8
1
  10
1080.9760
  20
-3394.9141
  42
0.0000
  0
VERTEX
  8
1
  10
1010.0010
  20
-3394.9150
  42
0.0000
  0
SEQEND
  0
POINT
  8
2
  10
1010.0000
  20
-3174.7639
  0
POINT
  8
2
  10
1070.9740
  20
-3174.7649
  0
POINT
  8
2
  10
1070.9760
  20
-3384.9141
  0
POINT
  8
2
  10
1010.0010
  20
-3384.9150
  0
POINT
  8
2
  10
1010.0000
  20
-3164.7639
  0
POINT
  8
2
  10
1080.9740
  20
-3164.7639
  0
POINT
  8
2
  10
1080.9760
  20
-3394.9141
  0
POINT
  8
2
  10
1010.0010
  20
-3394.9150
  0
TEXT
  8
2
  10
1010.0000
  20
-3174.7639
  40
8.0000
  1
# 1
  0
TEXT
  8
14
  10
1010.0000
  20
-3174.7639
  40
8.0000
  1
# 1
  0
TEXT
  8
2
  10
1070.9740
  20
-3174.7649
  40
8.0000
  1
# 1
  0
TEXT
  8
14
  10
1070.9740
  20
-3174.7649
  40
8.0000
  1
# 1
  0
TEXT
  8
2
  10
1070.9760
  20
-3384.9141
  40
8.0000
  1
# 2
  0
TEXT
  8
14
  10
1070.9760
  20
-3384.9141
  40
8.0000
  1
# 2
  0
TEXT
  8
2
  10
1010.0010
  20
-3384.9150
  40
8.0000
  1
# 2
  0
TEXT
  8
14
  10
1010.0010
  20
-3384.9150
  40
8.0000
  1
# 2
  0
TEXT
  8
2
  10
1010.0000
  20
-3164.7639
  40
8.0000
  1
# 1
  0
TEXT
  8
1
  10
1010.0000
  20
-3164.7639
  40
8.0000
  1
# 1
  0
TEXT
  8
2
  10
1080.9740
  20
-3164.7639
  40
8.0000
  1
# 1
  0
TEXT
  8
1
  10
1080.9740
  20
-3164.7639
  40
8.0000
  1
# 1
  0
TEXT
  8
2
  10
1080.9760
  20
-3394.9141
  40
8.0000
  1
# 2
  0
TEXT
  8
1
  10
1080.9760
  20
-3394.9141
  40
8.0000
  1
# 2
  0
TEXT
  8
2
  10
1010.0010
  20
-3394.9150
  40
8.0000
  1
# 2
  0
TEXT
  8
1
  10
1010.0010
  20
-3394.9150
  40
8.0000
  1
# 2
  0
TEXT
  8
19
  10
1015.5291
  20
-3276.5513
  40
6.0000
  1
KNIT END
  50
-89.9997
  51
0.00
  0
TEXT
  8
1
  10
1009.9995
  20
-3404.9141
  40
8.0000
  1
Piece Name: RIB CUFF 2P
  0
TEXT
  8
1
  10
1009.9995
  20
-3414.9141
  40
8.0000
  1
Size: 50
  0
TEXT
  8
1
  10
1009.9995
  20
-3424.9141
  40
8.0000
  1
Quantity: 1
  0
TEXT
  8
1
  10
1009.9995
  20
-3434.9141
  40
8.0000
  1
Annotation: 
  0
TEXT
  8
1
  10
1009.9995
  20
-3444.9141
  40
8.0000
  1
Category: 
  0
LINE
  8
7
  10
1019.5330
  20
-3226.2100
  11
1061.2939
  21
-3226.2100
  0
ENDBLK
  0
BLOCK
  8
1
  2
LINING_BACK_1P-S_50
  10
0.0000
  20
0.0000
70
0
  0
POLYLINE
  8
14
  66
1
  70
1
  0
VERTEX
  8
14
  10
2138.3181
  20
840.1410
  42
0.0000
  0
VERTEX
  8
14
  10
2135.1431
  20
1108.5370
  42
0.0000
  0
VERTEX
  8
14
  10
2230.6860
  20
1108.7450
  42
0.0000
  0
VERTEX
  8
14
  10
2342.8369
  20
1109.9380
  42
0.0000
  0
VERTEX
  8
14
  10
2411.1169
  20
1111.5050
  42
0.0000
  0
VERTEX
  8
14
  10
2479.3970
  20
1113.0710
  42
0.0000
  0
VERTEX
  8
14
  10
2485.3589
  20
1106.8300
  42
0.0000
  0
VERTEX
  8
14
  10
2491.9390
  20
1101.2450
  42
0.0000
  0
VERTEX
  8
14
  10
2499.0649
  20
1096.3760
  42
0.0000
  0
VERTEX
  8
14
  10
2506.6599
  20
1092.2760
  42
0.0000
  0
VERTEX
  8
14
  10
2521.8250
  20
1085.9740
  42
0.0000
  0
VERTEX
  8
14
  10
2537.5259
  20
1081.1630
  42
0.0000
  0
VERTEX
  8
14
  10
2553.6189
  20
1077.8860
  42
0.0000
  0
VERTEX
  8
14
  10
2571.2261
  20
1074.5601
  42
0.0000
  0
VERTEX
  8
14
  10
2588.9851
  20
1072.1710
  42
0.0000
  0
VERTEX
  8
14
  10
2614.2219
  20
1069.9320
  42
0.0000
  0
VERTEX
  8
14
  10
2639.5239
  20
1068.6379
  42
0.0000
  0
VERTEX
  8
14
  10
2692.7280
  20
1067.5790
  42
0.0000
  0
VERTEX
  8
14
  10
2734.1741
  20
1067.5560
  42
0.0000
  0
VERTEX
  8
14
  10
2737.9551
  20
1056.6429
  42
0.0000
  0
VERTEX
  8
14
  10
2741.7371
  20
1045.7300
  42
0.0000
  0
VERTEX
  8
14
  10
2758.8191
  20
1002.3430
  42
0.0000
  0
VERTEX
  8
14
  10
2775.9009
  20
958.9560
  42
0.0000
  0
VERTEX
  8
14
  10
2779.8091
  20
948.0760
  42
0.0000
  0
VERTEX
  8
14
  10
2783.7170
  20
937.1970
  42
0.0000
  0
VERTEX
  8
14
  10
2775.8779
  20
930.8700
  42
0.0000
  0
VERTEX
  8
14
  10
2769.0659
  20
923.4500
  42
0.0000
  0
VERTEX
  8
14
  10
2763.7419
  20
915.4970
  42
0.0000
  0
VERTEX
  8
14
  10
2759.7261
  20
906.8110
  42
0.0000
  0
VERTEX
  8
14
  10
2757.3689
  20
898.5150
  42
0.0000
  0
VERTEX
  8
14
  10
2755.6411
  20
891.6190
  42
0.0000
  0
VERTEX
  8
14
  10
2755.1851
  20
888.9930
  42
0.0000
  0
VERTEX
  8
14
  10
2754.7290
  20
886.3670
  42
0.0000
  0
VERTEX
  8
14
  10
2753.9290
  20
873.7090
  42
0.0000
  0
VERTEX
  8
14
  10
2753.4180
  20
861.0370
  42
0.0000
  0
VERTEX
  8
14
  10
2753.2610
  20
850.5890
  42
0.0000
  0
VERTEX
  8
14
  10
2753.3940
  20
840.1410
  42
0.0000
  0
VERTEX
  8
14
  10
2753.2610
  20
829.6930
  42
0.0000
  0
VERTEX
  8
14
  10
2753.4180
  20
819.2460
  42
0.0000
  0
VERTEX
  8
14
  10
2753.9290
  20
806.5730
  42
0.0000
  0
VERTEX
  8
14
  10
2754.7290
  20
793.9160
  42
0.0000
  0
VERTEX
  8
14
  10
2755.1851
  20
791.2900
  42
0.0000
  0
VERTEX
  8
14
  10
2755.6411
  20
788.6630
  42
0.0000
  0
VERTEX
  8
14
  10
2757.3689
  20
781.7680
  42
0.0000
  0
VERTEX
  8
14
  10
2759.7261
  20
773.4720
  42
0.0000
  0
VERTEX
  8
14
  10
2763.7419
  20
764.7850
  42
0.0000
  0
VERTEX
  8
14
  10
2769.0659
  20
756.8330
  42
0.0000
  0
VERTEX
  8
14
  10
2775.8779
  20
749.4130
  42
0.0000
  0
VERTEX
  8
14
  10
2783.7161
  20
743.0860
  42
0.0000
  0
VERTEX
  8
14
  10
2779.8081
  20
732.2070
  42
0.0000
  0
VERTEX
  8
14
  10
2775.9009
  20
721.3270
  42
0.0000
  0
VERTEX
  8
14
  10
2758.8191
  20
677.9400
  42
0.0000
  0
VERTEX
  8
14
  10
2741.7371
  20
634.5520
  42
0.0000
  0
VERTEX
  8
14
  10
2737.9561
  20
623.6390
  42
0.0000
  0
VERTEX
  8
14
  10
2734.1750
  20
612.7270
  42
0.0000
  0
VERTEX
  8
14
  10
2692.7280
  20
612.7040
  42
0.0000
  0
VERTEX
  8
14
  10
2639.5239
  20
611.6450
  42
0.0000
  0
VERTEX
  8
14
  10
2614.2219
  20
610.3510
  42
0.0000
  0
VERTEX
  8
14
  10
2588.9861
  20
608.1110
  42
0.0000
  0
VERTEX
  8
14
  10
2571.2261
  20
605.7230
  42
0.0000
  0
VERTEX
  8
14
  10
2553.6179
  20
602.3970
  42
0.0000
  0
VERTEX
  8
14
  10
2537.5259
  20
599.1200
  42
0.0000
  0
VERTEX
  8
14
  10
2521.8250
  20
594.3090
  42
0.0000
  0
VERTEX
  8
14
  10
2506.6599
  20
588.0060
  42
0.0000
  0
VERTEX
  8
14
  10
2499.0649
  20
583.9070
  42
0.0000
  0
VERTEX
  8
14
  10
2491.9390
  20
579.0380
  42
0.0000
  0
VERTEX
  8
14
  10
2485.3589
  20
573.4530
  42
0.0000
  0
VERTEX
  8
14
  10
2479.3970
  20
567.2120
  42
0.0000
  0
VERTEX
  8
14
  10
2411.1169
  20
568.7780
  42
0.0000
  0
VERTEX
  8
14
  10
2342.8369
  20
570.3450
  42
0.0000
  0
VERTEX
  8
14
  10
2230.6860
  20
571.5380
  42
0.0000
  0
VERTEX
  8
14
  10
2135.1421
  20
571.7460
  42
0.0000
  0
SEQEND
  0
POLYLINE
  8
1
  66
1
  70
1
  0
VERTEX
  8
1
  10
2128.3159
  20
840.2590
  42
0.0000
  0
VERTEX
  8
1
  10
2128.3159
  20
840.2591
  42
0.0000
  0
VERTEX
  8
1
  10
2125.1440
  20
1108.4189
  42
0.0000
  0
VERTEX
  8
1
  10
2125.0239
  20
1118.5380
  42
0.0000
  0
VERTEX
  8
1
  10
2135.1440
  20
1118.5370
  42
0.0000
  0
VERTEX
  8
1
  10
2230.6001
  20
1118.7450
  42
0.0000
  0
VERTEX
  8
1
  10
2342.6589
  20
1119.9370
  42
0.0000
  0
VERTEX
  8
1
  10
2479.1680
  20
1123.0680
  42
0.0000
  0
VERTEX
  8
1
  10
2483.7371
  20
1123.1730
  42
0.0000
  0
VERTEX
  8
1
  10
2486.8069
  20
1119.7870
  42
0.0000
  0
VERTEX
  8
1
  10
2492.0859
  20
1114.2430
  42
0.0000
  0
VERTEX
  8
1
  10
2497.9180
  20
1109.2690
  42
0.0000
  0
VERTEX
  8
1
  10
2504.2419
  20
1104.9360
  42
0.0000
  0
VERTEX
  8
1
  10
2510.9871
  20
1101.2939
  42
0.0000
  0
VERTEX
  8
1
  10
2525.3550
  20
1095.3510
  42
0.0000
  0
VERTEX
  8
1
  10
2540.2261
  20
1090.8149
  42
0.0000
  0
VERTEX
  8
1
  10
2555.4451
  20
1087.6219
  42
0.0000
  0
VERTEX
  8
1
  10
2575.7629
  20
1083.9871
  42
0.0000
  0
VERTEX
  8
1
  10
2596.2571
  20
1081.4760
  42
0.0000
  0
VERTEX
  8
1
  10
2618.0161
  20
1079.7209
  42
0.0000
  0
VERTEX
  8
1
  10
2639.8301
  20
1078.6340
  42
0.0000
  0
VERTEX
  8
1
  10
2639.8303
  20
1078.6340
  42
0.0000
  0
VERTEX
  8
1
  10
2692.7881
  20
1077.5790
  42
0.0000
  0
VERTEX
  8
1
  10
2734.1250
  20
1077.5560
  42
0.0000
  0
VERTEX
  8
1
  10
2741.2800
  20
1077.5909
  42
0.0000
  0
VERTEX
  8
1
  10
2743.6230
  20
1070.8300
  42
0.0000
  0
VERTEX
  8
1
  10
2751.1179
  20
1049.2010
  42
0.0000
  0
VERTEX
  8
1
  10
2751.1179
  20
1049.2009
  42
0.0000
  0
VERTEX
  8
1
  10
2768.1919
  20
1005.8300
  42
0.0000
  0
VERTEX
  8
1
  10
2785.2041
  20
962.6180
  42
0.0000
  0
VERTEX
  8
1
  10
2785.2661
  20
962.4600
  42
0.0000
  0
VERTEX
  8
1
  10
2795.6279
  20
933.6150
  42
0.0000
  0
VERTEX
  8
1
  10
2789.7029
  20
929.1870
  42
0.0000
  0
VERTEX
  8
1
  10
2782.8779
  20
923.7040
  42
0.0000
  0
VERTEX
  8
1
  10
2776.9290
  20
917.2600
  42
0.0000
  0
VERTEX
  8
1
  10
2772.5259
  20
910.6920
  42
0.0000
  0
VERTEX
  8
1
  10
2769.1851
  20
903.5140
  42
0.0000
  0
VERTEX
  8
1
  10
2767.0310
  20
895.9320
  42
0.0000
  0
VERTEX
  8
1
  10
2765.4309
  20
889.5460
  42
0.0000
  0
VERTEX
  8
1
  10
2765.0530
  20
887.3690
  42
0.0000
  0
VERTEX
  8
1
  10
2764.6750
  20
885.1930
  42
0.0000
  0
VERTEX
  8
1
  10
2763.9080
  20
872.9850
  42
0.0000
  0
VERTEX
  8
1
  10
2763.4141
  20
860.7610
  42
0.0000
  0
VERTEX
  8
1
  10
2763.2629
  20
850.5160
  42
0.0000
  0
VERTEX
  8
1
  10
2763.3931
  20
840.2680
  42
0.0000
  0
VERTEX
  8
1
  10
2763.3931
  20
840.2679
  42
0.0000
  0
VERTEX
  8
1
  10
2763.3931
  20
840.0140
  42
0.0000
  0
VERTEX
  8
1
  10
2763.3899
  20
839.8760
  42
0.0000
  0
VERTEX
  8
1
  10
2763.2620
  20
829.7000
  42
0.0000
  0
VERTEX
  8
1
  10
2763.4150
  20
819.5220
  42
0.0000
  0
VERTEX
  8
1
  10
2763.9070
  20
807.3000
  42
0.0000
  0
VERTEX
  8
1
  10
2764.6750
  20
795.0900
  42
0.0000
  0
VERTEX
  8
1
  10
2765.4299
  20
790.7370
  42
0.0000
  0
VERTEX
  8
1
  10
2767.0310
  20
784.3500
  42
0.0000
  0
VERTEX
  8
1
  10
2768.1079
  20
780.5590
  42
0.0000
  0
VERTEX
  8
1
  10
2769.1851
  20
776.7690
  42
0.0000
  0
VERTEX
  8
1
  10
2772.5259
  20
769.5920
  42
0.0000
  0
VERTEX
  8
1
  10
2776.9290
  20
763.0230
  42
0.0000
  0
VERTEX
  8
1
  10
2782.8770
  20
756.5790
  42
0.0000
  0
VERTEX
  8
1
  10
2789.7029
  20
751.0960
  42
0.0000
  0
VERTEX
  8
1
  10
2795.6279
  20
746.6670
  42
0.0000
  0
VERTEX
  8
1
  10
2785.2529
  20
717.7880
  42
0.0000
  0
VERTEX
  8
1
  10
2785.2041
  20
717.6650
  42
0.0000
  0
VERTEX
  8
1
  10
2768.1860
  20
674.4350
  42
0.0000
  0
VERTEX
  8
1
  10
2751.1860
  20
631.2550
  42
0.0000
  0
VERTEX
  8
1
  10
2751.1179
  20
631.0820
  42
0.0000
  0
VERTEX
  8
1
  10
2743.6230
  20
609.4520
  42
0.0000
  0
VERTEX
  8
1
  10
2741.2810
  20
602.6920
  42
0.0000
  0
VERTEX
  8
1
  10
2734.1250
  20
602.7270
  42
0.0000
  0
VERTEX
  8
1
  10
2692.8850
  20
602.7050
  42
0.0000
  0
VERTEX
  8
1
  10
2639.8530
  20
601.6500
  42
0.0000
  0
VERTEX
  8
1
  10
2639.8528
  20
601.6500
  42
0.0000
  0
VERTEX
  8
1
  10
2614.9280
  20
600.3750
  42
0.0000
  0
VERTEX
  8
1
  10
2590.0769
  20
598.1700
  42
0.0000
  0
VERTEX
  8
1
  10
2572.7319
  20
595.8340
  42
0.0000
  0
VERTEX
  8
1
  10
2555.5271
  20
592.6420
  42
0.0000
  0
VERTEX
  8
1
  10
2540.2729
  20
589.4790
  42
0.0000
  0
VERTEX
  8
1
  10
2525.3779
  20
584.9410
  42
0.0000
  0
VERTEX
  8
1
  10
2510.9890
  20
578.9890
  42
0.0000
  0
VERTEX
  8
1
  10
2504.2419
  20
575.3470
  42
0.0000
  0
VERTEX
  8
1
  10
2497.9170
  20
571.0140
  42
0.0000
  0
VERTEX
  8
1
  10
2492.0850
  20
566.0390
  42
0.0000
  0
VERTEX
  8
1
  10
2486.8069
  20
560.4960
  42
0.0000
  0
VERTEX
  8
1
  10
2483.7371
  20
557.1100
  42
0.0000
  0
VERTEX
  8
1
  10
2479.1680
  20
557.2150
  42
0.0000
  0
VERTEX
  8
1
  10
2342.6589
  20
560.3460
  42
0.0000
  0
VERTEX
  8
1
  10
2230.6411
  20
561.5380
  42
0.0000
  0
VERTEX
  8
1
  10
2135.1440
  20
561.7450
  42
0.0000
  0
VERTEX
  8
1
  10
2125.0249
  20
561.7440
  42
0.0000
  0
VERTEX
  8
1
  10
2125.1440
  20
571.8640
  42
0.0000
  0
SEQEND
  0
POINT
  8
2
  10
2138.3181
  20
840.1410
  0
POINT
  8
2
  10
2135.1431
  20
1108.5370
  0
POINT
  8
3
  10
2230.6860
  20
1108.7450
  0
POINT
  8
3
  10
2342.8369
  20
1109.9380
  0
POINT
  8
3
  10
2411.1169
  20
1111.5050
  0
POINT
  8
2
  10
2479.3970
  20
1113.0710
  0
POINT
  8
3
  10
2485.3589
  20
1106.8300
  0
POINT
  8
3
  10
2491.9390
  20
1101.2450
  0
POINT
  8
3
  10
2499.0649
  20
1096.3760
  0
POINT
  8
3
  10
2506.6599
  20
1092.2760
  0
POINT
  8
3
  10
2521.8250
  20
1085.9740
  0
POINT
  8
3
  10
2537.5259
  20
1081.1630
  0
POINT
  8
3
  10
2553.6189
  20
1077.8860
  0
POINT
  8
3
  10
2571.2261
  20
1074.5601
  0
POINT
  8
3
  10
2588.9851
  20
1072.1710
  0
POINT
  8
3
  10
2614.2219
  20
1069.9320
  0
POINT
  8
3
  10
2639.5239
  20
1068.6379
  0
POINT
  8
3
  10
2692.7280
  20
1067.5790
  0
POINT
  8
2
  10
2734.1741
  20
1067.5560
  0
POINT
  8
3
  10
2737.9551
  20
1056.6429
  0
POINT
  8
3
  10
2741.7371
  20
1045.7300
  0
POINT
  8
3
  10
2758.8191
  20
1002.3430
  0
POINT
  8
3
  10
2775.9009
  20
958.9560
  0
POINT
  8
3
  10
2779.8091
  20
948.0760
  0
POINT
  8
2
  10
2783.7170
  20
937.1970
  0
POINT
  8
3
  10
2775.8779
  20
930.8700
  0
POINT
  8
3
  10
2769.0659
  20
923.4500
  0
POINT
  8
3
  10
2763.7419
  20
915.4970
  0
POINT
  8
3
  10
2759.7261
  20
906.8110
  0
POINT
  8
3
  10
2757.3689
  20
898.5150
  0
POINT
  8
3
  10
2755.6411
  20
891.6190
  0
POINT
  8
3
  10
2755.1851
  20
888.9930
  0
POINT
  8
3
  10
2754.7290
  20
886.3670
  0
POINT
  8
3
  10
2753.9290
  20
873.7090
  0
POINT
  8
3
  10
2753.4180
  20
861.0370
  0
POINT
  8
3
  10
2753.2610
  20
850.5890
  0
POINT
  8
3
  10
2753.3940
  20
840.1410
  0
POINT
  8
3
  10
2753.2610
  20
829.6930
  0
POINT
  8
3
  10
2753.4180
  20
819.2460
  0
POINT
  8
3
  10
2753.9290
  20
806.5730
  0
POINT
  8
3
  10
2754.7290
  20
793.9160
  0
POINT
  8
3
  10
2755.1851
  20
791.2900
  0
POINT
  8
3
  10
2755.6411
  20
788.6630
  0
POINT
  8
3
  10
2757.3689
  20
781.7680
  0
POINT
  8
3
  10
2759.7261
  20
773.4720
  0
POINT
  8
3
  10
2763.7419
  20
764.7850
  0
POINT
  8
3
  10
2769.0659
  20
756.8330
  0
POINT
  8
3
  10
2775.8779
  20
749.4130
  0
POINT
  8
2
  10
2783.7161
  20
743.0860
  0
POINT
  8
3
  10
2779.8081
  20
732.2070
  0
POINT
  8
3
  10
2775.9009
  20
721.3270
  0
POINT
  8
3
  10
2758.8191
  20
677.9400
  0
POINT
  8
3
  10
2741.7371
  20
634.5520
  0
POINT
  8
3
  10
2737.9561
  20
623.6390
  0
POINT
  8
2
  10
2734.1750
  20
612.7270
  0
POINT
  8
3
  10
2692.7280
  20
612.7040
  0
POINT
  8
3
  10
2639.5239
  20
611.6450
  0
POINT
  8
3
  10
2614.2219
  20
610.3510
  0
POINT
  8
3
  10
2588.9861
  20
608.1110
  0
POINT
  8
3
  10
2571.2261
  20
605.7230
  0
POINT
  8
3
  10
2553.6179
  20
602.3970
  0
POINT
  8
3
  10
2537.5259
  20
599.1200
  0
POINT
  8
3
  10
2521.8250
  20
594.3090
  0
POINT
  8
3
  10
2506.6599
  20
588.0060
  0
POINT
  8
3
  10
2499.0649
  20
583.9070
  0
POINT
  8
3
  10
2491.9390
  20
579.0380
  0
POINT
  8
3
  10
2485.3589
  20
573.4530
  0
POINT
  8
2
  10
2479.3970
  20
567.2120
  0
POINT
  8
3
  10
2411.1169
  20
568.7780
  0
POINT
  8
3
  10
2342.8369
  20
570.3450
  0
POINT
  8
3
  10
2230.6860
  20
571.5380
  0
POINT
  8
2
  10
2135.1421
  20
571.7460
  0
POINT
  8
2
  10
2128.3159
  20
840.2590
  0
POINT
  8
2
  10
2128.3159
  20
840.2591
  0
POINT
  8
3
  10
2125.1440
  20
1108.4189
  0
POINT
  8
2
  10
2125.0239
  20
1118.5380
  0
POINT
  8
3
  10
2135.1440
  20
1118.5370
  0
POINT
  8
3
  10
2230.6001
  20
1118.7450
  0
POINT
  8
3
  10
2342.6589
  20
1119.9370
  0
POINT
  8
3
  10
2479.1680
  20
1123.0680
  0
POINT
  8
2
  10
2483.7371
  20
1123.1730
  0
POINT
  8
3
  10
2486.8069
  20
1119.7870
  0
POINT
  8
3
  10
2492.0859
  20
1114.2430
  0
POINT
  8
3
  10
2497.9180
  20
1109.2690
  0
POINT
  8
3
  10
2504.2419
  20
1104.9360
  0
POINT
  8
3
  10
2510.9871
  20
1101.2939
  0
POINT
  8
3
  10
2525.3550
  20
1095.3510
  0
POINT
  8
3
  10
2540.2261
  20
1090.8149
  0
POINT
  8
3
  10
2555.4451
  20
1087.6219
  0
POINT
  8
3
  10
2575.7629
  20
1083.9871
  0
POINT
  8
3
  10
2596.2571
  20
1081.4760
  0
POINT
  8
3
  10
2618.0161
  20
1079.7209
  0
POINT
  8
2
  10
2639.8301
  20
1078.6340
  0
POINT
  8
2
  10
2639.8303
  20
1078.6340
  0
POINT
  8
3
  10
2692.7881
  20
1077.5790
  0
POINT
  8
3
  10
2734.1250
  20
1077.5560
  0
POINT
  8
2
  10
2741.2800
  20
1077.5909
  0
POINT
  8
3
  10
2743.6230
  20
1070.8300
  0
POINT
  8
2
  10
2751.1179
  20
1049.2010
  0
POINT
  8
2
  10
2751.1179
  20
1049.2009
  0
POINT
  8
3
  10
2768.1919
  20
1005.8300
  0
POINT
  8
3
  10
2785.2041
  20
962.6180
  0
POINT
  8
3
  10
2785.2661
  20
962.4600
  0
POINT
  8
2
  10
2795.6279
  20
933.6150
  0
POINT
  8
3
  10
2789.7029
  20
929.1870
  0
POINT
  8
3
  10
2782.8779
  20
923.7040
  0
POINT
  8
3
  10
2776.9290
  20
917.2600
  0
POINT
  8
3
  10
2772.5259
  20
910.6920
  0
POINT
  8
3
  10
2769.1851
  20
903.5140
  0
POINT
  8
3
  10
2767.0310
  20
895.9320
  0
POINT
  8
3
  10
2765.4309
  20
889.5460
  0
POINT
  8
3
  10
2765.0530
  20
887.3690
  0
POINT
  8
3
  10
2764.6750
  20
885.1930
  0
POINT
  8
3
  10
2763.9080
  20
872.9850
  0
POINT
  8
3
  10
2763.4141
  20
860.7610
  0
POINT
  8
3
  10
2763.2629
  20
850.5160
  0
POINT
  8
2
  10
2763.3931
  20
840.2680
  0
POINT
  8
2
  10
2763.3931
  20
840.2679
  0
POINT
  8
3
  10
2763.3931
  20
840.0140
  0
POINT
  8
3
  10
2763.3899
  20
839.8760
  0
POINT
  8
3
  10
2763.2620
  20
829.7000
  0
POINT
  8
3
  10
2763.4150
  20
819.5220
  0
POINT
  8
3
  10
2763.9070
  20
807.3000
  0
POINT
  8
3
  10
2764.6750
  20
795.0900
  0
POINT
  8
3
  10
2765.4299
  20
790.7370
  0
POINT
  8
3
  10
2767.0310
  20
784.3500
  0
POINT
  8
3
  10
2768.1079
  20
780.5590
  0
POINT
  8
3
  10
2769.1851
  20
776.7690
  0
POINT
  8
3
  10
2772.5259
  20
769.5920
  0
POINT
  8
3
  10
2776.9290
  20
763.0230
  0
POINT
  8
3
  10
2782.8770
  20
756.5790
  0
POINT
  8
3
  10
2789.7029
  20
751.0960
  0
POINT
  8
2
  10
2795.6279
  20
746.6670
  0
POINT
  8
3
  10
2785.2529
  20
717.7880
  0
POINT
  8
3
  10
2785.2041
  20
717.6650
  0
POINT
  8
3
  10
2768.1860
  20
674.4350
  0
POINT
  8
3
  10
2751.1860
  20
631.2550
  0
POINT
  8
3
  10
2751.1179
  20
631.0820
  0
POINT
  8
3
  10
2743.6230
  20
609.4520
  0
POINT
  8
2
  10
2741.2810
  20
602.6920
  0
POINT
  8
3
  10
2734.1250
  20
602.7270
  0
POINT
  8
3
  10
2692.8850
  20
602.7050
  0
POINT
  8
2
  10
2639.8530
  20
601.6500
  0
POINT
  8
2
  10
2639.8528
  20
601.6500
  0
POINT
  8
3
  10
2614.9280
  20
600.3750
  0
POINT
  8
3
  10
2590.0769
  20
598.1700
  0
POINT
  8
3
  10
2572.7319
  20
595.8340
  0
POINT
  8
3
  10
2555.5271
  20
592.6420
  0
POINT
  8
3
  10
2540.2729
  20
589.4790
  0
POINT
  8
3
  10
2525.3779
  20
584.9410
  0
POINT
  8
3
  10
2510.9890
  20
578.9890
  0
POINT
  8
3
  10
2504.2419
  20
575.3470
  0
POINT
  8
3
  10
2497.9170
  20
571.0140
  0
POINT
  8
3
  10
2492.0850
  20
566.0390
  0
POINT
  8
3
  10
2486.8069
  20
560.4960
  0
POINT
  8
2
  10
2483.7371
  20
557.1100
  0
POINT
  8
3
  10
2479.1680
  20
557.2150
  0
POINT
  8
3
  10
2342.6589
  20
560.3460
  0
POINT
  8
3
  10
2230.6411
  20
561.5380
  0
POINT
  8
3
  10
2135.1440
  20
561.7450
  0
POINT
  8
2
  10
2125.0249
  20
561.7440
  0
POINT
  8
3
  10
2125.1440
  20
571.8640
  0
POINT
  8
4
  10
2128.3159
  20
840.2591
  30
10.0000
  50
-0.6778
  0
POINT
  8
4
  10
2639.8303
  20
1078.6340
  30
10.0000
  50
-92.0326
  0
POINT
  8
4
  10
2751.1179
  20
1049.2009
  30
10.0000
  50
-159.8974
  0
POINT
  8
4
  10
2785.2041
  20
962.6180
  30
10.0000
  50
-158.9638
  0
POINT
  8
4
  10
2763.3899
  20
839.8760
  30
10.0000
  50
178.4774
  0
POINT
  8
4
  10
2785.2041
  20
717.6650
  30
10.0000
  50
158.0982
  0
POINT
  8
4
  10
2751.1860
  20
631.2550
  30
10.0000
  50
160.7631
  0
POINT
  8
4
  10
2639.8528
  20
601.6500
  30
10.0000
  50
92.0327
  0
TEXT
  8
2
  10
2138.3181
  20
840.1410
  40
8.0000
  1
# 3
  0
TEXT
  8
14
  10
2138.3181
  20
840.1410
  40
8.0000
  1
# 3
  0
TEXT
  8
2
  10
2135.1431
  20
1108.5370
  40
8.0000
  1
# 4
  0
TEXT
  8
14
  10
2135.1431
  20
1108.5370
  40
8.0000
  1
# 4
  0
TEXT
  8
2
  10
2479.3970
  20
1113.0710
  40
8.0000
  1
# 5
  0
TEXT
  8
14
  10
2479.3970
  20
1113.0710
  40
8.0000
  1
# 5
  0
TEXT
  8
3
  10
2639.5239
  20
1068.6379
  40
8.0000
  1
# 6
  0
TEXT
  8
14
  10
2639.5239
  20
1068.6379
  40
8.0000
  1
# 6
  0
TEXT
  8
2
  10
2734.1741
  20
1067.5560
  40
8.0000
  1
# 7
  0
TEXT
  8
14
  10
2734.1741
  20
1067.5560
  40
8.0000
  1
# 7
  0
TEXT
  8
2
  10
2783.7170
  20
937.1970
  40
8.0000
  1
# 8
  0
TEXT
  8
14
  10
2783.7170
  20
937.1970
  40
8.0000
  1
# 8
  0
TEXT
  8
3
  10
2753.3940
  20
840.1410
  40
8.0000
  1
# 9
  0
TEXT
  8
14
  10
2753.3940
  20
840.1410
  40
8.0000
  1
# 9
  0
TEXT
  8
2
  10
2783.7161
  20
743.0860
  40
8.0000
  1
# 10
  0
TEXT
  8
14
  10
2783.7161
  20
743.0860
  40
8.0000
  1
# 10
  0
TEXT
  8
2
  10
2734.1750
  20
612.7270
  40
8.0000
  1
# 11
  0
TEXT
  8
14
  10
2734.1750
  20
612.7270
  40
8.0000
  1
# 11
  0
TEXT
  8
3
  10
2639.5239
  20
611.6450
  40
8.0000
  1
# 12
  0
TEXT
  8
14
  10
2639.5239
  20
611.6450
  40
8.0000
  1
# 12
  0
TEXT
  8
2
  10
2479.3970
  20
567.2120
  40
8.0000
  1
# 13
  0
TEXT
  8
14
  10
2479.3970
  20
567.2120
  40
8.0000
  1
# 13
  0
TEXT
  8
2
  10
2135.1421
  20
571.7460
  40
8.0000
  1
# 14
  0
TEXT
  8
14
  10
2135.1421
  20
571.7460
  40
8.0000
  1
# 14
  0
TEXT
  8
2
  10
2128.3159
  20
840.2590
  40
8.0000
  1
# 15
  0
TEXT
  8
1
  10
2128.3159
  20
840.2590
  40
8.0000
  1
# 15
  0
TEXT
  8
2
  10
2128.3159
  20
840.2591
  40
8.0000
  1
# 15
  0
TEXT
  8
1
  10
2128.3159
  20
840.2591
  40
8.0000
  1
# 15
  0
TEXT
  8
3
  10
2125.1440
  20
1108.4189
  40
8.0000
  1
# 16
  0
TEXT
  8
1
  10
2125.1440
  20
1108.4189
  40
8.0000
  1
# 16
  0
TEXT
  8
2
  10
2125.0239
  20
1118.5380
  40
8.0000
  1
# 17
  0
TEXT
  8
1
  10
2125.0239
  20
1118.5380
  40
8.0000
  1
# 17
  0
TEXT
  8
3
  10
2135.1440
  20
1118.5370
  40
8.0000
  1
# 18
  0
TEXT
  8
1
  10
2135.1440
  20
1118.5370
  40
8.0000
  1
# 18
  0
TEXT
  8
3
  10
2479.1680
  20
1123.0680
  40
8.0000
  1
# 19
  0
TEXT
  8
1
  10
2479.1680
  20
1123.0680
  40
8.0000
  1
# 19
  0
TEXT
  8
2
  10
2483.7371
  20
1123.1730
  40
8.0000
  1
# 20
  0
TEXT
  8
1
  10
2483.7371
  20
1123.1730
  40
8.0000
  1
# 20
  0
TEXT
  8
3
  10
2486.8069
  20
1119.7870
  40
8.0000
  1
# 21
  0
TEXT
  8
1
  10
2486.8069
  20
1119.7870
  40
8.0000
  1
# 21
  0
TEXT
  8
3
  10
2555.4451
  20
1087.6219
  40
8.0000
  1
# 22
  0
TEXT
  8
1
  10
2555.4451
  20
1087.6219
  40
8.0000
  1
# 22
  0
TEXT
  8
2
  10
2639.8301
  20
1078.6340
  40
8.0000
  1
# 23
  0
TEXT
  8
1
  10
2639.8301
  20
1078.6340
  40
8.0000
  1
# 23
  0
TEXT
  8
2
  10
2639.8303
  20
1078.6340
  40
8.0000
  1
# 24
  0
TEXT
  8
1
  10
2639.8303
  20
1078.6340
  40
8.0000
  1
# 24
  0
TEXT
  8
3
  10
2734.1250
  20
1077.5560
  40
8.0000
  1
# 25
  0
TEXT
  8
1
  10
2734.1250
  20
1077.5560
  40
8.0000
  1
# 25
  0
TEXT
  8
2
  10
2741.2800
  20
1077.5909
  40
8.0000
  1
# 26
  0
TEXT
  8
1
  10
2741.2800
  20
1077.5909
  40
8.0000
  1
# 26
  0
TEXT
  8
3
  10
2743.6230
  20
1070.8300
  40
8.0000
  1
# 27
  0
TEXT
  8
1
  10
2743.6230
  20
1070.8300
  40
8.0000
  1
# 27
  0
TEXT
  8
2
  10
2751.1179
  20
1049.2009
  40
8.0000
  1
# 28
  0
TEXT
  8
1
  10
2751.1179
  20
1049.2009
  40
8.0000
  1
# 28
  0
TEXT
  8
3
  10
2785.2041
  20
962.6180
  40
8.0000
  1
# 29
  0
TEXT
  8
1
  10
2785.2041
  20
962.6180
  40
8.0000
  1
# 29
  0
TEXT
  8
3
  10
2785.2661
  20
962.4600
  40
8.0000
  1
# 30
  0
TEXT
  8
1
  10
2785.2661
  20
962.4600
  40
8.0000
  1
# 30
  0
TEXT
  8
2
  10
2795.6279
  20
933.6150
  40
8.0000
  1
# 31
  0
TEXT
  8
1
  10
2795.6279
  20
933.6150
  40
8.0000
  1
# 31
  0
TEXT
  8
3
  10
2789.7029
  20
929.1870
  40
8.0000
  1
# 32
  0
TEXT
  8
1
  10
2789.7029
  20
929.1870
  40
8.0000
  1
# 32
  0
TEXT
  8
3
  10
2769.1851
  20
903.5140
  40
8.0000
  1
# 33
  0
TEXT
  8
1
  10
2769.1851
  20
903.5140
  40
8.0000
  1
# 33
  0
TEXT
  8
3
  10
2764.6750
  20
885.1930
  40
8.0000
  1
# 34
  0
TEXT
  8
1
  10
2764.6750
  20
885.1930
  40
8.0000
  1
# 34
  0
TEXT
  8
2
  10
2763.3931
  20
840.2680
  40
8.0000
  1
# 35
  0
TEXT
  8
1
  10
2763.3931
  20
840.2680
  40
8.0000
  1
# 35
  0
TEXT
  8
2
  10
2763.3931
  20
840.2679
  40
8.0000
  1
# 36
  0
TEXT
  8
1
  10
2763.3931
  20
840.2679
  40
8.0000
  1
# 36
  0
TEXT
  8
3
  10
2763.3931
  20
840.0140
  40
8.0000
  1
# 37
  0
TEXT
  8
1
  10
2763.3931
  20
840.0140
  40
8.0000
  1
# 37
  0
TEXT
  8
3
  10
2763.3899
  20
839.8760
  40
8.0000
  1
# 38
  0
TEXT
  8
1
  10
2763.3899
  20
839.8760
  40
8.0000
  1
# 38
  0
TEXT
  8
3
  10
2764.6750
  20
795.0900
  40
8.0000
  1
# 39
  0
TEXT
  8
1
  10
2764.6750
  20
795.0900
  40
8.0000
  1
# 39
  0
TEXT
  8
3
  10
2789.7029
  20
751.0960
  40
8.0000
  1
# 40
  0
TEXT
  8
1
  10
2789.7029
  20
751.0960
  40
8.0000
  1
# 40
  0
TEXT
  8
2
  10
2795.6279
  20
746.6670
  40
8.0000
  1
# 41
  0
TEXT
  8
1
  10
2795.6279
  20
746.6670
  40
8.0000
  1
# 41
  0
TEXT
  8
3
  10
2785.2529
  20
717.7880
  40
8.0000
  1
# 42
  0
TEXT
  8
1
  10
2785.2529
  20
717.7880
  40
8.0000
  1
# 42
  0
TEXT
  8
3
  10
2785.2041
  20
717.6650
  40
8.0000
  1
# 43
  0
TEXT
  8
1
  10
2785.2041
  20
717.6650
  40
8.0000
  1
# 43
  0
TEXT
  8
3
  10
2751.1860
  20
631.2550
  40
8.0000
  1
# 44
  0
TEXT
  8
1
  10
2751.1860
  20
631.2550
  40
8.0000
  1
# 44
  0
TEXT
  8
3
  10
2743.6230
  20
609.4520
  40
8.0000
  1
# 45
  0
TEXT
  8
1
  10
2743.6230
  20
609.4520
  40
8.0000
  1
# 45
  0
TEXT
  8
2
  10
2741.2810
  20
602.6920
  40
8.0000
  1
# 46
  0
TEXT
  8
1
  10
2741.2810
  20
602.6920
  40
8.0000
  1
# 46
  0
TEXT
  8
3
  10
2734.1250
  20
602.7270
  40
8.0000
  1
# 47
  0
TEXT
  8
1
  10
2734.1250
  20
602.7270
  40
8.0000
  1
# 47
  0
TEXT
  8
2
  10
2639.8530
  20
601.6500
  40
8.0000
  1
# 48
  0
TEXT
  8
1
  10
2639.8530
  20
601.6500
  40
8.0000
  1
# 48
  0
TEXT
  8
2
  10
2639.8528
  20
601.6500
  40
8.0000
  1
# 48
  0
TEXT
  8
1
  10
2639.8528
  20
601.6500
  40
8.0000
  1
# 48
  0
TEXT
  8
3
  10
2555.5271
  20
592.6420
  40
8.0000
  1
# 49
  0
TEXT
  8
1
  10
2555.5271
  20
592.6420
  40
8.0000
  1
# 49
  0
TEXT
  8
3
  10
2486.8069
  20
560.4960
  40
8.0000
  1
# 50
  0
TEXT
  8
1
  10
2486.8069
  20
560.4960
  40
8.0000
  1
# 50
  0
TEXT
  8
2
  10
2483.7371
  20
557.1100
  40
8.0000
  1
# 51
  0
TEXT
  8
1
  10
2483.7371
  20
557.1100
  40
8.0000
  1
# 51
  0
TEXT
  8
3
  10
2479.1680
  20
557.2150
  40
8.0000
  1
# 52
  0
TEXT
  8
1
  10
2479.1680
  20
557.2150
  40
8.0000
  1
# 52
  0
TEXT
  8
3
  10
2135.1440
  20
561.7450
  40
8.0000
  1
# 53
  0
TEXT
  8
1
  10
2135.1440
  20
561.7450
  40
8.0000
  1
# 53
  0
TEXT
  8
2
  10
2125.0249
  20
561.7440
  40
8.0000
  1
# 54
  0
TEXT
  8
1
  10
2125.0249
  20
561.7440
  40
8.0000
  1
# 54
  0
TEXT
  8
3
  10
2125.1440
  20
571.8640
  40
8.0000
  1
# 55
  0
TEXT
  8
1
  10
2125.1440
  20
571.8640
  40
8.0000
  1
# 55
  0
TEXT
  8
4
  10
2128.3159
  20
840.2591
  40
8.0000
  1
# 15
  0
TEXT
  8
4
  10
2639.8303
  20
1078.6340
  40
8.0000
  1
# 24
  0
TEXT
  8
4
  10
2751.1179
  20
1049.2009
  40
8.0000
  1
# 28
  0
TEXT
  8
4
  10
2785.2041
  20
962.6180
  40
8.0000
  1
# 29
  0
TEXT
  8
4
  10
2763.3899
  20
839.8760
  40
8.0000
  1
# 38
  0
TEXT
  8
4
  10
2785.2041
  20
717.6650
  40
8.0000
  1
# 43
  0
TEXT
  8
4
  10
2751.1860
  20
631.2550
  40
8.0000
  1
# 44
  0
TEXT
  8
4
  10
2639.8528
  20
601.6500
  40
8.0000
  1
# 48
  0
TEXT
  8
1
  10
2080.7688
  20
555.2844
  40
8.0000
  1
Piece Name: LINING BACK 1P
  0
TEXT
  8
1
  10
2080.7688
  20
545.2844
  40
8.0000
  1
Size: 50
  0
TEXT
  8
1
  10
2080.7688
  20
535.2844
  40
8.0000
  1
Quantity: 1
  0
TEXT
  8
1
  10
2080.7688
  20
525.2844
  40
8.0000
  1
Annotation: 
  0
TEXT
  8
1
  10
2080.7688
  20
515.2844
  40
8.0000
  1
Category: 
  0
LINE
  8
7
  10
2193.1179
  20
840.1410
  11
2733.0640
  21
840.1410
  0
ENDBLK
  0
BLOCK
  8
1
  2
QUILT.BACK_1P2-S_50
  10
0.0000
  20
0.0000
70
0
  0
POLYLINE
  8
14
  66
1
  70
1
  0
VERTEX
  8
14
  10
2223.0681
  20
856.9440
  42
0.0000
  0
VERTEX
  8
14
  10
2219.7971
  20
1130.7080
  42
0.0000
  0
VERTEX
  8
14
  10
2308.7310
  20
1130.9630
  42
0.0000
  0
VERTEX
  8
14
  10
2413.1211
  20
1132.1370
  42
0.0000
  0
VERTEX
  8
14
  10
2553.7791
  20
1135.3320
  42
0.0000
  0
VERTEX
  8
14
  10
2559.9189
  20
1128.9670
  42
0.0000
  0
VERTEX
  8
14
  10
2566.6970
  20
1123.2700
  42
0.0000
  0
VERTEX
  8
14
  10
2574.0371
  20
1118.3030
  42
0.0000
  0
VERTEX
  8
14
  10
2581.8601
  20
1114.1219
  42
0.0000
  0
VERTEX
  8
14
  10
2597.4800
  20
1107.6940
  42
0.0000
  0
VERTEX
  8
14
  10
2613.6521
  20
1102.7860
  42
0.0000
  0
VERTEX
  8
14
  10
2630.2271
  20
1099.4440
  42
0.0000
  0
VERTEX
  8
14
  10
2648.3630
  20
1096.0510
  42
0.0000
  0
VERTEX
  8
14
  10
2666.6550
  20
1093.6150
  42
0.0000
  0
VERTEX
  8
14
  10
2692.6479
  20
1091.3300
  42
0.0000
  0
VERTEX
  8
14
  10
2718.7100
  20
1090.0110
  42
0.0000
  0
VERTEX
  8
14
  10
2773.5100
  20
1088.9301
  42
0.0000
  0
VERTEX
  8
14
  10
2816.1990
  20
1088.9070
  42
0.0000
  0
VERTEX
  8
14
  10
2820.1030
  20
1078.1680
  42
0.0000
  0
VERTEX
  8
14
  10
2824.0061
  20
1067.4301
  42
0.0000
  0
VERTEX
  8
14
  10
2841.5920
  20
1022.7820
  42
0.0000
  0
VERTEX
  8
14
  10
2859.1780
  20
978.1350
  42
0.0000
  0
VERTEX
  8
14
  10
2863.2029
  20
967.0380
  42
0.0000
  0
VERTEX
  8
14
  10
2867.2280
  20
955.9410
  42
0.0000
  0
VERTEX
  8
14
  10
2859.1550
  20
949.4870
  42
0.0000
  0
VERTEX
  8
14
  10
2852.1379
  20
941.9190
  42
0.0000
  0
VERTEX
  8
14
  10
2846.6541
  20
933.8070
  42
0.0000
  0
VERTEX
  8
14
  10
2842.5181
  20
924.9470
  42
0.0000
  0
VERTEX
  8
14
  10
2840.0901
  20
916.4850
  42
0.0000
  0
VERTEX
  8
14
  10
2838.3101
  20
909.4520
  42
0.0000
  0
VERTEX
  8
14
  10
2837.8411
  20
906.7730
  42
0.0000
  0
VERTEX
  8
14
  10
2837.3711
  20
904.0940
  42
0.0000
  0
VERTEX
  8
14
  10
2836.5471
  20
891.1830
  42
0.0000
  0
VERTEX
  8
14
  10
2836.0200
  20
878.2580
  42
0.0000
  0
VERTEX
  8
14
  10
2835.8589
  20
867.6010
  42
0.0000
  0
VERTEX
  8
14
  10
2835.9961
  20
856.9440
  42
0.0000
  0
VERTEX
  8
14
  10
2835.8589
  20
846.2870
  42
0.0000
  0
VERTEX
  8
14
  10
2836.0200
  20
835.6310
  42
0.0000
  0
VERTEX
  8
14
  10
2836.5459
  20
822.7050
  42
0.0000
  0
VERTEX
  8
14
  10
2837.3711
  20
809.7940
  42
0.0000
  0
VERTEX
  8
14
  10
2837.8401
  20
807.1160
  42
0.0000
  0
VERTEX
  8
14
  10
2838.3101
  20
804.4370
  42
0.0000
  0
VERTEX
  8
14
  10
2840.0901
  20
797.4030
  42
0.0000
  0
VERTEX
  8
14
  10
2842.5181
  20
788.9420
  42
0.0000
  0
VERTEX
  8
14
  10
2846.6541
  20
780.0810
  42
0.0000
  0
VERTEX
  8
14
  10
2852.1379
  20
771.9700
  42
0.0000
  0
VERTEX
  8
14
  10
2859.1541
  20
764.4010
  42
0.0000
  0
VERTEX
  8
14
  10
2867.2280
  20
757.9480
  42
0.0000
  0
VERTEX
  8
14
  10
2863.2029
  20
746.8510
  42
0.0000
  0
VERTEX
  8
14
  10
2859.1780
  20
735.7540
  42
0.0000
  0
VERTEX
  8
14
  10
2841.5840
  20
691.4990
  42
0.0000
  0
VERTEX
  8
14
  10
2823.9890
  20
647.2440
  42
0.0000
  0
VERTEX
  8
14
  10
2820.0950
  20
636.1120
  42
0.0000
  0
VERTEX
  8
14
  10
2816.2000
  20
624.9810
  42
0.0000
  0
VERTEX
  8
14
  10
2773.5100
  20
624.9580
  42
0.0000
  0
VERTEX
  8
14
  10
2718.7100
  20
623.8780
  42
0.0000
  0
VERTEX
  8
14
  10
2692.6489
  20
622.5580
  42
0.0000
  0
VERTEX
  8
14
  10
2666.6550
  20
620.2740
  42
0.0000
  0
VERTEX
  8
14
  10
2648.3630
  20
617.8370
  42
0.0000
  0
VERTEX
  8
14
  10
2630.2271
  20
614.4450
  42
0.0000
  0
VERTEX
  8
14
  10
2613.6521
  20
611.1030
  42
0.0000
  0
VERTEX
  8
14
  10
2597.4790
  20
606.1950
  42
0.0000
  0
VERTEX
  8
14
  10
2581.8601
  20
599.7670
  42
0.0000
  0
VERTEX
  8
14
  10
2574.0371
  20
595.5850
  42
0.0000
  0
VERTEX
  8
14
  10
2566.6960
  20
590.6190
  42
0.0000
  0
VERTEX
  8
14
  10
2559.9189
  20
584.9220
  42
0.0000
  0
VERTEX
  8
14
  10
2553.7791
  20
578.5560
  42
0.0000
  0
VERTEX
  8
14
  10
2413.1211
  20
581.7520
  42
0.0000
  0
VERTEX
  8
14
  10
2308.7310
  20
582.9260
  42
0.0000
  0
VERTEX
  8
14
  10
2219.7971
  20
583.1810
  42
0.0000
  0
SEQEND
  0
POLYLINE
  8
1
  66
1
  70
1
  0
VERTEX
  8
1
  10
2212.7661
  20
857.0650
  42
0.0000
  0
VERTEX
  8
1
  10
2212.7661
  20
857.0651
  42
0.0000
  0
VERTEX
  8
1
  10
2209.4980
  20
1130.5870
  42
0.0000
  0
VERTEX
  8
1
  10
2209.3760
  20
1140.9020
  42
0.0000
  0
VERTEX
  8
1
  10
2219.7910
  20
1140.9080
  42
0.0000
  0
VERTEX
  8
1
  10
2308.6340
  20
1141.1630
  42
0.0000
  0
VERTEX
  8
1
  10
2412.8860
  20
1142.3340
  42
0.0000
  0
VERTEX
  8
1
  10
2553.5430
  20
1145.5300
  42
0.0000
  0
VERTEX
  8
1
  10
2558.2490
  20
1145.6370
  42
0.0000
  0
VERTEX
  8
1
  10
2561.4109
  20
1142.1830
  42
0.0000
  0
VERTEX
  8
1
  10
2566.8491
  20
1136.5280
  42
0.0000
  0
VERTEX
  8
1
  10
2572.8560
  20
1131.4540
  42
0.0000
  0
VERTEX
  8
1
  10
2579.3701
  20
1127.0350
  42
0.0000
  0
VERTEX
  8
1
  10
2586.3169
  20
1123.3199
  42
0.0000
  0
VERTEX
  8
1
  10
2601.1160
  20
1117.2581
  42
0.0000
  0
VERTEX
  8
1
  10
2616.4331
  20
1112.6310
  42
0.0000
  0
VERTEX
  8
1
  10
2632.1089
  20
1109.3740
  42
0.0000
  0
VERTEX
  8
1
  10
2653.0359
  20
1105.6670
  42
0.0000
  0
VERTEX
  8
1
  10
2674.1450
  20
1103.1060
  42
0.0000
  0
VERTEX
  8
1
  10
2696.5559
  20
1101.3149
  42
0.0000
  0
VERTEX
  8
1
  10
2719.0249
  20
1100.2061
  42
0.0000
  0
VERTEX
  8
1
  10
2719.0251
  20
1100.2061
  42
0.0000
  0
VERTEX
  8
1
  10
2773.5710
  20
1099.1300
  42
0.0000
  0
VERTEX
  8
1
  10
2816.1489
  20
1099.1071
  42
0.0000
  0
VERTEX
  8
1
  10
2823.4260
  20
1099.1429
  42
0.0000
  0
VERTEX
  8
1
  10
2825.8911
  20
1092.3621
  42
0.0000
  0
VERTEX
  8
1
  10
2833.6509
  20
1071.0110
  42
0.0000
  0
VERTEX
  8
1
  10
2833.6931
  20
1070.9060
  42
0.0000
  0
VERTEX
  8
1
  10
2851.2400
  20
1026.3540
  42
0.0000
  0
VERTEX
  8
1
  10
2868.7729
  20
981.8410
  42
0.0000
  0
VERTEX
  8
1
  10
2868.8301
  20
981.6960
  42
0.0000
  0
VERTEX
  8
1
  10
2879.4971
  20
952.2870
  42
0.0000
  0
VERTEX
  8
1
  10
2873.3940
  20
947.7710
  42
0.0000
  0
VERTEX
  8
1
  10
2866.3640
  20
942.1780
  42
0.0000
  0
VERTEX
  8
1
  10
2860.2371
  20
935.6050
  42
0.0000
  0
VERTEX
  8
1
  10
2855.7019
  20
928.9060
  42
0.0000
  0
VERTEX
  8
1
  10
2852.2610
  20
921.5850
  42
0.0000
  0
VERTEX
  8
1
  10
2851.1521
  20
917.7190
  42
0.0000
  0
VERTEX
  8
1
  10
2850.0420
  20
913.8510
  42
0.0000
  0
VERTEX
  8
1
  10
2849.2180
  20
910.5950
  42
0.0000
  0
VERTEX
  8
1
  10
2848.3931
  20
907.3370
  42
0.0000
  0
VERTEX
  8
1
  10
2848.0039
  20
905.1170
  42
0.0000
  0
VERTEX
  8
1
  10
2847.6150
  20
902.8960
  42
0.0000
  0
VERTEX
  8
1
  10
2846.8250
  20
890.4450
  42
0.0000
  0
VERTEX
  8
1
  10
2846.3169
  20
877.9760
  42
0.0000
  0
VERTEX
  8
1
  10
2846.1599
  20
867.5970
  42
0.0000
  0
VERTEX
  8
1
  10
2846.2920
  20
857.2150
  42
0.0000
  0
VERTEX
  8
1
  10
2846.2949
  20
857.0740
  42
0.0000
  0
VERTEX
  8
1
  10
2846.2949
  20
856.9440
  42
0.0000
  0
VERTEX
  8
1
  10
2846.2949
  20
856.8140
  42
0.0000
  0
VERTEX
  8
1
  10
2846.1599
  20
846.3650
  42
0.0000
  0
VERTEX
  8
1
  10
2846.3169
  20
835.9130
  42
0.0000
  0
VERTEX
  8
1
  10
2846.8250
  20
823.4460
  42
0.0000
  0
VERTEX
  8
1
  10
2847.6150
  20
810.9920
  42
0.0000
  0
VERTEX
  8
1
  10
2848.3931
  20
806.5520
  42
0.0000
  0
VERTEX
  8
1
  10
2850.0420
  20
800.0380
  42
0.0000
  0
VERTEX
  8
1
  10
2851.1509
  20
796.1710
  42
0.0000
  0
VERTEX
  8
1
  10
2852.2610
  20
792.3040
  42
0.0000
  0
VERTEX
  8
1
  10
2855.7009
  20
784.9840
  42
0.0000
  0
VERTEX
  8
1
  10
2860.2361
  20
778.2830
  42
0.0000
  0
VERTEX
  8
1
  10
2866.3621
  20
771.7110
  42
0.0000
  0
VERTEX
  8
1
  10
2873.3940
  20
766.1180
  42
0.0000
  0
VERTEX
  8
1
  10
2879.4971
  20
761.6010
  42
0.0000
  0
VERTEX
  8
1
  10
2868.8110
  20
732.1430
  42
0.0000
  0
VERTEX
  8
1
  10
2868.7610
  20
732.0180
  42
0.0000
  0
VERTEX
  8
1
  10
2851.2310
  20
687.9230
  42
0.0000
  0
VERTEX
  8
1
  10
2833.7219
  20
643.8800
  42
0.0000
  0
VERTEX
  8
1
  10
2833.6521
  20
643.7040
  42
0.0000
  0
VERTEX
  8
1
  10
2825.9319
  20
621.6410
  42
0.0000
  0
VERTEX
  8
1
  10
2823.5190
  20
614.7460
  42
0.0000
  0
VERTEX
  8
1
  10
2816.1489
  20
614.7810
  42
0.0000
  0
VERTEX
  8
1
  10
2773.6709
  20
614.7590
  42
0.0000
  0
VERTEX
  8
1
  10
2719.0491
  20
613.6830
  42
0.0000
  0
VERTEX
  8
1
  10
2719.0488
  20
613.6830
  42
0.0000
  0
VERTEX
  8
1
  10
2693.3760
  20
612.3830
  42
0.0000
  0
VERTEX
  8
1
  10
2667.7791
  20
610.1340
  42
0.0000
  0
VERTEX
  8
1
  10
2649.9131
  20
607.7510
  42
0.0000
  0
VERTEX
  8
1
  10
2632.1931
  20
604.4950
  42
0.0000
  0
VERTEX
  8
1
  10
2616.4810
  20
601.2690
  42
0.0000
  0
VERTEX
  8
1
  10
2601.1399
  20
596.6400
  42
0.0000
  0
VERTEX
  8
1
  10
2586.3191
  20
590.5690
  42
0.0000
  0
VERTEX
  8
1
  10
2579.3701
  20
586.8540
  42
0.0000
  0
VERTEX
  8
1
  10
2572.8550
  20
582.4340
  42
0.0000
  0
VERTEX
  8
1
  10
2566.8469
  20
577.3590
  42
0.0000
  0
VERTEX
  8
1
  10
2561.4109
  20
571.7060
  42
0.0000
  0
VERTEX
  8
1
  10
2558.2490
  20
568.2520
  42
0.0000
  0
VERTEX
  8
1
  10
2553.5430
  20
568.3590
  42
0.0000
  0
VERTEX
  8
1
  10
2412.9839
  20
571.5530
  42
0.0000
  0
VERTEX
  8
1
  10
2308.6770
  20
572.7260
  42
0.0000
  0
VERTEX
  8
1
  10
2219.7910
  20
572.9810
  42
0.0000
  0
VERTEX
  8
1
  10
2209.3750
  20
572.9870
  42
0.0000
  0
VERTEX
  8
1
  10
2209.4980
  20
583.3010
  42
0.0000
  0
SEQEND
  0
POLYLINE
  8
8
  66
1
  70
0
  0
VERTEX
  8
8
  10
2310.6189
  20
856.9460
  42
0.0000
  0
VERTEX
  8
8
  10
2310.5439
  20
587.0650
  42
0.0000
  0
SEQEND
  0
POLYLINE
  8
8
  66
1
  70
0
  0
VERTEX
  8
8
  10
2310.6189
  20
856.9420
  42
0.0000
  0
VERTEX
  8
8
  10
2310.5439
  20
1126.8240
  42
0.0000
  0
SEQEND
  0
POLYLINE
  8
8
  66
1
  70
0
  0
VERTEX
  8
8
  10
2398.1689
  20
856.9490
  42
0.0000
  0
VERTEX
  8
8
  10
2398.0930
  20
587.7400
  42
0.0000
  0
SEQEND
  0
POLYLINE
  8
8
  66
1
  70
0
  0
VERTEX
  8
8
  10
2398.1689
  20
856.9400
  42
0.0000
  0
VERTEX
  8
8
  10
2398.0930
  20
1126.1490
  42
0.0000
  0
SEQEND
  0
POLYLINE
  8
8
  66
1
  70
0
  0
VERTEX
  8
8
  10
2485.7180
  20
856.9510
  42
0.0000
  0
VERTEX
  8
8
  10
2485.6431
  20
585.1210
  42
0.0000
  0
SEQEND
  0
POLYLINE
  8
8
  66
1
  70
0
  0
VERTEX
  8
8
  10
2485.7190
  20
856.9380
  42
0.0000
  0
VERTEX
  8
8
  10
2485.6440
  20
1128.7679
  42
0.0000
  0
SEQEND
  0
POLYLINE
  8
8
  66
1
  70
0
  0
VERTEX
  8
8
  10
2573.2681
  20
856.9530
  42
0.0000
  0
VERTEX
  8
8
  10
2573.1931
  20
595.8020
  42
0.0000
  0
SEQEND
  0
POLYLINE
  8
8
  66
1
  70
0
  0
VERTEX
  8
8
  10
2573.2690
  20
856.9350
  42
0.0000
  0
VERTEX
  8
8
  10
2573.1931
  20
1118.0861
  42
0.0000
  0
SEQEND
  0
POLYLINE
  8
8
  66
1
  70
0
  0
VERTEX
  8
8
  10
2660.8181
  20
856.9550
  42
0.0000
  0
VERTEX
  8
8
  10
2660.7629
  20
616.3270
  42
0.0000
  0
SEQEND
  0
POLYLINE
  8
8
  66
1
  70
0
  0
VERTEX
  8
8
  10
2660.8181
  20
856.9340
  42
0.0000
  0
VERTEX
  8
8
  10
2660.7629
  20
1097.5620
  42
0.0000
  0
SEQEND
  0
POLYLINE
  8
8
  66
1
  70
0
  0
VERTEX
  8
8
  10
2748.3569
  20
856.9570
  42
0.0000
  0
VERTEX
  8
8
  10
2748.3120
  20
617.9300
  42
0.0000
  0
SEQEND
  0
POLYLINE
  8
8
  66
1
  70
0
  0
VERTEX
  8
8
  10
2748.3569
  20
856.9310
  42
0.0000
  0
VERTEX
  8
8
  10
2748.3130
  20
1095.9580
  42
0.0000
  0
SEQEND
  0
POINT
  8
2
  10
2223.0681
  20
856.9440
  0
POINT
  8
2
  10
2219.7971
  20
1130.7080
  0
POINT
  8
3
  10
2308.7310
  20
1130.9630
  0
POINT
  8
3
  10
2413.1211
  20
1132.1370
  0
POINT
  8
2
  10
2553.7791
  20
1135.3320
  0
POINT
  8
3
  10
2559.9189
  20
1128.9670
  0
POINT
  8
3
  10
2566.6970
  20
1123.2700
  0
POINT
  8
3
  10
2574.0371
  20
1118.3030
  0
POINT
  8
3
  10
2581.8601
  20
1114.1219
  0
POINT
  8
3
  10
2597.4800
  20
1107.6940
  0
POINT
  8
3
  10
2613.6521
  20
1102.7860
  0
POINT
  8
3
  10
2630.2271
  20
1099.4440
  0
POINT
  8
3
  10
2648.3630
  20
1096.0510
  0
POINT
  8
3
  10
2666.6550
  20
1093.6150
  0
POINT
  8
3
  10
2692.6479
  20
1091.3300
  0
POINT
  8
3
  10
2718.7100
  20
1090.0110
  0
POINT
  8
3
  10
2773.5100
  20
1088.9301
  0
POINT
  8
2
  10
2816.1990
  20
1088.9070
  0
POINT
  8
3
  10
2820.1030
  20
1078.1680
  0
POINT
  8
3
  10
2824.0061
  20
1067.4301
  0
POINT
  8
3
  10
2841.5920
  20
1022.7820
  0
POINT
  8
3
  10
2859.1780
  20
978.1350
  0
POINT
  8
3
  10
2863.2029
  20
967.0380
  0
POINT
  8
2
  10
2867.2280
  20
955.9410
  0
POINT
  8
3
  10
2859.1550
  20
949.4870
  0
POINT
  8
3
  10
2852.1379
  20
941.9190
  0
POINT
  8
3
  10
2846.6541
  20
933.8070
  0
POINT
  8
3
  10
2842.5181
  20
924.9470
  0
POINT
  8
3
  10
2840.0901
  20
916.4850
  0
POINT
  8
3
  10
2838.3101
  20
909.4520
  0
POINT
  8
3
  10
2837.8411
  20
906.7730
  0
POINT
  8
3
  10
2837.3711
  20
904.0940
  0
POINT
  8
3
  10
2836.5471
  20
891.1830
  0
POINT
  8
3
  10
2836.0200
  20
878.2580
  0
POINT
  8
3
  10
2835.8589
  20
867.6010
  0
POINT
  8
3
  10
2835.9961
  20
856.9440
  0
POINT
  8
3
  10
2835.8589
  20
846.2870
  0
POINT
  8
3
  10
2836.0200
  20
835.6310
  0
POINT
  8
3
  10
2836.5459
  20
822.7050
  0
POINT
  8
3
  10
2837.3711
  20
809.7940
  0
POINT
  8
3
  10
2837.8401
  20
807.1160
  0
POINT
  8
3
  10
2838.3101
  20
804.4370
  0
POINT
  8
3
  10
2840.0901
  20
797.4030
  0
POINT
  8
3
  10
2842.5181
  20
788.9420
  0
POINT
  8
3
  10
2846.6541
  20
780.0810
  0
POINT
  8
3
  10
2852.1379
  20
771.9700
  0
POINT
  8
3
  10
2859.1541
  20
764.4010
  0
POINT
  8
2
  10
2867.2280
  20
757.9480
  0
POINT
  8
3
  10
2863.2029
  20
746.8510
  0
POINT
  8
3
  10
2859.1780
  20
735.7540
  0
POINT
  8
3
  10
2841.5840
  20
691.4990
  0
POINT
  8
3
  10
2823.9890
  20
647.2440
  0
POINT
  8
3
  10
2820.0950
  20
636.1120
  0
POINT
  8
2
  10
2816.2000
  20
624.9810
  0
POINT
  8
3
  10
2773.5100
  20
624.9580
  0
POINT
  8
3
  10
2718.7100
  20
623.8780
  0
POINT
  8
3
  10
2692.6489
  20
622.5580
  0
POINT
  8
3
  10
2666.6550
  20
620.2740
  0
POINT
  8
3
  10
2648.3630
  20
617.8370
  0
POINT
  8
3
  10
2630.2271
  20
614.4450
  0
POINT
  8
3
  10
2613.6521
  20
611.1030
  0
POINT
  8
3
  10
2597.4790
  20
606.1950
  0
POINT
  8
3
  10
2581.8601
  20
599.7670
  0
POINT
  8
3
  10
2574.0371
  20
595.5850
  0
POINT
  8
3
  10
2566.6960
  20
590.6190
  0
POINT
  8
3
  10
2559.9189
  20
584.9220
  0
POINT
  8
2
  10
2553.7791
  20
578.5560
  0
POINT
  8
3
  10
2413.1211
  20
581.7520
  0
POINT
  8
3
  10
2308.7310
  20
582.9260
  0
POINT
  8
2
  10
2219.7971
  20
583.1810
  0
POINT
  8
2
  10
2212.7661
  20
857.0650
  0
POINT
  8
2
  10
2212.7661
  20
857.0651
  0
POINT
  8
3
  10
2209.4980
  20
1130.5870
  0
POINT
  8
2
  10
2209.3760
  20
1140.9020
  0
POINT
  8
3
  10
2219.7910
  20
1140.9080
  0
POINT
  8
3
  10
2308.6340
  20
1141.1630
  0
POINT
  8
3
  10
2412.8860
  20
1142.3340
  0
POINT
  8
3
  10
2553.5430
  20
1145.5300
  0
POINT
  8
2
  10
2558.2490
  20
1145.6370
  0
POINT
  8
3
  10
2561.4109
  20
1142.1830
  0
POINT
  8
3
  10
2566.8491
  20
1136.5280
  0
POINT
  8
3
  10
2572.8560
  20
1131.4540
  0
POINT
  8
3
  10
2579.3701
  20
1127.0350
  0
POINT
  8
3
  10
2586.3169
  20
1123.3199
  0
POINT
  8
3
  10
2601.1160
  20
1117.2581
  0
POINT
  8
3
  10
2616.4331
  20
1112.6310
  0
POINT
  8
3
  10
2632.1089
  20
1109.3740
  0
POINT
  8
3
  10
2653.0359
  20
1105.6670
  0
POINT
  8
3
  10
2674.1450
  20
1103.1060
  0
POINT
  8
3
  10
2696.5559
  20
1101.3149
  0
POINT
  8
2
  10
2719.0249
  20
1100.2061
  0
POINT
  8
2
  10
2719.0251
  20
1100.2061
  0
POINT
  8
3
  10
2773.5710
  20
1099.1300
  0
POINT
  8
3
  10
2816.1489
  20
1099.1071
  0
POINT
  8
2
  10
2823.4260
  20
1099.1429
  0
POINT
  8
3
  10
2825.8911
  20
1092.3621
  0
POINT
  8
2
  10
2833.6509
  20
1071.0110
  0
POINT
  8
2
  10
2833.6931
  20
1070.9060
  0
POINT
  8
3
  10
2851.2400
  20
1026.3540
  0
POINT
  8
3
  10
2868.7729
  20
981.8410
  0
POINT
  8
3
  10
2868.8301
  20
981.6960
  0
POINT
  8
2
  10
2879.4971
  20
952.2870
  0
POINT
  8
3
  10
2873.3940
  20
947.7710
  0
POINT
  8
3
  10
2866.3640
  20
942.1780
  0
POINT
  8
3
  10
2860.2371
  20
935.6050
  0
POINT
  8
3
  10
2855.7019
  20
928.9060
  0
POINT
  8
3
  10
2852.2610
  20
921.5850
  0
POINT
  8
3
  10
2851.1521
  20
917.7190
  0
POINT
  8
3
  10
2850.0420
  20
913.8510
  0
POINT
  8
3
  10
2849.2180
  20
910.5950
  0
POINT
  8
3
  10
2848.3931
  20
907.3370
  0
POINT
  8
3
  10
2848.0039
  20
905.1170
  0
POINT
  8
3
  10
2847.6150
  20
902.8960
  0
POINT
  8
3
  10
2846.8250
  20
890.4450
  0
POINT
  8
3
  10
2846.3169
  20
877.9760
  0
POINT
  8
3
  10
2846.1599
  20
867.5970
  0
POINT
  8
3
  10
2846.2920
  20
857.2150
  0
POINT
  8
3
  10
2846.2949
  20
857.0740
  0
POINT
  8
3
  10
2846.2949
  20
856.9440
  0
POINT
  8
3
  10
2846.2949
  20
856.8140
  0
POINT
  8
3
  10
2846.1599
  20
846.3650
  0
POINT
  8
3
  10
2846.3169
  20
835.9130
  0
POINT
  8
3
  10
2846.8250
  20
823.4460
  0
POINT
  8
3
  10
2847.6150
  20
810.9920
  0
POINT
  8
3
  10
2848.3931
  20
806.5520
  0
POINT
  8
3
  10
2850.0420
  20
800.0380
  0
POINT
  8
3
  10
2851.1509
  20
796.1710
  0
POINT
  8
3
  10
2852.2610
  20
792.3040
  0
POINT
  8
3
  10
2855.7009
  20
784.9840
  0
POINT
  8
3
  10
2860.2361
  20
778.2830
  0
POINT
  8
3
  10
2866.3621
  20
771.7110
  0
POINT
  8
3
  10
2873.3940
  20
766.1180
  0
POINT
  8
2
  10
2879.4971
  20
761.6010
  0
POINT
  8
3
  10
2868.8110
  20
732.1430
  0
POINT
  8
3
  10
2868.7610
  20
732.0180
  0
POINT
  8
3
  10
2851.2310
  20
687.9230
  0
POINT
  8
3
  10
2833.7219
  20
643.8800
  0
POINT
  8
3
  10
2833.6521
  20
643.7040
  0
POINT
  8
3
  10
2825.9319
  20
621.6410
  0
POINT
  8
2
  10
2823.5190
  20
614.7460
  0
POINT
  8
3
  10
2816.1489
  20
614.7810
  0
POINT
  8
3
  10
2773.6709
  20
614.7590
  0
POINT
  8
2
  10
2719.0491
  20
613.6830
  0
POINT
  8
2
  10
2719.0488
  20
613.6830
  0
POINT
  8
3
  10
2693.3760
  20
612.3830
  0
POINT
  8
3
  10
2667.7791
  20
610.1340
  0
POINT
  8
3
  10
2649.9131
  20
607.7510
  0
POINT
  8
3
  10
2632.1931
  20
604.4950
  0
POINT
  8
3
  10
2616.4810
  20
601.2690
  0
POINT
  8
3
  10
2601.1399
  20
596.6400
  0
POINT
  8
3
  10
2586.3191
  20
590.5690
  0
POINT
  8
3
  10
2579.3701
  20
586.8540
  0
POINT
  8
3
  10
2572.8550
  20
582.4340
  0
POINT
  8
3
  10
2566.8469
  20
577.3590
  0
POINT
  8
3
  10
2561.4109
  20
571.7060
  0
POINT
  8
2
  10
2558.2490
  20
568.2520
  0
POINT
  8
3
  10
2553.5430
  20
568.3590
  0
POINT
  8
3
  10
2412.9839
  20
571.5530
  0
POINT
  8
3
  10
2308.6770
  20
572.7260
  0
POINT
  8
3
  10
2219.7910
  20
572.9810
  0
POINT
  8
2
  10
2209.3750
  20
572.9870
  0
POINT
  8
3
  10
2209.4980
  20
583.3010
  0
POINT
  8
4
  10
2212.7661
  20
857.0651
  30
10.0000
  50
-0.6712
  0
POINT
  8
4
  10
2719.0251
  20
1100.2061
  30
10.0000
  50
-92.0525
  0
POINT
  8
4
  10
2833.6931
  20
1070.9060
  30
10.0000
  50
-160.2570
  0
POINT
  8
4
  10
2868.7729
  20
981.8410
  30
10.0000
  50
-159.1504
  0
POINT
  8
4
  10
2846.2920
  20
857.2150
  30
10.0000
  50
-178.4921
  0
POINT
  8
4
  10
2868.7610
  20
732.0180
  30
10.0000
  50
158.2909
  0
POINT
  8
4
  10
2833.7219
  20
643.8800
  30
10.0000
  50
160.9364
  0
POINT
  8
4
  10
2719.0488
  20
613.6830
  30
10.0000
  50
92.0526
  0
POINT
  8
2
  10
2310.6189
  20
856.9460
  0
POINT
  8
2
  10
2310.5439
  20
587.0650
  0
POINT
  8
2
  10
2310.6189
  20
856.9420
  0
POINT
  8
2
  10
2310.5439
  20
1126.8240
  0
POINT
  8
2
  10
2398.1689
  20
856.9490
  0
POINT
  8
2
  10
2398.0930
  20
587.7400
  0
POINT
  8
2
  10
2398.1689
  20
856.9400
  0
POINT
  8
2
  10
2398.0930
  20
1126.1490
  0
POINT
  8
2
  10
2485.7180
  20
856.9510
  0
POINT
  8
2
  10
2485.6431
  20
585.1210
  0
POINT
  8
2
  10
2485.7190
  20
856.9380
  0
POINT
  8
2
  10
2485.6440
  20
1128.7679
  0
POINT
  8
2
  10
2573.2681
  20
856.9530
  0
POINT
  8
2
  10
2573.1931
  20
595.8020
  0
POINT
  8
2
  10
2573.2690
  20
856.9350
  0
POINT
  8
2
  10
2573.1931
  20
1118.0861
  0
POINT
  8
2
  10
2660.8181
  20
856.9550
  0
POINT
  8
2
  10
2660.7629
  20
616.3270
  0
POINT
  8
2
  10
2660.8181
  20
856.9340
  0
POINT
  8
2
  10
2660.7629
  20
1097.5620
  0
POINT
  8
2
  10
2748.3569
  20
856.9570
  0
POINT
  8
2
  10
2748.3120
  20
617.9300
  0
POINT
  8
2
  10
2748.3569
  20
856.9310
  0
POINT
  8
2
  10
2748.3130
  20
1095.9580
  0
TEXT
  8
2
  10
2223.0681
  20
856.9440
  40
8.0000
  1
# 56
  0
TEXT
  8
14
  10
2223.0681
  20
856.9440
  40
8.0000
  1
# 56
  0
TEXT
  8
2
  10
2219.7971
  20
1130.7080
  40
8.0000
  1
# 57
  0
TEXT
  8
14
  10
2219.7971
  20
1130.7080
  40
8.0000
  1
# 57
  0
TEXT
  8
3
  10
2413.1211
  20
1132.1370
  40
8.0000
  1
# 58
  0
TEXT
  8
14
  10
2413.1211
  20
1132.1370
  40
8.0000
  1
# 58
  0
TEXT
  8
2
  10
2553.7791
  20
1135.3320
  40
8.0000
  1
# 59
  0
TEXT
  8
14
  10
2553.7791
  20
1135.3320
  40
8.0000
  1
# 59
  0
TEXT
  8
3
  10
2718.7100
  20
1090.0110
  40
8.0000
  1
# 60
  0
TEXT
  8
14
  10
2718.7100
  20
1090.0110
  40
8.0000
  1
# 60
  0
TEXT
  8
2
  10
2816.1990
  20
1088.9070
  40
8.0000
  1
# 61
  0
TEXT
  8
14
  10
2816.1990
  20
1088.9070
  40
8.0000
  1
# 61
  0
TEXT
  8
2
  10
2867.2280
  20
955.9410
  40
8.0000
  1
# 62
  0
TEXT
  8
14
  10
2867.2280
  20
955.9410
  40
8.0000
  1
# 62
  0
TEXT
  8
3
  10
2842.5181
  20
924.9470
  40
8.0000
  1
# 63
  0
TEXT
  8
14
  10
2842.5181
  20
924.9470
  40
8.0000
  1
# 63
  0
TEXT
  8
3
  10
2842.5181
  20
788.9420
  40
8.0000
  1
# 63
  0
TEXT
  8
14
  10
2842.5181
  20
788.9420
  40
8.0000
  1
# 63
  0
TEXT
  8
2
  10
2867.2280
  20
757.9480
  40
8.0000
  1
# 64
  0
TEXT
  8
14
  10
2867.2280
  20
757.9480
  40
8.0000
  1
# 64
  0
TEXT
  8
2
  10
2816.2000
  20
624.9810
  40
8.0000
  1
# 65
  0
TEXT
  8
14
  10
2816.2000
  20
624.9810
  40
8.0000
  1
# 65
  0
TEXT
  8
3
  10
2718.7100
  20
623.8780
  40
8.0000
  1
# 66
  0
TEXT
  8
14
  10
2718.7100
  20
623.8780
  40
8.0000
  1
# 66
  0
TEXT
  8
2
  10
2553.7791
  20
578.5560
  40
8.0000
  1
# 67
  0
TEXT
  8
14
  10
2553.7791
  20
578.5560
  40
8.0000
  1
# 67
  0
TEXT
  8
3
  10
2413.1211
  20
581.7520
  40
8.0000
  1
# 68
  0
TEXT
  8
14
  10
2413.1211
  20
581.7520
  40
8.0000
  1
# 68
  0
TEXT
  8
2
  10
2219.7971
  20
583.1810
  40
8.0000
  1
# 69
  0
TEXT
  8
14
  10
2219.7971
  20
583.1810
  40
8.0000
  1
# 69
  0
TEXT
  8
2
  10
2212.7661
  20
857.0650
  40
8.0000
  1
# 70
  0
TEXT
  8
1
  10
2212.7661
  20
857.0650
  40
8.0000
  1
# 70
  0
TEXT
  8
2
  10
2212.7661
  20
857.0651
  40
8.0000
  1
# 70
  0
TEXT
  8
1
  10
2212.7661
  20
857.0651
  40
8.0000
  1
# 70
  0
TEXT
  8
3
  10
2209.4980
  20
1130.5870
  40
8.0000
  1
# 71
  0
TEXT
  8
1
  10
2209.4980
  20
1130.5870
  40
8.0000
  1
# 71
  0
TEXT
  8
2
  10
2209.3760
  20
1140.9020
  40
8.0000
  1
# 72
  0
TEXT
  8
1
  10
2209.3760
  20
1140.9020
  40
8.0000
  1
# 72
  0
TEXT
  8
3
  10
2219.7910
  20
1140.9080
  40
8.0000
  1
# 73
  0
TEXT
  8
1
  10
2219.7910
  20
1140.9080
  40
8.0000
  1
# 73
  0
TEXT
  8
3
  10
2412.8860
  20
1142.3340
  40
8.0000
  1
# 74
  0
TEXT
  8
1
  10
2412.8860
  20
1142.3340
  40
8.0000
  1
# 74
  0
TEXT
  8
3
  10
2553.5430
  20
1145.5300
  40
8.0000
  1
# 75
  0
TEXT
  8
1
  10
2553.5430
  20
1145.5300
  40
8.0000
  1
# 75
  0
TEXT
  8
2
  10
2558.2490
  20
1145.6370
  40
8.0000
  1
# 76
  0
TEXT
  8
1
  10
2558.2490
  20
1145.6370
  40
8.0000
  1
# 76
  0
TEXT
  8
3
  10
2561.4109
  20
1142.1830
  40
8.0000
  1
# 77
  0
TEXT
  8
1
  10
2561.4109
  20
1142.1830
  40
8.0000
  1
# 77
  0
TEXT
  8
3
  10
2632.1089
  20
1109.3740
  40
8.0000
  1
# 78
  0
TEXT
  8
1
  10
2632.1089
  20
1109.3740
  40
8.0000
  1
# 78
  0
TEXT
  8
2
  10
2719.0249
  20
1100.2061
  40
8.0000
  1
# 79
  0
TEXT
  8
1
  10
2719.0249
  20
1100.2061
  40
8.0000
  1
# 79
  0
TEXT
  8
2
  10
2719.0251
  20
1100.2061
  40
8.0000
  1
# 80
  0
TEXT
  8
1
  10
2719.0251
  20
1100.2061
  40
8.0000
  1
# 80
  0
TEXT
  8
3
  10
2816.1489
  20
1099.1071
  40
8.0000
  1
# 81
  0
TEXT
  8
1
  10
2816.1489
  20
1099.1071
  40
8.0000
  1
# 81
  0
TEXT
  8
2
  10
2823.4260
  20
1099.1429
  40
8.0000
  1
# 82
  0
TEXT
  8
1
  10
2823.4260
  20
1099.1429
  40
8.0000
  1
# 82
  0
TEXT
  8
3
  10
2825.8911
  20
1092.3621
  40
8.0000
  1
# 83
  0
TEXT
  8
1
  10
2825.8911
  20
1092.3621
  40
8.0000
  1
# 83
  0
TEXT
  8
2
  10
2833.6931
  20
1070.9060
  40
8.0000
  1
# 84
  0
TEXT
  8
1
  10
2833.6931
  20
1070.9060
  40
8.0000
  1
# 84
  0
TEXT
  8
3
  10
2868.7729
  20
981.8410
  40
8.0000
  1
# 85
  0
TEXT
  8
1
  10
2868.7729
  20
981.8410
  40
8.0000
  1
# 85
  0
TEXT
  8
3
  10
2868.8301
  20
981.6960
  40
8.0000
  1
# 86
  0
TEXT
  8
1
  10
2868.8301
  20
981.6960
  40
8.0000
  1
# 86
  0
TEXT
  8
2
  10
2879.4971
  20
952.2870
  40
8.0000
  1
# 87
  0
TEXT
  8
1
  10
2879.4971
  20
952.2870
  40
8.0000
  1
# 87
  0
TEXT
  8
3
  10
2873.3940
  20
947.7710
  40
8.0000
  1
# 88
  0
TEXT
  8
1
  10
2873.3940
  20
947.7710
  40
8.0000
  1
# 88
  0
TEXT
  8
3
  10
2852.2610
  20
921.5850
  40
8.0000
  1
# 89
  0
TEXT
  8
1
  10
2852.2610
  20
921.5850
  40
8.0000
  1
# 89
  0
TEXT
  8
3
  10
2848.3931
  20
907.3370
  40
8.0000
  1
# 90
  0
TEXT
  8
1
  10
2848.3931
  20
907.3370
  40
8.0000
  1
# 90
  0
TEXT
  8
3
  10
2846.2920
  20
857.2150
  40
8.0000
  1
# 91
  0
TEXT
  8
1
  10
2846.2920
  20
857.2150
  40
8.0000
  1
# 91
  0
TEXT
  8
3
  10
2848.3931
  20
806.5520
  40
8.0000
  1
# 92
  0
TEXT
  8
1
  10
2848.3931
  20
806.5520
  40
8.0000
  1
# 92
  0
TEXT
  8
3
  10
2852.2610
  20
792.3040
  40
8.0000
  1
# 93
  0
TEXT
  8
1
  10
2852.2610
  20
792.3040
  40
8.0000
  1
# 93
  0
TEXT
  8
3
  10
2873.3940
  20
766.1180
  40
8.0000
  1
# 94
  0
TEXT
  8
1
  10
2873.3940
  20
766.1180
  40
8.0000
  1
# 94
  0
TEXT
  8
2
  10
2879.4971
  20
761.6010
  40
8.0000
  1
# 95
  0
TEXT
  8
1
  10
2879.4971
  20
761.6010
  40
8.0000
  1
# 95
  0
TEXT
  8
3
  10
2868.8110
  20
732.1430
  40
8.0000
  1
# 96
  0
TEXT
  8
1
  10
2868.8110
  20
732.1430
  40
8.0000
  1
# 96
  0
TEXT
  8
3
  10
2868.7610
  20
732.0180
  40
8.0000
  1
# 97
  0
TEXT
  8
1
  10
2868.7610
  20
732.0180
  40
8.0000
  1
# 97
  0
TEXT
  8
3
  10
2833.7219
  20
643.8800
  40
8.0000
  1
# 98
  0
TEXT
  8
1
  10
2833.7219
  20
643.8800
  40
8.0000
  1
# 98
  0
TEXT
  8
3
  10
2825.9319
  20
621.6410
  40
8.0000
  1
# 99
  0
TEXT
  8
1
  10
2825.9319
  20
621.6410
  40
8.0000
  1
# 99
  0
TEXT
  8
2
  10
2823.5190
  20
614.7460
  40
8.0000
  1
# 100
  0
TEXT
  8
1
  10
2823.5190
  20
614.7460
  40
8.0000
  1
# 100
  0
TEXT
  8
3
  10
2816.1489
  20
614.7810
  40
8.0000
  1
# 101
  0
TEXT
  8
1
  10
2816.1489
  20
614.7810
  40
8.0000
  1
# 101
  0
TEXT
  8
2
  10
2719.0491
  20
613.6830
  40
8.0000
  1
# 102
  0
TEXT
  8
1
  10
2719.0491
  20
613.6830
  40
8.0000
  1
# 102
  0
TEXT
  8
2
  10
2719.0488
  20
613.6830
  40
8.0000
  1
# 102
  0
TEXT
  8
1
  10
2719.0488
  20
613.6830
  40
8.0000
  1
# 102
  0
TEXT
  8
3
  10
2632.1931
  20
604.4950
  40
8.0000
  1
# 103
  0
TEXT
  8
1
  10
2632.1931
  20
604.4950
  40
8.0000
  1
# 103
  0
TEXT
  8
3
  10
2561.4109
  20
571.7060
  40
8.0000
  1
# 104
  0
TEXT
  8
1
  10
2561.4109
  20
571.7060
  40
8.0000
  1
# 104
  0
TEXT
  8
2
  10
2558.2490
  20
568.2520
  40
8.0000
  1
# 105
  0
TEXT
  8
1
  10
2558.2490
  20
568.2520
  40
8.0000
  1
# 105
  0
TEXT
  8
3
  10
2553.5430
  20
568.3590
  40
8.0000
  1
# 106
  0
TEXT
  8
1
  10
2553.5430
  20
568.3590
  40
8.0000
  1
# 106
  0
TEXT
  8
3
  10
2412.9839
  20
571.5530
  40
8.0000
  1
# 107
  0
TEXT
  8
1
  10
2412.9839
  20
571.5530
  40
8.0000
  1
# 107
  0
TEXT
  8
3
  10
2219.7910
  20
572.9810
  40
8.0000
  1
# 108
  0
TEXT
  8
1
  10
2219.7910
  20
572.9810
  40
8.0000
  1
# 108
  0
TEXT
  8
2
  10
2209.3750
  20
572.9870
  40
8.0000
  1
# 109
  0
TEXT
  8
1
  10
2209.3750
  20
572.9870
  40
8.0000
  1
# 109
  0
TEXT
  8
3
  10
2209.4980
  20
583.3010
  40
8.0000
  1
# 110
  0
TEXT
  8
1
  10
2209.4980
  20
583.3010
  40
8.0000
  1
# 110
  0
TEXT
  8
4
  10
2212.7661
  20
857.0651
  40
8.0000
  1
# 70
  0
TEXT
  8
4
  10
2719.0251
  20
1100.2061
  40
8.0000
  1
# 80
  0
TEXT
  8
4
  10
2833.6931
  20
1070.9060
  40
8.0000
  1
# 84
  0
TEXT
  8
4
  10
2868.7729
  20
981.8410
  40
8.0000
  1
# 85
  0
TEXT
  8
4
  10
2846.2920
  20
857.2150
  40
8.0000
  1
# 91
  0
TEXT
  8
4
  10
2868.7610
  20
732.0180
  40
8.0000
  1
# 97
  0
TEXT
  8
4
  10
2833.7219
  20
643.8800
  40
8.0000
  1
# 98
  0
TEXT
  8
4
  10
2719.0488
  20
613.6830
  40
8.0000
  1
# 102
  0
TEXT
  8
2
  10
2310.6189
  20
856.9460
  40
8.0000
  1
# 1
  0
TEXT
  8
8
  10
2310.6189
  20
856.9460
  40
8.0000
  1
# 1
  0
TEXT
  8
2
  10
2310.5439
  20
587.0650
  40
8.0000
  1
# 106
  0
TEXT
  8
8
  10
2310.5439
  20
587.0650
  40
8.0000
  1
# 106
  0
TEXT
  8
2
  10
2310.6189
  20
856.9420
  40
8.0000
  1
# 1
  0
TEXT
  8
8
  10
2310.6189
  20
856.9420
  40
8.0000
  1
# 1
  0
TEXT
  8
2
  10
2310.5439
  20
1126.8240
  40
8.0000
  1
# 111
  0
TEXT
  8
8
  10
2310.5439
  20
1126.8240
  40
8.0000
  1
# 111
  0
TEXT
  8
2
  10
2398.1689
  20
856.9490
  40
8.0000
  1
# 1
  0
TEXT
  8
8
  10
2398.1689
  20
856.9490
  40
8.0000
  1
# 1
  0
TEXT
  8
2
  10
2398.0930
  20
587.7400
  40
8.0000
  1
# 112
  0
TEXT
  8
8
  10
2398.0930
  20
587.7400
  40
8.0000
  1
# 112
  0
TEXT
  8
2
  10
2398.1689
  20
856.9400
  40
8.0000
  1
# 1
  0
TEXT
  8
8
  10
2398.1689
  20
856.9400
  40
8.0000
  1
# 1
  0
TEXT
  8
2
  10
2398.0930
  20
1126.1490
  40
8.0000
  1
# 111
  0
TEXT
  8
8
  10
2398.0930
  20
1126.1490
  40
8.0000
  1
# 111
  0
TEXT
  8
2
  10
2485.7180
  20
856.9510
  40
8.0000
  1
# 1
  0
TEXT
  8
8
  10
2485.7180
  20
856.9510
  40
8.0000
  1
# 1
  0
TEXT
  8
2
  10
2485.6431
  20
585.1210
  40
8.0000
  1
# 113
  0
TEXT
  8
8
  10
2485.6431
  20
585.1210
  40
8.0000
  1
# 113
  0
TEXT
  8
2
  10
2485.7190
  20
856.9380
  40
8.0000
  1
# 1
  0
TEXT
  8
8
  10
2485.7190
  20
856.9380
  40
8.0000
  1
# 1
  0
TEXT
  8
2
  10
2485.6440
  20
1128.7679
  40
8.0000
  1
# 114
  0
TEXT
  8
8
  10
2485.6440
  20
1128.7679
  40
8.0000
  1
# 114
  0
TEXT
  8
2
  10
2573.2681
  20
856.9530
  40
8.0000
  1
# 1
  0
TEXT
  8
8
  10
2573.2681
  20
856.9530
  40
8.0000
  1
# 1
  0
TEXT
  8
2
  10
2573.1931
  20
595.8020
  40
8.0000
  1
# 115
  0
TEXT
  8
8
  10
2573.1931
  20
595.8020
  40
8.0000
  1
# 115
  0
TEXT
  8
2
  10
2573.2690
  20
856.9350
  40
8.0000
  1
# 1
  0
TEXT
  8
8
  10
2573.2690
  20
856.9350
  40
8.0000
  1
# 1
  0
TEXT
  8
2
  10
2573.1931
  20
1118.0861
  40
8.0000
  1
# 60
  0
TEXT
  8
8
  10
2573.1931
  20
1118.0861
  40
8.0000
  1
# 60
  0
TEXT
  8
2
  10
2660.8181
  20
856.9550
  40
8.0000
  1
# 1
  0
TEXT
  8
8
  10
2660.8181
  20
856.9550
  40
8.0000
  1
# 1
  0
TEXT
  8
2
  10
2660.7629
  20
616.3270
  40
8.0000
  1
# 116
  0
TEXT
  8
8
  10
2660.7629
  20
616.3270
  40
8.0000
  1
# 116
  0
TEXT
  8
2
  10
2660.8181
  20
856.9340
  40
8.0000
  1
# 1
  0
TEXT
  8
8
  10
2660.8181
  20
856.9340
  40
8.0000
  1
# 1
  0
TEXT
  8
2
  10
2660.7629
  20
1097.5620
  40
8.0000
  1
# 117
  0
TEXT
  8
8
  10
2660.7629
  20
1097.5620
  40
8.0000
  1
# 117
  0
TEXT
  8
2
  10
2748.3569
  20
856.9570
  40
8.0000
  1
# 1
  0
TEXT
  8
8
  10
2748.3569
  20
856.9570
  40
8.0000
  1
# 1
  0
TEXT
  8
2
  10
2748.3120
  20
617.9300
  40
8.0000
  1
# 118
  0
TEXT
  8
8
  10
2748.3120
  20
617.9300
  40
8.0000
  1
# 118
  0
TEXT
  8
2
  10
2748.3569
  20
856.9310
  40
8.0000
  1
# 1
  0
TEXT
  8
8
  10
2748.3569
  20
856.9310
  40
8.0000
  1
# 1
  0
TEXT
  8
2
  10
2748.3130
  20
1095.9580
  40
8.0000
  1
# 119
  0
TEXT
  8
8
  10
2748.3130
  20
1095.9580
  40
8.0000
  1
# 119
  0
TEXT
  8
19
  10
2421.4993
  20
871.5068
  40
6.0000
  1
INCLUDED QUILTING ALLOWANCE
  50
0.9819
  51
0.00
  0
TEXT
  8
1
  10
2163.7932
  20
566.5977
  40
8.0000
  1
Piece Name: QUILT.BACK 1P2
  0
TEXT
  8
1
  10
2163.7932
  20
556.5977
  40
8.0000
  1
Size: 50
  0
TEXT
  8
1
  10
2163.7932
  20
546.5977
  40
8.0000
  1
Quantity: 1
  0
TEXT
  8
1
  10
2163.7932
  20
536.5977
  40
8.0000
  1
Annotation: 
  0
TEXT
  8
1
  10
2163.7932
  20
526.5977
  40
8.0000
  1
Category: NYLON
  0
LINE
  8
7
  10
2253.9319
  20
856.9440
  11
2811.7390
  21
856.9440
  0
ENDBLK
  0
BLOCK
  8
1
  2
RIB_BOTTOM_1P-S_50
  10
0.0000
  20
0.0000
70
0
  0
POLYLINE
  8
14
  66
1
  70
1
  0
VERTEX
  8
14
  10
1010.0000
  20
-10342.0684
  42
0.0000
  0
VERTEX
  8
14
  10
1010.0000
  20
-9953.8916
  42
0.0000
  0
VERTEX
  8
14
  10
1070.4490
  20
-9953.8916
  42
0.0000
  0
VERTEX
  8
14
  10
1070.4490
  20
-10730.2461
  42
0.0000
  0
VERTEX
  8
14
  10
1010.0000
  20
-10730.2461
  42
0.0000
  0
SEQEND
  0
POLYLINE
  8
1
  66
1
  70
1
  0
VERTEX
  8
1
  10
1010.0000
  20
-10342.0674
  42
0.0000
  0
VERTEX
  8
1
  10
1010.0000
  20
-9953.8906
  42
0.0000
  0
VERTEX
  8
1
  10
1010.0000
  20
-9943.8916
  42
0.0000
  0
VERTEX
  8
1
  10
1080.4500
  20
-9943.8916
  42
0.0000
  0
VERTEX
  8
1
  10
1080.4500
  20
-10342.0684
  42
0.0000
  0
VERTEX
  8
1
  10
1080.4500
  20
-10740.2441
  42
0.0000
  0
VERTEX
  8
1
  10
1010.0000
  20
-10740.2461
  42
0.0000
  0
VERTEX
  8
1
  10
1010.0000
  20
-10730.2441
  42
0.0000
  0
SEQEND
  0
POINT
  8
2
  10
1010.0000
  20
-10342.0684
  0
POINT
  8
2
  10
1010.0000
  20
-9953.8916
  0
POINT
  8
2
  10
1070.4490
  20
-9953.8916
  0
POINT
  8
2
  10
1070.4490
  20
-10730.2461
  0
POINT
  8
2
  10
1010.0000
  20
-10730.2461
  0
POINT
  8
2
  10
1010.0000
  20
-10342.0674
  0
POINT
  8
3
  10
1010.0000
  20
-9953.8906
  0
POINT
  8
2
  10
1010.0000
  20
-9943.8916
  0
POINT
  8
2
  10
1080.4500
  20
-9943.8916
  0
POINT
  8
3
  10
1080.4500
  20
-10342.0684
  0
POINT
  8
2
  10
1080.4500
  20
-10740.2441
  0
POINT
  8
2
  10
1010.0000
  20
-10740.2461
  0
POINT
  8
3
  10
1010.0000
  20
-10730.2441
  0
POINT
  8
4
  10
1080.4500
  20
-10342.0684
  30
10.0000
  50
180.0000
  0
TEXT
  8
2
  10
1010.0000
  20
-10342.0684
  40
8.0000
  1
# 1
  0
TEXT
  8
14
  10
1010.0000
  20
-10342.0684
  40
8.0000
  1
# 1
  0
TEXT
  8
2
  10
1010.0000
  20
-9953.8916
  40
8.0000
  1
# 120
  0
TEXT
  8
14
  10
1010.0000
  20
-9953.8916
  40
8.0000
  1
# 120
  0
TEXT
  8
2
  10
1070.4490
  20
-9953.8916
  40
8.0000
  1
# 120
  0
TEXT
  8
14
  10
1070.4490
  20
-9953.8916
  40
8.0000
  1
# 120
  0
TEXT
  8
2
  10
1070.4490
  20
-10730.2461
  40
8.0000
  1
# 121
  0
TEXT
  8
14
  10
1070.4490
  20
-10730.2461
  40
8.0000
  1
# 121
  0
TEXT
  8
2
  10
1010.0000
  20
-10730.2461
  40
8.0000
  1
# 121
  0
TEXT
  8
14
  10
1010.0000
  20
-10730.2461
  40
8.0000
  1
# 121
  0
TEXT
  8
2
  10
1010.0000
  20
-10342.0674
  40
8.0000
  1
# 122
  0
TEXT
  8
1
  10
1010.0000
  20
-10342.0674
  40
8.0000
  1
# 122
  0
TEXT
  8
3
  10
1010.0000
  20
-9953.8906
  40
8.0000
  1
# 123
  0
TEXT
  8
1
  10
1010.0000
  20
-9953.8906
  40
8.0000
  1
# 123
  0
TEXT
  8
2
  10
1010.0000
  20
-9943.8916
  40
8.0000
  1
# 120
  0
TEXT
  8
1
  10
1010.0000
  20
-9943.8916
  40
8.0000
  1
# 120
  0
TEXT
  8
2
  10
1080.4500
  20
-9943.8916
  40
8.0000
  1
# 120
  0
TEXT
  8
1
  10
1080.4500
  20
-9943.8916
  40
8.0000
  1
# 120
  0
TEXT
  8
3
  10
1080.4500
  20
-10342.0684
  40
8.0000
  1
# 1
  0
TEXT
  8
1
  10
1080.4500
  20
-10342.0684
  40
8.0000
  1
# 1
  0
TEXT
  8
2
  10
1080.4500
  20
-10740.2441
  40
8.0000
  1
# 121
  0
TEXT
  8
1
  10
1080.4500
  20
-10740.2441
  40
8.0000
  1
# 121
  0
TEXT
  8
2
  10
1010.0000
  20
-10740.2461
  40
8.0000
  1
# 121
  0
TEXT
  8
1
  10
1010.0000
  20
-10740.2461
  40
8.0000
  1
# 121
  0
TEXT
  8
3
  10
1010.0000
  20
-10730.2441
  40
8.0000
  1
# 121
  0
TEXT
  8
1
  10
1010.0000
  20
-10730.2441
  40
8.0000
  1
# 121
  0
TEXT
  8
4
  10
1080.4500
  20
-10342.0684
  40
8.0000
  1
# 1
  0
TEXT
  8
19
  10
1015.6867
  20
-10164.8330
  40
6.0000
  1
END KNIT
  50
-90.0000
  51
0.00
  0
TEXT
  8
1
  10
1009.9996
  20
-10750.2432
  40
8.0000
  1
Piece Name: RIB BOTTOM 1P
  0
TEXT
  8
1
  10
1009.9996
  20
-10760.2432
  40
8.0000
  1
Size: 50
  0
TEXT
  8
1
  10
1009.9996
  20
-10770.2432
  40
8.0000
  1
Quantity: 1
  0
TEXT
  8
1
  10
1009.9996
  20
-10780.2432
  40
8.0000
  1
Annotation: 
  0
TEXT
  8
1
  10
1009.9996
  20
-10790.2432
  40
8.0000
  1
Category: 
  0
LINE
  8
7
  10
1016.4050
  20
-10342.0684
  11
1055.0990
  21
-10342.0684
  0
ENDBLK
  0
BLOCK
  8
1
  2
LINING_UNDER_SLE_2P-S_50
  10
0.0000
  20
0.0000
70
0
  0
POLYLINE
  8
14
  66
1
  70
1
  0
VERTEX
  8
14
  10
1821.9240
  20
1002.3040
  42
0.0000
  0
VERTEX
  8
14
  10
1783.3530
  20
1008.2630
  42
0.0000
  0
VERTEX
  8
14
  10
1724.9880
  20
1015.2480
  42
0.0000
  0
VERTEX
  8
14
  10
1672.4821
  20
1020.1420
  42
0.0000
  0
VERTEX
  8
14
  10
1632.7670
  20
1022.0210
  42
0.0000
  0
VERTEX
  8
14
  10
1593.0100
  20
1022.4770
  42
0.0000
  0
VERTEX
  8
14
  10
1549.7450
  20
1021.4890
  42
0.0000
  0
VERTEX
  8
14
  10
1506.5350
  20
1019.0800
  42
0.0000
  0
VERTEX
  8
14
  10
1481.6350
  20
1017.3430
  42
0.0000
  0
VERTEX
  8
14
  10
1447.5200
  20
1014.0480
  42
0.0000
  0
VERTEX
  8
14
  10
1408.6169
  20
1007.6850
  42
0.0000
  0
VERTEX
  8
14
  10
1369.9650
  20
999.9550
  42
0.0000
  0
VERTEX
  8
14
  10
1339.6660
  20
1110.5291
  42
0.0000
  0
VERTEX
  8
14
  10
1349.7250
  20
1113.6851
  42
0.0000
  0
VERTEX
  8
14
  10
1359.7841
  20
1116.8409
  42
0.0000
  0
VERTEX
  8
14
  10
1388.6370
  20
1125.2679
  42
0.0000
  0
VERTEX
  8
14
  10
1417.6610
  20
1133.0920
  42
0.0000
  0
VERTEX
  8
14
  10
1490.3210
  20
1150.5750
  42
0.0000
  0
VERTEX
  8
14
  10
1522.2610
  20
1156.9310
  42
0.0000
  0
VERTEX
  8
14
  10
1554.3459
  20
1162.5090
  42
0.0000
  0
VERTEX
  8
14
  10
1589.7371
  20
1167.8210
  42
0.0000
  0
VERTEX
  8
14
  10
1625.2390
  20
1172.3490
  42
0.0000
  0
VERTEX
  8
14
  10
1665.8300
  20
1176.1940
  42
0.0000
  0
VERTEX
  8
14
  10
1706.5229
  20
1178.7469
  42
0.0000
  0
VERTEX
  8
14
  10
1749.9480
  20
1180.1310
  42
0.0000
  0
VERTEX
  8
14
  10
1793.3970
  20
1180.2190
  42
0.0000
  0
VERTEX
  8
14
  10
1931.3820
  20
1175.4000
  42
0.0000
  0
VERTEX
  8
14
  10
1920.0179
  20
1164.5551
  42
0.0000
  0
VERTEX
  8
14
  10
1911.6899
  20
1156.6060
  42
0.0000
  0
VERTEX
  8
14
  10
1903.1460
  20
1148.8910
  42
0.0000
  0
VERTEX
  8
14
  10
1896.0601
  20
1142.8820
  42
0.0000
  0
VERTEX
  8
14
  10
1888.7729
  20
1137.1200
  42
0.0000
  0
VERTEX
  8
14
  10
1873.5250
  20
1124.7390
  42
0.0000
  0
VERTEX
  8
14
  10
1858.8690
  20
1111.6650
  42
0.0000
  0
VERTEX
  8
14
  10
1850.6639
  20
1103.3719
  42
0.0000
  0
VERTEX
  8
14
  10
1843.1320
  20
1094.4640
  42
0.0000
  0
VERTEX
  8
14
  10
1836.3040
  20
1082.8290
  42
0.0000
  0
VERTEX
  8
14
  10
1830.7010
  20
1070.5580
  42
0.0000
  0
VERTEX
  8
14
  10
1826.5909
  20
1058.3101
  42
0.0000
  0
VERTEX
  8
14
  10
1823.8101
  20
1045.6949
  42
0.0000
  0
VERTEX
  8
14
  10
1822.5291
  20
1036.3910
  42
0.0000
  0
VERTEX
  8
14
  10
1821.8300
  20
1027.0260
  42
0.0000
  0
VERTEX
  8
14
  10
1821.5850
  20
1014.6640
  42
0.0000
  0
SEQEND
  0
POLYLINE
  8
1
  66
1
  70
1
  0
VERTEX
  8
1
  10
1832.3929
  20
990.5680
  42
0.0000
  0
VERTEX
  8
1
  10
1820.3970
  20
992.4210
  42
0.0000
  0
VERTEX
  8
1
  10
1783.0450
  20
998.1920
  42
0.0000
  0
VERTEX
  8
1
  10
1781.9640
  20
998.3590
  42
0.0000
  0
VERTEX
  8
1
  10
1723.9260
  20
1005.3040
  42
0.0000
  0
VERTEX
  8
1
  10
1671.7710
  20
1010.1660
  42
0.0000
  0
VERTEX
  8
1
  10
1632.4410
  20
1012.0250
  42
0.0000
  0
VERTEX
  8
1
  10
1593.0699
  20
1012.4770
  42
0.0000
  0
VERTEX
  8
1
  10
1550.0940
  20
1011.4940
  42
0.0000
  0
VERTEX
  8
1
  10
1507.1740
  20
1009.1000
  42
0.0000
  0
VERTEX
  8
1
  10
1482.4740
  20
1007.3780
  42
0.0000
  0
VERTEX
  8
1
  10
1449.5890
  20
1004.2080
  42
0.0000
  0
VERTEX
  8
1
  10
1448.7930
  20
1004.1260
  42
0.0000
  0
VERTEX
  8
1
  10
1410.4050
  20
997.8460
  42
0.0000
  0
VERTEX
  8
1
  10
1372.0129
  20
990.1660
  42
0.0000
  0
VERTEX
  8
1
  10
1362.8070
  20
988.2400
  42
0.0000
  0
VERTEX
  8
1
  10
1327.4730
  20
1117.1851
  42
0.0000
  0
VERTEX
  8
1
  10
1336.6720
  20
1120.0710
  42
0.0000
  0
VERTEX
  8
1
  10
1356.8390
  20
1126.3979
  42
0.0000
  0
VERTEX
  8
1
  10
1385.9330
  20
1134.8960
  42
0.0000
  0
VERTEX
  8
1
  10
1415.2000
  20
1142.7850
  42
0.0000
  0
VERTEX
  8
1
  10
1488.2070
  20
1160.3490
  42
0.0000
  0
VERTEX
  8
1
  10
1488.3101
  20
1160.3700
  42
0.0000
  0
VERTEX
  8
1
  10
1529.2870
  20
1168.3580
  42
0.0000
  0
VERTEX
  8
1
  10
1570.4860
  20
1175.1429
  42
0.0000
  0
VERTEX
  8
1
  10
1607.4650
  20
1180.2550
  42
0.0000
  0
VERTEX
  8
1
  10
1644.5750
  20
1184.3879
  42
0.0000
  0
VERTEX
  8
1
  10
1685.5389
  20
1187.6121
  42
0.0000
  0
VERTEX
  8
1
  10
1727.8370
  20
1189.5930
  42
0.0000
  0
VERTEX
  8
1
  10
1749.8550
  20
1190.1300
  42
0.0000
  0
VERTEX
  8
1
  10
1793.6169
  20
1190.2159
  42
0.0000
  0
VERTEX
  8
1
  10
1793.7460
  20
1190.2111
  42
0.0000
  0
VERTEX
  8
1
  10
1945.7030
  20
1184.9060
  42
0.0000
  0
VERTEX
  8
1
  10
1945.3540
  20
1174.9120
  42
0.0000
  0
VERTEX
  8
1
  10
1926.9230
  20
1157.3210
  42
0.0000
  0
VERTEX
  8
1
  10
1918.4399
  20
1149.2290
  42
0.0000
  0
VERTEX
  8
1
  10
1909.7321
  20
1141.3660
  42
0.0000
  0
VERTEX
  8
1
  10
1902.4650
  20
1135.2020
  42
0.0000
  0
VERTEX
  8
1
  10
1894.9860
  20
1129.2841
  42
0.0000
  0
VERTEX
  8
1
  10
1880.0720
  20
1117.1770
  42
0.0000
  0
VERTEX
  8
1
  10
1865.7280
  20
1104.3870
  42
0.0000
  0
VERTEX
  8
1
  10
1858.2100
  20
1096.7970
  42
0.0000
  0
VERTEX
  8
1
  10
1851.2910
  20
1088.6479
  42
0.0000
  0
VERTEX
  8
1
  10
1845.0990
  20
1078.0490
  42
0.0000
  0
VERTEX
  8
1
  10
1840.0031
  20
1066.8781
  42
0.0000
  0
VERTEX
  8
1
  10
1836.4720
  20
1056.4240
  42
0.0000
  0
VERTEX
  8
1
  10
1833.9690
  20
1045.6780
  42
0.0000
  0
VERTEX
  8
1
  10
1833.6660
  20
1043.9900
  42
0.0000
  0
VERTEX
  8
1
  10
1832.4720
  20
1035.3090
  42
0.0000
  0
VERTEX
  8
1
  10
1831.8199
  20
1026.5720
  42
0.0000
  0
VERTEX
  8
1
  10
1831.5861
  20
1014.6330
  42
0.0000
  0
VERTEX
  8
1
  10
1831.9160
  20
1002.6970
  42
0.0000
  0
SEQEND
  0
POINT
  8
2
  10
1821.9240
  20
1002.3040
  0
POINT
  8
3
  10
1783.3530
  20
1008.2630
  0
POINT
  8
3
  10
1724.9880
  20
1015.2480
  0
POINT
  8
3
  10
1672.4821
  20
1020.1420
  0
POINT
  8
3
  10
1632.7670
  20
1022.0210
  0
POINT
  8
3
  10
1593.0100
  20
1022.4770
  0
POINT
  8
3
  10
1549.7450
  20
1021.4890
  0
POINT
  8
3
  10
1506.5350
  20
1019.0800
  0
POINT
  8
3
  10
1481.6350
  20
1017.3430
  0
POINT
  8
3
  10
1447.5200
  20
1014.0480
  0
POINT
  8
3
  10
1408.6169
  20
1007.6850
  0
POINT
  8
2
  10
1369.9650
  20
999.9550
  0
POINT
  8
2
  10
1339.6660
  20
1110.5291
  0
POINT
  8
3
  10
1349.7250
  20
1113.6851
  0
POINT
  8
3
  10
1359.7841
  20
1116.8409
  0
POINT
  8
3
  10
1388.6370
  20
1125.2679
  0
POINT
  8
3
  10
1417.6610
  20
1133.0920
  0
POINT
  8
2
  10
1490.3210
  20
1150.5750
  0
POINT
  8
3
  10
1522.2610
  20
1156.9310
  0
POINT
  8
3
  10
1554.3459
  20
1162.5090
  0
POINT
  8
3
  10
1589.7371
  20
1167.8210
  0
POINT
  8
3
  10
1625.2390
  20
1172.3490
  0
POINT
  8
3
  10
1665.8300
  20
1176.1940
  0
POINT
  8
3
  10
1706.5229
  20
1178.7469
  0
POINT
  8
3
  10
1749.9480
  20
1180.1310
  0
POINT
  8
2
  10
1793.3970
  20
1180.2190
  0
POINT
  8
2
  10
1931.3820
  20
1175.4000
  0
POINT
  8
3
  10
1920.0179
  20
1164.5551
  0
POINT
  8
3
  10
1911.6899
  20
1156.6060
  0
POINT
  8
3
  10
1903.1460
  20
1148.8910
  0
POINT
  8
3
  10
1896.0601
  20
1142.8820
  0
POINT
  8
3
  10
1888.7729
  20
1137.1200
  0
POINT
  8
3
  10
1873.5250
  20
1124.7390
  0
POINT
  8
3
  10
1858.8690
  20
1111.6650
  0
POINT
  8
3
  10
1850.6639
  20
1103.3719
  0
POINT
  8
3
  10
1843.1320
  20
1094.4640
  0
POINT
  8
3
  10
1836.3040
  20
1082.8290
  0
POINT
  8
3
  10
1830.7010
  20
1070.5580
  0
POINT
  8
3
  10
1826.5909
  20
1058.3101
  0
POINT
  8
3
  10
1823.8101
  20
1045.6949
  0
POINT
  8
3
  10
1822.5291
  20
1036.3910
  0
POINT
  8
3
  10
1821.8300
  20
1027.0260
  0
POINT
  8
3
  10
1821.5850
  20
1014.6640
  0
POINT
  8
2
  10
1832.3929
  20
990.5680
  0
POINT
  8
3
  10
1820.3970
  20
992.4210
  0
POINT
  8
3
  10
1783.0450
  20
998.1920
  0
POINT
  8
2
  10
1781.9640
  20
998.3590
  0
POINT
  8
3
  10
1723.9260
  20
1005.3040
  0
POINT
  8
3
  10
1671.7710
  20
1010.1660
  0
POINT
  8
3
  10
1632.4410
  20
1012.0250
  0
POINT
  8
3
  10
1593.0699
  20
1012.4770
  0
POINT
  8
3
  10
1550.0940
  20
1011.4940
  0
POINT
  8
3
  10
1507.1740
  20
1009.1000
  0
POINT
  8
3
  10
1482.4740
  20
1007.3780
  0
POINT
  8
3
  10
1449.5890
  20
1004.2080
  0
POINT
  8
2
  10
1448.7930
  20
1004.1260
  0
POINT
  8
3
  10
1410.4050
  20
997.8460
  0
POINT
  8
3
  10
1372.0129
  20
990.1660
  0
POINT
  8
2
  10
1362.8070
  20
988.2400
  0
POINT
  8
2
  10
1327.4730
  20
1117.1851
  0
POINT
  8
3
  10
1336.6720
  20
1120.0710
  0
POINT
  8
3
  10
1356.8390
  20
1126.3979
  0
POINT
  8
3
  10
1385.9330
  20
1134.8960
  0
POINT
  8
3
  10
1415.2000
  20
1142.7850
  0
POINT
  8
2
  10
1488.2070
  20
1160.3490
  0
POINT
  8
3
  10
1488.3101
  20
1160.3700
  0
POINT
  8
3
  10
1529.2870
  20
1168.3580
  0
POINT
  8
3
  10
1570.4860
  20
1175.1429
  0
POINT
  8
3
  10
1607.4650
  20
1180.2550
  0
POINT
  8
3
  10
1644.5750
  20
1184.3879
  0
POINT
  8
3
  10
1685.5389
  20
1187.6121
  0
POINT
  8
3
  10
1727.8370
  20
1189.5930
  0
POINT
  8
3
  10
1749.8550
  20
1190.1300
  0
POINT
  8
3
  10
1793.6169
  20
1190.2159
  0
POINT
  8
3
  10
1793.7460
  20
1190.2111
  0
POINT
  8
2
  10
1945.7030
  20
1184.9060
  0
POINT
  8
2
  10
1945.3540
  20
1174.9120
  0
POINT
  8
3
  10
1926.9230
  20
1157.3210
  0
POINT
  8
3
  10
1918.4399
  20
1149.2290
  0
POINT
  8
3
  10
1909.7321
  20
1141.3660
  0
POINT
  8
3
  10
1902.4650
  20
1135.2020
  0
POINT
  8
3
  10
1894.9860
  20
1129.2841
  0
POINT
  8
3
  10
1880.0720
  20
1117.1770
  0
POINT
  8
3
  10
1865.7280
  20
1104.3870
  0
POINT
  8
3
  10
1858.2100
  20
1096.7970
  0
POINT
  8
3
  10
1851.2910
  20
1088.6479
  0
POINT
  8
3
  10
1845.0990
  20
1078.0490
  0
POINT
  8
3
  10
1840.0031
  20
1066.8781
  0
POINT
  8
3
  10
1836.4720
  20
1056.4240
  0
POINT
  8
3
  10
1833.9690
  20
1045.6780
  0
POINT
  8
3
  10
1833.6660
  20
1043.9900
  0
POINT
  8
3
  10
1832.4720
  20
1035.3090
  0
POINT
  8
3
  10
1831.8199
  20
1026.5720
  0
POINT
  8
3
  10
1831.5861
  20
1014.6330
  0
POINT
  8
3
  10
1831.9160
  20
1002.6970
  0
POINT
  8
4
  10
1783.0450
  20
998.1920
  30
10.0000
  50
88.2458
  0
POINT
  8
4
  10
1449.5890
  20
1004.2080
  30
10.0000
  50
101.8730
  0
POINT
  8
4
  10
1488.3101
  20
1160.3700
  30
10.0000
  50
-78.0495
  0
POINT
  8
4
  10
1793.7460
  20
1190.2111
  30
10.0000
  50
-91.9482
  0
POINT
  8
4
  10
1833.9690
  20
1045.6780
  30
10.0000
  50
179.9070
  0
TEXT
  8
2
  10
1821.9240
  20
1002.3040
  40
8.0000
  1
# 124
  0
TEXT
  8
14
  10
1821.9240
  20
1002.3040
  40
8.0000
  1
# 124
  0
TEXT
  8
3
  10
1783.3530
  20
1008.2630
  40
8.0000
  1
# 125
  0
TEXT
  8
14
  10
1783.3530
  20
1008.2630
  40
8.0000
  1
# 125
  0
TEXT
  8
3
  10
1447.5200
  20
1014.0480
  40
8.0000
  1
# 126
  0
TEXT
  8
14
  10
1447.5200
  20
1014.0480
  40
8.0000
  1
# 126
  0
TEXT
  8
2
  10
1369.9650
  20
999.9550
  40
8.0000
  1
# 127
  0
TEXT
  8
14
  10
1369.9650
  20
999.9550
  40
8.0000
  1
# 127
  0
TEXT
  8
2
  10
1339.6660
  20
1110.5291
  40
8.0000
  1
# 128
  0
TEXT
  8
14
  10
1339.6660
  20
1110.5291
  40
8.0000
  1
# 128
  0
TEXT
  8
2
  10
1490.3210
  20
1150.5750
  40
8.0000
  1
# 129
  0
TEXT
  8
14
  10
1490.3210
  20
1150.5750
  40
8.0000
  1
# 129
  0
TEXT
  8
2
  10
1793.3970
  20
1180.2190
  40
8.0000
  1
# 1
  0
TEXT
  8
14
  10
1793.3970
  20
1180.2190
  40
8.0000
  1
# 1
  0
TEXT
  8
2
  10
1931.3820
  20
1175.4000
  40
8.0000
  1
# 1
  0
TEXT
  8
14
  10
1931.3820
  20
1175.4000
  40
8.0000
  1
# 1
  0
TEXT
  8
3
  10
1920.0179
  20
1164.5551
  40
8.0000
  1
# 1
  0
TEXT
  8
14
  10
1920.0179
  20
1164.5551
  40
8.0000
  1
# 1
  0
TEXT
  8
3
  10
1823.8101
  20
1045.6949
  40
8.0000
  1
# 130
  0
TEXT
  8
14
  10
1823.8101
  20
1045.6949
  40
8.0000
  1
# 130
  0
TEXT
  8
2
  10
1832.3929
  20
990.5680
  40
8.0000
  1
# 131
  0
TEXT
  8
1
  10
1832.3929
  20
990.5680
  40
8.0000
  1
# 131
  0
TEXT
  8
3
  10
1820.3970
  20
992.4210
  40
8.0000
  1
# 132
  0
TEXT
  8
1
  10
1820.3970
  20
992.4210
  40
8.0000
  1
# 132
  0
TEXT
  8
3
  10
1783.0450
  20
998.1920
  40
8.0000
  1
# 133
  0
TEXT
  8
1
  10
1783.0450
  20
998.1920
  40
8.0000
  1
# 133
  0
TEXT
  8
2
  10
1781.9640
  20
998.3590
  40
8.0000
  1
# 134
  0
TEXT
  8
1
  10
1781.9640
  20
998.3590
  40
8.0000
  1
# 134
  0
TEXT
  8
3
  10
1449.5890
  20
1004.2080
  40
8.0000
  1
# 135
  0
TEXT
  8
1
  10
1449.5890
  20
1004.2080
  40
8.0000
  1
# 135
  0
TEXT
  8
2
  10
1448.7930
  20
1004.1260
  40
8.0000
  1
# 136
  0
TEXT
  8
1
  10
1448.7930
  20
1004.1260
  40
8.0000
  1
# 136
  0
TEXT
  8
3
  10
1372.0129
  20
990.1660
  40
8.0000
  1
# 137
  0
TEXT
  8
1
  10
1372.0129
  20
990.1660
  40
8.0000
  1
# 137
  0
TEXT
  8
2
  10
1362.8070
  20
988.2400
  40
8.0000
  1
# 138
  0
TEXT
  8
1
  10
1362.8070
  20
988.2400
  40
8.0000
  1
# 138
  0
TEXT
  8
2
  10
1327.4730
  20
1117.1851
  40
8.0000
  1
# 139
  0
TEXT
  8
1
  10
1327.4730
  20
1117.1851
  40
8.0000
  1
# 139
  0
TEXT
  8
3
  10
1336.6720
  20
1120.0710
  40
8.0000
  1
# 140
  0
TEXT
  8
1
  10
1336.6720
  20
1120.0710
  40
8.0000
  1
# 140
  0
TEXT
  8
2
  10
1488.2070
  20
1160.3490
  40
8.0000
  1
# 141
  0
TEXT
  8
1
  10
1488.2070
  20
1160.3490
  40
8.0000
  1
# 141
  0
TEXT
  8
3
  10
1488.3101
  20
1160.3700
  40
8.0000
  1
# 142
  0
TEXT
  8
1
  10
1488.3101
  20
1160.3700
  40
8.0000
  1
# 142
  0
TEXT
  8
3
  10
1793.6169
  20
1190.2159
  40
8.0000
  1
# 143
  0
TEXT
  8
1
  10
1793.6169
  20
1190.2159
  40
8.0000
  1
# 143
  0
TEXT
  8
3
  10
1793.7460
  20
1190.2111
  40
8.0000
  1
# 144
  0
TEXT
  8
1
  10
1793.7460
  20
1190.2111
  40
8.0000
  1
# 144
  0
TEXT
  8
2
  10
1945.7030
  20
1184.9060
  40
8.0000
  1
# 145
  0
TEXT
  8
1
  10
1945.7030
  20
1184.9060
  40
8.0000
  1
# 145
  0
TEXT
  8
2
  10
1945.3540
  20
1174.9120
  40
8.0000
  1
# 145
  0
TEXT
  8
1
  10
1945.3540
  20
1174.9120
  40
8.0000
  1
# 145
  0
TEXT
  8
3
  10
1926.9230
  20
1157.3210
  40
8.0000
  1
# 146
  0
TEXT
  8
1
  10
1926.9230
  20
1157.3210
  40
8.0000
  1
# 146
  0
TEXT
  8
3
  10
1851.2910
  20
1088.6479
  40
8.0000
  1
# 147
  0
TEXT
  8
1
  10
1851.2910
  20
1088.6479
  40
8.0000
  1
# 147
  0
TEXT
  8
3
  10
1833.9690
  20
1045.6780
  40
8.0000
  1
# 148
  0
TEXT
  8
1
  10
1833.9690
  20
1045.6780
  40
8.0000
  1
# 148
  0
TEXT
  8
3
  10
1833.6660
  20
1043.9900
  40
8.0000
  1
# 149
  0
TEXT
  8
1
  10
1833.6660
  20
1043.9900
  40
8.0000
  1
# 149
  0
TEXT
  8
3
  10
1831.9160
  20
1002.6970
  40
8.0000
  1
# 150
  0
TEXT
  8
1
  10
1831.9160
  20
1002.6970
  40
8.0000
  1
# 150
  0
TEXT
  8
4
  10
1783.0450
  20
998.1920
  40
8.0000
  1
# 133
  0
TEXT
  8
4
  10
1449.5890
  20
1004.2080
  40
8.0000
  1
# 135
  0
TEXT
  8
4
  10
1488.3101
  20
1160.3700
  40
8.0000
  1
# 142
  0
TEXT
  8
4
  10
1793.7460
  20
1190.2111
  40
8.0000
  1
# 144
  0
TEXT
  8
4
  10
1833.9690
  20
1045.6780
  40
8.0000
  1
# 148
  0
TEXT
  8
1
  10
1327.4733
  20
978.2405
  40
8.0000
  1
Piece Name: LINING UNDER SLE 2P
  0
TEXT
  8
1
  10
1327.4733
  20
968.2405
  40
8.0000
  1
Size: 50
  0
TEXT
  8
1
  10
1327.4733
  20
958.2405
  40
8.0000
  1
Quantity: 1
  0
TEXT
  8
1
  10
1327.4733
  20
948.2405
  40
8.0000
  1
Annotation: 
  0
TEXT
  8
1
  10
1327.4733
  20
938.2405
  40
8.0000
  1
Category: 
  0
LINE
  8
7
  10
1491.5830
  20
1102.7321
  11
1737.1110
  21
1102.7321
  0
ENDBLK
  0
BLOCK
  8
1
  2
LINING_SLEEVE_2P-S_50
  10
0.0000
  20
0.0000
70
0
  0
POLYLINE
  8
14
  66
1
  70
1
  0
VERTEX
  8
14
  10
4249.5078
  20
1049.8051
  42
0.0000
  0
VERTEX
  8
14
  10
4254.3599
  20
1097.7321
  42
0.0000
  0
VERTEX
  8
14
  10
4257.3218
  20
1145.8140
  42
0.0000
  0
VERTEX
  8
14
  10
4258.4380
  20
1195.1429
  42
0.0000
  0
VERTEX
  8
14
  10
4257.6572
  20
1244.4790
  42
0.0000
  0
VERTEX
  8
14
  10
4276.4082
  20
1243.8250
  42
0.0000
  0
VERTEX
  8
14
  10
4295.1592
  20
1243.1710
  42
0.0000
  0
VERTEX
  8
14
  10
4315.8550
  20
1243.0780
  42
0.0000
  0
VERTEX
  8
14
  10
4336.5508
  20
1242.9840
  42
0.0000
  0
VERTEX
  8
14
  10
4369.8979
  20
1244.5830
  42
0.0000
  0
VERTEX
  8
14
  10
4407.0991
  20
1247.6700
  42
0.0000
  0
VERTEX
  8
14
  10
4469.1729
  20
1254.9110
  42
0.0000
  0
VERTEX
  8
14
  10
4530.8071
  20
1265.2510
  42
0.0000
  0
VERTEX
  8
14
  10
4600.6001
  20
1280.3590
  42
0.0000
  0
VERTEX
  8
14
  10
4669.6650
  20
1298.5100
  42
0.0000
  0
VERTEX
  8
14
  10
4707.1182
  20
1310.4360
  42
0.0000
  0
VERTEX
  8
14
  10
4709.2002
  20
1302.9130
  42
0.0000
  0
VERTEX
  8
14
  10
4712.0610
  20
1295.6500
  42
0.0000
  0
VERTEX
  8
14
  10
4715.6699
  20
1288.7280
  42
0.0000
  0
VERTEX
  8
14
  10
4719.9878
  20
1282.2240
  42
0.0000
  0
VERTEX
  8
14
  10
4729.2979
  20
1270.9091
  42
0.0000
  0
VERTEX
  8
14
  10
4739.6768
  20
1260.5660
  42
0.0000
  0
VERTEX
  8
14
  10
4751.0249
  20
1251.2939
  42
0.0000
  0
VERTEX
  8
14
  10
4785.9028
  20
1230.5400
  42
0.0000
  0
VERTEX
  8
14
  10
4822.3110
  20
1210.2729
  42
0.0000
  0
VERTEX
  8
14
  10
4828.3262
  20
1206.9980
  42
0.0000
  0
VERTEX
  8
14
  10
4834.2021
  20
1203.4771
  42
0.0000
  0
VERTEX
  8
14
  10
4840.3940
  20
1199.4260
  42
0.0000
  0
VERTEX
  8
14
  10
4846.4282
  20
1195.1400
  42
0.0000
  0
VERTEX
  8
14
  10
4852.3271
  20
1190.4940
  42
0.0000
  0
VERTEX
  8
14
  10
4857.8740
  20
1185.4310
  42
0.0000
  0
VERTEX
  8
14
  10
4861.5942
  20
1181.3990
  42
0.0000
  0
VERTEX
  8
14
  10
4864.8950
  20
1177.0160
  42
0.0000
  0
VERTEX
  8
14
  10
4869.5542
  20
1170.3600
  42
0.0000
  0
VERTEX
  8
14
  10
4873.6162
  20
1163.3240
  42
0.0000
  0
VERTEX
  8
14
  10
4877.0532
  20
1155.9561
  42
0.0000
  0
VERTEX
  8
14
  10
4879.8369
  20
1148.3160
  42
0.0000
  0
VERTEX
  8
14
  10
4881.8730
  20
1141.0820
  42
0.0000
  0
VERTEX
  8
14
  10
4883.1982
  20
1133.6851
  42
0.0000
  0
VERTEX
  8
14
  10
4884.0532
  20
1124.2120
  42
0.0000
  0
VERTEX
  8
14
  10
4884.1792
  20
1114.7010
  42
0.0000
  0
VERTEX
  8
14
  10
4883.7021
  20
1104.0890
  42
0.0000
  0
VERTEX
  8
14
  10
4882.1650
  20
1093.5780
  42
0.0000
  0
VERTEX
  8
14
  10
4879.7148
  20
1083.9340
  42
0.0000
  0
VERTEX
  8
14
  10
4876.2480
  20
1074.6060
  42
0.0000
  0
VERTEX
  8
14
  10
4870.6479
  20
1062.7690
  42
0.0000
  0
VERTEX
  8
14
  10
4864.0122
  20
1051.4800
  42
0.0000
  0
VERTEX
  8
14
  10
4855.5771
  20
1039.5720
  42
0.0000
  0
VERTEX
  8
14
  10
4846.2129
  20
1028.3781
  42
0.0000
  0
VERTEX
  8
14
  10
4708.9331
  20
1013.5230
  42
0.0000
  0
VERTEX
  8
14
  10
4667.7832
  20
1010.5570
  42
0.0000
  0
VERTEX
  8
14
  10
4626.5571
  20
1008.9270
  42
0.0000
  0
VERTEX
  8
14
  10
4581.2949
  20
1008.5420
  42
0.0000
  0
VERTEX
  8
14
  10
4536.0400
  20
1009.4940
  42
0.0000
  0
VERTEX
  8
14
  10
4496.2651
  20
1011.8590
  42
0.0000
  0
VERTEX
  8
14
  10
4458.1108
  20
1014.7780
  42
0.0000
  0
VERTEX
  8
14
  10
4428.6440
  20
1017.7060
  42
0.0000
  0
VERTEX
  8
14
  10
4402.5791
  20
1021.1510
  42
0.0000
  0
VERTEX
  8
14
  10
4378.8198
  20
1025.1990
  42
0.0000
  0
VERTEX
  8
14
  10
4355.0601
  20
1029.2469
  42
0.0000
  0
VERTEX
  8
14
  10
4289.1792
  20
1041.5150
  42
0.0000
  0
SEQEND
  0
POLYLINE
  8
1
  66
1
  70
1
  0
VERTEX
  8
1
  10
4238.5269
  20
1041.9460
  42
0.0000
  0
VERTEX
  8
1
  10
4239.5742
  20
1050.9590
  42
0.0000
  0
VERTEX
  8
1
  10
4244.3892
  20
1098.4940
  42
0.0000
  0
VERTEX
  8
1
  10
4247.3291
  20
1146.1840
  42
0.0000
  0
VERTEX
  8
1
  10
4248.4380
  20
1195.1760
  42
0.0000
  0
VERTEX
  8
1
  10
4247.6611
  20
1244.1770
  42
0.0000
  0
VERTEX
  8
1
  10
4247.3369
  20
1254.8740
  42
0.0000
  0
VERTEX
  8
1
  10
4258.0322
  20
1254.4720
  42
0.0000
  0
VERTEX
  8
1
  10
4295.3569
  20
1253.1700
  42
0.0000
  0
VERTEX
  8
1
  10
4336.3652
  20
1252.9850
  42
0.0000
  0
VERTEX
  8
1
  10
4336.5610
  20
1252.9910
  42
0.0000
  0
VERTEX
  8
1
  10
4369.2412
  20
1254.5620
  42
0.0000
  0
VERTEX
  8
1
  10
4406.1270
  20
1257.6219
  42
0.0000
  0
VERTEX
  8
1
  10
4467.7378
  20
1264.8080
  42
0.0000
  0
VERTEX
  8
1
  10
4528.9102
  20
1275.0699
  42
0.0000
  0
VERTEX
  8
1
  10
4598.2148
  20
1290.0710
  42
0.0000
  0
VERTEX
  8
1
  10
4666.7969
  20
1308.0909
  42
0.0000
  0
VERTEX
  8
1
  10
4666.7974
  20
1308.0909
  42
0.0000
  0
VERTEX
  8
1
  10
4704.0850
  20
1319.9650
  42
0.0000
  0
VERTEX
  8
1
  10
4714.2500
  20
1323.2010
  42
0.0000
  0
VERTEX
  8
1
  10
4716.8232
  20
1312.8490
  42
0.0000
  0
VERTEX
  8
1
  10
4718.6328
  20
1306.2620
  42
0.0000
  0
VERTEX
  8
1
  10
4721.1211
  20
1299.9000
  42
0.0000
  0
VERTEX
  8
1
  10
4724.2710
  20
1293.8380
  42
0.0000
  0
VERTEX
  8
1
  10
4728.0459
  20
1288.1500
  42
0.0000
  0
VERTEX
  8
1
  10
4736.6528
  20
1277.7111
  42
0.0000
  0
VERTEX
  8
1
  10
4746.2192
  20
1268.1530
  42
0.0000
  0
VERTEX
  8
1
  10
4756.6709
  20
1259.5660
  42
0.0000
  0
VERTEX
  8
1
  10
4790.8911
  20
1239.2070
  42
0.0000
  0
VERTEX
  8
1
  10
4826.9111
  20
1219.1541
  42
0.0000
  0
VERTEX
  8
1
  10
4827.0928
  20
1219.0551
  42
0.0000
  0
VERTEX
  8
1
  10
4833.3721
  20
1215.6310
  42
0.0000
  0
VERTEX
  8
1
  10
4839.5098
  20
1211.9520
  42
0.0000
  0
VERTEX
  8
1
  10
4846.0098
  20
1207.7000
  42
0.0000
  0
VERTEX
  8
1
  10
4852.3472
  20
1203.2010
  42
0.0000
  0
VERTEX
  8
1
  10
4852.3472
  20
1203.2009
  42
0.0000
  0
VERTEX
  8
1
  10
4858.8188
  20
1198.1000
  42
0.0000
  0
VERTEX
  8
1
  10
4864.9048
  20
1192.5430
  42
0.0000
  0
VERTEX
  8
1
  10
4869.2271
  20
1187.8580
  42
0.0000
  0
VERTEX
  8
1
  10
4873.0562
  20
1182.7590
  42
0.0000
  0
VERTEX
  8
1
  10
4878.0962
  20
1175.5580
  42
0.0000
  0
VERTEX
  8
1
  10
4882.4868
  20
1167.9410
  42
0.0000
  0
VERTEX
  8
1
  10
4886.2769
  20
1159.8190
  42
0.0000
  0
VERTEX
  8
1
  10
4889.3501
  20
1151.3970
  42
0.0000
  0
VERTEX
  8
1
  10
4891.6270
  20
1143.2870
  42
0.0000
  0
VERTEX
  8
1
  10
4893.1118
  20
1134.9910
  42
0.0000
  0
VERTEX
  8
1
  10
4894.0298
  20
1124.8929
  42
0.0000
  0
VERTEX
  8
1
  10
4894.1470
  20
1114.7520
  42
0.0000
  0
VERTEX
  8
1
  10
4894.1431
  20
1114.5680
  42
0.0000
  0
VERTEX
  8
1
  10
4893.6470
  20
1103.0450
  42
0.0000
  0
VERTEX
  8
1
  10
4891.9731
  20
1091.6300
  42
0.0000
  0
VERTEX
  8
1
  10
4889.2720
  20
1080.9930
  42
0.0000
  0
VERTEX
  8
1
  10
4885.4541
  20
1070.7020
  42
0.0000
  0
VERTEX
  8
1
  10
4880.9932
  20
1061.0950
  42
0.0000
  0
VERTEX
  8
1
  10
4875.9580
  20
1051.7850
  42
0.0000
  0
VERTEX
  8
1
  10
4868.7070
  20
1040.5909
  42
0.0000
  0
VERTEX
  8
1
  10
4860.6792
  20
1029.9530
  42
0.0000
  0
VERTEX
  8
1
  10
4861.7622
  20
1020.0020
  42
0.0000
  0
VERTEX
  8
1
  10
4709.8711
  20
1003.5670
  42
0.0000
  0
VERTEX
  8
1
  10
4709.8706
  20
1003.5670
  42
0.0000
  0
VERTEX
  8
1
  10
4668.3652
  20
1000.5740
  42
0.0000
  0
VERTEX
  8
1
  10
4626.7930
  20
998.9300
  42
0.0000
  0
VERTEX
  8
1
  10
4581.2031
  20
998.5420
  42
0.0000
  0
VERTEX
  8
1
  10
4535.6221
  20
999.5030
  42
0.0000
  0
VERTEX
  8
1
  10
4449.8301
  20
1005.4670
  42
0.0000
  0
VERTEX
  8
1
  10
4425.3862
  20
1008.0420
  42
0.0000
  0
VERTEX
  8
1
  10
4401.0200
  20
1011.2740
  42
0.0000
  0
VERTEX
  8
1
  10
4401.0195
  20
1011.2740
  42
0.0000
  0
VERTEX
  8
1
  10
4377.1729
  20
1015.3360
  42
0.0000
  0
VERTEX
  8
1
  10
4353.3252
  20
1019.3990
  42
0.0000
  0
VERTEX
  8
1
  10
4287.2549
  20
1031.7020
  42
0.0000
  0
VERTEX
  8
1
  10
4247.3950
  20
1040.0300
  42
0.0000
  0
SEQEND
  0
POINT
  8
2
  10
4249.5078
  20
1049.8051
  0
POINT
  8
3
  10
4254.3599
  20
1097.7321
  0
POINT
  8
3
  10
4257.3218
  20
1145.8140
  0
POINT
  8
3
  10
4258.4380
  20
1195.1429
  0
POINT
  8
2
  10
4257.6572
  20
1244.4790
  0
POINT
  8
3
  10
4276.4082
  20
1243.8250
  0
POINT
  8
3
  10
4295.1592
  20
1243.1710
  0
POINT
  8
3
  10
4315.8550
  20
1243.0780
  0
POINT
  8
3
  10
4336.5508
  20
1242.9840
  0
POINT
  8
3
  10
4369.8979
  20
1244.5830
  0
POINT
  8
3
  10
4407.0991
  20
1247.6700
  0
POINT
  8
3
  10
4469.1729
  20
1254.9110
  0
POINT
  8
3
  10
4530.8071
  20
1265.2510
  0
POINT
  8
3
  10
4600.6001
  20
1280.3590
  0
POINT
  8
2
  10
4669.6650
  20
1298.5100
  0
POINT
  8
2
  10
4707.1182
  20
1310.4360
  0
POINT
  8
3
  10
4709.2002
  20
1302.9130
  0
POINT
  8
3
  10
4712.0610
  20
1295.6500
  0
POINT
  8
3
  10
4715.6699
  20
1288.7280
  0
POINT
  8
3
  10
4719.9878
  20
1282.2240
  0
POINT
  8
3
  10
4729.2979
  20
1270.9091
  0
POINT
  8
3
  10
4739.6768
  20
1260.5660
  0
POINT
  8
2
  10
4751.0249
  20
1251.2939
  0
POINT
  8
3
  10
4785.9028
  20
1230.5400
  0
POINT
  8
3
  10
4822.3110
  20
1210.2729
  0
POINT
  8
3
  10
4828.3262
  20
1206.9980
  0
POINT
  8
3
  10
4834.2021
  20
1203.4771
  0
POINT
  8
3
  10
4840.3940
  20
1199.4260
  0
POINT
  8
3
  10
4846.4282
  20
1195.1400
  0
POINT
  8
3
  10
4852.3271
  20
1190.4940
  0
POINT
  8
3
  10
4857.8740
  20
1185.4310
  0
POINT
  8
3
  10
4861.5942
  20
1181.3990
  0
POINT
  8
3
  10
4864.8950
  20
1177.0160
  0
POINT
  8
3
  10
4869.5542
  20
1170.3600
  0
POINT
  8
3
  10
4873.6162
  20
1163.3240
  0
POINT
  8
3
  10
4877.0532
  20
1155.9561
  0
POINT
  8
3
  10
4879.8369
  20
1148.3160
  0
POINT
  8
3
  10
4881.8730
  20
1141.0820
  0
POINT
  8
3
  10
4883.1982
  20
1133.6851
  0
POINT
  8
3
  10
4884.0532
  20
1124.2120
  0
POINT
  8
3
  10
4884.1792
  20
1114.7010
  0
POINT
  8
3
  10
4883.7021
  20
1104.0890
  0
POINT
  8
3
  10
4882.1650
  20
1093.5780
  0
POINT
  8
3
  10
4879.7148
  20
1083.9340
  0
POINT
  8
3
  10
4876.2480
  20
1074.6060
  0
POINT
  8
3
  10
4870.6479
  20
1062.7690
  0
POINT
  8
3
  10
4864.0122
  20
1051.4800
  0
POINT
  8
3
  10
4855.5771
  20
1039.5720
  0
POINT
  8
2
  10
4846.2129
  20
1028.3781
  0
POINT
  8
2
  10
4708.9331
  20
1013.5230
  0
POINT
  8
3
  10
4667.7832
  20
1010.5570
  0
POINT
  8
3
  10
4626.5571
  20
1008.9270
  0
POINT
  8
3
  10
4581.2949
  20
1008.5420
  0
POINT
  8
3
  10
4536.0400
  20
1009.4940
  0
POINT
  8
3
  10
4496.2651
  20
1011.8590
  0
POINT
  8
3
  10
4458.1108
  20
1014.7780
  0
POINT
  8
3
  10
4428.6440
  20
1017.7060
  0
POINT
  8
3
  10
4402.5791
  20
1021.1510
  0
POINT
  8
3
  10
4378.8198
  20
1025.1990
  0
POINT
  8
3
  10
4355.0601
  20
1029.2469
  0
POINT
  8
3
  10
4289.1792
  20
1041.5150
  0
POINT
  8
2
  10
4238.5269
  20
1041.9460
  0
POINT
  8
3
  10
4239.5742
  20
1050.9590
  0
POINT
  8
3
  10
4244.3892
  20
1098.4940
  0
POINT
  8
3
  10
4247.3291
  20
1146.1840
  0
POINT
  8
3
  10
4248.4380
  20
1195.1760
  0
POINT
  8
3
  10
4247.6611
  20
1244.1770
  0
POINT
  8
2
  10
4247.3369
  20
1254.8740
  0
POINT
  8
3
  10
4258.0322
  20
1254.4720
  0
POINT
  8
3
  10
4295.3569
  20
1253.1700
  0
POINT
  8
3
  10
4336.3652
  20
1252.9850
  0
POINT
  8
3
  10
4336.5610
  20
1252.9910
  0
POINT
  8
3
  10
4369.2412
  20
1254.5620
  0
POINT
  8
3
  10
4406.1270
  20
1257.6219
  0
POINT
  8
3
  10
4467.7378
  20
1264.8080
  0
POINT
  8
3
  10
4528.9102
  20
1275.0699
  0
POINT
  8
3
  10
4598.2148
  20
1290.0710
  0
POINT
  8
2
  10
4666.7969
  20
1308.0909
  0
POINT
  8
2
  10
4666.7974
  20
1308.0909
  0
POINT
  8
3
  10
4704.0850
  20
1319.9650
  0
POINT
  8
2
  10
4714.2500
  20
1323.2010
  0
POINT
  8
3
  10
4716.8232
  20
1312.8490
  0
POINT
  8
3
  10
4718.6328
  20
1306.2620
  0
POINT
  8
3
  10
4721.1211
  20
1299.9000
  0
POINT
  8
3
  10
4724.2710
  20
1293.8380
  0
POINT
  8
3
  10
4728.0459
  20
1288.1500
  0
POINT
  8
3
  10
4736.6528
  20
1277.7111
  0
POINT
  8
3
  10
4746.2192
  20
1268.1530
  0
POINT
  8
2
  10
4756.6709
  20
1259.5660
  0
POINT
  8
3
  10
4790.8911
  20
1239.2070
  0
POINT
  8
3
  10
4826.9111
  20
1219.1541
  0
POINT
  8
3
  10
4827.0928
  20
1219.0551
  0
POINT
  8
3
  10
4833.3721
  20
1215.6310
  0
POINT
  8
3
  10
4839.5098
  20
1211.9520
  0
POINT
  8
3
  10
4846.0098
  20
1207.7000
  0
POINT
  8
2
  10
4852.3472
  20
1203.2010
  0
POINT
  8
2
  10
4852.3472
  20
1203.2009
  0
POINT
  8
3
  10
4858.8188
  20
1198.1000
  0
POINT
  8
3
  10
4864.9048
  20
1192.5430
  0
POINT
  8
3
  10
4869.2271
  20
1187.8580
  0
POINT
  8
3
  10
4873.0562
  20
1182.7590
  0
POINT
  8
3
  10
4878.0962
  20
1175.5580
  0
POINT
  8
3
  10
4882.4868
  20
1167.9410
  0
POINT
  8
3
  10
4886.2769
  20
1159.8190
  0
POINT
  8
3
  10
4889.3501
  20
1151.3970
  0
POINT
  8
3
  10
4891.6270
  20
1143.2870
  0
POINT
  8
3
  10
4893.1118
  20
1134.9910
  0
POINT
  8
3
  10
4894.0298
  20
1124.8929
  0
POINT
  8
3
  10
4894.1470
  20
1114.7520
  0
POINT
  8
3
  10
4894.1431
  20
1114.5680
  0
POINT
  8
3
  10
4893.6470
  20
1103.0450
  0
POINT
  8
3
  10
4891.9731
  20
1091.6300
  0
POINT
  8
3
  10
4889.2720
  20
1080.9930
  0
POINT
  8
3
  10
4885.4541
  20
1070.7020
  0
POINT
  8
3
  10
4880.9932
  20
1061.0950
  0
POINT
  8
3
  10
4875.9580
  20
1051.7850
  0
POINT
  8
3
  10
4868.7070
  20
1040.5909
  0
POINT
  8
2
  10
4860.6792
  20
1029.9530
  0
POINT
  8
2
  10
4861.7622
  20
1020.0020
  0
POINT
  8
2
  10
4709.8711
  20
1003.5670
  0
POINT
  8
2
  10
4709.8706
  20
1003.5670
  0
POINT
  8
3
  10
4668.3652
  20
1000.5740
  0
POINT
  8
3
  10
4626.7930
  20
998.9300
  0
POINT
  8
3
  10
4581.2031
  20
998.5420
  0
POINT
  8
2
  10
4535.6221
  20
999.5030
  0
POINT
  8
2
  10
4449.8301
  20
1005.4670
  0
POINT
  8
3
  10
4425.3862
  20
1008.0420
  0
POINT
  8
2
  10
4401.0200
  20
1011.2740
  0
POINT
  8
2
  10
4401.0195
  20
1011.2740
  0
POINT
  8
3
  10
4377.1729
  20
1015.3360
  0
POINT
  8
3
  10
4353.3252
  20
1019.3990
  0
POINT
  8
3
  10
4287.2549
  20
1031.7020
  0
POINT
  8
3
  10
4247.3950
  20
1040.0300
  0
POINT
  8
4
  10
4336.5610
  20
1252.9910
  30
10.0000
  50
-90.0500
  0
POINT
  8
4
  10
4666.7974
  20
1308.0909
  30
10.0000
  50
-73.3416
  0
POINT
  8
4
  10
4826.9111
  20
1219.1541
  30
10.0000
  50
-117.3846
  0
POINT
  8
4
  10
4852.3472
  20
1203.2009
  30
10.0000
  50
-126.1490
  0
POINT
  8
4
  10
4894.1470
  20
1114.7520
  30
10.0000
  50
-179.7048
  0
POINT
  8
4
  10
4709.8706
  20
1003.5670
  30
10.0000
  50
95.0513
  0
POINT
  8
4
  10
4401.0195
  20
1011.2740
  30
10.0000
  50
80.6440
  0
TEXT
  8
2
  10
4249.5078
  20
1049.8051
  40
8.0000
  1
# 151
  0
TEXT
  8
14
  10
4249.5078
  20
1049.8051
  40
8.0000
  1
# 151
  0
TEXT
  8
2
  10
4257.6572
  20
1244.4790
  40
8.0000
  1
# 152
  0
TEXT
  8
14
  10
4257.6572
  20
1244.4790
  40
8.0000
  1
# 152
  0
TEXT
  8
3
  10
4336.5508
  20
1242.9840
  40
8.0000
  1
# 153
  0
TEXT
  8
14
  10
4336.5508
  20
1242.9840
  40
8.0000
  1
# 153
  0
TEXT
  8
2
  10
4669.6650
  20
1298.5100
  40
8.0000
  1
# 154
  0
TEXT
  8
14
  10
4669.6650
  20
1298.5100
  40
8.0000
  1
# 154
  0
TEXT
  8
2
  10
4707.1182
  20
1310.4360
  40
8.0000
  1
# 155
  0
TEXT
  8
14
  10
4707.1182
  20
1310.4360
  40
8.0000
  1
# 155
  0
TEXT
  8
3
  10
4822.3110
  20
1210.2729
  40
8.0000
  1
# 156
  0
TEXT
  8
14
  10
4822.3110
  20
1210.2729
  40
8.0000
  1
# 156
  0
TEXT
  8
3
  10
4846.4282
  20
1195.1400
  40
8.0000
  1
# 157
  0
TEXT
  8
14
  10
4846.4282
  20
1195.1400
  40
8.0000
  1
# 157
  0
TEXT
  8
3
  10
4884.1792
  20
1114.7010
  40
8.0000
  1
# 158
  0
TEXT
  8
14
  10
4884.1792
  20
1114.7010
  40
8.0000
  1
# 158
  0
TEXT
  8
2
  10
4846.2129
  20
1028.3781
  40
8.0000
  1
# 159
  0
TEXT
  8
14
  10
4846.2129
  20
1028.3781
  40
8.0000
  1
# 159
  0
TEXT
  8
2
  10
4708.9331
  20
1013.5230
  40
8.0000
  1
# 160
  0
TEXT
  8
14
  10
4708.9331
  20
1013.5230
  40
8.0000
  1
# 160
  0
TEXT
  8
3
  10
4402.5791
  20
1021.1510
  40
8.0000
  1
# 161
  0
TEXT
  8
14
  10
4402.5791
  20
1021.1510
  40
8.0000
  1
# 161
  0
TEXT
  8
2
  10
4238.5269
  20
1041.9460
  40
8.0000
  1
# 162
  0
TEXT
  8
1
  10
4238.5269
  20
1041.9460
  40
8.0000
  1
# 162
  0
TEXT
  8
3
  10
4239.5742
  20
1050.9590
  40
8.0000
  1
# 163
  0
TEXT
  8
1
  10
4239.5742
  20
1050.9590
  40
8.0000
  1
# 163
  0
TEXT
  8
3
  10
4247.6611
  20
1244.1770
  40
8.0000
  1
# 164
  0
TEXT
  8
1
  10
4247.6611
  20
1244.1770
  40
8.0000
  1
# 164
  0
TEXT
  8
2
  10
4247.3369
  20
1254.8740
  40
8.0000
  1
# 165
  0
TEXT
  8
1
  10
4247.3369
  20
1254.8740
  40
8.0000
  1
# 165
  0
TEXT
  8
3
  10
4258.0322
  20
1254.4720
  40
8.0000
  1
# 166
  0
TEXT
  8
1
  10
4258.0322
  20
1254.4720
  40
8.0000
  1
# 166
  0
TEXT
  8
3
  10
4336.3652
  20
1252.9850
  40
8.0000
  1
# 167
  0
TEXT
  8
1
  10
4336.3652
  20
1252.9850
  40
8.0000
  1
# 167
  0
TEXT
  8
3
  10
4336.5610
  20
1252.9910
  40
8.0000
  1
# 168
  0
TEXT
  8
1
  10
4336.5610
  20
1252.9910
  40
8.0000
  1
# 168
  0
TEXT
  8
2
  10
4666.7969
  20
1308.0909
  40
8.0000
  1
# 169
  0
TEXT
  8
1
  10
4666.7969
  20
1308.0909
  40
8.0000
  1
# 169
  0
TEXT
  8
2
  10
4666.7974
  20
1308.0909
  40
8.0000
  1
# 170
  0
TEXT
  8
1
  10
4666.7974
  20
1308.0909
  40
8.0000
  1
# 170
  0
TEXT
  8
3
  10
4704.0850
  20
1319.9650
  40
8.0000
  1
# 171
  0
TEXT
  8
1
  10
4704.0850
  20
1319.9650
  40
8.0000
  1
# 171
  0
TEXT
  8
2
  10
4714.2500
  20
1323.2010
  40
8.0000
  1
# 172
  0
TEXT
  8
1
  10
4714.2500
  20
1323.2010
  40
8.0000
  1
# 172
  0
TEXT
  8
3
  10
4716.8232
  20
1312.8490
  40
8.0000
  1
# 173
  0
TEXT
  8
1
  10
4716.8232
  20
1312.8490
  40
8.0000
  1
# 173
  0
TEXT
  8
2
  10
4756.6709
  20
1259.5660
  40
8.0000
  1
# 174
  0
TEXT
  8
1
  10
4756.6709
  20
1259.5660
  40
8.0000
  1
# 174
  0
TEXT
  8
3
  10
4826.9111
  20
1219.1541
  40
8.0000
  1
# 175
  0
TEXT
  8
1
  10
4826.9111
  20
1219.1541
  40
8.0000
  1
# 175
  0
TEXT
  8
3
  10
4827.0928
  20
1219.0551
  40
8.0000
  1
# 176
  0
TEXT
  8
1
  10
4827.0928
  20
1219.0551
  40
8.0000
  1
# 176
  0
TEXT
  8
2
  10
4852.3472
  20
1203.2010
  40
8.0000
  1
# 177
  0
TEXT
  8
1
  10
4852.3472
  20
1203.2010
  40
8.0000
  1
# 177
  0
TEXT
  8
2
  10
4852.3472
  20
1203.2009
  40
8.0000
  1
# 178
  0
TEXT
  8
1
  10
4852.3472
  20
1203.2009
  40
8.0000
  1
# 178
  0
TEXT
  8
3
  10
4873.0562
  20
1182.7590
  40
8.0000
  1
# 179
  0
TEXT
  8
1
  10
4873.0562
  20
1182.7590
  40
8.0000
  1
# 179
  0
TEXT
  8
3
  10
4889.3501
  20
1151.3970
  40
8.0000
  1
# 180
  0
TEXT
  8
1
  10
4889.3501
  20
1151.3970
  40
8.0000
  1
# 180
  0
TEXT
  8
3
  10
4894.1470
  20
1114.7520
  40
8.0000
  1
# 181
  0
TEXT
  8
1
  10
4894.1470
  20
1114.7520
  40
8.0000
  1
# 181
  0
TEXT
  8
3
  10
4894.1431
  20
1114.5680
  40
8.0000
  1
# 182
  0
TEXT
  8
1
  10
4894.1431
  20
1114.5680
  40
8.0000
  1
# 182
  0
TEXT
  8
3
  10
4885.4541
  20
1070.7020
  40
8.0000
  1
# 183
  0
TEXT
  8
1
  10
4885.4541
  20
1070.7020
  40
8.0000
  1
# 183
  0
TEXT
  8
2
  10
4860.6792
  20
1029.9530
  40
8.0000
  1
# 184
  0
TEXT
  8
1
  10
4860.6792
  20
1029.9530
  40
8.0000
  1
# 184
  0
TEXT
  8
2
  10
4861.7622
  20
1020.0020
  40
8.0000
  1
# 185
  0
TEXT
  8
1
  10
4861.7622
  20
1020.0020
  40
8.0000
  1
# 185
  0
TEXT
  8
2
  10
4709.8711
  20
1003.5670
  40
8.0000
  1
# 186
  0
TEXT
  8
1
  10
4709.8711
  20
1003.5670
  40
8.0000
  1
# 186
  0
TEXT
  8
2
  10
4709.8706
  20
1003.5670
  40
8.0000
  1
# 187
  0
TEXT
  8
1
  10
4709.8706
  20
1003.5670
  40
8.0000
  1
# 187
  0
TEXT
  8
2
  10
4401.0200
  20
1011.2740
  40
8.0000
  1
# 188
  0
TEXT
  8
1
  10
4401.0200
  20
1011.2740
  40
8.0000
  1
# 188
  0
TEXT
  8
2
  10
4401.0195
  20
1011.2740
  40
8.0000
  1
# 189
  0
TEXT
  8
1
  10
4401.0195
  20
1011.2740
  40
8.0000
  1
# 189
  0
TEXT
  8
3
  10
4247.3950
  20
1040.0300
  40
8.0000
  1
# 190
  0
TEXT
  8
1
  10
4247.3950
  20
1040.0300
  40
8.0000
  1
# 190
  0
TEXT
  8
4
  10
4336.5610
  20
1252.9910
  40
8.0000
  1
# 168
  0
TEXT
  8
4
  10
4666.7974
  20
1308.0909
  40
8.0000
  1
# 170
  0
TEXT
  8
4
  10
4826.9111
  20
1219.1541
  40
8.0000
  1
# 175
  0
TEXT
  8
4
  10
4852.3472
  20
1203.2009
  40
8.0000
  1
# 178
  0
TEXT
  8
4
  10
4894.1470
  20
1114.7520
  40
8.0000
  1
# 181
  0
TEXT
  8
4
  10
4709.8706
  20
1003.5670
  40
8.0000
  1
# 187
  0
TEXT
  8
4
  10
4401.0195
  20
1011.2740
  40
8.0000
  1
# 189
  0
TEXT
  8
1
  10
4238.5264
  20
988.5417
  40
8.0000
  1
Piece Name: LINING SLEEVE 2P
  0
TEXT
  8
1
  10
4238.5264
  20
978.5417
  40
8.0000
  1
Size: 50
  0
TEXT
  8
1
  10
4238.5264
  20
968.5417
  40
8.0000
  1
Quantity: 1
  0
TEXT
  8
1
  10
4238.5264
  20
958.5417
  40
8.0000
  1
Annotation: 
  0
TEXT
  8
1
  10
4238.5264
  20
948.5417
  40
8.0000
  1
Category: 
  0
LINE
  8
7
  10
4414.0332
  20
1118.0770
  11
4779.3872
  21
1118.0770
  0
ENDBLK
  0
BLOCK
  8
1
  2
FOR_SEAM_CUFF_2P-S_50
  10
0.0000
  20
0.0000
70
0
  0
POLYLINE
  8
14
  66
1
  70
1
  0
VERTEX
  8
14
  10
1080.0000
  20
-3488.9141
  42
0.0000
  0
VERTEX
  8
14
  10
1080.0000
  20
-3523.9141
  42
0.0000
  0
VERTEX
  8
14
  10
1000.0000
  20
-3523.9150
  42
0.0000
  0
VERTEX
  8
14
  10
1000.0000
  20
-3488.9150
  42
0.0000
  0
SEQEND
  0
POLYLINE
  8
1
  66
1
  70
1
  0
VERTEX
  8
1
  10
1080.0000
  20
-3488.9143
  42
0.0000
  0
VERTEX
  8
1
  10
1079.9999
  20
-3523.9141
  42
0.0000
  0
VERTEX
  8
1
  10
1000.0000
  20
-3523.9148
  42
0.0000
  0
VERTEX
  8
1
  10
1000.0001
  20
-3488.9150
  42
0.0000
  0
SEQEND
  0
POLYLINE
  8
8
  66
1
  70
0
  0
VERTEX
  8
8
  10
1070.0000
  20
-3513.9141
  42
0.0000
  0
VERTEX
  8
8
  10
1070.0000
  20
-3498.9141
  42
0.0000
  0
SEQEND
  0
POLYLINE
  8
8
  66
1
  70
0
  0
VERTEX
  8
8
  10
1010.0000
  20
-3513.9150
  42
0.0000
  0
VERTEX
  8
8
  10
1069.9999
  20
-3513.9141
  42
0.0000
  0
SEQEND
  0
POLYLINE
  8
8
  66
1
  70
0
  0
VERTEX
  8
8
  10
1010.0000
  20
-3498.9150
  42
0.0000
  0
VERTEX
  8
8
  10
1010.0000
  20
-3513.9148
  42
0.0000
  0
SEQEND
  0
POLYLINE
  8
8
  66
1
  70
0
  0
VERTEX
  8
8
  10
1069.9999
  20
-3498.9141
  42
0.0000
  0
VERTEX
  8
8
  10
1010.0001
  20
-3498.9150
  42
0.0000
  0
SEQEND
  0
POINT
  8
2
  10
1080.0000
  20
-3488.9141
  0
POINT
  8
2
  10
1080.0000
  20
-3523.9141
  0
POINT
  8
2
  10
1000.0000
  20
-3523.9150
  0
POINT
  8
2
  10
1000.0000
  20
-3488.9150
  0
POINT
  8
2
  10
1080.0000
  20
-3488.9143
  0
POINT
  8
2
  10
1079.9999
  20
-3523.9141
  0
POINT
  8
2
  10
1000.0000
  20
-3523.9148
  0
POINT
  8
2
  10
1000.0001
  20
-3488.9150
  0
POINT
  8
2
  10
1070.0000
  20
-3513.9141
  0
POINT
  8
2
  10
1070.0000
  20
-3498.9141
  0
POINT
  8
2
  10
1010.0000
  20
-3513.9150
  0
POINT
  8
2
  10
1069.9999
  20
-3513.9141
  0
POINT
  8
2
  10
1010.0000
  20
-3498.9150
  0
POINT
  8
2
  10
1010.0000
  20
-3513.9148
  0
POINT
  8
2
  10
1069.9999
  20
-3498.9141
  0
POINT
  8
2
  10
1010.0001
  20
-3498.9150
  0
TEXT
  8
2
  10
1080.0000
  20
-3488.9141
  40
8.0000
  1
# 1
  0
TEXT
  8
14
  10
1080.0000
  20
-3488.9141
  40
8.0000
  1
# 1
  0
TEXT
  8
2
  10
1080.0000
  20
-3523.9141
  40
8.0000
  1
# 1
  0
TEXT
  8
14
  10
1080.0000
  20
-3523.9141
  40
8.0000
  1
# 1
  0
TEXT
  8
2
  10
1000.0000
  20
-3523.9150
  40
8.0000
  1
# 1
  0
TEXT
  8
14
  10
1000.0000
  20
-3523.9150
  40
8.0000
  1
# 1
  0
TEXT
  8
2
  10
1000.0000
  20
-3488.9150
  40
8.0000
  1
# 1
  0
TEXT
  8
14
  10
1000.0000
  20
-3488.9150
  40
8.0000
  1
# 1
  0
TEXT
  8
2
  10
1080.0000
  20
-3488.9143
  40
8.0000
  1
# 1
  0
TEXT
  8
1
  10
1080.0000
  20
-3488.9143
  40
8.0000
  1
# 1
  0
TEXT
  8
2
  10
1079.9999
  20
-3523.9141
  40
8.0000
  1
# 1
  0
TEXT
  8
1
  10
1079.9999
  20
-3523.9141
  40
8.0000
  1
# 1
  0
TEXT
  8
2
  10
1000.0000
  20
-3523.9148
  40
8.0000
  1
# 122
  0
TEXT
  8
1
  10
1000.0000
  20
-3523.9148
  40
8.0000
  1
# 122
  0
TEXT
  8
2
  10
1000.0001
  20
-3488.9150
  40
8.0000
  1
# 191
  0
TEXT
  8
1
  10
1000.0001
  20
-3488.9150
  40
8.0000
  1
# 191
  0
TEXT
  8
2
  10
1070.0000
  20
-3513.9141
  40
8.0000
  1
# 1
  0
TEXT
  8
8
  10
1070.0000
  20
-3513.9141
  40
8.0000
  1
# 1
  0
TEXT
  8
2
  10
1070.0000
  20
-3498.9141
  40
8.0000
  1
# 1
  0
TEXT
  8
8
  10
1070.0000
  20
-3498.9141
  40
8.0000
  1
# 1
  0
TEXT
  8
2
  10
1010.0000
  20
-3513.9150
  40
8.0000
  1
# 1
  0
TEXT
  8
8
  10
1010.0000
  20
-3513.9150
  40
8.0000
  1
# 1
  0
TEXT
  8
2
  10
1069.9999
  20
-3513.9141
  40
8.0000
  1
# 1
  0
TEXT
  8
8
  10
1069.9999
  20
-3513.9141
  40
8.0000
  1
# 1
  0
TEXT
  8
2
  10
1010.0000
  20
-3498.9150
  40
8.0000
  1
# 1
  0
TEXT
  8
8
  10
1010.0000
  20
-3498.9150
  40
8.0000
  1
# 1
  0
TEXT
  8
2
  10
1010.0000
  20
-3513.9148
  40
8.0000
  1
# 122
  0
TEXT
  8
8
  10
1010.0000
  20
-3513.9148
  40
8.0000
  1
# 122
  0
TEXT
  8
2
  10
1069.9999
  20
-3498.9141
  40
8.0000
  1
# 1
  0
TEXT
  8
8
  10
1069.9999
  20
-3498.9141
  40
8.0000
  1
# 1
  0
TEXT
  8
2
  10
1010.0001
  20
-3498.9150
  40
8.0000
  1
# 191
  0
TEXT
  8
8
  10
1010.0001
  20
-3498.9150
  40
8.0000
  1
# 191
  0
TEXT
  8
1
  10
999.9998
  20
-3533.9141
  40
8.0000
  1
Piece Name: FOR SEAM CUFF 2P
  0
TEXT
  8
1
  10
999.9998
  20
-3543.9141
  40
8.0000
  1
Size: 50
  0
TEXT
  8
1
  10
999.9998
  20
-3553.9141
  40
8.0000
  1
Quantity: 1
  0
TEXT
  8
1
  10
999.9998
  20
-3563.9141
  40
8.0000
  1
Annotation: 
  0
TEXT
  8
1
  10
999.9998
  20
-3573.9141
  40
8.0000
  1
Category: 
  0
LINE
  8
7
  10
1015.8680
  20
-3507.2571
  11
1058.9351
  21
-3507.2571
  0
ENDBLK
  0
BLOCK
  8
1
  2
QUILT.SLEEVE_2P-S_50
  10
0.0000
  20
0.0000
70
0
  0
POLYLINE
  8
14
  66
1
  70
1
  0
VERTEX
  8
14
  10
4398.0068
  20
1072.8250
  42
0.0000
  0
VERTEX
  8
14
  10
4402.8281
  20
1120.4630
  42
0.0000
  0
VERTEX
  8
14
  10
4405.7520
  20
1168.2510
  42
0.0000
  0
VERTEX
  8
14
  10
4406.8208
  20
1217.2780
  42
0.0000
  0
VERTEX
  8
14
  10
4405.9868
  20
1266.3090
  42
0.0000
  0
VERTEX
  8
14
  10
4420.2158
  20
1265.5439
  42
0.0000
  0
VERTEX
  8
14
  10
4434.4619
  20
1265.1610
  42
0.0000
  0
VERTEX
  8
14
  10
4449.8281
  20
1265.1450
  42
0.0000
  0
VERTEX
  8
14
  10
4465.1909
  20
1265.5100
  42
0.0000
  0
VERTEX
  8
14
  10
4489.5200
  20
1266.6980
  42
0.0000
  0
VERTEX
  8
14
  10
4513.8481
  20
1267.8850
  42
0.0000
  0
VERTEX
  8
14
  10
4587.1182
  20
1274.5050
  42
0.0000
  0
VERTEX
  8
14
  10
4659.9648
  20
1284.7240
  42
0.0000
  0
VERTEX
  8
14
  10
4730.4570
  20
1298.2250
  42
0.0000
  0
VERTEX
  8
14
  10
4800.1621
  20
1315.2650
  42
0.0000
  0
VERTEX
  8
14
  10
4838.0308
  20
1326.4449
  42
0.0000
  0
VERTEX
  8
14
  10
4840.5850
  20
1318.9060
  42
0.0000
  0
VERTEX
  8
14
  10
4843.9248
  20
1311.6740
  42
0.0000
  0
VERTEX
  8
14
  10
4848.0142
  20
1304.8290
  42
0.0000
  0
VERTEX
  8
14
  10
4852.8071
  20
1298.4480
  42
0.0000
  0
VERTEX
  8
14
  10
4862.9941
  20
1287.4460
  42
0.0000
  0
VERTEX
  8
14
  10
4874.2271
  20
1277.4900
  42
0.0000
  0
VERTEX
  8
14
  10
4886.3950
  20
1268.6790
  42
0.0000
  0
VERTEX
  8
14
  10
4923.3662
  20
1249.4700
  42
0.0000
  0
VERTEX
  8
14
  10
4961.8828
  20
1230.8400
  42
0.0000
  0
VERTEX
  8
14
  10
4968.2422
  20
1227.8361
  42
0.0000
  0
VERTEX
  8
14
  10
4974.4722
  20
1224.5760
  42
0.0000
  0
VERTEX
  8
14
  10
4981.0571
  20
1220.7930
  42
0.0000
  0
VERTEX
  8
14
  10
4987.4912
  20
1216.7629
  42
0.0000
  0
VERTEX
  8
14
  10
4993.8071
  20
1212.3580
  42
0.0000
  0
VERTEX
  8
14
  10
4999.7842
  20
1207.5110
  42
0.0000
  0
VERTEX
  8
14
  10
5003.8271
  20
1203.6121
  42
0.0000
  0
VERTEX
  8
14
  10
5007.4600
  20
1199.3330
  42
0.0000
  0
VERTEX
  8
14
  10
5012.6128
  20
1192.8170
  42
0.0000
  0
VERTEX
  8
14
  10
5017.1738
  20
1185.8810
  42
0.0000
  0
VERTEX
  8
14
  10
5021.1099
  20
1178.5730
  42
0.0000
  0
VERTEX
  8
14
  10
5024.3911
  20
1170.9530
  42
0.0000
  0
VERTEX
  8
14
  10
5026.8818
  20
1163.7061
  42
0.0000
  0
VERTEX
  8
14
  10
5028.6499
  20
1156.2531
  42
0.0000
  0
VERTEX
  8
14
  10
5030.0508
  20
1146.6630
  42
0.0000
  0
VERTEX
  8
14
  10
5030.7051
  20
1136.9950
  42
0.0000
  0
VERTEX
  8
14
  10
5030.2129
  20
1126.1710
  42
0.0000
  0
VERTEX
  8
14
  10
5028.6299
  20
1115.4490
  42
0.0000
  0
VERTEX
  8
14
  10
5026.1060
  20
1105.6121
  42
0.0000
  0
VERTEX
  8
14
  10
5022.5352
  20
1096.0980
  42
0.0000
  0
VERTEX
  8
14
  10
5016.7671
  20
1084.0250
  42
0.0000
  0
VERTEX
  8
14
  10
5009.9321
  20
1072.5100
  42
0.0000
  0
VERTEX
  8
14
  10
5001.2441
  20
1060.3630
  42
0.0000
  0
VERTEX
  8
14
  10
4991.5991
  20
1048.9460
  42
0.0000
  0
VERTEX
  8
14
  10
4918.6108
  20
1041.0740
  42
0.0000
  0
VERTEX
  8
14
  10
4850.2451
  20
1034.1910
  42
0.0000
  0
VERTEX
  8
14
  10
4810.2651
  20
1031.8669
  42
0.0000
  0
VERTEX
  8
14
  10
4770.2432
  20
1030.4020
  42
0.0000
  0
VERTEX
  8
14
  10
4672.4731
  20
1029.5970
  42
0.0000
  0
VERTEX
  8
14
  10
4631.4902
  20
1032.0140
  42
0.0000
  0
VERTEX
  8
14
  10
4591.6118
  20
1034.9000
  42
0.0000
  0
VERTEX
  8
14
  10
4576.8140
  20
1036.5620
  42
0.0000
  0
VERTEX
  8
14
  10
4562.0581
  20
1038.5699
  42
0.0000
  0
VERTEX
  8
14
  10
4548.6309
  20
1040.7330
  42
0.0000
  0
VERTEX
  8
14
  10
4535.2642
  20
1043.2400
  42
0.0000
  0
VERTEX
  8
14
  10
4446.1548
  20
1061.3350
  42
0.0000
  0
VERTEX
  8
14
  10
4422.0171
  20
1066.8160
  42
0.0000
  0
SEQEND
  0
POLYLINE
  8
1
  66
1
  70
1
  0
VERTEX
  8
1
  10
4386.7480
  20
1065.1730
  42
0.0000
  0
VERTEX
  8
1
  10
4387.7749
  20
1073.9930
  42
0.0000
  0
VERTEX
  8
1
  10
4392.5571
  20
1121.2300
  42
0.0000
  0
VERTEX
  8
1
  10
4395.4580
  20
1168.6180
  42
0.0000
  0
VERTEX
  8
1
  10
4396.5210
  20
1217.3000
  42
0.0000
  0
VERTEX
  8
1
  10
4395.6919
  20
1265.9900
  42
0.0000
  0
VERTEX
  8
1
  10
4395.3408
  20
1277.0959
  42
0.0000
  0
VERTEX
  8
1
  10
4406.5449
  20
1276.4940
  42
0.0000
  0
VERTEX
  8
1
  10
4420.5659
  20
1275.7400
  42
0.0000
  0
VERTEX
  8
1
  10
4434.6069
  20
1275.3610
  42
0.0000
  0
VERTEX
  8
1
  10
4449.7109
  20
1275.3450
  42
0.0000
  0
VERTEX
  8
1
  10
4464.8130
  20
1275.7040
  42
0.0000
  0
VERTEX
  8
1
  10
4464.9961
  20
1275.7130
  42
0.0000
  0
VERTEX
  8
1
  10
4489.0181
  20
1276.8860
  42
0.0000
  0
VERTEX
  8
1
  10
4513.2231
  20
1278.0670
  42
0.0000
  0
VERTEX
  8
1
  10
4585.9521
  20
1284.6400
  42
0.0000
  0
VERTEX
  8
1
  10
4658.2661
  20
1294.7841
  42
0.0000
  0
VERTEX
  8
1
  10
4728.2012
  20
1308.1780
  42
0.0000
  0
VERTEX
  8
1
  10
4797.3608
  20
1325.0820
  42
0.0000
  0
VERTEX
  8
1
  10
4797.3613
  20
1325.0820
  42
0.0000
  0
VERTEX
  8
1
  10
4835.0898
  20
1336.2200
  42
0.0000
  0
VERTEX
  8
1
  10
4844.8872
  20
1339.1121
  42
0.0000
  0
VERTEX
  8
1
  10
4847.8809
  20
1329.4320
  42
0.0000
  0
VERTEX
  8
1
  10
4850.1030
  20
1322.8340
  42
0.0000
  0
VERTEX
  8
1
  10
4853.0078
  20
1316.4980
  42
0.0000
  0
VERTEX
  8
1
  10
4856.5771
  20
1310.5050
  42
0.0000
  0
VERTEX
  8
1
  10
4860.7681
  20
1304.9240
  42
0.0000
  0
VERTEX
  8
1
  10
4870.1821
  20
1294.7770
  42
0.0000
  0
VERTEX
  8
1
  10
4880.5352
  20
1285.5770
  42
0.0000
  0
VERTEX
  8
1
  10
4891.7451
  20
1277.4120
  42
0.0000
  0
VERTEX
  8
1
  10
4928.0181
  20
1258.5699
  42
0.0000
  0
VERTEX
  8
1
  10
4966.1240
  20
1240.1370
  42
0.0000
  0
VERTEX
  8
1
  10
4966.3159
  20
1240.0460
  42
0.0000
  0
VERTEX
  8
1
  10
4972.9541
  20
1236.9060
  42
0.0000
  0
VERTEX
  8
1
  10
4979.4648
  20
1233.4980
  42
0.0000
  0
VERTEX
  8
1
  10
4986.3750
  20
1229.5280
  42
0.0000
  0
VERTEX
  8
1
  10
4993.1338
  20
1225.2960
  42
0.0000
  0
VERTEX
  8
1
  10
4993.1338
  20
1225.2959
  42
0.0000
  0
VERTEX
  8
1
  10
5000.0630
  20
1220.4611
  42
0.0000
  0
VERTEX
  8
1
  10
5006.6221
  20
1215.1390
  42
0.0000
  0
VERTEX
  8
1
  10
5011.3208
  20
1210.6090
  42
0.0000
  0
VERTEX
  8
1
  10
5015.5371
  20
1205.6290
  42
0.0000
  0
VERTEX
  8
1
  10
5021.1108
  20
1198.5800
  42
0.0000
  0
VERTEX
  8
1
  10
5026.0420
  20
1191.0690
  42
0.0000
  0
VERTEX
  8
1
  10
5030.3818
  20
1183.0140
  42
0.0000
  0
VERTEX
  8
1
  10
5034.0059
  20
1174.6121
  42
0.0000
  0
VERTEX
  8
1
  10
5036.7910
  20
1166.4860
  42
0.0000
  0
VERTEX
  8
1
  10
5038.7749
  20
1158.1260
  42
0.0000
  0
VERTEX
  8
1
  10
5040.2998
  20
1147.6760
  42
0.0000
  0
VERTEX
  8
1
  10
5041.0039
  20
1137.1360
  42
0.0000
  0
VERTEX
  8
1
  10
5041.0039
  20
1137.1359
  42
0.0000
  0
VERTEX
  8
1
  10
5040.4692
  20
1125.2419
  42
0.0000
  0
VERTEX
  8
1
  10
5038.7329
  20
1113.4620
  42
0.0000
  0
VERTEX
  8
1
  10
5035.9502
  20
1102.6110
  42
0.0000
  0
VERTEX
  8
1
  10
5032.0181
  20
1092.1160
  42
0.0000
  0
VERTEX
  8
1
  10
5027.4229
  20
1082.3160
  42
0.0000
  0
VERTEX
  8
1
  10
5022.2368
  20
1072.8210
  42
0.0000
  0
VERTEX
  8
1
  10
5014.7778
  20
1061.4170
  42
0.0000
  0
VERTEX
  8
1
  10
5006.5220
  20
1050.5811
  42
0.0000
  0
VERTEX
  8
1
  10
5007.6548
  20
1040.4430
  42
0.0000
  0
VERTEX
  8
1
  10
4992.7339
  20
1038.8080
  42
0.0000
  0
VERTEX
  8
1
  10
4919.6719
  20
1030.9280
  42
0.0000
  0
VERTEX
  8
1
  10
4851.0869
  20
1024.0250
  42
0.0000
  0
VERTEX
  8
1
  10
4850.9048
  20
1024.0129
  42
0.0000
  0
VERTEX
  8
1
  10
4810.7041
  20
1021.6760
  42
0.0000
  0
VERTEX
  8
1
  10
4770.4658
  20
1020.2040
  42
0.0000
  0
VERTEX
  8
1
  10
4672.1582
  20
1019.4020
  42
0.0000
  0
VERTEX
  8
1
  10
4630.7749
  20
1021.8380
  42
0.0000
  0
VERTEX
  8
1
  10
4590.6392
  20
1024.7460
  42
0.0000
  0
VERTEX
  8
1
  10
4575.5610
  20
1026.4370
  42
0.0000
  0
VERTEX
  8
1
  10
4560.5298
  20
1028.4821
  42
0.0000
  0
VERTEX
  8
1
  10
4546.9072
  20
1030.6770
  42
0.0000
  0
VERTEX
  8
1
  10
4533.3472
  20
1033.2190
  42
0.0000
  0
VERTEX
  8
1
  10
4533.3467
  20
1033.2190
  42
0.0000
  0
VERTEX
  8
1
  10
4443.9082
  20
1051.3800
  42
0.0000
  0
VERTEX
  8
1
  10
4419.6030
  20
1056.9000
  42
0.0000
  0
VERTEX
  8
1
  10
4395.4268
  20
1062.9500
  42
0.0000
  0
SEQEND
  0
POLYLINE
  8
8
  66
1
  70
0
  0
VERTEX
  8
8
  10
4992.7749
  20
1050.4550
  42
0.0000
  0
VERTEX
  8
8
  10
4992.7759
  20
1211.2889
  42
0.0000
  0
SEQEND
  0
POLYLINE
  8
8
  66
1
  70
0
  0
VERTEX
  8
8
  10
4906.0591
  20
1039.9390
  42
0.0000
  0
VERTEX
  8
8
  10
4905.2261
  20
1256.3831
  42
0.0000
  0
SEQEND
  0
POLYLINE
  8
8
  66
1
  70
0
  0
VERTEX
  8
8
  10
4817.9722
  20
1031.6890
  42
0.0000
  0
VERTEX
  8
8
  10
4818.1831
  20
1319.0640
  42
0.0000
  0
SEQEND
  0
POLYLINE
  8
8
  66
1
  70
0
  0
VERTEX
  8
8
  10
4730.2241
  20
1027.1160
  42
0.0000
  0
VERTEX
  8
8
  10
4729.9292
  20
1296.6080
  42
0.0000
  0
SEQEND
  0
POLYLINE
  8
8
  66
1
  70
0
  0
VERTEX
  8
8
  10
4642.4761
  20
1027.0670
  42
0.0000
  0
VERTEX
  8
8
  10
4642.9961
  20
1280.7209
  42
0.0000
  0
SEQEND
  0
POLYLINE
  8
8
  66
1
  70
0
  0
VERTEX
  8
8
  10
4555.0249
  20
1031.7480
  42
0.0000
  0
VERTEX
  8
8
  10
4556.2290
  20
1270.3149
  42
0.0000
  0
SEQEND
  0
POLYLINE
  8
8
  66
1
  70
0
  0
VERTEX
  8
8
  10
4466.1729
  20
1049.6180
  42
0.0000
  0
VERTEX
  8
8
  10
4469.3628
  20
1266.4030
  42
0.0000
  0
SEQEND
  0
POINT
  8
2
  10
4398.0068
  20
1072.8250
  0
POINT
  8
3
  10
4402.8281
  20
1120.4630
  0
POINT
  8
3
  10
4405.7520
  20
1168.2510
  0
POINT
  8
3
  10
4406.8208
  20
1217.2780
  0
POINT
  8
2
  10
4405.9868
  20
1266.3090
  0
POINT
  8
3
  10
4420.2158
  20
1265.5439
  0
POINT
  8
3
  10
4434.4619
  20
1265.1610
  0
POINT
  8
3
  10
4449.8281
  20
1265.1450
  0
POINT
  8
3
  10
4465.1909
  20
1265.5100
  0
POINT
  8
3
  10
4489.5200
  20
1266.6980
  0
POINT
  8
2
  10
4513.8481
  20
1267.8850
  0
POINT
  8
3
  10
4587.1182
  20
1274.5050
  0
POINT
  8
3
  10
4659.9648
  20
1284.7240
  0
POINT
  8
3
  10
4730.4570
  20
1298.2250
  0
POINT
  8
2
  10
4800.1621
  20
1315.2650
  0
POINT
  8
2
  10
4838.0308
  20
1326.4449
  0
POINT
  8
3
  10
4840.5850
  20
1318.9060
  0
POINT
  8
3
  10
4843.9248
  20
1311.6740
  0
POINT
  8
3
  10
4848.0142
  20
1304.8290
  0
POINT
  8
3
  10
4852.8071
  20
1298.4480
  0
POINT
  8
3
  10
4862.9941
  20
1287.4460
  0
POINT
  8
3
  10
4874.2271
  20
1277.4900
  0
POINT
  8
2
  10
4886.3950
  20
1268.6790
  0
POINT
  8
3
  10
4923.3662
  20
1249.4700
  0
POINT
  8
3
  10
4961.8828
  20
1230.8400
  0
POINT
  8
3
  10
4968.2422
  20
1227.8361
  0
POINT
  8
3
  10
4974.4722
  20
1224.5760
  0
POINT
  8
3
  10
4981.0571
  20
1220.7930
  0
POINT
  8
3
  10
4987.4912
  20
1216.7629
  0
POINT
  8
3
  10
4993.8071
  20
1212.3580
  0
POINT
  8
3
  10
4999.7842
  20
1207.5110
  0
POINT
  8
3
  10
5003.8271
  20
1203.6121
  0
POINT
  8
3
  10
5007.4600
  20
1199.3330
  0
POINT
  8
3
  10
5012.6128
  20
1192.8170
  0
POINT
  8
3
  10
5017.1738
  20
1185.8810
  0
POINT
  8
3
  10
5021.1099
  20
1178.5730
  0
POINT
  8
3
  10
5024.3911
  20
1170.9530
  0
POINT
  8
3
  10
5026.8818
  20
1163.7061
  0
POINT
  8
3
  10
5028.6499
  20
1156.2531
  0
POINT
  8
3
  10
5030.0508
  20
1146.6630
  0
POINT
  8
3
  10
5030.7051
  20
1136.9950
  0
POINT
  8
3
  10
5030.2129
  20
1126.1710
  0
POINT
  8
3
  10
5028.6299
  20
1115.4490
  0
POINT
  8
3
  10
5026.1060
  20
1105.6121
  0
POINT
  8
3
  10
5022.5352
  20
1096.0980
  0
POINT
  8
3
  10
5016.7671
  20
1084.0250
  0
POINT
  8
3
  10
5009.9321
  20
1072.5100
  0
POINT
  8
3
  10
5001.2441
  20
1060.3630
  0
POINT
  8
2
  10
4991.5991
  20
1048.9460
  0
POINT
  8
3
  10
4918.6108
  20
1041.0740
  0
POINT
  8
3
  10
4850.2451
  20
1034.1910
  0
POINT
  8
3
  10
4810.2651
  20
1031.8669
  0
POINT
  8
3
  10
4770.2432
  20
1030.4020
  0
POINT
  8
2
  10
4672.4731
  20
1029.5970
  0
POINT
  8
3
  10
4631.4902
  20
1032.0140
  0
POINT
  8
3
  10
4591.6118
  20
1034.9000
  0
POINT
  8
3
  10
4576.8140
  20
1036.5620
  0
POINT
  8
3
  10
4562.0581
  20
1038.5699
  0
POINT
  8
3
  10
4548.6309
  20
1040.7330
  0
POINT
  8
3
  10
4535.2642
  20
1043.2400
  0
POINT
  8
3
  10
4446.1548
  20
1061.3350
  0
POINT
  8
3
  10
4422.0171
  20
1066.8160
  0
POINT
  8
2
  10
4386.7480
  20
1065.1730
  0
POINT
  8
3
  10
4387.7749
  20
1073.9930
  0
POINT
  8
3
  10
4392.5571
  20
1121.2300
  0
POINT
  8
3
  10
4395.4580
  20
1168.6180
  0
POINT
  8
3
  10
4396.5210
  20
1217.3000
  0
POINT
  8
3
  10
4395.6919
  20
1265.9900
  0
POINT
  8
2
  10
4395.3408
  20
1277.0959
  0
POINT
  8
3
  10
4406.5449
  20
1276.4940
  0
POINT
  8
3
  10
4420.5659
  20
1275.7400
  0
POINT
  8
3
  10
4434.6069
  20
1275.3610
  0
POINT
  8
3
  10
4449.7109
  20
1275.3450
  0
POINT
  8
3
  10
4464.8130
  20
1275.7040
  0
POINT
  8
3
  10
4464.9961
  20
1275.7130
  0
POINT
  8
3
  10
4489.0181
  20
1276.8860
  0
POINT
  8
2
  10
4513.2231
  20
1278.0670
  0
POINT
  8
3
  10
4585.9521
  20
1284.6400
  0
POINT
  8
3
  10
4658.2661
  20
1294.7841
  0
POINT
  8
3
  10
4728.2012
  20
1308.1780
  0
POINT
  8
2
  10
4797.3608
  20
1325.0820
  0
POINT
  8
2
  10
4797.3613
  20
1325.0820
  0
POINT
  8
3
  10
4835.0898
  20
1336.2200
  0
POINT
  8
2
  10
4844.8872
  20
1339.1121
  0
POINT
  8
3
  10
4847.8809
  20
1329.4320
  0
POINT
  8
3
  10
4850.1030
  20
1322.8340
  0
POINT
  8
3
  10
4853.0078
  20
1316.4980
  0
POINT
  8
3
  10
4856.5771
  20
1310.5050
  0
POINT
  8
3
  10
4860.7681
  20
1304.9240
  0
POINT
  8
3
  10
4870.1821
  20
1294.7770
  0
POINT
  8
3
  10
4880.5352
  20
1285.5770
  0
POINT
  8
2
  10
4891.7451
  20
1277.4120
  0
POINT
  8
3
  10
4928.0181
  20
1258.5699
  0
POINT
  8
3
  10
4966.1240
  20
1240.1370
  0
POINT
  8
3
  10
4966.3159
  20
1240.0460
  0
POINT
  8
3
  10
4972.9541
  20
1236.9060
  0
POINT
  8
3
  10
4979.4648
  20
1233.4980
  0
POINT
  8
3
  10
4986.3750
  20
1229.5280
  0
POINT
  8
2
  10
4993.1338
  20
1225.2960
  0
POINT
  8
2
  10
4993.1338
  20
1225.2959
  0
POINT
  8
3
  10
5000.0630
  20
1220.4611
  0
POINT
  8
3
  10
5006.6221
  20
1215.1390
  0
POINT
  8
3
  10
5011.3208
  20
1210.6090
  0
POINT
  8
3
  10
5015.5371
  20
1205.6290
  0
POINT
  8
3
  10
5021.1108
  20
1198.5800
  0
POINT
  8
3
  10
5026.0420
  20
1191.0690
  0
POINT
  8
3
  10
5030.3818
  20
1183.0140
  0
POINT
  8
3
  10
5034.0059
  20
1174.6121
  0
POINT
  8
3
  10
5036.7910
  20
1166.4860
  0
POINT
  8
3
  10
5038.7749
  20
1158.1260
  0
POINT
  8
3
  10
5040.2998
  20
1147.6760
  0
POINT
  8
2
  10
5041.0039
  20
1137.1360
  0
POINT
  8
2
  10
5041.0039
  20
1137.1359
  0
POINT
  8
3
  10
5040.4692
  20
1125.2419
  0
POINT
  8
3
  10
5038.7329
  20
1113.4620
  0
POINT
  8
3
  10
5035.9502
  20
1102.6110
  0
POINT
  8
3
  10
5032.0181
  20
1092.1160
  0
POINT
  8
3
  10
5027.4229
  20
1082.3160
  0
POINT
  8
3
  10
5022.2368
  20
1072.8210
  0
POINT
  8
3
  10
5014.7778
  20
1061.4170
  0
POINT
  8
2
  10
5006.5220
  20
1050.5811
  0
POINT
  8
2
  10
5007.6548
  20
1040.4430
  0
POINT
  8
3
  10
4992.7339
  20
1038.8080
  0
POINT
  8
3
  10
4919.6719
  20
1030.9280
  0
POINT
  8
2
  10
4851.0869
  20
1024.0250
  0
POINT
  8
3
  10
4850.9048
  20
1024.0129
  0
POINT
  8
3
  10
4810.7041
  20
1021.6760
  0
POINT
  8
3
  10
4770.4658
  20
1020.2040
  0
POINT
  8
2
  10
4672.1582
  20
1019.4020
  0
POINT
  8
3
  10
4630.7749
  20
1021.8380
  0
POINT
  8
3
  10
4590.6392
  20
1024.7460
  0
POINT
  8
3
  10
4575.5610
  20
1026.4370
  0
POINT
  8
3
  10
4560.5298
  20
1028.4821
  0
POINT
  8
3
  10
4546.9072
  20
1030.6770
  0
POINT
  8
2
  10
4533.3472
  20
1033.2190
  0
POINT
  8
2
  10
4533.3467
  20
1033.2190
  0
POINT
  8
3
  10
4443.9082
  20
1051.3800
  0
POINT
  8
3
  10
4419.6030
  20
1056.9000
  0
POINT
  8
3
  10
4395.4268
  20
1062.9500
  0
POINT
  8
4
  10
4464.9961
  20
1275.7130
  30
10.0000
  50
-88.9082
  0
POINT
  8
4
  10
4797.3613
  20
1325.0820
  30
10.0000
  50
-74.2594
  0
POINT
  8
4
  10
4966.1240
  20
1240.1370
  30
10.0000
  50
-114.5231
  0
POINT
  8
4
  10
4993.1338
  20
1225.2959
  30
10.0000
  50
-123.3320
  0
POINT
  8
4
  10
5041.0039
  20
1137.1359
  30
10.0000
  50
-179.7075
  0
POINT
  8
4
  10
4850.9048
  20
1024.0129
  30
10.0000
  50
94.0198
  0
POINT
  8
4
  10
4533.3467
  20
1033.2190
  30
10.0000
  50
79.3146
  0
POINT
  8
2
  10
4992.7749
  20
1050.4550
  0
POINT
  8
2
  10
4992.7759
  20
1211.2889
  0
POINT
  8
2
  10
4906.0591
  20
1039.9390
  0
POINT
  8
2
  10
4905.2261
  20
1256.3831
  0
POINT
  8
2
  10
4817.9722
  20
1031.6890
  0
POINT
  8
2
  10
4818.1831
  20
1319.0640
  0
POINT
  8
2
  10
4730.2241
  20
1027.1160
  0
POINT
  8
2
  10
4729.9292
  20
1296.6080
  0
POINT
  8
2
  10
4642.4761
  20
1027.0670
  0
POINT
  8
2
  10
4642.9961
  20
1280.7209
  0
POINT
  8
2
  10
4555.0249
  20
1031.7480
  0
POINT
  8
2
  10
4556.2290
  20
1270.3149
  0
POINT
  8
2
  10
4466.1729
  20
1049.6180
  0
POINT
  8
2
  10
4469.3628
  20
1266.4030
  0
TEXT
  8
2
  10
4398.0068
  20
1072.8250
  40
8.0000
  1
# 192
  0
TEXT
  8
14
  10
4398.0068
  20
1072.8250
  40
8.0000
  1
# 192
  0
TEXT
  8
2
  10
4405.9868
  20
1266.3090
  40
8.0000
  1
# 193
  0
TEXT
  8
14
  10
4405.9868
  20
1266.3090
  40
8.0000
  1
# 193
  0
TEXT
  8
3
  10
4465.1909
  20
1265.5100
  40
8.0000
  1
# 194
  0
TEXT
  8
14
  10
4465.1909
  20
1265.5100
  40
8.0000
  1
# 194
  0
TEXT
  8
2
  10
4800.1621
  20
1315.2650
  40
8.0000
  1
# 195
  0
TEXT
  8
14
  10
4800.1621
  20
1315.2650
  40
8.0000
  1
# 195
  0
TEXT
  8
2
  10
4838.0308
  20
1326.4449
  40
8.0000
  1
# 196
  0
TEXT
  8
14
  10
4838.0308
  20
1326.4449
  40
8.0000
  1
# 196
  0
TEXT
  8
3
  10
4961.8828
  20
1230.8400
  40
8.0000
  1
# 197
  0
TEXT
  8
14
  10
4961.8828
  20
1230.8400
  40
8.0000
  1
# 197
  0
TEXT
  8
3
  10
4987.4912
  20
1216.7629
  40
8.0000
  1
# 197
  0
TEXT
  8
14
  10
4987.4912
  20
1216.7629
  40
8.0000
  1
# 197
  0
TEXT
  8
3
  10
5030.7051
  20
1136.9950
  40
8.0000
  1
# 198
  0
TEXT
  8
14
  10
5030.7051
  20
1136.9950
  40
8.0000
  1
# 198
  0
TEXT
  8
2
  10
4991.5991
  20
1048.9460
  40
8.0000
  1
# 199
  0
TEXT
  8
14
  10
4991.5991
  20
1048.9460
  40
8.0000
  1
# 199
  0
TEXT
  8
3
  10
4850.2451
  20
1034.1910
  40
8.0000
  1
# 200
  0
TEXT
  8
14
  10
4850.2451
  20
1034.1910
  40
8.0000
  1
# 200
  0
TEXT
  8
3
  10
4591.6118
  20
1034.9000
  40
8.0000
  1
# 201
  0
TEXT
  8
14
  10
4591.6118
  20
1034.9000
  40
8.0000
  1
# 201
  0
TEXT
  8
2
  10
4386.7480
  20
1065.1730
  40
8.0000
  1
# 202
  0
TEXT
  8
1
  10
4386.7480
  20
1065.1730
  40
8.0000
  1
# 202
  0
TEXT
  8
3
  10
4387.7749
  20
1073.9930
  40
8.0000
  1
# 203
  0
TEXT
  8
1
  10
4387.7749
  20
1073.9930
  40
8.0000
  1
# 203
  0
TEXT
  8
3
  10
4395.6919
  20
1265.9900
  40
8.0000
  1
# 204
  0
TEXT
  8
1
  10
4395.6919
  20
1265.9900
  40
8.0000
  1
# 204
  0
TEXT
  8
2
  10
4395.3408
  20
1277.0959
  40
8.0000
  1
# 205
  0
TEXT
  8
1
  10
4395.3408
  20
1277.0959
  40
8.0000
  1
# 205
  0
TEXT
  8
3
  10
4406.5449
  20
1276.4940
  40
8.0000
  1
# 206
  0
TEXT
  8
1
  10
4406.5449
  20
1276.4940
  40
8.0000
  1
# 206
  0
TEXT
  8
3
  10
4464.8130
  20
1275.7040
  40
8.0000
  1
# 207
  0
TEXT
  8
1
  10
4464.8130
  20
1275.7040
  40
8.0000
  1
# 207
  0
TEXT
  8
3
  10
4464.9961
  20
1275.7130
  40
8.0000
  1
# 208
  0
TEXT
  8
1
  10
4464.9961
  20
1275.7130
  40
8.0000
  1
# 208
  0
TEXT
  8
2
  10
4797.3608
  20
1325.0820
  40
8.0000
  1
# 209
  0
TEXT
  8
1
  10
4797.3608
  20
1325.0820
  40
8.0000
  1
# 209
  0
TEXT
  8
2
  10
4797.3613
  20
1325.0820
  40
8.0000
  1
# 210
  0
TEXT
  8
1
  10
4797.3613
  20
1325.0820
  40
8.0000
  1
# 210
  0
TEXT
  8
3
  10
4835.0898
  20
1336.2200
  40
8.0000
  1
# 211
  0
TEXT
  8
1
  10
4835.0898
  20
1336.2200
  40
8.0000
  1
# 211
  0
TEXT
  8
2
  10
4844.8872
  20
1339.1121
  40
8.0000
  1
# 212
  0
TEXT
  8
1
  10
4844.8872
  20
1339.1121
  40
8.0000
  1
# 212
  0
TEXT
  8
3
  10
4847.8809
  20
1329.4320
  40
8.0000
  1
# 213
  0
TEXT
  8
1
  10
4847.8809
  20
1329.4320
  40
8.0000
  1
# 213
  0
TEXT
  8
2
  10
4891.7451
  20
1277.4120
  40
8.0000
  1
# 214
  0
TEXT
  8
1
  10
4891.7451
  20
1277.4120
  40
8.0000
  1
# 214
  0
TEXT
  8
3
  10
4966.1240
  20
1240.1370
  40
8.0000
  1
# 215
  0
TEXT
  8
1
  10
4966.1240
  20
1240.1370
  40
8.0000
  1
# 215
  0
TEXT
  8
3
  10
4966.3159
  20
1240.0460
  40
8.0000
  1
# 216
  0
TEXT
  8
1
  10
4966.3159
  20
1240.0460
  40
8.0000
  1
# 216
  0
TEXT
  8
2
  10
4993.1338
  20
1225.2960
  40
8.0000
  1
# 217
  0
TEXT
  8
1
  10
4993.1338
  20
1225.2960
  40
8.0000
  1
# 217
  0
TEXT
  8
2
  10
4993.1338
  20
1225.2959
  40
8.0000
  1
# 217
  0
TEXT
  8
1
  10
4993.1338
  20
1225.2959
  40
8.0000
  1
# 217
  0
TEXT
  8
3
  10
5015.5371
  20
1205.6290
  40
8.0000
  1
# 218
  0
TEXT
  8
1
  10
5015.5371
  20
1205.6290
  40
8.0000
  1
# 218
  0
TEXT
  8
3
  10
5034.0059
  20
1174.6121
  40
8.0000
  1
# 219
  0
TEXT
  8
1
  10
5034.0059
  20
1174.6121
  40
8.0000
  1
# 219
  0
TEXT
  8
2
  10
5041.0039
  20
1137.1360
  40
8.0000
  1
# 220
  0
TEXT
  8
1
  10
5041.0039
  20
1137.1360
  40
8.0000
  1
# 220
  0
TEXT
  8
2
  10
5041.0039
  20
1137.1359
  40
8.0000
  1
# 221
  0
TEXT
  8
1
  10
5041.0039
  20
1137.1359
  40
8.0000
  1
# 221
  0
TEXT
  8
3
  10
5032.0181
  20
1092.1160
  40
8.0000
  1
# 222
  0
TEXT
  8
1
  10
5032.0181
  20
1092.1160
  40
8.0000
  1
# 222
  0
TEXT
  8
2
  10
5006.5220
  20
1050.5811
  40
8.0000
  1
# 223
  0
TEXT
  8
1
  10
5006.5220
  20
1050.5811
  40
8.0000
  1
# 223
  0
TEXT
  8
2
  10
5007.6548
  20
1040.4430
  40
8.0000
  1
# 224
  0
TEXT
  8
1
  10
5007.6548
  20
1040.4430
  40
8.0000
  1
# 224
  0
TEXT
  8
3
  10
4992.7339
  20
1038.8080
  40
8.0000
  1
# 225
  0
TEXT
  8
1
  10
4992.7339
  20
1038.8080
  40
8.0000
  1
# 225
  0
TEXT
  8
2
  10
4851.0869
  20
1024.0250
  40
8.0000
  1
# 226
  0
TEXT
  8
1
  10
4851.0869
  20
1024.0250
  40
8.0000
  1
# 226
  0
TEXT
  8
3
  10
4850.9048
  20
1024.0129
  40
8.0000
  1
# 227
  0
TEXT
  8
1
  10
4850.9048
  20
1024.0129
  40
8.0000
  1
# 227
  0
TEXT
  8
3
  10
4590.6392
  20
1024.7460
  40
8.0000
  1
# 228
  0
TEXT
  8
1
  10
4590.6392
  20
1024.7460
  40
8.0000
  1
# 228
  0
TEXT
  8
2
  10
4533.3467
  20
1033.2190
  40
8.0000
  1
# 229
  0
TEXT
  8
1
  10
4533.3467
  20
1033.2190
  40
8.0000
  1
# 229
  0
TEXT
  8
3
  10
4395.4268
  20
1062.9500
  40
8.0000
  1
# 230
  0
TEXT
  8
1
  10
4395.4268
  20
1062.9500
  40
8.0000
  1
# 230
  0
TEXT
  8
4
  10
4464.9961
  20
1275.7130
  40
8.0000
  1
# 208
  0
TEXT
  8
4
  10
4797.3613
  20
1325.0820
  40
8.0000
  1
# 210
  0
TEXT
  8
4
  10
4966.1240
  20
1240.1370
  40
8.0000
  1
# 215
  0
TEXT
  8
4
  10
4993.1338
  20
1225.2959
  40
8.0000
  1
# 217
  0
TEXT
  8
4
  10
5041.0039
  20
1137.1359
  40
8.0000
  1
# 221
  0
TEXT
  8
4
  10
4850.9048
  20
1024.0129
  40
8.0000
  1
# 227
  0
TEXT
  8
4
  10
4533.3467
  20
1033.2190
  40
8.0000
  1
# 229
  0
TEXT
  8
2
  10
4992.7749
  20
1050.4550
  40
8.0000
  1
# 231
  0
TEXT
  8
8
  10
4992.7749
  20
1050.4550
  40
8.0000
  1
# 231
  0
TEXT
  8
2
  10
4992.7759
  20
1211.2889
  40
8.0000
  1
# 197
  0
TEXT
  8
8
  10
4992.7759
  20
1211.2889
  40
8.0000
  1
# 197
  0
TEXT
  8
2
  10
4906.0591
  20
1039.9390
  40
8.0000
  1
# 232
  0
TEXT
  8
8
  10
4906.0591
  20
1039.9390
  40
8.0000
  1
# 232
  0
TEXT
  8
2
  10
4905.2261
  20
1256.3831
  40
8.0000
  1
# 197
  0
TEXT
  8
8
  10
4905.2261
  20
1256.3831
  40
8.0000
  1
# 197
  0
TEXT
  8
2
  10
4817.9722
  20
1031.6890
  40
8.0000
  1
# 233
  0
TEXT
  8
8
  10
4817.9722
  20
1031.6890
  40
8.0000
  1
# 233
  0
TEXT
  8
2
  10
4818.1831
  20
1319.0640
  40
8.0000
  1
# 234
  0
TEXT
  8
8
  10
4818.1831
  20
1319.0640
  40
8.0000
  1
# 234
  0
TEXT
  8
2
  10
4730.2241
  20
1027.1160
  40
8.0000
  1
# 235
  0
TEXT
  8
8
  10
4730.2241
  20
1027.1160
  40
8.0000
  1
# 235
  0
TEXT
  8
2
  10
4729.9292
  20
1296.6080
  40
8.0000
  1
# 236
  0
TEXT
  8
8
  10
4729.9292
  20
1296.6080
  40
8.0000
  1
# 236
  0
TEXT
  8
2
  10
4642.4761
  20
1027.0670
  40
8.0000
  1
# 237
  0
TEXT
  8
8
  10
4642.4761
  20
1027.0670
  40
8.0000
  1
# 237
  0
TEXT
  8
2
  10
4642.9961
  20
1280.7209
  40
8.0000
  1
# 238
  0
TEXT
  8
8
  10
4642.9961
  20
1280.7209
  40
8.0000
  1
# 238
  0
TEXT
  8
2
  10
4555.0249
  20
1031.7480
  40
8.0000
  1
# 239
  0
TEXT
  8
8
  10
4555.0249
  20
1031.7480
  40
8.0000
  1
# 239
  0
TEXT
  8
2
  10
4556.2290
  20
1270.3149
  40
8.0000
  1
# 240
  0
TEXT
  8
8
  10
4556.2290
  20
1270.3149
  40
8.0000
  1
# 240
  0
TEXT
  8
2
  10
4466.1729
  20
1049.6180
  40
8.0000
  1
# 241
  0
TEXT
  8
8
  10
4466.1729
  20
1049.6180
  40
8.0000
  1
# 241
  0
TEXT
  8
2
  10
4469.3628
  20
1266.4030
  40
8.0000
  1
# 242
  0
TEXT
  8
8
  10
4469.3628
  20
1266.4030
  40
8.0000
  1
# 242
  0
TEXT
  8
19
  10
4645.1309
  20
1113.8519
  40
6.0000
  1
INCLUDED QUILTING ALLOWANCE
  50
-0.0065
  51
0.00
  0
TEXT
  8
1
  10
4386.7480
  20
1009.2759
  40
8.0000
  1
Piece Name: QUILT.SLEEVE 2P
  0
TEXT
  8
1
  10
4386.7480
  20
999.2759
  40
8.0000
  1
Size: 50
  0
TEXT
  8
1
  10
4386.7480
  20
989.2759
  40
8.0000
  1
Quantity: 1
  0
TEXT
  8
1
  10
4386.7480
  20
979.2759
  40
8.0000
  1
Annotation: 
  0
TEXT
  8
1
  10
4386.7480
  20
969.2759
  40
8.0000
  1
Category: NYLON
  0
LINE
  8
7
  10
4546.4541
  20
1140.4390
  11
4922.7690
  21
1140.4390
  0
ENDBLK
  0
BLOCK
  8
1
  2
QUILT.UNDER_SLEEVE_2P-S_50
  10
0.0000
  20
0.0000
70
0
  0
POLYLINE
  8
14
  66
1
  70
1
  0
VERTEX
  8
14
  10
1866.2820
  20
1032.5500
  42
0.0000
  0
VERTEX
  8
14
  10
1827.0959
  20
1037.7061
  42
0.0000
  0
VERTEX
  8
14
  10
1768.2780
  20
1043.3430
  42
0.0000
  0
VERTEX
  8
14
  10
1715.2400
  20
1047.0770
  42
0.0000
  0
VERTEX
  8
14
  10
1675.1639
  20
1048.0800
  42
0.0000
  0
VERTEX
  8
14
  10
1635.0770
  20
1047.6630
  42
0.0000
  0
VERTEX
  8
14
  10
1591.4850
  20
1045.7271
  42
0.0000
  0
VERTEX
  8
14
  10
1547.9810
  20
1042.3730
  42
0.0000
  0
VERTEX
  8
14
  10
1535.4360
  20
1041.3781
  42
0.0000
  0
VERTEX
  8
14
  10
1522.9180
  20
1040.0930
  42
0.0000
  0
VERTEX
  8
14
  10
1489.8521
  20
1035.7209
  42
0.0000
  0
VERTEX
  8
14
  10
1474.9130
  20
1033.5790
  42
0.0000
  0
VERTEX
  8
14
  10
1460.0341
  20
1031.0510
  42
0.0000
  0
VERTEX
  8
14
  10
1445.8080
  20
1028.2440
  42
0.0000
  0
VERTEX
  8
14
  10
1431.6639
  20
1025.0540
  42
0.0000
  0
VERTEX
  8
14
  10
1401.2440
  20
1132.8000
  42
0.0000
  0
VERTEX
  8
14
  10
1469.9700
  20
1154.1240
  42
0.0000
  0
VERTEX
  8
14
  10
1536.0140
  20
1172.2880
  42
0.0000
  0
VERTEX
  8
14
  10
1568.0660
  20
1179.7230
  42
0.0000
  0
VERTEX
  8
14
  10
1600.4120
  20
1185.7841
  42
0.0000
  0
VERTEX
  8
14
  10
1638.3440
  20
1191.3459
  42
0.0000
  0
VERTEX
  8
14
  10
1676.4600
  20
1195.5170
  42
0.0000
  0
VERTEX
  8
14
  10
1717.3500
  20
1198.9120
  42
0.0000
  0
VERTEX
  8
14
  10
1758.3149
  20
1201.3030
  42
0.0000
  0
VERTEX
  8
14
  10
1802.7850
  20
1202.8500
  42
0.0000
  0
VERTEX
  8
14
  10
1847.2800
  20
1203.3910
  42
0.0000
  0
VERTEX
  8
14
  10
1989.3230
  20
1198.9080
  42
0.0000
  0
VERTEX
  8
14
  10
1977.0439
  20
1188.7950
  42
0.0000
  0
VERTEX
  8
14
  10
1968.0450
  20
1181.3820
  42
0.0000
  0
VERTEX
  8
14
  10
1958.8420
  20
1174.2200
  42
0.0000
  0
VERTEX
  8
14
  10
1951.2380
  20
1168.6700
  42
0.0000
  0
VERTEX
  8
14
  10
1943.4460
  20
1163.3820
  42
0.0000
  0
VERTEX
  8
14
  10
1927.1200
  20
1151.9940
  42
0.0000
  0
VERTEX
  8
14
  10
1911.3459
  20
1139.8680
  42
0.0000
  0
VERTEX
  8
14
  10
1902.4470
  20
1132.1010
  42
0.0000
  0
VERTEX
  8
14
  10
1894.1890
  20
1123.6689
  42
0.0000
  0
VERTEX
  8
14
  10
1886.4561
  20
1112.4510
  42
0.0000
  0
VERTEX
  8
14
  10
1879.9210
  20
1100.5100
  42
0.0000
  0
VERTEX
  8
14
  10
1874.9020
  20
1088.4890
  42
0.0000
  0
VERTEX
  8
14
  10
1871.2061
  20
1076.0081
  42
0.0000
  0
VERTEX
  8
14
  10
1869.2610
  20
1066.7500
  42
0.0000
  0
VERTEX
  8
14
  10
1867.9010
  20
1057.3900
  42
0.0000
  0
VERTEX
  8
14
  10
1866.7950
  20
1044.9890
  42
0.0000
  0
SEQEND
  0
POLYLINE
  8
1
  66
1
  70
1
  0
VERTEX
  8
1
  10
1876.2460
  20
1020.9490
  42
0.0000
  0
VERTEX
  8
1
  10
1864.9250
  20
1022.4390
  42
0.0000
  0
VERTEX
  8
1
  10
1827.0150
  20
1027.4270
  42
0.0000
  0
VERTEX
  8
1
  10
1825.8910
  20
1027.5750
  42
0.0000
  0
VERTEX
  8
1
  10
1767.4130
  20
1033.1790
  42
0.0000
  0
VERTEX
  8
1
  10
1714.7330
  20
1036.8879
  42
0.0000
  0
VERTEX
  8
1
  10
1675.0560
  20
1037.8800
  42
0.0000
  0
VERTEX
  8
1
  10
1635.3660
  20
1037.4670
  42
0.0000
  0
VERTEX
  8
1
  10
1592.0610
  20
1035.5420
  42
0.0000
  0
VERTEX
  8
1
  10
1548.8380
  20
1032.2560
  42
0.0000
  0
VERTEX
  8
1
  10
1524.0861
  20
1029.9580
  42
0.0000
  0
VERTEX
  8
1
  10
1491.8300
  20
1025.7209
  42
0.0000
  0
VERTEX
  8
1
  10
1491.2889
  20
1025.6429
  42
0.0000
  0
VERTEX
  8
1
  10
1473.0670
  20
1022.9140
  42
0.0000
  0
VERTEX
  8
1
  10
1454.9270
  20
1019.6920
  42
0.0000
  0
VERTEX
  8
1
  10
1434.0200
  20
1015.1240
  42
0.0000
  0
VERTEX
  8
1
  10
1424.4041
  20
1012.8870
  42
0.0000
  0
VERTEX
  8
1
  10
1388.6680
  20
1139.4640
  42
0.0000
  0
VERTEX
  8
1
  10
1398.0470
  20
1142.4960
  42
0.0000
  0
VERTEX
  8
1
  10
1467.0900
  20
1163.9170
  42
0.0000
  0
VERTEX
  8
1
  10
1533.4390
  20
1182.0959
  42
0.0000
  0
VERTEX
  8
1
  10
1533.4391
  20
1182.0959
  42
0.0000
  0
VERTEX
  8
1
  10
1561.8510
  20
1188.8010
  42
0.0000
  0
VERTEX
  8
1
  10
1590.4980
  20
1194.4410
  42
0.0000
  0
VERTEX
  8
1
  10
1628.0861
  20
1200.2740
  42
0.0000
  0
VERTEX
  8
1
  10
1665.8660
  20
1204.7520
  42
0.0000
  0
VERTEX
  8
1
  10
1706.6899
  20
1208.3521
  42
0.0000
  0
VERTEX
  8
1
  10
1747.5920
  20
1210.9880
  42
0.0000
  0
VERTEX
  8
1
  10
1797.5020
  20
1212.8970
  42
0.0000
  0
VERTEX
  8
1
  10
1847.4480
  20
1213.5900
  42
0.0000
  0
VERTEX
  8
1
  10
1847.6080
  20
1213.5840
  42
0.0000
  0
VERTEX
  8
1
  10
2005.1639
  20
1208.6130
  42
0.0000
  0
VERTEX
  8
1
  10
2004.8361
  20
1198.4189
  42
0.0000
  0
VERTEX
  8
1
  10
1983.6310
  20
1180.9530
  42
0.0000
  0
VERTEX
  8
1
  10
1974.4620
  20
1173.4041
  42
0.0000
  0
VERTEX
  8
1
  10
1965.0811
  20
1166.1030
  42
0.0000
  0
VERTEX
  8
1
  10
1957.2791
  20
1160.4091
  42
0.0000
  0
VERTEX
  8
1
  10
1949.2791
  20
1154.9760
  42
0.0000
  0
VERTEX
  8
1
  10
1933.3149
  20
1143.8420
  42
0.0000
  0
VERTEX
  8
1
  10
1917.8820
  20
1131.9830
  42
0.0000
  0
VERTEX
  8
1
  10
1909.7400
  20
1124.8840
  42
0.0000
  0
VERTEX
  8
1
  10
1902.1650
  20
1117.1830
  42
0.0000
  0
VERTEX
  8
1
  10
1895.1580
  20
1106.9750
  42
0.0000
  0
VERTEX
  8
1
  10
1889.2209
  20
1096.1169
  42
0.0000
  0
VERTEX
  8
1
  10
1884.9230
  20
1085.8820
  42
0.0000
  0
VERTEX
  8
1
  10
1881.6429
  20
1075.2841
  42
0.0000
  0
VERTEX
  8
1
  10
1881.2140
  20
1073.5861
  42
0.0000
  0
VERTEX
  8
1
  10
1879.4020
  20
1064.9570
  42
0.0000
  0
VERTEX
  8
1
  10
1878.1360
  20
1056.2330
  42
0.0000
  0
VERTEX
  8
1
  10
1877.0710
  20
1044.2620
  42
0.0000
  0
VERTEX
  8
1
  10
1876.5780
  20
1032.2540
  42
0.0000
  0
SEQEND
  0
POLYLINE
  8
8
  66
1
  70
0
  0
VERTEX
  8
8
  10
1918.3770
  20
1145.3580
  42
0.0000
  0
VERTEX
  8
8
  10
1903.2020
  20
1201.4620
  42
0.0000
  0
SEQEND
  0
POLYLINE
  8
8
  66
1
  70
0
  0
VERTEX
  8
8
  10
1845.7640
  20
1036.0959
  42
0.0000
  0
VERTEX
  8
8
  10
1814.8140
  20
1202.1740
  42
0.0000
  0
SEQEND
  0
POLYLINE
  8
8
  66
1
  70
0
  0
VERTEX
  8
8
  10
1755.1810
  20
1046.1260
  42
0.0000
  0
VERTEX
  8
8
  10
1726.9510
  20
1202.4520
  42
0.0000
  0
SEQEND
  0
POLYLINE
  8
8
  66
1
  70
0
  0
VERTEX
  8
8
  10
1666.6530
  20
1049.0540
  42
0.0000
  0
VERTEX
  8
8
  10
1639.6110
  20
1196.9890
  42
0.0000
  0
SEQEND
  0
POLYLINE
  8
8
  66
1
  70
0
  0
VERTEX
  8
8
  10
1579.2510
  20
1046.1700
  42
0.0000
  0
VERTEX
  8
8
  10
1553.2000
  20
1182.3130
  42
0.0000
  0
SEQEND
  0
POLYLINE
  8
8
  66
1
  70
0
  0
VERTEX
  8
8
  10
1493.8929
  20
1037.4010
  42
0.0000
  0
VERTEX
  8
8
  10
1468.1429
  20
1161.5050
  42
0.0000
  0
SEQEND
  0
POINT
  8
2
  10
1866.2820
  20
1032.5500
  0
POINT
  8
3
  10
1827.0959
  20
1037.7061
  0
POINT
  8
3
  10
1768.2780
  20
1043.3430
  0
POINT
  8
3
  10
1715.2400
  20
1047.0770
  0
POINT
  8
3
  10
1675.1639
  20
1048.0800
  0
POINT
  8
3
  10
1635.0770
  20
1047.6630
  0
POINT
  8
3
  10
1591.4850
  20
1045.7271
  0
POINT
  8
3
  10
1547.9810
  20
1042.3730
  0
POINT
  8
3
  10
1535.4360
  20
1041.3781
  0
POINT
  8
3
  10
1522.9180
  20
1040.0930
  0
POINT
  8
3
  10
1489.8521
  20
1035.7209
  0
POINT
  8
3
  10
1474.9130
  20
1033.5790
  0
POINT
  8
3
  10
1460.0341
  20
1031.0510
  0
POINT
  8
3
  10
1445.8080
  20
1028.2440
  0
POINT
  8
2
  10
1431.6639
  20
1025.0540
  0
POINT
  8
2
  10
1401.2440
  20
1132.8000
  0
POINT
  8
3
  10
1469.9700
  20
1154.1240
  0
POINT
  8
3
  10
1536.0140
  20
1172.2880
  0
POINT
  8
3
  10
1568.0660
  20
1179.7230
  0
POINT
  8
3
  10
1600.4120
  20
1185.7841
  0
POINT
  8
3
  10
1638.3440
  20
1191.3459
  0
POINT
  8
3
  10
1676.4600
  20
1195.5170
  0
POINT
  8
3
  10
1717.3500
  20
1198.9120
  0
POINT
  8
3
  10
1758.3149
  20
1201.3030
  0
POINT
  8
3
  10
1802.7850
  20
1202.8500
  0
POINT
  8
2
  10
1847.2800
  20
1203.3910
  0
POINT
  8
2
  10
1989.3230
  20
1198.9080
  0
POINT
  8
3
  10
1977.0439
  20
1188.7950
  0
POINT
  8
3
  10
1968.0450
  20
1181.3820
  0
POINT
  8
3
  10
1958.8420
  20
1174.2200
  0
POINT
  8
3
  10
1951.2380
  20
1168.6700
  0
POINT
  8
3
  10
1943.4460
  20
1163.3820
  0
POINT
  8
3
  10
1927.1200
  20
1151.9940
  0
POINT
  8
3
  10
1911.3459
  20
1139.8680
  0
POINT
  8
3
  10
1902.4470
  20
1132.1010
  0
POINT
  8
3
  10
1894.1890
  20
1123.6689
  0
POINT
  8
3
  10
1886.4561
  20
1112.4510
  0
POINT
  8
3
  10
1879.9210
  20
1100.5100
  0
POINT
  8
3
  10
1874.9020
  20
1088.4890
  0
POINT
  8
3
  10
1871.2061
  20
1076.0081
  0
POINT
  8
3
  10
1869.2610
  20
1066.7500
  0
POINT
  8
3
  10
1867.9010
  20
1057.3900
  0
POINT
  8
3
  10
1866.7950
  20
1044.9890
  0
POINT
  8
2
  10
1876.2460
  20
1020.9490
  0
POINT
  8
3
  10
1864.9250
  20
1022.4390
  0
POINT
  8
3
  10
1827.0150
  20
1027.4270
  0
POINT
  8
2
  10
1825.8910
  20
1027.5750
  0
POINT
  8
3
  10
1767.4130
  20
1033.1790
  0
POINT
  8
3
  10
1714.7330
  20
1036.8879
  0
POINT
  8
3
  10
1675.0560
  20
1037.8800
  0
POINT
  8
3
  10
1635.3660
  20
1037.4670
  0
POINT
  8
3
  10
1592.0610
  20
1035.5420
  0
POINT
  8
3
  10
1548.8380
  20
1032.2560
  0
POINT
  8
3
  10
1524.0861
  20
1029.9580
  0
POINT
  8
3
  10
1491.8300
  20
1025.7209
  0
POINT
  8
3
  10
1491.2889
  20
1025.6429
  0
POINT
  8
3
  10
1473.0670
  20
1022.9140
  0
POINT
  8
3
  10
1454.9270
  20
1019.6920
  0
POINT
  8
3
  10
1434.0200
  20
1015.1240
  0
POINT
  8
2
  10
1424.4041
  20
1012.8870
  0
POINT
  8
2
  10
1388.6680
  20
1139.4640
  0
POINT
  8
3
  10
1398.0470
  20
1142.4960
  0
POINT
  8
3
  10
1467.0900
  20
1163.9170
  0
POINT
  8
2
  10
1533.4390
  20
1182.0959
  0
POINT
  8
2
  10
1533.4391
  20
1182.0959
  0
POINT
  8
3
  10
1561.8510
  20
1188.8010
  0
POINT
  8
3
  10
1590.4980
  20
1194.4410
  0
POINT
  8
3
  10
1628.0861
  20
1200.2740
  0
POINT
  8
3
  10
1665.8660
  20
1204.7520
  0
POINT
  8
3
  10
1706.6899
  20
1208.3521
  0
POINT
  8
3
  10
1747.5920
  20
1210.9880
  0
POINT
  8
3
  10
1797.5020
  20
1212.8970
  0
POINT
  8
2
  10
1847.4480
  20
1213.5900
  0
POINT
  8
3
  10
1847.6080
  20
1213.5840
  0
POINT
  8
2
  10
2005.1639
  20
1208.6130
  0
POINT
  8
2
  10
2004.8361
  20
1198.4189
  0
POINT
  8
3
  10
1983.6310
  20
1180.9530
  0
POINT
  8
3
  10
1974.4620
  20
1173.4041
  0
POINT
  8
3
  10
1965.0811
  20
1166.1030
  0
POINT
  8
3
  10
1957.2791
  20
1160.4091
  0
POINT
  8
3
  10
1949.2791
  20
1154.9760
  0
POINT
  8
3
  10
1933.3149
  20
1143.8420
  0
POINT
  8
3
  10
1917.8820
  20
1131.9830
  0
POINT
  8
3
  10
1909.7400
  20
1124.8840
  0
POINT
  8
3
  10
1902.1650
  20
1117.1830
  0
POINT
  8
3
  10
1895.1580
  20
1106.9750
  0
POINT
  8
3
  10
1889.2209
  20
1096.1169
  0
POINT
  8
3
  10
1884.9230
  20
1085.8820
  0
POINT
  8
3
  10
1881.6429
  20
1075.2841
  0
POINT
  8
3
  10
1881.2140
  20
1073.5861
  0
POINT
  8
3
  10
1879.4020
  20
1064.9570
  0
POINT
  8
3
  10
1878.1360
  20
1056.2330
  0
POINT
  8
3
  10
1877.0710
  20
1044.2620
  0
POINT
  8
3
  10
1876.5780
  20
1032.2540
  0
POINT
  8
4
  10
1827.0150
  20
1027.4270
  30
10.0000
  50
89.5491
  0
POINT
  8
4
  10
1491.8300
  20
1025.7209
  30
10.0000
  50
101.1851
  0
POINT
  8
4
  10
1533.4391
  20
1182.0959
  30
10.0000
  50
-75.4485
  0
POINT
  8
4
  10
1847.6080
  20
1213.5840
  30
10.0000
  50
-91.7910
  0
POINT
  8
4
  10
1881.6429
  20
1075.2841
  30
10.0000
  50
176.0328
  0
POINT
  8
2
  10
1918.3770
  20
1145.3580
  0
POINT
  8
2
  10
1903.2020
  20
1201.4620
  0
POINT
  8
2
  10
1845.7640
  20
1036.0959
  0
POINT
  8
2
  10
1814.8140
  20
1202.1740
  0
POINT
  8
2
  10
1755.1810
  20
1046.1260
  0
POINT
  8
2
  10
1726.9510
  20
1202.4520
  0
POINT
  8
2
  10
1666.6530
  20
1049.0540
  0
POINT
  8
2
  10
1639.6110
  20
1196.9890
  0
POINT
  8
2
  10
1579.2510
  20
1046.1700
  0
POINT
  8
2
  10
1553.2000
  20
1182.3130
  0
POINT
  8
2
  10
1493.8929
  20
1037.4010
  0
POINT
  8
2
  10
1468.1429
  20
1161.5050
  0
TEXT
  8
2
  10
1866.2820
  20
1032.5500
  40
8.0000
  1
# 243
  0
TEXT
  8
14
  10
1866.2820
  20
1032.5500
  40
8.0000
  1
# 243
  0
TEXT
  8
3
  10
1827.0959
  20
1037.7061
  40
8.0000
  1
# 244
  0
TEXT
  8
14
  10
1827.0959
  20
1037.7061
  40
8.0000
  1
# 244
  0
TEXT
  8
2
  10
1431.6639
  20
1025.0540
  40
8.0000
  1
# 245
  0
TEXT
  8
14
  10
1431.6639
  20
1025.0540
  40
8.0000
  1
# 245
  0
TEXT
  8
2
  10
1401.2440
  20
1132.8000
  40
8.0000
  1
# 246
  0
TEXT
  8
14
  10
1401.2440
  20
1132.8000
  40
8.0000
  1
# 246
  0
TEXT
  8
2
  10
1847.2800
  20
1203.3910
  40
8.0000
  1
# 1
  0
TEXT
  8
14
  10
1847.2800
  20
1203.3910
  40
8.0000
  1
# 1
  0
TEXT
  8
2
  10
1989.3230
  20
1198.9080
  40
8.0000
  1
# 1
  0
TEXT
  8
14
  10
1989.3230
  20
1198.9080
  40
8.0000
  1
# 1
  0
TEXT
  8
3
  10
1977.0439
  20
1188.7950
  40
8.0000
  1
# 1
  0
TEXT
  8
14
  10
1977.0439
  20
1188.7950
  40
8.0000
  1
# 1
  0
TEXT
  8
3
  10
1871.2061
  20
1076.0081
  40
8.0000
  1
# 247
  0
TEXT
  8
14
  10
1871.2061
  20
1076.0081
  40
8.0000
  1
# 247
  0
TEXT
  8
2
  10
1876.2460
  20
1020.9490
  40
8.0000
  1
# 248
  0
TEXT
  8
1
  10
1876.2460
  20
1020.9490
  40
8.0000
  1
# 248
  0
TEXT
  8
3
  10
1864.9250
  20
1022.4390
  40
8.0000
  1
# 249
  0
TEXT
  8
1
  10
1864.9250
  20
1022.4390
  40
8.0000
  1
# 249
  0
TEXT
  8
3
  10
1827.0150
  20
1027.4270
  40
8.0000
  1
# 250
  0
TEXT
  8
1
  10
1827.0150
  20
1027.4270
  40
8.0000
  1
# 250
  0
TEXT
  8
2
  10
1825.8910
  20
1027.5750
  40
8.0000
  1
# 251
  0
TEXT
  8
1
  10
1825.8910
  20
1027.5750
  40
8.0000
  1
# 251
  0
TEXT
  8
3
  10
1491.8300
  20
1025.7209
  40
8.0000
  1
# 252
  0
TEXT
  8
1
  10
1491.8300
  20
1025.7209
  40
8.0000
  1
# 252
  0
TEXT
  8
3
  10
1434.0200
  20
1015.1240
  40
8.0000
  1
# 253
  0
TEXT
  8
1
  10
1434.0200
  20
1015.1240
  40
8.0000
  1
# 253
  0
TEXT
  8
2
  10
1424.4041
  20
1012.8870
  40
8.0000
  1
# 254
  0
TEXT
  8
1
  10
1424.4041
  20
1012.8870
  40
8.0000
  1
# 254
  0
TEXT
  8
2
  10
1388.6680
  20
1139.4640
  40
8.0000
  1
# 255
  0
TEXT
  8
1
  10
1388.6680
  20
1139.4640
  40
8.0000
  1
# 255
  0
TEXT
  8
3
  10
1398.0470
  20
1142.4960
  40
8.0000
  1
# 256
  0
TEXT
  8
1
  10
1398.0470
  20
1142.4960
  40
8.0000
  1
# 256
  0
TEXT
  8
2
  10
1533.4390
  20
1182.0959
  40
8.0000
  1
# 257
  0
TEXT
  8
1
  10
1533.4390
  20
1182.0959
  40
8.0000
  1
# 257
  0
TEXT
  8
2
  10
1533.4391
  20
1182.0959
  40
8.0000
  1
# 257
  0
TEXT
  8
1
  10
1533.4391
  20
1182.0959
  40
8.0000
  1
# 257
  0
TEXT
  8
2
  10
1847.4480
  20
1213.5900
  40
8.0000
  1
# 258
  0
TEXT
  8
1
  10
1847.4480
  20
1213.5900
  40
8.0000
  1
# 258
  0
TEXT
  8
3
  10
1847.6080
  20
1213.5840
  40
8.0000
  1
# 259
  0
TEXT
  8
1
  10
1847.6080
  20
1213.5840
  40
8.0000
  1
# 259
  0
TEXT
  8
2
  10
2005.1639
  20
1208.6130
  40
8.0000
  1
# 260
  0
TEXT
  8
1
  10
2005.1639
  20
1208.6130
  40
8.0000
  1
# 260
  0
TEXT
  8
2
  10
2004.8361
  20
1198.4189
  40
8.0000
  1
# 261
  0
TEXT
  8
1
  10
2004.8361
  20
1198.4189
  40
8.0000
  1
# 261
  0
TEXT
  8
3
  10
1983.6310
  20
1180.9530
  40
8.0000
  1
# 262
  0
TEXT
  8
1
  10
1983.6310
  20
1180.9530
  40
8.0000
  1
# 262
  0
TEXT
  8
3
  10
1902.1650
  20
1117.1830
  40
8.0000
  1
# 263
  0
TEXT
  8
1
  10
1902.1650
  20
1117.1830
  40
8.0000
  1
# 263
  0
TEXT
  8
3
  10
1881.6429
  20
1075.2841
  40
8.0000
  1
# 264
  0
TEXT
  8
1
  10
1881.6429
  20
1075.2841
  40
8.0000
  1
# 264
  0
TEXT
  8
3
  10
1881.2140
  20
1073.5861
  40
8.0000
  1
# 265
  0
TEXT
  8
1
  10
1881.2140
  20
1073.5861
  40
8.0000
  1
# 265
  0
TEXT
  8
3
  10
1876.5780
  20
1032.2540
  40
8.0000
  1
# 266
  0
TEXT
  8
1
  10
1876.5780
  20
1032.2540
  40
8.0000
  1
# 266
  0
TEXT
  8
4
  10
1827.0150
  20
1027.4270
  40
8.0000
  1
# 250
  0
TEXT
  8
4
  10
1491.8300
  20
1025.7209
  40
8.0000
  1
# 252
  0
TEXT
  8
4
  10
1533.4391
  20
1182.0959
  40
8.0000
  1
# 257
  0
TEXT
  8
4
  10
1847.6080
  20
1213.5840
  40
8.0000
  1
# 259
  0
TEXT
  8
4
  10
1881.6429
  20
1075.2841
  40
8.0000
  1
# 264
  0
TEXT
  8
2
  10
1918.3770
  20
1145.3580
  40
8.0000
  1
# 1
  0
TEXT
  8
8
  10
1918.3770
  20
1145.3580
  40
8.0000
  1
# 1
  0
TEXT
  8
2
  10
1903.2020
  20
1201.4620
  40
8.0000
  1
# 1
  0
TEXT
  8
8
  10
1903.2020
  20
1201.4620
  40
8.0000
  1
# 1
  0
TEXT
  8
2
  10
1845.7640
  20
1036.0959
  40
8.0000
  1
# 267
  0
TEXT
  8
8
  10
1845.7640
  20
1036.0959
  40
8.0000
  1
# 267
  0
TEXT
  8
2
  10
1814.8140
  20
1202.1740
  40
8.0000
  1
# 1
  0
TEXT
  8
8
  10
1814.8140
  20
1202.1740
  40
8.0000
  1
# 1
  0
TEXT
  8
2
  10
1755.1810
  20
1046.1260
  40
8.0000
  1
# 268
  0
TEXT
  8
8
  10
1755.1810
  20
1046.1260
  40
8.0000
  1
# 268
  0
TEXT
  8
2
  10
1726.9510
  20
1202.4520
  40
8.0000
  1
# 1
  0
TEXT
  8
8
  10
1726.9510
  20
1202.4520
  40
8.0000
  1
# 1
  0
TEXT
  8
2
  10
1666.6530
  20
1049.0540
  40
8.0000
  1
# 269
  0
TEXT
  8
8
  10
1666.6530
  20
1049.0540
  40
8.0000
  1
# 269
  0
TEXT
  8
2
  10
1639.6110
  20
1196.9890
  40
8.0000
  1
# 1
  0
TEXT
  8
8
  10
1639.6110
  20
1196.9890
  40
8.0000
  1
# 1
  0
TEXT
  8
2
  10
1579.2510
  20
1046.1700
  40
8.0000
  1
# 269
  0
TEXT
  8
8
  10
1579.2510
  20
1046.1700
  40
8.0000
  1
# 269
  0
TEXT
  8
2
  10
1553.2000
  20
1182.3130
  40
8.0000
  1
# 1
  0
TEXT
  8
8
  10
1553.2000
  20
1182.3130
  40
8.0000
  1
# 1
  0
TEXT
  8
2
  10
1493.8929
  20
1037.4010
  40
8.0000
  1
# 1
  0
TEXT
  8
8
  10
1493.8929
  20
1037.4010
  40
8.0000
  1
# 1
  0
TEXT
  8
2
  10
1468.1429
  20
1161.5050
  40
8.0000
  1
# 1
  0
TEXT
  8
8
  10
1468.1429
  20
1161.5050
  40
8.0000
  1
# 1
  0
TEXT
  8
19
  10
1566.1490
  20
1141.2137
  40
6.0000
  1
INCLUDED QUILTING ALLOWANCE
  50
-0.0031
  51
0.00
  0
TEXT
  8
1
  10
1388.6680
  20
1002.8866
  40
8.0000
  1
Piece Name: QUILT.UNDER SLEEVE 2P
  0
TEXT
  8
1
  10
1388.6680
  20
992.8866
  40
8.0000
  1
Size: 50
  0
TEXT
  8
1
  10
1388.6680
  20
982.8866
  40
8.0000
  1
Quantity: 1
  0
TEXT
  8
1
  10
1388.6680
  20
972.8866
  40
8.0000
  1
Annotation: 
  0
TEXT
  8
1
  10
1388.6680
  20
962.8866
  40
8.0000
  1
Category: NYLON
  0
LINE
  8
7
  10
1536.3311
  20
1124.7860
  11
1789.2240
  21
1124.7860
  0
ENDBLK
  0
BLOCK
  8
1
  2
COLLAR_1P-S_50
  10
0.0000
  20
0.0000
70
0
  0
POLYLINE
  8
14
  66
1
  70
1
  0
VERTEX
  8
14
  10
1058.5840
  20
-3890.6670
  42
0.0000
  0
VERTEX
  8
14
  10
1058.6990
  20
-3877.6680
  42
0.0000
  0
VERTEX
  8
14
  10
1058.4490
  20
-3864.6699
  42
0.0000
  0
VERTEX
  8
14
  10
1057.8330
  20
-3851.6860
  42
0.0000
  0
VERTEX
  8
14
  10
1056.8521
  20
-3838.7229
  42
0.0000
  0
VERTEX
  8
14
  10
1055.7560
  20
-3827.8291
  42
0.0000
  0
VERTEX
  8
14
  10
1054.7260
  20
-3819.5601
  42
0.0000
  0
VERTEX
  8
14
  10
1053.1580
  20
-3808.4819
  42
0.0000
  0
VERTEX
  8
14
  10
1051.2000
  20
-3797.4651
  42
0.0000
  0
VERTEX
  8
14
  10
1048.0520
  20
-3782.4390
  42
0.0000
  0
VERTEX
  8
14
  10
1044.5170
  20
-3767.4980
  42
0.0000
  0
VERTEX
  8
14
  10
1043.1470
  20
-3763.6179
  42
0.0000
  0
VERTEX
  8
14
  10
1041.5280
  20
-3759.8359
  42
0.0000
  0
VERTEX
  8
14
  10
1039.6970
  20
-3756.2319
  42
0.0000
  0
VERTEX
  8
14
  10
1037.6310
  20
-3752.7581
  42
0.0000
  0
VERTEX
  8
14
  10
1032.4189
  20
-3746.4131
  42
0.0000
  0
VERTEX
  8
14
  10
1026.4301
  20
-3740.7949
  42
0.0000
  0
VERTEX
  8
14
  10
1018.7800
  20
-3735.1919
  42
0.0000
  0
VERTEX
  8
14
  10
1010.5510
  20
-3730.4810
  42
0.0000
  0
VERTEX
  8
14
  10
1007.6870
  20
-3713.5879
  42
0.0000
  0
VERTEX
  8
14
  10
1005.1750
  20
-3696.6379
  42
0.0000
  0
VERTEX
  8
14
  10
999.5820
  20
-3650.7209
  42
0.0000
  0
VERTEX
  8
14
  10
1076.4659
  20
-3634.3411
  42
0.0000
  0
VERTEX
  8
14
  10
1082.1190
  20
-3662.8391
  42
0.0000
  0
VERTEX
  8
14
  10
1087.2010
  20
-3691.4431
  42
0.0000
  0
VERTEX
  8
14
  10
1090.5920
  20
-3713.4729
  42
0.0000
  0
VERTEX
  8
14
  10
1093.4080
  20
-3735.5850
  42
0.0000
  0
VERTEX
  8
14
  10
1095.9390
  20
-3755.1160
  42
0.0000
  0
VERTEX
  8
14
  10
1098.4700
  20
-3774.6479
  42
0.0000
  0
VERTEX
  8
14
  10
1101.0640
  20
-3801.3560
  42
0.0000
  0
VERTEX
  8
14
  10
1102.7660
  20
-3828.1350
  42
0.0000
  0
VERTEX
  8
14
  10
1103.7841
  20
-3859.3940
  42
0.0000
  0
VERTEX
  8
14
  10
1103.9080
  20
-3890.6680
  42
0.0000
  0
VERTEX
  8
14
  10
1103.7841
  20
-3921.9431
  42
0.0000
  0
VERTEX
  8
14
  10
1102.7650
  20
-3953.2000
  42
0.0000
  0
VERTEX
  8
14
  10
1101.0620
  20
-3979.9800
  42
0.0000
  0
VERTEX
  8
14
  10
1098.4670
  20
-4006.6870
  42
0.0000
  0
VERTEX
  8
14
  10
1095.9360
  20
-4026.2190
  42
0.0000
  0
VERTEX
  8
14
  10
1093.4041
  20
-4045.7500
  42
0.0000
  0
VERTEX
  8
14
  10
1090.5880
  20
-4067.8621
  42
0.0000
  0
VERTEX
  8
14
  10
1087.1960
  20
-4089.8921
  42
0.0000
  0
VERTEX
  8
14
  10
1082.1140
  20
-4118.4971
  42
0.0000
  0
VERTEX
  8
14
  10
1076.4600
  20
-4146.9932
  42
0.0000
  0
VERTEX
  8
14
  10
999.5770
  20
-4130.6118
  42
0.0000
  0
VERTEX
  8
14
  10
1005.1710
  20
-4084.6951
  42
0.0000
  0
VERTEX
  8
14
  10
1007.6830
  20
-4067.7461
  42
0.0000
  0
VERTEX
  8
14
  10
1010.5480
  20
-4050.8521
  42
0.0000
  0
VERTEX
  8
14
  10
1018.7770
  20
-4046.1411
  42
0.0000
  0
VERTEX
  8
14
  10
1026.4260
  20
-4040.5381
  42
0.0000
  0
VERTEX
  8
14
  10
1032.4160
  20
-4034.9209
  42
0.0000
  0
VERTEX
  8
14
  10
1037.6270
  20
-4028.5759
  42
0.0000
  0
VERTEX
  8
14
  10
1039.6940
  20
-4025.1011
  42
0.0000
  0
VERTEX
  8
14
  10
1041.5250
  20
-4021.4980
  42
0.0000
  0
VERTEX
  8
14
  10
1043.1450
  20
-4017.7161
  42
0.0000
  0
VERTEX
  8
14
  10
1044.5140
  20
-4013.8359
  42
0.0000
  0
VERTEX
  8
14
  10
1048.0490
  20
-3998.8950
  42
0.0000
  0
VERTEX
  8
14
  10
1051.1980
  20
-3983.8689
  42
0.0000
  0
VERTEX
  8
14
  10
1053.1570
  20
-3972.8521
  42
0.0000
  0
VERTEX
  8
14
  10
1054.7250
  20
-3961.7749
  42
0.0000
  0
VERTEX
  8
14
  10
1055.7550
  20
-3953.5049
  42
0.0000
  0
VERTEX
  8
14
  10
1056.8510
  20
-3942.6111
  42
0.0000
  0
VERTEX
  8
14
  10
1057.8320
  20
-3929.6479
  42
0.0000
  0
VERTEX
  8
14
  10
1058.4490
  20
-3916.6641
  42
0.0000
  0
VERTEX
  8
14
  10
1058.6990
  20
-3903.6660
  42
0.0000
  0
SEQEND
  0
POLYLINE
  8
1
  66
1
  70
1
  0
VERTEX
  8
1
  10
1048.5830
  20
-3890.7410
  42
0.0000
  0
VERTEX
  8
1
  10
1048.5830
  20
-3890.6589
  42
0.0000
  0
VERTEX
  8
1
  10
1048.5840
  20
-3890.5779
  42
0.0000
  0
VERTEX
  8
1
  10
1048.6980
  20
-3877.8030
  42
0.0000
  0
VERTEX
  8
1
  10
1048.4540
  20
-3865.0039
  42
0.0000
  0
VERTEX
  8
1
  10
1047.8540
  20
-3852.3611
  42
0.0000
  0
VERTEX
  8
1
  10
1046.9000
  20
-3839.7190
  42
0.0000
  0
VERTEX
  8
1
  10
1046.8900
  20
-3839.6011
  42
0.0000
  0
VERTEX
  8
1
  10
1045.8180
  20
-3828.9480
  42
0.0000
  0
VERTEX
  8
1
  10
1044.8130
  20
-3820.8789
  42
0.0000
  0
VERTEX
  8
1
  10
1044.7750
  20
-3820.5891
  42
0.0000
  0
VERTEX
  8
1
  10
1043.2629
  20
-3809.9529
  42
0.0000
  0
VERTEX
  8
1
  10
1041.3810
  20
-3799.3660
  42
0.0000
  0
VERTEX
  8
1
  10
1038.3300
  20
-3784.8040
  42
0.0000
  0
VERTEX
  8
1
  10
1034.9091
  20
-3770.3210
  42
0.0000
  0
VERTEX
  8
1
  10
1033.7850
  20
-3767.1589
  42
0.0000
  0
VERTEX
  8
1
  10
1032.4650
  20
-3764.0740
  42
0.0000
  0
VERTEX
  8
1
  10
1030.9910
  20
-3761.1750
  42
0.0000
  0
VERTEX
  8
1
  10
1029.3390
  20
-3758.3799
  42
0.0000
  0
VERTEX
  8
1
  10
1025.0070
  20
-3753.1421
  42
0.0000
  0
VERTEX
  8
1
  10
1020.0540
  20
-3748.5049
  42
0.0000
  0
VERTEX
  8
1
  10
1013.1920
  20
-3743.4961
  42
0.0000
  0
VERTEX
  8
1
  10
1005.8290
  20
-3739.2959
  42
0.0000
  0
VERTEX
  8
1
  10
1001.5110
  20
-3736.9829
  42
0.0000
  0
VERTEX
  8
1
  10
1000.6920
  20
-3732.1521
  42
0.0000
  0
VERTEX
  8
1
  10
997.8020
  20
-3715.0991
  42
0.0000
  0
VERTEX
  8
1
  10
995.2700
  20
-3698.0139
  42
0.0000
  0
VERTEX
  8
1
  10
989.6460
  20
-3651.8540
  42
0.0000
  0
VERTEX
  8
1
  10
988.6180
  20
-3642.8340
  42
0.0000
  0
VERTEX
  8
1
  10
1084.2531
  20
-3622.4570
  42
0.0000
  0
VERTEX
  8
1
  10
1086.2650
  20
-3632.3459
  42
0.0000
  0
VERTEX
  8
1
  10
1091.9580
  20
-3661.0520
  42
0.0000
  0
VERTEX
  8
1
  10
1097.0649
  20
-3689.8000
  42
0.0000
  0
VERTEX
  8
1
  10
1100.4900
  20
-3712.0471
  42
0.0000
  0
VERTEX
  8
1
  10
1103.3250
  20
-3734.3000
  42
0.0000
  0
VERTEX
  8
1
  10
1103.3250
  20
-3734.3003
  42
0.0000
  0
VERTEX
  8
1
  10
1108.4020
  20
-3773.4810
  42
0.0000
  0
VERTEX
  8
1
  10
1111.0341
  20
-3800.5820
  42
0.0000
  0
VERTEX
  8
1
  10
1112.7550
  20
-3827.6609
  42
0.0000
  0
VERTEX
  8
1
  10
1113.5160
  20
-3848.7090
  42
0.0000
  0
VERTEX
  8
1
  10
1113.9000
  20
-3869.7170
  42
0.0000
  0
VERTEX
  8
1
  10
1113.9091
  20
-3890.6709
  42
0.0000
  0
VERTEX
  8
1
  10
1113.9091
  20
-3890.6711
  42
0.0000
  0
VERTEX
  8
1
  10
1113.9580
  20
-3906.3589
  42
0.0000
  0
VERTEX
  8
1
  10
1113.7820
  20
-3922.1150
  42
0.0000
  0
VERTEX
  8
1
  10
1113.3820
  20
-3937.8679
  42
0.0000
  0
VERTEX
  8
1
  10
1112.7540
  20
-3953.6741
  42
0.0000
  0
VERTEX
  8
1
  10
1111.0320
  20
-3980.7461
  42
0.0000
  0
VERTEX
  8
1
  10
1108.3979
  20
-4007.8650
  42
0.0000
  0
VERTEX
  8
1
  10
1105.8760
  20
-4027.4490
  42
0.0000
  0
VERTEX
  8
1
  10
1103.3540
  20
-4047.0320
  42
0.0000
  0
VERTEX
  8
1
  10
1103.3540
  20
-4047.0322
  42
0.0000
  0
VERTEX
  8
1
  10
1100.4880
  20
-4069.2759
  42
0.0000
  0
VERTEX
  8
1
  10
1097.0601
  20
-4091.5359
  42
0.0000
  0
VERTEX
  8
1
  10
1091.9550
  20
-4120.2720
  42
0.0000
  0
VERTEX
  8
1
  10
1086.2590
  20
-4148.9888
  42
0.0000
  0
VERTEX
  8
1
  10
1084.2460
  20
-4158.8770
  42
0.0000
  0
VERTEX
  8
1
  10
988.6130
  20
-4138.5010
  42
0.0000
  0
VERTEX
  8
1
  10
989.6410
  20
-4129.4790
  42
0.0000
  0
VERTEX
  8
1
  10
995.2660
  20
-4083.3191
  42
0.0000
  0
VERTEX
  8
1
  10
997.7960
  20
-4066.2461
  42
0.0000
  0
VERTEX
  8
1
  10
1000.6880
  20
-4049.1809
  42
0.0000
  0
VERTEX
  8
1
  10
1001.5070
  20
-4044.3521
  42
0.0000
  0
VERTEX
  8
1
  10
1005.8250
  20
-4042.0371
  42
0.0000
  0
VERTEX
  8
1
  10
1013.1780
  20
-4037.8440
  42
0.0000
  0
VERTEX
  8
1
  10
1020.0510
  20
-4032.8279
  42
0.0000
  0
VERTEX
  8
1
  10
1024.9950
  20
-4028.2000
  42
0.0000
  0
VERTEX
  8
1
  10
1029.3361
  20
-4022.9541
  42
0.0000
  0
VERTEX
  8
1
  10
1030.9830
  20
-4020.1699
  42
0.0000
  0
VERTEX
  8
1
  10
1032.4620
  20
-4017.2600
  42
0.0000
  0
VERTEX
  8
1
  10
1033.7770
  20
-4014.1880
  42
0.0000
  0
VERTEX
  8
1
  10
1034.9060
  20
-4011.0129
  42
0.0000
  0
VERTEX
  8
1
  10
1038.3250
  20
-3996.5430
  42
0.0000
  0
VERTEX
  8
1
  10
1041.3790
  20
-3981.9670
  42
0.0000
  0
VERTEX
  8
1
  10
1043.2590
  20
-3971.3940
  42
0.0000
  0
VERTEX
  8
1
  10
1044.7729
  20
-3960.7451
  42
0.0000
  0
VERTEX
  8
1
  10
1044.8120
  20
-3960.4551
  42
0.0000
  0
VERTEX
  8
1
  10
1045.8170
  20
-3952.3860
  42
0.0000
  0
VERTEX
  8
1
  10
1046.8890
  20
-3941.7339
  42
0.0000
  0
VERTEX
  8
1
  10
1046.8979
  20
-3941.6150
  42
0.0000
  0
VERTEX
  8
1
  10
1047.8530
  20
-3928.9871
  42
0.0000
  0
VERTEX
  8
1
  10
1048.4530
  20
-3916.3311
  42
0.0000
  0
VERTEX
  8
1
  10
1048.6980
  20
-3903.6140
  42
0.0000
  0
VERTEX
  8
1
  10
1048.5861
  20
-3890.8970
  42
0.0000
  0
SEQEND
  0
POINT
  8
2
  10
1058.5840
  20
-3890.6670
  0
POINT
  8
3
  10
1058.6990
  20
-3877.6680
  0
POINT
  8
3
  10
1058.4490
  20
-3864.6699
  0
POINT
  8
3
  10
1057.8330
  20
-3851.6860
  0
POINT
  8
3
  10
1056.8521
  20
-3838.7229
  0
POINT
  8
3
  10
1055.7560
  20
-3827.8291
  0
POINT
  8
3
  10
1054.7260
  20
-3819.5601
  0
POINT
  8
3
  10
1053.1580
  20
-3808.4819
  0
POINT
  8
3
  10
1051.2000
  20
-3797.4651
  0
POINT
  8
3
  10
1048.0520
  20
-3782.4390
  0
POINT
  8
3
  10
1044.5170
  20
-3767.4980
  0
POINT
  8
3
  10
1043.1470
  20
-3763.6179
  0
POINT
  8
3
  10
1041.5280
  20
-3759.8359
  0
POINT
  8
3
  10
1039.6970
  20
-3756.2319
  0
POINT
  8
3
  10
1037.6310
  20
-3752.7581
  0
POINT
  8
3
  10
1032.4189
  20
-3746.4131
  0
POINT
  8
3
  10
1026.4301
  20
-3740.7949
  0
POINT
  8
3
  10
1018.7800
  20
-3735.1919
  0
POINT
  8
2
  10
1010.5510
  20
-3730.4810
  0
POINT
  8
3
  10
1007.6870
  20
-3713.5879
  0
POINT
  8
3
  10
1005.1750
  20
-3696.6379
  0
POINT
  8
2
  10
999.5820
  20
-3650.7209
  0
POINT
  8
2
  10
1076.4659
  20
-3634.3411
  0
POINT
  8
3
  10
1082.1190
  20
-3662.8391
  0
POINT
  8
3
  10
1087.2010
  20
-3691.4431
  0
POINT
  8
3
  10
1090.5920
  20
-3713.4729
  0
POINT
  8
3
  10
1093.4080
  20
-3735.5850
  0
POINT
  8
3
  10
1095.9390
  20
-3755.1160
  0
POINT
  8
3
  10
1098.4700
  20
-3774.6479
  0
POINT
  8
3
  10
1101.0640
  20
-3801.3560
  0
POINT
  8
3
  10
1102.7660
  20
-3828.1350
  0
POINT
  8
3
  10
1103.7841
  20
-3859.3940
  0
POINT
  8
3
  10
1103.9080
  20
-3890.6680
  0
POINT
  8
3
  10
1103.7841
  20
-3921.9431
  0
POINT
  8
3
  10
1102.7650
  20
-3953.2000
  0
POINT
  8
3
  10
1101.0620
  20
-3979.9800
  0
POINT
  8
3
  10
1098.4670
  20
-4006.6870
  0
POINT
  8
3
  10
1095.9360
  20
-4026.2190
  0
POINT
  8
3
  10
1093.4041
  20
-4045.7500
  0
POINT
  8
3
  10
1090.5880
  20
-4067.8621
  0
POINT
  8
3
  10
1087.1960
  20
-4089.8921
  0
POINT
  8
3
  10
1082.1140
  20
-4118.4971
  0
POINT
  8
2
  10
1076.4600
  20
-4146.9932
  0
POINT
  8
2
  10
999.5770
  20
-4130.6118
  0
POINT
  8
3
  10
1005.1710
  20
-4084.6951
  0
POINT
  8
3
  10
1007.6830
  20
-4067.7461
  0
POINT
  8
2
  10
1010.5480
  20
-4050.8521
  0
POINT
  8
3
  10
1018.7770
  20
-4046.1411
  0
POINT
  8
3
  10
1026.4260
  20
-4040.5381
  0
POINT
  8
3
  10
1032.4160
  20
-4034.9209
  0
POINT
  8
3
  10
1037.6270
  20
-4028.5759
  0
POINT
  8
3
  10
1039.6940
  20
-4025.1011
  0
POINT
  8
3
  10
1041.5250
  20
-4021.4980
  0
POINT
  8
3
  10
1043.1450
  20
-4017.7161
  0
POINT
  8
3
  10
1044.5140
  20
-4013.8359
  0
POINT
  8
3
  10
1048.0490
  20
-3998.8950
  0
POINT
  8
3
  10
1051.1980
  20
-3983.8689
  0
POINT
  8
3
  10
1053.1570
  20
-3972.8521
  0
POINT
  8
3
  10
1054.7250
  20
-3961.7749
  0
POINT
  8
3
  10
1055.7550
  20
-3953.5049
  0
POINT
  8
3
  10
1056.8510
  20
-3942.6111
  0
POINT
  8
3
  10
1057.8320
  20
-3929.6479
  0
POINT
  8
3
  10
1058.4490
  20
-3916.6641
  0
POINT
  8
3
  10
1058.6990
  20
-3903.6660
  0
POINT
  8
2
  10
1048.5830
  20
-3890.7410
  0
POINT
  8
2
  10
1048.5830
  20
-3890.6589
  0
POINT
  8
2
  10
1048.5840
  20
-3890.5779
  0
POINT
  8
3
  10
1048.6980
  20
-3877.8030
  0
POINT
  8
3
  10
1048.4540
  20
-3865.0039
  0
POINT
  8
3
  10
1047.8540
  20
-3852.3611
  0
POINT
  8
3
  10
1046.9000
  20
-3839.7190
  0
POINT
  8
3
  10
1046.8900
  20
-3839.6011
  0
POINT
  8
3
  10
1045.8180
  20
-3828.9480
  0
POINT
  8
3
  10
1044.8130
  20
-3820.8789
  0
POINT
  8
3
  10
1044.7750
  20
-3820.5891
  0
POINT
  8
3
  10
1043.2629
  20
-3809.9529
  0
POINT
  8
3
  10
1041.3810
  20
-3799.3660
  0
POINT
  8
3
  10
1038.3300
  20
-3784.8040
  0
POINT
  8
3
  10
1034.9091
  20
-3770.3210
  0
POINT
  8
3
  10
1033.7850
  20
-3767.1589
  0
POINT
  8
3
  10
1032.4650
  20
-3764.0740
  0
POINT
  8
3
  10
1030.9910
  20
-3761.1750
  0
POINT
  8
3
  10
1029.3390
  20
-3758.3799
  0
POINT
  8
3
  10
1025.0070
  20
-3753.1421
  0
POINT
  8
3
  10
1020.0540
  20
-3748.5049
  0
POINT
  8
3
  10
1013.1920
  20
-3743.4961
  0
POINT
  8
3
  10
1005.8290
  20
-3739.2959
  0
POINT
  8
2
  10
1001.5110
  20
-3736.9829
  0
POINT
  8
3
  10
1000.6920
  20
-3732.1521
  0
POINT
  8
3
  10
997.8020
  20
-3715.0991
  0
POINT
  8
3
  10
995.2700
  20
-3698.0139
  0
POINT
  8
3
  10
989.6460
  20
-3651.8540
  0
POINT
  8
2
  10
988.6180
  20
-3642.8340
  0
POINT
  8
2
  10
1084.2531
  20
-3622.4570
  0
POINT
  8
3
  10
1086.2650
  20
-3632.3459
  0
POINT
  8
3
  10
1091.9580
  20
-3661.0520
  0
POINT
  8
3
  10
1097.0649
  20
-3689.8000
  0
POINT
  8
3
  10
1100.4900
  20
-3712.0471
  0
POINT
  8
2
  10
1103.3250
  20
-3734.3000
  0
POINT
  8
2
  10
1103.3250
  20
-3734.3003
  0
POINT
  8
3
  10
1108.4020
  20
-3773.4810
  0
POINT
  8
3
  10
1111.0341
  20
-3800.5820
  0
POINT
  8
3
  10
1112.7550
  20
-3827.6609
  0
POINT
  8
3
  10
1113.5160
  20
-3848.7090
  0
POINT
  8
3
  10
1113.9000
  20
-3869.7170
  0
POINT
  8
2
  10
1113.9091
  20
-3890.6709
  0
POINT
  8
2
  10
1113.9091
  20
-3890.6711
  0
POINT
  8
3
  10
1113.9580
  20
-3906.3589
  0
POINT
  8
3
  10
1113.7820
  20
-3922.1150
  0
POINT
  8
3
  10
1113.3820
  20
-3937.8679
  0
POINT
  8
3
  10
1112.7540
  20
-3953.6741
  0
POINT
  8
3
  10
1111.0320
  20
-3980.7461
  0
POINT
  8
3
  10
1108.3979
  20
-4007.8650
  0
POINT
  8
3
  10
1105.8760
  20
-4027.4490
  0
POINT
  8
2
  10
1103.3540
  20
-4047.0320
  0
POINT
  8
2
  10
1103.3540
  20
-4047.0322
  0
POINT
  8
3
  10
1100.4880
  20
-4069.2759
  0
POINT
  8
3
  10
1097.0601
  20
-4091.5359
  0
POINT
  8
3
  10
1091.9550
  20
-4120.2720
  0
POINT
  8
3
  10
1086.2590
  20
-4148.9888
  0
POINT
  8
2
  10
1084.2460
  20
-4158.8770
  0
POINT
  8
2
  10
988.6130
  20
-4138.5010
  0
POINT
  8
3
  10
989.6410
  20
-4129.4790
  0
POINT
  8
3
  10
995.2660
  20
-4083.3191
  0
POINT
  8
3
  10
997.7960
  20
-4066.2461
  0
POINT
  8
3
  10
1000.6880
  20
-4049.1809
  0
POINT
  8
2
  10
1001.5070
  20
-4044.3521
  0
POINT
  8
3
  10
1005.8250
  20
-4042.0371
  0
POINT
  8
3
  10
1013.1780
  20
-4037.8440
  0
POINT
  8
3
  10
1020.0510
  20
-4032.8279
  0
POINT
  8
3
  10
1024.9950
  20
-4028.2000
  0
POINT
  8
3
  10
1029.3361
  20
-4022.9541
  0
POINT
  8
3
  10
1030.9830
  20
-4020.1699
  0
POINT
  8
3
  10
1032.4620
  20
-4017.2600
  0
POINT
  8
3
  10
1033.7770
  20
-4014.1880
  0
POINT
  8
3
  10
1034.9060
  20
-4011.0129
  0
POINT
  8
3
  10
1038.3250
  20
-3996.5430
  0
POINT
  8
3
  10
1041.3790
  20
-3981.9670
  0
POINT
  8
3
  10
1043.2590
  20
-3971.3940
  0
POINT
  8
3
  10
1044.7729
  20
-3960.7451
  0
POINT
  8
3
  10
1044.8120
  20
-3960.4551
  0
POINT
  8
3
  10
1045.8170
  20
-3952.3860
  0
POINT
  8
3
  10
1046.8890
  20
-3941.7339
  0
POINT
  8
3
  10
1046.8979
  20
-3941.6150
  0
POINT
  8
3
  10
1047.8530
  20
-3928.9871
  0
POINT
  8
3
  10
1048.4530
  20
-3916.3311
  0
POINT
  8
3
  10
1048.6980
  20
-3903.6140
  0
POINT
  8
3
  10
1048.5861
  20
-3890.8970
  0
POINT
  8
4
  10
1046.9000
  20
-3839.7190
  30
10.0000
  50
5.7187
  0
POINT
  8
4
  10
1044.7750
  20
-3820.5891
  30
10.0000
  50
5.8998
  0
POINT
  8
4
  10
1103.3250
  20
-3734.3003
  30
10.0000
  50
-172.6157
  0
POINT
  8
4
  10
1113.9091
  20
-3890.6711
  30
10.0000
  50
179.4090
  0
POINT
  8
4
  10
1103.3540
  20
-4047.0322
  30
10.0000
  50
172.6144
  0
POINT
  8
4
  10
1044.7729
  20
-3960.7451
  30
10.0000
  50
-5.9011
  0
POINT
  8
4
  10
1046.8979
  20
-3941.6150
  30
10.0000
  50
-5.7200
  0
POINT
  8
4
  10
1048.5861
  20
-3890.8970
  30
10.0000
  50
1.3150
  0
TEXT
  8
2
  10
1058.5840
  20
-3890.6670
  40
8.0000
  1
# 1
  0
TEXT
  8
14
  10
1058.5840
  20
-3890.6670
  40
8.0000
  1
# 1
  0
TEXT
  8
3
  10
1044.5170
  20
-3767.4980
  40
8.0000
  1
# 1
  0
TEXT
  8
14
  10
1044.5170
  20
-3767.4980
  40
8.0000
  1
# 1
  0
TEXT
  8
2
  10
1010.5510
  20
-3730.4810
  40
8.0000
  1
# 270
  0
TEXT
  8
14
  10
1010.5510
  20
-3730.4810
  40
8.0000
  1
# 270
  0
TEXT
  8
2
  10
999.5820
  20
-3650.7209
  40
8.0000
  1
# 271
  0
TEXT
  8
14
  10
999.5820
  20
-3650.7209
  40
8.0000
  1
# 271
  0
TEXT
  8
2
  10
1076.4659
  20
-3634.3411
  40
8.0000
  1
# 272
  0
TEXT
  8
14
  10
1076.4659
  20
-3634.3411
  40
8.0000
  1
# 272
  0
TEXT
  8
3
  10
1093.4080
  20
-3735.5850
  40
8.0000
  1
# 1
  0
TEXT
  8
14
  10
1093.4080
  20
-3735.5850
  40
8.0000
  1
# 1
  0
TEXT
  8
3
  10
1093.4041
  20
-4045.7500
  40
8.0000
  1
# 1
  0
TEXT
  8
14
  10
1093.4041
  20
-4045.7500
  40
8.0000
  1
# 1
  0
TEXT
  8
2
  10
1076.4600
  20
-4146.9932
  40
8.0000
  1
# 273
  0
TEXT
  8
14
  10
1076.4600
  20
-4146.9932
  40
8.0000
  1
# 273
  0
TEXT
  8
2
  10
999.5770
  20
-4130.6118
  40
8.0000
  1
# 274
  0
TEXT
  8
14
  10
999.5770
  20
-4130.6118
  40
8.0000
  1
# 274
  0
TEXT
  8
2
  10
1010.5480
  20
-4050.8521
  40
8.0000
  1
# 275
  0
TEXT
  8
14
  10
1010.5480
  20
-4050.8521
  40
8.0000
  1
# 275
  0
TEXT
  8
3
  10
1044.5140
  20
-4013.8359
  40
8.0000
  1
# 1
  0
TEXT
  8
14
  10
1044.5140
  20
-4013.8359
  40
8.0000
  1
# 1
  0
TEXT
  8
2
  10
1048.5830
  20
-3890.7410
  40
8.0000
  1
# 1
  0
TEXT
  8
1
  10
1048.5830
  20
-3890.7410
  40
8.0000
  1
# 1
  0
TEXT
  8
3
  10
1046.9000
  20
-3839.7190
  40
8.0000
  1
# 1
  0
TEXT
  8
1
  10
1046.9000
  20
-3839.7190
  40
8.0000
  1
# 1
  0
TEXT
  8
3
  10
1044.8130
  20
-3820.8789
  40
8.0000
  1
# 1
  0
TEXT
  8
1
  10
1044.8130
  20
-3820.8789
  40
8.0000
  1
# 1
  0
TEXT
  8
3
  10
1044.7750
  20
-3820.5891
  40
8.0000
  1
# 276
  0
TEXT
  8
1
  10
1044.7750
  20
-3820.5891
  40
8.0000
  1
# 276
  0
TEXT
  8
3
  10
1034.9091
  20
-3770.3210
  40
8.0000
  1
# 277
  0
TEXT
  8
1
  10
1034.9091
  20
-3770.3210
  40
8.0000
  1
# 277
  0
TEXT
  8
3
  10
1029.3390
  20
-3758.3799
  40
8.0000
  1
# 278
  0
TEXT
  8
1
  10
1029.3390
  20
-3758.3799
  40
8.0000
  1
# 278
  0
TEXT
  8
3
  10
1005.8290
  20
-3739.2959
  40
8.0000
  1
# 279
  0
TEXT
  8
1
  10
1005.8290
  20
-3739.2959
  40
8.0000
  1
# 279
  0
TEXT
  8
2
  10
1001.5110
  20
-3736.9829
  40
8.0000
  1
# 280
  0
TEXT
  8
1
  10
1001.5110
  20
-3736.9829
  40
8.0000
  1
# 280
  0
TEXT
  8
3
  10
1000.6920
  20
-3732.1521
  40
8.0000
  1
# 281
  0
TEXT
  8
1
  10
1000.6920
  20
-3732.1521
  40
8.0000
  1
# 281
  0
TEXT
  8
3
  10
989.6460
  20
-3651.8540
  40
8.0000
  1
# 282
  0
TEXT
  8
1
  10
989.6460
  20
-3651.8540
  40
8.0000
  1
# 282
  0
TEXT
  8
2
  10
988.6180
  20
-3642.8340
  40
8.0000
  1
# 283
  0
TEXT
  8
1
  10
988.6180
  20
-3642.8340
  40
8.0000
  1
# 283
  0
TEXT
  8
2
  10
1084.2531
  20
-3622.4570
  40
8.0000
  1
# 284
  0
TEXT
  8
1
  10
1084.2531
  20
-3622.4570
  40
8.0000
  1
# 284
  0
TEXT
  8
3
  10
1086.2650
  20
-3632.3459
  40
8.0000
  1
# 285
  0
TEXT
  8
1
  10
1086.2650
  20
-3632.3459
  40
8.0000
  1
# 285
  0
TEXT
  8
2
  10
1103.3250
  20
-3734.3000
  40
8.0000
  1
# 286
  0
TEXT
  8
1
  10
1103.3250
  20
-3734.3000
  40
8.0000
  1
# 286
  0
TEXT
  8
2
  10
1103.3250
  20
-3734.3003
  40
8.0000
  1
# 286
  0
TEXT
  8
1
  10
1103.3250
  20
-3734.3003
  40
8.0000
  1
# 286
  0
TEXT
  8
3
  10
1108.4020
  20
-3773.4810
  40
8.0000
  1
# 287
  0
TEXT
  8
1
  10
1108.4020
  20
-3773.4810
  40
8.0000
  1
# 287
  0
TEXT
  8
2
  10
1113.9091
  20
-3890.6711
  40
8.0000
  1
# 288
  0
TEXT
  8
1
  10
1113.9091
  20
-3890.6711
  40
8.0000
  1
# 288
  0
TEXT
  8
2
  10
1103.3540
  20
-4047.0320
  40
8.0000
  1
# 289
  0
TEXT
  8
1
  10
1103.3540
  20
-4047.0320
  40
8.0000
  1
# 289
  0
TEXT
  8
2
  10
1103.3540
  20
-4047.0322
  40
8.0000
  1
# 290
  0
TEXT
  8
1
  10
1103.3540
  20
-4047.0322
  40
8.0000
  1
# 290
  0
TEXT
  8
3
  10
1086.2590
  20
-4148.9888
  40
8.0000
  1
# 291
  0
TEXT
  8
1
  10
1086.2590
  20
-4148.9888
  40
8.0000
  1
# 291
  0
TEXT
  8
2
  10
1084.2460
  20
-4158.8770
  40
8.0000
  1
# 292
  0
TEXT
  8
1
  10
1084.2460
  20
-4158.8770
  40
8.0000
  1
# 292
  0
TEXT
  8
2
  10
988.6130
  20
-4138.5010
  40
8.0000
  1
# 293
  0
TEXT
  8
1
  10
988.6130
  20
-4138.5010
  40
8.0000
  1
# 293
  0
TEXT
  8
3
  10
989.6410
  20
-4129.4790
  40
8.0000
  1
# 294
  0
TEXT
  8
1
  10
989.6410
  20
-4129.4790
  40
8.0000
  1
# 294
  0
TEXT
  8
3
  10
1000.6880
  20
-4049.1809
  40
8.0000
  1
# 295
  0
TEXT
  8
1
  10
1000.6880
  20
-4049.1809
  40
8.0000
  1
# 295
  0
TEXT
  8
2
  10
1001.5070
  20
-4044.3521
  40
8.0000
  1
# 296
  0
TEXT
  8
1
  10
1001.5070
  20
-4044.3521
  40
8.0000
  1
# 296
  0
TEXT
  8
3
  10
1005.8250
  20
-4042.0371
  40
8.0000
  1
# 297
  0
TEXT
  8
1
  10
1005.8250
  20
-4042.0371
  40
8.0000
  1
# 297
  0
TEXT
  8
3
  10
1029.3361
  20
-4022.9541
  40
8.0000
  1
# 298
  0
TEXT
  8
1
  10
1029.3361
  20
-4022.9541
  40
8.0000
  1
# 298
  0
TEXT
  8
3
  10
1034.9060
  20
-4011.0129
  40
8.0000
  1
# 299
  0
TEXT
  8
1
  10
1034.9060
  20
-4011.0129
  40
8.0000
  1
# 299
  0
TEXT
  8
3
  10
1044.7729
  20
-3960.7451
  40
8.0000
  1
# 300
  0
TEXT
  8
1
  10
1044.7729
  20
-3960.7451
  40
8.0000
  1
# 300
  0
TEXT
  8
3
  10
1044.8120
  20
-3960.4551
  40
8.0000
  1
# 301
  0
TEXT
  8
1
  10
1044.8120
  20
-3960.4551
  40
8.0000
  1
# 301
  0
TEXT
  8
3
  10
1046.8979
  20
-3941.6150
  40
8.0000
  1
# 302
  0
TEXT
  8
1
  10
1046.8979
  20
-3941.6150
  40
8.0000
  1
# 302
  0
TEXT
  8
3
  10
1048.5861
  20
-3890.8970
  40
8.0000
  1
# 303
  0
TEXT
  8
1
  10
1048.5861
  20
-3890.8970
  40
8.0000
  1
# 303
  0
TEXT
  8
4
  10
1046.9000
  20
-3839.7190
  40
8.0000
  1
# 1
  0
TEXT
  8
4
  10
1044.7750
  20
-3820.5891
  40
8.0000
  1
# 276
  0
TEXT
  8
4
  10
1103.3250
  20
-3734.3003
  40
8.0000
  1
# 286
  0
TEXT
  8
4
  10
1113.9091
  20
-3890.6711
  40
8.0000
  1
# 288
  0
TEXT
  8
4
  10
1103.3540
  20
-4047.0322
  40
8.0000
  1
# 290
  0
TEXT
  8
4
  10
1044.7729
  20
-3960.7451
  40
8.0000
  1
# 300
  0
TEXT
  8
4
  10
1046.8979
  20
-3941.6150
  40
8.0000
  1
# 302
  0
TEXT
  8
4
  10
1048.5861
  20
-3890.8970
  40
8.0000
  1
# 303
  0
TEXT
  8
1
  10
988.6824
  20
-4168.9668
  40
8.0000
  1
Piece Name: COLLAR 1P
  0
TEXT
  8
1
  10
988.6824
  20
-4178.9668
  40
8.0000
  1
Size: 50
  0
TEXT
  8
1
  10
988.6824
  20
-4188.9668
  40
8.0000
  1
Quantity: 1
  0
TEXT
  8
1
  10
988.6824
  20
-4198.9668
  40
8.0000
  1
Annotation: 
  0
TEXT
  8
1
  10
988.6824
  20
-4208.9668
  40
8.0000
  1
Category: 
  0
LINE
  8
7
  10
1063.3030
  20
-3890.5439
  11
1098.6620
  21
-3890.5439
  0
ENDBLK
  0
BLOCK
  8
1
  2
TEST_20X20_CM-S_50
  10
0.0000
  20
0.0000
70
0
  0
POLYLINE
  8
14
  66
1
  70
1
  0
VERTEX
  8
14
  10
181.2670
  20
-57.6520
  42
0.0000
  0
VERTEX
  8
14
  10
-18.7330
  20
-57.6520
  42
0.0000
  0
VERTEX
  8
14
  10
-18.7330
  20
142.3480
  42
0.0000
  0
VERTEX
  8
14
  10
181.2670
  20
142.3480
  42
0.0000
  0
SEQEND
  0
POLYLINE
  8
1
  66
1
  70
1
  0
VERTEX
  8
1
  10
181.2669
  20
-57.6520
  42
0.0000
  0
VERTEX
  8
1
  10
-18.7330
  20
-57.6519
  42
0.0000
  0
VERTEX
  8
1
  10
-18.7329
  20
142.3480
  42
0.0000
  0
VERTEX
  8
1
  10
181.2670
  20
142.3479
  42
0.0000
  0
SEQEND
  0
POINT
  8
2
  10
181.2670
  20
-57.6520
  0
POINT
  8
2
  10
-18.7330
  20
-57.6520
  0
POINT
  8
2
  10
-18.7330
  20
142.3480
  0
POINT
  8
2
  10
181.2670
  20
142.3480
  0
POINT
  8
2
  10
181.2669
  20
-57.6520
  0
POINT
  8
2
  10
-18.7330
  20
-57.6519
  0
POINT
  8
2
  10
-18.7329
  20
142.3480
  0
POINT
  8
2
  10
181.2670
  20
142.3479
  0
TEXT
  8
2
  10
181.2670
  20
-57.6520
  40
8.0000
  1
# 1
  0
TEXT
  8
14
  10
181.2670
  20
-57.6520
  40
8.0000
  1
# 1
  0
TEXT
  8
2
  10
-18.7330
  20
-57.6520
  40
8.0000
  1
# 1
  0
TEXT
  8
14
  10
-18.7330
  20
-57.6520
  40
8.0000
  1
# 1
  0
TEXT
  8
2
  10
-18.7330
  20
142.3480
  40
8.0000
  1
# 1
  0
TEXT
  8
14
  10
-18.7330
  20
142.3480
  40
8.0000
  1
# 1
  0
TEXT
  8
2
  10
181.2670
  20
142.3480
  40
8.0000
  1
# 1
  0
TEXT
  8
14
  10
181.2670
  20
142.3480
  40
8.0000
  1
# 1
  0
TEXT
  8
2
  10
181.2669
  20
-57.6520
  40
8.0000
  1
# 1
  0
TEXT
  8
1
  10
181.2669
  20
-57.6520
  40
8.0000
  1
# 1
  0
TEXT
  8
2
  10
-18.7330
  20
-57.6519
  40
8.0000
  1
# 304
  0
TEXT
  8
1
  10
-18.7330
  20
-57.6519
  40
8.0000
  1
# 304
  0
TEXT
  8
2
  10
-18.7329
  20
142.3480
  40
8.0000
  1
# 191
  0
TEXT
  8
1
  10
-18.7329
  20
142.3480
  40
8.0000
  1
# 191
  0
TEXT
  8
2
  10
181.2670
  20
142.3479
  40
8.0000
  1
# 1
  0
TEXT
  8
1
  10
181.2670
  20
142.3479
  40
8.0000
  1
# 1
  0
TEXT
  8
1
  10
-18.7329
  20
-67.6516
  40
8.0000
  1
Piece Name: TEST 20X20 CM
  0
TEXT
  8
1
  10
-18.7329
  20
-77.6516
  40
8.0000
  1
Size: 50
  0
TEXT
  8
1
  10
-18.7329
  20
-87.6516
  40
8.0000
  1
Quantity: 1
  0
TEXT
  8
1
  10
-18.7329
  20
-97.6516
  40
8.0000
  1
Annotation: 
  0
TEXT
  8
1
  10
-18.7329
  20
-107.6516
  40
8.0000
  1
Category: NO CUT
  0
LINE
  8
7
  10
7.2780
  20
41.1860
  11
150.3770
  21
41.1860
  0
ENDBLK
  0
BLOCK
  8
1
  2
FOR_COLLAR_1P-S_50
  10
0.0000
  20
0.0000
70
0
  0
POLYLINE
  8
14
  66
1
  70
1
  0
VERTEX
  8
14
  10
1008.7420
  20
-2867.7151
  42
0.0000
  0
VERTEX
  8
14
  10
1008.6660
  20
-2813.4609
  42
0.0000
  0
VERTEX
  8
14
  10
1009.6070
  20
-2761.3950
  42
0.0000
  0
VERTEX
  8
14
  10
1011.2820
  20
-2742.8340
  42
0.0000
  0
VERTEX
  8
14
  10
1014.8290
  20
-2724.5391
  42
0.0000
  0
VERTEX
  8
14
  10
1019.7050
  20
-2708.7439
  42
0.0000
  0
VERTEX
  8
14
  10
1026.3530
  20
-2693.6101
  42
0.0000
  0
VERTEX
  8
14
  10
1029.9390
  20
-2702.1860
  42
0.0000
  0
VERTEX
  8
14
  10
1032.9130
  20
-2710.9951
  42
0.0000
  0
VERTEX
  8
14
  10
1035.3820
  20
-2720.4070
  42
0.0000
  0
VERTEX
  8
14
  10
1037.2130
  20
-2729.9661
  42
0.0000
  0
VERTEX
  8
14
  10
1037.9120
  20
-2737.4409
  42
0.0000
  0
VERTEX
  8
14
  10
1038.6121
  20
-2744.9160
  42
0.0000
  0
VERTEX
  8
14
  10
1040.0170
  20
-2770.7410
  42
0.0000
  0
VERTEX
  8
14
  10
1041.4220
  20
-2796.5659
  42
0.0000
  0
VERTEX
  8
14
  10
1041.7600
  20
-2815.8359
  42
0.0000
  0
VERTEX
  8
14
  10
1042.2159
  20
-2867.8301
  42
0.0000
  0
VERTEX
  8
14
  10
1041.3700
  20
-2919.8181
  42
0.0000
  0
VERTEX
  8
14
  10
1040.8879
  20
-2939.0859
  42
0.0000
  0
VERTEX
  8
14
  10
1039.2889
  20
-2964.9050
  42
0.0000
  0
VERTEX
  8
14
  10
1037.6910
  20
-2990.7251
  42
0.0000
  0
VERTEX
  8
14
  10
1036.9351
  20
-2998.1960
  42
0.0000
  0
VERTEX
  8
14
  10
1036.1801
  20
-3005.6670
  42
0.0000
  0
VERTEX
  8
14
  10
1034.3060
  20
-3015.2190
  42
0.0000
  0
VERTEX
  8
14
  10
1031.7380
  20
-3024.6089
  42
0.0000
  0
VERTEX
  8
14
  10
1028.6121
  20
-3033.3921
  42
0.0000
  0
VERTEX
  8
14
  10
1024.8250
  20
-3041.9121
  42
0.0000
  0
VERTEX
  8
14
  10
1018.4250
  20
-3026.7319
  42
0.0000
  0
VERTEX
  8
14
  10
1013.7540
  20
-3010.9341
  42
0.0000
  0
VERTEX
  8
14
  10
1010.3730
  20
-2992.6079
  42
0.0000
  0
VERTEX
  8
14
  10
1008.8090
  20
-2974.0400
  42
0.0000
  0
VERTEX
  8
14
  10
1008.2590
  20
-2921.9680
  42
0.0000
  0
SEQEND
  0
POLYLINE
  8
1
  66
1
  70
1
  0
VERTEX
  8
1
  10
998.7410
  20
-2867.5791
  42
0.0000
  0
VERTEX
  8
1
  10
998.6670
  20
-2813.3301
  42
0.0000
  0
VERTEX
  8
1
  10
999.6140
  20
-2761.0200
  42
0.0000
  0
VERTEX
  8
1
  10
999.6140
  20
-2761.0198
  42
0.0000
  0
VERTEX
  8
1
  10
1001.3810
  20
-2741.4331
  42
0.0000
  0
VERTEX
  8
1
  10
1005.1230
  20
-2722.1321
  42
0.0000
  0
VERTEX
  8
1
  10
1010.3110
  20
-2705.3140
  42
0.0000
  0
VERTEX
  8
1
  10
1017.3790
  20
-2689.1980
  42
0.0000
  0
VERTEX
  8
1
  10
1023.1470
  20
-2677.4609
  42
0.0000
  0
VERTEX
  8
1
  10
1032.1219
  20
-2681.8721
  42
0.0000
  0
VERTEX
  8
1
  10
1035.5100
  20
-2689.5891
  42
0.0000
  0
VERTEX
  8
1
  10
1039.3260
  20
-2698.7390
  42
0.0000
  0
VERTEX
  8
1
  10
1042.4940
  20
-2708.1299
  42
0.0000
  0
VERTEX
  8
1
  10
1045.1591
  20
-2718.3081
  42
0.0000
  0
VERTEX
  8
1
  10
1047.1250
  20
-2728.6411
  42
0.0000
  0
VERTEX
  8
1
  10
1047.8550
  20
-2736.4099
  42
0.0000
  0
VERTEX
  8
1
  10
1048.5840
  20
-2744.1780
  42
0.0000
  0
VERTEX
  8
1
  10
1051.4170
  20
-2796.2300
  42
0.0000
  0
VERTEX
  8
1
  10
1051.4189
  20
-2796.3911
  42
0.0000
  0
VERTEX
  8
1
  10
1051.5870
  20
-2805.9590
  42
0.0000
  0
VERTEX
  8
1
  10
1051.7581
  20
-2815.6880
  42
0.0000
  0
VERTEX
  8
1
  10
1051.7581
  20
-2815.6882
  42
0.0000
  0
VERTEX
  8
1
  10
1051.9871
  20
-2841.8401
  42
0.0000
  0
VERTEX
  8
1
  10
1052.2130
  20
-2867.7419
  42
0.0000
  0
VERTEX
  8
1
  10
1052.2150
  20
-2867.9929
  42
0.0000
  0
VERTEX
  8
1
  10
1051.7920
  20
-2893.9871
  42
0.0000
  0
VERTEX
  8
1
  10
1051.3680
  20
-2919.9810
  42
0.0000
  0
VERTEX
  8
1
  10
1051.3680
  20
-2919.9812
  42
0.0000
  0
VERTEX
  8
1
  10
1051.1230
  20
-2929.7510
  42
0.0000
  0
VERTEX
  8
1
  10
1050.8781
  20
-2939.5200
  42
0.0000
  0
VERTEX
  8
1
  10
1050.8669
  20
-2939.7029
  42
0.0000
  0
VERTEX
  8
1
  10
1047.6580
  20
-2991.5371
  42
0.0000
  0
VERTEX
  8
1
  10
1046.8710
  20
-2999.2900
  42
0.0000
  0
VERTEX
  8
1
  10
1046.0850
  20
-3007.0439
  42
0.0000
  0
VERTEX
  8
1
  10
1044.0620
  20
-3017.4131
  42
0.0000
  0
VERTEX
  8
1
  10
1041.2791
  20
-3027.6011
  42
0.0000
  0
VERTEX
  8
1
  10
1037.9320
  20
-3037.0161
  42
0.0000
  0
VERTEX
  8
1
  10
1033.8840
  20
-3046.1470
  42
0.0000
  0
VERTEX
  8
1
  10
1030.3690
  20
-3053.6631
  42
0.0000
  0
VERTEX
  8
1
  10
1021.3250
  20
-3057.9299
  42
0.0000
  0
VERTEX
  8
1
  10
1015.7810
  20
-3046.1780
  42
0.0000
  0
VERTEX
  8
1
  10
1008.9870
  20
-3030.0339
  42
0.0000
  0
VERTEX
  8
1
  10
1004.0240
  20
-3013.2390
  42
0.0000
  0
VERTEX
  8
1
  10
1000.4600
  20
-2993.9231
  42
0.0000
  0
VERTEX
  8
1
  10
998.8140
  20
-2974.3530
  42
0.0000
  0
VERTEX
  8
1
  10
998.8140
  20
-2974.3528
  42
0.0000
  0
VERTEX
  8
1
  10
998.2590
  20
-2921.9270
  42
0.0000
  0
VERTEX
  8
1
  10
998.7380
  20
-2867.8250
  42
0.0000
  0
SEQEND
  0
POINT
  8
2
  10
1008.7420
  20
-2867.7151
  0
POINT
  8
3
  10
1008.6660
  20
-2813.4609
  0
POINT
  8
2
  10
1009.6070
  20
-2761.3950
  0
POINT
  8
3
  10
1011.2820
  20
-2742.8340
  0
POINT
  8
3
  10
1014.8290
  20
-2724.5391
  0
POINT
  8
3
  10
1019.7050
  20
-2708.7439
  0
POINT
  8
2
  10
1026.3530
  20
-2693.6101
  0
POINT
  8
3
  10
1029.9390
  20
-2702.1860
  0
POINT
  8
3
  10
1032.9130
  20
-2710.9951
  0
POINT
  8
3
  10
1035.3820
  20
-2720.4070
  0
POINT
  8
3
  10
1037.2130
  20
-2729.9661
  0
POINT
  8
3
  10
1037.9120
  20
-2737.4409
  0
POINT
  8
3
  10
1038.6121
  20
-2744.9160
  0
POINT
  8
3
  10
1040.0170
  20
-2770.7410
  0
POINT
  8
3
  10
1041.4220
  20
-2796.5659
  0
POINT
  8
3
  10
1041.7600
  20
-2815.8359
  0
POINT
  8
3
  10
1042.2159
  20
-2867.8301
  0
POINT
  8
3
  10
1041.3700
  20
-2919.8181
  0
POINT
  8
3
  10
1040.8879
  20
-2939.0859
  0
POINT
  8
3
  10
1039.2889
  20
-2964.9050
  0
POINT
  8
3
  10
1037.6910
  20
-2990.7251
  0
POINT
  8
3
  10
1036.9351
  20
-2998.1960
  0
POINT
  8
3
  10
1036.1801
  20
-3005.6670
  0
POINT
  8
3
  10
1034.3060
  20
-3015.2190
  0
POINT
  8
3
  10
1031.7380
  20
-3024.6089
  0
POINT
  8
3
  10
1028.6121
  20
-3033.3921
  0
POINT
  8
2
  10
1024.8250
  20
-3041.9121
  0
POINT
  8
3
  10
1018.4250
  20
-3026.7319
  0
POINT
  8
3
  10
1013.7540
  20
-3010.9341
  0
POINT
  8
3
  10
1010.3730
  20
-2992.6079
  0
POINT
  8
2
  10
1008.8090
  20
-2974.0400
  0
POINT
  8
3
  10
1008.2590
  20
-2921.9680
  0
POINT
  8
2
  10
998.7410
  20
-2867.5791
  0
POINT
  8
3
  10
998.6670
  20
-2813.3301
  0
POINT
  8
2
  10
999.6140
  20
-2761.0200
  0
POINT
  8
2
  10
999.6140
  20
-2761.0198
  0
POINT
  8
3
  10
1001.3810
  20
-2741.4331
  0
POINT
  8
3
  10
1005.1230
  20
-2722.1321
  0
POINT
  8
3
  10
1010.3110
  20
-2705.3140
  0
POINT
  8
3
  10
1017.3790
  20
-2689.1980
  0
POINT
  8
2
  10
1023.1470
  20
-2677.4609
  0
POINT
  8
2
  10
1032.1219
  20
-2681.8721
  0
POINT
  8
3
  10
1035.5100
  20
-2689.5891
  0
POINT
  8
3
  10
1039.3260
  20
-2698.7390
  0
POINT
  8
3
  10
1042.4940
  20
-2708.1299
  0
POINT
  8
3
  10
1045.1591
  20
-2718.3081
  0
POINT
  8
3
  10
1047.1250
  20
-2728.6411
  0
POINT
  8
3
  10
1047.8550
  20
-2736.4099
  0
POINT
  8
3
  10
1048.5840
  20
-2744.1780
  0
POINT
  8
3
  10
1051.4170
  20
-2796.2300
  0
POINT
  8
3
  10
1051.4189
  20
-2796.3911
  0
POINT
  8
3
  10
1051.5870
  20
-2805.9590
  0
POINT
  8
2
  10
1051.7581
  20
-2815.6880
  0
POINT
  8
2
  10
1051.7581
  20
-2815.6882
  0
POINT
  8
3
  10
1051.9871
  20
-2841.8401
  0
POINT
  8
3
  10
1052.2130
  20
-2867.7419
  0
POINT
  8
3
  10
1052.2150
  20
-2867.9929
  0
POINT
  8
3
  10
1051.7920
  20
-2893.9871
  0
POINT
  8
2
  10
1051.3680
  20
-2919.9810
  0
POINT
  8
2
  10
1051.3680
  20
-2919.9812
  0
POINT
  8
3
  10
1051.1230
  20
-2929.7510
  0
POINT
  8
3
  10
1050.8781
  20
-2939.5200
  0
POINT
  8
3
  10
1050.8669
  20
-2939.7029
  0
POINT
  8
3
  10
1047.6580
  20
-2991.5371
  0
POINT
  8
3
  10
1046.8710
  20
-2999.2900
  0
POINT
  8
3
  10
1046.0850
  20
-3007.0439
  0
POINT
  8
3
  10
1044.0620
  20
-3017.4131
  0
POINT
  8
3
  10
1041.2791
  20
-3027.6011
  0
POINT
  8
3
  10
1037.9320
  20
-3037.0161
  0
POINT
  8
3
  10
1033.8840
  20
-3046.1470
  0
POINT
  8
2
  10
1030.3690
  20
-3053.6631
  0
POINT
  8
2
  10
1021.3250
  20
-3057.9299
  0
POINT
  8
3
  10
1015.7810
  20
-3046.1780
  0
POINT
  8
3
  10
1008.9870
  20
-3030.0339
  0
POINT
  8
3
  10
1004.0240
  20
-3013.2390
  0
POINT
  8
3
  10
1000.4600
  20
-2993.9231
  0
POINT
  8
2
  10
998.8140
  20
-2974.3530
  0
POINT
  8
2
  10
998.8140
  20
-2974.3528
  0
POINT
  8
3
  10
998.2590
  20
-2921.9270
  0
POINT
  8
3
  10
998.7380
  20
-2867.8250
  0
POINT
  8
4
  10
999.6140
  20
-2761.0198
  30
10.0000
  50
-2.2508
  0
POINT
  8
4
  10
1051.4189
  20
-2796.3911
  30
10.0000
  50
-178.8975
  0
POINT
  8
4
  10
1051.7581
  20
-2815.6882
  30
10.0000
  50
-179.3161
  0
POINT
  8
4
  10
1052.2130
  20
-2867.7419
  30
10.0000
  50
-179.4968
  0
POINT
  8
4
  10
1051.3680
  20
-2919.9812
  30
10.0000
  50
178.8862
  0
POINT
  8
4
  10
1050.8669
  20
-2939.7029
  30
10.0000
  50
176.8424
  0
POINT
  8
4
  10
998.8140
  20
-2974.3528
  30
10.0000
  50
2.1404
  0
POINT
  8
4
  10
998.7380
  20
-2867.8250
  30
10.0000
  50
0.6258
  0
TEXT
  8
2
  10
1008.7420
  20
-2867.7151
  40
8.0000
  1
# 1
  0
TEXT
  8
14
  10
1008.7420
  20
-2867.7151
  40
8.0000
  1
# 1
  0
TEXT
  8
2
  10
1009.6070
  20
-2761.3950
  40
8.0000
  1
# 270
  0
TEXT
  8
14
  10
1009.6070
  20
-2761.3950
  40
8.0000
  1
# 270
  0
TEXT
  8
2
  10
1026.3530
  20
-2693.6101
  40
8.0000
  1
# 305
  0
TEXT
  8
14
  10
1026.3530
  20
-2693.6101
  40
8.0000
  1
# 305
  0
TEXT
  8
3
  10
1038.6121
  20
-2744.9160
  40
8.0000
  1
# 1
  0
TEXT
  8
14
  10
1038.6121
  20
-2744.9160
  40
8.0000
  1
# 1
  0
TEXT
  8
3
  10
1037.6910
  20
-2990.7251
  40
8.0000
  1
# 1
  0
TEXT
  8
14
  10
1037.6910
  20
-2990.7251
  40
8.0000
  1
# 1
  0
TEXT
  8
2
  10
1024.8250
  20
-3041.9121
  40
8.0000
  1
# 306
  0
TEXT
  8
14
  10
1024.8250
  20
-3041.9121
  40
8.0000
  1
# 306
  0
TEXT
  8
2
  10
1008.8090
  20
-2974.0400
  40
8.0000
  1
# 307
  0
TEXT
  8
14
  10
1008.8090
  20
-2974.0400
  40
8.0000
  1
# 307
  0
TEXT
  8
2
  10
998.7410
  20
-2867.5791
  40
8.0000
  1
# 308
  0
TEXT
  8
1
  10
998.7410
  20
-2867.5791
  40
8.0000
  1
# 308
  0
TEXT
  8
2
  10
999.6140
  20
-2761.0200
  40
8.0000
  1
# 309
  0
TEXT
  8
1
  10
999.6140
  20
-2761.0200
  40
8.0000
  1
# 309
  0
TEXT
  8
2
  10
999.6140
  20
-2761.0198
  40
8.0000
  1
# 309
  0
TEXT
  8
1
  10
999.6140
  20
-2761.0198
  40
8.0000
  1
# 309
  0
TEXT
  8
3
  10
1017.3790
  20
-2689.1980
  40
8.0000
  1
# 270
  0
TEXT
  8
1
  10
1017.3790
  20
-2689.1980
  40
8.0000
  1
# 270
  0
TEXT
  8
2
  10
1023.1470
  20
-2677.4609
  40
8.0000
  1
# 310
  0
TEXT
  8
1
  10
1023.1470
  20
-2677.4609
  40
8.0000
  1
# 310
  0
TEXT
  8
2
  10
1032.1219
  20
-2681.8721
  40
8.0000
  1
# 311
  0
TEXT
  8
1
  10
1032.1219
  20
-2681.8721
  40
8.0000
  1
# 311
  0
TEXT
  8
3
  10
1035.5100
  20
-2689.5891
  40
8.0000
  1
# 312
  0
TEXT
  8
1
  10
1035.5100
  20
-2689.5891
  40
8.0000
  1
# 312
  0
TEXT
  8
3
  10
1048.5840
  20
-2744.1780
  40
8.0000
  1
# 313
  0
TEXT
  8
1
  10
1048.5840
  20
-2744.1780
  40
8.0000
  1
# 313
  0
TEXT
  8
3
  10
1051.4170
  20
-2796.2300
  40
8.0000
  1
# 314
  0
TEXT
  8
1
  10
1051.4170
  20
-2796.2300
  40
8.0000
  1
# 314
  0
TEXT
  8
3
  10
1051.4189
  20
-2796.3911
  40
8.0000
  1
# 1
  0
TEXT
  8
1
  10
1051.4189
  20
-2796.3911
  40
8.0000
  1
# 1
  0
TEXT
  8
2
  10
1051.7581
  20
-2815.6882
  40
8.0000
  1
# 315
  0
TEXT
  8
1
  10
1051.7581
  20
-2815.6882
  40
8.0000
  1
# 315
  0
TEXT
  8
3
  10
1052.2130
  20
-2867.7419
  40
8.0000
  1
# 1
  0
TEXT
  8
1
  10
1052.2130
  20
-2867.7419
  40
8.0000
  1
# 1
  0
TEXT
  8
2
  10
1051.3680
  20
-2919.9812
  40
8.0000
  1
# 1
  0
TEXT
  8
1
  10
1051.3680
  20
-2919.9812
  40
8.0000
  1
# 1
  0
TEXT
  8
3
  10
1050.8781
  20
-2939.5200
  40
8.0000
  1
# 1
  0
TEXT
  8
1
  10
1050.8781
  20
-2939.5200
  40
8.0000
  1
# 1
  0
TEXT
  8
3
  10
1050.8669
  20
-2939.7029
  40
8.0000
  1
# 1
  0
TEXT
  8
1
  10
1050.8669
  20
-2939.7029
  40
8.0000
  1
# 1
  0
TEXT
  8
3
  10
1047.6580
  20
-2991.5371
  40
8.0000
  1
# 316
  0
TEXT
  8
1
  10
1047.6580
  20
-2991.5371
  40
8.0000
  1
# 316
  0
TEXT
  8
3
  10
1033.8840
  20
-3046.1470
  40
8.0000
  1
# 317
  0
TEXT
  8
1
  10
1033.8840
  20
-3046.1470
  40
8.0000
  1
# 317
  0
TEXT
  8
2
  10
1030.3690
  20
-3053.6631
  40
8.0000
  1
# 318
  0
TEXT
  8
1
  10
1030.3690
  20
-3053.6631
  40
8.0000
  1
# 318
  0
TEXT
  8
2
  10
1021.3250
  20
-3057.9299
  40
8.0000
  1
# 319
  0
TEXT
  8
1
  10
1021.3250
  20
-3057.9299
  40
8.0000
  1
# 319
  0
TEXT
  8
3
  10
1015.7810
  20
-3046.1780
  40
8.0000
  1
# 307
  0
TEXT
  8
1
  10
1015.7810
  20
-3046.1780
  40
8.0000
  1
# 307
  0
TEXT
  8
2
  10
998.8140
  20
-2974.3530
  40
8.0000
  1
# 320
  0
TEXT
  8
1
  10
998.8140
  20
-2974.3530
  40
8.0000
  1
# 320
  0
TEXT
  8
2
  10
998.8140
  20
-2974.3528
  40
8.0000
  1
# 320
  0
TEXT
  8
1
  10
998.8140
  20
-2974.3528
  40
8.0000
  1
# 320
  0
TEXT
  8
3
  10
998.7380
  20
-2867.8250
  40
8.0000
  1
# 321
  0
TEXT
  8
1
  10
998.7380
  20
-2867.8250
  40
8.0000
  1
# 321
  0
TEXT
  8
4
  10
999.6140
  20
-2761.0198
  40
8.0000
  1
# 309
  0
TEXT
  8
4
  10
1051.4189
  20
-2796.3911
  40
8.0000
  1
# 1
  0
TEXT
  8
4
  10
1051.7581
  20
-2815.6882
  40
8.0000
  1
# 315
  0
TEXT
  8
4
  10
1052.2130
  20
-2867.7419
  40
8.0000
  1
# 1
  0
TEXT
  8
4
  10
1051.3680
  20
-2919.9812
  40
8.0000
  1
# 1
  0
TEXT
  8
4
  10
1050.8669
  20
-2939.7029
  40
8.0000
  1
# 1
  0
TEXT
  8
4
  10
998.8140
  20
-2974.3528
  40
8.0000
  1
# 320
  0
TEXT
  8
4
  10
998.7380
  20
-2867.8250
  40
8.0000
  1
# 321
  0
TEXT
  8
1
  10
998.7437
  20
-3067.9900
  40
8.0000
  1
Piece Name: FOR COLLAR 1P
  0
TEXT
  8
1
  10
998.7437
  20
-3077.9900
  40
8.0000
  1
Size: 50
  0
TEXT
  8
1
  10
998.7437
  20
-3087.9900
  40
8.0000
  1
Quantity: 1
  0
TEXT
  8
1
  10
998.7437
  20
-3097.9900
  40
8.0000
  1
Annotation: 
  0
TEXT
  8
1
  10
998.7437
  20
-3107.9900
  40
8.0000
  1
Category: 
  0
LINE
  8
7
  10
1011.7880
  20
-2867.7151
  11
1035.3350
  21
-2867.7151
  0
ENDBLK
  0
BLOCK
  8
1
  2
TOP_INS.COLLAR_1P-S_50
  10
0.0000
  20
0.0000
70
0
  0
POLYLINE
  8
14
  66
1
  70
1
  0
VERTEX
  8
14
  10
1090.9290
  20
-3890.6621
  42
0.0000
  0
VERTEX
  8
14
  10
1090.8051
  20
-3859.6960
  42
0.0000
  0
VERTEX
  8
14
  10
1089.7980
  20
-3828.7461
  42
0.0000
  0
VERTEX
  8
14
  10
1088.1250
  20
-3802.4180
  42
0.0000
  0
VERTEX
  8
14
  10
1085.5720
  20
-3776.1599
  42
0.0000
  0
VERTEX
  8
14
  10
1083.0439
  20
-3756.6631
  42
0.0000
  0
VERTEX
  8
14
  10
1080.5160
  20
-3737.1660
  42
0.0000
  0
VERTEX
  8
14
  10
1078.5330
  20
-3720.7749
  42
0.0000
  0
VERTEX
  8
14
  10
1076.1320
  20
-3704.4409
  42
0.0000
  0
VERTEX
  8
14
  10
1067.3120
  20
-3654.6919
  42
0.0000
  0
VERTEX
  8
14
  10
1001.6180
  20
-3668.6941
  42
0.0000
  0
VERTEX
  8
14
  10
999.5880
  20
-3650.7209
  42
0.0000
  0
VERTEX
  8
14
  10
1076.4709
  20
-3634.3369
  42
0.0000
  0
VERTEX
  8
14
  10
1082.1260
  20
-3662.8340
  42
0.0000
  0
VERTEX
  8
14
  10
1087.2090
  20
-3691.4370
  42
0.0000
  0
VERTEX
  8
14
  10
1090.6021
  20
-3713.4690
  42
0.0000
  0
VERTEX
  8
14
  10
1093.4189
  20
-3735.5791
  42
0.0000
  0
VERTEX
  8
14
  10
1095.9510
  20
-3755.1101
  42
0.0000
  0
VERTEX
  8
14
  10
1098.4840
  20
-3774.6411
  42
0.0000
  0
VERTEX
  8
14
  10
1101.0790
  20
-3801.3511
  42
0.0000
  0
VERTEX
  8
14
  10
1102.7841
  20
-3828.1289
  42
0.0000
  0
VERTEX
  8
14
  10
1103.8040
  20
-3859.3889
  42
0.0000
  0
VERTEX
  8
14
  10
1103.9290
  20
-3890.6621
  42
0.0000
  0
VERTEX
  8
14
  10
1103.8060
  20
-3921.9380
  42
0.0000
  0
VERTEX
  8
14
  10
1102.7889
  20
-3953.1931
  42
0.0000
  0
VERTEX
  8
14
  10
1101.0880
  20
-3979.9751
  42
0.0000
  0
VERTEX
  8
14
  10
1098.4950
  20
-4006.6809
  42
0.0000
  0
VERTEX
  8
14
  10
1095.9640
  20
-4026.2129
  42
0.0000
  0
VERTEX
  8
14
  10
1093.4340
  20
-4045.7439
  42
0.0000
  0
VERTEX
  8
14
  10
1090.6180
  20
-4067.8579
  42
0.0000
  0
VERTEX
  8
14
  10
1087.2280
  20
-4089.8870
  42
0.0000
  0
VERTEX
  8
14
  10
1082.1470
  20
-4118.4932
  42
0.0000
  0
VERTEX
  8
14
  10
1076.4950
  20
-4146.9878
  42
0.0000
  0
VERTEX
  8
14
  10
999.6100
  20
-4130.6118
  42
0.0000
  0
VERTEX
  8
14
  10
1001.6390
  20
-4112.6401
  42
0.0000
  0
VERTEX
  8
14
  10
1067.3340
  20
-4126.6318
  42
0.0000
  0
VERTEX
  8
14
  10
1076.1500
  20
-4076.8840
  42
0.0000
  0
VERTEX
  8
14
  10
1078.5500
  20
-4060.5491
  42
0.0000
  0
VERTEX
  8
14
  10
1080.5310
  20
-4044.1580
  42
0.0000
  0
VERTEX
  8
14
  10
1083.0570
  20
-4024.6609
  42
0.0000
  0
VERTEX
  8
14
  10
1085.5830
  20
-4005.1641
  42
0.0000
  0
VERTEX
  8
14
  10
1088.1331
  20
-3978.9050
  42
0.0000
  0
VERTEX
  8
14
  10
1089.8040
  20
-3952.5769
  42
0.0000
  0
VERTEX
  8
14
  10
1090.8080
  20
-3921.6270
  42
0.0000
  0
SEQEND
  0
POLYLINE
  8
1
  66
1
  70
1
  0
VERTEX
  8
1
  10
1080.9290
  20
-3890.6311
  42
0.0000
  0
VERTEX
  8
1
  10
1080.9290
  20
-3890.6309
  42
0.0000
  0
VERTEX
  8
1
  10
1080.8060
  20
-3859.9109
  42
0.0000
  0
VERTEX
  8
1
  10
1079.8090
  20
-3829.2200
  42
0.0000
  0
VERTEX
  8
1
  10
1078.1570
  20
-3803.2290
  42
0.0000
  0
VERTEX
  8
1
  10
1075.6400
  20
-3777.3279
  42
0.0000
  0
VERTEX
  8
1
  10
1073.1160
  20
-3757.8640
  42
0.0000
  0
VERTEX
  8
1
  10
1070.5930
  20
-3738.3999
  42
0.0000
  0
VERTEX
  8
1
  10
1068.6219
  20
-3722.1030
  42
0.0000
  0
VERTEX
  8
1
  10
1067.4871
  20
-3714.0281
  42
0.0000
  0
VERTEX
  8
1
  10
1066.2560
  20
-3706.0100
  42
0.0000
  0
VERTEX
  8
1
  10
1062.0909
  20
-3681.3169
  42
0.0000
  0
VERTEX
  8
1
  10
1059.3990
  20
-3666.6050
  42
0.0000
  0
VERTEX
  8
1
  10
992.9190
  20
-3680.7729
  42
0.0000
  0
VERTEX
  8
1
  10
988.6330
  20
-3642.8311
  42
0.0000
  0
VERTEX
  8
1
  10
1084.2570
  20
-3622.4519
  42
0.0000
  0
VERTEX
  8
1
  10
1086.2700
  20
-3632.3401
  42
0.0000
  0
VERTEX
  8
1
  10
1091.9690
  20
-3661.0669
  42
0.0000
  0
VERTEX
  8
1
  10
1097.0730
  20
-3689.7939
  42
0.0000
  0
VERTEX
  8
1
  10
1100.5031
  20
-3712.0620
  42
0.0000
  0
VERTEX
  8
1
  10
1103.3361
  20
-3734.2930
  42
0.0000
  0
VERTEX
  8
1
  10
1103.3361
  20
-3734.2932
  42
0.0000
  0
VERTEX
  8
1
  10
1108.4150
  20
-3773.4741
  42
0.0000
  0
VERTEX
  8
1
  10
1111.0510
  20
-3800.5979
  42
0.0000
  0
VERTEX
  8
1
  10
1112.7720
  20
-3827.6541
  42
0.0000
  0
VERTEX
  8
1
  10
1113.4010
  20
-3843.4741
  42
0.0000
  0
VERTEX
  8
1
  10
1113.8020
  20
-3859.2280
  42
0.0000
  0
VERTEX
  8
1
  10
1113.9780
  20
-3874.9861
  42
0.0000
  0
VERTEX
  8
1
  10
1113.9301
  20
-3890.6641
  42
0.0000
  0
VERTEX
  8
1
  10
1113.9301
  20
-3890.6643
  42
0.0000
  0
VERTEX
  8
1
  10
1113.8051
  20
-3922.1360
  42
0.0000
  0
VERTEX
  8
1
  10
1112.7780
  20
-3953.6670
  42
0.0000
  0
VERTEX
  8
1
  10
1111.0560
  20
-3980.7649
  42
0.0000
  0
VERTEX
  8
1
  10
1108.4250
  20
-4007.8589
  42
0.0000
  0
VERTEX
  8
1
  10
1105.9041
  20
-4027.4419
  42
0.0000
  0
VERTEX
  8
1
  10
1103.3831
  20
-4047.0249
  42
0.0000
  0
VERTEX
  8
1
  10
1103.3831
  20
-4047.0251
  42
0.0000
  0
VERTEX
  8
1
  10
1100.5140
  20
-4069.2959
  42
0.0000
  0
VERTEX
  8
1
  10
1097.0920
  20
-4091.5300
  42
0.0000
  0
VERTEX
  8
1
  10
1091.9830
  20
-4120.2939
  42
0.0000
  0
VERTEX
  8
1
  10
1086.2939
  20
-4148.9839
  42
0.0000
  0
VERTEX
  8
1
  10
1084.2820
  20
-4158.8711
  42
0.0000
  0
VERTEX
  8
1
  10
988.6560
  20
-4138.5010
  42
0.0000
  0
VERTEX
  8
1
  10
992.9390
  20
-4100.5610
  42
0.0000
  0
VERTEX
  8
1
  10
1059.4210
  20
-4114.7241
  42
0.0000
  0
VERTEX
  8
1
  10
1064.2371
  20
-4087.7061
  42
0.0000
  0
VERTEX
  8
1
  10
1066.2230
  20
-4075.2959
  42
0.0000
  0
VERTEX
  8
1
  10
1067.5100
  20
-4067.2539
  42
0.0000
  0
VERTEX
  8
1
  10
1068.6379
  20
-4059.2219
  42
0.0000
  0
VERTEX
  8
1
  10
1070.6071
  20
-4042.9290
  42
0.0000
  0
VERTEX
  8
1
  10
1073.1281
  20
-4023.4629
  42
0.0000
  0
VERTEX
  8
1
  10
1075.6500
  20
-4003.9971
  42
0.0000
  0
VERTEX
  8
1
  10
1078.1680
  20
-3978.0581
  42
0.0000
  0
VERTEX
  8
1
  10
1079.8149
  20
-3952.1040
  42
0.0000
  0
VERTEX
  8
1
  10
1080.8101
  20
-3921.3601
  42
0.0000
  0
SEQEND
  0
POINT
  8
2
  10
1090.9290
  20
-3890.6621
  0
POINT
  8
3
  10
1090.8051
  20
-3859.6960
  0
POINT
  8
3
  10
1089.7980
  20
-3828.7461
  0
POINT
  8
3
  10
1088.1250
  20
-3802.4180
  0
POINT
  8
3
  10
1085.5720
  20
-3776.1599
  0
POINT
  8
3
  10
1083.0439
  20
-3756.6631
  0
POINT
  8
3
  10
1080.5160
  20
-3737.1660
  0
POINT
  8
3
  10
1078.5330
  20
-3720.7749
  0
POINT
  8
3
  10
1076.1320
  20
-3704.4409
  0
POINT
  8
2
  10
1067.3120
  20
-3654.6919
  0
POINT
  8
2
  10
1001.6180
  20
-3668.6941
  0
POINT
  8
2
  10
999.5880
  20
-3650.7209
  0
POINT
  8
2
  10
1076.4709
  20
-3634.3369
  0
POINT
  8
3
  10
1082.1260
  20
-3662.8340
  0
POINT
  8
3
  10
1087.2090
  20
-3691.4370
  0
POINT
  8
3
  10
1090.6021
  20
-3713.4690
  0
POINT
  8
3
  10
1093.4189
  20
-3735.5791
  0
POINT
  8
3
  10
1095.9510
  20
-3755.1101
  0
POINT
  8
3
  10
1098.4840
  20
-3774.6411
  0
POINT
  8
3
  10
1101.0790
  20
-3801.3511
  0
POINT
  8
3
  10
1102.7841
  20
-3828.1289
  0
POINT
  8
3
  10
1103.8040
  20
-3859.3889
  0
POINT
  8
3
  10
1103.9290
  20
-3890.6621
  0
POINT
  8
3
  10
1103.8060
  20
-3921.9380
  0
POINT
  8
3
  10
1102.7889
  20
-3953.1931
  0
POINT
  8
3
  10
1101.0880
  20
-3979.9751
  0
POINT
  8
3
  10
1098.4950
  20
-4006.6809
  0
POINT
  8
3
  10
1095.9640
  20
-4026.2129
  0
POINT
  8
3
  10
1093.4340
  20
-4045.7439
  0
POINT
  8
3
  10
1090.6180
  20
-4067.8579
  0
POINT
  8
3
  10
1087.2280
  20
-4089.8870
  0
POINT
  8
3
  10
1082.1470
  20
-4118.4932
  0
POINT
  8
2
  10
1076.4950
  20
-4146.9878
  0
POINT
  8
2
  10
999.6100
  20
-4130.6118
  0
POINT
  8
2
  10
1001.6390
  20
-4112.6401
  0
POINT
  8
2
  10
1067.3340
  20
-4126.6318
  0
POINT
  8
3
  10
1076.1500
  20
-4076.8840
  0
POINT
  8
3
  10
1078.5500
  20
-4060.5491
  0
POINT
  8
3
  10
1080.5310
  20
-4044.1580
  0
POINT
  8
3
  10
1083.0570
  20
-4024.6609
  0
POINT
  8
3
  10
1085.5830
  20
-4005.1641
  0
POINT
  8
3
  10
1088.1331
  20
-3978.9050
  0
POINT
  8
3
  10
1089.8040
  20
-3952.5769
  0
POINT
  8
3
  10
1090.8080
  20
-3921.6270
  0
POINT
  8
2
  10
1080.9290
  20
-3890.6311
  0
POINT
  8
2
  10
1080.9290
  20
-3890.6309
  0
POINT
  8
3
  10
1080.8060
  20
-3859.9109
  0
POINT
  8
3
  10
1079.8090
  20
-3829.2200
  0
POINT
  8
3
  10
1078.1570
  20
-3803.2290
  0
POINT
  8
3
  10
1075.6400
  20
-3777.3279
  0
POINT
  8
3
  10
1073.1160
  20
-3757.8640
  0
POINT
  8
3
  10
1070.5930
  20
-3738.3999
  0
POINT
  8
3
  10
1068.6219
  20
-3722.1030
  0
POINT
  8
3
  10
1067.4871
  20
-3714.0281
  0
POINT
  8
3
  10
1066.2560
  20
-3706.0100
  0
POINT
  8
3
  10
1062.0909
  20
-3681.3169
  0
POINT
  8
2
  10
1059.3990
  20
-3666.6050
  0
POINT
  8
2
  10
992.9190
  20
-3680.7729
  0
POINT
  8
2
  10
988.6330
  20
-3642.8311
  0
POINT
  8
2
  10
1084.2570
  20
-3622.4519
  0
POINT
  8
3
  10
1086.2700
  20
-3632.3401
  0
POINT
  8
3
  10
1091.9690
  20
-3661.0669
  0
POINT
  8
3
  10
1097.0730
  20
-3689.7939
  0
POINT
  8
3
  10
1100.5031
  20
-3712.0620
  0
POINT
  8
2
  10
1103.3361
  20
-3734.2930
  0
POINT
  8
2
  10
1103.3361
  20
-3734.2932
  0
POINT
  8
3
  10
1108.4150
  20
-3773.4741
  0
POINT
  8
3
  10
1111.0510
  20
-3800.5979
  0
POINT
  8
3
  10
1112.7720
  20
-3827.6541
  0
POINT
  8
3
  10
1113.4010
  20
-3843.4741
  0
POINT
  8
3
  10
1113.8020
  20
-3859.2280
  0
POINT
  8
3
  10
1113.9780
  20
-3874.9861
  0
POINT
  8
2
  10
1113.9301
  20
-3890.6641
  0
POINT
  8
2
  10
1113.9301
  20
-3890.6643
  0
POINT
  8
3
  10
1113.8051
  20
-3922.1360
  0
POINT
  8
3
  10
1112.7780
  20
-3953.6670
  0
POINT
  8
3
  10
1111.0560
  20
-3980.7649
  0
POINT
  8
3
  10
1108.4250
  20
-4007.8589
  0
POINT
  8
3
  10
1105.9041
  20
-4027.4419
  0
POINT
  8
2
  10
1103.3831
  20
-4047.0249
  0
POINT
  8
2
  10
1103.3831
  20
-4047.0251
  0
POINT
  8
3
  10
1100.5140
  20
-4069.2959
  0
POINT
  8
3
  10
1097.0920
  20
-4091.5300
  0
POINT
  8
3
  10
1091.9830
  20
-4120.2939
  0
POINT
  8
3
  10
1086.2939
  20
-4148.9839
  0
POINT
  8
2
  10
1084.2820
  20
-4158.8711
  0
POINT
  8
2
  10
988.6560
  20
-4138.5010
  0
POINT
  8
2
  10
992.9390
  20
-4100.5610
  0
POINT
  8
2
  10
1059.4210
  20
-4114.7241
  0
POINT
  8
3
  10
1064.2371
  20
-4087.7061
  0
POINT
  8
3
  10
1066.2230
  20
-4075.2959
  0
POINT
  8
3
  10
1067.5100
  20
-4067.2539
  0
POINT
  8
3
  10
1068.6379
  20
-4059.2219
  0
POINT
  8
3
  10
1070.6071
  20
-4042.9290
  0
POINT
  8
3
  10
1073.1281
  20
-4023.4629
  0
POINT
  8
3
  10
1075.6500
  20
-4003.9971
  0
POINT
  8
3
  10
1078.1680
  20
-3978.0581
  0
POINT
  8
3
  10
1079.8149
  20
-3952.1040
  0
POINT
  8
3
  10
1080.8101
  20
-3921.3601
  0
POINT
  8
4
  10
1080.9290
  20
-3890.6309
  30
10.0000
  50
0.5905
  0
POINT
  8
4
  10
1103.3361
  20
-3734.2932
  30
10.0000
  50
-172.6122
  0
POINT
  8
4
  10
1113.9301
  20
-3890.6643
  30
10.0000
  50
-179.4071
  0
POINT
  8
4
  10
1103.3831
  20
-4047.0251
  30
10.0000
  50
172.6175
  0
TEXT
  8
2
  10
1090.9290
  20
-3890.6621
  40
8.0000
  1
# 1
  0
TEXT
  8
14
  10
1090.9290
  20
-3890.6621
  40
8.0000
  1
# 1
  0
TEXT
  8
3
  10
1076.1320
  20
-3704.4409
  40
8.0000
  1
# 1
  0
TEXT
  8
14
  10
1076.1320
  20
-3704.4409
  40
8.0000
  1
# 1
  0
TEXT
  8
2
  10
1067.3120
  20
-3654.6919
  40
8.0000
  1
# 322
  0
TEXT
  8
14
  10
1067.3120
  20
-3654.6919
  40
8.0000
  1
# 322
  0
TEXT
  8
2
  10
1001.6180
  20
-3668.6941
  40
8.0000
  1
# 323
  0
TEXT
  8
14
  10
1001.6180
  20
-3668.6941
  40
8.0000
  1
# 323
  0
TEXT
  8
2
  10
999.5880
  20
-3650.7209
  40
8.0000
  1
# 324
  0
TEXT
  8
14
  10
999.5880
  20
-3650.7209
  40
8.0000
  1
# 324
  0
TEXT
  8
2
  10
1076.4709
  20
-3634.3369
  40
8.0000
  1
# 325
  0
TEXT
  8
14
  10
1076.4709
  20
-3634.3369
  40
8.0000
  1
# 325
  0
TEXT
  8
3
  10
1093.4189
  20
-3735.5791
  40
8.0000
  1
# 1
  0
TEXT
  8
14
  10
1093.4189
  20
-3735.5791
  40
8.0000
  1
# 1
  0
TEXT
  8
3
  10
1093.4340
  20
-4045.7439
  40
8.0000
  1
# 1
  0
TEXT
  8
14
  10
1093.4340
  20
-4045.7439
  40
8.0000
  1
# 1
  0
TEXT
  8
2
  10
1076.4950
  20
-4146.9878
  40
8.0000
  1
# 326
  0
TEXT
  8
14
  10
1076.4950
  20
-4146.9878
  40
8.0000
  1
# 326
  0
TEXT
  8
2
  10
999.6100
  20
-4130.6118
  40
8.0000
  1
# 327
  0
TEXT
  8
14
  10
999.6100
  20
-4130.6118
  40
8.0000
  1
# 327
  0
TEXT
  8
2
  10
1001.6390
  20
-4112.6401
  40
8.0000
  1
# 328
  0
TEXT
  8
14
  10
1001.6390
  20
-4112.6401
  40
8.0000
  1
# 328
  0
TEXT
  8
2
  10
1067.3340
  20
-4126.6318
  40
8.0000
  1
# 329
  0
TEXT
  8
14
  10
1067.3340
  20
-4126.6318
  40
8.0000
  1
# 329
  0
TEXT
  8
3
  10
1076.1500
  20
-4076.8840
  40
8.0000
  1
# 1
  0
TEXT
  8
14
  10
1076.1500
  20
-4076.8840
  40
8.0000
  1
# 1
  0
TEXT
  8
2
  10
1080.9290
  20
-3890.6311
  40
8.0000
  1
# 1
  0
TEXT
  8
1
  10
1080.9290
  20
-3890.6311
  40
8.0000
  1
# 1
  0
TEXT
  8
2
  10
1080.9290
  20
-3890.6309
  40
8.0000
  1
# 304
  0
TEXT
  8
1
  10
1080.9290
  20
-3890.6309
  40
8.0000
  1
# 304
  0
TEXT
  8
3
  10
1070.5930
  20
-3738.3999
  40
8.0000
  1
# 330
  0
TEXT
  8
1
  10
1070.5930
  20
-3738.3999
  40
8.0000
  1
# 330
  0
TEXT
  8
3
  10
1068.6219
  20
-3722.1030
  40
8.0000
  1
# 331
  0
TEXT
  8
1
  10
1068.6219
  20
-3722.1030
  40
8.0000
  1
# 331
  0
TEXT
  8
3
  10
1066.2560
  20
-3706.0100
  40
8.0000
  1
# 332
  0
TEXT
  8
1
  10
1066.2560
  20
-3706.0100
  40
8.0000
  1
# 332
  0
TEXT
  8
2
  10
1059.3990
  20
-3666.6050
  40
8.0000
  1
# 333
  0
TEXT
  8
1
  10
1059.3990
  20
-3666.6050
  40
8.0000
  1
# 333
  0
TEXT
  8
2
  10
992.9190
  20
-3680.7729
  40
8.0000
  1
# 334
  0
TEXT
  8
1
  10
992.9190
  20
-3680.7729
  40
8.0000
  1
# 334
  0
TEXT
  8
2
  10
988.6330
  20
-3642.8311
  40
8.0000
  1
# 335
  0
TEXT
  8
1
  10
988.6330
  20
-3642.8311
  40
8.0000
  1
# 335
  0
TEXT
  8
2
  10
1084.2570
  20
-3622.4519
  40
8.0000
  1
# 336
  0
TEXT
  8
1
  10
1084.2570
  20
-3622.4519
  40
8.0000
  1
# 336
  0
TEXT
  8
3
  10
1086.2700
  20
-3632.3401
  40
8.0000
  1
# 337
  0
TEXT
  8
1
  10
1086.2700
  20
-3632.3401
  40
8.0000
  1
# 337
  0
TEXT
  8
2
  10
1103.3361
  20
-3734.2930
  40
8.0000
  1
# 338
  0
TEXT
  8
1
  10
1103.3361
  20
-3734.2930
  40
8.0000
  1
# 338
  0
TEXT
  8
2
  10
1103.3361
  20
-3734.2932
  40
8.0000
  1
# 339
  0
TEXT
  8
1
  10
1103.3361
  20
-3734.2932
  40
8.0000
  1
# 339
  0
TEXT
  8
3
  10
1108.4150
  20
-3773.4741
  40
8.0000
  1
# 340
  0
TEXT
  8
1
  10
1108.4150
  20
-3773.4741
  40
8.0000
  1
# 340
  0
TEXT
  8
2
  10
1113.9301
  20
-3890.6643
  40
8.0000
  1
# 341
  0
TEXT
  8
1
  10
1113.9301
  20
-3890.6643
  40
8.0000
  1
# 341
  0
TEXT
  8
2
  10
1103.3831
  20
-4047.0249
  40
8.0000
  1
# 342
  0
TEXT
  8
1
  10
1103.3831
  20
-4047.0249
  40
8.0000
  1
# 342
  0
TEXT
  8
2
  10
1103.3831
  20
-4047.0251
  40
8.0000
  1
# 342
  0
TEXT
  8
1
  10
1103.3831
  20
-4047.0251
  40
8.0000
  1
# 342
  0
TEXT
  8
3
  10
1086.2939
  20
-4148.9839
  40
8.0000
  1
# 343
  0
TEXT
  8
1
  10
1086.2939
  20
-4148.9839
  40
8.0000
  1
# 343
  0
TEXT
  8
2
  10
1084.2820
  20
-4158.8711
  40
8.0000
  1
# 344
  0
TEXT
  8
1
  10
1084.2820
  20
-4158.8711
  40
8.0000
  1
# 344
  0
TEXT
  8
2
  10
988.6560
  20
-4138.5010
  40
8.0000
  1
# 345
  0
TEXT
  8
1
  10
988.6560
  20
-4138.5010
  40
8.0000
  1
# 345
  0
TEXT
  8
2
  10
992.9390
  20
-4100.5610
  40
8.0000
  1
# 346
  0
TEXT
  8
1
  10
992.9390
  20
-4100.5610
  40
8.0000
  1
# 346
  0
TEXT
  8
2
  10
1059.4210
  20
-4114.7241
  40
8.0000
  1
# 347
  0
TEXT
  8
1
  10
1059.4210
  20
-4114.7241
  40
8.0000
  1
# 347
  0
TEXT
  8
3
  10
1066.2230
  20
-4075.2959
  40
8.0000
  1
# 348
  0
TEXT
  8
1
  10
1066.2230
  20
-4075.2959
  40
8.0000
  1
# 348
  0
TEXT
  8
3
  10
1068.6379
  20
-4059.2219
  40
8.0000
  1
# 349
  0
TEXT
  8
1
  10
1068.6379
  20
-4059.2219
  40
8.0000
  1
# 349
  0
TEXT
  8
3
  10
1070.6071
  20
-4042.9290
  40
8.0000
  1
# 350
  0
TEXT
  8
1
  10
1070.6071
  20
-4042.9290
  40
8.0000
  1
# 350
  0
TEXT
  8
4
  10
1080.9290
  20
-3890.6309
  40
8.0000
  1
# 304
  0
TEXT
  8
4
  10
1103.3361
  20
-3734.2932
  40
8.0000
  1
# 339
  0
TEXT
  8
4
  10
1113.9301
  20
-3890.6643
  40
8.0000
  1
# 341
  0
TEXT
  8
4
  10
1103.3831
  20
-4047.0251
  40
8.0000
  1
# 342
  0
TEXT
  8
1
  10
988.6961
  20
-4168.9595
  40
8.0000
  1
Piece Name: TOP INS.COLLAR 1P
  0
TEXT
  8
1
  10
988.6961
  20
-4178.9595
  40
8.0000
  1
Size: 50
  0
TEXT
  8
1
  10
988.6961
  20
-4188.9595
  40
8.0000
  1
Quantity: 1
  0
TEXT
  8
1
  10
988.6961
  20
-4198.9595
  40
8.0000
  1
Annotation: 
  0
TEXT
  8
1
  10
988.6961
  20
-4208.9595
  40
8.0000
  1
Category: 
  0
LINE
  8
7
  10
1092.6050
  20
-3890.5540
  11
1101.0850
  21
-3890.5540
  0
ENDBLK
  0
BLOCK
  8
1
  2
RIB_INS.COLLAR_1P-S_50
  10
0.0000
  20
0.0000
70
0
  0
POLYLINE
  8
14
  66
1
  70
1
  0
VERTEX
  8
14
  10
1010.0000
  20
-6210.4492
  42
0.0000
  0
VERTEX
  8
14
  10
1010.0000
  20
-5989.8389
  42
0.0000
  0
VERTEX
  8
14
  10
1075.0000
  20
-5989.8389
  42
0.0000
  0
VERTEX
  8
14
  10
1075.0000
  20
-6431.0610
  42
0.0000
  0
VERTEX
  8
14
  10
1010.0000
  20
-6431.0610
  42
0.0000
  0
SEQEND
  0
POLYLINE
  8
1
  66
1
  70
1
  0
VERTEX
  8
1
  10
1000.0000
  20
-6210.4492
  42
0.0000
  0
VERTEX
  8
1
  10
1000.0000
  20
-6210.4487
  42
0.0000
  0
VERTEX
  8
1
  10
1000.0000
  20
-6111.8350
  42
0.0000
  0
VERTEX
  8
1
  10
1000.0000
  20
-5979.8389
  42
0.0000
  0
VERTEX
  8
1
  10
1085.0000
  20
-5979.8389
  42
0.0000
  0
VERTEX
  8
1
  10
1085.0000
  20
-6210.4492
  42
0.0000
  0
VERTEX
  8
1
  10
1085.0000
  20
-6441.0601
  42
0.0000
  0
VERTEX
  8
1
  10
1000.0000
  20
-6441.0601
  42
0.0000
  0
VERTEX
  8
1
  10
1000.0000
  20
-6309.0640
  42
0.0000
  0
SEQEND
  0
POINT
  8
2
  10
1010.0000
  20
-6210.4492
  0
POINT
  8
2
  10
1010.0000
  20
-5989.8389
  0
POINT
  8
2
  10
1075.0000
  20
-5989.8389
  0
POINT
  8
2
  10
1075.0000
  20
-6431.0610
  0
POINT
  8
2
  10
1010.0000
  20
-6431.0610
  0
POINT
  8
2
  10
1000.0000
  20
-6210.4492
  0
POINT
  8
2
  10
1000.0000
  20
-6210.4487
  0
POINT
  8
3
  10
1000.0000
  20
-6111.8350
  0
POINT
  8
2
  10
1000.0000
  20
-5979.8389
  0
POINT
  8
2
  10
1085.0000
  20
-5979.8389
  0
POINT
  8
3
  10
1085.0000
  20
-6210.4492
  0
POINT
  8
2
  10
1085.0000
  20
-6441.0601
  0
POINT
  8
2
  10
1000.0000
  20
-6441.0601
  0
POINT
  8
3
  10
1000.0000
  20
-6309.0640
  0
POINT
  8
4
  10
1000.0000
  20
-6210.4487
  30
10.0000
  50
-0.0000
  0
POINT
  8
4
  10
1000.0000
  20
-6111.8350
  30
10.0000
  50
-0.0000
  0
POINT
  8
4
  10
1085.0000
  20
-6210.4492
  30
10.0000
  50
180.0000
  0
POINT
  8
4
  10
1000.0000
  20
-6309.0640
  30
10.0000
  50
-0.0000
  0
TEXT
  8
2
  10
1010.0000
  20
-6210.4492
  40
8.0000
  1
# 1
  0
TEXT
  8
14
  10
1010.0000
  20
-6210.4492
  40
8.0000
  1
# 1
  0
TEXT
  8
2
  10
1010.0000
  20
-5989.8389
  40
8.0000
  1
# 351
  0
TEXT
  8
14
  10
1010.0000
  20
-5989.8389
  40
8.0000
  1
# 351
  0
TEXT
  8
2
  10
1075.0000
  20
-5989.8389
  40
8.0000
  1
# 351
  0
TEXT
  8
14
  10
1075.0000
  20
-5989.8389
  40
8.0000
  1
# 351
  0
TEXT
  8
2
  10
1075.0000
  20
-6431.0610
  40
8.0000
  1
# 352
  0
TEXT
  8
14
  10
1075.0000
  20
-6431.0610
  40
8.0000
  1
# 352
  0
TEXT
  8
2
  10
1010.0000
  20
-6431.0610
  40
8.0000
  1
# 352
  0
TEXT
  8
14
  10
1010.0000
  20
-6431.0610
  40
8.0000
  1
# 352
  0
TEXT
  8
2
  10
1000.0000
  20
-6210.4492
  40
8.0000
  1
# 1
  0
TEXT
  8
1
  10
1000.0000
  20
-6210.4492
  40
8.0000
  1
# 1
  0
TEXT
  8
2
  10
1000.0000
  20
-6210.4487
  40
8.0000
  1
# 122
  0
TEXT
  8
1
  10
1000.0000
  20
-6210.4487
  40
8.0000
  1
# 122
  0
TEXT
  8
3
  10
1000.0000
  20
-6111.8350
  40
8.0000
  1
# 270
  0
TEXT
  8
1
  10
1000.0000
  20
-6111.8350
  40
8.0000
  1
# 270
  0
TEXT
  8
2
  10
1000.0000
  20
-5979.8389
  40
8.0000
  1
# 351
  0
TEXT
  8
1
  10
1000.0000
  20
-5979.8389
  40
8.0000
  1
# 351
  0
TEXT
  8
2
  10
1085.0000
  20
-5979.8389
  40
8.0000
  1
# 351
  0
TEXT
  8
1
  10
1085.0000
  20
-5979.8389
  40
8.0000
  1
# 351
  0
TEXT
  8
3
  10
1085.0000
  20
-6210.4492
  40
8.0000
  1
# 1
  0
TEXT
  8
1
  10
1085.0000
  20
-6210.4492
  40
8.0000
  1
# 1
  0
TEXT
  8
2
  10
1085.0000
  20
-6441.0601
  40
8.0000
  1
# 352
  0
TEXT
  8
1
  10
1085.0000
  20
-6441.0601
  40
8.0000
  1
# 352
  0
TEXT
  8
2
  10
1000.0000
  20
-6441.0601
  40
8.0000
  1
# 352
  0
TEXT
  8
1
  10
1000.0000
  20
-6441.0601
  40
8.0000
  1
# 352
  0
TEXT
  8
3
  10
1000.0000
  20
-6309.0640
  40
8.0000
  1
# 307
  0
TEXT
  8
1
  10
1000.0000
  20
-6309.0640
  40
8.0000
  1
# 307
  0
TEXT
  8
4
  10
1000.0000
  20
-6210.4487
  40
8.0000
  1
# 122
  0
TEXT
  8
4
  10
1000.0000
  20
-6111.8350
  40
8.0000
  1
# 270
  0
TEXT
  8
4
  10
1085.0000
  20
-6210.4492
  40
8.0000
  1
# 1
  0
TEXT
  8
4
  10
1000.0000
  20
-6309.0640
  40
8.0000
  1
# 307
  0
TEXT
  8
1
  10
999.9998
  20
-6451.0591
  40
8.0000
  1
Piece Name: RIB INS.COLLAR 1P
  0
TEXT
  8
1
  10
999.9998
  20
-6461.0591
  40
8.0000
  1
Size: 50
  0
TEXT
  8
1
  10
999.9998
  20
-6471.0591
  40
8.0000
  1
Quantity: 1
  0
TEXT
  8
1
  10
999.9998
  20
-6481.0591
  40
8.0000
  1
Annotation: 
  0
TEXT
  8
1
  10
999.9998
  20
-6491.0591
  40
8.0000
  1
Category: 
  0
LINE
  8
7
  10
1014.0800
  20
-6210.4492
  11
1063.5439
  21
-6210.4492
  0
ENDBLK
  0
BLOCK
  8
1
  2
INS.BT_FRONT_2P-S_50
  10
0.0000
  20
0.0000
70
0
  0
POLYLINE
  8
14
  66
1
  70
1
  0
VERTEX
  8
14
  10
7810.0752
  20
1236.9680
  42
0.0000
  0
VERTEX
  8
14
  10
7810.4229
  20
1291.9430
  42
0.0000
  0
VERTEX
  8
14
  10
7870.4258
  20
1292.4380
  42
0.0000
  0
VERTEX
  8
14
  10
7870.1089
  20
1237.0179
  42
0.0000
  0
SEQEND
  0
POLYLINE
  8
1
  66
1
  70
1
  0
VERTEX
  8
1
  10
7800.0112
  20
1226.9600
  42
0.0000
  0
VERTEX
  8
1
  10
7800.1621
  20
1250.9250
  42
0.0000
  0
VERTEX
  8
1
  10
7800.4858
  20
1301.8610
  42
0.0000
  0
VERTEX
  8
1
  10
7880.4858
  20
1302.5210
  42
0.0000
  0
VERTEX
  8
1
  10
7880.0518
  20
1227.0270
  42
0.0000
  0
SEQEND
  0
POINT
  8
2
  10
7810.0752
  20
1236.9680
  0
POINT
  8
2
  10
7810.4229
  20
1291.9430
  0
POINT
  8
2
  10
7870.4258
  20
1292.4380
  0
POINT
  8
2
  10
7870.1089
  20
1237.0179
  0
POINT
  8
2
  10
7800.0112
  20
1226.9600
  0
POINT
  8
3
  10
7800.1621
  20
1250.9250
  0
POINT
  8
2
  10
7800.4858
  20
1301.8610
  0
POINT
  8
2
  10
7880.4858
  20
1302.5210
  0
POINT
  8
2
  10
7880.0518
  20
1227.0270
  0
POINT
  8
4
  10
7800.1621
  20
1250.9250
  30
10.0000
  50
-0.3643
  0
TEXT
  8
2
  10
7810.0752
  20
1236.9680
  40
8.0000
  1
# 1
  0
TEXT
  8
14
  10
7810.0752
  20
1236.9680
  40
8.0000
  1
# 1
  0
TEXT
  8
2
  10
7810.4229
  20
1291.9430
  40
8.0000
  1
# 1
  0
TEXT
  8
14
  10
7810.4229
  20
1291.9430
  40
8.0000
  1
# 1
  0
TEXT
  8
2
  10
7870.4258
  20
1292.4380
  40
8.0000
  1
# 1
  0
TEXT
  8
14
  10
7870.4258
  20
1292.4380
  40
8.0000
  1
# 1
  0
TEXT
  8
2
  10
7870.1089
  20
1237.0179
  40
8.0000
  1
# 1
  0
TEXT
  8
14
  10
7870.1089
  20
1237.0179
  40
8.0000
  1
# 1
  0
TEXT
  8
2
  10
7800.0112
  20
1226.9600
  40
8.0000
  1
# 1
  0
TEXT
  8
1
  10
7800.0112
  20
1226.9600
  40
8.0000
  1
# 1
  0
TEXT
  8
3
  10
7800.1621
  20
1250.9250
  40
8.0000
  1
# 1
  0
TEXT
  8
1
  10
7800.1621
  20
1250.9250
  40
8.0000
  1
# 1
  0
TEXT
  8
2
  10
7800.4858
  20
1301.8610
  40
8.0000
  1
# 1
  0
TEXT
  8
1
  10
7800.4858
  20
1301.8610
  40
8.0000
  1
# 1
  0
TEXT
  8
2
  10
7880.4858
  20
1302.5210
  40
8.0000
  1
# 1
  0
TEXT
  8
1
  10
7880.4858
  20
1302.5210
  40
8.0000
  1
# 1
  0
TEXT
  8
2
  10
7880.0518
  20
1227.0270
  40
8.0000
  1
# 1
  0
TEXT
  8
1
  10
7880.0518
  20
1227.0270
  40
8.0000
  1
# 1
  0
TEXT
  8
4
  10
7800.1621
  20
1250.9250
  40
8.0000
  1
# 1
  0
TEXT
  8
19
  10
7868.4702
  20
1250.6321
  40
6.0000
  1
TOP
  50
90.0000
  51
0.00
  0
TEXT
  8
1
  10
7800.0103
  20
1216.9595
  40
8.0000
  1
Piece Name: INS.BT FRONT 2P
  0
TEXT
  8
1
  10
7800.0103
  20
1206.9595
  40
8.0000
  1
Size: 50
  0
TEXT
  8
1
  10
7800.0103
  20
1196.9595
  40
8.0000
  1
Quantity: 1
  0
TEXT
  8
1
  10
7800.0103
  20
1186.9595
  40
8.0000
  1
Annotation: 
  0
TEXT
  8
1
  10
7800.0103
  20
1176.9595
  40
8.0000
  1
Category: 
  0
LINE
  8
7
  10
7813.2642
  20
1298.9430
  11
7865.6650
  21
1298.9430
  0
ENDBLK
  0
BLOCK
  8
1
  2
FRONT_2P2-S_50
  10
0.0000
  20
0.0000
70
0
  0
POLYLINE
  8
14
  66
1
  70
1
  0
VERTEX
  8
14
  10
7810.0752
  20
1236.9680
  42
0.0000
  0
VERTEX
  8
14
  10
7810.4229
  20
1291.9430
  42
0.0000
  0
VERTEX
  8
14
  10
8284.4453
  20
1291.9360
  42
0.0000
  0
VERTEX
  8
14
  10
8339.9248
  20
1290.2820
  42
0.0000
  0
VERTEX
  8
14
  10
8395.2861
  20
1286.3800
  42
0.0000
  0
VERTEX
  8
14
  10
8395.7461
  20
1281.3970
  42
0.0000
  0
VERTEX
  8
14
  10
8396.3838
  20
1276.4360
  42
0.0000
  0
VERTEX
  8
14
  10
8396.9922
  20
1272.9080
  42
0.0000
  0
VERTEX
  8
14
  10
8397.7783
  20
1269.4180
  42
0.0000
  0
VERTEX
  8
14
  10
8398.5479
  20
1266.3940
  42
0.0000
  0
VERTEX
  8
14
  10
8399.4121
  20
1263.3970
  42
0.0000
  0
VERTEX
  8
14
  10
8400.3760
  20
1260.4080
  42
0.0000
  0
VERTEX
  8
14
  10
8401.4297
  20
1257.4530
  42
0.0000
  0
VERTEX
  8
14
  10
8402.5645
  20
1254.7230
  42
0.0000
  0
VERTEX
  8
14
  10
8403.7021
  20
1251.9930
  42
0.0000
  0
VERTEX
  8
14
  10
8406.8682
  20
1244.8550
  42
0.0000
  0
VERTEX
  8
14
  10
8410.7383
  20
1238.0760
  42
0.0000
  0
VERTEX
  8
14
  10
8415.7617
  20
1230.9611
  42
0.0000
  0
VERTEX
  8
14
  10
8421.4062
  20
1224.3311
  42
0.0000
  0
VERTEX
  8
14
  10
8430.6836
  20
1215.6930
  42
0.0000
  0
VERTEX
  8
14
  10
8440.8398
  20
1208.1090
  42
0.0000
  0
VERTEX
  8
14
  10
8451.7559
  20
1201.6670
  42
0.0000
  0
VERTEX
  8
14
  10
8465.2344
  20
1195.5170
  42
0.0000
  0
VERTEX
  8
14
  10
8479.2197
  20
1190.6379
  42
0.0000
  0
VERTEX
  8
14
  10
8493.5957
  20
1187.0690
  42
0.0000
  0
VERTEX
  8
14
  10
8490.3896
  20
1175.9700
  42
0.0000
  0
VERTEX
  8
14
  10
8487.1836
  20
1164.8710
  42
0.0000
  0
VERTEX
  8
14
  10
8480.5879
  20
1145.9990
  42
0.0000
  0
VERTEX
  8
14
  10
8473.5176
  20
1127.2990
  42
0.0000
  0
VERTEX
  8
14
  10
8453.1035
  20
1078.1030
  42
0.0000
  0
VERTEX
  8
14
  10
8448.7158
  20
1067.4250
  42
0.0000
  0
VERTEX
  8
14
  10
8444.3301
  20
1056.7460
  42
0.0000
  0
VERTEX
  8
14
  10
8415.8418
  20
1069.0500
  42
0.0000
  0
VERTEX
  8
14
  10
8406.0020
  20
1073.0140
  42
0.0000
  0
VERTEX
  8
14
  10
8396.0801
  20
1076.7710
  42
0.0000
  0
VERTEX
  8
14
  10
8378.2402
  20
1082.5460
  42
0.0000
  0
VERTEX
  8
14
  10
8359.4932
  20
1087.9210
  42
0.0000
  0
VERTEX
  8
14
  10
8352.4434
  20
1089.7620
  42
0.0000
  0
VERTEX
  8
14
  10
8345.3242
  20
1091.3250
  42
0.0000
  0
VERTEX
  8
14
  10
8338.3770
  20
1092.5620
  42
0.0000
  0
VERTEX
  8
14
  10
8331.3848
  20
1093.5160
  42
0.0000
  0
VERTEX
  8
14
  10
8321.1348
  20
1094.8540
  42
0.0000
  0
VERTEX
  8
14
  10
8310.8340
  20
1095.7140
  42
0.0000
  0
VERTEX
  8
14
  10
8298.3818
  20
1096.2200
  42
0.0000
  0
VERTEX
  8
14
  10
8285.9189
  20
1096.2450
  42
0.0000
  0
VERTEX
  8
14
  10
8271.1670
  20
1094.8060
  42
0.0000
  0
VERTEX
  8
14
  10
8256.6406
  20
1091.8580
  42
0.0000
  0
VERTEX
  8
14
  10
8244.0508
  20
1087.8300
  42
0.0000
  0
VERTEX
  8
14
  10
8232.0098
  20
1082.3750
  42
0.0000
  0
VERTEX
  8
14
  10
8227.2070
  20
1079.4690
  42
0.0000
  0
VERTEX
  8
14
  10
8222.7305
  20
1076.0820
  42
0.0000
  0
VERTEX
  8
14
  10
8218.6270
  20
1072.2510
  42
0.0000
  0
VERTEX
  8
14
  10
8214.9414
  20
1068.0170
  42
0.0000
  0
VERTEX
  8
14
  10
8211.7109
  20
1063.4250
  42
0.0000
  0
VERTEX
  8
14
  10
8209.0264
  20
1058.5870
  42
0.0000
  0
VERTEX
  8
14
  10
8206.8643
  20
1053.4940
  42
0.0000
  0
VERTEX
  8
14
  10
8205.2451
  20
1048.2030
  42
0.0000
  0
VERTEX
  8
14
  10
8204.1914
  20
1042.7720
  42
0.0000
  0
VERTEX
  8
14
  10
8203.7119
  20
1037.2600
  42
0.0000
  0
VERTEX
  8
14
  10
8203.5371
  20
1031.8960
  42
0.0000
  0
VERTEX
  8
14
  10
8203.7686
  20
1026.5341
  42
0.0000
  0
VERTEX
  8
14
  10
8204.4199
  20
1021.0160
  42
0.0000
  0
VERTEX
  8
14
  10
8205.4727
  20
1015.5610
  42
0.0000
  0
VERTEX
  8
14
  10
8206.9102
  20
1010.2070
  42
0.0000
  0
VERTEX
  8
14
  10
8208.8809
  20
1005.0260
  42
0.0000
  0
VERTEX
  8
14
  10
8211.2129
  20
1000.4160
  42
0.0000
  0
VERTEX
  8
14
  10
8214.0312
  20
996.0850
  42
0.0000
  0
VERTEX
  8
14
  10
8077.2822
  20
996.3030
  42
0.0000
  0
VERTEX
  8
14
  10
7889.7500
  20
993.9340
  42
0.0000
  0
VERTEX
  8
14
  10
7875.1348
  20
1156.2531
  42
0.0000
  0
VERTEX
  8
14
  10
7870.1250
  20
1237.0179
  42
0.0000
  0
SEQEND
  0
POLYLINE
  8
1
  66
1
  70
1
  0
VERTEX
  8
1
  10
7800.0112
  20
1226.9600
  42
0.0000
  0
VERTEX
  8
1
  10
7800.1631
  20
1250.9250
  42
0.0000
  0
VERTEX
  8
1
  10
7800.4858
  20
1301.8610
  42
0.0000
  0
VERTEX
  8
1
  10
7810.3418
  20
1301.9430
  42
0.0000
  0
VERTEX
  8
1
  10
8047.4468
  20
1303.0649
  42
0.0000
  0
VERTEX
  8
1
  10
8298.4150
  20
1301.7330
  42
0.0000
  0
VERTEX
  8
1
  10
8340.4756
  20
1300.2670
  42
0.0000
  0
VERTEX
  8
1
  10
8368.3311
  20
1298.5870
  42
0.0000
  0
VERTEX
  8
1
  10
8396.1436
  20
1296.3430
  42
0.0000
  0
VERTEX
  8
1
  10
8404.4824
  20
1295.6281
  42
0.0000
  0
VERTEX
  8
1
  10
8405.2461
  20
1287.2950
  42
0.0000
  0
VERTEX
  8
1
  10
8405.6777
  20
1282.5970
  42
0.0000
  0
VERTEX
  8
1
  10
8406.2744
  20
1277.9240
  42
0.0000
  0
VERTEX
  8
1
  10
8406.8203
  20
1274.8149
  42
0.0000
  0
VERTEX
  8
1
  10
8407.5518
  20
1271.7520
  42
0.0000
  0
VERTEX
  8
1
  10
8408.2041
  20
1269.0170
  42
0.0000
  0
VERTEX
  8
1
  10
8409.4258
  20
1265.0129
  42
0.0000
  0
VERTEX
  8
1
  10
8410.7617
  20
1261.0530
  42
0.0000
  0
VERTEX
  8
1
  10
8411.8477
  20
1258.4399
  42
0.0000
  0
VERTEX
  8
1
  10
8412.9336
  20
1255.8270
  42
0.0000
  0
VERTEX
  8
1
  10
8415.7422
  20
1249.4821
  42
0.0000
  0
VERTEX
  8
1
  10
8419.1699
  20
1243.4570
  42
0.0000
  0
VERTEX
  8
1
  10
8423.6504
  20
1237.1110
  42
0.0000
  0
VERTEX
  8
1
  10
8428.6816
  20
1231.1970
  42
0.0000
  0
VERTEX
  8
1
  10
8437.1465
  20
1223.3240
  42
0.0000
  0
VERTEX
  8
1
  10
8446.4121
  20
1216.4139
  42
0.0000
  0
VERTEX
  8
1
  10
8456.3604
  20
1210.5460
  42
0.0000
  0
VERTEX
  8
1
  10
8469.0381
  20
1204.7650
  42
0.0000
  0
VERTEX
  8
1
  10
8482.1885
  20
1200.1880
  42
0.0000
  0
VERTEX
  8
1
  10
8495.7061
  20
1196.8440
  42
0.0000
  0
VERTEX
  8
1
  10
8506.1797
  20
1194.5850
  42
0.0000
  0
VERTEX
  8
1
  10
8496.7197
  20
1161.8630
  42
0.0000
  0
VERTEX
  8
1
  10
8496.6816
  20
1161.7440
  42
0.0000
  0
VERTEX
  8
1
  10
8496.6416
  20
1161.6331
  42
0.0000
  0
VERTEX
  8
1
  10
8489.9844
  20
1142.5760
  42
0.0000
  0
VERTEX
  8
1
  10
8482.8477
  20
1123.7020
  42
0.0000
  0
VERTEX
  8
1
  10
8462.3701
  20
1074.3400
  42
0.0000
  0
VERTEX
  8
1
  10
8462.3184
  20
1074.2209
  42
0.0000
  0
VERTEX
  8
1
  10
8453.5801
  20
1052.9460
  42
0.0000
  0
VERTEX
  8
1
  10
8449.6816
  20
1043.4600
  42
0.0000
  0
VERTEX
  8
1
  10
8440.2979
  20
1047.5940
  42
0.0000
  0
VERTEX
  8
1
  10
8412.0244
  20
1059.8070
  42
0.0000
  0
VERTEX
  8
1
  10
8402.4102
  20
1063.6801
  42
0.0000
  0
VERTEX
  8
1
  10
8392.7275
  20
1067.3480
  42
0.0000
  0
VERTEX
  8
1
  10
8375.3232
  20
1072.9810
  42
0.0000
  0
VERTEX
  8
1
  10
8366.4521
  20
1075.6040
  42
0.0000
  0
VERTEX
  8
1
  10
8357.5469
  20
1078.0680
  42
0.0000
  0
VERTEX
  8
1
  10
8356.8281
  20
1078.2670
  42
0.0000
  0
VERTEX
  8
1
  10
8351.7949
  20
1079.5959
  42
0.0000
  0
VERTEX
  8
1
  10
8346.7432
  20
1080.8101
  42
0.0000
  0
VERTEX
  8
1
  10
8338.6953
  20
1082.3530
  42
0.0000
  0
VERTEX
  8
1
  10
8330.5967
  20
1083.5389
  42
0.0000
  0
VERTEX
  8
1
  10
8330.1025
  20
1083.6100
  42
0.0000
  0
VERTEX
  8
1
  10
8320.1826
  20
1084.8940
  42
0.0000
  0
VERTEX
  8
1
  10
8310.2246
  20
1085.7321
  42
0.0000
  0
VERTEX
  8
1
  10
8298.2695
  20
1086.2180
  42
0.0000
  0
VERTEX
  8
1
  10
8286.3154
  20
1086.2469
  42
0.0000
  0
VERTEX
  8
1
  10
8279.4512
  20
1085.7540
  42
0.0000
  0
VERTEX
  8
1
  10
8272.6396
  20
1084.9120
  42
0.0000
  0
VERTEX
  8
1
  10
8262.9053
  20
1083.0370
  42
0.0000
  0
VERTEX
  8
1
  10
8253.3369
  20
1080.4980
  42
0.0000
  0
VERTEX
  8
1
  10
8247.6396
  20
1078.4919
  42
0.0000
  0
VERTEX
  8
1
  10
8242.0771
  20
1076.1630
  42
0.0000
  0
VERTEX
  8
1
  10
8236.8350
  20
1073.6030
  42
0.0000
  0
VERTEX
  8
1
  10
8231.8809
  20
1070.5380
  42
0.0000
  0
VERTEX
  8
1
  10
8226.7939
  20
1066.2560
  42
0.0000
  0
VERTEX
  8
1
  10
8222.3926
  20
1061.2690
  42
0.0000
  0
VERTEX
  8
1
  10
8218.7783
  20
1055.6880
  42
0.0000
  0
VERTEX
  8
1
  10
8216.1582
  20
1049.7360
  42
0.0000
  0
VERTEX
  8
1
  10
8214.4580
  20
1043.4630
  42
0.0000
  0
VERTEX
  8
1
  10
8213.7148
  20
1037.0081
  42
0.0000
  0
VERTEX
  8
1
  10
8213.6963
  20
1036.6730
  42
0.0000
  0
VERTEX
  8
1
  10
8213.5391
  20
1032.0020
  42
0.0000
  0
VERTEX
  8
1
  10
8213.7393
  20
1027.3380
  42
0.0000
  0
VERTEX
  8
1
  10
8214.3076
  20
1022.5260
  42
0.0000
  0
VERTEX
  8
1
  10
8215.2637
  20
1017.7800
  42
0.0000
  0
VERTEX
  8
1
  10
8216.4102
  20
1013.3450
  42
0.0000
  0
VERTEX
  8
1
  10
8218.0342
  20
1009.0600
  42
0.0000
  0
VERTEX
  8
1
  10
8219.9492
  20
1005.2980
  42
0.0000
  0
VERTEX
  8
1
  10
8222.2617
  20
1001.7650
  42
0.0000
  0
VERTEX
  8
1
  10
8233.1016
  20
986.0550
  42
0.0000
  0
VERTEX
  8
1
  10
8214.0146
  20
986.0850
  42
0.0000
  0
VERTEX
  8
1
  10
8077.3379
  20
986.3030
  42
0.0000
  0
VERTEX
  8
1
  10
7889.8770
  20
983.9350
  42
0.0000
  0
VERTEX
  8
1
  10
7880.6860
  20
983.8190
  42
0.0000
  0
VERTEX
  8
1
  10
7879.7969
  20
992.9690
  42
0.0000
  0
VERTEX
  8
1
  10
7865.1641
  20
1155.4950
  42
0.0000
  0
VERTEX
  8
1
  10
7860.5942
  20
1227.0100
  42
0.0000
  0
SEQEND
  0
POLYLINE
  8
8
  66
1
  70
0
  0
VERTEX
  8
8
  10
8088.0830
  20
1119.5670
  42
0.0000
  0
VERTEX
  8
8
  10
7928.9570
  20
1098.5790
  42
0.0000
  0
SEQEND
  0
POLYLINE
  8
8
  66
1
  70
0
  0
VERTEX
  8
8
  10
8088.7358
  20
1114.6100
  42
0.0000
  0
VERTEX
  8
8
  10
7929.6108
  20
1093.6219
  42
0.0000
  0
SEQEND
  0
POLYLINE
  8
8
  66
1
  70
0
  0
VERTEX
  8
8
  10
8087.4292
  20
1124.5240
  42
0.0000
  0
VERTEX
  8
8
  10
7928.3042
  20
1103.5360
  42
0.0000
  0
SEQEND
  0
POLYLINE
  8
8
  66
1
  70
0
  0
VERTEX
  8
8
  10
7927.6499
  20
1108.4930
  42
0.0000
  0
VERTEX
  8
8
  10
7929.6108
  20
1093.6221
  42
0.0000
  0
SEQEND
  0
POLYLINE
  8
8
  66
1
  70
0
  0
VERTEX
  8
8
  10
8088.7358
  20
1114.6101
  42
0.0000
  0
VERTEX
  8
8
  10
8086.7749
  20
1129.4821
  42
0.0000
  0
SEQEND
  0
POLYLINE
  8
8
  66
1
  70
0
  0
VERTEX
  8
8
  10
8086.7744
  20
1129.4821
  42
0.0000
  0
VERTEX
  8
8
  10
7927.6489
  20
1108.4930
  42
0.0000
  0
SEQEND
  0
POINT
  8
13
  10
8087.8501
  20
1115.4380
  0
POINT
  8
13
  10
7930.4932
  20
1095.2340
  0
POINT
  8
13
  10
8086.0718
  20
1128.3040
  0
POINT
  8
13
  10
7928.9121
  20
1107.5610
  0
POINT
  8
2
  10
7810.0752
  20
1236.9680
  0
POINT
  8
2
  10
7810.4229
  20
1291.9430
  0
POINT
  8
2
  10
8284.4453
  20
1291.9360
  0
POINT
  8
3
  10
8339.9248
  20
1290.2820
  0
POINT
  8
2
  10
8395.2861
  20
1286.3800
  0
POINT
  8
3
  10
8395.7461
  20
1281.3970
  0
POINT
  8
3
  10
8396.3838
  20
1276.4360
  0
POINT
  8
3
  10
8396.9922
  20
1272.9080
  0
POINT
  8
3
  10
8397.7783
  20
1269.4180
  0
POINT
  8
3
  10
8398.5479
  20
1266.3940
  0
POINT
  8
3
  10
8399.4121
  20
1263.3970
  0
POINT
  8
3
  10
8400.3760
  20
1260.4080
  0
POINT
  8
3
  10
8401.4297
  20
1257.4530
  0
POINT
  8
3
  10
8402.5645
  20
1254.7230
  0
POINT
  8
3
  10
8403.7021
  20
1251.9930
  0
POINT
  8
3
  10
8406.8682
  20
1244.8550
  0
POINT
  8
3
  10
8410.7383
  20
1238.0760
  0
POINT
  8
3
  10
8415.7617
  20
1230.9611
  0
POINT
  8
3
  10
8421.4062
  20
1224.3311
  0
POINT
  8
3
  10
8430.6836
  20
1215.6930
  0
POINT
  8
3
  10
8440.8398
  20
1208.1090
  0
POINT
  8
3
  10
8451.7559
  20
1201.6670
  0
POINT
  8
3
  10
8465.2344
  20
1195.5170
  0
POINT
  8
3
  10
8479.2197
  20
1190.6379
  0
POINT
  8
2
  10
8493.5957
  20
1187.0690
  0
POINT
  8
3
  10
8490.3896
  20
1175.9700
  0
POINT
  8
3
  10
8487.1836
  20
1164.8710
  0
POINT
  8
3
  10
8480.5879
  20
1145.9990
  0
POINT
  8
3
  10
8473.5176
  20
1127.2990
  0
POINT
  8
3
  10
8453.1035
  20
1078.1030
  0
POINT
  8
3
  10
8448.7158
  20
1067.4250
  0
POINT
  8
2
  10
8444.3301
  20
1056.7460
  0
POINT
  8
3
  10
8415.8418
  20
1069.0500
  0
POINT
  8
3
  10
8406.0020
  20
1073.0140
  0
POINT
  8
3
  10
8396.0801
  20
1076.7710
  0
POINT
  8
3
  10
8378.2402
  20
1082.5460
  0
POINT
  8
3
  10
8359.4932
  20
1087.9210
  0
POINT
  8
3
  10
8352.4434
  20
1089.7620
  0
POINT
  8
3
  10
8345.3242
  20
1091.3250
  0
POINT
  8
3
  10
8338.3770
  20
1092.5620
  0
POINT
  8
3
  10
8331.3848
  20
1093.5160
  0
POINT
  8
3
  10
8321.1348
  20
1094.8540
  0
POINT
  8
3
  10
8310.8340
  20
1095.7140
  0
POINT
  8
3
  10
8298.3818
  20
1096.2200
  0
POINT
  8
3
  10
8285.9189
  20
1096.2450
  0
POINT
  8
3
  10
8271.1670
  20
1094.8060
  0
POINT
  8
3
  10
8256.6406
  20
1091.8580
  0
POINT
  8
3
  10
8244.0508
  20
1087.8300
  0
POINT
  8
3
  10
8232.0098
  20
1082.3750
  0
POINT
  8
3
  10
8227.2070
  20
1079.4690
  0
POINT
  8
3
  10
8222.7305
  20
1076.0820
  0
POINT
  8
3
  10
8218.6270
  20
1072.2510
  0
POINT
  8
3
  10
8214.9414
  20
1068.0170
  0
POINT
  8
3
  10
8211.7109
  20
1063.4250
  0
POINT
  8
3
  10
8209.0264
  20
1058.5870
  0
POINT
  8
3
  10
8206.8643
  20
1053.4940
  0
POINT
  8
3
  10
8205.2451
  20
1048.2030
  0
POINT
  8
3
  10
8204.1914
  20
1042.7720
  0
POINT
  8
3
  10
8203.7119
  20
1037.2600
  0
POINT
  8
3
  10
8203.5371
  20
1031.8960
  0
POINT
  8
3
  10
8203.7686
  20
1026.5341
  0
POINT
  8
3
  10
8204.4199
  20
1021.0160
  0
POINT
  8
3
  10
8205.4727
  20
1015.5610
  0
POINT
  8
3
  10
8206.9102
  20
1010.2070
  0
POINT
  8
3
  10
8208.8809
  20
1005.0260
  0
POINT
  8
3
  10
8211.2129
  20
1000.4160
  0
POINT
  8
2
  10
8214.0312
  20
996.0850
  0
POINT
  8
3
  10
8077.2822
  20
996.3030
  0
POINT
  8
2
  10
7889.7500
  20
993.9340
  0
POINT
  8
2
  10
7875.1348
  20
1156.2531
  0
POINT
  8
2
  10
7870.1250
  20
1237.0179
  0
POINT
  8
2
  10
7800.0112
  20
1226.9600
  0
POINT
  8
3
  10
7800.1631
  20
1250.9250
  0
POINT
  8
2
  10
7800.4858
  20
1301.8610
  0
POINT
  8
3
  10
7810.3418
  20
1301.9430
  0
POINT
  8
3
  10
8047.4468
  20
1303.0649
  0
POINT
  8
2
  10
8298.4150
  20
1301.7330
  0
POINT
  8
3
  10
8340.4756
  20
1300.2670
  0
POINT
  8
3
  10
8368.3311
  20
1298.5870
  0
POINT
  8
3
  10
8396.1436
  20
1296.3430
  0
POINT
  8
2
  10
8404.4824
  20
1295.6281
  0
POINT
  8
3
  10
8405.2461
  20
1287.2950
  0
POINT
  8
3
  10
8405.6777
  20
1282.5970
  0
POINT
  8
3
  10
8406.2744
  20
1277.9240
  0
POINT
  8
3
  10
8406.8203
  20
1274.8149
  0
POINT
  8
3
  10
8407.5518
  20
1271.7520
  0
POINT
  8
3
  10
8408.2041
  20
1269.0170
  0
POINT
  8
3
  10
8409.4258
  20
1265.0129
  0
POINT
  8
3
  10
8410.7617
  20
1261.0530
  0
POINT
  8
3
  10
8411.8477
  20
1258.4399
  0
POINT
  8
3
  10
8412.9336
  20
1255.8270
  0
POINT
  8
3
  10
8415.7422
  20
1249.4821
  0
POINT
  8
3
  10
8419.1699
  20
1243.4570
  0
POINT
  8
3
  10
8423.6504
  20
1237.1110
  0
POINT
  8
3
  10
8428.6816
  20
1231.1970
  0
POINT
  8
3
  10
8437.1465
  20
1223.3240
  0
POINT
  8
3
  10
8446.4121
  20
1216.4139
  0
POINT
  8
3
  10
8456.3604
  20
1210.5460
  0
POINT
  8
3
  10
8469.0381
  20
1204.7650
  0
POINT
  8
3
  10
8482.1885
  20
1200.1880
  0
POINT
  8
3
  10
8495.7061
  20
1196.8440
  0
POINT
  8
2
  10
8506.1797
  20
1194.5850
  0
POINT
  8
3
  10
8496.7197
  20
1161.8630
  0
POINT
  8
3
  10
8496.6816
  20
1161.7440
  0
POINT
  8
3
  10
8496.6416
  20
1161.6331
  0
POINT
  8
3
  10
8489.9844
  20
1142.5760
  0
POINT
  8
3
  10
8482.8477
  20
1123.7020
  0
POINT
  8
3
  10
8462.3701
  20
1074.3400
  0
POINT
  8
3
  10
8462.3184
  20
1074.2209
  0
POINT
  8
3
  10
8453.5801
  20
1052.9460
  0
POINT
  8
2
  10
8449.6816
  20
1043.4600
  0
POINT
  8
3
  10
8440.2979
  20
1047.5940
  0
POINT
  8
3
  10
8412.0244
  20
1059.8070
  0
POINT
  8
3
  10
8402.4102
  20
1063.6801
  0
POINT
  8
3
  10
8392.7275
  20
1067.3480
  0
POINT
  8
3
  10
8375.3232
  20
1072.9810
  0
POINT
  8
3
  10
8366.4521
  20
1075.6040
  0
POINT
  8
3
  10
8357.5469
  20
1078.0680
  0
POINT
  8
3
  10
8356.8281
  20
1078.2670
  0
POINT
  8
3
  10
8351.7949
  20
1079.5959
  0
POINT
  8
3
  10
8346.7432
  20
1080.8101
  0
POINT
  8
3
  10
8338.6953
  20
1082.3530
  0
POINT
  8
3
  10
8330.5967
  20
1083.5389
  0
POINT
  8
3
  10
8330.1025
  20
1083.6100
  0
POINT
  8
3
  10
8320.1826
  20
1084.8940
  0
POINT
  8
3
  10
8310.2246
  20
1085.7321
  0
POINT
  8
3
  10
8298.2695
  20
1086.2180
  0
POINT
  8
3
  10
8286.3154
  20
1086.2469
  0
POINT
  8
3
  10
8279.4512
  20
1085.7540
  0
POINT
  8
3
  10
8272.6396
  20
1084.9120
  0
POINT
  8
3
  10
8262.9053
  20
1083.0370
  0
POINT
  8
3
  10
8253.3369
  20
1080.4980
  0
POINT
  8
3
  10
8247.6396
  20
1078.4919
  0
POINT
  8
3
  10
8242.0771
  20
1076.1630
  0
POINT
  8
3
  10
8236.8350
  20
1073.6030
  0
POINT
  8
3
  10
8231.8809
  20
1070.5380
  0
POINT
  8
3
  10
8226.7939
  20
1066.2560
  0
POINT
  8
3
  10
8222.3926
  20
1061.2690
  0
POINT
  8
3
  10
8218.7783
  20
1055.6880
  0
POINT
  8
3
  10
8216.1582
  20
1049.7360
  0
POINT
  8
3
  10
8214.4580
  20
1043.4630
  0
POINT
  8
3
  10
8213.7148
  20
1037.0081
  0
POINT
  8
3
  10
8213.6963
  20
1036.6730
  0
POINT
  8
3
  10
8213.5391
  20
1032.0020
  0
POINT
  8
3
  10
8213.7393
  20
1027.3380
  0
POINT
  8
3
  10
8214.3076
  20
1022.5260
  0
POINT
  8
3
  10
8215.2637
  20
1017.7800
  0
POINT
  8
3
  10
8216.4102
  20
1013.3450
  0
POINT
  8
3
  10
8218.0342
  20
1009.0600
  0
POINT
  8
3
  10
8219.9492
  20
1005.2980
  0
POINT
  8
3
  10
8222.2617
  20
1001.7650
  0
POINT
  8
2
  10
8233.1016
  20
986.0550
  0
POINT
  8
3
  10
8214.0146
  20
986.0850
  0
POINT
  8
3
  10
8077.3379
  20
986.3030
  0
POINT
  8
3
  10
7889.8770
  20
983.9350
  0
POINT
  8
2
  10
7880.6860
  20
983.8190
  0
POINT
  8
3
  10
7879.7969
  20
992.9690
  0
POINT
  8
2
  10
7865.1641
  20
1155.4950
  0
POINT
  8
2
  10
7860.5942
  20
1227.0100
  0
POINT
  8
4
  10
7800.1631
  20
1250.9250
  30
10.0000
  50
-0.3643
  0
POINT
  8
4
  10
8496.6416
  20
1161.6331
  30
10.0000
  50
161.1981
  0
POINT
  8
4
  10
8462.3701
  20
1074.3400
  30
10.0000
  50
157.9044
  0
POINT
  8
4
  10
8357.5469
  20
1078.0680
  30
10.0000
  50
78.8227
  0
POINT
  8
4
  10
8330.5967
  20
1083.5389
  30
10.0000
  50
85.4855
  0
POINT
  8
4
  10
8213.7148
  20
1037.0081
  30
10.0000
  50
178.5612
  0
POINT
  8
2
  10
8088.0830
  20
1119.5670
  0
POINT
  8
2
  10
7928.9570
  20
1098.5790
  0
POINT
  8
2
  10
8088.7358
  20
1114.6100
  0
POINT
  8
2
  10
7929.6108
  20
1093.6219
  0
POINT
  8
2
  10
8087.4292
  20
1124.5240
  0
POINT
  8
2
  10
7928.3042
  20
1103.5360
  0
POINT
  8
2
  10
7927.6499
  20
1108.4930
  0
POINT
  8
2
  10
7929.6108
  20
1093.6221
  0
POINT
  8
2
  10
8088.7358
  20
1114.6101
  0
POINT
  8
2
  10
8086.7749
  20
1129.4821
  0
POINT
  8
2
  10
8086.7744
  20
1129.4821
  0
POINT
  8
2
  10
7927.6489
  20
1108.4930
  0
TEXT
  8
13
  10
8087.8501
  20
1115.4380
  40
8.0000
  1
# 353
  0
TEXT
  8
13
  10
7930.4932
  20
1095.2340
  40
8.0000
  1
# 354
  0
TEXT
  8
13
  10
8086.0718
  20
1128.3040
  40
8.0000
  1
# 353
  0
TEXT
  8
13
  10
7928.9121
  20
1107.5610
  40
8.0000
  1
# 354
  0
TEXT
  8
2
  10
7810.0752
  20
1236.9680
  40
8.0000
  1
# 3
  0
TEXT
  8
14
  10
7810.0752
  20
1236.9680
  40
8.0000
  1
# 3
  0
TEXT
  8
2
  10
7810.4229
  20
1291.9430
  40
8.0000
  1
# 3
  0
TEXT
  8
14
  10
7810.4229
  20
1291.9430
  40
8.0000
  1
# 3
  0
TEXT
  8
2
  10
8395.2861
  20
1286.3800
  40
8.0000
  1
# 158
  0
TEXT
  8
14
  10
8395.2861
  20
1286.3800
  40
8.0000
  1
# 158
  0
TEXT
  8
2
  10
8493.5957
  20
1187.0690
  40
8.0000
  1
# 355
  0
TEXT
  8
14
  10
8493.5957
  20
1187.0690
  40
8.0000
  1
# 355
  0
TEXT
  8
2
  10
8444.3301
  20
1056.7460
  40
8.0000
  1
# 356
  0
TEXT
  8
14
  10
8444.3301
  20
1056.7460
  40
8.0000
  1
# 356
  0
TEXT
  8
3
  10
8359.4932
  20
1087.9210
  40
8.0000
  1
# 357
  0
TEXT
  8
14
  10
8359.4932
  20
1087.9210
  40
8.0000
  1
# 357
  0
TEXT
  8
3
  10
8331.3848
  20
1093.5160
  40
8.0000
  1
# 358
  0
TEXT
  8
14
  10
8331.3848
  20
1093.5160
  40
8.0000
  1
# 358
  0
TEXT
  8
3
  10
8203.7119
  20
1037.2600
  40
8.0000
  1
# 359
  0
TEXT
  8
14
  10
8203.7119
  20
1037.2600
  40
8.0000
  1
# 359
  0
TEXT
  8
2
  10
8214.0312
  20
996.0850
  40
8.0000
  1
# 360
  0
TEXT
  8
14
  10
8214.0312
  20
996.0850
  40
8.0000
  1
# 360
  0
TEXT
  8
3
  10
8077.2822
  20
996.3030
  40
8.0000
  1
# 360
  0
TEXT
  8
14
  10
8077.2822
  20
996.3030
  40
8.0000
  1
# 360
  0
TEXT
  8
2
  10
7889.7500
  20
993.9340
  40
8.0000
  1
# 361
  0
TEXT
  8
14
  10
7889.7500
  20
993.9340
  40
8.0000
  1
# 361
  0
TEXT
  8
2
  10
7870.1250
  20
1237.0179
  40
8.0000
  1
# 3
  0
TEXT
  8
14
  10
7870.1250
  20
1237.0179
  40
8.0000
  1
# 3
  0
TEXT
  8
2
  10
7800.0112
  20
1226.9600
  40
8.0000
  1
# 3
  0
TEXT
  8
1
  10
7800.0112
  20
1226.9600
  40
8.0000
  1
# 3
  0
TEXT
  8
3
  10
7800.1631
  20
1250.9250
  40
8.0000
  1
# 362
  0
TEXT
  8
1
  10
7800.1631
  20
1250.9250
  40
8.0000
  1
# 362
  0
TEXT
  8
2
  10
7800.4858
  20
1301.8610
  40
8.0000
  1
# 363
  0
TEXT
  8
1
  10
7800.4858
  20
1301.8610
  40
8.0000
  1
# 363
  0
TEXT
  8
3
  10
7810.3418
  20
1301.9430
  40
8.0000
  1
# 364
  0
TEXT
  8
1
  10
7810.3418
  20
1301.9430
  40
8.0000
  1
# 364
  0
TEXT
  8
3
  10
8396.1436
  20
1296.3430
  40
8.0000
  1
# 365
  0
TEXT
  8
1
  10
8396.1436
  20
1296.3430
  40
8.0000
  1
# 365
  0
TEXT
  8
2
  10
8404.4824
  20
1295.6281
  40
8.0000
  1
# 366
  0
TEXT
  8
1
  10
8404.4824
  20
1295.6281
  40
8.0000
  1
# 366
  0
TEXT
  8
3
  10
8405.2461
  20
1287.2950
  40
8.0000
  1
# 367
  0
TEXT
  8
1
  10
8405.2461
  20
1287.2950
  40
8.0000
  1
# 367
  0
TEXT
  8
3
  10
8428.6816
  20
1231.1970
  40
8.0000
  1
# 368
  0
TEXT
  8
1
  10
8428.6816
  20
1231.1970
  40
8.0000
  1
# 368
  0
TEXT
  8
3
  10
8495.7061
  20
1196.8440
  40
8.0000
  1
# 369
  0
TEXT
  8
1
  10
8495.7061
  20
1196.8440
  40
8.0000
  1
# 369
  0
TEXT
  8
2
  10
8506.1797
  20
1194.5850
  40
8.0000
  1
# 370
  0
TEXT
  8
1
  10
8506.1797
  20
1194.5850
  40
8.0000
  1
# 370
  0
TEXT
  8
3
  10
8496.7197
  20
1161.8630
  40
8.0000
  1
# 371
  0
TEXT
  8
1
  10
8496.7197
  20
1161.8630
  40
8.0000
  1
# 371
  0
TEXT
  8
3
  10
8496.6416
  20
1161.6331
  40
8.0000
  1
# 372
  0
TEXT
  8
1
  10
8496.6416
  20
1161.6331
  40
8.0000
  1
# 372
  0
TEXT
  8
3
  10
8462.3701
  20
1074.3400
  40
8.0000
  1
# 373
  0
TEXT
  8
1
  10
8462.3701
  20
1074.3400
  40
8.0000
  1
# 373
  0
TEXT
  8
3
  10
8453.5801
  20
1052.9460
  40
8.0000
  1
# 374
  0
TEXT
  8
1
  10
8453.5801
  20
1052.9460
  40
8.0000
  1
# 374
  0
TEXT
  8
2
  10
8449.6816
  20
1043.4600
  40
8.0000
  1
# 375
  0
TEXT
  8
1
  10
8449.6816
  20
1043.4600
  40
8.0000
  1
# 375
  0
TEXT
  8
3
  10
8440.2979
  20
1047.5940
  40
8.0000
  1
# 376
  0
TEXT
  8
1
  10
8440.2979
  20
1047.5940
  40
8.0000
  1
# 376
  0
TEXT
  8
3
  10
8392.7275
  20
1067.3480
  40
8.0000
  1
# 377
  0
TEXT
  8
1
  10
8392.7275
  20
1067.3480
  40
8.0000
  1
# 377
  0
TEXT
  8
3
  10
8357.5469
  20
1078.0680
  40
8.0000
  1
# 378
  0
TEXT
  8
1
  10
8357.5469
  20
1078.0680
  40
8.0000
  1
# 378
  0
TEXT
  8
3
  10
8356.8281
  20
1078.2670
  40
8.0000
  1
# 379
  0
TEXT
  8
1
  10
8356.8281
  20
1078.2670
  40
8.0000
  1
# 379
  0
TEXT
  8
3
  10
8330.5967
  20
1083.5389
  40
8.0000
  1
# 380
  0
TEXT
  8
1
  10
8330.5967
  20
1083.5389
  40
8.0000
  1
# 380
  0
TEXT
  8
3
  10
8330.1025
  20
1083.6100
  40
8.0000
  1
# 381
  0
TEXT
  8
1
  10
8330.1025
  20
1083.6100
  40
8.0000
  1
# 381
  0
TEXT
  8
3
  10
8286.3154
  20
1086.2469
  40
8.0000
  1
# 382
  0
TEXT
  8
1
  10
8286.3154
  20
1086.2469
  40
8.0000
  1
# 382
  0
TEXT
  8
3
  10
8231.8809
  20
1070.5380
  40
8.0000
  1
# 383
  0
TEXT
  8
1
  10
8231.8809
  20
1070.5380
  40
8.0000
  1
# 383
  0
TEXT
  8
3
  10
8213.7148
  20
1037.0081
  40
8.0000
  1
# 384
  0
TEXT
  8
1
  10
8213.7148
  20
1037.0081
  40
8.0000
  1
# 384
  0
TEXT
  8
3
  10
8213.6963
  20
1036.6730
  40
8.0000
  1
# 385
  0
TEXT
  8
1
  10
8213.6963
  20
1036.6730
  40
8.0000
  1
# 385
  0
TEXT
  8
3
  10
8215.2637
  20
1017.7800
  40
8.0000
  1
# 386
  0
TEXT
  8
1
  10
8215.2637
  20
1017.7800
  40
8.0000
  1
# 386
  0
TEXT
  8
3
  10
8222.2617
  20
1001.7650
  40
8.0000
  1
# 387
  0
TEXT
  8
1
  10
8222.2617
  20
1001.7650
  40
8.0000
  1
# 387
  0
TEXT
  8
2
  10
8233.1016
  20
986.0550
  40
8.0000
  1
# 388
  0
TEXT
  8
1
  10
8233.1016
  20
986.0550
  40
8.0000
  1
# 388
  0
TEXT
  8
3
  10
8214.0146
  20
986.0850
  40
8.0000
  1
# 360
  0
TEXT
  8
1
  10
8214.0146
  20
986.0850
  40
8.0000
  1
# 360
  0
TEXT
  8
3
  10
8077.3379
  20
986.3030
  40
8.0000
  1
# 389
  0
TEXT
  8
1
  10
8077.3379
  20
986.3030
  40
8.0000
  1
# 389
  0
TEXT
  8
3
  10
7889.8770
  20
983.9350
  40
8.0000
  1
# 390
  0
TEXT
  8
1
  10
7889.8770
  20
983.9350
  40
8.0000
  1
# 390
  0
TEXT
  8
2
  10
7880.6860
  20
983.8190
  40
8.0000
  1
# 391
  0
TEXT
  8
1
  10
7880.6860
  20
983.8190
  40
8.0000
  1
# 391
  0
TEXT
  8
3
  10
7879.7969
  20
992.9690
  40
8.0000
  1
# 392
  0
TEXT
  8
1
  10
7879.7969
  20
992.9690
  40
8.0000
  1
# 392
  0
TEXT
  8
2
  10
7860.5942
  20
1227.0100
  40
8.0000
  1
# 393
  0
TEXT
  8
1
  10
7860.5942
  20
1227.0100
  40
8.0000
  1
# 393
  0
TEXT
  8
4
  10
7800.1631
  20
1250.9250
  40
8.0000
  1
# 362
  0
TEXT
  8
4
  10
8496.6416
  20
1161.6331
  40
8.0000
  1
# 372
  0
TEXT
  8
4
  10
8462.3701
  20
1074.3400
  40
8.0000
  1
# 373
  0
TEXT
  8
4
  10
8357.5469
  20
1078.0680
  40
8.0000
  1
# 378
  0
TEXT
  8
4
  10
8330.5967
  20
1083.5389
  40
8.0000
  1
# 380
  0
TEXT
  8
4
  10
8213.7148
  20
1037.0081
  40
8.0000
  1
# 384
  0
TEXT
  8
2
  10
8088.0830
  20
1119.5670
  40
8.0000
  1
# 353
  0
TEXT
  8
8
  10
8088.0830
  20
1119.5670
  40
8.0000
  1
# 353
  0
TEXT
  8
2
  10
7928.9570
  20
1098.5790
  40
8.0000
  1
# 354
  0
TEXT
  8
8
  10
7928.9570
  20
1098.5790
  40
8.0000
  1
# 354
  0
TEXT
  8
2
  10
8088.7358
  20
1114.6100
  40
8.0000
  1
# 353
  0
TEXT
  8
8
  10
8088.7358
  20
1114.6100
  40
8.0000
  1
# 353
  0
TEXT
  8
2
  10
7929.6108
  20
1093.6219
  40
8.0000
  1
# 354
  0
TEXT
  8
8
  10
7929.6108
  20
1093.6219
  40
8.0000
  1
# 354
  0
TEXT
  8
2
  10
8087.4292
  20
1124.5240
  40
8.0000
  1
# 353
  0
TEXT
  8
8
  10
8087.4292
  20
1124.5240
  40
8.0000
  1
# 353
  0
TEXT
  8
2
  10
7928.3042
  20
1103.5360
  40
8.0000
  1
# 354
  0
TEXT
  8
8
  10
7928.3042
  20
1103.5360
  40
8.0000
  1
# 354
  0
TEXT
  8
2
  10
7927.6499
  20
1108.4930
  40
8.0000
  1
# 354
  0
TEXT
  8
8
  10
7927.6499
  20
1108.4930
  40
8.0000
  1
# 354
  0
TEXT
  8
2
  10
7929.6108
  20
1093.6221
  40
8.0000
  1
# 354
  0
TEXT
  8
8
  10
7929.6108
  20
1093.6221
  40
8.0000
  1
# 354
  0
TEXT
  8
2
  10
8088.7358
  20
1114.6101
  40
8.0000
  1
# 353
  0
TEXT
  8
8
  10
8088.7358
  20
1114.6101
  40
8.0000
  1
# 353
  0
TEXT
  8
2
  10
8086.7749
  20
1129.4821
  40
8.0000
  1
# 353
  0
TEXT
  8
8
  10
8086.7749
  20
1129.4821
  40
8.0000
  1
# 353
  0
TEXT
  8
2
  10
8086.7744
  20
1129.4821
  40
8.0000
  1
# 394
  0
TEXT
  8
8
  10
8086.7744
  20
1129.4821
  40
8.0000
  1
# 394
  0
TEXT
  8
2
  10
7927.6489
  20
1108.4930
  40
8.0000
  1
# 354
  0
TEXT
  8
8
  10
7927.6489
  20
1108.4930
  40
8.0000
  1
# 354
  0
TEXT
  8
1
  10
7800.0103
  20
973.8191
  40
8.0000
  1
Piece Name: FRONT 2P2
  0
TEXT
  8
1
  10
7800.0103
  20
963.8191
  40
8.0000
  1
Size: 50
  0
TEXT
  8
1
  10
7800.0103
  20
953.8191
  40
8.0000
  1
Quantity: 1
  0
TEXT
  8
1
  10
7800.0103
  20
943.8191
  40
8.0000
  1
Annotation: 
  0
TEXT
  8
1
  10
7800.0103
  20
933.8191
  40
8.0000
  1
Category: 
  0
LINE
  8
7
  10
7825.9829
  20
1298.9430
  11
8222.6914
  21
1298.9430
  0
ENDBLK
  0
BLOCK
  8
1
  2
LINING_FRONT_2P-S_50
  10
0.0000
  20
0.0000
70
0
  0
POLYLINE
  8
14
  66
1
  70
1
  0
VERTEX
  8
14
  10
7850.4268
  20
1292.4380
  42
0.0000
  0
VERTEX
  8
14
  10
8047.4341
  20
1293.0649
  42
0.0000
  0
VERTEX
  8
14
  10
8284.4453
  20
1291.9360
  42
0.0000
  0
VERTEX
  8
14
  10
8312.1943
  20
1291.3910
  42
0.0000
  0
VERTEX
  8
14
  10
8339.9229
  20
1290.2830
  42
0.0000
  0
VERTEX
  8
14
  10
8367.6260
  20
1288.6121
  42
0.0000
  0
VERTEX
  8
14
  10
8395.2861
  20
1286.3800
  42
0.0000
  0
VERTEX
  8
14
  10
8395.7461
  20
1281.3990
  42
0.0000
  0
VERTEX
  8
14
  10
8396.3838
  20
1276.4360
  42
0.0000
  0
VERTEX
  8
14
  10
8396.9922
  20
1272.9100
  42
0.0000
  0
VERTEX
  8
14
  10
8397.7783
  20
1269.4180
  42
0.0000
  0
VERTEX
  8
14
  10
8398.5479
  20
1266.3950
  42
0.0000
  0
VERTEX
  8
14
  10
8399.4121
  20
1263.3970
  42
0.0000
  0
VERTEX
  8
14
  10
8400.3740
  20
1260.4100
  42
0.0000
  0
VERTEX
  8
14
  10
8401.4297
  20
1257.4530
  42
0.0000
  0
VERTEX
  8
14
  10
8402.5645
  20
1254.7230
  42
0.0000
  0
VERTEX
  8
14
  10
8403.7021
  20
1251.9930
  42
0.0000
  0
VERTEX
  8
14
  10
8406.8682
  20
1244.8560
  42
0.0000
  0
VERTEX
  8
14
  10
8410.7383
  20
1238.0760
  42
0.0000
  0
VERTEX
  8
14
  10
8415.7617
  20
1230.9620
  42
0.0000
  0
VERTEX
  8
14
  10
8421.4062
  20
1224.3311
  42
0.0000
  0
VERTEX
  8
14
  10
8430.6836
  20
1215.6940
  42
0.0000
  0
VERTEX
  8
14
  10
8440.8379
  20
1208.1100
  42
0.0000
  0
VERTEX
  8
14
  10
8451.7559
  20
1201.6670
  42
0.0000
  0
VERTEX
  8
14
  10
8465.2324
  20
1195.5179
  42
0.0000
  0
VERTEX
  8
14
  10
8479.2178
  20
1190.6379
  42
0.0000
  0
VERTEX
  8
14
  10
8493.5957
  20
1187.0690
  42
0.0000
  0
VERTEX
  8
14
  10
8490.3896
  20
1175.9700
  42
0.0000
  0
VERTEX
  8
14
  10
8487.1836
  20
1164.8710
  42
0.0000
  0
VERTEX
  8
14
  10
8480.5898
  20
1146.0000
  42
0.0000
  0
VERTEX
  8
14
  10
8473.5176
  20
1127.2990
  42
0.0000
  0
VERTEX
  8
14
  10
8453.1035
  20
1078.1030
  42
0.0000
  0
VERTEX
  8
14
  10
8448.7158
  20
1067.4250
  42
0.0000
  0
VERTEX
  8
14
  10
8444.3301
  20
1056.7460
  42
0.0000
  0
VERTEX
  8
14
  10
8415.8418
  20
1069.0500
  42
0.0000
  0
VERTEX
  8
14
  10
8406.0039
  20
1073.0129
  42
0.0000
  0
VERTEX
  8
14
  10
8396.0801
  20
1076.7710
  42
0.0000
  0
VERTEX
  8
14
  10
8378.2402
  20
1082.5460
  42
0.0000
  0
VERTEX
  8
14
  10
8359.4932
  20
1087.9210
  42
0.0000
  0
VERTEX
  8
14
  10
8352.4453
  20
1089.7620
  42
0.0000
  0
VERTEX
  8
14
  10
8345.3242
  20
1091.3250
  42
0.0000
  0
VERTEX
  8
14
  10
8338.3789
  20
1092.5620
  42
0.0000
  0
VERTEX
  8
14
  10
8331.3848
  20
1093.5160
  42
0.0000
  0
VERTEX
  8
14
  10
8321.1377
  20
1094.8540
  42
0.0000
  0
VERTEX
  8
14
  10
8310.8340
  20
1095.7140
  42
0.0000
  0
VERTEX
  8
14
  10
8298.3838
  20
1096.2200
  42
0.0000
  0
VERTEX
  8
14
  10
8285.9189
  20
1096.2450
  42
0.0000
  0
VERTEX
  8
14
  10
8271.1689
  20
1094.8070
  42
0.0000
  0
VERTEX
  8
14
  10
8256.6406
  20
1091.8580
  42
0.0000
  0
VERTEX
  8
14
  10
8244.0527
  20
1087.8300
  42
0.0000
  0
VERTEX
  8
14
  10
8232.0098
  20
1082.3750
  42
0.0000
  0
VERTEX
  8
14
  10
8227.2090
  20
1079.4700
  42
0.0000
  0
VERTEX
  8
14
  10
8222.7314
  20
1076.0830
  42
0.0000
  0
VERTEX
  8
14
  10
8218.6279
  20
1072.2520
  42
0.0000
  0
VERTEX
  8
14
  10
8214.9424
  20
1068.0179
  42
0.0000
  0
VERTEX
  8
14
  10
8211.7109
  20
1063.4250
  42
0.0000
  0
VERTEX
  8
14
  10
8209.0273
  20
1058.5880
  42
0.0000
  0
VERTEX
  8
14
  10
8206.8643
  20
1053.4960
  42
0.0000
  0
VERTEX
  8
14
  10
8205.2461
  20
1048.2050
  42
0.0000
  0
VERTEX
  8
14
  10
8204.1924
  20
1042.7740
  42
0.0000
  0
VERTEX
  8
14
  10
8203.7119
  20
1037.2600
  42
0.0000
  0
VERTEX
  8
14
  10
8203.5371
  20
1031.8979
  42
0.0000
  0
VERTEX
  8
14
  10
8203.7686
  20
1026.5341
  42
0.0000
  0
VERTEX
  8
14
  10
8204.4199
  20
1021.0180
  42
0.0000
  0
VERTEX
  8
14
  10
8205.4727
  20
1015.5610
  42
0.0000
  0
VERTEX
  8
14
  10
8206.9092
  20
1010.2090
  42
0.0000
  0
VERTEX
  8
14
  10
8208.8809
  20
1005.0260
  42
0.0000
  0
VERTEX
  8
14
  10
8211.2119
  20
1000.4170
  42
0.0000
  0
VERTEX
  8
14
  10
8214.0312
  20
996.0850
  42
0.0000
  0
VERTEX
  8
14
  10
8077.2822
  20
996.3030
  42
0.0000
  0
VERTEX
  8
14
  10
7869.7500
  20
993.9340
  42
0.0000
  0
VERTEX
  8
14
  10
7855.1348
  20
1156.2531
  42
0.0000
  0
VERTEX
  8
14
  10
7850.1240
  20
1237.0179
  42
0.0000
  0
SEQEND
  0
POLYLINE
  8
1
  66
1
  70
1
  0
VERTEX
  8
1
  10
7840.4819
  20
1302.3750
  42
0.0000
  0
VERTEX
  8
1
  10
7850.3628
  20
1302.4380
  42
0.0000
  0
VERTEX
  8
1
  10
8047.4341
  20
1303.0649
  42
0.0000
  0
VERTEX
  8
1
  10
8284.5312
  20
1301.8560
  42
0.0000
  0
VERTEX
  8
1
  10
8312.4863
  20
1301.3870
  42
0.0000
  0
VERTEX
  8
1
  10
8340.4229
  20
1300.2700
  42
0.0000
  0
VERTEX
  8
1
  10
8368.3018
  20
1298.5890
  42
0.0000
  0
VERTEX
  8
1
  10
8396.1436
  20
1296.3430
  42
0.0000
  0
VERTEX
  8
1
  10
8404.4824
  20
1295.6281
  42
0.0000
  0
VERTEX
  8
1
  10
8405.2461
  20
1287.2950
  42
0.0000
  0
VERTEX
  8
1
  10
8405.6777
  20
1282.5990
  42
0.0000
  0
VERTEX
  8
1
  10
8406.2744
  20
1277.9240
  42
0.0000
  0
VERTEX
  8
1
  10
8406.8184
  20
1274.8170
  42
0.0000
  0
VERTEX
  8
1
  10
8407.5518
  20
1271.7520
  42
0.0000
  0
VERTEX
  8
1
  10
8408.2041
  20
1269.0170
  42
0.0000
  0
VERTEX
  8
1
  10
8409.4258
  20
1265.0140
  42
0.0000
  0
VERTEX
  8
1
  10
8410.7617
  20
1261.0530
  42
0.0000
  0
VERTEX
  8
1
  10
8411.8477
  20
1258.4399
  42
0.0000
  0
VERTEX
  8
1
  10
8412.9336
  20
1255.8270
  42
0.0000
  0
VERTEX
  8
1
  10
8415.7402
  20
1249.4840
  42
0.0000
  0
VERTEX
  8
1
  10
8419.1699
  20
1243.4570
  42
0.0000
  0
VERTEX
  8
1
  10
8423.6504
  20
1237.1121
  42
0.0000
  0
VERTEX
  8
1
  10
8428.6816
  20
1231.1970
  42
0.0000
  0
VERTEX
  8
1
  10
8437.1465
  20
1223.3250
  42
0.0000
  0
VERTEX
  8
1
  10
8446.4102
  20
1216.4150
  42
0.0000
  0
VERTEX
  8
1
  10
8456.3604
  20
1210.5460
  42
0.0000
  0
VERTEX
  8
1
  10
8469.0361
  20
1204.7660
  42
0.0000
  0
VERTEX
  8
1
  10
8482.1885
  20
1200.1890
  42
0.0000
  0
VERTEX
  8
1
  10
8495.7061
  20
1196.8440
  42
0.0000
  0
VERTEX
  8
1
  10
8506.1797
  20
1194.5850
  42
0.0000
  0
VERTEX
  8
1
  10
8496.7197
  20
1161.8630
  42
0.0000
  0
VERTEX
  8
1
  10
8496.6816
  20
1161.7460
  42
0.0000
  0
VERTEX
  8
1
  10
8496.6416
  20
1161.6331
  42
0.0000
  0
VERTEX
  8
1
  10
8489.9844
  20
1142.5780
  42
0.0000
  0
VERTEX
  8
1
  10
8482.8477
  20
1123.7020
  42
0.0000
  0
VERTEX
  8
1
  10
8462.3701
  20
1074.3409
  42
0.0000
  0
VERTEX
  8
1
  10
8462.3184
  20
1074.2209
  42
0.0000
  0
VERTEX
  8
1
  10
8453.5801
  20
1052.9460
  42
0.0000
  0
VERTEX
  8
1
  10
8449.6816
  20
1043.4600
  42
0.0000
  0
VERTEX
  8
1
  10
8440.2979
  20
1047.5940
  42
0.0000
  0
VERTEX
  8
1
  10
8412.0244
  20
1059.8070
  42
0.0000
  0
VERTEX
  8
1
  10
8402.4141
  20
1063.6790
  42
0.0000
  0
VERTEX
  8
1
  10
8392.7275
  20
1067.3480
  42
0.0000
  0
VERTEX
  8
1
  10
8375.3232
  20
1072.9810
  42
0.0000
  0
VERTEX
  8
1
  10
8366.4551
  20
1075.6040
  42
0.0000
  0
VERTEX
  8
1
  10
8357.5469
  20
1078.0680
  42
0.0000
  0
VERTEX
  8
1
  10
8356.8281
  20
1078.2670
  42
0.0000
  0
VERTEX
  8
1
  10
8351.7959
  20
1079.5959
  42
0.0000
  0
VERTEX
  8
1
  10
8346.7432
  20
1080.8101
  42
0.0000
  0
VERTEX
  8
1
  10
8338.6973
  20
1082.3530
  42
0.0000
  0
VERTEX
  8
1
  10
8330.5977
  20
1083.5389
  42
0.0000
  0
VERTEX
  8
1
  10
8330.1025
  20
1083.6100
  42
0.0000
  0
VERTEX
  8
1
  10
8320.1846
  20
1084.8940
  42
0.0000
  0
VERTEX
  8
1
  10
8310.2246
  20
1085.7321
  42
0.0000
  0
VERTEX
  8
1
  10
8298.2734
  20
1086.2180
  42
0.0000
  0
VERTEX
  8
1
  10
8286.3154
  20
1086.2469
  42
0.0000
  0
VERTEX
  8
1
  10
8279.4531
  20
1085.7540
  42
0.0000
  0
VERTEX
  8
1
  10
8272.6396
  20
1084.9120
  42
0.0000
  0
VERTEX
  8
1
  10
8262.9062
  20
1083.0380
  42
0.0000
  0
VERTEX
  8
1
  10
8253.3369
  20
1080.4980
  42
0.0000
  0
VERTEX
  8
1
  10
8247.6426
  20
1078.4919
  42
0.0000
  0
VERTEX
  8
1
  10
8242.0771
  20
1076.1630
  42
0.0000
  0
VERTEX
  8
1
  10
8236.8379
  20
1073.6040
  42
0.0000
  0
VERTEX
  8
1
  10
8231.8809
  20
1070.5380
  42
0.0000
  0
VERTEX
  8
1
  10
8226.7959
  20
1066.2570
  42
0.0000
  0
VERTEX
  8
1
  10
8222.3945
  20
1061.2700
  42
0.0000
  0
VERTEX
  8
1
  10
8218.7783
  20
1055.6880
  42
0.0000
  0
VERTEX
  8
1
  10
8217.5166
  20
1053.1460
  42
0.0000
  0
VERTEX
  8
1
  10
8216.4287
  20
1050.5270
  42
0.0000
  0
VERTEX
  8
1
  10
8215.5166
  20
1047.8409
  42
0.0000
  0
VERTEX
  8
1
  10
8214.7871
  20
1045.1000
  42
0.0000
  0
VERTEX
  8
1
  10
8214.2402
  20
1042.3170
  42
0.0000
  0
VERTEX
  8
1
  10
8213.8818
  20
1039.5031
  42
0.0000
  0
VERTEX
  8
1
  10
8213.6963
  20
1036.6730
  42
0.0000
  0
VERTEX
  8
1
  10
8213.5391
  20
1032.0050
  42
0.0000
  0
VERTEX
  8
1
  10
8213.7393
  20
1027.3380
  42
0.0000
  0
VERTEX
  8
1
  10
8214.3066
  20
1022.5280
  42
0.0000
  0
VERTEX
  8
1
  10
8215.2637
  20
1017.7800
  42
0.0000
  0
VERTEX
  8
1
  10
8218.0342
  20
1009.0600
  42
0.0000
  0
VERTEX
  8
1
  10
8222.2617
  20
1001.7650
  42
0.0000
  0
VERTEX
  8
1
  10
8233.1016
  20
986.0550
  42
0.0000
  0
VERTEX
  8
1
  10
8214.0146
  20
986.0850
  42
0.0000
  0
VERTEX
  8
1
  10
8077.3311
  20
986.3030
  42
0.0000
  0
VERTEX
  8
1
  10
7869.8638
  20
983.9350
  42
0.0000
  0
VERTEX
  8
1
  10
7860.6821
  20
983.8300
  42
0.0000
  0
VERTEX
  8
1
  10
7859.7969
  20
992.9690
  42
0.0000
  0
VERTEX
  8
1
  10
7845.1689
  20
1155.4250
  42
0.0000
  0
VERTEX
  8
1
  10
7840.1401
  20
1236.5380
  42
0.0000
  0
VERTEX
  8
1
  10
7840.1270
  20
1236.8051
  42
0.0000
  0
SEQEND
  0
POLYLINE
  8
8
  66
1
  70
0
  0
VERTEX
  8
8
  10
8188.9482
  20
1107.6410
  42
0.0000
  0
VERTEX
  8
8
  10
8203.9482
  20
1107.7030
  42
0.0000
  0
SEQEND
  0
POLYLINE
  8
8
  66
1
  70
0
  0
VERTEX
  8
8
  10
8188.3740
  20
1247.6400
  42
0.0000
  0
VERTEX
  8
8
  10
8188.9492
  20
1107.6410
  42
0.0000
  0
SEQEND
  0
POLYLINE
  8
8
  66
1
  70
0
  0
VERTEX
  8
8
  10
8195.8740
  20
1247.6710
  42
0.0000
  0
VERTEX
  8
8
  10
8196.4482
  20
1107.6720
  42
0.0000
  0
SEQEND
  0
POLYLINE
  8
8
  66
1
  70
0
  0
VERTEX
  8
8
  10
8203.3740
  20
1247.7020
  42
0.0000
  0
VERTEX
  8
8
  10
8188.3750
  20
1247.6400
  42
0.0000
  0
SEQEND
  0
POLYLINE
  8
8
  66
1
  70
0
  0
VERTEX
  8
8
  10
8203.9482
  20
1107.7031
  42
0.0000
  0
VERTEX
  8
8
  10
8203.3740
  20
1247.7019
  42
0.0000
  0
SEQEND
  0
POLYLINE
  8
8
  66
1
  70
0
  0
VERTEX
  8
8
  10
8081.3452
  20
1217.6980
  42
0.0000
  0
VERTEX
  8
8
  10
8081.3501
  20
1087.7960
  42
0.0000
  0
SEQEND
  0
POLYLINE
  8
8
  66
1
  70
0
  0
VERTEX
  8
8
  10
7936.2412
  20
1217.6479
  42
0.0000
  0
VERTEX
  8
8
  10
7936.3838
  20
1087.6680
  42
0.0000
  0
SEQEND
  0
POLYLINE
  8
8
  66
1
  70
0
  0
VERTEX
  8
8
  10
7936.3843
  20
1087.6680
  42
0.0000
  0
VERTEX
  8
8
  10
8081.3496
  20
1087.7960
  42
0.0000
  0
SEQEND
  0
POLYLINE
  8
8
  66
1
  70
0
  0
VERTEX
  8
8
  10
8081.3447
  20
1217.6980
  42
0.0000
  0
VERTEX
  8
8
  10
7936.2417
  20
1217.6479
  42
0.0000
  0
SEQEND
  0
POINT
  8
13
  10
8078.6050
  20
1213.8270
  0
POINT
  8
13
  10
8078.6060
  20
1091.6560
  0
POINT
  8
13
  10
7939.8760
  20
1214.4561
  0
POINT
  8
13
  10
8196.2744
  20
1109.8280
  0
POINT
  8
13
  10
8195.7051
  20
1245.1770
  0
POINT
  8
2
  10
7850.4268
  20
1292.4380
  0
POINT
  8
3
  10
8047.4341
  20
1293.0649
  0
POINT
  8
2
  10
8284.4453
  20
1291.9360
  0
POINT
  8
3
  10
8312.1943
  20
1291.3910
  0
POINT
  8
3
  10
8339.9229
  20
1290.2830
  0
POINT
  8
3
  10
8367.6260
  20
1288.6121
  0
POINT
  8
2
  10
8395.2861
  20
1286.3800
  0
POINT
  8
3
  10
8395.7461
  20
1281.3990
  0
POINT
  8
3
  10
8396.3838
  20
1276.4360
  0
POINT
  8
3
  10
8396.9922
  20
1272.9100
  0
POINT
  8
3
  10
8397.7783
  20
1269.4180
  0
POINT
  8
3
  10
8398.5479
  20
1266.3950
  0
POINT
  8
3
  10
8399.4121
  20
1263.3970
  0
POINT
  8
3
  10
8400.3740
  20
1260.4100
  0
POINT
  8
3
  10
8401.4297
  20
1257.4530
  0
POINT
  8
3
  10
8402.5645
  20
1254.7230
  0
POINT
  8
3
  10
8403.7021
  20
1251.9930
  0
POINT
  8
3
  10
8406.8682
  20
1244.8560
  0
POINT
  8
3
  10
8410.7383
  20
1238.0760
  0
POINT
  8
3
  10
8415.7617
  20
1230.9620
  0
POINT
  8
3
  10
8421.4062
  20
1224.3311
  0
POINT
  8
3
  10
8430.6836
  20
1215.6940
  0
POINT
  8
3
  10
8440.8379
  20
1208.1100
  0
POINT
  8
3
  10
8451.7559
  20
1201.6670
  0
POINT
  8
3
  10
8465.2324
  20
1195.5179
  0
POINT
  8
3
  10
8479.2178
  20
1190.6379
  0
POINT
  8
2
  10
8493.5957
  20
1187.0690
  0
POINT
  8
3
  10
8490.3896
  20
1175.9700
  0
POINT
  8
3
  10
8487.1836
  20
1164.8710
  0
POINT
  8
3
  10
8480.5898
  20
1146.0000
  0
POINT
  8
3
  10
8473.5176
  20
1127.2990
  0
POINT
  8
3
  10
8453.1035
  20
1078.1030
  0
POINT
  8
3
  10
8448.7158
  20
1067.4250
  0
POINT
  8
2
  10
8444.3301
  20
1056.7460
  0
POINT
  8
3
  10
8415.8418
  20
1069.0500
  0
POINT
  8
3
  10
8406.0039
  20
1073.0129
  0
POINT
  8
3
  10
8396.0801
  20
1076.7710
  0
POINT
  8
3
  10
8378.2402
  20
1082.5460
  0
POINT
  8
3
  10
8359.4932
  20
1087.9210
  0
POINT
  8
3
  10
8352.4453
  20
1089.7620
  0
POINT
  8
3
  10
8345.3242
  20
1091.3250
  0
POINT
  8
3
  10
8338.3789
  20
1092.5620
  0
POINT
  8
3
  10
8331.3848
  20
1093.5160
  0
POINT
  8
3
  10
8321.1377
  20
1094.8540
  0
POINT
  8
3
  10
8310.8340
  20
1095.7140
  0
POINT
  8
3
  10
8298.3838
  20
1096.2200
  0
POINT
  8
3
  10
8285.9189
  20
1096.2450
  0
POINT
  8
3
  10
8271.1689
  20
1094.8070
  0
POINT
  8
3
  10
8256.6406
  20
1091.8580
  0
POINT
  8
3
  10
8244.0527
  20
1087.8300
  0
POINT
  8
3
  10
8232.0098
  20
1082.3750
  0
POINT
  8
3
  10
8227.2090
  20
1079.4700
  0
POINT
  8
3
  10
8222.7314
  20
1076.0830
  0
POINT
  8
3
  10
8218.6279
  20
1072.2520
  0
POINT
  8
3
  10
8214.9424
  20
1068.0179
  0
POINT
  8
3
  10
8211.7109
  20
1063.4250
  0
POINT
  8
3
  10
8209.0273
  20
1058.5880
  0
POINT
  8
3
  10
8206.8643
  20
1053.4960
  0
POINT
  8
3
  10
8205.2461
  20
1048.2050
  0
POINT
  8
3
  10
8204.1924
  20
1042.7740
  0
POINT
  8
3
  10
8203.7119
  20
1037.2600
  0
POINT
  8
3
  10
8203.5371
  20
1031.8979
  0
POINT
  8
3
  10
8203.7686
  20
1026.5341
  0
POINT
  8
3
  10
8204.4199
  20
1021.0180
  0
POINT
  8
3
  10
8205.4727
  20
1015.5610
  0
POINT
  8
3
  10
8206.9092
  20
1010.2090
  0
POINT
  8
3
  10
8208.8809
  20
1005.0260
  0
POINT
  8
3
  10
8211.2119
  20
1000.4170
  0
POINT
  8
2
  10
8214.0312
  20
996.0850
  0
POINT
  8
3
  10
8077.2822
  20
996.3030
  0
POINT
  8
2
  10
7869.7500
  20
993.9340
  0
POINT
  8
2
  10
7855.1348
  20
1156.2531
  0
POINT
  8
2
  10
7850.1240
  20
1237.0179
  0
POINT
  8
2
  10
7840.4819
  20
1302.3750
  0
POINT
  8
3
  10
7850.3628
  20
1302.4380
  0
POINT
  8
3
  10
8047.4341
  20
1303.0649
  0
POINT
  8
2
  10
8284.5312
  20
1301.8560
  0
POINT
  8
3
  10
8312.4863
  20
1301.3870
  0
POINT
  8
3
  10
8340.4229
  20
1300.2700
  0
POINT
  8
3
  10
8368.3018
  20
1298.5890
  0
POINT
  8
3
  10
8396.1436
  20
1296.3430
  0
POINT
  8
2
  10
8404.4824
  20
1295.6281
  0
POINT
  8
3
  10
8405.2461
  20
1287.2950
  0
POINT
  8
3
  10
8405.6777
  20
1282.5990
  0
POINT
  8
3
  10
8406.2744
  20
1277.9240
  0
POINT
  8
3
  10
8406.8184
  20
1274.8170
  0
POINT
  8
3
  10
8407.5518
  20
1271.7520
  0
POINT
  8
3
  10
8408.2041
  20
1269.0170
  0
POINT
  8
3
  10
8409.4258
  20
1265.0140
  0
POINT
  8
3
  10
8410.7617
  20
1261.0530
  0
POINT
  8
3
  10
8411.8477
  20
1258.4399
  0
POINT
  8
3
  10
8412.9336
  20
1255.8270
  0
POINT
  8
3
  10
8415.7402
  20
1249.4840
  0
POINT
  8
3
  10
8419.1699
  20
1243.4570
  0
POINT
  8
3
  10
8423.6504
  20
1237.1121
  0
POINT
  8
3
  10
8428.6816
  20
1231.1970
  0
POINT
  8
3
  10
8437.1465
  20
1223.3250
  0
POINT
  8
3
  10
8446.4102
  20
1216.4150
  0
POINT
  8
3
  10
8456.3604
  20
1210.5460
  0
POINT
  8
3
  10
8469.0361
  20
1204.7660
  0
POINT
  8
3
  10
8482.1885
  20
1200.1890
  0
POINT
  8
3
  10
8495.7061
  20
1196.8440
  0
POINT
  8
2
  10
8506.1797
  20
1194.5850
  0
POINT
  8
3
  10
8496.7197
  20
1161.8630
  0
POINT
  8
3
  10
8496.6816
  20
1161.7460
  0
POINT
  8
3
  10
8496.6416
  20
1161.6331
  0
POINT
  8
3
  10
8489.9844
  20
1142.5780
  0
POINT
  8
3
  10
8482.8477
  20
1123.7020
  0
POINT
  8
3
  10
8462.3701
  20
1074.3409
  0
POINT
  8
3
  10
8462.3184
  20
1074.2209
  0
POINT
  8
3
  10
8453.5801
  20
1052.9460
  0
POINT
  8
2
  10
8449.6816
  20
1043.4600
  0
POINT
  8
3
  10
8440.2979
  20
1047.5940
  0
POINT
  8
3
  10
8412.0244
  20
1059.8070
  0
POINT
  8
3
  10
8402.4141
  20
1063.6790
  0
POINT
  8
3
  10
8392.7275
  20
1067.3480
  0
POINT
  8
3
  10
8375.3232
  20
1072.9810
  0
POINT
  8
3
  10
8366.4551
  20
1075.6040
  0
POINT
  8
3
  10
8357.5469
  20
1078.0680
  0
POINT
  8
3
  10
8356.8281
  20
1078.2670
  0
POINT
  8
3
  10
8351.7959
  20
1079.5959
  0
POINT
  8
3
  10
8346.7432
  20
1080.8101
  0
POINT
  8
3
  10
8338.6973
  20
1082.3530
  0
POINT
  8
3
  10
8330.5977
  20
1083.5389
  0
POINT
  8
3
  10
8330.1025
  20
1083.6100
  0
POINT
  8
3
  10
8320.1846
  20
1084.8940
  0
POINT
  8
3
  10
8310.2246
  20
1085.7321
  0
POINT
  8
3
  10
8298.2734
  20
1086.2180
  0
POINT
  8
3
  10
8286.3154
  20
1086.2469
  0
POINT
  8
3
  10
8279.4531
  20
1085.7540
  0
POINT
  8
3
  10
8272.6396
  20
1084.9120
  0
POINT
  8
3
  10
8262.9062
  20
1083.0380
  0
POINT
  8
3
  10
8253.3369
  20
1080.4980
  0
POINT
  8
3
  10
8247.6426
  20
1078.4919
  0
POINT
  8
3
  10
8242.0771
  20
1076.1630
  0
POINT
  8
3
  10
8236.8379
  20
1073.6040
  0
POINT
  8
3
  10
8231.8809
  20
1070.5380
  0
POINT
  8
3
  10
8226.7959
  20
1066.2570
  0
POINT
  8
3
  10
8222.3945
  20
1061.2700
  0
POINT
  8
3
  10
8218.7783
  20
1055.6880
  0
POINT
  8
3
  10
8217.5166
  20
1053.1460
  0
POINT
  8
3
  10
8216.4287
  20
1050.5270
  0
POINT
  8
3
  10
8215.5166
  20
1047.8409
  0
POINT
  8
3
  10
8214.7871
  20
1045.1000
  0
POINT
  8
3
  10
8214.2402
  20
1042.3170
  0
POINT
  8
3
  10
8213.8818
  20
1039.5031
  0
POINT
  8
3
  10
8213.6963
  20
1036.6730
  0
POINT
  8
3
  10
8213.5391
  20
1032.0050
  0
POINT
  8
3
  10
8213.7393
  20
1027.3380
  0
POINT
  8
3
  10
8214.3066
  20
1022.5280
  0
POINT
  8
3
  10
8215.2637
  20
1017.7800
  0
POINT
  8
3
  10
8218.0342
  20
1009.0600
  0
POINT
  8
3
  10
8222.2617
  20
1001.7650
  0
POINT
  8
2
  10
8233.1016
  20
986.0550
  0
POINT
  8
3
  10
8214.0146
  20
986.0850
  0
POINT
  8
3
  10
8077.3311
  20
986.3030
  0
POINT
  8
3
  10
7869.8638
  20
983.9350
  0
POINT
  8
2
  10
7860.6821
  20
983.8300
  0
POINT
  8
3
  10
7859.7969
  20
992.9690
  0
POINT
  8
2
  10
7845.1689
  20
1155.4250
  0
POINT
  8
3
  10
7840.1401
  20
1236.5380
  0
POINT
  8
2
  10
7840.1270
  20
1236.8051
  0
POINT
  8
4
  10
8496.6416
  20
1161.6331
  30
10.0000
  50
161.1981
  0
POINT
  8
4
  10
8462.3701
  20
1074.3409
  30
10.0000
  50
157.9044
  0
POINT
  8
4
  10
8357.5469
  20
1078.0680
  30
10.0000
  50
78.8227
  0
POINT
  8
4
  10
8330.5977
  20
1083.5389
  30
10.0000
  50
85.4855
  0
POINT
  8
4
  10
7840.1401
  20
1236.5380
  30
10.0000
  50
2.7501
  0
POINT
  8
2
  10
8188.9482
  20
1107.6410
  0
POINT
  8
2
  10
8203.9482
  20
1107.7030
  0
POINT
  8
2
  10
8188.3740
  20
1247.6400
  0
POINT
  8
2
  10
8188.9492
  20
1107.6410
  0
POINT
  8
2
  10
8195.8740
  20
1247.6710
  0
POINT
  8
2
  10
8196.4482
  20
1107.6720
  0
POINT
  8
2
  10
8203.3740
  20
1247.7020
  0
POINT
  8
2
  10
8188.3750
  20
1247.6400
  0
POINT
  8
2
  10
8203.9482
  20
1107.7031
  0
POINT
  8
2
  10
8203.3740
  20
1247.7019
  0
POINT
  8
2
  10
8081.3452
  20
1217.6980
  0
POINT
  8
2
  10
8081.3501
  20
1087.7960
  0
POINT
  8
2
  10
7936.2412
  20
1217.6479
  0
POINT
  8
2
  10
7936.3838
  20
1087.6680
  0
POINT
  8
2
  10
7936.3843
  20
1087.6680
  0
POINT
  8
2
  10
8081.3496
  20
1087.7960
  0
POINT
  8
2
  10
8081.3447
  20
1217.6980
  0
POINT
  8
2
  10
7936.2417
  20
1217.6479
  0
TEXT
  8
13
  10
8078.6050
  20
1213.8270
  40
8.0000
  1
# 1
  0
TEXT
  8
13
  10
8078.6060
  20
1091.6560
  40
8.0000
  1
# 1
  0
TEXT
  8
13
  10
7939.8760
  20
1214.4561
  40
8.0000
  1
# 1
  0
TEXT
  8
13
  10
8196.2744
  20
1109.8280
  40
8.0000
  1
# 395
  0
TEXT
  8
13
  10
8195.7051
  20
1245.1770
  40
8.0000
  1
# 1
  0
TEXT
  8
2
  10
7850.4268
  20
1292.4380
  40
8.0000
  1
# 3
  0
TEXT
  8
14
  10
7850.4268
  20
1292.4380
  40
8.0000
  1
# 3
  0
TEXT
  8
3
  10
8047.4341
  20
1293.0649
  40
8.0000
  1
# 1
  0
TEXT
  8
14
  10
8047.4341
  20
1293.0649
  40
8.0000
  1
# 1
  0
TEXT
  8
2
  10
8284.4453
  20
1291.9360
  40
8.0000
  1
# 1
  0
TEXT
  8
14
  10
8284.4453
  20
1291.9360
  40
8.0000
  1
# 1
  0
TEXT
  8
2
  10
8395.2861
  20
1286.3800
  40
8.0000
  1
# 158
  0
TEXT
  8
14
  10
8395.2861
  20
1286.3800
  40
8.0000
  1
# 158
  0
TEXT
  8
2
  10
8493.5957
  20
1187.0690
  40
8.0000
  1
# 355
  0
TEXT
  8
14
  10
8493.5957
  20
1187.0690
  40
8.0000
  1
# 355
  0
TEXT
  8
2
  10
8444.3301
  20
1056.7460
  40
8.0000
  1
# 356
  0
TEXT
  8
14
  10
8444.3301
  20
1056.7460
  40
8.0000
  1
# 356
  0
TEXT
  8
3
  10
8359.4932
  20
1087.9210
  40
8.0000
  1
# 357
  0
TEXT
  8
14
  10
8359.4932
  20
1087.9210
  40
8.0000
  1
# 357
  0
TEXT
  8
3
  10
8331.3848
  20
1093.5160
  40
8.0000
  1
# 358
  0
TEXT
  8
14
  10
8331.3848
  20
1093.5160
  40
8.0000
  1
# 358
  0
TEXT
  8
3
  10
8203.7119
  20
1037.2600
  40
8.0000
  1
# 359
  0
TEXT
  8
14
  10
8203.7119
  20
1037.2600
  40
8.0000
  1
# 359
  0
TEXT
  8
3
  10
8205.4727
  20
1015.5610
  40
8.0000
  1
# 1
  0
TEXT
  8
14
  10
8205.4727
  20
1015.5610
  40
8.0000
  1
# 1
  0
TEXT
  8
2
  10
8214.0312
  20
996.0850
  40
8.0000
  1
# 360
  0
TEXT
  8
14
  10
8214.0312
  20
996.0850
  40
8.0000
  1
# 360
  0
TEXT
  8
3
  10
8077.2822
  20
996.3030
  40
8.0000
  1
# 360
  0
TEXT
  8
14
  10
8077.2822
  20
996.3030
  40
8.0000
  1
# 360
  0
TEXT
  8
2
  10
7869.7500
  20
993.9340
  40
8.0000
  1
# 361
  0
TEXT
  8
14
  10
7869.7500
  20
993.9340
  40
8.0000
  1
# 361
  0
TEXT
  8
2
  10
7850.1240
  20
1237.0179
  40
8.0000
  1
# 3
  0
TEXT
  8
14
  10
7850.1240
  20
1237.0179
  40
8.0000
  1
# 3
  0
TEXT
  8
2
  10
7840.4819
  20
1302.3750
  40
8.0000
  1
# 396
  0
TEXT
  8
1
  10
7840.4819
  20
1302.3750
  40
8.0000
  1
# 396
  0
TEXT
  8
3
  10
7850.3628
  20
1302.4380
  40
8.0000
  1
# 397
  0
TEXT
  8
1
  10
7850.3628
  20
1302.4380
  40
8.0000
  1
# 397
  0
TEXT
  8
3
  10
8047.4341
  20
1303.0649
  40
8.0000
  1
# 398
  0
TEXT
  8
1
  10
8047.4341
  20
1303.0649
  40
8.0000
  1
# 398
  0
TEXT
  8
2
  10
8284.5312
  20
1301.8560
  40
8.0000
  1
# 399
  0
TEXT
  8
1
  10
8284.5312
  20
1301.8560
  40
8.0000
  1
# 399
  0
TEXT
  8
3
  10
8396.1436
  20
1296.3430
  40
8.0000
  1
# 400
  0
TEXT
  8
1
  10
8396.1436
  20
1296.3430
  40
8.0000
  1
# 400
  0
TEXT
  8
2
  10
8404.4824
  20
1295.6281
  40
8.0000
  1
# 401
  0
TEXT
  8
1
  10
8404.4824
  20
1295.6281
  40
8.0000
  1
# 401
  0
TEXT
  8
3
  10
8405.2461
  20
1287.2950
  40
8.0000
  1
# 367
  0
TEXT
  8
1
  10
8405.2461
  20
1287.2950
  40
8.0000
  1
# 367
  0
TEXT
  8
3
  10
8428.6816
  20
1231.1970
  40
8.0000
  1
# 368
  0
TEXT
  8
1
  10
8428.6816
  20
1231.1970
  40
8.0000
  1
# 368
  0
TEXT
  8
3
  10
8495.7061
  20
1196.8440
  40
8.0000
  1
# 369
  0
TEXT
  8
1
  10
8495.7061
  20
1196.8440
  40
8.0000
  1
# 369
  0
TEXT
  8
2
  10
8506.1797
  20
1194.5850
  40
8.0000
  1
# 370
  0
TEXT
  8
1
  10
8506.1797
  20
1194.5850
  40
8.0000
  1
# 370
  0
TEXT
  8
3
  10
8496.7197
  20
1161.8630
  40
8.0000
  1
# 371
  0
TEXT
  8
1
  10
8496.7197
  20
1161.8630
  40
8.0000
  1
# 371
  0
TEXT
  8
3
  10
8496.6416
  20
1161.6331
  40
8.0000
  1
# 402
  0
TEXT
  8
1
  10
8496.6416
  20
1161.6331
  40
8.0000
  1
# 402
  0
TEXT
  8
3
  10
8462.3701
  20
1074.3409
  40
8.0000
  1
# 403
  0
TEXT
  8
1
  10
8462.3701
  20
1074.3409
  40
8.0000
  1
# 403
  0
TEXT
  8
3
  10
8453.5801
  20
1052.9460
  40
8.0000
  1
# 374
  0
TEXT
  8
1
  10
8453.5801
  20
1052.9460
  40
8.0000
  1
# 374
  0
TEXT
  8
2
  10
8449.6816
  20
1043.4600
  40
8.0000
  1
# 375
  0
TEXT
  8
1
  10
8449.6816
  20
1043.4600
  40
8.0000
  1
# 375
  0
TEXT
  8
3
  10
8440.2979
  20
1047.5940
  40
8.0000
  1
# 376
  0
TEXT
  8
1
  10
8440.2979
  20
1047.5940
  40
8.0000
  1
# 376
  0
TEXT
  8
3
  10
8392.7275
  20
1067.3480
  40
8.0000
  1
# 377
  0
TEXT
  8
1
  10
8392.7275
  20
1067.3480
  40
8.0000
  1
# 377
  0
TEXT
  8
3
  10
8357.5469
  20
1078.0680
  40
8.0000
  1
# 378
  0
TEXT
  8
1
  10
8357.5469
  20
1078.0680
  40
8.0000
  1
# 378
  0
TEXT
  8
3
  10
8356.8281
  20
1078.2670
  40
8.0000
  1
# 379
  0
TEXT
  8
1
  10
8356.8281
  20
1078.2670
  40
8.0000
  1
# 379
  0
TEXT
  8
3
  10
8330.5977
  20
1083.5389
  40
8.0000
  1
# 404
  0
TEXT
  8
1
  10
8330.5977
  20
1083.5389
  40
8.0000
  1
# 404
  0
TEXT
  8
3
  10
8330.1025
  20
1083.6100
  40
8.0000
  1
# 381
  0
TEXT
  8
1
  10
8330.1025
  20
1083.6100
  40
8.0000
  1
# 381
  0
TEXT
  8
3
  10
8286.3154
  20
1086.2469
  40
8.0000
  1
# 382
  0
TEXT
  8
1
  10
8286.3154
  20
1086.2469
  40
8.0000
  1
# 382
  0
TEXT
  8
3
  10
8272.6396
  20
1084.9120
  40
8.0000
  1
# 405
  0
TEXT
  8
1
  10
8272.6396
  20
1084.9120
  40
8.0000
  1
# 405
  0
TEXT
  8
3
  10
8253.3369
  20
1080.4980
  40
8.0000
  1
# 406
  0
TEXT
  8
1
  10
8253.3369
  20
1080.4980
  40
8.0000
  1
# 406
  0
TEXT
  8
3
  10
8242.0771
  20
1076.1630
  40
8.0000
  1
# 407
  0
TEXT
  8
1
  10
8242.0771
  20
1076.1630
  40
8.0000
  1
# 407
  0
TEXT
  8
3
  10
8231.8809
  20
1070.5380
  40
8.0000
  1
# 408
  0
TEXT
  8
1
  10
8231.8809
  20
1070.5380
  40
8.0000
  1
# 408
  0
TEXT
  8
3
  10
8218.7783
  20
1055.6880
  40
8.0000
  1
# 409
  0
TEXT
  8
1
  10
8218.7783
  20
1055.6880
  40
8.0000
  1
# 409
  0
TEXT
  8
3
  10
8213.6963
  20
1036.6730
  40
8.0000
  1
# 410
  0
TEXT
  8
1
  10
8213.6963
  20
1036.6730
  40
8.0000
  1
# 410
  0
TEXT
  8
3
  10
8213.7393
  20
1027.3380
  40
8.0000
  1
# 411
  0
TEXT
  8
1
  10
8213.7393
  20
1027.3380
  40
8.0000
  1
# 411
  0
TEXT
  8
3
  10
8215.2637
  20
1017.7800
  40
8.0000
  1
# 412
  0
TEXT
  8
1
  10
8215.2637
  20
1017.7800
  40
8.0000
  1
# 412
  0
TEXT
  8
3
  10
8218.0342
  20
1009.0600
  40
8.0000
  1
# 413
  0
TEXT
  8
1
  10
8218.0342
  20
1009.0600
  40
8.0000
  1
# 413
  0
TEXT
  8
3
  10
8222.2617
  20
1001.7650
  40
8.0000
  1
# 414
  0
TEXT
  8
1
  10
8222.2617
  20
1001.7650
  40
8.0000
  1
# 414
  0
TEXT
  8
2
  10
8233.1016
  20
986.0550
  40
8.0000
  1
# 415
  0
TEXT
  8
1
  10
8233.1016
  20
986.0550
  40
8.0000
  1
# 415
  0
TEXT
  8
3
  10
8214.0146
  20
986.0850
  40
8.0000
  1
# 416
  0
TEXT
  8
1
  10
8214.0146
  20
986.0850
  40
8.0000
  1
# 416
  0
TEXT
  8
3
  10
8077.3311
  20
986.3030
  40
8.0000
  1
# 417
  0
TEXT
  8
1
  10
8077.3311
  20
986.3030
  40
8.0000
  1
# 417
  0
TEXT
  8
3
  10
7869.8638
  20
983.9350
  40
8.0000
  1
# 418
  0
TEXT
  8
1
  10
7869.8638
  20
983.9350
  40
8.0000
  1
# 418
  0
TEXT
  8
2
  10
7860.6821
  20
983.8300
  40
8.0000
  1
# 419
  0
TEXT
  8
1
  10
7860.6821
  20
983.8300
  40
8.0000
  1
# 419
  0
TEXT
  8
3
  10
7859.7969
  20
992.9690
  40
8.0000
  1
# 420
  0
TEXT
  8
1
  10
7859.7969
  20
992.9690
  40
8.0000
  1
# 420
  0
TEXT
  8
3
  10
7840.1401
  20
1236.5380
  40
8.0000
  1
# 421
  0
TEXT
  8
1
  10
7840.1401
  20
1236.5380
  40
8.0000
  1
# 421
  0
TEXT
  8
2
  10
7840.1270
  20
1236.8051
  40
8.0000
  1
# 422
  0
TEXT
  8
1
  10
7840.1270
  20
1236.8051
  40
8.0000
  1
# 422
  0
TEXT
  8
4
  10
8496.6416
  20
1161.6331
  40
8.0000
  1
# 402
  0
TEXT
  8
4
  10
8462.3701
  20
1074.3409
  40
8.0000
  1
# 403
  0
TEXT
  8
4
  10
8357.5469
  20
1078.0680
  40
8.0000
  1
# 378
  0
TEXT
  8
4
  10
8330.5977
  20
1083.5389
  40
8.0000
  1
# 404
  0
TEXT
  8
4
  10
7840.1401
  20
1236.5380
  40
8.0000
  1
# 421
  0
TEXT
  8
2
  10
8188.9482
  20
1107.6410
  40
8.0000
  1
# 1
  0
TEXT
  8
8
  10
8188.9482
  20
1107.6410
  40
8.0000
  1
# 1
  0
TEXT
  8
2
  10
8203.9482
  20
1107.7030
  40
8.0000
  1
# 423
  0
TEXT
  8
8
  10
8203.9482
  20
1107.7030
  40
8.0000
  1
# 423
  0
TEXT
  8
2
  10
8188.3740
  20
1247.6400
  40
8.0000
  1
# 1
  0
TEXT
  8
8
  10
8188.3740
  20
1247.6400
  40
8.0000
  1
# 1
  0
TEXT
  8
2
  10
8188.9492
  20
1107.6410
  40
8.0000
  1
# 1
  0
TEXT
  8
8
  10
8188.9492
  20
1107.6410
  40
8.0000
  1
# 1
  0
TEXT
  8
2
  10
8195.8740
  20
1247.6710
  40
8.0000
  1
# 423
  0
TEXT
  8
8
  10
8195.8740
  20
1247.6710
  40
8.0000
  1
# 423
  0
TEXT
  8
2
  10
8196.4482
  20
1107.6720
  40
8.0000
  1
# 423
  0
TEXT
  8
8
  10
8196.4482
  20
1107.6720
  40
8.0000
  1
# 423
  0
TEXT
  8
2
  10
8203.3740
  20
1247.7020
  40
8.0000
  1
# 423
  0
TEXT
  8
8
  10
8203.3740
  20
1247.7020
  40
8.0000
  1
# 423
  0
TEXT
  8
2
  10
8188.3750
  20
1247.6400
  40
8.0000
  1
# 1
  0
TEXT
  8
8
  10
8188.3750
  20
1247.6400
  40
8.0000
  1
# 1
  0
TEXT
  8
2
  10
8203.9482
  20
1107.7031
  40
8.0000
  1
# 424
  0
TEXT
  8
8
  10
8203.9482
  20
1107.7031
  40
8.0000
  1
# 424
  0
TEXT
  8
2
  10
8203.3740
  20
1247.7019
  40
8.0000
  1
# 423
  0
TEXT
  8
8
  10
8203.3740
  20
1247.7019
  40
8.0000
  1
# 423
  0
TEXT
  8
2
  10
8081.3452
  20
1217.6980
  40
8.0000
  1
# 1
  0
TEXT
  8
8
  10
8081.3452
  20
1217.6980
  40
8.0000
  1
# 1
  0
TEXT
  8
2
  10
8081.3501
  20
1087.7960
  40
8.0000
  1
# 1
  0
TEXT
  8
8
  10
8081.3501
  20
1087.7960
  40
8.0000
  1
# 1
  0
TEXT
  8
2
  10
7936.2412
  20
1217.6479
  40
8.0000
  1
# 1
  0
TEXT
  8
8
  10
7936.2412
  20
1217.6479
  40
8.0000
  1
# 1
  0
TEXT
  8
2
  10
7936.3838
  20
1087.6680
  40
8.0000
  1
# 1
  0
TEXT
  8
8
  10
7936.3838
  20
1087.6680
  40
8.0000
  1
# 1
  0
TEXT
  8
2
  10
7936.3843
  20
1087.6680
  40
8.0000
  1
# 1
  0
TEXT
  8
8
  10
7936.3843
  20
1087.6680
  40
8.0000
  1
# 1
  0
TEXT
  8
2
  10
8081.3496
  20
1087.7960
  40
8.0000
  1
# 425
  0
TEXT
  8
8
  10
8081.3496
  20
1087.7960
  40
8.0000
  1
# 425
  0
TEXT
  8
2
  10
8081.3447
  20
1217.6980
  40
8.0000
  1
# 425
  0
TEXT
  8
8
  10
8081.3447
  20
1217.6980
  40
8.0000
  1
# 425
  0
TEXT
  8
2
  10
7936.2417
  20
1217.6479
  40
8.0000
  1
# 1
  0
TEXT
  8
8
  10
7936.2417
  20
1217.6479
  40
8.0000
  1
# 1
  0
TEXT
  8
1
  10
7840.1240
  20
973.8303
  40
8.0000
  1
Piece Name: LINING FRONT 2P
  0
TEXT
  8
1
  10
7840.1240
  20
963.8303
  40
8.0000
  1
Size: 50
  0
TEXT
  8
1
  10
7840.1240
  20
953.8303
  40
8.0000
  1
Quantity: 1
  0
TEXT
  8
1
  10
7840.1240
  20
943.8303
  40
8.0000
  1
Annotation: 
  0
TEXT
  8
1
  10
7840.1240
  20
933.8303
  40
8.0000
  1
Category: 
  0
LINE
  8
7
  10
7896.8721
  20
1298.9430
  11
8246.2012
  21
1298.9430
  0
ENDBLK
  0
BLOCK
  8
1
  2
PIPING_POCKET_4P-S_50
  10
0.0000
  20
0.0000
70
0
  0
POLYLINE
  8
14
  66
1
  70
1
  0
VERTEX
  8
14
  10
8004.5308
  20
57.3110
  42
0.0000
  0
VERTEX
  8
14
  10
8004.5322
  20
62.3110
  42
0.0000
  0
VERTEX
  8
14
  10
8165.0352
  20
62.3110
  42
0.0000
  0
VERTEX
  8
14
  10
8165.0322
  20
52.3110
  42
0.0000
  0
VERTEX
  8
14
  10
8004.5269
  20
52.3110
  42
0.0000
  0
SEQEND
  0
POLYLINE
  8
1
  66
1
  70
1
  0
VERTEX
  8
1
  10
7994.5308
  20
57.3110
  42
0.0000
  0
VERTEX
  8
1
  10
7994.5308
  20
57.3113
  42
0.0000
  0
VERTEX
  8
1
  10
7994.5298
  20
72.3110
  42
0.0000
  0
VERTEX
  8
1
  10
8175.0342
  20
72.3110
  42
0.0000
  0
VERTEX
  8
1
  10
8175.0342
  20
57.3110
  42
0.0000
  0
VERTEX
  8
1
  10
8175.0342
  20
42.3110
  42
0.0000
  0
VERTEX
  8
1
  10
7994.5249
  20
42.3120
  42
0.0000
  0
SEQEND
  0
POINT
  8
2
  10
8004.5308
  20
57.3110
  0
POINT
  8
2
  10
8004.5322
  20
62.3110
  0
POINT
  8
2
  10
8165.0352
  20
62.3110
  0
POINT
  8
2
  10
8165.0322
  20
52.3110
  0
POINT
  8
2
  10
8004.5269
  20
52.3110
  0
POINT
  8
2
  10
7994.5308
  20
57.3110
  0
POINT
  8
2
  10
7994.5308
  20
57.3113
  0
POINT
  8
2
  10
7994.5298
  20
72.3110
  0
POINT
  8
2
  10
8175.0342
  20
72.3110
  0
POINT
  8
3
  10
8175.0342
  20
57.3110
  0
POINT
  8
2
  10
8175.0342
  20
42.3110
  0
POINT
  8
2
  10
7994.5249
  20
42.3120
  0
POINT
  8
4
  10
7994.5308
  20
57.3113
  30
10.0000
  50
-0.0115
  0
POINT
  8
4
  10
8175.0342
  20
57.3110
  30
10.0000
  50
179.9996
  0
TEXT
  8
2
  10
8004.5308
  20
57.3110
  40
8.0000
  1
# 1
  0
TEXT
  8
14
  10
8004.5308
  20
57.3110
  40
8.0000
  1
# 1
  0
TEXT
  8
2
  10
8004.5322
  20
62.3110
  40
8.0000
  1
# 1
  0
TEXT
  8
14
  10
8004.5322
  20
62.3110
  40
8.0000
  1
# 1
  0
TEXT
  8
2
  10
8165.0352
  20
62.3110
  40
8.0000
  1
# 426
  0
TEXT
  8
14
  10
8165.0352
  20
62.3110
  40
8.0000
  1
# 426
  0
TEXT
  8
2
  10
8165.0322
  20
52.3110
  40
8.0000
  1
# 427
  0
TEXT
  8
14
  10
8165.0322
  20
52.3110
  40
8.0000
  1
# 427
  0
TEXT
  8
2
  10
8004.5269
  20
52.3110
  40
8.0000
  1
# 1
  0
TEXT
  8
14
  10
8004.5269
  20
52.3110
  40
8.0000
  1
# 1
  0
TEXT
  8
2
  10
7994.5308
  20
57.3110
  40
8.0000
  1
# 1
  0
TEXT
  8
1
  10
7994.5308
  20
57.3110
  40
8.0000
  1
# 1
  0
TEXT
  8
2
  10
7994.5308
  20
57.3113
  40
8.0000
  1
# 304
  0
TEXT
  8
1
  10
7994.5308
  20
57.3113
  40
8.0000
  1
# 304
  0
TEXT
  8
2
  10
7994.5298
  20
72.3110
  40
8.0000
  1
# 1
  0
TEXT
  8
1
  10
7994.5298
  20
72.3110
  40
8.0000
  1
# 1
  0
TEXT
  8
2
  10
8175.0342
  20
72.3110
  40
8.0000
  1
# 428
  0
TEXT
  8
1
  10
8175.0342
  20
72.3110
  40
8.0000
  1
# 428
  0
TEXT
  8
3
  10
8175.0342
  20
57.3110
  40
8.0000
  1
# 429
  0
TEXT
  8
1
  10
8175.0342
  20
57.3110
  40
8.0000
  1
# 429
  0
TEXT
  8
2
  10
8175.0342
  20
42.3110
  40
8.0000
  1
# 430
  0
TEXT
  8
1
  10
8175.0342
  20
42.3110
  40
8.0000
  1
# 430
  0
TEXT
  8
2
  10
7994.5249
  20
42.3120
  40
8.0000
  1
# 1
  0
TEXT
  8
1
  10
7994.5249
  20
42.3120
  40
8.0000
  1
# 1
  0
TEXT
  8
4
  10
7994.5308
  20
57.3113
  40
8.0000
  1
# 304
  0
TEXT
  8
4
  10
8175.0342
  20
57.3110
  40
8.0000
  1
# 429
  0
TEXT
  8
1
  10
7990.6392
  20
32.8243
  40
8.0000
  1
Piece Name: PIPING POCKET 4P
  0
TEXT
  8
1
  10
7990.6392
  20
22.8243
  40
8.0000
  1
Size: 50
  0
TEXT
  8
1
  10
7990.6392
  20
12.8243
  40
8.0000
  1
Quantity: 1
  0
TEXT
  8
1
  10
7990.6392
  20
2.8243
  40
8.0000
  1
Annotation: 
  0
TEXT
  8
1
  10
7990.6392
  20
-7.1757
  40
8.0000
  1
Category: 
  0
LINE
  8
7
  10
8018.7422
  20
57.3110
  11
8148.8262
  21
57.3110
  0
ENDBLK
  0
BLOCK
  8
1
  2
LINING_POCKET_4P-S_50
  10
0.0000
  20
0.0000
70
0
  0
POLYLINE
  8
14
  66
1
  70
1
  0
VERTEX
  8
14
  10
7911.0908
  20
1081.0920
  42
0.0000
  0
VERTEX
  8
14
  10
7909.2588
  20
1089.9280
  42
0.0000
  0
VERTEX
  8
14
  10
7906.7969
  20
1098.6090
  42
0.0000
  0
VERTEX
  8
14
  10
7900.9438
  20
1115.6790
  42
0.0000
  0
VERTEX
  8
14
  10
7894.4819
  20
1132.5260
  42
0.0000
  0
VERTEX
  8
14
  10
7888.9131
  20
1147.2531
  42
0.0000
  0
VERTEX
  8
14
  10
7883.8369
  20
1162.1550
  42
0.0000
  0
VERTEX
  8
14
  10
7880.4849
  20
1173.4130
  42
0.0000
  0
VERTEX
  8
14
  10
7877.6382
  20
1184.8090
  42
0.0000
  0
VERTEX
  8
14
  10
7875.6460
  20
1195.8950
  42
0.0000
  0
VERTEX
  8
14
  10
7874.5708
  20
1207.1071
  42
0.0000
  0
VERTEX
  8
14
  10
7874.5469
  20
1216.0470
  42
0.0000
  0
VERTEX
  8
14
  10
7875.4502
  20
1224.9410
  42
0.0000
  0
VERTEX
  8
14
  10
7876.8130
  20
1231.8280
  42
0.0000
  0
VERTEX
  8
14
  10
7878.9668
  20
1238.5081
  42
0.0000
  0
VERTEX
  8
14
  10
7881.8862
  20
1244.8920
  42
0.0000
  0
VERTEX
  8
14
  10
7885.7798
  20
1251.2810
  42
0.0000
  0
VERTEX
  8
14
  10
7890.3481
  20
1257.2050
  42
0.0000
  0
VERTEX
  8
14
  10
7895.5361
  20
1262.5950
  42
0.0000
  0
VERTEX
  8
14
  10
7900.3779
  20
1266.6970
  42
0.0000
  0
VERTEX
  8
14
  10
7905.5239
  20
1270.4120
  42
0.0000
  0
VERTEX
  8
14
  10
7911.5698
  20
1274.1340
  42
0.0000
  0
VERTEX
  8
14
  10
7917.8589
  20
1277.4280
  42
0.0000
  0
VERTEX
  8
14
  10
7925.2300
  20
1280.6350
  42
0.0000
  0
VERTEX
  8
14
  10
7932.7178
  20
1283.5590
  42
0.0000
  0
VERTEX
  8
14
  10
7938.3750
  20
1285.4840
  42
0.0000
  0
VERTEX
  8
14
  10
7944.1230
  20
1287.1169
  42
0.0000
  0
VERTEX
  8
14
  10
7962.1631
  20
1289.3719
  42
0.0000
  0
VERTEX
  8
14
  10
7980.3330
  20
1289.9840
  42
0.0000
  0
VERTEX
  8
14
  10
7995.9648
  20
1288.9760
  42
0.0000
  0
VERTEX
  8
14
  10
8011.4038
  20
1286.3280
  42
0.0000
  0
VERTEX
  8
14
  10
8020.5098
  20
1283.6860
  42
0.0000
  0
VERTEX
  8
14
  10
8029.3101
  20
1280.1600
  42
0.0000
  0
VERTEX
  8
14
  10
8037.7222
  20
1275.7850
  42
0.0000
  0
VERTEX
  8
14
  10
8045.5942
  20
1270.5909
  42
0.0000
  0
VERTEX
  8
14
  10
8052.9121
  20
1264.6450
  42
0.0000
  0
VERTEX
  8
14
  10
8059.6069
  20
1258.0031
  42
0.0000
  0
VERTEX
  8
14
  10
8069.2339
  20
1245.8270
  42
0.0000
  0
VERTEX
  8
14
  10
8077.4092
  20
1232.6320
  42
0.0000
  0
VERTEX
  8
14
  10
8085.2690
  20
1216.3040
  42
0.0000
  0
VERTEX
  8
14
  10
8091.4980
  20
1199.2870
  42
0.0000
  0
VERTEX
  8
14
  10
8097.4141
  20
1178.6080
  42
0.0000
  0
VERTEX
  8
14
  10
8102.1992
  20
1157.6400
  42
0.0000
  0
VERTEX
  8
14
  10
8106.6138
  20
1132.5630
  42
0.0000
  0
VERTEX
  8
14
  10
8109.8740
  20
1107.3110
  42
0.0000
  0
VERTEX
  8
14
  10
8090.0439
  20
1104.6960
  42
0.0000
  0
VERTEX
  8
14
  10
7930.9180
  20
1083.7080
  42
0.0000
  0
SEQEND
  0
POLYLINE
  8
1
  66
1
  70
1
  0
VERTEX
  8
1
  10
7903.0171
  20
1069.9410
  42
0.0000
  0
VERTEX
  8
1
  10
7902.1401
  20
1074.5900
  42
0.0000
  0
VERTEX
  8
1
  10
7901.2632
  20
1079.2390
  42
0.0000
  0
VERTEX
  8
1
  10
7899.5581
  20
1087.4850
  42
0.0000
  0
VERTEX
  8
1
  10
7897.2651
  20
1095.5820
  42
0.0000
  0
VERTEX
  8
1
  10
7890.1372
  20
1116.0330
  42
0.0000
  0
VERTEX
  8
1
  10
7882.3218
  20
1136.2260
  42
0.0000
  0
VERTEX
  8
1
  10
7878.1719
  20
1147.6710
  42
0.0000
  0
VERTEX
  8
1
  10
7874.2842
  20
1159.1990
  42
0.0000
  0
VERTEX
  8
1
  10
7870.8271
  20
1170.8180
  42
0.0000
  0
VERTEX
  8
1
  10
7867.9380
  20
1182.5820
  42
0.0000
  0
VERTEX
  8
1
  10
7865.9771
  20
1193.0120
  42
0.0000
  0
VERTEX
  8
1
  10
7864.7808
  20
1203.5520
  42
0.0000
  0
VERTEX
  8
1
  10
7864.4658
  20
1213.7740
  42
0.0000
  0
VERTEX
  8
1
  10
7865.2158
  20
1223.9720
  42
0.0000
  0
VERTEX
  8
1
  10
7866.6929
  20
1232.5850
  42
0.0000
  0
VERTEX
  8
1
  10
7869.1948
  20
1240.9690
  42
0.0000
  0
VERTEX
  8
1
  10
7872.3809
  20
1248.2520
  42
0.0000
  0
VERTEX
  8
1
  10
7876.3340
  20
1255.1591
  42
0.0000
  0
VERTEX
  8
1
  10
7882.0049
  20
1262.8480
  42
0.0000
  0
VERTEX
  8
1
  10
7888.5859
  20
1269.7850
  42
0.0000
  0
VERTEX
  8
1
  10
7895.5972
  20
1275.6140
  42
0.0000
  0
VERTEX
  8
1
  10
7903.1338
  20
1280.7550
  42
0.0000
  0
VERTEX
  8
1
  10
7912.0762
  20
1285.7150
  42
0.0000
  0
VERTEX
  8
1
  10
7921.4180
  20
1289.8790
  42
0.0000
  0
VERTEX
  8
1
  10
7931.5649
  20
1293.7300
  42
0.0000
  0
VERTEX
  8
1
  10
7941.9639
  20
1296.8810
  42
0.0000
  0
VERTEX
  8
1
  10
7949.3242
  20
1298.0240
  42
0.0000
  0
VERTEX
  8
1
  10
7956.7329
  20
1298.9220
  42
0.0000
  0
VERTEX
  8
1
  10
7966.2979
  20
1299.6720
  42
0.0000
  0
VERTEX
  8
1
  10
7975.9019
  20
1299.9850
  42
0.0000
  0
VERTEX
  8
1
  10
7984.5068
  20
1299.8831
  42
0.0000
  0
VERTEX
  8
1
  10
7993.1089
  20
1299.3280
  42
0.0000
  0
VERTEX
  8
1
  10
8003.4370
  20
1298.0240
  42
0.0000
  0
VERTEX
  8
1
  10
8013.6768
  20
1296.0660
  42
0.0000
  0
VERTEX
  8
1
  10
8023.6660
  20
1293.1750
  42
0.0000
  0
VERTEX
  8
1
  10
8033.3330
  20
1289.3180
  42
0.0000
  0
VERTEX
  8
1
  10
8042.6030
  20
1284.5129
  42
0.0000
  0
VERTEX
  8
1
  10
8054.0732
  20
1276.7130
  42
0.0000
  0
VERTEX
  8
1
  10
8064.4502
  20
1267.4420
  42
0.0000
  0
VERTEX
  8
1
  10
8075.0620
  20
1254.8320
  42
0.0000
  0
VERTEX
  8
1
  10
8084.1509
  20
1241.0470
  42
0.0000
  0
VERTEX
  8
1
  10
8092.6592
  20
1224.3669
  42
0.0000
  0
VERTEX
  8
1
  10
8099.5288
  20
1206.9210
  42
0.0000
  0
VERTEX
  8
1
  10
8105.7720
  20
1186.1160
  42
0.0000
  0
VERTEX
  8
1
  10
8110.8892
  20
1164.9950
  42
0.0000
  0
VERTEX
  8
1
  10
8116.0420
  20
1136.8190
  42
0.0000
  0
VERTEX
  8
1
  10
8119.8110
  20
1108.4210
  42
0.0000
  0
VERTEX
  8
1
  10
8120.8979
  20
1098.6790
  42
0.0000
  0
VERTEX
  8
1
  10
8111.1802
  20
1097.3970
  42
0.0000
  0
VERTEX
  8
1
  10
8091.3521
  20
1094.7820
  42
0.0000
  0
VERTEX
  8
1
  10
8091.3516
  20
1094.7820
  42
0.0000
  0
VERTEX
  8
1
  10
7932.2251
  20
1073.7930
  42
0.0000
  0
VERTEX
  8
1
  10
7932.2246
  20
1073.7930
  42
0.0000
  0
VERTEX
  8
1
  10
7912.3970
  20
1071.1780
  42
0.0000
  0
VERTEX
  8
1
  10
7907.7070
  20
1070.5601
  42
0.0000
  0
SEQEND
  0
POINT
  8
2
  10
7911.0908
  20
1081.0920
  0
POINT
  8
3
  10
7909.2588
  20
1089.9280
  0
POINT
  8
3
  10
7906.7969
  20
1098.6090
  0
POINT
  8
3
  10
7900.9438
  20
1115.6790
  0
POINT
  8
3
  10
7894.4819
  20
1132.5260
  0
POINT
  8
3
  10
7888.9131
  20
1147.2531
  0
POINT
  8
3
  10
7883.8369
  20
1162.1550
  0
POINT
  8
3
  10
7880.4849
  20
1173.4130
  0
POINT
  8
3
  10
7877.6382
  20
1184.8090
  0
POINT
  8
3
  10
7875.6460
  20
1195.8950
  0
POINT
  8
3
  10
7874.5708
  20
1207.1071
  0
POINT
  8
3
  10
7874.5469
  20
1216.0470
  0
POINT
  8
3
  10
7875.4502
  20
1224.9410
  0
POINT
  8
3
  10
7876.8130
  20
1231.8280
  0
POINT
  8
3
  10
7878.9668
  20
1238.5081
  0
POINT
  8
3
  10
7881.8862
  20
1244.8920
  0
POINT
  8
3
  10
7885.7798
  20
1251.2810
  0
POINT
  8
3
  10
7890.3481
  20
1257.2050
  0
POINT
  8
3
  10
7895.5361
  20
1262.5950
  0
POINT
  8
3
  10
7900.3779
  20
1266.6970
  0
POINT
  8
3
  10
7905.5239
  20
1270.4120
  0
POINT
  8
3
  10
7911.5698
  20
1274.1340
  0
POINT
  8
3
  10
7917.8589
  20
1277.4280
  0
POINT
  8
3
  10
7925.2300
  20
1280.6350
  0
POINT
  8
3
  10
7932.7178
  20
1283.5590
  0
POINT
  8
3
  10
7938.3750
  20
1285.4840
  0
POINT
  8
2
  10
7944.1230
  20
1287.1169
  0
POINT
  8
3
  10
7962.1631
  20
1289.3719
  0
POINT
  8
3
  10
7980.3330
  20
1289.9840
  0
POINT
  8
3
  10
7995.9648
  20
1288.9760
  0
POINT
  8
3
  10
8011.4038
  20
1286.3280
  0
POINT
  8
3
  10
8020.5098
  20
1283.6860
  0
POINT
  8
3
  10
8029.3101
  20
1280.1600
  0
POINT
  8
3
  10
8037.7222
  20
1275.7850
  0
POINT
  8
3
  10
8045.5942
  20
1270.5909
  0
POINT
  8
3
  10
8052.9121
  20
1264.6450
  0
POINT
  8
3
  10
8059.6069
  20
1258.0031
  0
POINT
  8
3
  10
8069.2339
  20
1245.8270
  0
POINT
  8
3
  10
8077.4092
  20
1232.6320
  0
POINT
  8
3
  10
8085.2690
  20
1216.3040
  0
POINT
  8
3
  10
8091.4980
  20
1199.2870
  0
POINT
  8
3
  10
8097.4141
  20
1178.6080
  0
POINT
  8
3
  10
8102.1992
  20
1157.6400
  0
POINT
  8
3
  10
8106.6138
  20
1132.5630
  0
POINT
  8
2
  10
8109.8740
  20
1107.3110
  0
POINT
  8
3
  10
8090.0439
  20
1104.6960
  0
POINT
  8
3
  10
7930.9180
  20
1083.7080
  0
POINT
  8
2
  10
7903.0171
  20
1069.9410
  0
POINT
  8
3
  10
7902.1401
  20
1074.5900
  0
POINT
  8
3
  10
7901.2632
  20
1079.2390
  0
POINT
  8
3
  10
7899.5581
  20
1087.4850
  0
POINT
  8
3
  10
7897.2651
  20
1095.5820
  0
POINT
  8
3
  10
7890.1372
  20
1116.0330
  0
POINT
  8
3
  10
7882.3218
  20
1136.2260
  0
POINT
  8
3
  10
7878.1719
  20
1147.6710
  0
POINT
  8
3
  10
7874.2842
  20
1159.1990
  0
POINT
  8
3
  10
7870.8271
  20
1170.8180
  0
POINT
  8
3
  10
7867.9380
  20
1182.5820
  0
POINT
  8
3
  10
7865.9771
  20
1193.0120
  0
POINT
  8
3
  10
7864.7808
  20
1203.5520
  0
POINT
  8
3
  10
7864.4658
  20
1213.7740
  0
POINT
  8
3
  10
7865.2158
  20
1223.9720
  0
POINT
  8
3
  10
7866.6929
  20
1232.5850
  0
POINT
  8
3
  10
7869.1948
  20
1240.9690
  0
POINT
  8
3
  10
7872.3809
  20
1248.2520
  0
POINT
  8
3
  10
7876.3340
  20
1255.1591
  0
POINT
  8
3
  10
7882.0049
  20
1262.8480
  0
POINT
  8
3
  10
7888.5859
  20
1269.7850
  0
POINT
  8
3
  10
7895.5972
  20
1275.6140
  0
POINT
  8
3
  10
7903.1338
  20
1280.7550
  0
POINT
  8
3
  10
7912.0762
  20
1285.7150
  0
POINT
  8
3
  10
7921.4180
  20
1289.8790
  0
POINT
  8
3
  10
7931.5649
  20
1293.7300
  0
POINT
  8
3
  10
7941.9639
  20
1296.8810
  0
POINT
  8
3
  10
7949.3242
  20
1298.0240
  0
POINT
  8
3
  10
7956.7329
  20
1298.9220
  0
POINT
  8
3
  10
7966.2979
  20
1299.6720
  0
POINT
  8
3
  10
7975.9019
  20
1299.9850
  0
POINT
  8
3
  10
7984.5068
  20
1299.8831
  0
POINT
  8
3
  10
7993.1089
  20
1299.3280
  0
POINT
  8
3
  10
8003.4370
  20
1298.0240
  0
POINT
  8
3
  10
8013.6768
  20
1296.0660
  0
POINT
  8
3
  10
8023.6660
  20
1293.1750
  0
POINT
  8
3
  10
8033.3330
  20
1289.3180
  0
POINT
  8
3
  10
8042.6030
  20
1284.5129
  0
POINT
  8
3
  10
8054.0732
  20
1276.7130
  0
POINT
  8
3
  10
8064.4502
  20
1267.4420
  0
POINT
  8
3
  10
8075.0620
  20
1254.8320
  0
POINT
  8
3
  10
8084.1509
  20
1241.0470
  0
POINT
  8
3
  10
8092.6592
  20
1224.3669
  0
POINT
  8
3
  10
8099.5288
  20
1206.9210
  0
POINT
  8
3
  10
8105.7720
  20
1186.1160
  0
POINT
  8
3
  10
8110.8892
  20
1164.9950
  0
POINT
  8
3
  10
8116.0420
  20
1136.8190
  0
POINT
  8
3
  10
8119.8110
  20
1108.4210
  0
POINT
  8
2
  10
8120.8979
  20
1098.6790
  0
POINT
  8
3
  10
8111.1802
  20
1097.3970
  0
POINT
  8
2
  10
8091.3521
  20
1094.7820
  0
POINT
  8
2
  10
8091.3516
  20
1094.7820
  0
POINT
  8
2
  10
7932.2251
  20
1073.7930
  0
POINT
  8
2
  10
7932.2246
  20
1073.7930
  0
POINT
  8
3
  10
7912.3970
  20
1071.1780
  0
POINT
  8
3
  10
7907.7070
  20
1070.5601
  0
POINT
  8
4
  10
8091.3516
  20
1094.7820
  30
10.0000
  50
97.0951
  0
POINT
  8
4
  10
7932.2246
  20
1073.7930
  30
10.0000
  50
97.4885
  0
TEXT
  8
2
  10
7911.0908
  20
1081.0920
  40
8.0000
  1
# 1
  0
TEXT
  8
14
  10
7911.0908
  20
1081.0920
  40
8.0000
  1
# 1
  0
TEXT
  8
3
  10
7877.6382
  20
1184.8090
  40
8.0000
  1
# 1
  0
TEXT
  8
14
  10
7877.6382
  20
1184.8090
  40
8.0000
  1
# 1
  0
TEXT
  8
2
  10
7944.1230
  20
1287.1169
  40
8.0000
  1
# 431
  0
TEXT
  8
14
  10
7944.1230
  20
1287.1169
  40
8.0000
  1
# 431
  0
TEXT
  8
2
  10
8109.8740
  20
1107.3110
  40
8.0000
  1
# 432
  0
TEXT
  8
14
  10
8109.8740
  20
1107.3110
  40
8.0000
  1
# 432
  0
TEXT
  8
3
  10
8090.0439
  20
1104.6960
  40
8.0000
  1
# 158
  0
TEXT
  8
14
  10
8090.0439
  20
1104.6960
  40
8.0000
  1
# 158
  0
TEXT
  8
3
  10
7930.9180
  20
1083.7080
  40
8.0000
  1
# 1
  0
TEXT
  8
14
  10
7930.9180
  20
1083.7080
  40
8.0000
  1
# 1
  0
TEXT
  8
2
  10
7903.0171
  20
1069.9410
  40
8.0000
  1
# 433
  0
TEXT
  8
1
  10
7903.0171
  20
1069.9410
  40
8.0000
  1
# 433
  0
TEXT
  8
3
  10
7867.9380
  20
1182.5820
  40
8.0000
  1
# 434
  0
TEXT
  8
1
  10
7867.9380
  20
1182.5820
  40
8.0000
  1
# 434
  0
TEXT
  8
3
  10
7941.9639
  20
1296.8810
  40
8.0000
  1
# 435
  0
TEXT
  8
1
  10
7941.9639
  20
1296.8810
  40
8.0000
  1
# 435
  0
TEXT
  8
3
  10
8119.8110
  20
1108.4210
  40
8.0000
  1
# 436
  0
TEXT
  8
1
  10
8119.8110
  20
1108.4210
  40
8.0000
  1
# 436
  0
TEXT
  8
2
  10
8120.8979
  20
1098.6790
  40
8.0000
  1
# 437
  0
TEXT
  8
1
  10
8120.8979
  20
1098.6790
  40
8.0000
  1
# 437
  0
TEXT
  8
3
  10
8111.1802
  20
1097.3970
  40
8.0000
  1
# 438
  0
TEXT
  8
1
  10
8111.1802
  20
1097.3970
  40
8.0000
  1
# 438
  0
TEXT
  8
2
  10
8091.3521
  20
1094.7820
  40
8.0000
  1
# 439
  0
TEXT
  8
1
  10
8091.3521
  20
1094.7820
  40
8.0000
  1
# 439
  0
TEXT
  8
2
  10
8091.3516
  20
1094.7820
  40
8.0000
  1
# 440
  0
TEXT
  8
1
  10
8091.3516
  20
1094.7820
  40
8.0000
  1
# 440
  0
TEXT
  8
2
  10
7932.2251
  20
1073.7930
  40
8.0000
  1
# 441
  0
TEXT
  8
1
  10
7932.2251
  20
1073.7930
  40
8.0000
  1
# 441
  0
TEXT
  8
2
  10
7932.2246
  20
1073.7930
  40
8.0000
  1
# 441
  0
TEXT
  8
1
  10
7932.2246
  20
1073.7930
  40
8.0000
  1
# 441
  0
TEXT
  8
4
  10
8091.3516
  20
1094.7820
  40
8.0000
  1
# 440
  0
TEXT
  8
4
  10
7932.2246
  20
1073.7930
  40
8.0000
  1
# 441
  0
TEXT
  8
1
  10
7864.4658
  20
1059.9408
  40
8.0000
  1
Piece Name: LINING POCKET 4P
  0
TEXT
  8
1
  10
7864.4658
  20
1049.9408
  40
8.0000
  1
Size: 50
  0
TEXT
  8
1
  10
7864.4658
  20
1039.9408
  40
8.0000
  1
Quantity: 1
  0
TEXT
  8
1
  10
7864.4658
  20
1029.9408
  40
8.0000
  1
Annotation: 
  0
TEXT
  8
1
  10
7864.4658
  20
1019.9408
  40
8.0000
  1
Category: 
  0
LINE
  8
7
  10
7903.6660
  20
1180.2920
  11
8053.6211
  21
1180.2920
  0
ENDBLK
  0
BLOCK
  8
1
  2
FACING_PCK_2P-S_50
  10
0.0000
  20
0.0000
70
0
  0
POLYLINE
  8
14
  66
1
  70
1
  0
VERTEX
  8
14
  10
7911.0898
  20
1081.0920
  42
0.0000
  0
VERTEX
  8
14
  10
7909.9692
  20
1086.8170
  42
0.0000
  0
VERTEX
  8
14
  10
7908.5918
  20
1092.4860
  42
0.0000
  0
VERTEX
  8
14
  10
7906.7749
  20
1098.7760
  42
0.0000
  0
VERTEX
  8
14
  10
7904.7061
  20
1104.9880
  42
0.0000
  0
VERTEX
  8
14
  10
7899.8599
  20
1118.3990
  42
0.0000
  0
VERTEX
  8
14
  10
7892.0210
  20
1139.0970
  42
0.0000
  0
VERTEX
  8
14
  10
8100.3081
  20
1166.5690
  42
0.0000
  0
VERTEX
  8
14
  10
8103.5352
  20
1150.1090
  42
0.0000
  0
VERTEX
  8
14
  10
8106.3931
  20
1133.5850
  42
0.0000
  0
VERTEX
  8
14
  10
8108.3188
  20
1120.4709
  42
0.0000
  0
VERTEX
  8
14
  10
8109.8730
  20
1107.3110
  42
0.0000
  0
VERTEX
  8
14
  10
8090.0439
  20
1104.6960
  42
0.0000
  0
VERTEX
  8
14
  10
7930.9180
  20
1083.7080
  42
0.0000
  0
SEQEND
  0
POLYLINE
  8
1
  66
1
  70
1
  0
VERTEX
  8
1
  10
7903.0801
  20
1069.9490
  42
0.0000
  0
VERTEX
  8
1
  10
7902.1782
  20
1074.5610
  42
0.0000
  0
VERTEX
  8
1
  10
7901.2759
  20
1079.1720
  42
0.0000
  0
VERTEX
  8
1
  10
7899.4990
  20
1087.5551
  42
0.0000
  0
VERTEX
  8
1
  10
7897.2222
  20
1095.8101
  42
0.0000
  0
VERTEX
  8
1
  10
7890.1621
  20
1115.7679
  42
0.0000
  0
VERTEX
  8
1
  10
7882.6699
  20
1135.5560
  42
0.0000
  0
VERTEX
  8
1
  10
7880.4360
  20
1141.4580
  42
0.0000
  0
VERTEX
  8
1
  10
7878.2012
  20
1147.3610
  42
0.0000
  0
VERTEX
  8
1
  10
8108.3120
  20
1177.7111
  42
0.0000
  0
VERTEX
  8
1
  10
8109.2148
  20
1173.1030
  42
0.0000
  0
VERTEX
  8
1
  10
8110.1191
  20
1168.4940
  42
0.0000
  0
VERTEX
  8
1
  10
8113.3799
  20
1151.8610
  42
0.0000
  0
VERTEX
  8
1
  10
8116.2671
  20
1135.1639
  42
0.0000
  0
VERTEX
  8
1
  10
8118.2241
  20
1121.8459
  42
0.0000
  0
VERTEX
  8
1
  10
8119.8032
  20
1108.4830
  42
0.0000
  0
VERTEX
  8
1
  10
8120.3818
  20
1103.5850
  42
0.0000
  0
VERTEX
  8
1
  10
8120.9600
  20
1098.6870
  42
0.0000
  0
VERTEX
  8
1
  10
8091.3511
  20
1094.7820
  42
0.0000
  0
VERTEX
  8
1
  10
8091.0259
  20
1094.7390
  42
0.0000
  0
VERTEX
  8
1
  10
7932.2251
  20
1073.7930
  42
0.0000
  0
VERTEX
  8
1
  10
7932.2246
  20
1073.7930
  42
0.0000
  0
VERTEX
  8
1
  10
7912.3970
  20
1071.1780
  42
0.0000
  0
VERTEX
  8
1
  10
7907.7378
  20
1070.5640
  42
0.0000
  0
SEQEND
  0
POINT
  8
2
  10
7911.0898
  20
1081.0920
  0
POINT
  8
3
  10
7909.9692
  20
1086.8170
  0
POINT
  8
3
  10
7908.5918
  20
1092.4860
  0
POINT
  8
3
  10
7906.7749
  20
1098.7760
  0
POINT
  8
3
  10
7904.7061
  20
1104.9880
  0
POINT
  8
3
  10
7899.8599
  20
1118.3990
  0
POINT
  8
2
  10
7892.0210
  20
1139.0970
  0
POINT
  8
2
  10
8100.3081
  20
1166.5690
  0
POINT
  8
3
  10
8103.5352
  20
1150.1090
  0
POINT
  8
3
  10
8106.3931
  20
1133.5850
  0
POINT
  8
3
  10
8108.3188
  20
1120.4709
  0
POINT
  8
2
  10
8109.8730
  20
1107.3110
  0
POINT
  8
3
  10
8090.0439
  20
1104.6960
  0
POINT
  8
3
  10
7930.9180
  20
1083.7080
  0
POINT
  8
2
  10
7903.0801
  20
1069.9490
  0
POINT
  8
3
  10
7902.1782
  20
1074.5610
  0
POINT
  8
3
  10
7901.2759
  20
1079.1720
  0
POINT
  8
3
  10
7899.4990
  20
1087.5551
  0
POINT
  8
3
  10
7897.2222
  20
1095.8101
  0
POINT
  8
3
  10
7890.1621
  20
1115.7679
  0
POINT
  8
3
  10
7882.6699
  20
1135.5560
  0
POINT
  8
3
  10
7880.4360
  20
1141.4580
  0
POINT
  8
2
  10
7878.2012
  20
1147.3610
  0
POINT
  8
2
  10
8108.3120
  20
1177.7111
  0
POINT
  8
3
  10
8109.2148
  20
1173.1030
  0
POINT
  8
3
  10
8110.1191
  20
1168.4940
  0
POINT
  8
3
  10
8113.3799
  20
1151.8610
  0
POINT
  8
3
  10
8116.2671
  20
1135.1639
  0
POINT
  8
3
  10
8118.2241
  20
1121.8459
  0
POINT
  8
3
  10
8119.8032
  20
1108.4830
  0
POINT
  8
3
  10
8120.3818
  20
1103.5850
  0
POINT
  8
2
  10
8120.9600
  20
1098.6870
  0
POINT
  8
3
  10
8091.3511
  20
1094.7820
  0
POINT
  8
3
  10
8091.0259
  20
1094.7390
  0
POINT
  8
2
  10
7932.2251
  20
1073.7930
  0
POINT
  8
2
  10
7932.2246
  20
1073.7930
  0
POINT
  8
3
  10
7912.3970
  20
1071.1780
  0
POINT
  8
3
  10
7907.7378
  20
1070.5640
  0
POINT
  8
4
  10
8091.0259
  20
1094.7390
  30
10.0000
  50
95.6322
  0
POINT
  8
4
  10
7932.2246
  20
1073.7930
  30
10.0000
  50
97.4590
  0
TEXT
  8
2
  10
7911.0898
  20
1081.0920
  40
8.0000
  1
# 1
  0
TEXT
  8
14
  10
7911.0898
  20
1081.0920
  40
8.0000
  1
# 1
  0
TEXT
  8
2
  10
7892.0210
  20
1139.0970
  40
8.0000
  1
# 1
  0
TEXT
  8
14
  10
7892.0210
  20
1139.0970
  40
8.0000
  1
# 1
  0
TEXT
  8
2
  10
8100.3081
  20
1166.5690
  40
8.0000
  1
# 432
  0
TEXT
  8
14
  10
8100.3081
  20
1166.5690
  40
8.0000
  1
# 432
  0
TEXT
  8
2
  10
8109.8730
  20
1107.3110
  40
8.0000
  1
# 432
  0
TEXT
  8
14
  10
8109.8730
  20
1107.3110
  40
8.0000
  1
# 432
  0
TEXT
  8
3
  10
8090.0439
  20
1104.6960
  40
8.0000
  1
# 438
  0
TEXT
  8
14
  10
8090.0439
  20
1104.6960
  40
8.0000
  1
# 438
  0
TEXT
  8
3
  10
7930.9180
  20
1083.7080
  40
8.0000
  1
# 1
  0
TEXT
  8
14
  10
7930.9180
  20
1083.7080
  40
8.0000
  1
# 1
  0
TEXT
  8
2
  10
7903.0801
  20
1069.9490
  40
8.0000
  1
# 442
  0
TEXT
  8
1
  10
7903.0801
  20
1069.9490
  40
8.0000
  1
# 442
  0
TEXT
  8
2
  10
7878.2012
  20
1147.3610
  40
8.0000
  1
# 443
  0
TEXT
  8
1
  10
7878.2012
  20
1147.3610
  40
8.0000
  1
# 443
  0
TEXT
  8
2
  10
8108.3120
  20
1177.7111
  40
8.0000
  1
# 444
  0
TEXT
  8
1
  10
8108.3120
  20
1177.7111
  40
8.0000
  1
# 444
  0
TEXT
  8
2
  10
8120.9600
  20
1098.6870
  40
8.0000
  1
# 158
  0
TEXT
  8
1
  10
8120.9600
  20
1098.6870
  40
8.0000
  1
# 158
  0
TEXT
  8
3
  10
8091.3511
  20
1094.7820
  40
8.0000
  1
# 445
  0
TEXT
  8
1
  10
8091.3511
  20
1094.7820
  40
8.0000
  1
# 445
  0
TEXT
  8
3
  10
8091.0259
  20
1094.7390
  40
8.0000
  1
# 446
  0
TEXT
  8
1
  10
8091.0259
  20
1094.7390
  40
8.0000
  1
# 446
  0
TEXT
  8
2
  10
7932.2251
  20
1073.7930
  40
8.0000
  1
# 447
  0
TEXT
  8
1
  10
7932.2251
  20
1073.7930
  40
8.0000
  1
# 447
  0
TEXT
  8
2
  10
7932.2246
  20
1073.7930
  40
8.0000
  1
# 447
  0
TEXT
  8
1
  10
7932.2246
  20
1073.7930
  40
8.0000
  1
# 447
  0
TEXT
  8
4
  10
8091.0259
  20
1094.7390
  40
8.0000
  1
# 446
  0
TEXT
  8
4
  10
7932.2246
  20
1073.7930
  40
8.0000
  1
# 447
  0
TEXT
  8
1
  10
7878.1992
  20
1059.9492
  40
8.0000
  1
Piece Name: FACING PCK 2P
  0
TEXT
  8
1
  10
7878.1992
  20
1049.9492
  40
8.0000
  1
Size: 50
  0
TEXT
  8
1
  10
7878.1992
  20
1039.9492
  40
8.0000
  1
Quantity: 1
  0
TEXT
  8
1
  10
7878.1992
  20
1029.9492
  40
8.0000
  1
Annotation: 
  0
TEXT
  8
1
  10
7878.1992
  20
1019.9492
  40
8.0000
  1
Category: 
  0
LINE
  8
7
  10
7945.0718
  20
1122.0551
  11
8056.5659
  21
1122.0551
  0
ENDBLK
  0
BLOCK
  8
1
  2
LIN.INS.PCK_LFT_1P-S_50
  10
0.0000
  20
0.0000
70
0
  0
POLYLINE
  8
14
  66
1
  70
1
  0
VERTEX
  8
14
  10
1125.0000
  20
-10188.7939
  42
0.0000
  0
VERTEX
  8
14
  10
1125.0000
  20
-10318.7959
  42
0.0000
  0
VERTEX
  8
14
  10
1010.0000
  20
-10318.7959
  42
0.0000
  0
VERTEX
  8
14
  10
1010.0000
  20
-10188.7959
  42
0.0000
  0
SEQEND
  0
POLYLINE
  8
1
  66
1
  70
1
  0
VERTEX
  8
1
  10
1135.0000
  20
-10178.7939
  42
0.0000
  0
VERTEX
  8
1
  10
1135.0000
  20
-10328.7959
  42
0.0000
  0
VERTEX
  8
1
  10
1000.0000
  20
-10328.7959
  42
0.0000
  0
VERTEX
  8
1
  10
1000.0000
  20
-10178.7959
  42
0.0000
  0
SEQEND
  0
POINT
  8
2
  10
1125.0000
  20
-10188.7939
  0
POINT
  8
2
  10
1125.0000
  20
-10318.7959
  0
POINT
  8
2
  10
1010.0000
  20
-10318.7959
  0
POINT
  8
2
  10
1010.0000
  20
-10188.7959
  0
POINT
  8
2
  10
1135.0000
  20
-10178.7939
  0
POINT
  8
2
  10
1135.0000
  20
-10328.7959
  0
POINT
  8
2
  10
1000.0000
  20
-10328.7959
  0
POINT
  8
2
  10
1000.0000
  20
-10178.7959
  0
TEXT
  8
2
  10
1125.0000
  20
-10188.7939
  40
8.0000
  1
# 1
  0
TEXT
  8
14
  10
1125.0000
  20
-10188.7939
  40
8.0000
  1
# 1
  0
TEXT
  8
2
  10
1125.0000
  20
-10318.7959
  40
8.0000
  1
# 1
  0
TEXT
  8
14
  10
1125.0000
  20
-10318.7959
  40
8.0000
  1
# 1
  0
TEXT
  8
2
  10
1010.0000
  20
-10318.7959
  40
8.0000
  1
# 1
  0
TEXT
  8
14
  10
1010.0000
  20
-10318.7959
  40
8.0000
  1
# 1
  0
TEXT
  8
2
  10
1010.0000
  20
-10188.7959
  40
8.0000
  1
# 1
  0
TEXT
  8
14
  10
1010.0000
  20
-10188.7959
  40
8.0000
  1
# 1
  0
TEXT
  8
2
  10
1135.0000
  20
-10178.7939
  40
8.0000
  1
# 1
  0
TEXT
  8
1
  10
1135.0000
  20
-10178.7939
  40
8.0000
  1
# 1
  0
TEXT
  8
2
  10
1135.0000
  20
-10328.7959
  40
8.0000
  1
# 1
  0
TEXT
  8
1
  10
1135.0000
  20
-10328.7959
  40
8.0000
  1
# 1
  0
TEXT
  8
2
  10
1000.0000
  20
-10328.7959
  40
8.0000
  1
# 1
  0
TEXT
  8
1
  10
1000.0000
  20
-10328.7959
  40
8.0000
  1
# 1
  0
TEXT
  8
2
  10
1000.0000
  20
-10178.7959
  40
8.0000
  1
# 1
  0
TEXT
  8
1
  10
1000.0000
  20
-10178.7959
  40
8.0000
  1
# 1
  0
TEXT
  8
1
  10
999.9995
  20
-10338.7939
  40
8.0000
  1
Piece Name: LIN.INS.PCK LFT 1P
  0
TEXT
  8
1
  10
999.9995
  20
-10348.7939
  40
8.0000
  1
Size: 50
  0
TEXT
  8
1
  10
999.9995
  20
-10358.7939
  40
8.0000
  1
Quantity: 1
  0
TEXT
  8
1
  10
999.9995
  20
-10368.7939
  40
8.0000
  1
Annotation: 
  0
TEXT
  8
1
  10
999.9995
  20
-10378.7939
  40
8.0000
  1
Category: 
  0
LINE
  8
7
  10
1040.7500
  20
-10214.7441
  11
1110.1270
  21
-10214.7441
  0
ENDBLK
  0
BLOCK
  8
1
  2
MASK_INS.PCK-S_50
  10
0.0000
  20
0.0000
70
0
  0
POLYLINE
  8
14
  66
1
  70
1
  0
VERTEX
  8
14
  10
1155.0000
  20
-1350.4091
  42
0.0000
  0
VERTEX
  8
14
  10
1010.0000
  20
-1350.4091
  42
0.0000
  0
VERTEX
  8
14
  10
1010.0000
  20
-1220.4091
  42
0.0000
  0
VERTEX
  8
14
  10
1155.0000
  20
-1220.4091
  42
0.0000
  0
SEQEND
  0
POLYLINE
  8
1
  66
1
  70
1
  0
VERTEX
  8
1
  10
1154.9999
  20
-1350.4091
  42
0.0000
  0
VERTEX
  8
1
  10
1010.0000
  20
-1350.4089
  42
0.0000
  0
VERTEX
  8
1
  10
1010.0001
  20
-1220.4091
  42
0.0000
  0
VERTEX
  8
1
  10
1155.0000
  20
-1220.4092
  42
0.0000
  0
SEQEND
  0
POLYLINE
  8
8
  66
1
  70
0
  0
VERTEX
  8
8
  10
1148.0000
  20
-1285.4091
  42
0.0000
  0
VERTEX
  8
8
  10
1133.0000
  20
-1285.4091
  42
0.0000
  0
SEQEND
  0
POLYLINE
  8
8
  66
1
  70
0
  0
VERTEX
  8
8
  10
1125.0000
  20
-1220.4091
  42
0.0000
  0
VERTEX
  8
8
  10
1125.0000
  20
-1350.4091
  42
0.0000
  0
SEQEND
  0
POINT
  8
13
  10
1147.0000
  20
-1285.4091
  0
POINT
  8
2
  10
1155.0000
  20
-1350.4091
  0
POINT
  8
2
  10
1010.0000
  20
-1350.4091
  0
POINT
  8
2
  10
1010.0000
  20
-1220.4091
  0
POINT
  8
2
  10
1155.0000
  20
-1220.4091
  0
POINT
  8
2
  10
1154.9999
  20
-1350.4091
  0
POINT
  8
2
  10
1010.0000
  20
-1350.4089
  0
POINT
  8
2
  10
1010.0001
  20
-1220.4091
  0
POINT
  8
2
  10
1155.0000
  20
-1220.4092
  0
POINT
  8
2
  10
1148.0000
  20
-1285.4091
  0
POINT
  8
2
  10
1133.0000
  20
-1285.4091
  0
POINT
  8
2
  10
1125.0000
  20
-1220.4091
  0
POINT
  8
2
  10
1125.0000
  20
-1350.4091
  0
TEXT
  8
2
  10
1155.0000
  20
-1350.4091
  40
8.0000
  1
# 1
  0
TEXT
  8
14
  10
1155.0000
  20
-1350.4091
  40
8.0000
  1
# 1
  0
TEXT
  8
2
  10
1010.0000
  20
-1350.4091
  40
8.0000
  1
# 1
  0
TEXT
  8
14
  10
1010.0000
  20
-1350.4091
  40
8.0000
  1
# 1
  0
TEXT
  8
2
  10
1010.0000
  20
-1220.4091
  40
8.0000
  1
# 1
  0
TEXT
  8
14
  10
1010.0000
  20
-1220.4091
  40
8.0000
  1
# 1
  0
TEXT
  8
2
  10
1155.0000
  20
-1220.4091
  40
8.0000
  1
# 1
  0
TEXT
  8
14
  10
1155.0000
  20
-1220.4091
  40
8.0000
  1
# 1
  0
TEXT
  8
2
  10
1154.9999
  20
-1350.4091
  40
8.0000
  1
# 1
  0
TEXT
  8
1
  10
1154.9999
  20
-1350.4091
  40
8.0000
  1
# 1
  0
TEXT
  8
2
  10
1010.0000
  20
-1350.4089
  40
8.0000
  1
# 304
  0
TEXT
  8
1
  10
1010.0000
  20
-1350.4089
  40
8.0000
  1
# 304
  0
TEXT
  8
2
  10
1010.0001
  20
-1220.4091
  40
8.0000
  1
# 191
  0
TEXT
  8
1
  10
1010.0001
  20
-1220.4091
  40
8.0000
  1
# 191
  0
TEXT
  8
2
  10
1155.0000
  20
-1220.4092
  40
8.0000
  1
# 1
  0
TEXT
  8
1
  10
1155.0000
  20
-1220.4092
  40
8.0000
  1
# 1
  0
TEXT
  8
2
  10
1148.0000
  20
-1285.4091
  40
8.0000
  1
# 1
  0
TEXT
  8
8
  10
1148.0000
  20
-1285.4091
  40
8.0000
  1
# 1
  0
TEXT
  8
2
  10
1133.0000
  20
-1285.4091
  40
8.0000
  1
# 1
  0
TEXT
  8
8
  10
1133.0000
  20
-1285.4091
  40
8.0000
  1
# 1
  0
TEXT
  8
2
  10
1125.0000
  20
-1220.4091
  40
8.0000
  1
# 1
  0
TEXT
  8
8
  10
1125.0000
  20
-1220.4091
  40
8.0000
  1
# 1
  0
TEXT
  8
2
  10
1125.0000
  20
-1350.4091
  40
8.0000
  1
# 1
  0
TEXT
  8
8
  10
1125.0000
  20
-1350.4091
  40
8.0000
  1
# 1
  0
TEXT
  8
1
  10
1010.0000
  20
-1360.4089
  40
8.0000
  1
Piece Name: MASK INS.PCK
  0
TEXT
  8
1
  10
1010.0000
  20
-1370.4089
  40
8.0000
  1
Size: 50
  0
TEXT
  8
1
  10
1010.0000
  20
-1380.4089
  40
8.0000
  1
Quantity: 1
  0
TEXT
  8
1
  10
1010.0000
  20
-1390.4089
  40
8.0000
  1
Annotation: 
  0
TEXT
  8
1
  10
1010.0000
  20
-1400.4089
  40
8.0000
  1
Category: 
  0
LINE
  8
7
  10
1065.7500
  20
-1246.3590
  11
1120.6740
  21
-1246.3590
  0
ENDBLK
  0
BLOCK
  8
1
  2
IN_PKT_LEFT_1P-S_50
  10
0.0000
  20
0.0000
70
0
  0
POLYLINE
  8
14
  66
1
  70
1
  0
VERTEX
  8
14
  10
1155.0000
  20
-10178.7959
  42
0.0000
  0
VERTEX
  8
14
  10
1195.0000
  20
-10178.7959
  42
0.0000
  0
VERTEX
  8
14
  10
1195.0000
  20
-10328.7959
  42
0.0000
  0
VERTEX
  8
14
  10
1000.0000
  20
-10328.7959
  42
0.0000
  0
VERTEX
  8
14
  10
1000.0000
  20
-10178.7959
  42
0.0000
  0
SEQEND
  0
POLYLINE
  8
1
  66
1
  70
1
  0
VERTEX
  8
1
  10
1155.0000
  20
-10178.7939
  42
0.0000
  0
VERTEX
  8
1
  10
1155.0001
  20
-10178.7939
  42
0.0000
  0
VERTEX
  8
1
  10
1195.0000
  20
-10178.7969
  42
0.0000
  0
VERTEX
  8
1
  10
1194.9999
  20
-10328.7959
  42
0.0000
  0
VERTEX
  8
1
  10
1155.0000
  20
-10328.7959
  42
0.0000
  0
VERTEX
  8
1
  10
1000.0000
  20
-10328.7949
  42
0.0000
  0
VERTEX
  8
1
  10
1000.0001
  20
-10178.7959
  42
0.0000
  0
SEQEND
  0
POLYLINE
  8
8
  66
1
  70
0
  0
VERTEX
  8
8
  10
1155.0000
  20
-10318.7939
  42
0.0000
  0
VERTEX
  8
8
  10
1155.0000
  20
-10188.7939
  42
0.0000
  0
SEQEND
  0
POLYLINE
  8
8
  66
1
  70
0
  0
VERTEX
  8
8
  10
1010.0000
  20
-10318.7939
  42
0.0000
  0
VERTEX
  8
8
  10
1154.9999
  20
-10318.7939
  42
0.0000
  0
SEQEND
  0
POLYLINE
  8
8
  66
1
  70
0
  0
VERTEX
  8
8
  10
1010.0000
  20
-10188.7939
  42
0.0000
  0
VERTEX
  8
8
  10
1010.0000
  20
-10318.7930
  42
0.0000
  0
SEQEND
  0
POLYLINE
  8
8
  66
1
  70
0
  0
VERTEX
  8
8
  10
1154.9999
  20
-10188.7939
  42
0.0000
  0
VERTEX
  8
8
  10
1010.0001
  20
-10188.7939
  42
0.0000
  0
SEQEND
  0
POLYLINE
  8
8
  66
1
  70
0
  0
VERTEX
  8
8
  10
1115.0000
  20
-10228.8701
  42
0.0000
  0
VERTEX
  8
8
  10
1095.0000
  20
-10228.8682
  42
0.0000
  0
SEQEND
  0
POLYLINE
  8
8
  66
1
  70
0
  0
VERTEX
  8
8
  10
1115.0000
  20
-10278.8701
  42
0.0000
  0
VERTEX
  8
8
  10
1115.0000
  20
-10228.8682
  42
0.0000
  0
SEQEND
  0
POLYLINE
  8
8
  66
1
  70
0
  0
VERTEX
  8
8
  10
1095.0000
  20
-10278.8701
  42
0.0000
  0
VERTEX
  8
8
  10
1115.0000
  20
-10278.8682
  42
0.0000
  0
SEQEND
  0
POLYLINE
  8
8
  66
1
  70
0
  0
VERTEX
  8
8
  10
1095.0000
  20
-10228.8701
  42
0.0000
  0
VERTEX
  8
8
  10
1095.0000
  20
-10278.8682
  42
0.0000
  0
SEQEND
  0
POINT
  8
2
  10
1155.0000
  20
-10178.7959
  0
POINT
  8
2
  10
1195.0000
  20
-10178.7959
  0
POINT
  8
2
  10
1195.0000
  20
-10328.7959
  0
POINT
  8
2
  10
1000.0000
  20
-10328.7959
  0
POINT
  8
2
  10
1000.0000
  20
-10178.7959
  0
POINT
  8
2
  10
1155.0000
  20
-10178.7939
  0
POINT
  8
2
  10
1155.0001
  20
-10178.7939
  0
POINT
  8
2
  10
1195.0000
  20
-10178.7969
  0
POINT
  8
2
  10
1194.9999
  20
-10328.7959
  0
POINT
  8
3
  10
1155.0000
  20
-10328.7959
  0
POINT
  8
2
  10
1000.0000
  20
-10328.7949
  0
POINT
  8
2
  10
1000.0001
  20
-10178.7959
  0
POINT
  8
4
  10
1155.0001
  20
-10178.7939
  30
10.0000
  50
-90.0000
  0
POINT
  8
4
  10
1155.0000
  20
-10328.7959
  30
10.0000
  50
-90.5294
  0
POINT
  8
2
  10
1155.0000
  20
-10318.7939
  0
POINT
  8
2
  10
1155.0000
  20
-10188.7939
  0
POINT
  8
2
  10
1010.0000
  20
-10318.7939
  0
POINT
  8
2
  10
1154.9999
  20
-10318.7939
  0
POINT
  8
2
  10
1010.0000
  20
-10188.7939
  0
POINT
  8
2
  10
1010.0000
  20
-10318.7930
  0
POINT
  8
2
  10
1154.9999
  20
-10188.7939
  0
POINT
  8
2
  10
1010.0001
  20
-10188.7939
  0
POINT
  8
2
  10
1115.0000
  20
-10228.8701
  0
POINT
  8
2
  10
1095.0000
  20
-10228.8682
  0
POINT
  8
2
  10
1115.0000
  20
-10278.8701
  0
POINT
  8
2
  10
1115.0000
  20
-10228.8682
  0
POINT
  8
2
  10
1095.0000
  20
-10278.8701
  0
POINT
  8
2
  10
1115.0000
  20
-10278.8682
  0
POINT
  8
2
  10
1095.0000
  20
-10228.8701
  0
POINT
  8
2
  10
1095.0000
  20
-10278.8682
  0
TEXT
  8
2
  10
1155.0000
  20
-10178.7959
  40
8.0000
  1
# 1
  0
TEXT
  8
14
  10
1155.0000
  20
-10178.7959
  40
8.0000
  1
# 1
  0
TEXT
  8
2
  10
1195.0000
  20
-10178.7959
  40
8.0000
  1
# 1
  0
TEXT
  8
14
  10
1195.0000
  20
-10178.7959
  40
8.0000
  1
# 1
  0
TEXT
  8
2
  10
1195.0000
  20
-10328.7959
  40
8.0000
  1
# 1
  0
TEXT
  8
14
  10
1195.0000
  20
-10328.7959
  40
8.0000
  1
# 1
  0
TEXT
  8
2
  10
1000.0000
  20
-10328.7959
  40
8.0000
  1
# 1
  0
TEXT
  8
14
  10
1000.0000
  20
-10328.7959
  40
8.0000
  1
# 1
  0
TEXT
  8
2
  10
1000.0000
  20
-10178.7959
  40
8.0000
  1
# 1
  0
TEXT
  8
14
  10
1000.0000
  20
-10178.7959
  40
8.0000
  1
# 1
  0
TEXT
  8
2
  10
1155.0000
  20
-10178.7939
  40
8.0000
  1
# 1
  0
TEXT
  8
1
  10
1155.0000
  20
-10178.7939
  40
8.0000
  1
# 1
  0
TEXT
  8
2
  10
1155.0001
  20
-10178.7939
  40
8.0000
  1
# 191
  0
TEXT
  8
1
  10
1155.0001
  20
-10178.7939
  40
8.0000
  1
# 191
  0
TEXT
  8
2
  10
1195.0000
  20
-10178.7969
  40
8.0000
  1
# 448
  0
TEXT
  8
1
  10
1195.0000
  20
-10178.7969
  40
8.0000
  1
# 448
  0
TEXT
  8
2
  10
1194.9999
  20
-10328.7959
  40
8.0000
  1
# 1
  0
TEXT
  8
1
  10
1194.9999
  20
-10328.7959
  40
8.0000
  1
# 1
  0
TEXT
  8
3
  10
1155.0000
  20
-10328.7959
  40
8.0000
  1
# 1
  0
TEXT
  8
1
  10
1155.0000
  20
-10328.7959
  40
8.0000
  1
# 1
  0
TEXT
  8
2
  10
1000.0000
  20
-10328.7949
  40
8.0000
  1
# 122
  0
TEXT
  8
1
  10
1000.0000
  20
-10328.7949
  40
8.0000
  1
# 122
  0
TEXT
  8
2
  10
1000.0001
  20
-10178.7959
  40
8.0000
  1
# 191
  0
TEXT
  8
1
  10
1000.0001
  20
-10178.7959
  40
8.0000
  1
# 191
  0
TEXT
  8
4
  10
1155.0001
  20
-10178.7939
  40
8.0000
  1
# 191
  0
TEXT
  8
4
  10
1155.0000
  20
-10328.7959
  40
8.0000
  1
# 1
  0
TEXT
  8
2
  10
1155.0000
  20
-10318.7939
  40
8.0000
  1
# 1
  0
TEXT
  8
8
  10
1155.0000
  20
-10318.7939
  40
8.0000
  1
# 1
  0
TEXT
  8
2
  10
1155.0000
  20
-10188.7939
  40
8.0000
  1
# 1
  0
TEXT
  8
8
  10
1155.0000
  20
-10188.7939
  40
8.0000
  1
# 1
  0
TEXT
  8
2
  10
1010.0000
  20
-10318.7939
  40
8.0000
  1
# 1
  0
TEXT
  8
8
  10
1010.0000
  20
-10318.7939
  40
8.0000
  1
# 1
  0
TEXT
  8
2
  10
1154.9999
  20
-10318.7939
  40
8.0000
  1
# 1
  0
TEXT
  8
8
  10
1154.9999
  20
-10318.7939
  40
8.0000
  1
# 1
  0
TEXT
  8
2
  10
1010.0000
  20
-10188.7939
  40
8.0000
  1
# 1
  0
TEXT
  8
8
  10
1010.0000
  20
-10188.7939
  40
8.0000
  1
# 1
  0
TEXT
  8
2
  10
1010.0000
  20
-10318.7930
  40
8.0000
  1
# 122
  0
TEXT
  8
8
  10
1010.0000
  20
-10318.7930
  40
8.0000
  1
# 122
  0
TEXT
  8
2
  10
1154.9999
  20
-10188.7939
  40
8.0000
  1
# 1
  0
TEXT
  8
8
  10
1154.9999
  20
-10188.7939
  40
8.0000
  1
# 1
  0
TEXT
  8
2
  10
1010.0001
  20
-10188.7939
  40
8.0000
  1
# 191
  0
TEXT
  8
8
  10
1010.0001
  20
-10188.7939
  40
8.0000
  1
# 191
  0
TEXT
  8
2
  10
1115.0000
  20
-10228.8701
  40
8.0000
  1
# 1
  0
TEXT
  8
8
  10
1115.0000
  20
-10228.8701
  40
8.0000
  1
# 1
  0
TEXT
  8
2
  10
1095.0000
  20
-10228.8682
  40
8.0000
  1
# 1
  0
TEXT
  8
8
  10
1095.0000
  20
-10228.8682
  40
8.0000
  1
# 1
  0
TEXT
  8
2
  10
1115.0000
  20
-10278.8701
  40
8.0000
  1
# 1
  0
TEXT
  8
8
  10
1115.0000
  20
-10278.8701
  40
8.0000
  1
# 1
  0
TEXT
  8
2
  10
1115.0000
  20
-10228.8682
  40
8.0000
  1
# 1
  0
TEXT
  8
8
  10
1115.0000
  20
-10228.8682
  40
8.0000
  1
# 1
  0
TEXT
  8
2
  10
1095.0000
  20
-10278.8701
  40
8.0000
  1
# 1
  0
TEXT
  8
8
  10
1095.0000
  20
-10278.8701
  40
8.0000
  1
# 1
  0
TEXT
  8
2
  10
1115.0000
  20
-10278.8682
  40
8.0000
  1
# 1
  0
TEXT
  8
8
  10
1115.0000
  20
-10278.8682
  40
8.0000
  1
# 1
  0
TEXT
  8
2
  10
1095.0000
  20
-10228.8701
  40
8.0000
  1
# 1
  0
TEXT
  8
8
  10
1095.0000
  20
-10228.8701
  40
8.0000
  1
# 1
  0
TEXT
  8
2
  10
1095.0000
  20
-10278.8682
  40
8.0000
  1
# 1
  0
TEXT
  8
8
  10
1095.0000
  20
-10278.8682
  40
8.0000
  1
# 1
  0
TEXT
  8
1
  10
999.9995
  20
-10338.7939
  40
8.0000
  1
Piece Name: IN PKT LEFT 1P
  0
TEXT
  8
1
  10
999.9995
  20
-10348.7939
  40
8.0000
  1
Size: 50
  0
TEXT
  8
1
  10
999.9995
  20
-10358.7939
  40
8.0000
  1
Quantity: 1
  0
TEXT
  8
1
  10
999.9995
  20
-10368.7939
  40
8.0000
  1
Annotation: 
  0
TEXT
  8
1
  10
999.9995
  20
-10378.7939
  40
8.0000
  1
Category: SUEDE
  0
LINE
  8
7
  10
1065.7500
  20
-10214.7441
  11
1135.1270
  21
-10214.7441
  0
ENDBLK
  0
BLOCK
  8
1
  2
IN_PKT_RIGHT_1P-S_50
  10
0.0000
  20
0.0000
70
0
  0
POLYLINE
  8
14
  66
1
  70
1
  0
VERTEX
  8
14
  10
1155.0000
  20
-1210.4091
  42
0.0000
  0
VERTEX
  8
14
  10
1195.0000
  20
-1210.4091
  42
0.0000
  0
VERTEX
  8
14
  10
1195.0000
  20
-1360.4091
  42
0.0000
  0
VERTEX
  8
14
  10
1000.0000
  20
-1360.4091
  42
0.0000
  0
VERTEX
  8
14
  10
1000.0000
  20
-1210.4091
  42
0.0000
  0
SEQEND
  0
POLYLINE
  8
1
  66
1
  70
1
  0
VERTEX
  8
1
  10
1155.0001
  20
-1210.4091
  42
0.0000
  0
VERTEX
  8
1
  10
1155.0010
  20
-1210.4091
  42
0.0000
  0
VERTEX
  8
1
  10
1195.0000
  20
-1210.4092
  42
0.0000
  0
VERTEX
  8
1
  10
1194.9999
  20
-1360.4091
  42
0.0000
  0
VERTEX
  8
1
  10
1155.0000
  20
-1360.4091
  42
0.0000
  0
VERTEX
  8
1
  10
1000.0000
  20
-1360.4089
  42
0.0000
  0
VERTEX
  8
1
  10
1000.0001
  20
-1210.4091
  42
0.0000
  0
SEQEND
  0
POLYLINE
  8
8
  66
1
  70
0
  0
VERTEX
  8
8
  10
1155.0000
  20
-1350.4091
  42
0.0000
  0
VERTEX
  8
8
  10
1155.0000
  20
-1220.4091
  42
0.0000
  0
SEQEND
  0
POLYLINE
  8
8
  66
1
  70
0
  0
VERTEX
  8
8
  10
1010.0000
  20
-1350.4091
  42
0.0000
  0
VERTEX
  8
8
  10
1154.9999
  20
-1350.4091
  42
0.0000
  0
SEQEND
  0
POLYLINE
  8
8
  66
1
  70
0
  0
VERTEX
  8
8
  10
1010.0000
  20
-1220.4091
  42
0.0000
  0
VERTEX
  8
8
  10
1010.0000
  20
-1350.4089
  42
0.0000
  0
SEQEND
  0
POLYLINE
  8
8
  66
1
  70
0
  0
VERTEX
  8
8
  10
1154.9999
  20
-1220.4091
  42
0.0000
  0
VERTEX
  8
8
  10
1010.0001
  20
-1220.4091
  42
0.0000
  0
SEQEND
  0
POINT
  8
2
  10
1155.0000
  20
-1210.4091
  0
POINT
  8
2
  10
1195.0000
  20
-1210.4091
  0
POINT
  8
2
  10
1195.0000
  20
-1360.4091
  0
POINT
  8
2
  10
1000.0000
  20
-1360.4091
  0
POINT
  8
2
  10
1000.0000
  20
-1210.4091
  0
POINT
  8
2
  10
1155.0001
  20
-1210.4091
  0
POINT
  8
2
  10
1155.0010
  20
-1210.4091
  0
POINT
  8
2
  10
1195.0000
  20
-1210.4092
  0
POINT
  8
2
  10
1194.9999
  20
-1360.4091
  0
POINT
  8
3
  10
1155.0000
  20
-1360.4091
  0
POINT
  8
2
  10
1000.0000
  20
-1360.4089
  0
POINT
  8
2
  10
1000.0001
  20
-1210.4091
  0
POINT
  8
4
  10
1155.0010
  20
-1210.4091
  30
10.0000
  50
-90.0000
  0
POINT
  8
4
  10
1155.0000
  20
-1360.4091
  30
10.0000
  50
-90.4525
  0
POINT
  8
2
  10
1155.0000
  20
-1350.4091
  0
POINT
  8
2
  10
1155.0000
  20
-1220.4091
  0
POINT
  8
2
  10
1010.0000
  20
-1350.4091
  0
POINT
  8
2
  10
1154.9999
  20
-1350.4091
  0
POINT
  8
2
  10
1010.0000
  20
-1220.4091
  0
POINT
  8
2
  10
1010.0000
  20
-1350.4089
  0
POINT
  8
2
  10
1154.9999
  20
-1220.4091
  0
POINT
  8
2
  10
1010.0001
  20
-1220.4091
  0
TEXT
  8
2
  10
1155.0000
  20
-1210.4091
  40
8.0000
  1
# 1
  0
TEXT
  8
14
  10
1155.0000
  20
-1210.4091
  40
8.0000
  1
# 1
  0
TEXT
  8
2
  10
1195.0000
  20
-1210.4091
  40
8.0000
  1
# 1
  0
TEXT
  8
14
  10
1195.0000
  20
-1210.4091
  40
8.0000
  1
# 1
  0
TEXT
  8
2
  10
1195.0000
  20
-1360.4091
  40
8.0000
  1
# 1
  0
TEXT
  8
14
  10
1195.0000
  20
-1360.4091
  40
8.0000
  1
# 1
  0
TEXT
  8
2
  10
1000.0000
  20
-1360.4091
  40
8.0000
  1
# 1
  0
TEXT
  8
14
  10
1000.0000
  20
-1360.4091
  40
8.0000
  1
# 1
  0
TEXT
  8
2
  10
1000.0000
  20
-1210.4091
  40
8.0000
  1
# 1
  0
TEXT
  8
14
  10
1000.0000
  20
-1210.4091
  40
8.0000
  1
# 1
  0
TEXT
  8
2
  10
1155.0001
  20
-1210.4091
  40
8.0000
  1
# 191
  0
TEXT
  8
1
  10
1155.0001
  20
-1210.4091
  40
8.0000
  1
# 191
  0
TEXT
  8
2
  10
1155.0010
  20
-1210.4091
  40
8.0000
  1
# 449
  0
TEXT
  8
1
  10
1155.0010
  20
-1210.4091
  40
8.0000
  1
# 449
  0
TEXT
  8
2
  10
1195.0000
  20
-1210.4092
  40
8.0000
  1
# 1
  0
TEXT
  8
1
  10
1195.0000
  20
-1210.4092
  40
8.0000
  1
# 1
  0
TEXT
  8
2
  10
1194.9999
  20
-1360.4091
  40
8.0000
  1
# 1
  0
TEXT
  8
1
  10
1194.9999
  20
-1360.4091
  40
8.0000
  1
# 1
  0
TEXT
  8
3
  10
1155.0000
  20
-1360.4091
  40
8.0000
  1
# 1
  0
TEXT
  8
1
  10
1155.0000
  20
-1360.4091
  40
8.0000
  1
# 1
  0
TEXT
  8
2
  10
1000.0000
  20
-1360.4089
  40
8.0000
  1
# 304
  0
TEXT
  8
1
  10
1000.0000
  20
-1360.4089
  40
8.0000
  1
# 304
  0
TEXT
  8
2
  10
1000.0001
  20
-1210.4091
  40
8.0000
  1
# 191
  0
TEXT
  8
1
  10
1000.0001
  20
-1210.4091
  40
8.0000
  1
# 191
  0
TEXT
  8
4
  10
1155.0010
  20
-1210.4091
  40
8.0000
  1
# 449
  0
TEXT
  8
4
  10
1155.0000
  20
-1360.4091
  40
8.0000
  1
# 1
  0
TEXT
  8
2
  10
1155.0000
  20
-1350.4091
  40
8.0000
  1
# 1
  0
TEXT
  8
8
  10
1155.0000
  20
-1350.4091
  40
8.0000
  1
# 1
  0
TEXT
  8
2
  10
1155.0000
  20
-1220.4091
  40
8.0000
  1
# 1
  0
TEXT
  8
8
  10
1155.0000
  20
-1220.4091
  40
8.0000
  1
# 1
  0
TEXT
  8
2
  10
1010.0000
  20
-1350.4091
  40
8.0000
  1
# 1
  0
TEXT
  8
8
  10
1010.0000
  20
-1350.4091
  40
8.0000
  1
# 1
  0
TEXT
  8
2
  10
1154.9999
  20
-1350.4091
  40
8.0000
  1
# 1
  0
TEXT
  8
8
  10
1154.9999
  20
-1350.4091
  40
8.0000
  1
# 1
  0
TEXT
  8
2
  10
1010.0000
  20
-1220.4091
  40
8.0000
  1
# 1
  0
TEXT
  8
8
  10
1010.0000
  20
-1220.4091
  40
8.0000
  1
# 1
  0
TEXT
  8
2
  10
1010.0000
  20
-1350.4089
  40
8.0000
  1
# 304
  0
TEXT
  8
8
  10
1010.0000
  20
-1350.4089
  40
8.0000
  1
# 304
  0
TEXT
  8
2
  10
1154.9999
  20
-1220.4091
  40
8.0000
  1
# 1
  0
TEXT
  8
8
  10
1154.9999
  20
-1220.4091
  40
8.0000
  1
# 1
  0
TEXT
  8
2
  10
1010.0001
  20
-1220.4091
  40
8.0000
  1
# 191
  0
TEXT
  8
8
  10
1010.0001
  20
-1220.4091
  40
8.0000
  1
# 191
  0
TEXT
  8
1
  10
1000.0000
  20
-1370.4089
  40
8.0000
  1
Piece Name: IN PKT RIGHT 1P
  0
TEXT
  8
1
  10
1000.0000
  20
-1380.4089
  40
8.0000
  1
Size: 50
  0
TEXT
  8
1
  10
1000.0000
  20
-1390.4089
  40
8.0000
  1
Quantity: 1
  0
TEXT
  8
1
  10
1000.0000
  20
-1400.4089
  40
8.0000
  1
Annotation: 
  0
TEXT
  8
1
  10
1000.0000
  20
-1410.4089
  40
8.0000
  1
Category: LINING
  0
LINE
  8
7
  10
1065.7500
  20
-1246.3590
  11
1120.6740
  21
-1246.3590
  0
ENDBLK
  0
BLOCK
  8
1
  2
INS.LIN.PCK_4P-S_50
  10
0.0000
  20
0.0000
70
0
  0
POLYLINE
  8
14
  66
1
  70
1
  0
VERTEX
  8
14
  10
3302.2109
  20
1180.0000
  42
0.0000
  0
VERTEX
  8
14
  10
3302.2109
  20
1000.0000
  42
0.0000
  0
VERTEX
  8
14
  10
3232.2100
  20
1000.0000
  42
0.0000
  0
VERTEX
  8
14
  10
3162.2100
  20
1000.0000
  42
0.0000
  0
VERTEX
  8
14
  10
3159.2681
  20
1000.1410
  42
0.0000
  0
VERTEX
  8
14
  10
3156.3550
  20
1000.5700
  42
0.0000
  0
VERTEX
  8
14
  10
3153.4971
  20
1001.2830
  42
0.0000
  0
VERTEX
  8
14
  10
3150.7241
  20
1002.2730
  42
0.0000
  0
VERTEX
  8
14
  10
3148.0601
  20
1003.5310
  42
0.0000
  0
VERTEX
  8
14
  10
3145.5330
  20
1005.0440
  42
0.0000
  0
VERTEX
  8
14
  10
3143.1670
  20
1006.7970
  42
0.0000
  0
VERTEX
  8
14
  10
3140.9851
  20
1008.7750
  42
0.0000
  0
VERTEX
  8
14
  10
3139.0071
  20
1010.9570
  42
0.0000
  0
VERTEX
  8
14
  10
3137.2539
  20
1013.3230
  42
0.0000
  0
VERTEX
  8
14
  10
3135.7410
  20
1015.8500
  42
0.0000
  0
VERTEX
  8
14
  10
3134.4829
  20
1018.5130
  42
0.0000
  0
VERTEX
  8
14
  10
3133.4929
  20
1021.2870
  42
0.0000
  0
VERTEX
  8
14
  10
3132.7800
  20
1024.1450
  42
0.0000
  0
VERTEX
  8
14
  10
3132.3511
  20
1027.0580
  42
0.0000
  0
VERTEX
  8
14
  10
3132.2100
  20
1030.0000
  42
0.0000
  0
VERTEX
  8
14
  10
3132.2100
  20
1090.0000
  42
0.0000
  0
VERTEX
  8
14
  10
3132.2100
  20
1150.0000
  42
0.0000
  0
VERTEX
  8
14
  10
3132.4041
  20
1153.3560
  42
0.0000
  0
VERTEX
  8
14
  10
3132.9670
  20
1156.6689
  42
0.0000
  0
VERTEX
  8
14
  10
3133.8921
  20
1159.9010
  42
0.0000
  0
VERTEX
  8
14
  10
3135.1780
  20
1163.0060
  42
0.0000
  0
VERTEX
  8
14
  10
3136.8069
  20
1165.9460
  42
0.0000
  0
VERTEX
  8
14
  10
3138.7510
  20
1168.6880
  42
0.0000
  0
VERTEX
  8
14
  10
3140.9851
  20
1171.2000
  42
0.0000
  0
VERTEX
  8
14
  10
3143.4990
  20
1173.4370
  42
0.0000
  0
VERTEX
  8
14
  10
3146.2451
  20
1175.3840
  42
0.0000
  0
VERTEX
  8
14
  10
3149.1880
  20
1177.0170
  42
0.0000
  0
VERTEX
  8
14
  10
3152.2971
  20
1178.3060
  42
0.0000
  0
VERTEX
  8
14
  10
3155.5320
  20
1179.2350
  42
0.0000
  0
VERTEX
  8
14
  10
3158.8501
  20
1179.8020
  42
0.0000
  0
VERTEX
  8
14
  10
3162.2100
  20
1180.0000
  42
0.0000
  0
VERTEX
  8
14
  10
3232.2109
  20
1180.0000
  42
0.0000
  0
SEQEND
  0
POLYLINE
  8
1
  66
1
  70
1
  0
VERTEX
  8
1
  10
3302.2109
  20
1179.9999
  42
0.0000
  0
VERTEX
  8
1
  10
3302.2107
  20
1000.0000
  42
0.0000
  0
VERTEX
  8
1
  10
3232.2109
  20
1000.0000
  42
0.0000
  0
VERTEX
  8
1
  10
3162.2100
  20
1000.0000
  42
0.0000
  0
VERTEX
  8
1
  10
3159.2681
  20
1000.1410
  42
0.0000
  0
VERTEX
  8
1
  10
3156.3550
  20
1000.5700
  42
0.0000
  0
VERTEX
  8
1
  10
3153.4971
  20
1001.2830
  42
0.0000
  0
VERTEX
  8
1
  10
3150.7229
  20
1002.2730
  42
0.0000
  0
VERTEX
  8
1
  10
3148.0601
  20
1003.5310
  42
0.0000
  0
VERTEX
  8
1
  10
3145.5330
  20
1005.0440
  42
0.0000
  0
VERTEX
  8
1
  10
3143.1670
  20
1006.7970
  42
0.0000
  0
VERTEX
  8
1
  10
3140.9851
  20
1008.7750
  42
0.0000
  0
VERTEX
  8
1
  10
3139.0071
  20
1010.9570
  42
0.0000
  0
VERTEX
  8
1
  10
3137.2539
  20
1013.3230
  42
0.0000
  0
VERTEX
  8
1
  10
3135.7410
  20
1015.8500
  42
0.0000
  0
VERTEX
  8
1
  10
3134.4829
  20
1018.5130
  42
0.0000
  0
VERTEX
  8
1
  10
3133.4929
  20
1021.2870
  42
0.0000
  0
VERTEX
  8
1
  10
3132.7800
  20
1024.1440
  42
0.0000
  0
VERTEX
  8
1
  10
3132.3511
  20
1027.0580
  42
0.0000
  0
VERTEX
  8
1
  10
3132.2100
  20
1030.0000
  42
0.0000
  0
VERTEX
  8
1
  10
3132.2100
  20
1090.0000
  42
0.0000
  0
VERTEX
  8
1
  10
3132.2100
  20
1150.0000
  42
0.0000
  0
VERTEX
  8
1
  10
3132.4041
  20
1153.3560
  42
0.0000
  0
VERTEX
  8
1
  10
3132.9670
  20
1156.6689
  42
0.0000
  0
VERTEX
  8
1
  10
3133.8921
  20
1159.9000
  42
0.0000
  0
VERTEX
  8
1
  10
3135.1780
  20
1163.0060
  42
0.0000
  0
VERTEX
  8
1
  10
3136.8069
  20
1165.9460
  42
0.0000
  0
VERTEX
  8
1
  10
3138.7510
  20
1168.6880
  42
0.0000
  0
VERTEX
  8
1
  10
3140.9851
  20
1171.2000
  42
0.0000
  0
VERTEX
  8
1
  10
3143.4990
  20
1173.4370
  42
0.0000
  0
VERTEX
  8
1
  10
3146.2451
  20
1175.3840
  42
0.0000
  0
VERTEX
  8
1
  10
3149.1880
  20
1177.0170
  42
0.0000
  0
VERTEX
  8
1
  10
3152.2971
  20
1178.3060
  42
0.0000
  0
VERTEX
  8
1
  10
3155.5320
  20
1179.2350
  42
0.0000
  0
VERTEX
  8
1
  10
3158.8501
  20
1179.8020
  42
0.0000
  0
VERTEX
  8
1
  10
3162.2100
  20
1180.0000
  42
0.0000
  0
VERTEX
  8
1
  10
3232.2109
  20
1180.0000
  42
0.0000
  0
VERTEX
  8
1
  10
3282.1851
  20
1180.0000
  42
0.0000
  0
SEQEND
  0
POLYLINE
  8
8
  66
1
  70
0
  0
VERTEX
  8
8
  10
3302.2100
  20
1000.0000
  42
0.0000
  0
VERTEX
  8
8
  10
3302.2100
  20
1180.0000
  42
0.0000
  0
SEQEND
  0
POLYLINE
  8
8
  66
1
  70
0
  0
VERTEX
  8
8
  10
3302.2097
  20
1180.0000
  42
0.0000
  0
VERTEX
  8
8
  10
3232.2100
  20
1180.0000
  42
0.0000
  0
VERTEX
  8
8
  10
3162.2100
  20
1180.0000
  42
0.0000
  0
VERTEX
  8
8
  10
3158.8501
  20
1179.8020
  42
0.0000
  0
VERTEX
  8
8
  10
3155.5320
  20
1179.2350
  42
0.0000
  0
VERTEX
  8
8
  10
3152.2971
  20
1178.3060
  42
0.0000
  0
VERTEX
  8
8
  10
3149.1880
  20
1177.0170
  42
0.0000
  0
VERTEX
  8
8
  10
3146.2451
  20
1175.3840
  42
0.0000
  0
VERTEX
  8
8
  10
3143.5000
  20
1173.4370
  42
0.0000
  0
VERTEX
  8
8
  10
3140.9851
  20
1171.2000
  42
0.0000
  0
VERTEX
  8
8
  10
3138.7510
  20
1168.6880
  42
0.0000
  0
VERTEX
  8
8
  10
3136.8069
  20
1165.9460
  42
0.0000
  0
VERTEX
  8
8
  10
3135.1780
  20
1163.0060
  42
0.0000
  0
VERTEX
  8
8
  10
3133.8921
  20
1159.9010
  42
0.0000
  0
VERTEX
  8
8
  10
3132.9670
  20
1156.6689
  42
0.0000
  0
VERTEX
  8
8
  10
3132.4041
  20
1153.3560
  42
0.0000
  0
VERTEX
  8
8
  10
3132.2100
  20
1150.0000
  42
0.0000
  0
VERTEX
  8
8
  10
3132.2100
  20
1090.0000
  42
0.0000
  0
VERTEX
  8
8
  10
3132.2100
  20
1030.0000
  42
0.0000
  0
VERTEX
  8
8
  10
3132.3511
  20
1027.0580
  42
0.0000
  0
VERTEX
  8
8
  10
3132.7800
  20
1024.1450
  42
0.0000
  0
VERTEX
  8
8
  10
3133.4929
  20
1021.2870
  42
0.0000
  0
VERTEX
  8
8
  10
3134.4829
  20
1018.5130
  42
0.0000
  0
VERTEX
  8
8
  10
3135.7410
  20
1015.8500
  42
0.0000
  0
VERTEX
  8
8
  10
3137.2539
  20
1013.3240
  42
0.0000
  0
VERTEX
  8
8
  10
3139.0081
  20
1010.9580
  42
0.0000
  0
VERTEX
  8
8
  10
3140.9851
  20
1008.7750
  42
0.0000
  0
VERTEX
  8
8
  10
3143.1670
  20
1006.7980
  42
0.0000
  0
VERTEX
  8
8
  10
3145.5330
  20
1005.0440
  42
0.0000
  0
VERTEX
  8
8
  10
3148.0601
  20
1003.5310
  42
0.0000
  0
VERTEX
  8
8
  10
3150.7241
  20
1002.2730
  42
0.0000
  0
VERTEX
  8
8
  10
3153.4971
  20
1001.2830
  42
0.0000
  0
VERTEX
  8
8
  10
3156.3550
  20
1000.5700
  42
0.0000
  0
VERTEX
  8
8
  10
3159.2681
  20
1000.1410
  42
0.0000
  0
VERTEX
  8
8
  10
3162.2100
  20
1000.0000
  42
0.0000
  0
VERTEX
  8
8
  10
3232.2100
  20
1000.0000
  42
0.0000
  0
VERTEX
  8
8
  10
3302.2097
  20
1000.0000
  42
0.0000
  0
SEQEND
  0
POINT
  8
2
  10
3302.2109
  20
1180.0000
  0
POINT
  8
2
  10
3302.2109
  20
1000.0000
  0
POINT
  8
3
  10
3232.2100
  20
1000.0000
  0
POINT
  8
2
  10
3162.2100
  20
1000.0000
  0
POINT
  8
3
  10
3159.2681
  20
1000.1410
  0
POINT
  8
3
  10
3156.3550
  20
1000.5700
  0
POINT
  8
3
  10
3153.4971
  20
1001.2830
  0
POINT
  8
3
  10
3150.7241
  20
1002.2730
  0
POINT
  8
3
  10
3148.0601
  20
1003.5310
  0
POINT
  8
3
  10
3145.5330
  20
1005.0440
  0
POINT
  8
3
  10
3143.1670
  20
1006.7970
  0
POINT
  8
3
  10
3140.9851
  20
1008.7750
  0
POINT
  8
3
  10
3139.0071
  20
1010.9570
  0
POINT
  8
3
  10
3137.2539
  20
1013.3230
  0
POINT
  8
3
  10
3135.7410
  20
1015.8500
  0
POINT
  8
3
  10
3134.4829
  20
1018.5130
  0
POINT
  8
3
  10
3133.4929
  20
1021.2870
  0
POINT
  8
3
  10
3132.7800
  20
1024.1450
  0
POINT
  8
3
  10
3132.3511
  20
1027.0580
  0
POINT
  8
2
  10
3132.2100
  20
1030.0000
  0
POINT
  8
3
  10
3132.2100
  20
1090.0000
  0
POINT
  8
2
  10
3132.2100
  20
1150.0000
  0
POINT
  8
3
  10
3132.4041
  20
1153.3560
  0
POINT
  8
3
  10
3132.9670
  20
1156.6689
  0
POINT
  8
3
  10
3133.8921
  20
1159.9010
  0
POINT
  8
3
  10
3135.1780
  20
1163.0060
  0
POINT
  8
3
  10
3136.8069
  20
1165.9460
  0
POINT
  8
3
  10
3138.7510
  20
1168.6880
  0
POINT
  8
3
  10
3140.9851
  20
1171.2000
  0
POINT
  8
3
  10
3143.4990
  20
1173.4370
  0
POINT
  8
3
  10
3146.2451
  20
1175.3840
  0
POINT
  8
3
  10
3149.1880
  20
1177.0170
  0
POINT
  8
3
  10
3152.2971
  20
1178.3060
  0
POINT
  8
3
  10
3155.5320
  20
1179.2350
  0
POINT
  8
3
  10
3158.8501
  20
1179.8020
  0
POINT
  8
2
  10
3162.2100
  20
1180.0000
  0
POINT
  8
3
  10
3232.2109
  20
1180.0000
  0
POINT
  8
2
  10
3302.2109
  20
1179.9999
  0
POINT
  8
2
  10
3302.2107
  20
1000.0000
  0
POINT
  8
3
  10
3232.2109
  20
1000.0000
  0
POINT
  8
2
  10
3162.2100
  20
1000.0000
  0
POINT
  8
3
  10
3159.2681
  20
1000.1410
  0
POINT
  8
3
  10
3156.3550
  20
1000.5700
  0
POINT
  8
3
  10
3153.4971
  20
1001.2830
  0
POINT
  8
3
  10
3150.7229
  20
1002.2730
  0
POINT
  8
3
  10
3148.0601
  20
1003.5310
  0
POINT
  8
3
  10
3145.5330
  20
1005.0440
  0
POINT
  8
3
  10
3143.1670
  20
1006.7970
  0
POINT
  8
3
  10
3140.9851
  20
1008.7750
  0
POINT
  8
3
  10
3139.0071
  20
1010.9570
  0
POINT
  8
3
  10
3137.2539
  20
1013.3230
  0
POINT
  8
3
  10
3135.7410
  20
1015.8500
  0
POINT
  8
3
  10
3134.4829
  20
1018.5130
  0
POINT
  8
3
  10
3133.4929
  20
1021.2870
  0
POINT
  8
3
  10
3132.7800
  20
1024.1440
  0
POINT
  8
3
  10
3132.3511
  20
1027.0580
  0
POINT
  8
2
  10
3132.2100
  20
1030.0000
  0
POINT
  8
3
  10
3132.2100
  20
1090.0000
  0
POINT
  8
2
  10
3132.2100
  20
1150.0000
  0
POINT
  8
3
  10
3132.4041
  20
1153.3560
  0
POINT
  8
3
  10
3132.9670
  20
1156.6689
  0
POINT
  8
3
  10
3133.8921
  20
1159.9000
  0
POINT
  8
3
  10
3135.1780
  20
1163.0060
  0
POINT
  8
3
  10
3136.8069
  20
1165.9460
  0
POINT
  8
3
  10
3138.7510
  20
1168.6880
  0
POINT
  8
3
  10
3140.9851
  20
1171.2000
  0
POINT
  8
3
  10
3143.4990
  20
1173.4370
  0
POINT
  8
3
  10
3146.2451
  20
1175.3840
  0
POINT
  8
3
  10
3149.1880
  20
1177.0170
  0
POINT
  8
3
  10
3152.2971
  20
1178.3060
  0
POINT
  8
3
  10
3155.5320
  20
1179.2350
  0
POINT
  8
3
  10
3158.8501
  20
1179.8020
  0
POINT
  8
2
  10
3162.2100
  20
1180.0000
  0
POINT
  8
3
  10
3232.2109
  20
1180.0000
  0
POINT
  8
3
  10
3282.1851
  20
1180.0000
  0
POINT
  8
4
  10
3282.1851
  20
1180.0000
  30
10.0000
  50
-90.0000
  0
POINT
  8
2
  10
3302.2100
  20
1000.0000
  0
POINT
  8
2
  10
3302.2100
  20
1180.0000
  0
POINT
  8
2
  10
3302.2097
  20
1180.0000
  0
POINT
  8
3
  10
3232.2100
  20
1180.0000
  0
POINT
  8
2
  10
3162.2100
  20
1180.0000
  0
POINT
  8
3
  10
3158.8501
  20
1179.8020
  0
POINT
  8
3
  10
3155.5320
  20
1179.2350
  0
POINT
  8
3
  10
3152.2971
  20
1178.3060
  0
POINT
  8
3
  10
3149.1880
  20
1177.0170
  0
POINT
  8
3
  10
3146.2451
  20
1175.3840
  0
POINT
  8
3
  10
3143.5000
  20
1173.4370
  0
POINT
  8
3
  10
3140.9851
  20
1171.2000
  0
POINT
  8
3
  10
3138.7510
  20
1168.6880
  0
POINT
  8
3
  10
3136.8069
  20
1165.9460
  0
POINT
  8
3
  10
3135.1780
  20
1163.0060
  0
POINT
  8
3
  10
3133.8921
  20
1159.9010
  0
POINT
  8
3
  10
3132.9670
  20
1156.6689
  0
POINT
  8
3
  10
3132.4041
  20
1153.3560
  0
POINT
  8
2
  10
3132.2100
  20
1150.0000
  0
POINT
  8
3
  10
3132.2100
  20
1090.0000
  0
POINT
  8
2
  10
3132.2100
  20
1030.0000
  0
POINT
  8
3
  10
3132.3511
  20
1027.0580
  0
POINT
  8
3
  10
3132.7800
  20
1024.1450
  0
POINT
  8
3
  10
3133.4929
  20
1021.2870
  0
POINT
  8
3
  10
3134.4829
  20
1018.5130
  0
POINT
  8
3
  10
3135.7410
  20
1015.8500
  0
POINT
  8
3
  10
3137.2539
  20
1013.3240
  0
POINT
  8
3
  10
3139.0081
  20
1010.9580
  0
POINT
  8
3
  10
3140.9851
  20
1008.7750
  0
POINT
  8
3
  10
3143.1670
  20
1006.7980
  0
POINT
  8
3
  10
3145.5330
  20
1005.0440
  0
POINT
  8
3
  10
3148.0601
  20
1003.5310
  0
POINT
  8
3
  10
3150.7241
  20
1002.2730
  0
POINT
  8
3
  10
3153.4971
  20
1001.2830
  0
POINT
  8
3
  10
3156.3550
  20
1000.5700
  0
POINT
  8
3
  10
3159.2681
  20
1000.1410
  0
POINT
  8
2
  10
3162.2100
  20
1000.0000
  0
POINT
  8
3
  10
3232.2100
  20
1000.0000
  0
POINT
  8
2
  10
3302.2097
  20
1000.0000
  0
TEXT
  8
2
  10
3302.2109
  20
1180.0000
  40
8.0000
  1
# 1
  0
TEXT
  8
14
  10
3302.2109
  20
1180.0000
  40
8.0000
  1
# 1
  0
TEXT
  8
2
  10
3302.2109
  20
1000.0000
  40
8.0000
  1
# 1
  0
TEXT
  8
14
  10
3302.2109
  20
1000.0000
  40
8.0000
  1
# 1
  0
TEXT
  8
2
  10
3302.2109
  20
1179.9999
  40
8.0000
  1
# 1
  0
TEXT
  8
1
  10
3302.2109
  20
1179.9999
  40
8.0000
  1
# 1
  0
TEXT
  8
2
  10
3302.2107
  20
1000.0000
  40
8.0000
  1
# 1
  0
TEXT
  8
1
  10
3302.2107
  20
1000.0000
  40
8.0000
  1
# 1
  0
TEXT
  8
3
  10
3282.1851
  20
1180.0000
  40
8.0000
  1
# 1
  0
TEXT
  8
1
  10
3282.1851
  20
1180.0000
  40
8.0000
  1
# 1
  0
TEXT
  8
4
  10
3282.1851
  20
1180.0000
  40
8.0000
  1
# 1
  0
TEXT
  8
2
  10
3302.2100
  20
1000.0000
  40
8.0000
  1
# 1
  0
TEXT
  8
8
  10
3302.2100
  20
1000.0000
  40
8.0000
  1
# 1
  0
TEXT
  8
2
  10
3302.2100
  20
1180.0000
  40
8.0000
  1
# 1
  0
TEXT
  8
8
  10
3302.2100
  20
1180.0000
  40
8.0000
  1
# 1
  0
TEXT
  8
2
  10
3302.2097
  20
1180.0000
  40
8.0000
  1
# 1
  0
TEXT
  8
8
  10
3302.2097
  20
1180.0000
  40
8.0000
  1
# 1
  0
TEXT
  8
2
  10
3302.2097
  20
1000.0000
  40
8.0000
  1
# 1
  0
TEXT
  8
8
  10
3302.2097
  20
1000.0000
  40
8.0000
  1
# 1
  0
TEXT
  8
1
  10
3132.2100
  20
990.0000
  40
8.0000
  1
Piece Name: INS.LIN.PCK 4P
  0
TEXT
  8
1
  10
3132.2100
  20
980.0000
  40
8.0000
  1
Size: 50
  0
TEXT
  8
1
  10
3132.2100
  20
970.0000
  40
8.0000
  1
Quantity: 1
  0
TEXT
  8
1
  10
3132.2100
  20
960.0000
  40
8.0000
  1
Annotation: 
  0
TEXT
  8
1
  10
3132.2100
  20
950.0000
  40
8.0000
  1
Category: LIN
  0
LINE
  8
7
  10
3153.9099
  20
1139.7000
  11
3290.2849
  21
1139.7000
  0
LINE
  8
5
  10
3153.9099
  20
1139.7000
  11
3290.2849
  21
1139.7000
  0
ENDBLK
  0
BLOCK
  8
1
  2
INS.THIN_PK_4P-S_50
  10
0.0000
  20
0.0000
70
0
  0
POLYLINE
  8
14
  66
1
  70
1
  0
VERTEX
  8
14
  10
1000.0030
  20
-13218.5938
  42
0.0000
  0
VERTEX
  8
14
  10
999.9960
  20
-13058.5938
  42
0.0000
  0
VERTEX
  8
14
  10
1033.9960
  20
-13058.5918
  42
0.0000
  0
VERTEX
  8
14
  10
1034.0031
  20
-13218.5918
  42
0.0000
  0
SEQEND
  0
POLYLINE
  8
1
  66
1
  70
1
  0
VERTEX
  8
1
  10
1000.0030
  20
-13218.5928
  42
0.0000
  0
VERTEX
  8
1
  10
999.9961
  20
-13058.5938
  42
0.0000
  0
VERTEX
  8
1
  10
1016.9960
  20
-13058.5938
  42
0.0000
  0
VERTEX
  8
1
  10
1033.9960
  20
-13058.5928
  42
0.0000
  0
VERTEX
  8
1
  10
1034.0029
  20
-13218.5918
  42
0.0000
  0
VERTEX
  8
1
  10
1017.0030
  20
-13218.5938
  42
0.0000
  0
SEQEND
  0
POLYLINE
  8
8
  66
1
  70
0
  0
VERTEX
  8
8
  10
1009.9960
  20
-13068.5938
  42
0.0000
  0
VERTEX
  8
8
  10
1010.0020
  20
-13208.5938
  42
0.0000
  0
SEQEND
  0
POLYLINE
  8
8
  66
1
  70
0
  0
VERTEX
  8
8
  10
1023.9960
  20
-13068.5918
  42
0.0000
  0
VERTEX
  8
8
  10
1009.9961
  20
-13068.5938
  42
0.0000
  0
SEQEND
  0
POLYLINE
  8
8
  66
1
  70
0
  0
VERTEX
  8
8
  10
1024.0020
  20
-13208.5918
  42
0.0000
  0
VERTEX
  8
8
  10
1023.9960
  20
-13068.5928
  42
0.0000
  0
SEQEND
  0
POLYLINE
  8
8
  66
1
  70
0
  0
VERTEX
  8
8
  10
1010.0020
  20
-13208.5918
  42
0.0000
  0
VERTEX
  8
8
  10
1024.0018
  20
-13208.5918
  42
0.0000
  0
SEQEND
  0
POINT
  8
2
  10
1000.0030
  20
-13218.5938
  0
POINT
  8
2
  10
999.9960
  20
-13058.5938
  0
POINT
  8
2
  10
1033.9960
  20
-13058.5918
  0
POINT
  8
2
  10
1034.0031
  20
-13218.5918
  0
POINT
  8
2
  10
1000.0030
  20
-13218.5928
  0
POINT
  8
2
  10
999.9961
  20
-13058.5938
  0
POINT
  8
3
  10
1016.9960
  20
-13058.5938
  0
POINT
  8
2
  10
1033.9960
  20
-13058.5928
  0
POINT
  8
2
  10
1034.0029
  20
-13218.5918
  0
POINT
  8
3
  10
1017.0030
  20
-13218.5938
  0
POINT
  8
4
  10
1016.9960
  20
-13058.5938
  30
10.0000
  50
-89.9976
  0
POINT
  8
4
  10
1017.0030
  20
-13218.5938
  30
10.0000
  50
-90.2030
  0
POINT
  8
2
  10
1009.9960
  20
-13068.5938
  0
POINT
  8
2
  10
1010.0020
  20
-13208.5938
  0
POINT
  8
2
  10
1023.9960
  20
-13068.5918
  0
POINT
  8
2
  10
1009.9961
  20
-13068.5938
  0
POINT
  8
2
  10
1024.0020
  20
-13208.5918
  0
POINT
  8
2
  10
1023.9960
  20
-13068.5928
  0
POINT
  8
2
  10
1010.0020
  20
-13208.5918
  0
POINT
  8
2
  10
1024.0018
  20
-13208.5918
  0
TEXT
  8
2
  10
1000.0030
  20
-13218.5938
  40
8.0000
  1
# 1
  0
TEXT
  8
14
  10
1000.0030
  20
-13218.5938
  40
8.0000
  1
# 1
  0
TEXT
  8
2
  10
999.9960
  20
-13058.5938
  40
8.0000
  1
# 1
  0
TEXT
  8
14
  10
999.9960
  20
-13058.5938
  40
8.0000
  1
# 1
  0
TEXT
  8
2
  10
1033.9960
  20
-13058.5918
  40
8.0000
  1
# 1
  0
TEXT
  8
14
  10
1033.9960
  20
-13058.5918
  40
8.0000
  1
# 1
  0
TEXT
  8
2
  10
1034.0031
  20
-13218.5918
  40
8.0000
  1
# 1
  0
TEXT
  8
14
  10
1034.0031
  20
-13218.5918
  40
8.0000
  1
# 1
  0
TEXT
  8
2
  10
1000.0030
  20
-13218.5928
  40
8.0000
  1
# 122
  0
TEXT
  8
1
  10
1000.0030
  20
-13218.5928
  40
8.0000
  1
# 122
  0
TEXT
  8
2
  10
999.9961
  20
-13058.5938
  40
8.0000
  1
# 191
  0
TEXT
  8
1
  10
999.9961
  20
-13058.5938
  40
8.0000
  1
# 191
  0
TEXT
  8
3
  10
1016.9960
  20
-13058.5938
  40
8.0000
  1
# 1
  0
TEXT
  8
1
  10
1016.9960
  20
-13058.5938
  40
8.0000
  1
# 1
  0
TEXT
  8
2
  10
1033.9960
  20
-13058.5928
  40
8.0000
  1
# 448
  0
TEXT
  8
1
  10
1033.9960
  20
-13058.5928
  40
8.0000
  1
# 448
  0
TEXT
  8
2
  10
1034.0029
  20
-13218.5918
  40
8.0000
  1
# 1
  0
TEXT
  8
1
  10
1034.0029
  20
-13218.5918
  40
8.0000
  1
# 1
  0
TEXT
  8
3
  10
1017.0030
  20
-13218.5938
  40
8.0000
  1
# 1
  0
TEXT
  8
1
  10
1017.0030
  20
-13218.5938
  40
8.0000
  1
# 1
  0
TEXT
  8
4
  10
1016.9960
  20
-13058.5938
  40
8.0000
  1
# 1
  0
TEXT
  8
4
  10
1017.0030
  20
-13218.5938
  40
8.0000
  1
# 1
  0
TEXT
  8
2
  10
1009.9960
  20
-13068.5938
  40
8.0000
  1
# 1
  0
TEXT
  8
8
  10
1009.9960
  20
-13068.5938
  40
8.0000
  1
# 1
  0
TEXT
  8
2
  10
1010.0020
  20
-13208.5938
  40
8.0000
  1
# 1
  0
TEXT
  8
8
  10
1010.0020
  20
-13208.5938
  40
8.0000
  1
# 1
  0
TEXT
  8
2
  10
1023.9960
  20
-13068.5918
  40
8.0000
  1
# 1
  0
TEXT
  8
8
  10
1023.9960
  20
-13068.5918
  40
8.0000
  1
# 1
  0
TEXT
  8
2
  10
1009.9961
  20
-13068.5938
  40
8.0000
  1
# 191
  0
TEXT
  8
8
  10
1009.9961
  20
-13068.5938
  40
8.0000
  1
# 191
  0
TEXT
  8
2
  10
1024.0020
  20
-13208.5918
  40
8.0000
  1
# 1
  0
TEXT
  8
8
  10
1024.0020
  20
-13208.5918
  40
8.0000
  1
# 1
  0
TEXT
  8
2
  10
1023.9960
  20
-13068.5928
  40
8.0000
  1
# 448
  0
TEXT
  8
8
  10
1023.9960
  20
-13068.5928
  40
8.0000
  1
# 448
  0
TEXT
  8
2
  10
1010.0020
  20
-13208.5918
  40
8.0000
  1
# 1
  0
TEXT
  8
8
  10
1010.0020
  20
-13208.5918
  40
8.0000
  1
# 1
  0
TEXT
  8
2
  10
1024.0018
  20
-13208.5918
  40
8.0000
  1
# 1
  0
TEXT
  8
8
  10
1024.0018
  20
-13208.5918
  40
8.0000
  1
# 1
  0
TEXT
  8
1
  10
999.9961
  20
-13228.5918
  40
8.0000
  1
Piece Name: INS.THIN PK 4P
  0
TEXT
  8
1
  10
999.9961
  20
-13238.5918
  40
8.0000
  1
Size: 50
  0
TEXT
  8
1
  10
999.9961
  20
-13248.5918
  40
8.0000
  1
Quantity: 1
  0
TEXT
  8
1
  10
999.9961
  20
-13258.5918
  40
8.0000
  1
Annotation: 
  0
TEXT
  8
1
  10
999.9961
  20
-13268.5918
  40
8.0000
  1
Category: 
  0
LINE
  8
7
  10
1004.7020
  20
-13138.8076
  11
1028.1390
  21
-13138.8076
  0
ENDBLK
  0
BLOCK
  8
1
  2
FAC.INS.PCK_2P-S_50
  10
0.0000
  20
0.0000
70
0
  0
POLYLINE
  8
14
  66
1
  70
1
  0
VERTEX
  8
14
  10
3302.2109
  20
1000.0000
  42
0.0000
  0
VERTEX
  8
14
  10
3232.2109
  20
1000.0000
  42
0.0000
  0
VERTEX
  8
14
  10
3232.2109
  20
1180.0000
  42
0.0000
  0
VERTEX
  8
14
  10
3302.2109
  20
1180.0000
  42
0.0000
  0
SEQEND
  0
POLYLINE
  8
1
  66
1
  70
1
  0
VERTEX
  8
1
  10
3302.2107
  20
1000.0000
  42
0.0000
  0
VERTEX
  8
1
  10
3232.2109
  20
1000.0001
  42
0.0000
  0
VERTEX
  8
1
  10
3232.2112
  20
1180.0000
  42
0.0000
  0
VERTEX
  8
1
  10
3282.1851
  20
1180.0000
  42
0.0000
  0
VERTEX
  8
1
  10
3302.2109
  20
1179.9999
  42
0.0000
  0
SEQEND
  0
POINT
  8
2
  10
3302.2109
  20
1000.0000
  0
POINT
  8
2
  10
3232.2109
  20
1000.0000
  0
POINT
  8
2
  10
3232.2109
  20
1180.0000
  0
POINT
  8
2
  10
3302.2109
  20
1180.0000
  0
POINT
  8
2
  10
3302.2107
  20
1000.0000
  0
POINT
  8
2
  10
3232.2109
  20
1000.0001
  0
POINT
  8
2
  10
3232.2112
  20
1180.0000
  0
POINT
  8
3
  10
3282.1851
  20
1180.0000
  0
POINT
  8
2
  10
3302.2109
  20
1179.9999
  0
POINT
  8
4
  10
3282.1851
  20
1180.0000
  30
10.0000
  50
-90.0000
  0
TEXT
  8
2
  10
3302.2109
  20
1000.0000
  40
8.0000
  1
# 1
  0
TEXT
  8
14
  10
3302.2109
  20
1000.0000
  40
8.0000
  1
# 1
  0
TEXT
  8
2
  10
3232.2109
  20
1000.0000
  40
8.0000
  1
# 1
  0
TEXT
  8
14
  10
3232.2109
  20
1000.0000
  40
8.0000
  1
# 1
  0
TEXT
  8
2
  10
3232.2109
  20
1180.0000
  40
8.0000
  1
# 1
  0
TEXT
  8
14
  10
3232.2109
  20
1180.0000
  40
8.0000
  1
# 1
  0
TEXT
  8
2
  10
3302.2109
  20
1180.0000
  40
8.0000
  1
# 1
  0
TEXT
  8
14
  10
3302.2109
  20
1180.0000
  40
8.0000
  1
# 1
  0
TEXT
  8
2
  10
3302.2107
  20
1000.0000
  40
8.0000
  1
# 1
  0
TEXT
  8
1
  10
3302.2107
  20
1000.0000
  40
8.0000
  1
# 1
  0
TEXT
  8
2
  10
3232.2109
  20
1000.0001
  40
8.0000
  1
# 304
  0
TEXT
  8
1
  10
3232.2109
  20
1000.0001
  40
8.0000
  1
# 304
  0
TEXT
  8
2
  10
3232.2112
  20
1180.0000
  40
8.0000
  1
# 191
  0
TEXT
  8
1
  10
3232.2112
  20
1180.0000
  40
8.0000
  1
# 191
  0
TEXT
  8
3
  10
3282.1851
  20
1180.0000
  40
8.0000
  1
# 1
  0
TEXT
  8
1
  10
3282.1851
  20
1180.0000
  40
8.0000
  1
# 1
  0
TEXT
  8
2
  10
3302.2109
  20
1179.9999
  40
8.0000
  1
# 1
  0
TEXT
  8
1
  10
3302.2109
  20
1179.9999
  40
8.0000
  1
# 1
  0
TEXT
  8
4
  10
3282.1851
  20
1180.0000
  40
8.0000
  1
# 1
  0
TEXT
  8
1
  10
3232.2100
  20
989.9999
  40
8.0000
  1
Piece Name: FAC.INS.PCK 2P
  0
TEXT
  8
1
  10
3232.2100
  20
979.9999
  40
8.0000
  1
Size: 50
  0
TEXT
  8
1
  10
3232.2100
  20
969.9999
  40
8.0000
  1
Quantity: 1
  0
TEXT
  8
1
  10
3232.2100
  20
959.9999
  40
8.0000
  1
Annotation: 
  0
TEXT
  8
1
  10
3232.2100
  20
949.9999
  40
8.0000
  1
Category: 
  0
LINE
  8
7
  10
3243.9910
  20
1102.5551
  11
3288.5710
  21
1102.5551
  0
ENDBLK
  0
ENDSEC
  0
SECTION
  2
ENTITIES
  0
INSERT
  8
1
  2
RIB_CUFF_2P-S_50
  10
-1009.9995
  20
3279.8391
  0
INSERT
  8
1
  2
LINING_BACK_1P-S_50
  10
-1999.7925
  20
-830.6370
  0
INSERT
  8
1
  2
QUILT.BACK_1P2-S_50
  10
-1330.0154
  20
-847.2534
  0
INSERT
  8
1
  2
RIB_BOTTOM_1P-S_50
  10
578.2624
  20
10342.0674
  0
INSERT
  8
1
  2
LINING_UNDER_SLE_2P-S_50
  10
341.2386
  20
-1089.2886
  0
INSERT
  8
1
  2
LINING_SLEEVE_2P-S_50
  10
-1941.5850
  20
-1160.8716
  0
INSERT
  8
1
  2
FOR_SEAM_CUFF_2P-S_50
  10
1962.6223
  20
3506.4143
  0
INSERT
  8
1
  2
QUILT.SLEEVE_2P-S_50
  10
-1334.1257
  20
-1179.1940
  0
INSERT
  8
1
  2
QUILT.UNDER_SLEEVE_2P-S_50
  10
2328.2097
  20
-1113.2388
  0
INSERT
  8
1
  2
COLLAR_1P-S_50
  10
3354.6907
  20
3890.5635
  0
INSERT
  8
1
  2
TEST_20X20_CM-S_50
  10
4496.5947
  20
-42.3484
  0
INSERT
  8
1
  2
FOR_COLLAR_1P-S_50
  10
3689.1182
  20
2867.7012
  0
INSERT
  8
1
  2
TOP_INS.COLLAR_1P-S_50
  10
3762.2610
  20
3890.5598
  0
INSERT
  8
1
  2
RIB_INS.COLLAR_1P-S_50
  10
3885.4700
  20
6210.4492
  0
INSERT
  8
1
  2
INS.BT_FRONT_2P-S_50
  10
-2819.5405
  20
-1264.7405
  0
INSERT
  8
1
  2
FRONT_2P2-S_50
  10
-2729.0659
  20
-1143.4418
  0
INSERT
  8
1
  2
LINING_FRONT_2P-S_50
  10
-2053.0122
  20
-1143.4484
  0
INSERT
  8
1
  2
PIPING_POCKET_4P-S_50
  10
-1527.4736
  20
-57.3113
  0
INSERT
  8
1
  2
LINING_POCKET_4P-S_50
  10
-1203.0161
  20
-1184.9631
  0
INSERT
  8
1
  2
FACING_PCK_2P-S_50
  10
-950.3179
  20
-1123.8303
  0
INSERT
  8
1
  2
LIN.INS.PCK_LFT_1P-S_50
  10
6180.6421
  20
10253.7939
  0
INSERT
  8
1
  2
MASK_INS.PCK-S_50
  10
6315.6416
  20
1285.4089
  0
INSERT
  8
1
  2
IN_PKT_LEFT_1P-S_50
  10
6480.6421
  20
10253.7939
  0
INSERT
  8
1
  2
IN_PKT_RIGHT_1P-S_50
  10
6685.6416
  20
1285.4089
  0
INSERT
  8
1
  2
INS.LIN.PCK_4P-S_50
  10
4758.4316
  20
-1090.0000
  0
INSERT
  8
1
  2
INS.THIN_PK_4P-S_50
  10
7070.6455
  20
13138.5918
  0
INSERT
  8
1
  2
FAC.INS.PCK_2P-S_50
  10
4882.4385
  20
-1089.9999
  0
TEXT
  8
1
  10
-10.0000
  20
12.0000
  40
8.0000
  1
Style Name: VIRGILIOMIX-15-06-26-ZZ
  0
TEXT
  8
1
  10
-10.0000
  20
22.0000
  40
8.0000
  1
Creation Date: 12-06-2026
  0
TEXT
  8
1
  10
-10.0000
  20
32.0000
  40
8.0000
  1
Creation Time: 14:51
  0
TEXT
  8
1
  10
-10.0000
  20
42.0000
  40
8.0000
  1
Author: LECTRA
  0
TEXT
  8
1
  10
-10.0000
  20
52.0000
  40
8.0000
  1
Sample Size: 50
  0
TEXT
  8
1
  10
-10.0000
  20
62.0000
  40
8.0000
  1
Grade Rule Table: VIRGILIOMIX-15-06-26-ZZ
  0
TEXT
  8
1
  10
-10.0000
  20
72.0000
  40
8.0000
  1
Units: METRIC
  0
ENDSEC
  0
EOF
