  0
SECTION
  2
BLOCKS
  0
BLOCK
  8
1
  2
P0001_04
 70
64
 10
0.0000
 20
0.0000
  0
TEXT
  8
1
 10
65.6030
 20
381.0044
 40
8.0000
 50
0.0000
  1
PIECE: 後身頃下
  7
STANDARD
  0
TEXT
  8
1
 10
65.6030
 20
371.8044
 40
8.0000
 50
0.0000
  1
SIZE: S
  7
STANDARD
  0
TEXT
  8
1
 10
65.6030
 20
362.6044
 40
8.0000
 50
0.0000
  1
FABRIC: 表生地
  7
STANDARD
  0
TEXT
  8
1
 10
65.6030
 20
353.4044
 40
8.0000
 50
0.0000
  1
QUANTITY: 2
  7
STANDARD
  0
TEXT
  8
1
 10
25.7817
 20
329.8535
 40
5.0000
 50
269.9998
  1
COMMENT: 1.0/切替高
  7
STANDARD
  0
TEXT
  8
1
 10
158.2422
 20
151.8228
 40
6.0000
 50
0.0000
  1
COMMENT: 25mmステッチ
  7
STANDARD
  0
TEXT
  8
1
 10
134.7793
 20
87.3101
 40
5.0000
 50
0.0000
  1
COMMENT: 3.7/三つ折り
  7
STANDARD
  0
TEXT
  8
1
 10
267.4653
 20
311.3076
 40
5.0000
 50
90.0002
  1
COMMENT: 1.0/割り
  7
STANDARD
  0
TEXT
  8
1
 10
144.0962
 20
523.4712
 40
5.0000
 50
0.0000
  1
COMMENT: 1.0/割り
  7
STANDARD
  0
POLYLINE
999
1
  8
1
 66
1
 70
0
  0
VERTEX
999
1,1,,1
  8
1
 10
25.4102
 20
70.0000
  0
VERTEX
999
1,2
  8
1
 10
25.5850
 20
88.5005
  0
VERTEX
999
1,1,1,2
  8
1
 10
25.7544
 20
107.0000
 38
10.0171
 50
0.0000
  0
VERTEX
999
1,2
  8
1
 10
24.7314
 20
210.3760
  0
VERTEX
999
1,2
  8
1
 10
23.4805
 20
313.7666
  0
VERTEX
999
1,2
  8
1
 10
21.9312
 20
417.1523
  0
VERTEX
999
1,1,,3
  8
1
 10
20.0127
 20
520.5132
  0
VERTEX
999
1,1,,4
  8
1
 10
20.0044
 20
520.8130
  0
VERTEX
999
1,1,,5
  8
1
 10
20.0088
 20
530.8135
  0
VERTEX
999
1,2,1
  8
1
 10
203.2573
 20
530.8135
 38
10.0171
 50
270.0000
  0
VERTEX
999
1,2,1
  8
1
 10
213.2573
 20
530.8135
 38
10.0171
 50
270.0000
  0
VERTEX
999
1,1,,6
  8
1
 10
273.2739
 20
530.8135
  0
VERTEX
999
1,1,,7
  8
1
 10
273.2739
 20
520.8135
  0
VERTEX
999
1,1,,8
  8
1
 10
273.2412
 20
520.2407
  0
VERTEX
999
1,2
  8
1
 10
272.5107
 20
504.3643
  0
VERTEX
999
1,2
  8
1
 10
271.8569
 20
488.4854
  0
VERTEX
999
1,2
  8
1
 10
271.2744
 20
472.6045
  0
VERTEX
999
1,2
  8
1
 10
270.7607
 20
456.7212
  0
VERTEX
999
1,2
  8
1
 10
270.3120
 20
440.8359
  0
VERTEX
999
1,2
  8
1
 10
269.9233
 20
424.9487
  0
VERTEX
999
1,2
  8
1
 10
269.5918
 20
409.0596
  0
VERTEX
999
1,2
  8
1
 10
269.3135
 20
393.1694
  0
VERTEX
999
1,2
  8
1
 10
269.0845
 20
377.2773
  0
VERTEX
999
1,2
  8
1
 10
268.9009
 20
361.3838
  0
VERTEX
999
1,2
  8
1
 10
268.7588
 20
345.4893
  0
VERTEX
999
1,2
  8
1
 10
268.6548
 20
329.5933
  0
VERTEX
999
1,2
  8
1
 10
268.5850
 20
313.6963
  0
VERTEX
999
1,2
  8
1
 10
268.5454
 20
297.7983
  0
VERTEX
999
1,2
  8
1
 10
268.5322
 20
281.8999
  0
VERTEX
999
1,2
  8
1
 10
268.5415
 20
266.0010
  0
VERTEX
999
1,2
  8
1
 10
268.5698
 20
250.1011
  0
VERTEX
999
1,2
  8
1
 10
268.6128
 20
234.2012
  0
VERTEX
999
1,2
  8
1
 10
268.6675
 20
218.3003
  0
VERTEX
999
1,2
  8
1
 10
268.7290
 20
202.3999
  0
VERTEX
999
1,2
  8
1
 10
268.7944
 20
186.4995
  0
VERTEX
999
1,2
  8
1
 10
268.8594
 20
170.5986
  0
VERTEX
999
1,2
  8
1
 10
268.9204
 20
154.6982
  0
VERTEX
999
1,2
  8
1
 10
268.9736
 20
138.7983
  0
VERTEX
999
1,2
  8
1
 10
269.0156
 20
122.8989
  0
VERTEX
999
1,1,1,9
  8
1
 10
269.0415
 20
107.0000
 38
10.0171
 50
180.0000
  0
VERTEX
999
1,2
  8
1
 10
269.0098
 20
88.5005
  0
VERTEX
999
1,1,,10
  8
1
 10
268.9575
 20
70.0005
  0
VERTEX
999
1,1,,11
  8
1
 10
25.4102
 20
70.0000
  0
SEQEND
  0
POLYLINE
999
2
  8
1
 66
1
 70
0
  0
VERTEX
999
2,1,,12
  8
1
 10
35.7549
 20
107.0000
  0
VERTEX
999
2,2
  8
1
 10
34.7310
 20
210.4585
  0
VERTEX
999
2,2
  8
1
 10
33.4790
 20
313.9150
  0
VERTEX
999
2,2
  8
1
 10
31.9287
 20
417.3677
  0
VERTEX
999
2,1,,13
  8
1
 10
30.0088
 20
520.8135
  0
VERTEX
999
2,1,,14
  8
1
 10
263.2573
 20
520.8135
  0
VERTEX
999
2,2
  8
1
 10
262.5259
 20
504.9082
  0
VERTEX
999
2,2
  8
1
 10
261.8701
 20
489.0010
  0
VERTEX
999
2,2
  8
1
 10
261.2871
 20
473.0928
  0
VERTEX
999
2,2
  8
1
 10
260.7720
 20
457.1826
  0
VERTEX
999
2,2
  8
1
 10
260.3218
 20
441.2715
  0
VERTEX
999
2,2
  8
1
 10
259.9321
 20
425.3594
  0
VERTEX
999
2,2
  8
1
 10
259.5996
 20
409.4458
  0
VERTEX
999
2,2
  8
1
 10
259.3208
 20
393.5308
  0
VERTEX
999
2,2
  8
1
 10
259.0908
 20
377.6152
  0
VERTEX
999
2,2
  8
1
 10
258.9063
 20
361.6987
  0
VERTEX
999
2,2
  8
1
 10
258.7637
 20
345.7817
  0
VERTEX
999
2,2
  8
1
 10
258.6592
 20
329.8638
  0
VERTEX
999
2,2
  8
1
 10
258.5884
 20
313.9458
  0
VERTEX
999
2,2
  8
1
 10
258.5483
 20
298.0269
  0
VERTEX
999
2,2
  8
1
 10
258.5347
 20
282.1074
  0
VERTEX
999
2,2
  8
1
 10
258.5435
 20
266.1880
  0
VERTEX
999
2,2
  8
1
 10
258.5713
 20
250.2686
  0
VERTEX
999
2,2
  8
1
 10
258.6143
 20
234.3486
  0
VERTEX
999
2,2
  8
1
 10
258.6680
 20
218.4292
  0
VERTEX
999
2,2
  8
1
 10
258.7295
 20
202.5093
  0
VERTEX
999
2,2
  8
1
 10
258.7949
 20
186.5903
  0
VERTEX
999
2,2
  8
1
 10
258.8599
 20
170.6709
  0
VERTEX
999
2,2
  8
1
 10
258.9209
 20
154.7524
  0
VERTEX
999
2,2
  8
1
 10
258.9741
 20
138.8345
  0
VERTEX
999
2,2
  8
1
 10
259.0156
 20
122.9170
  0
VERTEX
999
2,1,,15
  8
1
 10
259.0415
 20
107.0000
  0
VERTEX
999
2,1,,16
  8
1
 10
35.7549
 20
107.0000
  0
SEQEND
  0
LINE
999
5,1,,17
  8
1
 10
35.7549
 20
107.0000
 11
45.7720
 21
107.0000
  0
LINE
999
5,1,,19
  8
1
 10
203.2573
 20
520.8135
 11
203.2573
 21
510.7964
  0
LINE
999
5,1,,21
  8
1
 10
213.2573
 20
520.8135
 11
213.2573
 21
510.7964
  0
LINE
999
5,1,,23
  8
1
 10
259.0415
 20
107.0000
 11
249.0244
 21
107.0000
  0
LINE
999
5,1,,25
  8
1
  6
1
 10
35.0732
 20
133.0049
 11
259.4370
 21
133.0049
  0
LINE
999
5,1,,27
  8
1
 10
140.0415
 20
520.8135
 11
140.0415
 21
107.0000
  0
LINE
999
5,1,,29
  8
1
 10
162.1069
 20
133.0049
 11
173.7012
 21
150.2773
  0
LINE
999
5,1,,31
  8
1
 10
166.9639
 20
108.0049
 11
173.7012
 21
150.2773
  0
ENDBLK
  0
BLOCK
  8
1
  2
P0002_05
 70
64
 10
0.0000
 20
0.0000
  0
TEXT
  8
1
 10
65.6030
 20
366.0044
 40
8.0000
 50
0.0000
  1
PIECE: 後身頃下
  7
STANDARD
  0
TEXT
  8
1
 10
65.6030
 20
356.8044
 40
8.0000
 50
0.0000
  1
SIZE: M
  7
STANDARD
  0
TEXT
  8
1
 10
65.6030
 20
347.6044
 40
8.0000
 50
0.0000
  1
FABRIC: 表生地
  7
STANDARD
  0
TEXT
  8
1
 10
65.6030
 20
338.4044
 40
8.0000
 50
0.0000
  1
QUANTITY: 2
  7
STANDARD
  0
TEXT
  8
1
 10
21.9819
 20
319.8535
 40
5.0000
 50
269.9998
  1
COMMENT: 1.0/切替高
  7
STANDARD
  0
TEXT
  8
1
 10
158.2422
 20
131.8228
 40
6.0000
 50
0.0000
  1
COMMENT: 25mmステッチ
  7
STANDARD
  0
TEXT
  8
1
 10
134.7793
 20
67.3101
 40
5.0000
 50
0.0000
  1
COMMENT: 3.7/三つ折り
  7
STANDARD
  0
TEXT
  8
1
 10
271.2656
 20
301.3076
 40
5.0000
 50
90.0002
  1
COMMENT: 1.0/割り
  7
STANDARD
  0
TEXT
  8
1
 10
144.0962
 20
508.4712
 40
5.0000
 50
0.0000
  1
COMMENT: 1.0/割り
  7
STANDARD
  0
POLYLINE
999
1
  8
1
 66
1
 70
0
  0
VERTEX
999
1,1,,1
  8
1
 10
22.6924
 20
50.0000
  0
VERTEX
999
1,2
  8
1
 10
22.9761
 20
68.5005
  0
VERTEX
999
1,1,1,2
  8
1
 10
23.2539
 20
87.0000
 38
10.0171
 50
0.0000
  0
VERTEX
999
1,2
  8
1
 10
21.6108
 20
191.6445
  0
VERTEX
999
1,2
  8
1
 10
19.7373
 20
296.2788
  0
VERTEX
999
1,2
  8
1
 10
17.5620
 20
400.8950
  0
VERTEX
999
1,1,,3
  8
1
 10
15.0142
 20
505.4839
  0
VERTEX
999
1,1,,4
  8
1
 10
15.0034
 20
505.8135
  0
VERTEX
999
1,1,,5
  8
1
 10
15.0088
 20
515.8135
  0
VERTEX
999
1,2,1
  8
1
 10
208.2573
 20
515.8135
 38
10.0171
 50
270.0000
  0
VERTEX
999
1,2,1
  8
1
 10
218.2573
 20
515.8135
 38
10.0171
 50
270.0000
  0
VERTEX
999
1,1,,6
  8
1
 10
278.2759
 20
515.8135
  0
VERTEX
999
1,1,,7
  8
1
 10
278.2759
 20
505.8135
  0
VERTEX
999
1,1,,8
  8
1
 10
278.2393
 20
505.2109
  0
VERTEX
999
1,2
  8
1
 10
277.4063
 20
489.1426
  0
VERTEX
999
1,2
  8
1
 10
276.6499
 20
473.0713
  0
VERTEX
999
1,2
  8
1
 10
275.9663
 20
456.9980
  0
VERTEX
999
1,2
  8
1
 10
275.3525
 20
440.9224
  0
VERTEX
999
1,2
  8
1
 10
274.8037
 20
424.8442
  0
VERTEX
999
1,2
  8
1
 10
274.3164
 20
408.7646
  0
VERTEX
999
1,2
  8
1
 10
273.8867
 20
392.6826
  0
VERTEX
999
1,2
  8
1
 10
273.5107
 20
376.5996
  0
VERTEX
999
1,2
  8
1
 10
273.1851
 20
360.5146
  0
VERTEX
999
1,2
  8
1
 10
272.9048
 20
344.4287
  0
VERTEX
999
1,2
  8
1
 10
272.6675
 20
328.3418
  0
VERTEX
999
1,2
  8
1
 10
272.4678
 20
312.2534
  0
VERTEX
999
1,2
  8
1
 10
272.3027
 20
296.1641
  0
VERTEX
999
1,2
  8
1
 10
272.1685
 20
280.0742
  0
VERTEX
999
1,2
  8
1
 10
272.0610
 20
263.9844
  0
VERTEX
999
1,2
  8
1
 10
271.9766
 20
247.8936
  0
VERTEX
999
1,2
  8
1
 10
271.9106
 20
231.8027
  0
VERTEX
999
1,2
  8
1
 10
271.8604
 20
215.7114
  0
VERTEX
999
1,2
  8
1
 10
271.8213
 20
199.6206
  0
VERTEX
999
1,2
  8
1
 10
271.7900
 20
183.5298
  0
VERTEX
999
1,2
  8
1
 10
271.7617
 20
167.4395
  0
VERTEX
999
1,2
  8
1
 10
271.7339
 20
151.3501
  0
VERTEX
999
1,2
  8
1
 10
271.7012
 20
135.2612
  0
VERTEX
999
1,2
  8
1
 10
271.6611
 20
119.1729
  0
VERTEX
999
1,2
  8
1
 10
271.6094
 20
103.0859
  0
VERTEX
999
1,1,1,9
  8
1
 10
271.5415
 20
87.0000
 38
10.0171
 50
180.0000
  0
VERTEX
999
1,2
  8
1
 10
271.6182
 20
68.5010
  0
VERTEX
999
1,1,,10
  8
1
 10
271.6743
 20
50.0000
  0
VERTEX
999
1,1,,11
  8
1
 10
22.6924
 20
50.0000
  0
SEQEND
  0
POLYLINE
999
2
  8
1
 66
1
 70
0
  0
VERTEX
999
2,1,,12
  8
1
 10
33.2549
 20
87.0000
  0
VERTEX
999
2,2
  8
1
 10
31.6108
 20
191.7114
  0
VERTEX
999
2,2
  8
1
 10
29.7363
 20
296.4189
  0
VERTEX
999
2,2
  8
1
 10
27.5596
 20
401.1206
  0
VERTEX
999
2,1,,13
  8
1
 10
25.0088
 20
505.8135
  0
VERTEX
999
2,1,,14
  8
1
 10
268.2573
 20
505.8135
  0
VERTEX
999
2,2
  8
1
 10
267.4229
 20
489.7192
  0
VERTEX
999
2,2
  8
1
 10
266.6650
 20
473.6230
  0
VERTEX
999
2,2
  8
1
 10
265.9805
 20
457.5249
  0
VERTEX
999
2,2
  8
1
 10
265.3652
 20
441.4248
  0
VERTEX
999
2,2
  8
1
 10
264.8154
 20
425.3232
  0
VERTEX
999
2,2
  8
1
 10
264.3271
 20
409.2197
  0
VERTEX
999
2,2
  8
1
 10
263.8965
 20
393.1147
  0
VERTEX
999
2,2
  8
1
 10
263.5195
 20
377.0088
  0
VERTEX
999
2,2
  8
1
 10
263.1929
 20
360.9009
  0
VERTEX
999
2,2
  8
1
 10
262.9121
 20
344.7925
  0
VERTEX
999
2,2
  8
1
 10
262.6733
 20
328.6831
  0
VERTEX
999
2,2
  8
1
 10
262.4731
 20
312.5723
  0
VERTEX
999
2,2
  8
1
 10
262.3076
 20
296.4609
  0
VERTEX
999
2,2
  8
1
 10
262.1729
 20
280.3491
  0
VERTEX
999
2,2
  8
1
 10
262.0645
 20
264.2368
  0
VERTEX
999
2,2
  8
1
 10
261.9795
 20
248.1240
  0
VERTEX
999
2,2
  8
1
 10
261.9136
 20
232.0107
  0
VERTEX
999
2,2
  8
1
 10
261.8628
 20
215.8975
  0
VERTEX
999
2,2
  8
1
 10
261.8232
 20
199.7842
  0
VERTEX
999
2,2
  8
1
 10
261.7910
 20
183.6709
  0
VERTEX
999
2,2
  8
1
 10
261.7627
 20
167.5581
  0
VERTEX
999
2,2
  8
1
 10
261.7344
 20
151.4453
  0
VERTEX
999
2,2
  8
1
 10
261.7021
 20
135.3330
  0
VERTEX
999
2,2
  8
1
 10
261.6616
 20
119.2212
  0
VERTEX
999
2,2
  8
1
 10
261.6094
 20
103.1104
  0
VERTEX
999
2,1,,15
  8
1
 10
261.5415
 20
87.0000
  0
VERTEX
999
2,1,,16
  8
1
 10
33.2549
 20
87.0000
  0
SEQEND
  0
LINE
999
5,1,,17
  8
1
 10
33.2549
 20
87.0000
 11
43.2720
 21
87.0000
  0
LINE
999
5,1,,19
  8
1
 10
208.2573
 20
505.8135
 11
208.2573
 21
495.7964
  0
LINE
999
5,1,,21
  8
1
 10
218.2573
 20
505.8135
 11
218.2573
 21
495.7964
  0
LINE
999
5,1,,23
  8
1
 10
261.5415
 20
87.0000
 11
251.5244
 21
87.0000
  0
LINE
999
5,1,,25
  8
1
  6
1
 10
32.5732
 20
113.0049
 11
261.9370
 21
113.0049
  0
LINE
999
5,1,,27
  8
1
 10
140.0415
 20
505.8135
 11
140.0415
 21
87.0000
  0
LINE
999
5,1,,29
  8
1
 10
162.1069
 20
113.0049
 11
173.7012
 21
130.2773
  0
LINE
999
5,1,,31
  8
1
 10
166.9639
 20
88.0049
 11
173.7012
 21
130.2773
  0
ENDBLK
  0
BLOCK
  8
1
  2
P0003_06
 70
64
 10
0.0000
 20
0.0000
  0
TEXT
  8
1
 10
65.6030
 20
346.0044
 40
8.0000
 50
0.0000
  1
PIECE: 後身頃下
  7
STANDARD
  0
TEXT
  8
1
 10
65.6030
 20
336.8044
 40
8.0000
 50
0.0000
  1
SIZE: L
  7
STANDARD
  0
TEXT
  8
1
 10
65.6030
 20
327.6044
 40
8.0000
 50
0.0000
  1
FABRIC: 表生地
  7
STANDARD
  0
TEXT
  8
1
 10
65.6030
 20
318.4044
 40
8.0000
 50
0.0000
  1
QUANTITY: 2
  7
STANDARD
  0
TEXT
  8
1
 10
18.1816
 20
309.8535
 40
5.0000
 50
269.9998
  1
COMMENT: 1.0/切替高
  7
STANDARD
  0
TEXT
  8
1
 10
158.2422
 20
101.8228
 40
6.0000
 50
0.0000
  1
COMMENT: 25mmステッチ
  7
STANDARD
  0
TEXT
  8
1
 10
134.7793
 20
37.3101
 40
5.0000
 50
0.0000
  1
COMMENT: 3.7/三つ折り
  7
STANDARD
  0
TEXT
  8
1
 10
275.0654
 20
291.3076
 40
5.0000
 50
90.0002
  1
COMMENT: 1.0/割り
  7
STANDARD
  0
TEXT
  8
1
 10
144.0962
 20
488.4712
 40
5.0000
 50
0.0000
  1
COMMENT: 1.0/割り
  7
STANDARD
  0
POLYLINE
999
1
  8
1
 66
1
 70
0
  0
VERTEX
999
1,1,,1
  8
1
 10
19.9888
 20
20.0000
  0
VERTEX
999
1,2
  8
1
 10
20.3735
 20
38.5005
  0
VERTEX
999
1,1,1,2
  8
1
 10
20.7529
 20
57.0000
 38
10.0171
 50
0.0000
  0
VERTEX
999
1,2
  8
1
 10
18.4951
 20
164.1343
  0
VERTEX
999
1,2
  8
1
 10
16.0015
 20
271.2593
  0
VERTEX
999
1,2
  8
1
 10
13.1992
 20
378.3691
  0
VERTEX
999
1,1,,3
  8
1
 10
10.0151
 20
485.4570
  0
VERTEX
999
1,1,,4
  8
1
 10
10.0024
 20
485.8135
  0
VERTEX
999
1,1,,5
  8
1
 10
10.0088
 20
495.8135
  0
VERTEX
999
1,2,1
  8
1
 10
213.2573
 20
495.8135
 38
10.0171
 50
270.0000
  0
VERTEX
999
1,2,1
  8
1
 10
223.2573
 20
495.8135
 38
10.0171
 50
270.0000
  0
VERTEX
999
1,1,,6
  8
1
 10
283.2773
 20
495.8135
  0
VERTEX
999
1,1,,7
  8
1
 10
283.2773
 20
485.8135
  0
VERTEX
999
1,1,,8
  8
1
 10
283.2373
 20
485.1841
  0
VERTEX
999
1,2
  8
1
 10
282.2944
 20
468.7354
  0
VERTEX
999
1,2
  8
1
 10
281.4302
 20
452.2837
  0
VERTEX
999
1,2
  8
1
 10
280.6411
 20
435.8296
  0
VERTEX
999
1,2
  8
1
 10
279.9224
 20
419.3726
  0
VERTEX
999
1,2
  8
1
 10
279.2705
 20
402.9136
  0
VERTEX
999
1,2
  8
1
 10
278.6816
 20
386.4521
  0
VERTEX
999
1,2
  8
1
 10
278.1519
 20
369.9888
  0
VERTEX
999
1,2
  8
1
 10
277.6772
 20
353.5234
  0
VERTEX
999
1,2
  8
1
 10
277.2534
 20
337.0566
  0
VERTEX
999
1,2
  8
1
 10
276.8770
 20
320.5879
  0
VERTEX
999
1,2
  8
1
 10
276.5435
 20
304.1177
  0
VERTEX
999
1,2
  8
1
 10
276.2495
 20
287.6465
  0
VERTEX
999
1,2
  8
1
 10
275.9902
 20
271.1738
  0
VERTEX
999
1,2
  8
1
 10
275.7632
 20
254.7002
  0
VERTEX
999
1,2
  8
1
 10
275.5630
 20
238.2261
  0
VERTEX
999
1,2
  8
1
 10
275.3862
 20
221.7510
  0
VERTEX
999
1,2
  8
1
 10
275.2290
 20
205.2754
  0
VERTEX
999
1,2
  8
1
 10
275.0874
 20
188.7998
  0
VERTEX
999
1,2
  8
1
 10
274.9575
 20
172.3237
  0
VERTEX
999
1,2
  8
1
 10
274.8354
 20
155.8477
  0
VERTEX
999
1,2
  8
1
 10
274.7168
 20
139.3716
  0
VERTEX
999
1,2
  8
1
 10
274.5981
 20
122.8960
  0
VERTEX
999
1,2
  8
1
 10
274.4751
 20
106.4209
  0
VERTEX
999
1,2
  8
1
 10
274.3442
 20
89.9458
  0
VERTEX
999
1,2
  8
1
 10
274.2012
 20
73.4722
  0
VERTEX
999
1,1,1,9
  8
1
 10
274.0420
 20
57.0000
 38
10.0171
 50
180.0000
  0
VERTEX
999
1,2
  8
1
 10
274.2158
 20
38.5000
  0
VERTEX
999
1,1,,10
  8
1
 10
274.3701
 20
19.9995
  0
VERTEX
999
1,1,,11
  8
1
 10
19.9888
 20
20.0000
  0
SEQEND
  0
POLYLINE
999
2
  8
1
 66
1
 70
0
  0
VERTEX
999
2,1,,12
  8
1
 10
30.7549
 20
57.0000
  0
VERTEX
999
2,2
  8
1
 10
28.4956
 20
164.2134
  0
VERTEX
999
2,2
  8
1
 10
26.0005
 20
271.4224
  0
VERTEX
999
2,2
  8
1
 10
23.1963
 20
378.6235
  0
VERTEX
999
2,1,,13
  8
1
 10
20.0088
 20
485.8135
  0
VERTEX
999
2,1,,14
  8
1
 10
273.2573
 20
485.8135
  0
VERTEX
999
2,2
  8
1
 10
272.3130
 20
469.3384
  0
VERTEX
999
2,2
  8
1
 10
271.4473
 20
452.8604
  0
VERTEX
999
2,2
  8
1
 10
270.6563
 20
436.3804
  0
VERTEX
999
2,2
  8
1
 10
269.9365
 20
419.8979
  0
VERTEX
999
2,2
  8
1
 10
269.2837
 20
403.4131
  0
VERTEX
999
2,2
  8
1
 10
268.6934
 20
386.9263
  0
VERTEX
999
2,2
  8
1
 10
268.1626
 20
370.4380
  0
VERTEX
999
2,2
  8
1
 10
267.6870
 20
353.9478
  0
VERTEX
999
2,2
  8
1
 10
267.2622
 20
337.4561
  0
VERTEX
999
2,2
  8
1
 10
266.8848
 20
320.9634
  0
VERTEX
999
2,2
  8
1
 10
266.5503
 20
304.4688
  0
VERTEX
999
2,2
  8
1
 10
266.2554
 20
287.9731
  0
VERTEX
999
2,2
  8
1
 10
265.9961
 20
271.4771
  0
VERTEX
999
2,2
  8
1
 10
265.7681
 20
254.9795
  0
VERTEX
999
2,2
  8
1
 10
265.5674
 20
238.4814
  0
VERTEX
999
2,2
  8
1
 10
265.3901
 20
221.9829
  0
VERTEX
999
2,2
  8
1
 10
265.2324
 20
205.4844
  0
VERTEX
999
2,2
  8
1
 10
265.0903
 20
188.9849
  0
VERTEX
999
2,2
  8
1
 10
264.9600
 20
172.4858
  0
VERTEX
999
2,2
  8
1
 10
264.8369
 20
155.9863
  0
VERTEX
999
2,2
  8
1
 10
264.7183
 20
139.4873
  0
VERTEX
999
2,2
  8
1
 10
264.5991
 20
122.9888
  0
VERTEX
999
2,2
  8
1
 10
264.4756
 20
106.4907
  0
VERTEX
999
2,2
  8
1
 10
264.3442
 20
89.9927
  0
VERTEX
999
2,2
  8
1
 10
264.2012
 20
73.4961
  0
VERTEX
999
2,1,,15
  8
1
 10
264.0415
 20
57.0000
  0
VERTEX
999
2,1,,16
  8
1
 10
30.7549
 20
57.0000
  0
SEQEND
  0
LINE
999
5,1,,17
  8
1
 10
30.7549
 20
57.0000
 11
40.7720
 21
57.0000
  0
LINE
999
5,1,,19
  8
1
 10
213.2573
 20
485.8135
 11
213.2573
 21
475.7964
  0
LINE
999
5,1,,21
  8
1
 10
223.2573
 20
485.8135
 11
223.2573
 21
475.7964
  0
LINE
999
5,1,,23
  8
1
 10
264.0415
 20
57.0000
 11
254.0244
 21
57.0000
  0
LINE
999
5,1,,25
  8
1
  6
1
 10
30.0732
 20
83.0049
 11
264.4370
 21
83.0049
  0
LINE
999
5,1,,27
  8
1
 10
140.0415
 20
485.8135
 11
140.0415
 21
57.0000
  0
LINE
999
5,1,,29
  8
1
 10
162.1069
 20
83.0049
 11
173.7012
 21
100.2773
  0
LINE
999
5,1,,31
  8
1
 10
166.9639
 20
58.0049
 11
173.7012
 21
100.2773
  0
ENDBLK
  0
BLOCK
  8
1
  2
P0004_07
 70
64
 10
0.0000
 20
0.0000
  0
TEXT
  8
1
 10
65.6030
 20
336.0044
 40
8.0000
 50
0.0000
  1
PIECE: 後身頃下
  7
STANDARD
  0
TEXT
  8
1
 10
65.6030
 20
326.8044
 40
8.0000
 50
0.0000
  1
SIZE: XL
  7
STANDARD
  0
TEXT
  8
1
 10
65.6030
 20
317.6044
 40
8.0000
 50
0.0000
  1
FABRIC: 表生地
  7
STANDARD
  0
TEXT
  8
1
 10
65.6030
 20
308.4044
 40
8.0000
 50
0.0000
  1
QUANTITY: 2
  7
STANDARD
  0
TEXT
  8
1
 10
14.3818
 20
299.8535
 40
5.0000
 50
269.9998
  1
COMMENT: 1.0/切替高
  7
STANDARD
  0
TEXT
  8
1
 10
158.2422
 20
91.8228
 40
6.0000
 50
0.0000
  1
COMMENT: 25mmステッチ
  7
STANDARD
  0
TEXT
  8
1
 10
134.7793
 20
27.3101
 40
5.0000
 50
0.0000
  1
COMMENT: 3.7/三つ折り
  7
STANDARD
  0
TEXT
  8
1
 10
278.8652
 20
281.3076
 40
5.0000
 50
90.0002
  1
COMMENT: 1.0/割り
  7
STANDARD
  0
TEXT
  8
1
 10
144.0962
 20
478.4712
 40
5.0000
 50
0.0000
  1
COMMENT: 1.0/割り
  7
STANDARD
  0
POLYLINE
999
1
  8
1
 66
1
 70
0
  0
VERTEX
999
1,1,,1
  8
1
 10
17.2793
 20
10.0000
  0
VERTEX
999
1,2
  8
1
 10
17.7681
 20
28.5000
  0
VERTEX
999
1,1,1,2
  8
1
 10
18.2515
 20
47.0000
 38
10.0171
 50
0.0000
  0
VERTEX
999
1,2
  8
1
 10
15.3691
 20
154.1221
  0
VERTEX
999
1,2
  8
1
 10
12.2515
 20
261.2368
  0
VERTEX
999
1,2
  8
1
 10
8.8247
 20
368.3403
  0
VERTEX
999
1,1,,3
  8
1
 10
5.0161
 20
475.4282
  0
VERTEX
999
1,1,,4
  8
1
 10
5.0015
 20
475.8125
  0
VERTEX
999
1,1,,5
  8
1
 10
5.0088
 20
485.8135
  0
VERTEX
999
1,2,1
  8
1
 10
218.2573
 20
485.8135
 38
10.0171
 50
270.0000
  0
VERTEX
999
1,2,1
  8
1
 10
228.2573
 20
485.8135
 38
10.0171
 50
270.0000
  0
VERTEX
999
1,1,,6
  8
1
 10
288.2793
 20
485.8135
  0
VERTEX
999
1,1,,7
  8
1
 10
288.2793
 20
475.8135
  0
VERTEX
999
1,1,,8
  8
1
 10
288.2358
 20
475.1548
  0
VERTEX
999
1,2
  8
1
 10
287.1968
 20
458.7085
  0
VERTEX
999
1,2
  8
1
 10
286.2363
 20
442.2593
  0
VERTEX
999
1,2
  8
1
 10
285.3511
 20
425.8071
  0
VERTEX
999
1,2
  8
1
 10
284.5361
 20
409.3525
  0
VERTEX
999
1,2
  8
1
 10
283.7881
 20
392.8950
  0
VERTEX
999
1,2
  8
1
 10
283.1035
 20
376.4351
  0
VERTEX
999
1,2
  8
1
 10
282.4775
 20
359.9731
  0
VERTEX
999
1,2
  8
1
 10
281.9063
 20
343.5093
  0
VERTEX
999
1,2
  8
1
 10
281.3867
 20
327.0430
  0
VERTEX
999
1,2
  8
1
 10
280.9141
 20
310.5757
  0
VERTEX
999
1,2
  8
1
 10
280.4844
 20
294.1064
  0
VERTEX
999
1,2
  8
1
 10
280.0942
 20
277.6357
  0
VERTEX
999
1,2
  8
1
 10
279.7393
 20
261.1641
  0
VERTEX
999
1,2
  8
1
 10
279.4155
 20
244.6914
  0
VERTEX
999
1,2
  8
1
 10
279.1196
 20
228.2178
  0
VERTEX
999
1,2
  8
1
 10
278.8467
 20
211.7437
  0
VERTEX
999
1,2
  8
1
 10
278.5938
 20
195.2686
  0
VERTEX
999
1,2
  8
1
 10
278.3560
 20
178.7935
  0
VERTEX
999
1,2
  8
1
 10
278.1299
 20
162.3179
  0
VERTEX
999
1,2
  8
1
 10
277.9116
 20
145.8428
  0
VERTEX
999
1,2
  8
1
 10
277.6973
 20
129.3677
  0
VERTEX
999
1,2
  8
1
 10
277.4824
 20
112.8926
  0
VERTEX
999
1,2
  8
1
 10
277.2637
 20
96.4180
  0
VERTEX
999
1,2
  8
1
 10
277.0366
 20
79.9443
  0
VERTEX
999
1,2
  8
1
 10
276.7979
 20
63.4717
  0
VERTEX
999
1,1,1,9
  8
1
 10
276.5430
 20
47.0000
 38
10.0171
 50
180.0000
  0
VERTEX
999
1,2
  8
1
 10
276.8267
 20
28.5010
  0
VERTEX
999
1,1,,10
  8
1
 10
277.0908
 20
10.0010
  0
VERTEX
999
1,1,,11
  8
1
 10
17.2793
 20
10.0000
  0
SEQEND
  0
POLYLINE
999
2
  8
1
 66
1
 70
0
  0
VERTEX
999
2,1,,12
  8
1
 10
28.2549
 20
47.0000
  0
VERTEX
999
2,2
  8
1
 10
25.3706
 20
154.2163
  0
VERTEX
999
2,2
  8
1
 10
22.2505
 20
261.4263
  0
VERTEX
999
2,2
  8
1
 10
18.8208
 20
368.6265
  0
VERTEX
999
2,1,,13
  8
1
 10
15.0088
 20
475.8135
  0
VERTEX
999
2,1,,14
  8
1
 10
278.2573
 20
475.8135
  0
VERTEX
999
2,2
  8
1
 10
277.2168
 20
459.3418
  0
VERTEX
999
2,2
  8
1
 10
276.2549
 20
442.8667
  0
VERTEX
999
2,2
  8
1
 10
275.3677
 20
426.3892
  0
VERTEX
999
2,2
  8
1
 10
274.5518
 20
409.9087
  0
VERTEX
999
2,2
  8
1
 10
273.8027
 20
393.4263
  0
VERTEX
999
2,2
  8
1
 10
273.1167
 20
376.9409
  0
VERTEX
999
2,2
  8
1
 10
272.4893
 20
360.4536
  0
VERTEX
999
2,2
  8
1
 10
271.9175
 20
343.9639
  0
VERTEX
999
2,2
  8
1
 10
271.3965
 20
327.4727
  0
VERTEX
999
2,2
  8
1
 10
270.9229
 20
310.9800
  0
VERTEX
999
2,2
  8
1
 10
270.4927
 20
294.4854
  0
VERTEX
999
2,2
  8
1
 10
270.1016
 20
277.9893
  0
VERTEX
999
2,2
  8
1
 10
269.7461
 20
261.4927
  0
VERTEX
999
2,2
  8
1
 10
269.4214
 20
244.9946
  0
VERTEX
999
2,2
  8
1
 10
269.1245
 20
228.4956
  0
VERTEX
999
2,2
  8
1
 10
268.8511
 20
211.9961
  0
VERTEX
999
2,2
  8
1
 10
268.5977
 20
195.4961
  0
VERTEX
999
2,2
  8
1
 10
268.3594
 20
178.9956
  0
VERTEX
999
2,2
  8
1
 10
268.1328
 20
162.4951
  0
VERTEX
999
2,2
  8
1
 10
267.9141
 20
145.9941
  0
VERTEX
999
2,2
  8
1
 10
267.6987
 20
129.4937
  0
VERTEX
999
2,2
  8
1
 10
267.4834
 20
112.9937
  0
VERTEX
999
2,2
  8
1
 10
267.2642
 20
96.4941
  0
VERTEX
999
2,2
  8
1
 10
267.0366
 20
79.9951
  0
VERTEX
999
2,2
  8
1
 10
266.7969
 20
63.4971
  0
VERTEX
999
2,1,,15
  8
1
 10
266.5415
 20
47.0000
  0
VERTEX
999
2,1,,16
  8
1
 10
28.2549
 20
47.0000
  0
SEQEND
  0
LINE
999
5,1,,17
  8
1
 10
28.2549
 20
47.0000
 11
38.2720
 21
47.0000
  0
LINE
999
5,1,,19
  8
1
 10
218.2573
 20
475.8135
 11
218.2573
 21
465.7964
  0
LINE
999
5,1,,21
  8
1
 10
228.2573
 20
475.8135
 11
228.2573
 21
465.7964
  0
LINE
999
5,1,,23
  8
1
 10
266.5415
 20
47.0000
 11
256.5244
 21
47.0000
  0
LINE
999
5,1,,25
  8
1
  6
1
 10
27.5732
 20
73.0049
 11
266.9370
 21
73.0049
  0
LINE
999
5,1,,27
  8
1
 10
140.0415
 20
475.8135
 11
140.0415
 21
47.0000
  0
LINE
999
5,1,,29
  8
1
 10
162.1069
 20
73.0049
 11
173.7012
 21
90.2773
  0
LINE
999
5,1,,31
  8
1
 10
166.9639
 20
48.0049
 11
173.7012
 21
90.2773
  0
ENDBLK
  0
BLOCK
  8
1
  2
P0005_08
 70
64
 10
0.0000
 20
0.0000
  0
TEXT
  8
1
 10
65.6030
 20
326.0044
 40
8.0000
 50
0.0000
  1
PIECE: 後身頃下
  7
STANDARD
  0
TEXT
  8
1
 10
65.6030
 20
316.8044
 40
8.0000
 50
0.0000
  1
SIZE: XXL
  7
STANDARD
  0
TEXT
  8
1
 10
65.6030
 20
307.6044
 40
8.0000
 50
0.0000
  1
FABRIC: 表生地
  7
STANDARD
  0
TEXT
  8
1
 10
65.6030
 20
298.4044
 40
8.0000
 50
0.0000
  1
QUANTITY: 2
  7
STANDARD
  0
TEXT
  8
1
 10
10.5815
 20
289.8535
 40
5.0000
 50
269.9998
  1
COMMENT: 1.0/切替高
  7
STANDARD
  0
TEXT
  8
1
 10
158.2422
 20
81.8228
 40
6.0000
 50
0.0000
  1
COMMENT: 25mmステッチ
  7
STANDARD
  0
TEXT
  8
1
 10
134.7793
 20
17.3101
 40
5.0000
 50
0.0000
  1
COMMENT: 3.7/三つ折り
  7
STANDARD
  0
TEXT
  8
1
 10
282.6655
 20
271.3076
 40
5.0000
 50
90.0002
  1
COMMENT: 1.0/割り
  7
STANDARD
  0
TEXT
  8
1
 10
144.0962
 20
468.4712
 40
5.0000
 50
0.0000
  1
COMMENT: 1.0/割り
  7
STANDARD
  0
POLYLINE
999
1
  8
1
 66
1
 70
0
  0
VERTEX
999
1,1,,1
  8
1
 10
14.5566
 20
0.0000
  0
VERTEX
999
1,2
  8
1
 10
15.1558
 20
18.5000
  0
VERTEX
999
1,1,1,2
  8
1
 10
15.7500
 20
37.0000
 38
10.0171
 50
0.0000
  0
VERTEX
999
1,2
  8
1
 10
12.2437
 20
144.1108
  0
VERTEX
999
1,2
  8
1
 10
8.5020
 20
251.2153
  0
VERTEX
999
1,2
  8
1
 10
4.4507
 20
358.3120
  0
VERTEX
999
1,1,,3
  8
1
 10
0.0176
 20
465.3989
  0
VERTEX
999
1,1,,4
  8
1
 10
0.0000
 20
465.8140
  0
VERTEX
999
1,1,,5
  8
1
 10
0.0088
 20
475.8135
  0
VERTEX
999
1,2,1
  8
1
 10
223.2573
 20
475.8135
 38
10.0171
 50
270.0000
  0
VERTEX
999
1,2,1
  8
1
 10
233.2573
 20
475.8135
 38
10.0171
 50
270.0000
  0
VERTEX
999
1,1,,6
  8
1
 10
293.2813
 20
475.8135
  0
VERTEX
999
1,1,,7
  8
1
 10
293.2813
 20
465.8135
  0
VERTEX
999
1,1,,8
  8
1
 10
293.2339
 20
465.1265
  0
VERTEX
999
1,2
  8
1
 10
292.0986
 20
448.6826
  0
VERTEX
999
1,2
  8
1
 10
291.0425
 20
432.2354
  0
VERTEX
999
1,2
  8
1
 10
290.0610
 20
415.7852
  0
VERTEX
999
1,2
  8
1
 10
289.1499
 20
399.3325
  0
VERTEX
999
1,2
  8
1
 10
288.3062
 20
382.8765
  0
VERTEX
999
1,2
  8
1
 10
287.5249
 20
366.4185
  0
VERTEX
999
1,2
  8
1
 10
286.8032
 20
349.9575
  0
VERTEX
999
1,2
  8
1
 10
286.1362
 20
333.4946
  0
VERTEX
999
1,2
  8
1
 10
285.5200
 20
317.0298
  0
VERTEX
999
1,2
  8
1
 10
284.9512
 20
300.5635
  0
VERTEX
999
1,2
  8
1
 10
284.4258
 20
284.0952
  0
VERTEX
999
1,2
  8
1
 10
283.9395
 20
267.6255
  0
VERTEX
999
1,2
  8
1
 10
283.4883
 20
251.1543
  0
VERTEX
999
1,2
  8
1
 10
283.0688
 20
234.6826
  0
VERTEX
999
1,2
  8
1
 10
282.6763
 20
218.2095
  0
VERTEX
999
1,2
  8
1
 10
282.3076
 20
201.7358
  0
VERTEX
999
1,2
  8
1
 10
281.9585
 20
185.2617
  0
VERTEX
999
1,2
  8
1
 10
281.6250
 20
168.7871
  0
VERTEX
999
1,2
  8
1
 10
281.3027
 20
152.3125
  0
VERTEX
999
1,2
  8
1
 10
280.9888
 20
135.8379
  0
VERTEX
999
1,2
  8
1
 10
280.6782
 20
119.3633
  0
VERTEX
999
1,2
  8
1
 10
280.3672
 20
102.8892
  0
VERTEX
999
1,2
  8
1
 10
280.0527
 20
86.4155
  0
VERTEX
999
1,2
  8
1
 10
279.7295
 20
69.9429
  0
VERTEX
999
1,2
  8
1
 10
279.3950
 20
53.4707
  0
VERTEX
999
1,1,1,9
  8
1
 10
279.0439
 20
37.0000
 38
10.0171
 50
180.0000
  0
VERTEX
999
1,2
  8
1
 10
279.4375
 20
18.5015
  0
VERTEX
999
1,1,,10
  8
1
 10
279.8120
 20
0.0010
  0
VERTEX
999
1,1,,11
  8
1
 10
14.5566
 20
0.0000
  0
SEQEND
  0
POLYLINE
999
2
  8
1
 66
1
 70
0
  0
VERTEX
999
2,1,,12
  8
1
 10
25.7549
 20
37.0000
  0
VERTEX
999
2,2
  8
1
 10
22.2456
 20
144.2188
  0
VERTEX
999
2,2
  8
1
 10
18.5005
 20
251.4297
  0
VERTEX
999
2,2
  8
1
 10
14.4458
 20
358.6294
  0
VERTEX
999
2,1,,13
  8
1
 10
10.0088
 20
465.8135
  0
VERTEX
999
2,1,,14
  8
1
 10
283.2573
 20
465.8135
  0
VERTEX
999
2,2
  8
1
 10
282.1206
 20
449.3452
  0
VERTEX
999
2,2
  8
1
 10
281.0625
 20
432.8735
  0
VERTEX
999
2,2
  8
1
 10
280.0796
 20
416.3984
  0
VERTEX
999
2,2
  8
1
 10
279.1675
 20
399.9199
  0
VERTEX
999
2,2
  8
1
 10
278.3223
 20
383.4390
  0
VERTEX
999
2,2
  8
1
 10
277.5396
 20
366.9551
  0
VERTEX
999
2,2
  8
1
 10
276.8164
 20
350.4688
  0
VERTEX
999
2,2
  8
1
 10
276.1484
 20
333.9800
  0
VERTEX
999
2,2
  8
1
 10
275.5313
 20
317.4888
  0
VERTEX
999
2,2
  8
1
 10
274.9619
 20
300.9961
  0
VERTEX
999
2,2
  8
1
 10
274.4351
 20
284.5015
  0
VERTEX
999
2,2
  8
1
 10
273.9478
 20
268.0054
  0
VERTEX
999
2,2
  8
1
 10
273.4961
 20
251.5078
  0
VERTEX
999
2,2
  8
1
 10
273.0757
 20
235.0093
  0
VERTEX
999
2,2
  8
1
 10
272.6826
 20
218.5093
  0
VERTEX
999
2,2
  8
1
 10
272.3130
 20
202.0088
  0
VERTEX
999
2,2
  8
1
 10
271.9629
 20
185.5073
  0
VERTEX
999
2,2
  8
1
 10
271.6284
 20
169.0059
  0
VERTEX
999
2,2
  8
1
 10
271.3062
 20
152.5039
  0
VERTEX
999
2,2
  8
1
 10
270.9907
 20
136.0020
  0
VERTEX
999
2,2
  8
1
 10
270.6797
 20
119.5000
  0
VERTEX
999
2,2
  8
1
 10
270.3682
 20
102.9985
  0
VERTEX
999
2,2
  8
1
 10
270.0527
 20
86.4980
  0
VERTEX
999
2,2
  8
1
 10
269.7290
 20
69.9976
  0
VERTEX
999
2,2
  8
1
 10
269.3931
 20
53.4980
  0
VERTEX
999
2,1,,15
  8
1
 10
269.0415
 20
37.0000
  0
VERTEX
999
2,1,,16
  8
1
 10
25.7549
 20
37.0000
  0
SEQEND
  0
LINE
999
5,1,,17
  8
1
 10
25.7549
 20
37.0000
 11
35.7720
 21
37.0000
  0
LINE
999
5,1,,19
  8
1
 10
223.2573
 20
465.8135
 11
223.2573
 21
455.7964
  0
LINE
999
5,1,,21
  8
1
 10
233.2573
 20
465.8135
 11
233.2573
 21
455.7964
  0
LINE
999
5,1,,23
  8
1
 10
269.0415
 20
37.0000
 11
259.0244
 21
37.0000
  0
LINE
999
5,1,,25
  8
1
  6
1
 10
25.0732
 20
63.0049
 11
269.4370
 21
63.0049
  0
LINE
999
5,1,,27
  8
1
 10
140.0415
 20
465.8135
 11
140.0415
 21
37.0000
  0
LINE
999
5,1,,29
  8
1
 10
162.1069
 20
63.0049
 11
173.7012
 21
80.2773
  0
LINE
999
5,1,,31
  8
1
 10
166.9639
 20
38.0049
 11
173.7012
 21
80.2773
  0
ENDBLK
  0
BLOCK
  8
1
  2
P0006_04
 70
64
 10
0.0000
 20
0.0000
  0
TEXT
  8
1
 10
144.4253
 20
342.8916
 40
8.0000
 50
0.0000
  1
PIECE: 左後身頃上
  7
STANDARD
  0
TEXT
  8
1
 10
144.4253
 20
333.6916
 40
8.0000
 50
0.0000
  1
SIZE: S
  7
STANDARD
  0
TEXT
  8
1
 10
144.4253
 20
324.4916
 40
8.0000
 50
0.0000
  1
FABRIC: 表生地
  7
STANDARD
  0
TEXT
  8
1
 10
144.4253
 20
315.2916
 40
8.0000
 50
0.0000
  1
QUANTITY: 1
  7
STANDARD
  0
TEXT
  8
1
 10
53.1372
 20
402.1055
 40
5.0000
 50
279.5756
  1
COMMENT: 1.0/切替高
  7
STANDARD
  0
TEXT
  8
1
 10
119.9229
 20
672.8892
 40
5.0000
 50
11.9903
  1
COMMENT: 1.0/ベルト高
  7
STANDARD
  0
TEXT
  8
1
 10
218.9053
 20
57.1782
 40
5.0000
 50
0.0000
  1
COMMENT: 1.0/割り
  7
STANDARD
  0
TEXT
  8
1
 10
251.3843
 20
483.6694
 40
6.0000
 50
0.0000
  1
COMMENT: コバステッチ
  7
STANDARD
  0
TEXT
  8
1
 10
302.4961
 20
502.1401
 40
5.0000
 50
105.8797
  1
COMMENT: 1.0/左高
  7
STANDARD
  0
TEXT
  8
1
 10
365.7451
 20
211.4063
 40
5.0000
 50
76.2607
  1
COMMENT: 1.0/割り
  7
STANDARD
  0
TEXT
  8
1
 10
114.0815
 20
596.4658
 40
5.0000
 50
10.8742
  1
COMMENT: OPEN
  7
STANDARD
  0
TEXT
  8
1
 10
114.7988
 20
568.7891
 40
6.0000
 50
0.0000
  1
COMMENT: コバステッチ
  7
STANDARD
  0
TEXT
  8
1
 10
129.8214
 20
599.3517
 40
5.0000
 50
10.1964
  1
COMMENT: 1.5cm×16cm務歯出しポケット
  7
STANDARD
  0
TEXT
  8
1
 10
130.7066
 20
594.4307
 40
5.0000
 50
10.1964
  1
COMMENT: 15cmファスナー付け
  7
STANDARD
  0
POLYLINE
999
1
  8
1
 66
1
 70
0
  0
VERTEX
999
1,1,1,1
  8
1
 10
350.7598
 20
105.5332
 38
10.0172
 50
175.3952
  0
VERTEX
999
1,2
  8
1
 10
349.1943
 20
85.2720
  0
VERTEX
999
1,1,,2
  8
1
 10
347.7725
 20
65.0000
  0
VERTEX
999
1,1,,3
  8
1
 10
347.7725
 20
55.0000
  0
VERTEX
999
1,2,1
  8
1
 10
287.7505
 20
55.0000
 38
10.0171
 50
90.0000
  0
VERTEX
999
1,2,1
  8
1
 10
277.7505
 20
55.0000
 38
10.0171
 50
90.0000
  0
VERTEX
999
1,1,,4
  8
1
 10
94.4941
 20
55.0000
  0
VERTEX
999
1,1,,5
  8
1
 10
94.4941
 20
65.0005
  0
VERTEX
999
1,2
  8
1
 10
93.6650
 20
85.5005
  0
VERTEX
999
1,1,1,6
  8
1
 10
92.7856
 20
105.9824
 38
10.0171
 50
2.6598
  0
VERTEX
999
1,2
  8
1
 10
91.9810
 20
121.0586
  0
VERTEX
999
1,2
  8
1
 10
90.9751
 20
136.1040
  0
VERTEX
999
1,2
  8
1
 10
89.7778
 20
151.1294
  0
VERTEX
999
1,2
  8
1
 10
88.3994
 20
166.1343
  0
VERTEX
999
1,2
  8
1
 10
86.8491
 20
181.1206
  0
VERTEX
999
1,2
  8
1
 10
85.1372
 20
196.0879
  0
VERTEX
999
1,2
  8
1
 10
83.2739
 20
211.0381
  0
VERTEX
999
1,2
  8
1
 10
81.2690
 20
225.9717
  0
VERTEX
999
1,2
  8
1
 10
79.1323
 20
240.8892
  0
VERTEX
999
1,2
  8
1
 10
76.8740
 20
255.7915
  0
VERTEX
999
1,2
  8
1
 10
74.5034
 20
270.6787
  0
VERTEX
999
1,2
  8
1
 10
72.0313
 20
285.5527
  0
VERTEX
999
1,2
  8
1
 10
69.4668
 20
300.4136
  0
VERTEX
999
1,2
  8
1
 10
66.8208
 20
315.2622
  0
VERTEX
999
1,2
  8
1
 10
64.1025
 20
330.0996
  0
VERTEX
999
1,2
  8
1
 10
61.3223
 20
344.9263
  0
VERTEX
999
1,2
  8
1
 10
58.4902
 20
359.7427
  0
VERTEX
999
1,2
  8
1
 10
55.6157
 20
374.5503
  0
VERTEX
999
1,2
  8
1
 10
52.7090
 20
389.3491
  0
VERTEX
999
1,1,,7
  8
1
 10
49.7798
 20
404.1406
  0
VERTEX
999
1,2
  8
1
 10
47.3599
 20
418.1343
  0
VERTEX
999
1,2
  8
1
 10
45.1611
 20
432.1621
  0
VERTEX
999
1,2
  8
1
 10
43.1782
 20
446.2212
  0
VERTEX
999
1,2
  8
1
 10
41.4067
 20
460.3086
  0
VERTEX
999
1,2
  8
1
 10
39.8413
 20
474.4214
  0
VERTEX
999
1,2
  8
1
 10
38.4775
 20
488.5557
  0
VERTEX
999
1,2
  8
1
 10
37.3101
 20
502.7090
  0
VERTEX
999
1,2
  8
1
 10
36.3340
 20
516.8779
  0
VERTEX
999
1,2
  8
1
 10
35.5449
 20
531.0601
  0
VERTEX
999
1,2
  8
1
 10
34.9375
 20
545.2515
  0
VERTEX
999
1,2
  8
1
 10
34.5068
 20
559.4492
  0
VERTEX
999
1,2
  8
1
 10
34.2480
 20
573.6509
  0
VERTEX
999
1,2
  8
1
 10
34.1567
 20
587.8525
  0
VERTEX
999
1,2
  8
1
 10
34.2271
 20
602.0518
  0
VERTEX
999
1,2
  8
1
 10
34.4551
 20
616.2446
  0
VERTEX
999
1,2
  8
1
 10
34.8354
 20
630.4292
  0
VERTEX
999
1,2
  8
1
 10
35.3633
 20
644.6016
  0
VERTEX
999
1,2
  8
1
 10
36.0337
 20
658.7588
  0
VERTEX
999
1,2
  8
1
 10
36.4526
 20
666.7686
  0
VERTEX
999
1,1,,8
  8
1
 10
36.5688
 20
668.9907
  0
VERTEX
999
1,1,,9
  8
1
 10
46.5557
 20
668.4683
  0
VERTEX
999
1,2
  8
1
 10
61.1147
 20
670.9995
  0
VERTEX
999
1,2
  8
1
 10
75.6514
 20
673.6484
  0
VERTEX
999
1,2
  8
1
 10
90.1680
 20
676.4043
  0
VERTEX
999
1,2
  8
1
 10
104.6670
 20
679.2549
  0
VERTEX
999
1,2
  8
1
 10
119.1494
 20
682.1899
  0
VERTEX
999
1,2
  8
1
 10
133.6177
 20
685.1982
  0
VERTEX
999
1,2
  8
1
 10
148.0732
 20
688.2681
  0
VERTEX
999
1,2
  8
1
 10
162.5190
 20
691.3892
  0
VERTEX
999
1,2
  8
1
 10
176.9561
 20
694.5493
  0
VERTEX
999
1,2
  8
1
 10
191.3872
 20
697.7383
  0
VERTEX
999
1,2
  8
1
 10
205.8135
 20
700.9443
  0
VERTEX
999
1,2
  8
1
 10
220.2373
 20
704.1567
  0
VERTEX
999
1,2
  8
1
 10
234.6606
 20
707.3643
  0
VERTEX
999
1,2
  8
1
 10
249.0854
 20
710.5552
  0
VERTEX
999
1,1,,10
  8
1
 10
258.8911
 20
712.7163
  0
VERTEX
999
1,2
  8
1
 10
261.0122
 20
702.9019
  0
VERTEX
999
1,2
  8
1
 10
281.3066
 20
608.9277
  0
VERTEX
999
1,1,,11
  8
1
 10
301.6372
 20
514.9624
  0
VERTEX
999
1,2
  8
1
 10
305.2603
 20
503.3984
  0
VERTEX
999
1,2
  8
1
 10
309.2793
 20
492.5166
  0
VERTEX
999
1,2
  8
1
 10
313.7212
 20
482.3135
  0
VERTEX
999
1,2
  8
1
 10
318.6123
 20
472.7832
  0
VERTEX
999
1,2
  8
1
 10
323.9790
 20
463.9214
  0
VERTEX
999
1,2
  8
1
 10
329.8477
 20
455.7241
  0
VERTEX
999
1,2
  8
1
 10
336.2441
 20
448.1855
  0
VERTEX
999
1,2
  8
1
 10
343.1958
 20
441.3022
  0
VERTEX
999
1,2
  8
1
 10
350.7046
 20
435.0884
  0
VERTEX
999
1,2
  8
1
 10
358.8047
 20
429.5220
  0
VERTEX
999
1,2
  8
1
 10
367.5151
 20
424.5908
  0
VERTEX
999
1,2
  8
1
 10
376.8564
 20
420.2832
  0
VERTEX
999
1,2
  8
1
 10
386.8486
 20
416.5859
  0
VERTEX
999
1,2
  8
1
 10
397.5103
 20
413.4878
  0
VERTEX
999
1,2
  8
1
 10
408.8628
 20
410.9766
  0
VERTEX
999
1,2
  8
1
 10
420.9248
 20
409.0391
  0
VERTEX
999
1,1,,12
  8
1
 10
431.2510
 20
407.6641
  0
VERTEX
999
1,1,,13
  8
1
 10
429.9312
 20
397.7515
  0
VERTEX
999
1,2
  8
1
 10
428.7510
 20
395.0825
  0
VERTEX
999
1,2
  8
1
 10
422.7422
 20
381.2871
  0
VERTEX
999
1,2
  8
1
 10
416.8853
 20
367.4053
  0
VERTEX
999
1,2
  8
1
 10
411.1914
 20
353.4399
  0
VERTEX
999
1,2
  8
1
 10
405.6729
 20
339.3931
  0
VERTEX
999
1,2
  8
1
 10
400.3413
 20
325.2671
  0
VERTEX
999
1,2
  8
1
 10
395.2080
 20
311.0645
  0
VERTEX
999
1,2
  8
1
 10
390.2852
 20
296.7876
  0
VERTEX
999
1,2
  8
1
 10
385.5845
 20
282.4385
  0
VERTEX
999
1,2
  8
1
 10
381.1177
 20
268.0205
  0
VERTEX
999
1,2
  8
1
 10
376.8960
 20
253.5356
  0
VERTEX
999
1,2
  8
1
 10
372.9316
 20
238.9858
  0
VERTEX
999
1,2
  8
1
 10
369.2358
 20
224.3745
  0
VERTEX
999
1,2
  8
1
 10
365.8213
 20
209.7031
  0
VERTEX
999
1,2
  8
1
 10
362.6987
 20
194.9741
  0
VERTEX
999
1,2
  8
1
 10
359.8804
 20
180.1904
  0
VERTEX
999
1,2
  8
1
 10
357.3779
 20
165.3545
  0
VERTEX
999
1,2
  8
1
 10
355.2026
 20
150.4683
  0
VERTEX
999
1,2
  8
1
 10
353.3667
 20
135.5342
  0
VERTEX
999
1,2
  8
1
 10
351.8818
 20
120.5552
  0
VERTEX
999
1,1,,14
  8
1
 10
350.7598
 20
105.5332
  0
SEQEND
  0
POLYLINE
999
2
  8
1
 66
1
 70
0
  0
VERTEX
999
2,1,,15
  8
1
 10
104.5020
 20
65.0000
  0
VERTEX
999
2,2
  8
1
 10
103.6646
 20
85.7241
  0
VERTEX
999
2,1,,16
  8
1
 10
102.7749
 20
106.4463
  0
VERTEX
999
2,2
  8
1
 10
101.9668
 20
121.5859
  0
VERTEX
999
2,2
  8
1
 10
100.9565
 20
136.7046
  0
VERTEX
999
2,2
  8
1
 10
99.7544
 20
151.8037
  0
VERTEX
999
2,2
  8
1
 10
98.3701
 20
166.8833
  0
VERTEX
999
2,2
  8
1
 10
96.8135
 20
181.9443
  0
VERTEX
999
2,2
  8
1
 10
95.0952
 20
196.9868
  0
VERTEX
999
2,2
  8
1
 10
93.2241
 20
212.0122
  0
VERTEX
999
2,2
  8
1
 10
91.2114
 20
227.0205
  0
VERTEX
999
2,2
  8
1
 10
89.0664
 20
242.0122
  0
VERTEX
999
2,2
  8
1
 10
86.7993
 20
256.9883
  0
VERTEX
999
2,2
  8
1
 10
84.4199
 20
271.9487
  0
VERTEX
999
2,2
  8
1
 10
81.9380
 20
286.8950
  0
VERTEX
999
2,2
  8
1
 10
79.3643
 20
301.8271
  0
VERTEX
999
2,2
  8
1
 10
76.7080
 20
316.7456
  0
VERTEX
999
2,2
  8
1
 10
73.9800
 20
331.6514
  0
VERTEX
999
2,2
  8
1
 10
71.1895
 20
346.5444
  0
VERTEX
999
2,2
  8
1
 10
68.3467
 20
361.4263
  0
VERTEX
999
2,2
  8
1
 10
65.4614
 20
376.2964
  0
VERTEX
999
2,2
  8
1
 10
62.5439
 20
391.1563
  0
VERTEX
999
2,1,,17
  8
1
 10
59.6045
 20
406.0063
  0
VERTEX
999
2,2
  8
1
 10
56.9248
 20
421.5933
  0
VERTEX
999
2,2
  8
1
 10
54.5215
 20
437.2251
  0
VERTEX
999
2,2
  8
1
 10
52.3877
 20
452.8979
  0
VERTEX
999
2,2
  8
1
 10
50.5171
 20
468.6069
  0
VERTEX
999
2,2
  8
1
 10
48.9019
 20
484.3472
  0
VERTEX
999
2,2
  8
1
 10
47.5356
 20
500.1147
  0
VERTEX
999
2,2
  8
1
 10
46.4111
 20
515.9038
  0
VERTEX
999
2,2
  8
1
 10
45.5215
 20
531.7104
  0
VERTEX
999
2,2
  8
1
 10
44.8599
 20
547.5303
  0
VERTEX
999
2,2
  8
1
 10
44.4189
 20
563.3579
  0
VERTEX
999
2,2
  8
1
 10
44.1914
 20
579.1895
  0
VERTEX
999
2,2
  8
1
 10
44.1714
 20
595.0195
  0
VERTEX
999
2,2
  8
1
 10
44.3511
 20
610.8442
  0
VERTEX
999
2,2
  8
1
 10
44.7236
 20
626.6582
  0
VERTEX
999
2,2
  8
1
 10
45.2822
 20
642.4570
  0
VERTEX
999
2,1,,18
  8
1
 10
46.0200
 20
658.2363
  0
VERTEX
999
2,2
  8
1
 10
60.7744
 20
660.7827
  0
VERTEX
999
2,2
  8
1
 10
75.5059
 20
663.4512
  0
VERTEX
999
2,2
  8
1
 10
90.2168
 20
666.2295
  0
VERTEX
999
2,2
  8
1
 10
104.9087
 20
669.1074
  0
VERTEX
999
2,2
  8
1
 10
119.5835
 20
672.0723
  0
VERTEX
999
2,2
  8
1
 10
134.2441
 20
675.1133
  0
VERTEX
999
2,2
  8
1
 10
148.8916
 20
678.2183
  0
VERTEX
999
2,2
  8
1
 10
163.5283
 20
681.3765
  0
VERTEX
999
2,2
  8
1
 10
178.1567
 20
684.5757
  0
VERTEX
999
2,2
  8
1
 10
192.7783
 20
687.8052
  0
VERTEX
999
2,2
  8
1
 10
207.3950
 20
691.0527
  0
VERTEX
999
2,2
  8
1
 10
222.0093
 20
694.3066
  0
VERTEX
999
2,2
  8
1
 10
236.6230
 20
697.5562
  0
VERTEX
999
2,1,,19
  8
1
 10
251.2378
 20
700.7896
  0
VERTEX
999
2,2
  8
1
 10
271.5684
 20
606.6489
  0
VERTEX
999
2,1,,20
  8
1
 10
291.9351
 20
512.5166
  0
VERTEX
999
2,2
  8
1
 10
295.8032
 20
500.1533
  0
VERTEX
999
2,2
  8
1
 10
300.1104
 20
488.5298
  0
VERTEX
999
2,2
  8
1
 10
304.8799
 20
477.6387
  0
VERTEX
999
2,2
  8
1
 10
310.1353
 20
467.4717
  0
VERTEX
999
2,2
  8
1
 10
315.8994
 20
458.0215
  0
VERTEX
999
2,2
  8
1
 10
322.1963
 20
449.2798
  0
VERTEX
999
2,2
  8
1
 10
329.0493
 20
441.2393
  0
VERTEX
999
2,2
  8
1
 10
336.4814
 20
433.8916
  0
VERTEX
999
2,2
  8
1
 10
344.5166
 20
427.2295
  0
VERTEX
999
2,2
  8
1
 10
353.1777
 20
421.2446
  0
VERTEX
999
2,2
  8
1
 10
362.4883
 20
415.9297
  0
VERTEX
999
2,2
  8
1
 10
372.4722
 20
411.2764
  0
VERTEX
999
2,2
  8
1
 10
383.1523
 20
407.2773
  0
VERTEX
999
2,2
  8
1
 10
394.5522
 20
403.9243
  0
VERTEX
999
2,2
  8
1
 10
406.6953
 20
401.2100
  0
VERTEX
999
2,1,,21
  8
1
 10
419.6050
 20
399.1265
  0
VERTEX
999
2,2
  8
1
 10
413.5283
 20
385.1753
  0
VERTEX
999
2,2
  8
1
 10
407.6064
 20
371.1401
  0
VERTEX
999
2,2
  8
1
 10
401.8506
 20
357.0234
  0
VERTEX
999
2,2
  8
1
 10
396.2734
 20
342.8267
  0
VERTEX
999
2,2
  8
1
 10
390.8857
 20
328.5513
  0
VERTEX
999
2,2
  8
1
 10
385.6997
 20
314.1997
  0
VERTEX
999
2,2
  8
1
 10
380.7266
 20
299.7734
  0
VERTEX
999
2,2
  8
1
 10
375.9785
 20
285.2739
  0
VERTEX
999
2,2
  8
1
 10
371.4668
 20
270.7036
  0
VERTEX
999
2,2
  8
1
 10
367.2031
 20
256.0635
  0
VERTEX
999
2,2
  8
1
 10
363.1997
 20
241.3560
  0
VERTEX
999
2,2
  8
1
 10
359.4673
 20
226.5830
  0
VERTEX
999
2,2
  8
1
 10
356.0186
 20
211.7461
  0
VERTEX
999
2,2
  8
1
 10
352.8643
 20
196.8467
  0
VERTEX
999
2,2
  8
1
 10
350.0166
 20
181.8872
  0
VERTEX
999
2,2
  8
1
 10
347.4873
 20
166.8691
  0
VERTEX
999
2,2
  8
1
 10
345.2876
 20
151.7939
  0
VERTEX
999
2,2
  8
1
 10
343.4297
 20
136.6641
  0
VERTEX
999
2,2
  8
1
 10
341.9248
 20
121.4810
  0
VERTEX
999
2,1,,22
  8
1
 10
340.7847
 20
106.2466
  0
VERTEX
999
2,2
  8
1
 10
339.1943
 20
85.6284
  0
VERTEX
999
2,1,,23
  8
1
 10
337.7505
 20
65.0000
  0
VERTEX
999
2,1,,24
  8
1
 10
104.5020
 20
65.0000
  0
SEQEND
  0
LINE
999
5,1,,25
  8
1
 10
102.7749
 20
106.4463
 11
112.7813
 21
106.9111
  0
LINE
999
5,1,,27
  8
1
 10
340.7847
 20
106.2466
 11
330.7998
 21
107.0508
  0
LINE
999
5,1,,29
  8
1
 10
287.7505
 20
65.0000
 11
287.7505
 21
75.0171
  0
LINE
999
5,1,,31
  8
1
 10
277.7505
 20
65.0000
 11
277.7505
 21
75.0171
  0
LINE
999
5,1,,33
  8
1
 10
102.7842
 20
106.2466
 11
340.7847
 21
106.2466
  0
LINE
999
5,1,,35
  8
1
 10
59.6045
 20
406.0063
 11
419.6050
 21
406.0063
  0
LINE
999
5,1,,37
  8
1
 10
289.8472
 20
521.7290
 11
50.6875
 21
469.7896
  0
LINE
999
5,1,,39
  8
1
 10
214.5347
 20
689.8408
 11
214.5347
 21
65.0000
  0
LINE
999
5,1,,41
  8
1
 10
111.5225
 20
596.0708
 11
197.4399
 21
612.1636
  0
LINE
999
5,1,,43
  8
1
  6
3
 10
71.3755
 20
570.7354
 11
64.9346
 21
605.1362
  0
LINE
999
5,1,,45
  8
1
  6
3
 10
248.2183
 20
603.8818
 11
71.3755
 21
570.7354
  0
LINE
999
5,1,,47
  8
1
  6
3
 10
64.9346
 20
605.1362
 11
241.7778
 21
638.2827
  0
LINE
999
5,1,,49
  8
1
 10
128.9648
 20
599.3379
 11
124.6924
 21
601.6611
  0
LINE
999
5,1,,51
  8
1
 10
125.7529
 20
595.5239
 11
128.9648
 21
599.3379
  0
LINE
999
5,1,,53
  8
1
  6
1
 10
74.8486
 20
598.3481
 11
234.9795
 21
628.3613
  0
LINE
999
5,1,,55
  8
1
  6
1
 10
238.2930
 20
610.6694
 11
78.1626
 21
580.6563
  0
LINE
999
5,1,,57
  8
1
  6
1
 10
78.1626
 20
580.6563
 11
74.8486
 21
598.3481
  0
LINE
999
5,1,,59
  8
1
 10
82.5098
 20
593.7236
 11
83.0737
 21
590.7188
  0
LINE
999
5,1,,61
  8
1
 10
83.0688
 20
590.7456
 11
83.6328
 21
587.7402
  0
LINE
999
5,1,,63
  8
1
 10
85.4849
 20
594.2822
 11
82.5098
 21
593.7236
  0
LINE
999
5,1,,65
  8
1
 10
83.6328
 20
587.7402
 11
86.6172
 21
588.3003
  0
LINE
999
5,1,,67
  8
1
 10
86.0435
 20
591.3042
 11
83.0688
 21
590.7456
  0
LINE
999
5,1,,69
  8
1
 10
85.6709
 20
594.3169
 11
86.2349
 21
591.3115
  0
LINE
999
5,1,,71
  8
1
 10
86.2300
 20
591.3394
 11
86.7939
 21
588.3335
  0
LINE
999
5,1,,73
  8
1
 10
88.6460
 20
594.8755
 11
85.6709
 21
594.3169
  0
LINE
999
5,1,,75
  8
1
 10
86.7939
 20
588.3335
 11
89.7783
 21
588.8940
  0
LINE
999
5,1,,77
  8
1
 10
89.2046
 20
591.8970
 11
86.2300
 21
591.3394
  0
LINE
999
5,1,,79
  8
1
 10
88.8320
 20
594.9102
 11
89.3965
 21
591.9048
  0
LINE
999
5,1,,81
  8
1
 10
89.3911
 20
591.9321
 11
89.9551
 21
588.9272
  0
LINE
999
5,1,,83
  8
1
 10
91.8071
 20
595.4683
 11
88.8320
 21
594.9102
  0
LINE
999
5,1,,85
  8
1
 10
89.9551
 20
588.9272
 11
92.9395
 21
589.4868
  0
LINE
999
5,1,,87
  8
1
 10
92.3657
 20
592.4907
 11
89.3911
 21
591.9321
  0
LINE
999
5,1,,89
  8
1
 10
91.9932
 20
595.5034
 11
92.5576
 21
592.4980
  0
LINE
999
5,1,,91
  8
1
 10
92.5522
 20
592.5249
 11
93.1162
 21
589.5200
  0
LINE
999
5,1,,93
  8
1
 10
94.9683
 20
596.0620
 11
91.9932
 21
595.5034
  0
LINE
999
5,1,,95
  8
1
 10
93.1162
 20
589.5200
 11
96.1006
 21
590.0801
  0
LINE
999
5,1,,97
  8
1
 10
95.5269
 20
593.0835
 11
92.5522
 21
592.5249
  0
LINE
999
5,1,,99
  8
1
 10
95.1543
 20
596.0972
 11
95.7188
 21
593.0913
  0
LINE
999
5,1,,101
  8
1
 10
95.7134
 20
593.1187
 11
96.2773
 21
590.1133
  0
LINE
999
5,1,,103
  8
1
 10
98.1294
 20
596.6548
 11
95.1543
 21
596.0972
  0
LINE
999
5,1,,105
  8
1
 10
96.2773
 20
590.1133
 11
99.2617
 21
590.6733
  0
LINE
999
5,1,,107
  8
1
 10
98.6880
 20
593.6772
 11
95.7134
 21
593.1187
  0
LINE
999
5,1,,109
  8
1
 10
98.3154
 20
596.6899
 11
98.8799
 21
593.6841
  0
LINE
999
5,1,,111
  8
1
 10
98.8745
 20
593.7119
 11
99.4385
 21
590.7065
  0
LINE
999
5,1,,113
  8
1
 10
101.2905
 20
597.2485
 11
98.3154
 21
596.6899
  0
LINE
999
5,1,,115
  8
1
 10
99.4385
 20
590.7065
 11
102.4229
 21
591.2666
  0
LINE
999
5,1,,117
  8
1
 10
101.8496
 20
594.2700
 11
98.8745
 21
593.7119
  0
LINE
999
5,1,,119
  8
1
 10
101.4771
 20
597.2832
 11
102.0410
 21
594.2778
  0
LINE
999
5,1,,121
  8
1
 10
102.0356
 20
594.3052
 11
102.5996
 21
591.2998
  0
LINE
999
5,1,,123
  8
1
 10
104.4517
 20
597.8413
 11
101.4771
 21
597.2832
  0
LINE
999
5,1,,125
  8
1
 10
102.5996
 20
591.2998
 11
105.5840
 21
591.8604
  0
LINE
999
5,1,,127
  8
1
 10
105.0107
 20
594.8633
 11
102.0356
 21
594.3052
  0
LINE
999
5,1,,129
  8
1
 10
104.6382
 20
597.8765
 11
105.2021
 21
594.8711
  0
LINE
999
5,1,,131
  8
1
 10
105.1968
 20
594.8984
 11
105.7607
 21
591.8926
  0
LINE
999
5,1,,133
  8
1
 10
107.6128
 20
598.4341
 11
104.6382
 21
597.8765
  0
LINE
999
5,1,,135
  8
1
 10
110.7739
 20
599.0278
 11
107.7993
 21
598.4692
  0
LINE
999
5,1,,137
  8
1
 10
105.7607
 20
591.8926
 11
108.7456
 21
592.4531
  0
LINE
999
5,1,,139
  8
1
 10
108.1719
 20
595.4570
 11
105.1968
 21
594.8984
  0
LINE
999
5,1,,141
  8
1
 10
107.7993
 20
598.4692
 11
108.3633
 21
595.4644
  0
LINE
999
5,1,,143
  8
1
 10
111.3477
 20
596.0244
 11
110.7739
 21
599.0278
  0
LINE
999
5,1,,145
  8
1
 10
108.3579
 20
595.4917
 11
108.9219
 21
592.4863
  0
LINE
999
5,1,,147
  8
1
 10
108.9219
 20
592.4863
 11
111.9063
 21
593.0464
  0
LINE
999
5,1,,149
  8
1
 10
111.9063
 20
593.0464
 11
111.3330
 21
596.0498
  0
LINE
999
5,1,,151
  8
1
 10
111.3330
 20
596.0498
 11
108.3579
 21
595.4917
  0
LINE
999
5,1,,153
  8
1
 10
76.5991
 20
597.1504
 11
233.7813
 21
626.6108
  0
LINE
999
5,1,,155
  8
1
 10
236.5425
 20
611.8672
 11
79.3608
 21
582.4067
  0
LINE
999
5,1,,157
  8
1
 10
79.3608
 20
582.4067
 11
76.5991
 21
597.1504
  0
LINE
999
5,1,,159
  8
1
  6
1
 10
234.9795
 20
628.3613
 11
238.2930
 21
610.6694
  0
LINE
999
5,1,,161
  8
1
 10
221.3423
 20
616.6626
 11
221.9058
 21
613.6567
  0
LINE
999
5,1,,163
  8
1
 10
218.9390
 20
613.1001
 11
221.7402
 21
613.6255
  0
LINE
999
5,1,,165
  8
1
  6
3
 10
241.7778
 20
638.2827
 11
248.2183
 21
603.8818
  0
LINE
999
5,1,,167
  8
1
 10
218.3745
 20
616.1055
 11
218.9390
 21
613.1001
  0
LINE
999
5,1,,169
  8
1
 10
215.9717
 20
612.5435
 11
218.7729
 21
613.0688
  0
LINE
999
5,1,,171
  8
1
 10
215.4077
 20
615.5488
 11
215.9717
 21
612.5435
  0
LINE
999
5,1,,173
  8
1
 10
213.0039
 20
611.9868
 11
215.8057
 21
612.5122
  0
LINE
999
5,1,,175
  8
1
 10
212.4404
 20
614.9922
 11
213.0039
 21
611.9868
  0
LINE
999
5,1,,177
  8
1
 10
210.0371
 20
611.4297
 11
212.8379
 21
611.9556
  0
LINE
999
5,1,,179
  8
1
 10
209.4731
 20
614.4351
 11
210.0371
 21
611.4297
  0
LINE
999
5,1,,181
  8
1
 10
207.0693
 20
610.8730
 11
209.8706
 21
611.3989
  0
LINE
999
5,1,,183
  8
1
 10
205.9473
 20
616.8564
 11
206.5107
 21
613.8511
  0
LINE
999
5,1,,185
  8
1
 10
206.5059
 20
613.8784
 11
207.0693
 21
610.8730
  0
LINE
999
5,1,,187
  8
1
 10
209.2979
 20
614.4023
 11
206.5059
 21
613.8784
  0
LINE
999
5,1,,189
  8
1
 10
204.1021
 20
610.3169
 11
206.9038
 21
610.8418
  0
LINE
999
5,1,,191
  8
1
 10
202.9795
 20
616.2998
 11
203.5435
 21
613.2939
  0
LINE
999
5,1,,193
  8
1
 10
203.5381
 20
613.3218
 11
204.1021
 21
610.3169
  0
LINE
999
5,1,,195
  8
1
 10
206.3306
 20
613.8457
 11
203.5381
 21
613.3218
  0
LINE
999
5,1,,197
  8
1
 10
201.1348
 20
609.7593
 11
203.9360
 21
610.2852
  0
LINE
999
5,1,,199
  8
1
 10
198.1670
 20
609.2031
 11
200.9692
 21
609.7290
  0
LINE
999
5,1,,201
  8
1
 10
197.0444
 20
615.1865
 11
197.6084
 21
612.1807
  0
LINE
999
5,1,,203
  8
1
 10
197.6035
 20
612.2085
 11
198.1670
 21
609.2031
  0
LINE
999
5,1,,205
  8
1
 10
200.0122
 20
615.7427
 11
200.5757
 21
612.7378
  0
LINE
999
5,1,,207
  8
1
 10
200.5708
 20
612.7656
 11
201.1348
 21
609.7593
  0
LINE
999
5,1,,209
  8
1
 10
203.3628
 20
613.2891
 11
200.5708
 21
612.7656
  0
LINE
999
5,1,,211
  8
1
 10
200.3960
 20
612.7319
 11
197.6035
 21
612.2085
  0
LINE
999
5,1,,213
  8
1
 10
233.7813
 20
626.6108
 11
236.5425
 21
611.8672
  0
LINE
999
5,1,,215
  8
1
 10
221.9058
 20
613.6567
 11
224.7075
 21
614.1826
  0
LINE
999
5,1,,217
  8
1
 10
229.5918
 20
636.0034
 11
202.5269
 21
595.3145
  0
LINE
999
5,1,,219
  8
1
 10
232.3354
 20
636.5127
 11
205.2700
 21
595.8335
  0
LINE
999
5,1,,221
  8
1
 10
226.8486
 20
635.4844
 11
199.7832
 21
594.8057
  0
LINE
999
5,1,,223
  8
1
 10
220.6084
 20
619.6074
 11
217.8159
 21
619.0835
  0
LINE
999
5,1,,225
  8
1
 10
220.7832
 20
619.6401
 11
221.3472
 21
616.6348
  0
LINE
999
5,1,,227
  8
1
 10
224.1348
 20
617.1860
 11
221.3423
 21
616.6626
  0
LINE
999
5,1,,229
  8
1
 10
217.6411
 20
619.0508
 11
214.8491
 21
618.5269
  0
LINE
999
5,1,,231
  8
1
 10
217.8159
 20
619.0835
 11
218.3804
 21
616.0776
  0
LINE
999
5,1,,233
  8
1
 10
221.1675
 20
616.6299
 11
218.3745
 21
616.1055
  0
LINE
999
5,1,,235
  8
1
 10
214.6743
 20
618.4937
 11
211.8813
 21
617.9702
  0
LINE
999
5,1,,237
  8
1
 10
214.8491
 20
618.5269
 11
215.4126
 21
615.5215
  0
LINE
999
5,1,,239
  8
1
 10
218.1997
 20
616.0728
 11
215.4077
 21
615.5488
  0
LINE
999
5,1,,241
  8
1
 10
211.7065
 20
617.9370
 11
208.9146
 21
617.4131
  0
LINE
999
5,1,,243
  8
1
 10
211.8813
 20
617.9702
 11
212.4453
 21
614.9644
  0
LINE
999
5,1,,245
  8
1
 10
215.2329
 20
615.5156
 11
212.4404
 21
614.9922
  0
LINE
999
5,1,,247
  8
1
 10
208.7393
 20
617.3804
 11
205.9473
 21
616.8564
  0
LINE
999
5,1,,249
  8
1
 10
208.9146
 20
617.4131
 11
209.4785
 21
614.4082
  0
LINE
999
5,1,,251
  8
1
 10
212.2651
 20
614.9595
 11
209.4731
 21
614.4351
  0
LINE
999
5,1,,253
  8
1
 10
205.7720
 20
616.8237
 11
202.9795
 21
616.2998
  0
LINE
999
5,1,,255
  8
1
 10
202.8042
 20
616.2671
 11
200.0122
 21
615.7427
  0
LINE
999
5,1,,257
  8
1
 10
199.8374
 20
615.7104
 11
197.0444
 21
615.1865
  0
LINE
999
5,1,,259
  8
1
 10
229.5103
 20
621.2773
 11
226.7183
 21
620.7539
  0
LINE
999
5,1,,261
  8
1
 10
230.0830
 20
618.2739
 11
229.5103
 21
621.2773
  0
LINE
999
5,1,,263
  8
1
 10
230.6426
 20
615.2959
 11
230.0693
 21
618.2993
  0
LINE
999
5,1,,265
  8
1
 10
226.5430
 20
620.7212
 11
223.7510
 21
620.1973
  0
LINE
999
5,1,,267
  8
1
 10
227.8408
 20
614.7705
 11
230.6426
 21
615.2959
  0
LINE
999
5,1,,269
  8
1
 10
226.7183
 20
620.7539
 11
227.2822
 21
617.7480
  0
LINE
999
5,1,,271
  8
1
 10
227.2769
 20
617.7754
 11
227.8408
 21
614.7705
  0
LINE
999
5,1,,273
  8
1
 10
230.0693
 20
618.2993
 11
227.2769
 21
617.7754
  0
LINE
999
5,1,,275
  8
1
 10
223.5757
 20
620.1641
 11
220.7832
 21
619.6401
  0
LINE
999
5,1,,277
  8
1
 10
224.8735
 20
614.2139
 11
227.6748
 21
614.7388
  0
LINE
999
5,1,,279
  8
1
 10
223.7510
 20
620.1973
 11
224.3145
 21
617.1914
  0
LINE
999
5,1,,281
  8
1
 10
224.3096
 20
617.2188
 11
224.8735
 21
614.2139
  0
LINE
999
5,1,,283
  8
1
 10
227.1016
 20
617.7427
 11
224.3096
 21
617.2188
  0
LINE
999
5,1,,285
  8
1
 10
134.7417
 20
591.2607
 11
128.1089
 21
583.7769
  0
LINE
999
5,1,,287
  8
1
 10
134.7417
 20
591.2607
 11
128.2905
 21
574.9258
  0
LINE
999
5,1,,289
  8
1
 10
290.4805
 20
512.1479
 11
270.2271
 21
490.0029
  0
LINE
999
5,1,,291
  8
1
 10
290.4805
 20
512.1479
 11
281.6152
 21
507.5220
  0
POLYLINE
999
5
  8
1
  6
1
 66
1
 70
0
  0
VERTEX
999
5,1,,293
  8
1
 10
418.9995
 20
397.7065
  0
VERTEX
999
5,2
  8
1
 10
406.0181
 20
399.8262
  0
VERTEX
999
5,2
  8
1
 10
393.8047
 20
402.5820
  0
VERTEX
999
5,2
  8
1
 10
382.3354
 20
405.9819
  0
VERTEX
999
5,2
  8
1
 10
371.5874
 20
410.0332
  0
VERTEX
999
5,2
  8
1
 10
361.5376
 20
414.7437
  0
VERTEX
999
5,2
  8
1
 10
352.1631
 20
420.1196
  0
VERTEX
999
5,2
  8
1
 10
343.4409
 20
426.1694
  0
VERTEX
999
5,2
  8
1
 10
335.3477
 20
432.9004
  0
VERTEX
999
5,2
  8
1
 10
327.8604
 20
440.3193
  0
VERTEX
999
5,2
  8
1
 10
320.9561
 20
448.4346
  0
VERTEX
999
5,2
  8
1
 10
314.6113
 20
457.2524
  0
VERTEX
999
5,2
  8
1
 10
308.8042
 20
466.7808
  0
VERTEX
999
5,2
  8
1
 10
303.5103
 20
477.0273
  0
VERTEX
999
5,2
  8
1
 10
298.7070
 20
487.9990
  0
VERTEX
999
5,2
  8
1
 10
294.3716
 20
499.7036
  0
VERTEX
999
5,1,,294
  8
1
 10
290.4805
 20
512.1479
  0
SEQEND
  0
POLYLINE
999
5
  8
1
  6
1
 66
1
 70
0
  0
VERTEX
999
5,1,,295
  8
1
 10
290.4805
 20
512.1479
  0
VERTEX
999
5,2
  8
1
 10
270.1074
 20
606.3081
  0
VERTEX
999
5,1,,296
  8
1
 10
249.7710
 20
700.4761
  0
SEQEND
  0
ENDBLK
  0
BLOCK
  8
1
  2
P0007_05
 70
64
 10
0.0000
 20
0.0000
  0
TEXT
  8
1
 10
144.4253
 20
332.8916
 40
8.0000
 50
0.0000
  1
PIECE: 左後身頃上
  7
STANDARD
  0
TEXT
  8
1
 10
144.4253
 20
323.6916
 40
8.0000
 50
0.0000
  1
SIZE: M
  7
STANDARD
  0
TEXT
  8
1
 10
144.4253
 20
314.4916
 40
8.0000
 50
0.0000
  1
FABRIC: 表生地
  7
STANDARD
  0
TEXT
  8
1
 10
144.4253
 20
305.2916
 40
8.0000
 50
0.0000
  1
QUANTITY: 1
  7
STANDARD
  0
TEXT
  8
1
 10
48.1372
 20
392.1055
 40
5.0000
 50
279.5756
  1
COMMENT: 1.0/切替高
  7
STANDARD
  0
TEXT
  8
1
 10
116.4229
 20
673.8892
 40
5.0000
 50
11.9903
  1
COMMENT: 1.0/ベルト高
  7
STANDARD
  0
TEXT
  8
1
 10
218.9053
 20
42.1782
 40
5.0000
 50
0.0000
  1
COMMENT: 1.0/割り
  7
STANDARD
  0
TEXT
  8
1
 10
256.8843
 20
475.6694
 40
6.0000
 50
0.0000
  1
COMMENT: コバステッチ
  7
STANDARD
  0
TEXT
  8
1
 10
307.9961
 20
494.1401
 40
5.0000
 50
105.8797
  1
COMMENT: 1.0/左高
  7
STANDARD
  0
TEXT
  8
1
 10
370.7451
 20
203.9063
 40
5.0000
 50
76.2607
  1
COMMENT: 1.0/割り
  7
STANDARD
  0
TEXT
  8
1
 10
110.5815
 20
597.4658
 40
5.0000
 50
10.8742
  1
COMMENT: OPEN
  7
STANDARD
  0
TEXT
  8
1
 10
111.2988
 20
569.7891
 40
6.0000
 50
0.0000
  1
COMMENT: コバステッチ
  7
STANDARD
  0
TEXT
  8
1
 10
126.3214
 20
600.3517
 40
5.0000
 50
10.1964
  1
COMMENT: 1.5cm×16cm務歯出しポケット
  7
STANDARD
  0
TEXT
  8
1
 10
127.2065
 20
595.4307
 40
5.0000
 50
10.1964
  1
COMMENT: 15cmファスナー付け
  7
STANDARD
  0
POLYLINE
999
1
  8
1
 66
1
 70
0
  0
VERTEX
999
1,1,1,1
  8
1
 10
355.7612
 20
90.5537
 38
10.0172
 50
175.3952
  0
VERTEX
999
1,2
  8
1
 10
354.1963
 20
70.2822
  0
VERTEX
999
1,1,,2
  8
1
 10
352.7725
 20
50.0005
  0
VERTEX
999
1,1,,3
  8
1
 10
352.7725
 20
40.0000
  0
VERTEX
999
1,2,1
  8
1
 10
292.7505
 20
40.0000
 38
10.0171
 50
90.0000
  0
VERTEX
999
1,2,1
  8
1
 10
282.7505
 20
40.0000
 38
10.0171
 50
90.0000
  0
VERTEX
999
1,1,,4
  8
1
 10
89.4941
 20
40.0000
  0
VERTEX
999
1,1,,5
  8
1
 10
89.4941
 20
49.9990
  0
VERTEX
999
1,2
  8
1
 10
88.6650
 20
70.5010
  0
VERTEX
999
1,1,1,6
  8
1
 10
87.7847
 20
91.0059
 38
10.0171
 50
2.5256
  0
VERTEX
999
1,2
  8
1
 10
87.0024
 20
106.3179
  0
VERTEX
999
1,2
  8
1
 10
86.0156
 20
121.6118
  0
VERTEX
999
1,2
  8
1
 10
84.8340
 20
136.8862
  0
VERTEX
999
1,2
  8
1
 10
83.4683
 20
152.1411
  0
VERTEX
999
1,2
  8
1
 10
81.9272
 20
167.3779
  0
VERTEX
999
1,2
  8
1
 10
80.2227
 20
182.5962
  0
VERTEX
999
1,2
  8
1
 10
78.3638
 20
197.7974
  0
VERTEX
999
1,2
  8
1
 10
76.3608
 20
212.9814
  0
VERTEX
999
1,2
  8
1
 10
74.2241
 20
228.1494
  0
VERTEX
999
1,2
  8
1
 10
71.9634
 20
243.3013
  0
VERTEX
999
1,2
  8
1
 10
69.5894
 20
258.4385
  0
VERTEX
999
1,2
  8
1
 10
67.1123
 20
273.5610
  0
VERTEX
999
1,2
  8
1
 10
64.5415
 20
288.6694
  0
VERTEX
999
1,2
  8
1
 10
61.8882
 20
303.7646
  0
VERTEX
999
1,2
  8
1
 10
59.1616
 20
318.8472
  0
VERTEX
999
1,2
  8
1
 10
56.3721
 20
333.9175
  0
VERTEX
999
1,2
  8
1
 10
53.5303
 20
348.9761
  0
VERTEX
999
1,2
  8
1
 10
50.6460
 20
364.0234
  0
VERTEX
999
1,2
  8
1
 10
47.7295
 20
379.0605
  0
VERTEX
999
1,1,,7
  8
1
 10
44.7905
 20
394.0874
  0
VERTEX
999
1,2
  8
1
 10
42.0845
 20
408.5938
  0
VERTEX
999
1,2
  8
1
 10
39.6074
 20
423.1416
  0
VERTEX
999
1,2
  8
1
 10
37.3545
 20
437.7266
  0
VERTEX
999
1,2
  8
1
 10
35.3208
 20
452.3457
  0
VERTEX
999
1,2
  8
1
 10
33.5015
 20
466.9951
  0
VERTEX
999
1,2
  8
1
 10
31.8906
 20
481.6714
  0
VERTEX
999
1,2
  8
1
 10
30.4839
 20
496.3716
  0
VERTEX
999
1,2
  8
1
 10
29.2764
 20
511.0913
  0
VERTEX
999
1,2
  8
1
 10
28.2627
 20
525.8281
  0
VERTEX
999
1,2
  8
1
 10
27.4375
 20
540.5776
  0
VERTEX
999
1,2
  8
1
 10
26.7964
 20
555.3369
  0
VERTEX
999
1,2
  8
1
 10
26.3335
 20
570.1025
  0
VERTEX
999
1,2
  8
1
 10
26.0444
 20
584.8701
  0
VERTEX
999
1,2
  8
1
 10
25.9243
 20
599.6372
  0
VERTEX
999
1,2
  8
1
 10
25.9673
 20
614.4004
  0
VERTEX
999
1,2
  8
1
 10
26.1694
 20
629.1553
  0
VERTEX
999
1,2
  8
1
 10
26.5244
 20
643.8984
  0
VERTEX
999
1,2
  8
1
 10
27.0278
 20
658.6274
  0
VERTEX
999
1,2
  8
1
 10
27.3462
 20
666.7725
  0
VERTEX
999
1,1,,8
  8
1
 10
27.4263
 20
668.8306
  0
VERTEX
999
1,1,,9
  8
1
 10
37.4189
 20
668.4395
  0
VERTEX
999
1,2
  8
1
 10
50.9546
 20
670.7471
  0
VERTEX
999
1,2
  8
1
 10
64.4727
 20
673.1519
  0
VERTEX
999
1,2
  8
1
 10
77.9741
 20
675.6455
  0
VERTEX
999
1,2
  8
1
 10
91.4600
 20
678.2207
  0
VERTEX
999
1,2
  8
1
 10
104.9326
 20
680.8691
  0
VERTEX
999
1,2
  8
1
 10
118.3926
 20
683.5825
  0
VERTEX
999
1,2
  8
1
 10
131.8413
 20
686.3535
  0
VERTEX
999
1,2
  8
1
 10
145.2808
 20
689.1743
  0
VERTEX
999
1,2
  8
1
 10
158.7114
 20
692.0361
  0
VERTEX
999
1,2
  8
1
 10
172.1353
 20
694.9316
  0
VERTEX
999
1,2
  8
1
 10
185.5537
 20
697.8525
  0
VERTEX
999
1,2
  8
1
 10
198.9683
 20
700.7905
  0
VERTEX
999
1,2
  8
1
 10
212.3794
 20
703.7388
  0
VERTEX
999
1,2
  8
1
 10
225.7896
 20
706.6885
  0
VERTEX
999
1,2
  8
1
 10
239.1997
 20
709.6318
  0
VERTEX
999
1,2
  8
1
 10
252.6108
 20
712.5610
  0
VERTEX
999
1,1,,10
  8
1
 10
262.4043
 20
714.6924
  0
VERTEX
999
1,2
  8
1
 10
264.5137
 20
704.8940
  0
VERTEX
999
1,2
  8
1
 10
285.8125
 20
605.8955
  0
VERTEX
999
1,1,,11
  8
1
 10
307.1494
 20
506.9058
  0
VERTEX
999
1,2
  8
1
 10
310.6704
 20
495.2256
  0
VERTEX
999
1,2
  8
1
 10
314.5981
 20
484.2285
  0
VERTEX
999
1,2
  8
1
 10
318.9585
 20
473.9097
  0
VERTEX
999
1,2
  8
1
 10
323.7783
 20
464.2642
  0
VERTEX
999
1,2
  8
1
 10
329.0840
 20
455.2866
  0
VERTEX
999
1,2
  8
1
 10
334.9023
 20
446.9727
  0
VERTEX
999
1,2
  8
1
 10
341.2598
 20
439.3164
  0
VERTEX
999
1,2
  8
1
 10
348.1821
 20
432.3140
  0
VERTEX
999
1,2
  8
1
 10
355.6694
 20
425.9824
  0
VERTEX
999
1,2
  8
1
 10
363.7578
 20
420.2959
  0
VERTEX
999
1,2
  8
1
 10
372.4678
 20
415.2422
  0
VERTEX
999
1,2
  8
1
 10
381.8188
 20
410.8081
  0
VERTEX
999
1,2
  8
1
 10
391.8306
 20
406.9819
  0
VERTEX
999
1,2
  8
1
 10
402.5234
 20
403.7510
  0
VERTEX
999
1,2
  8
1
 10
413.9165
 20
401.1025
  0
VERTEX
999
1,2
  8
1
 10
426.0303
 20
399.0244
  0
VERTEX
999
1,1,,12
  8
1
 10
436.2979
 20
397.5459
  0
VERTEX
999
1,1,,13
  8
1
 10
434.8726
 20
387.6479
  0
VERTEX
999
1,2
  8
1
 10
433.7676
 20
385.1211
  0
VERTEX
999
1,2
  8
1
 10
427.7212
 20
371.0767
  0
VERTEX
999
1,2
  8
1
 10
421.8301
 20
356.9453
  0
VERTEX
999
1,2
  8
1
 10
416.1060
 20
342.7295
  0
VERTEX
999
1,2
  8
1
 10
410.5605
 20
328.4316
  0
VERTEX
999
1,2
  8
1
 10
405.2056
 20
314.0547
  0
VERTEX
999
1,2
  8
1
 10
400.0527
 20
299.6001
  0
VERTEX
999
1,2
  8
1
 10
395.1143
 20
285.0713
  0
VERTEX
999
1,2
  8
1
 10
390.4019
 20
270.4707
  0
VERTEX
999
1,2
  8
1
 10
385.9268
 20
255.8003
  0
VERTEX
999
1,2
  8
1
 10
381.7017
 20
241.0630
  0
VERTEX
999
1,2
  8
1
 10
377.7373
 20
226.2607
  0
VERTEX
999
1,2
  8
1
 10
374.0464
 20
211.3970
  0
VERTEX
999
1,2
  8
1
 10
370.6401
 20
196.4736
  0
VERTEX
999
1,2
  8
1
 10
367.5303
 20
181.4932
  0
VERTEX
999
1,2
  8
1
 10
364.7290
 20
166.4585
  0
VERTEX
999
1,2
  8
1
 10
362.2480
 20
151.3716
  0
VERTEX
999
1,2
  8
1
 10
360.0986
 20
136.2349
  0
VERTEX
999
1,2
  8
1
 10
358.2935
 20
121.0518
  0
VERTEX
999
1,2
  8
1
 10
356.8438
 20
105.8237
  0
VERTEX
999
1,1,,14
  8
1
 10
355.7612
 20
90.5537
  0
SEQEND
  0
POLYLINE
999
2
  8
1
 66
1
 70
0
  0
VERTEX
999
2,1,,15
  8
1
 10
99.5020
 20
50.0000
  0
VERTEX
999
2,2
  8
1
 10
98.6646
 20
70.7241
  0
VERTEX
999
2,1,,16
  8
1
 10
97.7749
 20
91.4463
  0
VERTEX
999
2,2
  8
1
 10
96.9893
 20
106.8350
  0
VERTEX
999
2,2
  8
1
 10
95.9985
 20
122.2036
  0
VERTEX
999
2,2
  8
1
 10
94.8120
 20
137.5522
  0
VERTEX
999
2,2
  8
1
 10
93.4404
 20
152.8818
  0
VERTEX
999
2,2
  8
1
 10
91.8940
 20
168.1929
  0
VERTEX
999
2,2
  8
1
 10
90.1831
 20
183.4858
  0
VERTEX
999
2,2
  8
1
 10
88.3169
 20
198.7607
  0
VERTEX
999
2,2
  8
1
 10
86.3066
 20
214.0190
  0
VERTEX
999
2,2
  8
1
 10
84.1621
 20
229.2612
  0
VERTEX
999
2,2
  8
1
 10
81.8931
 20
244.4873
  0
VERTEX
999
2,2
  8
1
 10
79.5098
 20
259.6982
  0
VERTEX
999
2,2
  8
1
 10
77.0229
 20
274.8950
  0
VERTEX
999
2,2
  8
1
 10
74.4419
 20
290.0771
  0
VERTEX
999
2,2
  8
1
 10
71.7778
 20
305.2456
  0
VERTEX
999
2,2
  8
1
 10
69.0400
 20
320.4014
  0
VERTEX
999
2,2
  8
1
 10
66.2388
 20
335.5449
  0
VERTEX
999
2,2
  8
1
 10
63.3848
 20
350.6768
  0
VERTEX
999
2,2
  8
1
 10
60.4873
 20
365.7969
  0
VERTEX
999
2,2
  8
1
 10
57.5571
 20
380.9067
  0
VERTEX
999
2,1,,17
  8
1
 10
54.6045
 20
396.0063
  0
VERTEX
999
2,2
  8
1
 10
51.9224
 20
410.3857
  0
VERTEX
999
2,2
  8
1
 10
49.4678
 20
424.8057
  0
VERTEX
999
2,2
  8
1
 10
47.2354
 20
439.2627
  0
VERTEX
999
2,2
  8
1
 10
45.2207
 20
453.7534
  0
VERTEX
999
2,2
  8
1
 10
43.4185
 20
468.2749
  0
VERTEX
999
2,2
  8
1
 10
41.8237
 20
482.8232
  0
VERTEX
999
2,2
  8
1
 10
40.4312
 20
497.3950
  0
VERTEX
999
2,2
  8
1
 10
39.2358
 20
511.9863
  0
VERTEX
999
2,2
  8
1
 10
38.2329
 20
526.5942
  0
VERTEX
999
2,2
  8
1
 10
37.4170
 20
541.2153
  0
VERTEX
999
2,2
  8
1
 10
36.7832
 20
555.8462
  0
VERTEX
999
2,2
  8
1
 10
36.3262
 20
570.4824
  0
VERTEX
999
2,2
  8
1
 10
36.0415
 20
585.1221
  0
VERTEX
999
2,2
  8
1
 10
35.9233
 20
599.7603
  0
VERTEX
999
2,2
  8
1
 10
35.9673
 20
614.3945
  0
VERTEX
999
2,2
  8
1
 10
36.1680
 20
629.0210
  0
VERTEX
999
2,2
  8
1
 10
36.5205
 20
643.6357
  0
VERTEX
999
2,1,,18
  8
1
 10
37.0200
 20
658.2363
  0
VERTEX
999
2,2
  8
1
 10
50.7168
 20
660.5557
  0
VERTEX
999
2,2
  8
1
 10
64.3945
 20
662.9756
  0
VERTEX
999
2,2
  8
1
 10
78.0557
 20
665.4873
  0
VERTEX
999
2,2
  8
1
 10
91.7012
 20
668.0825
  0
VERTEX
999
2,2
  8
1
 10
105.3320
 20
670.7539
  0
VERTEX
999
2,2
  8
1
 10
118.9502
 20
673.4927
  0
VERTEX
999
2,2
  8
1
 10
132.5571
 20
676.2905
  0
VERTEX
999
2,2
  8
1
 10
146.1538
 20
679.1396
  0
VERTEX
999
2,2
  8
1
 10
159.7422
 20
682.0313
  0
VERTEX
999
2,2
  8
1
 10
173.3232
 20
684.9580
  0
VERTEX
999
2,2
  8
1
 10
186.8984
 20
687.9111
  0
VERTEX
999
2,2
  8
1
 10
200.4692
 20
690.8828
  0
VERTEX
999
2,2
  8
1
 10
214.0376
 20
693.8647
  0
VERTEX
999
2,2
  8
1
 10
227.6040
 20
696.8486
  0
VERTEX
999
2,2
  8
1
 10
241.1699
 20
699.8262
  0
VERTEX
999
2,1,,19
  8
1
 10
254.7378
 20
702.7896
  0
VERTEX
999
2,2
  8
1
 10
276.0674
 20
603.6489
  0
VERTEX
999
2,1,,20
  8
1
 10
297.4351
 20
504.5166
  0
VERTEX
999
2,2
  8
1
 10
301.1929
 20
492.0430
  0
VERTEX
999
2,2
  8
1
 10
305.3994
 20
480.3081
  0
VERTEX
999
2,2
  8
1
 10
310.0791
 20
469.3052
  0
VERTEX
999
2,2
  8
1
 10
315.2549
 20
459.0254
  0
VERTEX
999
2,2
  8
1
 10
320.9502
 20
449.4604
  0
VERTEX
999
2,2
  8
1
 10
327.1890
 20
440.6025
  0
VERTEX
999
2,2
  8
1
 10
333.9941
 20
432.4434
  0
VERTEX
999
2,2
  8
1
 10
341.3892
 20
424.9756
  0
VERTEX
999
2,2
  8
1
 10
349.3975
 20
418.1899
  0
VERTEX
999
2,2
  8
1
 10
358.0430
 20
412.0791
  0
VERTEX
999
2,2
  8
1
 10
367.3491
 20
406.6348
  0
VERTEX
999
2,2
  8
1
 10
377.3389
 20
401.8486
  0
VERTEX
999
2,2
  8
1
 10
388.0356
 20
397.7129
  0
VERTEX
999
2,2
  8
1
 10
399.4634
 20
394.2192
  0
VERTEX
999
2,2
  8
1
 10
411.6455
 20
391.3599
  0
VERTEX
999
2,1,,21
  8
1
 10
424.6050
 20
389.1265
  0
VERTEX
999
2,2
  8
1
 10
418.4912
 20
374.9272
  0
VERTEX
999
2,2
  8
1
 10
412.5352
 20
360.6436
  0
VERTEX
999
2,2
  8
1
 10
406.7485
 20
346.2773
  0
VERTEX
999
2,2
  8
1
 10
401.1431
 20
331.8306
  0
VERTEX
999
2,2
  8
1
 10
395.7310
 20
317.3047
  0
VERTEX
999
2,2
  8
1
 10
390.5239
 20
302.7026
  0
VERTEX
999
2,2
  8
1
 10
385.5337
 20
288.0249
  0
VERTEX
999
2,2
  8
1
 10
380.7720
 20
273.2744
  0
VERTEX
999
2,2
  8
1
 10
376.2510
 20
258.4526
  0
VERTEX
999
2,2
  8
1
 10
371.9819
 20
243.5615
  0
VERTEX
999
2,2
  8
1
 10
367.9775
 20
228.6030
  0
VERTEX
999
2,2
  8
1
 10
364.2495
 20
213.5786
  0
VERTEX
999
2,2
  8
1
 10
360.8091
 20
198.4907
  0
VERTEX
999
2,2
  8
1
 10
357.6685
 20
183.3408
  0
VERTEX
999
2,2
  8
1
 10
354.8394
 20
168.1309
  0
VERTEX
999
2,2
  8
1
 10
352.3340
 20
152.8628
  0
VERTEX
999
2,2
  8
1
 10
350.1641
 20
137.5386
  0
VERTEX
999
2,2
  8
1
 10
348.3413
 20
122.1597
  0
VERTEX
999
2,2
  8
1
 10
346.8774
 20
106.7285
  0
VERTEX
999
2,1,,22
  8
1
 10
345.7847
 20
91.2466
  0
VERTEX
999
2,2
  8
1
 10
344.1943
 20
70.6284
  0
VERTEX
999
2,1,,23
  8
1
 10
342.7505
 20
50.0000
  0
VERTEX
999
2,1,,24
  8
1
 10
99.5020
 20
50.0000
  0
SEQEND
  0
LINE
999
5,1,,25
  8
1
 10
97.7749
 20
91.4463
 11
107.7822
 21
91.8877
  0
LINE
999
5,1,,27
  8
1
 10
345.7847
 20
91.2466
 11
335.7998
 21
92.0508
  0
LINE
999
5,1,,29
  8
1
 10
292.7505
 20
50.0000
 11
292.7505
 21
60.0171
  0
LINE
999
5,1,,31
  8
1
 10
282.7505
 20
50.0000
 11
282.7505
 21
60.0171
  0
LINE
999
5,1,,33
  8
1
 10
97.7842
 20
91.2466
 11
345.7847
 21
91.2466
  0
LINE
999
5,1,,35
  8
1
 10
54.6045
 20
396.0063
 11
424.6050
 21
396.0063
  0
LINE
999
5,1,,37
  8
1
 10
295.3472
 20
513.7290
 11
44.7876
 21
459.2896
  0
LINE
999
5,1,,39
  8
1
 10
214.5347
 20
692.1406
 11
214.5347
 21
50.0000
  0
LINE
999
5,1,,41
  8
1
 10
108.0225
 20
597.0708
 11
193.9399
 21
613.1636
  0
LINE
999
5,1,,43
  8
1
  6
3
 10
67.8755
 20
571.7354
 11
61.4346
 21
606.1362
  0
LINE
999
5,1,,45
  8
1
  6
3
 10
244.7183
 20
604.8818
 11
67.8755
 21
571.7354
  0
LINE
999
5,1,,47
  8
1
  6
3
 10
61.4346
 20
606.1362
 11
238.2778
 21
639.2827
  0
LINE
999
5,1,,49
  8
1
 10
125.4648
 20
600.3379
 11
121.1924
 21
602.6611
  0
LINE
999
5,1,,51
  8
1
 10
122.2529
 20
596.5239
 11
125.4648
 21
600.3379
  0
LINE
999
5,1,,53
  8
1
  6
1
 10
71.3486
 20
599.3481
 11
231.4795
 21
629.3613
  0
LINE
999
5,1,,55
  8
1
  6
1
 10
234.7930
 20
611.6694
 11
74.6626
 21
581.6563
  0
LINE
999
5,1,,57
  8
1
  6
1
 10
74.6626
 20
581.6563
 11
71.3486
 21
599.3481
  0
LINE
999
5,1,,59
  8
1
 10
79.0098
 20
594.7236
 11
79.5737
 21
591.7188
  0
LINE
999
5,1,,61
  8
1
 10
79.5688
 20
591.7456
 11
80.1328
 21
588.7402
  0
LINE
999
5,1,,63
  8
1
 10
81.9849
 20
595.2822
 11
79.0098
 21
594.7236
  0
LINE
999
5,1,,65
  8
1
 10
80.1328
 20
588.7402
 11
83.1172
 21
589.3003
  0
LINE
999
5,1,,67
  8
1
 10
82.5435
 20
592.3042
 11
79.5688
 21
591.7456
  0
LINE
999
5,1,,69
  8
1
 10
82.1709
 20
595.3169
 11
82.7349
 21
592.3115
  0
LINE
999
5,1,,71
  8
1
 10
82.7300
 20
592.3394
 11
83.2939
 21
589.3335
  0
LINE
999
5,1,,73
  8
1
 10
85.1460
 20
595.8755
 11
82.1709
 21
595.3169
  0
LINE
999
5,1,,75
  8
1
 10
83.2939
 20
589.3335
 11
86.2783
 21
589.8940
  0
LINE
999
5,1,,77
  8
1
 10
85.7046
 20
592.8970
 11
82.7300
 21
592.3394
  0
LINE
999
5,1,,79
  8
1
 10
85.3320
 20
595.9102
 11
85.8965
 21
592.9048
  0
LINE
999
5,1,,81
  8
1
 10
85.8911
 20
592.9321
 11
86.4551
 21
589.9272
  0
LINE
999
5,1,,83
  8
1
 10
88.3071
 20
596.4683
 11
85.3320
 21
595.9102
  0
LINE
999
5,1,,85
  8
1
 10
86.4551
 20
589.9272
 11
89.4395
 21
590.4868
  0
LINE
999
5,1,,87
  8
1
 10
88.8657
 20
593.4907
 11
85.8911
 21
592.9321
  0
LINE
999
5,1,,89
  8
1
 10
88.4932
 20
596.5034
 11
89.0576
 21
593.4980
  0
LINE
999
5,1,,91
  8
1
 10
89.0522
 20
593.5249
 11
89.6162
 21
590.5200
  0
LINE
999
5,1,,93
  8
1
 10
91.4683
 20
597.0620
 11
88.4932
 21
596.5034
  0
LINE
999
5,1,,95
  8
1
 10
89.6162
 20
590.5200
 11
92.6006
 21
591.0801
  0
LINE
999
5,1,,97
  8
1
 10
92.0269
 20
594.0835
 11
89.0522
 21
593.5249
  0
LINE
999
5,1,,99
  8
1
 10
91.6543
 20
597.0972
 11
92.2188
 21
594.0913
  0
LINE
999
5,1,,101
  8
1
 10
92.2134
 20
594.1187
 11
92.7773
 21
591.1133
  0
LINE
999
5,1,,103
  8
1
 10
94.6294
 20
597.6548
 11
91.6543
 21
597.0972
  0
LINE
999
5,1,,105
  8
1
 10
92.7773
 20
591.1133
 11
95.7617
 21
591.6733
  0
LINE
999
5,1,,107
  8
1
 10
95.1880
 20
594.6772
 11
92.2134
 21
594.1187
  0
LINE
999
5,1,,109
  8
1
 10
94.8154
 20
597.6899
 11
95.3799
 21
594.6841
  0
LINE
999
5,1,,111
  8
1
 10
95.3745
 20
594.7119
 11
95.9385
 21
591.7065
  0
LINE
999
5,1,,113
  8
1
 10
97.7905
 20
598.2485
 11
94.8154
 21
597.6899
  0
LINE
999
5,1,,115
  8
1
 10
95.9385
 20
591.7065
 11
98.9229
 21
592.2666
  0
LINE
999
5,1,,117
  8
1
 10
98.3496
 20
595.2700
 11
95.3745
 21
594.7119
  0
LINE
999
5,1,,119
  8
1
 10
97.9771
 20
598.2832
 11
98.5410
 21
595.2778
  0
LINE
999
5,1,,121
  8
1
 10
98.5356
 20
595.3052
 11
99.0996
 21
592.2998
  0
LINE
999
5,1,,123
  8
1
 10
100.9517
 20
598.8413
 11
97.9771
 21
598.2832
  0
LINE
999
5,1,,125
  8
1
 10
99.0996
 20
592.2998
 11
102.0840
 21
592.8604
  0
LINE
999
5,1,,127
  8
1
 10
101.5107
 20
595.8633
 11
98.5356
 21
595.3052
  0
LINE
999
5,1,,129
  8
1
 10
101.1382
 20
598.8765
 11
101.7021
 21
595.8711
  0
LINE
999
5,1,,131
  8
1
 10
101.6968
 20
595.8984
 11
102.2607
 21
592.8926
  0
LINE
999
5,1,,133
  8
1
 10
104.1128
 20
599.4341
 11
101.1382
 21
598.8765
  0
LINE
999
5,1,,135
  8
1
 10
107.2739
 20
600.0278
 11
104.2993
 21
599.4692
  0
LINE
999
5,1,,137
  8
1
 10
102.2607
 20
592.8926
 11
105.2456
 21
593.4531
  0
LINE
999
5,1,,139
  8
1
 10
104.6719
 20
596.4570
 11
101.6968
 21
595.8984
  0
LINE
999
5,1,,141
  8
1
 10
104.2993
 20
599.4692
 11
104.8633
 21
596.4644
  0
LINE
999
5,1,,143
  8
1
 10
107.8477
 20
597.0244
 11
107.2739
 21
600.0278
  0
LINE
999
5,1,,145
  8
1
 10
104.8579
 20
596.4917
 11
105.4219
 21
593.4863
  0
LINE
999
5,1,,147
  8
1
 10
105.4219
 20
593.4863
 11
108.4063
 21
594.0464
  0
LINE
999
5,1,,149
  8
1
 10
108.4063
 20
594.0464
 11
107.8330
 21
597.0498
  0
LINE
999
5,1,,151
  8
1
 10
107.8330
 20
597.0498
 11
104.8579
 21
596.4917
  0
LINE
999
5,1,,153
  8
1
 10
73.0991
 20
598.1504
 11
230.2813
 21
627.6108
  0
LINE
999
5,1,,155
  8
1
 10
233.0425
 20
612.8672
 11
75.8608
 21
583.4067
  0
LINE
999
5,1,,157
  8
1
 10
75.8608
 20
583.4067
 11
73.0991
 21
598.1504
  0
LINE
999
5,1,,159
  8
1
  6
1
 10
231.4795
 20
629.3613
 11
234.7930
 21
611.6694
  0
LINE
999
5,1,,161
  8
1
 10
217.8423
 20
617.6626
 11
218.4058
 21
614.6567
  0
LINE
999
5,1,,163
  8
1
 10
215.4390
 20
614.1001
 11
218.2402
 21
614.6255
  0
LINE
999
5,1,,165
  8
1
  6
3
 10
238.2778
 20
639.2827
 11
244.7183
 21
604.8818
  0
LINE
999
5,1,,167
  8
1
 10
214.8745
 20
617.1055
 11
215.4390
 21
614.1001
  0
LINE
999
5,1,,169
  8
1
 10
212.4717
 20
613.5435
 11
215.2729
 21
614.0688
  0
LINE
999
5,1,,171
  8
1
 10
211.9077
 20
616.5488
 11
212.4717
 21
613.5435
  0
LINE
999
5,1,,173
  8
1
 10
209.5039
 20
612.9868
 11
212.3057
 21
613.5122
  0
LINE
999
5,1,,175
  8
1
 10
208.9404
 20
615.9922
 11
209.5039
 21
612.9868
  0
LINE
999
5,1,,177
  8
1
 10
206.5371
 20
612.4297
 11
209.3379
 21
612.9556
  0
LINE
999
5,1,,179
  8
1
 10
205.9731
 20
615.4351
 11
206.5371
 21
612.4297
  0
LINE
999
5,1,,181
  8
1
 10
203.5693
 20
611.8730
 11
206.3706
 21
612.3989
  0
LINE
999
5,1,,183
  8
1
 10
202.4473
 20
617.8564
 11
203.0107
 21
614.8511
  0
LINE
999
5,1,,185
  8
1
 10
203.0059
 20
614.8784
 11
203.5693
 21
611.8730
  0
LINE
999
5,1,,187
  8
1
 10
205.7979
 20
615.4023
 11
203.0059
 21
614.8784
  0
LINE
999
5,1,,189
  8
1
 10
200.6021
 20
611.3169
 11
203.4038
 21
611.8418
  0
LINE
999
5,1,,191
  8
1
 10
199.4795
 20
617.2998
 11
200.0435
 21
614.2939
  0
LINE
999
5,1,,193
  8
1
 10
200.0381
 20
614.3218
 11
200.6021
 21
611.3169
  0
LINE
999
5,1,,195
  8
1
 10
202.8306
 20
614.8457
 11
200.0381
 21
614.3218
  0
LINE
999
5,1,,197
  8
1
 10
197.6348
 20
610.7593
 11
200.4360
 21
611.2852
  0
LINE
999
5,1,,199
  8
1
 10
194.6670
 20
610.2031
 11
197.4692
 21
610.7290
  0
LINE
999
5,1,,201
  8
1
 10
193.5444
 20
616.1865
 11
194.1084
 21
613.1807
  0
LINE
999
5,1,,203
  8
1
 10
194.1035
 20
613.2085
 11
194.6670
 21
610.2031
  0
LINE
999
5,1,,205
  8
1
 10
196.5122
 20
616.7427
 11
197.0757
 21
613.7378
  0
LINE
999
5,1,,207
  8
1
 10
197.0708
 20
613.7656
 11
197.6348
 21
610.7593
  0
LINE
999
5,1,,209
  8
1
 10
199.8628
 20
614.2891
 11
197.0708
 21
613.7656
  0
LINE
999
5,1,,211
  8
1
 10
196.8960
 20
613.7319
 11
194.1035
 21
613.2085
  0
LINE
999
5,1,,213
  8
1
 10
230.2813
 20
627.6108
 11
233.0425
 21
612.8672
  0
LINE
999
5,1,,215
  8
1
 10
218.4058
 20
614.6567
 11
221.2075
 21
615.1826
  0
LINE
999
5,1,,217
  8
1
 10
226.0918
 20
637.0034
 11
199.0269
 21
596.3145
  0
LINE
999
5,1,,219
  8
1
 10
228.8354
 20
637.5127
 11
201.7700
 21
596.8335
  0
LINE
999
5,1,,221
  8
1
 10
223.3486
 20
636.4844
 11
196.2832
 21
595.8057
  0
LINE
999
5,1,,223
  8
1
 10
217.1084
 20
620.6074
 11
214.3159
 21
620.0835
  0
LINE
999
5,1,,225
  8
1
 10
217.2832
 20
620.6401
 11
217.8472
 21
617.6348
  0
LINE
999
5,1,,227
  8
1
 10
220.6348
 20
618.1860
 11
217.8423
 21
617.6626
  0
LINE
999
5,1,,229
  8
1
 10
214.1411
 20
620.0508
 11
211.3491
 21
619.5269
  0
LINE
999
5,1,,231
  8
1
 10
214.3159
 20
620.0835
 11
214.8804
 21
617.0776
  0
LINE
999
5,1,,233
  8
1
 10
217.6675
 20
617.6299
 11
214.8745
 21
617.1055
  0
LINE
999
5,1,,235
  8
1
 10
211.1743
 20
619.4937
 11
208.3813
 21
618.9702
  0
LINE
999
5,1,,237
  8
1
 10
211.3491
 20
619.5269
 11
211.9126
 21
616.5215
  0
LINE
999
5,1,,239
  8
1
 10
214.6997
 20
617.0728
 11
211.9077
 21
616.5488
  0
LINE
999
5,1,,241
  8
1
 10
208.2065
 20
618.9370
 11
205.4146
 21
618.4131
  0
LINE
999
5,1,,243
  8
1
 10
208.3813
 20
618.9702
 11
208.9453
 21
615.9644
  0
LINE
999
5,1,,245
  8
1
 10
211.7329
 20
616.5156
 11
208.9404
 21
615.9922
  0
LINE
999
5,1,,247
  8
1
 10
205.2393
 20
618.3804
 11
202.4473
 21
617.8564
  0
LINE
999
5,1,,249
  8
1
 10
205.4146
 20
618.4131
 11
205.9785
 21
615.4082
  0
LINE
999
5,1,,251
  8
1
 10
208.7651
 20
615.9595
 11
205.9731
 21
615.4351
  0
LINE
999
5,1,,253
  8
1
 10
202.2720
 20
617.8237
 11
199.4795
 21
617.2998
  0
LINE
999
5,1,,255
  8
1
 10
199.3042
 20
617.2671
 11
196.5122
 21
616.7427
  0
LINE
999
5,1,,257
  8
1
 10
196.3374
 20
616.7104
 11
193.5444
 21
616.1865
  0
LINE
999
5,1,,259
  8
1
 10
226.0103
 20
622.2773
 11
223.2183
 21
621.7539
  0
LINE
999
5,1,,261
  8
1
 10
226.5830
 20
619.2739
 11
226.0103
 21
622.2773
  0
LINE
999
5,1,,263
  8
1
 10
227.1426
 20
616.2959
 11
226.5693
 21
619.2993
  0
LINE
999
5,1,,265
  8
1
 10
223.0430
 20
621.7212
 11
220.2510
 21
621.1973
  0
LINE
999
5,1,,267
  8
1
 10
224.3408
 20
615.7705
 11
227.1426
 21
616.2959
  0
LINE
999
5,1,,269
  8
1
 10
223.2183
 20
621.7539
 11
223.7822
 21
618.7480
  0
LINE
999
5,1,,271
  8
1
 10
223.7769
 20
618.7754
 11
224.3408
 21
615.7705
  0
LINE
999
5,1,,273
  8
1
 10
226.5693
 20
619.2993
 11
223.7769
 21
618.7754
  0
LINE
999
5,1,,275
  8
1
 10
220.0757
 20
621.1641
 11
217.2832
 21
620.6401
  0
LINE
999
5,1,,277
  8
1
 10
221.3735
 20
615.2139
 11
224.1748
 21
615.7388
  0
LINE
999
5,1,,279
  8
1
 10
220.2510
 20
621.1973
 11
220.8145
 21
618.1914
  0
LINE
999
5,1,,281
  8
1
 10
220.8096
 20
618.2188
 11
221.3735
 21
615.2139
  0
LINE
999
5,1,,283
  8
1
 10
223.6016
 20
618.7427
 11
220.8096
 21
618.2188
  0
LINE
999
5,1,,285
  8
1
 10
131.2417
 20
592.2607
 11
124.6089
 21
584.7769
  0
LINE
999
5,1,,287
  8
1
 10
131.2417
 20
592.2607
 11
124.7905
 21
575.9258
  0
LINE
999
5,1,,289
  8
1
 10
295.9805
 20
504.1479
 11
275.7271
 21
482.0029
  0
LINE
999
5,1,,291
  8
1
 10
295.9805
 20
504.1479
 11
287.1152
 21
499.5220
  0
POLYLINE
999
5
  8
1
  6
1
 66
1
 70
0
  0
VERTEX
999
5,1,,293
  8
1
 10
423.9995
 20
387.7065
  0
VERTEX
999
5,2
  8
1
 10
410.9688
 20
389.9756
  0
VERTEX
999
5,2
  8
1
 10
398.7163
 20
392.8765
  0
VERTEX
999
5,2
  8
1
 10
387.2192
 20
396.4170
  0
VERTEX
999
5,2
  8
1
 10
376.4546
 20
400.6050
  0
VERTEX
999
5,2
  8
1
 10
366.3989
 20
405.4478
  0
VERTEX
999
5,2
  8
1
 10
357.0293
 20
410.9536
  0
VERTEX
999
5,2
  8
1
 10
348.3228
 20
417.1294
  0
VERTEX
999
5,2
  8
1
 10
340.2559
 20
423.9839
  0
VERTEX
999
5,2
  8
1
 10
332.8057
 20
431.5234
  0
VERTEX
999
5,2
  8
1
 10
325.9492
 20
439.7568
  0
VERTEX
999
5,2
  8
1
 10
319.6631
 20
448.6909
  0
VERTEX
999
5,2
  8
1
 10
313.9243
 20
458.3340
  0
VERTEX
999
5,2
  8
1
 10
308.7100
 20
468.6938
  0
VERTEX
999
5,2
  8
1
 10
303.9966
 20
479.7773
  0
VERTEX
999
5,2
  8
1
 10
299.7612
 20
491.5928
  0
VERTEX
999
5,1,,294
  8
1
 10
295.9805
 20
504.1479
  0
SEQEND
  0
POLYLINE
999
5
  8
1
  6
1
 66
1
 70
0
  0
VERTEX
999
5,1,,295
  8
1
 10
295.9805
 20
504.1479
  0
VERTEX
999
5,2
  8
1
 10
274.6064
 20
603.3081
  0
VERTEX
999
5,1,,296
  8
1
 10
253.2710
 20
702.4761
  0
SEQEND
  0
ENDBLK
  0
BLOCK
  8
1
  2
P0008_06
 70
64
 10
0.0000
 20
0.0000
  0
TEXT
  8
1
 10
144.4253
 20
322.8916
 40
8.0000
 50
0.0000
  1
PIECE: 左後身頃上
  7
STANDARD
  0
TEXT
  8
1
 10
144.4253
 20
313.6916
 40
8.0000
 50
0.0000
  1
SIZE: L
  7
STANDARD
  0
TEXT
  8
1
 10
144.4253
 20
304.4916
 40
8.0000
 50
0.0000
  1
FABRIC: 表生地
  7
STANDARD
  0
TEXT
  8
1
 10
144.4253
 20
295.2916
 40
8.0000
 50
0.0000
  1
QUANTITY: 1
  7
STANDARD
  0
TEXT
  8
1
 10
43.1372
 20
382.1055
 40
5.0000
 50
279.5756
  1
COMMENT: 1.0/切替高
  7
STANDARD
  0
TEXT
  8
1
 10
112.9229
 20
674.8892
 40
5.0000
 50
11.9903
  1
COMMENT: 1.0/ベルト高
  7
STANDARD
  0
TEXT
  8
1
 10
218.9053
 20
22.1782
 40
5.0000
 50
0.0000
  1
COMMENT: 1.0/割り
  7
STANDARD
  0
TEXT
  8
1
 10
262.3843
 20
467.6694
 40
6.0000
 50
0.0000
  1
COMMENT: コバステッチ
  7
STANDARD
  0
TEXT
  8
1
 10
313.4961
 20
486.1401
 40
5.0000
 50
105.8797
  1
COMMENT: 1.0/左高
  7
STANDARD
  0
TEXT
  8
1
 10
375.7451
 20
193.9063
 40
5.0000
 50
76.2607
  1
COMMENT: 1.0/割り
  7
STANDARD
  0
TEXT
  8
1
 10
107.0815
 20
598.4658
 40
5.0000
 50
10.8742
  1
COMMENT: OPEN
  7
STANDARD
  0
TEXT
  8
1
 10
107.7988
 20
570.7891
 40
6.0000
 50
0.0000
  1
COMMENT: コバステッチ
  7
STANDARD
  0
TEXT
  8
1
 10
122.8214
 20
601.3517
 40
5.0000
 50
10.1964
  1
COMMENT: 1.5cm×16cm務歯出しポケット
  7
STANDARD
  0
TEXT
  8
1
 10
123.7065
 20
596.4307
 40
5.0000
 50
10.1964
  1
COMMENT: 15cmファスナー付け
  7
STANDARD
  0
POLYLINE
999
1
  8
1
 66
1
 70
0
  0
VERTEX
999
1,1,1,1
  8
1
 10
360.7646
 20
70.5942
 38
10.0172
 50
175.3952
  0
VERTEX
999
1,2
  8
1
 10
359.1968
 20
50.3027
  0
VERTEX
999
1,1,,2
  8
1
 10
357.7725
 20
30.0010
  0
VERTEX
999
1,1,,3
  8
1
 10
357.7729
 20
20.0000
  0
VERTEX
999
1,2,1
  8
1
 10
297.7505
 20
20.0000
 38
10.0171
 50
90.0000
  0
VERTEX
999
1,2,1
  8
1
 10
287.7505
 20
20.0000
 38
10.0171
 50
90.0000
  0
VERTEX
999
1,1,,4
  8
1
 10
84.4941
 20
20.0000
  0
VERTEX
999
1,1,,5
  8
1
 10
84.4941
 20
29.9990
  0
VERTEX
999
1,2
  8
1
 10
83.6650
 20
50.5039
  0
VERTEX
999
1,1,1,6
  8
1
 10
82.7827
 20
71.0493
 38
10.0172
 50
2.2740
  0
VERTEX
999
1,2
  8
1
 10
82.0464
 20
86.8340
  0
VERTEX
999
1,2
  8
1
 10
81.0981
 20
102.6226
  0
VERTEX
999
1,2
  8
1
 10
79.9487
 20
118.3911
  0
VERTEX
999
1,2
  8
1
 10
78.6089
 20
134.1406
  0
VERTEX
999
1,2
  8
1
 10
77.0889
 20
149.8711
  0
VERTEX
999
1,2
  8
1
 10
75.3999
 20
165.5840
  0
VERTEX
999
1,2
  8
1
 10
73.5513
 20
181.2788
  0
VERTEX
999
1,2
  8
1
 10
71.5542
 20
196.9570
  0
VERTEX
999
1,2
  8
1
 10
69.4194
 20
212.6187
  0
VERTEX
999
1,2
  8
1
 10
67.1567
 20
228.2642
  0
VERTEX
999
1,2
  8
1
 10
64.7769
 20
243.8950
  0
VERTEX
999
1,2
  8
1
 10
62.2905
 20
259.5107
  0
VERTEX
999
1,2
  8
1
 10
59.7075
 20
275.1123
  0
VERTEX
999
1,2
  8
1
 10
57.0391
 20
290.7002
  0
VERTEX
999
1,2
  8
1
 10
54.2954
 20
306.2754
  0
VERTEX
999
1,2
  8
1
 10
51.4868
 20
321.8379
  0
VERTEX
999
1,2
  8
1
 10
48.6235
 20
337.3882
  0
VERTEX
999
1,2
  8
1
 10
45.7168
 20
352.9277
  0
VERTEX
999
1,2
  8
1
 10
42.7764
 20
368.4561
  0
VERTEX
999
1,1,,7
  8
1
 10
39.8130
 20
383.9746
  0
VERTEX
999
1,2
  8
1
 10
36.8193
 20
399.0063
  0
VERTEX
999
1,2
  8
1
 10
34.0630
 20
414.0840
  0
VERTEX
999
1,2
  8
1
 10
31.5391
 20
429.2031
  0
VERTEX
999
1,2
  8
1
 10
29.2422
 20
444.3608
  0
VERTEX
999
1,2
  8
1
 10
27.1675
 20
459.5527
  0
VERTEX
999
1,2
  8
1
 10
25.3096
 20
474.7754
  0
VERTEX
999
1,2
  8
1
 10
23.6626
 20
490.0254
  0
VERTEX
999
1,2
  8
1
 10
22.2227
 20
505.2983
  0
VERTEX
999
1,2
  8
1
 10
20.9834
 20
520.5913
  0
VERTEX
999
1,2
  8
1
 10
19.9404
 20
535.9004
  0
VERTEX
999
1,2
  8
1
 10
19.0879
 20
551.2217
  0
VERTEX
999
1,2
  8
1
 10
18.4209
 20
566.5513
  0
VERTEX
999
1,2
  8
1
 10
17.9341
 20
581.8862
  0
VERTEX
999
1,2
  8
1
 10
17.6226
 20
597.2227
  0
VERTEX
999
1,2
  8
1
 10
17.4810
 20
612.5562
  0
VERTEX
999
1,2
  8
1
 10
17.5039
 20
627.8838
  0
VERTEX
999
1,2
  8
1
 10
17.6865
 20
643.2017
  0
VERTEX
999
1,2
  8
1
 10
18.0234
 20
658.5059
  0
VERTEX
999
1,2
  8
1
 10
18.2466
 20
666.7754
  0
VERTEX
999
1,1,,8
  8
1
 10
18.2979
 20
668.6836
  0
VERTEX
999
1,1,,9
  8
1
 10
28.2949
 20
668.4141
  0
VERTEX
999
1,2
  8
1
 10
42.6255
 20
670.8208
  0
VERTEX
999
1,2
  8
1
 10
56.9370
 20
673.3306
  0
VERTEX
999
1,2
  8
1
 10
71.2314
 20
675.9351
  0
VERTEX
999
1,2
  8
1
 10
85.5098
 20
678.6260
  0
VERTEX
999
1,2
  8
1
 10
99.7739
 20
681.3945
  0
VERTEX
999
1,2
  8
1
 10
114.0249
 20
684.2324
  0
VERTEX
999
1,2
  8
1
 10
128.2642
 20
687.1309
  0
VERTEX
999
1,2
  8
1
 10
142.4932
 20
690.0820
  0
VERTEX
999
1,2
  8
1
 10
156.7139
 20
693.0771
  0
VERTEX
999
1,2
  8
1
 10
170.9268
 20
696.1079
  0
VERTEX
999
1,2
  8
1
 10
185.1343
 20
699.1655
  0
VERTEX
999
1,2
  8
1
 10
199.3369
 20
702.2422
  0
VERTEX
999
1,2
  8
1
 10
213.5371
 20
705.3286
  0
VERTEX
999
1,2
  8
1
 10
227.7358
 20
708.4175
  0
VERTEX
999
1,2
  8
1
 10
241.9341
 20
711.4990
  0
VERTEX
999
1,2
  8
1
 10
256.1338
 20
714.5659
  0
VERTEX
999
1,1,,10
  8
1
 10
265.9160
 20
716.6709
  0
VERTEX
999
1,2
  8
1
 10
268.0151
 20
706.8872
  0
VERTEX
999
1,2
  8
1
 10
290.2930
 20
602.9761
  0
VERTEX
999
1,1,,11
  8
1
 10
312.6030
 20
499.0723
  0
VERTEX
999
1,2
  8
1
 10
316.0229
 20
487.2373
  0
VERTEX
999
1,2
  8
1
 10
319.8608
 20
476.0889
  0
VERTEX
999
1,2
  8
1
 10
324.1431
 20
465.6226
  0
VERTEX
999
1,2
  8
1
 10
328.8975
 20
455.8320
  0
VERTEX
999
1,2
  8
1
 10
334.1499
 20
446.7129
  0
VERTEX
999
1,2
  8
1
 10
339.9277
 20
438.2588
  0
VERTEX
999
1,2
  8
1
 10
346.2578
 20
430.4653
  0
VERTEX
999
1,2
  8
1
 10
353.1665
 20
423.3262
  0
VERTEX
999
1,2
  8
1
 10
360.6318
 20
416.8770
  0
VERTEX
999
1,2
  8
1
 10
368.7095
 20
411.0703
  0
VERTEX
999
1,2
  8
1
 10
377.4185
 20
405.8931
  0
VERTEX
999
1,2
  8
1
 10
386.7793
 20
401.3330
  0
VERTEX
999
1,2
  8
1
 10
396.8115
 20
397.3774
  0
VERTEX
999
1,2
  8
1
 10
407.5347
 20
394.0132
  0
VERTEX
999
1,2
  8
1
 10
418.9692
 20
391.2280
  0
VERTEX
999
1,2
  8
1
 10
431.1343
 20
389.0088
  0
VERTEX
999
1,1,,12
  8
1
 10
441.3350
 20
387.4302
  0
VERTEX
999
1,1,,13
  8
1
 10
439.8057
 20
377.5479
  0
VERTEX
999
1,2
  8
1
 10
438.7998
 20
375.1948
  0
VERTEX
999
1,2
  8
1
 10
432.6772
 20
360.6528
  0
VERTEX
999
1,2
  8
1
 10
426.7158
 20
346.0229
  0
VERTEX
999
1,2
  8
1
 10
420.9268
 20
331.3066
  0
VERTEX
999
1,2
  8
1
 10
415.3232
 20
316.5078
  0
VERTEX
999
1,2
  8
1
 10
409.9170
 20
301.6279
  0
VERTEX
999
1,2
  8
1
 10
404.7202
 20
286.6709
  0
VERTEX
999
1,2
  8
1
 10
399.7446
 20
271.6382
  0
VERTEX
999
1,2
  8
1
 10
395.0034
 20
256.5332
  0
VERTEX
999
1,2
  8
1
 10
390.5078
 20
241.3584
  0
VERTEX
999
1,2
  8
1
 10
386.2700
 20
226.1167
  0
VERTEX
999
1,2
  8
1
 10
382.3027
 20
210.8105
  0
VERTEX
999
1,2
  8
1
 10
378.6182
 20
195.4424
  0
VERTEX
999
1,2
  8
1
 10
375.2275
 20
180.0156
  0
VERTEX
999
1,2
  8
1
 10
372.1440
 20
164.5317
  0
VERTEX
999
1,2
  8
1
 10
369.3794
 20
148.9946
  0
VERTEX
999
1,2
  8
1
 10
366.9458
 20
133.4058
  0
VERTEX
999
1,2
  8
1
 10
364.8550
 20
117.7690
  0
VERTEX
999
1,2
  8
1
 10
363.1201
 20
102.0864
  0
VERTEX
999
1,2
  8
1
 10
361.7524
 20
86.3604
  0
VERTEX
999
1,1,,14
  8
1
 10
360.7646
 20
70.5942
  0
SEQEND
  0
POLYLINE
999
2
  8
1
 66
1
 70
0
  0
VERTEX
999
2,1,,15
  8
1
 10
94.5020
 20
30.0000
  0
VERTEX
999
2,2
  8
1
 10
93.6646
 20
50.7241
  0
VERTEX
999
2,1,,16
  8
1
 10
92.7749
 20
71.4463
  0
VERTEX
999
2,2
  8
1
 10
92.0342
 20
87.3340
  0
VERTEX
999
2,2
  8
1
 10
91.0815
 20
103.2017
  0
VERTEX
999
2,2
  8
1
 10
89.9268
 20
119.0498
  0
VERTEX
999
2,2
  8
1
 10
88.5811
 20
134.8794
  0
VERTEX
999
2,2
  8
1
 10
87.0547
 20
150.6899
  0
VERTEX
999
2,2
  8
1
 10
85.3584
 20
166.4829
  0
VERTEX
999
2,2
  8
1
 10
83.5020
 20
182.2583
  0
VERTEX
999
2,2
  8
1
 10
81.4966
 20
198.0171
  0
VERTEX
999
2,2
  8
1
 10
79.3521
 20
213.7593
  0
VERTEX
999
2,2
  8
1
 10
77.0796
 20
229.4858
  0
VERTEX
999
2,2
  8
1
 10
74.6895
 20
245.1973
  0
VERTEX
999
2,2
  8
1
 10
72.1914
 20
260.8940
  0
VERTEX
999
2,2
  8
1
 10
69.5972
 20
276.5771
  0
VERTEX
999
2,2
  8
1
 10
66.9160
 20
292.2461
  0
VERTEX
999
2,2
  8
1
 10
64.1597
 20
307.9023
  0
VERTEX
999
2,2
  8
1
 10
61.3374
 20
323.5459
  0
VERTEX
999
2,2
  8
1
 10
58.4604
 20
339.1777
  0
VERTEX
999
2,2
  8
1
 10
55.5386
 20
354.7979
  0
VERTEX
999
2,2
  8
1
 10
52.5835
 20
370.4072
  0
VERTEX
999
2,1,,17
  8
1
 10
49.6045
 20
386.0063
  0
VERTEX
999
2,2
  8
1
 10
46.6357
 20
400.9121
  0
VERTEX
999
2,2
  8
1
 10
43.9033
 20
415.8633
  0
VERTEX
999
2,2
  8
1
 10
41.4014
 20
430.8555
  0
VERTEX
999
2,2
  8
1
 10
39.1250
 20
445.8862
  0
VERTEX
999
2,2
  8
1
 10
37.0693
 20
460.9507
  0
VERTEX
999
2,2
  8
1
 10
35.2280
 20
476.0459
  0
VERTEX
999
2,2
  8
1
 10
33.5972
 20
491.1680
  0
VERTEX
999
2,2
  8
1
 10
32.1709
 20
506.3130
  0
VERTEX
999
2,2
  8
1
 10
30.9438
 20
521.4780
  0
VERTEX
999
2,2
  8
1
 10
29.9116
 20
536.6587
  0
VERTEX
999
2,2
  8
1
 10
29.0679
 20
551.8516
  0
VERTEX
999
2,2
  8
1
 10
28.4082
 20
567.0527
  0
VERTEX
999
2,2
  8
1
 10
27.9272
 20
582.2593
  0
VERTEX
999
2,2
  8
1
 10
27.6196
 20
597.4668
  0
VERTEX
999
2,2
  8
1
 10
27.4805
 20
612.6719
  0
VERTEX
999
2,2
  8
1
 10
27.5044
 20
627.8711
  0
VERTEX
999
2,2
  8
1
 10
27.6860
 20
643.0605
  0
VERTEX
999
2,1,,18
  8
1
 10
28.0200
 20
658.2363
  0
VERTEX
999
2,2
  8
1
 10
42.5020
 20
660.6543
  0
VERTEX
999
2,2
  8
1
 10
56.9644
 20
663.1777
  0
VERTEX
999
2,2
  8
1
 10
71.4087
 20
665.7988
  0
VERTEX
999
2,2
  8
1
 10
85.8369
 20
668.5088
  0
VERTEX
999
2,2
  8
1
 10
100.2505
 20
671.2983
  0
VERTEX
999
2,2
  8
1
 10
114.6504
 20
674.1592
  0
VERTEX
999
2,2
  8
1
 10
129.0386
 20
677.0830
  0
VERTEX
999
2,2
  8
1
 10
143.4160
 20
680.0605
  0
VERTEX
999
2,2
  8
1
 10
157.7847
 20
683.0840
  0
VERTEX
999
2,2
  8
1
 10
172.1460
 20
686.1436
  0
VERTEX
999
2,2
  8
1
 10
186.5010
 20
689.2314
  0
VERTEX
999
2,2
  8
1
 10
200.8516
 20
692.3389
  0
VERTEX
999
2,2
  8
1
 10
215.1992
 20
695.4570
  0
VERTEX
999
2,2
  8
1
 10
229.5449
 20
698.5771
  0
VERTEX
999
2,2
  8
1
 10
243.8906
 20
701.6909
  0
VERTEX
999
2,1,,19
  8
1
 10
258.2378
 20
704.7896
  0
VERTEX
999
2,2
  8
1
 10
280.5664
 20
600.6484
  0
VERTEX
999
2,1,,20
  8
1
 10
302.9351
 20
496.5166
  0
VERTEX
999
2,2
  8
1
 10
306.5820
 20
483.9321
  0
VERTEX
999
2,2
  8
1
 10
310.6885
 20
472.0869
  0
VERTEX
999
2,2
  8
1
 10
315.2783
 20
460.9717
  0
VERTEX
999
2,2
  8
1
 10
320.3745
 20
450.5791
  0
VERTEX
999
2,2
  8
1
 10
326.0010
 20
440.8994
  0
VERTEX
999
2,2
  8
1
 10
332.1812
 20
431.9253
  0
VERTEX
999
2,2
  8
1
 10
338.9385
 20
423.6484
  0
VERTEX
999
2,2
  8
1
 10
346.2964
 20
416.0596
  0
VERTEX
999
2,2
  8
1
 10
354.2788
 20
409.1509
  0
VERTEX
999
2,2
  8
1
 10
362.9087
 20
402.9136
  0
VERTEX
999
2,2
  8
1
 10
372.2095
 20
397.3398
  0
VERTEX
999
2,2
  8
1
 10
382.2051
 20
392.4209
  0
VERTEX
999
2,2
  8
1
 10
392.9189
 20
388.1484
  0
VERTEX
999
2,2
  8
1
 10
404.3745
 20
384.5142
  0
VERTEX
999
2,2
  8
1
 10
416.5957
 20
381.5098
  0
VERTEX
999
2,1,,21
  8
1
 10
429.6050
 20
379.1265
  0
VERTEX
999
2,2
  8
1
 10
423.4175
 20
364.4312
  0
VERTEX
999
2,2
  8
1
 10
417.3931
 20
349.6494
  0
VERTEX
999
2,2
  8
1
 10
411.5439
 20
334.7847
  0
VERTEX
999
2,2
  8
1
 10
405.8828
 20
319.8379
  0
VERTEX
999
2,2
  8
1
 10
400.4214
 20
304.8120
  0
VERTEX
999
2,2
  8
1
 10
395.1719
 20
289.7080
  0
VERTEX
999
2,2
  8
1
 10
390.1470
 20
274.5288
  0
VERTEX
999
2,2
  8
1
 10
385.3584
 20
259.2759
  0
VERTEX
999
2,2
  8
1
 10
380.8184
 20
243.9517
  0
VERTEX
999
2,2
  8
1
 10
376.5396
 20
228.5581
  0
VERTEX
999
2,2
  8
1
 10
372.5337
 20
213.0967
  0
VERTEX
999
2,2
  8
1
 10
368.8130
 20
197.5698
  0
VERTEX
999
2,2
  8
1
 10
365.3901
 20
181.9800
  0
VERTEX
999
2,2
  8
1
 10
362.2764
 20
166.3286
  0
VERTEX
999
2,2
  8
1
 10
359.4854
 20
150.6182
  0
VERTEX
999
2,2
  8
1
 10
357.0278
 20
134.8501
  0
VERTEX
999
2,2
  8
1
 10
354.9170
 20
119.0273
  0
VERTEX
999
2,2
  8
1
 10
353.1650
 20
103.1509
  0
VERTEX
999
2,2
  8
1
 10
351.7832
 20
87.2231
  0
VERTEX
999
2,1,,22
  8
1
 10
350.7847
 20
71.2466
  0
VERTEX
999
2,2
  8
1
 10
349.1943
 20
50.6284
  0
VERTEX
999
2,1,,23
  8
1
 10
347.7505
 20
30.0000
  0
VERTEX
999
2,1,,24
  8
1
 10
94.5020
 20
30.0000
  0
SEQEND
  0
LINE
999
5,1,,25
  8
1
 10
92.7749
 20
71.4463
 11
102.7842
 21
71.8438
  0
LINE
999
5,1,,27
  8
1
 10
350.7847
 20
71.2466
 11
340.7998
 21
72.0508
  0
LINE
999
5,1,,29
  8
1
 10
297.7505
 20
30.0000
 11
297.7505
 21
40.0171
  0
LINE
999
5,1,,31
  8
1
 10
287.7505
 20
30.0000
 11
287.7505
 21
40.0171
  0
LINE
999
5,1,,33
  8
1
 10
92.7842
 20
71.2466
 11
350.7847
 21
71.2466
  0
LINE
999
5,1,,35
  8
1
 10
49.6045
 20
386.0063
 11
429.6050
 21
386.0063
  0
LINE
999
5,1,,37
  8
1
 10
300.8472
 20
505.7290
 11
38.8872
 21
448.7896
  0
LINE
999
5,1,,39
  8
1
 10
214.5347
 20
694.4404
 11
214.5347
 21
30.0000
  0
LINE
999
5,1,,41
  8
1
 10
104.5225
 20
598.0708
 11
190.4399
 21
614.1636
  0
LINE
999
5,1,,43
  8
1
  6
3
 10
64.3755
 20
572.7354
 11
57.9346
 21
607.1362
  0
LINE
999
5,1,,45
  8
1
  6
3
 10
241.2183
 20
605.8818
 11
64.3755
 21
572.7354
  0
LINE
999
5,1,,47
  8
1
  6
3
 10
57.9346
 20
607.1362
 11
234.7778
 21
640.2827
  0
LINE
999
5,1,,49
  8
1
 10
121.9648
 20
601.3379
 11
117.6924
 21
603.6611
  0
LINE
999
5,1,,51
  8
1
 10
118.7529
 20
597.5239
 11
121.9648
 21
601.3379
  0
LINE
999
5,1,,53
  8
1
  6
1
 10
67.8486
 20
600.3481
 11
227.9795
 21
630.3613
  0
LINE
999
5,1,,55
  8
1
  6
1
 10
231.2930
 20
612.6694
 11
71.1626
 21
582.6563
  0
LINE
999
5,1,,57
  8
1
  6
1
 10
71.1626
 20
582.6563
 11
67.8486
 21
600.3481
  0
LINE
999
5,1,,59
  8
1
 10
75.5098
 20
595.7236
 11
76.0737
 21
592.7188
  0
LINE
999
5,1,,61
  8
1
 10
76.0688
 20
592.7456
 11
76.6328
 21
589.7402
  0
LINE
999
5,1,,63
  8
1
 10
78.4849
 20
596.2822
 11
75.5098
 21
595.7236
  0
LINE
999
5,1,,65
  8
1
 10
76.6328
 20
589.7402
 11
79.6172
 21
590.3003
  0
LINE
999
5,1,,67
  8
1
 10
79.0435
 20
593.3042
 11
76.0688
 21
592.7456
  0
LINE
999
5,1,,69
  8
1
 10
78.6709
 20
596.3169
 11
79.2349
 21
593.3115
  0
LINE
999
5,1,,71
  8
1
 10
79.2300
 20
593.3394
 11
79.7939
 21
590.3335
  0
LINE
999
5,1,,73
  8
1
 10
81.6460
 20
596.8755
 11
78.6709
 21
596.3169
  0
LINE
999
5,1,,75
  8
1
 10
79.7939
 20
590.3335
 11
82.7783
 21
590.8940
  0
LINE
999
5,1,,77
  8
1
 10
82.2046
 20
593.8970
 11
79.2300
 21
593.3394
  0
LINE
999
5,1,,79
  8
1
 10
81.8320
 20
596.9102
 11
82.3965
 21
593.9048
  0
LINE
999
5,1,,81
  8
1
 10
82.3911
 20
593.9321
 11
82.9551
 21
590.9272
  0
LINE
999
5,1,,83
  8
1
 10
84.8071
 20
597.4683
 11
81.8320
 21
596.9102
  0
LINE
999
5,1,,85
  8
1
 10
82.9551
 20
590.9272
 11
85.9395
 21
591.4868
  0
LINE
999
5,1,,87
  8
1
 10
85.3657
 20
594.4907
 11
82.3911
 21
593.9321
  0
LINE
999
5,1,,89
  8
1
 10
84.9932
 20
597.5034
 11
85.5576
 21
594.4980
  0
LINE
999
5,1,,91
  8
1
 10
85.5522
 20
594.5249
 11
86.1162
 21
591.5200
  0
LINE
999
5,1,,93
  8
1
 10
87.9683
 20
598.0620
 11
84.9932
 21
597.5034
  0
LINE
999
5,1,,95
  8
1
 10
86.1162
 20
591.5200
 11
89.1006
 21
592.0801
  0
LINE
999
5,1,,97
  8
1
 10
88.5269
 20
595.0835
 11
85.5522
 21
594.5249
  0
LINE
999
5,1,,99
  8
1
 10
88.1543
 20
598.0972
 11
88.7188
 21
595.0913
  0
LINE
999
5,1,,101
  8
1
 10
88.7134
 20
595.1187
 11
89.2773
 21
592.1133
  0
LINE
999
5,1,,103
  8
1
 10
91.1294
 20
598.6548
 11
88.1543
 21
598.0972
  0
LINE
999
5,1,,105
  8
1
 10
89.2773
 20
592.1133
 11
92.2617
 21
592.6733
  0
LINE
999
5,1,,107
  8
1
 10
91.6880
 20
595.6772
 11
88.7134
 21
595.1187
  0
LINE
999
5,1,,109
  8
1
 10
91.3154
 20
598.6899
 11
91.8799
 21
595.6841
  0
LINE
999
5,1,,111
  8
1
 10
91.8745
 20
595.7119
 11
92.4385
 21
592.7065
  0
LINE
999
5,1,,113
  8
1
 10
94.2905
 20
599.2485
 11
91.3154
 21
598.6899
  0
LINE
999
5,1,,115
  8
1
 10
92.4385
 20
592.7065
 11
95.4229
 21
593.2666
  0
LINE
999
5,1,,117
  8
1
 10
94.8496
 20
596.2700
 11
91.8745
 21
595.7119
  0
LINE
999
5,1,,119
  8
1
 10
94.4771
 20
599.2832
 11
95.0410
 21
596.2778
  0
LINE
999
5,1,,121
  8
1
 10
95.0356
 20
596.3052
 11
95.5996
 21
593.2998
  0
LINE
999
5,1,,123
  8
1
 10
97.4517
 20
599.8413
 11
94.4771
 21
599.2832
  0
LINE
999
5,1,,125
  8
1
 10
95.5996
 20
593.2998
 11
98.5840
 21
593.8604
  0
LINE
999
5,1,,127
  8
1
 10
98.0107
 20
596.8633
 11
95.0356
 21
596.3052
  0
LINE
999
5,1,,129
  8
1
 10
97.6382
 20
599.8765
 11
98.2021
 21
596.8711
  0
LINE
999
5,1,,131
  8
1
 10
98.1968
 20
596.8984
 11
98.7607
 21
593.8926
  0
LINE
999
5,1,,133
  8
1
 10
100.6128
 20
600.4341
 11
97.6382
 21
599.8765
  0
LINE
999
5,1,,135
  8
1
 10
103.7739
 20
601.0278
 11
100.7993
 21
600.4692
  0
LINE
999
5,1,,137
  8
1
 10
98.7607
 20
593.8926
 11
101.7456
 21
594.4531
  0
LINE
999
5,1,,139
  8
1
 10
101.1719
 20
597.4570
 11
98.1968
 21
596.8984
  0
LINE
999
5,1,,141
  8
1
 10
100.7993
 20
600.4692
 11
101.3633
 21
597.4644
  0
LINE
999
5,1,,143
  8
1
 10
104.3477
 20
598.0244
 11
103.7739
 21
601.0278
  0
LINE
999
5,1,,145
  8
1
 10
101.3579
 20
597.4917
 11
101.9219
 21
594.4863
  0
LINE
999
5,1,,147
  8
1
 10
101.9219
 20
594.4863
 11
104.9063
 21
595.0464
  0
LINE
999
5,1,,149
  8
1
 10
104.9063
 20
595.0464
 11
104.3330
 21
598.0498
  0
LINE
999
5,1,,151
  8
1
 10
104.3330
 20
598.0498
 11
101.3579
 21
597.4917
  0
LINE
999
5,1,,153
  8
1
 10
69.5991
 20
599.1504
 11
226.7813
 21
628.6108
  0
LINE
999
5,1,,155
  8
1
 10
229.5425
 20
613.8672
 11
72.3608
 21
584.4067
  0
LINE
999
5,1,,157
  8
1
 10
72.3608
 20
584.4067
 11
69.5991
 21
599.1504
  0
LINE
999
5,1,,159
  8
1
  6
1
 10
227.9795
 20
630.3613
 11
231.2930
 21
612.6694
  0
LINE
999
5,1,,161
  8
1
 10
214.3423
 20
618.6626
 11
214.9058
 21
615.6567
  0
LINE
999
5,1,,163
  8
1
 10
211.9390
 20
615.1001
 11
214.7402
 21
615.6255
  0
LINE
999
5,1,,165
  8
1
  6
3
 10
234.7778
 20
640.2827
 11
241.2183
 21
605.8818
  0
LINE
999
5,1,,167
  8
1
 10
211.3745
 20
618.1055
 11
211.9390
 21
615.1001
  0
LINE
999
5,1,,169
  8
1
 10
208.9717
 20
614.5435
 11
211.7729
 21
615.0688
  0
LINE
999
5,1,,171
  8
1
 10
208.4077
 20
617.5488
 11
208.9717
 21
614.5435
  0
LINE
999
5,1,,173
  8
1
 10
206.0039
 20
613.9868
 11
208.8057
 21
614.5122
  0
LINE
999
5,1,,175
  8
1
 10
205.4404
 20
616.9922
 11
206.0039
 21
613.9868
  0
LINE
999
5,1,,177
  8
1
 10
203.0371
 20
613.4297
 11
205.8379
 21
613.9556
  0
LINE
999
5,1,,179
  8
1
 10
202.4731
 20
616.4351
 11
203.0371
 21
613.4297
  0
LINE
999
5,1,,181
  8
1
 10
200.0693
 20
612.8730
 11
202.8706
 21
613.3989
  0
LINE
999
5,1,,183
  8
1
 10
198.9473
 20
618.8564
 11
199.5107
 21
615.8511
  0
LINE
999
5,1,,185
  8
1
 10
199.5059
 20
615.8784
 11
200.0693
 21
612.8730
  0
LINE
999
5,1,,187
  8
1
 10
202.2979
 20
616.4023
 11
199.5059
 21
615.8784
  0
LINE
999
5,1,,189
  8
1
 10
197.1021
 20
612.3169
 11
199.9038
 21
612.8418
  0
LINE
999
5,1,,191
  8
1
 10
195.9795
 20
618.2998
 11
196.5435
 21
615.2939
  0
LINE
999
5,1,,193
  8
1
 10
196.5381
 20
615.3218
 11
197.1021
 21
612.3169
  0
LINE
999
5,1,,195
  8
1
 10
199.3306
 20
615.8457
 11
196.5381
 21
615.3218
  0
LINE
999
5,1,,197
  8
1
 10
194.1348
 20
611.7593
 11
196.9360
 21
612.2852
  0
LINE
999
5,1,,199
  8
1
 10
191.1670
 20
611.2031
 11
193.9692
 21
611.7290
  0
LINE
999
5,1,,201
  8
1
 10
190.0444
 20
617.1865
 11
190.6084
 21
614.1807
  0
LINE
999
5,1,,203
  8
1
 10
190.6035
 20
614.2085
 11
191.1670
 21
611.2031
  0
LINE
999
5,1,,205
  8
1
 10
193.0122
 20
617.7427
 11
193.5757
 21
614.7378
  0
LINE
999
5,1,,207
  8
1
 10
193.5708
 20
614.7656
 11
194.1348
 21
611.7593
  0
LINE
999
5,1,,209
  8
1
 10
196.3628
 20
615.2891
 11
193.5708
 21
614.7656
  0
LINE
999
5,1,,211
  8
1
 10
193.3960
 20
614.7319
 11
190.6035
 21
614.2085
  0
LINE
999
5,1,,213
  8
1
 10
226.7813
 20
628.6108
 11
229.5425
 21
613.8672
  0
LINE
999
5,1,,215
  8
1
 10
214.9058
 20
615.6567
 11
217.7075
 21
616.1826
  0
LINE
999
5,1,,217
  8
1
 10
222.5918
 20
638.0034
 11
195.5269
 21
597.3145
  0
LINE
999
5,1,,219
  8
1
 10
225.3354
 20
638.5127
 11
198.2700
 21
597.8335
  0
LINE
999
5,1,,221
  8
1
 10
219.8486
 20
637.4844
 11
192.7832
 21
596.8057
  0
LINE
999
5,1,,223
  8
1
 10
213.6084
 20
621.6074
 11
210.8159
 21
621.0835
  0
LINE
999
5,1,,225
  8
1
 10
213.7832
 20
621.6401
 11
214.3472
 21
618.6348
  0
LINE
999
5,1,,227
  8
1
 10
217.1348
 20
619.1860
 11
214.3423
 21
618.6626
  0
LINE
999
5,1,,229
  8
1
 10
210.6411
 20
621.0508
 11
207.8491
 21
620.5269
  0
LINE
999
5,1,,231
  8
1
 10
210.8159
 20
621.0835
 11
211.3804
 21
618.0776
  0
LINE
999
5,1,,233
  8
1
 10
214.1675
 20
618.6299
 11
211.3745
 21
618.1055
  0
LINE
999
5,1,,235
  8
1
 10
207.6743
 20
620.4937
 11
204.8813
 21
619.9702
  0
LINE
999
5,1,,237
  8
1
 10
207.8491
 20
620.5269
 11
208.4126
 21
617.5215
  0
LINE
999
5,1,,239
  8
1
 10
211.1997
 20
618.0728
 11
208.4077
 21
617.5488
  0
LINE
999
5,1,,241
  8
1
 10
204.7065
 20
619.9370
 11
201.9146
 21
619.4131
  0
LINE
999
5,1,,243
  8
1
 10
204.8813
 20
619.9702
 11
205.4453
 21
616.9644
  0
LINE
999
5,1,,245
  8
1
 10
208.2329
 20
617.5156
 11
205.4404
 21
616.9922
  0
LINE
999
5,1,,247
  8
1
 10
201.7393
 20
619.3804
 11
198.9473
 21
618.8564
  0
LINE
999
5,1,,249
  8
1
 10
201.9146
 20
619.4131
 11
202.4785
 21
616.4082
  0
LINE
999
5,1,,251
  8
1
 10
205.2651
 20
616.9595
 11
202.4731
 21
616.4351
  0
LINE
999
5,1,,253
  8
1
 10
198.7720
 20
618.8237
 11
195.9795
 21
618.2998
  0
LINE
999
5,1,,255
  8
1
 10
195.8042
 20
618.2671
 11
193.0122
 21
617.7427
  0
LINE
999
5,1,,257
  8
1
 10
192.8374
 20
617.7104
 11
190.0444
 21
617.1865
  0
LINE
999
5,1,,259
  8
1
 10
222.5103
 20
623.2773
 11
219.7183
 21
622.7539
  0
LINE
999
5,1,,261
  8
1
 10
223.0830
 20
620.2739
 11
222.5103
 21
623.2773
  0
LINE
999
5,1,,263
  8
1
 10
223.6426
 20
617.2959
 11
223.0693
 21
620.2993
  0
LINE
999
5,1,,265
  8
1
 10
219.5430
 20
622.7212
 11
216.7510
 21
622.1973
  0
LINE
999
5,1,,267
  8
1
 10
220.8408
 20
616.7705
 11
223.6426
 21
617.2959
  0
LINE
999
5,1,,269
  8
1
 10
219.7183
 20
622.7539
 11
220.2822
 21
619.7480
  0
LINE
999
5,1,,271
  8
1
 10
220.2769
 20
619.7754
 11
220.8408
 21
616.7705
  0
LINE
999
5,1,,273
  8
1
 10
223.0693
 20
620.2993
 11
220.2769
 21
619.7754
  0
LINE
999
5,1,,275
  8
1
 10
216.5757
 20
622.1641
 11
213.7832
 21
621.6401
  0
LINE
999
5,1,,277
  8
1
 10
217.8735
 20
616.2139
 11
220.6748
 21
616.7388
  0
LINE
999
5,1,,279
  8
1
 10
216.7510
 20
622.1973
 11
217.3145
 21
619.1914
  0
LINE
999
5,1,,281
  8
1
 10
217.3096
 20
619.2188
 11
217.8735
 21
616.2139
  0
LINE
999
5,1,,283
  8
1
 10
220.1016
 20
619.7427
 11
217.3096
 21
619.2188
  0
LINE
999
5,1,,285
  8
1
 10
127.7417
 20
593.2607
 11
121.1089
 21
585.7769
  0
LINE
999
5,1,,287
  8
1
 10
127.7417
 20
593.2607
 11
121.2905
 21
576.9258
  0
LINE
999
5,1,,289
  8
1
 10
301.4805
 20
496.1479
 11
281.2271
 21
474.0029
  0
LINE
999
5,1,,291
  8
1
 10
301.4805
 20
496.1479
 11
292.6152
 21
491.5220
  0
POLYLINE
999
5
  8
1
  6
1
 66
1
 70
0
  0
VERTEX
999
5,1,,293
  8
1
 10
428.9995
 20
377.7065
  0
VERTEX
999
5,2
  8
1
 10
415.9189
 20
380.1250
  0
VERTEX
999
5,2
  8
1
 10
403.6279
 20
383.1709
  0
VERTEX
999
5,2
  8
1
 10
392.1030
 20
386.8521
  0
VERTEX
999
5,2
  8
1
 10
381.3218
 20
391.1768
  0
VERTEX
999
5,2
  8
1
 10
371.2603
 20
396.1523
  0
VERTEX
999
5,2
  8
1
 10
361.8955
 20
401.7876
  0
VERTEX
999
5,2
  8
1
 10
353.2046
 20
408.0898
  0
VERTEX
999
5,2
  8
1
 10
345.1641
 20
415.0669
  0
VERTEX
999
5,2
  8
1
 10
337.7515
 20
422.7275
  0
VERTEX
999
5,2
  8
1
 10
330.9424
 20
431.0791
  0
VERTEX
999
5,2
  8
1
 10
324.7148
 20
440.1299
  0
VERTEX
999
5,2
  8
1
 10
319.0449
 20
449.8877
  0
VERTEX
999
5,2
  8
1
 10
313.9097
 20
460.3604
  0
VERTEX
999
5,2
  8
1
 10
309.2856
 20
471.5557
  0
VERTEX
999
5,2
  8
1
 10
305.1504
 20
483.4824
  0
VERTEX
999
5,1,,294
  8
1
 10
301.4805
 20
496.1479
  0
SEQEND
  0
POLYLINE
999
5
  8
1
  6
1
 66
1
 70
0
  0
VERTEX
999
5,1,,295
  8
1
 10
301.4805
 20
496.1479
  0
VERTEX
999
5,2
  8
1
 10
279.1055
 20
600.3076
  0
VERTEX
999
5,1,,296
  8
1
 10
256.7710
 20
704.4761
  0
SEQEND
  0
ENDBLK
  0
BLOCK
  8
1
  2
P0009_07
 70
64
 10
0.0000
 20
0.0000
  0
TEXT
  8
1
 10
144.4253
 20
312.8916
 40
8.0000
 50
0.0000
  1
PIECE: 左後身頃上
  7
STANDARD
  0
TEXT
  8
1
 10
144.4253
 20
303.6916
 40
8.0000
 50
0.0000
  1
SIZE: XL
  7
STANDARD
  0
TEXT
  8
1
 10
144.4253
 20
294.4916
 40
8.0000
 50
0.0000
  1
FABRIC: 表生地
  7
STANDARD
  0
TEXT
  8
1
 10
144.4253
 20
285.2916
 40
8.0000
 50
0.0000
  1
QUANTITY: 1
  7
STANDARD
  0
TEXT
  8
1
 10
38.1372
 20
372.1055
 40
5.0000
 50
279.5756
  1
COMMENT: 1.0/切替高
  7
STANDARD
  0
TEXT
  8
1
 10
119.3214
 20
602.3517
 40
5.0000
 50
10.1964
  1
COMMENT: 1.5cm×16cm務歯出しポケット
  7
STANDARD
  0
TEXT
  8
1
 10
120.2065
 20
597.4307
 40
5.0000
 50
10.1964
  1
COMMENT: 15cmファスナー付け
  7
STANDARD
  0
TEXT
  8
1
 10
104.2988
 20
571.7891
 40
6.0000
 50
0.0000
  1
COMMENT: コバステッチ
  7
STANDARD
  0
TEXT
  8
1
 10
103.5815
 20
599.4658
 40
5.0000
 50
10.8742
  1
COMMENT: OPEN
  7
STANDARD
  0
TEXT
  8
1
 10
109.4229
 20
675.8892
 40
5.0000
 50
11.9903
  1
COMMENT: 1.0/ベルト高
  7
STANDARD
  0
TEXT
  8
1
 10
218.9053
 20
12.1782
 40
5.0000
 50
0.0000
  1
COMMENT: 1.0/割り
  7
STANDARD
  0
TEXT
  8
1
 10
267.8843
 20
459.6694
 40
6.0000
 50
0.0000
  1
COMMENT: コバステッチ
  7
STANDARD
  0
TEXT
  8
1
 10
318.9961
 20
478.1401
 40
5.0000
 50
105.8797
  1
COMMENT: 1.0/左高
  7
STANDARD
  0
TEXT
  8
1
 10
380.7451
 20
188.9063
 40
5.0000
 50
76.2607
  1
COMMENT: 1.0/割り
  7
STANDARD
  0
POLYLINE
999
1
  8
1
 66
1
 70
0
  0
VERTEX
999
1,1,1,1
  8
1
 10
365.7646
 20
60.5942
 38
10.0172
 50
175.3952
  0
VERTEX
999
1,2
  8
1
 10
364.1997
 20
40.3027
  0
VERTEX
999
1,1,,2
  8
1
 10
362.7725
 20
20.0010
  0
VERTEX
999
1,1,,3
  8
1
 10
362.7729
 20
10.0000
  0
VERTEX
999
1,2,1
  8
1
 10
302.7505
 20
10.0000
 38
10.0171
 50
90.0000
  0
VERTEX
999
1,2,1
  8
1
 10
292.7505
 20
10.0000
 38
10.0171
 50
90.0000
  0
VERTEX
999
1,1,,4
  8
1
 10
79.4941
 20
10.0000
  0
VERTEX
999
1,1,,5
  8
1
 10
79.4941
 20
19.9990
  0
VERTEX
999
1,2
  8
1
 10
78.6650
 20
40.5039
  0
VERTEX
999
1,1,1,6
  8
1
 10
77.7827
 20
61.0493
 38
10.0172
 50
2.2740
  0
VERTEX
999
1,2
  8
1
 10
77.0469
 20
76.8286
  0
VERTEX
999
1,2
  8
1
 10
76.0986
 20
92.6113
  0
VERTEX
999
1,2
  8
1
 10
74.9497
 20
108.3745
  0
VERTEX
999
1,2
  8
1
 10
73.6108
 20
124.1182
  0
VERTEX
999
1,2
  8
1
 10
72.0918
 20
139.8433
  0
VERTEX
999
1,2
  8
1
 10
70.4033
 20
155.5503
  0
VERTEX
999
1,2
  8
1
 10
68.5562
 20
171.2397
  0
VERTEX
999
1,2
  8
1
 10
66.5605
 20
186.9121
  0
VERTEX
999
1,2
  8
1
 10
64.4268
 20
202.5684
  0
VERTEX
999
1,2
  8
1
 10
62.1650
 20
218.2085
  0
VERTEX
999
1,2
  8
1
 10
59.7866
 20
233.8335
  0
VERTEX
999
1,2
  8
1
 10
57.3018
 20
249.4438
  0
VERTEX
999
1,2
  8
1
 10
54.7202
 20
265.0400
  0
VERTEX
999
1,2
  8
1
 10
52.0532
 20
280.6226
  0
VERTEX
999
1,2
  8
1
 10
49.3110
 20
296.1919
  0
VERTEX
999
1,2
  8
1
 10
46.5039
 20
311.7490
  0
VERTEX
999
1,2
  8
1
 10
43.6426
 20
327.2944
  0
VERTEX
999
1,2
  8
1
 10
40.7373
 20
342.8281
  0
VERTEX
999
1,2
  8
1
 10
37.7983
 20
358.3516
  0
VERTEX
999
1,1,,7
  8
1
 10
34.8364
 20
373.8643
  0
VERTEX
999
1,2
  8
1
 10
31.5547
 20
389.4224
  0
VERTEX
999
1,2
  8
1
 10
28.5190
 20
405.0308
  0
VERTEX
999
1,2
  8
1
 10
25.7241
 20
420.6851
  0
VERTEX
999
1,2
  8
1
 10
23.1641
 20
436.3818
  0
VERTEX
999
1,2
  8
1
 10
20.8340
 20
452.1167
  0
VERTEX
999
1,2
  8
1
 10
18.7285
 20
467.8862
  0
VERTEX
999
1,2
  8
1
 10
16.8423
 20
483.6865
  0
VERTEX
999
1,2
  8
1
 10
15.1694
 20
499.5132
  0
VERTEX
999
1,2
  8
1
 10
13.7051
 20
515.3628
  0
VERTEX
999
1,2
  8
1
 10
12.4438
 20
531.2314
  0
VERTEX
999
1,2
  8
1
 10
11.3804
 20
547.1147
  0
VERTEX
999
1,2
  8
1
 10
10.5093
 20
563.0093
  0
VERTEX
999
1,2
  8
1
 10
9.8252
 20
578.9111
  0
VERTEX
999
1,2
  8
1
 10
9.3228
 20
594.8164
  0
VERTEX
999
1,2
  8
1
 10
8.9961
 20
610.7212
  0
VERTEX
999
1,2
  8
1
 10
8.8408
 20
626.6216
  0
VERTEX
999
1,2
  8
1
 10
8.8511
 20
642.5132
  0
VERTEX
999
1,2
  8
1
 10
9.0215
 20
658.3931
  0
VERTEX
999
1,2
  8
1
 10
9.1528
 20
666.7778
  0
VERTEX
999
1,1,,8
  8
1
 10
9.1807
 20
668.5479
  0
VERTEX
999
1,1,,9
  8
1
 10
19.1792
 20
668.3911
  0
VERTEX
999
1,2
  8
1
 10
34.3037
 20
670.8970
  0
VERTEX
999
1,2
  8
1
 10
49.4082
 20
673.5117
  0
VERTEX
999
1,2
  8
1
 10
64.4946
 20
676.2271
  0
VERTEX
999
1,2
  8
1
 10
79.5649
 20
679.0332
  0
VERTEX
999
1,2
  8
1
 10
94.6196
 20
681.9214
  0
VERTEX
999
1,2
  8
1
 10
109.6606
 20
684.8833
  0
VERTEX
999
1,2
  8
1
 10
124.6899
 20
687.9097
  0
VERTEX
999
1,2
  8
1
 10
139.7085
 20
690.9912
  0
VERTEX
999
1,2
  8
1
 10
154.7178
 20
694.1191
  0
VERTEX
999
1,2
  8
1
 10
169.7197
 20
697.2852
  0
VERTEX
999
1,2
  8
1
 10
184.7153
 20
700.4795
  0
VERTEX
999
1,2
  8
1
 10
199.7061
 20
703.6938
  0
VERTEX
999
1,2
  8
1
 10
214.6943
 20
706.9189
  0
VERTEX
999
1,2
  8
1
 10
229.6807
 20
710.1460
  0
VERTEX
999
1,2
  8
1
 10
244.6665
 20
713.3657
  0
VERTEX
999
1,2
  8
1
 10
259.6543
 20
716.5698
  0
VERTEX
999
1,1,,10
  8
1
 10
269.4268
 20
718.6519
  0
VERTEX
999
1,2
  8
1
 10
271.5166
 20
708.8813
  0
VERTEX
999
1,2
  8
1
 10
294.8042
 20
599.9224
  0
VERTEX
999
1,1,,11
  8
1
 10
318.1289
 20
490.9717
  0
VERTEX
999
1,2
  8
1
 10
321.4458
 20
479.0283
  0
VERTEX
999
1,2
  8
1
 10
325.1909
 20
467.7720
  0
VERTEX
999
1,2
  8
1
 10
329.3901
 20
457.1963
  0
VERTEX
999
1,2
  8
1
 10
334.0713
 20
447.2964
  0
VERTEX
999
1,2
  8
1
 10
339.2607
 20
438.0664
  0
VERTEX
999
1,2
  8
1
 10
344.9858
 20
429.5005
  0
VERTEX
999
1,2
  8
1
 10
351.2725
 20
421.5933
  0
VERTEX
999
1,2
  8
1
 10
358.1489
 20
414.3384
  0
VERTEX
999
1,2
  8
1
 10
365.5928
 20
407.7710
  0
VERTEX
999
1,2
  8
1
 10
373.6592
 20
401.8438
  0
VERTEX
999
1,2
  8
1
 10
382.3677
 20
396.5435
  0
VERTEX
999
1,2
  8
1
 10
391.7383
 20
391.8569
  0
VERTEX
999
1,2
  8
1
 10
401.7905
 20
387.7720
  0
VERTEX
999
1,2
  8
1
 10
412.5444
 20
384.2744
  0
VERTEX
999
1,2
  8
1
 10
424.0200
 20
381.3521
  0
VERTEX
999
1,2
  8
1
 10
436.2368
 20
378.9922
  0
VERTEX
999
1,1,,12
  8
1
 10
446.3945
 20
377.3120
  0
VERTEX
999
1,1,,13
  8
1
 10
444.7622
 20
367.4463
  0
VERTEX
999
1,2
  8
1
 10
443.7998
 20
365.1948
  0
VERTEX
999
1,2
  8
1
 10
437.6772
 20
350.6528
  0
VERTEX
999
1,2
  8
1
 10
431.7158
 20
336.0229
  0
VERTEX
999
1,2
  8
1
 10
425.9268
 20
321.3066
  0
VERTEX
999
1,2
  8
1
 10
420.3232
 20
306.5078
  0
VERTEX
999
1,2
  8
1
 10
414.9170
 20
291.6279
  0
VERTEX
999
1,2
  8
1
 10
409.7202
 20
276.6709
  0
VERTEX
999
1,2
  8
1
 10
404.7446
 20
261.6382
  0
VERTEX
999
1,2
  8
1
 10
400.0034
 20
246.5332
  0
VERTEX
999
1,2
  8
1
 10
395.5078
 20
231.3584
  0
VERTEX
999
1,2
  8
1
 10
391.2700
 20
216.1167
  0
VERTEX
999
1,2
  8
1
 10
387.3027
 20
200.8105
  0
VERTEX
999
1,2
  8
1
 10
383.6182
 20
185.4424
  0
VERTEX
999
1,2
  8
1
 10
380.2275
 20
170.0156
  0
VERTEX
999
1,2
  8
1
 10
377.1440
 20
154.5317
  0
VERTEX
999
1,2
  8
1
 10
374.3794
 20
138.9946
  0
VERTEX
999
1,2
  8
1
 10
371.9458
 20
123.4058
  0
VERTEX
999
1,2
  8
1
 10
369.8550
 20
107.7690
  0
VERTEX
999
1,2
  8
1
 10
368.1201
 20
92.0864
  0
VERTEX
999
1,2
  8
1
 10
366.7524
 20
76.3604
  0
VERTEX
999
1,1,,14
  8
1
 10
365.7646
 20
60.5942
  0
SEQEND
  0
POLYLINE
999
2
  8
1
 66
1
 70
0
  0
VERTEX
999
2,1,,15
  8
1
 10
89.5020
 20
20.0000
  0
VERTEX
999
2,2
  8
1
 10
88.6646
 20
40.7241
  0
VERTEX
999
2,1,,16
  8
1
 10
87.7749
 20
61.4463
  0
VERTEX
999
2,2
  8
1
 10
87.0342
 20
77.3340
  0
VERTEX
999
2,2
  8
1
 10
86.0815
 20
93.2017
  0
VERTEX
999
2,2
  8
1
 10
84.9268
 20
109.0498
  0
VERTEX
999
2,2
  8
1
 10
83.5811
 20
124.8794
  0
VERTEX
999
2,2
  8
1
 10
82.0547
 20
140.6899
  0
VERTEX
999
2,2
  8
1
 10
80.3584
 20
156.4829
  0
VERTEX
999
2,2
  8
1
 10
78.5020
 20
172.2583
  0
VERTEX
999
2,2
  8
1
 10
76.4966
 20
188.0171
  0
VERTEX
999
2,2
  8
1
 10
74.3521
 20
203.7593
  0
VERTEX
999
2,2
  8
1
 10
72.0796
 20
219.4858
  0
VERTEX
999
2,2
  8
1
 10
69.6895
 20
235.1973
  0
VERTEX
999
2,2
  8
1
 10
67.1914
 20
250.8940
  0
VERTEX
999
2,2
  8
1
 10
64.5972
 20
266.5771
  0
VERTEX
999
2,2
  8
1
 10
61.9160
 20
282.2461
  0
VERTEX
999
2,2
  8
1
 10
59.1597
 20
297.9023
  0
VERTEX
999
2,2
  8
1
 10
56.3374
 20
313.5459
  0
VERTEX
999
2,2
  8
1
 10
53.4604
 20
329.1777
  0
VERTEX
999
2,2
  8
1
 10
50.5386
 20
344.7979
  0
VERTEX
999
2,2
  8
1
 10
47.5835
 20
360.4072
  0
VERTEX
999
2,1,,17
  8
1
 10
44.6045
 20
376.0063
  0
VERTEX
999
2,2
  8
1
 10
41.3496
 20
391.4390
  0
VERTEX
999
2,2
  8
1
 10
38.3389
 20
406.9209
  0
VERTEX
999
2,2
  8
1
 10
35.5674
 20
422.4487
  0
VERTEX
999
2,2
  8
1
 10
33.0293
 20
438.0186
  0
VERTEX
999
2,2
  8
1
 10
30.7192
 20
453.6265
  0
VERTEX
999
2,2
  8
1
 10
28.6323
 20
469.2686
  0
VERTEX
999
2,2
  8
1
 10
26.7627
 20
484.9409
  0
VERTEX
999
2,2
  8
1
 10
25.1055
 20
500.6401
  0
VERTEX
999
2,2
  8
1
 10
23.6548
 20
516.3618
  0
VERTEX
999
2,2
  8
1
 10
22.4058
 20
532.1021
  0
VERTEX
999
2,2
  8
1
 10
21.3525
 20
547.8569
  0
VERTEX
999
2,2
  8
1
 10
20.4902
 20
563.6235
  0
VERTEX
999
2,2
  8
1
 10
19.8130
 20
579.3970
  0
VERTEX
999
2,2
  8
1
 10
19.3159
 20
595.1733
  0
VERTEX
999
2,2
  8
1
 10
18.9937
 20
610.9497
  0
VERTEX
999
2,2
  8
1
 10
18.8403
 20
626.7217
  0
VERTEX
999
2,2
  8
1
 10
18.8511
 20
642.4849
  0
VERTEX
999
2,1,,18
  8
1
 10
19.0200
 20
658.2363
  0
VERTEX
999
2,2
  8
1
 10
34.2871
 20
660.7524
  0
VERTEX
999
2,2
  8
1
 10
49.5337
 20
663.3804
  0
VERTEX
999
2,2
  8
1
 10
64.7617
 20
666.1108
  0
VERTEX
999
2,2
  8
1
 10
79.9731
 20
668.9346
  0
VERTEX
999
2,2
  8
1
 10
95.1689
 20
671.8428
  0
VERTEX
999
2,2
  8
1
 10
110.3506
 20
674.8262
  0
VERTEX
999
2,2
  8
1
 10
125.5200
 20
677.8755
  0
VERTEX
999
2,2
  8
1
 10
140.6782
 20
680.9819
  0
VERTEX
999
2,2
  8
1
 10
155.8271
 20
684.1362
  0
VERTEX
999
2,2
  8
1
 10
170.9688
 20
687.3291
  0
VERTEX
999
2,2
  8
1
 10
186.1035
 20
690.5518
  0
VERTEX
999
2,2
  8
1
 10
201.2339
 20
693.7949
  0
VERTEX
999
2,2
  8
1
 10
216.3608
 20
697.0493
  0
VERTEX
999
2,2
  8
1
 10
231.4863
 20
700.3062
  0
VERTEX
999
2,2
  8
1
 10
246.6113
 20
703.5557
  0
VERTEX
999
2,1,,19
  8
1
 10
261.7378
 20
706.7896
  0
VERTEX
999
2,2
  8
1
 10
285.0654
 20
597.6484
  0
VERTEX
999
2,1,,20
  8
1
 10
308.4351
 20
488.5166
  0
VERTEX
999
2,2
  8
1
 10
311.9712
 20
475.8218
  0
VERTEX
999
2,2
  8
1
 10
315.9775
 20
463.8652
  0
VERTEX
999
2,2
  8
1
 10
320.4771
 20
452.6387
  0
VERTEX
999
2,2
  8
1
 10
325.4941
 20
442.1323
  0
VERTEX
999
2,2
  8
1
 10
331.0518
 20
432.3384
  0
VERTEX
999
2,2
  8
1
 10
337.1733
 20
423.2480
  0
VERTEX
999
2,2
  8
1
 10
343.8828
 20
414.8525
  0
VERTEX
999
2,2
  8
1
 10
351.2041
 20
407.1431
  0
VERTEX
999
2,2
  8
1
 10
359.1597
 20
400.1113
  0
VERTEX
999
2,2
  8
1
 10
367.7739
 20
393.7480
  0
VERTEX
999
2,2
  8
1
 10
377.0703
 20
388.0449
  0
VERTEX
999
2,2
  8
1
 10
387.0718
 20
382.9932
  0
VERTEX
999
2,2
  8
1
 10
397.8027
 20
378.5845
  0
VERTEX
999
2,2
  8
1
 10
409.2861
 20
374.8091
  0
VERTEX
999
2,2
  8
1
 10
421.5454
 20
371.6597
  0
VERTEX
999
2,1,,21
  8
1
 10
434.6050
 20
369.1265
  0
VERTEX
999
2,2
  8
1
 10
428.4175
 20
354.4312
  0
VERTEX
999
2,2
  8
1
 10
422.3931
 20
339.6494
  0
VERTEX
999
2,2
  8
1
 10
416.5439
 20
324.7847
  0
VERTEX
999
2,2
  8
1
 10
410.8828
 20
309.8379
  0
VERTEX
999
2,2
  8
1
 10
405.4214
 20
294.8120
  0
VERTEX
999
2,2
  8
1
 10
400.1719
 20
279.7080
  0
VERTEX
999
2,2
  8
1
 10
395.1470
 20
264.5288
  0
VERTEX
999
2,2
  8
1
 10
390.3584
 20
249.2759
  0
VERTEX
999
2,2
  8
1
 10
385.8184
 20
233.9517
  0
VERTEX
999
2,2
  8
1
 10
381.5396
 20
218.5581
  0
VERTEX
999
2,2
  8
1
 10
377.5337
 20
203.0967
  0
VERTEX
999
2,2
  8
1
 10
373.8130
 20
187.5698
  0
VERTEX
999
2,2
  8
1
 10
370.3901
 20
171.9800
  0
VERTEX
999
2,2
  8
1
 10
367.2764
 20
156.3286
  0
VERTEX
999
2,2
  8
1
 10
364.4854
 20
140.6182
  0
VERTEX
999
2,2
  8
1
 10
362.0278
 20
124.8501
  0
VERTEX
999
2,2
  8
1
 10
359.9170
 20
109.0273
  0
VERTEX
999
2,2
  8
1
 10
358.1650
 20
93.1509
  0
VERTEX
999
2,2
  8
1
 10
356.7832
 20
77.2231
  0
VERTEX
999
2,1,,22
  8
1
 10
355.7847
 20
61.2466
  0
VERTEX
999
2,2
  8
1
 10
354.1943
 20
40.6284
  0
VERTEX
999
2,1,,23
  8
1
 10
352.7505
 20
20.0000
  0
VERTEX
999
2,1,,24
  8
1
 10
89.5020
 20
20.0000
  0
SEQEND
  0
LINE
999
5,1,,25
  8
1
 10
87.7749
 20
61.4463
 11
97.7842
 21
61.8438
  0
LINE
999
5,1,,27
  8
1
 10
355.7847
 20
61.2466
 11
345.7998
 21
62.0508
  0
LINE
999
5,1,,29
  8
1
 10
302.7505
 20
20.0000
 11
302.7505
 21
30.0171
  0
LINE
999
5,1,,31
  8
1
 10
292.7505
 20
20.0000
 11
292.7505
 21
30.0171
  0
LINE
999
5,1,,33
  8
1
 10
87.7842
 20
61.2466
 11
355.7847
 21
61.2466
  0
LINE
999
5,1,,35
  8
1
 10
44.6045
 20
376.0063
 11
434.6050
 21
376.0063
  0
LINE
999
5,1,,37
  8
1
 10
306.3472
 20
497.7290
 11
32.9873
 21
438.2896
  0
LINE
999
5,1,,39
  8
1
 10
216.6016
 20
620.7427
 11
213.8096
 21
620.2188
  0
LINE
999
5,1,,41
  8
1
 10
214.5347
 20
696.7407
 11
214.5347
 21
20.0000
  0
LINE
999
5,1,,43
  8
1
 10
213.8096
 20
620.2188
 11
214.3735
 21
617.2139
  0
LINE
999
5,1,,45
  8
1
 10
213.2510
 20
623.1973
 11
213.8145
 21
620.1914
  0
LINE
999
5,1,,47
  8
1
 10
124.2417
 20
594.2607
 11
117.7905
 21
577.9258
  0
LINE
999
5,1,,49
  8
1
 10
124.2417
 20
594.2607
 11
117.6089
 21
586.7769
  0
LINE
999
5,1,,51
  8
1
 10
214.3735
 20
617.2139
 11
217.1748
 21
617.7388
  0
LINE
999
5,1,,53
  8
1
 10
213.0757
 20
623.1641
 11
210.2832
 21
622.6401
  0
LINE
999
5,1,,55
  8
1
 10
219.5693
 20
621.2993
 11
216.7769
 21
620.7754
  0
LINE
999
5,1,,57
  8
1
 10
216.7769
 20
620.7754
 11
217.3408
 21
617.7705
  0
LINE
999
5,1,,59
  8
1
 10
216.2183
 20
623.7539
 11
216.7822
 21
620.7480
  0
LINE
999
5,1,,61
  8
1
 10
217.3408
 20
617.7705
 11
220.1426
 21
618.2959
  0
LINE
999
5,1,,63
  8
1
 10
216.0430
 20
623.7212
 11
213.2510
 21
623.1973
  0
LINE
999
5,1,,65
  8
1
 10
220.1426
 20
618.2959
 11
219.5693
 21
621.2993
  0
LINE
999
5,1,,67
  8
1
 10
219.5830
 20
621.2739
 11
219.0103
 21
624.2773
  0
LINE
999
5,1,,69
  8
1
 10
219.0103
 20
624.2773
 11
216.2183
 21
623.7539
  0
LINE
999
5,1,,71
  8
1
 10
189.3374
 20
618.7104
 11
186.5444
 21
618.1865
  0
LINE
999
5,1,,73
  8
1
 10
192.3042
 20
619.2671
 11
189.5122
 21
618.7427
  0
LINE
999
5,1,,75
  8
1
 10
195.2720
 20
619.8237
 11
192.4795
 21
619.2998
  0
LINE
999
5,1,,77
  8
1
 10
201.7651
 20
617.9595
 11
198.9731
 21
617.4351
  0
LINE
999
5,1,,79
  8
1
 10
198.4146
 20
620.4131
 11
198.9785
 21
617.4082
  0
LINE
999
5,1,,81
  8
1
 10
198.2393
 20
620.3804
 11
195.4473
 21
619.8564
  0
LINE
999
5,1,,83
  8
1
 10
204.7329
 20
618.5156
 11
201.9404
 21
617.9922
  0
LINE
999
5,1,,85
  8
1
 10
201.3813
 20
620.9702
 11
201.9453
 21
617.9644
  0
LINE
999
5,1,,87
  8
1
 10
201.2065
 20
620.9370
 11
198.4146
 21
620.4131
  0
LINE
999
5,1,,89
  8
1
 10
207.6997
 20
619.0728
 11
204.9077
 21
618.5488
  0
LINE
999
5,1,,91
  8
1
 10
204.3491
 20
621.5269
 11
204.9126
 21
618.5215
  0
LINE
999
5,1,,93
  8
1
 10
204.1743
 20
621.4937
 11
201.3813
 21
620.9702
  0
LINE
999
5,1,,95
  8
1
 10
210.6675
 20
619.6299
 11
207.8745
 21
619.1055
  0
LINE
999
5,1,,97
  8
1
 10
207.3159
 20
622.0835
 11
207.8804
 21
619.0776
  0
LINE
999
5,1,,99
  8
1
 10
207.1411
 20
622.0508
 11
204.3491
 21
621.5269
  0
LINE
999
5,1,,101
  8
1
 10
213.6348
 20
620.1860
 11
210.8423
 21
619.6626
  0
LINE
999
5,1,,103
  8
1
 10
210.2832
 20
622.6401
 11
210.8472
 21
619.6348
  0
LINE
999
5,1,,105
  8
1
 10
210.1084
 20
622.6074
 11
207.3159
 21
622.0835
  0
LINE
999
5,1,,107
  8
1
 10
216.3486
 20
638.4844
 11
189.2832
 21
597.8057
  0
LINE
999
5,1,,109
  8
1
 10
221.8354
 20
639.5127
 11
194.7700
 21
598.8335
  0
LINE
999
5,1,,111
  8
1
 10
219.0918
 20
639.0034
 11
192.0269
 21
598.3145
  0
LINE
999
5,1,,113
  8
1
 10
211.4058
 20
616.6567
 11
214.2075
 21
617.1826
  0
LINE
999
5,1,,115
  8
1
 10
223.2813
 20
629.6108
 11
226.0425
 21
614.8672
  0
LINE
999
5,1,,117
  8
1
 10
189.8960
 20
615.7319
 11
187.1035
 21
615.2085
  0
LINE
999
5,1,,119
  8
1
 10
192.8628
 20
616.2891
 11
190.0708
 21
615.7656
  0
LINE
999
5,1,,121
  8
1
 10
190.0708
 20
615.7656
 11
190.6348
 21
612.7593
  0
LINE
999
5,1,,123
  8
1
 10
189.5122
 20
618.7427
 11
190.0757
 21
615.7378
  0
LINE
999
5,1,,125
  8
1
 10
187.1035
 20
615.2085
 11
187.6670
 21
612.2031
  0
LINE
999
5,1,,127
  8
1
 10
186.5444
 20
618.1865
 11
187.1084
 21
615.1807
  0
LINE
999
5,1,,129
  8
1
 10
187.6670
 20
612.2031
 11
190.4692
 21
612.7290
  0
LINE
999
5,1,,131
  8
1
 10
190.6348
 20
612.7593
 11
193.4360
 21
613.2852
  0
LINE
999
5,1,,133
  8
1
 10
195.8306
 20
616.8457
 11
193.0381
 21
616.3218
  0
LINE
999
5,1,,135
  8
1
 10
193.0381
 20
616.3218
 11
193.6021
 21
613.3169
  0
LINE
999
5,1,,137
  8
1
 10
192.4795
 20
619.2998
 11
193.0435
 21
616.2939
  0
LINE
999
5,1,,139
  8
1
 10
193.6021
 20
613.3169
 11
196.4038
 21
613.8418
  0
LINE
999
5,1,,141
  8
1
 10
198.7979
 20
617.4023
 11
196.0059
 21
616.8784
  0
LINE
999
5,1,,143
  8
1
 10
196.0059
 20
616.8784
 11
196.5693
 21
613.8730
  0
LINE
999
5,1,,145
  8
1
 10
195.4473
 20
619.8564
 11
196.0107
 21
616.8511
  0
LINE
999
5,1,,147
  8
1
 10
196.5693
 20
613.8730
 11
199.3706
 21
614.3989
  0
LINE
999
5,1,,149
  8
1
 10
198.9731
 20
617.4351
 11
199.5371
 21
614.4297
  0
LINE
999
5,1,,151
  8
1
 10
199.5371
 20
614.4297
 11
202.3379
 21
614.9556
  0
LINE
999
5,1,,153
  8
1
 10
201.9404
 20
617.9922
 11
202.5039
 21
614.9868
  0
LINE
999
5,1,,155
  8
1
 10
202.5039
 20
614.9868
 11
205.3057
 21
615.5122
  0
LINE
999
5,1,,157
  8
1
 10
204.9077
 20
618.5488
 11
205.4717
 21
615.5435
  0
LINE
999
5,1,,159
  8
1
 10
205.4717
 20
615.5435
 11
208.2729
 21
616.0688
  0
LINE
999
5,1,,161
  8
1
 10
207.8745
 20
619.1055
 11
208.4390
 21
616.1001
  0
LINE
999
5,1,,163
  8
1
 10
306.9805
 20
488.1479
 11
298.1152
 21
483.5220
  0
LINE
999
5,1,,165
  8
1
 10
306.9805
 20
488.1479
 11
286.7271
 21
466.0029
  0
LINE
999
5,1,,167
  8
1
  6
3
 10
231.2778
 20
641.2827
 11
237.7183
 21
606.8818
  0
LINE
999
5,1,,169
  8
1
 10
208.4390
 20
616.1001
 11
211.2402
 21
616.6255
  0
LINE
999
5,1,,171
  8
1
 10
210.8423
 20
619.6626
 11
211.4058
 21
616.6567
  0
LINE
999
5,1,,173
  8
1
  6
1
 10
224.4795
 20
631.3613
 11
227.7930
 21
613.6694
  0
LINE
999
5,1,,175
  8
1
 10
68.8608
 20
585.4067
 11
66.0991
 21
600.1504
  0
LINE
999
5,1,,177
  8
1
 10
226.0425
 20
614.8672
 11
68.8608
 21
585.4067
  0
LINE
999
5,1,,179
  8
1
 10
66.0991
 20
600.1504
 11
223.2813
 21
629.6108
  0
LINE
999
5,1,,181
  8
1
 10
100.8330
 20
599.0498
 11
97.8579
 21
598.4917
  0
LINE
999
5,1,,183
  8
1
 10
101.4063
 20
596.0464
 11
100.8330
 21
599.0498
  0
LINE
999
5,1,,185
  8
1
 10
98.4219
 20
595.4863
 11
101.4063
 21
596.0464
  0
LINE
999
5,1,,187
  8
1
 10
97.8579
 20
598.4917
 11
98.4219
 21
595.4863
  0
LINE
999
5,1,,189
  8
1
 10
100.8477
 20
599.0244
 11
100.2739
 21
602.0278
  0
LINE
999
5,1,,191
  8
1
 10
97.2993
 20
601.4692
 11
97.8633
 21
598.4644
  0
LINE
999
5,1,,193
  8
1
 10
97.6719
 20
598.4570
 11
94.6968
 21
597.8984
  0
LINE
999
5,1,,195
  8
1
 10
95.2607
 20
594.8926
 11
98.2456
 21
595.4531
  0
LINE
999
5,1,,197
  8
1
 10
100.2739
 20
602.0278
 11
97.2993
 21
601.4692
  0
LINE
999
5,1,,199
  8
1
 10
97.1128
 20
601.4341
 11
94.1382
 21
600.8765
  0
LINE
999
5,1,,201
  8
1
 10
94.6968
 20
597.8984
 11
95.2607
 21
594.8926
  0
LINE
999
5,1,,203
  8
1
 10
94.1382
 20
600.8765
 11
94.7021
 21
597.8711
  0
LINE
999
5,1,,205
  8
1
 10
94.5107
 20
597.8633
 11
91.5356
 21
597.3052
  0
LINE
999
5,1,,207
  8
1
 10
92.0996
 20
594.2998
 11
95.0840
 21
594.8604
  0
LINE
999
5,1,,209
  8
1
 10
93.9517
 20
600.8413
 11
90.9771
 21
600.2832
  0
LINE
999
5,1,,211
  8
1
 10
91.5356
 20
597.3052
 11
92.0996
 21
594.2998
  0
LINE
999
5,1,,213
  8
1
 10
90.9771
 20
600.2832
 11
91.5410
 21
597.2778
  0
LINE
999
5,1,,215
  8
1
 10
91.3496
 20
597.2700
 11
88.3745
 21
596.7119
  0
LINE
999
5,1,,217
  8
1
 10
88.9385
 20
593.7065
 11
91.9229
 21
594.2666
  0
LINE
999
5,1,,219
  8
1
 10
90.7905
 20
600.2485
 11
87.8154
 21
599.6899
  0
LINE
999
5,1,,221
  8
1
 10
88.3745
 20
596.7119
 11
88.9385
 21
593.7065
  0
LINE
999
5,1,,223
  8
1
 10
87.8154
 20
599.6899
 11
88.3799
 21
596.6841
  0
LINE
999
5,1,,225
  8
1
 10
88.1880
 20
596.6772
 11
85.2134
 21
596.1187
  0
LINE
999
5,1,,227
  8
1
 10
85.7773
 20
593.1133
 11
88.7617
 21
593.6733
  0
LINE
999
5,1,,229
  8
1
 10
87.6294
 20
599.6548
 11
84.6543
 21
599.0972
  0
LINE
999
5,1,,231
  8
1
 10
85.2134
 20
596.1187
 11
85.7773
 21
593.1133
  0
LINE
999
5,1,,233
  8
1
 10
84.6543
 20
599.0972
 11
85.2188
 21
596.0913
  0
LINE
999
5,1,,235
  8
1
 10
85.0269
 20
596.0835
 11
82.0522
 21
595.5249
  0
LINE
999
5,1,,237
  8
1
 10
82.6162
 20
592.5200
 11
85.6006
 21
593.0801
  0
LINE
999
5,1,,239
  8
1
 10
84.4683
 20
599.0620
 11
81.4932
 21
598.5034
  0
LINE
999
5,1,,241
  8
1
 10
82.0522
 20
595.5249
 11
82.6162
 21
592.5200
  0
LINE
999
5,1,,243
  8
1
 10
81.4932
 20
598.5034
 11
82.0576
 21
595.4980
  0
LINE
999
5,1,,245
  8
1
 10
81.8657
 20
595.4907
 11
78.8911
 21
594.9321
  0
LINE
999
5,1,,247
  8
1
 10
79.4551
 20
591.9272
 11
82.4395
 21
592.4868
  0
LINE
999
5,1,,249
  8
1
 10
81.3071
 20
598.4683
 11
78.3320
 21
597.9102
  0
LINE
999
5,1,,251
  8
1
 10
78.8911
 20
594.9321
 11
79.4551
 21
591.9272
  0
LINE
999
5,1,,253
  8
1
 10
78.3320
 20
597.9102
 11
78.8965
 21
594.9048
  0
LINE
999
5,1,,255
  8
1
 10
78.7046
 20
594.8970
 11
75.7300
 21
594.3394
  0
LINE
999
5,1,,257
  8
1
 10
76.2939
 20
591.3335
 11
79.2783
 21
591.8940
  0
LINE
999
5,1,,259
  8
1
 10
78.1460
 20
597.8755
 11
75.1709
 21
597.3169
  0
LINE
999
5,1,,261
  8
1
 10
75.7300
 20
594.3394
 11
76.2939
 21
591.3335
  0
LINE
999
5,1,,263
  8
1
 10
75.1709
 20
597.3169
 11
75.7349
 21
594.3115
  0
LINE
999
5,1,,265
  8
1
 10
75.5435
 20
594.3042
 11
72.5688
 21
593.7456
  0
LINE
999
5,1,,267
  8
1
 10
73.1328
 20
590.7402
 11
76.1172
 21
591.3003
  0
LINE
999
5,1,,269
  8
1
 10
74.9849
 20
597.2822
 11
72.0098
 21
596.7236
  0
LINE
999
5,1,,271
  8
1
 10
72.5688
 20
593.7456
 11
73.1328
 21
590.7402
  0
LINE
999
5,1,,273
  8
1
 10
72.0098
 20
596.7236
 11
72.5737
 21
593.7188
  0
LINE
999
5,1,,275
  8
1
  6
1
 10
67.6626
 20
583.6563
 11
64.3486
 21
601.3481
  0
LINE
999
5,1,,277
  8
1
  6
1
 10
227.7930
 20
613.6694
 11
67.6626
 21
583.6563
  0
LINE
999
5,1,,279
  8
1
  6
1
 10
64.3486
 20
601.3481
 11
224.4795
 21
631.3613
  0
LINE
999
5,1,,281
  8
1
 10
115.2529
 20
598.5239
 11
118.4648
 21
602.3379
  0
LINE
999
5,1,,283
  8
1
 10
118.4648
 20
602.3379
 11
114.1924
 21
604.6611
  0
LINE
999
5,1,,285
  8
1
  6
3
 10
54.4346
 20
608.1362
 11
231.2778
 21
641.2827
  0
LINE
999
5,1,,287
  8
1
  6
3
 10
237.7183
 20
606.8818
 11
60.8755
 21
573.7354
  0
LINE
999
5,1,,289
  8
1
  6
3
 10
60.8755
 20
573.7354
 11
54.4346
 21
608.1362
  0
LINE
999
5,1,,291
  8
1
 10
101.0225
 20
599.0708
 11
186.9399
 21
615.1636
  0
POLYLINE
999
5
  8
1
  6
1
 66
1
 70
0
  0
VERTEX
999
5,1,,293
  8
1
 10
433.9995
 20
367.7065
  0
VERTEX
999
5,2
  8
1
 10
420.8691
 20
370.2744
  0
VERTEX
999
5,2
  8
1
 10
408.5396
 20
373.4653
  0
VERTEX
999
5,2
  8
1
 10
396.9873
 20
377.2871
  0
VERTEX
999
5,2
  8
1
 10
386.1890
 20
381.7485
  0
VERTEX
999
5,2
  8
1
 10
376.1216
 20
386.8569
  0
VERTEX
999
5,2
  8
1
 10
366.7617
 20
392.6216
  0
VERTEX
999
5,2
  8
1
 10
358.0869
 20
399.0498
  0
VERTEX
999
5,2
  8
1
 10
350.0728
 20
406.1504
  0
VERTEX
999
5,2
  8
1
 10
342.6968
 20
413.9316
  0
VERTEX
999
5,2
  8
1
 10
335.9360
 20
422.4019
  0
VERTEX
999
5,2
  8
1
 10
329.7666
 20
431.5688
  0
VERTEX
999
5,2
  8
1
 10
324.1650
 20
441.4409
  0
VERTEX
999
5,2
  8
1
 10
319.1094
 20
452.0269
  0
VERTEX
999
5,2
  8
1
 10
314.5752
 20
463.3345
  0
VERTEX
999
5,2
  8
1
 10
310.5400
 20
475.3721
  0
VERTEX
999
5,1,,294
  8
1
 10
306.9805
 20
488.1479
  0
SEQEND
  0
POLYLINE
999
5
  8
1
  6
1
 66
1
 70
0
  0
VERTEX
999
5,1,,295
  8
1
 10
306.9805
 20
488.1479
  0
VERTEX
999
5,2
  8
1
 10
283.6045
 20
597.3076
  0
VERTEX
999
5,1,,296
  8
1
 10
260.2710
 20
706.4761
  0
SEQEND
  0
ENDBLK
  0
BLOCK
  8
1
  2
P0010_08
 70
64
 10
0.0000
 20
0.0000
  0
TEXT
  8
1
 10
144.4253
 20
302.8916
 40
8.0000
 50
0.0000
  1
PIECE: 左後身頃上
  7
STANDARD
  0
TEXT
  8
1
 10
144.4253
 20
293.6916
 40
8.0000
 50
0.0000
  1
SIZE: XXL
  7
STANDARD
  0
TEXT
  8
1
 10
144.4253
 20
284.4916
 40
8.0000
 50
0.0000
  1
FABRIC: 表生地
  7
STANDARD
  0
TEXT
  8
1
 10
144.4253
 20
275.2916
 40
8.0000
 50
0.0000
  1
QUANTITY: 1
  7
STANDARD
  0
TEXT
  8
1
 10
33.1372
 20
362.1055
 40
5.0000
 50
279.5756
  1
COMMENT: 1.0/切替高
  7
STANDARD
  0
TEXT
  8
1
 10
105.9229
 20
676.8892
 40
5.0000
 50
11.9903
  1
COMMENT: 1.0/ベルト高
  7
STANDARD
  0
TEXT
  8
1
 10
218.9053
 20
2.1782
 40
5.0000
 50
0.0000
  1
COMMENT: 1.0/割り
  7
STANDARD
  0
TEXT
  8
1
 10
273.3843
 20
451.6694
 40
6.0000
 50
0.0000
  1
COMMENT: コバステッチ
  7
STANDARD
  0
TEXT
  8
1
 10
324.4961
 20
470.1401
 40
5.0000
 50
105.8797
  1
COMMENT: 1.0/左高
  7
STANDARD
  0
TEXT
  8
1
 10
385.7451
 20
183.9063
 40
5.0000
 50
76.2607
  1
COMMENT: 1.0/割り
  7
STANDARD
  0
TEXT
  8
1
 10
100.0815
 20
600.4658
 40
5.0000
 50
10.8742
  1
COMMENT: OPEN
  7
STANDARD
  0
TEXT
  8
1
 10
100.7988
 20
572.7891
 40
6.0000
 50
0.0000
  1
COMMENT: コバステッチ
  7
STANDARD
  0
TEXT
  8
1
 10
115.8214
 20
603.3517
 40
5.0000
 50
10.1964
  1
COMMENT: 1.5cm×16cm務歯出しポケット
  7
STANDARD
  0
TEXT
  8
1
 10
116.7065
 20
598.4307
 40
5.0000
 50
10.1964
  1
COMMENT: 15cmファスナー付け
  7
STANDARD
  0
POLYLINE
999
1
  8
1
 66
1
 70
0
  0
VERTEX
999
1,1,1,1
  8
1
 10
370.7646
 20
50.5942
 38
10.0172
 50
175.3952
  0
VERTEX
999
1,2
  8
1
 10
369.1997
 20
30.3027
  0
VERTEX
999
1,1,,2
  8
1
 10
367.7725
 20
10.0010
  0
VERTEX
999
1,1,,3
  8
1
 10
367.7729
 20
0.0000
  0
VERTEX
999
1,2,1
  8
1
 10
307.7505
 20
0.0000
 38
10.0171
 50
90.0000
  0
VERTEX
999
1,2,1
  8
1
 10
297.7505
 20
0.0000
 38
10.0171
 50
90.0000
  0
VERTEX
999
1,1,,4
  8
1
 10
74.4941
 20
0.0000
  0
VERTEX
999
1,1,,5
  8
1
 10
74.4941
 20
9.9990
  0
VERTEX
999
1,2
  8
1
 10
73.6650
 20
30.5039
  0
VERTEX
999
1,1,1,6
  8
1
 10
72.7827
 20
51.0493
 38
10.0172
 50
2.2740
  0
VERTEX
999
1,2
  8
1
 10
72.0474
 20
66.8232
  0
VERTEX
999
1,2
  8
1
 10
71.0996
 20
82.6006
  0
VERTEX
999
1,2
  8
1
 10
69.9512
 20
98.3584
  0
VERTEX
999
1,2
  8
1
 10
68.6128
 20
114.0972
  0
VERTEX
999
1,2
  8
1
 10
67.0947
 20
129.8169
  0
VERTEX
999
1,2
  8
1
 10
65.4072
 20
145.5190
  0
VERTEX
999
1,2
  8
1
 10
63.5610
 20
161.2031
  0
VERTEX
999
1,2
  8
1
 10
61.5659
 20
176.8706
  0
VERTEX
999
1,2
  8
1
 10
59.4336
 20
192.5215
  0
VERTEX
999
1,2
  8
1
 10
57.1733
 20
208.1567
  0
VERTEX
999
1,2
  8
1
 10
54.7964
 20
223.7769
  0
VERTEX
999
1,2
  8
1
 10
52.3125
 20
239.3818
  0
VERTEX
999
1,2
  8
1
 10
49.7329
 20
254.9727
  0
VERTEX
999
1,2
  8
1
 10
47.0674
 20
270.5503
  0
VERTEX
999
1,2
  8
1
 10
44.3267
 20
286.1147
  0
VERTEX
999
1,2
  8
1
 10
41.5210
 20
301.6670
  0
VERTEX
999
1,2
  8
1
 10
38.6611
 20
317.2070
  0
VERTEX
999
1,2
  8
1
 10
35.7573
 20
332.7358
  0
VERTEX
999
1,2
  8
1
 10
32.8198
 20
348.2539
  0
VERTEX
999
1,1,,7
  8
1
 10
29.8599
 20
363.7617
  0
VERTEX
999
1,2
  8
1
 10
26.2905
 20
379.8462
  0
VERTEX
999
1,2
  8
1
 10
22.9756
 20
395.9854
  0
VERTEX
999
1,2
  8
1
 10
19.9092
 20
412.1748
  0
VERTEX
999
1,2
  8
1
 10
17.0864
 20
428.4106
  0
VERTEX
999
1,2
  8
1
 10
14.5010
 20
444.6890
  0
VERTEX
999
1,2
  8
1
 10
12.1479
 20
461.0054
  0
VERTEX
999
1,2
  8
1
 10
10.0220
 20
477.3555
  0
VERTEX
999
1,2
  8
1
 10
8.1167
 20
493.7358
  0
VERTEX
999
1,2
  8
1
 10
6.4272
 20
510.1421
  0
VERTEX
999
1,2
  8
1
 10
4.9482
 20
526.5698
  0
VERTEX
999
1,2
  8
1
 10
3.6738
 20
543.0156
  0
VERTEX
999
1,2
  8
1
 10
2.5981
 20
559.4751
  0
VERTEX
999
1,2
  8
1
 10
1.7168
 20
575.9438
  0
VERTEX
999
1,2
  8
1
 10
1.0229
 20
592.4180
  0
VERTEX
999
1,2
  8
1
 10
0.5122
 20
608.8940
  0
VERTEX
999
1,2
  8
1
 10
0.1782
 20
625.3667
  0
VERTEX
999
1,2
  8
1
 10
0.0161
 20
641.8330
  0
VERTEX
999
1,2
  8
1
 10
0.0200
 20
658.2881
  0
VERTEX
999
1,2
  8
1
 10
0.0640
 20
666.7798
  0
VERTEX
999
1,1,,8
  8
1
 10
0.0723
 20
668.4229
  0
VERTEX
999
1,1,,9
  8
1
 10
10.0723
 20
668.3706
  0
VERTEX
999
1,2
  8
1
 10
24.2222
 20
670.6802
  0
VERTEX
999
1,2
  8
1
 10
38.3560
 20
673.0815
  0
VERTEX
999
1,2
  8
1
 10
52.4746
 20
675.5679
  0
VERTEX
999
1,2
  8
1
 10
66.5786
 20
678.1323
  0
VERTEX
999
1,2
  8
1
 10
80.6704
 20
680.7690
  0
VERTEX
999
1,2
  8
1
 10
94.7495
 20
683.4707
  0
VERTEX
999
1,2
  8
1
 10
108.8184
 20
686.2310
  0
VERTEX
999
1,2
  8
1
 10
122.8770
 20
689.0435
  0
VERTEX
999
1,2
  8
1
 10
136.9272
 20
691.9009
  0
VERTEX
999
1,2
  8
1
 10
150.9702
 20
694.7979
  0
VERTEX
999
1,2
  8
1
 10
165.0063
 20
697.7266
  0
VERTEX
999
1,2
  8
1
 10
179.0371
 20
700.6807
  0
VERTEX
999
1,2
  8
1
 10
193.0640
 20
703.6538
  0
VERTEX
999
1,2
  8
1
 10
207.0874
 20
706.6396
  0
VERTEX
999
1,2
  8
1
 10
221.1089
 20
709.6309
  0
VERTEX
999
1,2
  8
1
 10
235.1299
 20
712.6216
  0
VERTEX
999
1,2
  8
1
 10
249.1504
 20
715.6045
  0
VERTEX
999
1,2
  8
1
 10
263.1724
 20
718.5737
  0
VERTEX
999
1,1,,10
  8
1
 10
272.9365
 20
720.6348
  0
VERTEX
999
1,2
  8
1
 10
275.0176
 20
710.8755
  0
VERTEX
999
1,2
  8
1
 10
299.3149
 20
596.8691
  0
VERTEX
999
1,1,,11
  8
1
 10
323.6538
 20
482.8716
  0
VERTEX
999
1,2
  8
1
 10
326.8677
 20
470.8198
  0
VERTEX
999
1,2
  8
1
 10
330.5195
 20
459.4551
  0
VERTEX
999
1,2
  8
1
 10
334.6357
 20
448.7710
  0
VERTEX
999
1,2
  8
1
 10
339.2437
 20
438.7617
  0
VERTEX
999
1,2
  8
1
 10
344.3701
 20
429.4209
  0
VERTEX
999
1,2
  8
1
 10
350.0420
 20
420.7427
  0
VERTEX
999
1,2
  8
1
 10
356.2866
 20
412.7212
  0
VERTEX
999
1,2
  8
1
 10
363.1304
 20
405.3501
  0
VERTEX
999
1,2
  8
1
 10
370.5527
 20
398.6650
  0
VERTEX
999
1,2
  8
1
 10
378.6079
 20
392.6172
  0
VERTEX
999
1,2
  8
1
 10
387.3159
 20
387.1938
  0
VERTEX
999
1,2
  8
1
 10
396.6963
 20
382.3809
  0
VERTEX
999
1,2
  8
1
 10
406.7686
 20
378.1660
  0
VERTEX
999
1,2
  8
1
 10
417.5532
 20
374.5356
  0
VERTEX
999
1,2
  8
1
 10
429.0698
 20
371.4761
  0
VERTEX
999
1,2
  8
1
 10
441.3384
 20
368.9751
  0
VERTEX
999
1,1,,12
  8
1
 10
451.4531
 20
367.1948
  0
VERTEX
999
1,1,,13
  8
1
 10
449.7197
 20
357.3462
  0
VERTEX
999
1,2
  8
1
 10
448.7998
 20
355.1948
  0
VERTEX
999
1,2
  8
1
 10
442.6772
 20
340.6528
  0
VERTEX
999
1,2
  8
1
 10
436.7158
 20
326.0229
  0
VERTEX
999
1,2
  8
1
 10
430.9268
 20
311.3066
  0
VERTEX
999
1,2
  8
1
 10
425.3232
 20
296.5078
  0
VERTEX
999
1,2
  8
1
 10
419.9170
 20
281.6279
  0
VERTEX
999
1,2
  8
1
 10
414.7202
 20
266.6709
  0
VERTEX
999
1,2
  8
1
 10
409.7446
 20
251.6382
  0
VERTEX
999
1,2
  8
1
 10
405.0034
 20
236.5332
  0
VERTEX
999
1,2
  8
1
 10
400.5078
 20
221.3584
  0
VERTEX
999
1,2
  8
1
 10
396.2700
 20
206.1167
  0
VERTEX
999
1,2
  8
1
 10
392.3027
 20
190.8105
  0
VERTEX
999
1,2
  8
1
 10
388.6182
 20
175.4424
  0
VERTEX
999
1,2
  8
1
 10
385.2275
 20
160.0156
  0
VERTEX
999
1,2
  8
1
 10
382.1440
 20
144.5317
  0
VERTEX
999
1,2
  8
1
 10
379.3794
 20
128.9946
  0
VERTEX
999
1,2
  8
1
 10
376.9458
 20
113.4058
  0
VERTEX
999
1,2
  8
1
 10
374.8550
 20
97.7690
  0
VERTEX
999
1,2
  8
1
 10
373.1201
 20
82.0864
  0
VERTEX
999
1,2
  8
1
 10
371.7524
 20
66.3604
  0
VERTEX
999
1,1,,14
  8
1
 10
370.7646
 20
50.5942
  0
SEQEND
  0
POLYLINE
999
2
  8
1
 66
1
 70
0
  0
VERTEX
999
2,1,,15
  8
1
 10
84.5020
 20
10.0000
  0
VERTEX
999
2,2
  8
1
 10
83.6646
 20
30.7241
  0
VERTEX
999
2,1,,16
  8
1
 10
82.7749
 20
51.4463
  0
VERTEX
999
2,2
  8
1
 10
82.0342
 20
67.3340
  0
VERTEX
999
2,2
  8
1
 10
81.0815
 20
83.2017
  0
VERTEX
999
2,2
  8
1
 10
79.9268
 20
99.0498
  0
VERTEX
999
2,2
  8
1
 10
78.5811
 20
114.8794
  0
VERTEX
999
2,2
  8
1
 10
77.0547
 20
130.6899
  0
VERTEX
999
2,2
  8
1
 10
75.3584
 20
146.4829
  0
VERTEX
999
2,2
  8
1
 10
73.5020
 20
162.2583
  0
VERTEX
999
2,2
  8
1
 10
71.4966
 20
178.0171
  0
VERTEX
999
2,2
  8
1
 10
69.3521
 20
193.7593
  0
VERTEX
999
2,2
  8
1
 10
67.0796
 20
209.4858
  0
VERTEX
999
2,2
  8
1
 10
64.6895
 20
225.1973
  0
VERTEX
999
2,2
  8
1
 10
62.1914
 20
240.8940
  0
VERTEX
999
2,2
  8
1
 10
59.5972
 20
256.5771
  0
VERTEX
999
2,2
  8
1
 10
56.9160
 20
272.2461
  0
VERTEX
999
2,2
  8
1
 10
54.1597
 20
287.9023
  0
VERTEX
999
2,2
  8
1
 10
51.3374
 20
303.5459
  0
VERTEX
999
2,2
  8
1
 10
48.4604
 20
319.1777
  0
VERTEX
999
2,2
  8
1
 10
45.5386
 20
334.7979
  0
VERTEX
999
2,2
  8
1
 10
42.5835
 20
350.4072
  0
VERTEX
999
2,1,,17
  8
1
 10
39.6045
 20
366.0063
  0
VERTEX
999
2,2
  8
1
 10
36.0635
 20
381.9653
  0
VERTEX
999
2,2
  8
1
 10
32.7749
 20
397.9785
  0
VERTEX
999
2,2
  8
1
 10
29.7334
 20
414.0420
  0
VERTEX
999
2,2
  8
1
 10
26.9336
 20
430.1509
  0
VERTEX
999
2,2
  8
1
 10
24.3701
 20
446.3022
  0
VERTEX
999
2,2
  8
1
 10
22.0371
 20
462.4912
  0
VERTEX
999
2,2
  8
1
 10
19.9287
 20
478.7144
  0
VERTEX
999
2,2
  8
1
 10
18.0405
 20
494.9668
  0
VERTEX
999
2,2
  8
1
 10
16.3662
 20
511.2451
  0
VERTEX
999
2,2
  8
1
 10
14.9004
 20
527.5449
  0
VERTEX
999
2,2
  8
1
 10
13.6377
 20
543.8628
  0
VERTEX
999
2,2
  8
1
 10
12.5723
 20
560.1938
  0
VERTEX
999
2,2
  8
1
 10
11.6992
 20
576.5342
  0
VERTEX
999
2,2
  8
1
 10
11.0122
 20
592.8799
  0
VERTEX
999
2,2
  8
1
 10
10.5063
 20
609.2275
  0
VERTEX
999
2,2
  8
1
 10
10.1763
 20
625.5718
  0
VERTEX
999
2,2
  8
1
 10
10.0161
 20
641.9097
  0
VERTEX
999
2,1,,18
  8
1
 10
10.0200
 20
658.2363
  0
VERTEX
999
2,2
  8
1
 10
24.2896
 20
660.5542
  0
VERTEX
999
2,2
  8
1
 10
38.5425
 20
662.9658
  0
VERTEX
999
2,2
  8
1
 10
52.7798
 20
665.4644
  0
VERTEX
999
2,2
  8
1
 10
67.0029
 20
668.0430
  0
VERTEX
999
2,2
  8
1
 10
81.2124
 20
670.6953
  0
VERTEX
999
2,2
  8
1
 10
95.4102
 20
673.4141
  0
VERTEX
999
2,2
  8
1
 10
109.5967
 20
676.1929
  0
VERTEX
999
2,2
  8
1
 10
123.7729
 20
679.0249
  0
VERTEX
999
2,2
  8
1
 10
137.9409
 20
681.9028
  0
VERTEX
999
2,2
  8
1
 10
152.1006
 20
684.8213
  0
VERTEX
999
2,2
  8
1
 10
166.2544
 20
687.7725
  0
VERTEX
999
2,2
  8
1
 10
180.4023
 20
690.7500
  0
VERTEX
999
2,2
  8
1
 10
194.5459
 20
693.7471
  0
VERTEX
999
2,2
  8
1
 10
208.6860
 20
696.7568
  0
VERTEX
999
2,2
  8
1
 10
222.8242
 20
699.7725
  0
VERTEX
999
2,2
  8
1
 10
236.9619
 20
702.7881
  0
VERTEX
999
2,2
  8
1
 10
251.0991
 20
705.7959
  0
VERTEX
999
2,1,,19
  8
1
 10
265.2378
 20
708.7896
  0
VERTEX
999
2,2
  8
1
 10
289.5645
 20
594.6479
  0
VERTEX
999
2,1,,20
  8
1
 10
313.9351
 20
480.5166
  0
VERTEX
999
2,2
  8
1
 10
317.3604
 20
467.7114
  0
VERTEX
999
2,2
  8
1
 10
321.2666
 20
455.6440
  0
VERTEX
999
2,2
  8
1
 10
325.6763
 20
444.3052
  0
VERTEX
999
2,2
  8
1
 10
330.6138
 20
433.6860
  0
VERTEX
999
2,2
  8
1
 10
336.1025
 20
423.7773
  0
VERTEX
999
2,2
  8
1
 10
342.1660
 20
414.5708
  0
VERTEX
999
2,2
  8
1
 10
348.8276
 20
406.0571
  0
VERTEX
999
2,2
  8
1
 10
356.1118
 20
398.2271
  0
VERTEX
999
2,2
  8
1
 10
364.0410
 20
391.0718
  0
VERTEX
999
2,2
  8
1
 10
372.6396
 20
384.5825
  0
VERTEX
999
2,2
  8
1
 10
381.9312
 20
378.7500
  0
VERTEX
999
2,2
  8
1
 10
391.9385
 20
373.5654
  0
VERTEX
999
2,2
  8
1
 10
402.6865
 20
369.0200
  0
VERTEX
999
2,2
  8
1
 10
414.1978
 20
365.1040
  0
VERTEX
999
2,2
  8
1
 10
426.4961
 20
361.8096
  0
VERTEX
999
2,1,,21
  8
1
 10
439.6050
 20
359.1265
  0
VERTEX
999
2,2
  8
1
 10
433.4175
 20
344.4312
  0
VERTEX
999
2,2
  8
1
 10
427.3931
 20
329.6494
  0
VERTEX
999
2,2
  8
1
 10
421.5439
 20
314.7847
  0
VERTEX
999
2,2
  8
1
 10
415.8828
 20
299.8379
  0
VERTEX
999
2,2
  8
1
 10
410.4214
 20
284.8120
  0
VERTEX
999
2,2
  8
1
 10
405.1719
 20
269.7080
  0
VERTEX
999
2,2
  8
1
 10
400.1470
 20
254.5288
  0
VERTEX
999
2,2
  8
1
 10
395.3584
 20
239.2759
  0
VERTEX
999
2,2
  8
1
 10
390.8184
 20
223.9517
  0
VERTEX
999
2,2
  8
1
 10
386.5396
 20
208.5581
  0
VERTEX
999
2,2
  8
1
 10
382.5337
 20
193.0967
  0
VERTEX
999
2,2
  8
1
 10
378.8130
 20
177.5698
  0
VERTEX
999
2,2
  8
1
 10
375.3901
 20
161.9800
  0
VERTEX
999
2,2
  8
1
 10
372.2764
 20
146.3286
  0
VERTEX
999
2,2
  8
1
 10
369.4854
 20
130.6182
  0
VERTEX
999
2,2
  8
1
 10
367.0278
 20
114.8501
  0
VERTEX
999
2,2
  8
1
 10
364.9170
 20
99.0273
  0
VERTEX
999
2,2
  8
1
 10
363.1650
 20
83.1509
  0
VERTEX
999
2,2
  8
1
 10
361.7832
 20
67.2231
  0
VERTEX
999
2,1,,22
  8
1
 10
360.7847
 20
51.2466
  0
VERTEX
999
2,2
  8
1
 10
359.1943
 20
30.6284
  0
VERTEX
999
2,1,,23
  8
1
 10
357.7505
 20
10.0000
  0
VERTEX
999
2,1,,24
  8
1
 10
84.5020
 20
10.0000
  0
SEQEND
  0
LINE
999
5,1,,25
  8
1
 10
82.7749
 20
51.4463
 11
92.7842
 21
51.8438
  0
LINE
999
5,1,,27
  8
1
 10
360.7847
 20
51.2466
 11
350.7998
 21
52.0508
  0
LINE
999
5,1,,29
  8
1
 10
307.7505
 20
10.0000
 11
307.7505
 21
20.0171
  0
LINE
999
5,1,,31
  8
1
 10
297.7505
 20
10.0000
 11
297.7505
 21
20.0171
  0
LINE
999
5,1,,33
  8
1
 10
82.7842
 20
51.2466
 11
360.7847
 21
51.2466
  0
LINE
999
5,1,,35
  8
1
 10
39.6045
 20
366.0063
 11
439.6050
 21
366.0063
  0
LINE
999
5,1,,37
  8
1
 10
311.8472
 20
489.7290
 11
27.0874
 21
427.7896
  0
LINE
999
5,1,,39
  8
1
 10
214.5347
 20
699.0405
 11
214.5347
 21
10.0000
  0
LINE
999
5,1,,41
  8
1
 10
97.5225
 20
600.0708
 11
183.4399
 21
616.1636
  0
LINE
999
5,1,,43
  8
1
  6
3
 10
57.3755
 20
574.7354
 11
50.9346
 21
609.1362
  0
LINE
999
5,1,,45
  8
1
  6
3
 10
234.2183
 20
607.8818
 11
57.3755
 21
574.7354
  0
LINE
999
5,1,,47
  8
1
  6
3
 10
50.9346
 20
609.1362
 11
227.7778
 21
642.2827
  0
LINE
999
5,1,,49
  8
1
 10
114.9648
 20
603.3379
 11
110.6924
 21
605.6611
  0
LINE
999
5,1,,51
  8
1
 10
111.7529
 20
599.5239
 11
114.9648
 21
603.3379
  0
LINE
999
5,1,,53
  8
1
  6
1
 10
60.8486
 20
602.3481
 11
220.9795
 21
632.3613
  0
LINE
999
5,1,,55
  8
1
  6
1
 10
224.2930
 20
614.6694
 11
64.1626
 21
584.6563
  0
LINE
999
5,1,,57
  8
1
  6
1
 10
64.1626
 20
584.6563
 11
60.8486
 21
602.3481
  0
LINE
999
5,1,,59
  8
1
 10
68.5098
 20
597.7236
 11
69.0737
 21
594.7188
  0
LINE
999
5,1,,61
  8
1
 10
69.0688
 20
594.7456
 11
69.6328
 21
591.7402
  0
LINE
999
5,1,,63
  8
1
 10
71.4849
 20
598.2822
 11
68.5098
 21
597.7236
  0
LINE
999
5,1,,65
  8
1
 10
69.6328
 20
591.7402
 11
72.6172
 21
592.3003
  0
LINE
999
5,1,,67
  8
1
 10
72.0435
 20
595.3042
 11
69.0688
 21
594.7456
  0
LINE
999
5,1,,69
  8
1
 10
71.6709
 20
598.3169
 11
72.2349
 21
595.3115
  0
LINE
999
5,1,,71
  8
1
 10
72.2300
 20
595.3394
 11
72.7939
 21
592.3335
  0
LINE
999
5,1,,73
  8
1
 10
74.6460
 20
598.8755
 11
71.6709
 21
598.3169
  0
LINE
999
5,1,,75
  8
1
 10
72.7939
 20
592.3335
 11
75.7783
 21
592.8940
  0
LINE
999
5,1,,77
  8
1
 10
75.2046
 20
595.8970
 11
72.2300
 21
595.3394
  0
LINE
999
5,1,,79
  8
1
 10
74.8320
 20
598.9102
 11
75.3965
 21
595.9048
  0
LINE
999
5,1,,81
  8
1
 10
75.3911
 20
595.9321
 11
75.9551
 21
592.9272
  0
LINE
999
5,1,,83
  8
1
 10
77.8071
 20
599.4683
 11
74.8320
 21
598.9102
  0
LINE
999
5,1,,85
  8
1
 10
75.9551
 20
592.9272
 11
78.9395
 21
593.4868
  0
LINE
999
5,1,,87
  8
1
 10
78.3657
 20
596.4907
 11
75.3911
 21
595.9321
  0
LINE
999
5,1,,89
  8
1
 10
77.9932
 20
599.5034
 11
78.5576
 21
596.4980
  0
LINE
999
5,1,,91
  8
1
 10
78.5522
 20
596.5249
 11
79.1162
 21
593.5200
  0
LINE
999
5,1,,93
  8
1
 10
80.9683
 20
600.0620
 11
77.9932
 21
599.5034
  0
LINE
999
5,1,,95
  8
1
 10
79.1162
 20
593.5200
 11
82.1006
 21
594.0801
  0
LINE
999
5,1,,97
  8
1
 10
81.5269
 20
597.0835
 11
78.5522
 21
596.5249
  0
LINE
999
5,1,,99
  8
1
 10
81.1543
 20
600.0972
 11
81.7188
 21
597.0913
  0
LINE
999
5,1,,101
  8
1
 10
81.7134
 20
597.1187
 11
82.2773
 21
594.1133
  0
LINE
999
5,1,,103
  8
1
 10
84.1294
 20
600.6548
 11
81.1543
 21
600.0972
  0
LINE
999
5,1,,105
  8
1
 10
82.2773
 20
594.1133
 11
85.2617
 21
594.6733
  0
LINE
999
5,1,,107
  8
1
 10
84.6880
 20
597.6772
 11
81.7134
 21
597.1187
  0
LINE
999
5,1,,109
  8
1
 10
84.3154
 20
600.6899
 11
84.8799
 21
597.6841
  0
LINE
999
5,1,,111
  8
1
 10
84.8745
 20
597.7119
 11
85.4385
 21
594.7065
  0
LINE
999
5,1,,113
  8
1
 10
87.2905
 20
601.2485
 11
84.3154
 21
600.6899
  0
LINE
999
5,1,,115
  8
1
 10
85.4385
 20
594.7065
 11
88.4229
 21
595.2666
  0
LINE
999
5,1,,117
  8
1
 10
87.8496
 20
598.2700
 11
84.8745
 21
597.7119
  0
LINE
999
5,1,,119
  8
1
 10
87.4771
 20
601.2832
 11
88.0410
 21
598.2778
  0
LINE
999
5,1,,121
  8
1
 10
88.0356
 20
598.3052
 11
88.5996
 21
595.2998
  0
LINE
999
5,1,,123
  8
1
 10
90.4517
 20
601.8413
 11
87.4771
 21
601.2832
  0
LINE
999
5,1,,125
  8
1
 10
88.5996
 20
595.2998
 11
91.5840
 21
595.8604
  0
LINE
999
5,1,,127
  8
1
 10
91.0107
 20
598.8633
 11
88.0356
 21
598.3052
  0
LINE
999
5,1,,129
  8
1
 10
90.6382
 20
601.8765
 11
91.2021
 21
598.8711
  0
LINE
999
5,1,,131
  8
1
 10
91.1968
 20
598.8984
 11
91.7607
 21
595.8926
  0
LINE
999
5,1,,133
  8
1
 10
93.6128
 20
602.4341
 11
90.6382
 21
601.8765
  0
LINE
999
5,1,,135
  8
1
 10
96.7739
 20
603.0278
 11
93.7993
 21
602.4692
  0
LINE
999
5,1,,137
  8
1
 10
91.7607
 20
595.8926
 11
94.7456
 21
596.4531
  0
LINE
999
5,1,,139
  8
1
 10
94.1719
 20
599.4570
 11
91.1968
 21
598.8984
  0
LINE
999
5,1,,141
  8
1
 10
93.7993
 20
602.4692
 11
94.3633
 21
599.4644
  0
LINE
999
5,1,,143
  8
1
 10
97.3477
 20
600.0244
 11
96.7739
 21
603.0278
  0
LINE
999
5,1,,145
  8
1
 10
94.3579
 20
599.4917
 11
94.9219
 21
596.4863
  0
LINE
999
5,1,,147
  8
1
 10
94.9219
 20
596.4863
 11
97.9063
 21
597.0464
  0
LINE
999
5,1,,149
  8
1
 10
97.9063
 20
597.0464
 11
97.3330
 21
600.0498
  0
LINE
999
5,1,,151
  8
1
 10
97.3330
 20
600.0498
 11
94.3579
 21
599.4917
  0
LINE
999
5,1,,153
  8
1
 10
62.5991
 20
601.1504
 11
219.7813
 21
630.6108
  0
LINE
999
5,1,,155
  8
1
 10
222.5425
 20
615.8672
 11
65.3608
 21
586.4067
  0
LINE
999
5,1,,157
  8
1
 10
65.3608
 20
586.4067
 11
62.5991
 21
601.1504
  0
LINE
999
5,1,,159
  8
1
  6
1
 10
220.9795
 20
632.3613
 11
224.2930
 21
614.6694
  0
LINE
999
5,1,,161
  8
1
 10
207.3423
 20
620.6626
 11
207.9058
 21
617.6567
  0
LINE
999
5,1,,163
  8
1
 10
204.9390
 20
617.1001
 11
207.7402
 21
617.6255
  0
LINE
999
5,1,,165
  8
1
  6
3
 10
227.7778
 20
642.2827
 11
234.2183
 21
607.8818
  0
LINE
999
5,1,,167
  8
1
 10
204.3745
 20
620.1055
 11
204.9390
 21
617.1001
  0
LINE
999
5,1,,169
  8
1
 10
201.9717
 20
616.5435
 11
204.7729
 21
617.0688
  0
LINE
999
5,1,,171
  8
1
 10
201.4077
 20
619.5488
 11
201.9717
 21
616.5435
  0
LINE
999
5,1,,173
  8
1
 10
199.0039
 20
615.9868
 11
201.8057
 21
616.5122
  0
LINE
999
5,1,,175
  8
1
 10
198.4404
 20
618.9922
 11
199.0039
 21
615.9868
  0
LINE
999
5,1,,177
  8
1
 10
196.0371
 20
615.4297
 11
198.8379
 21
615.9556
  0
LINE
999
5,1,,179
  8
1
 10
195.4731
 20
618.4351
 11
196.0371
 21
615.4297
  0
LINE
999
5,1,,181
  8
1
 10
193.0693
 20
614.8730
 11
195.8706
 21
615.3989
  0
LINE
999
5,1,,183
  8
1
 10
191.9473
 20
620.8564
 11
192.5107
 21
617.8511
  0
LINE
999
5,1,,185
  8
1
 10
192.5059
 20
617.8784
 11
193.0693
 21
614.8730
  0
LINE
999
5,1,,187
  8
1
 10
195.2979
 20
618.4023
 11
192.5059
 21
617.8784
  0
LINE
999
5,1,,189
  8
1
 10
190.1021
 20
614.3169
 11
192.9038
 21
614.8418
  0
LINE
999
5,1,,191
  8
1
 10
188.9795
 20
620.2998
 11
189.5435
 21
617.2939
  0
LINE
999
5,1,,193
  8
1
 10
189.5381
 20
617.3218
 11
190.1021
 21
614.3169
  0
LINE
999
5,1,,195
  8
1
 10
192.3306
 20
617.8457
 11
189.5381
 21
617.3218
  0
LINE
999
5,1,,197
  8
1
 10
187.1348
 20
613.7593
 11
189.9360
 21
614.2852
  0
LINE
999
5,1,,199
  8
1
 10
184.1670
 20
613.2031
 11
186.9692
 21
613.7290
  0
LINE
999
5,1,,201
  8
1
 10
183.0444
 20
619.1865
 11
183.6084
 21
616.1807
  0
LINE
999
5,1,,203
  8
1
 10
183.6035
 20
616.2085
 11
184.1670
 21
613.2031
  0
LINE
999
5,1,,205
  8
1
 10
186.0122
 20
619.7427
 11
186.5757
 21
616.7378
  0
LINE
999
5,1,,207
  8
1
 10
186.5708
 20
616.7656
 11
187.1348
 21
613.7593
  0
LINE
999
5,1,,209
  8
1
 10
189.3628
 20
617.2891
 11
186.5708
 21
616.7656
  0
LINE
999
5,1,,211
  8
1
 10
186.3960
 20
616.7319
 11
183.6035
 21
616.2085
  0
LINE
999
5,1,,213
  8
1
 10
219.7813
 20
630.6108
 11
222.5425
 21
615.8672
  0
LINE
999
5,1,,215
  8
1
 10
207.9058
 20
617.6567
 11
210.7075
 21
618.1826
  0
LINE
999
5,1,,217
  8
1
 10
215.5918
 20
640.0034
 11
188.5269
 21
599.3145
  0
LINE
999
5,1,,219
  8
1
 10
218.3354
 20
640.5127
 11
191.2700
 21
599.8335
  0
LINE
999
5,1,,221
  8
1
 10
212.8486
 20
639.4844
 11
185.7832
 21
598.8057
  0
LINE
999
5,1,,223
  8
1
 10
206.6084
 20
623.6074
 11
203.8159
 21
623.0835
  0
LINE
999
5,1,,225
  8
1
 10
206.7832
 20
623.6401
 11
207.3472
 21
620.6348
  0
LINE
999
5,1,,227
  8
1
 10
210.1348
 20
621.1860
 11
207.3423
 21
620.6626
  0
LINE
999
5,1,,229
  8
1
 10
203.6411
 20
623.0508
 11
200.8491
 21
622.5269
  0
LINE
999
5,1,,231
  8
1
 10
203.8159
 20
623.0835
 11
204.3804
 21
620.0776
  0
LINE
999
5,1,,233
  8
1
 10
207.1675
 20
620.6299
 11
204.3745
 21
620.1055
  0
LINE
999
5,1,,235
  8
1
 10
200.6743
 20
622.4937
 11
197.8813
 21
621.9702
  0
LINE
999
5,1,,237
  8
1
 10
200.8491
 20
622.5269
 11
201.4126
 21
619.5215
  0
LINE
999
5,1,,239
  8
1
 10
204.1997
 20
620.0728
 11
201.4077
 21
619.5488
  0
LINE
999
5,1,,241
  8
1
 10
197.7065
 20
621.9370
 11
194.9146
 21
621.4131
  0
LINE
999
5,1,,243
  8
1
 10
197.8813
 20
621.9702
 11
198.4453
 21
618.9644
  0
LINE
999
5,1,,245
  8
1
 10
201.2329
 20
619.5156
 11
198.4404
 21
618.9922
  0
LINE
999
5,1,,247
  8
1
 10
194.7393
 20
621.3804
 11
191.9473
 21
620.8564
  0
LINE
999
5,1,,249
  8
1
 10
194.9146
 20
621.4131
 11
195.4785
 21
618.4082
  0
LINE
999
5,1,,251
  8
1
 10
198.2651
 20
618.9595
 11
195.4731
 21
618.4351
  0
LINE
999
5,1,,253
  8
1
 10
191.7720
 20
620.8237
 11
188.9795
 21
620.2998
  0
LINE
999
5,1,,255
  8
1
 10
188.8042
 20
620.2671
 11
186.0122
 21
619.7427
  0
LINE
999
5,1,,257
  8
1
 10
185.8374
 20
619.7104
 11
183.0444
 21
619.1865
  0
LINE
999
5,1,,259
  8
1
 10
215.5103
 20
625.2773
 11
212.7183
 21
624.7539
  0
LINE
999
5,1,,261
  8
1
 10
216.0830
 20
622.2739
 11
215.5103
 21
625.2773
  0
LINE
999
5,1,,263
  8
1
 10
216.6426
 20
619.2959
 11
216.0693
 21
622.2993
  0
LINE
999
5,1,,265
  8
1
 10
212.5430
 20
624.7212
 11
209.7510
 21
624.1973
  0
LINE
999
5,1,,267
  8
1
 10
213.8408
 20
618.7705
 11
216.6426
 21
619.2959
  0
LINE
999
5,1,,269
  8
1
 10
212.7183
 20
624.7539
 11
213.2822
 21
621.7480
  0
LINE
999
5,1,,271
  8
1
 10
213.2769
 20
621.7754
 11
213.8408
 21
618.7705
  0
LINE
999
5,1,,273
  8
1
 10
216.0693
 20
622.2993
 11
213.2769
 21
621.7754
  0
LINE
999
5,1,,275
  8
1
 10
209.5757
 20
624.1641
 11
206.7832
 21
623.6401
  0
LINE
999
5,1,,277
  8
1
 10
210.8735
 20
618.2139
 11
213.6748
 21
618.7388
  0
LINE
999
5,1,,279
  8
1
 10
209.7510
 20
624.1973
 11
210.3145
 21
621.1914
  0
LINE
999
5,1,,281
  8
1
 10
210.3096
 20
621.2188
 11
210.8735
 21
618.2139
  0
LINE
999
5,1,,283
  8
1
 10
213.1016
 20
621.7427
 11
210.3096
 21
621.2188
  0
LINE
999
5,1,,285
  8
1
 10
120.7417
 20
595.2607
 11
114.1089
 21
587.7769
  0
LINE
999
5,1,,287
  8
1
 10
120.7417
 20
595.2607
 11
114.2905
 21
578.9258
  0
LINE
999
5,1,,289
  8
1
 10
312.4805
 20
480.1479
 11
292.2271
 21
458.0029
  0
LINE
999
5,1,,291
  8
1
 10
312.4805
 20
480.1479
 11
303.6152
 21
475.5220
  0
POLYLINE
999
5
  8
1
  6
1
 66
1
 70
0
  0
VERTEX
999
5,1,,293
  8
1
 10
438.9995
 20
357.7065
  0
VERTEX
999
5,2
  8
1
 10
425.8193
 20
360.4243
  0
VERTEX
999
5,2
  8
1
 10
413.4512
 20
363.7598
  0
VERTEX
999
5,2
  8
1
 10
401.8711
 20
367.7222
  0
VERTEX
999
5,2
  8
1
 10
391.0562
 20
372.3198
  0
VERTEX
999
5,2
  8
1
 10
380.9829
 20
377.5615
  0
VERTEX
999
5,2
  8
1
 10
371.6279
 20
383.4551
  0
VERTEX
999
5,2
  8
1
 10
362.9688
 20
390.0098
  0
VERTEX
999
5,2
  8
1
 10
354.9810
 20
397.2339
  0
VERTEX
999
5,2
  8
1
 10
347.6426
 20
405.1357
  0
VERTEX
999
5,2
  8
1
 10
340.9292
 20
413.7241
  0
VERTEX
999
5,2
  8
1
 10
334.8179
 20
423.0073
  0
VERTEX
999
5,2
  8
1
 10
329.2856
 20
432.9941
  0
VERTEX
999
5,2
  8
1
 10
324.3091
 20
443.6934
  0
VERTEX
999
5,2
  8
1
 10
319.8647
 20
455.1128
  0
VERTEX
999
5,2
  8
1
 10
315.9297
 20
467.2617
  0
VERTEX
999
5,1,,294
  8
1
 10
312.4805
 20
480.1479
  0
SEQEND
  0
POLYLINE
999
5
  8
1
  6
1
 66
1
 70
0
  0
VERTEX
999
5,1,,295
  8
1
 10
312.4805
 20
480.1479
  0
VERTEX
999
5,2
  8
1
 10
288.1035
 20
594.3076
  0
VERTEX
999
5,1,,296
  8
1
 10
263.7710
 20
708.4761
  0
SEQEND
  0
ENDBLK
  0
BLOCK
  8
1
  2
P0011_04
 70
64
 10
0.0000
 20
0.0000
  0
TEXT
  8
1
 10
255.0903
 20
355.5801
 40
8.0000
 50
0.0000
  1
PIECE: 右後身頃上
  7
STANDARD
  0
TEXT
  8
1
 10
255.0903
 20
346.3801
 40
8.0000
 50
0.0000
  1
SIZE: S
  7
STANDARD
  0
TEXT
  8
1
 10
255.0903
 20
337.1801
 40
8.0000
 50
0.0000
  1
FABRIC: 表生地
  7
STANDARD
  0
TEXT
  8
1
 10
255.0903
 20
327.9800
 40
8.0000
 50
0.0000
  1
QUANTITY: 1
  7
STANDARD
  0
TEXT
  8
1
 10
393.3853
 20
402.9370
 40
5.0000
 50
260.4244
  1
COMMENT: 1.0/切替高
  7
STANDARD
  0
TEXT
  8
1
 10
300.4595
 20
568.7891
 40
6.0000
 50
0.0000
  1
COMMENT: コバステッチ
  7
STANDARD
  0
TEXT
  8
1
 10
302.0259
 20
679.1553
 40
5.0000
 50
348.0097
  1
COMMENT: 1.0/ベルト高
  7
STANDARD
  0
TEXT
  8
1
 10
212.4395
 20
57.1782
 40
5.0000
 50
0.0000
  1
COMMENT: 1.0/割り
  7
STANDARD
  0
TEXT
  8
1
 10
153.7671
 20
500.7720
 40
5.0000
 50
74.1203
  1
COMMENT: 1.0/左高
  7
STANDARD
  0
TEXT
  8
1
 10
90.5659
 20
212.5942
 40
5.0000
 50
103.7393
  1
COMMENT: 1.0/割り
  7
STANDARD
  0
TEXT
  8
1
 10
259.1772
 20
608.3442
 40
6.0000
 50
349.4492
  1
COMMENT: 1.5cm×16cm片玉縁ポケット
  7
STANDARD
  0
POLYLINE
999
1
  8
1
 66
1
 70
0
  0
VERTEX
999
1,1,,1
  8
1
 10
103.6831
 20
64.9995
  0
VERTEX
999
1,2
  8
1
 10
102.2593
 20
85.2715
  0
VERTEX
999
1,1,1,2
  8
1
 10
100.7002
 20
105.4438
 38
10.0172
 50
4.6048
  0
VERTEX
999
1,2
  8
1
 10
99.5713
 20
120.5552
  0
VERTEX
999
1,2
  8
1
 10
98.0864
 20
135.5342
  0
VERTEX
999
1,2
  8
1
 10
96.2505
 20
150.4683
  0
VERTEX
999
1,2
  8
1
 10
94.0752
 20
165.3545
  0
VERTEX
999
1,2
  8
1
 10
91.5728
 20
180.1904
  0
VERTEX
999
1,2
  8
1
 10
88.7544
 20
194.9741
  0
VERTEX
999
1,2
  8
1
 10
85.6318
 20
209.7031
  0
VERTEX
999
1,2
  8
1
 10
82.2173
 20
224.3745
  0
VERTEX
999
1,2
  8
1
 10
78.5215
 20
238.9858
  0
VERTEX
999
1,2
  8
1
 10
74.5571
 20
253.5356
  0
VERTEX
999
1,2
  8
1
 10
70.3354
 20
268.0205
  0
VERTEX
999
1,2
  8
1
 10
65.8687
 20
282.4385
  0
VERTEX
999
1,2
  8
1
 10
61.1680
 20
296.7876
  0
VERTEX
999
1,2
  8
1
 10
56.2451
 20
311.0645
  0
VERTEX
999
1,2
  8
1
 10
51.1118
 20
325.2671
  0
VERTEX
999
1,2
  8
1
 10
45.7803
 20
339.3931
  0
VERTEX
999
1,2
  8
1
 10
40.2617
 20
353.4399
  0
VERTEX
999
1,2
  8
1
 10
34.5679
 20
367.4053
  0
VERTEX
999
1,2
  8
1
 10
28.7109
 20
381.2871
  0
VERTEX
999
1,2
  8
1
 10
22.7021
 20
395.0825
  0
VERTEX
999
1,1,,3
  8
1
 10
21.5220
 20
397.7515
  0
VERTEX
999
1,1,,4
  8
1
 10
20.2021
 20
407.6641
  0
VERTEX
999
1,2
  8
1
 10
30.5283
 20
409.0391
  0
VERTEX
999
1,2
  8
1
 10
42.5903
 20
410.9766
  0
VERTEX
999
1,2
  8
1
 10
53.9429
 20
413.4878
  0
VERTEX
999
1,2
  8
1
 10
64.6045
 20
416.5859
  0
VERTEX
999
1,2
  8
1
 10
74.5967
 20
420.2832
  0
VERTEX
999
1,2
  8
1
 10
83.9380
 20
424.5908
  0
VERTEX
999
1,2
  8
1
 10
92.6484
 20
429.5220
  0
VERTEX
999
1,2
  8
1
 10
100.7485
 20
435.0884
  0
VERTEX
999
1,2
  8
1
 10
108.2573
 20
441.3022
  0
VERTEX
999
1,2
  8
1
 10
115.2090
 20
448.1855
  0
VERTEX
999
1,2
  8
1
 10
121.6055
 20
455.7241
  0
VERTEX
999
1,2
  8
1
 10
127.4741
 20
463.9214
  0
VERTEX
999
1,2
  8
1
 10
132.8408
 20
472.7832
  0
VERTEX
999
1,2
  8
1
 10
137.7319
 20
482.3135
  0
VERTEX
999
1,2
  8
1
 10
142.1738
 20
492.5166
  0
VERTEX
999
1,2
  8
1
 10
146.1929
 20
503.3984
  0
VERTEX
999
1,1,,5
  8
1
 10
149.8159
 20
514.9624
  0
VERTEX
999
1,2
  8
1
 10
170.1465
 20
608.9277
  0
VERTEX
999
1,2
  8
1
 10
190.4409
 20
702.9019
  0
VERTEX
999
1,1,,6
  8
1
 10
192.5620
 20
712.7163
  0
VERTEX
999
1,2
  8
1
 10
202.3677
 20
710.5552
  0
VERTEX
999
1,2
  8
1
 10
216.7925
 20
707.3638
  0
VERTEX
999
1,2
  8
1
 10
231.2158
 20
704.1567
  0
VERTEX
999
1,2
  8
1
 10
245.6401
 20
700.9443
  0
VERTEX
999
1,2
  8
1
 10
260.0664
 20
697.7378
  0
VERTEX
999
1,2
  8
1
 10
274.4976
 20
694.5493
  0
VERTEX
999
1,2
  8
1
 10
288.9351
 20
691.3887
  0
VERTEX
999
1,2
  8
1
 10
303.3804
 20
688.2681
  0
VERTEX
999
1,2
  8
1
 10
317.8369
 20
685.1978
  0
VERTEX
999
1,2
  8
1
 10
332.3052
 20
682.1899
  0
VERTEX
999
1,2
  8
1
 10
346.7876
 20
679.2549
  0
VERTEX
999
1,2
  8
1
 10
361.2861
 20
676.4038
  0
VERTEX
999
1,2
  8
1
 10
375.8032
 20
673.6484
  0
VERTEX
999
1,2
  8
1
 10
390.3398
 20
670.9995
  0
VERTEX
999
1,1,,7
  8
1
 10
404.8989
 20
668.4683
  0
VERTEX
999
1,1,,8
  8
1
 10
414.8843
 20
668.9907
  0
VERTEX
999
1,2
  8
1
 10
415.0005
 20
666.7686
  0
VERTEX
999
1,2
  8
1
 10
415.4194
 20
658.7588
  0
VERTEX
999
1,2
  8
1
 10
416.0898
 20
644.6011
  0
VERTEX
999
1,2
  8
1
 10
416.6177
 20
630.4282
  0
VERTEX
999
1,2
  8
1
 10
416.9980
 20
616.2427
  0
VERTEX
999
1,2
  8
1
 10
417.2256
 20
602.0479
  0
VERTEX
999
1,2
  8
1
 10
417.2964
 20
587.8472
  0
VERTEX
999
1,2
  8
1
 10
417.2046
 20
573.6440
  0
VERTEX
999
1,2
  8
1
 10
416.9458
 20
559.4404
  0
VERTEX
999
1,2
  8
1
 10
416.5146
 20
545.2412
  0
VERTEX
999
1,2
  8
1
 10
415.9072
 20
531.0483
  0
VERTEX
999
1,2
  8
1
 10
415.1177
 20
516.8652
  0
VERTEX
999
1,2
  8
1
 10
414.1416
 20
502.6953
  0
VERTEX
999
1,2
  8
1
 10
412.9741
 20
488.5415
  0
VERTEX
999
1,2
  8
1
 10
411.6104
 20
474.4077
  0
VERTEX
999
1,2
  8
1
 10
410.0449
 20
460.2964
  0
VERTEX
999
1,2
  8
1
 10
408.2734
 20
446.2104
  0
VERTEX
999
1,2
  8
1
 10
406.2910
 20
432.1538
  0
VERTEX
999
1,2
  8
1
 10
404.0928
 20
418.1294
  0
VERTEX
999
1,1,,9
  8
1
 10
401.6733
 20
404.1406
  0
VERTEX
999
1,2
  8
1
 10
398.7437
 20
389.3491
  0
VERTEX
999
1,2
  8
1
 10
395.8369
 20
374.5503
  0
VERTEX
999
1,2
  8
1
 10
392.9619
 20
359.7432
  0
VERTEX
999
1,2
  8
1
 10
390.1294
 20
344.9263
  0
VERTEX
999
1,2
  8
1
 10
387.3491
 20
330.0996
  0
VERTEX
999
1,2
  8
1
 10
384.6309
 20
315.2627
  0
VERTEX
999
1,2
  8
1
 10
381.9844
 20
300.4141
  0
VERTEX
999
1,2
  8
1
 10
379.4204
 20
285.5532
  0
VERTEX
999
1,2
  8
1
 10
376.9482
 20
270.6792
  0
VERTEX
999
1,2
  8
1
 10
374.5781
 20
255.7915
  0
VERTEX
999
1,2
  8
1
 10
372.3198
 20
240.8892
  0
VERTEX
999
1,2
  8
1
 10
370.1831
 20
225.9717
  0
VERTEX
999
1,2
  8
1
 10
368.1782
 20
211.0386
  0
VERTEX
999
1,2
  8
1
 10
366.3149
 20
196.0884
  0
VERTEX
999
1,2
  8
1
 10
364.6035
 20
181.1206
  0
VERTEX
999
1,2
  8
1
 10
363.0537
 20
166.1343
  0
VERTEX
999
1,2
  8
1
 10
361.6748
 20
151.1294
  0
VERTEX
999
1,2
  8
1
 10
360.4780
 20
136.1040
  0
VERTEX
999
1,2
  8
1
 10
359.4722
 20
121.0586
  0
VERTEX
999
1,1,1,10
  8
1
 10
358.6675
 20
105.9824
 38
10.0171
 50
177.3402
  0
VERTEX
999
1,2
  8
1
 10
357.7881
 20
85.5005
  0
VERTEX
999
1,1,,11
  8
1
 10
356.9590
 20
65.0005
  0
VERTEX
999
1,1,,12
  8
1
 10
356.9590
 20
55.0000
  0
VERTEX
999
1,2,1
  8
1
 10
173.7026
 20
55.0000
 38
10.0171
 50
90.0000
  0
VERTEX
999
1,2,1
  8
1
 10
163.7026
 20
55.0000
 38
10.0171
 50
90.0000
  0
VERTEX
999
1,1,,13
  8
1
 10
103.6860
 20
55.0000
  0
VERTEX
999
1,1,,14
  8
1
 10
103.6831
 20
64.9995
  0
SEQEND
  0
POLYLINE
999
2
  8
1
 66
1
 70
0
  0
VERTEX
999
2,1,,15
  8
1
 10
348.6782
 20
106.4463
  0
VERTEX
999
2,2
  8
1
 10
347.7886
 20
85.7241
  0
VERTEX
999
2,1,,16
  8
1
 10
346.9512
 20
65.0000
  0
VERTEX
999
2,1,,17
  8
1
 10
113.7026
 20
65.0000
  0
VERTEX
999
2,2
  8
1
 10
112.2588
 20
85.6284
  0
VERTEX
999
2,1,,18
  8
1
 10
110.6685
 20
106.2466
  0
VERTEX
999
2,2
  8
1
 10
109.5283
 20
121.4810
  0
VERTEX
999
2,2
  8
1
 10
108.0234
 20
136.6641
  0
VERTEX
999
2,2
  8
1
 10
106.1655
 20
151.7939
  0
VERTEX
999
2,2
  8
1
 10
103.9658
 20
166.8691
  0
VERTEX
999
2,2
  8
1
 10
101.4365
 20
181.8872
  0
VERTEX
999
2,2
  8
1
 10
98.5889
 20
196.8467
  0
VERTEX
999
2,2
  8
1
 10
95.4346
 20
211.7461
  0
VERTEX
999
2,2
  8
1
 10
91.9858
 20
226.5830
  0
VERTEX
999
2,2
  8
1
 10
88.2534
 20
241.3560
  0
VERTEX
999
2,2
  8
1
 10
84.2500
 20
256.0635
  0
VERTEX
999
2,2
  8
1
 10
79.9863
 20
270.7036
  0
VERTEX
999
2,2
  8
1
 10
75.4746
 20
285.2739
  0
VERTEX
999
2,2
  8
1
 10
70.7266
 20
299.7734
  0
VERTEX
999
2,2
  8
1
 10
65.7534
 20
314.1997
  0
VERTEX
999
2,2
  8
1
 10
60.5674
 20
328.5513
  0
VERTEX
999
2,2
  8
1
 10
55.1797
 20
342.8267
  0
VERTEX
999
2,2
  8
1
 10
49.6025
 20
357.0234
  0
VERTEX
999
2,2
  8
1
 10
43.8467
 20
371.1401
  0
VERTEX
999
2,2
  8
1
 10
37.9248
 20
385.1753
  0
VERTEX
999
2,1,,19
  8
1
 10
31.8481
 20
399.1265
  0
VERTEX
999
2,2
  8
1
 10
44.7578
 20
401.2100
  0
VERTEX
999
2,2
  8
1
 10
56.9009
 20
403.9243
  0
VERTEX
999
2,2
  8
1
 10
68.3008
 20
407.2773
  0
VERTEX
999
2,2
  8
1
 10
78.9810
 20
411.2764
  0
VERTEX
999
2,2
  8
1
 10
88.9648
 20
415.9297
  0
VERTEX
999
2,2
  8
1
 10
98.2754
 20
421.2446
  0
VERTEX
999
2,2
  8
1
 10
106.9365
 20
427.2295
  0
VERTEX
999
2,2
  8
1
 10
114.9717
 20
433.8916
  0
VERTEX
999
2,2
  8
1
 10
122.4038
 20
441.2393
  0
VERTEX
999
2,2
  8
1
 10
129.2568
 20
449.2798
  0
VERTEX
999
2,2
  8
1
 10
135.5537
 20
458.0215
  0
VERTEX
999
2,2
  8
1
 10
141.3179
 20
467.4717
  0
VERTEX
999
2,2
  8
1
 10
146.5732
 20
477.6387
  0
VERTEX
999
2,2
  8
1
 10
151.3428
 20
488.5298
  0
VERTEX
999
2,2
  8
1
 10
155.6499
 20
500.1533
  0
VERTEX
999
2,1,,20
  8
1
 10
159.5181
 20
512.5166
  0
VERTEX
999
2,2
  8
1
 10
179.8853
 20
606.6489
  0
VERTEX
999
2,1,,21
  8
1
 10
200.2153
 20
700.7896
  0
VERTEX
999
2,2
  8
1
 10
214.8301
 20
697.5562
  0
VERTEX
999
2,2
  8
1
 10
229.4438
 20
694.3066
  0
VERTEX
999
2,2
  8
1
 10
244.0581
 20
691.0527
  0
VERTEX
999
2,2
  8
1
 10
258.6748
 20
687.8052
  0
VERTEX
999
2,2
  8
1
 10
273.2964
 20
684.5757
  0
VERTEX
999
2,2
  8
1
 10
287.9248
 20
681.3765
  0
VERTEX
999
2,2
  8
1
 10
302.5615
 20
678.2183
  0
VERTEX
999
2,2
  8
1
 10
317.2095
 20
675.1133
  0
VERTEX
999
2,2
  8
1
 10
331.8696
 20
672.0723
  0
VERTEX
999
2,2
  8
1
 10
346.5449
 20
669.1074
  0
VERTEX
999
2,2
  8
1
 10
361.2368
 20
666.2295
  0
VERTEX
999
2,2
  8
1
 10
375.9473
 20
663.4512
  0
VERTEX
999
2,2
  8
1
 10
390.6787
 20
660.7827
  0
VERTEX
999
2,1,,22
  8
1
 10
405.4331
 20
658.2363
  0
VERTEX
999
2,2
  8
1
 10
406.1709
 20
642.4570
  0
VERTEX
999
2,2
  8
1
 10
406.7295
 20
626.6582
  0
VERTEX
999
2,2
  8
1
 10
407.1021
 20
610.8442
  0
VERTEX
999
2,2
  8
1
 10
407.2822
 20
595.0195
  0
VERTEX
999
2,2
  8
1
 10
407.2617
 20
579.1895
  0
VERTEX
999
2,2
  8
1
 10
407.0347
 20
563.3579
  0
VERTEX
999
2,2
  8
1
 10
406.5938
 20
547.5303
  0
VERTEX
999
2,2
  8
1
 10
405.9321
 20
531.7104
  0
VERTEX
999
2,2
  8
1
 10
405.0425
 20
515.9038
  0
VERTEX
999
2,2
  8
1
 10
403.9180
 20
500.1147
  0
VERTEX
999
2,2
  8
1
 10
402.5513
 20
484.3472
  0
VERTEX
999
2,2
  8
1
 10
400.9365
 20
468.6069
  0
VERTEX
999
2,2
  8
1
 10
399.0654
 20
452.8979
  0
VERTEX
999
2,2
  8
1
 10
396.9321
 20
437.2251
  0
VERTEX
999
2,2
  8
1
 10
394.5288
 20
421.5933
  0
VERTEX
999
2,1,,23
  8
1
 10
391.8486
 20
406.0063
  0
VERTEX
999
2,2
  8
1
 10
388.9092
 20
391.1563
  0
VERTEX
999
2,2
  8
1
 10
385.9917
 20
376.2964
  0
VERTEX
999
2,2
  8
1
 10
383.1064
 20
361.4263
  0
VERTEX
999
2,2
  8
1
 10
380.2637
 20
346.5444
  0
VERTEX
999
2,2
  8
1
 10
377.4731
 20
331.6514
  0
VERTEX
999
2,2
  8
1
 10
374.7451
 20
316.7456
  0
VERTEX
999
2,2
  8
1
 10
372.0889
 20
301.8271
  0
VERTEX
999
2,2
  8
1
 10
369.5151
 20
286.8950
  0
VERTEX
999
2,2
  8
1
 10
367.0332
 20
271.9487
  0
VERTEX
999
2,2
  8
1
 10
364.6538
 20
256.9883
  0
VERTEX
999
2,2
  8
1
 10
362.3867
 20
242.0122
  0
VERTEX
999
2,2
  8
1
 10
360.2417
 20
227.0205
  0
VERTEX
999
2,2
  8
1
 10
358.2290
 20
212.0122
  0
VERTEX
999
2,2
  8
1
 10
356.3579
 20
196.9868
  0
VERTEX
999
2,2
  8
1
 10
354.6396
 20
181.9443
  0
VERTEX
999
2,2
  8
1
 10
353.0830
 20
166.8833
  0
VERTEX
999
2,2
  8
1
 10
351.6987
 20
151.8037
  0
VERTEX
999
2,2
  8
1
 10
350.4966
 20
136.7046
  0
VERTEX
999
2,2
  8
1
 10
349.4863
 20
121.5859
  0
VERTEX
999
2,1,,24
  8
1
 10
348.6782
 20
106.4463
  0
SEQEND
  0
LINE
999
5,1,,25
  8
1
 10
173.7026
 20
65.0000
 11
173.7026
 21
75.0171
  0
LINE
999
5,1,,27
  8
1
 10
163.7026
 20
65.0000
 11
163.7026
 21
75.0171
  0
LINE
999
5,1,,29
  8
1
 10
110.6685
 20
106.2466
 11
120.6533
 21
107.0508
  0
LINE
999
5,1,,31
  8
1
 10
348.6782
 20
106.4463
 11
338.6719
 21
106.9111
  0
LINE
999
5,1,,33
  8
1
 10
348.6694
 20
106.2466
 11
110.6685
 21
106.2466
  0
LINE
999
5,1,,35
  8
1
 10
391.8486
 20
406.0063
 11
31.8481
 21
406.0063
  0
LINE
999
5,1,,37
  8
1
 10
161.6060
 20
521.7290
 11
400.7661
 21
469.7896
  0
LINE
999
5,1,,39
  8
1
 10
236.9185
 20
689.8408
 11
236.9185
 21
65.0000
  0
LINE
999
5,1,,41
  8
1
  6
3
 10
380.0776
 20
570.7354
 11
386.5186
 21
605.1362
  0
LINE
999
5,1,,43
  8
1
  6
3
 10
203.2349
 20
603.8818
 11
380.0776
 21
570.7354
  0
LINE
999
5,1,,45
  8
1
 10
378.3633
 20
608.2012
 11
380.6445
 21
620.9976
  0
LINE
999
5,1,,47
  8
1
 10
307.4814
 20
620.8369
 11
378.3633
 21
608.2012
  0
LINE
999
5,1,,49
  8
1
  6
3
 10
386.5186
 20
605.1362
 11
209.6753
 21
638.2827
  0
LINE
999
5,1,,51
  8
1
  6
1
 10
376.6045
 20
598.3481
 11
216.4736
 21
628.3613
  0
LINE
999
5,1,,53
  8
1
  6
1
 10
213.1602
 20
610.6694
 11
373.2910
 21
580.6563
  0
LINE
999
5,1,,55
  8
1
  6
1
 10
373.2910
 20
580.6563
 11
376.6045
 21
598.3481
  0
LINE
999
5,1,,57
  8
1
 10
374.8540
 20
597.1504
 11
217.6719
 21
626.6108
  0
LINE
999
5,1,,59
  8
1
 10
214.9106
 20
611.8672
 11
372.0928
 21
582.4067
  0
LINE
999
5,1,,61
  8
1
 10
372.0928
 20
582.4067
 11
374.8540
 21
597.1504
  0
LINE
999
5,1,,63
  8
1
 10
380.6445
 20
620.9976
 11
309.7627
 21
633.6328
  0
LINE
999
5,1,,65
  8
1
 10
309.7627
 20
633.6328
 11
307.4814
 21
620.8369
  0
LINE
999
5,1,,67
  8
1
  6
1
 10
216.4736
 20
628.3613
 11
213.1602
 21
610.6694
  0
LINE
999
5,1,,69
  8
1
  6
3
 10
209.6753
 20
638.2827
 11
203.2349
 21
603.8818
  0
LINE
999
5,1,,71
  8
1
 10
217.6719
 20
626.6108
 11
214.9106
 21
611.8672
  0
LINE
999
5,1,,73
  8
1
 10
221.8613
 20
636.0034
 11
248.9263
 21
595.3145
  0
LINE
999
5,1,,75
  8
1
 10
219.1177
 20
636.5127
 11
246.1831
 21
595.8335
  0
LINE
999
5,1,,77
  8
1
 10
224.6045
 20
635.4844
 11
251.6699
 21
594.8057
  0
LINE
999
5,1,,79
  8
1
 10
316.7119
 20
591.2607
 11
323.3442
 21
583.7769
  0
LINE
999
5,1,,81
  8
1
 10
316.7119
 20
591.2607
 11
323.1626
 21
574.9258
  0
POLYLINE
999
5
  8
1
 66
1
 70
0
  0
VERTEX
999
5,1,,83
  8
1
 10
374.2891
 20
614.0015
  0
VERTEX
999
5,2
  8
1
 10
374.8862
 20
614.0161
  0
VERTEX
999
5,2
  8
1
 10
375.4131
 20
614.2505
  0
VERTEX
999
5,2
  8
1
 10
375.8145
 20
614.6646
  0
VERTEX
999
5,1,,84
  8
1
 10
376.0337
 20
615.2197
  0
SEQEND
  0
POLYLINE
999
5
  8
1
 66
1
 70
0
  0
VERTEX
999
5,1,,85
  8
1
 10
376.0342
 20
615.2197
  0
VERTEX
999
5,2
  8
1
 10
376.0186
 20
615.8145
  0
VERTEX
999
5,2
  8
1
 10
375.7837
 20
616.3394
  0
VERTEX
999
5,2
  8
1
 10
375.3696
 20
616.7378
  0
VERTEX
999
5,1,,86
  8
1
 10
374.8154
 20
616.9546
  0
SEQEND
  0
POLYLINE
999
5
  8
1
 66
1
 70
0
  0
VERTEX
999
5,1,,87
  8
1
 10
373.0811
 20
615.7461
  0
VERTEX
999
5,2
  8
1
 10
373.0923
 20
615.1504
  0
VERTEX
999
5,2
  8
1
 10
373.3237
 20
614.6235
  0
VERTEX
999
5,2
  8
1
 10
373.7354
 20
614.2217
  0
VERTEX
999
5,1,,88
  8
1
 10
374.2891
 20
614.0015
  0
SEQEND
  0
POLYLINE
999
5
  8
1
 66
1
 70
0
  0
VERTEX
999
5,1,,89
  8
1
 10
374.8154
 20
616.9546
  0
VERTEX
999
5,2
  8
1
 10
374.2207
 20
616.9438
  0
VERTEX
999
5,2
  8
1
 10
373.6958
 20
616.7129
  0
VERTEX
999
5,2
  8
1
 10
373.2969
 20
616.3003
  0
VERTEX
999
5,1,,90
  8
1
 10
373.0811
 20
615.7461
  0
SEQEND
  0
POLYLINE
999
5
  8
1
 66
1
 70
0
  0
VERTEX
999
5,1,,91
  8
1
 10
313.8271
 20
627.8330
  0
VERTEX
999
5,2
  8
1
 10
313.2319
 20
627.8174
  0
VERTEX
999
5,2
  8
1
 10
312.7075
 20
627.5830
  0
VERTEX
999
5,2
  8
1
 10
312.3091
 20
627.1689
  0
VERTEX
999
5,1,,92
  8
1
 10
312.0923
 20
626.6147
  0
SEQEND
  0
POLYLINE
999
5
  8
1
 66
1
 70
0
  0
VERTEX
999
5,1,,93
  8
1
 10
315.0454
 20
626.0884
  0
VERTEX
999
5,2
  8
1
 10
315.0283
 20
626.6846
  0
VERTEX
999
5,2
  8
1
 10
314.7939
 20
627.2104
  0
VERTEX
999
5,2
  8
1
 10
314.3809
 20
627.6118
  0
VERTEX
999
5,1,,94
  8
1
 10
313.8271
 20
627.8330
  0
SEQEND
  0
POLYLINE
999
5
  8
1
 66
1
 70
0
  0
VERTEX
999
5,1,,95
  8
1
 10
313.3008
 20
624.8804
  0
VERTEX
999
5,2
  8
1
 10
313.8965
 20
624.8921
  0
VERTEX
999
5,2
  8
1
 10
314.4229
 20
625.1230
  0
VERTEX
999
5,2
  8
1
 10
314.8247
 20
625.5347
  0
VERTEX
999
5,1,,96
  8
1
 10
315.0454
 20
626.0884
  0
SEQEND
  0
POLYLINE
999
5
  8
1
 66
1
 70
0
  0
VERTEX
999
5,1,,97
  8
1
 10
312.0923
 20
626.6147
  0
VERTEX
999
5,2
  8
1
 10
312.1025
 20
626.0200
  0
VERTEX
999
5,2
  8
1
 10
312.3340
 20
625.4946
  0
VERTEX
999
5,2
  8
1
 10
312.7466
 20
625.0962
  0
VERTEX
999
5,1,,98
  8
1
 10
313.3008
 20
624.8804
  0
SEQEND
  0
ENDBLK
  0
BLOCK
  8
1
  2
P0012_05
 70
64
 10
0.0000
 20
0.0000
  0
TEXT
  8
1
 10
255.0903
 20
345.5801
 40
8.0000
 50
0.0000
  1
PIECE: 右後身頃上
  7
STANDARD
  0
TEXT
  8
1
 10
255.0903
 20
336.3801
 40
8.0000
 50
0.0000
  1
SIZE: M
  7
STANDARD
  0
TEXT
  8
1
 10
255.0903
 20
327.1801
 40
8.0000
 50
0.0000
  1
FABRIC: 表生地
  7
STANDARD
  0
TEXT
  8
1
 10
255.0903
 20
317.9800
 40
8.0000
 50
0.0000
  1
QUANTITY: 1
  7
STANDARD
  0
TEXT
  8
1
 10
398.3853
 20
392.9370
 40
5.0000
 50
260.4244
  1
COMMENT: 1.0/切替高
  7
STANDARD
  0
TEXT
  8
1
 10
303.9595
 20
569.7891
 40
6.0000
 50
0.0000
  1
COMMENT: コバステッチ
  7
STANDARD
  0
TEXT
  8
1
 10
305.5259
 20
680.1553
 40
5.0000
 50
348.0097
  1
COMMENT: 1.0/ベルト高
  7
STANDARD
  0
TEXT
  8
1
 10
212.4395
 20
42.1782
 40
5.0000
 50
0.0000
  1
COMMENT: 1.0/割り
  7
STANDARD
  0
TEXT
  8
1
 10
148.2671
 20
492.7720
 40
5.0000
 50
74.1203
  1
COMMENT: 1.0/左高
  7
STANDARD
  0
TEXT
  8
1
 10
85.5659
 20
205.0942
 40
5.0000
 50
103.7393
  1
COMMENT: 1.0/割り
  7
STANDARD
  0
TEXT
  8
1
 10
262.6772
 20
609.3442
 40
6.0000
 50
349.4492
  1
COMMENT: 1.5cm×16cm片玉縁ポケット
  7
STANDARD
  0
POLYLINE
999
1
  8
1
 66
1
 70
0
  0
VERTEX
999
1,1,,1
  8
1
 10
98.6821
 20
50.0005
  0
VERTEX
999
1,2
  8
1
 10
97.2573
 20
70.2822
  0
VERTEX
999
1,1,1,2
  8
1
 10
95.7002
 20
90.4438
 38
10.0172
 50
4.6048
  0
VERTEX
999
1,2
  8
1
 10
94.6094
 20
105.8237
  0
VERTEX
999
1,2
  8
1
 10
93.1597
 20
121.0518
  0
VERTEX
999
1,2
  8
1
 10
91.3545
 20
136.2349
  0
VERTEX
999
1,2
  8
1
 10
89.2051
 20
151.3716
  0
VERTEX
999
1,2
  8
1
 10
86.7241
 20
166.4585
  0
VERTEX
999
1,2
  8
1
 10
83.9229
 20
181.4932
  0
VERTEX
999
1,2
  8
1
 10
80.8135
 20
196.4736
  0
VERTEX
999
1,2
  8
1
 10
77.4072
 20
211.3970
  0
VERTEX
999
1,2
  8
1
 10
73.7158
 20
226.2607
  0
VERTEX
999
1,2
  8
1
 10
69.7520
 20
241.0630
  0
VERTEX
999
1,2
  8
1
 10
65.5264
 20
255.8003
  0
VERTEX
999
1,2
  8
1
 10
61.0518
 20
270.4707
  0
VERTEX
999
1,2
  8
1
 10
56.3389
 20
285.0713
  0
VERTEX
999
1,2
  8
1
 10
51.4004
 20
299.6001
  0
VERTEX
999
1,2
  8
1
 10
46.2480
 20
314.0547
  0
VERTEX
999
1,2
  8
1
 10
40.8931
 20
328.4316
  0
VERTEX
999
1,2
  8
1
 10
35.3477
 20
342.7295
  0
VERTEX
999
1,2
  8
1
 10
29.6230
 20
356.9453
  0
VERTEX
999
1,2
  8
1
 10
23.7319
 20
371.0767
  0
VERTEX
999
1,2
  8
1
 10
17.6855
 20
385.1211
  0
VERTEX
999
1,1,,3
  8
1
 10
16.5806
 20
387.6479
  0
VERTEX
999
1,1,,4
  8
1
 10
15.1558
 20
397.5459
  0
VERTEX
999
1,2
  8
1
 10
25.4229
 20
399.0244
  0
VERTEX
999
1,2
  8
1
 10
37.5366
 20
401.1025
  0
VERTEX
999
1,2
  8
1
 10
48.9297
 20
403.7510
  0
VERTEX
999
1,2
  8
1
 10
59.6226
 20
406.9819
  0
VERTEX
999
1,2
  8
1
 10
69.6343
 20
410.8081
  0
VERTEX
999
1,2
  8
1
 10
78.9854
 20
415.2422
  0
VERTEX
999
1,2
  8
1
 10
87.6958
 20
420.2959
  0
VERTEX
999
1,2
  8
1
 10
95.7842
 20
425.9824
  0
VERTEX
999
1,2
  8
1
 10
103.2715
 20
432.3140
  0
VERTEX
999
1,2
  8
1
 10
110.1938
 20
439.3164
  0
VERTEX
999
1,2
  8
1
 10
116.5508
 20
446.9727
  0
VERTEX
999
1,2
  8
1
 10
122.3691
 20
455.2866
  0
VERTEX
999
1,2
  8
1
 10
127.6748
 20
464.2642
  0
VERTEX
999
1,2
  8
1
 10
132.4946
 20
473.9097
  0
VERTEX
999
1,2
  8
1
 10
136.8550
 20
484.2285
  0
VERTEX
999
1,2
  8
1
 10
140.7827
 20
495.2256
  0
VERTEX
999
1,1,,5
  8
1
 10
144.3037
 20
506.9058
  0
VERTEX
999
1,2
  8
1
 10
165.6406
 20
605.8955
  0
VERTEX
999
1,2
  8
1
 10
186.9395
 20
704.8940
  0
VERTEX
999
1,1,,6
  8
1
 10
189.0488
 20
714.6924
  0
VERTEX
999
1,2
  8
1
 10
198.8423
 20
712.5610
  0
VERTEX
999
1,2
  8
1
 10
212.2534
 20
709.6318
  0
VERTEX
999
1,2
  8
1
 10
225.6631
 20
706.6885
  0
VERTEX
999
1,2
  8
1
 10
239.0728
 20
703.7388
  0
VERTEX
999
1,2
  8
1
 10
252.4839
 20
700.7910
  0
VERTEX
999
1,2
  8
1
 10
265.8979
 20
697.8525
  0
VERTEX
999
1,2
  8
1
 10
279.3164
 20
694.9316
  0
VERTEX
999
1,2
  8
1
 10
292.7402
 20
692.0361
  0
VERTEX
999
1,2
  8
1
 10
306.1709
 20
689.1743
  0
VERTEX
999
1,2
  8
1
 10
319.6104
 20
686.3540
  0
VERTEX
999
1,2
  8
1
 10
333.0591
 20
683.5830
  0
VERTEX
999
1,2
  8
1
 10
346.5190
 20
680.8691
  0
VERTEX
999
1,2
  8
1
 10
359.9912
 20
678.2207
  0
VERTEX
999
1,2
  8
1
 10
373.4771
 20
675.6455
  0
VERTEX
999
1,2
  8
1
 10
386.9785
 20
673.1514
  0
VERTEX
999
1,2
  8
1
 10
400.4966
 20
670.7466
  0
VERTEX
999
1,1,,7
  8
1
 10
414.0322
 20
668.4390
  0
VERTEX
999
1,1,,8
  8
1
 10
424.0269
 20
668.8301
  0
VERTEX
999
1,2
  8
1
 10
424.1069
 20
666.7725
  0
VERTEX
999
1,2
  8
1
 10
424.4253
 20
658.6274
  0
VERTEX
999
1,2
  8
1
 10
424.9287
 20
643.8989
  0
VERTEX
999
1,2
  8
1
 10
425.2842
 20
629.1553
  0
VERTEX
999
1,2
  8
1
 10
425.4858
 20
614.4004
  0
VERTEX
999
1,2
  8
1
 10
425.5293
 20
599.6377
  0
VERTEX
999
1,2
  8
1
 10
425.4087
 20
584.8706
  0
VERTEX
999
1,2
  8
1
 10
425.1196
 20
570.1025
  0
VERTEX
999
1,2
  8
1
 10
424.6572
 20
555.3374
  0
VERTEX
999
1,2
  8
1
 10
424.0161
 20
540.5781
  0
VERTEX
999
1,2
  8
1
 10
423.1909
 20
525.8281
  0
VERTEX
999
1,2
  8
1
 10
422.1772
 20
511.0918
  0
VERTEX
999
1,2
  8
1
 10
420.9692
 20
496.3716
  0
VERTEX
999
1,2
  8
1
 10
419.5630
 20
481.6714
  0
VERTEX
999
1,2
  8
1
 10
417.9521
 20
466.9951
  0
VERTEX
999
1,2
  8
1
 10
416.1323
 20
452.3457
  0
VERTEX
999
1,2
  8
1
 10
414.0986
 20
437.7266
  0
VERTEX
999
1,2
  8
1
 10
411.8457
 20
423.1416
  0
VERTEX
999
1,2
  8
1
 10
409.3687
 20
408.5938
  0
VERTEX
999
1,1,,9
  8
1
 10
406.6626
 20
394.0874
  0
VERTEX
999
1,2
  8
1
 10
403.7236
 20
379.0605
  0
VERTEX
999
1,2
  8
1
 10
400.8071
 20
364.0234
  0
VERTEX
999
1,2
  8
1
 10
397.9229
 20
348.9761
  0
VERTEX
999
1,2
  8
1
 10
395.0811
 20
333.9175
  0
VERTEX
999
1,2
  8
1
 10
392.2920
 20
318.8472
  0
VERTEX
999
1,2
  8
1
 10
389.5654
 20
303.7646
  0
VERTEX
999
1,2
  8
1
 10
386.9116
 20
288.6694
  0
VERTEX
999
1,2
  8
1
 10
384.3413
 20
273.5610
  0
VERTEX
999
1,2
  8
1
 10
381.8638
 20
258.4385
  0
VERTEX
999
1,2
  8
1
 10
379.4897
 20
243.3013
  0
VERTEX
999
1,2
  8
1
 10
377.2295
 20
228.1494
  0
VERTEX
999
1,2
  8
1
 10
375.0928
 20
212.9814
  0
VERTEX
999
1,2
  8
1
 10
373.0898
 20
197.7974
  0
VERTEX
999
1,2
  8
1
 10
371.2310
 20
182.5962
  0
VERTEX
999
1,2
  8
1
 10
369.5259
 20
167.3779
  0
VERTEX
999
1,2
  8
1
 10
367.9854
 20
152.1411
  0
VERTEX
999
1,2
  8
1
 10
366.6191
 20
136.8862
  0
VERTEX
999
1,2
  8
1
 10
365.4375
 20
121.6118
  0
VERTEX
999
1,2
  8
1
 10
364.4507
 20
106.3179
  0
VERTEX
999
1,1,1,10
  8
1
 10
363.6685
 20
91.0059
 38
10.0171
 50
177.4744
  0
VERTEX
999
1,2
  8
1
 10
362.7881
 20
70.5010
  0
VERTEX
999
1,1,,11
  8
1
 10
361.9590
 20
49.9990
  0
VERTEX
999
1,1,,12
  8
1
 10
361.9590
 20
40.0000
  0
VERTEX
999
1,2,1
  8
1
 10
168.7026
 20
40.0000
 38
10.0171
 50
90.0000
  0
VERTEX
999
1,2,1
  8
1
 10
158.7026
 20
40.0000
 38
10.0171
 50
90.0000
  0
VERTEX
999
1,1,,13
  8
1
 10
98.6841
 20
40.0000
  0
VERTEX
999
1,1,,14
  8
1
 10
98.6821
 20
50.0005
  0
SEQEND
  0
POLYLINE
999
2
  8
1
 66
1
 70
0
  0
VERTEX
999
2,1,,15
  8
1
 10
353.6782
 20
91.4463
  0
VERTEX
999
2,2
  8
1
 10
352.7886
 20
70.7241
  0
VERTEX
999
2,1,,16
  8
1
 10
351.9512
 20
50.0000
  0
VERTEX
999
2,1,,17
  8
1
 10
108.7026
 20
50.0000
  0
VERTEX
999
2,2
  8
1
 10
107.2588
 20
70.6284
  0
VERTEX
999
2,1,,18
  8
1
 10
105.6685
 20
91.2466
  0
VERTEX
999
2,2
  8
1
 10
104.5757
 20
106.7285
  0
VERTEX
999
2,2
  8
1
 10
103.1118
 20
122.1597
  0
VERTEX
999
2,2
  8
1
 10
101.2891
 20
137.5386
  0
VERTEX
999
2,2
  8
1
 10
99.1191
 20
152.8628
  0
VERTEX
999
2,2
  8
1
 10
96.6138
 20
168.1309
  0
VERTEX
999
2,2
  8
1
 10
93.7847
 20
183.3408
  0
VERTEX
999
2,2
  8
1
 10
90.6440
 20
198.4907
  0
VERTEX
999
2,2
  8
1
 10
87.2041
 20
213.5786
  0
VERTEX
999
2,2
  8
1
 10
83.4756
 20
228.6030
  0
VERTEX
999
2,2
  8
1
 10
79.4712
 20
243.5615
  0
VERTEX
999
2,2
  8
1
 10
75.2026
 20
258.4526
  0
VERTEX
999
2,2
  8
1
 10
70.6816
 20
273.2744
  0
VERTEX
999
2,2
  8
1
 10
65.9199
 20
288.0249
  0
VERTEX
999
2,2
  8
1
 10
60.9297
 20
302.7026
  0
VERTEX
999
2,2
  8
1
 10
55.7222
 20
317.3047
  0
VERTEX
999
2,2
  8
1
 10
50.3101
 20
331.8306
  0
VERTEX
999
2,2
  8
1
 10
44.7046
 20
346.2773
  0
VERTEX
999
2,2
  8
1
 10
38.9180
 20
360.6436
  0
VERTEX
999
2,2
  8
1
 10
32.9619
 20
374.9272
  0
VERTEX
999
2,1,,19
  8
1
 10
26.8481
 20
389.1265
  0
VERTEX
999
2,2
  8
1
 10
39.8076
 20
391.3599
  0
VERTEX
999
2,2
  8
1
 10
51.9897
 20
394.2192
  0
VERTEX
999
2,2
  8
1
 10
63.4175
 20
397.7129
  0
VERTEX
999
2,2
  8
1
 10
74.1147
 20
401.8486
  0
VERTEX
999
2,2
  8
1
 10
84.1040
 20
406.6348
  0
VERTEX
999
2,2
  8
1
 10
93.4102
 20
412.0791
  0
VERTEX
999
2,2
  8
1
 10
102.0557
 20
418.1899
  0
VERTEX
999
2,2
  8
1
 10
110.0640
 20
424.9756
  0
VERTEX
999
2,2
  8
1
 10
117.4595
 20
432.4434
  0
VERTEX
999
2,2
  8
1
 10
124.2646
 20
440.6025
  0
VERTEX
999
2,2
  8
1
 10
130.5029
 20
449.4604
  0
VERTEX
999
2,2
  8
1
 10
136.1982
 20
459.0254
  0
VERTEX
999
2,2
  8
1
 10
141.3740
 20
469.3052
  0
VERTEX
999
2,2
  8
1
 10
146.0537
 20
480.3081
  0
VERTEX
999
2,2
  8
1
 10
150.2607
 20
492.0430
  0
VERTEX
999
2,1,,20
  8
1
 10
154.0181
 20
504.5166
  0
VERTEX
999
2,2
  8
1
 10
175.3857
 20
603.6489
  0
VERTEX
999
2,1,,21
  8
1
 10
196.7153
 20
702.7896
  0
VERTEX
999
2,2
  8
1
 10
210.2832
 20
699.8262
  0
VERTEX
999
2,2
  8
1
 10
223.8491
 20
696.8486
  0
VERTEX
999
2,2
  8
1
 10
237.4160
 20
693.8647
  0
VERTEX
999
2,2
  8
1
 10
250.9839
 20
690.8828
  0
VERTEX
999
2,2
  8
1
 10
264.5547
 20
687.9111
  0
VERTEX
999
2,2
  8
1
 10
278.1299
 20
684.9580
  0
VERTEX
999
2,2
  8
1
 10
291.7109
 20
682.0313
  0
VERTEX
999
2,2
  8
1
 10
305.2993
 20
679.1396
  0
VERTEX
999
2,2
  8
1
 10
318.8960
 20
676.2905
  0
VERTEX
999
2,2
  8
1
 10
332.5029
 20
673.4927
  0
VERTEX
999
2,2
  8
1
 10
346.1211
 20
670.7539
  0
VERTEX
999
2,2
  8
1
 10
359.7524
 20
668.0825
  0
VERTEX
999
2,2
  8
1
 10
373.3975
 20
665.4873
  0
VERTEX
999
2,2
  8
1
 10
387.0586
 20
662.9756
  0
VERTEX
999
2,2
  8
1
 10
400.7368
 20
660.5557
  0
VERTEX
999
2,1,,22
  8
1
 10
414.4331
 20
658.2363
  0
VERTEX
999
2,2
  8
1
 10
414.9326
 20
643.6357
  0
VERTEX
999
2,2
  8
1
 10
415.2852
 20
629.0210
  0
VERTEX
999
2,2
  8
1
 10
415.4858
 20
614.3945
  0
VERTEX
999
2,2
  8
1
 10
415.5298
 20
599.7603
  0
VERTEX
999
2,2
  8
1
 10
415.4121
 20
585.1221
  0
VERTEX
999
2,2
  8
1
 10
415.1274
 20
570.4824
  0
VERTEX
999
2,2
  8
1
 10
414.6704
 20
555.8462
  0
VERTEX
999
2,2
  8
1
 10
414.0366
 20
541.2153
  0
VERTEX
999
2,2
  8
1
 10
413.2207
 20
526.5942
  0
VERTEX
999
2,2
  8
1
 10
412.2178
 20
511.9863
  0
VERTEX
999
2,2
  8
1
 10
411.0225
 20
497.3950
  0
VERTEX
999
2,2
  8
1
 10
409.6299
 20
482.8232
  0
VERTEX
999
2,2
  8
1
 10
408.0347
 20
468.2749
  0
VERTEX
999
2,2
  8
1
 10
406.2324
 20
453.7534
  0
VERTEX
999
2,2
  8
1
 10
404.2178
 20
439.2627
  0
VERTEX
999
2,2
  8
1
 10
401.9858
 20
424.8057
  0
VERTEX
999
2,2
  8
1
 10
399.5308
 20
410.3857
  0
VERTEX
999
2,1,,23
  8
1
 10
396.8486
 20
396.0063
  0
VERTEX
999
2,2
  8
1
 10
393.8960
 20
380.9067
  0
VERTEX
999
2,2
  8
1
 10
390.9658
 20
365.7969
  0
VERTEX
999
2,2
  8
1
 10
388.0688
 20
350.6768
  0
VERTEX
999
2,2
  8
1
 10
385.2144
 20
335.5449
  0
VERTEX
999
2,2
  8
1
 10
382.4136
 20
320.4014
  0
VERTEX
999
2,2
  8
1
 10
379.6758
 20
305.2456
  0
VERTEX
999
2,2
  8
1
 10
377.0112
 20
290.0771
  0
VERTEX
999
2,2
  8
1
 10
374.4307
 20
274.8950
  0
VERTEX
999
2,2
  8
1
 10
371.9438
 20
259.6982
  0
VERTEX
999
2,2
  8
1
 10
369.5605
 20
244.4873
  0
VERTEX
999
2,2
  8
1
 10
367.2915
 20
229.2612
  0
VERTEX
999
2,2
  8
1
 10
365.1470
 20
214.0190
  0
VERTEX
999
2,2
  8
1
 10
363.1362
 20
198.7607
  0
VERTEX
999
2,2
  8
1
 10
361.2705
 20
183.4858
  0
VERTEX
999
2,2
  8
1
 10
359.5591
 20
168.1929
  0
VERTEX
999
2,2
  8
1
 10
358.0127
 20
152.8818
  0
VERTEX
999
2,2
  8
1
 10
356.6411
 20
137.5522
  0
VERTEX
999
2,2
  8
1
 10
355.4551
 20
122.2036
  0
VERTEX
999
2,2
  8
1
 10
354.4639
 20
106.8350
  0
VERTEX
999
2,1,,24
  8
1
 10
353.6782
 20
91.4463
  0
SEQEND
  0
LINE
999
5,1,,25
  8
1
 10
168.7026
 20
50.0000
 11
168.7026
 21
60.0171
  0
LINE
999
5,1,,27
  8
1
 10
158.7026
 20
50.0000
 11
158.7026
 21
60.0171
  0
LINE
999
5,1,,29
  8
1
 10
105.6685
 20
91.2466
 11
115.6533
 21
92.0508
  0
LINE
999
5,1,,31
  8
1
 10
353.6782
 20
91.4463
 11
343.6709
 21
91.8877
  0
LINE
999
5,1,,33
  8
1
 10
353.6694
 20
91.2466
 11
105.6685
 21
91.2466
  0
LINE
999
5,1,,35
  8
1
 10
396.8486
 20
396.0063
 11
26.8481
 21
396.0063
  0
LINE
999
5,1,,37
  8
1
 10
156.1060
 20
513.7290
 11
406.6660
 21
459.2896
  0
LINE
999
5,1,,39
  8
1
 10
236.9185
 20
692.1406
 11
236.9185
 21
50.0000
  0
LINE
999
5,1,,41
  8
1
  6
3
 10
383.5776
 20
571.7354
 11
390.0186
 21
606.1362
  0
LINE
999
5,1,,43
  8
1
  6
3
 10
206.7349
 20
604.8818
 11
383.5776
 21
571.7354
  0
LINE
999
5,1,,45
  8
1
 10
381.8633
 20
609.2012
 11
384.1445
 21
621.9976
  0
LINE
999
5,1,,47
  8
1
 10
310.9814
 20
621.8369
 11
381.8633
 21
609.2012
  0
LINE
999
5,1,,49
  8
1
  6
3
 10
390.0186
 20
606.1362
 11
213.1753
 21
639.2827
  0
LINE
999
5,1,,51
  8
1
  6
1
 10
380.1045
 20
599.3481
 11
219.9736
 21
629.3613
  0
LINE
999
5,1,,53
  8
1
  6
1
 10
216.6602
 20
611.6694
 11
376.7910
 21
581.6563
  0
LINE
999
5,1,,55
  8
1
  6
1
 10
376.7910
 20
581.6563
 11
380.1045
 21
599.3481
  0
LINE
999
5,1,,57
  8
1
 10
378.3540
 20
598.1504
 11
221.1719
 21
627.6108
  0
LINE
999
5,1,,59
  8
1
 10
218.4106
 20
612.8672
 11
375.5928
 21
583.4067
  0
LINE
999
5,1,,61
  8
1
 10
375.5928
 20
583.4067
 11
378.3540
 21
598.1504
  0
LINE
999
5,1,,63
  8
1
 10
384.1445
 20
621.9976
 11
313.2627
 21
634.6328
  0
LINE
999
5,1,,65
  8
1
 10
313.2627
 20
634.6328
 11
310.9814
 21
621.8369
  0
LINE
999
5,1,,67
  8
1
  6
1
 10
219.9736
 20
629.3613
 11
216.6602
 21
611.6694
  0
LINE
999
5,1,,69
  8
1
  6
3
 10
213.1753
 20
639.2827
 11
206.7349
 21
604.8818
  0
LINE
999
5,1,,71
  8
1
 10
221.1719
 20
627.6108
 11
218.4106
 21
612.8672
  0
LINE
999
5,1,,73
  8
1
 10
225.3613
 20
637.0034
 11
252.4263
 21
596.3145
  0
LINE
999
5,1,,75
  8
1
 10
222.6177
 20
637.5127
 11
249.6831
 21
596.8335
  0
LINE
999
5,1,,77
  8
1
 10
228.1045
 20
636.4844
 11
255.1699
 21
595.8057
  0
LINE
999
5,1,,79
  8
1
 10
320.2119
 20
592.2607
 11
326.8442
 21
584.7769
  0
LINE
999
5,1,,81
  8
1
 10
320.2119
 20
592.2607
 11
326.6626
 21
575.9258
  0
POLYLINE
999
5
  8
1
 66
1
 70
0
  0
VERTEX
999
5,1,,83
  8
1
 10
377.7891
 20
615.0015
  0
VERTEX
999
5,2
  8
1
 10
378.3862
 20
615.0161
  0
VERTEX
999
5,2
  8
1
 10
378.9131
 20
615.2505
  0
VERTEX
999
5,2
  8
1
 10
379.3145
 20
615.6646
  0
VERTEX
999
5,1,,84
  8
1
 10
379.5337
 20
616.2197
  0
SEQEND
  0
POLYLINE
999
5
  8
1
 66
1
 70
0
  0
VERTEX
999
5,1,,85
  8
1
 10
379.5342
 20
616.2197
  0
VERTEX
999
5,2
  8
1
 10
379.5186
 20
616.8145
  0
VERTEX
999
5,2
  8
1
 10
379.2837
 20
617.3394
  0
VERTEX
999
5,2
  8
1
 10
378.8696
 20
617.7378
  0
VERTEX
999
5,1,,86
  8
1
 10
378.3154
 20
617.9546
  0
SEQEND
  0
POLYLINE
999
5
  8
1
 66
1
 70
0
  0
VERTEX
999
5,1,,87
  8
1
 10
376.5811
 20
616.7461
  0
VERTEX
999
5,2
  8
1
 10
376.5923
 20
616.1504
  0
VERTEX
999
5,2
  8
1
 10
376.8237
 20
615.6235
  0
VERTEX
999
5,2
  8
1
 10
377.2354
 20
615.2217
  0
VERTEX
999
5,1,,88
  8
1
 10
377.7891
 20
615.0015
  0
SEQEND
  0
POLYLINE
999
5
  8
1
 66
1
 70
0
  0
VERTEX
999
5,1,,89
  8
1
 10
378.3154
 20
617.9546
  0
VERTEX
999
5,2
  8
1
 10
377.7207
 20
617.9438
  0
VERTEX
999
5,2
  8
1
 10
377.1958
 20
617.7129
  0
VERTEX
999
5,2
  8
1
 10
376.7969
 20
617.3003
  0
VERTEX
999
5,1,,90
  8
1
 10
376.5811
 20
616.7461
  0
SEQEND
  0
POLYLINE
999
5
  8
1
 66
1
 70
0
  0
VERTEX
999
5,1,,91
  8
1
 10
317.3271
 20
628.8330
  0
VERTEX
999
5,2
  8
1
 10
316.7319
 20
628.8174
  0
VERTEX
999
5,2
  8
1
 10
316.2075
 20
628.5830
  0
VERTEX
999
5,2
  8
1
 10
315.8091
 20
628.1689
  0
VERTEX
999
5,1,,92
  8
1
 10
315.5923
 20
627.6147
  0
SEQEND
  0
POLYLINE
999
5
  8
1
 66
1
 70
0
  0
VERTEX
999
5,1,,93
  8
1
 10
318.5454
 20
627.0884
  0
VERTEX
999
5,2
  8
1
 10
318.5283
 20
627.6846
  0
VERTEX
999
5,2
  8
1
 10
318.2939
 20
628.2104
  0
VERTEX
999
5,2
  8
1
 10
317.8809
 20
628.6118
  0
VERTEX
999
5,1,,94
  8
1
 10
317.3271
 20
628.8330
  0
SEQEND
  0
POLYLINE
999
5
  8
1
 66
1
 70
0
  0
VERTEX
999
5,1,,95
  8
1
 10
316.8008
 20
625.8804
  0
VERTEX
999
5,2
  8
1
 10
317.3965
 20
625.8921
  0
VERTEX
999
5,2
  8
1
 10
317.9229
 20
626.1230
  0
VERTEX
999
5,2
  8
1
 10
318.3247
 20
626.5347
  0
VERTEX
999
5,1,,96
  8
1
 10
318.5454
 20
627.0884
  0
SEQEND
  0
POLYLINE
999
5
  8
1
 66
1
 70
0
  0
VERTEX
999
5,1,,97
  8
1
 10
315.5923
 20
627.6147
  0
VERTEX
999
5,2
  8
1
 10
315.6025
 20
627.0200
  0
VERTEX
999
5,2
  8
1
 10
315.8340
 20
626.4946
  0
VERTEX
999
5,2
  8
1
 10
316.2466
 20
626.0962
  0
VERTEX
999
5,1,,98
  8
1
 10
316.8008
 20
625.8804
  0
SEQEND
  0
ENDBLK
  0
BLOCK
  8
1
  2
P0013_06
 70
64
 10
0.0000
 20
0.0000
  0
TEXT
  8
1
 10
255.0903
 20
335.5801
 40
8.0000
 50
0.0000
  1
PIECE: 右後身頃上
  7
STANDARD
  0
TEXT
  8
1
 10
255.0903
 20
326.3801
 40
8.0000
 50
0.0000
  1
SIZE: L
  7
STANDARD
  0
TEXT
  8
1
 10
255.0903
 20
317.1801
 40
8.0000
 50
0.0000
  1
FABRIC: 表生地
  7
STANDARD
  0
TEXT
  8
1
 10
255.0903
 20
307.9800
 40
8.0000
 50
0.0000
  1
QUANTITY: 1
  7
STANDARD
  0
TEXT
  8
1
 10
403.3853
 20
382.9370
 40
5.0000
 50
260.4244
  1
COMMENT: 1.0/切替高
  7
STANDARD
  0
TEXT
  8
1
 10
307.4595
 20
570.7891
 40
6.0000
 50
0.0000
  1
COMMENT: コバステッチ
  7
STANDARD
  0
TEXT
  8
1
 10
309.0259
 20
681.1553
 40
5.0000
 50
348.0097
  1
COMMENT: 1.0/ベルト高
  7
STANDARD
  0
TEXT
  8
1
 10
212.4395
 20
22.1782
 40
5.0000
 50
0.0000
  1
COMMENT: 1.0/割り
  7
STANDARD
  0
TEXT
  8
1
 10
142.7671
 20
484.7720
 40
5.0000
 50
74.1203
  1
COMMENT: 1.0/左高
  7
STANDARD
  0
TEXT
  8
1
 10
80.5659
 20
195.0942
 40
5.0000
 50
103.7393
  1
COMMENT: 1.0/割り
  7
STANDARD
  0
TEXT
  8
1
 10
266.1772
 20
610.3442
 40
6.0000
 50
349.4492
  1
COMMENT: 1.5cm×16cm片玉縁ポケット
  7
STANDARD
  0
POLYLINE
999
1
  8
1
 66
1
 70
0
  0
VERTEX
999
1,1,,1
  8
1
 10
93.6816
 20
30.0005
  0
VERTEX
999
1,2
  8
1
 10
92.2568
 20
50.3027
  0
VERTEX
999
1,1,1,2
  8
1
 10
90.7002
 20
70.4438
 38
10.0172
 50
4.6048
  0
VERTEX
999
1,2
  8
1
 10
89.7007
 20
86.3604
  0
VERTEX
999
1,2
  8
1
 10
88.3330
 20
102.0864
  0
VERTEX
999
1,2
  8
1
 10
86.5981
 20
117.7690
  0
VERTEX
999
1,2
  8
1
 10
84.5073
 20
133.4058
  0
VERTEX
999
1,2
  8
1
 10
82.0737
 20
148.9946
  0
VERTEX
999
1,2
  8
1
 10
79.3091
 20
164.5317
  0
VERTEX
999
1,2
  8
1
 10
76.2256
 20
180.0156
  0
VERTEX
999
1,2
  8
1
 10
72.8350
 20
195.4424
  0
VERTEX
999
1,2
  8
1
 10
69.1504
 20
210.8105
  0
VERTEX
999
1,2
  8
1
 10
65.1831
 20
226.1167
  0
VERTEX
999
1,2
  8
1
 10
60.9453
 20
241.3584
  0
VERTEX
999
1,2
  8
1
 10
56.4497
 20
256.5332
  0
VERTEX
999
1,2
  8
1
 10
51.7085
 20
271.6382
  0
VERTEX
999
1,2
  8
1
 10
46.7329
 20
286.6709
  0
VERTEX
999
1,2
  8
1
 10
41.5361
 20
301.6279
  0
VERTEX
999
1,2
  8
1
 10
36.1299
 20
316.5078
  0
VERTEX
999
1,2
  8
1
 10
30.5264
 20
331.3066
  0
VERTEX
999
1,2
  8
1
 10
24.7373
 20
346.0229
  0
VERTEX
999
1,2
  8
1
 10
18.7759
 20
360.6528
  0
VERTEX
999
1,2
  8
1
 10
12.6533
 20
375.1948
  0
VERTEX
999
1,1,,3
  8
1
 10
11.6475
 20
377.5479
  0
VERTEX
999
1,1,,4
  8
1
 10
10.1182
 20
387.4302
  0
VERTEX
999
1,2
  8
1
 10
20.3188
 20
389.0088
  0
VERTEX
999
1,2
  8
1
 10
32.4839
 20
391.2280
  0
VERTEX
999
1,2
  8
1
 10
43.9185
 20
394.0132
  0
VERTEX
999
1,2
  8
1
 10
54.6416
 20
397.3774
  0
VERTEX
999
1,2
  8
1
 10
64.6738
 20
401.3330
  0
VERTEX
999
1,2
  8
1
 10
74.0347
 20
405.8931
  0
VERTEX
999
1,2
  8
1
 10
82.7437
 20
411.0703
  0
VERTEX
999
1,2
  8
1
 10
90.8213
 20
416.8770
  0
VERTEX
999
1,2
  8
1
 10
98.2866
 20
423.3262
  0
VERTEX
999
1,2
  8
1
 10
105.1953
 20
430.4653
  0
VERTEX
999
1,2
  8
1
 10
111.5254
 20
438.2588
  0
VERTEX
999
1,2
  8
1
 10
117.3032
 20
446.7129
  0
VERTEX
999
1,2
  8
1
 10
122.5557
 20
455.8320
  0
VERTEX
999
1,2
  8
1
 10
127.3101
 20
465.6226
  0
VERTEX
999
1,2
  8
1
 10
131.5923
 20
476.0889
  0
VERTEX
999
1,2
  8
1
 10
135.4302
 20
487.2373
  0
VERTEX
999
1,1,,5
  8
1
 10
138.8501
 20
499.0723
  0
VERTEX
999
1,2
  8
1
 10
161.1602
 20
602.9761
  0
VERTEX
999
1,2
  8
1
 10
183.4380
 20
706.8872
  0
VERTEX
999
1,1,,6
  8
1
 10
185.5371
 20
716.6709
  0
VERTEX
999
1,2
  8
1
 10
195.3193
 20
714.5659
  0
VERTEX
999
1,2
  8
1
 10
209.5190
 20
711.4990
  0
VERTEX
999
1,2
  8
1
 10
223.7178
 20
708.4175
  0
VERTEX
999
1,2
  8
1
 10
237.9165
 20
705.3286
  0
VERTEX
999
1,2
  8
1
 10
252.1162
 20
702.2422
  0
VERTEX
999
1,2
  8
1
 10
266.3193
 20
699.1655
  0
VERTEX
999
1,2
  8
1
 10
280.5269
 20
696.1079
  0
VERTEX
999
1,2
  8
1
 10
294.7402
 20
693.0771
  0
VERTEX
999
1,2
  8
1
 10
308.9609
 20
690.0820
  0
VERTEX
999
1,2
  8
1
 10
323.1899
 20
687.1309
  0
VERTEX
999
1,2
  8
1
 10
337.4297
 20
684.2319
  0
VERTEX
999
1,2
  8
1
 10
351.6807
 20
681.3940
  0
VERTEX
999
1,2
  8
1
 10
365.9443
 20
678.6255
  0
VERTEX
999
1,2
  8
1
 10
380.2231
 20
675.9351
  0
VERTEX
999
1,2
  8
1
 10
394.5176
 20
673.3301
  0
VERTEX
999
1,2
  8
1
 10
408.8291
 20
670.8203
  0
VERTEX
999
1,1,,7
  8
1
 10
423.1597
 20
668.4136
  0
VERTEX
999
1,1,,8
  8
1
 10
433.1553
 20
668.6836
  0
VERTEX
999
1,2
  8
1
 10
433.2065
 20
666.7754
  0
VERTEX
999
1,2
  8
1
 10
433.4297
 20
658.5059
  0
VERTEX
999
1,2
  8
1
 10
433.7666
 20
643.2017
  0
VERTEX
999
1,2
  8
1
 10
433.9492
 20
627.8838
  0
VERTEX
999
1,2
  8
1
 10
433.9722
 20
612.5562
  0
VERTEX
999
1,2
  8
1
 10
433.8306
 20
597.2227
  0
VERTEX
999
1,2
  8
1
 10
433.5190
 20
581.8862
  0
VERTEX
999
1,2
  8
1
 10
433.0327
 20
566.5513
  0
VERTEX
999
1,2
  8
1
 10
432.3657
 20
551.2217
  0
VERTEX
999
1,2
  8
1
 10
431.5132
 20
535.9004
  0
VERTEX
999
1,2
  8
1
 10
430.4702
 20
520.5913
  0
VERTEX
999
1,2
  8
1
 10
429.2310
 20
505.2983
  0
VERTEX
999
1,2
  8
1
 10
427.7905
 20
490.0254
  0
VERTEX
999
1,2
  8
1
 10
426.1440
 20
474.7754
  0
VERTEX
999
1,2
  8
1
 10
424.2861
 20
459.5527
  0
VERTEX
999
1,2
  8
1
 10
422.2109
 20
444.3608
  0
VERTEX
999
1,2
  8
1
 10
419.9146
 20
429.2031
  0
VERTEX
999
1,2
  8
1
 10
417.3901
 20
414.0840
  0
VERTEX
999
1,2
  8
1
 10
414.6343
 20
399.0063
  0
VERTEX
999
1,1,,9
  8
1
 10
411.6401
 20
383.9746
  0
VERTEX
999
1,2
  8
1
 10
408.6768
 20
368.4561
  0
VERTEX
999
1,2
  8
1
 10
405.7363
 20
352.9277
  0
VERTEX
999
1,2
  8
1
 10
402.8296
 20
337.3882
  0
VERTEX
999
1,2
  8
1
 10
399.9663
 20
321.8379
  0
VERTEX
999
1,2
  8
1
 10
397.1577
 20
306.2754
  0
VERTEX
999
1,2
  8
1
 10
394.4141
 20
290.7002
  0
VERTEX
999
1,2
  8
1
 10
391.7456
 20
275.1123
  0
VERTEX
999
1,2
  8
1
 10
389.1626
 20
259.5107
  0
VERTEX
999
1,2
  8
1
 10
386.6763
 20
243.8950
  0
VERTEX
999
1,2
  8
1
 10
384.2964
 20
228.2642
  0
VERTEX
999
1,2
  8
1
 10
382.0337
 20
212.6187
  0
VERTEX
999
1,2
  8
1
 10
379.8989
 20
196.9570
  0
VERTEX
999
1,2
  8
1
 10
377.9019
 20
181.2788
  0
VERTEX
999
1,2
  8
1
 10
376.0532
 20
165.5840
  0
VERTEX
999
1,2
  8
1
 10
374.3643
 20
149.8711
  0
VERTEX
999
1,2
  8
1
 10
372.8442
 20
134.1406
  0
VERTEX
999
1,2
  8
1
 10
371.5044
 20
118.3911
  0
VERTEX
999
1,2
  8
1
 10
370.3550
 20
102.6226
  0
VERTEX
999
1,2
  8
1
 10
369.4067
 20
86.8340
  0
VERTEX
999
1,1,1,10
  8
1
 10
368.6704
 20
71.0493
 38
10.0172
 50
177.7260
  0
VERTEX
999
1,2
  8
1
 10
367.7881
 20
50.5039
  0
VERTEX
999
1,1,,11
  8
1
 10
366.9590
 20
29.9990
  0
VERTEX
999
1,1,,12
  8
1
 10
366.9590
 20
20.0000
  0
VERTEX
999
1,2,1
  8
1
 10
163.7026
 20
20.0000
 38
10.0171
 50
90.0000
  0
VERTEX
999
1,2,1
  8
1
 10
153.7026
 20
20.0000
 38
10.0171
 50
90.0000
  0
VERTEX
999
1,1,,13
  8
1
 10
93.6826
 20
20.0000
  0
VERTEX
999
1,1,,14
  8
1
 10
93.6816
 20
30.0005
  0
SEQEND
  0
POLYLINE
999
2
  8
1
 66
1
 70
0
  0
VERTEX
999
2,1,,15
  8
1
 10
358.6782
 20
71.4463
  0
VERTEX
999
2,2
  8
1
 10
357.7886
 20
50.7241
  0
VERTEX
999
2,1,,16
  8
1
 10
356.9512
 20
30.0000
  0
VERTEX
999
2,1,,17
  8
1
 10
103.7026
 20
30.0000
  0
VERTEX
999
2,2
  8
1
 10
102.2588
 20
50.6284
  0
VERTEX
999
2,1,,18
  8
1
 10
100.6685
 20
71.2466
  0
VERTEX
999
2,2
  8
1
 10
99.6699
 20
87.2231
  0
VERTEX
999
2,2
  8
1
 10
98.2881
 20
103.1509
  0
VERTEX
999
2,2
  8
1
 10
96.5361
 20
119.0273
  0
VERTEX
999
2,2
  8
1
 10
94.4253
 20
134.8501
  0
VERTEX
999
2,2
  8
1
 10
91.9678
 20
150.6182
  0
VERTEX
999
2,2
  8
1
 10
89.1768
 20
166.3286
  0
VERTEX
999
2,2
  8
1
 10
86.0630
 20
181.9800
  0
VERTEX
999
2,2
  8
1
 10
82.6401
 20
197.5698
  0
VERTEX
999
2,2
  8
1
 10
78.9194
 20
213.0967
  0
VERTEX
999
2,2
  8
1
 10
74.9136
 20
228.5581
  0
VERTEX
999
2,2
  8
1
 10
70.6348
 20
243.9517
  0
VERTEX
999
2,2
  8
1
 10
66.0947
 20
259.2759
  0
VERTEX
999
2,2
  8
1
 10
61.3062
 20
274.5288
  0
VERTEX
999
2,2
  8
1
 10
56.2813
 20
289.7080
  0
VERTEX
999
2,2
  8
1
 10
51.0317
 20
304.8120
  0
VERTEX
999
2,2
  8
1
 10
45.5703
 20
319.8379
  0
VERTEX
999
2,2
  8
1
 10
39.9092
 20
334.7847
  0
VERTEX
999
2,2
  8
1
 10
34.0601
 20
349.6494
  0
VERTEX
999
2,2
  8
1
 10
28.0356
 20
364.4312
  0
VERTEX
999
2,1,,19
  8
1
 10
21.8481
 20
379.1265
  0
VERTEX
999
2,2
  8
1
 10
34.8574
 20
381.5098
  0
VERTEX
999
2,2
  8
1
 10
47.0786
 20
384.5142
  0
VERTEX
999
2,2
  8
1
 10
58.5342
 20
388.1484
  0
VERTEX
999
2,2
  8
1
 10
69.2480
 20
392.4209
  0
VERTEX
999
2,2
  8
1
 10
79.2437
 20
397.3398
  0
VERTEX
999
2,2
  8
1
 10
88.5444
 20
402.9136
  0
VERTEX
999
2,2
  8
1
 10
97.1743
 20
409.1509
  0
VERTEX
999
2,2
  8
1
 10
105.1567
 20
416.0596
  0
VERTEX
999
2,2
  8
1
 10
112.5146
 20
423.6484
  0
VERTEX
999
2,2
  8
1
 10
119.2720
 20
431.9253
  0
VERTEX
999
2,2
  8
1
 10
125.4521
 20
440.8994
  0
VERTEX
999
2,2
  8
1
 10
131.0786
 20
450.5791
  0
VERTEX
999
2,2
  8
1
 10
136.1748
 20
460.9717
  0
VERTEX
999
2,2
  8
1
 10
140.7646
 20
472.0869
  0
VERTEX
999
2,2
  8
1
 10
144.8711
 20
483.9321
  0
VERTEX
999
2,1,,20
  8
1
 10
148.5181
 20
496.5166
  0
VERTEX
999
2,2
  8
1
 10
170.8872
 20
600.6484
  0
VERTEX
999
2,1,,21
  8
1
 10
193.2153
 20
704.7896
  0
VERTEX
999
2,2
  8
1
 10
207.5625
 20
701.6909
  0
VERTEX
999
2,2
  8
1
 10
221.9082
 20
698.5771
  0
VERTEX
999
2,2
  8
1
 10
236.2539
 20
695.4570
  0
VERTEX
999
2,2
  8
1
 10
250.6016
 20
692.3389
  0
VERTEX
999
2,2
  8
1
 10
264.9521
 20
689.2314
  0
VERTEX
999
2,2
  8
1
 10
279.3071
 20
686.1436
  0
VERTEX
999
2,2
  8
1
 10
293.6685
 20
683.0840
  0
VERTEX
999
2,2
  8
1
 10
308.0371
 20
680.0605
  0
VERTEX
999
2,2
  8
1
 10
322.4146
 20
677.0830
  0
VERTEX
999
2,2
  8
1
 10
336.8027
 20
674.1592
  0
VERTEX
999
2,2
  8
1
 10
351.2026
 20
671.2983
  0
VERTEX
999
2,2
  8
1
 10
365.6162
 20
668.5088
  0
VERTEX
999
2,2
  8
1
 10
380.0444
 20
665.7988
  0
VERTEX
999
2,2
  8
1
 10
394.4893
 20
663.1777
  0
VERTEX
999
2,2
  8
1
 10
408.9517
 20
660.6543
  0
VERTEX
999
2,1,,22
  8
1
 10
423.4331
 20
658.2363
  0
VERTEX
999
2,2
  8
1
 10
423.7676
 20
643.0605
  0
VERTEX
999
2,2
  8
1
 10
423.9492
 20
627.8711
  0
VERTEX
999
2,2
  8
1
 10
423.9727
 20
612.6719
  0
VERTEX
999
2,2
  8
1
 10
423.8335
 20
597.4668
  0
VERTEX
999
2,2
  8
1
 10
423.5259
 20
582.2593
  0
VERTEX
999
2,2
  8
1
 10
423.0449
 20
567.0527
  0
VERTEX
999
2,2
  8
1
 10
422.3857
 20
551.8516
  0
VERTEX
999
2,2
  8
1
 10
421.5420
 20
536.6587
  0
VERTEX
999
2,2
  8
1
 10
420.5093
 20
521.4780
  0
VERTEX
999
2,2
  8
1
 10
419.2827
 20
506.3130
  0
VERTEX
999
2,2
  8
1
 10
417.8564
 20
491.1680
  0
VERTEX
999
2,2
  8
1
 10
416.2251
 20
476.0459
  0
VERTEX
999
2,2
  8
1
 10
414.3843
 20
460.9507
  0
VERTEX
999
2,2
  8
1
 10
412.3281
 20
445.8862
  0
VERTEX
999
2,2
  8
1
 10
410.0518
 20
430.8555
  0
VERTEX
999
2,2
  8
1
 10
407.5498
 20
415.8633
  0
VERTEX
999
2,2
  8
1
 10
404.8174
 20
400.9121
  0
VERTEX
999
2,1,,23
  8
1
 10
401.8486
 20
386.0063
  0
VERTEX
999
2,2
  8
1
 10
398.8696
 20
370.4072
  0
VERTEX
999
2,2
  8
1
 10
395.9146
 20
354.7979
  0
VERTEX
999
2,2
  8
1
 10
392.9927
 20
339.1777
  0
VERTEX
999
2,2
  8
1
 10
390.1157
 20
323.5459
  0
VERTEX
999
2,2
  8
1
 10
387.2935
 20
307.9023
  0
VERTEX
999
2,2
  8
1
 10
384.5371
 20
292.2461
  0
VERTEX
999
2,2
  8
1
 10
381.8560
 20
276.5771
  0
VERTEX
999
2,2
  8
1
 10
379.2617
 20
260.8940
  0
VERTEX
999
2,2
  8
1
 10
376.7637
 20
245.1973
  0
VERTEX
999
2,2
  8
1
 10
374.3735
 20
229.4858
  0
VERTEX
999
2,2
  8
1
 10
372.1011
 20
213.7593
  0
VERTEX
999
2,2
  8
1
 10
369.9565
 20
198.0171
  0
VERTEX
999
2,2
  8
1
 10
367.9512
 20
182.2583
  0
VERTEX
999
2,2
  8
1
 10
366.0947
 20
166.4829
  0
VERTEX
999
2,2
  8
1
 10
364.3984
 20
150.6899
  0
VERTEX
999
2,2
  8
1
 10
362.8721
 20
134.8794
  0
VERTEX
999
2,2
  8
1
 10
361.5264
 20
119.0498
  0
VERTEX
999
2,2
  8
1
 10
360.3716
 20
103.2017
  0
VERTEX
999
2,2
  8
1
 10
359.4189
 20
87.3340
  0
VERTEX
999
2,1,,24
  8
1
 10
358.6782
 20
71.4463
  0
SEQEND
  0
LINE
999
5,1,,25
  8
1
 10
163.7026
 20
30.0000
 11
163.7026
 21
40.0171
  0
LINE
999
5,1,,27
  8
1
 10
153.7026
 20
30.0000
 11
153.7026
 21
40.0171
  0
LINE
999
5,1,,29
  8
1
 10
100.6685
 20
71.2466
 11
110.6533
 21
72.0508
  0
LINE
999
5,1,,31
  8
1
 10
358.6782
 20
71.4463
 11
348.6689
 21
71.8438
  0
LINE
999
5,1,,33
  8
1
 10
358.6694
 20
71.2466
 11
100.6685
 21
71.2466
  0
LINE
999
5,1,,35
  8
1
 10
401.8486
 20
386.0063
 11
21.8481
 21
386.0063
  0
LINE
999
5,1,,37
  8
1
 10
150.6060
 20
505.7290
 11
412.5659
 21
448.7896
  0
LINE
999
5,1,,39
  8
1
 10
236.9185
 20
694.4404
 11
236.9185
 21
30.0000
  0
LINE
999
5,1,,41
  8
1
  6
3
 10
387.0776
 20
572.7354
 11
393.5186
 21
607.1362
  0
LINE
999
5,1,,43
  8
1
  6
3
 10
210.2349
 20
605.8818
 11
387.0776
 21
572.7354
  0
LINE
999
5,1,,45
  8
1
 10
385.3633
 20
610.2012
 11
387.6445
 21
622.9976
  0
LINE
999
5,1,,47
  8
1
 10
314.4814
 20
622.8369
 11
385.3633
 21
610.2012
  0
LINE
999
5,1,,49
  8
1
  6
3
 10
393.5186
 20
607.1362
 11
216.6753
 21
640.2827
  0
LINE
999
5,1,,51
  8
1
  6
1
 10
383.6045
 20
600.3481
 11
223.4736
 21
630.3613
  0
LINE
999
5,1,,53
  8
1
  6
1
 10
220.1602
 20
612.6694
 11
380.2910
 21
582.6563
  0
LINE
999
5,1,,55
  8
1
  6
1
 10
380.2910
 20
582.6563
 11
383.6045
 21
600.3481
  0
LINE
999
5,1,,57
  8
1
 10
381.8540
 20
599.1504
 11
224.6719
 21
628.6108
  0
LINE
999
5,1,,59
  8
1
 10
221.9106
 20
613.8672
 11
379.0928
 21
584.4067
  0
LINE
999
5,1,,61
  8
1
 10
379.0928
 20
584.4067
 11
381.8540
 21
599.1504
  0
LINE
999
5,1,,63
  8
1
 10
387.6445
 20
622.9976
 11
316.7627
 21
635.6328
  0
LINE
999
5,1,,65
  8
1
 10
316.7627
 20
635.6328
 11
314.4814
 21
622.8369
  0
LINE
999
5,1,,67
  8
1
  6
1
 10
223.4736
 20
630.3613
 11
220.1602
 21
612.6694
  0
LINE
999
5,1,,69
  8
1
  6
3
 10
216.6753
 20
640.2827
 11
210.2349
 21
605.8818
  0
LINE
999
5,1,,71
  8
1
 10
224.6719
 20
628.6108
 11
221.9106
 21
613.8672
  0
LINE
999
5,1,,73
  8
1
 10
228.8613
 20
638.0034
 11
255.9263
 21
597.3145
  0
LINE
999
5,1,,75
  8
1
 10
226.1177
 20
638.5127
 11
253.1831
 21
597.8335
  0
LINE
999
5,1,,77
  8
1
 10
231.6045
 20
637.4844
 11
258.6699
 21
596.8057
  0
LINE
999
5,1,,79
  8
1
 10
323.7119
 20
593.2607
 11
330.3442
 21
585.7769
  0
LINE
999
5,1,,81
  8
1
 10
323.7119
 20
593.2607
 11
330.1626
 21
576.9258
  0
POLYLINE
999
5
  8
1
 66
1
 70
0
  0
VERTEX
999
5,1,,83
  8
1
 10
381.2891
 20
616.0015
  0
VERTEX
999
5,2
  8
1
 10
381.8862
 20
616.0161
  0
VERTEX
999
5,2
  8
1
 10
382.4131
 20
616.2505
  0
VERTEX
999
5,2
  8
1
 10
382.8145
 20
616.6646
  0
VERTEX
999
5,1,,84
  8
1
 10
383.0337
 20
617.2197
  0
SEQEND
  0
POLYLINE
999
5
  8
1
 66
1
 70
0
  0
VERTEX
999
5,1,,85
  8
1
 10
383.0342
 20
617.2197
  0
VERTEX
999
5,2
  8
1
 10
383.0186
 20
617.8145
  0
VERTEX
999
5,2
  8
1
 10
382.7837
 20
618.3394
  0
VERTEX
999
5,2
  8
1
 10
382.3696
 20
618.7378
  0
VERTEX
999
5,1,,86
  8
1
 10
381.8154
 20
618.9546
  0
SEQEND
  0
POLYLINE
999
5
  8
1
 66
1
 70
0
  0
VERTEX
999
5,1,,87
  8
1
 10
380.0811
 20
617.7461
  0
VERTEX
999
5,2
  8
1
 10
380.0923
 20
617.1504
  0
VERTEX
999
5,2
  8
1
 10
380.3237
 20
616.6235
  0
VERTEX
999
5,2
  8
1
 10
380.7354
 20
616.2217
  0
VERTEX
999
5,1,,88
  8
1
 10
381.2891
 20
616.0015
  0
SEQEND
  0
POLYLINE
999
5
  8
1
 66
1
 70
0
  0
VERTEX
999
5,1,,89
  8
1
 10
381.8154
 20
618.9546
  0
VERTEX
999
5,2
  8
1
 10
381.2207
 20
618.9438
  0
VERTEX
999
5,2
  8
1
 10
380.6958
 20
618.7129
  0
VERTEX
999
5,2
  8
1
 10
380.2969
 20
618.3003
  0
VERTEX
999
5,1,,90
  8
1
 10
380.0811
 20
617.7461
  0
SEQEND
  0
POLYLINE
999
5
  8
1
 66
1
 70
0
  0
VERTEX
999
5,1,,91
  8
1
 10
320.8271
 20
629.8330
  0
VERTEX
999
5,2
  8
1
 10
320.2319
 20
629.8174
  0
VERTEX
999
5,2
  8
1
 10
319.7075
 20
629.5830
  0
VERTEX
999
5,2
  8
1
 10
319.3091
 20
629.1689
  0
VERTEX
999
5,1,,92
  8
1
 10
319.0923
 20
628.6147
  0
SEQEND
  0
POLYLINE
999
5
  8
1
 66
1
 70
0
  0
VERTEX
999
5,1,,93
  8
1
 10
322.0454
 20
628.0884
  0
VERTEX
999
5,2
  8
1
 10
322.0283
 20
628.6846
  0
VERTEX
999
5,2
  8
1
 10
321.7939
 20
629.2104
  0
VERTEX
999
5,2
  8
1
 10
321.3809
 20
629.6118
  0
VERTEX
999
5,1,,94
  8
1
 10
320.8271
 20
629.8330
  0
SEQEND
  0
POLYLINE
999
5
  8
1
 66
1
 70
0
  0
VERTEX
999
5,1,,95
  8
1
 10
320.3008
 20
626.8804
  0
VERTEX
999
5,2
  8
1
 10
320.8965
 20
626.8921
  0
VERTEX
999
5,2
  8
1
 10
321.4229
 20
627.1230
  0
VERTEX
999
5,2
  8
1
 10
321.8247
 20
627.5347
  0
VERTEX
999
5,1,,96
  8
1
 10
322.0454
 20
628.0884
  0
SEQEND
  0
POLYLINE
999
5
  8
1
 66
1
 70
0
  0
VERTEX
999
5,1,,97
  8
1
 10
319.0923
 20
628.6147
  0
VERTEX
999
5,2
  8
1
 10
319.1025
 20
628.0200
  0
VERTEX
999
5,2
  8
1
 10
319.3340
 20
627.4946
  0
VERTEX
999
5,2
  8
1
 10
319.7466
 20
627.0962
  0
VERTEX
999
5,1,,98
  8
1
 10
320.3008
 20
626.8804
  0
SEQEND
  0
ENDBLK
  0
BLOCK
  8
1
  2
P0014_07
 70
64
 10
0.0000
 20
0.0000
  0
TEXT
  8
1
 10
255.0903
 20
325.5801
 40
8.0000
 50
0.0000
  1
PIECE: 右後身頃上
  7
STANDARD
  0
TEXT
  8
1
 10
255.0903
 20
316.3801
 40
8.0000
 50
0.0000
  1
SIZE: XL
  7
STANDARD
  0
TEXT
  8
1
 10
255.0903
 20
307.1801
 40
8.0000
 50
0.0000
  1
FABRIC: 表生地
  7
STANDARD
  0
TEXT
  8
1
 10
255.0903
 20
297.9800
 40
8.0000
 50
0.0000
  1
QUANTITY: 1
  7
STANDARD
  0
TEXT
  8
1
 10
408.3853
 20
372.9370
 40
5.0000
 50
260.4244
  1
COMMENT: 1.0/切替高
  7
STANDARD
  0
TEXT
  8
1
 10
310.9595
 20
571.7891
 40
6.0000
 50
0.0000
  1
COMMENT: コバステッチ
  7
STANDARD
  0
TEXT
  8
1
 10
312.5259
 20
682.1553
 40
5.0000
 50
348.0097
  1
COMMENT: 1.0/ベルト高
  7
STANDARD
  0
TEXT
  8
1
 10
212.4395
 20
12.1782
 40
5.0000
 50
0.0000
  1
COMMENT: 1.0/割り
  7
STANDARD
  0
TEXT
  8
1
 10
137.2671
 20
476.7720
 40
5.0000
 50
74.1203
  1
COMMENT: 1.0/左高
  7
STANDARD
  0
TEXT
  8
1
 10
75.5659
 20
190.0942
 40
5.0000
 50
103.7393
  1
COMMENT: 1.0/割り
  7
STANDARD
  0
TEXT
  8
1
 10
269.6772
 20
611.3442
 40
6.0000
 50
349.4492
  1
COMMENT: 1.5cm×16cm片玉縁ポケット
  7
STANDARD
  0
POLYLINE
999
1
  8
1
 66
1
 70
0
  0
VERTEX
999
1,1,,1
  8
1
 10
88.6807
 20
19.9985
  0
VERTEX
999
1,2
  8
1
 10
87.2534
 20
40.3013
  0
VERTEX
999
1,1,1,2
  8
1
 10
85.7002
 20
60.4438
 38
10.0172
 50
4.6048
  0
VERTEX
999
1,2
  8
1
 10
84.7007
 20
76.3604
  0
VERTEX
999
1,2
  8
1
 10
83.3330
 20
92.0864
  0
VERTEX
999
1,2
  8
1
 10
81.5981
 20
107.7690
  0
VERTEX
999
1,2
  8
1
 10
79.5073
 20
123.4058
  0
VERTEX
999
1,2
  8
1
 10
77.0737
 20
138.9946
  0
VERTEX
999
1,2
  8
1
 10
74.3091
 20
154.5317
  0
VERTEX
999
1,2
  8
1
 10
71.2256
 20
170.0156
  0
VERTEX
999
1,2
  8
1
 10
67.8350
 20
185.4424
  0
VERTEX
999
1,2
  8
1
 10
64.1504
 20
200.8105
  0
VERTEX
999
1,2
  8
1
 10
60.1831
 20
216.1167
  0
VERTEX
999
1,2
  8
1
 10
55.9453
 20
231.3584
  0
VERTEX
999
1,2
  8
1
 10
51.4497
 20
246.5332
  0
VERTEX
999
1,2
  8
1
 10
46.7085
 20
261.6382
  0
VERTEX
999
1,2
  8
1
 10
41.7329
 20
276.6709
  0
VERTEX
999
1,2
  8
1
 10
36.5361
 20
291.6279
  0
VERTEX
999
1,2
  8
1
 10
31.1299
 20
306.5078
  0
VERTEX
999
1,2
  8
1
 10
25.5264
 20
321.3066
  0
VERTEX
999
1,2
  8
1
 10
19.7373
 20
336.0229
  0
VERTEX
999
1,2
  8
1
 10
13.7759
 20
350.6528
  0
VERTEX
999
1,2
  8
1
 10
7.6533
 20
365.1948
  0
VERTEX
999
1,1,,3
  8
1
 10
6.6909
 20
367.4463
  0
VERTEX
999
1,1,,4
  8
1
 10
5.0586
 20
377.3120
  0
VERTEX
999
1,2
  8
1
 10
15.2163
 20
378.9922
  0
VERTEX
999
1,2
  8
1
 10
27.4331
 20
381.3521
  0
VERTEX
999
1,2
  8
1
 10
38.9087
 20
384.2744
  0
VERTEX
999
1,2
  8
1
 10
49.6626
 20
387.7720
  0
VERTEX
999
1,2
  8
1
 10
59.7148
 20
391.8569
  0
VERTEX
999
1,2
  8
1
 10
69.0854
 20
396.5435
  0
VERTEX
999
1,2
  8
1
 10
77.7939
 20
401.8438
  0
VERTEX
999
1,2
  8
1
 10
85.8604
 20
407.7710
  0
VERTEX
999
1,2
  8
1
 10
93.3042
 20
414.3384
  0
VERTEX
999
1,2
  8
1
 10
100.1807
 20
421.5933
  0
VERTEX
999
1,2
  8
1
 10
106.4673
 20
429.5005
  0
VERTEX
999
1,2
  8
1
 10
112.1924
 20
438.0664
  0
VERTEX
999
1,2
  8
1
 10
117.3818
 20
447.2964
  0
VERTEX
999
1,2
  8
1
 10
122.0630
 20
457.1963
  0
VERTEX
999
1,2
  8
1
 10
126.2622
 20
467.7720
  0
VERTEX
999
1,2
  8
1
 10
130.0073
 20
479.0283
  0
VERTEX
999
1,1,,5
  8
1
 10
133.3242
 20
490.9717
  0
VERTEX
999
1,2
  8
1
 10
156.6489
 20
599.9224
  0
VERTEX
999
1,2
  8
1
 10
179.9365
 20
708.8813
  0
VERTEX
999
1,1,,6
  8
1
 10
182.0264
 20
718.6519
  0
VERTEX
999
1,2
  8
1
 10
191.7988
 20
716.5698
  0
VERTEX
999
1,2
  8
1
 10
206.7866
 20
713.3657
  0
VERTEX
999
1,2
  8
1
 10
221.7725
 20
710.1460
  0
VERTEX
999
1,2
  8
1
 10
236.7588
 20
706.9189
  0
VERTEX
999
1,2
  8
1
 10
251.7471
 20
703.6938
  0
VERTEX
999
1,2
  8
1
 10
266.7378
 20
700.4795
  0
VERTEX
999
1,2
  8
1
 10
281.7334
 20
697.2852
  0
VERTEX
999
1,2
  8
1
 10
296.7354
 20
694.1191
  0
VERTEX
999
1,2
  8
1
 10
311.7446
 20
690.9912
  0
VERTEX
999
1,2
  8
1
 10
326.7632
 20
687.9097
  0
VERTEX
999
1,2
  8
1
 10
341.7925
 20
684.8833
  0
VERTEX
999
1,2
  8
1
 10
356.8335
 20
681.9214
  0
VERTEX
999
1,2
  8
1
 10
371.8882
 20
679.0332
  0
VERTEX
999
1,2
  8
1
 10
386.9585
 20
676.2271
  0
VERTEX
999
1,2
  8
1
 10
402.0449
 20
673.5117
  0
VERTEX
999
1,2
  8
1
 10
417.1494
 20
670.8970
  0
VERTEX
999
1,1,,7
  8
1
 10
432.2739
 20
668.3911
  0
VERTEX
999
1,1,,8
  8
1
 10
442.2725
 20
668.5479
  0
VERTEX
999
1,2
  8
1
 10
442.3003
 20
666.7778
  0
VERTEX
999
1,2
  8
1
 10
442.4316
 20
658.3931
  0
VERTEX
999
1,2
  8
1
 10
442.6021
 20
642.5132
  0
VERTEX
999
1,2
  8
1
 10
442.6123
 20
626.6216
  0
VERTEX
999
1,2
  8
1
 10
442.4570
 20
610.7212
  0
VERTEX
999
1,2
  8
1
 10
442.1304
 20
594.8164
  0
VERTEX
999
1,2
  8
1
 10
441.6279
 20
578.9111
  0
VERTEX
999
1,2
  8
1
 10
440.9438
 20
563.0093
  0
VERTEX
999
1,2
  8
1
 10
440.0728
 20
547.1147
  0
VERTEX
999
1,2
  8
1
 10
439.0093
 20
531.2314
  0
VERTEX
999
1,2
  8
1
 10
437.7480
 20
515.3628
  0
VERTEX
999
1,2
  8
1
 10
436.2837
 20
499.5132
  0
VERTEX
999
1,2
  8
1
 10
434.6108
 20
483.6865
  0
VERTEX
999
1,2
  8
1
 10
432.7246
 20
467.8862
  0
VERTEX
999
1,2
  8
1
 10
430.6191
 20
452.1167
  0
VERTEX
999
1,2
  8
1
 10
428.2891
 20
436.3818
  0
VERTEX
999
1,2
  8
1
 10
425.7290
 20
420.6851
  0
VERTEX
999
1,2
  8
1
 10
422.9341
 20
405.0308
  0
VERTEX
999
1,2
  8
1
 10
419.8984
 20
389.4224
  0
VERTEX
999
1,1,,9
  8
1
 10
416.6167
 20
373.8643
  0
VERTEX
999
1,2
  8
1
 10
413.6548
 20
358.3516
  0
VERTEX
999
1,2
  8
1
 10
410.7158
 20
342.8281
  0
VERTEX
999
1,2
  8
1
 10
407.8105
 20
327.2944
  0
VERTEX
999
1,2
  8
1
 10
404.9492
 20
311.7490
  0
VERTEX
999
1,2
  8
1
 10
402.1421
 20
296.1919
  0
VERTEX
999
1,2
  8
1
 10
399.3999
 20
280.6226
  0
VERTEX
999
1,2
  8
1
 10
396.7329
 20
265.0400
  0
VERTEX
999
1,2
  8
1
 10
394.1514
 20
249.4438
  0
VERTEX
999
1,2
  8
1
 10
391.6665
 20
233.8335
  0
VERTEX
999
1,2
  8
1
 10
389.2881
 20
218.2085
  0
VERTEX
999
1,2
  8
1
 10
387.0264
 20
202.5684
  0
VERTEX
999
1,2
  8
1
 10
384.8926
 20
186.9121
  0
VERTEX
999
1,2
  8
1
 10
382.8970
 20
171.2397
  0
VERTEX
999
1,2
  8
1
 10
381.0498
 20
155.5503
  0
VERTEX
999
1,2
  8
1
 10
379.3613
 20
139.8433
  0
VERTEX
999
1,2
  8
1
 10
377.8423
 20
124.1182
  0
VERTEX
999
1,2
  8
1
 10
376.5034
 20
108.3745
  0
VERTEX
999
1,2
  8
1
 10
375.3545
 20
92.6113
  0
VERTEX
999
1,2
  8
1
 10
374.4063
 20
76.8286
  0
VERTEX
999
1,1,1,10
  8
1
 10
373.6704
 20
61.0493
 38
10.0172
 50
177.7260
  0
VERTEX
999
1,2
  8
1
 10
372.7881
 20
40.5039
  0
VERTEX
999
1,1,,11
  8
1
 10
371.9590
 20
19.9990
  0
VERTEX
999
1,1,,12
  8
1
 10
371.9590
 20
10.0000
  0
VERTEX
999
1,2,1
  8
1
 10
158.7026
 20
10.0000
 38
10.0171
 50
90.0000
  0
VERTEX
999
1,2,1
  8
1
 10
148.7026
 20
10.0000
 38
10.0171
 50
90.0000
  0
VERTEX
999
1,1,,13
  8
1
 10
88.6807
 20
10.0000
  0
VERTEX
999
1,1,,14
  8
1
 10
88.6807
 20
19.9985
  0
SEQEND
  0
POLYLINE
999
2
  8
1
 66
1
 70
0
  0
VERTEX
999
2,1,,15
  8
1
 10
363.6782
 20
61.4463
  0
VERTEX
999
2,2
  8
1
 10
362.7886
 20
40.7241
  0
VERTEX
999
2,1,,16
  8
1
 10
361.9512
 20
20.0000
  0
VERTEX
999
2,1,,17
  8
1
 10
98.7026
 20
20.0000
  0
VERTEX
999
2,2
  8
1
 10
97.2588
 20
40.6284
  0
VERTEX
999
2,1,,18
  8
1
 10
95.6685
 20
61.2466
  0
VERTEX
999
2,2
  8
1
 10
94.6699
 20
77.2231
  0
VERTEX
999
2,2
  8
1
 10
93.2881
 20
93.1509
  0
VERTEX
999
2,2
  8
1
 10
91.5361
 20
109.0273
  0
VERTEX
999
2,2
  8
1
 10
89.4253
 20
124.8501
  0
VERTEX
999
2,2
  8
1
 10
86.9678
 20
140.6182
  0
VERTEX
999
2,2
  8
1
 10
84.1768
 20
156.3286
  0
VERTEX
999
2,2
  8
1
 10
81.0630
 20
171.9800
  0
VERTEX
999
2,2
  8
1
 10
77.6401
 20
187.5698
  0
VERTEX
999
2,2
  8
1
 10
73.9194
 20
203.0967
  0
VERTEX
999
2,2
  8
1
 10
69.9136
 20
218.5581
  0
VERTEX
999
2,2
  8
1
 10
65.6348
 20
233.9517
  0
VERTEX
999
2,2
  8
1
 10
61.0947
 20
249.2759
  0
VERTEX
999
2,2
  8
1
 10
56.3062
 20
264.5288
  0
VERTEX
999
2,2
  8
1
 10
51.2813
 20
279.7080
  0
VERTEX
999
2,2
  8
1
 10
46.0317
 20
294.8120
  0
VERTEX
999
2,2
  8
1
 10
40.5703
 20
309.8379
  0
VERTEX
999
2,2
  8
1
 10
34.9092
 20
324.7847
  0
VERTEX
999
2,2
  8
1
 10
29.0601
 20
339.6494
  0
VERTEX
999
2,2
  8
1
 10
23.0356
 20
354.4312
  0
VERTEX
999
2,1,,19
  8
1
 10
16.8481
 20
369.1265
  0
VERTEX
999
2,2
  8
1
 10
29.9077
 20
371.6597
  0
VERTEX
999
2,2
  8
1
 10
42.1670
 20
374.8091
  0
VERTEX
999
2,2
  8
1
 10
53.6504
 20
378.5845
  0
VERTEX
999
2,2
  8
1
 10
64.3813
 20
382.9932
  0
VERTEX
999
2,2
  8
1
 10
74.3828
 20
388.0449
  0
VERTEX
999
2,2
  8
1
 10
83.6792
 20
393.7480
  0
VERTEX
999
2,2
  8
1
 10
92.2935
 20
400.1113
  0
VERTEX
999
2,2
  8
1
 10
100.2490
 20
407.1431
  0
VERTEX
999
2,2
  8
1
 10
107.5703
 20
414.8525
  0
VERTEX
999
2,2
  8
1
 10
114.2798
 20
423.2480
  0
VERTEX
999
2,2
  8
1
 10
120.4014
 20
432.3384
  0
VERTEX
999
2,2
  8
1
 10
125.9590
 20
442.1323
  0
VERTEX
999
2,2
  8
1
 10
130.9761
 20
452.6387
  0
VERTEX
999
2,2
  8
1
 10
135.4756
 20
463.8652
  0
VERTEX
999
2,2
  8
1
 10
139.4819
 20
475.8218
  0
VERTEX
999
2,1,,20
  8
1
 10
143.0181
 20
488.5166
  0
VERTEX
999
2,2
  8
1
 10
166.3882
 20
597.6484
  0
VERTEX
999
2,1,,21
  8
1
 10
189.7153
 20
706.7896
  0
VERTEX
999
2,2
  8
1
 10
204.8418
 20
703.5557
  0
VERTEX
999
2,2
  8
1
 10
219.9668
 20
700.3062
  0
VERTEX
999
2,2
  8
1
 10
235.0923
 20
697.0493
  0
VERTEX
999
2,2
  8
1
 10
250.2192
 20
693.7949
  0
VERTEX
999
2,2
  8
1
 10
265.3496
 20
690.5518
  0
VERTEX
999
2,2
  8
1
 10
280.4844
 20
687.3291
  0
VERTEX
999
2,2
  8
1
 10
295.6260
 20
684.1362
  0
VERTEX
999
2,2
  8
1
 10
310.7749
 20
680.9819
  0
VERTEX
999
2,2
  8
1
 10
325.9331
 20
677.8755
  0
VERTEX
999
2,2
  8
1
 10
341.1025
 20
674.8262
  0
VERTEX
999
2,2
  8
1
 10
356.2842
 20
671.8428
  0
VERTEX
999
2,2
  8
1
 10
371.4800
 20
668.9346
  0
VERTEX
999
2,2
  8
1
 10
386.6914
 20
666.1108
  0
VERTEX
999
2,2
  8
1
 10
401.9194
 20
663.3804
  0
VERTEX
999
2,2
  8
1
 10
417.1660
 20
660.7524
  0
VERTEX
999
2,1,,22
  8
1
 10
432.4331
 20
658.2363
  0
VERTEX
999
2,2
  8
1
 10
432.6021
 20
642.4849
  0
VERTEX
999
2,2
  8
1
 10
432.6128
 20
626.7217
  0
VERTEX
999
2,2
  8
1
 10
432.4595
 20
610.9497
  0
VERTEX
999
2,2
  8
1
 10
432.1372
 20
595.1733
  0
VERTEX
999
2,2
  8
1
 10
431.6401
 20
579.3970
  0
VERTEX
999
2,2
  8
1
 10
430.9629
 20
563.6235
  0
VERTEX
999
2,2
  8
1
 10
430.1006
 20
547.8569
  0
VERTEX
999
2,2
  8
1
 10
429.0474
 20
532.1021
  0
VERTEX
999
2,2
  8
1
 10
427.7983
 20
516.3618
  0
VERTEX
999
2,2
  8
1
 10
426.3477
 20
500.6401
  0
VERTEX
999
2,2
  8
1
 10
424.6904
 20
484.9409
  0
VERTEX
999
2,2
  8
1
 10
422.8208
 20
469.2686
  0
VERTEX
999
2,2
  8
1
 10
420.7339
 20
453.6265
  0
VERTEX
999
2,2
  8
1
 10
418.4238
 20
438.0186
  0
VERTEX
999
2,2
  8
1
 10
415.8857
 20
422.4487
  0
VERTEX
999
2,2
  8
1
 10
413.1143
 20
406.9209
  0
VERTEX
999
2,2
  8
1
 10
410.1035
 20
391.4390
  0
VERTEX
999
2,1,,23
  8
1
 10
406.8486
 20
376.0063
  0
VERTEX
999
2,2
  8
1
 10
403.8696
 20
360.4072
  0
VERTEX
999
2,2
  8
1
 10
400.9146
 20
344.7979
  0
VERTEX
999
2,2
  8
1
 10
397.9927
 20
329.1777
  0
VERTEX
999
2,2
  8
1
 10
395.1157
 20
313.5459
  0
VERTEX
999
2,2
  8
1
 10
392.2935
 20
297.9023
  0
VERTEX
999
2,2
  8
1
 10
389.5371
 20
282.2461
  0
VERTEX
999
2,2
  8
1
 10
386.8560
 20
266.5771
  0
VERTEX
999
2,2
  8
1
 10
384.2617
 20
250.8940
  0
VERTEX
999
2,2
  8
1
 10
381.7637
 20
235.1973
  0
VERTEX
999
2,2
  8
1
 10
379.3735
 20
219.4858
  0
VERTEX
999
2,2
  8
1
 10
377.1011
 20
203.7593
  0
VERTEX
999
2,2
  8
1
 10
374.9565
 20
188.0171
  0
VERTEX
999
2,2
  8
1
 10
372.9512
 20
172.2583
  0
VERTEX
999
2,2
  8
1
 10
371.0947
 20
156.4829
  0
VERTEX
999
2,2
  8
1
 10
369.3984
 20
140.6899
  0
VERTEX
999
2,2
  8
1
 10
367.8721
 20
124.8794
  0
VERTEX
999
2,2
  8
1
 10
366.5264
 20
109.0498
  0
VERTEX
999
2,2
  8
1
 10
365.3716
 20
93.2017
  0
VERTEX
999
2,2
  8
1
 10
364.4189
 20
77.3340
  0
VERTEX
999
2,1,,24
  8
1
 10
363.6782
 20
61.4463
  0
SEQEND
  0
LINE
999
5,1,,25
  8
1
 10
158.7026
 20
20.0000
 11
158.7026
 21
30.0171
  0
LINE
999
5,1,,27
  8
1
 10
148.7026
 20
20.0000
 11
148.7026
 21
30.0171
  0
LINE
999
5,1,,29
  8
1
 10
95.6685
 20
61.2466
 11
105.6533
 21
62.0508
  0
LINE
999
5,1,,31
  8
1
 10
363.6782
 20
61.4463
 11
353.6689
 21
61.8438
  0
LINE
999
5,1,,33
  8
1
 10
363.6694
 20
61.2466
 11
95.6685
 21
61.2466
  0
LINE
999
5,1,,35
  8
1
 10
406.8486
 20
376.0063
 11
16.8481
 21
376.0063
  0
LINE
999
5,1,,37
  8
1
 10
145.1060
 20
497.7290
 11
418.4658
 21
438.2896
  0
LINE
999
5,1,,39
  8
1
 10
236.9185
 20
696.7407
 11
236.9185
 21
20.0000
  0
LINE
999
5,1,,41
  8
1
  6
3
 10
390.5776
 20
573.7354
 11
397.0186
 21
608.1362
  0
LINE
999
5,1,,43
  8
1
  6
3
 10
213.7349
 20
606.8818
 11
390.5776
 21
573.7354
  0
LINE
999
5,1,,45
  8
1
 10
388.8633
 20
611.2012
 11
391.1445
 21
623.9976
  0
LINE
999
5,1,,47
  8
1
 10
317.9814
 20
623.8369
 11
388.8633
 21
611.2012
  0
LINE
999
5,1,,49
  8
1
  6
3
 10
397.0186
 20
608.1362
 11
220.1753
 21
641.2827
  0
LINE
999
5,1,,51
  8
1
  6
1
 10
387.1045
 20
601.3481
 11
226.9736
 21
631.3613
  0
LINE
999
5,1,,53
  8
1
  6
1
 10
223.6602
 20
613.6694
 11
383.7910
 21
583.6563
  0
LINE
999
5,1,,55
  8
1
  6
1
 10
383.7910
 20
583.6563
 11
387.1045
 21
601.3481
  0
LINE
999
5,1,,57
  8
1
 10
385.3540
 20
600.1504
 11
228.1719
 21
629.6108
  0
LINE
999
5,1,,59
  8
1
 10
225.4106
 20
614.8672
 11
382.5928
 21
585.4067
  0
LINE
999
5,1,,61
  8
1
 10
382.5928
 20
585.4067
 11
385.3540
 21
600.1504
  0
LINE
999
5,1,,63
  8
1
 10
391.1445
 20
623.9976
 11
320.2627
 21
636.6328
  0
LINE
999
5,1,,65
  8
1
 10
320.2627
 20
636.6328
 11
317.9814
 21
623.8369
  0
LINE
999
5,1,,67
  8
1
  6
1
 10
226.9736
 20
631.3613
 11
223.6602
 21
613.6694
  0
LINE
999
5,1,,69
  8
1
  6
3
 10
220.1753
 20
641.2827
 11
213.7349
 21
606.8818
  0
LINE
999
5,1,,71
  8
1
 10
228.1719
 20
629.6108
 11
225.4106
 21
614.8672
  0
LINE
999
5,1,,73
  8
1
 10
232.3613
 20
639.0034
 11
259.4263
 21
598.3145
  0
LINE
999
5,1,,75
  8
1
 10
229.6177
 20
639.5127
 11
256.6831
 21
598.8335
  0
LINE
999
5,1,,77
  8
1
 10
235.1045
 20
638.4844
 11
262.1699
 21
597.8057
  0
LINE
999
5,1,,79
  8
1
 10
327.2119
 20
594.2607
 11
333.8442
 21
586.7769
  0
LINE
999
5,1,,81
  8
1
 10
327.2119
 20
594.2607
 11
333.6626
 21
577.9258
  0
POLYLINE
999
5
  8
1
 66
1
 70
0
  0
VERTEX
999
5,1,,83
  8
1
 10
384.7891
 20
617.0015
  0
VERTEX
999
5,2
  8
1
 10
385.3862
 20
617.0161
  0
VERTEX
999
5,2
  8
1
 10
385.9131
 20
617.2505
  0
VERTEX
999
5,2
  8
1
 10
386.3145
 20
617.6646
  0
VERTEX
999
5,1,,84
  8
1
 10
386.5337
 20
618.2197
  0
SEQEND
  0
POLYLINE
999
5
  8
1
 66
1
 70
0
  0
VERTEX
999
5,1,,85
  8
1
 10
386.5342
 20
618.2197
  0
VERTEX
999
5,2
  8
1
 10
386.5186
 20
618.8145
  0
VERTEX
999
5,2
  8
1
 10
386.2837
 20
619.3394
  0
VERTEX
999
5,2
  8
1
 10
385.8696
 20
619.7378
  0
VERTEX
999
5,1,,86
  8
1
 10
385.3154
 20
619.9546
  0
SEQEND
  0
POLYLINE
999
5
  8
1
 66
1
 70
0
  0
VERTEX
999
5,1,,87
  8
1
 10
383.5811
 20
618.7461
  0
VERTEX
999
5,2
  8
1
 10
383.5923
 20
618.1504
  0
VERTEX
999
5,2
  8
1
 10
383.8237
 20
617.6235
  0
VERTEX
999
5,2
  8
1
 10
384.2354
 20
617.2217
  0
VERTEX
999
5,1,,88
  8
1
 10
384.7891
 20
617.0015
  0
SEQEND
  0
POLYLINE
999
5
  8
1
 66
1
 70
0
  0
VERTEX
999
5,1,,89
  8
1
 10
385.3154
 20
619.9546
  0
VERTEX
999
5,2
  8
1
 10
384.7207
 20
619.9438
  0
VERTEX
999
5,2
  8
1
 10
384.1958
 20
619.7129
  0
VERTEX
999
5,2
  8
1
 10
383.7969
 20
619.3003
  0
VERTEX
999
5,1,,90
  8
1
 10
383.5811
 20
618.7461
  0
SEQEND
  0
POLYLINE
999
5
  8
1
 66
1
 70
0
  0
VERTEX
999
5,1,,91
  8
1
 10
324.3271
 20
630.8330
  0
VERTEX
999
5,2
  8
1
 10
323.7319
 20
630.8174
  0
VERTEX
999
5,2
  8
1
 10
323.2075
 20
630.5830
  0
VERTEX
999
5,2
  8
1
 10
322.8091
 20
630.1689
  0
VERTEX
999
5,1,,92
  8
1
 10
322.5923
 20
629.6147
  0
SEQEND
  0
POLYLINE
999
5
  8
1
 66
1
 70
0
  0
VERTEX
999
5,1,,93
  8
1
 10
325.5454
 20
629.0884
  0
VERTEX
999
5,2
  8
1
 10
325.5283
 20
629.6846
  0
VERTEX
999
5,2
  8
1
 10
325.2939
 20
630.2104
  0
VERTEX
999
5,2
  8
1
 10
324.8809
 20
630.6118
  0
VERTEX
999
5,1,,94
  8
1
 10
324.3271
 20
630.8330
  0
SEQEND
  0
POLYLINE
999
5
  8
1
 66
1
 70
0
  0
VERTEX
999
5,1,,95
  8
1
 10
323.8008
 20
627.8804
  0
VERTEX
999
5,2
  8
1
 10
324.3965
 20
627.8921
  0
VERTEX
999
5,2
  8
1
 10
324.9229
 20
628.1230
  0
VERTEX
999
5,2
  8
1
 10
325.3247
 20
628.5347
  0
VERTEX
999
5,1,,96
  8
1
 10
325.5454
 20
629.0884
  0
SEQEND
  0
POLYLINE
999
5
  8
1
 66
1
 70
0
  0
VERTEX
999
5,1,,97
  8
1
 10
322.5923
 20
629.6147
  0
VERTEX
999
5,2
  8
1
 10
322.6025
 20
629.0200
  0
VERTEX
999
5,2
  8
1
 10
322.8340
 20
628.4946
  0
VERTEX
999
5,2
  8
1
 10
323.2466
 20
628.0962
  0
VERTEX
999
5,1,,98
  8
1
 10
323.8008
 20
627.8804
  0
SEQEND
  0
ENDBLK
  0
BLOCK
  8
1
  2
P0015_08
 70
64
 10
0.0000
 20
0.0000
  0
TEXT
  8
1
 10
255.0903
 20
315.5801
 40
8.0000
 50
0.0000
  1
PIECE: 右後身頃上
  7
STANDARD
  0
TEXT
  8
1
 10
255.0903
 20
306.3801
 40
8.0000
 50
0.0000
  1
SIZE: XXL
  7
STANDARD
  0
TEXT
  8
1
 10
255.0903
 20
297.1801
 40
8.0000
 50
0.0000
  1
FABRIC: 表生地
  7
STANDARD
  0
TEXT
  8
1
 10
255.0903
 20
287.9800
 40
8.0000
 50
0.0000
  1
QUANTITY: 1
  7
STANDARD
  0
TEXT
  8
1
 10
413.3853
 20
362.9370
 40
5.0000
 50
260.4244
  1
COMMENT: 1.0/切替高
  7
STANDARD
  0
TEXT
  8
1
 10
314.4595
 20
572.7891
 40
6.0000
 50
0.0000
  1
COMMENT: コバステッチ
  7
STANDARD
  0
TEXT
  8
1
 10
316.0259
 20
683.1553
 40
5.0000
 50
348.0097
  1
COMMENT: 1.0/ベルト高
  7
STANDARD
  0
TEXT
  8
1
 10
212.4395
 20
2.1782
 40
5.0000
 50
0.0000
  1
COMMENT: 1.0/割り
  7
STANDARD
  0
TEXT
  8
1
 10
131.7671
 20
468.7720
 40
5.0000
 50
74.1203
  1
COMMENT: 1.0/左高
  7
STANDARD
  0
TEXT
  8
1
 10
70.5659
 20
185.0942
 40
5.0000
 50
103.7393
  1
COMMENT: 1.0/割り
  7
STANDARD
  0
TEXT
  8
1
 10
273.1772
 20
612.3442
 40
6.0000
 50
349.4492
  1
COMMENT: 1.5cm×16cm片玉縁ポケット
  7
STANDARD
  0
POLYLINE
999
1
  8
1
 66
1
 70
0
  0
VERTEX
999
1,1,,1
  8
1
 10
83.6797
 20
10.0005
  0
VERTEX
999
1,2
  8
1
 10
82.2534
 20
30.3027
  0
VERTEX
999
1,1,1,2
  8
1
 10
80.7002
 20
50.4438
 38
10.0172
 50
4.6048
  0
VERTEX
999
1,2
  8
1
 10
79.7007
 20
66.3604
  0
VERTEX
999
1,2
  8
1
 10
78.3330
 20
82.0864
  0
VERTEX
999
1,2
  8
1
 10
76.5981
 20
97.7690
  0
VERTEX
999
1,2
  8
1
 10
74.5073
 20
113.4058
  0
VERTEX
999
1,2
  8
1
 10
72.0737
 20
128.9946
  0
VERTEX
999
1,2
  8
1
 10
69.3091
 20
144.5317
  0
VERTEX
999
1,2
  8
1
 10
66.2256
 20
160.0156
  0
VERTEX
999
1,2
  8
1
 10
62.8350
 20
175.4424
  0
VERTEX
999
1,2
  8
1
 10
59.1504
 20
190.8105
  0
VERTEX
999
1,2
  8
1
 10
55.1831
 20
206.1167
  0
VERTEX
999
1,2
  8
1
 10
50.9453
 20
221.3584
  0
VERTEX
999
1,2
  8
1
 10
46.4497
 20
236.5332
  0
VERTEX
999
1,2
  8
1
 10
41.7085
 20
251.6382
  0
VERTEX
999
1,2
  8
1
 10
36.7329
 20
266.6709
  0
VERTEX
999
1,2
  8
1
 10
31.5361
 20
281.6279
  0
VERTEX
999
1,2
  8
1
 10
26.1299
 20
296.5078
  0
VERTEX
999
1,2
  8
1
 10
20.5264
 20
311.3066
  0
VERTEX
999
1,2
  8
1
 10
14.7373
 20
326.0229
  0
VERTEX
999
1,2
  8
1
 10
8.7759
 20
340.6528
  0
VERTEX
999
1,2
  8
1
 10
2.6533
 20
355.1948
  0
VERTEX
999
1,1,,3
  8
1
 10
1.7334
 20
357.3462
  0
VERTEX
999
1,1,,4
  8
1
 10
0.0000
 20
367.1948
  0
VERTEX
999
1,2
  8
1
 10
10.1147
 20
368.9751
  0
VERTEX
999
1,2
  8
1
 10
22.3833
 20
371.4761
  0
VERTEX
999
1,2
  8
1
 10
33.8999
 20
374.5356
  0
VERTEX
999
1,2
  8
1
 10
44.6846
 20
378.1660
  0
VERTEX
999
1,2
  8
1
 10
54.7573
 20
382.3809
  0
VERTEX
999
1,2
  8
1
 10
64.1377
 20
387.1938
  0
VERTEX
999
1,2
  8
1
 10
72.8452
 20
392.6172
  0
VERTEX
999
1,2
  8
1
 10
80.9009
 20
398.6650
  0
VERTEX
999
1,2
  8
1
 10
88.3232
 20
405.3501
  0
VERTEX
999
1,2
  8
1
 10
95.1670
 20
412.7212
  0
VERTEX
999
1,2
  8
1
 10
101.4116
 20
420.7427
  0
VERTEX
999
1,2
  8
1
 10
107.0835
 20
429.4209
  0
VERTEX
999
1,2
  8
1
 10
112.2095
 20
438.7617
  0
VERTEX
999
1,2
  8
1
 10
116.8174
 20
448.7710
  0
VERTEX
999
1,2
  8
1
 10
120.9336
 20
459.4551
  0
VERTEX
999
1,2
  8
1
 10
124.5854
 20
470.8198
  0
VERTEX
999
1,1,,5
  8
1
 10
127.7993
 20
482.8716
  0
VERTEX
999
1,2
  8
1
 10
152.1382
 20
596.8691
  0
VERTEX
999
1,2
  8
1
 10
176.4351
 20
710.8755
  0
VERTEX
999
1,1,,6
  8
1
 10
178.5166
 20
720.6348
  0
VERTEX
999
1,2
  8
1
 10
188.2808
 20
718.5737
  0
VERTEX
999
1,2
  8
1
 10
202.3027
 20
715.6045
  0
VERTEX
999
1,2
  8
1
 10
216.3237
 20
712.6216
  0
VERTEX
999
1,2
  8
1
 10
230.3442
 20
709.6309
  0
VERTEX
999
1,2
  8
1
 10
244.3657
 20
706.6396
  0
VERTEX
999
1,2
  8
1
 10
258.3892
 20
703.6538
  0
VERTEX
999
1,2
  8
1
 10
272.4160
 20
700.6807
  0
VERTEX
999
1,2
  8
1
 10
286.4468
 20
697.7266
  0
VERTEX
999
1,2
  8
1
 10
300.4834
 20
694.7979
  0
VERTEX
999
1,2
  8
1
 10
314.5259
 20
691.9009
  0
VERTEX
999
1,2
  8
1
 10
328.5762
 20
689.0435
  0
VERTEX
999
1,2
  8
1
 10
342.6348
 20
686.2310
  0
VERTEX
999
1,2
  8
1
 10
356.7036
 20
683.4707
  0
VERTEX
999
1,2
  8
1
 10
370.7827
 20
680.7690
  0
VERTEX
999
1,2
  8
1
 10
384.8740
 20
678.1323
  0
VERTEX
999
1,2
  8
1
 10
398.9785
 20
675.5679
  0
VERTEX
999
1,2
  8
1
 10
413.0967
 20
673.0815
  0
VERTEX
999
1,2
  8
1
 10
427.2305
 20
670.6802
  0
VERTEX
999
1,1,,7
  8
1
 10
441.3804
 20
668.3706
  0
VERTEX
999
1,1,,8
  8
1
 10
451.3809
 20
668.4229
  0
VERTEX
999
1,2
  8
1
 10
451.3892
 20
666.7798
  0
VERTEX
999
1,2
  8
1
 10
451.4331
 20
658.2881
  0
VERTEX
999
1,2
  8
1
 10
451.4370
 20
641.8330
  0
VERTEX
999
1,2
  8
1
 10
451.2749
 20
625.3667
  0
VERTEX
999
1,2
  8
1
 10
450.9409
 20
608.8940
  0
VERTEX
999
1,2
  8
1
 10
450.4302
 20
592.4180
  0
VERTEX
999
1,2
  8
1
 10
449.7363
 20
575.9438
  0
VERTEX
999
1,2
  8
1
 10
448.8550
 20
559.4751
  0
VERTEX
999
1,2
  8
1
 10
447.7793
 20
543.0156
  0
VERTEX
999
1,2
  8
1
 10
446.5049
 20
526.5698
  0
VERTEX
999
1,2
  8
1
 10
445.0259
 20
510.1421
  0
VERTEX
999
1,2
  8
1
 10
443.3364
 20
493.7358
  0
VERTEX
999
1,2
  8
1
 10
441.4312
 20
477.3555
  0
VERTEX
999
1,2
  8
1
 10
439.3052
 20
461.0054
  0
VERTEX
999
1,2
  8
1
 10
436.9521
 20
444.6890
  0
VERTEX
999
1,2
  8
1
 10
434.3667
 20
428.4106
  0
VERTEX
999
1,2
  8
1
 10
431.5439
 20
412.1748
  0
VERTEX
999
1,2
  8
1
 10
428.4775
 20
395.9854
  0
VERTEX
999
1,2
  8
1
 10
425.1626
 20
379.8462
  0
VERTEX
999
1,1,,9
  8
1
 10
421.5933
 20
363.7617
  0
VERTEX
999
1,2
  8
1
 10
418.6333
 20
348.2539
  0
VERTEX
999
1,2
  8
1
 10
415.6958
 20
332.7358
  0
VERTEX
999
1,2
  8
1
 10
412.7920
 20
317.2070
  0
VERTEX
999
1,2
  8
1
 10
409.9321
 20
301.6670
  0
VERTEX
999
1,2
  8
1
 10
407.1265
 20
286.1147
  0
VERTEX
999
1,2
  8
1
 10
404.3857
 20
270.5503
  0
VERTEX
999
1,2
  8
1
 10
401.7202
 20
254.9727
  0
VERTEX
999
1,2
  8
1
 10
399.1406
 20
239.3818
  0
VERTEX
999
1,2
  8
1
 10
396.6567
 20
223.7769
  0
VERTEX
999
1,2
  8
1
 10
394.2798
 20
208.1567
  0
VERTEX
999
1,2
  8
1
 10
392.0195
 20
192.5215
  0
VERTEX
999
1,2
  8
1
 10
389.8872
 20
176.8706
  0
VERTEX
999
1,2
  8
1
 10
387.8921
 20
161.2031
  0
VERTEX
999
1,2
  8
1
 10
386.0459
 20
145.5190
  0
VERTEX
999
1,2
  8
1
 10
384.3584
 20
129.8169
  0
VERTEX
999
1,2
  8
1
 10
382.8403
 20
114.0972
  0
VERTEX
999
1,2
  8
1
 10
381.5020
 20
98.3584
  0
VERTEX
999
1,2
  8
1
 10
380.3535
 20
82.6006
  0
VERTEX
999
1,2
  8
1
 10
379.4058
 20
66.8232
  0
VERTEX
999
1,1,1,10
  8
1
 10
378.6704
 20
51.0493
 38
10.0172
 50
177.7260
  0
VERTEX
999
1,2
  8
1
 10
377.7881
 20
30.5039
  0
VERTEX
999
1,1,,11
  8
1
 10
376.9590
 20
9.9990
  0
VERTEX
999
1,1,,12
  8
1
 10
376.9590
 20
0.0000
  0
VERTEX
999
1,2,1
  8
1
 10
153.7026
 20
0.0000
 38
10.0171
 50
90.0000
  0
VERTEX
999
1,2,1
  8
1
 10
143.7026
 20
0.0000
 38
10.0171
 50
90.0000
  0
VERTEX
999
1,1,,13
  8
1
 10
83.6787
 20
0.0000
  0
VERTEX
999
1,1,,14
  8
1
 10
83.6797
 20
10.0005
  0
SEQEND
  0
POLYLINE
999
2
  8
1
 66
1
 70
0
  0
VERTEX
999
2,1,,15
  8
1
 10
368.6782
 20
51.4463
  0
VERTEX
999
2,2
  8
1
 10
367.7886
 20
30.7241
  0
VERTEX
999
2,1,,16
  8
1
 10
366.9512
 20
10.0000
  0
VERTEX
999
2,1,,17
  8
1
 10
93.7026
 20
10.0000
  0
VERTEX
999
2,2
  8
1
 10
92.2588
 20
30.6284
  0
VERTEX
999
2,1,,18
  8
1
 10
90.6685
 20
51.2466
  0
VERTEX
999
2,2
  8
1
 10
89.6699
 20
67.2231
  0
VERTEX
999
2,2
  8
1
 10
88.2881
 20
83.1509
  0
VERTEX
999
2,2
  8
1
 10
86.5361
 20
99.0273
  0
VERTEX
999
2,2
  8
1
 10
84.4253
 20
114.8501
  0
VERTEX
999
2,2
  8
1
 10
81.9678
 20
130.6182
  0
VERTEX
999
2,2
  8
1
 10
79.1768
 20
146.3286
  0
VERTEX
999
2,2
  8
1
 10
76.0630
 20
161.9800
  0
VERTEX
999
2,2
  8
1
 10
72.6401
 20
177.5698
  0
VERTEX
999
2,2
  8
1
 10
68.9194
 20
193.0967
  0
VERTEX
999
2,2
  8
1
 10
64.9136
 20
208.5581
  0
VERTEX
999
2,2
  8
1
 10
60.6348
 20
223.9517
  0
VERTEX
999
2,2
  8
1
 10
56.0947
 20
239.2759
  0
VERTEX
999
2,2
  8
1
 10
51.3062
 20
254.5288
  0
VERTEX
999
2,2
  8
1
 10
46.2813
 20
269.7080
  0
VERTEX
999
2,2
  8
1
 10
41.0317
 20
284.8120
  0
VERTEX
999
2,2
  8
1
 10
35.5703
 20
299.8379
  0
VERTEX
999
2,2
  8
1
 10
29.9092
 20
314.7847
  0
VERTEX
999
2,2
  8
1
 10
24.0601
 20
329.6494
  0
VERTEX
999
2,2
  8
1
 10
18.0356
 20
344.4312
  0
VERTEX
999
2,1,,19
  8
1
 10
11.8481
 20
359.1265
  0
VERTEX
999
2,2
  8
1
 10
24.9575
 20
361.8096
  0
VERTEX
999
2,2
  8
1
 10
37.2559
 20
365.1040
  0
VERTEX
999
2,2
  8
1
 10
48.7671
 20
369.0200
  0
VERTEX
999
2,2
  8
1
 10
59.5146
 20
373.5654
  0
VERTEX
999
2,2
  8
1
 10
69.5225
 20
378.7500
  0
VERTEX
999
2,2
  8
1
 10
78.8140
 20
384.5825
  0
VERTEX
999
2,2
  8
1
 10
87.4126
 20
391.0718
  0
VERTEX
999
2,2
  8
1
 10
95.3418
 20
398.2271
  0
VERTEX
999
2,2
  8
1
 10
102.6255
 20
406.0571
  0
VERTEX
999
2,2
  8
1
 10
109.2876
 20
414.5708
  0
VERTEX
999
2,2
  8
1
 10
115.3511
 20
423.7773
  0
VERTEX
999
2,2
  8
1
 10
120.8394
 20
433.6860
  0
VERTEX
999
2,2
  8
1
 10
125.7769
 20
444.3052
  0
VERTEX
999
2,2
  8
1
 10
130.1870
 20
455.6440
  0
VERTEX
999
2,2
  8
1
 10
134.0928
 20
467.7114
  0
VERTEX
999
2,1,,20
  8
1
 10
137.5181
 20
480.5166
  0
VERTEX
999
2,2
  8
1
 10
161.8887
 20
594.6479
  0
VERTEX
999
2,1,,21
  8
1
 10
186.2153
 20
708.7896
  0
VERTEX
999
2,2
  8
1
 10
200.3540
 20
705.7959
  0
VERTEX
999
2,2
  8
1
 10
214.4917
 20
702.7881
  0
VERTEX
999
2,2
  8
1
 10
228.6289
 20
699.7725
  0
VERTEX
999
2,2
  8
1
 10
242.7671
 20
696.7568
  0
VERTEX
999
2,2
  8
1
 10
256.9077
 20
693.7471
  0
VERTEX
999
2,2
  8
1
 10
271.0513
 20
690.7500
  0
VERTEX
999
2,2
  8
1
 10
285.1992
 20
687.7725
  0
VERTEX
999
2,2
  8
1
 10
299.3525
 20
684.8213
  0
VERTEX
999
2,2
  8
1
 10
313.5127
 20
681.9028
  0
VERTEX
999
2,2
  8
1
 10
327.6802
 20
679.0249
  0
VERTEX
999
2,2
  8
1
 10
341.8569
 20
676.1929
  0
VERTEX
999
2,2
  8
1
 10
356.0430
 20
673.4141
  0
VERTEX
999
2,2
  8
1
 10
370.2407
 20
670.6953
  0
VERTEX
999
2,2
  8
1
 10
384.4502
 20
668.0430
  0
VERTEX
999
2,2
  8
1
 10
398.6733
 20
665.4644
  0
VERTEX
999
2,2
  8
1
 10
412.9106
 20
662.9658
  0
VERTEX
999
2,2
  8
1
 10
427.1636
 20
660.5542
  0
VERTEX
999
2,1,,22
  8
1
 10
441.4331
 20
658.2363
  0
VERTEX
999
2,2
  8
1
 10
441.4370
 20
641.9097
  0
VERTEX
999
2,2
  8
1
 10
441.2769
 20
625.5718
  0
VERTEX
999
2,2
  8
1
 10
440.9468
 20
609.2275
  0
VERTEX
999
2,2
  8
1
 10
440.4409
 20
592.8799
  0
VERTEX
999
2,2
  8
1
 10
439.7539
 20
576.5342
  0
VERTEX
999
2,2
  8
1
 10
438.8809
 20
560.1938
  0
VERTEX
999
2,2
  8
1
 10
437.8154
 20
543.8628
  0
VERTEX
999
2,2
  8
1
 10
436.5527
 20
527.5449
  0
VERTEX
999
2,2
  8
1
 10
435.0869
 20
511.2451
  0
VERTEX
999
2,2
  8
1
 10
433.4126
 20
494.9668
  0
VERTEX
999
2,2
  8
1
 10
431.5244
 20
478.7144
  0
VERTEX
999
2,2
  8
1
 10
429.4160
 20
462.4912
  0
VERTEX
999
2,2
  8
1
 10
427.0830
 20
446.3022
  0
VERTEX
999
2,2
  8
1
 10
424.5195
 20
430.1509
  0
VERTEX
999
2,2
  8
1
 10
421.7197
 20
414.0420
  0
VERTEX
999
2,2
  8
1
 10
418.6782
 20
397.9785
  0
VERTEX
999
2,2
  8
1
 10
415.3896
 20
381.9653
  0
VERTEX
999
2,1,,23
  8
1
 10
411.8486
 20
366.0063
  0
VERTEX
999
2,2
  8
1
 10
408.8696
 20
350.4072
  0
VERTEX
999
2,2
  8
1
 10
405.9146
 20
334.7979
  0
VERTEX
999
2,2
  8
1
 10
402.9927
 20
319.1777
  0
VERTEX
999
2,2
  8
1
 10
400.1157
 20
303.5459
  0
VERTEX
999
2,2
  8
1
 10
397.2935
 20
287.9023
  0
VERTEX
999
2,2
  8
1
 10
394.5371
 20
272.2461
  0
VERTEX
999
2,2
  8
1
 10
391.8560
 20
256.5771
  0
VERTEX
999
2,2
  8
1
 10
389.2617
 20
240.8940
  0
VERTEX
999
2,2
  8
1
 10
386.7637
 20
225.1973
  0
VERTEX
999
2,2
  8
1
 10
384.3735
 20
209.4858
  0
VERTEX
999
2,2
  8
1
 10
382.1011
 20
193.7593
  0
VERTEX
999
2,2
  8
1
 10
379.9565
 20
178.0171
  0
VERTEX
999
2,2
  8
1
 10
377.9512
 20
162.2583
  0
VERTEX
999
2,2
  8
1
 10
376.0947
 20
146.4829
  0
VERTEX
999
2,2
  8
1
 10
374.3984
 20
130.6899
  0
VERTEX
999
2,2
  8
1
 10
372.8721
 20
114.8794
  0
VERTEX
999
2,2
  8
1
 10
371.5264
 20
99.0498
  0
VERTEX
999
2,2
  8
1
 10
370.3716
 20
83.2017
  0
VERTEX
999
2,2
  8
1
 10
369.4189
 20
67.3340
  0
VERTEX
999
2,1,,24
  8
1
 10
368.6782
 20
51.4463
  0
SEQEND
  0
LINE
999
5,1,,25
  8
1
 10
153.7026
 20
10.0000
 11
153.7026
 21
20.0171
  0
LINE
999
5,1,,27
  8
1
 10
143.7026
 20
10.0000
 11
143.7026
 21
20.0171
  0
LINE
999
5,1,,29
  8
1
 10
90.6685
 20
51.2466
 11
100.6533
 21
52.0508
  0
LINE
999
5,1,,31
  8
1
 10
368.6782
 20
51.4463
 11
358.6689
 21
51.8438
  0
LINE
999
5,1,,33
  8
1
 10
368.6694
 20
51.2466
 11
90.6685
 21
51.2466
  0
LINE
999
5,1,,35
  8
1
 10
411.8486
 20
366.0063
 11
11.8481
 21
366.0063
  0
LINE
999
5,1,,37
  8
1
 10
139.6060
 20
489.7290
 11
424.3657
 21
427.7896
  0
LINE
999
5,1,,39
  8
1
 10
236.9185
 20
699.0405
 11
236.9185
 21
10.0000
  0
LINE
999
5,1,,41
  8
1
  6
3
 10
394.0776
 20
574.7354
 11
400.5186
 21
609.1362
  0
LINE
999
5,1,,43
  8
1
  6
3
 10
217.2349
 20
607.8818
 11
394.0776
 21
574.7354
  0
LINE
999
5,1,,45
  8
1
 10
392.3633
 20
612.2012
 11
394.6445
 21
624.9976
  0
LINE
999
5,1,,47
  8
1
 10
321.4814
 20
624.8369
 11
392.3633
 21
612.2012
  0
LINE
999
5,1,,49
  8
1
  6
3
 10
400.5186
 20
609.1362
 11
223.6753
 21
642.2827
  0
LINE
999
5,1,,51
  8
1
  6
1
 10
390.6045
 20
602.3481
 11
230.4736
 21
632.3613
  0
LINE
999
5,1,,53
  8
1
  6
1
 10
227.1602
 20
614.6694
 11
387.2910
 21
584.6563
  0
LINE
999
5,1,,55
  8
1
  6
1
 10
387.2910
 20
584.6563
 11
390.6045
 21
602.3481
  0
LINE
999
5,1,,57
  8
1
 10
388.8540
 20
601.1504
 11
231.6719
 21
630.6108
  0
LINE
999
5,1,,59
  8
1
 10
228.9106
 20
615.8672
 11
386.0928
 21
586.4067
  0
LINE
999
5,1,,61
  8
1
 10
386.0928
 20
586.4067
 11
388.8540
 21
601.1504
  0
LINE
999
5,1,,63
  8
1
 10
394.6445
 20
624.9976
 11
323.7627
 21
637.6328
  0
LINE
999
5,1,,65
  8
1
 10
323.7627
 20
637.6328
 11
321.4814
 21
624.8369
  0
LINE
999
5,1,,67
  8
1
  6
1
 10
230.4736
 20
632.3613
 11
227.1602
 21
614.6694
  0
LINE
999
5,1,,69
  8
1
  6
3
 10
223.6753
 20
642.2827
 11
217.2349
 21
607.8818
  0
LINE
999
5,1,,71
  8
1
 10
231.6719
 20
630.6108
 11
228.9106
 21
615.8672
  0
LINE
999
5,1,,73
  8
1
 10
235.8613
 20
640.0034
 11
262.9263
 21
599.3145
  0
LINE
999
5,1,,75
  8
1
 10
233.1177
 20
640.5127
 11
260.1831
 21
599.8335
  0
LINE
999
5,1,,77
  8
1
 10
238.6045
 20
639.4844
 11
265.6699
 21
598.8057
  0
LINE
999
5,1,,79
  8
1
 10
330.7119
 20
595.2607
 11
337.3442
 21
587.7769
  0
LINE
999
5,1,,81
  8
1
 10
330.7119
 20
595.2607
 11
337.1626
 21
578.9258
  0
POLYLINE
999
5
  8
1
 66
1
 70
0
  0
VERTEX
999
5,1,,83
  8
1
 10
388.2891
 20
618.0015
  0
VERTEX
999
5,2
  8
1
 10
388.8862
 20
618.0161
  0
VERTEX
999
5,2
  8
1
 10
389.4131
 20
618.2505
  0
VERTEX
999
5,2
  8
1
 10
389.8145
 20
618.6646
  0
VERTEX
999
5,1,,84
  8
1
 10
390.0337
 20
619.2197
  0
SEQEND
  0
POLYLINE
999
5
  8
1
 66
1
 70
0
  0
VERTEX
999
5,1,,85
  8
1
 10
390.0342
 20
619.2197
  0
VERTEX
999
5,2
  8
1
 10
390.0186
 20
619.8145
  0
VERTEX
999
5,2
  8
1
 10
389.7837
 20
620.3394
  0
VERTEX
999
5,2
  8
1
 10
389.3696
 20
620.7378
  0
VERTEX
999
5,1,,86
  8
1
 10
388.8154
 20
620.9546
  0
SEQEND
  0
POLYLINE
999
5
  8
1
 66
1
 70
0
  0
VERTEX
999
5,1,,87
  8
1
 10
387.0811
 20
619.7461
  0
VERTEX
999
5,2
  8
1
 10
387.0923
 20
619.1504
  0
VERTEX
999
5,2
  8
1
 10
387.3237
 20
618.6235
  0
VERTEX
999
5,2
  8
1
 10
387.7354
 20
618.2217
  0
VERTEX
999
5,1,,88
  8
1
 10
388.2891
 20
618.0015
  0
SEQEND
  0
POLYLINE
999
5
  8
1
 66
1
 70
0
  0
VERTEX
999
5,1,,89
  8
1
 10
388.8154
 20
620.9546
  0
VERTEX
999
5,2
  8
1
 10
388.2207
 20
620.9438
  0
VERTEX
999
5,2
  8
1
 10
387.6958
 20
620.7129
  0
VERTEX
999
5,2
  8
1
 10
387.2969
 20
620.3003
  0
VERTEX
999
5,1,,90
  8
1
 10
387.0811
 20
619.7461
  0
SEQEND
  0
POLYLINE
999
5
  8
1
 66
1
 70
0
  0
VERTEX
999
5,1,,91
  8
1
 10
327.8271
 20
631.8330
  0
VERTEX
999
5,2
  8
1
 10
327.2319
 20
631.8174
  0
VERTEX
999
5,2
  8
1
 10
326.7075
 20
631.5830
  0
VERTEX
999
5,2
  8
1
 10
326.3091
 20
631.1689
  0
VERTEX
999
5,1,,92
  8
1
 10
326.0923
 20
630.6147
  0
SEQEND
  0
POLYLINE
999
5
  8
1
 66
1
 70
0
  0
VERTEX
999
5,1,,93
  8
1
 10
329.0454
 20
630.0884
  0
VERTEX
999
5,2
  8
1
 10
329.0283
 20
630.6846
  0
VERTEX
999
5,2
  8
1
 10
328.7939
 20
631.2104
  0
VERTEX
999
5,2
  8
1
 10
328.3809
 20
631.6118
  0
VERTEX
999
5,1,,94
  8
1
 10
327.8271
 20
631.8330
  0
SEQEND
  0
POLYLINE
999
5
  8
1
 66
1
 70
0
  0
VERTEX
999
5,1,,95
  8
1
 10
327.3008
 20
628.8804
  0
VERTEX
999
5,2
  8
1
 10
327.8965
 20
628.8921
  0
VERTEX
999
5,2
  8
1
 10
328.4229
 20
629.1230
  0
VERTEX
999
5,2
  8
1
 10
328.8247
 20
629.5347
  0
VERTEX
999
5,1,,96
  8
1
 10
329.0454
 20
630.0884
  0
SEQEND
  0
POLYLINE
999
5
  8
1
 66
1
 70
0
  0
VERTEX
999
5,1,,97
  8
1
 10
326.0923
 20
630.6147
  0
VERTEX
999
5,2
  8
1
 10
326.1025
 20
630.0200
  0
VERTEX
999
5,2
  8
1
 10
326.3340
 20
629.4946
  0
VERTEX
999
5,2
  8
1
 10
326.7466
 20
629.0962
  0
VERTEX
999
5,1,,98
  8
1
 10
327.3008
 20
628.8804
  0
SEQEND
  0
ENDBLK
  0
BLOCK
  8
1
  2
P0016_04
 70
64
 10
0.0000
 20
0.0000
  0
TEXT
  8
1
 10
164.4873
 20
434.0913
 40
8.0000
 50
0.0000
  1
PIECE: 前身頃下
  7
STANDARD
  0
TEXT
  8
1
 10
164.4873
 20
424.8913
 40
8.0000
 50
0.0000
  1
SIZE: S
  7
STANDARD
  0
TEXT
  8
1
 10
164.4873
 20
415.6913
 40
8.0000
 50
0.0000
  1
FABRIC: 表生地
  7
STANDARD
  0
TEXT
  8
1
 10
164.4873
 20
406.4913
 40
8.0000
 50
0.0000
  1
QUANTITY: 2
  7
STANDARD
  0
TEXT
  8
1
 10
26.0298
 20
334.8315
 40
5.0000
 50
269.9998
  1
COMMENT: 1.0/割り
  7
STANDARD
  0
TEXT
  8
1
 10
156.9204
 20
302.2993
 40
5.0000
 50
0.0000
  1
COMMENT: センタープリーツ
  7
STANDARD
  0
TEXT
  8
1
 10
156.9204
 20
297.2993
 40
5.0000
 50
0.0000
  1
COMMENT: つまみステッチ
  7
STANDARD
  0
TEXT
  8
1
 10
108.1606
 20
522.7524
 40
5.0000
 50
0.0000
  1
COMMENT: 1.0/割り
  7
STANDARD
  0
TEXT
  8
1
 10
236.0957
 20
311.9531
 40
5.0000
 50
88.5443
  1
COMMENT: 1.0/切替高
  7
STANDARD
  0
TEXT
  8
1
 10
142.6455
 20
84.6279
 40
5.0000
 50
0.0000
  1
COMMENT: 3.7/三つ折り
  7
STANDARD
  0
TEXT
  8
1
 10
156.0850
 20
151.9473
 40
6.0000
 50
0.0000
  1
COMMENT: 25mmステッチ
  7
STANDARD
  0
POLYLINE
999
1
  8
1
 66
1
 70
0
  0
VERTEX
999
1,1,,1
  8
1
 10
26.3340
 20
69.9995
  0
VERTEX
999
1,2
  8
1
 10
26.2427
 20
88.4995
  0
VERTEX
999
1,1,1,2
  8
1
 10
26.1143
 20
107.0005
 38
10.0171
 50
0.0587
  0
VERTEX
999
1,2
  8
1
 10
26.1914
 20
122.9058
  0
VERTEX
999
1,2
  8
1
 10
26.2412
 20
138.8115
  0
VERTEX
999
1,2
  8
1
 10
26.2637
 20
154.7178
  0
VERTEX
999
1,2
  8
1
 10
26.2598
 20
170.6240
  0
VERTEX
999
1,2
  8
1
 10
26.2295
 20
186.5298
  0
VERTEX
999
1,2
  8
1
 10
26.1733
 20
202.4355
  0
VERTEX
999
1,2
  8
1
 10
26.0913
 20
218.3408
  0
VERTEX
999
1,2
  8
1
 10
25.9834
 20
234.2456
  0
VERTEX
999
1,2
  8
1
 10
25.8506
 20
250.1504
  0
VERTEX
999
1,2
  8
1
 10
25.6929
 20
266.0547
  0
VERTEX
999
1,2
  8
1
 10
25.5107
 20
281.9580
  0
VERTEX
999
1,2
  8
1
 10
25.3042
 20
297.8613
  0
VERTEX
999
1,2
  8
1
 10
25.0732
 20
313.7637
  0
VERTEX
999
1,2
  8
1
 10
24.8188
 20
329.6655
  0
VERTEX
999
1,2
  8
1
 10
24.5410
 20
345.5664
  0
VERTEX
999
1,2
  8
1
 10
24.2402
 20
361.4663
  0
VERTEX
999
1,2
  8
1
 10
23.9165
 20
377.3657
  0
VERTEX
999
1,2
  8
1
 10
23.5703
 20
393.2642
  0
VERTEX
999
1,2
  8
1
 10
23.2017
 20
409.1611
  0
VERTEX
999
1,2
  8
1
 10
22.8110
 20
425.0571
  0
VERTEX
999
1,2
  8
1
 10
22.3989
 20
440.9521
  0
VERTEX
999
1,2
  8
1
 10
21.9653
 20
456.8462
  0
VERTEX
999
1,2
  8
1
 10
21.5107
 20
472.7388
  0
VERTEX
999
1,2
  8
1
 10
21.0352
 20
488.6299
  0
VERTEX
999
1,2
  8
1
 10
20.5391
 20
504.5200
  0
VERTEX
999
1,1,,3
  8
1
 10
20.0229
 20
520.4082
  0
VERTEX
999
1,1,,4
  8
1
 10
20.0054
 20
520.8247
  0
VERTEX
999
1,1,,5
  8
1
 10
20.0142
 20
530.8247
  0
VERTEX
999
1,2,1
  8
1
 10
80.0142
 20
530.8247
 38
10.0000
 50
270.0000
  0
VERTEX
999
1,2,1
  8
1
 10
137.8843
 20
530.8247
 38
10.0171
 50
270.0000
  0
VERTEX
999
1,1,,6
  8
1
 10
241.4727
 20
530.8247
  0
VERTEX
999
1,1,,7
  8
1
 10
241.4727
 20
520.8247
  0
VERTEX
999
1,1,,8
  8
1
 10
241.4634
 20
520.3872
  0
VERTEX
999
1,2
  8
1
 10
240.9351
 20
504.5068
  0
VERTEX
999
1,2
  8
1
 10
240.4565
 20
488.6250
  0
VERTEX
999
1,2
  8
1
 10
240.0259
 20
472.7417
  0
VERTEX
999
1,2
  8
1
 10
239.6401
 20
456.8569
  0
VERTEX
999
1,2
  8
1
 10
239.2969
 20
440.9707
  0
VERTEX
999
1,2
  8
1
 10
238.9937
 20
425.0835
  0
VERTEX
999
1,2
  8
1
 10
238.7275
 20
409.1953
  0
VERTEX
999
1,2
  8
1
 10
238.4956
 20
393.3057
  0
VERTEX
999
1,2
  8
1
 10
238.2959
 20
377.4155
  0
VERTEX
999
1,2
  8
1
 10
238.1255
 20
361.5244
  0
VERTEX
999
1,2
  8
1
 10
237.9819
 20
345.6323
  0
VERTEX
999
1,2
  8
1
 10
237.8623
 20
329.7402
  0
VERTEX
999
1,2
  8
1
 10
237.7642
 20
313.8472
  0
VERTEX
999
1,2
  8
1
 10
237.6851
 20
297.9536
  0
VERTEX
999
1,2
  8
1
 10
237.6226
 20
282.0601
  0
VERTEX
999
1,2
  8
1
 10
237.5732
 20
266.1660
  0
VERTEX
999
1,2
  8
1
 10
237.5352
 20
250.2720
  0
VERTEX
999
1,2
  8
1
 10
237.5054
 20
234.3779
  0
VERTEX
999
1,2
  8
1
 10
237.4814
 20
218.4839
  0
VERTEX
999
1,2
  8
1
 10
237.4609
 20
202.5903
  0
VERTEX
999
1,2
  8
1
 10
237.4409
 20
186.6968
  0
VERTEX
999
1,2
  8
1
 10
237.4189
 20
170.8032
  0
VERTEX
999
1,2
  8
1
 10
237.3926
 20
154.9106
  0
VERTEX
999
1,2
  8
1
 10
237.3584
 20
139.0186
  0
VERTEX
999
1,2
  8
1
 10
237.3149
 20
123.1270
  0
VERTEX
999
1,1,1,9
  8
1
 10
237.2588
 20
107.2354
 38
10.0171
 50
180.0587
  0
VERTEX
999
1,2
  8
1
 10
237.3643
 20
88.7373
  0
VERTEX
999
1,1,,10
  8
1
 10
237.4536
 20
70.2368
  0
VERTEX
999
1,2,1
  8
1
 10
137.8843
 20
70.1250
 38
10.0171
 50
90.0000
  0
VERTEX
999
1,1,,11
  8
1
 10
26.3340
 20
69.9995
  0
SEQEND
  0
POLYLINE
999
2
  8
1
 66
1
 70
0
  0
VERTEX
999
2,1,,12
  8
1
 10
36.1143
 20
107.0107
  0
VERTEX
999
2,2
  8
1
 10
36.1914
 20
122.9292
  0
VERTEX
999
2,2
  8
1
 10
36.2407
 20
138.8481
  0
VERTEX
999
2,2
  8
1
 10
36.2637
 20
154.7666
  0
VERTEX
999
2,2
  8
1
 10
36.2598
 20
170.6851
  0
VERTEX
999
2,2
  8
1
 10
36.2295
 20
186.6035
  0
VERTEX
999
2,2
  8
1
 10
36.1729
 20
202.5220
  0
VERTEX
999
2,2
  8
1
 10
36.0908
 20
218.4404
  0
VERTEX
999
2,2
  8
1
 10
35.9829
 20
234.3589
  0
VERTEX
999
2,2
  8
1
 10
35.8501
 20
250.2769
  0
VERTEX
999
2,2
  8
1
 10
35.6919
 20
266.1943
  0
VERTEX
999
2,2
  8
1
 10
35.5093
 20
282.1123
  0
VERTEX
999
2,2
  8
1
 10
35.3027
 20
298.0293
  0
VERTEX
999
2,2
  8
1
 10
35.0718
 20
313.9463
  0
VERTEX
999
2,2
  8
1
 10
34.8169
 20
329.8628
  0
VERTEX
999
2,2
  8
1
 10
34.5386
 20
345.7793
  0
VERTEX
999
2,2
  8
1
 10
34.2373
 20
361.6948
  0
VERTEX
999
2,2
  8
1
 10
33.9131
 20
377.6104
  0
VERTEX
999
2,2
  8
1
 10
33.5664
 20
393.5254
  0
VERTEX
999
2,2
  8
1
 10
33.1973
 20
409.4399
  0
VERTEX
999
2,2
  8
1
 10
32.8062
 20
425.3540
  0
VERTEX
999
2,2
  8
1
 10
32.3936
 20
441.2671
  0
VERTEX
999
2,2
  8
1
 10
31.9595
 20
457.1802
  0
VERTEX
999
2,2
  8
1
 10
31.5039
 20
473.0923
  0
VERTEX
999
2,2
  8
1
 10
31.0278
 20
489.0039
  0
VERTEX
999
2,2
  8
1
 10
30.5313
 20
504.9146
  0
VERTEX
999
2,1,,13
  8
1
 10
30.0142
 20
520.8247
  0
VERTEX
999
2,1,,14
  8
1
 10
231.4727
 20
520.8247
  0
VERTEX
999
2,2
  8
1
 10
230.9434
 20
504.9229
  0
VERTEX
999
2,2
  8
1
 10
230.4644
 20
489.0200
  0
VERTEX
999
2,2
  8
1
 10
230.0332
 20
473.1162
  0
VERTEX
999
2,2
  8
1
 10
229.6470
 20
457.2119
  0
VERTEX
999
2,2
  8
1
 10
229.3027
 20
441.3066
  0
VERTEX
999
2,2
  8
1
 10
228.9990
 20
425.4009
  0
VERTEX
999
2,2
  8
1
 10
228.7319
 20
409.4946
  0
VERTEX
999
2,2
  8
1
 10
228.5000
 20
393.5879
  0
VERTEX
999
2,2
  8
1
 10
228.2998
 20
377.6802
  0
VERTEX
999
2,2
  8
1
 10
228.1289
 20
361.7725
  0
VERTEX
999
2,2
  8
1
 10
227.9849
 20
345.8638
  0
VERTEX
999
2,2
  8
1
 10
227.8652
 20
329.9551
  0
VERTEX
999
2,2
  8
1
 10
227.7666
 20
314.0464
  0
VERTEX
999
2,2
  8
1
 10
227.6870
 20
298.1372
  0
VERTEX
999
2,2
  8
1
 10
227.6240
 20
282.2275
  0
VERTEX
999
2,2
  8
1
 10
227.5747
 20
266.3179
  0
VERTEX
999
2,2
  8
1
 10
227.5361
 20
250.4082
  0
VERTEX
999
2,2
  8
1
 10
227.5063
 20
234.4985
  0
VERTEX
999
2,2
  8
1
 10
227.4824
 20
218.5889
  0
VERTEX
999
2,2
  8
1
 10
227.4614
 20
202.6792
  0
VERTEX
999
2,2
  8
1
 10
227.4414
 20
186.7695
  0
VERTEX
999
2,2
  8
1
 10
227.4194
 20
170.8604
  0
VERTEX
999
2,2
  8
1
 10
227.3926
 20
154.9512
  0
VERTEX
999
2,2
  8
1
 10
227.3589
 20
139.0420
  0
VERTEX
999
2,2
  8
1
 10
227.3149
 20
123.1333
  0
VERTEX
999
2,1,,15
  8
1
 10
227.2588
 20
107.2251
  0
VERTEX
999
2,1,,16
  8
1
 10
36.1143
 20
107.0107
  0
SEQEND
  0
LINE
999
5,1,,17
  8
1
 10
36.1143
 20
107.0107
 11
46.1313
 21
107.0210
  0
LINE
999
5,1,,19
  8
1
 10
80.0142
 20
520.8247
 11
80.0142
 21
510.8247
  0
LINE
999
5,1,,21
  8
1
 10
137.8843
 20
520.8247
 11
137.8843
 21
510.8076
  0
LINE
999
5,1,,23
  8
1
 10
227.2588
 20
107.2251
 11
217.2417
 21
107.2148
  0
LINE
999
5,1,,25
  8
1
 10
137.8843
 20
107.1250
 11
137.8843
 21
117.1421
  0
LINE
999
5,1,,27
  8
1
  6
1
 10
35.7842
 20
133.1289
 11
227.7881
 21
133.1289
  0
LINE
999
5,1,,29
  8
1
 10
137.8843
 20
520.5254
 11
137.8843
 21
107.1211
  0
LINE
999
5,1,,31
  8
1
  6
1
 10
139.8843
 20
520.7256
 11
139.8843
 21
107.1211
  0
LINE
999
5,1,,33
  8
1
  6
1
 10
135.8843
 20
107.1211
 11
135.8843
 21
520.5254
  0
LINE
999
5,1,,35
  8
1
 10
159.9497
 20
133.1289
 11
171.5435
 21
150.4014
  0
LINE
999
5,1,,37
  8
1
 10
164.8062
 20
108.1289
 11
171.5435
 21
150.4014
  0
LINE
999
5,1,,39
  8
1
 10
139.8843
 20
329.5728
 11
162.3887
 21
309.1309
  0
LINE
999
5,1,,41
  8
1
 10
139.8843
 20
329.5728
 11
149.1396
 21
325.7861
  0
ENDBLK
  0
BLOCK
  8
1
  2
P0017_05
 70
64
 10
0.0000
 20
0.0000
  0
TEXT
  8
1
 10
164.4873
 20
419.0913
 40
8.0000
 50
0.0000
  1
PIECE: 前身頃下
  7
STANDARD
  0
TEXT
  8
1
 10
164.4873
 20
409.8913
 40
8.0000
 50
0.0000
  1
SIZE: M
  7
STANDARD
  0
TEXT
  8
1
 10
164.4873
 20
400.6913
 40
8.0000
 50
0.0000
  1
FABRIC: 表生地
  7
STANDARD
  0
TEXT
  8
1
 10
164.4873
 20
391.4913
 40
8.0000
 50
0.0000
  1
QUANTITY: 2
  7
STANDARD
  0
TEXT
  8
1
 10
22.2300
 20
324.8315
 40
5.0000
 50
269.9998
  1
COMMENT: 1.0/割り
  7
STANDARD
  0
TEXT
  8
1
 10
156.9204
 20
287.2993
 40
5.0000
 50
0.0000
  1
COMMENT: センタープリーツ
  7
STANDARD
  0
TEXT
  8
1
 10
156.9204
 20
282.2993
 40
5.0000
 50
0.0000
  1
COMMENT: つまみステッチ
  7
STANDARD
  0
TEXT
  8
1
 10
108.1606
 20
507.7524
 40
5.0000
 50
0.0000
  1
COMMENT: 1.0/割り
  7
STANDARD
  0
TEXT
  8
1
 10
239.8955
 20
301.9531
 40
5.0000
 50
88.5443
  1
COMMENT: 1.0/切替高
  7
STANDARD
  0
TEXT
  8
1
 10
142.6455
 20
64.6279
 40
5.0000
 50
0.0000
  1
COMMENT: 3.7/三つ折り
  7
STANDARD
  0
TEXT
  8
1
 10
156.0850
 20
131.9473
 40
6.0000
 50
0.0000
  1
COMMENT: 25mmステッチ
  7
STANDARD
  0
POLYLINE
999
1
  8
1
 66
1
 70
0
  0
VERTEX
999
1,1,,1
  8
1
 10
23.5449
 20
49.9995
  0
VERTEX
999
1,2
  8
1
 10
23.5977
 20
68.5049
  0
VERTEX
999
1,1,1,2
  8
1
 10
23.6143
 20
87.0005
 38
10.0171
 50
0.0587
  0
VERTEX
999
1,2
  8
1
 10
23.5986
 20
103.1074
  0
VERTEX
999
1,2
  8
1
 10
23.5557
 20
119.2051
  0
VERTEX
999
1,2
  8
1
 10
23.4858
 20
135.3027
  0
VERTEX
999
1,2
  8
1
 10
23.3882
 20
151.3999
  0
VERTEX
999
1,2
  8
1
 10
23.2646
 20
167.4971
  0
VERTEX
999
1,2
  8
1
 10
23.1143
 20
183.5938
  0
VERTEX
999
1,2
  8
1
 10
22.9375
 20
199.6899
  0
VERTEX
999
1,2
  8
1
 10
22.7354
 20
215.7856
  0
VERTEX
999
1,2
  8
1
 10
22.5078
 20
231.8809
  0
VERTEX
999
1,2
  8
1
 10
22.2549
 20
247.9756
  0
VERTEX
999
1,2
  8
1
 10
21.9771
 20
264.0698
  0
VERTEX
999
1,2
  8
1
 10
21.6748
 20
280.1636
  0
VERTEX
999
1,2
  8
1
 10
21.3481
 20
296.2563
  0
VERTEX
999
1,2
  8
1
 10
20.9976
 20
312.3486
  0
VERTEX
999
1,2
  8
1
 10
20.6230
 20
328.4399
  0
VERTEX
999
1,2
  8
1
 10
20.2251
 20
344.5303
  0
VERTEX
999
1,2
  8
1
 10
19.8042
 20
360.6201
  0
VERTEX
999
1,2
  8
1
 10
19.3604
 20
376.7090
  0
VERTEX
999
1,2
  8
1
 10
18.8940
 20
392.7964
  0
VERTEX
999
1,2
  8
1
 10
18.4053
 20
408.8833
  0
VERTEX
999
1,2
  8
1
 10
17.8950
 20
424.9692
  0
VERTEX
999
1,2
  8
1
 10
17.3628
 20
441.0537
  0
VERTEX
999
1,2
  8
1
 10
16.8096
 20
457.1372
  0
VERTEX
999
1,2
  8
1
 10
16.2349
 20
473.2192
  0
VERTEX
999
1,2
  8
1
 10
15.6396
 20
489.3003
  0
VERTEX
999
1,1,,3
  8
1
 10
15.0239
 20
505.3799
  0
VERTEX
999
1,1,,4
  8
1
 10
15.0044
 20
505.8237
  0
VERTEX
999
1,1,,5
  8
1
 10
15.0044
 20
515.8247
  0
VERTEX
999
1,2,1
  8
1
 10
75.0142
 20
515.8247
 38
10.0000
 50
270.0000
  0
VERTEX
999
1,2,1
  8
1
 10
137.8843
 20
515.8247
 38
10.0171
 50
270.0000
  0
VERTEX
999
1,1,,6
  8
1
 10
246.4839
 20
515.8247
  0
VERTEX
999
1,1,,7
  8
1
 10
246.4839
 20
505.8247
  0
VERTEX
999
1,1,,8
  8
1
 10
246.4619
 20
505.3584
  0
VERTEX
999
1,2
  8
1
 10
245.8330
 20
489.2891
  0
VERTEX
999
1,2
  8
1
 10
245.2549
 20
473.2178
  0
VERTEX
999
1,2
  8
1
 10
244.7251
 20
457.1450
  0
VERTEX
999
1,2
  8
1
 10
244.2407
 20
441.0708
  0
VERTEX
999
1,2
  8
1
 10
243.7993
 20
424.9956
  0
VERTEX
999
1,2
  8
1
 10
243.3979
 20
408.9185
  0
VERTEX
999
1,2
  8
1
 10
243.0342
 20
392.8403
  0
VERTEX
999
1,2
  8
1
 10
242.7056
 20
376.7612
  0
VERTEX
999
1,2
  8
1
 10
242.4097
 20
360.6807
  0
VERTEX
999
1,2
  8
1
 10
242.1431
 20
344.5991
  0
VERTEX
999
1,2
  8
1
 10
241.9033
 20
328.5171
  0
VERTEX
999
1,2
  8
1
 10
241.6880
 20
312.4341
  0
VERTEX
999
1,2
  8
1
 10
241.4946
 20
296.3501
  0
VERTEX
999
1,2
  8
1
 10
241.3203
 20
280.2656
  0
VERTEX
999
1,2
  8
1
 10
241.1626
 20
264.1807
  0
VERTEX
999
1,2
  8
1
 10
241.0186
 20
248.0952
  0
VERTEX
999
1,2
  8
1
 10
240.8857
 20
232.0098
  0
VERTEX
999
1,2
  8
1
 10
240.7617
 20
215.9233
  0
VERTEX
999
1,2
  8
1
 10
240.6436
 20
199.8374
  0
VERTEX
999
1,2
  8
1
 10
240.5283
 20
183.7510
  0
VERTEX
999
1,2
  8
1
 10
240.4141
 20
167.6646
  0
VERTEX
999
1,2
  8
1
 10
240.2979
 20
151.5781
  0
VERTEX
999
1,2
  8
1
 10
240.1768
 20
135.4922
  0
VERTEX
999
1,2
  8
1
 10
240.0483
 20
119.4063
  0
VERTEX
999
1,2
  8
1
 10
239.9102
 20
103.3203
  0
VERTEX
999
1,1,1,9
  8
1
 10
239.7593
 20
87.2354
 38
10.0171
 50
180.0587
  0
VERTEX
999
1,2
  8
1
 10
239.9692
 20
68.7358
  0
VERTEX
999
1,1,,10
  8
1
 10
240.1636
 20
50.2358
  0
VERTEX
999
1,2,1
  8
1
 10
137.8843
 20
50.1240
 38
10.0171
 50
90.0000
  0
VERTEX
999
1,1,,11
  8
1
 10
23.5449
 20
49.9995
  0
SEQEND
  0
POLYLINE
999
2
  8
1
 66
1
 70
0
  0
VERTEX
999
2,1,,12
  8
1
 10
33.6143
 20
87.0107
  0
VERTEX
999
2,2
  8
1
 10
33.5986
 20
103.1235
  0
VERTEX
999
2,2
  8
1
 10
33.5557
 20
119.2363
  0
VERTEX
999
2,2
  8
1
 10
33.4854
 20
135.3486
  0
VERTEX
999
2,2
  8
1
 10
33.3882
 20
151.4609
  0
VERTEX
999
2,2
  8
1
 10
33.2642
 20
167.5732
  0
VERTEX
999
2,2
  8
1
 10
33.1138
 20
183.6851
  0
VERTEX
999
2,2
  8
1
 10
32.9370
 20
199.7964
  0
VERTEX
999
2,2
  8
1
 10
32.7349
 20
215.9077
  0
VERTEX
999
2,2
  8
1
 10
32.5068
 20
232.0186
  0
VERTEX
999
2,2
  8
1
 10
32.2539
 20
248.1294
  0
VERTEX
999
2,2
  8
1
 10
31.9756
 20
264.2393
  0
VERTEX
999
2,2
  8
1
 10
31.6729
 20
280.3491
  0
VERTEX
999
2,2
  8
1
 10
31.3462
 20
296.4585
  0
VERTEX
999
2,2
  8
1
 10
30.9946
 20
312.5674
  0
VERTEX
999
2,2
  8
1
 10
30.6201
 20
328.6753
  0
VERTEX
999
2,2
  8
1
 10
30.2217
 20
344.7832
  0
VERTEX
999
2,2
  8
1
 10
29.8003
 20
360.8906
  0
VERTEX
999
2,2
  8
1
 10
29.3560
 20
376.9971
  0
VERTEX
999
2,2
  8
1
 10
28.8892
 20
393.1030
  0
VERTEX
999
2,2
  8
1
 10
28.3999
 20
409.2085
  0
VERTEX
999
2,2
  8
1
 10
27.8887
 20
425.3130
  0
VERTEX
999
2,2
  8
1
 10
27.3560
 20
441.4170
  0
VERTEX
999
2,2
  8
1
 10
26.8018
 20
457.5200
  0
VERTEX
999
2,2
  8
1
 10
26.2266
 20
473.6226
  0
VERTEX
999
2,2
  8
1
 10
25.6309
 20
489.7241
  0
VERTEX
999
2,1,,13
  8
1
 10
25.0142
 20
505.8247
  0
VERTEX
999
2,1,,14
  8
1
 10
236.4727
 20
505.8247
  0
VERTEX
999
2,2
  8
1
 10
235.8428
 20
489.7329
  0
VERTEX
999
2,2
  8
1
 10
235.2637
 20
473.6396
  0
VERTEX
999
2,2
  8
1
 10
234.7334
 20
457.5454
  0
VERTEX
999
2,2
  8
1
 10
234.2480
 20
441.4497
  0
VERTEX
999
2,2
  8
1
 10
233.8062
 20
425.3535
  0
VERTEX
999
2,2
  8
1
 10
233.4043
 20
409.2563
  0
VERTEX
999
2,2
  8
1
 10
233.0400
 20
393.1582
  0
VERTEX
999
2,2
  8
1
 10
232.7104
 20
377.0596
  0
VERTEX
999
2,2
  8
1
 10
232.4141
 20
360.9600
  0
VERTEX
999
2,2
  8
1
 10
232.1470
 20
344.8599
  0
VERTEX
999
2,2
  8
1
 10
231.9067
 20
328.7588
  0
VERTEX
999
2,2
  8
1
 10
231.6914
 20
312.6577
  0
VERTEX
999
2,2
  8
1
 10
231.4976
 20
296.5562
  0
VERTEX
999
2,2
  8
1
 10
231.3228
 20
280.4541
  0
VERTEX
999
2,2
  8
1
 10
231.1646
 20
264.3516
  0
VERTEX
999
2,2
  8
1
 10
231.0205
 20
248.2490
  0
VERTEX
999
2,2
  8
1
 10
230.8872
 20
232.1465
  0
VERTEX
999
2,2
  8
1
 10
230.7632
 20
216.0435
  0
VERTEX
999
2,2
  8
1
 10
230.6445
 20
199.9404
  0
VERTEX
999
2,2
  8
1
 10
230.5293
 20
183.8379
  0
VERTEX
999
2,2
  8
1
 10
230.4146
 20
167.7349
  0
VERTEX
999
2,2
  8
1
 10
230.2979
 20
151.6323
  0
VERTEX
999
2,2
  8
1
 10
230.1768
 20
135.5303
  0
VERTEX
999
2,2
  8
1
 10
230.0483
 20
119.4282
  0
VERTEX
999
2,2
  8
1
 10
229.9097
 20
103.3262
  0
VERTEX
999
2,1,,15
  8
1
 10
229.7588
 20
87.2251
  0
VERTEX
999
2,1,,16
  8
1
 10
33.6143
 20
87.0107
  0
SEQEND
  0
LINE
999
5,1,,17
  8
1
 10
33.6143
 20
87.0107
 11
43.6313
 21
87.0210
  0
LINE
999
5,1,,19
  8
1
 10
75.0142
 20
505.8247
 11
75.0142
 21
495.8247
  0
LINE
999
5,1,,21
  8
1
 10
137.8843
 20
505.8247
 11
137.8843
 21
495.8076
  0
LINE
999
5,1,,23
  8
1
 10
229.7588
 20
87.2251
 11
219.7417
 21
87.2148
  0
LINE
999
5,1,,25
  8
1
 10
137.8843
 20
87.1245
 11
137.8843
 21
97.1416
  0
LINE
999
5,1,,27
  8
1
  6
1
 10
33.2842
 20
113.1289
 11
230.2881
 21
113.1289
  0
LINE
999
5,1,,29
  8
1
 10
137.8843
 20
505.5254
 11
137.8843
 21
87.1211
  0
LINE
999
5,1,,31
  8
1
  6
1
 10
139.8843
 20
505.7256
 11
139.8843
 21
87.1211
  0
LINE
999
5,1,,33
  8
1
  6
1
 10
135.8843
 20
87.1211
 11
135.8843
 21
505.5254
  0
LINE
999
5,1,,35
  8
1
 10
159.9497
 20
113.1289
 11
171.5435
 21
130.4014
  0
LINE
999
5,1,,37
  8
1
 10
164.8062
 20
88.1289
 11
171.5435
 21
130.4014
  0
LINE
999
5,1,,39
  8
1
 10
139.8843
 20
314.5728
 11
162.3887
 21
294.1309
  0
LINE
999
5,1,,41
  8
1
 10
139.8843
 20
314.5728
 11
149.1396
 21
310.7861
  0
ENDBLK
  0
BLOCK
  8
1
  2
P0018_06
 70
64
 10
0.0000
 20
0.0000
  0
TEXT
  8
1
 10
164.4873
 20
399.0913
 40
8.0000
 50
0.0000
  1
PIECE: 前身頃下
  7
STANDARD
  0
TEXT
  8
1
 10
164.4873
 20
389.8913
 40
8.0000
 50
0.0000
  1
SIZE: L
  7
STANDARD
  0
TEXT
  8
1
 10
164.4873
 20
380.6913
 40
8.0000
 50
0.0000
  1
FABRIC: 表生地
  7
STANDARD
  0
TEXT
  8
1
 10
164.4873
 20
371.4913
 40
8.0000
 50
0.0000
  1
QUANTITY: 2
  7
STANDARD
  0
TEXT
  8
1
 10
18.4302
 20
314.8315
 40
5.0000
 50
269.9998
  1
COMMENT: 1.0/割り
  7
STANDARD
  0
TEXT
  8
1
 10
156.9204
 20
267.2993
 40
5.0000
 50
0.0000
  1
COMMENT: センタープリーツ
  7
STANDARD
  0
TEXT
  8
1
 10
156.9204
 20
262.2993
 40
5.0000
 50
0.0000
  1
COMMENT: つまみステッチ
  7
STANDARD
  0
TEXT
  8
1
 10
108.1606
 20
487.7524
 40
5.0000
 50
0.0000
  1
COMMENT: 1.0/割り
  7
STANDARD
  0
TEXT
  8
1
 10
243.6958
 20
291.9531
 40
5.0000
 50
88.5443
  1
COMMENT: 1.0/切替高
  7
STANDARD
  0
TEXT
  8
1
 10
142.6455
 20
34.6279
 40
5.0000
 50
0.0000
  1
COMMENT: 3.7/三つ折り
  7
STANDARD
  0
TEXT
  8
1
 10
156.0850
 20
101.9473
 40
6.0000
 50
0.0000
  1
COMMENT: 25mmステッチ
  7
STANDARD
  0
POLYLINE
999
1
  8
1
 66
1
 70
0
  0
VERTEX
999
1,1,,1
  8
1
 10
20.9204
 20
20.0000
  0
VERTEX
999
1,2
  8
1
 10
21.0347
 20
38.5000
  0
VERTEX
999
1,1,1,2
  8
1
 10
21.1143
 20
57.0005
 38
10.0171
 50
0.0587
  0
VERTEX
999
1,2
  8
1
 10
21.0103
 20
73.4795
  0
VERTEX
999
1,2
  8
1
 10
20.8784
 20
89.9590
  0
VERTEX
999
1,2
  8
1
 10
20.7183
 20
106.4385
  0
VERTEX
999
1,2
  8
1
 10
20.5303
 20
122.9180
  0
VERTEX
999
1,2
  8
1
 10
20.3154
 20
139.3975
  0
VERTEX
999
1,2
  8
1
 10
20.0732
 20
155.8770
  0
VERTEX
999
1,2
  8
1
 10
19.8042
 20
172.3560
  0
VERTEX
999
1,2
  8
1
 10
19.5093
 20
188.8350
  0
VERTEX
999
1,2
  8
1
 10
19.1880
 20
205.3135
  0
VERTEX
999
1,2
  8
1
 10
18.8408
 20
221.7920
  0
VERTEX
999
1,2
  8
1
 10
18.4683
 20
238.2695
  0
VERTEX
999
1,2
  8
1
 10
18.0703
 20
254.7471
  0
VERTEX
999
1,2
  8
1
 10
17.6475
 20
271.2236
  0
VERTEX
999
1,2
  8
1
 10
17.2002
 20
287.7002
  0
VERTEX
999
1,2
  8
1
 10
16.7285
 20
304.1758
  0
VERTEX
999
1,2
  8
1
 10
16.2329
 20
320.6509
  0
VERTEX
999
1,2
  8
1
 10
15.7139
 20
337.1250
  0
VERTEX
999
1,2
  8
1
 10
15.1714
 20
353.5986
  0
VERTEX
999
1,2
  8
1
 10
14.6055
 20
370.0713
  0
VERTEX
999
1,2
  8
1
 10
14.0171
 20
386.5430
  0
VERTEX
999
1,2
  8
1
 10
13.4063
 20
403.0142
  0
VERTEX
999
1,2
  8
1
 10
12.7729
 20
419.4839
  0
VERTEX
999
1,2
  8
1
 10
12.1182
 20
435.9526
  0
VERTEX
999
1,2
  8
1
 10
11.4419
 20
452.4204
  0
VERTEX
999
1,2
  8
1
 10
10.7441
 20
468.8872
  0
VERTEX
999
1,1,,3
  8
1
 10
10.0254
 20
485.3525
  0
VERTEX
999
1,1,,4
  8
1
 10
10.0029
 20
485.8252
  0
VERTEX
999
1,1,,5
  8
1
 10
10.0029
 20
495.8247
  0
VERTEX
999
1,2,1
  8
1
 10
70.0142
 20
495.8247
 38
10.0000
 50
270.0000
  0
VERTEX
999
1,2,1
  8
1
 10
137.8843
 20
495.8247
 38
10.0171
 50
270.0000
  0
VERTEX
999
1,1,,6
  8
1
 10
251.4849
 20
495.8247
  0
VERTEX
999
1,1,,7
  8
1
 10
251.4849
 20
485.8247
  0
VERTEX
999
1,1,,8
  8
1
 10
251.4604
 20
485.3301
  0
VERTEX
999
1,2
  8
1
 10
250.7266
 20
468.8774
  0
VERTEX
999
1,2
  8
1
 10
250.0449
 20
452.4233
  0
VERTEX
999
1,2
  8
1
 10
249.4121
 20
435.9673
  0
VERTEX
999
1,2
  8
1
 10
248.8262
 20
419.5098
  0
VERTEX
999
1,2
  8
1
 10
248.2842
 20
403.0503
  0
VERTEX
999
1,2
  8
1
 10
247.7837
 20
386.5898
  0
VERTEX
999
1,2
  8
1
 10
247.3213
 20
370.1284
  0
VERTEX
999
1,2
  8
1
 10
246.8945
 20
353.6655
  0
VERTEX
999
1,2
  8
1
 10
246.5015
 20
337.2012
  0
VERTEX
999
1,2
  8
1
 10
246.1387
 20
320.7363
  0
VERTEX
999
1,2
  8
1
 10
245.8032
 20
304.2705
  0
VERTEX
999
1,2
  8
1
 10
245.4932
 20
287.8037
  0
VERTEX
999
1,2
  8
1
 10
245.2051
 20
271.3359
  0
VERTEX
999
1,2
  8
1
 10
244.9365
 20
254.8682
  0
VERTEX
999
1,2
  8
1
 10
244.6851
 20
238.3994
  0
VERTEX
999
1,2
  8
1
 10
244.4478
 20
221.9302
  0
VERTEX
999
1,2
  8
1
 10
244.2222
 20
205.4609
  0
VERTEX
999
1,2
  8
1
 10
244.0049
 20
188.9912
  0
VERTEX
999
1,2
  8
1
 10
243.7939
 20
172.5210
  0
VERTEX
999
1,2
  8
1
 10
243.5864
 20
156.0513
  0
VERTEX
999
1,2
  8
1
 10
243.3794
 20
139.5815
  0
VERTEX
999
1,2
  8
1
 10
243.1704
 20
123.1118
  0
VERTEX
999
1,2
  8
1
 10
242.9570
 20
106.6421
  0
VERTEX
999
1,2
  8
1
 10
242.7358
 20
90.1729
  0
VERTEX
999
1,2
  8
1
 10
242.5044
 20
73.7041
  0
VERTEX
999
1,1,1,9
  8
1
 10
242.2603
 20
57.2354
 38
10.0171
 50
180.0587
  0
VERTEX
999
1,2
  8
1
 10
242.5728
 20
38.7368
  0
VERTEX
999
1,1,,10
  8
1
 10
242.8696
 20
20.2373
  0
VERTEX
999
1,2,1
  8
1
 10
137.8843
 20
20.1250
 38
10.0171
 50
90.0000
  0
VERTEX
999
1,1,,11
  8
1
 10
20.9204
 20
20.0000
  0
SEQEND
  0
POLYLINE
999
2
  8
1
 66
1
 70
0
  0
VERTEX
999
2,1,,12
  8
1
 10
31.1143
 20
57.0107
  0
VERTEX
999
2,2
  8
1
 10
31.0103
 20
73.5098
  0
VERTEX
999
2,2
  8
1
 10
30.8779
 20
90.0088
  0
VERTEX
999
2,2
  8
1
 10
30.7178
 20
106.5078
  0
VERTEX
999
2,2
  8
1
 10
30.5298
 20
123.0059
  0
VERTEX
999
2,2
  8
1
 10
30.3145
 20
139.5039
  0
VERTEX
999
2,2
  8
1
 10
30.0723
 20
156.0015
  0
VERTEX
999
2,2
  8
1
 10
29.8032
 20
172.4985
  0
VERTEX
999
2,2
  8
1
 10
29.5078
 20
188.9951
  0
VERTEX
999
2,2
  8
1
 10
29.1860
 20
205.4912
  0
VERTEX
999
2,2
  8
1
 10
28.8384
 20
221.9868
  0
VERTEX
999
2,2
  8
1
 10
28.4658
 20
238.4819
  0
VERTEX
999
2,2
  8
1
 10
28.0674
 20
254.9766
  0
VERTEX
999
2,2
  8
1
 10
27.6440
 20
271.4707
  0
VERTEX
999
2,2
  8
1
 10
27.1968
 20
287.9639
  0
VERTEX
999
2,2
  8
1
 10
26.7246
 20
304.4565
  0
VERTEX
999
2,2
  8
1
 10
26.2285
 20
320.9482
  0
VERTEX
999
2,2
  8
1
 10
25.7085
 20
337.4399
  0
VERTEX
999
2,2
  8
1
 10
25.1655
 20
353.9302
  0
VERTEX
999
2,2
  8
1
 10
24.5991
 20
370.4199
  0
VERTEX
999
2,2
  8
1
 10
24.0103
 20
386.9092
  0
VERTEX
999
2,2
  8
1
 10
23.3984
 20
403.3970
  0
VERTEX
999
2,2
  8
1
 10
22.7651
 20
419.8843
  0
VERTEX
999
2,2
  8
1
 10
22.1094
 20
436.3711
  0
VERTEX
999
2,2
  8
1
 10
21.4321
 20
452.8564
  0
VERTEX
999
2,2
  8
1
 10
20.7334
 20
469.3408
  0
VERTEX
999
2,1,,13
  8
1
 10
20.0142
 20
485.8247
  0
VERTEX
999
2,1,,14
  8
1
 10
241.4727
 20
485.8247
  0
VERTEX
999
2,2
  8
1
 10
240.7378
 20
469.3506
  0
VERTEX
999
2,2
  8
1
 10
240.0552
 20
452.8745
  0
VERTEX
999
2,2
  8
1
 10
239.4214
 20
436.3975
  0
VERTEX
999
2,2
  8
1
 10
238.8350
 20
419.9189
  0
VERTEX
999
2,2
  8
1
 10
238.2920
 20
403.4390
  0
VERTEX
999
2,2
  8
1
 10
237.7905
 20
386.9580
  0
VERTEX
999
2,2
  8
1
 10
237.3276
 20
370.4761
  0
VERTEX
999
2,2
  8
1
 10
236.9009
 20
353.9927
  0
VERTEX
999
2,2
  8
1
 10
236.5068
 20
337.5088
  0
VERTEX
999
2,2
  8
1
 10
236.1436
 20
321.0244
  0
VERTEX
999
2,2
  8
1
 10
235.8076
 20
304.5386
  0
VERTEX
999
2,2
  8
1
 10
235.4971
 20
288.0527
  0
VERTEX
999
2,2
  8
1
 10
235.2085
 20
271.5659
  0
VERTEX
999
2,2
  8
1
 10
234.9399
 20
255.0786
  0
VERTEX
999
2,2
  8
1
 10
234.6880
 20
238.5913
  0
VERTEX
999
2,2
  8
1
 10
234.4502
 20
222.1030
  0
VERTEX
999
2,2
  8
1
 10
234.2241
 20
205.6152
  0
VERTEX
999
2,2
  8
1
 10
234.0068
 20
189.1270
  0
VERTEX
999
2,2
  8
1
 10
233.7954
 20
172.6387
  0
VERTEX
999
2,2
  8
1
 10
233.5874
 20
156.1499
  0
VERTEX
999
2,2
  8
1
 10
233.3804
 20
139.6621
  0
VERTEX
999
2,2
  8
1
 10
233.1709
 20
123.1738
  0
VERTEX
999
2,2
  8
1
 10
232.9565
 20
106.6860
  0
VERTEX
999
2,2
  8
1
 10
232.7354
 20
90.1987
  0
VERTEX
999
2,2
  8
1
 10
232.5034
 20
73.7114
  0
VERTEX
999
2,1,,15
  8
1
 10
232.2588
 20
57.2251
  0
VERTEX
999
2,1,,16
  8
1
 10
31.1143
 20
57.0107
  0
SEQEND
  0
LINE
999
5,1,,17
  8
1
 10
31.1143
 20
57.0107
 11
41.1313
 21
57.0210
  0
LINE
999
5,1,,19
  8
1
 10
70.0142
 20
485.8247
 11
70.0142
 21
475.8247
  0
LINE
999
5,1,,21
  8
1
 10
137.8843
 20
485.8247
 11
137.8843
 21
475.8076
  0
LINE
999
5,1,,23
  8
1
 10
232.2588
 20
57.2251
 11
222.2417
 21
57.2148
  0
LINE
999
5,1,,25
  8
1
 10
137.8843
 20
57.1245
 11
137.8843
 21
67.1416
  0
LINE
999
5,1,,27
  8
1
  6
1
 10
30.7842
 20
83.1289
 11
232.7881
 21
83.1289
  0
LINE
999
5,1,,29
  8
1
 10
137.8843
 20
485.5254
 11
137.8843
 21
57.1211
  0
LINE
999
5,1,,31
  8
1
  6
1
 10
139.8843
 20
485.7256
 11
139.8843
 21
57.1211
  0
LINE
999
5,1,,33
  8
1
  6
1
 10
135.8843
 20
57.1211
 11
135.8843
 21
485.5254
  0
LINE
999
5,1,,35
  8
1
 10
159.9497
 20
83.1289
 11
171.5435
 21
100.4014
  0
LINE
999
5,1,,37
  8
1
 10
164.8062
 20
58.1289
 11
171.5435
 21
100.4014
  0
LINE
999
5,1,,39
  8
1
 10
139.8843
 20
294.5728
 11
162.3887
 21
274.1309
  0
LINE
999
5,1,,41
  8
1
 10
139.8843
 20
294.5728
 11
149.1396
 21
290.7861
  0
ENDBLK
  0
BLOCK
  8
1
  2
P0019_07
 70
64
 10
0.0000
 20
0.0000
  0
TEXT
  8
1
 10
164.4873
 20
389.0913
 40
8.0000
 50
0.0000
  1
PIECE: 前身頃下
  7
STANDARD
  0
TEXT
  8
1
 10
164.4873
 20
379.8913
 40
8.0000
 50
0.0000
  1
SIZE: XL
  7
STANDARD
  0
TEXT
  8
1
 10
164.4873
 20
370.6913
 40
8.0000
 50
0.0000
  1
FABRIC: 表生地
  7
STANDARD
  0
TEXT
  8
1
 10
164.4873
 20
361.4913
 40
8.0000
 50
0.0000
  1
QUANTITY: 2
  7
STANDARD
  0
TEXT
  8
1
 10
14.6299
 20
304.8315
 40
5.0000
 50
269.9998
  1
COMMENT: 1.0/割り
  7
STANDARD
  0
TEXT
  8
1
 10
156.9204
 20
257.2993
 40
5.0000
 50
0.0000
  1
COMMENT: センタープリーツ
  7
STANDARD
  0
TEXT
  8
1
 10
156.9204
 20
252.2993
 40
5.0000
 50
0.0000
  1
COMMENT: つまみステッチ
  7
STANDARD
  0
TEXT
  8
1
 10
108.1606
 20
477.7524
 40
5.0000
 50
0.0000
  1
COMMENT: 1.0/割り
  7
STANDARD
  0
TEXT
  8
1
 10
247.4956
 20
281.9531
 40
5.0000
 50
88.5443
  1
COMMENT: 1.0/切替高
  7
STANDARD
  0
TEXT
  8
1
 10
142.6455
 20
24.6279
 40
5.0000
 50
0.0000
  1
COMMENT: 3.7/三つ折り
  7
STANDARD
  0
TEXT
  8
1
 10
156.0850
 20
91.9473
 40
6.0000
 50
0.0000
  1
COMMENT: 25mmステッチ
  7
STANDARD
  0
POLYLINE
999
1
  8
1
 66
1
 70
0
  0
VERTEX
999
1,1,,1
  8
1
 10
18.2085
 20
10.0000
  0
VERTEX
999
1,2
  8
1
 10
18.4287
 20
28.4995
  0
VERTEX
999
1,1,1,2
  8
1
 10
18.6138
 20
47.0005
 38
10.0171
 50
0.0587
  0
VERTEX
999
1,2
  8
1
 10
18.4136
 20
63.4819
  0
VERTEX
999
1,2
  8
1
 10
18.1855
 20
79.9639
  0
VERTEX
999
1,2
  8
1
 10
17.9292
 20
96.4453
  0
VERTEX
999
1,2
  8
1
 10
17.6455
 20
112.9258
  0
VERTEX
999
1,2
  8
1
 10
17.3340
 20
129.4063
  0
VERTEX
999
1,2
  8
1
 10
16.9961
 20
145.8862
  0
VERTEX
999
1,2
  8
1
 10
16.6309
 20
162.3652
  0
VERTEX
999
1,2
  8
1
 10
16.2397
 20
178.8438
  0
VERTEX
999
1,2
  8
1
 10
15.8223
 20
195.3218
  0
VERTEX
999
1,2
  8
1
 10
15.3789
 20
211.7993
  0
VERTEX
999
1,2
  8
1
 10
14.9102
 20
228.2759
  0
VERTEX
999
1,2
  8
1
 10
14.4165
 20
244.7515
  0
VERTEX
999
1,2
  8
1
 10
13.8975
 20
261.2266
  0
VERTEX
999
1,2
  8
1
 10
13.3545
 20
277.7012
  0
VERTEX
999
1,2
  8
1
 10
12.7866
 20
294.1748
  0
VERTEX
999
1,2
  8
1
 10
12.1948
 20
310.6475
  0
VERTEX
999
1,2
  8
1
 10
11.5796
 20
327.1196
  0
VERTEX
999
1,2
  8
1
 10
10.9409
 20
343.5903
  0
VERTEX
999
1,2
  8
1
 10
10.2793
 20
360.0605
  0
VERTEX
999
1,2
  8
1
 10
9.5947
 20
376.5298
  0
VERTEX
999
1,2
  8
1
 10
8.8877
 20
392.9980
  0
VERTEX
999
1,2
  8
1
 10
8.1587
 20
409.4653
  0
VERTEX
999
1,2
  8
1
 10
7.4077
 20
425.9312
  0
VERTEX
999
1,2
  8
1
 10
6.6353
 20
442.3965
  0
VERTEX
999
1,2
  8
1
 10
5.8413
 20
458.8608
  0
VERTEX
999
1,1,,3
  8
1
 10
5.0269
 20
475.3237
  0
VERTEX
999
1,1,,4
  8
1
 10
5.0015
 20
475.8242
  0
VERTEX
999
1,1,,5
  8
1
 10
5.0015
 20
485.8247
  0
VERTEX
999
1,2,1
  8
1
 10
65.0142
 20
485.8247
 38
10.0000
 50
270.0000
  0
VERTEX
999
1,2,1
  8
1
 10
137.8843
 20
485.8247
 38
10.0171
 50
270.0000
  0
VERTEX
999
1,1,,6
  8
1
 10
256.4863
 20
485.8247
  0
VERTEX
999
1,1,,7
  8
1
 10
256.4863
 20
475.8247
  0
VERTEX
999
1,1,,8
  8
1
 10
256.4590
 20
475.3018
  0
VERTEX
999
1,2
  8
1
 10
255.6289
 20
458.8506
  0
VERTEX
999
1,2
  8
1
 10
254.8511
 20
442.3970
  0
VERTEX
999
1,2
  8
1
 10
254.1226
 20
425.9424
  0
VERTEX
999
1,2
  8
1
 10
253.4404
 20
409.4858
  0
VERTEX
999
1,2
  8
1
 10
252.8022
 20
393.0273
  0
VERTEX
999
1,2
  8
1
 10
252.2056
 20
376.5679
  0
VERTEX
999
1,2
  8
1
 10
251.6475
 20
360.1074
  0
VERTEX
999
1,2
  8
1
 10
251.1245
 20
343.6455
  0
VERTEX
999
1,2
  8
1
 10
250.6353
 20
327.1821
  0
VERTEX
999
1,2
  8
1
 10
250.1763
 20
310.7183
  0
VERTEX
999
1,2
  8
1
 10
249.7451
 20
294.2529
  0
VERTEX
999
1,2
  8
1
 10
249.3389
 20
277.7871
  0
VERTEX
999
1,2
  8
1
 10
248.9546
 20
261.3208
  0
VERTEX
999
1,2
  8
1
 10
248.5903
 20
244.8535
  0
VERTEX
999
1,2
  8
1
 10
248.2427
 20
228.3857
  0
VERTEX
999
1,2
  8
1
 10
247.9092
 20
211.9180
  0
VERTEX
999
1,2
  8
1
 10
247.5874
 20
195.4492
  0
VERTEX
999
1,2
  8
1
 10
247.2744
 20
178.9810
  0
VERTEX
999
1,2
  8
1
 10
246.9673
 20
162.5122
  0
VERTEX
999
1,2
  8
1
 10
246.6636
 20
146.0435
  0
VERTEX
999
1,2
  8
1
 10
246.3608
 20
129.5747
  0
VERTEX
999
1,2
  8
1
 10
246.0557
 20
113.1064
  0
VERTEX
999
1,2
  8
1
 10
245.7461
 20
96.6382
  0
VERTEX
999
1,2
  8
1
 10
245.4287
 20
80.1704
  0
VERTEX
999
1,2
  8
1
 10
245.1016
 20
63.7031
  0
VERTEX
999
1,1,1,9
  8
1
 10
244.7612
 20
47.2354
 38
10.0171
 50
180.0587
  0
VERTEX
999
1,2
  8
1
 10
245.1836
 20
28.7368
  0
VERTEX
999
1,1,,10
  8
1
 10
245.5903
 20
10.2368
  0
VERTEX
999
1,2,1
  8
1
 10
137.8843
 20
10.1245
 38
10.0171
 50
90.0000
  0
VERTEX
999
1,1,,11
  8
1
 10
18.2085
 20
10.0000
  0
SEQEND
  0
POLYLINE
999
2
  8
1
 66
1
 70
0
  0
VERTEX
999
2,1,,12
  8
1
 10
28.6143
 20
47.0107
  0
VERTEX
999
2,2
  8
1
 10
28.4141
 20
63.5117
  0
VERTEX
999
2,2
  8
1
 10
28.1855
 20
80.0127
  0
VERTEX
999
2,2
  8
1
 10
27.9292
 20
96.5127
  0
VERTEX
999
2,2
  8
1
 10
27.6450
 20
113.0127
  0
VERTEX
999
2,2
  8
1
 10
27.3340
 20
129.5117
  0
VERTEX
999
2,2
  8
1
 10
26.9956
 20
146.0103
  0
VERTEX
999
2,2
  8
1
 10
26.6304
 20
162.5083
  0
VERTEX
999
2,2
  8
1
 10
26.2388
 20
179.0059
  0
VERTEX
999
2,2
  8
1
 10
25.8208
 20
195.5024
  0
VERTEX
999
2,2
  8
1
 10
25.3774
 20
211.9985
  0
VERTEX
999
2,2
  8
1
 10
24.9082
 20
228.4941
  0
VERTEX
999
2,2
  8
1
 10
24.4136
 20
244.9888
  0
VERTEX
999
2,2
  8
1
 10
23.8945
 20
261.4829
  0
VERTEX
999
2,2
  8
1
 10
23.3506
 20
277.9761
  0
VERTEX
999
2,2
  8
1
 10
22.7822
 20
294.4683
  0
VERTEX
999
2,2
  8
1
 10
22.1899
 20
310.9600
  0
VERTEX
999
2,2
  8
1
 10
21.5742
 20
327.4507
  0
VERTEX
999
2,2
  8
1
 10
20.9351
 20
343.9404
  0
VERTEX
999
2,2
  8
1
 10
20.2725
 20
360.4297
  0
VERTEX
999
2,2
  8
1
 10
19.5874
 20
376.9175
  0
VERTEX
999
2,2
  8
1
 10
18.8794
 20
393.4048
  0
VERTEX
999
2,2
  8
1
 10
18.1494
 20
409.8906
  0
VERTEX
999
2,2
  8
1
 10
17.3979
 20
426.3760
  0
VERTEX
999
2,2
  8
1
 10
16.6245
 20
442.8599
  0
VERTEX
999
2,2
  8
1
 10
15.8296
 20
459.3428
  0
VERTEX
999
2,1,,13
  8
1
 10
15.0142
 20
475.8247
  0
VERTEX
999
2,1,,14
  8
1
 10
246.4727
 20
475.8247
  0
VERTEX
999
2,2
  8
1
 10
245.6416
 20
459.3525
  0
VERTEX
999
2,2
  8
1
 10
244.8628
 20
442.8784
  0
VERTEX
999
2,2
  8
1
 10
244.1333
 20
426.4028
  0
VERTEX
999
2,2
  8
1
 10
243.4502
 20
409.9258
  0
VERTEX
999
2,2
  8
1
 10
242.8115
 20
393.4473
  0
VERTEX
999
2,2
  8
1
 10
242.2139
 20
376.9668
  0
VERTEX
999
2,2
  8
1
 10
241.6548
 20
360.4858
  0
VERTEX
999
2,2
  8
1
 10
241.1318
 20
344.0029
  0
VERTEX
999
2,2
  8
1
 10
240.6416
 20
327.5195
  0
VERTEX
999
2,2
  8
1
 10
240.1821
 20
311.0347
  0
VERTEX
999
2,2
  8
1
 10
239.7500
 20
294.5493
  0
VERTEX
999
2,2
  8
1
 10
239.3433
 20
278.0625
  0
VERTEX
999
2,2
  8
1
 10
238.9590
 20
261.5757
  0
VERTEX
999
2,2
  8
1
 10
238.5938
 20
245.0879
  0
VERTEX
999
2,2
  8
1
 10
238.2456
 20
228.5996
  0
VERTEX
999
2,2
  8
1
 10
237.9121
 20
212.1113
  0
VERTEX
999
2,2
  8
1
 10
237.5898
 20
195.6221
  0
VERTEX
999
2,2
  8
1
 10
237.2759
 20
179.1333
  0
VERTEX
999
2,2
  8
1
 10
236.9688
 20
162.6440
  0
VERTEX
999
2,2
  8
1
 10
236.6646
 20
146.1548
  0
VERTEX
999
2,2
  8
1
 10
236.3608
 20
129.6655
  0
VERTEX
999
2,2
  8
1
 10
236.0557
 20
113.1768
  0
VERTEX
999
2,2
  8
1
 10
235.7451
 20
96.6880
  0
VERTEX
999
2,2
  8
1
 10
235.4272
 20
80.2002
  0
VERTEX
999
2,2
  8
1
 10
235.0996
 20
63.7124
  0
VERTEX
999
2,1,,15
  8
1
 10
234.7588
 20
47.2251
  0
VERTEX
999
2,1,,16
  8
1
 10
28.6143
 20
47.0107
  0
SEQEND
  0
LINE
999
5,1,,17
  8
1
 10
28.6143
 20
47.0107
 11
38.6313
 21
47.0210
  0
LINE
999
5,1,,19
  8
1
 10
65.0142
 20
475.8247
 11
65.0142
 21
465.8247
  0
LINE
999
5,1,,21
  8
1
 10
137.8843
 20
475.8247
 11
137.8843
 21
465.8076
  0
LINE
999
5,1,,23
  8
1
 10
234.7588
 20
47.2251
 11
224.7417
 21
47.2148
  0
LINE
999
5,1,,25
  8
1
 10
137.8843
 20
47.1245
 11
137.8843
 21
57.1416
  0
LINE
999
5,1,,27
  8
1
  6
1
 10
28.2842
 20
73.1289
 11
235.2881
 21
73.1289
  0
LINE
999
5,1,,29
  8
1
 10
137.8843
 20
475.5254
 11
137.8843
 21
47.1211
  0
LINE
999
5,1,,31
  8
1
  6
1
 10
139.8843
 20
475.7256
 11
139.8843
 21
47.1211
  0
LINE
999
5,1,,33
  8
1
  6
1
 10
135.8843
 20
47.1211
 11
135.8843
 21
475.5254
  0
LINE
999
5,1,,35
  8
1
 10
159.9497
 20
73.1289
 11
171.5435
 21
90.4014
  0
LINE
999
5,1,,37
  8
1
 10
164.8062
 20
48.1289
 11
171.5435
 21
90.4014
  0
LINE
999
5,1,,39
  8
1
 10
139.8843
 20
284.5728
 11
162.3887
 21
264.1309
  0
LINE
999
5,1,,41
  8
1
 10
139.8843
 20
284.5728
 11
149.1396
 21
280.7861
  0
ENDBLK
  0
BLOCK
  8
1
  2
P0020_08
 70
64
 10
0.0000
 20
0.0000
  0
TEXT
  8
1
 10
164.4873
 20
379.0913
 40
8.0000
 50
0.0000
  1
PIECE: 前身頃下
  7
STANDARD
  0
TEXT
  8
1
 10
164.4873
 20
369.8913
 40
8.0000
 50
0.0000
  1
SIZE: XXL
  7
STANDARD
  0
TEXT
  8
1
 10
164.4873
 20
360.6913
 40
8.0000
 50
0.0000
  1
FABRIC: 表生地
  7
STANDARD
  0
TEXT
  8
1
 10
164.4873
 20
351.4913
 40
8.0000
 50
0.0000
  1
QUANTITY: 2
  7
STANDARD
  0
TEXT
  8
1
 10
10.8301
 20
294.8315
 40
5.0000
 50
269.9998
  1
COMMENT: 1.0/割り
  7
STANDARD
  0
TEXT
  8
1
 10
156.9204
 20
247.2993
 40
5.0000
 50
0.0000
  1
COMMENT: センタープリーツ
  7
STANDARD
  0
TEXT
  8
1
 10
156.9204
 20
242.2993
 40
5.0000
 50
0.0000
  1
COMMENT: つまみステッチ
  7
STANDARD
  0
TEXT
  8
1
 10
108.1606
 20
467.7524
 40
5.0000
 50
0.0000
  1
COMMENT: 1.0/割り
  7
STANDARD
  0
TEXT
  8
1
 10
251.2954
 20
271.9531
 40
5.0000
 50
88.5443
  1
COMMENT: 1.0/切替高
  7
STANDARD
  0
TEXT
  8
1
 10
142.6455
 20
14.6279
 40
5.0000
 50
0.0000
  1
COMMENT: 3.7/三つ折り
  7
STANDARD
  0
TEXT
  8
1
 10
156.0850
 20
81.9473
 40
6.0000
 50
0.0000
  1
COMMENT: 25mmステッチ
  7
STANDARD
  0
POLYLINE
999
1
  8
1
 66
1
 70
0
  0
VERTEX
999
1,1,,1
  8
1
 10
15.4873
 20
0.0000
  0
VERTEX
999
1,2
  8
1
 10
15.8179
 20
18.4995
  0
VERTEX
999
1,1,1,2
  8
1
 10
16.1128
 20
37.0005
 38
10.0171
 50
0.0587
  0
VERTEX
999
1,2
  8
1
 10
15.8169
 20
53.4819
  0
VERTEX
999
1,2
  8
1
 10
15.4922
 20
69.9634
  0
VERTEX
999
1,2
  8
1
 10
15.1401
 20
86.4438
  0
VERTEX
999
1,2
  8
1
 10
14.7603
 20
102.9243
  0
VERTEX
999
1,2
  8
1
 10
14.3530
 20
119.4033
  0
VERTEX
999
1,2
  8
1
 10
13.9185
 20
135.8823
  0
VERTEX
999
1,2
  8
1
 10
13.4575
 20
152.3604
  0
VERTEX
999
1,2
  8
1
 10
12.9702
 20
168.8379
  0
VERTEX
999
1,2
  8
1
 10
12.4565
 20
185.3145
  0
VERTEX
999
1,2
  8
1
 10
11.9175
 20
201.7905
  0
VERTEX
999
1,2
  8
1
 10
11.3525
 20
218.2656
  0
VERTEX
999
1,2
  8
1
 10
10.7627
 20
234.7402
  0
VERTEX
999
1,2
  8
1
 10
10.1479
 20
251.2139
  0
VERTEX
999
1,2
  8
1
 10
9.5083
 20
267.6865
  0
VERTEX
999
1,2
  8
1
 10
8.8447
 20
284.1587
  0
VERTEX
999
1,2
  8
1
 10
8.1572
 20
300.6299
  0
VERTEX
999
1,2
  8
1
 10
7.4458
 20
317.1006
  0
VERTEX
999
1,2
  8
1
 10
6.7109
 20
333.5698
  0
VERTEX
999
1,2
  8
1
 10
5.9531
 20
350.0386
  0
VERTEX
999
1,2
  8
1
 10
5.1729
 20
366.5063
  0
VERTEX
999
1,2
  8
1
 10
4.3696
 20
382.9736
  0
VERTEX
999
1,2
  8
1
 10
3.5444
 20
399.4395
  0
VERTEX
999
1,2
  8
1
 10
2.6973
 20
415.9048
  0
VERTEX
999
1,2
  8
1
 10
1.8291
 20
432.3687
  0
VERTEX
999
1,2
  8
1
 10
0.9390
 20
448.8320
  0
VERTEX
999
1,1,,3
  8
1
 10
0.0283
 20
465.2944
  0
VERTEX
999
1,1,,4
  8
1
 10
0.0000
 20
465.8257
  0
VERTEX
999
1,1,,5
  8
1
 10
0.0000
 20
475.8247
  0
VERTEX
999
1,2,1
  8
1
 10
60.0142
 20
475.8247
 38
10.0000
 50
270.0000
  0
VERTEX
999
1,2,1
  8
1
 10
137.8843
 20
475.8247
 38
10.0171
 50
270.0000
  0
VERTEX
999
1,1,,6
  8
1
 10
261.4878
 20
475.8247
  0
VERTEX
999
1,1,,7
  8
1
 10
261.4878
 20
465.8247
  0
VERTEX
999
1,1,,8
  8
1
 10
261.4575
 20
465.2725
  0
VERTEX
999
1,2
  8
1
 10
260.5313
 20
448.8223
  0
VERTEX
999
1,2
  8
1
 10
259.6577
 20
432.3701
  0
VERTEX
999
1,2
  8
1
 10
258.8330
 20
415.9165
  0
VERTEX
999
1,2
  8
1
 10
258.0547
 20
399.4609
  0
VERTEX
999
1,2
  8
1
 10
257.3208
 20
383.0039
  0
VERTEX
999
1,2
  8
1
 10
256.6274
 20
366.5454
  0
VERTEX
999
1,2
  8
1
 10
255.9731
 20
350.0854
  0
VERTEX
999
1,2
  8
1
 10
255.3545
 20
333.6245
  0
VERTEX
999
1,2
  8
1
 10
254.7690
 20
317.1621
  0
VERTEX
999
1,2
  8
1
 10
254.2139
 20
300.6987
  0
VERTEX
999
1,2
  8
1
 10
253.6865
 20
284.2349
  0
VERTEX
999
1,2
  8
1
 10
253.1841
 20
267.7700
  0
VERTEX
999
1,2
  8
1
 10
252.7041
 20
251.3042
  0
VERTEX
999
1,2
  8
1
 10
252.2437
 20
234.8379
  0
VERTEX
999
1,2
  8
1
 10
251.7998
 20
218.3711
  0
VERTEX
999
1,2
  8
1
 10
251.3706
 20
201.9043
  0
VERTEX
999
1,2
  8
1
 10
250.9526
 20
185.4370
  0
VERTEX
999
1,2
  8
1
 10
250.5435
 20
168.9692
  0
VERTEX
999
1,2
  8
1
 10
250.1406
 20
152.5015
  0
VERTEX
999
1,2
  8
1
 10
249.7407
 20
136.0342
  0
VERTEX
999
1,2
  8
1
 10
249.3418
 20
119.5664
  0
VERTEX
999
1,2
  8
1
 10
248.9409
 20
103.0996
  0
VERTEX
999
1,2
  8
1
 10
248.5352
 20
86.6328
  0
VERTEX
999
1,2
  8
1
 10
248.1221
 20
70.1660
  0
VERTEX
999
1,2
  8
1
 10
247.6987
 20
53.7007
  0
VERTEX
999
1,1,1,9
  8
1
 10
247.2627
 20
37.2354
 38
10.0171
 50
180.0587
  0
VERTEX
999
1,2
  8
1
 10
247.7891
 20
18.7363
  0
VERTEX
999
1,1,,10
  8
1
 10
248.2993
 20
0.2363
  0
VERTEX
999
1,2,1
  8
1
 10
137.8843
 20
0.1240
 38
10.0171
 50
90.0000
  0
VERTEX
999
1,1,,11
  8
1
 10
15.4873
 20
0.0000
  0
SEQEND
  0
POLYLINE
999
2
  8
1
 66
1
 70
0
  0
VERTEX
999
2,1,,12
  8
1
 10
26.1143
 20
37.0107
  0
VERTEX
999
2,2
  8
1
 10
25.8179
 20
53.5137
  0
VERTEX
999
2,2
  8
1
 10
25.4937
 20
70.0161
  0
VERTEX
999
2,2
  8
1
 10
25.1411
 20
86.5181
  0
VERTEX
999
2,2
  8
1
 10
24.7607
 20
103.0190
  0
VERTEX
999
2,2
  8
1
 10
24.3530
 20
119.5195
  0
VERTEX
999
2,2
  8
1
 10
23.9185
 20
136.0190
  0
VERTEX
999
2,2
  8
1
 10
23.4570
 20
152.5181
  0
VERTEX
999
2,2
  8
1
 10
22.9692
 20
169.0161
  0
VERTEX
999
2,2
  8
1
 10
22.4556
 20
185.5137
  0
VERTEX
999
2,2
  8
1
 10
21.9155
 20
202.0103
  0
VERTEX
999
2,2
  8
1
 10
21.3506
 20
218.5059
  0
VERTEX
999
2,2
  8
1
 10
20.7598
 20
235.0010
  0
VERTEX
999
2,2
  8
1
 10
20.1445
 20
251.4946
  0
VERTEX
999
2,2
  8
1
 10
19.5044
 20
267.9878
  0
VERTEX
999
2,2
  8
1
 10
18.8398
 20
284.4800
  0
VERTEX
999
2,2
  8
1
 10
18.1519
 20
300.9712
  0
VERTEX
999
2,2
  8
1
 10
17.4395
 20
317.4614
  0
VERTEX
999
2,2
  8
1
 10
16.7041
 20
333.9507
  0
VERTEX
999
2,2
  8
1
 10
15.9453
 20
350.4385
  0
VERTEX
999
2,2
  8
1
 10
15.1641
 20
366.9258
  0
VERTEX
999
2,2
  8
1
 10
14.3604
 20
383.4116
  0
VERTEX
999
2,2
  8
1
 10
13.5342
 20
399.8965
  0
VERTEX
999
2,2
  8
1
 10
12.6860
 20
416.3804
  0
VERTEX
999
2,2
  8
1
 10
11.8169
 20
432.8633
  0
VERTEX
999
2,2
  8
1
 10
10.9258
 20
449.3447
  0
VERTEX
999
2,1,,13
  8
1
 10
10.0142
 20
465.8247
  0
VERTEX
999
2,1,,14
  8
1
 10
251.4727
 20
465.8247
  0
VERTEX
999
2,2
  8
1
 10
250.5454
 20
449.3550
  0
VERTEX
999
2,2
  8
1
 10
249.6704
 20
432.8828
  0
VERTEX
999
2,2
  8
1
 10
248.8447
 20
416.4087
  0
VERTEX
999
2,2
  8
1
 10
248.0659
 20
399.9331
  0
VERTEX
999
2,2
  8
1
 10
247.3311
 20
383.4551
  0
VERTEX
999
2,2
  8
1
 10
246.6372
 20
366.9761
  0
VERTEX
999
2,2
  8
1
 10
245.9819
 20
350.4951
  0
VERTEX
999
2,2
  8
1
 10
245.3628
 20
334.0132
  0
VERTEX
999
2,2
  8
1
 10
244.7764
 20
317.5298
  0
VERTEX
999
2,2
  8
1
 10
244.2207
 20
301.0449
  0
VERTEX
999
2,2
  8
1
 10
243.6929
 20
284.5591
  0
VERTEX
999
2,2
  8
1
 10
243.1895
 20
268.0728
  0
VERTEX
999
2,2
  8
1
 10
242.7090
 20
251.5850
  0
VERTEX
999
2,2
  8
1
 10
242.2480
 20
235.0972
  0
VERTEX
999
2,2
  8
1
 10
241.8037
 20
218.6084
  0
VERTEX
999
2,2
  8
1
 10
241.3735
 20
202.1191
  0
VERTEX
999
2,2
  8
1
 10
240.9551
 20
185.6294
  0
VERTEX
999
2,2
  8
1
 10
240.5454
 20
169.1396
  0
VERTEX
999
2,2
  8
1
 10
240.1416
 20
152.6494
  0
VERTEX
999
2,2
  8
1
 10
239.7417
 20
136.1592
  0
VERTEX
999
2,2
  8
1
 10
239.3418
 20
119.6694
  0
VERTEX
999
2,2
  8
1
 10
238.9399
 20
103.1797
  0
VERTEX
999
2,2
  8
1
 10
238.5337
 20
86.6904
  0
VERTEX
999
2,2
  8
1
 10
238.1196
 20
70.2012
  0
VERTEX
999
2,2
  8
1
 10
237.6958
 20
53.7129
  0
VERTEX
999
2,1,,15
  8
1
 10
237.2588
 20
37.2251
  0
VERTEX
999
2,1,,16
  8
1
 10
26.1143
 20
37.0107
  0
SEQEND
  0
LINE
999
5,1,,17
  8
1
 10
26.1143
 20
37.0107
 11
36.1313
 21
37.0210
  0
LINE
999
5,1,,19
  8
1
 10
60.0142
 20
465.8247
 11
60.0142
 21
455.8247
  0
LINE
999
5,1,,21
  8
1
 10
137.8843
 20
465.8247
 11
137.8843
 21
455.8076
  0
LINE
999
5,1,,23
  8
1
 10
237.2588
 20
37.2251
 11
227.2417
 21
37.2148
  0
LINE
999
5,1,,25
  8
1
 10
137.8843
 20
37.1240
 11
137.8843
 21
47.1411
  0
LINE
999
5,1,,27
  8
1
  6
1
 10
25.7842
 20
63.1289
 11
237.7881
 21
63.1289
  0
LINE
999
5,1,,29
  8
1
 10
137.8843
 20
465.5254
 11
137.8843
 21
37.1211
  0
LINE
999
5,1,,31
  8
1
  6
1
 10
139.8843
 20
465.7256
 11
139.8843
 21
37.1211
  0
LINE
999
5,1,,33
  8
1
  6
1
 10
135.8843
 20
37.1211
 11
135.8843
 21
465.5254
  0
LINE
999
5,1,,35
  8
1
 10
159.9497
 20
63.1289
 11
171.5435
 21
80.4014
  0
LINE
999
5,1,,37
  8
1
 10
164.8062
 20
38.1289
 11
171.5435
 21
80.4014
  0
LINE
999
5,1,,39
  8
1
 10
139.8843
 20
274.5728
 11
162.3887
 21
254.1309
  0
LINE
999
5,1,,41
  8
1
 10
139.8843
 20
274.5728
 11
149.1396
 21
270.7861
  0
ENDBLK
  0
BLOCK
  8
1
  2
P0021_04
 70
64
 10
0.0000
 20
0.0000
  0
TEXT
  8
1
 10
41.9614
 20
405.8228
 40
8.0000
 50
90.0000
  1
PIECE: 脇切替え下
  7
STANDARD
  0
TEXT
  8
1
 10
51.1614
 20
405.8228
 40
8.0000
 50
90.0000
  1
SIZE: S
  7
STANDARD
  0
TEXT
  8
1
 10
60.3615
 20
405.8228
 40
8.0000
 50
90.0000
  1
FABRIC: 別布
  7
STANDARD
  0
TEXT
  8
1
 10
69.5615
 20
405.8228
 40
8.0000
 50
90.0000
  1
QUANTITY: 2
  7
STANDARD
  0
TEXT
  8
1
 10
8.9985
 20
88.6138
 40
5.0000
 50
0.0000
  1
COMMENT: 3.7/三つ折り
  7
STANDARD
  0
TEXT
  8
1
 10
7.4712
 20
149.1519
 40
6.0000
 50
0.0000
  1
COMMENT: 25mmステッチ
  7
STANDARD
  0
TEXT
  8
1
 10
28.6987
 20
339.0239
 40
6.0000
 50
90.0002
  1
COMMENT: コバステッチ
  7
STANDARD
  0
TEXT
  8
1
 10
2.7461
 20
356.8008
 40
5.0000
 50
269.9998
  1
COMMENT: 1.0/切替高
  7
STANDARD
  0
TEXT
  8
1
 10
48.3501
 20
330.2471
 40
5.0000
 50
90.0002
  1
COMMENT: 1.0/切替高
  7
STANDARD
  0
TEXT
  8
1
 10
13.1685
 20
523.3159
 40
6.0000
 50
0.0000
  1
COMMENT: 1.0/割り
  7
STANDARD
  0
POLYLINE
999
1
  8
1
 66
1
 70
0
  0
VERTEX
999
1,1,,1
  8
1
 10
0.0000
 20
70.0000
  0
VERTEX
999
1,2,1
  8
1
 10
0.0000
 20
107.0000
 38
10.0171
 50
0.0000
  0
VERTEX
999
1,1,,2
  8
1
 10
0.0000
 20
530.8135
  0
VERTEX
999
1,1,,3
  8
1
 10
50.0000
 20
530.8135
  0
VERTEX
999
1,2,1
  8
1
 10
50.0000
 20
107.0000
 38
10.0171
 50
180.0000
  0
VERTEX
999
1,1,,4
  8
1
 10
50.0000
 20
70.0000
  0
VERTEX
999
1,1,,5
  8
1
 10
0.0000
 20
70.0000
  0
SEQEND
  0
POLYLINE
999
2
  8
1
 66
1
 70
0
  0
VERTEX
999
2,1,,6
  8
1
 10
10.0000
 20
107.0000
  0
VERTEX
999
2,1,,7
  8
1
 10
10.0000
 20
520.8135
  0
VERTEX
999
2,1,,8
  8
1
 10
40.0000
 20
520.8135
  0
VERTEX
999
2,1,,9
  8
1
 10
40.0000
 20
107.0000
  0
VERTEX
999
2,1,,10
  8
1
 10
10.0000
 20
107.0000
  0
SEQEND
  0
LINE
999
5,1,,11
  8
1
 10
10.0000
 20
107.0000
 11
20.0171
 21
107.0000
  0
LINE
999
5,1,,13
  8
1
 10
40.0000
 20
107.0000
 11
29.9829
 21
107.0000
  0
LINE
999
5,1,,15
  8
1
 10
20.1436
 20
132.0000
 11
31.7373
 21
149.2725
  0
LINE
999
5,1,,17
  8
1
  6
1
 10
11.5000
 20
520.8135
 11
11.5000
 21
107.0000
  0
LINE
999
5,1,,19
  8
1
 10
25.0000
 20
107.0000
 11
31.7373
 21
149.2725
  0
LINE
999
5,1,,21
  8
1
  6
1
 10
10.0000
 20
132.0000
 11
40.0000
 21
132.0000
  0
LINE
999
5,1,,23
  8
1
  6
1
 10
38.5000
 20
107.0000
 11
38.5000
 21
520.8135
  0
LINE
999
3,1,,25
  8
1
 10
24.0029
 20
530.8135
 11
25.2813
 21
70.0000
  0
LINE
999
5,1,,25
  8
1
 10
11.5000
 20
317.9946
 11
26.1606
 21
337.2114
  0
LINE
999
5,1,,27
  8
1
 10
11.5000
 20
317.9946
 11
14.3135
 21
327.5908
  0
LINE
999
5,1,,29
  8
1
 10
38.5000
 20
317.9946
 11
26.1606
 21
337.2114
  0
LINE
999
5,1,,31
  8
1
 10
38.5000
 20
317.9946
 11
36.4712
 21
327.7866
  0
ENDBLK
  0
BLOCK
  8
1
  2
P0022_05
 70
64
 10
0.0000
 20
0.0000
  0
TEXT
  8
1
 10
41.9614
 20
390.8228
 40
8.0000
 50
90.0000
  1
PIECE: 脇切替え下
  7
STANDARD
  0
TEXT
  8
1
 10
51.1614
 20
390.8228
 40
8.0000
 50
90.0000
  1
SIZE: M
  7
STANDARD
  0
TEXT
  8
1
 10
60.3615
 20
390.8228
 40
8.0000
 50
90.0000
  1
FABRIC: 別布
  7
STANDARD
  0
TEXT
  8
1
 10
69.5615
 20
390.8228
 40
8.0000
 50
90.0000
  1
QUANTITY: 2
  7
STANDARD
  0
TEXT
  8
1
 10
8.9985
 20
68.6138
 40
5.0000
 50
0.0000
  1
COMMENT: 3.7/三つ折り
  7
STANDARD
  0
TEXT
  8
1
 10
7.4712
 20
129.1519
 40
6.0000
 50
0.0000
  1
COMMENT: 25mmステッチ
  7
STANDARD
  0
TEXT
  8
1
 10
28.6987
 20
324.0239
 40
6.0000
 50
90.0002
  1
COMMENT: コバステッチ
  7
STANDARD
  0
TEXT
  8
1
 10
2.7461
 20
341.8008
 40
5.0000
 50
269.9998
  1
COMMENT: 1.0/切替高
  7
STANDARD
  0
TEXT
  8
1
 10
48.3501
 20
315.2471
 40
5.0000
 50
90.0002
  1
COMMENT: 1.0/切替高
  7
STANDARD
  0
TEXT
  8
1
 10
13.1685
 20
508.3159
 40
6.0000
 50
0.0000
  1
COMMENT: 1.0/割り
  7
STANDARD
  0
POLYLINE
999
1
  8
1
 66
1
 70
0
  0
VERTEX
999
1,1,,1
  8
1
 10
0.0000
 20
50.0000
  0
VERTEX
999
1,2,1
  8
1
 10
0.0000
 20
87.0000
 38
10.0171
 50
0.0000
  0
VERTEX
999
1,1,,2
  8
1
 10
0.0000
 20
515.8135
  0
VERTEX
999
1,1,,3
  8
1
 10
50.0000
 20
515.8135
  0
VERTEX
999
1,2,1
  8
1
 10
50.0000
 20
87.0000
 38
10.0171
 50
180.0000
  0
VERTEX
999
1,1,,4
  8
1
 10
50.0000
 20
50.0000
  0
VERTEX
999
1,1,,5
  8
1
 10
0.0000
 20
50.0000
  0
SEQEND
  0
POLYLINE
999
2
  8
1
 66
1
 70
0
  0
VERTEX
999
2,1,,6
  8
1
 10
10.0000
 20
87.0000
  0
VERTEX
999
2,1,,7
  8
1
 10
10.0000
 20
505.8135
  0
VERTEX
999
2,1,,8
  8
1
 10
40.0000
 20
505.8135
  0
VERTEX
999
2,1,,9
  8
1
 10
40.0000
 20
87.0000
  0
VERTEX
999
2,1,,10
  8
1
 10
10.0000
 20
87.0000
  0
SEQEND
  0
LINE
999
5,1,,11
  8
1
 10
10.0000
 20
87.0000
 11
20.0171
 21
87.0000
  0
LINE
999
5,1,,13
  8
1
 10
40.0000
 20
87.0000
 11
29.9829
 21
87.0000
  0
LINE
999
5,1,,15
  8
1
 10
20.1436
 20
112.0000
 11
31.7373
 21
129.2725
  0
LINE
999
5,1,,17
  8
1
  6
1
 10
11.5000
 20
505.8135
 11
11.5000
 21
87.0000
  0
LINE
999
5,1,,19
  8
1
 10
25.0000
 20
87.0000
 11
31.7373
 21
129.2725
  0
LINE
999
5,1,,21
  8
1
  6
1
 10
10.0000
 20
112.0000
 11
40.0000
 21
112.0000
  0
LINE
999
5,1,,23
  8
1
  6
1
 10
38.5000
 20
87.0000
 11
38.5000
 21
505.8135
  0
LINE
999
3,1,,25
  8
1
 10
24.0049
 20
515.8135
 11
25.2764
 21
50.0000
  0
LINE
999
5,1,,25
  8
1
 10
11.5000
 20
302.9946
 11
26.1606
 21
322.2114
  0
LINE
999
5,1,,27
  8
1
 10
11.5000
 20
302.9946
 11
14.3135
 21
312.5908
  0
LINE
999
5,1,,29
  8
1
 10
38.5000
 20
302.9946
 11
26.1606
 21
322.2114
  0
LINE
999
5,1,,31
  8
1
 10
38.5000
 20
302.9946
 11
36.4712
 21
312.7866
  0
ENDBLK
  0
BLOCK
  8
1
  2
P0023_06
 70
64
 10
0.0000
 20
0.0000
  0
TEXT
  8
1
 10
41.9614
 20
370.8228
 40
8.0000
 50
90.0000
  1
PIECE: 脇切替え下
  7
STANDARD
  0
TEXT
  8
1
 10
51.1614
 20
370.8228
 40
8.0000
 50
90.0000
  1
SIZE: L
  7
STANDARD
  0
TEXT
  8
1
 10
60.3615
 20
370.8228
 40
8.0000
 50
90.0000
  1
FABRIC: 別布
  7
STANDARD
  0
TEXT
  8
1
 10
69.5615
 20
370.8228
 40
8.0000
 50
90.0000
  1
QUANTITY: 2
  7
STANDARD
  0
TEXT
  8
1
 10
8.9985
 20
38.6138
 40
5.0000
 50
0.0000
  1
COMMENT: 3.7/三つ折り
  7
STANDARD
  0
TEXT
  8
1
 10
7.4712
 20
99.1519
 40
6.0000
 50
0.0000
  1
COMMENT: 25mmステッチ
  7
STANDARD
  0
TEXT
  8
1
 10
28.6987
 20
304.0239
 40
6.0000
 50
90.0002
  1
COMMENT: コバステッチ
  7
STANDARD
  0
TEXT
  8
1
 10
2.7461
 20
321.8008
 40
5.0000
 50
269.9998
  1
COMMENT: 1.0/切替高
  7
STANDARD
  0
TEXT
  8
1
 10
48.3501
 20
295.2471
 40
5.0000
 50
90.0002
  1
COMMENT: 1.0/切替高
  7
STANDARD
  0
TEXT
  8
1
 10
13.1685
 20
488.3159
 40
6.0000
 50
0.0000
  1
COMMENT: 1.0/割り
  7
STANDARD
  0
POLYLINE
999
1
  8
1
 66
1
 70
0
  0
VERTEX
999
1,1,,1
  8
1
 10
0.0000
 20
20.0000
  0
VERTEX
999
1,2,1
  8
1
 10
0.0000
 20
57.0000
 38
10.0171
 50
0.0000
  0
VERTEX
999
1,1,,2
  8
1
 10
0.0000
 20
495.8135
  0
VERTEX
999
1,1,,3
  8
1
 10
50.0000
 20
495.8135
  0
VERTEX
999
1,2,1
  8
1
 10
50.0000
 20
57.0000
 38
10.0171
 50
180.0000
  0
VERTEX
999
1,1,,4
  8
1
 10
50.0000
 20
20.0000
  0
VERTEX
999
1,1,,5
  8
1
 10
0.0000
 20
20.0000
  0
SEQEND
  0
POLYLINE
999
2
  8
1
 66
1
 70
0
  0
VERTEX
999
2,1,,6
  8
1
 10
10.0000
 20
57.0000
  0
VERTEX
999
2,1,,7
  8
1
 10
10.0000
 20
485.8135
  0
VERTEX
999
2,1,,8
  8
1
 10
40.0000
 20
485.8135
  0
VERTEX
999
2,1,,9
  8
1
 10
40.0000
 20
57.0000
  0
VERTEX
999
2,1,,10
  8
1
 10
10.0000
 20
57.0000
  0
SEQEND
  0
LINE
999
5,1,,11
  8
1
 10
10.0000
 20
57.0000
 11
20.0171
 21
57.0000
  0
LINE
999
5,1,,13
  8
1
 10
40.0000
 20
57.0000
 11
29.9829
 21
57.0000
  0
LINE
999
5,1,,15
  8
1
 10
20.1436
 20
82.0000
 11
31.7373
 21
99.2725
  0
LINE
999
5,1,,17
  8
1
  6
1
 10
11.5000
 20
485.8135
 11
11.5000
 21
57.0000
  0
LINE
999
5,1,,19
  8
1
 10
25.0000
 20
57.0000
 11
31.7373
 21
99.2725
  0
LINE
999
5,1,,21
  8
1
  6
1
 10
10.0000
 20
82.0000
 11
40.0000
 21
82.0000
  0
LINE
999
5,1,,23
  8
1
  6
1
 10
38.5000
 20
57.0000
 11
38.5000
 21
485.8135
  0
LINE
999
3,1,,25
  8
1
 10
24.0078
 20
495.8135
 11
25.2666
 21
20.0000
  0
LINE
999
5,1,,25
  8
1
 10
11.5000
 20
282.9946
 11
26.1606
 21
302.2114
  0
LINE
999
5,1,,27
  8
1
 10
11.5000
 20
282.9946
 11
14.3135
 21
292.5908
  0
LINE
999
5,1,,29
  8
1
 10
38.5000
 20
282.9946
 11
26.1606
 21
302.2114
  0
LINE
999
5,1,,31
  8
1
 10
38.5000
 20
282.9946
 11
36.4712
 21
292.7866
  0
ENDBLK
  0
BLOCK
  8
1
  2
P0024_07
 70
64
 10
0.0000
 20
0.0000
  0
TEXT
  8
1
 10
41.9614
 20
360.8228
 40
8.0000
 50
90.0000
  1
PIECE: 脇切替え下
  7
STANDARD
  0
TEXT
  8
1
 10
51.1614
 20
360.8228
 40
8.0000
 50
90.0000
  1
SIZE: XL
  7
STANDARD
  0
TEXT
  8
1
 10
60.3615
 20
360.8228
 40
8.0000
 50
90.0000
  1
FABRIC: 別布
  7
STANDARD
  0
TEXT
  8
1
 10
69.5615
 20
360.8228
 40
8.0000
 50
90.0000
  1
QUANTITY: 2
  7
STANDARD
  0
TEXT
  8
1
 10
8.9985
 20
28.6138
 40
5.0000
 50
0.0000
  1
COMMENT: 3.7/三つ折り
  7
STANDARD
  0
TEXT
  8
1
 10
7.4712
 20
89.1519
 40
6.0000
 50
0.0000
  1
COMMENT: 25mmステッチ
  7
STANDARD
  0
TEXT
  8
1
 10
28.6987
 20
294.0239
 40
6.0000
 50
90.0002
  1
COMMENT: コバステッチ
  7
STANDARD
  0
TEXT
  8
1
 10
2.7461
 20
311.8008
 40
5.0000
 50
269.9998
  1
COMMENT: 1.0/切替高
  7
STANDARD
  0
TEXT
  8
1
 10
48.3501
 20
285.2471
 40
5.0000
 50
90.0002
  1
COMMENT: 1.0/切替高
  7
STANDARD
  0
TEXT
  8
1
 10
13.1685
 20
478.3159
 40
6.0000
 50
0.0000
  1
COMMENT: 1.0/割り
  7
STANDARD
  0
POLYLINE
999
1
  8
1
 66
1
 70
0
  0
VERTEX
999
1,1,,1
  8
1
 10
0.0000
 20
10.0000
  0
VERTEX
999
1,2,1
  8
1
 10
0.0000
 20
47.0000
 38
10.0171
 50
0.0000
  0
VERTEX
999
1,1,,2
  8
1
 10
0.0000
 20
485.8135
  0
VERTEX
999
1,1,,3
  8
1
 10
50.0000
 20
485.8135
  0
VERTEX
999
1,2,1
  8
1
 10
50.0000
 20
47.0000
 38
10.0171
 50
180.0000
  0
VERTEX
999
1,1,,4
  8
1
 10
50.0000
 20
10.0000
  0
VERTEX
999
1,1,,5
  8
1
 10
0.0000
 20
10.0000
  0
SEQEND
  0
POLYLINE
999
2
  8
1
 66
1
 70
0
  0
VERTEX
999
2,1,,6
  8
1
 10
10.0000
 20
47.0000
  0
VERTEX
999
2,1,,7
  8
1
 10
10.0000
 20
475.8135
  0
VERTEX
999
2,1,,8
  8
1
 10
40.0000
 20
475.8135
  0
VERTEX
999
2,1,,9
  8
1
 10
40.0000
 20
47.0000
  0
VERTEX
999
2,1,,10
  8
1
 10
10.0000
 20
47.0000
  0
SEQEND
  0
LINE
999
5,1,,11
  8
1
 10
10.0000
 20
47.0000
 11
20.0171
 21
47.0000
  0
LINE
999
5,1,,13
  8
1
 10
40.0000
 20
47.0000
 11
29.9829
 21
47.0000
  0
LINE
999
5,1,,15
  8
1
 10
20.1436
 20
72.0000
 11
31.7373
 21
89.2725
  0
LINE
999
5,1,,17
  8
1
  6
1
 10
11.5000
 20
475.8135
 11
11.5000
 21
47.0000
  0
LINE
999
5,1,,19
  8
1
 10
25.0000
 20
47.0000
 11
31.7373
 21
89.2725
  0
LINE
999
5,1,,21
  8
1
  6
1
 10
10.0000
 20
72.0000
 11
40.0000
 21
72.0000
  0
LINE
999
5,1,,23
  8
1
  6
1
 10
38.5000
 20
47.0000
 11
38.5000
 21
475.8135
  0
LINE
999
3,1,,25
  8
1
 10
24.0078
 20
485.8135
 11
25.2666
 21
10.0000
  0
LINE
999
5,1,,25
  8
1
 10
11.5000
 20
272.9946
 11
26.1606
 21
292.2114
  0
LINE
999
5,1,,27
  8
1
 10
11.5000
 20
272.9946
 11
14.3135
 21
282.5908
  0
LINE
999
5,1,,29
  8
1
 10
38.5000
 20
272.9946
 11
26.1606
 21
292.2114
  0
LINE
999
5,1,,31
  8
1
 10
38.5000
 20
272.9946
 11
36.4712
 21
282.7866
  0
ENDBLK
  0
BLOCK
  8
1
  2
P0025_08
 70
64
 10
0.0000
 20
0.0000
  0
TEXT
  8
1
 10
41.9614
 20
350.8228
 40
8.0000
 50
90.0000
  1
PIECE: 脇切替え下
  7
STANDARD
  0
TEXT
  8
1
 10
51.1614
 20
350.8228
 40
8.0000
 50
90.0000
  1
SIZE: XXL
  7
STANDARD
  0
TEXT
  8
1
 10
60.3615
 20
350.8228
 40
8.0000
 50
90.0000
  1
FABRIC: 別布
  7
STANDARD
  0
TEXT
  8
1
 10
69.5615
 20
350.8228
 40
8.0000
 50
90.0000
  1
QUANTITY: 2
  7
STANDARD
  0
TEXT
  8
1
 10
8.9985
 20
18.6138
 40
5.0000
 50
0.0000
  1
COMMENT: 3.7/三つ折り
  7
STANDARD
  0
TEXT
  8
1
 10
7.4712
 20
79.1519
 40
6.0000
 50
0.0000
  1
COMMENT: 25mmステッチ
  7
STANDARD
  0
TEXT
  8
1
 10
28.6987
 20
284.0239
 40
6.0000
 50
90.0002
  1
COMMENT: コバステッチ
  7
STANDARD
  0
TEXT
  8
1
 10
2.7461
 20
301.8008
 40
5.0000
 50
269.9998
  1
COMMENT: 1.0/切替高
  7
STANDARD
  0
TEXT
  8
1
 10
48.3501
 20
275.2471
 40
5.0000
 50
90.0002
  1
COMMENT: 1.0/切替高
  7
STANDARD
  0
TEXT
  8
1
 10
13.1685
 20
468.3159
 40
6.0000
 50
0.0000
  1
COMMENT: 1.0/割り
  7
STANDARD
  0
POLYLINE
999
1
  8
1
 66
1
 70
0
  0
VERTEX
999
1,1,,1
  8
1
 10
0.0000
 20
0.0000
  0
VERTEX
999
1,2,1
  8
1
 10
0.0000
 20
37.0000
 38
10.0171
 50
0.0000
  0
VERTEX
999
1,1,,2
  8
1
 10
0.0000
 20
475.8135
  0
VERTEX
999
1,1,,3
  8
1
 10
50.0000
 20
475.8135
  0
VERTEX
999
1,2,1
  8
1
 10
50.0000
 20
37.0000
 38
10.0171
 50
180.0000
  0
VERTEX
999
1,1,,4
  8
1
 10
50.0000
 20
0.0000
  0
VERTEX
999
1,1,,5
  8
1
 10
0.0000
 20
0.0000
  0
SEQEND
  0
POLYLINE
999
2
  8
1
 66
1
 70
0
  0
VERTEX
999
2,1,,6
  8
1
 10
10.0000
 20
37.0000
  0
VERTEX
999
2,1,,7
  8
1
 10
10.0000
 20
465.8135
  0
VERTEX
999
2,1,,8
  8
1
 10
40.0000
 20
465.8135
  0
VERTEX
999
2,1,,9
  8
1
 10
40.0000
 20
37.0000
  0
VERTEX
999
2,1,,10
  8
1
 10
10.0000
 20
37.0000
  0
SEQEND
  0
LINE
999
5,1,,11
  8
1
 10
10.0000
 20
37.0000
 11
20.0171
 21
37.0000
  0
LINE
999
5,1,,13
  8
1
 10
40.0000
 20
37.0000
 11
29.9829
 21
37.0000
  0
LINE
999
5,1,,15
  8
1
 10
20.1436
 20
62.0000
 11
31.7373
 21
79.2725
  0
LINE
999
5,1,,17
  8
1
  6
1
 10
11.5000
 20
465.8135
 11
11.5000
 21
37.0000
  0
LINE
999
5,1,,19
  8
1
 10
25.0000
 20
37.0000
 11
31.7373
 21
79.2725
  0
LINE
999
5,1,,21
  8
1
  6
1
 10
10.0000
 20
62.0000
 11
40.0000
 21
62.0000
  0
LINE
999
5,1,,23
  8
1
  6
1
 10
38.5000
 20
37.0000
 11
38.5000
 21
465.8135
  0
LINE
999
3,1,,25
  8
1
 10
24.0078
 20
475.8135
 11
25.2666
 21
0.0000
  0
LINE
999
5,1,,25
  8
1
 10
11.5000
 20
262.9946
 11
26.1606
 21
282.2114
  0
LINE
999
5,1,,27
  8
1
 10
11.5000
 20
262.9946
 11
14.3135
 21
272.5908
  0
LINE
999
5,1,,29
  8
1
 10
38.5000
 20
262.9946
 11
26.1606
 21
282.2114
  0
LINE
999
5,1,,31
  8
1
 10
38.5000
 20
262.9946
 11
36.4712
 21
272.7866
  0
ENDBLK
  0
BLOCK
  8
1
  2
P0026_04
 70
64
 10
0.0000
 20
0.0000
  0
TEXT
  8
1
 10
43.2290
 20
308.1929
 40
8.0000
 50
90.0000
  1
PIECE: 脇切替え上
  7
STANDARD
  0
TEXT
  8
1
 10
52.4290
 20
308.1929
 40
8.0000
 50
90.0000
  1
SIZE: S
  7
STANDARD
  0
TEXT
  8
1
 10
61.6290
 20
308.1929
 40
8.0000
 50
90.0000
  1
FABRIC: 別布
  7
STANDARD
  0
TEXT
  8
1
 10
70.8290
 20
308.1929
 40
8.0000
 50
90.0000
  1
QUANTITY: 2
  7
STANDARD
  0
TEXT
  8
1
 10
0.7134
 20
400.9556
 40
5.0000
 50
269.9998
  1
COMMENT: 1.0/切替高
  7
STANDARD
  0
TEXT
  8
1
 10
28.6987
 20
260.2554
 40
6.0000
 50
90.0002
  1
COMMENT: コバステッチ
  7
STANDARD
  0
TEXT
  8
1
 10
8.9014
 20
660.4155
 40
5.0000
 50
8.5147
  1
COMMENT: 1.0/ベルト高
  7
STANDARD
  0
TEXT
  8
1
 10
48.9360
 20
373.3999
 40
5.0000
 50
90.0002
  1
COMMENT: 1.0/切替高
  7
STANDARD
  0
TEXT
  8
1
 10
12.8394
 20
57.0728
 40
6.0000
 50
0.0000
  1
COMMENT: 1.0/割り
  7
STANDARD
  0
POLYLINE
999
1
  8
1
 66
1
 70
0
  0
VERTEX
999
1,1,,1
  8
1
 10
50.0000
 20
55.0000
  0
VERTEX
999
1,1,,2
  8
1
 10
0.0000
 20
55.0000
  0
VERTEX
999
1,2,1
  8
1
 10
0.0000
 20
106.2266
 38
10.0171
 50
0.0000
  0
VERTEX
999
1,1,,3
  8
1
 10
0.0000
 20
668.2891
  0
VERTEX
999
1,1,,4
  8
1
 10
10.0000
 20
668.2891
  0
VERTEX
999
1,2
  8
1
 10
23.9907
 20
670.3896
  0
VERTEX
999
1,1,,5
  8
1
 10
37.8706
 20
672.9570
  0
VERTEX
999
1,1,,6
  8
1
 10
40.0000
 20
673.4229
  0
VERTEX
999
1,1,,7
  8
1
 10
50.0000
 20
673.4229
  0
VERTEX
999
1,2,1
  8
1
 10
50.0000
 20
106.2266
 38
10.0171
 50
180.0000
  0
VERTEX
999
1,1,,8
  8
1
 10
50.0000
 20
55.0000
  0
SEQEND
  0
POLYLINE
999
2
  8
1
 66
1
 70
0
  0
VERTEX
999
2,1,,9
  8
1
 10
10.0000
 20
65.0000
  0
VERTEX
999
2,1,,10
  8
1
 10
10.0000
 20
658.1865
  0
VERTEX
999
2,2
  8
1
 10
25.0439
 20
660.4321
  0
VERTEX
999
2,1,,11
  8
1
 10
40.0000
 20
663.1865
  0
VERTEX
999
2,1,,12
  8
1
 10
40.0000
 20
65.0000
  0
VERTEX
999
2,1,,13
  8
1
 10
10.0000
 20
65.0000
  0
SEQEND
  0
LINE
999
5,1,,14
  8
1
 10
10.0000
 20
106.2266
 11
20.0171
 21
106.2266
  0
LINE
999
5,1,,16
  8
1
 10
40.0000
 20
106.2266
 11
29.9829
 21
106.2266
  0
LINE
999
5,1,,18
  8
1
 10
10.0000
 20
106.2266
 11
40.0000
 21
106.2266
  0
LINE
999
5,1,,20
  8
1
  6
1
 10
11.5000
 20
658.4019
 11
11.5000
 21
65.0000
  0
LINE
999
5,1,,22
  8
1
 10
40.0000
 20
406.2363
 11
10.0000
 21
406.2363
  0
LINE
999
5,1,,24
  8
1
  6
1
 10
38.5000
 20
65.0000
 11
38.5000
 21
662.8716
  0
LINE
999
3,1,,26
  8
1
 10
22.7002
 20
670.1826
 11
22.7002
 21
55.0000
  0
LINE
999
5,1,,26
  8
1
 10
38.5000
 20
239.2261
 11
26.1606
 21
258.4424
  0
LINE
999
5,1,,28
  8
1
 10
38.5000
 20
239.2261
 11
36.4712
 21
249.0181
  0
LINE
999
5,1,,30
  8
1
 10
11.5000
 20
239.2261
 11
26.1606
 21
258.4424
  0
LINE
999
5,1,,32
  8
1
 10
11.5000
 20
239.2261
 11
14.3135
 21
248.8223
  0
ENDBLK
  0
BLOCK
  8
1
  2
P0027_05
 70
64
 10
0.0000
 20
0.0000
  0
TEXT
  8
1
 10
43.2290
 20
298.1929
 40
8.0000
 50
90.0000
  1
PIECE: 脇切替え上
  7
STANDARD
  0
TEXT
  8
1
 10
52.4290
 20
298.1929
 40
8.0000
 50
90.0000
  1
SIZE: M
  7
STANDARD
  0
TEXT
  8
1
 10
61.6290
 20
298.1929
 40
8.0000
 50
90.0000
  1
FABRIC: 別布
  7
STANDARD
  0
TEXT
  8
1
 10
70.8290
 20
298.1929
 40
8.0000
 50
90.0000
  1
QUANTITY: 2
  7
STANDARD
  0
TEXT
  8
1
 10
0.7134
 20
390.9556
 40
5.0000
 50
269.9998
  1
COMMENT: 1.0/切替高
  7
STANDARD
  0
TEXT
  8
1
 10
28.6987
 20
250.2554
 40
6.0000
 50
90.0002
  1
COMMENT: コバステッチ
  7
STANDARD
  0
TEXT
  8
1
 10
8.9014
 20
660.4155
 40
5.0000
 50
8.5147
  1
COMMENT: 1.0/ベルト高
  7
STANDARD
  0
TEXT
  8
1
 10
48.9360
 20
363.3999
 40
5.0000
 50
90.0002
  1
COMMENT: 1.0/切替高
  7
STANDARD
  0
TEXT
  8
1
 10
12.8394
 20
42.0728
 40
6.0000
 50
0.0000
  1
COMMENT: 1.0/割り
  7
STANDARD
  0
POLYLINE
999
1
  8
1
 66
1
 70
0
  0
VERTEX
999
1,1,,1
  8
1
 10
50.0000
 20
40.0000
  0
VERTEX
999
1,1,,2
  8
1
 10
0.0000
 20
40.0000
  0
VERTEX
999
1,2,1
  8
1
 10
0.0000
 20
91.2266
 38
10.0171
 50
0.0000
  0
VERTEX
999
1,1,,3
  8
1
 10
0.0000
 20
668.2891
  0
VERTEX
999
1,1,,4
  8
1
 10
10.0000
 20
668.2891
  0
VERTEX
999
1,2
  8
1
 10
24.0020
 20
670.3921
  0
VERTEX
999
1,1,,5
  8
1
 10
37.9478
 20
672.9736
  0
VERTEX
999
1,1,,6
  8
1
 10
40.0000
 20
673.4048
  0
VERTEX
999
1,1,,7
  8
1
 10
50.0000
 20
673.4048
  0
VERTEX
999
1,2,1
  8
1
 10
50.0000
 20
91.2266
 38
10.0171
 50
180.0000
  0
VERTEX
999
1,1,,8
  8
1
 10
50.0000
 20
40.0000
  0
SEQEND
  0
POLYLINE
999
2
  8
1
 66
1
 70
0
  0
VERTEX
999
2,1,,9
  8
1
 10
10.0000
 20
50.0000
  0
VERTEX
999
2,1,,10
  8
1
 10
10.0000
 20
658.1865
  0
VERTEX
999
2,2
  8
1
 10
25.0439
 20
660.4321
  0
VERTEX
999
2,1,,11
  8
1
 10
40.0000
 20
663.1865
  0
VERTEX
999
2,1,,12
  8
1
 10
40.0000
 20
50.0000
  0
VERTEX
999
2,1,,13
  8
1
 10
10.0000
 20
50.0000
  0
SEQEND
  0
LINE
999
5,1,,14
  8
1
 10
10.0000
 20
91.2266
 11
20.0171
 21
91.2266
  0
LINE
999
5,1,,16
  8
1
 10
40.0000
 20
91.2266
 11
29.9829
 21
91.2266
  0
LINE
999
5,1,,18
  8
1
 10
10.0000
 20
91.2266
 11
40.0000
 21
91.2266
  0
LINE
999
5,1,,20
  8
1
  6
1
 10
11.5000
 20
658.4019
 11
11.5000
 21
50.0000
  0
LINE
999
5,1,,22
  8
1
 10
40.0000
 20
396.2363
 11
10.0000
 21
396.2363
  0
LINE
999
5,1,,24
  8
1
  6
1
 10
38.5000
 20
50.0000
 11
38.5000
 21
662.8716
  0
LINE
999
3,1,,26
  8
1
 10
22.7002
 20
670.1826
 11
22.7002
 21
40.0000
  0
LINE
999
5,1,,26
  8
1
 10
38.5000
 20
229.2261
 11
26.1606
 21
248.4424
  0
LINE
999
5,1,,28
  8
1
 10
38.5000
 20
229.2261
 11
36.4712
 21
239.0181
  0
LINE
999
5,1,,30
  8
1
 10
11.5000
 20
229.2261
 11
26.1606
 21
248.4424
  0
LINE
999
5,1,,32
  8
1
 10
11.5000
 20
229.2261
 11
14.3135
 21
238.8223
  0
ENDBLK
  0
BLOCK
  8
1
  2
P0028_06
 70
64
 10
0.0000
 20
0.0000
  0
TEXT
  8
1
 10
43.2290
 20
288.1929
 40
8.0000
 50
90.0000
  1
PIECE: 脇切替え上
  7
STANDARD
  0
TEXT
  8
1
 10
52.4290
 20
288.1929
 40
8.0000
 50
90.0000
  1
SIZE: L
  7
STANDARD
  0
TEXT
  8
1
 10
61.6290
 20
288.1929
 40
8.0000
 50
90.0000
  1
FABRIC: 別布
  7
STANDARD
  0
TEXT
  8
1
 10
70.8290
 20
288.1929
 40
8.0000
 50
90.0000
  1
QUANTITY: 2
  7
STANDARD
  0
TEXT
  8
1
 10
0.7134
 20
380.9556
 40
5.0000
 50
269.9998
  1
COMMENT: 1.0/切替高
  7
STANDARD
  0
TEXT
  8
1
 10
28.6987
 20
240.2554
 40
6.0000
 50
90.0002
  1
COMMENT: コバステッチ
  7
STANDARD
  0
TEXT
  8
1
 10
8.9014
 20
660.4155
 40
5.0000
 50
8.5147
  1
COMMENT: 1.0/ベルト高
  7
STANDARD
  0
TEXT
  8
1
 10
48.9360
 20
353.3999
 40
5.0000
 50
90.0002
  1
COMMENT: 1.0/切替高
  7
STANDARD
  0
TEXT
  8
1
 10
12.8394
 20
22.0728
 40
6.0000
 50
0.0000
  1
COMMENT: 1.0/割り
  7
STANDARD
  0
POLYLINE
999
1
  8
1
 66
1
 70
0
  0
VERTEX
999
1,1,,1
  8
1
 10
50.0000
 20
20.0000
  0
VERTEX
999
1,1,,2
  8
1
 10
0.0000
 20
20.0000
  0
VERTEX
999
1,2,1
  8
1
 10
0.0000
 20
71.2266
 38
10.0171
 50
0.0000
  0
VERTEX
999
1,1,,3
  8
1
 10
0.0000
 20
668.2891
  0
VERTEX
999
1,1,,4
  8
1
 10
10.0000
 20
668.2891
  0
VERTEX
999
1,2
  8
1
 10
23.9971
 20
670.3906
  0
VERTEX
999
1,2
  8
1
 10
37.9121
 20
672.9658
  0
VERTEX
999
1,1,,5
  8
1
 10
38.0190
 20
672.9883
  0
VERTEX
999
1,1,,6
  8
1
 10
40.0000
 20
673.3892
  0
VERTEX
999
1,1,,7
  8
1
 10
50.0000
 20
673.3892
  0
VERTEX
999
1,2,1
  8
1
 10
50.0000
 20
71.2266
 38
10.0171
 50
180.0000
  0
VERTEX
999
1,1,,8
  8
1
 10
50.0000
 20
20.0000
  0
SEQEND
  0
POLYLINE
999
2
  8
1
 66
1
 70
0
  0
VERTEX
999
2,1,,9
  8
1
 10
10.0000
 20
30.0000
  0
VERTEX
999
2,1,,10
  8
1
 10
10.0000
 20
658.1865
  0
VERTEX
999
2,2
  8
1
 10
25.0439
 20
660.4321
  0
VERTEX
999
2,1,,11
  8
1
 10
40.0000
 20
663.1865
  0
VERTEX
999
2,1,,12
  8
1
 10
40.0000
 20
30.0000
  0
VERTEX
999
2,1,,13
  8
1
 10
10.0000
 20
30.0000
  0
SEQEND
  0
LINE
999
5,1,,14
  8
1
 10
10.0000
 20
71.2266
 11
20.0171
 21
71.2266
  0
LINE
999
5,1,,16
  8
1
 10
40.0000
 20
71.2266
 11
29.9829
 21
71.2266
  0
LINE
999
5,1,,18
  8
1
 10
10.0000
 20
71.2266
 11
40.0000
 21
71.2266
  0
LINE
999
5,1,,20
  8
1
  6
1
 10
11.5000
 20
658.4019
 11
11.5000
 21
30.0000
  0
LINE
999
5,1,,22
  8
1
 10
40.0000
 20
386.2363
 11
10.0000
 21
386.2363
  0
LINE
999
5,1,,24
  8
1
  6
1
 10
38.5000
 20
30.0000
 11
38.5000
 21
662.8716
  0
LINE
999
3,1,,26
  8
1
 10
22.7002
 20
670.1826
 11
22.7002
 21
20.0000
  0
LINE
999
5,1,,26
  8
1
 10
38.5000
 20
219.2261
 11
26.1606
 21
238.4424
  0
LINE
999
5,1,,28
  8
1
 10
38.5000
 20
219.2261
 11
36.4712
 21
229.0181
  0
LINE
999
5,1,,30
  8
1
 10
11.5000
 20
219.2261
 11
26.1606
 21
238.4424
  0
LINE
999
5,1,,32
  8
1
 10
11.5000
 20
219.2261
 11
14.3135
 21
228.8223
  0
ENDBLK
  0
BLOCK
  8
1
  2
P0029_07
 70
64
 10
0.0000
 20
0.0000
  0
TEXT
  8
1
 10
43.2290
 20
278.1929
 40
8.0000
 50
90.0000
  1
PIECE: 脇切替え上
  7
STANDARD
  0
TEXT
  8
1
 10
52.4290
 20
278.1929
 40
8.0000
 50
90.0000
  1
SIZE: XL
  7
STANDARD
  0
TEXT
  8
1
 10
61.6290
 20
278.1929
 40
8.0000
 50
90.0000
  1
FABRIC: 別布
  7
STANDARD
  0
TEXT
  8
1
 10
70.8290
 20
278.1929
 40
8.0000
 50
90.0000
  1
QUANTITY: 2
  7
STANDARD
  0
TEXT
  8
1
 10
0.7134
 20
370.9556
 40
5.0000
 50
269.9998
  1
COMMENT: 1.0/切替高
  7
STANDARD
  0
TEXT
  8
1
 10
28.6987
 20
230.2554
 40
6.0000
 50
90.0002
  1
COMMENT: コバステッチ
  7
STANDARD
  0
TEXT
  8
1
 10
8.9014
 20
660.4155
 40
5.0000
 50
8.5147
  1
COMMENT: 1.0/ベルト高
  7
STANDARD
  0
TEXT
  8
1
 10
48.9360
 20
343.3999
 40
5.0000
 50
90.0002
  1
COMMENT: 1.0/切替高
  7
STANDARD
  0
TEXT
  8
1
 10
12.8394
 20
12.0728
 40
6.0000
 50
0.0000
  1
COMMENT: 1.0/割り
  7
STANDARD
  0
POLYLINE
999
1
  8
1
 66
1
 70
0
  0
VERTEX
999
1,1,,1
  8
1
 10
50.0000
 20
10.0000
  0
VERTEX
999
1,1,,2
  8
1
 10
0.0000
 20
10.0000
  0
VERTEX
999
1,2,1
  8
1
 10
0.0000
 20
61.2266
 38
10.0171
 50
0.0000
  0
VERTEX
999
1,1,,3
  8
1
 10
0.0000
 20
668.2891
  0
VERTEX
999
1,1,,4
  8
1
 10
10.0000
 20
668.2891
  0
VERTEX
999
1,2
  8
1
 10
23.9971
 20
670.3906
  0
VERTEX
999
1,2
  8
1
 10
37.9121
 20
672.9658
  0
VERTEX
999
1,1,,5
  8
1
 10
38.0840
 20
673.0020
  0
VERTEX
999
1,1,,6
  8
1
 10
40.0010
 20
673.3755
  0
VERTEX
999
1,1,,7
  8
1
 10
50.0000
 20
673.3750
  0
VERTEX
999
1,2,1
  8
1
 10
50.0000
 20
61.2266
 38
10.0171
 50
180.0000
  0
VERTEX
999
1,1,,8
  8
1
 10
50.0000
 20
10.0000
  0
SEQEND
  0
POLYLINE
999
2
  8
1
 66
1
 70
0
  0
VERTEX
999
2,1,,9
  8
1
 10
10.0000
 20
20.0000
  0
VERTEX
999
2,1,,10
  8
1
 10
10.0000
 20
658.1865
  0
VERTEX
999
2,2
  8
1
 10
25.0439
 20
660.4321
  0
VERTEX
999
2,1,,11
  8
1
 10
40.0000
 20
663.1865
  0
VERTEX
999
2,1,,12
  8
1
 10
40.0000
 20
20.0000
  0
VERTEX
999
2,1,,13
  8
1
 10
10.0000
 20
20.0000
  0
SEQEND
  0
LINE
999
5,1,,14
  8
1
 10
10.0000
 20
61.2266
 11
20.0171
 21
61.2266
  0
LINE
999
5,1,,16
  8
1
 10
40.0000
 20
61.2266
 11
29.9829
 21
61.2266
  0
LINE
999
5,1,,18
  8
1
 10
10.0000
 20
61.2266
 11
40.0000
 21
61.2266
  0
LINE
999
5,1,,20
  8
1
  6
1
 10
11.5000
 20
658.4019
 11
11.5000
 21
20.0000
  0
LINE
999
5,1,,22
  8
1
 10
40.0000
 20
376.2363
 11
10.0000
 21
376.2363
  0
LINE
999
5,1,,24
  8
1
  6
1
 10
38.5000
 20
20.0000
 11
38.5000
 21
662.8716
  0
LINE
999
3,1,,26
  8
1
 10
22.7002
 20
670.1826
 11
22.7002
 21
10.0000
  0
LINE
999
5,1,,26
  8
1
 10
38.5000
 20
209.2261
 11
26.1606
 21
228.4424
  0
LINE
999
5,1,,28
  8
1
 10
38.5000
 20
209.2261
 11
36.4712
 21
219.0181
  0
LINE
999
5,1,,30
  8
1
 10
11.5000
 20
209.2261
 11
26.1606
 21
228.4424
  0
LINE
999
5,1,,32
  8
1
 10
11.5000
 20
209.2261
 11
14.3135
 21
218.8223
  0
ENDBLK
  0
BLOCK
  8
1
  2
P0030_08
 70
64
 10
0.0000
 20
0.0000
  0
TEXT
  8
1
 10
43.2290
 20
268.1929
 40
8.0000
 50
90.0000
  1
PIECE: 脇切替え上
  7
STANDARD
  0
TEXT
  8
1
 10
52.4290
 20
268.1929
 40
8.0000
 50
90.0000
  1
SIZE: XXL
  7
STANDARD
  0
TEXT
  8
1
 10
61.6290
 20
268.1929
 40
8.0000
 50
90.0000
  1
FABRIC: 別布
  7
STANDARD
  0
TEXT
  8
1
 10
70.8290
 20
268.1929
 40
8.0000
 50
90.0000
  1
QUANTITY: 2
  7
STANDARD
  0
TEXT
  8
1
 10
0.7134
 20
360.9556
 40
5.0000
 50
269.9998
  1
COMMENT: 1.0/切替高
  7
STANDARD
  0
TEXT
  8
1
 10
28.6987
 20
220.2554
 40
6.0000
 50
90.0002
  1
COMMENT: コバステッチ
  7
STANDARD
  0
TEXT
  8
1
 10
8.9014
 20
660.4155
 40
5.0000
 50
8.5147
  1
COMMENT: 1.0/ベルト高
  7
STANDARD
  0
TEXT
  8
1
 10
48.9360
 20
333.3999
 40
5.0000
 50
90.0002
  1
COMMENT: 1.0/切替高
  7
STANDARD
  0
TEXT
  8
1
 10
12.8394
 20
2.0728
 40
6.0000
 50
0.0000
  1
COMMENT: 1.0/割り
  7
STANDARD
  0
POLYLINE
999
1
  8
1
 66
1
 70
0
  0
VERTEX
999
1,1,,1
  8
1
 10
50.0000
 20
0.0000
  0
VERTEX
999
1,1,,2
  8
1
 10
0.0000
 20
0.0000
  0
VERTEX
999
1,2,1
  8
1
 10
0.0000
 20
51.2266
 38
10.0171
 50
0.0000
  0
VERTEX
999
1,1,,3
  8
1
 10
0.0000
 20
668.2891
  0
VERTEX
999
1,1,,4
  8
1
 10
10.0000
 20
668.2891
  0
VERTEX
999
1,2
  8
1
 10
23.9971
 20
670.3906
  0
VERTEX
999
1,2
  8
1
 10
37.9121
 20
672.9658
  0
VERTEX
999
1,1,,5
  8
1
 10
38.1450
 20
673.0146
  0
VERTEX
999
1,1,,6
  8
1
 10
39.9995
 20
673.3628
  0
VERTEX
999
1,1,,7
  8
1
 10
50.0000
 20
673.3628
  0
VERTEX
999
1,2,1
  8
1
 10
50.0000
 20
51.2266
 38
10.0171
 50
180.0000
  0
VERTEX
999
1,1,,8
  8
1
 10
50.0000
 20
0.0000
  0
SEQEND
  0
POLYLINE
999
2
  8
1
 66
1
 70
0
  0
VERTEX
999
2,1,,9
  8
1
 10
10.0000
 20
10.0000
  0
VERTEX
999
2,1,,10
  8
1
 10
10.0000
 20
658.1865
  0
VERTEX
999
2,2
  8
1
 10
25.0439
 20
660.4321
  0
VERTEX
999
2,1,,11
  8
1
 10
40.0000
 20
663.1865
  0
VERTEX
999
2,1,,12
  8
1
 10
40.0000
 20
10.0000
  0
VERTEX
999
2,1,,13
  8
1
 10
10.0000
 20
10.0000
  0
SEQEND
  0
LINE
999
5,1,,14
  8
1
 10
10.0000
 20
51.2266
 11
20.0171
 21
51.2266
  0
LINE
999
5,1,,16
  8
1
 10
40.0000
 20
51.2266
 11
29.9829
 21
51.2266
  0
LINE
999
5,1,,18
  8
1
 10
10.0000
 20
51.2266
 11
40.0000
 21
51.2266
  0
LINE
999
5,1,,20
  8
1
  6
1
 10
11.5000
 20
658.4019
 11
11.5000
 21
10.0000
  0
LINE
999
5,1,,22
  8
1
 10
40.0000
 20
366.2363
 11
10.0000
 21
366.2363
  0
LINE
999
5,1,,24
  8
1
  6
1
 10
38.5000
 20
10.0000
 11
38.5000
 21
662.8716
  0
LINE
999
3,1,,26
  8
1
 10
22.7002
 20
670.1826
 11
22.7002
 21
0.0000
  0
LINE
999
5,1,,26
  8
1
 10
38.5000
 20
199.2261
 11
26.1606
 21
218.4424
  0
LINE
999
5,1,,28
  8
1
 10
38.5000
 20
199.2261
 11
36.4712
 21
209.0181
  0
LINE
999
5,1,,30
  8
1
 10
11.5000
 20
199.2261
 11
26.1606
 21
218.4424
  0
LINE
999
5,1,,32
  8
1
 10
11.5000
 20
199.2261
 11
14.3135
 21
208.8223
  0
ENDBLK
  0
BLOCK
  8
1
  2
P0031_04
 70
64
 10
0.0000
 20
0.0000
  0
TEXT
  8
1
 10
219.3232
 20
347.1890
 40
8.0000
 50
0.0000
  1
PIECE: 前身頃上
  7
STANDARD
  0
TEXT
  8
1
 10
219.3232
 20
337.9890
 40
8.0000
 50
0.0000
  1
SIZE: S
  7
STANDARD
  0
TEXT
  8
1
 10
219.3232
 20
328.7889
 40
8.0000
 50
0.0000
  1
FABRIC: 表生地
  7
STANDARD
  0
TEXT
  8
1
 10
219.3232
 20
319.5889
 40
8.0000
 50
0.0000
  1
QUANTITY: 1
  7
STANDARD
  0
TEXT
  8
1
 10
157.5498
 20
56.6597
 40
5.0000
 50
0.0000
  1
COMMENT: 1.0/割り
  7
STANDARD
  0
TEXT
  8
1
 10
59.3931
 20
253.3955
 40
5.0000
 50
276.4352
  1
COMMENT: 1.0/割り
  7
STANDARD
  0
TEXT
  8
1
 10
205.0264
 20
247.1548
 40
5.0000
 50
0.0000
  1
COMMENT: センタープリーツ
  7
STANDARD
  0
TEXT
  8
1
 10
205.0264
 20
242.1548
 40
5.0000
 50
0.0000
  1
COMMENT: つまみステッチ
  7
STANDARD
  0
TEXT
  8
1
 10
91.7700
 20
545.6694
 40
6.0000
 50
0.0000
  1
COMMENT: コバステッチ
  7
STANDARD
  0
TEXT
  8
1
 10
74.9990
 20
539.8223
 40
5.0000
 50
262.9083
  1
COMMENT: 1.0/左高
  7
STANDARD
  0
TEXT
  8
1
 10
193.3892
 20
641.9204
 40
5.0000
 50
2.5227
  1
COMMENT: 1.0/ベルト高
  7
STANDARD
  0
TEXT
  8
1
 10
310.3389
 20
372.5825
 40
5.0000
 50
83.5842
  1
COMMENT: 1.0/切替高
  7
STANDARD
  0
TEXT
  8
1
 10
266.1231
 20
574.0496
 40
5.0000
 50
284.4469
  1
COMMENT: 1.5cm×17cm務歯出しポケット
  7
STANDARD
  0
TEXT
  8
1
 10
261.2813
 20
572.8022
 40
5.0000
 50
284.4469
  1
COMMENT: 16cmファスナー付け
  7
STANDARD
  0
TEXT
  8
1
 10
223.5161
 20
541.5840
 40
6.0000
 50
0.0000
  1
COMMENT: コバステッチ
  7
STANDARD
  0
TEXT
  8
1
 10
262.4834
 20
593.4136
 40
5.0000
 50
283.5342
  1
COMMENT: OPEN
  7
STANDARD
  0
TEXT
  8
1
 10
200.4473
 20
613.5869
 40
6.0000
 50
0.0000
  1
COMMENT: 右のみループ
  7
STANDARD
  0
TEXT
  8
1
 10
200.4473
 20
607.5869
 40
6.0000
 50
0.0000
  1
COMMENT: 挟み込み
  7
STANDARD
  0
POLYLINE
999
1
  8
1
 66
1
 70
0
  0
VERTEX
999
1,1,,1
  8
1
 10
290.8740
 20
64.9995
  0
VERTEX
999
1,1,,2
  8
1
 10
290.8618
 20
55.0000
  0
VERTEX
999
1,2,1
  8
1
 10
187.2734
 20
55.0000
 38
10.0171
 50
90.0000
  0
VERTEX
999
1,2,1
  8
1
 10
129.4033
 20
55.0000
 38
10.0000
 50
90.0000
  0
VERTEX
999
1,1,,3
  8
1
 10
69.4033
 20
55.0000
  0
VERTEX
999
1,1,,4
  8
1
 10
69.4033
 20
65.0000
  0
VERTEX
999
1,2
  8
1
 10
68.4038
 20
85.3462
  0
VERTEX
999
1,1,1,5
  8
1
 10
67.2876
 20
105.6934
 38
10.0172
 50
3.0568
  0
VERTEX
999
1,2
  8
1
 10
66.4546
 20
120.6455
  0
VERTEX
999
1,2
  8
1
 10
65.5845
 20
135.6216
  0
VERTEX
999
1,2
  8
1
 10
64.6597
 20
150.6079
  0
VERTEX
999
1,2
  8
1
 10
63.6636
 20
165.6001
  0
VERTEX
999
1,2
  8
1
 10
62.5791
 20
180.5928
  0
VERTEX
999
1,2
  8
1
 10
61.3892
 20
195.5811
  0
VERTEX
999
1,2
  8
1
 10
60.0762
 20
210.5591
  0
VERTEX
999
1,2
  8
1
 10
58.6235
 20
225.5215
  0
VERTEX
999
1,2
  8
1
 10
57.0137
 20
240.4644
  0
VERTEX
999
1,2
  8
1
 10
55.2305
 20
255.3809
  0
VERTEX
999
1,2
  8
1
 10
53.2554
 20
270.2671
  0
VERTEX
999
1,2
  8
1
 10
51.0723
 20
285.1172
  0
VERTEX
999
1,2
  8
1
 10
48.6636
 20
299.9263
  0
VERTEX
999
1,2
  8
1
 10
46.0127
 20
314.6890
  0
VERTEX
999
1,2
  8
1
 10
43.1021
 20
329.3999
  0
VERTEX
999
1,2
  8
1
 10
39.9150
 20
344.0542
  0
VERTEX
999
1,2
  8
1
 10
36.4336
 20
358.6465
  0
VERTEX
999
1,2
  8
1
 10
32.6416
 20
373.1719
  0
VERTEX
999
1,2
  8
1
 10
28.5215
 20
387.6245
  0
VERTEX
999
1,1,,6
  8
1
 10
24.0562
 20
401.9995
  0
VERTEX
999
1,1,,7
  8
1
 10
19.9058
 20
411.0977
  0
VERTEX
999
1,2
  8
1
 10
29.0630
 20
415.2749
  0
VERTEX
999
1,2
  8
1
 10
40.5000
 20
421.6934
  0
VERTEX
999
1,2
  8
1
 10
49.2544
 20
429.1162
  0
VERTEX
999
1,2
  8
1
 10
55.7314
 20
437.4692
  0
VERTEX
999
1,2
  8
1
 10
60.3369
 20
446.6758
  0
VERTEX
999
1,2
  8
1
 10
63.4766
 20
456.6616
  0
VERTEX
999
1,2
  8
1
 10
65.5557
 20
467.3511
  0
VERTEX
999
1,2
  8
1
 10
66.9800
 20
478.6685
  0
VERTEX
999
1,2
  8
1
 10
68.1548
 20
490.5391
  0
VERTEX
999
1,1,,8
  8
1
 10
69.5308
 20
503.9482
  0
VERTEX
999
1,2
  8
1
 10
78.8560
 20
573.3257
  0
VERTEX
999
1,2
  8
1
 10
88.4771
 20
642.6709
  0
VERTEX
999
1,1,,9
  8
1
 10
89.8535
 20
652.1670
  0
VERTEX
999
1,2
  8
1
 10
99.3984
 20
651.1836
  0
VERTEX
999
1,2
  8
1
 10
110.2539
 20
650.1875
  0
VERTEX
999
1,2
  8
1
 10
121.1235
 20
649.4272
  0
VERTEX
999
1,2
  8
1
 10
132.0049
 20
648.8921
  0
VERTEX
999
1,2
  8
1
 10
142.8950
 20
648.5723
  0
VERTEX
999
1,2
  8
1
 10
153.7925
 20
648.4570
  0
VERTEX
999
1,2
  8
1
 10
164.6938
 20
648.5366
  0
VERTEX
999
1,2
  8
1
 10
175.5977
 20
648.7998
  0
VERTEX
999
1,1,,10
  8
1
 10
186.5010
 20
649.2373
  0
VERTEX
999
1,2,1
  8
1
 10
187.2734
 20
649.3057
 38
10.0171
 50
270.0000
  0
VERTEX
999
1,2
  8
1
 10
201.1953
 20
650.5347
  0
VERTEX
999
1,2
  8
1
 10
215.8687
 20
652.1289
  0
VERTEX
999
1,2
  8
1
 10
230.5142
 20
653.9902
  0
VERTEX
999
1,2
  8
1
 10
245.1260
 20
656.0889
  0
VERTEX
999
1,2
  8
1
 10
259.6982
 20
658.3950
  0
VERTEX
999
1,2
  8
1
 10
274.2251
 20
660.8784
  0
VERTEX
999
1,2
  8
1
 10
288.6997
 20
663.5093
  0
VERTEX
999
1,1,,11
  8
1
 10
303.1162
 20
666.2578
  0
VERTEX
999
1,1,,12
  8
1
 10
304.1147
 20
666.5361
  0
VERTEX
999
1,1,,13
  8
1
 10
314.0313
 20
667.8262
  0
VERTEX
999
1,2
  8
1
 10
315.3345
 20
657.8081
  0
VERTEX
999
1,2
  8
1
 10
317.2280
 20
642.1206
  0
VERTEX
999
1,2
  8
1
 10
318.8379
 20
626.4077
  0
VERTEX
999
1,2
  8
1
 10
320.1733
 20
610.6719
  0
VERTEX
999
1,2
  8
1
 10
321.2446
 20
594.9165
  0
VERTEX
999
1,2
  8
1
 10
322.0615
 20
579.1445
  0
VERTEX
999
1,2
  8
1
 10
322.6343
 20
563.3589
  0
VERTEX
999
1,2
  8
1
 10
322.9731
 20
547.5625
  0
VERTEX
999
1,2
  8
1
 10
323.0874
 20
531.7588
  0
VERTEX
999
1,2
  8
1
 10
322.9878
 20
515.9507
  0
VERTEX
999
1,2
  8
1
 10
322.6841
 20
500.1411
  0
VERTEX
999
1,2
  8
1
 10
322.1860
 20
484.3330
  0
VERTEX
999
1,2
  8
1
 10
321.5039
 20
468.5293
  0
VERTEX
999
1,2
  8
1
 10
320.6479
 20
452.7334
  0
VERTEX
999
1,2
  8
1
 10
319.6274
 20
436.9487
  0
VERTEX
999
1,2
  8
1
 10
318.4526
 20
421.1772
  0
VERTEX
999
1,1,,14
  8
1
 10
317.1338
 20
405.4229
  0
VERTEX
999
1,2
  8
1
 10
315.1816
 20
390.5078
  0
VERTEX
999
1,2
  8
1
 10
313.3687
 20
375.5776
  0
VERTEX
999
1,2
  8
1
 10
311.6841
 20
360.6338
  0
VERTEX
999
1,2
  8
1
 10
310.1187
 20
345.6772
  0
VERTEX
999
1,2
  8
1
 10
308.6626
 20
330.7090
  0
VERTEX
999
1,2
  8
1
 10
307.3057
 20
315.7310
  0
VERTEX
999
1,2
  8
1
 10
306.0386
 20
300.7432
  0
VERTEX
999
1,2
  8
1
 10
304.8506
 20
285.7476
  0
VERTEX
999
1,2
  8
1
 10
303.7324
 20
270.7451
  0
VERTEX
999
1,2
  8
1
 10
302.6743
 20
255.7373
  0
VERTEX
999
1,2
  8
1
 10
301.6660
 20
240.7246
  0
VERTEX
999
1,2
  8
1
 10
300.6982
 20
225.7090
  0
VERTEX
999
1,2
  8
1
 10
299.7603
 20
210.6909
  0
VERTEX
999
1,2
  8
1
 10
298.8428
 20
195.6719
  0
VERTEX
999
1,2
  8
1
 10
297.9360
 20
180.6528
  0
VERTEX
999
1,2
  8
1
 10
297.0298
 20
165.6353
  0
VERTEX
999
1,2
  8
1
 10
296.1143
 20
150.6201
  0
VERTEX
999
1,2
  8
1
 10
295.1797
 20
135.6089
  0
VERTEX
999
1,2
  8
1
 10
294.2163
 20
120.6021
  0
VERTEX
999
1,1,1,15
  8
1
 10
293.2139
 20
105.6016
 38
10.0171
 50
176.4172
  0
VERTEX
999
1,2
  8
1
 10
291.9946
 20
85.3027
  0
VERTEX
999
1,1,,16
  8
1
 10
290.8740
 20
64.9995
  0
SEQEND
  0
POLYLINE
999
2
  8
1
 66
1
 70
0
  0
VERTEX
999
2,1,,17
  8
1
 10
280.8618
 20
65.0000
  0
VERTEX
999
2,1,,18
  8
1
 10
79.4033
 20
65.0000
  0
VERTEX
999
2,2
  8
1
 10
78.3545
 20
85.6143
  0
VERTEX
999
2,1,,19
  8
1
 10
77.2734
 20
106.2266
  0
VERTEX
999
2,2
  8
1
 10
76.4292
 20
121.3730
  0
VERTEX
999
2,2
  8
1
 10
75.5454
 20
136.5356
  0
VERTEX
999
2,2
  8
1
 10
74.6050
 20
151.7090
  0
VERTEX
999
2,2
  8
1
 10
73.5913
 20
166.8872
  0
VERTEX
999
2,2
  8
1
 10
72.4863
 20
182.0664
  0
VERTEX
999
2,2
  8
1
 10
71.2729
 20
197.2397
  0
VERTEX
999
2,2
  8
1
 10
69.9336
 20
212.4033
  0
VERTEX
999
2,2
  8
1
 10
68.4517
 20
227.5508
  0
VERTEX
999
2,2
  8
1
 10
66.8091
 20
242.6772
  0
VERTEX
999
2,2
  8
1
 10
64.9893
 20
257.7778
  0
VERTEX
999
2,2
  8
1
 10
62.9741
 20
272.8467
  0
VERTEX
999
2,2
  8
1
 10
60.7471
 20
287.8784
  0
VERTEX
999
2,2
  8
1
 10
58.2905
 20
302.8687
  0
VERTEX
999
2,2
  8
1
 10
55.5869
 20
317.8110
  0
VERTEX
999
2,2
  8
1
 10
52.6191
 20
332.7012
  0
VERTEX
999
2,2
  8
1
 10
49.3701
 20
347.5332
  0
VERTEX
999
2,2
  8
1
 10
45.8223
 20
362.3022
  0
VERTEX
999
2,2
  8
1
 10
41.9585
 20
377.0024
  0
VERTEX
999
2,2
  8
1
 10
37.7612
 20
391.6289
  0
VERTEX
999
2,1,,20
  8
1
 10
33.2134
 20
406.1768
  0
VERTEX
999
2,2
  8
1
 10
44.8384
 20
412.5161
  0
VERTEX
999
2,2
  8
1
 10
54.0967
 20
419.7236
  0
VERTEX
999
2,2
  8
1
 10
61.2925
 20
427.7500
  0
VERTEX
999
2,2
  8
1
 10
66.7300
 20
436.5454
  0
VERTEX
999
2,2
  8
1
 10
70.7129
 20
446.0615
  0
VERTEX
999
2,2
  8
1
 10
73.5459
 20
456.2480
  0
VERTEX
999
2,2
  8
1
 10
75.5322
 20
467.0566
  0
VERTEX
999
2,2
  8
1
 10
76.9766
 20
478.4370
  0
VERTEX
999
2,2
  8
1
 10
78.1831
 20
490.3403
  0
VERTEX
999
2,1,,21
  8
1
 10
79.4556
 20
502.7178
  0
VERTEX
999
2,2
  8
1
 10
88.7666
 20
571.9976
  0
VERTEX
999
2,1,,22
  8
1
 10
98.3735
 20
641.2363
  0
VERTEX
999
2,2
  8
1
 10
109.4531
 20
640.2197
  0
VERTEX
999
2,2
  8
1
 10
120.5469
 20
639.4438
  0
VERTEX
999
2,2
  8
1
 10
131.6528
 20
638.8984
  0
VERTEX
999
2,2
  8
1
 10
142.7676
 20
638.5737
  0
VERTEX
999
2,2
  8
1
 10
153.8901
 20
638.4580
  0
VERTEX
999
2,2
  8
1
 10
165.0166
 20
638.5425
  0
VERTEX
999
2,2
  8
1
 10
176.1450
 20
638.8154
  0
VERTEX
999
2,1,,23
  8
1
 10
187.2734
 20
639.2671
  0
VERTEX
999
2,2
  8
1
 10
202.1611
 20
640.5815
  0
VERTEX
999
2,2
  8
1
 10
217.0269
 20
642.1968
  0
VERTEX
999
2,2
  8
1
 10
231.8652
 20
644.0830
  0
VERTEX
999
2,2
  8
1
 10
246.6689
 20
646.2100
  0
VERTEX
999
2,2
  8
1
 10
261.4326
 20
648.5469
  0
VERTEX
999
2,2
  8
1
 10
276.1494
 20
651.0640
  0
VERTEX
999
2,2
  8
1
 10
290.8135
 20
653.7310
  0
VERTEX
999
2,1,,24
  8
1
 10
305.4180
 20
656.5181
  0
VERTEX
999
2,2
  8
1
 10
307.2930
 20
640.9785
  0
VERTEX
999
2,2
  8
1
 10
308.8857
 20
625.4097
  0
VERTEX
999
2,2
  8
1
 10
310.2065
 20
609.8159
  0
VERTEX
999
2,2
  8
1
 10
311.2646
 20
594.2007
  0
VERTEX
999
2,2
  8
1
 10
312.0708
 20
578.5684
  0
VERTEX
999
2,2
  8
1
 10
312.6348
 20
562.9219
  0
VERTEX
999
2,2
  8
1
 10
312.9673
 20
547.2656
  0
VERTEX
999
2,2
  8
1
 10
313.0776
 20
531.6035
  0
VERTEX
999
2,2
  8
1
 10
312.9766
 20
515.9385
  0
VERTEX
999
2,2
  8
1
 10
312.6743
 20
500.2754
  0
VERTEX
999
2,2
  8
1
 10
312.1802
 20
484.6172
  0
VERTEX
999
2,2
  8
1
 10
311.5049
 20
468.9678
  0
VERTEX
999
2,2
  8
1
 10
310.6587
 20
453.3315
  0
VERTEX
999
2,2
  8
1
 10
309.6509
 20
437.7114
  0
VERTEX
999
2,2
  8
1
 10
308.4927
 20
422.1118
  0
VERTEX
999
2,1,,25
  8
1
 10
307.1934
 20
406.5366
  0
VERTEX
999
2,2
  8
1
 10
305.2295
 20
391.5913
  0
VERTEX
999
2,2
  8
1
 10
303.4063
 20
376.6328
  0
VERTEX
999
2,2
  8
1
 10
301.7139
 20
361.6621
  0
VERTEX
999
2,2
  8
1
 10
300.1426
 20
346.6797
  0
VERTEX
999
2,2
  8
1
 10
298.6816
 20
331.6875
  0
VERTEX
999
2,2
  8
1
 10
297.3213
 20
316.6855
  0
VERTEX
999
2,2
  8
1
 10
296.0518
 20
301.6753
  0
VERTEX
999
2,2
  8
1
 10
294.8628
 20
286.6577
  0
VERTEX
999
2,2
  8
1
 10
293.7446
 20
271.6338
  0
VERTEX
999
2,2
  8
1
 10
292.6865
 20
256.6040
  0
VERTEX
999
2,2
  8
1
 10
291.6797
 20
241.5703
  0
VERTEX
999
2,2
  8
1
 10
290.7129
 20
226.5327
  0
VERTEX
999
2,2
  8
1
 10
289.7764
 20
211.4932
  0
VERTEX
999
2,2
  8
1
 10
288.8608
 20
196.4517
  0
VERTEX
999
2,2
  8
1
 10
287.9551
 20
181.4097
  0
VERTEX
999
2,2
  8
1
 10
287.0503
 20
166.3682
  0
VERTEX
999
2,2
  8
1
 10
286.1357
 20
151.3281
  0
VERTEX
999
2,2
  8
1
 10
285.2012
 20
136.2905
  0
VERTEX
999
2,2
  8
1
 10
284.2373
 20
121.2563
  0
VERTEX
999
2,1,,26
  8
1
 10
283.2334
 20
106.2266
  0
VERTEX
999
2,2
  8
1
 10
281.9966
 20
85.6162
  0
VERTEX
999
2,1,,27
  8
1
 10
280.8618
 20
65.0000
  0
SEQEND
  0
LINE
999
5,1,,28
  8
1
 10
187.2734
 20
65.0000
 11
187.2734
 21
75.0171
  0
LINE
999
5,1,,30
  8
1
 10
129.4033
 20
65.0000
 11
129.4033
 21
75.0000
  0
LINE
999
5,1,,32
  8
1
 10
77.2734
 20
106.2266
 11
87.2764
 21
106.7607
  0
LINE
999
5,1,,34
  8
1
 10
187.2734
 20
639.2671
 11
187.2734
 21
629.2500
  0
LINE
999
5,1,,36
  8
1
 10
283.2334
 20
106.2266
 11
273.2358
 21
106.8525
  0
LINE
999
5,1,,38
  8
1
 10
189.2734
 20
106.2266
 11
283.2334
 21
106.2266
  0
LINE
999
5,1,,40
  8
1
 10
187.2734
 20
639.2671
 11
187.2734
 21
65.0000
  0
LINE
999
5,1,,42
  8
1
 10
187.2734
 20
639.2671
 11
187.2734
 21
65.0000
  0
LINE
999
5,1,,44
  8
1
  6
1
 10
189.2734
 20
639.3706
 11
189.2734
 21
65.0000
  0
LINE
999
5,1,,46
  8
1
 10
77.2734
 20
106.2266
 11
185.2734
 21
106.2266
  0
LINE
999
5,1,,48
  8
1
  6
1
 10
185.2734
 20
65.0000
 11
185.2734
 21
639.1680
  0
LINE
999
5,1,,50
  8
1
 10
33.1934
 20
406.2363
 11
185.2734
 21
406.2363
  0
LINE
999
5,1,,52
  8
1
 10
189.2734
 20
406.2363
 11
307.1533
 21
406.2363
  0
LINE
999
5,1,,54
  8
1
 10
177.8735
 20
486.4121
 11
312.7783
 21
469.3994
  0
LINE
999
5,1,,56
  8
1
 10
79.4556
 20
502.7178
 11
173.8735
 21
486.9409
  0
LINE
999
5,1,,58
  8
1
 10
259.6475
 20
564.0088
 11
250.6538
 21
548.9238
  0
LINE
999
5,1,,60
  8
1
 10
187.9902
 20
274.4282
 11
210.4946
 21
253.9863
  0
LINE
999
5,1,,62
  8
1
 10
187.9902
 20
274.4282
 11
197.2456
 21
270.6416
  0
LINE
999
5,1,,64
  8
1
 10
287.4561
 20
487.4575
 11
284.4834
 21
486.7402
  0
LINE
999
5,1,,66
  8
1
 10
288.1577
 20
484.5498
 11
287.4561
 21
487.4575
  0
LINE
999
5,1,,68
  8
1
 10
289.6113
 20
491.4409
 11
288.9102
 21
494.3486
  0
LINE
999
5,1,,70
  8
1
 10
283.7378
 20
489.8306
 11
284.4419
 21
486.9131
  0
LINE
999
5,1,,72
  8
1
 10
289.6558
 20
491.2583
 11
286.6831
 21
490.5415
  0
LINE
999
5,1,,74
  8
1
 10
286.7100
 20
490.5479
 11
283.7378
 21
489.8306
  0
LINE
999
5,1,,76
  8
1
 10
287.4121
 20
487.6396
 11
286.7100
 21
490.5479
  0
LINE
999
5,1,,78
  8
1
 10
288.8657
 20
494.5308
 11
288.1641
 21
497.4385
  0
LINE
999
5,1,,80
  8
1
 10
282.9917
 20
492.9204
 11
283.6958
 21
490.0029
  0
LINE
999
5,1,,82
  8
1
 10
288.9102
 20
494.3486
 11
285.9375
 21
493.6313
  0
LINE
999
5,1,,84
  8
1
 10
285.9644
 20
493.6377
 11
282.9917
 21
492.9204
  0
LINE
999
5,1,,86
  8
1
 10
286.6660
 20
490.7300
 11
285.9644
 21
493.6377
  0
LINE
999
5,1,,88
  8
1
 10
288.1201
 20
497.6206
 11
287.4185
 21
500.5288
  0
LINE
999
5,1,,90
  8
1
 10
282.2461
 20
496.0103
 11
282.9502
 21
493.0933
  0
LINE
999
5,1,,92
  8
1
 10
288.1641
 20
497.4385
 11
285.1914
 21
496.7212
  0
LINE
999
5,1,,94
  8
1
 10
285.2188
 20
496.7280
 11
282.2461
 21
496.0103
  0
LINE
999
5,1,,96
  8
1
 10
285.9204
 20
493.8198
 11
285.2188
 21
496.7280
  0
LINE
999
5,1,,98
  8
1
 10
287.3745
 20
500.7109
 11
286.6729
 21
503.6187
  0
LINE
999
5,1,,100
  8
1
 10
281.5005
 20
499.1006
 11
282.2046
 21
496.1831
  0
LINE
999
5,1,,102
  8
1
 10
280.7549
 20
502.1909
 11
281.4585
 21
499.2734
  0
LINE
999
5,1,,104
  8
1
 10
260.7471
 20
597.7534
 11
283.6719
 21
503.0776
  0
LINE
999
5,1,,106
  8
1
 10
286.6729
 20
503.6187
 11
283.7002
 21
502.9014
  0
LINE
999
5,1,,108
  8
1
 10
283.7271
 20
502.9082
 11
280.7549
 21
502.1909
  0
LINE
999
5,1,,110
  8
1
 10
287.4185
 20
500.5288
 11
284.4458
 21
499.8115
  0
LINE
999
5,1,,112
  8
1
 10
284.4731
 20
499.8179
 11
281.5005
 21
499.1006
  0
LINE
999
5,1,,114
  8
1
 10
285.1748
 20
496.9102
 11
284.4731
 21
499.8179
  0
LINE
999
5,1,,116
  8
1
 10
284.4287
 20
500.0005
 11
283.7271
 21
502.9082
  0
LINE
999
5,1,,118
  8
1
 10
292.6323
 20
466.0093
 11
291.9307
 21
468.9170
  0
LINE
999
5,1,,120
  8
1
 10
291.9307
 20
468.9170
 11
288.9580
 21
468.1997
  0
LINE
999
5,1,,122
  8
1
 10
289.6621
 20
465.2822
 11
292.6323
 21
466.0093
  0
LINE
999
5,1,,124
  8
1
 10
288.9580
 20
468.1997
 11
289.6621
 21
465.2822
  0
LINE
999
5,1,,126
  8
1
 10
261.1680
 20
627.8853
 11
301.1289
 21
462.7285
  0
LINE
999
5,1,,128
  8
1
 10
246.5894
 20
624.3550
 11
261.1680
 21
627.8853
  0
LINE
999
5,1,,130
  8
1
 10
286.5503
 20
459.1982
 11
246.5894
 21
624.3550
  0
LINE
999
5,1,,132
  8
1
 10
301.1289
 20
462.7285
 11
286.5503
 21
459.1982
  0
LINE
999
5,1,,134
  8
1
 10
300.8276
 20
506.4878
 11
276.1499
 21
459.6499
  0
LINE
999
5,1,,136
  8
1
  6
3
 10
268.5352
 20
639.9580
 11
313.2061
 21
455.3564
  0
LINE
999
5,1,,138
  8
1
  6
3
 10
279.1812
 20
447.1211
 11
234.5200
 21
631.7231
  0
LINE
999
5,1,,140
  8
1
 10
300.1196
 20
509.4351
 11
275.4385
 21
462.5903
  0
LINE
999
5,1,,142
  8
1
 10
301.5430
 20
503.5547
 11
276.8613
 21
456.7095
  0
LINE
999
5,1,,144
  8
1
  6
3
 10
313.2061
 20
455.3564
 11
279.1812
 21
447.1211
  0
LINE
999
5,1,,146
  8
1
  6
3
 10
234.5200
 20
631.7231
 11
268.5352
 21
639.9580
  0
LINE
999
5,1,,148
  8
1
 10
290.4014
 20
488.1685
 11
287.4287
 21
487.4512
  0
LINE
999
5,1,,150
  8
1
 10
284.4834
 20
486.7402
 11
285.1875
 21
483.8228
  0
LINE
999
5,1,,152
  8
1
 10
290.3574
 20
488.3506
 11
289.6558
 21
491.2583
  0
LINE
999
5,1,,154
  8
1
 10
288.9033
 20
481.4595
 11
288.2017
 21
484.3677
  0
LINE
999
5,1,,156
  8
1
 10
288.2017
 20
484.3677
 11
285.2290
 21
483.6499
  0
LINE
999
5,1,,158
  8
1
 10
291.1470
 20
485.0786
 11
288.1748
 21
484.3608
  0
LINE
999
5,1,,160
  8
1
 10
285.2290
 20
483.6499
 11
285.9331
 21
480.7329
  0
LINE
999
5,1,,162
  8
1
 10
291.1030
 20
485.2603
 11
290.4014
 21
488.1685
  0
LINE
999
5,1,,164
  8
1
 10
289.6494
 20
478.3696
 11
288.9473
 21
481.2773
  0
LINE
999
5,1,,166
  8
1
 10
288.9473
 20
481.2773
 11
285.9746
 21
480.5601
  0
LINE
999
5,1,,168
  8
1
 10
291.8931
 20
481.9883
 11
288.9204
 21
481.2710
  0
LINE
999
5,1,,170
  8
1
 10
285.9746
 20
480.5601
 11
286.6787
 21
477.6426
  0
LINE
999
5,1,,172
  8
1
 10
291.8486
 20
482.1704
 11
291.1470
 21
485.0786
  0
LINE
999
5,1,,174
  8
1
 10
290.3950
 20
475.2793
 11
289.6934
 21
478.1870
  0
LINE
999
5,1,,176
  8
1
 10
289.6934
 20
478.1870
 11
286.7207
 21
477.4702
  0
LINE
999
5,1,,178
  8
1
 10
292.6387
 20
478.8979
 11
289.6660
 21
478.1807
  0
LINE
999
5,1,,180
  8
1
 10
286.7207
 20
477.4702
 11
287.4248
 21
474.5527
  0
LINE
999
5,1,,182
  8
1
 10
292.5947
 20
479.0806
 11
291.8931
 21
481.9883
  0
LINE
999
5,1,,184
  8
1
 10
291.1406
 20
472.1890
 11
290.4390
 21
475.0972
  0
LINE
999
5,1,,186
  8
1
 10
290.4390
 20
475.0972
 11
287.4663
 21
474.3799
  0
LINE
999
5,1,,188
  8
1
 10
293.3843
 20
475.8081
 11
290.4116
 21
475.0903
  0
LINE
999
5,1,,190
  8
1
 10
287.4663
 20
474.3799
 11
288.1704
 21
471.4624
  0
LINE
999
5,1,,192
  8
1
 10
293.3403
 20
475.9902
 11
292.6387
 21
478.8979
  0
LINE
999
5,1,,194
  8
1
 10
291.8867
 20
469.0991
 11
291.1846
 21
472.0073
  0
LINE
999
5,1,,196
  8
1
 10
291.1846
 20
472.0073
 11
288.2119
 21
471.2896
  0
LINE
999
5,1,,198
  8
1
 10
294.1299
 20
472.7178
 11
291.1577
 21
472.0005
  0
LINE
999
5,1,,200
  8
1
 10
288.2119
 20
471.2896
 11
288.9160
 21
468.3726
  0
LINE
999
5,1,,202
  8
1
 10
294.0859
 20
472.8999
 11
293.3843
 21
475.8081
  0
LINE
999
5,1,,204
  8
1
 10
294.8760
 20
469.6274
 11
291.9033
 21
468.9106
  0
LINE
999
5,1,,206
  8
1
 10
294.8320
 20
469.8101
 11
294.1299
 21
472.7178
  0
LINE
999
5,1,,208
  8
1
 10
292.6074
 20
465.9932
 11
295.5776
 21
466.7202
  0
LINE
999
5,1,,210
  8
1
 10
295.5776
 20
466.7202
 11
294.8760
 21
469.6274
  0
LINE
999
5,1,,212
  8
1
 10
260.7188
 20
597.9292
 11
260.0542
 21
600.6753
  0
LINE
999
5,1,,214
  8
1
 10
257.7490
 20
597.2007
 11
260.7188
 21
597.9292
  0
LINE
999
5,1,,216
  8
1
 10
260.6943
 20
597.9141
 11
263.6641
 21
598.6426
  0
LINE
999
5,1,,218
  8
1
 10
260.0542
 20
600.6753
 11
257.0820
 21
599.9556
  0
LINE
999
5,1,,220
  8
1
 10
262.9990
 20
601.3882
 11
260.0273
 21
600.6685
  0
LINE
999
5,1,,222
  8
1
 10
260.0127
 20
600.8472
 11
259.3477
 21
603.5933
  0
LINE
999
5,1,,224
  8
1
 10
257.0820
 20
599.9556
 11
257.7490
 21
597.2007
  0
LINE
999
5,1,,226
  8
1
 10
256.3755
 20
602.8735
 11
257.0430
 21
600.1187
  0
LINE
999
5,1,,228
  8
1
 10
263.6641
 20
598.6426
 11
262.9990
 21
601.3882
  0
LINE
999
5,1,,230
  8
1
 10
262.9575
 20
601.5605
 11
262.2925
 21
604.3062
  0
LINE
999
5,1,,232
  8
1
 10
259.3477
 20
603.5933
 11
256.3755
 21
602.8735
  0
LINE
999
5,1,,234
  8
1
 10
262.2925
 20
604.3062
 11
259.3203
 21
603.5864
  0
LINE
999
5,1,,236
  8
1
 10
259.3062
 20
603.7651
 11
258.6411
 21
606.5112
  0
LINE
999
5,1,,238
  8
1
 10
255.6689
 20
605.7915
 11
256.3359
 21
603.0366
  0
LINE
999
5,1,,240
  8
1
 10
262.2510
 20
604.4780
 11
261.5859
 21
607.2241
  0
LINE
999
5,1,,242
  8
1
 10
258.6411
 20
606.5112
 11
255.6689
 21
605.7915
  0
LINE
999
5,1,,244
  8
1
 10
261.5859
 20
607.2241
 11
258.6143
 21
606.5044
  0
LINE
999
5,1,,246
  8
1
 10
258.5996
 20
606.6831
 11
257.9346
 21
609.4292
  0
LINE
999
5,1,,248
  8
1
 10
254.9624
 20
608.7095
 11
255.6294
 21
605.9546
  0
LINE
999
5,1,,250
  8
1
 10
261.5444
 20
607.3960
 11
260.8794
 21
610.1421
  0
LINE
999
5,1,,252
  8
1
 10
257.9346
 20
609.4292
 11
254.9624
 21
608.7095
  0
LINE
999
5,1,,254
  8
1
 10
260.8794
 20
610.1421
 11
257.9072
 21
609.4224
  0
LINE
999
5,1,,256
  8
1
 10
257.8931
 20
609.6011
 11
257.2280
 21
612.3467
  0
LINE
999
5,1,,258
  8
1
 10
254.2559
 20
611.6274
 11
254.9229
 21
608.8726
  0
LINE
999
5,1,,260
  8
1
 10
260.8379
 20
610.3140
 11
260.1729
 21
613.0601
  0
LINE
999
5,1,,262
  8
1
 10
257.2280
 20
612.3467
 11
254.2559
 21
611.6274
  0
LINE
999
5,1,,264
  8
1
 10
260.1729
 20
613.0601
 11
257.2012
 21
612.3403
  0
LINE
999
5,1,,266
  8
1
 10
257.1865
 20
612.5190
 11
256.5215
 21
615.2646
  0
LINE
999
5,1,,268
  8
1
 10
253.5493
 20
614.5454
 11
254.2163
 21
611.7905
  0
LINE
999
5,1,,270
  8
1
 10
260.1313
 20
613.2319
 11
259.4663
 21
615.9780
  0
LINE
999
5,1,,272
  8
1
 10
256.5215
 20
615.2646
 11
253.5493
 21
614.5454
  0
LINE
999
5,1,,274
  8
1
 10
259.4663
 20
615.9780
 11
256.4941
 21
615.2583
  0
LINE
999
5,1,,276
  8
1
 10
256.4800
 20
615.4370
 11
255.8149
 21
618.1831
  0
LINE
999
5,1,,278
  8
1
 10
252.8428
 20
617.4634
 11
253.5098
 21
614.7085
  0
LINE
999
5,1,,280
  8
1
 10
259.4248
 20
616.1499
 11
258.7598
 21
618.8960
  0
LINE
999
5,1,,282
  8
1
 10
255.8149
 20
618.1831
 11
252.8428
 21
617.4634
  0
LINE
999
5,1,,284
  8
1
 10
258.7598
 20
618.8960
 11
255.7876
 21
618.1763
  0
LINE
999
5,1,,286
  8
1
 10
255.7734
 20
618.3550
 11
255.1084
 21
621.1006
  0
LINE
999
5,1,,288
  8
1
 10
252.1362
 20
620.3813
 11
252.8037
 21
617.6265
  0
LINE
999
5,1,,290
  8
1
 10
258.7183
 20
619.0679
 11
258.0532
 21
621.8140
  0
LINE
999
5,1,,292
  8
1
 10
255.1084
 20
621.1006
 11
252.1362
 21
620.3813
  0
LINE
999
5,1,,294
  8
1
 10
258.0532
 20
621.8140
 11
255.0811
 21
621.0942
  0
LINE
999
5,1,,296
  8
1
  6
1
 10
302.9395
 20
461.6240
 11
285.4453
 21
457.3877
  0
LINE
999
5,1,,298
  8
1
  6
1
 10
285.4453
 20
457.3877
 11
244.7788
 21
625.4600
  0
LINE
999
5,1,,300
  8
1
  6
1
 10
244.7788
 20
625.4600
 11
262.2729
 21
629.6963
  0
LINE
999
5,1,,302
  8
1
  6
1
 10
262.2729
 20
629.6963
 11
302.9395
 21
461.6240
  0
LINE
999
5,1,,304
  8
1
 10
265.7598
 20
577.1499
 11
267.8555
 21
581.5376
  0
LINE
999
5,1,,306
  8
1
 10
261.7822
 20
580.1577
 11
265.7598
 21
577.1499
  0
LINE
999
5,1,,308
  8
1
 10
259.6475
 20
564.0088
 11
251.8975
 21
557.6890
  0
LINE
999
5,1,,310
  8
1
 10
83.9009
 20
521.2808
 11
108.3950
 21
544.7075
  0
LINE
999
5,1,,312
  8
1
 10
83.9009
 20
521.2808
 11
88.3281
 21
530.2476
  0
LINE
999
5,1,,314
  8
1
 10
196.9033
 20
620.3281
 11
197.0234
 21
616.8584
  0
LINE
999
5,1,,316
  8
1
 10
195.7031
 20
620.2979
 11
195.8135
 21
616.8179
  0
LINE
999
5,1,,318
  8
1
 10
180.1733
 20
616.3081
 11
180.0635
 21
619.7881
  0
LINE
999
5,1,,320
  8
1
 10
178.9634
 20
616.2783
 11
178.8535
 21
619.7480
  0
LINE
999
5,1,,322
  8
1
 10
194.9434
 20
621.0078
 11
194.9624
 21
621.0083
  0
LINE
999
5,1,,324
  8
1
 10
180.2935
 20
619.6479
 11
179.7437
 21
638.9204
  0
LINE
999
5,1,,326
  8
1
  6
1
 10
193.2261
 20
639.5898
 11
193.7832
 21
620.0381
  0
LINE
999
5,1,,328
  8
1
 10
194.7246
 20
639.6777
 11
195.2832
 21
620.0781
  0
LINE
999
5,1,,330
  8
1
  6
1
 10
181.7935
 20
619.5581
 11
181.2393
 21
638.9834
  0
LINE
999
5,1,,332
  8
1
 10
195.2935
 20
619.9482
 11
180.2935
 21
619.5181
  0
LINE
999
5,1,,334
  8
1
 10
180.7334
 20
621.7480
 11
194.9033
 21
622.2080
  0
LINE
999
5,1,,336
  8
1
 10
180.7734
 20
620.5479
 11
194.9434
 21
621.0078
  0
LINE
999
5,1,,338
  8
1
 10
194.9268
 20
632.5742
 11
208.0820
 21
621.0635
  0
LINE
999
5,1,,340
  8
1
 10
194.9268
 20
632.5742
 11
204.3130
 21
629.1235
  0
POLYLINE
999
5
  8
1
  6
1
 66
1
 70
0
  0
VERTEX
999
5,1,,342
  8
1
 10
80.9434
 20
502.5288
  0
VERTEX
999
5,2
  8
1
 10
79.6802
 20
490.2178
  0
VERTEX
999
5,2
  8
1
 10
78.4766
 20
478.3003
  0
VERTEX
999
5,2
  8
1
 10
77.0215
 20
466.8394
  0
VERTEX
999
5,2
  8
1
 10
75.0044
 20
455.8984
  0
VERTEX
999
5,2
  8
1
 10
72.1133
 20
445.5420
  0
VERTEX
999
5,2
  8
1
 10
68.0381
 20
435.8325
  0
VERTEX
999
5,2
  8
1
 10
62.4668
 20
426.8340
  0
VERTEX
999
5,2
  8
1
 10
55.0894
 20
418.6099
  0
VERTEX
999
5,2
  8
1
 10
45.5938
 20
411.2236
  0
VERTEX
999
5,1,,343
  8
1
 10
33.6694
 20
404.7388
  0
SEQEND
  0
POLYLINE
999
5
  8
1
  6
1
 66
1
 70
0
  0
VERTEX
999
5,1,,344
  8
1
 10
99.8672
 20
641.0884
  0
VERTEX
999
5,2
  8
1
 10
90.2573
 20
571.8286
  0
VERTEX
999
5,1,,345
  8
1
 10
80.9434
 20
502.5288
  0
SEQEND
  0
POLYLINE
999
5
  8
1
 66
1
 70
0
  0
VERTEX
999
5,1,,346
  8
1
 10
188.2432
 20
608.7480
  0
VERTEX
999
5,2
  8
1
 10
185.1807
 20
609.2617
  0
VERTEX
999
5,2
  8
1
 10
182.6411
 20
610.8550
  0
VERTEX
999
5,2
  8
1
 10
180.8853
 20
613.2852
  0
VERTEX
999
5,1,,347
  8
1
 10
180.1733
 20
616.3081
  0
SEQEND
  0
POLYLINE
999
5
  8
1
 66
1
 70
0
  0
VERTEX
999
5,1,,348
  8
1
 10
195.8135
 20
616.8179
  0
VERTEX
999
5,2
  8
1
 10
195.2983
 20
613.7529
  0
VERTEX
999
5,2
  8
1
 10
193.7021
 20
611.2129
  0
VERTEX
999
5,2
  8
1
 10
191.2690
 20
609.4580
  0
VERTEX
999
5,1,,349
  8
1
 10
188.2432
 20
608.7480
  0
SEQEND
  0
POLYLINE
999
5
  8
1
 66
1
 70
0
  0
VERTEX
999
5,1,,350
  8
1
 10
188.2832
 20
607.5381
  0
VERTEX
999
5,2
  8
1
 10
184.7188
 20
608.1836
  0
VERTEX
999
5,2
  8
1
 10
181.8701
 20
610.0220
  0
VERTEX
999
5,2
  8
1
 10
179.8979
 20
612.8037
  0
VERTEX
999
5,1,,351
  8
1
 10
178.9634
 20
616.2783
  0
SEQEND
  0
POLYLINE
999
5
  8
1
 66
1
 70
0
  0
VERTEX
999
5,1,,352
  8
1
 10
197.0234
 20
616.8584
  0
VERTEX
999
5,2
  8
1
 10
196.4277
 20
613.3198
  0
VERTEX
999
5,2
  8
1
 10
194.5850
 20
610.3872
  0
VERTEX
999
5,2
  8
1
 10
191.7759
 20
608.3599
  0
VERTEX
999
5,1,,353
  8
1
 10
188.2832
 20
607.5381
  0
SEQEND
  0
LINE
999
5,1,,354
  8
1
 10
195.6382
 20
620.5791
 11
195.6523
 21
620.5464
  0
LINE
999
5,1,,356
  8
1
 10
195.6226
 20
620.6108
 11
195.6382
 21
620.5791
  0
LINE
999
5,1,,358
  8
1
 10
195.6055
 20
620.6421
 11
195.6226
 21
620.6108
  0
LINE
999
5,1,,360
  8
1
 10
195.5454
 20
620.7295
 11
195.6055
 21
620.6421
  0
LINE
999
5,1,,362
  8
1
 10
195.4604
 20
620.8188
 11
195.5454
 21
620.7295
  0
LINE
999
5,1,,364
  8
1
 10
195.3613
 20
620.8936
 11
195.4604
 21
620.8188
  0
LINE
999
5,1,,366
  8
1
 10
195.3306
 20
620.9116
 11
195.3613
 21
620.8936
  0
LINE
999
5,1,,368
  8
1
 10
195.2993
 20
620.9287
 11
195.3306
 21
620.9116
  0
LINE
999
5,1,,370
  8
1
 10
195.1475
 20
620.9854
 11
195.2993
 21
620.9287
  0
LINE
999
5,1,,372
  8
1
 10
195.0933
 20
620.9971
 11
195.1475
 21
620.9854
  0
LINE
999
5,1,,374
  8
1
 10
195.0005
 20
621.0073
 11
195.0933
 21
620.9971
  0
LINE
999
5,1,,376
  8
1
 10
194.9624
 20
621.0083
 11
195.0005
 21
621.0073
  0
POLYLINE
999
5
  8
1
 66
1
 70
0
  0
VERTEX
999
5,1,,378
  8
1
 10
194.9033
 20
622.2080
  0
VERTEX
999
5,2
  8
1
 10
195.7095
 20
622.0308
  0
VERTEX
999
5,2
  8
1
 10
196.2593
 20
621.6509
  0
VERTEX
999
5,2
  8
1
 10
196.6309
 20
621.0801
  0
VERTEX
999
5,1,,379
  8
1
 10
196.9033
 20
620.3281
  0
SEQEND
  0
LINE
999
5,1,,380
  8
1
 10
195.7017
 20
620.3354
 11
195.7031
 21
620.2979
  0
LINE
999
5,1,,382
  8
1
 10
195.6978
 20
620.3721
 11
195.7017
 21
620.3354
  0
LINE
999
5,1,,384
  8
1
 10
195.6704
 20
620.4961
 11
195.6978
 21
620.3721
  0
LINE
999
5,1,,386
  8
1
 10
195.6523
 20
620.5464
 11
195.6704
 21
620.4961
  0
POLYLINE
999
5
  8
1
 66
1
 70
0
  0
VERTEX
999
5,1,,388
  8
1
 10
180.0635
 20
619.7881
  0
VERTEX
999
5,2
  8
1
 10
180.1084
 20
620.0781
  0
VERTEX
999
5,2
  8
1
 10
180.2573
 20
620.3184
  0
VERTEX
999
5,2
  8
1
 10
180.4873
 20
620.4834
  0
VERTEX
999
5,1,,389
  8
1
 10
180.7734
 20
620.5479
  0
SEQEND
  0
POLYLINE
999
5
  8
1
 66
1
 70
0
  0
VERTEX
999
5,1,,390
  8
1
 10
178.8535
 20
619.7480
  0
VERTEX
999
5,2
  8
1
 10
178.9829
 20
620.5078
  0
VERTEX
999
5,2
  8
1
 10
179.3799
 20
621.1372
  0
VERTEX
999
5,2
  8
1
 10
179.9834
 20
621.5718
  0
VERTEX
999
5,1,,391
  8
1
 10
180.7334
 20
621.7480
  0
SEQEND
  0
ENDBLK
  0
BLOCK
  8
1
  2
P0032_05
 70
64
 10
0.0000
 20
0.0000
  0
TEXT
  8
1
 10
219.3232
 20
337.1890
 40
8.0000
 50
0.0000
  1
PIECE: 前身頃上
  7
STANDARD
  0
TEXT
  8
1
 10
219.3232
 20
327.9890
 40
8.0000
 50
0.0000
  1
SIZE: M
  7
STANDARD
  0
TEXT
  8
1
 10
219.3232
 20
318.7889
 40
8.0000
 50
0.0000
  1
FABRIC: 表生地
  7
STANDARD
  0
TEXT
  8
1
 10
219.3232
 20
309.5889
 40
8.0000
 50
0.0000
  1
QUANTITY: 1
  7
STANDARD
  0
TEXT
  8
1
 10
157.5498
 20
41.6597
 40
5.0000
 50
0.0000
  1
COMMENT: 1.0/割り
  7
STANDARD
  0
TEXT
  8
1
 10
54.3931
 20
245.8955
 40
5.0000
 50
276.4352
  1
COMMENT: 1.0/割り
  7
STANDARD
  0
TEXT
  8
1
 10
205.0264
 20
237.1548
 40
5.0000
 50
0.0000
  1
COMMENT: センタープリーツ
  7
STANDARD
  0
TEXT
  8
1
 10
205.0264
 20
232.1548
 40
5.0000
 50
0.0000
  1
COMMENT: つまみステッチ
  7
STANDARD
  0
TEXT
  8
1
 10
87.2700
 20
535.6694
 40
6.0000
 50
0.0000
  1
COMMENT: コバステッチ
  7
STANDARD
  0
TEXT
  8
1
 10
70.4990
 20
529.8223
 40
5.0000
 50
262.9083
  1
COMMENT: 1.0/左高
  7
STANDARD
  0
TEXT
  8
1
 10
193.3892
 20
641.9204
 40
5.0000
 50
2.5227
  1
COMMENT: 1.0/ベルト高
  7
STANDARD
  0
TEXT
  8
1
 10
315.3389
 20
362.5825
 40
5.0000
 50
83.5842
  1
COMMENT: 1.0/切替高
  7
STANDARD
  0
TEXT
  8
1
 10
271.1231
 20
574.0496
 40
5.0000
 50
284.4469
  1
COMMENT: 1.5cm×17cm務歯出しポケット
  7
STANDARD
  0
TEXT
  8
1
 10
266.2813
 20
572.8022
 40
5.0000
 50
284.4469
  1
COMMENT: 16cmファスナー付け
  7
STANDARD
  0
TEXT
  8
1
 10
228.5161
 20
541.5840
 40
6.0000
 50
0.0000
  1
COMMENT: コバステッチ
  7
STANDARD
  0
TEXT
  8
1
 10
267.4834
 20
593.4136
 40
5.0000
 50
283.5342
  1
COMMENT: OPEN
  7
STANDARD
  0
TEXT
  8
1
 10
200.4473
 20
613.5869
 40
6.0000
 50
0.0000
  1
COMMENT: 右のみループ
  7
STANDARD
  0
TEXT
  8
1
 10
200.4473
 20
607.5869
 40
6.0000
 50
0.0000
  1
COMMENT: 挟み込み
  7
STANDARD
  0
POLYLINE
999
1
  8
1
 66
1
 70
0
  0
VERTEX
999
1,1,,1
  8
1
 10
295.8740
 20
49.9995
  0
VERTEX
999
1,1,,2
  8
1
 10
295.8730
 20
40.0000
  0
VERTEX
999
1,2,1
  8
1
 10
187.2734
 20
40.0000
 38
10.0171
 50
90.0000
  0
VERTEX
999
1,2,1
  8
1
 10
124.4033
 20
40.0000
 38
10.0000
 50
90.0000
  0
VERTEX
999
1,1,,3
  8
1
 10
64.3936
 20
40.0000
  0
VERTEX
999
1,1,,4
  8
1
 10
64.3921
 20
49.9995
  0
VERTEX
999
1,2
  8
1
 10
63.3555
 20
70.3481
  0
VERTEX
999
1,1,1,5
  8
1
 10
62.2876
 20
90.6934
 38
10.0172
 50
3.0568
  0
VERTEX
999
1,2
  8
1
 10
61.4761
 20
105.9092
  0
VERTEX
999
1,2
  8
1
 10
60.6270
 20
121.1372
  0
VERTEX
999
1,2
  8
1
 10
59.7231
 20
136.3755
  0
VERTEX
999
1,2
  8
1
 10
58.7461
 20
151.6201
  0
VERTEX
999
1,2
  8
1
 10
57.6792
 20
166.8652
  0
VERTEX
999
1,2
  8
1
 10
56.5049
 20
182.1055
  0
VERTEX
999
1,2
  8
1
 10
55.2061
 20
197.3359
  0
VERTEX
999
1,2
  8
1
 10
53.7651
 20
212.5508
  0
VERTEX
999
1,2
  8
1
 10
52.1641
 20
227.7456
  0
VERTEX
999
1,2
  8
1
 10
50.3862
 20
242.9146
  0
VERTEX
999
1,2
  8
1
 10
48.4141
 20
258.0527
  0
VERTEX
999
1,2
  8
1
 10
46.2300
 20
273.1543
  0
VERTEX
999
1,2
  8
1
 10
43.8164
 20
288.2148
  0
VERTEX
999
1,2
  8
1
 10
41.1563
 20
303.2290
  0
VERTEX
999
1,2
  8
1
 10
38.2319
 20
318.1909
  0
VERTEX
999
1,2
  8
1
 10
35.0264
 20
333.0957
  0
VERTEX
999
1,2
  8
1
 10
31.5220
 20
347.9380
  0
VERTEX
999
1,2
  8
1
 10
27.7007
 20
362.7129
  0
VERTEX
999
1,2
  8
1
 10
23.5464
 20
377.4150
  0
VERTEX
999
1,1,,6
  8
1
 10
19.0405
 20
392.0391
  0
VERTEX
999
1,1,,7
  8
1
 10
14.9287
 20
401.1543
  0
VERTEX
999
1,2
  8
1
 10
24.1016
 20
405.2925
  0
VERTEX
999
1,2
  8
1
 10
35.5918
 20
411.6772
  0
VERTEX
999
1,2
  8
1
 10
44.3975
 20
419.0796
  0
VERTEX
999
1,2
  8
1
 10
50.9243
 20
427.4238
  0
VERTEX
999
1,2
  8
1
 10
55.5796
 20
436.6318
  0
VERTEX
999
1,2
  8
1
 10
58.7686
 20
446.6265
  0
VERTEX
999
1,2
  8
1
 10
60.8979
 20
457.3306
  0
VERTEX
999
1,2
  8
1
 10
62.3730
 20
468.6680
  0
VERTEX
999
1,2
  8
1
 10
63.6011
 20
480.5601
  0
VERTEX
999
1,1,,8
  8
1
 10
65.0322
 20
493.9565
  0
VERTEX
999
1,2
  8
1
 10
74.8423
 20
568.3042
  0
VERTEX
999
1,2
  8
1
 10
84.9736
 20
642.6470
  0
VERTEX
999
1,1,,9
  8
1
 10
86.3291
 20
652.1616
  0
VERTEX
999
1,2
  8
1
 10
95.8901
 20
651.1846
  0
VERTEX
999
1,2
  8
1
 10
107.1963
 20
650.1567
  0
VERTEX
999
1,2
  8
1
 10
118.5166
 20
649.3745
  0
VERTEX
999
1,2
  8
1
 10
129.8486
 20
648.8276
  0
VERTEX
999
1,2
  8
1
 10
141.1904
 20
648.5054
  0
VERTEX
999
1,2
  8
1
 10
152.5391
 20
648.3965
  0
VERTEX
999
1,2
  8
1
 10
163.8926
 20
648.4907
  0
VERTEX
999
1,2
  8
1
 10
175.2476
 20
648.7769
  0
VERTEX
999
1,1,,10
  8
1
 10
186.6021
 20
649.2446
  0
VERTEX
999
1,2,1
  8
1
 10
187.2734
 20
649.2954
 38
10.0171
 50
270.0000
  0
VERTEX
999
1,2
  8
1
 10
199.2612
 20
650.2065
  0
VERTEX
999
1,2
  8
1
 10
211.9092
 20
651.3770
  0
VERTEX
999
1,2
  8
1
 10
224.5415
 20
652.7397
  0
VERTEX
999
1,2
  8
1
 10
237.1548
 20
654.2788
  0
VERTEX
999
1,2
  8
1
 10
249.7461
 20
655.9771
  0
VERTEX
999
1,2
  8
1
 10
262.3110
 20
657.8184
  0
VERTEX
999
1,2
  8
1
 10
274.8472
 20
659.7866
  0
VERTEX
999
1,2
  8
1
 10
287.3501
 20
661.8647
  0
VERTEX
999
1,2
  8
1
 10
299.8164
 20
664.0366
  0
VERTEX
999
1,1,,11
  8
1
 10
312.2427
 20
666.2856
  0
VERTEX
999
1,1,,12
  8
1
 10
313.2725
 20
666.5552
  0
VERTEX
999
1,1,,13
  8
1
 10
323.2070
 20
667.6899
  0
VERTEX
999
1,2
  8
1
 10
324.3535
 20
657.6528
  0
VERTEX
999
1,2
  8
1
 10
325.8906
 20
643.1357
  0
VERTEX
999
1,2
  8
1
 10
327.1934
 20
628.6006
  0
VERTEX
999
1,2
  8
1
 10
328.2686
 20
614.0493
  0
VERTEX
999
1,2
  8
1
 10
329.1240
 20
599.4839
  0
VERTEX
999
1,2
  8
1
 10
329.7666
 20
584.9067
  0
VERTEX
999
1,2
  8
1
 10
330.2041
 20
570.3208
  0
VERTEX
999
1,2
  8
1
 10
330.4438
 20
555.7271
  0
VERTEX
999
1,2
  8
1
 10
330.4932
 20
541.1284
  0
VERTEX
999
1,2
  8
1
 10
330.3594
 20
526.5269
  0
VERTEX
999
1,2
  8
1
 10
330.0498
 20
511.9248
  0
VERTEX
999
1,2
  8
1
 10
329.5713
 20
497.3247
  0
VERTEX
999
1,2
  8
1
 10
328.9321
 20
482.7280
  0
VERTEX
999
1,2
  8
1
 10
328.1392
 20
468.1372
  0
VERTEX
999
1,2
  8
1
 10
327.1992
 20
453.5552
  0
VERTEX
999
1,2
  8
1
 10
326.1206
 20
438.9829
  0
VERTEX
999
1,2
  8
1
 10
324.9106
 20
424.4238
  0
VERTEX
999
1,2
  8
1
 10
323.5757
 20
409.8794
  0
VERTEX
999
1,1,,14
  8
1
 10
322.1240
 20
395.3521
  0
VERTEX
999
1,2
  8
1
 10
320.1523
 20
380.1968
  0
VERTEX
999
1,2
  8
1
 10
318.3228
 20
365.0254
  0
VERTEX
999
1,2
  8
1
 10
316.6265
 20
349.8394
  0
VERTEX
999
1,2
  8
1
 10
315.0522
 20
334.6392
  0
VERTEX
999
1,2
  8
1
 10
313.5898
 20
319.4268
  0
VERTEX
999
1,2
  8
1
 10
312.2300
 20
304.2031
  0
VERTEX
999
1,2
  8
1
 10
310.9619
 20
288.9697
  0
VERTEX
999
1,2
  8
1
 10
309.7754
 20
273.7275
  0
VERTEX
999
1,2
  8
1
 10
308.6606
 20
258.4780
  0
VERTEX
999
1,2
  8
1
 10
307.6074
 20
243.2222
  0
VERTEX
999
1,2
  8
1
 10
306.6050
 20
227.9619
  0
VERTEX
999
1,2
  8
1
 10
305.6440
 20
212.6973
  0
VERTEX
999
1,2
  8
1
 10
304.7139
 20
197.4307
  0
VERTEX
999
1,2
  8
1
 10
303.8042
 20
182.1626
  0
VERTEX
999
1,2
  8
1
 10
302.9053
 20
166.8950
  0
VERTEX
999
1,2
  8
1
 10
302.0068
 20
151.6284
  0
VERTEX
999
1,2
  8
1
 10
301.0986
 20
136.3647
  0
VERTEX
999
1,2
  8
1
 10
300.1704
 20
121.1050
  0
VERTEX
999
1,2
  8
1
 10
299.2124
 20
105.8501
  0
VERTEX
999
1,1,1,15
  8
1
 10
298.2139
 20
90.6016
 38
10.0171
 50
176.4172
  0
VERTEX
999
1,2
  8
1
 10
296.9946
 20
70.3027
  0
VERTEX
999
1,1,,16
  8
1
 10
295.8740
 20
49.9995
  0
SEQEND
  0
POLYLINE
999
2
  8
1
 66
1
 70
0
  0
VERTEX
999
2,1,,17
  8
1
 10
285.8618
 20
50.0000
  0
VERTEX
999
2,1,,18
  8
1
 10
74.4033
 20
50.0000
  0
VERTEX
999
2,2
  8
1
 10
73.3545
 20
70.6143
  0
VERTEX
999
2,1,,19
  8
1
 10
72.2734
 20
91.2266
  0
VERTEX
999
2,2
  8
1
 10
71.4517
 20
106.6221
  0
VERTEX
999
2,2
  8
1
 10
70.5898
 20
122.0342
  0
VERTEX
999
2,2
  8
1
 10
69.6704
 20
137.4575
  0
VERTEX
999
2,2
  8
1
 10
68.6763
 20
152.8862
  0
VERTEX
999
2,2
  8
1
 10
67.5898
 20
168.3154
  0
VERTEX
999
2,2
  8
1
 10
66.3931
 20
183.7393
  0
VERTEX
999
2,2
  8
1
 10
65.0684
 20
199.1533
  0
VERTEX
999
2,2
  8
1
 10
63.5981
 20
214.5518
  0
VERTEX
999
2,2
  8
1
 10
61.9653
 20
229.9292
  0
VERTEX
999
2,2
  8
1
 10
60.1519
 20
245.2803
  0
VERTEX
999
2,2
  8
1
 10
58.1401
 20
260.5996
  0
VERTEX
999
2,2
  8
1
 10
55.9126
 20
275.8823
  0
VERTEX
999
2,2
  8
1
 10
53.4517
 20
291.1230
  0
VERTEX
999
2,2
  8
1
 10
50.7397
 20
306.3159
  0
VERTEX
999
2,2
  8
1
 10
47.7598
 20
321.4561
  0
VERTEX
999
2,2
  8
1
 10
44.4932
 20
336.5376
  0
VERTEX
999
2,2
  8
1
 10
40.9229
 20
351.5562
  0
VERTEX
999
2,2
  8
1
 10
37.0313
 20
366.5054
  0
VERTEX
999
2,2
  8
1
 10
32.8003
 20
381.3809
  0
VERTEX
999
2,1,,20
  8
1
 10
28.2134
 20
396.1768
  0
VERTEX
999
2,2
  8
1
 10
39.8887
 20
402.4800
  0
VERTEX
999
2,2
  8
1
 10
49.1963
 20
409.6631
  0
VERTEX
999
2,2
  8
1
 10
56.4404
 20
417.6753
  0
VERTEX
999
2,2
  8
1
 10
61.9258
 20
426.4658
  0
VERTEX
999
2,2
  8
1
 10
65.9570
 20
435.9839
  0
VERTEX
999
2,2
  8
1
 10
68.8379
 20
446.1792
  0
VERTEX
999
2,2
  8
1
 10
70.8740
 20
457.0010
  0
VERTEX
999
2,2
  8
1
 10
72.3696
 20
468.3984
  0
VERTEX
999
2,2
  8
1
 10
73.6284
 20
480.3208
  0
VERTEX
999
2,1,,21
  8
1
 10
74.9556
 20
492.7178
  0
VERTEX
999
2,2
  8
1
 10
84.7563
 20
566.9985
  0
VERTEX
999
2,1,,22
  8
1
 10
94.8735
 20
641.2363
  0
VERTEX
999
2,2
  8
1
 10
106.3901
 20
640.1895
  0
VERTEX
999
2,2
  8
1
 10
117.9209
 20
639.3926
  0
VERTEX
999
2,2
  8
1
 10
129.4644
 20
638.8354
  0
VERTEX
999
2,2
  8
1
 10
141.0171
 20
638.5073
  0
VERTEX
999
2,2
  8
1
 10
152.5771
 20
638.3970
  0
VERTEX
999
2,2
  8
1
 10
164.1416
 20
638.4941
  0
VERTEX
999
2,2
  8
1
 10
175.7075
 20
638.7876
  0
VERTEX
999
2,1,,23
  8
1
 10
187.2734
 20
639.2671
  0
VERTEX
999
2,2
  8
1
 10
200.0845
 20
640.2402
  0
VERTEX
999
2,2
  8
1
 10
212.8838
 20
641.4253
  0
VERTEX
999
2,2
  8
1
 10
225.6680
 20
642.8042
  0
VERTEX
999
2,2
  8
1
 10
238.4326
 20
644.3618
  0
VERTEX
999
2,2
  8
1
 10
251.1748
 20
646.0806
  0
VERTEX
999
2,2
  8
1
 10
263.8906
 20
647.9448
  0
VERTEX
999
2,2
  8
1
 10
276.5762
 20
649.9370
  0
VERTEX
999
2,2
  8
1
 10
289.2285
 20
652.0410
  0
VERTEX
999
2,2
  8
1
 10
301.8438
 20
654.2402
  0
VERTEX
999
2,1,,24
  8
1
 10
314.4180
 20
656.5181
  0
VERTEX
999
2,2
  8
1
 10
315.9409
 20
642.1279
  0
VERTEX
999
2,2
  8
1
 10
317.2310
 20
627.7178
  0
VERTEX
999
2,2
  8
1
 10
318.2944
 20
613.2896
  0
VERTEX
999
2,2
  8
1
 10
319.1401
 20
598.8462
  0
VERTEX
999
2,2
  8
1
 10
319.7744
 20
584.3906
  0
VERTEX
999
2,2
  8
1
 10
320.2046
 20
569.9253
  0
VERTEX
999
2,2
  8
1
 10
320.4395
 20
555.4526
  0
VERTEX
999
2,2
  8
1
 10
320.4849
 20
540.9751
  0
VERTEX
999
2,2
  8
1
 10
320.3491
 20
526.4961
  0
VERTEX
999
2,2
  8
1
 10
320.0396
 20
512.0176
  0
VERTEX
999
2,2
  8
1
 10
319.5635
 20
497.5430
  0
VERTEX
999
2,2
  8
1
 10
318.9282
 20
483.0737
  0
VERTEX
999
2,2
  8
1
 10
318.1416
 20
468.6138
  0
VERTEX
999
2,2
  8
1
 10
317.2104
 20
454.1650
  0
VERTEX
999
2,2
  8
1
 10
316.1431
 20
439.7300
  0
VERTEX
999
2,2
  8
1
 10
314.9458
 20
425.3120
  0
VERTEX
999
2,2
  8
1
 10
313.6270
 20
410.9136
  0
VERTEX
999
2,1,,25
  8
1
 10
312.1934
 20
396.5366
  0
VERTEX
999
2,2
  8
1
 10
310.2168
 20
381.3413
  0
VERTEX
999
2,2
  8
1
 10
308.3833
 20
366.1333
  0
VERTEX
999
2,2
  8
1
 10
306.6826
 20
350.9126
  0
VERTEX
999
2,2
  8
1
 10
305.1045
 20
335.6802
  0
VERTEX
999
2,2
  8
1
 10
303.6396
 20
320.4380
  0
VERTEX
999
2,2
  8
1
 10
302.2764
 20
305.1860
  0
VERTEX
999
2,2
  8
1
 10
301.0059
 20
289.9258
  0
VERTEX
999
2,2
  8
1
 10
299.8169
 20
274.6582
  0
VERTEX
999
2,2
  8
1
 10
298.7002
 20
259.3843
  0
VERTEX
999
2,2
  8
1
 10
297.6445
 20
244.1045
  0
VERTEX
999
2,2
  8
1
 10
296.6406
 20
228.8208
  0
VERTEX
999
2,2
  8
1
 10
295.6777
 20
213.5332
  0
VERTEX
999
2,2
  8
1
 10
294.7456
 20
198.2432
  0
VERTEX
999
2,2
  8
1
 10
293.8345
 20
182.9517
  0
VERTEX
999
2,2
  8
1
 10
292.9341
 20
167.6597
  0
VERTEX
999
2,2
  8
1
 10
292.0342
 20
152.3682
  0
VERTEX
999
2,2
  8
1
 10
291.1240
 20
137.0781
  0
VERTEX
999
2,2
  8
1
 10
290.1943
 20
121.7905
  0
VERTEX
999
2,2
  8
1
 10
289.2339
 20
106.5063
  0
VERTEX
999
2,1,,26
  8
1
 10
288.2334
 20
91.2266
  0
VERTEX
999
2,2
  8
1
 10
286.9966
 20
70.6162
  0
VERTEX
999
2,1,,27
  8
1
 10
285.8618
 20
50.0000
  0
SEQEND
  0
LINE
999
5,1,,28
  8
1
 10
187.2734
 20
50.0000
 11
187.2734
 21
60.0171
  0
LINE
999
5,1,,30
  8
1
 10
124.4033
 20
50.0000
 11
124.4033
 21
60.0000
  0
LINE
999
5,1,,32
  8
1
 10
72.2734
 20
91.2266
 11
82.2764
 21
91.7607
  0
LINE
999
5,1,,34
  8
1
 10
187.2734
 20
639.2671
 11
187.2734
 21
629.2500
  0
LINE
999
5,1,,36
  8
1
 10
288.2334
 20
91.2266
 11
278.2358
 21
91.8525
  0
LINE
999
5,1,,38
  8
1
 10
189.2734
 20
91.2266
 11
288.2334
 21
91.2266
  0
LINE
999
5,1,,40
  8
1
 10
187.2734
 20
639.2671
 11
187.2734
 21
50.0000
  0
LINE
999
5,1,,42
  8
1
 10
187.2734
 20
639.2671
 11
187.2734
 21
50.0000
  0
LINE
999
5,1,,44
  8
1
  6
1
 10
189.2734
 20
639.3706
 11
189.2734
 21
50.0000
  0
LINE
999
5,1,,46
  8
1
 10
72.2734
 20
91.2266
 11
185.2734
 21
91.2266
  0
LINE
999
5,1,,48
  8
1
  6
1
 10
185.2734
 20
50.0000
 11
185.2734
 21
639.1680
  0
LINE
999
5,1,,50
  8
1
 10
28.1934
 20
396.2363
 11
185.2734
 21
396.2363
  0
LINE
999
5,1,,52
  8
1
 10
189.2734
 20
396.2363
 11
312.1533
 21
396.2363
  0
LINE
999
5,1,,54
  8
1
 10
181.6733
 20
476.4121
 11
318.2783
 21
458.8994
  0
LINE
999
5,1,,56
  8
1
 10
74.9556
 20
492.7178
 11
177.6733
 21
476.9409
  0
LINE
999
5,1,,58
  8
1
 10
264.6475
 20
564.0088
 11
255.6538
 21
548.9238
  0
LINE
999
5,1,,60
  8
1
 10
187.9902
 20
264.4282
 11
210.4946
 21
243.9863
  0
LINE
999
5,1,,62
  8
1
 10
187.9902
 20
264.4282
 11
197.2456
 21
260.6416
  0
LINE
999
5,1,,64
  8
1
 10
292.4561
 20
487.4575
 11
289.4834
 21
486.7402
  0
LINE
999
5,1,,66
  8
1
 10
293.1577
 20
484.5498
 11
292.4561
 21
487.4575
  0
LINE
999
5,1,,68
  8
1
 10
294.6113
 20
491.4409
 11
293.9102
 21
494.3486
  0
LINE
999
5,1,,70
  8
1
 10
288.7378
 20
489.8306
 11
289.4419
 21
486.9131
  0
LINE
999
5,1,,72
  8
1
 10
294.6558
 20
491.2583
 11
291.6831
 21
490.5415
  0
LINE
999
5,1,,74
  8
1
 10
291.7100
 20
490.5479
 11
288.7378
 21
489.8306
  0
LINE
999
5,1,,76
  8
1
 10
292.4121
 20
487.6396
 11
291.7100
 21
490.5479
  0
LINE
999
5,1,,78
  8
1
 10
293.8657
 20
494.5308
 11
293.1641
 21
497.4385
  0
LINE
999
5,1,,80
  8
1
 10
287.9917
 20
492.9204
 11
288.6958
 21
490.0029
  0
LINE
999
5,1,,82
  8
1
 10
293.9102
 20
494.3486
 11
290.9375
 21
493.6313
  0
LINE
999
5,1,,84
  8
1
 10
290.9644
 20
493.6377
 11
287.9917
 21
492.9204
  0
LINE
999
5,1,,86
  8
1
 10
291.6660
 20
490.7300
 11
290.9644
 21
493.6377
  0
LINE
999
5,1,,88
  8
1
 10
293.1201
 20
497.6206
 11
292.4185
 21
500.5288
  0
LINE
999
5,1,,90
  8
1
 10
287.2461
 20
496.0103
 11
287.9502
 21
493.0933
  0
LINE
999
5,1,,92
  8
1
 10
293.1641
 20
497.4385
 11
290.1914
 21
496.7212
  0
LINE
999
5,1,,94
  8
1
 10
290.2188
 20
496.7280
 11
287.2461
 21
496.0103
  0
LINE
999
5,1,,96
  8
1
 10
290.9204
 20
493.8198
 11
290.2188
 21
496.7280
  0
LINE
999
5,1,,98
  8
1
 10
292.3745
 20
500.7109
 11
291.6729
 21
503.6187
  0
LINE
999
5,1,,100
  8
1
 10
286.5005
 20
499.1006
 11
287.2046
 21
496.1831
  0
LINE
999
5,1,,102
  8
1
 10
285.7549
 20
502.1909
 11
286.4585
 21
499.2734
  0
LINE
999
5,1,,104
  8
1
 10
265.7471
 20
597.7534
 11
288.6719
 21
503.0776
  0
LINE
999
5,1,,106
  8
1
 10
291.6729
 20
503.6187
 11
288.7002
 21
502.9014
  0
LINE
999
5,1,,108
  8
1
 10
288.7271
 20
502.9082
 11
285.7549
 21
502.1909
  0
LINE
999
5,1,,110
  8
1
 10
292.4185
 20
500.5288
 11
289.4458
 21
499.8115
  0
LINE
999
5,1,,112
  8
1
 10
289.4731
 20
499.8179
 11
286.5005
 21
499.1006
  0
LINE
999
5,1,,114
  8
1
 10
290.1748
 20
496.9102
 11
289.4731
 21
499.8179
  0
LINE
999
5,1,,116
  8
1
 10
289.4287
 20
500.0005
 11
288.7271
 21
502.9082
  0
LINE
999
5,1,,118
  8
1
 10
297.6323
 20
466.0093
 11
296.9307
 21
468.9170
  0
LINE
999
5,1,,120
  8
1
 10
296.9307
 20
468.9170
 11
293.9580
 21
468.1997
  0
LINE
999
5,1,,122
  8
1
 10
294.6621
 20
465.2822
 11
297.6323
 21
466.0093
  0
LINE
999
5,1,,124
  8
1
 10
293.9580
 20
468.1997
 11
294.6621
 21
465.2822
  0
LINE
999
5,1,,126
  8
1
 10
266.1680
 20
627.8853
 11
306.1289
 21
462.7285
  0
LINE
999
5,1,,128
  8
1
 10
251.5894
 20
624.3550
 11
266.1680
 21
627.8853
  0
LINE
999
5,1,,130
  8
1
 10
291.5503
 20
459.1982
 11
251.5894
 21
624.3550
  0
LINE
999
5,1,,132
  8
1
 10
306.1289
 20
462.7285
 11
291.5503
 21
459.1982
  0
LINE
999
5,1,,134
  8
1
 10
305.8276
 20
506.4878
 11
281.1499
 21
459.6499
  0
LINE
999
5,1,,136
  8
1
  6
3
 10
273.5352
 20
639.9580
 11
318.2061
 21
455.3564
  0
LINE
999
5,1,,138
  8
1
  6
3
 10
284.1812
 20
447.1211
 11
239.5200
 21
631.7231
  0
LINE
999
5,1,,140
  8
1
 10
305.1196
 20
509.4351
 11
280.4385
 21
462.5903
  0
LINE
999
5,1,,142
  8
1
 10
306.5430
 20
503.5547
 11
281.8613
 21
456.7095
  0
LINE
999
5,1,,144
  8
1
  6
3
 10
318.2061
 20
455.3564
 11
284.1812
 21
447.1211
  0
LINE
999
5,1,,146
  8
1
  6
3
 10
239.5200
 20
631.7231
 11
273.5352
 21
639.9580
  0
LINE
999
5,1,,148
  8
1
 10
295.4014
 20
488.1685
 11
292.4287
 21
487.4512
  0
LINE
999
5,1,,150
  8
1
 10
289.4834
 20
486.7402
 11
290.1875
 21
483.8228
  0
LINE
999
5,1,,152
  8
1
 10
295.3574
 20
488.3506
 11
294.6558
 21
491.2583
  0
LINE
999
5,1,,154
  8
1
 10
293.9033
 20
481.4595
 11
293.2017
 21
484.3677
  0
LINE
999
5,1,,156
  8
1
 10
293.2017
 20
484.3677
 11
290.2290
 21
483.6499
  0
LINE
999
5,1,,158
  8
1
 10
296.1470
 20
485.0786
 11
293.1748
 21
484.3608
  0
LINE
999
5,1,,160
  8
1
 10
290.2290
 20
483.6499
 11
290.9331
 21
480.7329
  0
LINE
999
5,1,,162
  8
1
 10
296.1030
 20
485.2603
 11
295.4014
 21
488.1685
  0
LINE
999
5,1,,164
  8
1
 10
294.6494
 20
478.3696
 11
293.9473
 21
481.2773
  0
LINE
999
5,1,,166
  8
1
 10
293.9473
 20
481.2773
 11
290.9746
 21
480.5601
  0
LINE
999
5,1,,168
  8
1
 10
296.8931
 20
481.9883
 11
293.9204
 21
481.2710
  0
LINE
999
5,1,,170
  8
1
 10
290.9746
 20
480.5601
 11
291.6787
 21
477.6426
  0
LINE
999
5,1,,172
  8
1
 10
296.8486
 20
482.1704
 11
296.1470
 21
485.0786
  0
LINE
999
5,1,,174
  8
1
 10
295.3950
 20
475.2793
 11
294.6934
 21
478.1870
  0
LINE
999
5,1,,176
  8
1
 10
294.6934
 20
478.1870
 11
291.7207
 21
477.4702
  0
LINE
999
5,1,,178
  8
1
 10
297.6387
 20
478.8979
 11
294.6660
 21
478.1807
  0
LINE
999
5,1,,180
  8
1
 10
291.7207
 20
477.4702
 11
292.4248
 21
474.5527
  0
LINE
999
5,1,,182
  8
1
 10
297.5947
 20
479.0806
 11
296.8931
 21
481.9883
  0
LINE
999
5,1,,184
  8
1
 10
296.1406
 20
472.1890
 11
295.4390
 21
475.0972
  0
LINE
999
5,1,,186
  8
1
 10
295.4390
 20
475.0972
 11
292.4663
 21
474.3799
  0
LINE
999
5,1,,188
  8
1
 10
298.3843
 20
475.8081
 11
295.4116
 21
475.0903
  0
LINE
999
5,1,,190
  8
1
 10
292.4663
 20
474.3799
 11
293.1704
 21
471.4624
  0
LINE
999
5,1,,192
  8
1
 10
298.3403
 20
475.9902
 11
297.6387
 21
478.8979
  0
LINE
999
5,1,,194
  8
1
 10
296.8867
 20
469.0991
 11
296.1846
 21
472.0073
  0
LINE
999
5,1,,196
  8
1
 10
296.1846
 20
472.0073
 11
293.2119
 21
471.2896
  0
LINE
999
5,1,,198
  8
1
 10
299.1299
 20
472.7178
 11
296.1577
 21
472.0005
  0
LINE
999
5,1,,200
  8
1
 10
293.2119
 20
471.2896
 11
293.9160
 21
468.3726
  0
LINE
999
5,1,,202
  8
1
 10
299.0859
 20
472.8999
 11
298.3843
 21
475.8081
  0
LINE
999
5,1,,204
  8
1
 10
299.8760
 20
469.6274
 11
296.9033
 21
468.9106
  0
LINE
999
5,1,,206
  8
1
 10
299.8320
 20
469.8101
 11
299.1299
 21
472.7178
  0
LINE
999
5,1,,208
  8
1
 10
297.6074
 20
465.9932
 11
300.5776
 21
466.7202
  0
LINE
999
5,1,,210
  8
1
 10
300.5776
 20
466.7202
 11
299.8760
 21
469.6274
  0
LINE
999
5,1,,212
  8
1
 10
265.7188
 20
597.9292
 11
265.0542
 21
600.6753
  0
LINE
999
5,1,,214
  8
1
 10
262.7490
 20
597.2007
 11
265.7188
 21
597.9292
  0
LINE
999
5,1,,216
  8
1
 10
265.6943
 20
597.9141
 11
268.6641
 21
598.6426
  0
LINE
999
5,1,,218
  8
1
 10
265.0542
 20
600.6753
 11
262.0820
 21
599.9556
  0
LINE
999
5,1,,220
  8
1
 10
267.9990
 20
601.3882
 11
265.0273
 21
600.6685
  0
LINE
999
5,1,,222
  8
1
 10
265.0127
 20
600.8472
 11
264.3477
 21
603.5933
  0
LINE
999
5,1,,224
  8
1
 10
262.0820
 20
599.9556
 11
262.7490
 21
597.2007
  0
LINE
999
5,1,,226
  8
1
 10
261.3755
 20
602.8735
 11
262.0430
 21
600.1187
  0
LINE
999
5,1,,228
  8
1
 10
268.6641
 20
598.6426
 11
267.9990
 21
601.3882
  0
LINE
999
5,1,,230
  8
1
 10
267.9575
 20
601.5605
 11
267.2925
 21
604.3062
  0
LINE
999
5,1,,232
  8
1
 10
264.3477
 20
603.5933
 11
261.3755
 21
602.8735
  0
LINE
999
5,1,,234
  8
1
 10
267.2925
 20
604.3062
 11
264.3203
 21
603.5864
  0
LINE
999
5,1,,236
  8
1
 10
264.3062
 20
603.7651
 11
263.6411
 21
606.5112
  0
LINE
999
5,1,,238
  8
1
 10
260.6689
 20
605.7915
 11
261.3359
 21
603.0366
  0
LINE
999
5,1,,240
  8
1
 10
267.2510
 20
604.4780
 11
266.5859
 21
607.2241
  0
LINE
999
5,1,,242
  8
1
 10
263.6411
 20
606.5112
 11
260.6689
 21
605.7915
  0
LINE
999
5,1,,244
  8
1
 10
266.5859
 20
607.2241
 11
263.6143
 21
606.5044
  0
LINE
999
5,1,,246
  8
1
 10
263.5996
 20
606.6831
 11
262.9346
 21
609.4292
  0
LINE
999
5,1,,248
  8
1
 10
259.9624
 20
608.7095
 11
260.6294
 21
605.9546
  0
LINE
999
5,1,,250
  8
1
 10
266.5444
 20
607.3960
 11
265.8794
 21
610.1421
  0
LINE
999
5,1,,252
  8
1
 10
262.9346
 20
609.4292
 11
259.9624
 21
608.7095
  0
LINE
999
5,1,,254
  8
1
 10
265.8794
 20
610.1421
 11
262.9072
 21
609.4224
  0
LINE
999
5,1,,256
  8
1
 10
262.8931
 20
609.6011
 11
262.2280
 21
612.3467
  0
LINE
999
5,1,,258
  8
1
 10
259.2559
 20
611.6274
 11
259.9229
 21
608.8726
  0
LINE
999
5,1,,260
  8
1
 10
265.8379
 20
610.3140
 11
265.1729
 21
613.0601
  0
LINE
999
5,1,,262
  8
1
 10
262.2280
 20
612.3467
 11
259.2559
 21
611.6274
  0
LINE
999
5,1,,264
  8
1
 10
265.1729
 20
613.0601
 11
262.2012
 21
612.3403
  0
LINE
999
5,1,,266
  8
1
 10
262.1865
 20
612.5190
 11
261.5215
 21
615.2646
  0
LINE
999
5,1,,268
  8
1
 10
258.5493
 20
614.5454
 11
259.2163
 21
611.7905
  0
LINE
999
5,1,,270
  8
1
 10
265.1313
 20
613.2319
 11
264.4663
 21
615.9780
  0
LINE
999
5,1,,272
  8
1
 10
261.5215
 20
615.2646
 11
258.5493
 21
614.5454
  0
LINE
999
5,1,,274
  8
1
 10
264.4663
 20
615.9780
 11
261.4941
 21
615.2583
  0
LINE
999
5,1,,276
  8
1
 10
261.4800
 20
615.4370
 11
260.8149
 21
618.1831
  0
LINE
999
5,1,,278
  8
1
 10
257.8428
 20
617.4634
 11
258.5098
 21
614.7085
  0
LINE
999
5,1,,280
  8
1
 10
264.4248
 20
616.1499
 11
263.7598
 21
618.8960
  0
LINE
999
5,1,,282
  8
1
 10
260.8149
 20
618.1831
 11
257.8428
 21
617.4634
  0
LINE
999
5,1,,284
  8
1
 10
263.7598
 20
618.8960
 11
260.7876
 21
618.1763
  0
LINE
999
5,1,,286
  8
1
 10
260.7734
 20
618.3550
 11
260.1084
 21
621.1006
  0
LINE
999
5,1,,288
  8
1
 10
257.1362
 20
620.3813
 11
257.8037
 21
617.6265
  0
LINE
999
5,1,,290
  8
1
 10
263.7183
 20
619.0679
 11
263.0532
 21
621.8140
  0
LINE
999
5,1,,292
  8
1
 10
260.1084
 20
621.1006
 11
257.1362
 21
620.3813
  0
LINE
999
5,1,,294
  8
1
 10
263.0532
 20
621.8140
 11
260.0811
 21
621.0942
  0
LINE
999
5,1,,296
  8
1
  6
1
 10
307.9395
 20
461.6240
 11
290.4453
 21
457.3877
  0
LINE
999
5,1,,298
  8
1
  6
1
 10
290.4453
 20
457.3877
 11
249.7788
 21
625.4600
  0
LINE
999
5,1,,300
  8
1
  6
1
 10
249.7788
 20
625.4600
 11
267.2729
 21
629.6963
  0
LINE
999
5,1,,302
  8
1
  6
1
 10
267.2729
 20
629.6963
 11
307.9395
 21
461.6240
  0
LINE
999
5,1,,304
  8
1
 10
270.7598
 20
577.1499
 11
272.8555
 21
581.5376
  0
LINE
999
5,1,,306
  8
1
 10
266.7822
 20
580.1577
 11
270.7598
 21
577.1499
  0
LINE
999
5,1,,308
  8
1
 10
264.6475
 20
564.0088
 11
256.8975
 21
557.6890
  0
LINE
999
5,1,,310
  8
1
 10
79.4009
 20
511.2808
 11
103.8950
 21
534.7075
  0
LINE
999
5,1,,312
  8
1
 10
79.4009
 20
511.2808
 11
83.8281
 21
520.2476
  0
LINE
999
5,1,,314
  8
1
 10
196.9033
 20
620.3281
 11
197.0234
 21
616.8584
  0
LINE
999
5,1,,316
  8
1
 10
195.7031
 20
620.2979
 11
195.8135
 21
616.8179
  0
LINE
999
5,1,,318
  8
1
 10
180.1733
 20
616.3081
 11
180.0635
 21
619.7881
  0
LINE
999
5,1,,320
  8
1
 10
178.9634
 20
616.2783
 11
178.8535
 21
619.7480
  0
LINE
999
5,1,,322
  8
1
 10
194.9434
 20
621.0078
 11
194.9624
 21
621.0083
  0
LINE
999
5,1,,324
  8
1
 10
180.2935
 20
619.6479
 11
179.7437
 21
638.9204
  0
LINE
999
5,1,,326
  8
1
  6
1
 10
193.2261
 20
639.5898
 11
193.7832
 21
620.0381
  0
LINE
999
5,1,,328
  8
1
 10
194.7246
 20
639.6777
 11
195.2832
 21
620.0781
  0
LINE
999
5,1,,330
  8
1
  6
1
 10
181.7935
 20
619.5581
 11
181.2393
 21
638.9834
  0
LINE
999
5,1,,332
  8
1
 10
195.2935
 20
619.9482
 11
180.2935
 21
619.5181
  0
LINE
999
5,1,,334
  8
1
 10
180.7334
 20
621.7480
 11
194.9033
 21
622.2080
  0
LINE
999
5,1,,336
  8
1
 10
180.7734
 20
620.5479
 11
194.9434
 21
621.0078
  0
LINE
999
5,1,,338
  8
1
 10
194.9268
 20
632.5742
 11
208.0820
 21
621.0635
  0
LINE
999
5,1,,340
  8
1
 10
194.9268
 20
632.5742
 11
204.3130
 21
629.1235
  0
POLYLINE
999
5
  8
1
  6
1
 66
1
 70
0
  0
VERTEX
999
5,1,,342
  8
1
 10
76.4434
 20
492.5288
  0
VERTEX
999
5,2
  8
1
 10
75.1265
 20
480.1987
  0
VERTEX
999
5,2
  8
1
 10
73.8711
 20
468.2622
  0
VERTEX
999
5,2
  8
1
 10
72.3657
 20
456.7842
  0
VERTEX
999
5,2
  8
1
 10
70.2993
 20
445.8301
  0
VERTEX
999
5,2
  8
1
 10
67.3594
 20
435.4644
  0
VERTEX
999
5,2
  8
1
 10
63.2358
 20
425.7524
  0
VERTEX
999
5,2
  8
1
 10
57.6162
 20
416.7588
  0
VERTEX
999
5,2
  8
1
 10
50.1895
 20
408.5488
  0
VERTEX
999
5,2
  8
1
 10
40.6445
 20
401.1870
  0
VERTEX
999
5,1,,343
  8
1
 10
28.6694
 20
394.7388
  0
SEQEND
  0
POLYLINE
999
5
  8
1
  6
1
 66
1
 70
0
  0
VERTEX
999
5,1,,344
  8
1
 10
96.3672
 20
641.0884
  0
VERTEX
999
5,2
  8
1
 10
86.2466
 20
566.8296
  0
VERTEX
999
5,1,,345
  8
1
 10
76.4434
 20
492.5288
  0
SEQEND
  0
POLYLINE
999
5
  8
1
 66
1
 70
0
  0
VERTEX
999
5,1,,346
  8
1
 10
188.2432
 20
608.7480
  0
VERTEX
999
5,2
  8
1
 10
185.1807
 20
609.2617
  0
VERTEX
999
5,2
  8
1
 10
182.6411
 20
610.8550
  0
VERTEX
999
5,2
  8
1
 10
180.8853
 20
613.2852
  0
VERTEX
999
5,1,,347
  8
1
 10
180.1733
 20
616.3081
  0
SEQEND
  0
POLYLINE
999
5
  8
1
 66
1
 70
0
  0
VERTEX
999
5,1,,348
  8
1
 10
195.8135
 20
616.8179
  0
VERTEX
999
5,2
  8
1
 10
195.2983
 20
613.7529
  0
VERTEX
999
5,2
  8
1
 10
193.7021
 20
611.2129
  0
VERTEX
999
5,2
  8
1
 10
191.2690
 20
609.4580
  0
VERTEX
999
5,1,,349
  8
1
 10
188.2432
 20
608.7480
  0
SEQEND
  0
POLYLINE
999
5
  8
1
 66
1
 70
0
  0
VERTEX
999
5,1,,350
  8
1
 10
188.2832
 20
607.5381
  0
VERTEX
999
5,2
  8
1
 10
184.7188
 20
608.1836
  0
VERTEX
999
5,2
  8
1
 10
181.8701
 20
610.0220
  0
VERTEX
999
5,2
  8
1
 10
179.8979
 20
612.8037
  0
VERTEX
999
5,1,,351
  8
1
 10
178.9634
 20
616.2783
  0
SEQEND
  0
POLYLINE
999
5
  8
1
 66
1
 70
0
  0
VERTEX
999
5,1,,352
  8
1
 10
197.0234
 20
616.8584
  0
VERTEX
999
5,2
  8
1
 10
196.4277
 20
613.3198
  0
VERTEX
999
5,2
  8
1
 10
194.5850
 20
610.3872
  0
VERTEX
999
5,2
  8
1
 10
191.7759
 20
608.3599
  0
VERTEX
999
5,1,,353
  8
1
 10
188.2832
 20
607.5381
  0
SEQEND
  0
LINE
999
5,1,,354
  8
1
 10
195.6382
 20
620.5791
 11
195.6523
 21
620.5464
  0
LINE
999
5,1,,356
  8
1
 10
195.6226
 20
620.6108
 11
195.6382
 21
620.5791
  0
LINE
999
5,1,,358
  8
1
 10
195.6055
 20
620.6421
 11
195.6226
 21
620.6108
  0
LINE
999
5,1,,360
  8
1
 10
195.5454
 20
620.7295
 11
195.6055
 21
620.6421
  0
LINE
999
5,1,,362
  8
1
 10
195.4604
 20
620.8188
 11
195.5454
 21
620.7295
  0
LINE
999
5,1,,364
  8
1
 10
195.3613
 20
620.8936
 11
195.4604
 21
620.8188
  0
LINE
999
5,1,,366
  8
1
 10
195.3306
 20
620.9116
 11
195.3613
 21
620.8936
  0
LINE
999
5,1,,368
  8
1
 10
195.2993
 20
620.9287
 11
195.3306
 21
620.9116
  0
LINE
999
5,1,,370
  8
1
 10
195.1475
 20
620.9854
 11
195.2993
 21
620.9287
  0
LINE
999
5,1,,372
  8
1
 10
195.0933
 20
620.9971
 11
195.1475
 21
620.9854
  0
LINE
999
5,1,,374
  8
1
 10
195.0005
 20
621.0073
 11
195.0933
 21
620.9971
  0
LINE
999
5,1,,376
  8
1
 10
194.9624
 20
621.0083
 11
195.0005
 21
621.0073
  0
POLYLINE
999
5
  8
1
 66
1
 70
0
  0
VERTEX
999
5,1,,378
  8
1
 10
194.9033
 20
622.2080
  0
VERTEX
999
5,2
  8
1
 10
195.7095
 20
622.0308
  0
VERTEX
999
5,2
  8
1
 10
196.2593
 20
621.6509
  0
VERTEX
999
5,2
  8
1
 10
196.6309
 20
621.0801
  0
VERTEX
999
5,1,,379
  8
1
 10
196.9033
 20
620.3281
  0
SEQEND
  0
LINE
999
5,1,,380
  8
1
 10
195.7017
 20
620.3354
 11
195.7031
 21
620.2979
  0
LINE
999
5,1,,382
  8
1
 10
195.6978
 20
620.3721
 11
195.7017
 21
620.3354
  0
LINE
999
5,1,,384
  8
1
 10
195.6704
 20
620.4961
 11
195.6978
 21
620.3721
  0
LINE
999
5,1,,386
  8
1
 10
195.6523
 20
620.5464
 11
195.6704
 21
620.4961
  0
POLYLINE
999
5
  8
1
 66
1
 70
0
  0
VERTEX
999
5,1,,388
  8
1
 10
180.0635
 20
619.7881
  0
VERTEX
999
5,2
  8
1
 10
180.1084
 20
620.0781
  0
VERTEX
999
5,2
  8
1
 10
180.2573
 20
620.3184
  0
VERTEX
999
5,2
  8
1
 10
180.4873
 20
620.4834
  0
VERTEX
999
5,1,,389
  8
1
 10
180.7734
 20
620.5479
  0
SEQEND
  0
POLYLINE
999
5
  8
1
 66
1
 70
0
  0
VERTEX
999
5,1,,390
  8
1
 10
178.8535
 20
619.7480
  0
VERTEX
999
5,2
  8
1
 10
178.9829
 20
620.5078
  0
VERTEX
999
5,2
  8
1
 10
179.3799
 20
621.1372
  0
VERTEX
999
5,2
  8
1
 10
179.9834
 20
621.5718
  0
VERTEX
999
5,1,,391
  8
1
 10
180.7334
 20
621.7480
  0
SEQEND
  0
ENDBLK
  0
BLOCK
  8
1
  2
P0033_06
 70
64
 10
0.0000
 20
0.0000
  0
TEXT
  8
1
 10
219.3232
 20
327.1890
 40
8.0000
 50
0.0000
  1
PIECE: 前身頃上
  7
STANDARD
  0
TEXT
  8
1
 10
219.3232
 20
317.9890
 40
8.0000
 50
0.0000
  1
SIZE: L
  7
STANDARD
  0
TEXT
  8
1
 10
219.3232
 20
308.7889
 40
8.0000
 50
0.0000
  1
FABRIC: 表生地
  7
STANDARD
  0
TEXT
  8
1
 10
219.3232
 20
299.5889
 40
8.0000
 50
0.0000
  1
QUANTITY: 1
  7
STANDARD
  0
TEXT
  8
1
 10
157.5498
 20
21.6597
 40
5.0000
 50
0.0000
  1
COMMENT: 1.0/割り
  7
STANDARD
  0
TEXT
  8
1
 10
49.3931
 20
235.8955
 40
5.0000
 50
276.4352
  1
COMMENT: 1.0/割り
  7
STANDARD
  0
TEXT
  8
1
 10
205.0264
 20
227.1548
 40
5.0000
 50
0.0000
  1
COMMENT: センタープリーツ
  7
STANDARD
  0
TEXT
  8
1
 10
205.0264
 20
222.1548
 40
5.0000
 50
0.0000
  1
COMMENT: つまみステッチ
  7
STANDARD
  0
TEXT
  8
1
 10
82.7700
 20
525.6694
 40
6.0000
 50
0.0000
  1
COMMENT: コバステッチ
  7
STANDARD
  0
TEXT
  8
1
 10
65.9990
 20
519.8223
 40
5.0000
 50
262.9083
  1
COMMENT: 1.0/左高
  7
STANDARD
  0
TEXT
  8
1
 10
193.3892
 20
641.9204
 40
5.0000
 50
2.5227
  1
COMMENT: 1.0/ベルト高
  7
STANDARD
  0
TEXT
  8
1
 10
320.3389
 20
352.5825
 40
5.0000
 50
83.5842
  1
COMMENT: 1.0/切替高
  7
STANDARD
  0
TEXT
  8
1
 10
276.1231
 20
574.0496
 40
5.0000
 50
284.4469
  1
COMMENT: 1.5cm×17cm務歯出しポケット
  7
STANDARD
  0
TEXT
  8
1
 10
271.2813
 20
572.8022
 40
5.0000
 50
284.4469
  1
COMMENT: 16cmファスナー付け
  7
STANDARD
  0
TEXT
  8
1
 10
233.5161
 20
541.5840
 40
6.0000
 50
0.0000
  1
COMMENT: コバステッチ
  7
STANDARD
  0
TEXT
  8
1
 10
272.4834
 20
593.4136
 40
5.0000
 50
283.5342
  1
COMMENT: OPEN
  7
STANDARD
  0
TEXT
  8
1
 10
200.4473
 20
613.5869
 40
6.0000
 50
0.0000
  1
COMMENT: 右のみループ
  7
STANDARD
  0
TEXT
  8
1
 10
200.4473
 20
607.5869
 40
6.0000
 50
0.0000
  1
COMMENT: 挟み込み
  7
STANDARD
  0
POLYLINE
999
1
  8
1
 66
1
 70
0
  0
VERTEX
999
1,1,,1
  8
1
 10
300.8750
 20
30.0000
  0
VERTEX
999
1,1,,2
  8
1
 10
300.8740
 20
20.0000
  0
VERTEX
999
1,2,1
  8
1
 10
187.2734
 20
20.0000
 38
10.0171
 50
90.0000
  0
VERTEX
999
1,2,1
  8
1
 10
119.4033
 20
20.0000
 38
10.0000
 50
90.0000
  0
VERTEX
999
1,1,,3
  8
1
 10
59.3921
 20
20.0000
  0
VERTEX
999
1,1,,4
  8
1
 10
59.3916
 20
29.9995
  0
VERTEX
999
1,2
  8
1
 10
58.3550
 20
50.3506
  0
VERTEX
999
1,1,1,5
  8
1
 10
57.2876
 20
70.6934
 38
10.0172
 50
3.0568
  0
VERTEX
999
1,2
  8
1
 10
56.5190
 20
86.4331
  0
VERTEX
999
1,2
  8
1
 10
55.7129
 20
102.1626
  0
VERTEX
999
1,2
  8
1
 10
54.8496
 20
117.9028
  0
VERTEX
999
1,2
  8
1
 10
53.9116
 20
133.6499
  0
VERTEX
999
1,2
  8
1
 10
52.8809
 20
149.3970
  0
VERTEX
999
1,2
  8
1
 10
51.7388
 20
165.1401
  0
VERTEX
999
1,2
  8
1
 10
50.4678
 20
180.8726
  0
VERTEX
999
1,2
  8
1
 10
49.0503
 20
196.5903
  0
VERTEX
999
1,2
  8
1
 10
47.4673
 20
212.2871
  0
VERTEX
999
1,2
  8
1
 10
45.7017
 20
227.9585
  0
VERTEX
999
1,2
  8
1
 10
43.7349
 20
243.5981
  0
VERTEX
999
1,2
  8
1
 10
41.5493
 20
259.2017
  0
VERTEX
999
1,2
  8
1
 10
39.1270
 20
274.7632
  0
VERTEX
999
1,2
  8
1
 10
36.4497
 20
290.2778
  0
VERTEX
999
1,2
  8
1
 10
33.4990
 20
305.7397
  0
VERTEX
999
1,2
  8
1
 10
30.2578
 20
321.1440
  0
VERTEX
999
1,2
  8
1
 10
26.7075
 20
336.4854
  0
VERTEX
999
1,2
  8
1
 10
22.8301
 20
351.7578
  0
VERTEX
999
1,2
  8
1
 10
18.6079
 20
366.9570
  0
VERTEX
999
1,1,,6
  8
1
 10
14.0229
 20
382.0771
  0
VERTEX
999
1,1,,7
  8
1
 10
9.9492
 20
391.2100
  0
VERTEX
999
1,2
  8
1
 10
19.1396
 20
395.3096
  0
VERTEX
999
1,2
  8
1
 10
30.6831
 20
401.6606
  0
VERTEX
999
1,2
  8
1
 10
39.5400
 20
409.0430
  0
VERTEX
999
1,2
  8
1
 10
46.1177
 20
417.3784
  0
VERTEX
999
1,2
  8
1
 10
50.8223
 20
426.5879
  0
VERTEX
999
1,2
  8
1
 10
54.0610
 20
436.5918
  0
VERTEX
999
1,2
  8
1
 10
56.2402
 20
447.3115
  0
VERTEX
999
1,2
  8
1
 10
57.7666
 20
458.6680
  0
VERTEX
999
1,2
  8
1
 10
59.0474
 20
470.5825
  0
VERTEX
999
1,1,,8
  8
1
 10
60.5337
 20
483.9668
  0
VERTEX
999
1,2
  8
1
 10
70.8330
 20
563.2974
  0
VERTEX
999
1,2
  8
1
 10
81.4707
 20
642.6260
  0
VERTEX
999
1,1,,9
  8
1
 10
82.8076
 20
652.1563
  0
VERTEX
999
1,2
  8
1
 10
92.3823
 20
651.1851
  0
VERTEX
999
1,2
  8
1
 10
104.1475
 20
650.1250
  0
VERTEX
999
1,2
  8
1
 10
115.9263
 20
649.3213
  0
VERTEX
999
1,2
  8
1
 10
127.7158
 20
648.7622
  0
VERTEX
999
1,2
  8
1
 10
139.5117
 20
648.4375
  0
VERTEX
999
1,2
  8
1
 10
151.3105
 20
648.3350
  0
VERTEX
999
1,2
  8
1
 10
163.1094
 20
648.4438
  0
VERTEX
999
1,2
  8
1
 10
174.9038
 20
648.7524
  0
VERTEX
999
1,1,,10
  8
1
 10
186.6904
 20
649.2500
  0
VERTEX
999
1,2,1
  8
1
 10
187.2734
 20
649.2891
 38
10.0171
 50
270.0000
  0
VERTEX
999
1,2
  8
1
 10
200.2524
 20
650.1602
  0
VERTEX
999
1,2
  8
1
 10
213.8032
 20
651.2939
  0
VERTEX
999
1,2
  8
1
 10
227.3398
 20
652.6343
  0
VERTEX
999
1,2
  8
1
 10
240.8584
 20
654.1626
  0
VERTEX
999
1,2
  8
1
 10
254.3540
 20
655.8623
  0
VERTEX
999
1,2
  8
1
 10
267.8232
 20
657.7148
  0
VERTEX
999
1,2
  8
1
 10
281.2622
 20
659.7036
  0
VERTEX
999
1,2
  8
1
 10
294.6670
 20
661.8110
  0
VERTEX
999
1,2
  8
1
 10
308.0337
 20
664.0186
  0
VERTEX
999
1,1,,11
  8
1
 10
321.3579
 20
666.3096
  0
VERTEX
999
1,1,,12
  8
1
 10
322.4170
 20
666.5708
  0
VERTEX
999
1,1,,13
  8
1
 10
332.3677
 20
667.5615
  0
VERTEX
999
1,2
  8
1
 10
333.3687
 20
657.5088
  0
VERTEX
999
1,2
  8
1
 10
334.7456
 20
642.4189
  0
VERTEX
999
1,2
  8
1
 10
335.8789
 20
627.3145
  0
VERTEX
999
1,2
  8
1
 10
336.7759
 20
612.1978
  0
VERTEX
999
1,2
  8
1
 10
337.4448
 20
597.0703
  0
VERTEX
999
1,2
  8
1
 10
337.8931
 20
581.9351
  0
VERTEX
999
1,2
  8
1
 10
338.1279
 20
566.7930
  0
VERTEX
999
1,2
  8
1
 10
338.1572
 20
551.6465
  0
VERTEX
999
1,2
  8
1
 10
337.9888
 20
536.4971
  0
VERTEX
999
1,2
  8
1
 10
337.6304
 20
521.3477
  0
VERTEX
999
1,2
  8
1
 10
337.0898
 20
506.1992
  0
VERTEX
999
1,2
  8
1
 10
336.3740
 20
491.0537
  0
VERTEX
999
1,2
  8
1
 10
335.4917
 20
475.9141
  0
VERTEX
999
1,2
  8
1
 10
334.4497
 20
460.7813
  0
VERTEX
999
1,2
  8
1
 10
333.2559
 20
445.6577
  0
VERTEX
999
1,2
  8
1
 10
331.9180
 20
430.5449
  0
VERTEX
999
1,2
  8
1
 10
330.4434
 20
415.4453
  0
VERTEX
999
1,2
  8
1
 10
328.8403
 20
400.3608
  0
VERTEX
999
1,1,,14
  8
1
 10
327.1162
 20
385.2935
  0
VERTEX
999
1,2
  8
1
 10
325.1270
 20
369.6313
  0
VERTEX
999
1,2
  8
1
 10
323.2832
 20
353.9551
  0
VERTEX
999
1,2
  8
1
 10
321.5752
 20
338.2661
  0
VERTEX
999
1,2
  8
1
 10
319.9927
 20
322.5654
  0
VERTEX
999
1,2
  8
1
 10
318.5244
 20
306.8540
  0
VERTEX
999
1,2
  8
1
 10
317.1606
 20
291.1323
  0
VERTEX
999
1,2
  8
1
 10
315.8906
 20
275.4023
  0
VERTEX
999
1,2
  8
1
 10
314.7046
 20
259.6646
  0
VERTEX
999
1,2
  8
1
 10
313.5918
 20
243.9199
  0
VERTEX
999
1,2
  8
1
 10
312.5415
 20
228.1699
  0
VERTEX
999
1,2
  8
1
 10
311.5439
 20
212.4155
  0
VERTEX
999
1,2
  8
1
 10
310.5884
 20
196.6572
  0
VERTEX
999
1,2
  8
1
 10
309.6641
 20
180.8970
  0
VERTEX
999
1,2
  8
1
 10
308.7617
 20
165.1348
  0
VERTEX
999
1,2
  8
1
 10
307.8701
 20
149.3726
  0
VERTEX
999
1,2
  8
1
 10
306.9790
 20
133.6108
  0
VERTEX
999
1,2
  8
1
 10
306.0781
 20
117.8511
  0
VERTEX
999
1,2
  8
1
 10
305.1572
 20
102.0938
  0
VERTEX
999
1,2
  8
1
 10
304.2061
 20
86.3403
  0
VERTEX
999
1,1,1,15
  8
1
 10
303.2139
 20
70.6016
 38
10.0171
 50
176.4172
  0
VERTEX
999
1,2
  8
1
 10
301.9946
 20
50.3022
  0
VERTEX
999
1,1,,16
  8
1
 10
300.8750
 20
30.0000
  0
SEQEND
  0
POLYLINE
999
2
  8
1
 66
1
 70
0
  0
VERTEX
999
2,1,,17
  8
1
 10
290.8618
 20
30.0000
  0
VERTEX
999
2,1,,18
  8
1
 10
69.4033
 20
30.0000
  0
VERTEX
999
2,2
  8
1
 10
68.3545
 20
50.6143
  0
VERTEX
999
2,1,,19
  8
1
 10
67.2734
 20
71.2266
  0
VERTEX
999
2,2
  8
1
 10
66.4966
 20
87.1206
  0
VERTEX
999
2,2
  8
1
 10
65.6787
 20
103.0317
  0
VERTEX
999
2,2
  8
1
 10
64.8018
 20
118.9541
  0
VERTEX
999
2,2
  8
1
 10
63.8472
 20
134.8833
  0
VERTEX
999
2,2
  8
1
 10
62.7974
 20
150.8130
  0
VERTEX
999
2,2
  8
1
 10
61.6338
 20
166.7383
  0
VERTEX
999
2,2
  8
1
 10
60.3379
 20
182.6533
  0
VERTEX
999
2,2
  8
1
 10
58.8921
 20
198.5532
  0
VERTEX
999
2,2
  8
1
 10
57.2783
 20
214.4321
  0
VERTEX
999
2,2
  8
1
 10
55.4775
 20
230.2847
  0
VERTEX
999
2,2
  8
1
 10
53.4722
 20
246.1055
  0
VERTEX
999
2,2
  8
1
 10
51.2441
 20
261.8896
  0
VERTEX
999
2,2
  8
1
 10
48.7749
 20
277.6309
  0
VERTEX
999
2,2
  8
1
 10
46.0464
 20
293.3247
  0
VERTEX
999
2,2
  8
1
 10
43.0405
 20
308.9648
  0
VERTEX
999
2,2
  8
1
 10
39.7393
 20
324.5464
  0
VERTEX
999
2,2
  8
1
 10
36.1240
 20
340.0635
  0
VERTEX
999
2,2
  8
1
 10
32.1768
 20
355.5112
  0
VERTEX
999
2,2
  8
1
 10
27.8794
 20
370.8843
  0
VERTEX
999
2,1,,20
  8
1
 10
23.2134
 20
386.1768
  0
VERTEX
999
2,2
  8
1
 10
34.9390
 20
392.4438
  0
VERTEX
999
2,2
  8
1
 10
44.2954
 20
399.6025
  0
VERTEX
999
2,2
  8
1
 10
51.5879
 20
407.6001
  0
VERTEX
999
2,2
  8
1
 10
57.1211
 20
416.3857
  0
VERTEX
999
2,2
  8
1
 10
61.2007
 20
425.9063
  0
VERTEX
999
2,2
  8
1
 10
64.1304
 20
436.1104
  0
VERTEX
999
2,2
  8
1
 10
66.2163
 20
446.9453
  0
VERTEX
999
2,2
  8
1
 10
67.7622
 20
458.3599
  0
VERTEX
999
2,2
  8
1
 10
69.0737
 20
470.3013
  0
VERTEX
999
2,1,,21
  8
1
 10
70.4556
 20
482.7178
  0
VERTEX
999
2,2
  8
1
 10
80.7456
 20
561.9995
  0
VERTEX
999
2,1,,22
  8
1
 10
91.3735
 20
641.2363
  0
VERTEX
999
2,2
  8
1
 10
103.3267
 20
640.1592
  0
VERTEX
999
2,2
  8
1
 10
115.2949
 20
639.3413
  0
VERTEX
999
2,2
  8
1
 10
127.2759
 20
638.7725
  0
VERTEX
999
2,2
  8
1
 10
139.2666
 20
638.4414
  0
VERTEX
999
2,2
  8
1
 10
151.2642
 20
638.3364
  0
VERTEX
999
2,2
  8
1
 10
163.2661
 20
638.4463
  0
VERTEX
999
2,2
  8
1
 10
175.2700
 20
638.7603
  0
VERTEX
999
2,1,,23
  8
1
 10
187.2734
 20
639.2671
  0
VERTEX
999
2,2
  8
1
 10
200.9844
 20
640.1875
  0
VERTEX
999
2,2
  8
1
 10
214.6846
 20
641.3335
  0
VERTEX
999
2,2
  8
1
 10
228.3701
 20
642.6885
  0
VERTEX
999
2,2
  8
1
 10
242.0366
 20
644.2334
  0
VERTEX
999
2,2
  8
1
 10
255.6807
 20
645.9517
  0
VERTEX
999
2,2
  8
1
 10
269.2979
 20
647.8252
  0
VERTEX
999
2,2
  8
1
 10
282.8843
 20
649.8364
  0
VERTEX
999
2,2
  8
1
 10
296.4355
 20
651.9673
  0
VERTEX
999
2,2
  8
1
 10
309.9482
 20
654.2007
  0
VERTEX
999
2,1,,24
  8
1
 10
323.4180
 20
656.5181
  0
VERTEX
999
2,2
  8
1
 10
324.7832
 20
641.5498
  0
VERTEX
999
2,2
  8
1
 10
325.9058
 20
626.5640
  0
VERTEX
999
2,2
  8
1
 10
326.7935
 20
611.5630
  0
VERTEX
999
2,2
  8
1
 10
327.4536
 20
596.5493
  0
VERTEX
999
2,2
  8
1
 10
327.8950
 20
581.5264
  0
VERTEX
999
2,2
  8
1
 10
328.1245
 20
566.4961
  0
VERTEX
999
2,2
  8
1
 10
328.1499
 20
551.4614
  0
VERTEX
999
2,2
  8
1
 10
327.9795
 20
536.4248
  0
VERTEX
999
2,2
  8
1
 10
327.6206
 20
521.3887
  0
VERTEX
999
2,2
  8
1
 10
327.0811
 20
506.3564
  0
VERTEX
999
2,2
  8
1
 10
326.3687
 20
491.3301
  0
VERTEX
999
2,2
  8
1
 10
325.4912
 20
476.3120
  0
VERTEX
999
2,2
  8
1
 10
324.4565
 20
461.3057
  0
VERTEX
999
2,2
  8
1
 10
323.2720
 20
446.3135
  0
VERTEX
999
2,2
  8
1
 10
321.9458
 20
431.3379
  0
VERTEX
999
2,2
  8
1
 10
320.4854
 20
416.3813
  0
VERTEX
999
2,2
  8
1
 10
318.8984
 20
401.4468
  0
VERTEX
999
2,1,,25
  8
1
 10
317.1934
 20
386.5366
  0
VERTEX
999
2,2
  8
1
 10
315.1909
 20
370.8418
  0
VERTEX
999
2,2
  8
1
 10
313.3369
 20
355.1338
  0
VERTEX
999
2,2
  8
1
 10
311.6196
 20
339.4131
  0
VERTEX
999
2,2
  8
1
 10
310.0293
 20
323.6812
  0
VERTEX
999
2,2
  8
1
 10
308.5552
 20
307.9390
  0
VERTEX
999
2,2
  8
1
 10
307.1870
 20
292.1870
  0
VERTEX
999
2,2
  8
1
 10
305.9141
 20
276.4268
  0
VERTEX
999
2,2
  8
1
 10
304.7256
 20
260.6592
  0
VERTEX
999
2,2
  8
1
 10
303.6113
 20
244.8848
  0
VERTEX
999
2,2
  8
1
 10
302.5605
 20
229.1050
  0
VERTEX
999
2,2
  8
1
 10
301.5625
 20
213.3213
  0
VERTEX
999
2,2
  8
1
 10
300.6074
 20
197.5337
  0
VERTEX
999
2,2
  8
1
 10
299.6841
 20
181.7437
  0
VERTEX
999
2,2
  8
1
 10
298.7827
 20
165.9517
  0
VERTEX
999
2,2
  8
1
 10
297.8916
 20
150.1597
  0
VERTEX
999
2,2
  8
1
 10
297.0015
 20
134.3682
  0
VERTEX
999
2,2
  8
1
 10
296.1011
 20
118.5781
  0
VERTEX
999
2,2
  8
1
 10
295.1797
 20
102.7905
  0
VERTEX
999
2,2
  8
1
 10
294.2275
 20
87.0063
  0
VERTEX
999
2,1,,26
  8
1
 10
293.2334
 20
71.2266
  0
VERTEX
999
2,2
  8
1
 10
291.9966
 20
50.6162
  0
VERTEX
999
2,1,,27
  8
1
 10
290.8618
 20
30.0000
  0
SEQEND
  0
LINE
999
5,1,,28
  8
1
 10
187.2734
 20
30.0000
 11
187.2734
 21
40.0171
  0
LINE
999
5,1,,30
  8
1
 10
119.4033
 20
30.0000
 11
119.4033
 21
40.0000
  0
LINE
999
5,1,,32
  8
1
 10
67.2734
 20
71.2266
 11
77.2764
 21
71.7607
  0
LINE
999
5,1,,34
  8
1
 10
187.2734
 20
639.2671
 11
187.2734
 21
629.2500
  0
LINE
999
5,1,,36
  8
1
 10
293.2334
 20
71.2266
 11
283.2358
 21
71.8525
  0
LINE
999
5,1,,38
  8
1
 10
189.2734
 20
71.2266
 11
293.2334
 21
71.2266
  0
LINE
999
5,1,,40
  8
1
 10
187.2734
 20
639.2671
 11
187.2734
 21
30.0000
  0
LINE
999
5,1,,42
  8
1
 10
187.2734
 20
639.2671
 11
187.2734
 21
30.0000
  0
LINE
999
5,1,,44
  8
1
  6
1
 10
189.2734
 20
639.3706
 11
189.2734
 21
30.0000
  0
LINE
999
5,1,,46
  8
1
 10
67.2734
 20
71.2266
 11
185.2734
 21
71.2266
  0
LINE
999
5,1,,48
  8
1
  6
1
 10
185.2734
 20
30.0000
 11
185.2734
 21
639.1680
  0
LINE
999
5,1,,50
  8
1
 10
23.1934
 20
386.2363
 11
185.2734
 21
386.2363
  0
LINE
999
5,1,,52
  8
1
 10
189.2734
 20
386.2363
 11
317.1533
 21
386.2363
  0
LINE
999
5,1,,54
  8
1
 10
185.4736
 20
466.4121
 11
323.7783
 21
448.3994
  0
LINE
999
5,1,,56
  8
1
 10
70.4556
 20
482.7178
 11
181.4736
 21
466.9409
  0
LINE
999
5,1,,58
  8
1
 10
269.6475
 20
564.0088
 11
260.6538
 21
548.9238
  0
LINE
999
5,1,,60
  8
1
 10
187.9902
 20
254.4282
 11
210.4946
 21
233.9863
  0
LINE
999
5,1,,62
  8
1
 10
187.9902
 20
254.4282
 11
197.2456
 21
250.6416
  0
LINE
999
5,1,,64
  8
1
 10
297.4561
 20
487.4575
 11
294.4834
 21
486.7402
  0
LINE
999
5,1,,66
  8
1
 10
298.1577
 20
484.5498
 11
297.4561
 21
487.4575
  0
LINE
999
5,1,,68
  8
1
 10
299.6113
 20
491.4409
 11
298.9102
 21
494.3486
  0
LINE
999
5,1,,70
  8
1
 10
293.7378
 20
489.8306
 11
294.4419
 21
486.9131
  0
LINE
999
5,1,,72
  8
1
 10
299.6558
 20
491.2583
 11
296.6831
 21
490.5415
  0
LINE
999
5,1,,74
  8
1
 10
296.7100
 20
490.5479
 11
293.7378
 21
489.8306
  0
LINE
999
5,1,,76
  8
1
 10
297.4121
 20
487.6396
 11
296.7100
 21
490.5479
  0
LINE
999
5,1,,78
  8
1
 10
298.8657
 20
494.5308
 11
298.1641
 21
497.4385
  0
LINE
999
5,1,,80
  8
1
 10
292.9917
 20
492.9204
 11
293.6958
 21
490.0029
  0
LINE
999
5,1,,82
  8
1
 10
298.9102
 20
494.3486
 11
295.9375
 21
493.6313
  0
LINE
999
5,1,,84
  8
1
 10
295.9644
 20
493.6377
 11
292.9917
 21
492.9204
  0
LINE
999
5,1,,86
  8
1
 10
296.6660
 20
490.7300
 11
295.9644
 21
493.6377
  0
LINE
999
5,1,,88
  8
1
 10
298.1201
 20
497.6206
 11
297.4185
 21
500.5288
  0
LINE
999
5,1,,90
  8
1
 10
292.2461
 20
496.0103
 11
292.9502
 21
493.0933
  0
LINE
999
5,1,,92
  8
1
 10
298.1641
 20
497.4385
 11
295.1914
 21
496.7212
  0
LINE
999
5,1,,94
  8
1
 10
295.2188
 20
496.7280
 11
292.2461
 21
496.0103
  0
LINE
999
5,1,,96
  8
1
 10
295.9204
 20
493.8198
 11
295.2188
 21
496.7280
  0
LINE
999
5,1,,98
  8
1
 10
297.3745
 20
500.7109
 11
296.6729
 21
503.6187
  0
LINE
999
5,1,,100
  8
1
 10
291.5005
 20
499.1006
 11
292.2046
 21
496.1831
  0
LINE
999
5,1,,102
  8
1
 10
290.7549
 20
502.1909
 11
291.4585
 21
499.2734
  0
LINE
999
5,1,,104
  8
1
 10
270.7471
 20
597.7534
 11
293.6719
 21
503.0776
  0
LINE
999
5,1,,106
  8
1
 10
296.6729
 20
503.6187
 11
293.7002
 21
502.9014
  0
LINE
999
5,1,,108
  8
1
 10
293.7271
 20
502.9082
 11
290.7549
 21
502.1909
  0
LINE
999
5,1,,110
  8
1
 10
297.4185
 20
500.5288
 11
294.4458
 21
499.8115
  0
LINE
999
5,1,,112
  8
1
 10
294.4731
 20
499.8179
 11
291.5005
 21
499.1006
  0
LINE
999
5,1,,114
  8
1
 10
295.1748
 20
496.9102
 11
294.4731
 21
499.8179
  0
LINE
999
5,1,,116
  8
1
 10
294.4287
 20
500.0005
 11
293.7271
 21
502.9082
  0
LINE
999
5,1,,118
  8
1
 10
302.6323
 20
466.0093
 11
301.9307
 21
468.9170
  0
LINE
999
5,1,,120
  8
1
 10
301.9307
 20
468.9170
 11
298.9580
 21
468.1997
  0
LINE
999
5,1,,122
  8
1
 10
299.6621
 20
465.2822
 11
302.6323
 21
466.0093
  0
LINE
999
5,1,,124
  8
1
 10
298.9580
 20
468.1997
 11
299.6621
 21
465.2822
  0
LINE
999
5,1,,126
  8
1
 10
271.1680
 20
627.8853
 11
311.1289
 21
462.7285
  0
LINE
999
5,1,,128
  8
1
 10
256.5894
 20
624.3550
 11
271.1680
 21
627.8853
  0
LINE
999
5,1,,130
  8
1
 10
296.5503
 20
459.1982
 11
256.5894
 21
624.3550
  0
LINE
999
5,1,,132
  8
1
 10
311.1289
 20
462.7285
 11
296.5503
 21
459.1982
  0
LINE
999
5,1,,134
  8
1
 10
310.8276
 20
506.4878
 11
286.1499
 21
459.6499
  0
LINE
999
5,1,,136
  8
1
  6
3
 10
278.5352
 20
639.9580
 11
323.2061
 21
455.3564
  0
LINE
999
5,1,,138
  8
1
  6
3
 10
289.1812
 20
447.1211
 11
244.5200
 21
631.7231
  0
LINE
999
5,1,,140
  8
1
 10
310.1196
 20
509.4351
 11
285.4385
 21
462.5903
  0
LINE
999
5,1,,142
  8
1
 10
311.5430
 20
503.5547
 11
286.8613
 21
456.7095
  0
LINE
999
5,1,,144
  8
1
  6
3
 10
323.2061
 20
455.3564
 11
289.1812
 21
447.1211
  0
LINE
999
5,1,,146
  8
1
  6
3
 10
244.5200
 20
631.7231
 11
278.5352
 21
639.9580
  0
LINE
999
5,1,,148
  8
1
 10
300.4014
 20
488.1685
 11
297.4287
 21
487.4512
  0
LINE
999
5,1,,150
  8
1
 10
294.4834
 20
486.7402
 11
295.1875
 21
483.8228
  0
LINE
999
5,1,,152
  8
1
 10
300.3574
 20
488.3506
 11
299.6558
 21
491.2583
  0
LINE
999
5,1,,154
  8
1
 10
298.9033
 20
481.4595
 11
298.2017
 21
484.3677
  0
LINE
999
5,1,,156
  8
1
 10
298.2017
 20
484.3677
 11
295.2290
 21
483.6499
  0
LINE
999
5,1,,158
  8
1
 10
301.1470
 20
485.0786
 11
298.1748
 21
484.3608
  0
LINE
999
5,1,,160
  8
1
 10
295.2290
 20
483.6499
 11
295.9331
 21
480.7329
  0
LINE
999
5,1,,162
  8
1
 10
301.1030
 20
485.2603
 11
300.4014
 21
488.1685
  0
LINE
999
5,1,,164
  8
1
 10
299.6494
 20
478.3696
 11
298.9473
 21
481.2773
  0
LINE
999
5,1,,166
  8
1
 10
298.9473
 20
481.2773
 11
295.9746
 21
480.5601
  0
LINE
999
5,1,,168
  8
1
 10
301.8931
 20
481.9883
 11
298.9204
 21
481.2710
  0
LINE
999
5,1,,170
  8
1
 10
295.9746
 20
480.5601
 11
296.6787
 21
477.6426
  0
LINE
999
5,1,,172
  8
1
 10
301.8486
 20
482.1704
 11
301.1470
 21
485.0786
  0
LINE
999
5,1,,174
  8
1
 10
300.3950
 20
475.2793
 11
299.6934
 21
478.1870
  0
LINE
999
5,1,,176
  8
1
 10
299.6934
 20
478.1870
 11
296.7207
 21
477.4702
  0
LINE
999
5,1,,178
  8
1
 10
302.6387
 20
478.8979
 11
299.6660
 21
478.1807
  0
LINE
999
5,1,,180
  8
1
 10
296.7207
 20
477.4702
 11
297.4248
 21
474.5527
  0
LINE
999
5,1,,182
  8
1
 10
302.5947
 20
479.0806
 11
301.8931
 21
481.9883
  0
LINE
999
5,1,,184
  8
1
 10
301.1406
 20
472.1890
 11
300.4390
 21
475.0972
  0
LINE
999
5,1,,186
  8
1
 10
300.4390
 20
475.0972
 11
297.4663
 21
474.3799
  0
LINE
999
5,1,,188
  8
1
 10
303.3843
 20
475.8081
 11
300.4116
 21
475.0903
  0
LINE
999
5,1,,190
  8
1
 10
297.4663
 20
474.3799
 11
298.1704
 21
471.4624
  0
LINE
999
5,1,,192
  8
1
 10
303.3403
 20
475.9902
 11
302.6387
 21
478.8979
  0
LINE
999
5,1,,194
  8
1
 10
301.8867
 20
469.0991
 11
301.1846
 21
472.0073
  0
LINE
999
5,1,,196
  8
1
 10
301.1846
 20
472.0073
 11
298.2119
 21
471.2896
  0
LINE
999
5,1,,198
  8
1
 10
304.1299
 20
472.7178
 11
301.1577
 21
472.0005
  0
LINE
999
5,1,,200
  8
1
 10
298.2119
 20
471.2896
 11
298.9160
 21
468.3726
  0
LINE
999
5,1,,202
  8
1
 10
304.0859
 20
472.8999
 11
303.3843
 21
475.8081
  0
LINE
999
5,1,,204
  8
1
 10
304.8760
 20
469.6274
 11
301.9033
 21
468.9106
  0
LINE
999
5,1,,206
  8
1
 10
304.8320
 20
469.8101
 11
304.1299
 21
472.7178
  0
LINE
999
5,1,,208
  8
1
 10
302.6074
 20
465.9932
 11
305.5776
 21
466.7202
  0
LINE
999
5,1,,210
  8
1
 10
305.5776
 20
466.7202
 11
304.8760
 21
469.6274
  0
LINE
999
5,1,,212
  8
1
 10
270.7188
 20
597.9292
 11
270.0542
 21
600.6753
  0
LINE
999
5,1,,214
  8
1
 10
267.7490
 20
597.2007
 11
270.7188
 21
597.9292
  0
LINE
999
5,1,,216
  8
1
 10
270.6943
 20
597.9141
 11
273.6641
 21
598.6426
  0
LINE
999
5,1,,218
  8
1
 10
270.0542
 20
600.6753
 11
267.0820
 21
599.9556
  0
LINE
999
5,1,,220
  8
1
 10
272.9990
 20
601.3882
 11
270.0273
 21
600.6685
  0
LINE
999
5,1,,222
  8
1
 10
270.0127
 20
600.8472
 11
269.3477
 21
603.5933
  0
LINE
999
5,1,,224
  8
1
 10
267.0820
 20
599.9556
 11
267.7490
 21
597.2007
  0
LINE
999
5,1,,226
  8
1
 10
266.3755
 20
602.8735
 11
267.0430
 21
600.1187
  0
LINE
999
5,1,,228
  8
1
 10
273.6641
 20
598.6426
 11
272.9990
 21
601.3882
  0
LINE
999
5,1,,230
  8
1
 10
272.9575
 20
601.5605
 11
272.2925
 21
604.3062
  0
LINE
999
5,1,,232
  8
1
 10
269.3477
 20
603.5933
 11
266.3755
 21
602.8735
  0
LINE
999
5,1,,234
  8
1
 10
272.2925
 20
604.3062
 11
269.3203
 21
603.5864
  0
LINE
999
5,1,,236
  8
1
 10
269.3062
 20
603.7651
 11
268.6411
 21
606.5112
  0
LINE
999
5,1,,238
  8
1
 10
265.6689
 20
605.7915
 11
266.3359
 21
603.0366
  0
LINE
999
5,1,,240
  8
1
 10
272.2510
 20
604.4780
 11
271.5859
 21
607.2241
  0
LINE
999
5,1,,242
  8
1
 10
268.6411
 20
606.5112
 11
265.6689
 21
605.7915
  0
LINE
999
5,1,,244
  8
1
 10
271.5859
 20
607.2241
 11
268.6143
 21
606.5044
  0
LINE
999
5,1,,246
  8
1
 10
268.5996
 20
606.6831
 11
267.9346
 21
609.4292
  0
LINE
999
5,1,,248
  8
1
 10
264.9624
 20
608.7095
 11
265.6294
 21
605.9546
  0
LINE
999
5,1,,250
  8
1
 10
271.5444
 20
607.3960
 11
270.8794
 21
610.1421
  0
LINE
999
5,1,,252
  8
1
 10
267.9346
 20
609.4292
 11
264.9624
 21
608.7095
  0
LINE
999
5,1,,254
  8
1
 10
270.8794
 20
610.1421
 11
267.9072
 21
609.4224
  0
LINE
999
5,1,,256
  8
1
 10
267.8931
 20
609.6011
 11
267.2280
 21
612.3467
  0
LINE
999
5,1,,258
  8
1
 10
264.2559
 20
611.6274
 11
264.9229
 21
608.8726
  0
LINE
999
5,1,,260
  8
1
 10
270.8379
 20
610.3140
 11
270.1729
 21
613.0601
  0
LINE
999
5,1,,262
  8
1
 10
267.2280
 20
612.3467
 11
264.2559
 21
611.6274
  0
LINE
999
5,1,,264
  8
1
 10
270.1729
 20
613.0601
 11
267.2012
 21
612.3403
  0
LINE
999
5,1,,266
  8
1
 10
267.1865
 20
612.5190
 11
266.5215
 21
615.2646
  0
LINE
999
5,1,,268
  8
1
 10
263.5493
 20
614.5454
 11
264.2163
 21
611.7905
  0
LINE
999
5,1,,270
  8
1
 10
270.1313
 20
613.2319
 11
269.4663
 21
615.9780
  0
LINE
999
5,1,,272
  8
1
 10
266.5215
 20
615.2646
 11
263.5493
 21
614.5454
  0
LINE
999
5,1,,274
  8
1
 10
269.4663
 20
615.9780
 11
266.4941
 21
615.2583
  0
LINE
999
5,1,,276
  8
1
 10
266.4800
 20
615.4370
 11
265.8149
 21
618.1831
  0
LINE
999
5,1,,278
  8
1
 10
262.8428
 20
617.4634
 11
263.5098
 21
614.7085
  0
LINE
999
5,1,,280
  8
1
 10
269.4248
 20
616.1499
 11
268.7598
 21
618.8960
  0
LINE
999
5,1,,282
  8
1
 10
265.8149
 20
618.1831
 11
262.8428
 21
617.4634
  0
LINE
999
5,1,,284
  8
1
 10
268.7598
 20
618.8960
 11
265.7876
 21
618.1763
  0
LINE
999
5,1,,286
  8
1
 10
265.7734
 20
618.3550
 11
265.1084
 21
621.1006
  0
LINE
999
5,1,,288
  8
1
 10
262.1362
 20
620.3813
 11
262.8037
 21
617.6265
  0
LINE
999
5,1,,290
  8
1
 10
268.7183
 20
619.0679
 11
268.0532
 21
621.8140
  0
LINE
999
5,1,,292
  8
1
 10
265.1084
 20
621.1006
 11
262.1362
 21
620.3813
  0
LINE
999
5,1,,294
  8
1
 10
268.0532
 20
621.8140
 11
265.0811
 21
621.0942
  0
LINE
999
5,1,,296
  8
1
  6
1
 10
312.9395
 20
461.6240
 11
295.4453
 21
457.3877
  0
LINE
999
5,1,,298
  8
1
  6
1
 10
295.4453
 20
457.3877
 11
254.7788
 21
625.4600
  0
LINE
999
5,1,,300
  8
1
  6
1
 10
254.7788
 20
625.4600
 11
272.2729
 21
629.6963
  0
LINE
999
5,1,,302
  8
1
  6
1
 10
272.2729
 20
629.6963
 11
312.9395
 21
461.6240
  0
LINE
999
5,1,,304
  8
1
 10
275.7598
 20
577.1499
 11
277.8555
 21
581.5376
  0
LINE
999
5,1,,306
  8
1
 10
271.7822
 20
580.1577
 11
275.7598
 21
577.1499
  0
LINE
999
5,1,,308
  8
1
 10
269.6475
 20
564.0088
 11
261.8975
 21
557.6890
  0
LINE
999
5,1,,310
  8
1
 10
74.9009
 20
501.2808
 11
99.3950
 21
524.7075
  0
LINE
999
5,1,,312
  8
1
 10
74.9009
 20
501.2808
 11
79.3281
 21
510.2476
  0
LINE
999
5,1,,314
  8
1
 10
196.9033
 20
620.3281
 11
197.0234
 21
616.8584
  0
LINE
999
5,1,,316
  8
1
 10
195.7031
 20
620.2979
 11
195.8135
 21
616.8179
  0
LINE
999
5,1,,318
  8
1
 10
180.1733
 20
616.3081
 11
180.0635
 21
619.7881
  0
LINE
999
5,1,,320
  8
1
 10
178.9634
 20
616.2783
 11
178.8535
 21
619.7480
  0
LINE
999
5,1,,322
  8
1
 10
194.9434
 20
621.0078
 11
194.9624
 21
621.0083
  0
LINE
999
5,1,,324
  8
1
 10
180.2935
 20
619.6479
 11
179.7437
 21
638.9204
  0
LINE
999
5,1,,326
  8
1
  6
1
 10
193.2261
 20
639.5898
 11
193.7832
 21
620.0381
  0
LINE
999
5,1,,328
  8
1
 10
194.7246
 20
639.6777
 11
195.2832
 21
620.0781
  0
LINE
999
5,1,,330
  8
1
  6
1
 10
181.7935
 20
619.5581
 11
181.2393
 21
638.9834
  0
LINE
999
5,1,,332
  8
1
 10
195.2935
 20
619.9482
 11
180.2935
 21
619.5181
  0
LINE
999
5,1,,334
  8
1
 10
180.7334
 20
621.7480
 11
194.9033
 21
622.2080
  0
LINE
999
5,1,,336
  8
1
 10
180.7734
 20
620.5479
 11
194.9434
 21
621.0078
  0
LINE
999
5,1,,338
  8
1
 10
194.9268
 20
632.5742
 11
208.0820
 21
621.0635
  0
LINE
999
5,1,,340
  8
1
 10
194.9268
 20
632.5742
 11
204.3130
 21
629.1235
  0
POLYLINE
999
5
  8
1
  6
1
 66
1
 70
0
  0
VERTEX
999
5,1,,342
  8
1
 10
71.9434
 20
482.5288
  0
VERTEX
999
5,2
  8
1
 10
70.5728
 20
470.1792
  0
VERTEX
999
5,2
  8
1
 10
69.2656
 20
458.2236
  0
VERTEX
999
5,2
  8
1
 10
67.7100
 20
446.7290
  0
VERTEX
999
5,2
  8
1
 10
65.5938
 20
435.7612
  0
VERTEX
999
5,2
  8
1
 10
62.6055
 20
425.3867
  0
VERTEX
999
5,2
  8
1
 10
58.4331
 20
415.6719
  0
VERTEX
999
5,2
  8
1
 10
52.7656
 20
406.6836
  0
VERTEX
999
5,2
  8
1
 10
45.2900
 20
398.4878
  0
VERTEX
999
5,2
  8
1
 10
35.6953
 20
391.1504
  0
VERTEX
999
5,1,,343
  8
1
 10
23.6694
 20
384.7388
  0
SEQEND
  0
POLYLINE
999
5
  8
1
  6
1
 66
1
 70
0
  0
VERTEX
999
5,1,,344
  8
1
 10
92.8672
 20
641.0884
  0
VERTEX
999
5,2
  8
1
 10
82.2363
 20
561.8311
  0
VERTEX
999
5,1,,345
  8
1
 10
71.9434
 20
482.5288
  0
SEQEND
  0
POLYLINE
999
5
  8
1
 66
1
 70
0
  0
VERTEX
999
5,1,,346
  8
1
 10
188.2432
 20
608.7480
  0
VERTEX
999
5,2
  8
1
 10
185.1807
 20
609.2617
  0
VERTEX
999
5,2
  8
1
 10
182.6411
 20
610.8550
  0
VERTEX
999
5,2
  8
1
 10
180.8853
 20
613.2852
  0
VERTEX
999
5,1,,347
  8
1
 10
180.1733
 20
616.3081
  0
SEQEND
  0
POLYLINE
999
5
  8
1
 66
1
 70
0
  0
VERTEX
999
5,1,,348
  8
1
 10
195.8135
 20
616.8179
  0
VERTEX
999
5,2
  8
1
 10
195.2983
 20
613.7529
  0
VERTEX
999
5,2
  8
1
 10
193.7021
 20
611.2129
  0
VERTEX
999
5,2
  8
1
 10
191.2690
 20
609.4580
  0
VERTEX
999
5,1,,349
  8
1
 10
188.2432
 20
608.7480
  0
SEQEND
  0
POLYLINE
999
5
  8
1
 66
1
 70
0
  0
VERTEX
999
5,1,,350
  8
1
 10
188.2832
 20
607.5381
  0
VERTEX
999
5,2
  8
1
 10
184.7188
 20
608.1836
  0
VERTEX
999
5,2
  8
1
 10
181.8701
 20
610.0220
  0
VERTEX
999
5,2
  8
1
 10
179.8979
 20
612.8037
  0
VERTEX
999
5,1,,351
  8
1
 10
178.9634
 20
616.2783
  0
SEQEND
  0
POLYLINE
999
5
  8
1
 66
1
 70
0
  0
VERTEX
999
5,1,,352
  8
1
 10
197.0234
 20
616.8584
  0
VERTEX
999
5,2
  8
1
 10
196.4277
 20
613.3198
  0
VERTEX
999
5,2
  8
1
 10
194.5850
 20
610.3872
  0
VERTEX
999
5,2
  8
1
 10
191.7759
 20
608.3599
  0
VERTEX
999
5,1,,353
  8
1
 10
188.2832
 20
607.5381
  0
SEQEND
  0
LINE
999
5,1,,354
  8
1
 10
195.6382
 20
620.5791
 11
195.6523
 21
620.5464
  0
LINE
999
5,1,,356
  8
1
 10
195.6226
 20
620.6108
 11
195.6382
 21
620.5791
  0
LINE
999
5,1,,358
  8
1
 10
195.6055
 20
620.6421
 11
195.6226
 21
620.6108
  0
LINE
999
5,1,,360
  8
1
 10
195.5454
 20
620.7295
 11
195.6055
 21
620.6421
  0
LINE
999
5,1,,362
  8
1
 10
195.4604
 20
620.8188
 11
195.5454
 21
620.7295
  0
LINE
999
5,1,,364
  8
1
 10
195.3613
 20
620.8936
 11
195.4604
 21
620.8188
  0
LINE
999
5,1,,366
  8
1
 10
195.3306
 20
620.9116
 11
195.3613
 21
620.8936
  0
LINE
999
5,1,,368
  8
1
 10
195.2993
 20
620.9287
 11
195.3306
 21
620.9116
  0
LINE
999
5,1,,370
  8
1
 10
195.1475
 20
620.9854
 11
195.2993
 21
620.9287
  0
LINE
999
5,1,,372
  8
1
 10
195.0933
 20
620.9971
 11
195.1475
 21
620.9854
  0
LINE
999
5,1,,374
  8
1
 10
195.0005
 20
621.0073
 11
195.0933
 21
620.9971
  0
LINE
999
5,1,,376
  8
1
 10
194.9624
 20
621.0083
 11
195.0005
 21
621.0073
  0
POLYLINE
999
5
  8
1
 66
1
 70
0
  0
VERTEX
999
5,1,,378
  8
1
 10
194.9033
 20
622.2080
  0
VERTEX
999
5,2
  8
1
 10
195.7095
 20
622.0308
  0
VERTEX
999
5,2
  8
1
 10
196.2593
 20
621.6509
  0
VERTEX
999
5,2
  8
1
 10
196.6309
 20
621.0801
  0
VERTEX
999
5,1,,379
  8
1
 10
196.9033
 20
620.3281
  0
SEQEND
  0
LINE
999
5,1,,380
  8
1
 10
195.7017
 20
620.3354
 11
195.7031
 21
620.2979
  0
LINE
999
5,1,,382
  8
1
 10
195.6978
 20
620.3721
 11
195.7017
 21
620.3354
  0
LINE
999
5,1,,384
  8
1
 10
195.6704
 20
620.4961
 11
195.6978
 21
620.3721
  0
LINE
999
5,1,,386
  8
1
 10
195.6523
 20
620.5464
 11
195.6704
 21
620.4961
  0
POLYLINE
999
5
  8
1
 66
1
 70
0
  0
VERTEX
999
5,1,,388
  8
1
 10
180.0635
 20
619.7881
  0
VERTEX
999
5,2
  8
1
 10
180.1084
 20
620.0781
  0
VERTEX
999
5,2
  8
1
 10
180.2573
 20
620.3184
  0
VERTEX
999
5,2
  8
1
 10
180.4873
 20
620.4834
  0
VERTEX
999
5,1,,389
  8
1
 10
180.7734
 20
620.5479
  0
SEQEND
  0
POLYLINE
999
5
  8
1
 66
1
 70
0
  0
VERTEX
999
5,1,,390
  8
1
 10
178.8535
 20
619.7480
  0
VERTEX
999
5,2
  8
1
 10
178.9829
 20
620.5078
  0
VERTEX
999
5,2
  8
1
 10
179.3799
 20
621.1372
  0
VERTEX
999
5,2
  8
1
 10
179.9834
 20
621.5718
  0
VERTEX
999
5,1,,391
  8
1
 10
180.7334
 20
621.7480
  0
SEQEND
  0
ENDBLK
  0
BLOCK
  8
1
  2
P0034_07
 70
64
 10
0.0000
 20
0.0000
  0
TEXT
  8
1
 10
219.3232
 20
317.1890
 40
8.0000
 50
0.0000
  1
PIECE: 前身頃上
  7
STANDARD
  0
TEXT
  8
1
 10
219.3232
 20
307.9890
 40
8.0000
 50
0.0000
  1
SIZE: XL
  7
STANDARD
  0
TEXT
  8
1
 10
219.3232
 20
298.7889
 40
8.0000
 50
0.0000
  1
FABRIC: 表生地
  7
STANDARD
  0
TEXT
  8
1
 10
219.3232
 20
289.5889
 40
8.0000
 50
0.0000
  1
QUANTITY: 1
  7
STANDARD
  0
TEXT
  8
1
 10
157.5498
 20
11.6597
 40
5.0000
 50
0.0000
  1
COMMENT: 1.0/割り
  7
STANDARD
  0
TEXT
  8
1
 10
44.3931
 20
230.8955
 40
5.0000
 50
276.4352
  1
COMMENT: 1.0/割り
  7
STANDARD
  0
TEXT
  8
1
 10
205.0264
 20
217.1548
 40
5.0000
 50
0.0000
  1
COMMENT: センタープリーツ
  7
STANDARD
  0
TEXT
  8
1
 10
205.0264
 20
212.1548
 40
5.0000
 50
0.0000
  1
COMMENT: つまみステッチ
  7
STANDARD
  0
TEXT
  8
1
 10
78.2700
 20
515.6694
 40
6.0000
 50
0.0000
  1
COMMENT: コバステッチ
  7
STANDARD
  0
TEXT
  8
1
 10
61.4990
 20
509.8223
 40
5.0000
 50
262.9083
  1
COMMENT: 1.0/左高
  7
STANDARD
  0
TEXT
  8
1
 10
193.3892
 20
641.9204
 40
5.0000
 50
2.5227
  1
COMMENT: 1.0/ベルト高
  7
STANDARD
  0
TEXT
  8
1
 10
325.3389
 20
342.5825
 40
5.0000
 50
83.5842
  1
COMMENT: 1.0/切替高
  7
STANDARD
  0
TEXT
  8
1
 10
281.1231
 20
574.0496
 40
5.0000
 50
284.4469
  1
COMMENT: 1.5cm×17cm務歯出しポケット
  7
STANDARD
  0
TEXT
  8
1
 10
276.2813
 20
572.8022
 40
5.0000
 50
284.4469
  1
COMMENT: 16cmファスナー付け
  7
STANDARD
  0
TEXT
  8
1
 10
238.5161
 20
541.5840
 40
6.0000
 50
0.0000
  1
COMMENT: コバステッチ
  7
STANDARD
  0
TEXT
  8
1
 10
277.4834
 20
593.4136
 40
5.0000
 50
283.5342
  1
COMMENT: OPEN
  7
STANDARD
  0
TEXT
  8
1
 10
200.4473
 20
613.5869
 40
6.0000
 50
0.0000
  1
COMMENT: 右のみループ
  7
STANDARD
  0
TEXT
  8
1
 10
200.4473
 20
607.5869
 40
6.0000
 50
0.0000
  1
COMMENT: 挟み込み
  7
STANDARD
  0
POLYLINE
999
1
  8
1
 66
1
 70
0
  0
VERTEX
999
1,1,,1
  8
1
 10
305.8760
 20
20.0005
  0
VERTEX
999
1,1,,2
  8
1
 10
305.8755
 20
10.0000
  0
VERTEX
999
1,2,1
  8
1
 10
187.2734
 20
10.0000
 38
10.0171
 50
90.0000
  0
VERTEX
999
1,2,1
  8
1
 10
114.4033
 20
10.0000
 38
10.0000
 50
90.0000
  0
VERTEX
999
1,1,,3
  8
1
 10
54.3906
 20
10.0000
  0
VERTEX
999
1,1,,4
  8
1
 10
54.3906
 20
20.0005
  0
VERTEX
999
1,2
  8
1
 10
53.3550
 20
40.3516
  0
VERTEX
999
1,1,1,5
  8
1
 10
52.2876
 20
60.6934
 38
10.0172
 50
3.0568
  0
VERTEX
999
1,2
  8
1
 10
51.5186
 20
76.4351
  0
VERTEX
999
1,2
  8
1
 10
50.7124
 20
92.1665
  0
VERTEX
999
1,2
  8
1
 10
49.8491
 20
107.9092
  0
VERTEX
999
1,2
  8
1
 10
48.9111
 20
123.6582
  0
VERTEX
999
1,2
  8
1
 10
47.8799
 20
139.4077
  0
VERTEX
999
1,2
  8
1
 10
46.7378
 20
155.1523
  0
VERTEX
999
1,2
  8
1
 10
45.4663
 20
170.8872
  0
VERTEX
999
1,2
  8
1
 10
44.0483
 20
186.6069
  0
VERTEX
999
1,2
  8
1
 10
42.4653
 20
202.3062
  0
VERTEX
999
1,2
  8
1
 10
40.6992
 20
217.9790
  0
VERTEX
999
1,2
  8
1
 10
38.7319
 20
233.6211
  0
VERTEX
999
1,2
  8
1
 10
36.5459
 20
249.2266
  0
VERTEX
999
1,2
  8
1
 10
34.1226
 20
264.7900
  0
VERTEX
999
1,2
  8
1
 10
31.4443
 20
280.3066
  0
VERTEX
999
1,2
  8
1
 10
28.4927
 20
295.7705
  0
VERTEX
999
1,2
  8
1
 10
25.2505
 20
311.1768
  0
VERTEX
999
1,2
  8
1
 10
21.6992
 20
326.5200
  0
VERTEX
999
1,2
  8
1
 10
17.8203
 20
341.7949
  0
VERTEX
999
1,2
  8
1
 10
13.5972
 20
356.9956
  0
VERTEX
999
1,1,,6
  8
1
 10
9.0103
 20
372.1177
  0
VERTEX
999
1,1,,7
  8
1
 10
4.9746
 20
381.2671
  0
VERTEX
999
1,2
  8
1
 10
14.1777
 20
385.3262
  0
VERTEX
999
1,2
  8
1
 10
25.7739
 20
391.6431
  0
VERTEX
999
1,2
  8
1
 10
34.6821
 20
399.0054
  0
VERTEX
999
1,2
  8
1
 10
41.3101
 20
407.3320
  0
VERTEX
999
1,2
  8
1
 10
46.0645
 20
416.5420
  0
VERTEX
999
1,2
  8
1
 10
49.3530
 20
426.5547
  0
VERTEX
999
1,2
  8
1
 10
51.5825
 20
437.2896
  0
VERTEX
999
1,2
  8
1
 10
53.1602
 20
448.6655
  0
VERTEX
999
1,2
  8
1
 10
54.4937
 20
460.6016
  0
VERTEX
999
1,1,,8
  8
1
 10
56.0352
 20
473.9780
  0
VERTEX
999
1,2
  8
1
 10
66.8232
 20
558.3262
  0
VERTEX
999
1,2
  8
1
 10
77.9678
 20
642.6074
  0
VERTEX
999
1,1,,9
  8
1
 10
79.2891
 20
652.1509
  0
VERTEX
999
1,2
  8
1
 10
88.8750
 20
651.1860
  0
VERTEX
999
1,2
  8
1
 10
101.0771
 20
650.0952
  0
VERTEX
999
1,2
  8
1
 10
113.2944
 20
649.2705
  0
VERTEX
999
1,2
  8
1
 10
125.5244
 20
648.6997
  0
VERTEX
999
1,2
  8
1
 10
137.7642
 20
648.3721
  0
VERTEX
999
1,2
  8
1
 10
150.0112
 20
648.2749
  0
VERTEX
999
1,2
  8
1
 10
162.2627
 20
648.3975
  0
VERTEX
999
1,2
  8
1
 10
174.5156
 20
648.7280
  0
VERTEX
999
1,1,,10
  8
1
 10
186.7676
 20
649.2544
  0
VERTEX
999
1,2,1
  8
1
 10
187.2734
 20
649.2842
 38
10.0171
 50
270.0000
  0
VERTEX
999
1,2
  8
1
 10
201.2319
 20
650.1128
  0
VERTEX
999
1,2
  8
1
 10
215.6870
 20
651.2095
  0
VERTEX
999
1,2
  8
1
 10
230.1279
 20
652.5264
  0
VERTEX
999
1,2
  8
1
 10
244.5503
 20
654.0444
  0
VERTEX
999
1,2
  8
1
 10
258.9507
 20
655.7446
  0
VERTEX
999
1,2
  8
1
 10
273.3242
 20
657.6089
  0
VERTEX
999
1,2
  8
1
 10
287.6660
 20
659.6182
  0
VERTEX
999
1,2
  8
1
 10
301.9727
 20
661.7539
  0
VERTEX
999
1,2
  8
1
 10
316.2393
 20
663.9971
  0
VERTEX
999
1,1,,11
  8
1
 10
330.4619
 20
666.3296
  0
VERTEX
999
1,1,,12
  8
1
 10
331.5532
 20
666.5835
  0
VERTEX
999
1,1,,13
  8
1
 10
341.5156
 20
667.4399
  0
VERTEX
999
1,2
  8
1
 10
342.3813
 20
657.3745
  0
VERTEX
999
1,2
  8
1
 10
343.5981
 20
641.7080
  0
VERTEX
999
1,2
  8
1
 10
344.5620
 20
626.0259
  0
VERTEX
999
1,2
  8
1
 10
345.2798
 20
610.3320
  0
VERTEX
999
1,2
  8
1
 10
345.7607
 20
594.6279
  0
VERTEX
999
1,2
  8
1
 10
346.0127
 20
578.9165
  0
VERTEX
999
1,2
  8
1
 10
346.0430
 20
563.2012
  0
VERTEX
999
1,2
  8
1
 10
345.8608
 20
547.4834
  0
VERTEX
999
1,2
  8
1
 10
345.4731
 20
531.7666
  0
VERTEX
999
1,2
  8
1
 10
344.8892
 20
516.0532
  0
VERTEX
999
1,2
  8
1
 10
344.1162
 20
500.3462
  0
VERTEX
999
1,2
  8
1
 10
343.1626
 20
484.6475
  0
VERTEX
999
1,2
  8
1
 10
342.0361
 20
468.9604
  0
VERTEX
999
1,2
  8
1
 10
340.7456
 20
453.2876
  0
VERTEX
999
1,2
  8
1
 10
339.2983
 20
437.6313
  0
VERTEX
999
1,2
  8
1
 10
337.7026
 20
421.9941
  0
VERTEX
999
1,2
  8
1
 10
335.9668
 20
406.3789
  0
VERTEX
999
1,2
  8
1
 10
334.0991
 20
390.7886
  0
VERTEX
999
1,1,,14
  8
1
 10
332.1069
 20
375.2256
  0
VERTEX
999
1,2
  8
1
 10
330.1089
 20
359.5640
  0
VERTEX
999
1,2
  8
1
 10
328.2588
 20
343.8887
  0
VERTEX
999
1,2
  8
1
 10
326.5459
 20
328.2012
  0
VERTEX
999
1,2
  8
1
 10
324.9600
 20
312.5024
  0
VERTEX
999
1,2
  8
1
 10
323.4897
 20
296.7935
  0
VERTEX
999
1,2
  8
1
 10
322.1250
 20
281.0747
  0
VERTEX
999
1,2
  8
1
 10
320.8555
 20
265.3477
  0
VERTEX
999
1,2
  8
1
 10
319.6709
 20
249.6138
  0
VERTEX
999
1,2
  8
1
 10
318.5601
 20
233.8730
  0
VERTEX
999
1,2
  8
1
 10
317.5127
 20
218.1270
  0
VERTEX
999
1,2
  8
1
 10
316.5181
 20
202.3770
  0
VERTEX
999
1,2
  8
1
 10
315.5659
 20
186.6230
  0
VERTEX
999
1,2
  8
1
 10
314.6460
 20
170.8672
  0
VERTEX
999
1,2
  8
1
 10
313.7471
 20
155.1099
  0
VERTEX
999
1,2
  8
1
 10
312.8594
 20
139.3516
  0
VERTEX
999
1,2
  8
1
 10
311.9717
 20
123.5947
  0
VERTEX
999
1,2
  8
1
 10
311.0737
 20
107.8389
  0
VERTEX
999
1,2
  8
1
 10
310.1553
 20
92.0859
  0
VERTEX
999
1,2
  8
1
 10
309.2051
 20
76.3364
  0
VERTEX
999
1,1,1,15
  8
1
 10
308.2139
 20
60.6016
 38
10.0171
 50
176.4172
  0
VERTEX
999
1,2
  8
1
 10
306.9951
 20
40.3022
  0
VERTEX
999
1,1,,16
  8
1
 10
305.8760
 20
20.0005
  0
SEQEND
  0
POLYLINE
999
2
  8
1
 66
1
 70
0
  0
VERTEX
999
2,1,,17
  8
1
 10
295.8618
 20
20.0000
  0
VERTEX
999
2,1,,18
  8
1
 10
64.4033
 20
20.0000
  0
VERTEX
999
2,2
  8
1
 10
63.3545
 20
40.6143
  0
VERTEX
999
2,1,,19
  8
1
 10
62.2734
 20
61.2266
  0
VERTEX
999
2,2
  8
1
 10
61.4966
 20
77.1206
  0
VERTEX
999
2,2
  8
1
 10
60.6787
 20
93.0317
  0
VERTEX
999
2,2
  8
1
 10
59.8018
 20
108.9541
  0
VERTEX
999
2,2
  8
1
 10
58.8472
 20
124.8833
  0
VERTEX
999
2,2
  8
1
 10
57.7974
 20
140.8130
  0
VERTEX
999
2,2
  8
1
 10
56.6338
 20
156.7383
  0
VERTEX
999
2,2
  8
1
 10
55.3379
 20
172.6533
  0
VERTEX
999
2,2
  8
1
 10
53.8921
 20
188.5532
  0
VERTEX
999
2,2
  8
1
 10
52.2783
 20
204.4321
  0
VERTEX
999
2,2
  8
1
 10
50.4775
 20
220.2847
  0
VERTEX
999
2,2
  8
1
 10
48.4722
 20
236.1055
  0
VERTEX
999
2,2
  8
1
 10
46.2441
 20
251.8896
  0
VERTEX
999
2,2
  8
1
 10
43.7749
 20
267.6309
  0
VERTEX
999
2,2
  8
1
 10
41.0464
 20
283.3247
  0
VERTEX
999
2,2
  8
1
 10
38.0405
 20
298.9648
  0
VERTEX
999
2,2
  8
1
 10
34.7393
 20
314.5464
  0
VERTEX
999
2,2
  8
1
 10
31.1240
 20
330.0635
  0
VERTEX
999
2,2
  8
1
 10
27.1768
 20
345.5112
  0
VERTEX
999
2,2
  8
1
 10
22.8794
 20
360.8843
  0
VERTEX
999
2,1,,20
  8
1
 10
18.2134
 20
376.1768
  0
VERTEX
999
2,2
  8
1
 10
29.9888
 20
382.4077
  0
VERTEX
999
2,2
  8
1
 10
39.3945
 20
389.5415
  0
VERTEX
999
2,2
  8
1
 10
46.7354
 20
397.5254
  0
VERTEX
999
2,2
  8
1
 10
52.3169
 20
406.3057
  0
VERTEX
999
2,2
  8
1
 10
56.4443
 20
415.8286
  0
VERTEX
999
2,2
  8
1
 10
59.4229
 20
426.0410
  0
VERTEX
999
2,2
  8
1
 10
61.5581
 20
436.8901
  0
VERTEX
999
2,2
  8
1
 10
63.1548
 20
448.3213
  0
VERTEX
999
2,2
  8
1
 10
64.5190
 20
460.2817
  0
VERTEX
999
2,1,,21
  8
1
 10
65.9556
 20
472.7178
  0
VERTEX
999
2,2
  8
1
 10
76.7349
 20
557.0005
  0
VERTEX
999
2,1,,22
  8
1
 10
87.8735
 20
641.2363
  0
VERTEX
999
2,2
  8
1
 10
100.2637
 20
640.1284
  0
VERTEX
999
2,2
  8
1
 10
112.6689
 20
639.2900
  0
VERTEX
999
2,2
  8
1
 10
125.0874
 20
638.7095
  0
VERTEX
999
2,2
  8
1
 10
137.5156
 20
638.3750
  0
VERTEX
999
2,2
  8
1
 10
149.9512
 20
638.2754
  0
VERTEX
999
2,2
  8
1
 10
162.3911
 20
638.3984
  0
VERTEX
999
2,2
  8
1
 10
174.8325
 20
638.7329
  0
VERTEX
999
2,1,,23
  8
1
 10
187.2734
 20
639.2671
  0
VERTEX
999
2,2
  8
1
 10
201.8838
 20
640.1343
  0
VERTEX
999
2,2
  8
1
 10
216.4849
 20
641.2422
  0
VERTEX
999
2,2
  8
1
 10
231.0723
 20
642.5718
  0
VERTEX
999
2,2
  8
1
 10
245.6406
 20
644.1050
  0
VERTEX
999
2,2
  8
1
 10
260.1865
 20
645.8228
  0
VERTEX
999
2,2
  8
1
 10
274.7051
 20
647.7061
  0
VERTEX
999
2,2
  8
1
 10
289.1919
 20
649.7358
  0
VERTEX
999
2,2
  8
1
 10
303.6426
 20
651.8936
  0
VERTEX
999
2,2
  8
1
 10
318.0527
 20
654.1606
  0
VERTEX
999
2,1,,24
  8
1
 10
332.4180
 20
656.5181
  0
VERTEX
999
2,2
  8
1
 10
333.6255
 20
640.9717
  0
VERTEX
999
2,2
  8
1
 10
334.5806
 20
625.4102
  0
VERTEX
999
2,2
  8
1
 10
335.2920
 20
609.8364
  0
VERTEX
999
2,2
  8
1
 10
335.7676
 20
594.2524
  0
VERTEX
999
2,2
  8
1
 10
336.0156
 20
578.6621
  0
VERTEX
999
2,2
  8
1
 10
336.0439
 20
563.0669
  0
VERTEX
999
2,2
  8
1
 10
335.8608
 20
547.4702
  0
VERTEX
999
2,2
  8
1
 10
335.4741
 20
531.8740
  0
VERTEX
999
2,2
  8
1
 10
334.8921
 20
516.2813
  0
VERTEX
999
2,2
  8
1
 10
334.1226
 20
500.6948
  0
VERTEX
999
2,2
  8
1
 10
333.1738
 20
485.1172
  0
VERTEX
999
2,2
  8
1
 10
332.0537
 20
469.5503
  0
VERTEX
999
2,2
  8
1
 10
330.7710
 20
453.9980
  0
VERTEX
999
2,2
  8
1
 10
329.3330
 20
438.4619
  0
VERTEX
999
2,2
  8
1
 10
327.7485
 20
422.9453
  0
VERTEX
999
2,2
  8
1
 10
326.0249
 20
407.4502
  0
VERTEX
999
2,2
  8
1
 10
324.1704
 20
391.9800
  0
VERTEX
999
2,1,,25
  8
1
 10
322.1934
 20
376.5366
  0
VERTEX
999
2,2
  8
1
 10
320.1909
 20
360.8418
  0
VERTEX
999
2,2
  8
1
 10
318.3369
 20
345.1338
  0
VERTEX
999
2,2
  8
1
 10
316.6196
 20
329.4131
  0
VERTEX
999
2,2
  8
1
 10
315.0293
 20
313.6812
  0
VERTEX
999
2,2
  8
1
 10
313.5552
 20
297.9390
  0
VERTEX
999
2,2
  8
1
 10
312.1870
 20
282.1870
  0
VERTEX
999
2,2
  8
1
 10
310.9141
 20
266.4268
  0
VERTEX
999
2,2
  8
1
 10
309.7256
 20
250.6592
  0
VERTEX
999
2,2
  8
1
 10
308.6113
 20
234.8848
  0
VERTEX
999
2,2
  8
1
 10
307.5605
 20
219.1050
  0
VERTEX
999
2,2
  8
1
 10
306.5625
 20
203.3213
  0
VERTEX
999
2,2
  8
1
 10
305.6074
 20
187.5337
  0
VERTEX
999
2,2
  8
1
 10
304.6841
 20
171.7437
  0
VERTEX
999
2,2
  8
1
 10
303.7827
 20
155.9517
  0
VERTEX
999
2,2
  8
1
 10
302.8916
 20
140.1597
  0
VERTEX
999
2,2
  8
1
 10
302.0015
 20
124.3682
  0
VERTEX
999
2,2
  8
1
 10
301.1011
 20
108.5781
  0
VERTEX
999
2,2
  8
1
 10
300.1797
 20
92.7905
  0
VERTEX
999
2,2
  8
1
 10
299.2275
 20
77.0063
  0
VERTEX
999
2,1,,26
  8
1
 10
298.2334
 20
61.2266
  0
VERTEX
999
2,2
  8
1
 10
296.9966
 20
40.6162
  0
VERTEX
999
2,1,,27
  8
1
 10
295.8618
 20
20.0000
  0
SEQEND
  0
LINE
999
5,1,,28
  8
1
 10
187.2734
 20
20.0000
 11
187.2734
 21
30.0171
  0
LINE
999
5,1,,30
  8
1
 10
114.4033
 20
20.0000
 11
114.4033
 21
30.0000
  0
LINE
999
5,1,,32
  8
1
 10
62.2734
 20
61.2266
 11
72.2764
 21
61.7607
  0
LINE
999
5,1,,34
  8
1
 10
187.2734
 20
639.2671
 11
187.2734
 21
629.2500
  0
LINE
999
5,1,,36
  8
1
 10
298.2334
 20
61.2266
 11
288.2358
 21
61.8525
  0
LINE
999
5,1,,38
  8
1
 10
189.2734
 20
61.2266
 11
298.2334
 21
61.2266
  0
LINE
999
5,1,,40
  8
1
 10
187.2734
 20
639.2671
 11
187.2734
 21
20.0000
  0
LINE
999
5,1,,42
  8
1
 10
187.2734
 20
639.2671
 11
187.2734
 21
20.0000
  0
LINE
999
5,1,,44
  8
1
  6
1
 10
189.2734
 20
639.3706
 11
189.2734
 21
20.0000
  0
LINE
999
5,1,,46
  8
1
 10
62.2734
 20
61.2266
 11
185.2734
 21
61.2266
  0
LINE
999
5,1,,48
  8
1
  6
1
 10
185.2734
 20
20.0000
 11
185.2734
 21
639.1680
  0
LINE
999
5,1,,50
  8
1
 10
18.1934
 20
376.2363
 11
185.2734
 21
376.2363
  0
LINE
999
5,1,,52
  8
1
 10
189.2734
 20
376.2363
 11
322.1533
 21
376.2363
  0
LINE
999
5,1,,54
  8
1
 10
189.2734
 20
456.4121
 11
329.2783
 21
437.8994
  0
LINE
999
5,1,,56
  8
1
 10
65.9556
 20
472.7178
 11
185.2734
 21
456.9409
  0
LINE
999
5,1,,58
  8
1
 10
274.6475
 20
564.0088
 11
265.6538
 21
548.9238
  0
LINE
999
5,1,,60
  8
1
 10
187.9902
 20
244.4282
 11
210.4946
 21
223.9863
  0
LINE
999
5,1,,62
  8
1
 10
187.9902
 20
244.4282
 11
197.2456
 21
240.6416
  0
LINE
999
5,1,,64
  8
1
 10
302.4561
 20
487.4575
 11
299.4834
 21
486.7402
  0
LINE
999
5,1,,66
  8
1
 10
303.1577
 20
484.5498
 11
302.4561
 21
487.4575
  0
LINE
999
5,1,,68
  8
1
 10
304.6113
 20
491.4409
 11
303.9102
 21
494.3486
  0
LINE
999
5,1,,70
  8
1
 10
298.7378
 20
489.8306
 11
299.4419
 21
486.9131
  0
LINE
999
5,1,,72
  8
1
 10
304.6558
 20
491.2583
 11
301.6831
 21
490.5415
  0
LINE
999
5,1,,74
  8
1
 10
301.7100
 20
490.5479
 11
298.7378
 21
489.8306
  0
LINE
999
5,1,,76
  8
1
 10
302.4121
 20
487.6396
 11
301.7100
 21
490.5479
  0
LINE
999
5,1,,78
  8
1
 10
303.8657
 20
494.5308
 11
303.1641
 21
497.4385
  0
LINE
999
5,1,,80
  8
1
 10
297.9917
 20
492.9204
 11
298.6958
 21
490.0029
  0
LINE
999
5,1,,82
  8
1
 10
303.9102
 20
494.3486
 11
300.9375
 21
493.6313
  0
LINE
999
5,1,,84
  8
1
 10
300.9644
 20
493.6377
 11
297.9917
 21
492.9204
  0
LINE
999
5,1,,86
  8
1
 10
301.6660
 20
490.7300
 11
300.9644
 21
493.6377
  0
LINE
999
5,1,,88
  8
1
 10
303.1201
 20
497.6206
 11
302.4185
 21
500.5288
  0
LINE
999
5,1,,90
  8
1
 10
297.2461
 20
496.0103
 11
297.9502
 21
493.0933
  0
LINE
999
5,1,,92
  8
1
 10
303.1641
 20
497.4385
 11
300.1914
 21
496.7212
  0
LINE
999
5,1,,94
  8
1
 10
300.2188
 20
496.7280
 11
297.2461
 21
496.0103
  0
LINE
999
5,1,,96
  8
1
 10
300.9204
 20
493.8198
 11
300.2188
 21
496.7280
  0
LINE
999
5,1,,98
  8
1
 10
302.3745
 20
500.7109
 11
301.6729
 21
503.6187
  0
LINE
999
5,1,,100
  8
1
 10
296.5005
 20
499.1006
 11
297.2046
 21
496.1831
  0
LINE
999
5,1,,102
  8
1
 10
295.7549
 20
502.1909
 11
296.4585
 21
499.2734
  0
LINE
999
5,1,,104
  8
1
 10
275.7471
 20
597.7534
 11
298.6719
 21
503.0776
  0
LINE
999
5,1,,106
  8
1
 10
301.6729
 20
503.6187
 11
298.7002
 21
502.9014
  0
LINE
999
5,1,,108
  8
1
 10
298.7271
 20
502.9082
 11
295.7549
 21
502.1909
  0
LINE
999
5,1,,110
  8
1
 10
302.4185
 20
500.5288
 11
299.4458
 21
499.8115
  0
LINE
999
5,1,,112
  8
1
 10
299.4731
 20
499.8179
 11
296.5005
 21
499.1006
  0
LINE
999
5,1,,114
  8
1
 10
300.1748
 20
496.9102
 11
299.4731
 21
499.8179
  0
LINE
999
5,1,,116
  8
1
 10
299.4287
 20
500.0005
 11
298.7271
 21
502.9082
  0
LINE
999
5,1,,118
  8
1
 10
307.6323
 20
466.0093
 11
306.9307
 21
468.9170
  0
LINE
999
5,1,,120
  8
1
 10
306.9307
 20
468.9170
 11
303.9580
 21
468.1997
  0
LINE
999
5,1,,122
  8
1
 10
304.6621
 20
465.2822
 11
307.6323
 21
466.0093
  0
LINE
999
5,1,,124
  8
1
 10
303.9580
 20
468.1997
 11
304.6621
 21
465.2822
  0
LINE
999
5,1,,126
  8
1
 10
276.1680
 20
627.8853
 11
316.1289
 21
462.7285
  0
LINE
999
5,1,,128
  8
1
 10
261.5894
 20
624.3550
 11
276.1680
 21
627.8853
  0
LINE
999
5,1,,130
  8
1
 10
301.5503
 20
459.1982
 11
261.5894
 21
624.3550
  0
LINE
999
5,1,,132
  8
1
 10
316.1289
 20
462.7285
 11
301.5503
 21
459.1982
  0
LINE
999
5,1,,134
  8
1
 10
315.8276
 20
506.4878
 11
291.1499
 21
459.6499
  0
LINE
999
5,1,,136
  8
1
  6
3
 10
283.5352
 20
639.9580
 11
328.2061
 21
455.3564
  0
LINE
999
5,1,,138
  8
1
  6
3
 10
294.1812
 20
447.1211
 11
249.5200
 21
631.7231
  0
LINE
999
5,1,,140
  8
1
 10
315.1196
 20
509.4351
 11
290.4385
 21
462.5903
  0
LINE
999
5,1,,142
  8
1
 10
316.5430
 20
503.5547
 11
291.8613
 21
456.7095
  0
LINE
999
5,1,,144
  8
1
  6
3
 10
328.2061
 20
455.3564
 11
294.1812
 21
447.1211
  0
LINE
999
5,1,,146
  8
1
  6
3
 10
249.5200
 20
631.7231
 11
283.5352
 21
639.9580
  0
LINE
999
5,1,,148
  8
1
 10
305.4014
 20
488.1685
 11
302.4287
 21
487.4512
  0
LINE
999
5,1,,150
  8
1
 10
299.4834
 20
486.7402
 11
300.1875
 21
483.8228
  0
LINE
999
5,1,,152
  8
1
 10
305.3574
 20
488.3506
 11
304.6558
 21
491.2583
  0
LINE
999
5,1,,154
  8
1
 10
303.9033
 20
481.4595
 11
303.2017
 21
484.3677
  0
LINE
999
5,1,,156
  8
1
 10
303.2017
 20
484.3677
 11
300.2290
 21
483.6499
  0
LINE
999
5,1,,158
  8
1
 10
306.1470
 20
485.0786
 11
303.1748
 21
484.3608
  0
LINE
999
5,1,,160
  8
1
 10
300.2290
 20
483.6499
 11
300.9331
 21
480.7329
  0
LINE
999
5,1,,162
  8
1
 10
306.1030
 20
485.2603
 11
305.4014
 21
488.1685
  0
LINE
999
5,1,,164
  8
1
 10
304.6494
 20
478.3696
 11
303.9473
 21
481.2773
  0
LINE
999
5,1,,166
  8
1
 10
303.9473
 20
481.2773
 11
300.9746
 21
480.5601
  0
LINE
999
5,1,,168
  8
1
 10
306.8931
 20
481.9883
 11
303.9204
 21
481.2710
  0
LINE
999
5,1,,170
  8
1
 10
300.9746
 20
480.5601
 11
301.6787
 21
477.6426
  0
LINE
999
5,1,,172
  8
1
 10
306.8486
 20
482.1704
 11
306.1470
 21
485.0786
  0
LINE
999
5,1,,174
  8
1
 10
305.3950
 20
475.2793
 11
304.6934
 21
478.1870
  0
LINE
999
5,1,,176
  8
1
 10
304.6934
 20
478.1870
 11
301.7207
 21
477.4702
  0
LINE
999
5,1,,178
  8
1
 10
307.6387
 20
478.8979
 11
304.6660
 21
478.1807
  0
LINE
999
5,1,,180
  8
1
 10
301.7207
 20
477.4702
 11
302.4248
 21
474.5527
  0
LINE
999
5,1,,182
  8
1
 10
307.5947
 20
479.0806
 11
306.8931
 21
481.9883
  0
LINE
999
5,1,,184
  8
1
 10
306.1406
 20
472.1890
 11
305.4390
 21
475.0972
  0
LINE
999
5,1,,186
  8
1
 10
305.4390
 20
475.0972
 11
302.4663
 21
474.3799
  0
LINE
999
5,1,,188
  8
1
 10
308.3843
 20
475.8081
 11
305.4116
 21
475.0903
  0
LINE
999
5,1,,190
  8
1
 10
302.4663
 20
474.3799
 11
303.1704
 21
471.4624
  0
LINE
999
5,1,,192
  8
1
 10
308.3403
 20
475.9902
 11
307.6387
 21
478.8979
  0
LINE
999
5,1,,194
  8
1
 10
306.8867
 20
469.0991
 11
306.1846
 21
472.0073
  0
LINE
999
5,1,,196
  8
1
 10
306.1846
 20
472.0073
 11
303.2119
 21
471.2896
  0
LINE
999
5,1,,198
  8
1
 10
309.1299
 20
472.7178
 11
306.1577
 21
472.0005
  0
LINE
999
5,1,,200
  8
1
 10
303.2119
 20
471.2896
 11
303.9160
 21
468.3726
  0
LINE
999
5,1,,202
  8
1
 10
309.0859
 20
472.8999
 11
308.3843
 21
475.8081
  0
LINE
999
5,1,,204
  8
1
 10
309.8760
 20
469.6274
 11
306.9033
 21
468.9106
  0
LINE
999
5,1,,206
  8
1
 10
309.8320
 20
469.8101
 11
309.1299
 21
472.7178
  0
LINE
999
5,1,,208
  8
1
 10
307.6074
 20
465.9932
 11
310.5776
 21
466.7202
  0
LINE
999
5,1,,210
  8
1
 10
310.5776
 20
466.7202
 11
309.8760
 21
469.6274
  0
LINE
999
5,1,,212
  8
1
 10
275.7188
 20
597.9292
 11
275.0542
 21
600.6753
  0
LINE
999
5,1,,214
  8
1
 10
272.7490
 20
597.2007
 11
275.7188
 21
597.9292
  0
LINE
999
5,1,,216
  8
1
 10
275.6943
 20
597.9141
 11
278.6641
 21
598.6426
  0
LINE
999
5,1,,218
  8
1
 10
275.0542
 20
600.6753
 11
272.0820
 21
599.9556
  0
LINE
999
5,1,,220
  8
1
 10
277.9990
 20
601.3882
 11
275.0273
 21
600.6685
  0
LINE
999
5,1,,222
  8
1
 10
275.0127
 20
600.8472
 11
274.3477
 21
603.5933
  0
LINE
999
5,1,,224
  8
1
 10
272.0820
 20
599.9556
 11
272.7490
 21
597.2007
  0
LINE
999
5,1,,226
  8
1
 10
271.3755
 20
602.8735
 11
272.0430
 21
600.1187
  0
LINE
999
5,1,,228
  8
1
 10
278.6641
 20
598.6426
 11
277.9990
 21
601.3882
  0
LINE
999
5,1,,230
  8
1
 10
277.9575
 20
601.5605
 11
277.2925
 21
604.3062
  0
LINE
999
5,1,,232
  8
1
 10
274.3477
 20
603.5933
 11
271.3755
 21
602.8735
  0
LINE
999
5,1,,234
  8
1
 10
277.2925
 20
604.3062
 11
274.3203
 21
603.5864
  0
LINE
999
5,1,,236
  8
1
 10
274.3062
 20
603.7651
 11
273.6411
 21
606.5112
  0
LINE
999
5,1,,238
  8
1
 10
270.6689
 20
605.7915
 11
271.3359
 21
603.0366
  0
LINE
999
5,1,,240
  8
1
 10
277.2510
 20
604.4780
 11
276.5859
 21
607.2241
  0
LINE
999
5,1,,242
  8
1
 10
273.6411
 20
606.5112
 11
270.6689
 21
605.7915
  0
LINE
999
5,1,,244
  8
1
 10
276.5859
 20
607.2241
 11
273.6143
 21
606.5044
  0
LINE
999
5,1,,246
  8
1
 10
273.5996
 20
606.6831
 11
272.9346
 21
609.4292
  0
LINE
999
5,1,,248
  8
1
 10
269.9624
 20
608.7095
 11
270.6294
 21
605.9546
  0
LINE
999
5,1,,250
  8
1
 10
276.5444
 20
607.3960
 11
275.8794
 21
610.1421
  0
LINE
999
5,1,,252
  8
1
 10
272.9346
 20
609.4292
 11
269.9624
 21
608.7095
  0
LINE
999
5,1,,254
  8
1
 10
275.8794
 20
610.1421
 11
272.9072
 21
609.4224
  0
LINE
999
5,1,,256
  8
1
 10
272.8931
 20
609.6011
 11
272.2280
 21
612.3467
  0
LINE
999
5,1,,258
  8
1
 10
269.2559
 20
611.6274
 11
269.9229
 21
608.8726
  0
LINE
999
5,1,,260
  8
1
 10
275.8379
 20
610.3140
 11
275.1729
 21
613.0601
  0
LINE
999
5,1,,262
  8
1
 10
272.2280
 20
612.3467
 11
269.2559
 21
611.6274
  0
LINE
999
5,1,,264
  8
1
 10
275.1729
 20
613.0601
 11
272.2012
 21
612.3403
  0
LINE
999
5,1,,266
  8
1
 10
272.1865
 20
612.5190
 11
271.5215
 21
615.2646
  0
LINE
999
5,1,,268
  8
1
 10
268.5493
 20
614.5454
 11
269.2163
 21
611.7905
  0
LINE
999
5,1,,270
  8
1
 10
275.1313
 20
613.2319
 11
274.4663
 21
615.9780
  0
LINE
999
5,1,,272
  8
1
 10
271.5215
 20
615.2646
 11
268.5493
 21
614.5454
  0
LINE
999
5,1,,274
  8
1
 10
274.4663
 20
615.9780
 11
271.4941
 21
615.2583
  0
LINE
999
5,1,,276
  8
1
 10
271.4800
 20
615.4370
 11
270.8149
 21
618.1831
  0
LINE
999
5,1,,278
  8
1
 10
267.8428
 20
617.4634
 11
268.5098
 21
614.7085
  0
LINE
999
5,1,,280
  8
1
 10
274.4248
 20
616.1499
 11
273.7598
 21
618.8960
  0
LINE
999
5,1,,282
  8
1
 10
270.8149
 20
618.1831
 11
267.8428
 21
617.4634
  0
LINE
999
5,1,,284
  8
1
 10
273.7598
 20
618.8960
 11
270.7876
 21
618.1763
  0
LINE
999
5,1,,286
  8
1
 10
270.7734
 20
618.3550
 11
270.1084
 21
621.1006
  0
LINE
999
5,1,,288
  8
1
 10
267.1362
 20
620.3813
 11
267.8037
 21
617.6265
  0
LINE
999
5,1,,290
  8
1
 10
273.7183
 20
619.0679
 11
273.0532
 21
621.8140
  0
LINE
999
5,1,,292
  8
1
 10
270.1084
 20
621.1006
 11
267.1362
 21
620.3813
  0
LINE
999
5,1,,294
  8
1
 10
273.0532
 20
621.8140
 11
270.0811
 21
621.0942
  0
LINE
999
5,1,,296
  8
1
  6
1
 10
317.9395
 20
461.6240
 11
300.4453
 21
457.3877
  0
LINE
999
5,1,,298
  8
1
  6
1
 10
300.4453
 20
457.3877
 11
259.7788
 21
625.4600
  0
LINE
999
5,1,,300
  8
1
  6
1
 10
259.7788
 20
625.4600
 11
277.2729
 21
629.6963
  0
LINE
999
5,1,,302
  8
1
  6
1
 10
277.2729
 20
629.6963
 11
317.9395
 21
461.6240
  0
LINE
999
5,1,,304
  8
1
 10
280.7598
 20
577.1499
 11
282.8555
 21
581.5376
  0
LINE
999
5,1,,306
  8
1
 10
276.7822
 20
580.1577
 11
280.7598
 21
577.1499
  0
LINE
999
5,1,,308
  8
1
 10
274.6475
 20
564.0088
 11
266.8975
 21
557.6890
  0
LINE
999
5,1,,310
  8
1
 10
70.4009
 20
491.2808
 11
94.8950
 21
514.7075
  0
LINE
999
5,1,,312
  8
1
 10
70.4009
 20
491.2808
 11
74.8281
 21
500.2476
  0
LINE
999
5,1,,314
  8
1
 10
196.9033
 20
620.3281
 11
197.0234
 21
616.8584
  0
LINE
999
5,1,,316
  8
1
 10
195.7031
 20
620.2979
 11
195.8135
 21
616.8179
  0
LINE
999
5,1,,318
  8
1
 10
180.1733
 20
616.3081
 11
180.0635
 21
619.7881
  0
LINE
999
5,1,,320
  8
1
 10
178.9634
 20
616.2783
 11
178.8535
 21
619.7480
  0
LINE
999
5,1,,322
  8
1
 10
194.9434
 20
621.0078
 11
194.9624
 21
621.0083
  0
LINE
999
5,1,,324
  8
1
 10
180.2935
 20
619.6479
 11
179.7437
 21
638.9204
  0
LINE
999
5,1,,326
  8
1
  6
1
 10
193.2261
 20
639.5898
 11
193.7832
 21
620.0381
  0
LINE
999
5,1,,328
  8
1
 10
194.7246
 20
639.6777
 11
195.2832
 21
620.0781
  0
LINE
999
5,1,,330
  8
1
  6
1
 10
181.7935
 20
619.5581
 11
181.2393
 21
638.9834
  0
LINE
999
5,1,,332
  8
1
 10
195.2935
 20
619.9482
 11
180.2935
 21
619.5181
  0
LINE
999
5,1,,334
  8
1
 10
180.7334
 20
621.7480
 11
194.9033
 21
622.2080
  0
LINE
999
5,1,,336
  8
1
 10
180.7734
 20
620.5479
 11
194.9434
 21
621.0078
  0
LINE
999
5,1,,338
  8
1
 10
194.9268
 20
632.5742
 11
208.0820
 21
621.0635
  0
LINE
999
5,1,,340
  8
1
 10
194.9268
 20
632.5742
 11
204.3130
 21
629.1235
  0
POLYLINE
999
5
  8
1
  6
1
 66
1
 70
0
  0
VERTEX
999
5,1,,342
  8
1
 10
67.4434
 20
472.5288
  0
VERTEX
999
5,2
  8
1
 10
66.0195
 20
460.1597
  0
VERTEX
999
5,2
  8
1
 10
64.6606
 20
448.1851
  0
VERTEX
999
5,2
  8
1
 10
63.0542
 20
436.6733
  0
VERTEX
999
5,2
  8
1
 10
60.8887
 20
425.6924
  0
VERTEX
999
5,2
  8
1
 10
57.8521
 20
415.3091
  0
VERTEX
999
5,2
  8
1
 10
53.6313
 20
405.5918
  0
VERTEX
999
5,2
  8
1
 10
47.9150
 20
396.6084
  0
VERTEX
999
5,2
  8
1
 10
40.3906
 20
388.4268
  0
VERTEX
999
5,2
  8
1
 10
30.7461
 20
381.1143
  0
VERTEX
999
5,1,,343
  8
1
 10
18.6694
 20
374.7388
  0
SEQEND
  0
POLYLINE
999
5
  8
1
  6
1
 66
1
 70
0
  0
VERTEX
999
5,1,,344
  8
1
 10
89.3672
 20
641.0884
  0
VERTEX
999
5,2
  8
1
 10
78.2256
 20
556.8320
  0
VERTEX
999
5,1,,345
  8
1
 10
67.4434
 20
472.5288
  0
SEQEND
  0
POLYLINE
999
5
  8
1
 66
1
 70
0
  0
VERTEX
999
5,1,,346
  8
1
 10
188.2432
 20
608.7480
  0
VERTEX
999
5,2
  8
1
 10
185.1807
 20
609.2617
  0
VERTEX
999
5,2
  8
1
 10
182.6411
 20
610.8550
  0
VERTEX
999
5,2
  8
1
 10
180.8853
 20
613.2852
  0
VERTEX
999
5,1,,347
  8
1
 10
180.1733
 20
616.3081
  0
SEQEND
  0
POLYLINE
999
5
  8
1
 66
1
 70
0
  0
VERTEX
999
5,1,,348
  8
1
 10
195.8135
 20
616.8179
  0
VERTEX
999
5,2
  8
1
 10
195.2983
 20
613.7529
  0
VERTEX
999
5,2
  8
1
 10
193.7021
 20
611.2129
  0
VERTEX
999
5,2
  8
1
 10
191.2690
 20
609.4580
  0
VERTEX
999
5,1,,349
  8
1
 10
188.2432
 20
608.7480
  0
SEQEND
  0
POLYLINE
999
5
  8
1
 66
1
 70
0
  0
VERTEX
999
5,1,,350
  8
1
 10
188.2832
 20
607.5381
  0
VERTEX
999
5,2
  8
1
 10
184.7188
 20
608.1836
  0
VERTEX
999
5,2
  8
1
 10
181.8701
 20
610.0220
  0
VERTEX
999
5,2
  8
1
 10
179.8979
 20
612.8037
  0
VERTEX
999
5,1,,351
  8
1
 10
178.9634
 20
616.2783
  0
SEQEND
  0
POLYLINE
999
5
  8
1
 66
1
 70
0
  0
VERTEX
999
5,1,,352
  8
1
 10
197.0234
 20
616.8584
  0
VERTEX
999
5,2
  8
1
 10
196.4277
 20
613.3198
  0
VERTEX
999
5,2
  8
1
 10
194.5850
 20
610.3872
  0
VERTEX
999
5,2
  8
1
 10
191.7759
 20
608.3599
  0
VERTEX
999
5,1,,353
  8
1
 10
188.2832
 20
607.5381
  0
SEQEND
  0
LINE
999
5,1,,354
  8
1
 10
195.6382
 20
620.5791
 11
195.6523
 21
620.5464
  0
LINE
999
5,1,,356
  8
1
 10
195.6226
 20
620.6108
 11
195.6382
 21
620.5791
  0
LINE
999
5,1,,358
  8
1
 10
195.6055
 20
620.6421
 11
195.6226
 21
620.6108
  0
LINE
999
5,1,,360
  8
1
 10
195.5454
 20
620.7295
 11
195.6055
 21
620.6421
  0
LINE
999
5,1,,362
  8
1
 10
195.4604
 20
620.8188
 11
195.5454
 21
620.7295
  0
LINE
999
5,1,,364
  8
1
 10
195.3613
 20
620.8936
 11
195.4604
 21
620.8188
  0
LINE
999
5,1,,366
  8
1
 10
195.3306
 20
620.9116
 11
195.3613
 21
620.8936
  0
LINE
999
5,1,,368
  8
1
 10
195.2993
 20
620.9287
 11
195.3306
 21
620.9116
  0
LINE
999
5,1,,370
  8
1
 10
195.1475
 20
620.9854
 11
195.2993
 21
620.9287
  0
LINE
999
5,1,,372
  8
1
 10
195.0933
 20
620.9971
 11
195.1475
 21
620.9854
  0
LINE
999
5,1,,374
  8
1
 10
195.0005
 20
621.0073
 11
195.0933
 21
620.9971
  0
LINE
999
5,1,,376
  8
1
 10
194.9624
 20
621.0083
 11
195.0005
 21
621.0073
  0
POLYLINE
999
5
  8
1
 66
1
 70
0
  0
VERTEX
999
5,1,,378
  8
1
 10
194.9033
 20
622.2080
  0
VERTEX
999
5,2
  8
1
 10
195.7095
 20
622.0308
  0
VERTEX
999
5,2
  8
1
 10
196.2593
 20
621.6509
  0
VERTEX
999
5,2
  8
1
 10
196.6309
 20
621.0801
  0
VERTEX
999
5,1,,379
  8
1
 10
196.9033
 20
620.3281
  0
SEQEND
  0
LINE
999
5,1,,380
  8
1
 10
195.7017
 20
620.3354
 11
195.7031
 21
620.2979
  0
LINE
999
5,1,,382
  8
1
 10
195.6978
 20
620.3721
 11
195.7017
 21
620.3354
  0
LINE
999
5,1,,384
  8
1
 10
195.6704
 20
620.4961
 11
195.6978
 21
620.3721
  0
LINE
999
5,1,,386
  8
1
 10
195.6523
 20
620.5464
 11
195.6704
 21
620.4961
  0
POLYLINE
999
5
  8
1
 66
1
 70
0
  0
VERTEX
999
5,1,,388
  8
1
 10
180.0635
 20
619.7881
  0
VERTEX
999
5,2
  8
1
 10
180.1084
 20
620.0781
  0
VERTEX
999
5,2
  8
1
 10
180.2573
 20
620.3184
  0
VERTEX
999
5,2
  8
1
 10
180.4873
 20
620.4834
  0
VERTEX
999
5,1,,389
  8
1
 10
180.7734
 20
620.5479
  0
SEQEND
  0
POLYLINE
999
5
  8
1
 66
1
 70
0
  0
VERTEX
999
5,1,,390
  8
1
 10
178.8535
 20
619.7480
  0
VERTEX
999
5,2
  8
1
 10
178.9829
 20
620.5078
  0
VERTEX
999
5,2
  8
1
 10
179.3799
 20
621.1372
  0
VERTEX
999
5,2
  8
1
 10
179.9834
 20
621.5718
  0
VERTEX
999
5,1,,391
  8
1
 10
180.7334
 20
621.7480
  0
SEQEND
  0
ENDBLK
  0
BLOCK
  8
1
  2
P0035_08
 70
64
 10
0.0000
 20
0.0000
  0
TEXT
  8
1
 10
219.3232
 20
307.1890
 40
8.0000
 50
0.0000
  1
PIECE: 前身頃上
  7
STANDARD
  0
TEXT
  8
1
 10
219.3232
 20
297.9890
 40
8.0000
 50
0.0000
  1
SIZE: XXL
  7
STANDARD
  0
TEXT
  8
1
 10
219.3232
 20
288.7889
 40
8.0000
 50
0.0000
  1
FABRIC: 表生地
  7
STANDARD
  0
TEXT
  8
1
 10
219.3232
 20
279.5889
 40
8.0000
 50
0.0000
  1
QUANTITY: 1
  7
STANDARD
  0
TEXT
  8
1
 10
157.5498
 20
1.6597
 40
5.0000
 50
0.0000
  1
COMMENT: 1.0/割り
  7
STANDARD
  0
TEXT
  8
1
 10
39.3931
 20
225.8955
 40
5.0000
 50
276.4352
  1
COMMENT: 1.0/割り
  7
STANDARD
  0
TEXT
  8
1
 10
205.0264
 20
207.1548
 40
5.0000
 50
0.0000
  1
COMMENT: センタープリーツ
  7
STANDARD
  0
TEXT
  8
1
 10
205.0264
 20
202.1548
 40
5.0000
 50
0.0000
  1
COMMENT: つまみステッチ
  7
STANDARD
  0
TEXT
  8
1
 10
73.7700
 20
505.6694
 40
6.0000
 50
0.0000
  1
COMMENT: コバステッチ
  7
STANDARD
  0
TEXT
  8
1
 10
56.9990
 20
499.8223
 40
5.0000
 50
262.9083
  1
COMMENT: 1.0/左高
  7
STANDARD
  0
TEXT
  8
1
 10
193.3892
 20
641.9204
 40
5.0000
 50
2.5227
  1
COMMENT: 1.0/ベルト高
  7
STANDARD
  0
TEXT
  8
1
 10
330.3389
 20
332.5825
 40
5.0000
 50
83.5842
  1
COMMENT: 1.0/切替高
  7
STANDARD
  0
TEXT
  8
1
 10
286.1231
 20
574.0496
 40
5.0000
 50
284.4469
  1
COMMENT: 1.5cm×17cm務歯出しポケット
  7
STANDARD
  0
TEXT
  8
1
 10
281.2813
 20
572.8022
 40
5.0000
 50
284.4469
  1
COMMENT: 16cmファスナー付け
  7
STANDARD
  0
TEXT
  8
1
 10
243.5161
 20
541.5840
 40
6.0000
 50
0.0000
  1
COMMENT: コバステッチ
  7
STANDARD
  0
TEXT
  8
1
 10
282.4834
 20
593.4136
 40
5.0000
 50
283.5342
  1
COMMENT: OPEN
  7
STANDARD
  0
TEXT
  8
1
 10
200.4473
 20
613.5869
 40
6.0000
 50
0.0000
  1
COMMENT: 右のみループ
  7
STANDARD
  0
TEXT
  8
1
 10
200.4473
 20
607.5869
 40
6.0000
 50
0.0000
  1
COMMENT: 挟み込み
  7
STANDARD
  0
POLYLINE
999
1
  8
1
 66
1
 70
0
  0
VERTEX
999
1,1,,1
  8
1
 10
310.8765
 20
10.0010
  0
VERTEX
999
1,1,,2
  8
1
 10
310.8770
 20
0.0000
  0
VERTEX
999
1,2,1
  8
1
 10
187.2734
 20
0.0000
 38
10.0171
 50
90.0000
  0
VERTEX
999
1,2,1
  8
1
 10
109.4033
 20
0.0000
 38
10.0000
 50
90.0000
  0
VERTEX
999
1,1,,3
  8
1
 10
49.3892
 20
0.0000
  0
VERTEX
999
1,1,,4
  8
1
 10
49.3896
 20
10.0005
  0
VERTEX
999
1,2
  8
1
 10
48.3545
 20
30.3516
  0
VERTEX
999
1,1,1,5
  8
1
 10
47.2876
 20
50.6934
 38
10.0172
 50
3.0568
  0
VERTEX
999
1,2
  8
1
 10
46.5186
 20
66.4370
  0
VERTEX
999
1,2
  8
1
 10
45.7124
 20
82.1704
  0
VERTEX
999
1,2
  8
1
 10
44.8491
 20
97.9155
  0
VERTEX
999
1,2
  8
1
 10
43.9106
 20
113.6665
  0
VERTEX
999
1,2
  8
1
 10
42.8794
 20
129.4180
  0
VERTEX
999
1,2
  8
1
 10
41.7368
 20
145.1646
  0
VERTEX
999
1,2
  8
1
 10
40.4653
 20
160.9019
  0
VERTEX
999
1,2
  8
1
 10
39.0469
 20
176.6235
  0
VERTEX
999
1,2
  8
1
 10
37.4634
 20
192.3242
  0
VERTEX
999
1,2
  8
1
 10
35.6968
 20
207.9995
  0
VERTEX
999
1,2
  8
1
 10
33.7290
 20
223.6436
  0
VERTEX
999
1,2
  8
1
 10
31.5420
 20
239.2510
  0
VERTEX
999
1,2
  8
1
 10
29.1182
 20
254.8164
  0
VERTEX
999
1,2
  8
1
 10
26.4390
 20
270.3350
  0
VERTEX
999
1,2
  8
1
 10
23.4868
 20
285.8008
  0
VERTEX
999
1,2
  8
1
 10
20.2432
 20
301.2090
  0
VERTEX
999
1,2
  8
1
 10
16.6909
 20
316.5537
  0
VERTEX
999
1,2
  8
1
 10
12.8110
 20
331.8306
  0
VERTEX
999
1,2
  8
1
 10
8.5859
 20
347.0332
  0
VERTEX
999
1,1,,6
  8
1
 10
3.9976
 20
362.1567
  0
VERTEX
999
1,1,,7
  8
1
 10
0.0000
 20
371.3237
  0
VERTEX
999
1,2
  8
1
 10
9.2158
 20
375.3428
  0
VERTEX
999
1,2
  8
1
 10
20.8647
 20
381.6260
  0
VERTEX
999
1,2
  8
1
 10
29.8242
 20
388.9678
  0
VERTEX
999
1,2
  8
1
 10
36.5024
 20
397.2856
  0
VERTEX
999
1,2
  8
1
 10
41.3066
 20
406.4971
  0
VERTEX
999
1,2
  8
1
 10
44.6450
 20
416.5190
  0
VERTEX
999
1,2
  8
1
 10
46.9243
 20
427.2690
  0
VERTEX
999
1,2
  8
1
 10
48.5537
 20
438.6641
  0
VERTEX
999
1,2
  8
1
 10
49.9399
 20
450.6221
  0
VERTEX
999
1,1,,8
  8
1
 10
51.5371
 20
463.9907
  0
VERTEX
999
1,2
  8
1
 10
62.8105
 20
553.3145
  0
VERTEX
999
1,2
  8
1
 10
74.4658
 20
642.5913
  0
VERTEX
999
1,1,,9
  8
1
 10
75.7725
 20
652.1460
  0
VERTEX
999
1,2
  8
1
 10
85.3682
 20
651.1865
  0
VERTEX
999
1,2
  8
1
 10
98.0073
 20
650.0654
  0
VERTEX
999
1,2
  8
1
 10
110.6626
 20
649.2197
  0
VERTEX
999
1,2
  8
1
 10
123.3315
 20
648.6372
  0
VERTEX
999
1,2
  8
1
 10
136.0117
 20
648.3062
  0
VERTEX
999
1,2
  8
1
 10
148.7012
 20
648.2144
  0
VERTEX
999
1,2
  8
1
 10
161.3975
 20
648.3501
  0
VERTEX
999
1,2
  8
1
 10
174.0981
 20
648.7012
  0
VERTEX
999
1,1,1,10
  8
1
 10
186.8008
 20
649.2559
 38
10.0171
 50
270.0000
  0
VERTEX
999
1,2
  8
1
 10
202.1768
 20
650.0625
  0
VERTEX
999
1,2
  8
1
 10
217.5430
 20
651.1230
  0
VERTEX
999
1,2
  8
1
 10
232.8940
 20
652.4165
  0
VERTEX
999
1,2
  8
1
 10
248.2256
 20
653.9238
  0
VERTEX
999
1,2
  8
1
 10
263.5337
 20
655.6255
  0
VERTEX
999
1,2
  8
1
 10
278.8130
 20
657.5010
  0
VERTEX
999
1,2
  8
1
 10
294.0596
 20
659.5303
  0
VERTEX
999
1,2
  8
1
 10
309.2686
 20
661.6948
  0
VERTEX
999
1,2
  8
1
 10
324.4355
 20
663.9736
  0
VERTEX
999
1,1,,11
  8
1
 10
339.5557
 20
666.3472
  0
VERTEX
999
1,1,,12
  8
1
 10
340.6782
 20
666.5933
  0
VERTEX
999
1,1,,13
  8
1
 10
350.6514
 20
667.3252
  0
VERTEX
999
1,2
  8
1
 10
351.3911
 20
657.2500
  0
VERTEX
999
1,2
  8
1
 10
352.4482
 20
641.0117
  0
VERTEX
999
1,2
  8
1
 10
353.2432
 20
624.7607
  0
VERTEX
999
1,2
  8
1
 10
353.7837
 20
608.5005
  0
VERTEX
999
1,2
  8
1
 10
354.0786
 20
592.2329
  0
VERTEX
999
1,2
  8
1
 10
354.1357
 20
575.9609
  0
VERTEX
999
1,2
  8
1
 10
353.9644
 20
559.6870
  0
VERTEX
999
1,2
  8
1
 10
353.5723
 20
543.4141
  0
VERTEX
999
1,2
  8
1
 10
352.9683
 20
527.1445
  0
VERTEX
999
1,2
  8
1
 10
352.1602
 20
510.8813
  0
VERTEX
999
1,2
  8
1
 10
351.1567
 20
494.6265
  0
VERTEX
999
1,2
  8
1
 10
349.9668
 20
478.3833
  0
VERTEX
999
1,2
  8
1
 10
348.5981
 20
462.1543
  0
VERTEX
999
1,2
  8
1
 10
347.0591
 20
445.9419
  0
VERTEX
999
1,2
  8
1
 10
345.3584
 20
429.7485
  0
VERTEX
999
1,2
  8
1
 10
343.5044
 20
413.5776
  0
VERTEX
999
1,2
  8
1
 10
341.5054
 20
397.4312
  0
VERTEX
999
1,2
  8
1
 10
339.3701
 20
381.3120
  0
VERTEX
999
1,1,,14
  8
1
 10
337.1064
 20
365.2227
  0
VERTEX
999
1,2
  8
1
 10
335.1089
 20
349.5615
  0
VERTEX
999
1,2
  8
1
 10
333.2588
 20
333.8867
  0
VERTEX
999
1,2
  8
1
 10
331.5459
 20
318.1992
  0
VERTEX
999
1,2
  8
1
 10
329.9595
 20
302.5010
  0
VERTEX
999
1,2
  8
1
 10
328.4893
 20
286.7920
  0
VERTEX
999
1,2
  8
1
 10
327.1250
 20
271.0737
  0
VERTEX
999
1,2
  8
1
 10
325.8555
 20
255.3472
  0
VERTEX
999
1,2
  8
1
 10
324.6704
 20
239.6128
  0
VERTEX
999
1,2
  8
1
 10
323.5596
 20
223.8726
  0
VERTEX
999
1,2
  8
1
 10
322.5122
 20
208.1270
  0
VERTEX
999
1,2
  8
1
 10
321.5181
 20
192.3765
  0
VERTEX
999
1,2
  8
1
 10
320.5659
 20
176.6230
  0
VERTEX
999
1,2
  8
1
 10
319.6460
 20
160.8667
  0
VERTEX
999
1,2
  8
1
 10
318.7471
 20
145.1094
  0
VERTEX
999
1,2
  8
1
 10
317.8594
 20
129.3516
  0
VERTEX
999
1,2
  8
1
 10
316.9717
 20
113.5947
  0
VERTEX
999
1,2
  8
1
 10
316.0737
 20
97.8389
  0
VERTEX
999
1,2
  8
1
 10
315.1553
 20
82.0859
  0
VERTEX
999
1,2
  8
1
 10
314.2051
 20
66.3364
  0
VERTEX
999
1,1,1,15
  8
1
 10
313.2139
 20
50.6016
 38
10.0171
 50
176.4172
  0
VERTEX
999
1,2
  8
1
 10
311.9951
 20
30.3032
  0
VERTEX
999
1,1,,16
  8
1
 10
310.8765
 20
10.0010
  0
SEQEND
  0
POLYLINE
999
2
  8
1
 66
1
 70
0
  0
VERTEX
999
2,1,,17
  8
1
 10
300.8618
 20
10.0000
  0
VERTEX
999
2,1,,18
  8
1
 10
59.4033
 20
10.0000
  0
VERTEX
999
2,2
  8
1
 10
58.3545
 20
30.6143
  0
VERTEX
999
2,1,,19
  8
1
 10
57.2734
 20
51.2266
  0
VERTEX
999
2,2
  8
1
 10
56.4966
 20
67.1206
  0
VERTEX
999
2,2
  8
1
 10
55.6787
 20
83.0317
  0
VERTEX
999
2,2
  8
1
 10
54.8018
 20
98.9541
  0
VERTEX
999
2,2
  8
1
 10
53.8472
 20
114.8833
  0
VERTEX
999
2,2
  8
1
 10
52.7974
 20
130.8130
  0
VERTEX
999
2,2
  8
1
 10
51.6338
 20
146.7383
  0
VERTEX
999
2,2
  8
1
 10
50.3379
 20
162.6533
  0
VERTEX
999
2,2
  8
1
 10
48.8921
 20
178.5532
  0
VERTEX
999
2,2
  8
1
 10
47.2783
 20
194.4321
  0
VERTEX
999
2,2
  8
1
 10
45.4775
 20
210.2847
  0
VERTEX
999
2,2
  8
1
 10
43.4722
 20
226.1055
  0
VERTEX
999
2,2
  8
1
 10
41.2441
 20
241.8896
  0
VERTEX
999
2,2
  8
1
 10
38.7749
 20
257.6309
  0
VERTEX
999
2,2
  8
1
 10
36.0464
 20
273.3247
  0
VERTEX
999
2,2
  8
1
 10
33.0405
 20
288.9648
  0
VERTEX
999
2,2
  8
1
 10
29.7393
 20
304.5464
  0
VERTEX
999
2,2
  8
1
 10
26.1240
 20
320.0635
  0
VERTEX
999
2,2
  8
1
 10
22.1768
 20
335.5112
  0
VERTEX
999
2,2
  8
1
 10
17.8794
 20
350.8843
  0
VERTEX
999
2,1,,20
  8
1
 10
13.2134
 20
366.1768
  0
VERTEX
999
2,2
  8
1
 10
25.0391
 20
372.3716
  0
VERTEX
999
2,2
  8
1
 10
34.4937
 20
379.4810
  0
VERTEX
999
2,2
  8
1
 10
41.8828
 20
387.4507
  0
VERTEX
999
2,2
  8
1
 10
47.5122
 20
396.2256
  0
VERTEX
999
2,2
  8
1
 10
51.6875
 20
405.7515
  0
VERTEX
999
2,2
  8
1
 10
54.7148
 20
415.9727
  0
VERTEX
999
2,2
  8
1
 10
56.8999
 20
426.8345
  0
VERTEX
999
2,2
  8
1
 10
58.5474
 20
438.2827
  0
VERTEX
999
2,2
  8
1
 10
59.9644
 20
450.2622
  0
VERTEX
999
2,1,,21
  8
1
 10
61.4556
 20
462.7178
  0
VERTEX
999
2,2
  8
1
 10
72.7241
 20
552.0020
  0
VERTEX
999
2,1,,22
  8
1
 10
84.3735
 20
641.2363
  0
VERTEX
999
2,2
  8
1
 10
97.2007
 20
640.0981
  0
VERTEX
999
2,2
  8
1
 10
110.0435
 20
639.2388
  0
VERTEX
999
2,2
  8
1
 10
122.8989
 20
638.6465
  0
VERTEX
999
2,2
  8
1
 10
135.7646
 20
638.3091
  0
VERTEX
999
2,2
  8
1
 10
148.6382
 20
638.2144
  0
VERTEX
999
2,2
  8
1
 10
161.5156
 20
638.3506
  0
VERTEX
999
2,2
  8
1
 10
174.3950
 20
638.7051
  0
VERTEX
999
2,1,,23
  8
1
 10
187.2734
 20
639.2671
  0
VERTEX
999
2,2
  8
1
 10
202.7837
 20
640.0811
  0
VERTEX
999
2,2
  8
1
 10
218.2852
 20
641.1504
  0
VERTEX
999
2,2
  8
1
 10
233.7739
 20
642.4556
  0
VERTEX
999
2,2
  8
1
 10
249.2446
 20
643.9766
  0
VERTEX
999
2,2
  8
1
 10
264.6924
 20
645.6938
  0
VERTEX
999
2,2
  8
1
 10
280.1123
 20
647.5864
  0
VERTEX
999
2,2
  8
1
 10
295.4995
 20
649.6353
  0
VERTEX
999
2,2
  8
1
 10
310.8496
 20
651.8198
  0
VERTEX
999
2,2
  8
1
 10
326.1572
 20
654.1211
  0
VERTEX
999
2,1,,24
  8
1
 10
341.4180
 20
656.5181
  0
VERTEX
999
2,2
  8
1
 10
342.4673
 20
640.3931
  0
VERTEX
999
2,2
  8
1
 10
343.2559
 20
624.2563
  0
VERTEX
999
2,2
  8
1
 10
343.7910
 20
608.1099
  0
VERTEX
999
2,2
  8
1
 10
344.0820
 20
591.9561
  0
VERTEX
999
2,2
  8
1
 10
344.1367
 20
575.7979
  0
VERTEX
999
2,2
  8
1
 10
343.9639
 20
559.6382
  0
VERTEX
999
2,2
  8
1
 10
343.5718
 20
543.4790
  0
VERTEX
999
2,2
  8
1
 10
342.9688
 20
527.3237
  0
VERTEX
999
2,2
  8
1
 10
342.1631
 20
511.1743
  0
VERTEX
999
2,2
  8
1
 10
341.1641
 20
495.0337
  0
VERTEX
999
2,2
  8
1
 10
339.9790
 20
478.9043
  0
VERTEX
999
2,2
  8
1
 10
338.6167
 20
462.7891
  0
VERTEX
999
2,2
  8
1
 10
337.0859
 20
446.6899
  0
VERTEX
999
2,2
  8
1
 10
335.3945
 20
430.6104
  0
VERTEX
999
2,2
  8
1
 10
333.5508
 20
414.5527
  0
VERTEX
999
2,2
  8
1
 10
331.5640
 20
398.5195
  0
VERTEX
999
2,2
  8
1
 10
329.4419
 20
382.5132
  0
VERTEX
999
2,1,,25
  8
1
 10
327.1934
 20
366.5366
  0
VERTEX
999
2,2
  8
1
 10
325.1909
 20
350.8418
  0
VERTEX
999
2,2
  8
1
 10
323.3369
 20
335.1338
  0
VERTEX
999
2,2
  8
1
 10
321.6196
 20
319.4131
  0
VERTEX
999
2,2
  8
1
 10
320.0293
 20
303.6812
  0
VERTEX
999
2,2
  8
1
 10
318.5552
 20
287.9390
  0
VERTEX
999
2,2
  8
1
 10
317.1870
 20
272.1870
  0
VERTEX
999
2,2
  8
1
 10
315.9141
 20
256.4268
  0
VERTEX
999
2,2
  8
1
 10
314.7256
 20
240.6592
  0
VERTEX
999
2,2
  8
1
 10
313.6113
 20
224.8848
  0
VERTEX
999
2,2
  8
1
 10
312.5605
 20
209.1050
  0
VERTEX
999
2,2
  8
1
 10
311.5625
 20
193.3213
  0
VERTEX
999
2,2
  8
1
 10
310.6074
 20
177.5337
  0
VERTEX
999
2,2
  8
1
 10
309.6841
 20
161.7437
  0
VERTEX
999
2,2
  8
1
 10
308.7827
 20
145.9517
  0
VERTEX
999
2,2
  8
1
 10
307.8916
 20
130.1597
  0
VERTEX
999
2,2
  8
1
 10
307.0015
 20
114.3682
  0
VERTEX
999
2,2
  8
1
 10
306.1011
 20
98.5781
  0
VERTEX
999
2,2
  8
1
 10
305.1797
 20
82.7905
  0
VERTEX
999
2,2
  8
1
 10
304.2275
 20
67.0063
  0
VERTEX
999
2,1,,26
  8
1
 10
303.2334
 20
51.2266
  0
VERTEX
999
2,2
  8
1
 10
301.9966
 20
30.6162
  0
VERTEX
999
2,1,,27
  8
1
 10
300.8618
 20
10.0000
  0
SEQEND
  0
LINE
999
5,1,,28
  8
1
 10
187.2734
 20
10.0000
 11
187.2734
 21
20.0171
  0
LINE
999
5,1,,30
  8
1
 10
109.4033
 20
10.0000
 11
109.4033
 21
20.0000
  0
LINE
999
5,1,,32
  8
1
 10
57.2734
 20
51.2266
 11
67.2764
 21
51.7607
  0
LINE
999
5,1,,34
  8
1
 10
187.2734
 20
639.2671
 11
187.2734
 21
629.2500
  0
LINE
999
5,1,,36
  8
1
 10
303.2334
 20
51.2266
 11
293.2358
 21
51.8525
  0
LINE
999
5,1,,38
  8
1
 10
189.2734
 20
51.2266
 11
303.2334
 21
51.2266
  0
LINE
999
5,1,,40
  8
1
 10
187.2734
 20
639.2671
 11
187.2734
 21
10.0000
  0
LINE
999
5,1,,42
  8
1
 10
187.2734
 20
639.2671
 11
187.2734
 21
10.0000
  0
LINE
999
5,1,,44
  8
1
  6
1
 10
189.2734
 20
639.3706
 11
189.2734
 21
10.0000
  0
LINE
999
5,1,,46
  8
1
 10
57.2734
 20
51.2266
 11
185.2734
 21
51.2266
  0
LINE
999
5,1,,48
  8
1
  6
1
 10
185.2734
 20
10.0000
 11
185.2734
 21
639.1680
  0
LINE
999
5,1,,50
  8
1
 10
13.1934
 20
366.2363
 11
185.2734
 21
366.2363
  0
LINE
999
5,1,,52
  8
1
 10
189.2734
 20
366.2363
 11
327.1533
 21
366.2363
  0
LINE
999
5,1,,54
  8
1
 10
193.0732
 20
446.4121
 11
334.7783
 21
427.3994
  0
LINE
999
5,1,,56
  8
1
 10
61.4556
 20
462.7178
 11
189.0732
 21
446.9409
  0
LINE
999
5,1,,58
  8
1
 10
279.6475
 20
564.0088
 11
270.6538
 21
548.9238
  0
LINE
999
5,1,,60
  8
1
 10
187.9902
 20
234.4282
 11
210.4946
 21
213.9863
  0
LINE
999
5,1,,62
  8
1
 10
187.9902
 20
234.4282
 11
197.2456
 21
230.6416
  0
LINE
999
5,1,,64
  8
1
 10
307.4561
 20
487.4575
 11
304.4834
 21
486.7402
  0
LINE
999
5,1,,66
  8
1
 10
308.1577
 20
484.5498
 11
307.4561
 21
487.4575
  0
LINE
999
5,1,,68
  8
1
 10
309.6113
 20
491.4409
 11
308.9102
 21
494.3486
  0
LINE
999
5,1,,70
  8
1
 10
303.7378
 20
489.8306
 11
304.4419
 21
486.9131
  0
LINE
999
5,1,,72
  8
1
 10
309.6558
 20
491.2583
 11
306.6831
 21
490.5415
  0
LINE
999
5,1,,74
  8
1
 10
306.7100
 20
490.5479
 11
303.7378
 21
489.8306
  0
LINE
999
5,1,,76
  8
1
 10
307.4121
 20
487.6396
 11
306.7100
 21
490.5479
  0
LINE
999
5,1,,78
  8
1
 10
308.8657
 20
494.5308
 11
308.1641
 21
497.4385
  0
LINE
999
5,1,,80
  8
1
 10
302.9917
 20
492.9204
 11
303.6958
 21
490.0029
  0
LINE
999
5,1,,82
  8
1
 10
308.9102
 20
494.3486
 11
305.9375
 21
493.6313
  0
LINE
999
5,1,,84
  8
1
 10
305.9644
 20
493.6377
 11
302.9917
 21
492.9204
  0
LINE
999
5,1,,86
  8
1
 10
306.6660
 20
490.7300
 11
305.9644
 21
493.6377
  0
LINE
999
5,1,,88
  8
1
 10
308.1201
 20
497.6206
 11
307.4185
 21
500.5288
  0
LINE
999
5,1,,90
  8
1
 10
302.2461
 20
496.0103
 11
302.9502
 21
493.0933
  0
LINE
999
5,1,,92
  8
1
 10
308.1641
 20
497.4385
 11
305.1914
 21
496.7212
  0
LINE
999
5,1,,94
  8
1
 10
305.2188
 20
496.7280
 11
302.2461
 21
496.0103
  0
LINE
999
5,1,,96
  8
1
 10
305.9204
 20
493.8198
 11
305.2188
 21
496.7280
  0
LINE
999
5,1,,98
  8
1
 10
307.3745
 20
500.7109
 11
306.6729
 21
503.6187
  0
LINE
999
5,1,,100
  8
1
 10
301.5005
 20
499.1006
 11
302.2046
 21
496.1831
  0
LINE
999
5,1,,102
  8
1
 10
300.7549
 20
502.1909
 11
301.4585
 21
499.2734
  0
LINE
999
5,1,,104
  8
1
 10
280.7471
 20
597.7534
 11
303.6719
 21
503.0776
  0
LINE
999
5,1,,106
  8
1
 10
306.6729
 20
503.6187
 11
303.7002
 21
502.9014
  0
LINE
999
5,1,,108
  8
1
 10
303.7271
 20
502.9082
 11
300.7549
 21
502.1909
  0
LINE
999
5,1,,110
  8
1
 10
307.4185
 20
500.5288
 11
304.4458
 21
499.8115
  0
LINE
999
5,1,,112
  8
1
 10
304.4731
 20
499.8179
 11
301.5005
 21
499.1006
  0
LINE
999
5,1,,114
  8
1
 10
305.1748
 20
496.9102
 11
304.4731
 21
499.8179
  0
LINE
999
5,1,,116
  8
1
 10
304.4287
 20
500.0005
 11
303.7271
 21
502.9082
  0
LINE
999
5,1,,118
  8
1
 10
312.6323
 20
466.0093
 11
311.9307
 21
468.9170
  0
LINE
999
5,1,,120
  8
1
 10
311.9307
 20
468.9170
 11
308.9580
 21
468.1997
  0
LINE
999
5,1,,122
  8
1
 10
309.6621
 20
465.2822
 11
312.6323
 21
466.0093
  0
LINE
999
5,1,,124
  8
1
 10
308.9580
 20
468.1997
 11
309.6621
 21
465.2822
  0
LINE
999
5,1,,126
  8
1
 10
281.1680
 20
627.8853
 11
321.1289
 21
462.7285
  0
LINE
999
5,1,,128
  8
1
 10
266.5894
 20
624.3550
 11
281.1680
 21
627.8853
  0
LINE
999
5,1,,130
  8
1
 10
306.5503
 20
459.1982
 11
266.5894
 21
624.3550
  0
LINE
999
5,1,,132
  8
1
 10
321.1289
 20
462.7285
 11
306.5503
 21
459.1982
  0
LINE
999
5,1,,134
  8
1
 10
320.8276
 20
506.4878
 11
296.1499
 21
459.6499
  0
LINE
999
5,1,,136
  8
1
  6
3
 10
288.5352
 20
639.9580
 11
333.2061
 21
455.3564
  0
LINE
999
5,1,,138
  8
1
  6
3
 10
299.1812
 20
447.1211
 11
254.5200
 21
631.7231
  0
LINE
999
5,1,,140
  8
1
 10
320.1196
 20
509.4351
 11
295.4385
 21
462.5903
  0
LINE
999
5,1,,142
  8
1
 10
321.5430
 20
503.5547
 11
296.8613
 21
456.7095
  0
LINE
999
5,1,,144
  8
1
  6
3
 10
333.2061
 20
455.3564
 11
299.1812
 21
447.1211
  0
LINE
999
5,1,,146
  8
1
  6
3
 10
254.5200
 20
631.7231
 11
288.5352
 21
639.9580
  0
LINE
999
5,1,,148
  8
1
 10
310.4014
 20
488.1685
 11
307.4287
 21
487.4512
  0
LINE
999
5,1,,150
  8
1
 10
304.4834
 20
486.7402
 11
305.1875
 21
483.8228
  0
LINE
999
5,1,,152
  8
1
 10
310.3574
 20
488.3506
 11
309.6558
 21
491.2583
  0
LINE
999
5,1,,154
  8
1
 10
308.9033
 20
481.4595
 11
308.2017
 21
484.3677
  0
LINE
999
5,1,,156
  8
1
 10
308.2017
 20
484.3677
 11
305.2290
 21
483.6499
  0
LINE
999
5,1,,158
  8
1
 10
311.1470
 20
485.0786
 11
308.1748
 21
484.3608
  0
LINE
999
5,1,,160
  8
1
 10
305.2290
 20
483.6499
 11
305.9331
 21
480.7329
  0
LINE
999
5,1,,162
  8
1
 10
311.1030
 20
485.2603
 11
310.4014
 21
488.1685
  0
LINE
999
5,1,,164
  8
1
 10
309.6494
 20
478.3696
 11
308.9473
 21
481.2773
  0
LINE
999
5,1,,166
  8
1
 10
308.9473
 20
481.2773
 11
305.9746
 21
480.5601
  0
LINE
999
5,1,,168
  8
1
 10
311.8931
 20
481.9883
 11
308.9204
 21
481.2710
  0
LINE
999
5,1,,170
  8
1
 10
305.9746
 20
480.5601
 11
306.6787
 21
477.6426
  0
LINE
999
5,1,,172
  8
1
 10
311.8486
 20
482.1704
 11
311.1470
 21
485.0786
  0
LINE
999
5,1,,174
  8
1
 10
310.3950
 20
475.2793
 11
309.6934
 21
478.1870
  0
LINE
999
5,1,,176
  8
1
 10
309.6934
 20
478.1870
 11
306.7207
 21
477.4702
  0
LINE
999
5,1,,178
  8
1
 10
312.6387
 20
478.8979
 11
309.6660
 21
478.1807
  0
LINE
999
5,1,,180
  8
1
 10
306.7207
 20
477.4702
 11
307.4248
 21
474.5527
  0
LINE
999
5,1,,182
  8
1
 10
312.5947
 20
479.0806
 11
311.8931
 21
481.9883
  0
LINE
999
5,1,,184
  8
1
 10
311.1406
 20
472.1890
 11
310.4390
 21
475.0972
  0
LINE
999
5,1,,186
  8
1
 10
310.4390
 20
475.0972
 11
307.4663
 21
474.3799
  0
LINE
999
5,1,,188
  8
1
 10
313.3843
 20
475.8081
 11
310.4116
 21
475.0903
  0
LINE
999
5,1,,190
  8
1
 10
307.4663
 20
474.3799
 11
308.1704
 21
471.4624
  0
LINE
999
5,1,,192
  8
1
 10
313.3403
 20
475.9902
 11
312.6387
 21
478.8979
  0
LINE
999
5,1,,194
  8
1
 10
311.8867
 20
469.0991
 11
311.1846
 21
472.0073
  0
LINE
999
5,1,,196
  8
1
 10
311.1846
 20
472.0073
 11
308.2119
 21
471.2896
  0
LINE
999
5,1,,198
  8
1
 10
314.1299
 20
472.7178
 11
311.1577
 21
472.0005
  0
LINE
999
5,1,,200
  8
1
 10
308.2119
 20
471.2896
 11
308.9160
 21
468.3726
  0
LINE
999
5,1,,202
  8
1
 10
314.0859
 20
472.8999
 11
313.3843
 21
475.8081
  0
LINE
999
5,1,,204
  8
1
 10
314.8760
 20
469.6274
 11
311.9033
 21
468.9106
  0
LINE
999
5,1,,206
  8
1
 10
314.8320
 20
469.8101
 11
314.1299
 21
472.7178
  0
LINE
999
5,1,,208
  8
1
 10
312.6074
 20
465.9932
 11
315.5776
 21
466.7202
  0
LINE
999
5,1,,210
  8
1
 10
315.5776
 20
466.7202
 11
314.8760
 21
469.6274
  0
LINE
999
5,1,,212
  8
1
 10
280.7188
 20
597.9292
 11
280.0542
 21
600.6753
  0
LINE
999
5,1,,214
  8
1
 10
277.7490
 20
597.2007
 11
280.7188
 21
597.9292
  0
LINE
999
5,1,,216
  8
1
 10
280.6943
 20
597.9141
 11
283.6641
 21
598.6426
  0
LINE
999
5,1,,218
  8
1
 10
280.0542
 20
600.6753
 11
277.0820
 21
599.9556
  0
LINE
999
5,1,,220
  8
1
 10
282.9990
 20
601.3882
 11
280.0273
 21
600.6685
  0
LINE
999
5,1,,222
  8
1
 10
280.0127
 20
600.8472
 11
279.3477
 21
603.5933
  0
LINE
999
5,1,,224
  8
1
 10
277.0820
 20
599.9556
 11
277.7490
 21
597.2007
  0
LINE
999
5,1,,226
  8
1
 10
276.3755
 20
602.8735
 11
277.0430
 21
600.1187
  0
LINE
999
5,1,,228
  8
1
 10
283.6641
 20
598.6426
 11
282.9990
 21
601.3882
  0
LINE
999
5,1,,230
  8
1
 10
282.9575
 20
601.5605
 11
282.2925
 21
604.3062
  0
LINE
999
5,1,,232
  8
1
 10
279.3477
 20
603.5933
 11
276.3755
 21
602.8735
  0
LINE
999
5,1,,234
  8
1
 10
282.2925
 20
604.3062
 11
279.3203
 21
603.5864
  0
LINE
999
5,1,,236
  8
1
 10
279.3062
 20
603.7651
 11
278.6411
 21
606.5112
  0
LINE
999
5,1,,238
  8
1
 10
275.6689
 20
605.7915
 11
276.3359
 21
603.0366
  0
LINE
999
5,1,,240
  8
1
 10
282.2510
 20
604.4780
 11
281.5859
 21
607.2241
  0
LINE
999
5,1,,242
  8
1
 10
278.6411
 20
606.5112
 11
275.6689
 21
605.7915
  0
LINE
999
5,1,,244
  8
1
 10
281.5859
 20
607.2241
 11
278.6143
 21
606.5044
  0
LINE
999
5,1,,246
  8
1
 10
278.5996
 20
606.6831
 11
277.9346
 21
609.4292
  0
LINE
999
5,1,,248
  8
1
 10
274.9624
 20
608.7095
 11
275.6294
 21
605.9546
  0
LINE
999
5,1,,250
  8
1
 10
281.5444
 20
607.3960
 11
280.8794
 21
610.1421
  0
LINE
999
5,1,,252
  8
1
 10
277.9346
 20
609.4292
 11
274.9624
 21
608.7095
  0
LINE
999
5,1,,254
  8
1
 10
280.8794
 20
610.1421
 11
277.9072
 21
609.4224
  0
LINE
999
5,1,,256
  8
1
 10
277.8931
 20
609.6011
 11
277.2280
 21
612.3467
  0
LINE
999
5,1,,258
  8
1
 10
274.2559
 20
611.6274
 11
274.9229
 21
608.8726
  0
LINE
999
5,1,,260
  8
1
 10
280.8379
 20
610.3140
 11
280.1729
 21
613.0601
  0
LINE
999
5,1,,262
  8
1
 10
277.2280
 20
612.3467
 11
274.2559
 21
611.6274
  0
LINE
999
5,1,,264
  8
1
 10
280.1729
 20
613.0601
 11
277.2012
 21
612.3403
  0
LINE
999
5,1,,266
  8
1
 10
277.1865
 20
612.5190
 11
276.5215
 21
615.2646
  0
LINE
999
5,1,,268
  8
1
 10
273.5493
 20
614.5454
 11
274.2163
 21
611.7905
  0
LINE
999
5,1,,270
  8
1
 10
280.1313
 20
613.2319
 11
279.4663
 21
615.9780
  0
LINE
999
5,1,,272
  8
1
 10
276.5215
 20
615.2646
 11
273.5493
 21
614.5454
  0
LINE
999
5,1,,274
  8
1
 10
279.4663
 20
615.9780
 11
276.4941
 21
615.2583
  0
LINE
999
5,1,,276
  8
1
 10
276.4800
 20
615.4370
 11
275.8149
 21
618.1831
  0
LINE
999
5,1,,278
  8
1
 10
272.8428
 20
617.4634
 11
273.5098
 21
614.7085
  0
LINE
999
5,1,,280
  8
1
 10
279.4248
 20
616.1499
 11
278.7598
 21
618.8960
  0
LINE
999
5,1,,282
  8
1
 10
275.8149
 20
618.1831
 11
272.8428
 21
617.4634
  0
LINE
999
5,1,,284
  8
1
 10
278.7598
 20
618.8960
 11
275.7876
 21
618.1763
  0
LINE
999
5,1,,286
  8
1
 10
275.7734
 20
618.3550
 11
275.1084
 21
621.1006
  0
LINE
999
5,1,,288
  8
1
 10
272.1362
 20
620.3813
 11
272.8037
 21
617.6265
  0
LINE
999
5,1,,290
  8
1
 10
278.7183
 20
619.0679
 11
278.0532
 21
621.8140
  0
LINE
999
5,1,,292
  8
1
 10
275.1084
 20
621.1006
 11
272.1362
 21
620.3813
  0
LINE
999
5,1,,294
  8
1
 10
278.0532
 20
621.8140
 11
275.0811
 21
621.0942
  0
LINE
999
5,1,,296
  8
1
  6
1
 10
322.9395
 20
461.6240
 11
305.4453
 21
457.3877
  0
LINE
999
5,1,,298
  8
1
  6
1
 10
305.4453
 20
457.3877
 11
264.7788
 21
625.4600
  0
LINE
999
5,1,,300
  8
1
  6
1
 10
264.7788
 20
625.4600
 11
282.2729
 21
629.6963
  0
LINE
999
5,1,,302
  8
1
  6
1
 10
282.2729
 20
629.6963
 11
322.9395
 21
461.6240
  0
LINE
999
5,1,,304
  8
1
 10
285.7598
 20
577.1499
 11
287.8555
 21
581.5376
  0
LINE
999
5,1,,306
  8
1
 10
281.7822
 20
580.1577
 11
285.7598
 21
577.1499
  0
LINE
999
5,1,,308
  8
1
 10
279.6475
 20
564.0088
 11
271.8975
 21
557.6890
  0
LINE
999
5,1,,310
  8
1
 10
65.9009
 20
481.2808
 11
90.3950
 21
504.7075
  0
LINE
999
5,1,,312
  8
1
 10
65.9009
 20
481.2808
 11
70.3281
 21
490.2476
  0
LINE
999
5,1,,314
  8
1
 10
196.9033
 20
620.3281
 11
197.0234
 21
616.8584
  0
LINE
999
5,1,,316
  8
1
 10
195.7031
 20
620.2979
 11
195.8135
 21
616.8179
  0
LINE
999
5,1,,318
  8
1
 10
180.1733
 20
616.3081
 11
180.0635
 21
619.7881
  0
LINE
999
5,1,,320
  8
1
 10
178.9634
 20
616.2783
 11
178.8535
 21
619.7480
  0
LINE
999
5,1,,322
  8
1
 10
194.9434
 20
621.0078
 11
194.9624
 21
621.0083
  0
LINE
999
5,1,,324
  8
1
 10
180.2935
 20
619.6479
 11
179.7437
 21
638.9204
  0
LINE
999
5,1,,326
  8
1
  6
1
 10
193.2261
 20
639.5898
 11
193.7832
 21
620.0381
  0
LINE
999
5,1,,328
  8
1
 10
194.7246
 20
639.6777
 11
195.2832
 21
620.0781
  0
LINE
999
5,1,,330
  8
1
  6
1
 10
181.7935
 20
619.5581
 11
181.2393
 21
638.9834
  0
LINE
999
5,1,,332
  8
1
 10
195.2935
 20
619.9482
 11
180.2935
 21
619.5181
  0
LINE
999
5,1,,334
  8
1
 10
180.7334
 20
621.7480
 11
194.9033
 21
622.2080
  0
LINE
999
5,1,,336
  8
1
 10
180.7734
 20
620.5479
 11
194.9434
 21
621.0078
  0
LINE
999
5,1,,338
  8
1
 10
194.9268
 20
632.5742
 11
208.0820
 21
621.0635
  0
LINE
999
5,1,,340
  8
1
 10
194.9268
 20
632.5742
 11
204.3130
 21
629.1235
  0
POLYLINE
999
5
  8
1
  6
1
 66
1
 70
0
  0
VERTEX
999
5,1,,342
  8
1
 10
62.9434
 20
462.5288
  0
VERTEX
999
5,2
  8
1
 10
61.4658
 20
450.1401
  0
VERTEX
999
5,2
  8
1
 10
60.0552
 20
438.1470
  0
VERTEX
999
5,2
  8
1
 10
58.3984
 20
426.6182
  0
VERTEX
999
5,2
  8
1
 10
56.1836
 20
415.6235
  0
VERTEX
999
5,2
  8
1
 10
53.0977
 20
405.2314
  0
VERTEX
999
5,2
  8
1
 10
48.8291
 20
395.5117
  0
VERTEX
999
5,2
  8
1
 10
43.0640
 20
386.5332
  0
VERTEX
999
5,2
  8
1
 10
35.4907
 20
378.3657
  0
VERTEX
999
5,2
  8
1
 10
25.7969
 20
371.0776
  0
VERTEX
999
5,1,,343
  8
1
 10
13.6694
 20
364.7388
  0
SEQEND
  0
POLYLINE
999
5
  8
1
  6
1
 66
1
 70
0
  0
VERTEX
999
5,1,,344
  8
1
 10
85.8672
 20
641.0884
  0
VERTEX
999
5,2
  8
1
 10
74.2148
 20
551.8330
  0
VERTEX
999
5,1,,345
  8
1
 10
62.9434
 20
462.5288
  0
SEQEND
  0
POLYLINE
999
5
  8
1
 66
1
 70
0
  0
VERTEX
999
5,1,,346
  8
1
 10
188.2432
 20
608.7480
  0
VERTEX
999
5,2
  8
1
 10
185.1807
 20
609.2617
  0
VERTEX
999
5,2
  8
1
 10
182.6411
 20
610.8550
  0
VERTEX
999
5,2
  8
1
 10
180.8853
 20
613.2852
  0
VERTEX
999
5,1,,347
  8
1
 10
180.1733
 20
616.3081
  0
SEQEND
  0
POLYLINE
999
5
  8
1
 66
1
 70
0
  0
VERTEX
999
5,1,,348
  8
1
 10
195.8135
 20
616.8179
  0
VERTEX
999
5,2
  8
1
 10
195.2983
 20
613.7529
  0
VERTEX
999
5,2
  8
1
 10
193.7021
 20
611.2129
  0
VERTEX
999
5,2
  8
1
 10
191.2690
 20
609.4580
  0
VERTEX
999
5,1,,349
  8
1
 10
188.2432
 20
608.7480
  0
SEQEND
  0
POLYLINE
999
5
  8
1
 66
1
 70
0
  0
VERTEX
999
5,1,,350
  8
1
 10
188.2832
 20
607.5381
  0
VERTEX
999
5,2
  8
1
 10
184.7188
 20
608.1836
  0
VERTEX
999
5,2
  8
1
 10
181.8701
 20
610.0220
  0
VERTEX
999
5,2
  8
1
 10
179.8979
 20
612.8037
  0
VERTEX
999
5,1,,351
  8
1
 10
178.9634
 20
616.2783
  0
SEQEND
  0
POLYLINE
999
5
  8
1
 66
1
 70
0
  0
VERTEX
999
5,1,,352
  8
1
 10
197.0234
 20
616.8584
  0
VERTEX
999
5,2
  8
1
 10
196.4277
 20
613.3198
  0
VERTEX
999
5,2
  8
1
 10
194.5850
 20
610.3872
  0
VERTEX
999
5,2
  8
1
 10
191.7759
 20
608.3599
  0
VERTEX
999
5,1,,353
  8
1
 10
188.2832
 20
607.5381
  0
SEQEND
  0
LINE
999
5,1,,354
  8
1
 10
195.6382
 20
620.5791
 11
195.6523
 21
620.5464
  0
LINE
999
5,1,,356
  8
1
 10
195.6226
 20
620.6108
 11
195.6382
 21
620.5791
  0
LINE
999
5,1,,358
  8
1
 10
195.6055
 20
620.6421
 11
195.6226
 21
620.6108
  0
LINE
999
5,1,,360
  8
1
 10
195.5454
 20
620.7295
 11
195.6055
 21
620.6421
  0
LINE
999
5,1,,362
  8
1
 10
195.4604
 20
620.8188
 11
195.5454
 21
620.7295
  0
LINE
999
5,1,,364
  8
1
 10
195.3613
 20
620.8936
 11
195.4604
 21
620.8188
  0
LINE
999
5,1,,366
  8
1
 10
195.3306
 20
620.9116
 11
195.3613
 21
620.8936
  0
LINE
999
5,1,,368
  8
1
 10
195.2993
 20
620.9287
 11
195.3306
 21
620.9116
  0
LINE
999
5,1,,370
  8
1
 10
195.1475
 20
620.9854
 11
195.2993
 21
620.9287
  0
LINE
999
5,1,,372
  8
1
 10
195.0933
 20
620.9971
 11
195.1475
 21
620.9854
  0
LINE
999
5,1,,374
  8
1
 10
195.0005
 20
621.0073
 11
195.0933
 21
620.9971
  0
LINE
999
5,1,,376
  8
1
 10
194.9624
 20
621.0083
 11
195.0005
 21
621.0073
  0
POLYLINE
999
5
  8
1
 66
1
 70
0
  0
VERTEX
999
5,1,,378
  8
1
 10
194.9033
 20
622.2080
  0
VERTEX
999
5,2
  8
1
 10
195.7095
 20
622.0308
  0
VERTEX
999
5,2
  8
1
 10
196.2593
 20
621.6509
  0
VERTEX
999
5,2
  8
1
 10
196.6309
 20
621.0801
  0
VERTEX
999
5,1,,379
  8
1
 10
196.9033
 20
620.3281
  0
SEQEND
  0
LINE
999
5,1,,380
  8
1
 10
195.7017
 20
620.3354
 11
195.7031
 21
620.2979
  0
LINE
999
5,1,,382
  8
1
 10
195.6978
 20
620.3721
 11
195.7017
 21
620.3354
  0
LINE
999
5,1,,384
  8
1
 10
195.6704
 20
620.4961
 11
195.6978
 21
620.3721
  0
LINE
999
5,1,,386
  8
1
 10
195.6523
 20
620.5464
 11
195.6704
 21
620.4961
  0
POLYLINE
999
5
  8
1
 66
1
 70
0
  0
VERTEX
999
5,1,,388
  8
1
 10
180.0635
 20
619.7881
  0
VERTEX
999
5,2
  8
1
 10
180.1084
 20
620.0781
  0
VERTEX
999
5,2
  8
1
 10
180.2573
 20
620.3184
  0
VERTEX
999
5,2
  8
1
 10
180.4873
 20
620.4834
  0
VERTEX
999
5,1,,389
  8
1
 10
180.7734
 20
620.5479
  0
SEQEND
  0
POLYLINE
999
5
  8
1
 66
1
 70
0
  0
VERTEX
999
5,1,,390
  8
1
 10
178.8535
 20
619.7480
  0
VERTEX
999
5,2
  8
1
 10
178.9829
 20
620.5078
  0
VERTEX
999
5,2
  8
1
 10
179.3799
 20
621.1372
  0
VERTEX
999
5,2
  8
1
 10
179.9834
 20
621.5718
  0
VERTEX
999
5,1,,391
  8
1
 10
180.7334
 20
621.7480
  0
SEQEND
  0
ENDBLK
  0
BLOCK
  8
1
  2
P0036_04
 70
64
 10
0.0000
 20
0.0000
  0
TEXT
  8
1
 10
229.8901
 20
125.7104
 40
8.0000
 50
0.0000
  1
PIECE: 前ポケット袋布
  7
STANDARD
  0
TEXT
  8
1
 10
229.8901
 20
116.5105
 40
8.0000
 50
0.0000
  1
SIZE: S
  7
STANDARD
  0
TEXT
  8
1
 10
229.8901
 20
107.3105
 40
8.0000
 50
0.0000
  1
FABRIC: スレーキ
  7
STANDARD
  0
TEXT
  8
1
 10
229.8901
 20
98.1105
 40
8.0000
 50
0.0000
  1
QUANTITY: 2
  7
STANDARD
  0
TEXT
  8
1
 10
264.9243
 20
36.7656
 40
6.0000
 50
0.0000
  1
COMMENT: 袋縫い
  7
STANDARD
  0
TEXT
  8
1
 10
264.9243
 20
30.7656
 40
6.0000
 50
0.0000
  1
COMMENT: 7mmステッチ
  7
STANDARD
  0
TEXT
  8
1
 10
310.2271
 20
213.7930
 40
6.0000
 50
283.9840
  1
COMMENT: 向当て布上乗せ
  7
STANDARD
  0
TEXT
  8
1
 10
280.9502
 20
-0.3184
 40
5.0000
 50
0.0000
  1
COMMENT: 0.5
  7
STANDARD
  0
TEXT
  8
1
 10
385.3154
 20
199.2646
 40
5.0000
 50
0.0000
  1
COMMENT: 1.0
  7
STANDARD
  0
TEXT
  8
1
 10
281.4155
 20
292.4692
 40
5.0000
 50
0.0000
  1
COMMENT: 1.0
  7
STANDARD
  0
POLYLINE
999
1
  8
1
 66
1
 70
0
  0
VERTEX
999
1,1,1,1
  8
1
 10
203.0728
 20
0.0000
 38
10.0000
 50
90.0000
  0
VERTEX
999
1,2
  8
1
 10
152.4673
 20
0.0000
  0
VERTEX
999
1,1,,2
  8
1
 10
101.9224
 20
0.0005
  0
VERTEX
999
1,2
  8
1
 10
98.8125
 20
0.0425
  0
VERTEX
999
1,2
  8
1
 10
95.7148
 20
0.2646
  0
VERTEX
999
1,2
  8
1
 10
92.6357
 20
0.6606
  0
VERTEX
999
1,2
  8
1
 10
89.5825
 20
1.2261
  0
VERTEX
999
1,2
  8
1
 10
85.1948
 20
2.3721
  0
VERTEX
999
1,2
  8
1
 10
81.0891
 20
3.8662
  0
VERTEX
999
1,2
  8
1
 10
77.2666
 20
5.6826
  0
VERTEX
999
1,2
  8
1
 10
73.7188
 20
7.7935
  0
VERTEX
999
1,2
  8
1
 10
68.9644
 20
11.3574
  0
VERTEX
999
1,2
  8
1
 10
64.7158
 20
15.3789
  0
VERTEX
999
1,2
  8
1
 10
60.9114
 20
19.7847
  0
VERTEX
999
1,2
  8
1
 10
57.4902
 20
24.5034
  0
VERTEX
999
1,2
  8
1
 10
54.3909
 20
29.4624
  0
VERTEX
999
1,1,,3
  8
1
 10
51.5520
 20
34.5889
  0
VERTEX
999
1,2
  8
1
 10
47.1511
 20
45.0225
  0
VERTEX
999
1,2
  8
1
 10
44.5706
 20
51.3042
  0
VERTEX
999
1,2
  8
1
 10
41.8318
 20
57.4897
  0
VERTEX
999
1,2
  8
1
 10
38.7585
 20
63.4380
  0
VERTEX
999
1,2
  8
1
 10
35.1741
 20
69.0078
  0
VERTEX
999
1,2
  8
1
 10
30.9019
 20
74.0581
  0
VERTEX
999
1,2
  8
1
 10
25.7654
 20
78.4478
  0
VERTEX
999
1,2
  8
1
 10
23.1753
 20
80.1191
  0
VERTEX
999
1,2
  8
1
 10
21.6899
 20
80.9355
  0
VERTEX
999
1,1,,4
  8
1
 10
14.0994
 20
85.1187
  0
VERTEX
999
1,2
  8
1
 10
13.4021
 20
98.8677
  0
VERTEX
999
1,2
  8
1
 10
12.7986
 20
112.6274
  0
VERTEX
999
1,2
  8
1
 10
12.2966
 20
126.3960
  0
VERTEX
999
1,2
  8
1
 10
11.9045
 20
140.1714
  0
VERTEX
999
1,2
  8
1
 10
11.6301
 20
153.9517
  0
VERTEX
999
1,2
  8
1
 10
11.4817
 20
167.7344
  0
VERTEX
999
1,2
  8
1
 10
11.4670
 20
181.5176
  0
VERTEX
999
1,2
  8
1
 10
11.5945
 20
195.2988
  0
VERTEX
999
1,2
  8
1
 10
11.8718
 20
209.0767
  0
VERTEX
999
1,2
  8
1
 10
12.3071
 20
222.8481
  0
VERTEX
999
1,2
  8
1
 10
12.9087
 20
236.6123
  0
VERTEX
999
1,2
  8
1
 10
13.6843
 20
250.3662
  0
VERTEX
999
1,2
  8
1
 10
14.6421
 20
264.1079
  0
VERTEX
999
1,2
  8
1
 10
15.7903
 20
277.8354
  0
VERTEX
999
1,2
  8
1
 10
17.1365
 20
291.5469
  0
VERTEX
999
1,2
  8
1
 10
18.6892
 20
305.2397
  0
VERTEX
999
1,1,,5
  8
1
 10
19.9736
 20
315.8374
  0
VERTEX
999
1,2
  8
1
 10
30.4648
 20
313.8643
  0
VERTEX
999
1,2
  8
1
 10
42.6594
 20
311.6382
  0
VERTEX
999
1,2
  8
1
 10
54.8816
 20
309.5444
  0
VERTEX
999
1,2
  8
1
 10
67.1289
 20
307.5874
  0
VERTEX
999
1,2
  8
1
 10
79.3999
 20
305.7695
  0
VERTEX
999
1,2
  8
1
 10
91.6924
 20
304.0957
  0
VERTEX
999
1,2
  8
1
 10
104.0044
 20
302.5688
  0
VERTEX
999
1,2
  8
1
 10
116.3340
 20
301.1929
  0
VERTEX
999
1,2
  8
1
 10
128.6792
 20
299.9717
  0
VERTEX
999
1,2
  8
1
 10
141.0386
 20
298.9087
  0
VERTEX
999
1,2
  8
1
 10
153.4097
 20
298.0083
  0
VERTEX
999
1,2
  8
1
 10
165.7905
 20
297.2729
  0
VERTEX
999
1,2
  8
1
 10
178.1797
 20
296.7075
  0
VERTEX
999
1,2
  8
1
 10
190.5747
 20
296.3149
  0
VERTEX
999
1,1,1,6
  8
1
 10
203.0728
 20
296.1011
 38
10.0000
 50
270.0000
  0
VERTEX
999
1,2
  8
1
 10
215.3877
 20
296.3125
  0
VERTEX
999
1,2
  8
1
 10
227.7969
 20
296.7021
  0
VERTEX
999
1,2
  8
1
 10
240.2002
 20
297.2661
  0
VERTEX
999
1,2
  8
1
 10
252.5952
 20
297.9995
  0
VERTEX
999
1,2
  8
1
 10
264.9805
 20
298.8994
  0
VERTEX
999
1,2
  8
1
 10
277.3540
 20
299.9619
  0
VERTEX
999
1,2,1
  8
1
 10
285.9766
 20
300.8140
 38
10.0003
 50
283.6868
  0
VERTEX
999
1,2
  8
1
 10
289.7134
 20
301.1831
  0
VERTEX
999
1,2
  8
1
 10
302.0576
 20
302.5591
  0
VERTEX
999
1,2
  8
1
 10
314.3838
 20
304.0864
  0
VERTEX
999
1,2
  8
1
 10
326.6899
 20
305.7617
  0
VERTEX
999
1,2
  8
1
 10
338.9751
 20
307.5806
  0
VERTEX
999
1,2
  8
1
 10
351.2363
 20
309.5400
  0
VERTEX
999
1,2
  8
1
 10
363.4727
 20
311.6357
  0
VERTEX
999
1,2
  8
1
 10
375.6812
 20
313.8643
  0
VERTEX
999
1,1,,7
  8
1
 10
386.1724
 20
315.8374
  0
VERTEX
999
1,2
  8
1
 10
387.4565
 20
305.2397
  0
VERTEX
999
1,2
  8
1
 10
389.0093
 20
291.5469
  0
VERTEX
999
1,2
  8
1
 10
390.3555
 20
277.8354
  0
VERTEX
999
1,2
  8
1
 10
391.5039
 20
264.1079
  0
VERTEX
999
1,2
  8
1
 10
392.4614
 20
250.3662
  0
VERTEX
999
1,2
  8
1
 10
393.2373
 20
236.6123
  0
VERTEX
999
1,2
  8
1
 10
393.8389
 20
222.8481
  0
VERTEX
999
1,2
  8
1
 10
394.2739
 20
209.0767
  0
VERTEX
999
1,2
  8
1
 10
394.5513
 20
195.2988
  0
VERTEX
999
1,2
  8
1
 10
394.6787
 20
181.5176
  0
VERTEX
999
1,2
  8
1
 10
394.6641
 20
167.7344
  0
VERTEX
999
1,2
  8
1
 10
394.5156
 20
153.9517
  0
VERTEX
999
1,2
  8
1
 10
394.2412
 20
140.1714
  0
VERTEX
999
1,2
  8
1
 10
393.8491
 20
126.3960
  0
VERTEX
999
1,2
  8
1
 10
393.3472
 20
112.6274
  0
VERTEX
999
1,2
  8
1
 10
392.7437
 20
98.8677
  0
VERTEX
999
1,1,,8
  8
1
 10
392.0464
 20
85.1187
  0
VERTEX
999
1,2
  8
1
 10
384.4561
 20
80.9355
  0
VERTEX
999
1,2
  8
1
 10
381.6514
 20
79.3091
  0
VERTEX
999
1,2
  8
1
 10
379.1582
 20
77.5337
  0
VERTEX
999
1,2
  8
1
 10
374.3662
 20
73.1187
  0
VERTEX
999
1,2
  8
1
 10
370.3672
 20
68.1494
  0
VERTEX
999
1,2
  8
1
 10
366.9956
 20
62.7407
  0
VERTEX
999
1,2
  8
1
 10
364.0874
 20
57.0063
  0
VERTEX
999
1,2
  8
1
 10
361.4771
 20
51.0620
  0
VERTEX
999
1,2
  8
1
 10
358.9995
 20
45.0210
  0
VERTEX
999
1,1,,9
  8
1
 10
354.6377
 20
34.6729
  0
VERTEX
999
1,2,1
  8
1
 10
351.8848
 20
29.6948
 38
10.0003
 50
103.6868
  0
VERTEX
999
1,2
  8
1
 10
348.6895
 20
24.5537
  0
VERTEX
999
1,2
  8
1
 10
345.2627
 20
19.8188
  0
VERTEX
999
1,2
  8
1
 10
341.4512
 20
15.3984
  0
VERTEX
999
1,2
  8
1
 10
337.1929
 20
11.3652
  0
VERTEX
999
1,2
  8
1
 10
332.4253
 20
7.7925
  0
VERTEX
999
1,2
  8
1
 10
328.8770
 20
5.6812
  0
VERTEX
999
1,2
  8
1
 10
325.0557
 20
3.8657
  0
VERTEX
999
1,2
  8
1
 10
320.9482
 20
2.3711
  0
VERTEX
999
1,2
  8
1
 10
316.5605
 20
1.2256
  0
VERTEX
999
1,2
  8
1
 10
313.5088
 20
0.6611
  0
VERTEX
999
1,2
  8
1
 10
310.4390
 20
0.2651
  0
VERTEX
999
1,2
  8
1
 10
307.3662
 20
0.0425
  0
VERTEX
999
1,1,,10
  8
1
 10
304.3037
 20
0.0000
  0
VERTEX
999
1,1,,11
  8
1
 10
203.0728
 20
0.0000
  0
SEQEND
  0
POLYLINE
999
2
  8
1
 66
1
 70
0
  0
VERTEX
999
2,1,,12
  8
1
 10
203.0728
 20
5.0000
  0
VERTEX
999
2,1,,13
  8
1
 10
101.8418
 20
5.0000
  0
VERTEX
999
2,2
  8
1
 10
99.5459
 20
5.0210
  0
VERTEX
999
2,2
  8
1
 10
97.2573
 20
5.1533
  0
VERTEX
999
2,2
  8
1
 10
94.9775
 20
5.3892
  0
VERTEX
999
2,2
  8
1
 10
92.7090
 20
5.7212
  0
VERTEX
999
2,2
  8
1
 10
90.6255
 20
6.1162
  0
VERTEX
999
2,2
  8
1
 10
88.6177
 20
6.5918
  0
VERTEX
999
2,2
  8
1
 10
86.6826
 20
7.1455
  0
VERTEX
999
2,2
  8
1
 10
84.8179
 20
7.7749
  0
VERTEX
999
2,2
  8
1
 10
83.0215
 20
8.4775
  0
VERTEX
999
2,2
  8
1
 10
81.2908
 20
9.2510
  0
VERTEX
999
2,2
  8
1
 10
79.6233
 20
10.0923
  0
VERTEX
999
2,2
  8
1
 10
78.0168
 20
10.9990
  0
VERTEX
999
2,2
  8
1
 10
76.4690
 20
11.9692
  0
VERTEX
999
2,2
  8
1
 10
74.9773
 20
12.9990
  0
VERTEX
999
2,2
  8
1
 10
69.0950
 20
18.0313
  0
VERTEX
999
2,2
  8
1
 10
64.1135
 20
23.7788
  0
VERTEX
999
2,2
  8
1
 10
59.8318
 20
30.0815
  0
VERTEX
999
2,1,,14
  8
1
 10
56.0491
 20
36.7798
  0
VERTEX
999
2,2
  8
1
 10
52.6165
 20
44.8628
  0
VERTEX
999
2,2
  8
1
 10
49.2683
 20
53.0024
  0
VERTEX
999
2,2
  8
1
 10
45.6719
 20
60.9653
  0
VERTEX
999
2,2
  8
1
 10
41.4946
 20
68.5200
  0
VERTEX
999
2,2
  8
1
 10
36.4043
 20
75.4331
  0
VERTEX
999
2,2
  8
1
 10
30.0684
 20
81.4727
  0
VERTEX
999
2,2
  8
1
 10
28.6680
 20
82.5190
  0
VERTEX
999
2,2
  8
1
 10
27.2087
 20
83.5093
  0
VERTEX
999
2,2
  8
1
 10
25.6877
 20
84.4419
  0
VERTEX
999
2,1,,15
  8
1
 10
24.1033
 20
85.3145
  0
VERTEX
999
2,2
  8
1
 10
23.4080
 20
98.9756
  0
VERTEX
999
2,2
  8
1
 10
22.8054
 20
112.6479
  0
VERTEX
999
2,2
  8
1
 10
22.3035
 20
126.3291
  0
VERTEX
999
2,2
  8
1
 10
21.9102
 20
140.0166
  0
VERTEX
999
2,2
  8
1
 10
21.6338
 20
153.7090
  0
VERTEX
999
2,2
  8
1
 10
21.4824
 20
167.4043
  0
VERTEX
999
2,2
  8
1
 10
21.4639
 20
181.0996
  0
VERTEX
999
2,2
  8
1
 10
21.5864
 20
194.7935
  0
VERTEX
999
2,2
  8
1
 10
21.8582
 20
208.4839
  0
VERTEX
999
2,2
  8
1
 10
22.2871
 20
222.1685
  0
VERTEX
999
2,2
  8
1
 10
22.8816
 20
235.8447
  0
VERTEX
999
2,2
  8
1
 10
23.6494
 20
249.5117
  0
VERTEX
999
2,2
  8
1
 10
24.5986
 20
263.1660
  0
VERTEX
999
2,2
  8
1
 10
25.7375
 20
276.8066
  0
VERTEX
999
2,2
  8
1
 10
27.0740
 20
290.4307
  0
VERTEX
999
2,1,,16
  8
1
 10
28.6165
 20
304.0366
  0
VERTEX
999
2,2
  8
1
 10
40.9487
 20
301.7856
  0
VERTEX
999
2,2
  8
1
 10
53.3086
 20
299.6689
  0
VERTEX
999
2,2
  8
1
 10
65.6941
 20
297.6904
  0
VERTEX
999
2,2
  8
1
 10
78.1035
 20
295.8535
  0
VERTEX
999
2,2
  8
1
 10
90.5347
 20
294.1621
  0
VERTEX
999
2,2
  8
1
 10
102.9858
 20
292.6201
  0
VERTEX
999
2,2
  8
1
 10
115.4546
 20
291.2310
  0
VERTEX
999
2,2
  8
1
 10
127.9395
 20
289.9980
  0
VERTEX
999
2,2
  8
1
 10
140.4385
 20
288.9258
  0
VERTEX
999
2,2
  8
1
 10
152.9492
 20
288.0176
  0
VERTEX
999
2,2
  8
1
 10
165.4697
 20
287.2773
  0
VERTEX
999
2,2
  8
1
 10
177.9985
 20
286.7085
  0
VERTEX
999
2,2
  8
1
 10
190.5337
 20
286.3149
  0
VERTEX
999
2,1,,17
  8
1
 10
203.0728
 20
286.1001
  0
VERTEX
999
2,2
  8
1
 10
215.6118
 20
286.3149
  0
VERTEX
999
2,2
  8
1
 10
228.1470
 20
286.7085
  0
VERTEX
999
2,2
  8
1
 10
240.6758
 20
287.2773
  0
VERTEX
999
2,2
  8
1
 10
253.1968
 20
288.0176
  0
VERTEX
999
2,2
  8
1
 10
265.7075
 20
288.9258
  0
VERTEX
999
2,2
  8
1
 10
278.2061
 20
289.9980
  0
VERTEX
999
2,2
  8
1
 10
290.6909
 20
291.2310
  0
VERTEX
999
2,2
  8
1
 10
303.1602
 20
292.6201
  0
VERTEX
999
2,2
  8
1
 10
315.6108
 20
294.1621
  0
VERTEX
999
2,2
  8
1
 10
328.0420
 20
295.8535
  0
VERTEX
999
2,2
  8
1
 10
340.4517
 20
297.6904
  0
VERTEX
999
2,2
  8
1
 10
352.8369
 20
299.6689
  0
VERTEX
999
2,2
  8
1
 10
365.1973
 20
301.7856
  0
VERTEX
999
2,1,,18
  8
1
 10
377.5293
 20
304.0366
  0
VERTEX
999
2,2
  8
1
 10
379.0718
 20
290.4307
  0
VERTEX
999
2,2
  8
1
 10
380.4082
 20
276.8066
  0
VERTEX
999
2,2
  8
1
 10
381.5474
 20
263.1660
  0
VERTEX
999
2,2
  8
1
 10
382.4966
 20
249.5117
  0
VERTEX
999
2,2
  8
1
 10
383.2642
 20
235.8447
  0
VERTEX
999
2,2
  8
1
 10
383.8589
 20
222.1685
  0
VERTEX
999
2,2
  8
1
 10
384.2876
 20
208.4839
  0
VERTEX
999
2,2
  8
1
 10
384.5596
 20
194.7935
  0
VERTEX
999
2,2
  8
1
 10
384.6821
 20
181.0996
  0
VERTEX
999
2,2
  8
1
 10
384.6636
 20
167.4043
  0
VERTEX
999
2,2
  8
1
 10
384.5122
 20
153.7090
  0
VERTEX
999
2,2
  8
1
 10
384.2358
 20
140.0166
  0
VERTEX
999
2,2
  8
1
 10
383.8423
 20
126.3291
  0
VERTEX
999
2,2
  8
1
 10
383.3403
 20
112.6479
  0
VERTEX
999
2,2
  8
1
 10
382.7378
 20
98.9756
  0
VERTEX
999
2,1,,19
  8
1
 10
382.0425
 20
85.3145
  0
VERTEX
999
2,2
  8
1
 10
380.4585
 20
84.4419
  0
VERTEX
999
2,2
  8
1
 10
378.9375
 20
83.5088
  0
VERTEX
999
2,2
  8
1
 10
377.4785
 20
82.5186
  0
VERTEX
999
2,2
  8
1
 10
376.0781
 20
81.4727
  0
VERTEX
999
2,2
  8
1
 10
369.7529
 20
75.4438
  0
VERTEX
999
2,2
  8
1
 10
364.6694
 20
68.5444
  0
VERTEX
999
2,2
  8
1
 10
360.4971
 20
61.0049
  0
VERTEX
999
2,2
  8
1
 10
356.9053
 20
53.0571
  0
VERTEX
999
2,2
  8
1
 10
353.5630
 20
44.9321
  0
VERTEX
999
2,1,,20
  8
1
 10
350.1396
 20
36.8613
  0
VERTEX
999
2,2
  8
1
 10
346.3496
 20
30.1401
  0
VERTEX
999
2,2
  8
1
 10
342.0596
 20
23.8149
  0
VERTEX
999
2,2
  8
1
 10
337.0669
 20
18.0474
  0
VERTEX
999
2,2
  8
1
 10
331.1685
 20
12.9990
  0
VERTEX
999
2,2
  8
1
 10
329.6768
 20
11.9692
  0
VERTEX
999
2,2
  8
1
 10
328.1289
 20
10.9990
  0
VERTEX
999
2,2
  8
1
 10
326.5225
 20
10.0923
  0
VERTEX
999
2,2
  8
1
 10
324.8550
 20
9.2510
  0
VERTEX
999
2,2
  8
1
 10
323.1240
 20
8.4775
  0
VERTEX
999
2,2
  8
1
 10
321.3276
 20
7.7749
  0
VERTEX
999
2,2
  8
1
 10
319.4629
 20
7.1455
  0
VERTEX
999
2,2
  8
1
 10
317.5278
 20
6.5918
  0
VERTEX
999
2,2
  8
1
 10
315.5200
 20
6.1162
  0
VERTEX
999
2,2
  8
1
 10
313.4365
 20
5.7212
  0
VERTEX
999
2,2
  8
1
 10
311.1680
 20
5.3892
  0
VERTEX
999
2,2
  8
1
 10
308.8882
 20
5.1533
  0
VERTEX
999
2,2
  8
1
 10
306.5996
 20
5.0210
  0
VERTEX
999
2,1,,21
  8
1
 10
304.3037
 20
5.0000
  0
VERTEX
999
2,1,,22
  8
1
 10
203.0728
 20
5.0000
  0
SEQEND
  0
LINE
999
5,1,,23
  8
1
 10
203.0728
 20
5.0000
 11
203.0728
 21
15.0000
  0
LINE
999
5,1,,25
  8
1
 10
203.0728
 20
286.1001
 11
203.0728
 21
276.1001
  0
LINE
999
5,1,,27
  8
1
 10
288.3691
 20
290.9893
 11
290.7354
 21
281.2729
  0
LINE
999
5,1,,29
  8
1
 10
350.1396
 20
36.8613
 11
347.7734
 21
46.5776
  0
LINE
999
5,1,,31
  8
1
 10
203.0728
 20
286.1001
 11
203.0728
 21
5.0000
  0
LINE
999
5,1,,33
  8
1
 10
288.4512
 20
290.1875
 11
350.1396
 21
36.8613
  0
LINE
999
3,1,,35
  8
1
 10
203.0728
 20
296.1006
 11
203.0728
 21
0.0000
  0
LINE
999
5,1,,35
  8
1
 10
297.1265
 20
12.0000
 11
284.8315
 21
30.3359
  0
LINE
999
5,1,,37
  8
1
 10
297.1265
 20
12.0000
 11
294.7339
 21
21.7100
  0
LINE
999
5,1,,39
  8
1
 10
373.2446
 20
110.2422
 11
358.6597
 21
106.7124
  0
LINE
999
5,1,,41
  8
1
 10
333.2793
 20
275.4038
 11
373.2446
 21
110.2422
  0
LINE
999
5,1,,43
  8
1
 10
358.6597
 20
106.7124
 11
318.7046
 21
271.8745
  0
LINE
999
5,1,,45
  8
1
 10
318.7046
 20
271.8745
 11
333.2793
 21
275.4038
  0
POLYLINE
999
5
  8
1
  6
1
 66
1
 70
0
  0
VERTEX
999
5,1,,47
  8
1
 10
343.9429
 20
40.1172
  0
VERTEX
999
5,2
  8
1
 10
340.5669
 20
34.0991
  0
VERTEX
999
5,2
  8
1
 10
336.7451
 20
28.3936
  0
VERTEX
999
5,2
  8
1
 10
332.3042
 20
23.1890
  0
VERTEX
999
5,2
  8
1
 10
327.0703
 20
18.6738
  0
VERTEX
999
5,2
  8
1
 10
325.8286
 20
17.8164
  0
VERTEX
999
5,2
  8
1
 10
324.5488
 20
17.0142
  0
VERTEX
999
5,2
  8
1
 10
323.2246
 20
16.2666
  0
VERTEX
999
5,2
  8
1
 10
321.8501
 20
15.5728
  0
VERTEX
999
5,2
  8
1
 10
320.4209
 20
14.9341
  0
VERTEX
999
5,2
  8
1
 10
318.9331
 20
14.3525
  0
VERTEX
999
5,2
  8
1
 10
317.3804
 20
13.8281
  0
VERTEX
999
5,2
  8
1
 10
315.7578
 20
13.3643
  0
VERTEX
999
5,2
  8
1
 10
314.0610
 20
12.9624
  0
VERTEX
999
5,2
  8
1
 10
312.2847
 20
12.6255
  0
VERTEX
999
5,2
  8
1
 10
310.3018
 20
12.3354
  0
VERTEX
999
5,2
  8
1
 10
308.3086
 20
12.1294
  0
VERTEX
999
5,2
  8
1
 10
306.3081
 20
12.0151
  0
VERTEX
999
5,1,,48
  8
1
 10
304.3037
 20
12.0005
  0
SEQEND
  0
POLYLINE
999
5
  8
1
  6
1
 66
1
 70
0
  0
VERTEX
999
5,1,,49
  8
1
 10
382.7422
 20
93.3867
  0
VERTEX
999
5,2
  8
1
 10
379.2939
 20
91.5278
  0
VERTEX
999
5,2
  8
1
 10
377.5596
 20
90.5908
  0
VERTEX
999
5,2
  8
1
 10
375.7583
 20
89.5088
  0
VERTEX
999
5,2
  8
1
 10
374.0308
 20
88.3589
  0
VERTEX
999
5,2
  8
1
 10
372.3755
 20
87.1455
  0
VERTEX
999
5,2
  8
1
 10
365.3340
 20
80.6475
  0
VERTEX
999
5,2
  8
1
 10
359.7388
 20
73.3838
  0
VERTEX
999
5,2
  8
1
 10
355.1963
 20
65.5264
  0
VERTEX
999
5,2
  8
1
 10
351.3120
 20
57.2480
  0
VERTEX
999
5,2
  8
1
 10
347.6924
 20
48.7212
  0
VERTEX
999
5,1,,50
  8
1
 10
343.9429
 20
40.1172
  0
SEQEND
  0
POLYLINE
999
5
  8
1
  6
1
 66
1
 70
0
  0
VERTEX
999
5,1,,51
  8
1
 10
304.3037
 20
12.0005
  0
VERTEX
999
5,2
  8
1
 10
253.6880
 20
12.0000
  0
VERTEX
999
5,1,,52
  8
1
 10
203.0728
 20
12.0000
  0
SEQEND
  0
POLYLINE
999
5
  8
1
  6
1
 66
1
 70
0
  0
VERTEX
999
5,1,,53
  8
1
 10
101.8418
 20
12.0005
  0
VERTEX
999
5,2
  8
1
 10
99.8374
 20
12.0151
  0
VERTEX
999
5,2
  8
1
 10
97.8369
 20
12.1294
  0
VERTEX
999
5,2
  8
1
 10
95.8438
 20
12.3354
  0
VERTEX
999
5,2
  8
1
 10
93.8608
 20
12.6255
  0
VERTEX
999
5,2
  8
1
 10
92.0850
 20
12.9624
  0
VERTEX
999
5,2
  8
1
 10
90.3877
 20
13.3643
  0
VERTEX
999
5,2
  8
1
 10
88.7656
 20
13.8281
  0
VERTEX
999
5,2
  8
1
 10
87.2129
 20
14.3525
  0
VERTEX
999
5,2
  8
1
 10
85.7251
 20
14.9341
  0
VERTEX
999
5,2
  8
1
 10
84.2959
 20
15.5728
  0
VERTEX
999
5,2
  8
1
 10
82.9209
 20
16.2666
  0
VERTEX
999
5,2
  8
1
 10
81.5969
 20
17.0142
  0
VERTEX
999
5,2
  8
1
 10
80.3171
 20
17.8164
  0
VERTEX
999
5,2
  8
1
 10
79.0754
 20
18.6738
  0
VERTEX
999
5,2
  8
1
 10
73.8572
 20
23.1733
  0
VERTEX
999
5,2
  8
1
 10
69.4272
 20
28.3584
  0
VERTEX
999
5,2
  8
1
 10
65.6135
 20
34.0425
  0
VERTEX
999
5,1,,54
  8
1
 10
62.2439
 20
40.0396
  0
SEQEND
  0
POLYLINE
999
5
  8
1
  6
1
 66
1
 70
0
  0
VERTEX
999
5,1,,55
  8
1
 10
203.0728
 20
12.0000
  0
VERTEX
999
5,2
  8
1
 10
152.4575
 20
12.0000
  0
VERTEX
999
5,1,,56
  8
1
 10
101.8418
 20
12.0005
  0
SEQEND
  0
POLYLINE
999
5
  8
1
  6
1
 66
1
 70
0
  0
VERTEX
999
5,1,,57
  8
1
 10
62.2439
 20
40.0396
  0
VERTEX
999
5,2
  8
1
 10
58.4854
 20
48.6558
  0
VERTEX
999
5,2
  8
1
 10
54.8601
 20
57.1968
  0
VERTEX
999
5,2
  8
1
 10
50.9727
 20
65.4888
  0
VERTEX
999
5,2
  8
1
 10
46.4260
 20
73.3599
  0
VERTEX
999
5,2
  8
1
 10
40.8245
 20
80.6362
  0
VERTEX
999
5,2
  8
1
 10
33.7715
 20
87.1460
  0
VERTEX
999
5,2
  8
1
 10
32.1162
 20
88.3589
  0
VERTEX
999
5,2
  8
1
 10
30.3882
 20
89.5088
  0
VERTEX
999
5,2
  8
1
 10
28.5869
 20
90.5913
  0
VERTEX
999
5,2
  8
1
 10
26.8523
 20
91.5278
  0
VERTEX
999
5,1,,58
  8
1
 10
23.4036
 20
93.3867
  0
SEQEND
  0
ENDBLK
  0
BLOCK
  8
1
  2
P0037_05
 70
64
 10
0.0000
 20
0.0000
  0
TEXT
  8
1
 10
229.8901
 20
125.7104
 40
8.0000
 50
0.0000
  1
PIECE: 前ポケット袋布
  7
STANDARD
  0
TEXT
  8
1
 10
229.8901
 20
116.5105
 40
8.0000
 50
0.0000
  1
SIZE: M
  7
STANDARD
  0
TEXT
  8
1
 10
229.8901
 20
107.3105
 40
8.0000
 50
0.0000
  1
FABRIC: スレーキ
  7
STANDARD
  0
TEXT
  8
1
 10
229.8901
 20
98.1105
 40
8.0000
 50
0.0000
  1
QUANTITY: 2
  7
STANDARD
  0
TEXT
  8
1
 10
264.9243
 20
36.7656
 40
6.0000
 50
0.0000
  1
COMMENT: 袋縫い
  7
STANDARD
  0
TEXT
  8
1
 10
264.9243
 20
30.7656
 40
6.0000
 50
0.0000
  1
COMMENT: 7mmステッチ
  7
STANDARD
  0
TEXT
  8
1
 10
310.2271
 20
213.7930
 40
6.0000
 50
283.9840
  1
COMMENT: 向当て布上乗せ
  7
STANDARD
  0
TEXT
  8
1
 10
280.9502
 20
-0.3184
 40
5.0000
 50
0.0000
  1
COMMENT: 0.5
  7
STANDARD
  0
TEXT
  8
1
 10
388.3154
 20
199.2646
 40
5.0000
 50
0.0000
  1
COMMENT: 1.0
  7
STANDARD
  0
TEXT
  8
1
 10
284.4155
 20
292.4692
 40
5.0000
 50
0.0000
  1
COMMENT: 1.0
  7
STANDARD
  0
POLYLINE
999
1
  8
1
 66
1
 70
0
  0
VERTEX
999
1,1,1,1
  8
1
 10
203.0728
 20
0.0000
 38
10.0000
 50
90.0000
  0
VERTEX
999
1,2
  8
1
 10
152.4673
 20
0.0000
  0
VERTEX
999
1,1,,2
  8
1
 10
101.9224
 20
0.0005
  0
VERTEX
999
1,2
  8
1
 10
98.8125
 20
0.0425
  0
VERTEX
999
1,2
  8
1
 10
95.7148
 20
0.2646
  0
VERTEX
999
1,2
  8
1
 10
92.6357
 20
0.6606
  0
VERTEX
999
1,2
  8
1
 10
89.5825
 20
1.2261
  0
VERTEX
999
1,2
  8
1
 10
85.1948
 20
2.3721
  0
VERTEX
999
1,2
  8
1
 10
81.0891
 20
3.8662
  0
VERTEX
999
1,2
  8
1
 10
77.2666
 20
5.6826
  0
VERTEX
999
1,2
  8
1
 10
73.7188
 20
7.7935
  0
VERTEX
999
1,2
  8
1
 10
68.9709
 20
11.3516
  0
VERTEX
999
1,2
  8
1
 10
64.7273
 20
15.3657
  0
VERTEX
999
1,2
  8
1
 10
60.9268
 20
19.7632
  0
VERTEX
999
1,2
  8
1
 10
57.5085
 20
24.4731
  0
VERTEX
999
1,2
  8
1
 10
54.4121
 20
29.4233
  0
VERTEX
999
1,1,,3
  8
1
 10
51.5769
 20
34.5415
  0
VERTEX
999
1,2
  8
1
 10
46.9131
 20
44.9766
  0
VERTEX
999
1,2
  8
1
 10
44.1582
 20
51.2974
  0
VERTEX
999
1,2
  8
1
 10
41.2449
 20
57.5181
  0
VERTEX
999
1,2
  8
1
 10
37.9971
 20
63.4912
  0
VERTEX
999
1,2
  8
1
 10
34.2380
 20
69.0684
  0
VERTEX
999
1,2
  8
1
 10
29.7913
 20
74.1016
  0
VERTEX
999
1,2
  8
1
 10
24.4805
 20
78.4438
  0
VERTEX
999
1,2
  8
1
 10
21.8088
 20
80.0884
  0
VERTEX
999
1,2
  8
1
 10
20.2847
 20
80.8848
  0
VERTEX
999
1,1,,4
  8
1
 10
12.6089
 20
84.9019
  0
VERTEX
999
1,2
  8
1
 10
11.7537
 20
98.6460
  0
VERTEX
999
1,2
  8
1
 10
10.9922
 20
112.4019
  0
VERTEX
999
1,2
  8
1
 10
10.3320
 20
126.1680
  0
VERTEX
999
1,2
  8
1
 10
9.7817
 20
139.9419
  0
VERTEX
999
1,2
  8
1
 10
9.3491
 20
153.7222
  0
VERTEX
999
1,2
  8
1
 10
9.0425
 20
167.5063
  0
VERTEX
999
1,2
  8
1
 10
8.8699
 20
181.2925
  0
VERTEX
999
1,2
  8
1
 10
8.8391
 20
195.0786
  0
VERTEX
999
1,2
  8
1
 10
8.9585
 20
208.8623
  0
VERTEX
999
1,2
  8
1
 10
9.2361
 20
222.6426
  0
VERTEX
999
1,2
  8
1
 10
9.6799
 20
236.4165
  0
VERTEX
999
1,2
  8
1
 10
10.2981
 20
250.1826
  0
VERTEX
999
1,2
  8
1
 10
11.0986
 20
263.9385
  0
VERTEX
999
1,2
  8
1
 10
12.0898
 20
277.6826
  0
VERTEX
999
1,2
  8
1
 10
13.2795
 20
291.4126
  0
VERTEX
999
1,2
  8
1
 10
14.6760
 20
305.1265
  0
VERTEX
999
1,1,,5
  8
1
 10
15.8501
 20
315.8359
  0
VERTEX
999
1,2
  8
1
 10
26.4426
 20
313.8687
  0
VERTEX
999
1,2
  8
1
 10
38.9255
 20
311.6196
  0
VERTEX
999
1,2
  8
1
 10
51.4360
 20
309.5059
  0
VERTEX
999
1,2
  8
1
 10
63.9722
 20
307.5317
  0
VERTEX
999
1,2
  8
1
 10
76.5320
 20
305.7007
  0
VERTEX
999
1,2
  8
1
 10
89.1138
 20
304.0166
  0
VERTEX
999
1,2
  8
1
 10
101.7148
 20
302.4834
  0
VERTEX
999
1,2
  8
1
 10
114.3340
 20
301.1045
  0
VERTEX
999
1,2
  8
1
 10
126.9688
 20
299.8843
  0
VERTEX
999
1,2
  8
1
 10
139.6172
 20
298.8262
  0
VERTEX
999
1,2
  8
1
 10
152.2778
 20
297.9341
  0
VERTEX
999
1,2
  8
1
 10
164.9478
 20
297.2114
  0
VERTEX
999
1,2
  8
1
 10
177.6255
 20
296.6621
  0
VERTEX
999
1,2
  8
1
 10
190.3096
 20
296.2905
  0
VERTEX
999
1,1,1,6
  8
1
 10
203.0728
 20
296.1006
 38
10.0000
 50
270.0000
  0
VERTEX
999
1,2
  8
1
 10
215.6953
 20
296.2881
  0
VERTEX
999
1,2
  8
1
 10
228.3901
 20
296.6582
  0
VERTEX
999
1,2
  8
1
 10
241.0791
 20
297.2061
  0
VERTEX
999
1,2
  8
1
 10
253.7598
 20
297.9272
  0
VERTEX
999
1,2
  8
1
 10
266.4312
 20
298.8188
  0
VERTEX
999
1,2
  8
1
 10
279.0908
 20
299.8770
  0
VERTEX
999
1,2,1
  8
1
 10
286.0054
 20
300.5439
 38
10.0003
 50
283.6868
  0
VERTEX
999
1,2
  8
1
 10
291.7363
 20
301.0972
  0
VERTEX
999
1,2
  8
1
 10
304.3662
 20
302.4761
  0
VERTEX
999
1,2
  8
1
 10
316.9785
 20
304.0098
  0
VERTEX
999
1,2
  8
1
 10
329.5708
 20
305.6943
  0
VERTEX
999
1,2
  8
1
 10
342.1416
 20
307.5269
  0
VERTEX
999
1,2
  8
1
 10
354.6885
 20
309.5024
  0
VERTEX
999
1,2
  8
1
 10
367.2095
 20
311.6177
  0
VERTEX
999
1,2
  8
1
 10
379.7031
 20
313.8687
  0
VERTEX
999
1,1,,7
  8
1
 10
390.2959
 20
315.8359
  0
VERTEX
999
1,2
  8
1
 10
391.4697
 20
305.1265
  0
VERTEX
999
1,2
  8
1
 10
392.8662
 20
291.4126
  0
VERTEX
999
1,2
  8
1
 10
394.0562
 20
277.6826
  0
VERTEX
999
1,2
  8
1
 10
395.0469
 20
263.9390
  0
VERTEX
999
1,2
  8
1
 10
395.8477
 20
250.1826
  0
VERTEX
999
1,2
  8
1
 10
396.4658
 20
236.4165
  0
VERTEX
999
1,2
  8
1
 10
396.9097
 20
222.6426
  0
VERTEX
999
1,2
  8
1
 10
397.1875
 20
208.8628
  0
VERTEX
999
1,2
  8
1
 10
397.3066
 20
195.0786
  0
VERTEX
999
1,2
  8
1
 10
397.2764
 20
181.2925
  0
VERTEX
999
1,2
  8
1
 10
397.1035
 20
167.5063
  0
VERTEX
999
1,2
  8
1
 10
396.7969
 20
153.7222
  0
VERTEX
999
1,2
  8
1
 10
396.3643
 20
139.9424
  0
VERTEX
999
1,2
  8
1
 10
395.8140
 20
126.1680
  0
VERTEX
999
1,2
  8
1
 10
395.1538
 20
112.4023
  0
VERTEX
999
1,2
  8
1
 10
394.3921
 20
98.6465
  0
VERTEX
999
1,1,,8
  8
1
 10
393.5371
 20
84.9023
  0
VERTEX
999
1,2
  8
1
 10
385.8613
 20
80.8848
  0
VERTEX
999
1,2
  8
1
 10
382.9766
 20
79.2930
  0
VERTEX
999
1,2
  8
1
 10
380.4048
 20
77.5425
  0
VERTEX
999
1,2
  8
1
 10
375.4443
 20
73.1655
  0
VERTEX
999
1,2
  8
1
 10
371.2769
 20
68.2090
  0
VERTEX
999
1,2
  8
1
 10
367.7373
 20
62.7925
  0
VERTEX
999
1,2
  8
1
 10
364.6606
 20
57.0352
  0
VERTEX
999
1,2
  8
1
 10
361.8823
 20
51.0576
  0
VERTEX
999
1,2
  8
1
 10
359.2373
 20
44.9790
  0
VERTEX
999
1,1,,9
  8
1
 10
354.6128
 20
34.6255
  0
VERTEX
999
1,2,1
  8
1
 10
351.8848
 20
29.6963
 38
10.0003
 50
103.6868
  0
VERTEX
999
1,2
  8
1
 10
351.7715
 20
29.4917
  0
VERTEX
999
1,2
  8
1
 10
348.6699
 20
24.5249
  0
VERTEX
999
1,2
  8
1
 10
345.2466
 20
19.7988
  0
VERTEX
999
1,2
  8
1
 10
341.4390
 20
15.3857
  0
VERTEX
999
1,2
  8
1
 10
337.1860
 20
11.3594
  0
VERTEX
999
1,2
  8
1
 10
332.4253
 20
7.7925
  0
VERTEX
999
1,2
  8
1
 10
328.8770
 20
5.6812
  0
VERTEX
999
1,2
  8
1
 10
325.0557
 20
3.8657
  0
VERTEX
999
1,2
  8
1
 10
320.9482
 20
2.3711
  0
VERTEX
999
1,2
  8
1
 10
316.5605
 20
1.2256
  0
VERTEX
999
1,2
  8
1
 10
313.5088
 20
0.6611
  0
VERTEX
999
1,2
  8
1
 10
310.4390
 20
0.2651
  0
VERTEX
999
1,2
  8
1
 10
307.3662
 20
0.0425
  0
VERTEX
999
1,1,,10
  8
1
 10
304.3037
 20
0.0000
  0
VERTEX
999
1,1,,11
  8
1
 10
203.0728
 20
0.0000
  0
SEQEND
  0
POLYLINE
999
2
  8
1
 66
1
 70
0
  0
VERTEX
999
2,1,,12
  8
1
 10
203.0728
 20
5.0000
  0
VERTEX
999
2,1,,13
  8
1
 10
101.8418
 20
5.0000
  0
VERTEX
999
2,2
  8
1
 10
99.5459
 20
5.0210
  0
VERTEX
999
2,2
  8
1
 10
97.2573
 20
5.1533
  0
VERTEX
999
2,2
  8
1
 10
94.9775
 20
5.3892
  0
VERTEX
999
2,2
  8
1
 10
92.7090
 20
5.7212
  0
VERTEX
999
2,2
  8
1
 10
90.6255
 20
6.1162
  0
VERTEX
999
2,2
  8
1
 10
88.6177
 20
6.5918
  0
VERTEX
999
2,2
  8
1
 10
86.6826
 20
7.1455
  0
VERTEX
999
2,2
  8
1
 10
84.8179
 20
7.7749
  0
VERTEX
999
2,2
  8
1
 10
83.0215
 20
8.4775
  0
VERTEX
999
2,2
  8
1
 10
81.2908
 20
9.2510
  0
VERTEX
999
2,2
  8
1
 10
79.6233
 20
10.0923
  0
VERTEX
999
2,2
  8
1
 10
78.0168
 20
10.9990
  0
VERTEX
999
2,2
  8
1
 10
76.4690
 20
11.9692
  0
VERTEX
999
2,2
  8
1
 10
74.9773
 20
12.9990
  0
VERTEX
999
2,2
  8
1
 10
69.0950
 20
18.0313
  0
VERTEX
999
2,2
  8
1
 10
64.1135
 20
23.7788
  0
VERTEX
999
2,2
  8
1
 10
59.8318
 20
30.0815
  0
VERTEX
999
2,1,,14
  8
1
 10
56.0491
 20
36.7798
  0
VERTEX
999
2,2
  8
1
 10
52.3936
 20
44.9033
  0
VERTEX
999
2,2
  8
1
 10
48.8223
 20
53.0864
  0
VERTEX
999
2,2
  8
1
 10
45.0029
 20
61.0850
  0
VERTEX
999
2,2
  8
1
 10
40.6038
 20
68.6567
  0
VERTEX
999
2,2
  8
1
 10
35.2920
 20
75.5586
  0
VERTEX
999
2,2
  8
1
 10
28.7361
 20
81.5469
  0
VERTEX
999
2,2
  8
1
 10
27.2930
 20
82.5776
  0
VERTEX
999
2,2
  8
1
 10
25.7917
 20
83.5503
  0
VERTEX
999
2,2
  8
1
 10
24.2290
 20
84.4634
  0
VERTEX
999
2,1,,15
  8
1
 10
22.6033
 20
85.3145
  0
VERTEX
999
2,2
  8
1
 10
21.7522
 20
98.9644
  0
VERTEX
999
2,2
  8
1
 10
20.9934
 20
112.6265
  0
VERTEX
999
2,2
  8
1
 10
20.3352
 20
126.2983
  0
VERTEX
999
2,2
  8
1
 10
19.7856
 20
139.9785
  0
VERTEX
999
2,2
  8
1
 10
19.3530
 20
153.6646
  0
VERTEX
999
2,2
  8
1
 10
19.0449
 20
167.3545
  0
VERTEX
999
2,2
  8
1
 10
18.8701
 20
181.0469
  0
VERTEX
999
2,2
  8
1
 10
18.8362
 20
194.7388
  0
VERTEX
999
2,2
  8
1
 10
18.9514
 20
208.4292
  0
VERTEX
999
2,2
  8
1
 10
19.2239
 20
222.1152
  0
VERTEX
999
2,2
  8
1
 10
19.6619
 20
235.7954
  0
VERTEX
999
2,2
  8
1
 10
20.2734
 20
249.4673
  0
VERTEX
999
2,2
  8
1
 10
21.0664
 20
263.1299
  0
VERTEX
999
2,2
  8
1
 10
22.0493
 20
276.7798
  0
VERTEX
999
2,2
  8
1
 10
23.2300
 20
290.4165
  0
VERTEX
999
2,1,,16
  8
1
 10
24.6165
 20
304.0366
  0
VERTEX
999
2,2
  8
1
 10
37.2336
 20
301.7632
  0
VERTEX
999
2,2
  8
1
 10
49.8792
 20
299.6274
  0
VERTEX
999
2,2
  8
1
 10
62.5503
 20
297.6328
  0
VERTEX
999
2,2
  8
1
 10
75.2456
 20
295.7832
  0
VERTEX
999
2,2
  8
1
 10
87.9629
 20
294.0825
  0
VERTEX
999
2,2
  8
1
 10
100.6997
 20
292.5347
  0
VERTEX
999
2,2
  8
1
 10
113.4551
 20
291.1426
  0
VERTEX
999
2,2
  8
1
 10
126.2256
 20
289.9111
  0
VERTEX
999
2,2
  8
1
 10
139.0107
 20
288.8438
  0
VERTEX
999
2,2
  8
1
 10
151.8071
 20
287.9443
  0
VERTEX
999
2,2
  8
1
 10
164.6138
 20
287.2163
  0
VERTEX
999
2,2
  8
1
 10
177.4282
 20
286.6636
  0
VERTEX
999
2,2
  8
1
 10
190.2485
 20
286.2905
  0
VERTEX
999
2,1,,17
  8
1
 10
203.0728
 20
286.1001
  0
VERTEX
999
2,2
  8
1
 10
215.8970
 20
286.2905
  0
VERTEX
999
2,2
  8
1
 10
228.7173
 20
286.6636
  0
VERTEX
999
2,2
  8
1
 10
241.5317
 20
287.2163
  0
VERTEX
999
2,2
  8
1
 10
254.3384
 20
287.9443
  0
VERTEX
999
2,2
  8
1
 10
267.1353
 20
288.8438
  0
VERTEX
999
2,2
  8
1
 10
279.9199
 20
289.9111
  0
VERTEX
999
2,2
  8
1
 10
292.6909
 20
291.1426
  0
VERTEX
999
2,2
  8
1
 10
305.4463
 20
292.5347
  0
VERTEX
999
2,2
  8
1
 10
318.1831
 20
294.0825
  0
VERTEX
999
2,2
  8
1
 10
330.9004
 20
295.7832
  0
VERTEX
999
2,2
  8
1
 10
343.5957
 20
297.6328
  0
VERTEX
999
2,2
  8
1
 10
356.2666
 20
299.6274
  0
VERTEX
999
2,2
  8
1
 10
368.9121
 20
301.7632
  0
VERTEX
999
2,1,,18
  8
1
 10
381.5293
 20
304.0366
  0
VERTEX
999
2,2
  8
1
 10
382.9160
 20
290.4165
  0
VERTEX
999
2,2
  8
1
 10
384.0967
 20
276.7798
  0
VERTEX
999
2,2
  8
1
 10
385.0791
 20
263.1299
  0
VERTEX
999
2,2
  8
1
 10
385.8726
 20
249.4673
  0
VERTEX
999
2,2
  8
1
 10
386.4839
 20
235.7954
  0
VERTEX
999
2,2
  8
1
 10
386.9219
 20
222.1152
  0
VERTEX
999
2,2
  8
1
 10
387.1943
 20
208.4292
  0
VERTEX
999
2,2
  8
1
 10
387.3096
 20
194.7388
  0
VERTEX
999
2,2
  8
1
 10
387.2759
 20
181.0469
  0
VERTEX
999
2,2
  8
1
 10
387.1006
 20
167.3545
  0
VERTEX
999
2,2
  8
1
 10
386.7930
 20
153.6646
  0
VERTEX
999
2,2
  8
1
 10
386.3599
 20
139.9785
  0
VERTEX
999
2,2
  8
1
 10
385.8105
 20
126.2983
  0
VERTEX
999
2,2
  8
1
 10
385.1523
 20
112.6265
  0
VERTEX
999
2,2
  8
1
 10
384.3936
 20
98.9644
  0
VERTEX
999
2,1,,19
  8
1
 10
383.5425
 20
85.3145
  0
VERTEX
999
2,2
  8
1
 10
381.9170
 20
84.4634
  0
VERTEX
999
2,2
  8
1
 10
380.3545
 20
83.5503
  0
VERTEX
999
2,2
  8
1
 10
378.8530
 20
82.5776
  0
VERTEX
999
2,2
  8
1
 10
377.4106
 20
81.5469
  0
VERTEX
999
2,2
  8
1
 10
370.8652
 20
75.5693
  0
VERTEX
999
2,2
  8
1
 10
365.5605
 20
68.6812
  0
VERTEX
999
2,2
  8
1
 10
361.1660
 20
61.1245
  0
VERTEX
999
2,2
  8
1
 10
357.3511
 20
53.1411
  0
VERTEX
999
2,2
  8
1
 10
353.7861
 20
44.9727
  0
VERTEX
999
2,1,,20
  8
1
 10
350.1396
 20
36.8613
  0
VERTEX
999
2,2
  8
1
 10
346.3496
 20
30.1401
  0
VERTEX
999
2,2
  8
1
 10
342.0596
 20
23.8149
  0
VERTEX
999
2,2
  8
1
 10
337.0669
 20
18.0474
  0
VERTEX
999
2,2
  8
1
 10
331.1685
 20
12.9990
  0
VERTEX
999
2,2
  8
1
 10
329.6768
 20
11.9692
  0
VERTEX
999
2,2
  8
1
 10
328.1289
 20
10.9990
  0
VERTEX
999
2,2
  8
1
 10
326.5225
 20
10.0923
  0
VERTEX
999
2,2
  8
1
 10
324.8550
 20
9.2510
  0
VERTEX
999
2,2
  8
1
 10
323.1240
 20
8.4775
  0
VERTEX
999
2,2
  8
1
 10
321.3276
 20
7.7749
  0
VERTEX
999
2,2
  8
1
 10
319.4629
 20
7.1455
  0
VERTEX
999
2,2
  8
1
 10
317.5278
 20
6.5918
  0
VERTEX
999
2,2
  8
1
 10
315.5200
 20
6.1162
  0
VERTEX
999
2,2
  8
1
 10
313.4365
 20
5.7212
  0
VERTEX
999
2,2
  8
1
 10
311.1680
 20
5.3892
  0
VERTEX
999
2,2
  8
1
 10
308.8882
 20
5.1533
  0
VERTEX
999
2,2
  8
1
 10
306.5996
 20
5.0210
  0
VERTEX
999
2,1,,21
  8
1
 10
304.3037
 20
5.0000
  0
VERTEX
999
2,1,,22
  8
1
 10
203.0728
 20
5.0000
  0
SEQEND
  0
LINE
999
5,1,,23
  8
1
 10
203.0728
 20
5.0000
 11
203.0728
 21
15.0000
  0
LINE
999
5,1,,25
  8
1
 10
203.0728
 20
286.1001
 11
203.0728
 21
276.1001
  0
LINE
999
5,1,,27
  8
1
 10
288.3999
 20
290.7109
 11
290.7661
 21
280.9946
  0
LINE
999
5,1,,29
  8
1
 10
350.1396
 20
36.8613
 11
347.7734
 21
46.5776
  0
LINE
999
5,1,,31
  8
1
 10
203.0728
 20
286.1001
 11
203.0728
 21
5.0000
  0
LINE
999
5,1,,33
  8
1
 10
288.4512
 20
290.1875
 11
350.1396
 21
36.8613
  0
LINE
999
3,1,,35
  8
1
 10
203.0728
 20
296.1001
 11
203.0728
 21
0.0000
  0
LINE
999
5,1,,35
  8
1
 10
297.1265
 20
12.0000
 11
284.8315
 21
30.3359
  0
LINE
999
5,1,,37
  8
1
 10
297.1265
 20
12.0000
 11
294.7339
 21
21.7100
  0
LINE
999
5,1,,39
  8
1
 10
373.2446
 20
110.2422
 11
358.6597
 21
106.7124
  0
LINE
999
5,1,,41
  8
1
 10
333.2793
 20
275.4038
 11
373.2446
 21
110.2422
  0
LINE
999
5,1,,43
  8
1
 10
358.6597
 20
106.7124
 11
318.7046
 21
271.8745
  0
LINE
999
5,1,,45
  8
1
 10
318.7046
 20
271.8745
 11
333.2793
 21
275.4038
  0
POLYLINE
999
5
  8
1
  6
1
 66
1
 70
0
  0
VERTEX
999
5,1,,47
  8
1
 10
343.9429
 20
40.1172
  0
VERTEX
999
5,2
  8
1
 10
340.5669
 20
34.0991
  0
VERTEX
999
5,2
  8
1
 10
336.7451
 20
28.3936
  0
VERTEX
999
5,2
  8
1
 10
332.3042
 20
23.1890
  0
VERTEX
999
5,2
  8
1
 10
327.0703
 20
18.6738
  0
VERTEX
999
5,2
  8
1
 10
325.8286
 20
17.8164
  0
VERTEX
999
5,2
  8
1
 10
324.5488
 20
17.0142
  0
VERTEX
999
5,2
  8
1
 10
323.2246
 20
16.2666
  0
VERTEX
999
5,2
  8
1
 10
321.8501
 20
15.5728
  0
VERTEX
999
5,2
  8
1
 10
320.4209
 20
14.9341
  0
VERTEX
999
5,2
  8
1
 10
318.9331
 20
14.3525
  0
VERTEX
999
5,2
  8
1
 10
317.3804
 20
13.8281
  0
VERTEX
999
5,2
  8
1
 10
315.7578
 20
13.3643
  0
VERTEX
999
5,2
  8
1
 10
314.0610
 20
12.9624
  0
VERTEX
999
5,2
  8
1
 10
312.2847
 20
12.6255
  0
VERTEX
999
5,2
  8
1
 10
310.3018
 20
12.3354
  0
VERTEX
999
5,2
  8
1
 10
308.3086
 20
12.1294
  0
VERTEX
999
5,2
  8
1
 10
306.3081
 20
12.0151
  0
VERTEX
999
5,1,,48
  8
1
 10
304.3037
 20
12.0005
  0
SEQEND
  0
POLYLINE
999
5
  8
1
  6
1
 66
1
 70
0
  0
VERTEX
999
5,1,,49
  8
1
 10
384.2422
 20
93.3867
  0
VERTEX
999
5,2
  8
1
 10
380.7134
 20
91.5664
  0
VERTEX
999
5,2
  8
1
 10
378.9385
 20
90.6489
  0
VERTEX
999
5,2
  8
1
 10
377.0938
 20
89.5854
  0
VERTEX
999
5,2
  8
1
 10
375.3213
 20
88.4517
  0
VERTEX
999
5,2
  8
1
 10
373.6216
 20
87.2529
  0
VERTEX
999
5,2
  8
1
 10
366.3662
 20
80.7974
  0
VERTEX
999
5,2
  8
1
 10
360.5625
 20
73.5391
  0
VERTEX
999
5,2
  8
1
 10
355.8145
 20
65.6602
  0
VERTEX
999
5,2
  8
1
 10
351.7261
 20
57.3423
  0
VERTEX
999
5,2
  8
1
 10
347.9009
 20
48.7676
  0
VERTEX
999
5,1,,50
  8
1
 10
343.9429
 20
40.1172
  0
SEQEND
  0
POLYLINE
999
5
  8
1
  6
1
 66
1
 70
0
  0
VERTEX
999
5,1,,51
  8
1
 10
304.3037
 20
12.0005
  0
VERTEX
999
5,2
  8
1
 10
253.6880
 20
12.0000
  0
VERTEX
999
5,1,,52
  8
1
 10
203.0728
 20
12.0000
  0
SEQEND
  0
POLYLINE
999
5
  8
1
  6
1
 66
1
 70
0
  0
VERTEX
999
5,1,,53
  8
1
 10
101.8418
 20
12.0005
  0
VERTEX
999
5,2
  8
1
 10
99.8374
 20
12.0151
  0
VERTEX
999
5,2
  8
1
 10
97.8369
 20
12.1294
  0
VERTEX
999
5,2
  8
1
 10
95.8438
 20
12.3354
  0
VERTEX
999
5,2
  8
1
 10
93.8608
 20
12.6255
  0
VERTEX
999
5,2
  8
1
 10
92.0850
 20
12.9624
  0
VERTEX
999
5,2
  8
1
 10
90.3877
 20
13.3643
  0
VERTEX
999
5,2
  8
1
 10
88.7656
 20
13.8281
  0
VERTEX
999
5,2
  8
1
 10
87.2129
 20
14.3525
  0
VERTEX
999
5,2
  8
1
 10
85.7251
 20
14.9341
  0
VERTEX
999
5,2
  8
1
 10
84.2959
 20
15.5728
  0
VERTEX
999
5,2
  8
1
 10
82.9209
 20
16.2666
  0
VERTEX
999
5,2
  8
1
 10
81.5969
 20
17.0142
  0
VERTEX
999
5,2
  8
1
 10
80.3171
 20
17.8164
  0
VERTEX
999
5,2
  8
1
 10
79.0754
 20
18.6738
  0
VERTEX
999
5,2
  8
1
 10
73.8572
 20
23.1733
  0
VERTEX
999
5,2
  8
1
 10
69.4272
 20
28.3584
  0
VERTEX
999
5,2
  8
1
 10
65.6135
 20
34.0425
  0
VERTEX
999
5,1,,54
  8
1
 10
62.2439
 20
40.0396
  0
SEQEND
  0
POLYLINE
999
5
  8
1
  6
1
 66
1
 70
0
  0
VERTEX
999
5,1,,55
  8
1
 10
203.0728
 20
12.0000
  0
VERTEX
999
5,2
  8
1
 10
152.4575
 20
12.0000
  0
VERTEX
999
5,1,,56
  8
1
 10
101.8418
 20
12.0005
  0
SEQEND
  0
POLYLINE
999
5
  8
1
  6
1
 66
1
 70
0
  0
VERTEX
999
5,1,,57
  8
1
 10
62.2439
 20
40.0396
  0
VERTEX
999
5,2
  8
1
 10
58.2766
 20
48.7021
  0
VERTEX
999
5,2
  8
1
 10
54.4460
 20
57.2905
  0
VERTEX
999
5,2
  8
1
 10
50.3540
 20
65.6226
  0
VERTEX
999
5,2
  8
1
 10
45.6021
 20
73.5151
  0
VERTEX
999
5,2
  8
1
 10
39.7917
 20
80.7861
  0
VERTEX
999
5,2
  8
1
 10
32.5249
 20
87.2529
  0
VERTEX
999
5,2
  8
1
 10
30.8252
 20
88.4517
  0
VERTEX
999
5,2
  8
1
 10
29.0527
 20
89.5854
  0
VERTEX
999
5,2
  8
1
 10
27.2075
 20
90.6489
  0
VERTEX
999
5,2
  8
1
 10
25.4326
 20
91.5664
  0
VERTEX
999
5,1,,58
  8
1
 10
21.9036
 20
93.3867
  0
SEQEND
  0
ENDBLK
  0
BLOCK
  8
1
  2
P0038_06
 70
64
 10
0.0000
 20
0.0000
  0
TEXT
  8
1
 10
229.8901
 20
125.7104
 40
8.0000
 50
0.0000
  1
PIECE: 前ポケット袋布
  7
STANDARD
  0
TEXT
  8
1
 10
229.8901
 20
116.5105
 40
8.0000
 50
0.0000
  1
SIZE: L
  7
STANDARD
  0
TEXT
  8
1
 10
229.8901
 20
107.3105
 40
8.0000
 50
0.0000
  1
FABRIC: スレーキ
  7
STANDARD
  0
TEXT
  8
1
 10
229.8901
 20
98.1105
 40
8.0000
 50
0.0000
  1
QUANTITY: 2
  7
STANDARD
  0
TEXT
  8
1
 10
264.9243
 20
36.7656
 40
6.0000
 50
0.0000
  1
COMMENT: 袋縫い
  7
STANDARD
  0
TEXT
  8
1
 10
264.9243
 20
30.7656
 40
6.0000
 50
0.0000
  1
COMMENT: 7mmステッチ
  7
STANDARD
  0
TEXT
  8
1
 10
310.2271
 20
213.7930
 40
6.0000
 50
283.9840
  1
COMMENT: 向当て布上乗せ
  7
STANDARD
  0
TEXT
  8
1
 10
280.9502
 20
-0.3184
 40
5.0000
 50
0.0000
  1
COMMENT: 0.5
  7
STANDARD
  0
TEXT
  8
1
 10
391.3154
 20
199.2646
 40
5.0000
 50
0.0000
  1
COMMENT: 1.0
  7
STANDARD
  0
TEXT
  8
1
 10
287.4155
 20
292.4692
 40
5.0000
 50
0.0000
  1
COMMENT: 1.0
  7
STANDARD
  0
POLYLINE
999
1
  8
1
 66
1
 70
0
  0
VERTEX
999
1,1,1,1
  8
1
 10
203.0728
 20
0.0000
 38
10.0000
 50
90.0000
  0
VERTEX
999
1,2
  8
1
 10
152.4673
 20
0.0000
  0
VERTEX
999
1,1,,2
  8
1
 10
101.9224
 20
0.0005
  0
VERTEX
999
1,2
  8
1
 10
98.8125
 20
0.0425
  0
VERTEX
999
1,2
  8
1
 10
95.7148
 20
0.2646
  0
VERTEX
999
1,2
  8
1
 10
92.6357
 20
0.6606
  0
VERTEX
999
1,2
  8
1
 10
89.5825
 20
1.2261
  0
VERTEX
999
1,2
  8
1
 10
85.1948
 20
2.3721
  0
VERTEX
999
1,2
  8
1
 10
81.0891
 20
3.8662
  0
VERTEX
999
1,2
  8
1
 10
77.2666
 20
5.6826
  0
VERTEX
999
1,2
  8
1
 10
73.7188
 20
7.7935
  0
VERTEX
999
1,2
  8
1
 10
68.9773
 20
11.3462
  0
VERTEX
999
1,2
  8
1
 10
64.7380
 20
15.3530
  0
VERTEX
999
1,2
  8
1
 10
60.9409
 20
19.7427
  0
VERTEX
999
1,2
  8
1
 10
57.5256
 20
24.4438
  0
VERTEX
999
1,2
  8
1
 10
54.4324
 20
29.3853
  0
VERTEX
999
1,1,,3
  8
1
 10
51.6011
 20
34.4956
  0
VERTEX
999
1,2
  8
1
 10
46.6760
 20
44.9336
  0
VERTEX
999
1,2
  8
1
 10
43.7456
 20
51.2944
  0
VERTEX
999
1,2
  8
1
 10
40.6563
 20
57.5493
  0
VERTEX
999
1,2
  8
1
 10
37.2319
 20
63.5454
  0
VERTEX
999
1,2
  8
1
 10
33.2969
 20
69.1289
  0
VERTEX
999
1,2
  8
1
 10
28.6750
 20
74.1465
  0
VERTEX
999
1,2
  8
1
 10
23.1909
 20
78.4453
  0
VERTEX
999
1,2
  8
1
 10
20.4407
 20
80.0610
  0
VERTEX
999
1,2
  8
1
 10
18.8767
 20
80.8374
  0
VERTEX
999
1,1,,4
  8
1
 10
11.1213
 20
84.6953
  0
VERTEX
999
1,2
  8
1
 10
10.1082
 20
98.4341
  0
VERTEX
999
1,2
  8
1
 10
9.1885
 20
112.1855
  0
VERTEX
999
1,2
  8
1
 10
8.3701
 20
125.9482
  0
VERTEX
999
1,2
  8
1
 10
7.6616
 20
139.7202
  0
VERTEX
999
1,2
  8
1
 10
7.0708
 20
153.5000
  0
VERTEX
999
1,2
  8
1
 10
6.6057
 20
167.2847
  0
VERTEX
999
1,2
  8
1
 10
6.2749
 20
181.0732
  0
VERTEX
999
1,2
  8
1
 10
6.0859
 20
194.8633
  0
VERTEX
999
1,2
  8
1
 10
6.0474
 20
208.6533
  0
VERTEX
999
1,2
  8
1
 10
6.1670
 20
222.4409
  0
VERTEX
999
1,2
  8
1
 10
6.4531
 20
236.2241
  0
VERTEX
999
1,2
  8
1
 10
6.9138
 20
250.0015
  0
VERTEX
999
1,2
  8
1
 10
7.5571
 20
263.7710
  0
VERTEX
999
1,2
  8
1
 10
8.3914
 20
277.5308
  0
VERTEX
999
1,2
  8
1
 10
9.4243
 20
291.2783
  0
VERTEX
999
1,2
  8
1
 10
10.6643
 20
305.0127
  0
VERTEX
999
1,1,,5
  8
1
 10
11.7256
 20
315.8350
  0
VERTEX
999
1,2
  8
1
 10
22.4211
 20
313.8726
  0
VERTEX
999
1,2
  8
1
 10
35.1921
 20
311.6001
  0
VERTEX
999
1,2
  8
1
 10
47.9912
 20
309.4668
  0
VERTEX
999
1,2
  8
1
 10
60.8159
 20
307.4756
  0
VERTEX
999
1,2
  8
1
 10
73.6648
 20
305.6313
  0
VERTEX
999
1,2
  8
1
 10
86.5356
 20
303.9375
  0
VERTEX
999
1,2
  8
1
 10
99.4258
 20
302.3979
  0
VERTEX
999
1,2
  8
1
 10
112.3340
 20
301.0166
  0
VERTEX
999
1,2
  8
1
 10
125.2583
 20
299.7969
  0
VERTEX
999
1,2
  8
1
 10
138.1958
 20
298.7437
  0
VERTEX
999
1,2
  8
1
 10
151.1450
 20
297.8599
  0
VERTEX
999
1,2
  8
1
 10
164.1040
 20
297.1499
  0
VERTEX
999
1,2
  8
1
 10
177.0708
 20
296.6172
  0
VERTEX
999
1,2
  8
1
 10
190.0430
 20
296.2661
  0
VERTEX
999
1,1,1,6
  8
1
 10
203.0728
 20
296.1006
 38
10.0000
 50
270.0000
  0
VERTEX
999
1,2
  8
1
 10
216.0020
 20
296.2646
  0
VERTEX
999
1,2
  8
1
 10
228.9819
 20
296.6143
  0
VERTEX
999
1,2
  8
1
 10
241.9565
 20
297.1460
  0
VERTEX
999
1,2
  8
1
 10
254.9233
 20
297.8550
  0
VERTEX
999
1,2
  8
1
 10
267.8804
 20
298.7383
  0
VERTEX
999
1,2
  8
1
 10
280.8262
 20
299.7915
  0
VERTEX
999
1,2,1
  8
1
 10
286.0308
 20
300.2822
 38
10.0003
 50
283.6868
  0
VERTEX
999
1,2
  8
1
 10
293.7578
 20
301.0107
  0
VERTEX
999
1,2
  8
1
 10
306.6738
 20
302.3926
  0
VERTEX
999
1,2
  8
1
 10
319.5718
 20
303.9326
  0
VERTEX
999
1,2
  8
1
 10
332.4502
 20
305.6270
  0
VERTEX
999
1,2
  8
1
 10
345.3066
 20
307.4722
  0
VERTEX
999
1,2
  8
1
 10
358.1396
 20
309.4639
  0
VERTEX
999
1,2
  8
1
 10
370.9458
 20
311.5986
  0
VERTEX
999
1,2
  8
1
 10
383.7246
 20
313.8726
  0
VERTEX
999
1,1,,7
  8
1
 10
394.4204
 20
315.8350
  0
VERTEX
999
1,2
  8
1
 10
395.4814
 20
305.0127
  0
VERTEX
999
1,2
  8
1
 10
396.7217
 20
291.2783
  0
VERTEX
999
1,2
  8
1
 10
397.7544
 20
277.5303
  0
VERTEX
999
1,2
  8
1
 10
398.5889
 20
263.7705
  0
VERTEX
999
1,2
  8
1
 10
399.2319
 20
250.0010
  0
VERTEX
999
1,2
  8
1
 10
399.6929
 20
236.2236
  0
VERTEX
999
1,2
  8
1
 10
399.9790
 20
222.4399
  0
VERTEX
999
1,2
  8
1
 10
400.0986
 20
208.6523
  0
VERTEX
999
1,2
  8
1
 10
400.0601
 20
194.8628
  0
VERTEX
999
1,2
  8
1
 10
399.8711
 20
181.0723
  0
VERTEX
999
1,2
  8
1
 10
399.5400
 20
167.2837
  0
VERTEX
999
1,2
  8
1
 10
399.0752
 20
153.4990
  0
VERTEX
999
1,2
  8
1
 10
398.4844
 20
139.7197
  0
VERTEX
999
1,2
  8
1
 10
397.7759
 20
125.9473
  0
VERTEX
999
1,2
  8
1
 10
396.9575
 20
112.1846
  0
VERTEX
999
1,2
  8
1
 10
396.0376
 20
98.4331
  0
VERTEX
999
1,1,,8
  8
1
 10
395.0244
 20
84.6948
  0
VERTEX
999
1,2
  8
1
 10
387.2690
 20
80.8374
  0
VERTEX
999
1,2
  8
1
 10
384.3037
 20
79.2808
  0
VERTEX
999
1,2
  8
1
 10
381.6538
 20
77.5557
  0
VERTEX
999
1,2
  8
1
 10
376.5249
 20
73.2158
  0
VERTEX
999
1,2
  8
1
 10
372.1885
 20
68.2705
  0
VERTEX
999
1,2
  8
1
 10
368.4795
 20
62.8452
  0
VERTEX
999
1,2
  8
1
 10
365.2339
 20
57.0640
  0
VERTEX
999
1,2
  8
1
 10
362.2861
 20
51.0532
  0
VERTEX
999
1,2
  8
1
 10
359.4727
 20
44.9365
  0
VERTEX
999
1,1,,9
  8
1
 10
354.5889
 20
34.5796
  0
VERTEX
999
1,2,1
  8
1
 10
351.8853
 20
29.6924
 38
10.0003
 50
103.6868
  0
VERTEX
999
1,2
  8
1
 10
351.7339
 20
29.4185
  0
VERTEX
999
1,2
  8
1
 10
348.6284
 20
24.4492
  0
VERTEX
999
1,2
  8
1
 10
345.2090
 20
19.7368
  0
VERTEX
999
1,2
  8
1
 10
341.4111
 20
15.3467
  0
VERTEX
999
1,2
  8
1
 10
337.1714
 20
11.3433
  0
VERTEX
999
1,2
  8
1
 10
332.4253
 20
7.7925
  0
VERTEX
999
1,2
  8
1
 10
328.8770
 20
5.6812
  0
VERTEX
999
1,2
  8
1
 10
325.0557
 20
3.8657
  0
VERTEX
999
1,2
  8
1
 10
320.9482
 20
2.3711
  0
VERTEX
999
1,2
  8
1
 10
316.5605
 20
1.2256
  0
VERTEX
999
1,2
  8
1
 10
313.5088
 20
0.6611
  0
VERTEX
999
1,2
  8
1
 10
310.4390
 20
0.2651
  0
VERTEX
999
1,2
  8
1
 10
307.3662
 20
0.0425
  0
VERTEX
999
1,1,,10
  8
1
 10
304.3037
 20
0.0000
  0
VERTEX
999
1,1,,11
  8
1
 10
203.0728
 20
0.0000
  0
SEQEND
  0
POLYLINE
999
2
  8
1
 66
1
 70
0
  0
VERTEX
999
2,1,,12
  8
1
 10
203.0728
 20
5.0000
  0
VERTEX
999
2,1,,13
  8
1
 10
101.8418
 20
5.0000
  0
VERTEX
999
2,2
  8
1
 10
99.5459
 20
5.0210
  0
VERTEX
999
2,2
  8
1
 10
97.2573
 20
5.1533
  0
VERTEX
999
2,2
  8
1
 10
94.9775
 20
5.3892
  0
VERTEX
999
2,2
  8
1
 10
92.7090
 20
5.7212
  0
VERTEX
999
2,2
  8
1
 10
90.6255
 20
6.1162
  0
VERTEX
999
2,2
  8
1
 10
88.6177
 20
6.5918
  0
VERTEX
999
2,2
  8
1
 10
86.6826
 20
7.1455
  0
VERTEX
999
2,2
  8
1
 10
84.8179
 20
7.7749
  0
VERTEX
999
2,2
  8
1
 10
83.0215
 20
8.4775
  0
VERTEX
999
2,2
  8
1
 10
81.2908
 20
9.2510
  0
VERTEX
999
2,2
  8
1
 10
79.6233
 20
10.0923
  0
VERTEX
999
2,2
  8
1
 10
78.0168
 20
10.9990
  0
VERTEX
999
2,2
  8
1
 10
76.4690
 20
11.9692
  0
VERTEX
999
2,2
  8
1
 10
74.9773
 20
12.9990
  0
VERTEX
999
2,2
  8
1
 10
69.0950
 20
18.0313
  0
VERTEX
999
2,2
  8
1
 10
64.1135
 20
23.7788
  0
VERTEX
999
2,2
  8
1
 10
59.8318
 20
30.0815
  0
VERTEX
999
2,1,,14
  8
1
 10
56.0491
 20
36.7798
  0
VERTEX
999
2,2
  8
1
 10
52.1707
 20
44.9443
  0
VERTEX
999
2,2
  8
1
 10
48.3762
 20
53.1704
  0
VERTEX
999
2,2
  8
1
 10
44.3342
 20
61.2046
  0
VERTEX
999
2,2
  8
1
 10
39.7126
 20
68.7935
  0
VERTEX
999
2,2
  8
1
 10
34.1797
 20
75.6836
  0
VERTEX
999
2,2
  8
1
 10
27.4036
 20
81.6211
  0
VERTEX
999
2,2
  8
1
 10
25.9180
 20
82.6362
  0
VERTEX
999
2,2
  8
1
 10
24.3748
 20
83.5918
  0
VERTEX
999
2,2
  8
1
 10
22.7705
 20
84.4854
  0
VERTEX
999
2,1,,15
  8
1
 10
21.1033
 20
85.3145
  0
VERTEX
999
2,2
  8
1
 10
20.0962
 20
98.9531
  0
VERTEX
999
2,2
  8
1
 10
19.1814
 20
112.6055
  0
VERTEX
999
2,2
  8
1
 10
18.3672
 20
126.2686
  0
VERTEX
999
2,2
  8
1
 10
17.6614
 20
139.9409
  0
VERTEX
999
2,2
  8
1
 10
17.0720
 20
153.6206
  0
VERTEX
999
2,2
  8
1
 10
16.6077
 20
167.3057
  0
VERTEX
999
2,2
  8
1
 10
16.2764
 20
180.9941
  0
VERTEX
999
2,2
  8
1
 10
16.0859
 20
194.6841
  0
VERTEX
999
2,2
  8
1
 10
16.0447
 20
208.3745
  0
VERTEX
999
2,2
  8
1
 10
16.1609
 20
222.0620
  0
VERTEX
999
2,2
  8
1
 10
16.4424
 20
235.7456
  0
VERTEX
999
2,2
  8
1
 10
16.8975
 20
249.4233
  0
VERTEX
999
2,2
  8
1
 10
17.5344
 20
263.0933
  0
VERTEX
999
2,2
  8
1
 10
18.3611
 20
276.7534
  0
VERTEX
999
2,2
  8
1
 10
19.3857
 20
290.4019
  0
VERTEX
999
2,1,,16
  8
1
 10
20.6165
 20
304.0366
  0
VERTEX
999
2,2
  8
1
 10
33.5188
 20
301.7412
  0
VERTEX
999
2,2
  8
1
 10
46.4495
 20
299.5859
  0
VERTEX
999
2,2
  8
1
 10
59.4063
 20
297.5752
  0
VERTEX
999
2,2
  8
1
 10
72.3872
 20
295.7129
  0
VERTEX
999
2,2
  8
1
 10
85.3906
 20
294.0029
  0
VERTEX
999
2,2
  8
1
 10
98.4136
 20
292.4487
  0
VERTEX
999
2,2
  8
1
 10
111.4546
 20
291.0547
  0
VERTEX
999
2,2
  8
1
 10
124.5117
 20
289.8242
  0
VERTEX
999
2,2
  8
1
 10
137.5825
 20
288.7617
  0
VERTEX
999
2,2
  8
1
 10
150.6655
 20
287.8706
  0
VERTEX
999
2,2
  8
1
 10
163.7578
 20
287.1553
  0
VERTEX
999
2,2
  8
1
 10
176.8579
 20
286.6191
  0
VERTEX
999
2,2
  8
1
 10
189.9634
 20
286.2661
  0
VERTEX
999
2,1,,17
  8
1
 10
203.0728
 20
286.1001
  0
VERTEX
999
2,2
  8
1
 10
216.1821
 20
286.2661
  0
VERTEX
999
2,2
  8
1
 10
229.2876
 20
286.6191
  0
VERTEX
999
2,2
  8
1
 10
242.3877
 20
287.1553
  0
VERTEX
999
2,2
  8
1
 10
255.4800
 20
287.8706
  0
VERTEX
999
2,2
  8
1
 10
268.5630
 20
288.7617
  0
VERTEX
999
2,2
  8
1
 10
281.6338
 20
289.8242
  0
VERTEX
999
2,2
  8
1
 10
294.6909
 20
291.0547
  0
VERTEX
999
2,2
  8
1
 10
307.7319
 20
292.4487
  0
VERTEX
999
2,2
  8
1
 10
320.7554
 20
294.0029
  0
VERTEX
999
2,2
  8
1
 10
333.7583
 20
295.7129
  0
VERTEX
999
2,2
  8
1
 10
346.7393
 20
297.5752
  0
VERTEX
999
2,2
  8
1
 10
359.6963
 20
299.5859
  0
VERTEX
999
2,2
  8
1
 10
372.6270
 20
301.7412
  0
VERTEX
999
2,1,,18
  8
1
 10
385.5293
 20
304.0366
  0
VERTEX
999
2,2
  8
1
 10
386.7603
 20
290.4019
  0
VERTEX
999
2,2
  8
1
 10
387.7847
 20
276.7534
  0
VERTEX
999
2,2
  8
1
 10
388.6113
 20
263.0933
  0
VERTEX
999
2,2
  8
1
 10
389.2480
 20
249.4233
  0
VERTEX
999
2,2
  8
1
 10
389.7031
 20
235.7456
  0
VERTEX
999
2,2
  8
1
 10
389.9849
 20
222.0620
  0
VERTEX
999
2,2
  8
1
 10
390.1011
 20
208.3745
  0
VERTEX
999
2,2
  8
1
 10
390.0601
 20
194.6841
  0
VERTEX
999
2,2
  8
1
 10
389.8696
 20
180.9941
  0
VERTEX
999
2,2
  8
1
 10
389.5381
 20
167.3057
  0
VERTEX
999
2,2
  8
1
 10
389.0737
 20
153.6206
  0
VERTEX
999
2,2
  8
1
 10
388.4844
 20
139.9409
  0
VERTEX
999
2,2
  8
1
 10
387.7788
 20
126.2686
  0
VERTEX
999
2,2
  8
1
 10
386.9644
 20
112.6055
  0
VERTEX
999
2,2
  8
1
 10
386.0493
 20
98.9531
  0
VERTEX
999
2,1,,19
  8
1
 10
385.0425
 20
85.3145
  0
VERTEX
999
2,2
  8
1
 10
383.3755
 20
84.4854
  0
VERTEX
999
2,2
  8
1
 10
381.7715
 20
83.5918
  0
VERTEX
999
2,2
  8
1
 10
380.2280
 20
82.6362
  0
VERTEX
999
2,2
  8
1
 10
378.7427
 20
81.6211
  0
VERTEX
999
2,2
  8
1
 10
371.9771
 20
75.6943
  0
VERTEX
999
2,2
  8
1
 10
366.4512
 20
68.8174
  0
VERTEX
999
2,2
  8
1
 10
361.8345
 20
61.2437
  0
VERTEX
999
2,2
  8
1
 10
357.7974
 20
53.2251
  0
VERTEX
999
2,2
  8
1
 10
354.0088
 20
45.0137
  0
VERTEX
999
2,1,,20
  8
1
 10
350.1396
 20
36.8613
  0
VERTEX
999
2,2
  8
1
 10
346.3496
 20
30.1401
  0
VERTEX
999
2,2
  8
1
 10
342.0596
 20
23.8149
  0
VERTEX
999
2,2
  8
1
 10
337.0669
 20
18.0474
  0
VERTEX
999
2,2
  8
1
 10
331.1685
 20
12.9990
  0
VERTEX
999
2,2
  8
1
 10
329.6768
 20
11.9692
  0
VERTEX
999
2,2
  8
1
 10
328.1289
 20
10.9990
  0
VERTEX
999
2,2
  8
1
 10
326.5225
 20
10.0923
  0
VERTEX
999
2,2
  8
1
 10
324.8550
 20
9.2510
  0
VERTEX
999
2,2
  8
1
 10
323.1240
 20
8.4775
  0
VERTEX
999
2,2
  8
1
 10
321.3276
 20
7.7749
  0
VERTEX
999
2,2
  8
1
 10
319.4629
 20
7.1455
  0
VERTEX
999
2,2
  8
1
 10
317.5278
 20
6.5918
  0
VERTEX
999
2,2
  8
1
 10
315.5200
 20
6.1162
  0
VERTEX
999
2,2
  8
1
 10
313.4365
 20
5.7212
  0
VERTEX
999
2,2
  8
1
 10
311.1680
 20
5.3892
  0
VERTEX
999
2,2
  8
1
 10
308.8882
 20
5.1533
  0
VERTEX
999
2,2
  8
1
 10
306.5996
 20
5.0210
  0
VERTEX
999
2,1,,21
  8
1
 10
304.3037
 20
5.0000
  0
VERTEX
999
2,1,,22
  8
1
 10
203.0728
 20
5.0000
  0
SEQEND
  0
LINE
999
5,1,,23
  8
1
 10
203.0728
 20
5.0000
 11
203.0728
 21
15.0000
  0
LINE
999
5,1,,25
  8
1
 10
203.0728
 20
286.1001
 11
203.0728
 21
276.1001
  0
LINE
999
5,1,,27
  8
1
 10
288.4268
 20
290.4438
 11
290.7930
 21
280.7275
  0
LINE
999
5,1,,29
  8
1
 10
350.1396
 20
36.8613
 11
347.7734
 21
46.5776
  0
LINE
999
5,1,,31
  8
1
 10
203.0728
 20
286.1001
 11
203.0728
 21
5.0000
  0
LINE
999
5,1,,33
  8
1
 10
288.4512
 20
290.1875
 11
350.1396
 21
36.8613
  0
LINE
999
3,1,,35
  8
1
 10
203.0728
 20
296.1006
 11
203.0728
 21
0.0000
  0
LINE
999
5,1,,35
  8
1
 10
297.1265
 20
12.0000
 11
284.8315
 21
30.3359
  0
LINE
999
5,1,,37
  8
1
 10
297.1265
 20
12.0000
 11
294.7339
 21
21.7100
  0
LINE
999
5,1,,39
  8
1
 10
373.2446
 20
110.2422
 11
358.6597
 21
106.7124
  0
LINE
999
5,1,,41
  8
1
 10
333.2793
 20
275.4038
 11
373.2446
 21
110.2422
  0
LINE
999
5,1,,43
  8
1
 10
358.6597
 20
106.7124
 11
318.7046
 21
271.8745
  0
LINE
999
5,1,,45
  8
1
 10
318.7046
 20
271.8745
 11
333.2793
 21
275.4038
  0
POLYLINE
999
5
  8
1
  6
1
 66
1
 70
0
  0
VERTEX
999
5,1,,47
  8
1
 10
343.9429
 20
40.1172
  0
VERTEX
999
5,2
  8
1
 10
340.5669
 20
34.0991
  0
VERTEX
999
5,2
  8
1
 10
336.7451
 20
28.3936
  0
VERTEX
999
5,2
  8
1
 10
332.3042
 20
23.1890
  0
VERTEX
999
5,2
  8
1
 10
327.0703
 20
18.6738
  0
VERTEX
999
5,2
  8
1
 10
325.8286
 20
17.8164
  0
VERTEX
999
5,2
  8
1
 10
324.5488
 20
17.0142
  0
VERTEX
999
5,2
  8
1
 10
323.2246
 20
16.2666
  0
VERTEX
999
5,2
  8
1
 10
321.8501
 20
15.5728
  0
VERTEX
999
5,2
  8
1
 10
320.4209
 20
14.9341
  0
VERTEX
999
5,2
  8
1
 10
318.9331
 20
14.3525
  0
VERTEX
999
5,2
  8
1
 10
317.3804
 20
13.8281
  0
VERTEX
999
5,2
  8
1
 10
315.7578
 20
13.3643
  0
VERTEX
999
5,2
  8
1
 10
314.0610
 20
12.9624
  0
VERTEX
999
5,2
  8
1
 10
312.2847
 20
12.6255
  0
VERTEX
999
5,2
  8
1
 10
310.3018
 20
12.3354
  0
VERTEX
999
5,2
  8
1
 10
308.3086
 20
12.1294
  0
VERTEX
999
5,2
  8
1
 10
306.3081
 20
12.0151
  0
VERTEX
999
5,1,,48
  8
1
 10
304.3037
 20
12.0005
  0
SEQEND
  0
POLYLINE
999
5
  8
1
  6
1
 66
1
 70
0
  0
VERTEX
999
5,1,,49
  8
1
 10
385.7422
 20
93.3867
  0
VERTEX
999
5,2
  8
1
 10
382.1328
 20
91.6050
  0
VERTEX
999
5,2
  8
1
 10
380.3179
 20
90.7070
  0
VERTEX
999
5,2
  8
1
 10
378.4287
 20
89.6616
  0
VERTEX
999
5,2
  8
1
 10
376.6123
 20
88.5444
  0
VERTEX
999
5,2
  8
1
 10
374.8682
 20
87.3599
  0
VERTEX
999
5,2
  8
1
 10
367.3984
 20
80.9468
  0
VERTEX
999
5,2
  8
1
 10
361.3862
 20
73.6943
  0
VERTEX
999
5,2
  8
1
 10
356.4326
 20
65.7935
  0
VERTEX
999
5,2
  8
1
 10
352.1401
 20
57.4360
  0
VERTEX
999
5,2
  8
1
 10
348.1094
 20
48.8135
  0
VERTEX
999
5,1,,50
  8
1
 10
343.9429
 20
40.1172
  0
SEQEND
  0
POLYLINE
999
5
  8
1
  6
1
 66
1
 70
0
  0
VERTEX
999
5,1,,51
  8
1
 10
304.3037
 20
12.0005
  0
VERTEX
999
5,2
  8
1
 10
253.6880
 20
12.0000
  0
VERTEX
999
5,1,,52
  8
1
 10
203.0728
 20
12.0000
  0
SEQEND
  0
POLYLINE
999
5
  8
1
  6
1
 66
1
 70
0
  0
VERTEX
999
5,1,,53
  8
1
 10
101.8418
 20
12.0005
  0
VERTEX
999
5,2
  8
1
 10
99.8374
 20
12.0151
  0
VERTEX
999
5,2
  8
1
 10
97.8369
 20
12.1294
  0
VERTEX
999
5,2
  8
1
 10
95.8438
 20
12.3354
  0
VERTEX
999
5,2
  8
1
 10
93.8608
 20
12.6255
  0
VERTEX
999
5,2
  8
1
 10
92.0850
 20
12.9624
  0
VERTEX
999
5,2
  8
1
 10
90.3877
 20
13.3643
  0
VERTEX
999
5,2
  8
1
 10
88.7656
 20
13.8281
  0
VERTEX
999
5,2
  8
1
 10
87.2129
 20
14.3525
  0
VERTEX
999
5,2
  8
1
 10
85.7251
 20
14.9341
  0
VERTEX
999
5,2
  8
1
 10
84.2959
 20
15.5728
  0
VERTEX
999
5,2
  8
1
 10
82.9209
 20
16.2666
  0
VERTEX
999
5,2
  8
1
 10
81.5969
 20
17.0142
  0
VERTEX
999
5,2
  8
1
 10
80.3171
 20
17.8164
  0
VERTEX
999
5,2
  8
1
 10
79.0754
 20
18.6738
  0
VERTEX
999
5,2
  8
1
 10
73.8572
 20
23.1733
  0
VERTEX
999
5,2
  8
1
 10
69.4272
 20
28.3584
  0
VERTEX
999
5,2
  8
1
 10
65.6135
 20
34.0425
  0
VERTEX
999
5,1,,54
  8
1
 10
62.2439
 20
40.0396
  0
SEQEND
  0
POLYLINE
999
5
  8
1
  6
1
 66
1
 70
0
  0
VERTEX
999
5,1,,55
  8
1
 10
203.0728
 20
12.0000
  0
VERTEX
999
5,2
  8
1
 10
152.4575
 20
12.0000
  0
VERTEX
999
5,1,,56
  8
1
 10
101.8418
 20
12.0005
  0
SEQEND
  0
POLYLINE
999
5
  8
1
  6
1
 66
1
 70
0
  0
VERTEX
999
5,1,,57
  8
1
 10
62.2439
 20
40.0396
  0
VERTEX
999
5,2
  8
1
 10
58.0679
 20
48.7485
  0
VERTEX
999
5,2
  8
1
 10
54.0320
 20
57.3843
  0
VERTEX
999
5,2
  8
1
 10
49.7356
 20
65.7554
  0
VERTEX
999
5,2
  8
1
 10
44.7781
 20
73.6699
  0
VERTEX
999
5,2
  8
1
 10
38.7590
 20
80.9355
  0
VERTEX
999
5,2
  8
1
 10
31.2781
 20
87.3599
  0
VERTEX
999
5,2
  8
1
 10
29.5339
 20
88.5444
  0
VERTEX
999
5,2
  8
1
 10
27.7175
 20
89.6616
  0
VERTEX
999
5,2
  8
1
 10
25.8284
 20
90.7070
  0
VERTEX
999
5,2
  8
1
 10
24.0129
 20
91.6050
  0
VERTEX
999
5,1,,58
  8
1
 10
20.4036
 20
93.3867
  0
SEQEND
  0
ENDBLK
  0
BLOCK
  8
1
  2
P0039_07
 70
64
 10
0.0000
 20
0.0000
  0
TEXT
  8
1
 10
229.8901
 20
125.7104
 40
8.0000
 50
0.0000
  1
PIECE: 前ポケット袋布
  7
STANDARD
  0
TEXT
  8
1
 10
229.8901
 20
116.5105
 40
8.0000
 50
0.0000
  1
SIZE: XL
  7
STANDARD
  0
TEXT
  8
1
 10
229.8901
 20
107.3105
 40
8.0000
 50
0.0000
  1
FABRIC: スレーキ
  7
STANDARD
  0
TEXT
  8
1
 10
229.8901
 20
98.1105
 40
8.0000
 50
0.0000
  1
QUANTITY: 2
  7
STANDARD
  0
TEXT
  8
1
 10
264.9243
 20
36.7656
 40
6.0000
 50
0.0000
  1
COMMENT: 袋縫い
  7
STANDARD
  0
TEXT
  8
1
 10
264.9243
 20
30.7656
 40
6.0000
 50
0.0000
  1
COMMENT: 7mmステッチ
  7
STANDARD
  0
TEXT
  8
1
 10
310.2271
 20
213.7930
 40
6.0000
 50
283.9840
  1
COMMENT: 向当て布上乗せ
  7
STANDARD
  0
TEXT
  8
1
 10
280.9502
 20
-0.3184
 40
5.0000
 50
0.0000
  1
COMMENT: 0.5
  7
STANDARD
  0
TEXT
  8
1
 10
394.3154
 20
199.2646
 40
5.0000
 50
0.0000
  1
COMMENT: 1.0
  7
STANDARD
  0
TEXT
  8
1
 10
290.4155
 20
292.4692
 40
5.0000
 50
0.0000
  1
COMMENT: 1.0
  7
STANDARD
  0
POLYLINE
999
1
  8
1
 66
1
 70
0
  0
VERTEX
999
1,1,1,1
  8
1
 10
203.0728
 20
0.0000
 38
10.0000
 50
90.0000
  0
VERTEX
999
1,2
  8
1
 10
152.4673
 20
0.0000
  0
VERTEX
999
1,1,,2
  8
1
 10
101.9224
 20
0.0005
  0
VERTEX
999
1,2
  8
1
 10
98.8125
 20
0.0425
  0
VERTEX
999
1,2
  8
1
 10
95.7148
 20
0.2646
  0
VERTEX
999
1,2
  8
1
 10
92.6357
 20
0.6606
  0
VERTEX
999
1,2
  8
1
 10
89.5825
 20
1.2261
  0
VERTEX
999
1,2
  8
1
 10
85.1948
 20
2.3721
  0
VERTEX
999
1,2
  8
1
 10
81.0891
 20
3.8662
  0
VERTEX
999
1,2
  8
1
 10
77.2666
 20
5.6826
  0
VERTEX
999
1,2
  8
1
 10
73.7188
 20
7.7935
  0
VERTEX
999
1,2
  8
1
 10
68.9861
 20
11.3359
  0
VERTEX
999
1,2
  8
1
 10
64.7568
 20
15.3257
  0
VERTEX
999
1,2
  8
1
 10
60.9685
 20
19.6973
  0
VERTEX
999
1,2
  8
1
 10
57.5588
 20
24.3857
  0
VERTEX
999
1,2
  8
1
 10
54.4648
 20
29.3257
  0
VERTEX
999
1,1,,3
  8
1
 10
51.6243
 20
34.4517
  0
VERTEX
999
1,2
  8
1
 10
46.4397
 20
44.8950
  0
VERTEX
999
1,2
  8
1
 10
43.3330
 20
51.2954
  0
VERTEX
999
1,2
  8
1
 10
40.0664
 20
57.5850
  0
VERTEX
999
1,2
  8
1
 10
36.4648
 20
63.6045
  0
VERTEX
999
1,2
  8
1
 10
32.3530
 20
69.1948
  0
VERTEX
999
1,2
  8
1
 10
27.5564
 20
74.1968
  0
VERTEX
999
1,2
  8
1
 10
21.8997
 20
78.4512
  0
VERTEX
999
1,2
  8
1
 10
19.0686
 20
80.0386
  0
VERTEX
999
1,2
  8
1
 10
17.4678
 20
80.7935
  0
VERTEX
999
1,1,,4
  8
1
 10
9.6370
 20
84.4922
  0
VERTEX
999
1,2
  8
1
 10
8.4658
 20
98.2183
  0
VERTEX
999
1,2
  8
1
 10
7.3882
 20
111.9595
  0
VERTEX
999
1,2
  8
1
 10
6.4116
 20
125.7148
  0
VERTEX
999
1,2
  8
1
 10
5.5447
 20
139.4814
  0
VERTEX
999
1,2
  8
1
 10
4.7954
 20
153.2578
  0
VERTEX
999
1,2
  8
1
 10
4.1719
 20
167.0425
  0
VERTEX
999
1,2
  8
1
 10
3.6824
 20
180.8330
  0
VERTEX
999
1,2
  8
1
 10
3.3352
 20
194.6274
  0
VERTEX
999
1,2
  8
1
 10
3.1382
 20
208.4238
  0
VERTEX
999
1,2
  8
1
 10
3.0999
 20
222.2207
  0
VERTEX
999
1,2
  8
1
 10
3.2278
 20
236.0156
  0
VERTEX
999
1,2
  8
1
 10
3.5308
 20
249.8071
  0
VERTEX
999
1,2
  8
1
 10
4.0168
 20
263.5933
  0
VERTEX
999
1,2
  8
1
 10
4.6938
 20
277.3716
  0
VERTEX
999
1,2
  8
1
 10
5.5701
 20
291.1411
  0
VERTEX
999
1,2
  8
1
 10
6.6538
 20
304.8989
  0
VERTEX
999
1,1,,5
  8
1
 10
7.6001
 20
315.8345
  0
VERTEX
999
1,2
  8
1
 10
18.4004
 20
313.8760
  0
VERTEX
999
1,2
  8
1
 10
31.4641
 20
311.5801
  0
VERTEX
999
1,2
  8
1
 10
44.5559
 20
309.4258
  0
VERTEX
999
1,2
  8
1
 10
57.6736
 20
307.4180
  0
VERTEX
999
1,2
  8
1
 10
70.8149
 20
305.5596
  0
VERTEX
999
1,2
  8
1
 10
83.9780
 20
303.8560
  0
VERTEX
999
1,2
  8
1
 10
97.1597
 20
302.3096
  0
VERTEX
999
1,2
  8
1
 10
110.3589
 20
300.9253
  0
VERTEX
999
1,2
  8
1
 10
123.5728
 20
299.7070
  0
VERTEX
999
1,2
  8
1
 10
136.7993
 20
298.6582
  0
VERTEX
999
1,2
  8
1
 10
150.0356
 20
297.7832
  0
VERTEX
999
1,2
  8
1
 10
163.2803
 20
297.0859
  0
VERTEX
999
1,2
  8
1
 10
176.5308
 20
296.5703
  0
VERTEX
999
1,2
  8
1
 10
189.7842
 20
296.2402
  0
VERTEX
999
1,1,1,6
  8
1
 10
203.0728
 20
296.1006
 38
10.0000
 50
270.0000
  0
VERTEX
999
1,2
  8
1
 10
216.3081
 20
296.2402
  0
VERTEX
999
1,2
  8
1
 10
229.5732
 20
296.5703
  0
VERTEX
999
1,2
  8
1
 10
242.8330
 20
297.0859
  0
VERTEX
999
1,2
  8
1
 10
256.0859
 20
297.7832
  0
VERTEX
999
1,2
  8
1
 10
269.3291
 20
298.6582
  0
VERTEX
999
1,2
  8
1
 10
282.5605
 20
299.7070
  0
VERTEX
999
1,2,1
  8
1
 10
286.0547
 20
300.0293
 38
10.0003
 50
283.6868
  0
VERTEX
999
1,2
  8
1
 10
295.7783
 20
300.9253
  0
VERTEX
999
1,2
  8
1
 10
308.9805
 20
302.3096
  0
VERTEX
999
1,2
  8
1
 10
322.1650
 20
303.8560
  0
VERTEX
999
1,2
  8
1
 10
335.3291
 20
305.5596
  0
VERTEX
999
1,2
  8
1
 10
348.4717
 20
307.4180
  0
VERTEX
999
1,2
  8
1
 10
361.5898
 20
309.4258
  0
VERTEX
999
1,2
  8
1
 10
374.6821
 20
311.5801
  0
VERTEX
999
1,2
  8
1
 10
387.7456
 20
313.8760
  0
VERTEX
999
1,1,,7
  8
1
 10
398.5459
 20
315.8345
  0
VERTEX
999
1,2
  8
1
 10
399.4922
 20
304.8989
  0
VERTEX
999
1,2
  8
1
 10
400.5762
 20
291.1411
  0
VERTEX
999
1,2
  8
1
 10
401.4521
 20
277.3716
  0
VERTEX
999
1,2
  8
1
 10
402.1294
 20
263.5933
  0
VERTEX
999
1,2
  8
1
 10
402.6152
 20
249.8071
  0
VERTEX
999
1,2
  8
1
 10
402.9180
 20
236.0156
  0
VERTEX
999
1,2
  8
1
 10
403.0464
 20
222.2207
  0
VERTEX
999
1,2
  8
1
 10
403.0078
 20
208.4238
  0
VERTEX
999
1,2
  8
1
 10
402.8105
 20
194.6274
  0
VERTEX
999
1,2
  8
1
 10
402.4634
 20
180.8330
  0
VERTEX
999
1,2
  8
1
 10
401.9741
 20
167.0425
  0
VERTEX
999
1,2
  8
1
 10
401.3506
 20
153.2583
  0
VERTEX
999
1,2
  8
1
 10
400.6011
 20
139.4814
  0
VERTEX
999
1,2
  8
1
 10
399.7344
 20
125.7148
  0
VERTEX
999
1,2
  8
1
 10
398.7578
 20
111.9600
  0
VERTEX
999
1,2
  8
1
 10
397.6797
 20
98.2188
  0
VERTEX
999
1,1,,8
  8
1
 10
396.5088
 20
84.4927
  0
VERTEX
999
1,2
  8
1
 10
388.6782
 20
80.7935
  0
VERTEX
999
1,2
  8
1
 10
385.6333
 20
79.2720
  0
VERTEX
999
1,2
  8
1
 10
382.9028
 20
77.5718
  0
VERTEX
999
1,2
  8
1
 10
377.6050
 20
73.2700
  0
VERTEX
999
1,2
  8
1
 10
373.0996
 20
68.3374
  0
VERTEX
999
1,2
  8
1
 10
369.2217
 20
62.9043
  0
VERTEX
999
1,2
  8
1
 10
365.8071
 20
57.1006
  0
VERTEX
999
1,2
  8
1
 10
362.6914
 20
51.0562
  0
VERTEX
999
1,2
  8
1
 10
359.7095
 20
44.9023
  0
VERTEX
999
1,1,,9
  8
1
 10
354.5659
 20
34.5356
  0
VERTEX
999
1,2,1
  8
1
 10
351.8857
 20
29.6914
 38
10.0003
 50
103.6868
  0
VERTEX
999
1,2
  8
1
 10
351.7207
 20
29.3931
  0
VERTEX
999
1,2
  8
1
 10
348.6216
 20
24.4360
  0
VERTEX
999
1,2
  8
1
 10
345.2061
 20
19.7314
  0
VERTEX
999
1,2
  8
1
 10
341.4106
 20
15.3447
  0
VERTEX
999
1,2
  8
1
 10
337.1714
 20
11.3433
  0
VERTEX
999
1,2
  8
1
 10
332.4253
 20
7.7925
  0
VERTEX
999
1,2
  8
1
 10
328.8770
 20
5.6812
  0
VERTEX
999
1,2
  8
1
 10
325.0557
 20
3.8657
  0
VERTEX
999
1,2
  8
1
 10
320.9482
 20
2.3711
  0
VERTEX
999
1,2
  8
1
 10
316.5605
 20
1.2256
  0
VERTEX
999
1,2
  8
1
 10
313.5088
 20
0.6611
  0
VERTEX
999
1,2
  8
1
 10
310.4390
 20
0.2651
  0
VERTEX
999
1,2
  8
1
 10
307.3662
 20
0.0425
  0
VERTEX
999
1,1,,10
  8
1
 10
304.3037
 20
0.0000
  0
VERTEX
999
1,1,,11
  8
1
 10
203.0728
 20
0.0000
  0
SEQEND
  0
POLYLINE
999
2
  8
1
 66
1
 70
0
  0
VERTEX
999
2,1,,12
  8
1
 10
203.0728
 20
5.0000
  0
VERTEX
999
2,1,,13
  8
1
 10
101.8418
 20
5.0000
  0
VERTEX
999
2,2
  8
1
 10
99.5459
 20
5.0210
  0
VERTEX
999
2,2
  8
1
 10
97.2573
 20
5.1533
  0
VERTEX
999
2,2
  8
1
 10
94.9775
 20
5.3892
  0
VERTEX
999
2,2
  8
1
 10
92.7090
 20
5.7212
  0
VERTEX
999
2,2
  8
1
 10
90.6255
 20
6.1162
  0
VERTEX
999
2,2
  8
1
 10
88.6177
 20
6.5918
  0
VERTEX
999
2,2
  8
1
 10
86.6826
 20
7.1455
  0
VERTEX
999
2,2
  8
1
 10
84.8179
 20
7.7749
  0
VERTEX
999
2,2
  8
1
 10
83.0215
 20
8.4775
  0
VERTEX
999
2,2
  8
1
 10
81.2908
 20
9.2510
  0
VERTEX
999
2,2
  8
1
 10
79.6233
 20
10.0923
  0
VERTEX
999
2,2
  8
1
 10
78.0168
 20
10.9990
  0
VERTEX
999
2,2
  8
1
 10
76.4690
 20
11.9692
  0
VERTEX
999
2,2
  8
1
 10
74.9773
 20
12.9990
  0
VERTEX
999
2,2
  8
1
 10
69.0950
 20
18.0313
  0
VERTEX
999
2,2
  8
1
 10
64.1135
 20
23.7788
  0
VERTEX
999
2,2
  8
1
 10
59.8318
 20
30.0815
  0
VERTEX
999
2,1,,14
  8
1
 10
56.0491
 20
36.7798
  0
VERTEX
999
2,2
  8
1
 10
51.9475
 20
44.9849
  0
VERTEX
999
2,2
  8
1
 10
47.9302
 20
53.2544
  0
VERTEX
999
2,2
  8
1
 10
43.6653
 20
61.3242
  0
VERTEX
999
2,2
  8
1
 10
38.8215
 20
68.9302
  0
VERTEX
999
2,2
  8
1
 10
33.0674
 20
75.8086
  0
VERTEX
999
2,2
  8
1
 10
26.0710
 20
81.6953
  0
VERTEX
999
2,2
  8
1
 10
24.5432
 20
82.6953
  0
VERTEX
999
2,2
  8
1
 10
22.9578
 20
83.6333
  0
VERTEX
999
2,2
  8
1
 10
21.3118
 20
84.5073
  0
VERTEX
999
2,1,,15
  8
1
 10
19.6033
 20
85.3145
  0
VERTEX
999
2,2
  8
1
 10
18.4404
 20
98.9424
  0
VERTEX
999
2,2
  8
1
 10
17.3694
 20
112.5840
  0
VERTEX
999
2,2
  8
1
 10
16.3989
 20
126.2383
  0
VERTEX
999
2,2
  8
1
 10
15.5369
 20
139.9028
  0
VERTEX
999
2,2
  8
1
 10
14.7913
 20
153.5762
  0
VERTEX
999
2,2
  8
1
 10
14.1704
 20
167.2563
  0
VERTEX
999
2,2
  8
1
 10
13.6826
 20
180.9414
  0
VERTEX
999
2,2
  8
1
 10
13.3357
 20
194.6299
  0
VERTEX
999
2,2
  8
1
 10
13.1382
 20
208.3198
  0
VERTEX
999
2,2
  8
1
 10
13.0977
 20
222.0093
  0
VERTEX
999
2,2
  8
1
 10
13.2229
 20
235.6968
  0
VERTEX
999
2,2
  8
1
 10
13.5217
 20
249.3799
  0
VERTEX
999
2,2
  8
1
 10
14.0024
 20
263.0571
  0
VERTEX
999
2,2
  8
1
 10
14.6729
 20
276.7271
  0
VERTEX
999
2,2
  8
1
 10
15.5415
 20
290.3877
  0
VERTEX
999
2,1,,16
  8
1
 10
16.6165
 20
304.0366
  0
VERTEX
999
2,2
  8
1
 10
29.8040
 20
301.7188
  0
VERTEX
999
2,2
  8
1
 10
43.0198
 20
299.5444
  0
VERTEX
999
2,2
  8
1
 10
56.2625
 20
297.5181
  0
VERTEX
999
2,2
  8
1
 10
69.5293
 20
295.6431
  0
VERTEX
999
2,2
  8
1
 10
82.8184
 20
293.9233
  0
VERTEX
999
2,2
  8
1
 10
96.1274
 20
292.3638
  0
VERTEX
999
2,2
  8
1
 10
109.4551
 20
290.9668
  0
VERTEX
999
2,2
  8
1
 10
122.7983
 20
289.7378
  0
VERTEX
999
2,2
  8
1
 10
136.1553
 20
288.6802
  0
VERTEX
999
2,2
  8
1
 10
149.5239
 20
287.7974
  0
VERTEX
999
2,2
  8
1
 10
162.9019
 20
287.0942
  0
VERTEX
999
2,2
  8
1
 10
176.2876
 20
286.5742
  0
VERTEX
999
2,2
  8
1
 10
189.6787
 20
286.2417
  0
VERTEX
999
2,1,,17
  8
1
 10
203.0728
 20
286.1001
  0
VERTEX
999
2,2
  8
1
 10
216.4668
 20
286.2417
  0
VERTEX
999
2,2
  8
1
 10
229.8579
 20
286.5742
  0
VERTEX
999
2,2
  8
1
 10
243.2437
 20
287.0942
  0
VERTEX
999
2,2
  8
1
 10
256.6216
 20
287.7974
  0
VERTEX
999
2,2
  8
1
 10
269.9902
 20
288.6802
  0
VERTEX
999
2,2
  8
1
 10
283.3477
 20
289.7378
  0
VERTEX
999
2,2
  8
1
 10
296.6909
 20
290.9668
  0
VERTEX
999
2,2
  8
1
 10
310.0181
 20
292.3638
  0
VERTEX
999
2,2
  8
1
 10
323.3271
 20
293.9233
  0
VERTEX
999
2,2
  8
1
 10
336.6162
 20
295.6431
  0
VERTEX
999
2,2
  8
1
 10
349.8833
 20
297.5181
  0
VERTEX
999
2,2
  8
1
 10
363.1260
 20
299.5444
  0
VERTEX
999
2,2
  8
1
 10
376.3418
 20
301.7188
  0
VERTEX
999
2,1,,18
  8
1
 10
389.5293
 20
304.0366
  0
VERTEX
999
2,2
  8
1
 10
390.6040
 20
290.3877
  0
VERTEX
999
2,2
  8
1
 10
391.4727
 20
276.7271
  0
VERTEX
999
2,2
  8
1
 10
392.1436
 20
263.0571
  0
VERTEX
999
2,2
  8
1
 10
392.6240
 20
249.3799
  0
VERTEX
999
2,2
  8
1
 10
392.9229
 20
235.6968
  0
VERTEX
999
2,2
  8
1
 10
393.0479
 20
222.0093
  0
VERTEX
999
2,2
  8
1
 10
393.0078
 20
208.3198
  0
VERTEX
999
2,2
  8
1
 10
392.8101
 20
194.6299
  0
VERTEX
999
2,2
  8
1
 10
392.4629
 20
180.9414
  0
VERTEX
999
2,2
  8
1
 10
391.9751
 20
167.2563
  0
VERTEX
999
2,2
  8
1
 10
391.3545
 20
153.5762
  0
VERTEX
999
2,2
  8
1
 10
390.6089
 20
139.9028
  0
VERTEX
999
2,2
  8
1
 10
389.7466
 20
126.2383
  0
VERTEX
999
2,2
  8
1
 10
388.7764
 20
112.5840
  0
VERTEX
999
2,2
  8
1
 10
387.7056
 20
98.9424
  0
VERTEX
999
2,1,,19
  8
1
 10
386.5425
 20
85.3145
  0
VERTEX
999
2,2
  8
1
 10
384.8340
 20
84.5073
  0
VERTEX
999
2,2
  8
1
 10
383.1880
 20
83.6333
  0
VERTEX
999
2,2
  8
1
 10
381.6025
 20
82.6953
  0
VERTEX
999
2,2
  8
1
 10
380.0747
 20
81.6953
  0
VERTEX
999
2,2
  8
1
 10
373.0889
 20
75.8193
  0
VERTEX
999
2,2
  8
1
 10
367.3418
 20
68.9546
  0
VERTEX
999
2,2
  8
1
 10
362.5034
 20
61.3638
  0
VERTEX
999
2,2
  8
1
 10
358.2432
 20
53.3091
  0
VERTEX
999
2,2
  8
1
 10
354.2319
 20
45.0542
  0
VERTEX
999
2,1,,20
  8
1
 10
350.1396
 20
36.8613
  0
VERTEX
999
2,2
  8
1
 10
346.3496
 20
30.1401
  0
VERTEX
999
2,2
  8
1
 10
342.0596
 20
23.8149
  0
VERTEX
999
2,2
  8
1
 10
337.0669
 20
18.0474
  0
VERTEX
999
2,2
  8
1
 10
331.1685
 20
12.9990
  0
VERTEX
999
2,2
  8
1
 10
329.6768
 20
11.9692
  0
VERTEX
999
2,2
  8
1
 10
328.1289
 20
10.9990
  0
VERTEX
999
2,2
  8
1
 10
326.5225
 20
10.0923
  0
VERTEX
999
2,2
  8
1
 10
324.8550
 20
9.2510
  0
VERTEX
999
2,2
  8
1
 10
323.1240
 20
8.4775
  0
VERTEX
999
2,2
  8
1
 10
321.3276
 20
7.7749
  0
VERTEX
999
2,2
  8
1
 10
319.4629
 20
7.1455
  0
VERTEX
999
2,2
  8
1
 10
317.5278
 20
6.5918
  0
VERTEX
999
2,2
  8
1
 10
315.5200
 20
6.1162
  0
VERTEX
999
2,2
  8
1
 10
313.4365
 20
5.7212
  0
VERTEX
999
2,2
  8
1
 10
311.1680
 20
5.3892
  0
VERTEX
999
2,2
  8
1
 10
308.8882
 20
5.1533
  0
VERTEX
999
2,2
  8
1
 10
306.5996
 20
5.0210
  0
VERTEX
999
2,1,,21
  8
1
 10
304.3037
 20
5.0000
  0
VERTEX
999
2,1,,22
  8
1
 10
203.0728
 20
5.0000
  0
SEQEND
  0
LINE
999
5,1,,23
  8
1
 10
203.0728
 20
5.0000
 11
203.0728
 21
15.0000
  0
LINE
999
5,1,,25
  8
1
 10
203.0728
 20
286.1001
 11
203.0728
 21
276.1001
  0
LINE
999
5,1,,27
  8
1
 10
288.4512
 20
290.1880
 11
290.8174
 21
280.4717
  0
LINE
999
5,1,,29
  8
1
 10
350.1396
 20
36.8613
 11
347.7734
 21
46.5776
  0
LINE
999
5,1,,31
  8
1
 10
203.0728
 20
286.1001
 11
203.0728
 21
5.0000
  0
LINE
999
5,1,,33
  8
1
 10
288.4512
 20
290.1875
 11
350.1396
 21
36.8613
  0
LINE
999
3,1,,35
  8
1
 10
203.0728
 20
296.1001
 11
203.0728
 21
0.0000
  0
LINE
999
5,1,,35
  8
1
 10
297.1265
 20
12.0000
 11
284.8315
 21
30.3359
  0
LINE
999
5,1,,37
  8
1
 10
297.1265
 20
12.0000
 11
294.7339
 21
21.7100
  0
LINE
999
5,1,,39
  8
1
 10
373.2446
 20
110.2422
 11
358.6597
 21
106.7124
  0
LINE
999
5,1,,41
  8
1
 10
333.2793
 20
275.4038
 11
373.2446
 21
110.2422
  0
LINE
999
5,1,,43
  8
1
 10
358.6597
 20
106.7124
 11
318.7046
 21
271.8745
  0
LINE
999
5,1,,45
  8
1
 10
318.7046
 20
271.8745
 11
333.2793
 21
275.4038
  0
POLYLINE
999
5
  8
1
  6
1
 66
1
 70
0
  0
VERTEX
999
5,1,,47
  8
1
 10
343.9429
 20
40.1172
  0
VERTEX
999
5,2
  8
1
 10
340.5669
 20
34.0991
  0
VERTEX
999
5,2
  8
1
 10
336.7451
 20
28.3936
  0
VERTEX
999
5,2
  8
1
 10
332.3042
 20
23.1890
  0
VERTEX
999
5,2
  8
1
 10
327.0703
 20
18.6738
  0
VERTEX
999
5,2
  8
1
 10
325.8286
 20
17.8164
  0
VERTEX
999
5,2
  8
1
 10
324.5488
 20
17.0142
  0
VERTEX
999
5,2
  8
1
 10
323.2246
 20
16.2666
  0
VERTEX
999
5,2
  8
1
 10
321.8501
 20
15.5728
  0
VERTEX
999
5,2
  8
1
 10
320.4209
 20
14.9341
  0
VERTEX
999
5,2
  8
1
 10
318.9331
 20
14.3525
  0
VERTEX
999
5,2
  8
1
 10
317.3804
 20
13.8281
  0
VERTEX
999
5,2
  8
1
 10
315.7578
 20
13.3643
  0
VERTEX
999
5,2
  8
1
 10
314.0610
 20
12.9624
  0
VERTEX
999
5,2
  8
1
 10
312.2847
 20
12.6255
  0
VERTEX
999
5,2
  8
1
 10
310.3018
 20
12.3354
  0
VERTEX
999
5,2
  8
1
 10
308.3086
 20
12.1294
  0
VERTEX
999
5,2
  8
1
 10
306.3081
 20
12.0151
  0
VERTEX
999
5,1,,48
  8
1
 10
304.3037
 20
12.0005
  0
SEQEND
  0
POLYLINE
999
5
  8
1
  6
1
 66
1
 70
0
  0
VERTEX
999
5,1,,49
  8
1
 10
387.2422
 20
93.3867
  0
VERTEX
999
5,2
  8
1
 10
383.5527
 20
91.6436
  0
VERTEX
999
5,2
  8
1
 10
381.6968
 20
90.7646
  0
VERTEX
999
5,2
  8
1
 10
379.7637
 20
89.7383
  0
VERTEX
999
5,2
  8
1
 10
377.9028
 20
88.6372
  0
VERTEX
999
5,2
  8
1
 10
376.1143
 20
87.4668
  0
VERTEX
999
5,2
  8
1
 10
368.4312
 20
81.0962
  0
VERTEX
999
5,2
  8
1
 10
362.2100
 20
73.8491
  0
VERTEX
999
5,2
  8
1
 10
357.0513
 20
65.9272
  0
VERTEX
999
5,2
  8
1
 10
352.5537
 20
57.5303
  0
VERTEX
999
5,2
  8
1
 10
348.3179
 20
48.8599
  0
VERTEX
999
5,1,,50
  8
1
 10
343.9429
 20
40.1172
  0
SEQEND
  0
POLYLINE
999
5
  8
1
  6
1
 66
1
 70
0
  0
VERTEX
999
5,1,,51
  8
1
 10
304.3037
 20
12.0005
  0
VERTEX
999
5,2
  8
1
 10
253.6880
 20
12.0000
  0
VERTEX
999
5,1,,52
  8
1
 10
203.0728
 20
12.0000
  0
SEQEND
  0
POLYLINE
999
5
  8
1
  6
1
 66
1
 70
0
  0
VERTEX
999
5,1,,53
  8
1
 10
101.8418
 20
12.0005
  0
VERTEX
999
5,2
  8
1
 10
99.8374
 20
12.0151
  0
VERTEX
999
5,2
  8
1
 10
97.8369
 20
12.1294
  0
VERTEX
999
5,2
  8
1
 10
95.8438
 20
12.3354
  0
VERTEX
999
5,2
  8
1
 10
93.8608
 20
12.6255
  0
VERTEX
999
5,2
  8
1
 10
92.0850
 20
12.9624
  0
VERTEX
999
5,2
  8
1
 10
90.3877
 20
13.3643
  0
VERTEX
999
5,2
  8
1
 10
88.7656
 20
13.8281
  0
VERTEX
999
5,2
  8
1
 10
87.2129
 20
14.3525
  0
VERTEX
999
5,2
  8
1
 10
85.7251
 20
14.9341
  0
VERTEX
999
5,2
  8
1
 10
84.2959
 20
15.5728
  0
VERTEX
999
5,2
  8
1
 10
82.9209
 20
16.2666
  0
VERTEX
999
5,2
  8
1
 10
81.5969
 20
17.0142
  0
VERTEX
999
5,2
  8
1
 10
80.3171
 20
17.8164
  0
VERTEX
999
5,2
  8
1
 10
79.0754
 20
18.6738
  0
VERTEX
999
5,2
  8
1
 10
73.8572
 20
23.1733
  0
VERTEX
999
5,2
  8
1
 10
69.4272
 20
28.3584
  0
VERTEX
999
5,2
  8
1
 10
65.6135
 20
34.0425
  0
VERTEX
999
5,1,,54
  8
1
 10
62.2439
 20
40.0396
  0
SEQEND
  0
POLYLINE
999
5
  8
1
  6
1
 66
1
 70
0
  0
VERTEX
999
5,1,,55
  8
1
 10
203.0728
 20
12.0000
  0
VERTEX
999
5,2
  8
1
 10
152.4575
 20
12.0000
  0
VERTEX
999
5,1,,56
  8
1
 10
101.8418
 20
12.0005
  0
SEQEND
  0
POLYLINE
999
5
  8
1
  6
1
 66
1
 70
0
  0
VERTEX
999
5,1,,57
  8
1
 10
62.2439
 20
40.0396
  0
VERTEX
999
5,2
  8
1
 10
57.8594
 20
48.7944
  0
VERTEX
999
5,2
  8
1
 10
53.6179
 20
57.4780
  0
VERTEX
999
5,2
  8
1
 10
49.1172
 20
65.8892
  0
VERTEX
999
5,2
  8
1
 10
43.9541
 20
73.8252
  0
VERTEX
999
5,2
  8
1
 10
37.7263
 20
81.0850
  0
VERTEX
999
5,2
  8
1
 10
30.0315
 20
87.4668
  0
VERTEX
999
5,2
  8
1
 10
28.2429
 20
88.6372
  0
VERTEX
999
5,2
  8
1
 10
26.3823
 20
89.7383
  0
VERTEX
999
5,2
  8
1
 10
24.4490
 20
90.7646
  0
VERTEX
999
5,2
  8
1
 10
22.5933
 20
91.6436
  0
VERTEX
999
5,1,,58
  8
1
 10
18.9036
 20
93.3867
  0
SEQEND
  0
ENDBLK
  0
BLOCK
  8
1
  2
P0040_08
 70
64
 10
0.0000
 20
0.0000
  0
TEXT
  8
1
 10
229.8901
 20
125.7104
 40
8.0000
 50
0.0000
  1
PIECE: 前ポケット袋布
  7
STANDARD
  0
TEXT
  8
1
 10
229.8901
 20
116.5105
 40
8.0000
 50
0.0000
  1
SIZE: XXL
  7
STANDARD
  0
TEXT
  8
1
 10
229.8901
 20
107.3105
 40
8.0000
 50
0.0000
  1
FABRIC: スレーキ
  7
STANDARD
  0
TEXT
  8
1
 10
229.8901
 20
98.1105
 40
8.0000
 50
0.0000
  1
QUANTITY: 2
  7
STANDARD
  0
TEXT
  8
1
 10
264.9243
 20
36.7656
 40
6.0000
 50
0.0000
  1
COMMENT: 袋縫い
  7
STANDARD
  0
TEXT
  8
1
 10
264.9243
 20
30.7656
 40
6.0000
 50
0.0000
  1
COMMENT: 7mmステッチ
  7
STANDARD
  0
TEXT
  8
1
 10
310.2271
 20
213.7930
 40
6.0000
 50
283.9840
  1
COMMENT: 向当て布上乗せ
  7
STANDARD
  0
TEXT
  8
1
 10
280.9502
 20
-0.3184
 40
5.0000
 50
0.0000
  1
COMMENT: 0.5
  7
STANDARD
  0
TEXT
  8
1
 10
397.3154
 20
199.2646
 40
5.0000
 50
0.0000
  1
COMMENT: 1.0
  7
STANDARD
  0
TEXT
  8
1
 10
293.4155
 20
292.4692
 40
5.0000
 50
0.0000
  1
COMMENT: 1.0
  7
STANDARD
  0
POLYLINE
999
1
  8
1
 66
1
 70
0
  0
VERTEX
999
1,1,1,1
  8
1
 10
203.0728
 20
0.0000
 38
10.0000
 50
90.0000
  0
VERTEX
999
1,2
  8
1
 10
152.4673
 20
0.0000
  0
VERTEX
999
1,1,,2
  8
1
 10
101.9224
 20
0.0005
  0
VERTEX
999
1,2
  8
1
 10
98.8125
 20
0.0425
  0
VERTEX
999
1,2
  8
1
 10
95.7148
 20
0.2646
  0
VERTEX
999
1,2
  8
1
 10
92.6357
 20
0.6606
  0
VERTEX
999
1,2
  8
1
 10
89.5825
 20
1.2261
  0
VERTEX
999
1,2
  8
1
 10
85.1948
 20
2.3721
  0
VERTEX
999
1,2
  8
1
 10
81.0891
 20
3.8662
  0
VERTEX
999
1,2
  8
1
 10
77.2666
 20
5.6826
  0
VERTEX
999
1,2
  8
1
 10
73.7188
 20
7.7935
  0
VERTEX
999
1,2
  8
1
 10
68.9863
 20
11.3354
  0
VERTEX
999
1,2
  8
1
 10
64.7585
 20
15.3223
  0
VERTEX
999
1,2
  8
1
 10
60.9744
 20
19.6865
  0
VERTEX
999
1,2
  8
1
 10
57.5725
 20
24.3604
  0
VERTEX
999
1,2
  8
1
 10
54.4915
 20
29.2759
  0
VERTEX
999
1,1,,3
  8
1
 10
51.6704
 20
34.3657
  0
VERTEX
999
1,2
  8
1
 10
46.2039
 20
44.8594
  0
VERTEX
999
1,2
  8
1
 10
42.9211
 20
51.2998
  0
VERTEX
999
1,2
  8
1
 10
39.4778
 20
57.6240
  0
VERTEX
999
1,2
  8
1
 10
35.6990
 20
63.6670
  0
VERTEX
999
1,2
  8
1
 10
31.4106
 20
69.2637
  0
VERTEX
999
1,2
  8
1
 10
26.4385
 20
74.2495
  0
VERTEX
999
1,2
  8
1
 10
20.6079
 20
78.4590
  0
VERTEX
999
1,2
  8
1
 10
17.7002
 20
80.0161
  0
VERTEX
999
1,2
  8
1
 10
16.0564
 20
80.7524
  0
VERTEX
999
1,1,,4
  8
1
 10
8.1550
 20
84.2983
  0
VERTEX
999
1,2
  8
1
 10
6.8254
 20
98.0269
  0
VERTEX
999
1,2
  8
1
 10
5.5894
 20
111.7705
  0
VERTEX
999
1,2
  8
1
 10
4.4543
 20
125.5273
  0
VERTEX
999
1,2
  8
1
 10
3.4290
 20
139.2954
  0
VERTEX
999
1,2
  8
1
 10
2.5215
 20
153.0732
  0
VERTEX
999
1,2
  8
1
 10
1.7397
 20
166.8589
  0
VERTEX
999
1,2
  8
1
 10
1.0920
 20
180.6514
  0
VERTEX
999
1,2
  8
1
 10
0.5867
 20
194.4478
  0
VERTEX
999
1,2
  8
1
 10
0.2317
 20
208.2476
  0
VERTEX
999
1,2
  8
1
 10
0.0352
 20
222.0488
  0
VERTEX
999
1,2
  8
1
 10
0.0056
 20
235.8491
  0
VERTEX
999
1,2
  8
1
 10
0.1509
 20
249.6475
  0
VERTEX
999
1,2
  8
1
 10
0.4792
 20
263.4419
  0
VERTEX
999
1,2
  8
1
 10
0.9988
 20
277.2310
  0
VERTEX
999
1,2
  8
1
 10
1.7178
 20
291.0127
  0
VERTEX
999
1,2
  8
1
 10
2.6445
 20
304.7852
  0
VERTEX
999
1,1,,5
  8
1
 10
3.4736
 20
315.8350
  0
VERTEX
999
1,2
  8
1
 10
14.3809
 20
313.8799
  0
VERTEX
999
1,2
  8
1
 10
27.7295
 20
311.5610
  0
VERTEX
999
1,2
  8
1
 10
41.1067
 20
309.3877
  0
VERTEX
999
1,2
  8
1
 10
54.5103
 20
307.3633
  0
VERTEX
999
1,2
  8
1
 10
67.9380
 20
305.4922
  0
VERTEX
999
1,2
  8
1
 10
81.3877
 20
303.7783
  0
VERTEX
999
1,2
  8
1
 10
94.8574
 20
302.2261
  0
VERTEX
999
1,2
  8
1
 10
108.3442
 20
300.8389
  0
VERTEX
999
1,2
  8
1
 10
121.8467
 20
299.6216
  0
VERTEX
999
1,2
  8
1
 10
135.3623
 20
298.5771
  0
VERTEX
999
1,2
  8
1
 10
148.8887
 20
297.7104
  0
VERTEX
999
1,2
  8
1
 10
162.4238
 20
297.0254
  0
VERTEX
999
1,2
  8
1
 10
175.9653
 20
296.5259
  0
VERTEX
999
1,2
  8
1
 10
189.5112
 20
296.2163
  0
VERTEX
999
1,1,1,6
  8
1
 10
203.0728
 20
296.1001
 38
10.0000
 50
270.0000
  0
VERTEX
999
1,2
  8
1
 10
216.6133
 20
296.2163
  0
VERTEX
999
1,2
  8
1
 10
230.1636
 20
296.5259
  0
VERTEX
999
1,2
  8
1
 10
243.7090
 20
297.0254
  0
VERTEX
999
1,2
  8
1
 10
257.2476
 20
297.7104
  0
VERTEX
999
1,2
  8
1
 10
270.7769
 20
298.5771
  0
VERTEX
999
1,2
  8
1
 10
284.2944
 20
299.6216
  0
VERTEX
999
1,2,1
  8
1
 10
286.0767
 20
299.7822
 38
10.0003
 50
283.6868
  0
VERTEX
999
1,2
  8
1
 10
297.7983
 20
300.8389
  0
VERTEX
999
1,2
  8
1
 10
311.2866
 20
302.2261
  0
VERTEX
999
1,2
  8
1
 10
324.7568
 20
303.7783
  0
VERTEX
999
1,2
  8
1
 10
338.2070
 20
305.4922
  0
VERTEX
999
1,2
  8
1
 10
351.6353
 20
307.3633
  0
VERTEX
999
1,2
  8
1
 10
365.0391
 20
309.3877
  0
VERTEX
999
1,2
  8
1
 10
378.4165
 20
311.5610
  0
VERTEX
999
1,2
  8
1
 10
391.7651
 20
313.8799
  0
VERTEX
999
1,1,,7
  8
1
 10
402.6724
 20
315.8350
  0
VERTEX
999
1,2
  8
1
 10
403.5015
 20
304.7852
  0
VERTEX
999
1,2
  8
1
 10
404.4282
 20
291.0127
  0
VERTEX
999
1,2
  8
1
 10
405.1470
 20
277.2310
  0
VERTEX
999
1,2
  8
1
 10
405.6670
 20
263.4419
  0
VERTEX
999
1,2
  8
1
 10
405.9951
 20
249.6475
  0
VERTEX
999
1,2
  8
1
 10
406.1401
 20
235.8491
  0
VERTEX
999
1,2
  8
1
 10
406.1108
 20
222.0488
  0
VERTEX
999
1,2
  8
1
 10
405.9141
 20
208.2476
  0
VERTEX
999
1,2
  8
1
 10
405.5591
 20
194.4478
  0
VERTEX
999
1,2
  8
1
 10
405.0537
 20
180.6514
  0
VERTEX
999
1,2
  8
1
 10
404.4063
 20
166.8589
  0
VERTEX
999
1,2
  8
1
 10
403.6245
 20
153.0732
  0
VERTEX
999
1,2
  8
1
 10
402.7168
 20
139.2954
  0
VERTEX
999
1,2
  8
1
 10
401.6914
 20
125.5273
  0
VERTEX
999
1,2
  8
1
 10
400.5566
 20
111.7705
  0
VERTEX
999
1,2
  8
1
 10
399.3203
 20
98.0269
  0
VERTEX
999
1,1,,8
  8
1
 10
397.9907
 20
84.2983
  0
VERTEX
999
1,2
  8
1
 10
390.0898
 20
80.7524
  0
VERTEX
999
1,2
  8
1
 10
386.9663
 20
79.2671
  0
VERTEX
999
1,2
  8
1
 10
384.1543
 20
77.5918
  0
VERTEX
999
1,2
  8
1
 10
378.6870
 20
73.3271
  0
VERTEX
999
1,2
  8
1
 10
374.0117
 20
68.4058
  0
VERTEX
999
1,2
  8
1
 10
369.9644
 20
62.9634
  0
VERTEX
999
1,2
  8
1
 10
366.3799
 20
57.1357
  0
VERTEX
999
1,2
  8
1
 10
363.0942
 20
51.0581
  0
VERTEX
999
1,2
  8
1
 10
359.9429
 20
44.8657
  0
VERTEX
999
1,1,,9
  8
1
 10
354.5659
 20
34.5356
  0
VERTEX
999
1,2,1
  8
1
 10
351.8857
 20
29.6914
 38
10.0003
 50
103.6868
  0
VERTEX
999
1,2
  8
1
 10
351.7207
 20
29.3931
  0
VERTEX
999
1,2
  8
1
 10
348.6216
 20
24.4360
  0
VERTEX
999
1,2
  8
1
 10
345.2061
 20
19.7314
  0
VERTEX
999
1,2
  8
1
 10
341.4106
 20
15.3447
  0
VERTEX
999
1,2
  8
1
 10
337.1714
 20
11.3433
  0
VERTEX
999
1,2
  8
1
 10
332.4253
 20
7.7925
  0
VERTEX
999
1,2
  8
1
 10
328.8770
 20
5.6812
  0
VERTEX
999
1,2
  8
1
 10
325.0557
 20
3.8657
  0
VERTEX
999
1,2
  8
1
 10
320.9482
 20
2.3711
  0
VERTEX
999
1,2
  8
1
 10
316.5605
 20
1.2256
  0
VERTEX
999
1,2
  8
1
 10
313.5088
 20
0.6611
  0
VERTEX
999
1,2
  8
1
 10
310.4390
 20
0.2651
  0
VERTEX
999
1,2
  8
1
 10
307.3662
 20
0.0425
  0
VERTEX
999
1,1,,10
  8
1
 10
304.3037
 20
0.0000
  0
VERTEX
999
1,1,,11
  8
1
 10
203.0728
 20
0.0000
  0
SEQEND
  0
POLYLINE
999
2
  8
1
 66
1
 70
0
  0
VERTEX
999
2,1,,12
  8
1
 10
203.0728
 20
5.0000
  0
VERTEX
999
2,1,,13
  8
1
 10
101.8418
 20
5.0000
  0
VERTEX
999
2,2
  8
1
 10
99.5459
 20
5.0210
  0
VERTEX
999
2,2
  8
1
 10
97.2573
 20
5.1533
  0
VERTEX
999
2,2
  8
1
 10
94.9775
 20
5.3892
  0
VERTEX
999
2,2
  8
1
 10
92.7090
 20
5.7212
  0
VERTEX
999
2,2
  8
1
 10
90.6255
 20
6.1162
  0
VERTEX
999
2,2
  8
1
 10
88.6177
 20
6.5918
  0
VERTEX
999
2,2
  8
1
 10
86.6826
 20
7.1455
  0
VERTEX
999
2,2
  8
1
 10
84.8179
 20
7.7749
  0
VERTEX
999
2,2
  8
1
 10
83.0215
 20
8.4775
  0
VERTEX
999
2,2
  8
1
 10
81.2908
 20
9.2510
  0
VERTEX
999
2,2
  8
1
 10
79.6233
 20
10.0923
  0
VERTEX
999
2,2
  8
1
 10
78.0168
 20
10.9990
  0
VERTEX
999
2,2
  8
1
 10
76.4690
 20
11.9692
  0
VERTEX
999
2,2
  8
1
 10
74.9773
 20
12.9990
  0
VERTEX
999
2,2
  8
1
 10
69.0950
 20
18.0313
  0
VERTEX
999
2,2
  8
1
 10
64.1135
 20
23.7788
  0
VERTEX
999
2,2
  8
1
 10
59.8318
 20
30.0815
  0
VERTEX
999
2,1,,14
  8
1
 10
56.0491
 20
36.7798
  0
VERTEX
999
2,2
  8
1
 10
51.7246
 20
45.0254
  0
VERTEX
999
2,2
  8
1
 10
47.4841
 20
53.3384
  0
VERTEX
999
2,2
  8
1
 10
42.9966
 20
61.4434
  0
VERTEX
999
2,2
  8
1
 10
37.9307
 20
69.0664
  0
VERTEX
999
2,2
  8
1
 10
31.9551
 20
75.9331
  0
VERTEX
999
2,2
  8
1
 10
24.7385
 20
81.7690
  0
VERTEX
999
2,2
  8
1
 10
23.1682
 20
82.7539
  0
VERTEX
999
2,2
  8
1
 10
21.5408
 20
83.6743
  0
VERTEX
999
2,2
  8
1
 10
19.8530
 20
84.5288
  0
VERTEX
999
2,1,,15
  8
1
 10
18.1033
 20
85.3145
  0
VERTEX
999
2,2
  8
1
 10
16.7844
 20
98.9312
  0
VERTEX
999
2,2
  8
1
 10
15.5574
 20
112.5625
  0
VERTEX
999
2,2
  8
1
 10
14.4307
 20
126.2080
  0
VERTEX
999
2,2
  8
1
 10
13.4124
 20
139.8647
  0
VERTEX
999
2,2
  8
1
 10
12.5105
 20
153.5317
  0
VERTEX
999
2,2
  8
1
 10
11.7332
 20
167.2070
  0
VERTEX
999
2,2
  8
1
 10
11.0889
 20
180.8887
  0
VERTEX
999
2,2
  8
1
 10
10.5854
 20
194.5752
  0
VERTEX
999
2,2
  8
1
 10
10.2314
 20
208.2651
  0
VERTEX
999
2,2
  8
1
 10
10.0347
 20
221.9561
  0
VERTEX
999
2,2
  8
1
 10
10.0034
 20
235.6470
  0
VERTEX
999
2,2
  8
1
 10
10.1458
 20
249.3359
  0
VERTEX
999
2,2
  8
1
 10
10.4702
 20
263.0210
  0
VERTEX
999
2,2
  8
1
 10
10.9846
 20
276.7007
  0
VERTEX
999
2,2
  8
1
 10
11.6973
 20
290.3730
  0
VERTEX
999
2,1,,16
  8
1
 10
12.6165
 20
304.0366
  0
VERTEX
999
2,2
  8
1
 10
26.0889
 20
301.6963
  0
VERTEX
999
2,2
  8
1
 10
39.5903
 20
299.5029
  0
VERTEX
999
2,2
  8
1
 10
53.1184
 20
297.4604
  0
VERTEX
999
2,2
  8
1
 10
66.6711
 20
295.5728
  0
VERTEX
999
2,2
  8
1
 10
80.2463
 20
293.8438
  0
VERTEX
999
2,2
  8
1
 10
93.8418
 20
292.2778
  0
VERTEX
999
2,2
  8
1
 10
107.4551
 20
290.8789
  0
VERTEX
999
2,2
  8
1
 10
121.0845
 20
289.6509
  0
VERTEX
999
2,2
  8
1
 10
134.7275
 20
288.5981
  0
VERTEX
999
2,2
  8
1
 10
148.3823
 20
287.7241
  0
VERTEX
999
2,2
  8
1
 10
162.0459
 20
287.0332
  0
VERTEX
999
2,2
  8
1
 10
175.7173
 20
286.5298
  0
VERTEX
999
2,2
  8
1
 10
189.3936
 20
286.2173
  0
VERTEX
999
2,1,,17
  8
1
 10
203.0728
 20
286.1001
  0
VERTEX
999
2,2
  8
1
 10
216.7520
 20
286.2173
  0
VERTEX
999
2,2
  8
1
 10
230.4282
 20
286.5298
  0
VERTEX
999
2,2
  8
1
 10
244.0996
 20
287.0332
  0
VERTEX
999
2,2
  8
1
 10
257.7637
 20
287.7241
  0
VERTEX
999
2,2
  8
1
 10
271.4180
 20
288.5981
  0
VERTEX
999
2,2
  8
1
 10
285.0615
 20
289.6509
  0
VERTEX
999
2,2
  8
1
 10
298.6909
 20
290.8789
  0
VERTEX
999
2,2
  8
1
 10
312.3042
 20
292.2778
  0
VERTEX
999
2,2
  8
1
 10
325.8994
 20
293.8438
  0
VERTEX
999
2,2
  8
1
 10
339.4746
 20
295.5728
  0
VERTEX
999
2,2
  8
1
 10
353.0273
 20
297.4604
  0
VERTEX
999
2,2
  8
1
 10
366.5557
 20
299.5029
  0
VERTEX
999
2,2
  8
1
 10
380.0571
 20
301.6963
  0
VERTEX
999
2,1,,18
  8
1
 10
393.5293
 20
304.0366
  0
VERTEX
999
2,2
  8
1
 10
394.4482
 20
290.3730
  0
VERTEX
999
2,2
  8
1
 10
395.1611
 20
276.7007
  0
VERTEX
999
2,2
  8
1
 10
395.6758
 20
263.0210
  0
VERTEX
999
2,2
  8
1
 10
396.0000
 20
249.3359
  0
VERTEX
999
2,2
  8
1
 10
396.1426
 20
235.6470
  0
VERTEX
999
2,2
  8
1
 10
396.1113
 20
221.9561
  0
VERTEX
999
2,2
  8
1
 10
395.9146
 20
208.2651
  0
VERTEX
999
2,2
  8
1
 10
395.5605
 20
194.5752
  0
VERTEX
999
2,2
  8
1
 10
395.0571
 20
180.8887
  0
VERTEX
999
2,2
  8
1
 10
394.4126
 20
167.2070
  0
VERTEX
999
2,2
  8
1
 10
393.6353
 20
153.5317
  0
VERTEX
999
2,2
  8
1
 10
392.7334
 20
139.8647
  0
VERTEX
999
2,2
  8
1
 10
391.7153
 20
126.2080
  0
VERTEX
999
2,2
  8
1
 10
390.5884
 20
112.5625
  0
VERTEX
999
2,2
  8
1
 10
389.3613
 20
98.9312
  0
VERTEX
999
2,1,,19
  8
1
 10
388.0425
 20
85.3145
  0
VERTEX
999
2,2
  8
1
 10
386.2930
 20
84.5288
  0
VERTEX
999
2,2
  8
1
 10
384.6050
 20
83.6743
  0
VERTEX
999
2,2
  8
1
 10
382.9775
 20
82.7539
  0
VERTEX
999
2,2
  8
1
 10
381.4072
 20
81.7695
  0
VERTEX
999
2,2
  8
1
 10
374.2012
 20
75.9443
  0
VERTEX
999
2,2
  8
1
 10
368.2329
 20
69.0913
  0
VERTEX
999
2,2
  8
1
 10
363.1719
 20
61.4834
  0
VERTEX
999
2,2
  8
1
 10
358.6890
 20
53.3936
  0
VERTEX
999
2,2
  8
1
 10
354.4551
 20
45.0952
  0
VERTEX
999
2,1,,20
  8
1
 10
350.1396
 20
36.8613
  0
VERTEX
999
2,2
  8
1
 10
346.3496
 20
30.1401
  0
VERTEX
999
2,2
  8
1
 10
342.0596
 20
23.8149
  0
VERTEX
999
2,2
  8
1
 10
337.0669
 20
18.0474
  0
VERTEX
999
2,2
  8
1
 10
331.1685
 20
12.9990
  0
VERTEX
999
2,2
  8
1
 10
329.6768
 20
11.9692
  0
VERTEX
999
2,2
  8
1
 10
328.1289
 20
10.9990
  0
VERTEX
999
2,2
  8
1
 10
326.5225
 20
10.0923
  0
VERTEX
999
2,2
  8
1
 10
324.8550
 20
9.2510
  0
VERTEX
999
2,2
  8
1
 10
323.1240
 20
8.4775
  0
VERTEX
999
2,2
  8
1
 10
321.3276
 20
7.7749
  0
VERTEX
999
2,2
  8
1
 10
319.4629
 20
7.1455
  0
VERTEX
999
2,2
  8
1
 10
317.5278
 20
6.5918
  0
VERTEX
999
2,2
  8
1
 10
315.5200
 20
6.1162
  0
VERTEX
999
2,2
  8
1
 10
313.4365
 20
5.7212
  0
VERTEX
999
2,2
  8
1
 10
311.1680
 20
5.3892
  0
VERTEX
999
2,2
  8
1
 10
308.8882
 20
5.1533
  0
VERTEX
999
2,2
  8
1
 10
306.5996
 20
5.0210
  0
VERTEX
999
2,1,,21
  8
1
 10
304.3037
 20
5.0000
  0
VERTEX
999
2,1,,22
  8
1
 10
203.0728
 20
5.0000
  0
SEQEND
  0
LINE
999
5,1,,23
  8
1
 10
203.0728
 20
5.0000
 11
203.0728
 21
15.0000
  0
LINE
999
5,1,,25
  8
1
 10
203.0728
 20
286.1001
 11
203.0728
 21
276.1001
  0
LINE
999
5,1,,27
  8
1
 10
288.4731
 20
289.9419
 11
290.8394
 21
280.2256
  0
LINE
999
5,1,,29
  8
1
 10
350.1396
 20
36.8613
 11
347.7734
 21
46.5776
  0
LINE
999
5,1,,31
  8
1
 10
203.0728
 20
286.1001
 11
203.0728
 21
5.0000
  0
LINE
999
5,1,,33
  8
1
 10
288.4512
 20
290.1875
 11
350.1396
 21
36.8613
  0
LINE
999
3,1,,35
  8
1
 10
203.0728
 20
296.1001
 11
203.0728
 21
0.0000
  0
LINE
999
5,1,,35
  8
1
 10
297.1265
 20
12.0000
 11
284.8315
 21
30.3359
  0
LINE
999
5,1,,37
  8
1
 10
297.1265
 20
12.0000
 11
294.7339
 21
21.7100
  0
LINE
999
5,1,,39
  8
1
 10
373.2446
 20
110.2422
 11
358.6597
 21
106.7124
  0
LINE
999
5,1,,41
  8
1
 10
333.2793
 20
275.4038
 11
373.2446
 21
110.2422
  0
LINE
999
5,1,,43
  8
1
 10
358.6597
 20
106.7124
 11
318.7046
 21
271.8745
  0
LINE
999
5,1,,45
  8
1
 10
318.7046
 20
271.8745
 11
333.2793
 21
275.4038
  0
POLYLINE
999
5
  8
1
  6
1
 66
1
 70
0
  0
VERTEX
999
5,1,,47
  8
1
 10
343.9429
 20
40.1172
  0
VERTEX
999
5,2
  8
1
 10
340.5669
 20
34.0991
  0
VERTEX
999
5,2
  8
1
 10
336.7451
 20
28.3936
  0
VERTEX
999
5,2
  8
1
 10
332.3042
 20
23.1890
  0
VERTEX
999
5,2
  8
1
 10
327.0703
 20
18.6738
  0
VERTEX
999
5,2
  8
1
 10
325.8286
 20
17.8164
  0
VERTEX
999
5,2
  8
1
 10
324.5488
 20
17.0142
  0
VERTEX
999
5,2
  8
1
 10
323.2246
 20
16.2666
  0
VERTEX
999
5,2
  8
1
 10
321.8501
 20
15.5728
  0
VERTEX
999
5,2
  8
1
 10
320.4209
 20
14.9341
  0
VERTEX
999
5,2
  8
1
 10
318.9331
 20
14.3525
  0
VERTEX
999
5,2
  8
1
 10
317.3804
 20
13.8281
  0
VERTEX
999
5,2
  8
1
 10
315.7578
 20
13.3643
  0
VERTEX
999
5,2
  8
1
 10
314.0610
 20
12.9624
  0
VERTEX
999
5,2
  8
1
 10
312.2847
 20
12.6255
  0
VERTEX
999
5,2
  8
1
 10
310.3018
 20
12.3354
  0
VERTEX
999
5,2
  8
1
 10
308.3086
 20
12.1294
  0
VERTEX
999
5,2
  8
1
 10
306.3081
 20
12.0151
  0
VERTEX
999
5,1,,48
  8
1
 10
304.3037
 20
12.0005
  0
SEQEND
  0
POLYLINE
999
5
  8
1
  6
1
 66
1
 70
0
  0
VERTEX
999
5,1,,49
  8
1
 10
388.7422
 20
93.3867
  0
VERTEX
999
5,2
  8
1
 10
384.9722
 20
91.6821
  0
VERTEX
999
5,2
  8
1
 10
383.0762
 20
90.8228
  0
VERTEX
999
5,2
  8
1
 10
381.0986
 20
89.8149
  0
VERTEX
999
5,2
  8
1
 10
379.1938
 20
88.7305
  0
VERTEX
999
5,2
  8
1
 10
377.3604
 20
87.5742
  0
VERTEX
999
5,2
  8
1
 10
369.4634
 20
81.2461
  0
VERTEX
999
5,2
  8
1
 10
363.0337
 20
74.0044
  0
VERTEX
999
5,2
  8
1
 10
357.6694
 20
66.0605
  0
VERTEX
999
5,2
  8
1
 10
352.9678
 20
57.6245
  0
VERTEX
999
5,2
  8
1
 10
348.5264
 20
48.9063
  0
VERTEX
999
5,1,,50
  8
1
 10
343.9429
 20
40.1172
  0
SEQEND
  0
POLYLINE
999
5
  8
1
  6
1
 66
1
 70
0
  0
VERTEX
999
5,1,,51
  8
1
 10
304.3037
 20
12.0005
  0
VERTEX
999
5,2
  8
1
 10
253.6880
 20
12.0000
  0
VERTEX
999
5,1,,52
  8
1
 10
203.0728
 20
12.0000
  0
SEQEND
  0
POLYLINE
999
5
  8
1
  6
1
 66
1
 70
0
  0
VERTEX
999
5,1,,53
  8
1
 10
101.8418
 20
12.0005
  0
VERTEX
999
5,2
  8
1
 10
99.8374
 20
12.0151
  0
VERTEX
999
5,2
  8
1
 10
97.8369
 20
12.1294
  0
VERTEX
999
5,2
  8
1
 10
95.8438
 20
12.3354
  0
VERTEX
999
5,2
  8
1
 10
93.8608
 20
12.6255
  0
VERTEX
999
5,2
  8
1
 10
92.0850
 20
12.9624
  0
VERTEX
999
5,2
  8
1
 10
90.3877
 20
13.3643
  0
VERTEX
999
5,2
  8
1
 10
88.7656
 20
13.8281
  0
VERTEX
999
5,2
  8
1
 10
87.2129
 20
14.3525
  0
VERTEX
999
5,2
  8
1
 10
85.7251
 20
14.9341
  0
VERTEX
999
5,2
  8
1
 10
84.2959
 20
15.5728
  0
VERTEX
999
5,2
  8
1
 10
82.9209
 20
16.2666
  0
VERTEX
999
5,2
  8
1
 10
81.5969
 20
17.0142
  0
VERTEX
999
5,2
  8
1
 10
80.3171
 20
17.8164
  0
VERTEX
999
5,2
  8
1
 10
79.0754
 20
18.6738
  0
VERTEX
999
5,2
  8
1
 10
73.8572
 20
23.1733
  0
VERTEX
999
5,2
  8
1
 10
69.4272
 20
28.3584
  0
VERTEX
999
5,2
  8
1
 10
65.6135
 20
34.0425
  0
VERTEX
999
5,1,,54
  8
1
 10
62.2439
 20
40.0396
  0
SEQEND
  0
POLYLINE
999
5
  8
1
  6
1
 66
1
 70
0
  0
VERTEX
999
5,1,,55
  8
1
 10
203.0728
 20
12.0000
  0
VERTEX
999
5,2
  8
1
 10
152.4575
 20
12.0000
  0
VERTEX
999
5,1,,56
  8
1
 10
101.8418
 20
12.0005
  0
SEQEND
  0
POLYLINE
999
5
  8
1
  6
1
 66
1
 70
0
  0
VERTEX
999
5,1,,57
  8
1
 10
62.2439
 20
40.0396
  0
VERTEX
999
5,2
  8
1
 10
57.6509
 20
48.8408
  0
VERTEX
999
5,2
  8
1
 10
53.2039
 20
57.5718
  0
VERTEX
999
5,2
  8
1
 10
48.4985
 20
66.0220
  0
VERTEX
999
5,2
  8
1
 10
43.1301
 20
73.9800
  0
VERTEX
999
5,2
  8
1
 10
36.6938
 20
81.2344
  0
VERTEX
999
5,2
  8
1
 10
28.7849
 20
87.5737
  0
VERTEX
999
5,2
  8
1
 10
26.9519
 20
88.7305
  0
VERTEX
999
5,2
  8
1
 10
25.0469
 20
89.8149
  0
VERTEX
999
5,2
  8
1
 10
23.0698
 20
90.8228
  0
VERTEX
999
5,2
  8
1
 10
21.1736
 20
91.6821
  0
VERTEX
999
5,1,,58
  8
1
 10
17.4036
 20
93.3867
  0
SEQEND
  0
ENDBLK
  0
BLOCK
  8
1
  2
P0041_04
 70
64
 10
0.0000
 20
0.0000
  0
TEXT
  8
1
 10
196.2324
 20
25.1841
 40
5.0000
 50
0.0000
  1
PIECE: 右後ポケット口布
  7
STANDARD
  0
TEXT
  8
1
 10
196.2324
 20
19.4341
 40
5.0000
 50
0.0000
  1
SIZE: S
  7
STANDARD
  0
TEXT
  8
1
 10
196.2324
 20
13.6841
 40
5.0000
 50
0.0000
  1
FABRIC: 表生地
  7
STANDARD
  0
TEXT
  8
1
 10
196.2324
 20
7.9341
 40
5.0000
 50
0.0000
  1
QUANTITY: 1
  7
STANDARD
  0
TEXT
  8
1
 10
86.4585
 20
2.6455
 40
5.0000
 50
0.0000
  1
COMMENT: 1.0
  7
STANDARD
  0
TEXT
  8
1
 10
3.1665
 20
13.1157
 40
5.0000
 50
0.0000
  1
COMMENT: 1.5
  7
STANDARD
  0
TEXT
  8
1
 10
178.8115
 20
13.6523
 40
5.0000
 50
0.0000
  1
COMMENT: 1.5
  7
STANDARD
  0
TEXT
  8
1
 10
43.3398
 20
48.4121
 40
7.0000
 50
0.0000
  1
COMMENT: CR1-02F5-PL02
  7
STANDARD
  0
TEXT
  8
1
 10
43.3398
 20
41.4121
 40
7.0000
 50
0.0000
  1
COMMENT: Size:共通
  7
STANDARD
  0
TEXT
  8
1
 10
43.3398
 20
34.4121
 40
7.0000
 50
0.0000
  1
COMMENT: 右後ポケット口布
  7
STANDARD
  0
TEXT
  8
1
 10
43.3398
 20
27.4121
 40
7.0000
 50
0.0000
  1
COMMENT: 表生地×1
  7
STANDARD
  0
TEXT
  8
1
 10
114.8394
 20
41.3872
 40
6.0000
 50
0.0000
  1
COMMENT: コバステッチ
  7
STANDARD
  0
POLYLINE
999
1
  8
1
 66
1
 70
0
  0
VERTEX
999
1,1,,1
  8
1
 10
0.0000
 20
0.0000
  0
VERTEX
999
1,2,1
  8
1
 10
0.0000
 20
25.0000
 38
10.0000
 50
0.0000
  0
VERTEX
999
1,1,,2
  8
1
 10
0.0000
 20
65.0000
  0
VERTEX
999
1,1,,3
  8
1
 10
189.9995
 20
65.0000
  0
VERTEX
999
1,2,1
  8
1
 10
189.9995
 20
25.0000
 38
10.0000
 50
180.0000
  0
VERTEX
999
1,1,,4
  8
1
 10
189.9995
 20
0.0000
  0
VERTEX
999
1,1,,5
  8
1
 10
0.0000
 20
0.0000
  0
SEQEND
  0
POLYLINE
999
2
  8
1
 66
1
 70
0
  0
VERTEX
999
2,1,,6
  8
1
 10
15.0000
 20
10.0000
  0
VERTEX
999
2,1,,7
  8
1
 10
15.0000
 20
25.0000
  0
VERTEX
999
2,1,,8
  8
1
 10
174.9995
 20
25.0000
  0
VERTEX
999
2,1,,9
  8
1
 10
174.9995
 20
10.0000
  0
VERTEX
999
2,1,,10
  8
1
 10
15.0000
 20
10.0000
  0
SEQEND
  0
LINE
999
5,1,,11
  8
1
 10
15.0000
 20
25.0000
 11
25.0000
 21
25.0000
  0
LINE
999
5,1,,13
  8
1
 10
174.9995
 20
25.0000
 11
164.9995
 21
25.0000
  0
LINE
999
5,1,,15
  8
1
  6
1
 10
0.0000
 20
63.5000
 11
189.9995
 21
63.5000
  0
LINE
999
5,1,,17
  8
1
 10
120.8994
 20
63.5000
 11
127.6323
 21
49.0186
  0
LINE
999
5,1,,19
  8
1
 10
120.8994
 20
63.5000
 11
125.8433
 21
58.5449
  0
ENDBLK
  0
BLOCK
  8
1
  2
P0042_05
 70
64
 10
0.0000
 20
0.0000
  0
TEXT
  8
1
 10
196.2324
 20
25.1841
 40
5.0000
 50
0.0000
  1
PIECE: 右後ポケット口布
  7
STANDARD
  0
TEXT
  8
1
 10
196.2324
 20
19.4341
 40
5.0000
 50
0.0000
  1
SIZE: M
  7
STANDARD
  0
TEXT
  8
1
 10
196.2324
 20
13.6841
 40
5.0000
 50
0.0000
  1
FABRIC: 表生地
  7
STANDARD
  0
TEXT
  8
1
 10
196.2324
 20
7.9341
 40
5.0000
 50
0.0000
  1
QUANTITY: 1
  7
STANDARD
  0
TEXT
  8
1
 10
86.4585
 20
2.6455
 40
5.0000
 50
0.0000
  1
COMMENT: 1.0
  7
STANDARD
  0
TEXT
  8
1
 10
3.1665
 20
13.1157
 40
5.0000
 50
0.0000
  1
COMMENT: 1.5
  7
STANDARD
  0
TEXT
  8
1
 10
178.8115
 20
13.6523
 40
5.0000
 50
0.0000
  1
COMMENT: 1.5
  7
STANDARD
  0
TEXT
  8
1
 10
43.3398
 20
48.4121
 40
7.0000
 50
0.0000
  1
COMMENT: CR1-02F5-PL02
  7
STANDARD
  0
TEXT
  8
1
 10
43.3398
 20
41.4121
 40
7.0000
 50
0.0000
  1
COMMENT: Size:共通
  7
STANDARD
  0
TEXT
  8
1
 10
43.3398
 20
34.4121
 40
7.0000
 50
0.0000
  1
COMMENT: 右後ポケット口布
  7
STANDARD
  0
TEXT
  8
1
 10
43.3398
 20
27.4121
 40
7.0000
 50
0.0000
  1
COMMENT: 表生地×1
  7
STANDARD
  0
TEXT
  8
1
 10
114.8394
 20
41.3872
 40
6.0000
 50
0.0000
  1
COMMENT: コバステッチ
  7
STANDARD
  0
POLYLINE
999
1
  8
1
 66
1
 70
0
  0
VERTEX
999
1,1,,1
  8
1
 10
0.0000
 20
0.0000
  0
VERTEX
999
1,2,1
  8
1
 10
0.0000
 20
25.0000
 38
10.0000
 50
0.0000
  0
VERTEX
999
1,1,,2
  8
1
 10
0.0000
 20
65.0000
  0
VERTEX
999
1,1,,3
  8
1
 10
189.9995
 20
65.0000
  0
VERTEX
999
1,2,1
  8
1
 10
189.9995
 20
25.0000
 38
10.0000
 50
180.0000
  0
VERTEX
999
1,1,,4
  8
1
 10
189.9995
 20
0.0000
  0
VERTEX
999
1,1,,5
  8
1
 10
0.0000
 20
0.0000
  0
SEQEND
  0
POLYLINE
999
2
  8
1
 66
1
 70
0
  0
VERTEX
999
2,1,,6
  8
1
 10
15.0000
 20
10.0000
  0
VERTEX
999
2,1,,7
  8
1
 10
15.0000
 20
25.0000
  0
VERTEX
999
2,1,,8
  8
1
 10
174.9995
 20
25.0000
  0
VERTEX
999
2,1,,9
  8
1
 10
174.9995
 20
10.0000
  0
VERTEX
999
2,1,,10
  8
1
 10
15.0000
 20
10.0000
  0
SEQEND
  0
LINE
999
5,1,,11
  8
1
 10
15.0000
 20
25.0000
 11
25.0000
 21
25.0000
  0
LINE
999
5,1,,13
  8
1
 10
174.9995
 20
25.0000
 11
164.9995
 21
25.0000
  0
LINE
999
5,1,,15
  8
1
  6
1
 10
0.0000
 20
63.5000
 11
189.9995
 21
63.5000
  0
LINE
999
5,1,,17
  8
1
 10
120.8994
 20
63.5000
 11
127.6323
 21
49.0186
  0
LINE
999
5,1,,19
  8
1
 10
120.8994
 20
63.5000
 11
125.8433
 21
58.5449
  0
ENDBLK
  0
BLOCK
  8
1
  2
P0043_06
 70
64
 10
0.0000
 20
0.0000
  0
TEXT
  8
1
 10
196.2324
 20
25.1841
 40
5.0000
 50
0.0000
  1
PIECE: 右後ポケット口布
  7
STANDARD
  0
TEXT
  8
1
 10
196.2324
 20
19.4341
 40
5.0000
 50
0.0000
  1
SIZE: L
  7
STANDARD
  0
TEXT
  8
1
 10
196.2324
 20
13.6841
 40
5.0000
 50
0.0000
  1
FABRIC: 表生地
  7
STANDARD
  0
TEXT
  8
1
 10
196.2324
 20
7.9341
 40
5.0000
 50
0.0000
  1
QUANTITY: 1
  7
STANDARD
  0
TEXT
  8
1
 10
86.4585
 20
2.6455
 40
5.0000
 50
0.0000
  1
COMMENT: 1.0
  7
STANDARD
  0
TEXT
  8
1
 10
3.1665
 20
13.1157
 40
5.0000
 50
0.0000
  1
COMMENT: 1.5
  7
STANDARD
  0
TEXT
  8
1
 10
178.8115
 20
13.6523
 40
5.0000
 50
0.0000
  1
COMMENT: 1.5
  7
STANDARD
  0
TEXT
  8
1
 10
43.3398
 20
48.4121
 40
7.0000
 50
0.0000
  1
COMMENT: CR1-02F5-PL02
  7
STANDARD
  0
TEXT
  8
1
 10
43.3398
 20
41.4121
 40
7.0000
 50
0.0000
  1
COMMENT: Size:共通
  7
STANDARD
  0
TEXT
  8
1
 10
43.3398
 20
34.4121
 40
7.0000
 50
0.0000
  1
COMMENT: 右後ポケット口布
  7
STANDARD
  0
TEXT
  8
1
 10
43.3398
 20
27.4121
 40
7.0000
 50
0.0000
  1
COMMENT: 表生地×1
  7
STANDARD
  0
TEXT
  8
1
 10
114.8394
 20
41.3872
 40
6.0000
 50
0.0000
  1
COMMENT: コバステッチ
  7
STANDARD
  0
POLYLINE
999
1
  8
1
 66
1
 70
0
  0
VERTEX
999
1,1,,1
  8
1
 10
0.0000
 20
0.0000
  0
VERTEX
999
1,2,1
  8
1
 10
0.0000
 20
25.0000
 38
10.0000
 50
0.0000
  0
VERTEX
999
1,1,,2
  8
1
 10
0.0000
 20
65.0000
  0
VERTEX
999
1,1,,3
  8
1
 10
189.9995
 20
65.0000
  0
VERTEX
999
1,2,1
  8
1
 10
189.9995
 20
25.0000
 38
10.0000
 50
180.0000
  0
VERTEX
999
1,1,,4
  8
1
 10
189.9995
 20
0.0000
  0
VERTEX
999
1,1,,5
  8
1
 10
0.0000
 20
0.0000
  0
SEQEND
  0
POLYLINE
999
2
  8
1
 66
1
 70
0
  0
VERTEX
999
2,1,,6
  8
1
 10
15.0000
 20
10.0000
  0
VERTEX
999
2,1,,7
  8
1
 10
15.0000
 20
25.0000
  0
VERTEX
999
2,1,,8
  8
1
 10
174.9995
 20
25.0000
  0
VERTEX
999
2,1,,9
  8
1
 10
174.9995
 20
10.0000
  0
VERTEX
999
2,1,,10
  8
1
 10
15.0000
 20
10.0000
  0
SEQEND
  0
LINE
999
5,1,,11
  8
1
 10
15.0000
 20
25.0000
 11
25.0000
 21
25.0000
  0
LINE
999
5,1,,13
  8
1
 10
174.9995
 20
25.0000
 11
164.9995
 21
25.0000
  0
LINE
999
5,1,,15
  8
1
  6
1
 10
0.0000
 20
63.5000
 11
189.9995
 21
63.5000
  0
LINE
999
5,1,,17
  8
1
 10
120.8994
 20
63.5000
 11
127.6323
 21
49.0186
  0
LINE
999
5,1,,19
  8
1
 10
120.8994
 20
63.5000
 11
125.8433
 21
58.5449
  0
ENDBLK
  0
BLOCK
  8
1
  2
P0044_07
 70
64
 10
0.0000
 20
0.0000
  0
TEXT
  8
1
 10
196.2324
 20
25.1841
 40
5.0000
 50
0.0000
  1
PIECE: 右後ポケット口布
  7
STANDARD
  0
TEXT
  8
1
 10
196.2324
 20
19.4341
 40
5.0000
 50
0.0000
  1
SIZE: XL
  7
STANDARD
  0
TEXT
  8
1
 10
196.2324
 20
13.6841
 40
5.0000
 50
0.0000
  1
FABRIC: 表生地
  7
STANDARD
  0
TEXT
  8
1
 10
196.2324
 20
7.9341
 40
5.0000
 50
0.0000
  1
QUANTITY: 1
  7
STANDARD
  0
TEXT
  8
1
 10
86.4585
 20
2.6455
 40
5.0000
 50
0.0000
  1
COMMENT: 1.0
  7
STANDARD
  0
TEXT
  8
1
 10
3.1665
 20
13.1157
 40
5.0000
 50
0.0000
  1
COMMENT: 1.5
  7
STANDARD
  0
TEXT
  8
1
 10
178.8115
 20
13.6523
 40
5.0000
 50
0.0000
  1
COMMENT: 1.5
  7
STANDARD
  0
TEXT
  8
1
 10
43.3398
 20
48.4121
 40
7.0000
 50
0.0000
  1
COMMENT: CR1-02F5-PL02
  7
STANDARD
  0
TEXT
  8
1
 10
43.3398
 20
41.4121
 40
7.0000
 50
0.0000
  1
COMMENT: Size:共通
  7
STANDARD
  0
TEXT
  8
1
 10
43.3398
 20
34.4121
 40
7.0000
 50
0.0000
  1
COMMENT: 右後ポケット口布
  7
STANDARD
  0
TEXT
  8
1
 10
43.3398
 20
27.4121
 40
7.0000
 50
0.0000
  1
COMMENT: 表生地×1
  7
STANDARD
  0
TEXT
  8
1
 10
114.8394
 20
41.3872
 40
6.0000
 50
0.0000
  1
COMMENT: コバステッチ
  7
STANDARD
  0
POLYLINE
999
1
  8
1
 66
1
 70
0
  0
VERTEX
999
1,1,,1
  8
1
 10
0.0000
 20
0.0000
  0
VERTEX
999
1,2,1
  8
1
 10
0.0000
 20
25.0000
 38
10.0000
 50
0.0000
  0
VERTEX
999
1,1,,2
  8
1
 10
0.0000
 20
65.0000
  0
VERTEX
999
1,1,,3
  8
1
 10
189.9995
 20
65.0000
  0
VERTEX
999
1,2,1
  8
1
 10
189.9995
 20
25.0000
 38
10.0000
 50
180.0000
  0
VERTEX
999
1,1,,4
  8
1
 10
189.9995
 20
0.0000
  0
VERTEX
999
1,1,,5
  8
1
 10
0.0000
 20
0.0000
  0
SEQEND
  0
POLYLINE
999
2
  8
1
 66
1
 70
0
  0
VERTEX
999
2,1,,6
  8
1
 10
15.0000
 20
10.0000
  0
VERTEX
999
2,1,,7
  8
1
 10
15.0000
 20
25.0000
  0
VERTEX
999
2,1,,8
  8
1
 10
174.9995
 20
25.0000
  0
VERTEX
999
2,1,,9
  8
1
 10
174.9995
 20
10.0000
  0
VERTEX
999
2,1,,10
  8
1
 10
15.0000
 20
10.0000
  0
SEQEND
  0
LINE
999
5,1,,11
  8
1
 10
15.0000
 20
25.0000
 11
25.0000
 21
25.0000
  0
LINE
999
5,1,,13
  8
1
 10
174.9995
 20
25.0000
 11
164.9995
 21
25.0000
  0
LINE
999
5,1,,15
  8
1
  6
1
 10
0.0000
 20
63.5000
 11
189.9995
 21
63.5000
  0
LINE
999
5,1,,17
  8
1
 10
120.8994
 20
63.5000
 11
127.6323
 21
49.0186
  0
LINE
999
5,1,,19
  8
1
 10
120.8994
 20
63.5000
 11
125.8433
 21
58.5449
  0
ENDBLK
  0
BLOCK
  8
1
  2
P0045_08
 70
64
 10
0.0000
 20
0.0000
  0
TEXT
  8
1
 10
196.2324
 20
25.1841
 40
5.0000
 50
0.0000
  1
PIECE: 右後ポケット口布
  7
STANDARD
  0
TEXT
  8
1
 10
196.2324
 20
19.4341
 40
5.0000
 50
0.0000
  1
SIZE: XXL
  7
STANDARD
  0
TEXT
  8
1
 10
196.2324
 20
13.6841
 40
5.0000
 50
0.0000
  1
FABRIC: 表生地
  7
STANDARD
  0
TEXT
  8
1
 10
196.2324
 20
7.9341
 40
5.0000
 50
0.0000
  1
QUANTITY: 1
  7
STANDARD
  0
TEXT
  8
1
 10
86.4585
 20
2.6455
 40
5.0000
 50
0.0000
  1
COMMENT: 1.0
  7
STANDARD
  0
TEXT
  8
1
 10
3.1665
 20
13.1157
 40
5.0000
 50
0.0000
  1
COMMENT: 1.5
  7
STANDARD
  0
TEXT
  8
1
 10
178.8115
 20
13.6523
 40
5.0000
 50
0.0000
  1
COMMENT: 1.5
  7
STANDARD
  0
TEXT
  8
1
 10
43.3398
 20
48.4121
 40
7.0000
 50
0.0000
  1
COMMENT: CR1-02F5-PL02
  7
STANDARD
  0
TEXT
  8
1
 10
43.3398
 20
41.4121
 40
7.0000
 50
0.0000
  1
COMMENT: Size:共通
  7
STANDARD
  0
TEXT
  8
1
 10
43.3398
 20
34.4121
 40
7.0000
 50
0.0000
  1
COMMENT: 右後ポケット口布
  7
STANDARD
  0
TEXT
  8
1
 10
43.3398
 20
27.4121
 40
7.0000
 50
0.0000
  1
COMMENT: 表生地×1
  7
STANDARD
  0
TEXT
  8
1
 10
114.8394
 20
41.3872
 40
6.0000
 50
0.0000
  1
COMMENT: コバステッチ
  7
STANDARD
  0
POLYLINE
999
1
  8
1
 66
1
 70
0
  0
VERTEX
999
1,1,,1
  8
1
 10
0.0000
 20
0.0000
  0
VERTEX
999
1,2,1
  8
1
 10
0.0000
 20
25.0000
 38
10.0000
 50
0.0000
  0
VERTEX
999
1,1,,2
  8
1
 10
0.0000
 20
65.0000
  0
VERTEX
999
1,1,,3
  8
1
 10
189.9995
 20
65.0000
  0
VERTEX
999
1,2,1
  8
1
 10
189.9995
 20
25.0000
 38
10.0000
 50
180.0000
  0
VERTEX
999
1,1,,4
  8
1
 10
189.9995
 20
0.0000
  0
VERTEX
999
1,1,,5
  8
1
 10
0.0000
 20
0.0000
  0
SEQEND
  0
POLYLINE
999
2
  8
1
 66
1
 70
0
  0
VERTEX
999
2,1,,6
  8
1
 10
15.0000
 20
10.0000
  0
VERTEX
999
2,1,,7
  8
1
 10
15.0000
 20
25.0000
  0
VERTEX
999
2,1,,8
  8
1
 10
174.9995
 20
25.0000
  0
VERTEX
999
2,1,,9
  8
1
 10
174.9995
 20
10.0000
  0
VERTEX
999
2,1,,10
  8
1
 10
15.0000
 20
10.0000
  0
SEQEND
  0
LINE
999
5,1,,11
  8
1
 10
15.0000
 20
25.0000
 11
25.0000
 21
25.0000
  0
LINE
999
5,1,,13
  8
1
 10
174.9995
 20
25.0000
 11
164.9995
 21
25.0000
  0
LINE
999
5,1,,15
  8
1
  6
1
 10
0.0000
 20
63.5000
 11
189.9995
 21
63.5000
  0
LINE
999
5,1,,17
  8
1
 10
120.8994
 20
63.5000
 11
127.6323
 21
49.0186
  0
LINE
999
5,1,,19
  8
1
 10
120.8994
 20
63.5000
 11
125.8433
 21
58.5449
  0
ENDBLK
  0
BLOCK
  8
1
  2
P0046_04
 70
64
 10
0.0000
 20
0.0000
  0
TEXT
  8
1
 10
208.8477
 20
493.8384
 40
5.0000
 50
0.0000
  1
PIECE: 後ポケット袋布
  7
STANDARD
  0
TEXT
  8
1
 10
208.8477
 20
488.0884
 40
5.0000
 50
0.0000
  1
SIZE: S
  7
STANDARD
  0
TEXT
  8
1
 10
208.8477
 20
482.3384
 40
5.0000
 50
0.0000
  1
FABRIC: スレーキ
  7
STANDARD
  0
TEXT
  8
1
 10
208.8477
 20
476.5884
 40
5.0000
 50
0.0000
  1
QUANTITY: 2
  7
STANDARD
  0
TEXT
  8
1
 10
149.9648
 20
346.3799
 40
6.0000
 50
0.0000
  1
COMMENT: 袋縫い
  7
STANDARD
  0
TEXT
  8
1
 10
149.9648
 20
340.3799
 40
6.0000
 50
0.0000
  1
COMMENT: 7mmステッチ
  7
STANDARD
  0
TEXT
  8
1
 10
194.8784
 20
369.1294
 40
5.0000
 50
269.9998
  1
COMMENT: 0.5
  7
STANDARD
  0
TEXT
  8
1
 10
82.7520
 20
405.8770
 40
6.0000
 50
0.0000
  1
COMMENT: 向当て布上乗せ
  7
STANDARD
  0
TEXT
  8
1
 10
91.7632
 20
511.9980
 40
5.0000
 50
0.0000
  1
COMMENT: 1.5
  7
STANDARD
  0
TEXT
  8
1
 10
63.2271
 20
362.4424
 40
8.0000
 50
0.0000
  1
COMMENT: CR1-02F5-PL02
  7
STANDARD
  0
TEXT
  8
1
 10
63.2271
 20
354.4424
 40
8.0000
 50
0.0000
  1
COMMENT: Size:共通
  7
STANDARD
  0
TEXT
  8
1
 10
63.2271
 20
346.4424
 40
8.0000
 50
0.0000
  1
COMMENT: 後ポケット袋布
  7
STANDARD
  0
TEXT
  8
1
 10
63.2271
 20
338.4424
 40
8.0000
 50
0.0000
  1
COMMENT: スレーキ×2
  7
STANDARD
  0
TEXT
  8
1
 10
-0.2412
 20
358.1919
 40
5.0000
 50
269.9998
  1
COMMENT: 0.5
  7
STANDARD
  0
POLYLINE
999
1
  8
1
 66
1
 70
0
  0
VERTEX
999
1,1,,1
  8
1
 10
16.8145
 20
0.0000
  0
VERTEX
999
1,2
  8
1
 10
12.3643
 20
13.4473
  0
VERTEX
999
1,2
  8
1
 10
9.3613
 20
22.6426
  0
VERTEX
999
1,2
  8
1
 10
5.2373
 20
38.4609
  0
VERTEX
999
1,2
  8
1
 10
2.1763
 20
54.8677
  0
VERTEX
999
1,2
  8
1
 10
0.3911
 20
71.1807
  0
VERTEX
999
1,1,,2
  8
1
 10
0.0000
 20
82.5181
  0
VERTEX
999
1,1,1,3
  8
1
 10
0.0000
 20
262.2207
 38
10.0000
 50
0.0000
  0
VERTEX
999
1,1,,4
  8
1
 10
0.0000
 20
441.9233
  0
VERTEX
999
1,2
  8
1
 10
0.3911
 20
453.2607
  0
VERTEX
999
1,2
  8
1
 10
2.1763
 20
469.5737
  0
VERTEX
999
1,2
  8
1
 10
5.2373
 20
485.9805
  0
VERTEX
999
1,2
  8
1
 10
9.3618
 20
501.8003
  0
VERTEX
999
1,2
  8
1
 10
12.3643
 20
510.9946
  0
VERTEX
999
1,1,,5
  8
1
 10
16.8145
 20
524.4419
  0
VERTEX
999
1,2
  8
1
 10
17.6045
 20
524.4155
  0
VERTEX
999
1,2
  8
1
 10
34.0898
 20
523.9429
  0
VERTEX
999
1,2
  8
1
 10
50.5781
 20
523.6035
  0
VERTEX
999
1,2
  8
1
 10
67.0679
 20
523.3867
  0
VERTEX
999
1,2
  8
1
 10
83.5591
 20
523.2822
  0
VERTEX
999
1,2
  8
1
 10
100.0513
 20
523.2788
  0
VERTEX
999
1,2
  8
1
 10
116.5439
 20
523.3657
  0
VERTEX
999
1,2
  8
1
 10
133.0356
 20
523.5332
  0
VERTEX
999
1,2
  8
1
 10
149.5273
 20
523.7700
  0
VERTEX
999
1,2
  8
1
 10
166.0171
 20
524.0659
  0
VERTEX
999
1,2
  8
1
 10
182.5054
 20
524.4097
  0
VERTEX
999
1,1,,6
  8
1
 10
183.0498
 20
524.4214
  0
VERTEX
999
1,2
  8
1
 10
187.5747
 20
511.0117
  0
VERTEX
999
1,2
  8
1
 10
191.9087
 20
497.4814
  0
VERTEX
999
1,2
  8
1
 10
195.7881
 20
481.2861
  0
VERTEX
999
1,2
  8
1
 10
198.4253
 20
465.1470
  0
VERTEX
999
1,2
  8
1
 10
199.7539
 20
449.6948
  0
VERTEX
999
1,1,,7
  8
1
 10
199.9287
 20
441.9209
  0
VERTEX
999
1,2
  8
1
 10
199.8667
 20
352.0425
  0
VERTEX
999
1,1,1,8
  8
1
 10
199.7695
 20
262.1763
 38
10.0000
 50
180.0755
  0
VERTEX
999
1,2
  8
1
 10
199.8667
 20
172.3481
  0
VERTEX
999
1,1,,9
  8
1
 10
199.9287
 20
82.5205
  0
VERTEX
999
1,2
  8
1
 10
199.2612
 20
67.2188
  0
VERTEX
999
1,2
  8
1
 10
197.2524
 20
51.1841
  0
VERTEX
999
1,2
  8
1
 10
194.0088
 20
35.0605
  0
VERTEX
999
1,2
  8
1
 10
189.8203
 20
20.0874
  0
VERTEX
999
1,2
  8
1
 10
187.5747
 20
13.4302
  0
VERTEX
999
1,1,,10
  8
1
 10
183.0498
 20
0.0205
  0
VERTEX
999
1,2
  8
1
 10
182.5054
 20
0.0327
  0
VERTEX
999
1,2
  8
1
 10
166.0171
 20
0.3765
  0
VERTEX
999
1,2
  8
1
 10
149.5273
 20
0.6719
  0
VERTEX
999
1,2
  8
1
 10
133.0356
 20
0.9087
  0
VERTEX
999
1,2
  8
1
 10
116.5439
 20
1.0762
  0
VERTEX
999
1,2
  8
1
 10
100.0513
 20
1.1636
  0
VERTEX
999
1,2
  8
1
 10
83.5591
 20
1.1597
  0
VERTEX
999
1,2
  8
1
 10
67.0679
 20
1.0552
  0
VERTEX
999
1,2
  8
1
 10
50.5781
 20
0.8384
  0
VERTEX
999
1,2
  8
1
 10
34.0898
 20
0.4990
  0
VERTEX
999
1,2
  8
1
 10
17.6045
 20
0.0264
  0
VERTEX
999
1,1,,11
  8
1
 10
16.8145
 20
0.0000
  0
SEQEND
  0
POLYLINE
999
2
  8
1
 66
1
 70
0
  0
VERTEX
999
2,1,,12
  8
1
 10
17.1108
 20
15.0181
  0
VERTEX
999
2,2
  8
1
 10
15.0000
 20
21.3960
  0
VERTEX
999
2,2
  8
1
 10
14.1470
 20
24.0898
  0
VERTEX
999
2,2
  8
1
 10
12.0532
 20
31.5410
  0
VERTEX
999
2,2
  8
1
 10
10.1167
 20
39.5498
  0
VERTEX
999
2,2
  8
1
 10
8.3853
 20
48.0396
  0
VERTEX
999
2,2
  8
1
 10
7.1206
 20
55.6074
  0
VERTEX
999
2,2
  8
1
 10
6.0698
 20
63.7188
  0
VERTEX
999
2,2
  8
1
 10
5.3794
 20
71.5176
  0
VERTEX
999
2,2
  8
1
 10
5.0444
 20
78.8184
  0
VERTEX
999
2,1,,13
  8
1
 10
4.9995
 20
82.5190
  0
VERTEX
999
2,1,,14
  8
1
 10
4.9995
 20
262.2207
  0
VERTEX
999
2,1,,15
  8
1
 10
4.9995
 20
441.9224
  0
VERTEX
999
2,2
  8
1
 10
5.0444
 20
445.6230
  0
VERTEX
999
2,2
  8
1
 10
5.3794
 20
452.9238
  0
VERTEX
999
2,2
  8
1
 10
6.0698
 20
460.7227
  0
VERTEX
999
2,2
  8
1
 10
7.1206
 20
468.8340
  0
VERTEX
999
2,2
  8
1
 10
8.3853
 20
476.4019
  0
VERTEX
999
2,2
  8
1
 10
10.1167
 20
484.8916
  0
VERTEX
999
2,2
  8
1
 10
12.0532
 20
492.9004
  0
VERTEX
999
2,2
  8
1
 10
14.1470
 20
500.3516
  0
VERTEX
999
2,2
  8
1
 10
15.0000
 20
503.0454
  0
VERTEX
999
2,1,,16
  8
1
 10
17.1108
 20
509.4238
  0
VERTEX
999
2,2
  8
1
 10
33.6787
 20
508.9487
  0
VERTEX
999
2,2
  8
1
 10
50.2490
 20
508.6074
  0
VERTEX
999
2,2
  8
1
 10
66.8218
 20
508.3887
  0
VERTEX
999
2,2
  8
1
 10
83.3955
 20
508.2827
  0
VERTEX
999
2,2
  8
1
 10
99.9702
 20
508.2788
  0
VERTEX
999
2,2
  8
1
 10
116.5449
 20
508.3657
  0
VERTEX
999
2,2
  8
1
 10
133.1196
 20
508.5332
  0
VERTEX
999
2,2
  8
1
 10
149.6938
 20
508.7710
  0
VERTEX
999
2,2
  8
1
 10
166.2661
 20
509.0679
  0
VERTEX
999
2,1,,17
  8
1
 10
182.8369
 20
509.4131
  0
VERTEX
999
2,2
  8
1
 10
185.0698
 20
502.7930
  0
VERTEX
999
2,2
  8
1
 10
187.0933
 20
496.1348
  0
VERTEX
999
2,2
  8
1
 10
189.1450
 20
488.2197
  0
VERTEX
999
2,2
  8
1
 10
190.8853
 20
480.3018
  0
VERTEX
999
2,2
  8
1
 10
192.3179
 20
472.4487
  0
VERTEX
999
2,2
  8
1
 10
193.4639
 20
464.5239
  0
VERTEX
999
2,2
  8
1
 10
194.2788
 20
456.7959
  0
VERTEX
999
2,2
  8
1
 10
194.7588
 20
449.4673
  0
VERTEX
999
2,1,,18
  8
1
 10
194.9282
 20
441.9224
  0
VERTEX
999
2,2
  8
1
 10
194.8662
 20
352.0459
  0
VERTEX
999
2,1,,19
  8
1
 10
194.7690
 20
262.1694
  0
VERTEX
999
2,2
  8
1
 10
194.8662
 20
172.3447
  0
VERTEX
999
2,1,,20
  8
1
 10
194.9282
 20
82.5190
  0
VERTEX
999
2,2
  8
1
 10
194.7588
 20
74.9741
  0
VERTEX
999
2,2
  8
1
 10
194.2788
 20
67.6455
  0
VERTEX
999
2,2
  8
1
 10
193.4639
 20
59.9175
  0
VERTEX
999
2,2
  8
1
 10
192.3179
 20
51.9927
  0
VERTEX
999
2,2
  8
1
 10
190.8853
 20
44.1396
  0
VERTEX
999
2,2
  8
1
 10
189.1450
 20
36.2217
  0
VERTEX
999
2,2
  8
1
 10
187.0933
 20
28.3066
  0
VERTEX
999
2,2
  8
1
 10
185.0698
 20
21.6484
  0
VERTEX
999
2,1,,21
  8
1
 10
182.8369
 20
15.0288
  0
VERTEX
999
2,2
  8
1
 10
166.2661
 20
15.3740
  0
VERTEX
999
2,2
  8
1
 10
149.6938
 20
15.6709
  0
VERTEX
999
2,2
  8
1
 10
133.1196
 20
15.9087
  0
VERTEX
999
2,2
  8
1
 10
116.5449
 20
16.0762
  0
VERTEX
999
2,2
  8
1
 10
99.9702
 20
16.1631
  0
VERTEX
999
2,2
  8
1
 10
83.3955
 20
16.1592
  0
VERTEX
999
2,2
  8
1
 10
66.8218
 20
16.0532
  0
VERTEX
999
2,2
  8
1
 10
50.2490
 20
15.8345
  0
VERTEX
999
2,2
  8
1
 10
33.6787
 20
15.4932
  0
VERTEX
999
2,1,,22
  8
1
 10
17.1108
 20
15.0181
  0
SEQEND
  0
LINE
999
5,1,,23
  8
1
 10
4.9995
 20
262.2207
 11
14.9995
 21
262.2207
  0
LINE
999
5,1,,25
  8
1
 10
194.7690
 20
262.1694
 11
184.7690
 21
262.1563
  0
LINE
999
5,1,,27
  8
1
 10
4.9995
 20
262.2207
 11
194.7778
 21
262.1792
  0
LINE
999
5,1,,29
  8
1
 10
20.0752
 20
442.0869
 11
179.9941
 21
442.0869
  0
LINE
999
5,1,,31
  8
1
 10
179.9922
 20
427.0869
 11
20.0732
 21
427.0869
  0
LINE
999
5,1,,33
  8
1
 10
179.9941
 20
442.0869
 11
179.9922
 21
427.0869
  0
LINE
999
5,1,,35
  8
1
 10
4.9995
 20
402.1553
 11
194.9312
 21
402.0869
  0
LINE
999
5,1,,37
  8
1
  6
1
 10
5.0005
 20
403.6553
 11
194.9321
 21
403.5869
  0
LINE
999
5,1,,39
  8
1
  6
1
 10
11.9995
 20
441.9214
 11
11.9995
 21
262.2207
  0
LINE
999
5,1,,41
  8
1
 10
20.0732
 20
427.0869
 11
20.0752
 21
442.0869
  0
LINE
999
3,1,,43
  8
1
 10
56.8579
 20
523.5073
 11
56.8579
 21
0.9346
  0
LINE
999
5,1,,43
  8
1
 10
187.8408
 20
323.3511
 11
167.8179
 21
339.9805
  0
LINE
999
5,1,,45
  8
1
 10
187.8408
 20
323.3511
 11
182.7974
 21
331.9858
  0
POLYLINE
999
5
  8
1
  6
1
 66
1
 70
0
  0
VERTEX
999
5,1,,47
  8
1
 10
187.7690
 20
262.1812
  0
VERTEX
999
5,2
  8
1
 10
187.8652
 20
352.0479
  0
VERTEX
999
5,1,,48
  8
1
 10
187.9282
 20
441.9185
  0
SEQEND
  0
POLYLINE
999
5
  8
1
  6
1
 66
1
 70
0
  0
VERTEX
999
5,1,,49
  8
1
 10
187.9282
 20
441.9185
  0
VERTEX
999
5,2
  8
1
 10
187.7661
 20
449.1494
  0
VERTEX
999
5,2
  8
1
 10
187.3047
 20
456.1982
  0
VERTEX
999
5,2
  8
1
 10
186.5186
 20
463.6528
  0
VERTEX
999
5,2
  8
1
 10
185.4102
 20
471.3164
  0
VERTEX
999
5,2
  8
1
 10
184.0225
 20
478.9229
  0
VERTEX
999
5,2
  8
1
 10
182.3369
 20
486.5942
  0
VERTEX
999
5,2
  8
1
 10
180.3521
 20
494.2500
  0
VERTEX
999
5,2
  8
1
 10
178.3511
 20
500.8091
  0
VERTEX
999
5,1,,50
  8
1
 10
175.5029
 20
509.2549
  0
SEQEND
  0
POLYLINE
999
5
  8
1
  6
1
 66
1
 70
0
  0
VERTEX
999
5,1,,51
  8
1
 10
24.4634
 20
509.1958
  0
VERTEX
999
5,2
  8
1
 10
22.3047
 20
502.8384
  0
VERTEX
999
5,2
  8
1
 10
20.8472
 20
498.3247
  0
VERTEX
999
5,2
  8
1
 10
18.8281
 20
491.1387
  0
VERTEX
999
5,2
  8
1
 10
16.9492
 20
483.3677
  0
VERTEX
999
5,2
  8
1
 10
15.2690
 20
475.1299
  0
VERTEX
999
5,2
  8
1
 10
14.0439
 20
467.7988
  0
VERTEX
999
5,2
  8
1
 10
13.0283
 20
459.9609
  0
VERTEX
999
5,2
  8
1
 10
12.3638
 20
452.4521
  0
VERTEX
999
5,2
  8
1
 10
12.0425
 20
445.4531
  0
VERTEX
999
5,1,,52
  8
1
 10
11.9995
 20
441.9214
  0
SEQEND
  0
ENDBLK
  0
BLOCK
  8
1
  2
P0047_05
 70
64
 10
0.0000
 20
0.0000
  0
TEXT
  8
1
 10
208.8477
 20
493.8384
 40
5.0000
 50
0.0000
  1
PIECE: 後ポケット袋布
  7
STANDARD
  0
TEXT
  8
1
 10
208.8477
 20
488.0884
 40
5.0000
 50
0.0000
  1
SIZE: M
  7
STANDARD
  0
TEXT
  8
1
 10
208.8477
 20
482.3384
 40
5.0000
 50
0.0000
  1
FABRIC: スレーキ
  7
STANDARD
  0
TEXT
  8
1
 10
208.8477
 20
476.5884
 40
5.0000
 50
0.0000
  1
QUANTITY: 2
  7
STANDARD
  0
TEXT
  8
1
 10
149.9648
 20
346.3799
 40
6.0000
 50
0.0000
  1
COMMENT: 袋縫い
  7
STANDARD
  0
TEXT
  8
1
 10
149.9648
 20
340.3799
 40
6.0000
 50
0.0000
  1
COMMENT: 7mmステッチ
  7
STANDARD
  0
TEXT
  8
1
 10
194.8784
 20
369.1294
 40
5.0000
 50
269.9998
  1
COMMENT: 0.5
  7
STANDARD
  0
TEXT
  8
1
 10
82.7520
 20
405.8770
 40
6.0000
 50
0.0000
  1
COMMENT: 向当て布上乗せ
  7
STANDARD
  0
TEXT
  8
1
 10
91.7632
 20
511.9980
 40
5.0000
 50
0.0000
  1
COMMENT: 1.5
  7
STANDARD
  0
TEXT
  8
1
 10
63.2271
 20
362.4424
 40
8.0000
 50
0.0000
  1
COMMENT: CR1-02F5-PL02
  7
STANDARD
  0
TEXT
  8
1
 10
63.2271
 20
354.4424
 40
8.0000
 50
0.0000
  1
COMMENT: Size:共通
  7
STANDARD
  0
TEXT
  8
1
 10
63.2271
 20
346.4424
 40
8.0000
 50
0.0000
  1
COMMENT: 後ポケット袋布
  7
STANDARD
  0
TEXT
  8
1
 10
63.2271
 20
338.4424
 40
8.0000
 50
0.0000
  1
COMMENT: スレーキ×2
  7
STANDARD
  0
TEXT
  8
1
 10
-0.2412
 20
358.1919
 40
5.0000
 50
269.9998
  1
COMMENT: 0.5
  7
STANDARD
  0
POLYLINE
999
1
  8
1
 66
1
 70
0
  0
VERTEX
999
1,1,,1
  8
1
 10
16.8145
 20
0.0000
  0
VERTEX
999
1,2
  8
1
 10
12.3643
 20
13.4473
  0
VERTEX
999
1,2
  8
1
 10
9.3613
 20
22.6426
  0
VERTEX
999
1,2
  8
1
 10
5.2373
 20
38.4609
  0
VERTEX
999
1,2
  8
1
 10
2.1763
 20
54.8677
  0
VERTEX
999
1,2
  8
1
 10
0.3911
 20
71.1807
  0
VERTEX
999
1,1,,2
  8
1
 10
0.0000
 20
82.5181
  0
VERTEX
999
1,1,1,3
  8
1
 10
0.0000
 20
262.2207
 38
10.0000
 50
0.0000
  0
VERTEX
999
1,1,,4
  8
1
 10
0.0000
 20
441.9233
  0
VERTEX
999
1,2
  8
1
 10
0.3911
 20
453.2607
  0
VERTEX
999
1,2
  8
1
 10
2.1763
 20
469.5737
  0
VERTEX
999
1,2
  8
1
 10
5.2373
 20
485.9805
  0
VERTEX
999
1,2
  8
1
 10
9.3618
 20
501.8003
  0
VERTEX
999
1,2
  8
1
 10
12.3643
 20
510.9946
  0
VERTEX
999
1,1,,5
  8
1
 10
16.8145
 20
524.4419
  0
VERTEX
999
1,2
  8
1
 10
17.6045
 20
524.4155
  0
VERTEX
999
1,2
  8
1
 10
34.0898
 20
523.9429
  0
VERTEX
999
1,2
  8
1
 10
50.5781
 20
523.6035
  0
VERTEX
999
1,2
  8
1
 10
67.0679
 20
523.3867
  0
VERTEX
999
1,2
  8
1
 10
83.5591
 20
523.2822
  0
VERTEX
999
1,2
  8
1
 10
100.0513
 20
523.2788
  0
VERTEX
999
1,2
  8
1
 10
116.5439
 20
523.3657
  0
VERTEX
999
1,2
  8
1
 10
133.0356
 20
523.5332
  0
VERTEX
999
1,2
  8
1
 10
149.5273
 20
523.7700
  0
VERTEX
999
1,2
  8
1
 10
166.0171
 20
524.0659
  0
VERTEX
999
1,2
  8
1
 10
182.5054
 20
524.4097
  0
VERTEX
999
1,1,,6
  8
1
 10
183.0498
 20
524.4214
  0
VERTEX
999
1,2
  8
1
 10
187.5747
 20
511.0117
  0
VERTEX
999
1,2
  8
1
 10
191.9087
 20
497.4814
  0
VERTEX
999
1,2
  8
1
 10
195.7881
 20
481.2861
  0
VERTEX
999
1,2
  8
1
 10
198.4253
 20
465.1470
  0
VERTEX
999
1,2
  8
1
 10
199.7539
 20
449.6948
  0
VERTEX
999
1,1,,7
  8
1
 10
199.9287
 20
441.9209
  0
VERTEX
999
1,2
  8
1
 10
199.8667
 20
352.0425
  0
VERTEX
999
1,1,1,8
  8
1
 10
199.7695
 20
262.1763
 38
10.0000
 50
180.0755
  0
VERTEX
999
1,2
  8
1
 10
199.8667
 20
172.3481
  0
VERTEX
999
1,1,,9
  8
1
 10
199.9287
 20
82.5205
  0
VERTEX
999
1,2
  8
1
 10
199.2612
 20
67.2188
  0
VERTEX
999
1,2
  8
1
 10
197.2524
 20
51.1841
  0
VERTEX
999
1,2
  8
1
 10
194.0088
 20
35.0605
  0
VERTEX
999
1,2
  8
1
 10
189.8203
 20
20.0874
  0
VERTEX
999
1,2
  8
1
 10
187.5747
 20
13.4302
  0
VERTEX
999
1,1,,10
  8
1
 10
183.0498
 20
0.0205
  0
VERTEX
999
1,2
  8
1
 10
182.5054
 20
0.0327
  0
VERTEX
999
1,2
  8
1
 10
166.0171
 20
0.3765
  0
VERTEX
999
1,2
  8
1
 10
149.5273
 20
0.6719
  0
VERTEX
999
1,2
  8
1
 10
133.0356
 20
0.9087
  0
VERTEX
999
1,2
  8
1
 10
116.5439
 20
1.0762
  0
VERTEX
999
1,2
  8
1
 10
100.0513
 20
1.1636
  0
VERTEX
999
1,2
  8
1
 10
83.5591
 20
1.1597
  0
VERTEX
999
1,2
  8
1
 10
67.0679
 20
1.0552
  0
VERTEX
999
1,2
  8
1
 10
50.5781
 20
0.8384
  0
VERTEX
999
1,2
  8
1
 10
34.0898
 20
0.4990
  0
VERTEX
999
1,2
  8
1
 10
17.6045
 20
0.0264
  0
VERTEX
999
1,1,,11
  8
1
 10
16.8145
 20
0.0000
  0
SEQEND
  0
POLYLINE
999
2
  8
1
 66
1
 70
0
  0
VERTEX
999
2,1,,12
  8
1
 10
17.1108
 20
15.0181
  0
VERTEX
999
2,2
  8
1
 10
15.0000
 20
21.3960
  0
VERTEX
999
2,2
  8
1
 10
14.1470
 20
24.0898
  0
VERTEX
999
2,2
  8
1
 10
12.0532
 20
31.5410
  0
VERTEX
999
2,2
  8
1
 10
10.1167
 20
39.5498
  0
VERTEX
999
2,2
  8
1
 10
8.3853
 20
48.0396
  0
VERTEX
999
2,2
  8
1
 10
7.1206
 20
55.6074
  0
VERTEX
999
2,2
  8
1
 10
6.0698
 20
63.7188
  0
VERTEX
999
2,2
  8
1
 10
5.3794
 20
71.5176
  0
VERTEX
999
2,2
  8
1
 10
5.0444
 20
78.8184
  0
VERTEX
999
2,1,,13
  8
1
 10
4.9995
 20
82.5190
  0
VERTEX
999
2,1,,14
  8
1
 10
4.9995
 20
262.2207
  0
VERTEX
999
2,1,,15
  8
1
 10
4.9995
 20
441.9224
  0
VERTEX
999
2,2
  8
1
 10
5.0444
 20
445.6230
  0
VERTEX
999
2,2
  8
1
 10
5.3794
 20
452.9238
  0
VERTEX
999
2,2
  8
1
 10
6.0698
 20
460.7227
  0
VERTEX
999
2,2
  8
1
 10
7.1206
 20
468.8340
  0
VERTEX
999
2,2
  8
1
 10
8.3853
 20
476.4019
  0
VERTEX
999
2,2
  8
1
 10
10.1167
 20
484.8916
  0
VERTEX
999
2,2
  8
1
 10
12.0532
 20
492.9004
  0
VERTEX
999
2,2
  8
1
 10
14.1470
 20
500.3516
  0
VERTEX
999
2,2
  8
1
 10
15.0000
 20
503.0454
  0
VERTEX
999
2,1,,16
  8
1
 10
17.1108
 20
509.4238
  0
VERTEX
999
2,2
  8
1
 10
33.6787
 20
508.9487
  0
VERTEX
999
2,2
  8
1
 10
50.2490
 20
508.6074
  0
VERTEX
999
2,2
  8
1
 10
66.8218
 20
508.3887
  0
VERTEX
999
2,2
  8
1
 10
83.3955
 20
508.2827
  0
VERTEX
999
2,2
  8
1
 10
99.9702
 20
508.2788
  0
VERTEX
999
2,2
  8
1
 10
116.5449
 20
508.3657
  0
VERTEX
999
2,2
  8
1
 10
133.1196
 20
508.5332
  0
VERTEX
999
2,2
  8
1
 10
149.6938
 20
508.7710
  0
VERTEX
999
2,2
  8
1
 10
166.2661
 20
509.0679
  0
VERTEX
999
2,1,,17
  8
1
 10
182.8369
 20
509.4131
  0
VERTEX
999
2,2
  8
1
 10
185.0698
 20
502.7930
  0
VERTEX
999
2,2
  8
1
 10
187.0933
 20
496.1348
  0
VERTEX
999
2,2
  8
1
 10
189.1450
 20
488.2197
  0
VERTEX
999
2,2
  8
1
 10
190.8853
 20
480.3018
  0
VERTEX
999
2,2
  8
1
 10
192.3179
 20
472.4487
  0
VERTEX
999
2,2
  8
1
 10
193.4639
 20
464.5239
  0
VERTEX
999
2,2
  8
1
 10
194.2788
 20
456.7959
  0
VERTEX
999
2,2
  8
1
 10
194.7588
 20
449.4673
  0
VERTEX
999
2,1,,18
  8
1
 10
194.9282
 20
441.9224
  0
VERTEX
999
2,2
  8
1
 10
194.8662
 20
352.0459
  0
VERTEX
999
2,1,,19
  8
1
 10
194.7690
 20
262.1694
  0
VERTEX
999
2,2
  8
1
 10
194.8662
 20
172.3447
  0
VERTEX
999
2,1,,20
  8
1
 10
194.9282
 20
82.5190
  0
VERTEX
999
2,2
  8
1
 10
194.7588
 20
74.9741
  0
VERTEX
999
2,2
  8
1
 10
194.2788
 20
67.6455
  0
VERTEX
999
2,2
  8
1
 10
193.4639
 20
59.9175
  0
VERTEX
999
2,2
  8
1
 10
192.3179
 20
51.9927
  0
VERTEX
999
2,2
  8
1
 10
190.8853
 20
44.1396
  0
VERTEX
999
2,2
  8
1
 10
189.1450
 20
36.2217
  0
VERTEX
999
2,2
  8
1
 10
187.0933
 20
28.3066
  0
VERTEX
999
2,2
  8
1
 10
185.0698
 20
21.6484
  0
VERTEX
999
2,1,,21
  8
1
 10
182.8369
 20
15.0288
  0
VERTEX
999
2,2
  8
1
 10
166.2661
 20
15.3740
  0
VERTEX
999
2,2
  8
1
 10
149.6938
 20
15.6709
  0
VERTEX
999
2,2
  8
1
 10
133.1196
 20
15.9087
  0
VERTEX
999
2,2
  8
1
 10
116.5449
 20
16.0762
  0
VERTEX
999
2,2
  8
1
 10
99.9702
 20
16.1631
  0
VERTEX
999
2,2
  8
1
 10
83.3955
 20
16.1592
  0
VERTEX
999
2,2
  8
1
 10
66.8218
 20
16.0532
  0
VERTEX
999
2,2
  8
1
 10
50.2490
 20
15.8345
  0
VERTEX
999
2,2
  8
1
 10
33.6787
 20
15.4932
  0
VERTEX
999
2,1,,22
  8
1
 10
17.1108
 20
15.0181
  0
SEQEND
  0
LINE
999
5,1,,23
  8
1
 10
4.9995
 20
262.2207
 11
14.9995
 21
262.2207
  0
LINE
999
5,1,,25
  8
1
 10
194.7690
 20
262.1694
 11
184.7690
 21
262.1563
  0
LINE
999
5,1,,27
  8
1
 10
4.9995
 20
262.2207
 11
194.7778
 21
262.1792
  0
LINE
999
5,1,,29
  8
1
 10
20.0752
 20
442.0869
 11
179.9941
 21
442.0869
  0
LINE
999
5,1,,31
  8
1
 10
179.9922
 20
427.0869
 11
20.0732
 21
427.0869
  0
LINE
999
5,1,,33
  8
1
 10
179.9941
 20
442.0869
 11
179.9922
 21
427.0869
  0
LINE
999
5,1,,35
  8
1
 10
4.9995
 20
402.1553
 11
194.9312
 21
402.0869
  0
LINE
999
5,1,,37
  8
1
  6
1
 10
5.0005
 20
403.6553
 11
194.9321
 21
403.5869
  0
LINE
999
5,1,,39
  8
1
  6
1
 10
11.9995
 20
441.9214
 11
11.9995
 21
262.2207
  0
LINE
999
5,1,,41
  8
1
 10
20.0732
 20
427.0869
 11
20.0752
 21
442.0869
  0
LINE
999
3,1,,43
  8
1
 10
56.8579
 20
523.5073
 11
56.8579
 21
0.9346
  0
LINE
999
5,1,,43
  8
1
 10
187.8408
 20
323.3511
 11
167.8179
 21
339.9805
  0
LINE
999
5,1,,45
  8
1
 10
187.8408
 20
323.3511
 11
182.7974
 21
331.9858
  0
POLYLINE
999
5
  8
1
  6
1
 66
1
 70
0
  0
VERTEX
999
5,1,,47
  8
1
 10
187.7690
 20
262.1812
  0
VERTEX
999
5,2
  8
1
 10
187.8652
 20
352.0479
  0
VERTEX
999
5,1,,48
  8
1
 10
187.9282
 20
441.9185
  0
SEQEND
  0
POLYLINE
999
5
  8
1
  6
1
 66
1
 70
0
  0
VERTEX
999
5,1,,49
  8
1
 10
187.9282
 20
441.9185
  0
VERTEX
999
5,2
  8
1
 10
187.7661
 20
449.1494
  0
VERTEX
999
5,2
  8
1
 10
187.3047
 20
456.1982
  0
VERTEX
999
5,2
  8
1
 10
186.5186
 20
463.6528
  0
VERTEX
999
5,2
  8
1
 10
185.4102
 20
471.3164
  0
VERTEX
999
5,2
  8
1
 10
184.0225
 20
478.9229
  0
VERTEX
999
5,2
  8
1
 10
182.3369
 20
486.5942
  0
VERTEX
999
5,2
  8
1
 10
180.3521
 20
494.2500
  0
VERTEX
999
5,2
  8
1
 10
178.3511
 20
500.8091
  0
VERTEX
999
5,1,,50
  8
1
 10
175.5029
 20
509.2549
  0
SEQEND
  0
POLYLINE
999
5
  8
1
  6
1
 66
1
 70
0
  0
VERTEX
999
5,1,,51
  8
1
 10
24.4634
 20
509.1958
  0
VERTEX
999
5,2
  8
1
 10
22.3047
 20
502.8384
  0
VERTEX
999
5,2
  8
1
 10
20.8472
 20
498.3247
  0
VERTEX
999
5,2
  8
1
 10
18.8281
 20
491.1387
  0
VERTEX
999
5,2
  8
1
 10
16.9492
 20
483.3677
  0
VERTEX
999
5,2
  8
1
 10
15.2690
 20
475.1299
  0
VERTEX
999
5,2
  8
1
 10
14.0439
 20
467.7988
  0
VERTEX
999
5,2
  8
1
 10
13.0283
 20
459.9609
  0
VERTEX
999
5,2
  8
1
 10
12.3638
 20
452.4521
  0
VERTEX
999
5,2
  8
1
 10
12.0425
 20
445.4531
  0
VERTEX
999
5,1,,52
  8
1
 10
11.9995
 20
441.9214
  0
SEQEND
  0
ENDBLK
  0
BLOCK
  8
1
  2
P0048_06
 70
64
 10
0.0000
 20
0.0000
  0
TEXT
  8
1
 10
208.8477
 20
493.8384
 40
5.0000
 50
0.0000
  1
PIECE: 後ポケット袋布
  7
STANDARD
  0
TEXT
  8
1
 10
208.8477
 20
488.0884
 40
5.0000
 50
0.0000
  1
SIZE: L
  7
STANDARD
  0
TEXT
  8
1
 10
208.8477
 20
482.3384
 40
5.0000
 50
0.0000
  1
FABRIC: スレーキ
  7
STANDARD
  0
TEXT
  8
1
 10
208.8477
 20
476.5884
 40
5.0000
 50
0.0000
  1
QUANTITY: 2
  7
STANDARD
  0
TEXT
  8
1
 10
149.9648
 20
346.3799
 40
6.0000
 50
0.0000
  1
COMMENT: 袋縫い
  7
STANDARD
  0
TEXT
  8
1
 10
149.9648
 20
340.3799
 40
6.0000
 50
0.0000
  1
COMMENT: 7mmステッチ
  7
STANDARD
  0
TEXT
  8
1
 10
194.8784
 20
369.1294
 40
5.0000
 50
269.9998
  1
COMMENT: 0.5
  7
STANDARD
  0
TEXT
  8
1
 10
82.7520
 20
405.8770
 40
6.0000
 50
0.0000
  1
COMMENT: 向当て布上乗せ
  7
STANDARD
  0
TEXT
  8
1
 10
91.7632
 20
511.9980
 40
5.0000
 50
0.0000
  1
COMMENT: 1.5
  7
STANDARD
  0
TEXT
  8
1
 10
63.2271
 20
362.4424
 40
8.0000
 50
0.0000
  1
COMMENT: CR1-02F5-PL02
  7
STANDARD
  0
TEXT
  8
1
 10
63.2271
 20
354.4424
 40
8.0000
 50
0.0000
  1
COMMENT: Size:共通
  7
STANDARD
  0
TEXT
  8
1
 10
63.2271
 20
346.4424
 40
8.0000
 50
0.0000
  1
COMMENT: 後ポケット袋布
  7
STANDARD
  0
TEXT
  8
1
 10
63.2271
 20
338.4424
 40
8.0000
 50
0.0000
  1
COMMENT: スレーキ×2
  7
STANDARD
  0
TEXT
  8
1
 10
-0.2412
 20
358.1919
 40
5.0000
 50
269.9998
  1
COMMENT: 0.5
  7
STANDARD
  0
POLYLINE
999
1
  8
1
 66
1
 70
0
  0
VERTEX
999
1,1,,1
  8
1
 10
16.8145
 20
0.0000
  0
VERTEX
999
1,2
  8
1
 10
12.3643
 20
13.4473
  0
VERTEX
999
1,2
  8
1
 10
9.3613
 20
22.6426
  0
VERTEX
999
1,2
  8
1
 10
5.2373
 20
38.4609
  0
VERTEX
999
1,2
  8
1
 10
2.1763
 20
54.8677
  0
VERTEX
999
1,2
  8
1
 10
0.3911
 20
71.1807
  0
VERTEX
999
1,1,,2
  8
1
 10
0.0000
 20
82.5181
  0
VERTEX
999
1,1,1,3
  8
1
 10
0.0000
 20
262.2207
 38
10.0000
 50
0.0000
  0
VERTEX
999
1,1,,4
  8
1
 10
0.0000
 20
441.9233
  0
VERTEX
999
1,2
  8
1
 10
0.3911
 20
453.2607
  0
VERTEX
999
1,2
  8
1
 10
2.1763
 20
469.5737
  0
VERTEX
999
1,2
  8
1
 10
5.2373
 20
485.9805
  0
VERTEX
999
1,2
  8
1
 10
9.3618
 20
501.8003
  0
VERTEX
999
1,2
  8
1
 10
12.3643
 20
510.9946
  0
VERTEX
999
1,1,,5
  8
1
 10
16.8145
 20
524.4419
  0
VERTEX
999
1,2
  8
1
 10
17.6045
 20
524.4155
  0
VERTEX
999
1,2
  8
1
 10
34.0898
 20
523.9429
  0
VERTEX
999
1,2
  8
1
 10
50.5781
 20
523.6035
  0
VERTEX
999
1,2
  8
1
 10
67.0679
 20
523.3867
  0
VERTEX
999
1,2
  8
1
 10
83.5591
 20
523.2822
  0
VERTEX
999
1,2
  8
1
 10
100.0513
 20
523.2788
  0
VERTEX
999
1,2
  8
1
 10
116.5439
 20
523.3657
  0
VERTEX
999
1,2
  8
1
 10
133.0356
 20
523.5332
  0
VERTEX
999
1,2
  8
1
 10
149.5273
 20
523.7700
  0
VERTEX
999
1,2
  8
1
 10
166.0171
 20
524.0659
  0
VERTEX
999
1,2
  8
1
 10
182.5054
 20
524.4097
  0
VERTEX
999
1,1,,6
  8
1
 10
183.0498
 20
524.4214
  0
VERTEX
999
1,2
  8
1
 10
187.5747
 20
511.0117
  0
VERTEX
999
1,2
  8
1
 10
191.9087
 20
497.4814
  0
VERTEX
999
1,2
  8
1
 10
195.7881
 20
481.2861
  0
VERTEX
999
1,2
  8
1
 10
198.4253
 20
465.1470
  0
VERTEX
999
1,2
  8
1
 10
199.7539
 20
449.6948
  0
VERTEX
999
1,1,,7
  8
1
 10
199.9287
 20
441.9209
  0
VERTEX
999
1,2
  8
1
 10
199.8667
 20
352.0425
  0
VERTEX
999
1,1,1,8
  8
1
 10
199.7695
 20
262.1763
 38
10.0000
 50
180.0755
  0
VERTEX
999
1,2
  8
1
 10
199.8667
 20
172.3481
  0
VERTEX
999
1,1,,9
  8
1
 10
199.9287
 20
82.5205
  0
VERTEX
999
1,2
  8
1
 10
199.2612
 20
67.2188
  0
VERTEX
999
1,2
  8
1
 10
197.2524
 20
51.1841
  0
VERTEX
999
1,2
  8
1
 10
194.0088
 20
35.0605
  0
VERTEX
999
1,2
  8
1
 10
189.8203
 20
20.0874
  0
VERTEX
999
1,2
  8
1
 10
187.5747
 20
13.4302
  0
VERTEX
999
1,1,,10
  8
1
 10
183.0498
 20
0.0205
  0
VERTEX
999
1,2
  8
1
 10
182.5054
 20
0.0327
  0
VERTEX
999
1,2
  8
1
 10
166.0171
 20
0.3765
  0
VERTEX
999
1,2
  8
1
 10
149.5273
 20
0.6719
  0
VERTEX
999
1,2
  8
1
 10
133.0356
 20
0.9087
  0
VERTEX
999
1,2
  8
1
 10
116.5439
 20
1.0762
  0
VERTEX
999
1,2
  8
1
 10
100.0513
 20
1.1636
  0
VERTEX
999
1,2
  8
1
 10
83.5591
 20
1.1597
  0
VERTEX
999
1,2
  8
1
 10
67.0679
 20
1.0552
  0
VERTEX
999
1,2
  8
1
 10
50.5781
 20
0.8384
  0
VERTEX
999
1,2
  8
1
 10
34.0898
 20
0.4990
  0
VERTEX
999
1,2
  8
1
 10
17.6045
 20
0.0264
  0
VERTEX
999
1,1,,11
  8
1
 10
16.8145
 20
0.0000
  0
SEQEND
  0
POLYLINE
999
2
  8
1
 66
1
 70
0
  0
VERTEX
999
2,1,,12
  8
1
 10
17.1108
 20
15.0181
  0
VERTEX
999
2,2
  8
1
 10
15.0000
 20
21.3960
  0
VERTEX
999
2,2
  8
1
 10
14.1470
 20
24.0898
  0
VERTEX
999
2,2
  8
1
 10
12.0532
 20
31.5410
  0
VERTEX
999
2,2
  8
1
 10
10.1167
 20
39.5498
  0
VERTEX
999
2,2
  8
1
 10
8.3853
 20
48.0396
  0
VERTEX
999
2,2
  8
1
 10
7.1206
 20
55.6074
  0
VERTEX
999
2,2
  8
1
 10
6.0698
 20
63.7188
  0
VERTEX
999
2,2
  8
1
 10
5.3794
 20
71.5176
  0
VERTEX
999
2,2
  8
1
 10
5.0444
 20
78.8184
  0
VERTEX
999
2,1,,13
  8
1
 10
4.9995
 20
82.5190
  0
VERTEX
999
2,1,,14
  8
1
 10
4.9995
 20
262.2207
  0
VERTEX
999
2,1,,15
  8
1
 10
4.9995
 20
441.9224
  0
VERTEX
999
2,2
  8
1
 10
5.0444
 20
445.6230
  0
VERTEX
999
2,2
  8
1
 10
5.3794
 20
452.9238
  0
VERTEX
999
2,2
  8
1
 10
6.0698
 20
460.7227
  0
VERTEX
999
2,2
  8
1
 10
7.1206
 20
468.8340
  0
VERTEX
999
2,2
  8
1
 10
8.3853
 20
476.4019
  0
VERTEX
999
2,2
  8
1
 10
10.1167
 20
484.8916
  0
VERTEX
999
2,2
  8
1
 10
12.0532
 20
492.9004
  0
VERTEX
999
2,2
  8
1
 10
14.1470
 20
500.3516
  0
VERTEX
999
2,2
  8
1
 10
15.0000
 20
503.0454
  0
VERTEX
999
2,1,,16
  8
1
 10
17.1108
 20
509.4238
  0
VERTEX
999
2,2
  8
1
 10
33.6787
 20
508.9487
  0
VERTEX
999
2,2
  8
1
 10
50.2490
 20
508.6074
  0
VERTEX
999
2,2
  8
1
 10
66.8218
 20
508.3887
  0
VERTEX
999
2,2
  8
1
 10
83.3955
 20
508.2827
  0
VERTEX
999
2,2
  8
1
 10
99.9702
 20
508.2788
  0
VERTEX
999
2,2
  8
1
 10
116.5449
 20
508.3657
  0
VERTEX
999
2,2
  8
1
 10
133.1196
 20
508.5332
  0
VERTEX
999
2,2
  8
1
 10
149.6938
 20
508.7710
  0
VERTEX
999
2,2
  8
1
 10
166.2661
 20
509.0679
  0
VERTEX
999
2,1,,17
  8
1
 10
182.8369
 20
509.4131
  0
VERTEX
999
2,2
  8
1
 10
185.0698
 20
502.7930
  0
VERTEX
999
2,2
  8
1
 10
187.0933
 20
496.1348
  0
VERTEX
999
2,2
  8
1
 10
189.1450
 20
488.2197
  0
VERTEX
999
2,2
  8
1
 10
190.8853
 20
480.3018
  0
VERTEX
999
2,2
  8
1
 10
192.3179
 20
472.4487
  0
VERTEX
999
2,2
  8
1
 10
193.4639
 20
464.5239
  0
VERTEX
999
2,2
  8
1
 10
194.2788
 20
456.7959
  0
VERTEX
999
2,2
  8
1
 10
194.7588
 20
449.4673
  0
VERTEX
999
2,1,,18
  8
1
 10
194.9282
 20
441.9224
  0
VERTEX
999
2,2
  8
1
 10
194.8662
 20
352.0459
  0
VERTEX
999
2,1,,19
  8
1
 10
194.7690
 20
262.1694
  0
VERTEX
999
2,2
  8
1
 10
194.8662
 20
172.3447
  0
VERTEX
999
2,1,,20
  8
1
 10
194.9282
 20
82.5190
  0
VERTEX
999
2,2
  8
1
 10
194.7588
 20
74.9741
  0
VERTEX
999
2,2
  8
1
 10
194.2788
 20
67.6455
  0
VERTEX
999
2,2
  8
1
 10
193.4639
 20
59.9175
  0
VERTEX
999
2,2
  8
1
 10
192.3179
 20
51.9927
  0
VERTEX
999
2,2
  8
1
 10
190.8853
 20
44.1396
  0
VERTEX
999
2,2
  8
1
 10
189.1450
 20
36.2217
  0
VERTEX
999
2,2
  8
1
 10
187.0933
 20
28.3066
  0
VERTEX
999
2,2
  8
1
 10
185.0698
 20
21.6484
  0
VERTEX
999
2,1,,21
  8
1
 10
182.8369
 20
15.0288
  0
VERTEX
999
2,2
  8
1
 10
166.2661
 20
15.3740
  0
VERTEX
999
2,2
  8
1
 10
149.6938
 20
15.6709
  0
VERTEX
999
2,2
  8
1
 10
133.1196
 20
15.9087
  0
VERTEX
999
2,2
  8
1
 10
116.5449
 20
16.0762
  0
VERTEX
999
2,2
  8
1
 10
99.9702
 20
16.1631
  0
VERTEX
999
2,2
  8
1
 10
83.3955
 20
16.1592
  0
VERTEX
999
2,2
  8
1
 10
66.8218
 20
16.0532
  0
VERTEX
999
2,2
  8
1
 10
50.2490
 20
15.8345
  0
VERTEX
999
2,2
  8
1
 10
33.6787
 20
15.4932
  0
VERTEX
999
2,1,,22
  8
1
 10
17.1108
 20
15.0181
  0
SEQEND
  0
LINE
999
5,1,,23
  8
1
 10
4.9995
 20
262.2207
 11
14.9995
 21
262.2207
  0
LINE
999
5,1,,25
  8
1
 10
194.7690
 20
262.1694
 11
184.7690
 21
262.1563
  0
LINE
999
5,1,,27
  8
1
 10
4.9995
 20
262.2207
 11
194.7778
 21
262.1792
  0
LINE
999
5,1,,29
  8
1
 10
20.0752
 20
442.0869
 11
179.9941
 21
442.0869
  0
LINE
999
5,1,,31
  8
1
 10
179.9922
 20
427.0869
 11
20.0732
 21
427.0869
  0
LINE
999
5,1,,33
  8
1
 10
179.9941
 20
442.0869
 11
179.9922
 21
427.0869
  0
LINE
999
5,1,,35
  8
1
 10
4.9995
 20
402.1553
 11
194.9312
 21
402.0869
  0
LINE
999
5,1,,37
  8
1
  6
1
 10
5.0005
 20
403.6553
 11
194.9321
 21
403.5869
  0
LINE
999
5,1,,39
  8
1
  6
1
 10
11.9995
 20
441.9214
 11
11.9995
 21
262.2207
  0
LINE
999
5,1,,41
  8
1
 10
20.0732
 20
427.0869
 11
20.0752
 21
442.0869
  0
LINE
999
3,1,,43
  8
1
 10
56.8579
 20
523.5073
 11
56.8579
 21
0.9346
  0
LINE
999
5,1,,43
  8
1
 10
187.8408
 20
323.3511
 11
167.8179
 21
339.9805
  0
LINE
999
5,1,,45
  8
1
 10
187.8408
 20
323.3511
 11
182.7974
 21
331.9858
  0
POLYLINE
999
5
  8
1
  6
1
 66
1
 70
0
  0
VERTEX
999
5,1,,47
  8
1
 10
187.7690
 20
262.1812
  0
VERTEX
999
5,2
  8
1
 10
187.8652
 20
352.0479
  0
VERTEX
999
5,1,,48
  8
1
 10
187.9282
 20
441.9185
  0
SEQEND
  0
POLYLINE
999
5
  8
1
  6
1
 66
1
 70
0
  0
VERTEX
999
5,1,,49
  8
1
 10
187.9282
 20
441.9185
  0
VERTEX
999
5,2
  8
1
 10
187.7661
 20
449.1494
  0
VERTEX
999
5,2
  8
1
 10
187.3047
 20
456.1982
  0
VERTEX
999
5,2
  8
1
 10
186.5186
 20
463.6528
  0
VERTEX
999
5,2
  8
1
 10
185.4102
 20
471.3164
  0
VERTEX
999
5,2
  8
1
 10
184.0225
 20
478.9229
  0
VERTEX
999
5,2
  8
1
 10
182.3369
 20
486.5942
  0
VERTEX
999
5,2
  8
1
 10
180.3521
 20
494.2500
  0
VERTEX
999
5,2
  8
1
 10
178.3511
 20
500.8091
  0
VERTEX
999
5,1,,50
  8
1
 10
175.5029
 20
509.2549
  0
SEQEND
  0
POLYLINE
999
5
  8
1
  6
1
 66
1
 70
0
  0
VERTEX
999
5,1,,51
  8
1
 10
24.4634
 20
509.1958
  0
VERTEX
999
5,2
  8
1
 10
22.3047
 20
502.8384
  0
VERTEX
999
5,2
  8
1
 10
20.8472
 20
498.3247
  0
VERTEX
999
5,2
  8
1
 10
18.8281
 20
491.1387
  0
VERTEX
999
5,2
  8
1
 10
16.9492
 20
483.3677
  0
VERTEX
999
5,2
  8
1
 10
15.2690
 20
475.1299
  0
VERTEX
999
5,2
  8
1
 10
14.0439
 20
467.7988
  0
VERTEX
999
5,2
  8
1
 10
13.0283
 20
459.9609
  0
VERTEX
999
5,2
  8
1
 10
12.3638
 20
452.4521
  0
VERTEX
999
5,2
  8
1
 10
12.0425
 20
445.4531
  0
VERTEX
999
5,1,,52
  8
1
 10
11.9995
 20
441.9214
  0
SEQEND
  0
ENDBLK
  0
BLOCK
  8
1
  2
P0049_07
 70
64
 10
0.0000
 20
0.0000
  0
TEXT
  8
1
 10
208.8477
 20
493.8384
 40
5.0000
 50
0.0000
  1
PIECE: 後ポケット袋布
  7
STANDARD
  0
TEXT
  8
1
 10
208.8477
 20
488.0884
 40
5.0000
 50
0.0000
  1
SIZE: XL
  7
STANDARD
  0
TEXT
  8
1
 10
208.8477
 20
482.3384
 40
5.0000
 50
0.0000
  1
FABRIC: スレーキ
  7
STANDARD
  0
TEXT
  8
1
 10
208.8477
 20
476.5884
 40
5.0000
 50
0.0000
  1
QUANTITY: 2
  7
STANDARD
  0
TEXT
  8
1
 10
149.9648
 20
346.3799
 40
6.0000
 50
0.0000
  1
COMMENT: 袋縫い
  7
STANDARD
  0
TEXT
  8
1
 10
149.9648
 20
340.3799
 40
6.0000
 50
0.0000
  1
COMMENT: 7mmステッチ
  7
STANDARD
  0
TEXT
  8
1
 10
194.8784
 20
369.1294
 40
5.0000
 50
269.9998
  1
COMMENT: 0.5
  7
STANDARD
  0
TEXT
  8
1
 10
82.7520
 20
405.8770
 40
6.0000
 50
0.0000
  1
COMMENT: 向当て布上乗せ
  7
STANDARD
  0
TEXT
  8
1
 10
91.7632
 20
511.9980
 40
5.0000
 50
0.0000
  1
COMMENT: 1.5
  7
STANDARD
  0
TEXT
  8
1
 10
63.2271
 20
362.4424
 40
8.0000
 50
0.0000
  1
COMMENT: CR1-02F5-PL02
  7
STANDARD
  0
TEXT
  8
1
 10
63.2271
 20
354.4424
 40
8.0000
 50
0.0000
  1
COMMENT: Size:共通
  7
STANDARD
  0
TEXT
  8
1
 10
63.2271
 20
346.4424
 40
8.0000
 50
0.0000
  1
COMMENT: 後ポケット袋布
  7
STANDARD
  0
TEXT
  8
1
 10
63.2271
 20
338.4424
 40
8.0000
 50
0.0000
  1
COMMENT: スレーキ×2
  7
STANDARD
  0
TEXT
  8
1
 10
-0.2412
 20
358.1919
 40
5.0000
 50
269.9998
  1
COMMENT: 0.5
  7
STANDARD
  0
POLYLINE
999
1
  8
1
 66
1
 70
0
  0
VERTEX
999
1,1,,1
  8
1
 10
16.8145
 20
0.0000
  0
VERTEX
999
1,2
  8
1
 10
12.3643
 20
13.4473
  0
VERTEX
999
1,2
  8
1
 10
9.3613
 20
22.6426
  0
VERTEX
999
1,2
  8
1
 10
5.2373
 20
38.4609
  0
VERTEX
999
1,2
  8
1
 10
2.1763
 20
54.8677
  0
VERTEX
999
1,2
  8
1
 10
0.3911
 20
71.1807
  0
VERTEX
999
1,1,,2
  8
1
 10
0.0000
 20
82.5181
  0
VERTEX
999
1,1,1,3
  8
1
 10
0.0000
 20
262.2207
 38
10.0000
 50
0.0000
  0
VERTEX
999
1,1,,4
  8
1
 10
0.0000
 20
441.9233
  0
VERTEX
999
1,2
  8
1
 10
0.3911
 20
453.2607
  0
VERTEX
999
1,2
  8
1
 10
2.1763
 20
469.5737
  0
VERTEX
999
1,2
  8
1
 10
5.2373
 20
485.9805
  0
VERTEX
999
1,2
  8
1
 10
9.3618
 20
501.8003
  0
VERTEX
999
1,2
  8
1
 10
12.3643
 20
510.9946
  0
VERTEX
999
1,1,,5
  8
1
 10
16.8145
 20
524.4419
  0
VERTEX
999
1,2
  8
1
 10
17.6045
 20
524.4155
  0
VERTEX
999
1,2
  8
1
 10
34.0898
 20
523.9429
  0
VERTEX
999
1,2
  8
1
 10
50.5781
 20
523.6035
  0
VERTEX
999
1,2
  8
1
 10
67.0679
 20
523.3867
  0
VERTEX
999
1,2
  8
1
 10
83.5591
 20
523.2822
  0
VERTEX
999
1,2
  8
1
 10
100.0513
 20
523.2788
  0
VERTEX
999
1,2
  8
1
 10
116.5439
 20
523.3657
  0
VERTEX
999
1,2
  8
1
 10
133.0356
 20
523.5332
  0
VERTEX
999
1,2
  8
1
 10
149.5273
 20
523.7700
  0
VERTEX
999
1,2
  8
1
 10
166.0171
 20
524.0659
  0
VERTEX
999
1,2
  8
1
 10
182.5054
 20
524.4097
  0
VERTEX
999
1,1,,6
  8
1
 10
183.0498
 20
524.4214
  0
VERTEX
999
1,2
  8
1
 10
187.5747
 20
511.0117
  0
VERTEX
999
1,2
  8
1
 10
191.9087
 20
497.4814
  0
VERTEX
999
1,2
  8
1
 10
195.7881
 20
481.2861
  0
VERTEX
999
1,2
  8
1
 10
198.4253
 20
465.1470
  0
VERTEX
999
1,2
  8
1
 10
199.7539
 20
449.6948
  0
VERTEX
999
1,1,,7
  8
1
 10
199.9287
 20
441.9209
  0
VERTEX
999
1,2
  8
1
 10
199.8667
 20
352.0425
  0
VERTEX
999
1,1,1,8
  8
1
 10
199.7695
 20
262.1763
 38
10.0000
 50
180.0755
  0
VERTEX
999
1,2
  8
1
 10
199.8667
 20
172.3481
  0
VERTEX
999
1,1,,9
  8
1
 10
199.9287
 20
82.5205
  0
VERTEX
999
1,2
  8
1
 10
199.2612
 20
67.2188
  0
VERTEX
999
1,2
  8
1
 10
197.2524
 20
51.1841
  0
VERTEX
999
1,2
  8
1
 10
194.0088
 20
35.0605
  0
VERTEX
999
1,2
  8
1
 10
189.8203
 20
20.0874
  0
VERTEX
999
1,2
  8
1
 10
187.5747
 20
13.4302
  0
VERTEX
999
1,1,,10
  8
1
 10
183.0498
 20
0.0205
  0
VERTEX
999
1,2
  8
1
 10
182.5054
 20
0.0327
  0
VERTEX
999
1,2
  8
1
 10
166.0171
 20
0.3765
  0
VERTEX
999
1,2
  8
1
 10
149.5273
 20
0.6719
  0
VERTEX
999
1,2
  8
1
 10
133.0356
 20
0.9087
  0
VERTEX
999
1,2
  8
1
 10
116.5439
 20
1.0762
  0
VERTEX
999
1,2
  8
1
 10
100.0513
 20
1.1636
  0
VERTEX
999
1,2
  8
1
 10
83.5591
 20
1.1597
  0
VERTEX
999
1,2
  8
1
 10
67.0679
 20
1.0552
  0
VERTEX
999
1,2
  8
1
 10
50.5781
 20
0.8384
  0
VERTEX
999
1,2
  8
1
 10
34.0898
 20
0.4990
  0
VERTEX
999
1,2
  8
1
 10
17.6045
 20
0.0264
  0
VERTEX
999
1,1,,11
  8
1
 10
16.8145
 20
0.0000
  0
SEQEND
  0
POLYLINE
999
2
  8
1
 66
1
 70
0
  0
VERTEX
999
2,1,,12
  8
1
 10
17.1108
 20
15.0181
  0
VERTEX
999
2,2
  8
1
 10
15.0000
 20
21.3960
  0
VERTEX
999
2,2
  8
1
 10
14.1470
 20
24.0898
  0
VERTEX
999
2,2
  8
1
 10
12.0532
 20
31.5410
  0
VERTEX
999
2,2
  8
1
 10
10.1167
 20
39.5498
  0
VERTEX
999
2,2
  8
1
 10
8.3853
 20
48.0396
  0
VERTEX
999
2,2
  8
1
 10
7.1206
 20
55.6074
  0
VERTEX
999
2,2
  8
1
 10
6.0698
 20
63.7188
  0
VERTEX
999
2,2
  8
1
 10
5.3794
 20
71.5176
  0
VERTEX
999
2,2
  8
1
 10
5.0444
 20
78.8184
  0
VERTEX
999
2,1,,13
  8
1
 10
4.9995
 20
82.5190
  0
VERTEX
999
2,1,,14
  8
1
 10
4.9995
 20
262.2207
  0
VERTEX
999
2,1,,15
  8
1
 10
4.9995
 20
441.9224
  0
VERTEX
999
2,2
  8
1
 10
5.0444
 20
445.6230
  0
VERTEX
999
2,2
  8
1
 10
5.3794
 20
452.9238
  0
VERTEX
999
2,2
  8
1
 10
6.0698
 20
460.7227
  0
VERTEX
999
2,2
  8
1
 10
7.1206
 20
468.8340
  0
VERTEX
999
2,2
  8
1
 10
8.3853
 20
476.4019
  0
VERTEX
999
2,2
  8
1
 10
10.1167
 20
484.8916
  0
VERTEX
999
2,2
  8
1
 10
12.0532
 20
492.9004
  0
VERTEX
999
2,2
  8
1
 10
14.1470
 20
500.3516
  0
VERTEX
999
2,2
  8
1
 10
15.0000
 20
503.0454
  0
VERTEX
999
2,1,,16
  8
1
 10
17.1108
 20
509.4238
  0
VERTEX
999
2,2
  8
1
 10
33.6787
 20
508.9487
  0
VERTEX
999
2,2
  8
1
 10
50.2490
 20
508.6074
  0
VERTEX
999
2,2
  8
1
 10
66.8218
 20
508.3887
  0
VERTEX
999
2,2
  8
1
 10
83.3955
 20
508.2827
  0
VERTEX
999
2,2
  8
1
 10
99.9702
 20
508.2788
  0
VERTEX
999
2,2
  8
1
 10
116.5449
 20
508.3657
  0
VERTEX
999
2,2
  8
1
 10
133.1196
 20
508.5332
  0
VERTEX
999
2,2
  8
1
 10
149.6938
 20
508.7710
  0
VERTEX
999
2,2
  8
1
 10
166.2661
 20
509.0679
  0
VERTEX
999
2,1,,17
  8
1
 10
182.8369
 20
509.4131
  0
VERTEX
999
2,2
  8
1
 10
185.0698
 20
502.7930
  0
VERTEX
999
2,2
  8
1
 10
187.0933
 20
496.1348
  0
VERTEX
999
2,2
  8
1
 10
189.1450
 20
488.2197
  0
VERTEX
999
2,2
  8
1
 10
190.8853
 20
480.3018
  0
VERTEX
999
2,2
  8
1
 10
192.3179
 20
472.4487
  0
VERTEX
999
2,2
  8
1
 10
193.4639
 20
464.5239
  0
VERTEX
999
2,2
  8
1
 10
194.2788
 20
456.7959
  0
VERTEX
999
2,2
  8
1
 10
194.7588
 20
449.4673
  0
VERTEX
999
2,1,,18
  8
1
 10
194.9282
 20
441.9224
  0
VERTEX
999
2,2
  8
1
 10
194.8662
 20
352.0459
  0
VERTEX
999
2,1,,19
  8
1
 10
194.7690
 20
262.1694
  0
VERTEX
999
2,2
  8
1
 10
194.8662
 20
172.3447
  0
VERTEX
999
2,1,,20
  8
1
 10
194.9282
 20
82.5190
  0
VERTEX
999
2,2
  8
1
 10
194.7588
 20
74.9741
  0
VERTEX
999
2,2
  8
1
 10
194.2788
 20
67.6455
  0
VERTEX
999
2,2
  8
1
 10
193.4639
 20
59.9175
  0
VERTEX
999
2,2
  8
1
 10
192.3179
 20
51.9927
  0
VERTEX
999
2,2
  8
1
 10
190.8853
 20
44.1396
  0
VERTEX
999
2,2
  8
1
 10
189.1450
 20
36.2217
  0
VERTEX
999
2,2
  8
1
 10
187.0933
 20
28.3066
  0
VERTEX
999
2,2
  8
1
 10
185.0698
 20
21.6484
  0
VERTEX
999
2,1,,21
  8
1
 10
182.8369
 20
15.0288
  0
VERTEX
999
2,2
  8
1
 10
166.2661
 20
15.3740
  0
VERTEX
999
2,2
  8
1
 10
149.6938
 20
15.6709
  0
VERTEX
999
2,2
  8
1
 10
133.1196
 20
15.9087
  0
VERTEX
999
2,2
  8
1
 10
116.5449
 20
16.0762
  0
VERTEX
999
2,2
  8
1
 10
99.9702
 20
16.1631
  0
VERTEX
999
2,2
  8
1
 10
83.3955
 20
16.1592
  0
VERTEX
999
2,2
  8
1
 10
66.8218
 20
16.0532
  0
VERTEX
999
2,2
  8
1
 10
50.2490
 20
15.8345
  0
VERTEX
999
2,2
  8
1
 10
33.6787
 20
15.4932
  0
VERTEX
999
2,1,,22
  8
1
 10
17.1108
 20
15.0181
  0
SEQEND
  0
LINE
999
5,1,,23
  8
1
 10
4.9995
 20
262.2207
 11
14.9995
 21
262.2207
  0
LINE
999
5,1,,25
  8
1
 10
194.7690
 20
262.1694
 11
184.7690
 21
262.1563
  0
LINE
999
5,1,,27
  8
1
 10
4.9995
 20
262.2207
 11
194.7778
 21
262.1792
  0
LINE
999
5,1,,29
  8
1
 10
20.0752
 20
442.0869
 11
179.9941
 21
442.0869
  0
LINE
999
5,1,,31
  8
1
 10
179.9922
 20
427.0869
 11
20.0732
 21
427.0869
  0
LINE
999
5,1,,33
  8
1
 10
179.9941
 20
442.0869
 11
179.9922
 21
427.0869
  0
LINE
999
5,1,,35
  8
1
 10
4.9995
 20
402.1553
 11
194.9312
 21
402.0869
  0
LINE
999
5,1,,37
  8
1
  6
1
 10
5.0005
 20
403.6553
 11
194.9321
 21
403.5869
  0
LINE
999
5,1,,39
  8
1
  6
1
 10
11.9995
 20
441.9214
 11
11.9995
 21
262.2207
  0
LINE
999
5,1,,41
  8
1
 10
20.0732
 20
427.0869
 11
20.0752
 21
442.0869
  0
LINE
999
3,1,,43
  8
1
 10
56.8579
 20
523.5073
 11
56.8579
 21
0.9346
  0
LINE
999
5,1,,43
  8
1
 10
187.8408
 20
323.3511
 11
167.8179
 21
339.9805
  0
LINE
999
5,1,,45
  8
1
 10
187.8408
 20
323.3511
 11
182.7974
 21
331.9858
  0
POLYLINE
999
5
  8
1
  6
1
 66
1
 70
0
  0
VERTEX
999
5,1,,47
  8
1
 10
187.7690
 20
262.1812
  0
VERTEX
999
5,2
  8
1
 10
187.8652
 20
352.0479
  0
VERTEX
999
5,1,,48
  8
1
 10
187.9282
 20
441.9185
  0
SEQEND
  0
POLYLINE
999
5
  8
1
  6
1
 66
1
 70
0
  0
VERTEX
999
5,1,,49
  8
1
 10
187.9282
 20
441.9185
  0
VERTEX
999
5,2
  8
1
 10
187.7661
 20
449.1494
  0
VERTEX
999
5,2
  8
1
 10
187.3047
 20
456.1982
  0
VERTEX
999
5,2
  8
1
 10
186.5186
 20
463.6528
  0
VERTEX
999
5,2
  8
1
 10
185.4102
 20
471.3164
  0
VERTEX
999
5,2
  8
1
 10
184.0225
 20
478.9229
  0
VERTEX
999
5,2
  8
1
 10
182.3369
 20
486.5942
  0
VERTEX
999
5,2
  8
1
 10
180.3521
 20
494.2500
  0
VERTEX
999
5,2
  8
1
 10
178.3511
 20
500.8091
  0
VERTEX
999
5,1,,50
  8
1
 10
175.5029
 20
509.2549
  0
SEQEND
  0
POLYLINE
999
5
  8
1
  6
1
 66
1
 70
0
  0
VERTEX
999
5,1,,51
  8
1
 10
24.4634
 20
509.1958
  0
VERTEX
999
5,2
  8
1
 10
22.3047
 20
502.8384
  0
VERTEX
999
5,2
  8
1
 10
20.8472
 20
498.3247
  0
VERTEX
999
5,2
  8
1
 10
18.8281
 20
491.1387
  0
VERTEX
999
5,2
  8
1
 10
16.9492
 20
483.3677
  0
VERTEX
999
5,2
  8
1
 10
15.2690
 20
475.1299
  0
VERTEX
999
5,2
  8
1
 10
14.0439
 20
467.7988
  0
VERTEX
999
5,2
  8
1
 10
13.0283
 20
459.9609
  0
VERTEX
999
5,2
  8
1
 10
12.3638
 20
452.4521
  0
VERTEX
999
5,2
  8
1
 10
12.0425
 20
445.4531
  0
VERTEX
999
5,1,,52
  8
1
 10
11.9995
 20
441.9214
  0
SEQEND
  0
ENDBLK
  0
BLOCK
  8
1
  2
P0050_08
 70
64
 10
0.0000
 20
0.0000
  0
TEXT
  8
1
 10
208.8477
 20
493.8384
 40
5.0000
 50
0.0000
  1
PIECE: 後ポケット袋布
  7
STANDARD
  0
TEXT
  8
1
 10
208.8477
 20
488.0884
 40
5.0000
 50
0.0000
  1
SIZE: XXL
  7
STANDARD
  0
TEXT
  8
1
 10
208.8477
 20
482.3384
 40
5.0000
 50
0.0000
  1
FABRIC: スレーキ
  7
STANDARD
  0
TEXT
  8
1
 10
208.8477
 20
476.5884
 40
5.0000
 50
0.0000
  1
QUANTITY: 2
  7
STANDARD
  0
TEXT
  8
1
 10
149.9648
 20
346.3799
 40
6.0000
 50
0.0000
  1
COMMENT: 袋縫い
  7
STANDARD
  0
TEXT
  8
1
 10
149.9648
 20
340.3799
 40
6.0000
 50
0.0000
  1
COMMENT: 7mmステッチ
  7
STANDARD
  0
TEXT
  8
1
 10
194.8784
 20
369.1294
 40
5.0000
 50
269.9998
  1
COMMENT: 0.5
  7
STANDARD
  0
TEXT
  8
1
 10
82.7520
 20
405.8770
 40
6.0000
 50
0.0000
  1
COMMENT: 向当て布上乗せ
  7
STANDARD
  0
TEXT
  8
1
 10
91.7632
 20
511.9980
 40
5.0000
 50
0.0000
  1
COMMENT: 1.5
  7
STANDARD
  0
TEXT
  8
1
 10
63.2271
 20
362.4424
 40
8.0000
 50
0.0000
  1
COMMENT: CR1-02F5-PL02
  7
STANDARD
  0
TEXT
  8
1
 10
63.2271
 20
354.4424
 40
8.0000
 50
0.0000
  1
COMMENT: Size:共通
  7
STANDARD
  0
TEXT
  8
1
 10
63.2271
 20
346.4424
 40
8.0000
 50
0.0000
  1
COMMENT: 後ポケット袋布
  7
STANDARD
  0
TEXT
  8
1
 10
63.2271
 20
338.4424
 40
8.0000
 50
0.0000
  1
COMMENT: スレーキ×2
  7
STANDARD
  0
TEXT
  8
1
 10
-0.2412
 20
358.1919
 40
5.0000
 50
269.9998
  1
COMMENT: 0.5
  7
STANDARD
  0
POLYLINE
999
1
  8
1
 66
1
 70
0
  0
VERTEX
999
1,1,,1
  8
1
 10
16.8145
 20
0.0000
  0
VERTEX
999
1,2
  8
1
 10
12.3643
 20
13.4473
  0
VERTEX
999
1,2
  8
1
 10
9.3613
 20
22.6426
  0
VERTEX
999
1,2
  8
1
 10
5.2373
 20
38.4609
  0
VERTEX
999
1,2
  8
1
 10
2.1763
 20
54.8677
  0
VERTEX
999
1,2
  8
1
 10
0.3911
 20
71.1807
  0
VERTEX
999
1,1,,2
  8
1
 10
0.0000
 20
82.5181
  0
VERTEX
999
1,1,1,3
  8
1
 10
0.0000
 20
262.2207
 38
10.0000
 50
0.0000
  0
VERTEX
999
1,1,,4
  8
1
 10
0.0000
 20
441.9233
  0
VERTEX
999
1,2
  8
1
 10
0.3911
 20
453.2607
  0
VERTEX
999
1,2
  8
1
 10
2.1763
 20
469.5737
  0
VERTEX
999
1,2
  8
1
 10
5.2373
 20
485.9805
  0
VERTEX
999
1,2
  8
1
 10
9.3618
 20
501.8003
  0
VERTEX
999
1,2
  8
1
 10
12.3643
 20
510.9946
  0
VERTEX
999
1,1,,5
  8
1
 10
16.8145
 20
524.4419
  0
VERTEX
999
1,2
  8
1
 10
17.6045
 20
524.4155
  0
VERTEX
999
1,2
  8
1
 10
34.0898
 20
523.9429
  0
VERTEX
999
1,2
  8
1
 10
50.5781
 20
523.6035
  0
VERTEX
999
1,2
  8
1
 10
67.0679
 20
523.3867
  0
VERTEX
999
1,2
  8
1
 10
83.5591
 20
523.2822
  0
VERTEX
999
1,2
  8
1
 10
100.0513
 20
523.2788
  0
VERTEX
999
1,2
  8
1
 10
116.5439
 20
523.3657
  0
VERTEX
999
1,2
  8
1
 10
133.0356
 20
523.5332
  0
VERTEX
999
1,2
  8
1
 10
149.5273
 20
523.7700
  0
VERTEX
999
1,2
  8
1
 10
166.0171
 20
524.0659
  0
VERTEX
999
1,2
  8
1
 10
182.5054
 20
524.4097
  0
VERTEX
999
1,1,,6
  8
1
 10
183.0498
 20
524.4214
  0
VERTEX
999
1,2
  8
1
 10
187.5747
 20
511.0117
  0
VERTEX
999
1,2
  8
1
 10
191.9087
 20
497.4814
  0
VERTEX
999
1,2
  8
1
 10
195.7881
 20
481.2861
  0
VERTEX
999
1,2
  8
1
 10
198.4253
 20
465.1470
  0
VERTEX
999
1,2
  8
1
 10
199.7539
 20
449.6948
  0
VERTEX
999
1,1,,7
  8
1
 10
199.9287
 20
441.9209
  0
VERTEX
999
1,2
  8
1
 10
199.8667
 20
352.0425
  0
VERTEX
999
1,1,1,8
  8
1
 10
199.7695
 20
262.1763
 38
10.0000
 50
180.0755
  0
VERTEX
999
1,2
  8
1
 10
199.8667
 20
172.3481
  0
VERTEX
999
1,1,,9
  8
1
 10
199.9287
 20
82.5205
  0
VERTEX
999
1,2
  8
1
 10
199.2612
 20
67.2188
  0
VERTEX
999
1,2
  8
1
 10
197.2524
 20
51.1841
  0
VERTEX
999
1,2
  8
1
 10
194.0088
 20
35.0605
  0
VERTEX
999
1,2
  8
1
 10
189.8203
 20
20.0874
  0
VERTEX
999
1,2
  8
1
 10
187.5747
 20
13.4302
  0
VERTEX
999
1,1,,10
  8
1
 10
183.0498
 20
0.0205
  0
VERTEX
999
1,2
  8
1
 10
182.5054
 20
0.0327
  0
VERTEX
999
1,2
  8
1
 10
166.0171
 20
0.3765
  0
VERTEX
999
1,2
  8
1
 10
149.5273
 20
0.6719
  0
VERTEX
999
1,2
  8
1
 10
133.0356
 20
0.9087
  0
VERTEX
999
1,2
  8
1
 10
116.5439
 20
1.0762
  0
VERTEX
999
1,2
  8
1
 10
100.0513
 20
1.1636
  0
VERTEX
999
1,2
  8
1
 10
83.5591
 20
1.1597
  0
VERTEX
999
1,2
  8
1
 10
67.0679
 20
1.0552
  0
VERTEX
999
1,2
  8
1
 10
50.5781
 20
0.8384
  0
VERTEX
999
1,2
  8
1
 10
34.0898
 20
0.4990
  0
VERTEX
999
1,2
  8
1
 10
17.6045
 20
0.0264
  0
VERTEX
999
1,1,,11
  8
1
 10
16.8145
 20
0.0000
  0
SEQEND
  0
POLYLINE
999
2
  8
1
 66
1
 70
0
  0
VERTEX
999
2,1,,12
  8
1
 10
17.1108
 20
15.0181
  0
VERTEX
999
2,2
  8
1
 10
15.0000
 20
21.3960
  0
VERTEX
999
2,2
  8
1
 10
14.1470
 20
24.0898
  0
VERTEX
999
2,2
  8
1
 10
12.0532
 20
31.5410
  0
VERTEX
999
2,2
  8
1
 10
10.1167
 20
39.5498
  0
VERTEX
999
2,2
  8
1
 10
8.3853
 20
48.0396
  0
VERTEX
999
2,2
  8
1
 10
7.1206
 20
55.6074
  0
VERTEX
999
2,2
  8
1
 10
6.0698
 20
63.7188
  0
VERTEX
999
2,2
  8
1
 10
5.3794
 20
71.5176
  0
VERTEX
999
2,2
  8
1
 10
5.0444
 20
78.8184
  0
VERTEX
999
2,1,,13
  8
1
 10
4.9995
 20
82.5190
  0
VERTEX
999
2,1,,14
  8
1
 10
4.9995
 20
262.2207
  0
VERTEX
999
2,1,,15
  8
1
 10
4.9995
 20
441.9224
  0
VERTEX
999
2,2
  8
1
 10
5.0444
 20
445.6230
  0
VERTEX
999
2,2
  8
1
 10
5.3794
 20
452.9238
  0
VERTEX
999
2,2
  8
1
 10
6.0698
 20
460.7227
  0
VERTEX
999
2,2
  8
1
 10
7.1206
 20
468.8340
  0
VERTEX
999
2,2
  8
1
 10
8.3853
 20
476.4019
  0
VERTEX
999
2,2
  8
1
 10
10.1167
 20
484.8916
  0
VERTEX
999
2,2
  8
1
 10
12.0532
 20
492.9004
  0
VERTEX
999
2,2
  8
1
 10
14.1470
 20
500.3516
  0
VERTEX
999
2,2
  8
1
 10
15.0000
 20
503.0454
  0
VERTEX
999
2,1,,16
  8
1
 10
17.1108
 20
509.4238
  0
VERTEX
999
2,2
  8
1
 10
33.6787
 20
508.9487
  0
VERTEX
999
2,2
  8
1
 10
50.2490
 20
508.6074
  0
VERTEX
999
2,2
  8
1
 10
66.8218
 20
508.3887
  0
VERTEX
999
2,2
  8
1
 10
83.3955
 20
508.2827
  0
VERTEX
999
2,2
  8
1
 10
99.9702
 20
508.2788
  0
VERTEX
999
2,2
  8
1
 10
116.5449
 20
508.3657
  0
VERTEX
999
2,2
  8
1
 10
133.1196
 20
508.5332
  0
VERTEX
999
2,2
  8
1
 10
149.6938
 20
508.7710
  0
VERTEX
999
2,2
  8
1
 10
166.2661
 20
509.0679
  0
VERTEX
999
2,1,,17
  8
1
 10
182.8369
 20
509.4131
  0
VERTEX
999
2,2
  8
1
 10
185.0698
 20
502.7930
  0
VERTEX
999
2,2
  8
1
 10
187.0933
 20
496.1348
  0
VERTEX
999
2,2
  8
1
 10
189.1450
 20
488.2197
  0
VERTEX
999
2,2
  8
1
 10
190.8853
 20
480.3018
  0
VERTEX
999
2,2
  8
1
 10
192.3179
 20
472.4487
  0
VERTEX
999
2,2
  8
1
 10
193.4639
 20
464.5239
  0
VERTEX
999
2,2
  8
1
 10
194.2788
 20
456.7959
  0
VERTEX
999
2,2
  8
1
 10
194.7588
 20
449.4673
  0
VERTEX
999
2,1,,18
  8
1
 10
194.9282
 20
441.9224
  0
VERTEX
999
2,2
  8
1
 10
194.8662
 20
352.0459
  0
VERTEX
999
2,1,,19
  8
1
 10
194.7690
 20
262.1694
  0
VERTEX
999
2,2
  8
1
 10
194.8662
 20
172.3447
  0
VERTEX
999
2,1,,20
  8
1
 10
194.9282
 20
82.5190
  0
VERTEX
999
2,2
  8
1
 10
194.7588
 20
74.9741
  0
VERTEX
999
2,2
  8
1
 10
194.2788
 20
67.6455
  0
VERTEX
999
2,2
  8
1
 10
193.4639
 20
59.9175
  0
VERTEX
999
2,2
  8
1
 10
192.3179
 20
51.9927
  0
VERTEX
999
2,2
  8
1
 10
190.8853
 20
44.1396
  0
VERTEX
999
2,2
  8
1
 10
189.1450
 20
36.2217
  0
VERTEX
999
2,2
  8
1
 10
187.0933
 20
28.3066
  0
VERTEX
999
2,2
  8
1
 10
185.0698
 20
21.6484
  0
VERTEX
999
2,1,,21
  8
1
 10
182.8369
 20
15.0288
  0
VERTEX
999
2,2
  8
1
 10
166.2661
 20
15.3740
  0
VERTEX
999
2,2
  8
1
 10
149.6938
 20
15.6709
  0
VERTEX
999
2,2
  8
1
 10
133.1196
 20
15.9087
  0
VERTEX
999
2,2
  8
1
 10
116.5449
 20
16.0762
  0
VERTEX
999
2,2
  8
1
 10
99.9702
 20
16.1631
  0
VERTEX
999
2,2
  8
1
 10
83.3955
 20
16.1592
  0
VERTEX
999
2,2
  8
1
 10
66.8218
 20
16.0532
  0
VERTEX
999
2,2
  8
1
 10
50.2490
 20
15.8345
  0
VERTEX
999
2,2
  8
1
 10
33.6787
 20
15.4932
  0
VERTEX
999
2,1,,22
  8
1
 10
17.1108
 20
15.0181
  0
SEQEND
  0
LINE
999
5,1,,23
  8
1
 10
4.9995
 20
262.2207
 11
14.9995
 21
262.2207
  0
LINE
999
5,1,,25
  8
1
 10
194.7690
 20
262.1694
 11
184.7690
 21
262.1563
  0
LINE
999
5,1,,27
  8
1
 10
4.9995
 20
262.2207
 11
194.7778
 21
262.1792
  0
LINE
999
5,1,,29
  8
1
 10
20.0752
 20
442.0869
 11
179.9941
 21
442.0869
  0
LINE
999
5,1,,31
  8
1
 10
179.9922
 20
427.0869
 11
20.0732
 21
427.0869
  0
LINE
999
5,1,,33
  8
1
 10
179.9941
 20
442.0869
 11
179.9922
 21
427.0869
  0
LINE
999
5,1,,35
  8
1
 10
4.9995
 20
402.1553
 11
194.9312
 21
402.0869
  0
LINE
999
5,1,,37
  8
1
  6
1
 10
5.0005
 20
403.6553
 11
194.9321
 21
403.5869
  0
LINE
999
5,1,,39
  8
1
  6
1
 10
11.9995
 20
441.9214
 11
11.9995
 21
262.2207
  0
LINE
999
5,1,,41
  8
1
 10
20.0732
 20
427.0869
 11
20.0752
 21
442.0869
  0
LINE
999
3,1,,43
  8
1
 10
56.8579
 20
523.5073
 11
56.8579
 21
0.9346
  0
LINE
999
5,1,,43
  8
1
 10
187.8408
 20
323.3511
 11
167.8179
 21
339.9805
  0
LINE
999
5,1,,45
  8
1
 10
187.8408
 20
323.3511
 11
182.7974
 21
331.9858
  0
POLYLINE
999
5
  8
1
  6
1
 66
1
 70
0
  0
VERTEX
999
5,1,,47
  8
1
 10
187.7690
 20
262.1812
  0
VERTEX
999
5,2
  8
1
 10
187.8652
 20
352.0479
  0
VERTEX
999
5,1,,48
  8
1
 10
187.9282
 20
441.9185
  0
SEQEND
  0
POLYLINE
999
5
  8
1
  6
1
 66
1
 70
0
  0
VERTEX
999
5,1,,49
  8
1
 10
187.9282
 20
441.9185
  0
VERTEX
999
5,2
  8
1
 10
187.7661
 20
449.1494
  0
VERTEX
999
5,2
  8
1
 10
187.3047
 20
456.1982
  0
VERTEX
999
5,2
  8
1
 10
186.5186
 20
463.6528
  0
VERTEX
999
5,2
  8
1
 10
185.4102
 20
471.3164
  0
VERTEX
999
5,2
  8
1
 10
184.0225
 20
478.9229
  0
VERTEX
999
5,2
  8
1
 10
182.3369
 20
486.5942
  0
VERTEX
999
5,2
  8
1
 10
180.3521
 20
494.2500
  0
VERTEX
999
5,2
  8
1
 10
178.3511
 20
500.8091
  0
VERTEX
999
5,1,,50
  8
1
 10
175.5029
 20
509.2549
  0
SEQEND
  0
POLYLINE
999
5
  8
1
  6
1
 66
1
 70
0
  0
VERTEX
999
5,1,,51
  8
1
 10
24.4634
 20
509.1958
  0
VERTEX
999
5,2
  8
1
 10
22.3047
 20
502.8384
  0
VERTEX
999
5,2
  8
1
 10
20.8472
 20
498.3247
  0
VERTEX
999
5,2
  8
1
 10
18.8281
 20
491.1387
  0
VERTEX
999
5,2
  8
1
 10
16.9492
 20
483.3677
  0
VERTEX
999
5,2
  8
1
 10
15.2690
 20
475.1299
  0
VERTEX
999
5,2
  8
1
 10
14.0439
 20
467.7988
  0
VERTEX
999
5,2
  8
1
 10
13.0283
 20
459.9609
  0
VERTEX
999
5,2
  8
1
 10
12.3638
 20
452.4521
  0
VERTEX
999
5,2
  8
1
 10
12.0425
 20
445.4531
  0
VERTEX
999
5,1,,52
  8
1
 10
11.9995
 20
441.9214
  0
SEQEND
  0
ENDBLK
  0
BLOCK
  8
1
  2
P0051_04
 70
64
 10
0.0000
 20
0.0000
  0
TEXT
  8
1
 10
179.7002
 20
53.2305
 40
8.0000
 50
0.0000
  1
PIECE: ベルト
  7
STANDARD
  0
TEXT
  8
1
 10
179.7002
 20
44.0305
 40
8.0000
 50
0.0000
  1
SIZE: S
  7
STANDARD
  0
TEXT
  8
1
 10
179.7002
 20
34.8305
 40
8.0000
 50
0.0000
  1
FABRIC: 表生地
  7
STANDARD
  0
TEXT
  8
1
 10
179.7002
 20
25.6305
 40
8.0000
 50
0.0000
  1
QUANTITY: 2
  7
STANDARD
  0
TEXT
  8
1
 10
4.5146
 20
15.6782
 40
5.0000
 50
0.0000
  1
COMMENT: F　C
  7
STANDARD
  0
TEXT
  8
1
 10
96.3721
 20
29.7510
 40
6.0000
 50
0.0000
  1
COMMENT: 35mm幅平ゴム入れ
  7
STANDARD
  0
TEXT
  8
1
 10
96.3721
 20
23.7510
 40
6.0000
 50
0.0000
  1
COMMENT: 88cmを72㎝に縮める
  7
STANDARD
  0
TEXT
  8
1
 10
278.2227
 20
27.1558
 40
6.0000
 50
0.0000
  1
COMMENT: コバステッチ
  7
STANDARD
  0
TEXT
  8
1
 10
236.6753
 20
2.2939
 40
5.0000
 50
0.0000
  1
COMMENT: 1.0/後高
  7
STANDARD
  0
TEXT
  8
1
 10
444.5605
 20
14.7842
 40
5.0000
 50
0.0000
  1
COMMENT: B　C
  7
STANDARD
  0
TEXT
  8
1
 10
457.9536
 20
22.9302
 40
5.0000
 50
90.0002
  1
COMMENT: 1.0/割り
  7
STANDARD
  0
TEXT
  8
1
 10
2.1426
 20
45.6343
 40
5.0000
 50
269.9998
  1
COMMENT: 1.0/割り
  7
STANDARD
  0
TEXT
  8
1
 10
12.3418
 20
38.8628
 40
5.0000
 50
0.0000
  1
COMMENT: 芯貼り
  7
STANDARD
  0
POLYLINE
999
1
  8
1
 66
1
 70
0
  0
VERTEX
999
1,1,,1
  8
1
 10
460.0000
 20
100.0000
  0
VERTEX
999
1,1,1,2
  8
1
 10
460.0000
 20
50.0000
 38
10.0000
 50
180.0000
  0
VERTEX
999
1,1,,3
  8
1
 10
460.0000
 20
0.0000
  0
VERTEX
999
1,2,1
  8
1
 10
226.0000
 20
0.0000
 38
10.0000
 50
90.0000
  0
VERTEX
999
1,1,,4
  8
1
 10
0.0000
 20
0.0000
  0
VERTEX
999
1,1,1,5
  8
1
 10
0.0000
 20
50.0000
 38
10.0000
 50
0.0000
  0
VERTEX
999
1,1,,6
  8
1
 10
0.0000
 20
100.0000
  0
VERTEX
999
1,2,1
  8
1
 10
226.0000
 20
100.0000
 38
10.0000
 50
270.0000
  0
VERTEX
999
1,1,,7
  8
1
 10
460.0000
 20
100.0000
  0
SEQEND
  0
POLYLINE
999
2
  8
1
 66
1
 70
0
  0
VERTEX
999
2,1,,8
  8
1
 10
450.0000
 20
90.0000
  0
VERTEX
999
2,1,,9
  8
1
 10
450.0000
 20
50.0000
  0
VERTEX
999
2,1,,10
  8
1
 10
450.0000
 20
10.0000
  0
VERTEX
999
2,1,,11
  8
1
 10
10.0000
 20
10.0000
  0
VERTEX
999
2,1,,12
  8
1
 10
10.0000
 20
50.0000
  0
VERTEX
999
2,1,,13
  8
1
 10
10.0000
 20
90.0000
  0
VERTEX
999
2,1,,14
  8
1
 10
450.0000
 20
90.0000
  0
SEQEND
  0
LINE
999
5,1,,15
  8
1
 10
450.0000
 20
50.0000
 11
440.0000
 21
50.0000
  0
LINE
999
5,1,,17
  8
1
 10
226.0000
 20
10.0000
 11
226.0000
 21
20.0000
  0
LINE
999
5,1,,19
  8
1
 10
10.0000
 20
50.0000
 11
20.0000
 21
50.0000
  0
LINE
999
5,1,,21
  8
1
 10
226.0000
 20
90.0000
 11
226.0000
 21
80.0000
  0
LINE
999
5,1,,23
  8
1
 10
10.0000
 20
50.0000
 11
450.0000
 21
50.0000
  0
LINE
999
5,1,,25
  8
1
  6
1
 10
10.0894
 20
36.6670
 11
449.7417
 21
36.6670
  0
LINE
999
5,1,,27
  8
1
  6
1
 10
10.1616
 20
23.3335
 11
449.7417
 21
23.3335
  0
LINE
999
5,1,,29
  8
1
  6
1
 10
10.0000
 20
11.5000
 11
450.0000
 21
11.5000
  0
LINE
999
5,1,,31
  8
1
 10
281.5728
 20
11.5000
 11
294.2002
 21
27.9287
  0
LINE
999
5,1,,33
  8
1
 10
281.5728
 20
11.5000
 11
284.5874
 21
21.0347
  0
LINE
999
5,1,,35
  8
1
 10
178.0186
 20
12.4565
 11
69.3408
 21
12.4565
  0
LINE
999
5,1,,37
  8
1
 10
69.3408
 20
47.4565
 11
178.0186
 21
47.4565
  0
LINE
999
5,1,,39
  8
1
  6
3
 10
50.0000
 20
45.4238
 11
10.0000
 21
45.4238
  0
LINE
999
5,1,,41
  8
1
  6
3
 10
10.0000
 20
15.4238
 11
50.0000
 21
15.4238
  0
LINE
999
5,1,,43
  8
1
 10
33.4111
 20
45.4238
 11
18.3853
 21
15.4238
  0
LINE
999
5,1,,45
  8
1
 10
31.1743
 20
45.4238
 11
16.1484
 21
15.4248
  0
LINE
999
5,1,,47
  8
1
 10
35.6475
 20
45.4229
 11
20.6221
 21
15.4238
  0
LINE
999
5,1,,49
  8
1
 10
33.9023
 20
23.9629
 11
36.3130
 21
23.9629
  0
LINE
999
5,1,,51
  8
1
 10
33.9023
 20
35.9629
 11
36.3130
 21
35.9629
  0
LINE
999
5,1,,53
  8
1
 10
34.6074
 20
23.9629
 11
34.6074
 21
35.8975
  0
LINE
999
5,1,,55
  8
1
 10
35.6074
 20
23.9629
 11
35.6074
 21
35.8975
  0
LINE
999
5,1,,57
  8
1
 10
32.4619
 20
29.9692
 11
37.7534
 21
29.9692
  0
LINE
999
5,1,,59
  8
1
  6
3
 10
50.0000
 20
15.4238
 11
50.0000
 21
45.4238
  0
POLYLINE
999
5
  8
1
 66
1
 70
0
  0
VERTEX
999
5,1,,61
  8
1
 10
69.3408
 20
30.5767
  0
VERTEX
999
5,2
  8
1
 10
68.9971
 20
31.1958
  0
VERTEX
999
5,2
  8
1
 10
68.6733
 20
31.8252
  0
VERTEX
999
5,2
  8
1
 10
68.3701
 20
32.4648
  0
VERTEX
999
5,2
  8
1
 10
68.0874
 20
33.1143
  0
VERTEX
999
5,2
  8
1
 10
67.8755
 20
33.6470
  0
VERTEX
999
5,2
  8
1
 10
67.6802
 20
34.1855
  0
VERTEX
999
5,2
  8
1
 10
67.5015
 20
34.7300
  0
VERTEX
999
5,2
  8
1
 10
67.3394
 20
35.2798
  0
VERTEX
999
5,2
  8
1
 10
67.1860
 20
35.8745
  0
VERTEX
999
5,2
  8
1
 10
67.0552
 20
36.4741
  0
VERTEX
999
5,2
  8
1
 10
66.9473
 20
37.0781
  0
VERTEX
999
5,2
  8
1
 10
66.8618
 20
37.6860
  0
VERTEX
999
5,2
  8
1
 10
66.8062
 20
38.2295
  0
VERTEX
999
5,2
  8
1
 10
66.7705
 20
38.7749
  0
VERTEX
999
5,2
  8
1
 10
66.7554
 20
39.3208
  0
VERTEX
999
5,2
  8
1
 10
66.7603
 20
39.8672
  0
VERTEX
999
5,2
  8
1
 10
66.7822
 20
40.3545
  0
VERTEX
999
5,2
  8
1
 10
66.8208
 20
40.8403
  0
VERTEX
999
5,2
  8
1
 10
66.8765
 20
41.3247
  0
VERTEX
999
5,2
  8
1
 10
66.9487
 20
41.8071
  0
VERTEX
999
5,2
  8
1
 10
67.0469
 20
42.3296
  0
VERTEX
999
5,2
  8
1
 10
67.1655
 20
42.8472
  0
VERTEX
999
5,2
  8
1
 10
67.3037
 20
43.3604
  0
VERTEX
999
5,2
  8
1
 10
67.4614
 20
43.8677
  0
VERTEX
999
5,2
  8
1
 10
67.6333
 20
44.3525
  0
VERTEX
999
5,2
  8
1
 10
67.8237
 20
44.8306
  0
VERTEX
999
5,2
  8
1
 10
68.0327
 20
45.3008
  0
VERTEX
999
5,2
  8
1
 10
68.2593
 20
45.7627
  0
VERTEX
999
5,2
  8
1
 10
68.4766
 20
46.1641
  0
VERTEX
999
5,2
  8
1
 10
68.7095
 20
46.5562
  0
VERTEX
999
5,2
  8
1
 10
68.9585
 20
46.9380
  0
VERTEX
999
5,1,,62
  8
1
 10
69.2231
 20
47.3096
  0
SEQEND
  0
LINE
999
5,1,,63
  8
1
 10
69.2231
 20
47.3096
 11
69.3408
 21
47.4565
  0
POLYLINE
999
5
  8
1
 66
1
 70
0
  0
VERTEX
999
5,1,,65
  8
1
 10
69.3408
 20
12.4565
  0
VERTEX
999
5,2
  8
1
 10
69.8032
 20
13.1953
  0
VERTEX
999
5,2
  8
1
 10
70.0630
 20
13.6743
  0
VERTEX
999
5,2
  8
1
 10
70.3062
 20
14.1616
  0
VERTEX
999
5,2
  8
1
 10
70.5317
 20
14.6577
  0
VERTEX
999
5,2
  8
1
 10
70.7397
 20
15.1616
  0
VERTEX
999
5,2
  8
1
 10
70.9341
 20
15.6782
  0
VERTEX
999
5,2
  8
1
 10
71.1113
 20
16.2007
  0
VERTEX
999
5,2
  8
1
 10
71.2725
 20
16.7290
  0
VERTEX
999
5,2
  8
1
 10
71.4160
 20
17.2622
  0
VERTEX
999
5,2
  8
1
 10
71.5459
 20
17.8169
  0
VERTEX
999
5,2
  8
1
 10
71.6572
 20
18.3755
  0
VERTEX
999
5,2
  8
1
 10
71.7490
 20
18.9380
  0
VERTEX
999
5,2
  8
1
 10
71.8223
 20
19.5029
  0
VERTEX
999
5,2
  8
1
 10
71.9111
 20
20.6489
  0
VERTEX
999
5,2
  8
1
 10
71.9214
 20
21.7969
  0
VERTEX
999
5,2
  8
1
 10
71.8530
 20
22.9429
  0
VERTEX
999
5,2
  8
1
 10
71.7065
 20
24.0825
  0
VERTEX
999
5,2
  8
1
 10
71.6099
 20
24.6230
  0
VERTEX
999
5,2
  8
1
 10
71.4966
 20
25.1597
  0
VERTEX
999
5,2
  8
1
 10
71.3662
 20
25.6924
  0
VERTEX
999
5,2
  8
1
 10
71.2197
 20
26.2212
  0
VERTEX
999
5,2
  8
1
 10
71.0420
 20
26.7930
  0
VERTEX
999
5,2
  8
1
 10
70.8457
 20
27.3589
  0
VERTEX
999
5,2
  8
1
 10
70.6323
 20
27.9180
  0
VERTEX
999
5,2
  8
1
 10
70.4014
 20
28.4707
  0
VERTEX
999
5,1,,66
  8
1
 10
69.3408
 20
30.5767
  0
SEQEND
  0
POLYLINE
999
5
  8
1
 66
1
 70
0
  0
VERTEX
999
5,1,,67
  8
1
 10
178.0186
 20
29.8809
  0
VERTEX
999
5,2
  8
1
 10
179.2305
 20
26.1343
  0
VERTEX
999
5,2
  8
1
 10
179.8882
 20
23.1421
  0
VERTEX
999
5,2
  8
1
 10
180.1787
 20
20.5737
  0
VERTEX
999
5,2
  8
1
 10
180.2021
 20
20.0322
  0
VERTEX
999
5,2
  8
1
 10
180.2090
 20
19.4897
  0
VERTEX
999
5,2
  8
1
 10
180.1997
 20
18.9478
  0
VERTEX
999
5,2
  8
1
 10
180.1743
 20
18.4058
  0
VERTEX
999
5,2
  8
1
 10
180.1333
 20
17.8882
  0
VERTEX
999
5,2
  8
1
 10
180.0728
 20
17.3730
  0
VERTEX
999
5,2
  8
1
 10
179.9937
 20
16.8604
  0
VERTEX
999
5,2
  8
1
 10
179.8950
 20
16.3511
  0
VERTEX
999
5,2
  8
1
 10
179.7891
 20
15.9004
  0
VERTEX
999
5,2
  8
1
 10
179.6641
 20
15.4556
  0
VERTEX
999
5,2
  8
1
 10
179.5195
 20
15.0161
  0
VERTEX
999
5,2
  8
1
 10
179.3555
 20
14.5830
  0
VERTEX
999
5,2
  8
1
 10
179.2021
 20
14.2280
  0
VERTEX
999
5,2
  8
1
 10
179.0313
 20
13.8813
  0
VERTEX
999
5,2
  8
1
 10
178.8442
 20
13.5439
  0
VERTEX
999
5,2
  8
1
 10
178.6401
 20
13.2153
  0
VERTEX
999
5,1,,68
  8
1
 10
178.0186
 20
12.4565
  0
SEQEND
  0
POLYLINE
999
5
  8
1
 66
1
 70
0
  0
VERTEX
999
5,1,,69
  8
1
 10
178.0186
 20
47.4565
  0
VERTEX
999
5,2
  8
1
 10
177.6855
 20
47.0830
  0
VERTEX
999
5,2
  8
1
 10
177.4780
 20
46.7979
  0
VERTEX
999
5,2
  8
1
 10
177.2861
 20
46.5024
  0
VERTEX
999
5,2
  8
1
 10
177.1099
 20
46.1973
  0
VERTEX
999
5,2
  8
1
 10
176.9487
 20
45.8833
  0
VERTEX
999
5,2
  8
1
 10
176.7773
 20
45.5078
  0
VERTEX
999
5,2
  8
1
 10
176.6216
 20
45.1255
  0
VERTEX
999
5,2
  8
1
 10
176.4819
 20
44.7373
  0
VERTEX
999
5,2
  8
1
 10
176.3584
 20
44.3433
  0
VERTEX
999
5,2
  8
1
 10
176.2275
 20
43.8530
  0
VERTEX
999
5,2
  8
1
 10
176.1157
 20
43.3579
  0
VERTEX
999
5,2
  8
1
 10
176.0239
 20
42.8594
  0
VERTEX
999
5,2
  8
1
 10
175.9521
 20
42.3569
  0
VERTEX
999
5,2
  8
1
 10
175.8989
 20
41.8594
  0
VERTEX
999
5,2
  8
1
 10
175.8604
 20
41.3604
  0
VERTEX
999
5,2
  8
1
 10
175.8364
 20
40.8604
  0
VERTEX
999
5,2
  8
1
 10
175.8281
 20
40.3599
  0
VERTEX
999
5,2
  8
1
 10
175.8364
 20
39.7632
  0
VERTEX
999
5,2
  8
1
 10
175.8613
 20
39.1665
  0
VERTEX
999
5,2
  8
1
 10
175.9028
 20
38.5713
  0
VERTEX
999
5,2
  8
1
 10
175.9619
 20
37.9771
  0
VERTEX
999
5,2
  8
1
 10
176.4268
 20
35.1865
  0
VERTEX
999
5,2
  8
1
 10
177.2959
 20
31.9663
  0
VERTEX
999
5,1,,70
  8
1
 10
178.0186
 20
29.8809
  0
SEQEND
  0
ENDBLK
  0
BLOCK
  8
1
  2
P0052_05
 70
64
 10
0.0000
 20
0.0000
  0
TEXT
  8
1
 10
191.7002
 20
53.2305
 40
8.0000
 50
0.0000
  1
PIECE: ベルト
  7
STANDARD
  0
TEXT
  8
1
 10
191.7002
 20
44.0305
 40
8.0000
 50
0.0000
  1
SIZE: M
  7
STANDARD
  0
TEXT
  8
1
 10
191.7002
 20
34.8305
 40
8.0000
 50
0.0000
  1
FABRIC: 表生地
  7
STANDARD
  0
TEXT
  8
1
 10
191.7002
 20
25.6305
 40
8.0000
 50
0.0000
  1
QUANTITY: 2
  7
STANDARD
  0
TEXT
  8
1
 10
4.5146
 20
15.6782
 40
5.0000
 50
0.0000
  1
COMMENT: F　C
  7
STANDARD
  0
TEXT
  8
1
 10
96.3721
 20
29.7510
 40
6.0000
 50
0.0000
  1
COMMENT: 35mm幅平ゴム入れ
  7
STANDARD
  0
TEXT
  8
1
 10
96.3721
 20
23.7510
 40
6.0000
 50
0.0000
  1
COMMENT: 93cmを77㎝に縮める
  7
STANDARD
  0
TEXT
  8
1
 10
290.2227
 20
27.1558
 40
6.0000
 50
0.0000
  1
COMMENT: コバステッチ
  7
STANDARD
  0
TEXT
  8
1
 10
248.6753
 20
2.2939
 40
5.0000
 50
0.0000
  1
COMMENT: 1.0/後高
  7
STANDARD
  0
TEXT
  8
1
 10
469.5605
 20
14.7842
 40
5.0000
 50
0.0000
  1
COMMENT: B　C
  7
STANDARD
  0
TEXT
  8
1
 10
482.9536
 20
22.9302
 40
5.0000
 50
90.0002
  1
COMMENT: 1.0/割り
  7
STANDARD
  0
TEXT
  8
1
 10
2.1426
 20
45.6343
 40
5.0000
 50
269.9998
  1
COMMENT: 1.0/割り
  7
STANDARD
  0
TEXT
  8
1
 10
12.3418
 20
38.8628
 40
5.0000
 50
0.0000
  1
COMMENT: 芯貼り
  7
STANDARD
  0
POLYLINE
999
1
  8
1
 66
1
 70
0
  0
VERTEX
999
1,1,,1
  8
1
 10
485.0000
 20
100.0000
  0
VERTEX
999
1,1,1,2
  8
1
 10
485.0000
 20
50.0000
 38
10.0000
 50
180.0000
  0
VERTEX
999
1,1,,3
  8
1
 10
485.0000
 20
0.0000
  0
VERTEX
999
1,2,1
  8
1
 10
238.0000
 20
0.0000
 38
10.0000
 50
90.0000
  0
VERTEX
999
1,1,,4
  8
1
 10
0.0000
 20
0.0000
  0
VERTEX
999
1,1,1,5
  8
1
 10
0.0000
 20
50.0000
 38
10.0000
 50
0.0000
  0
VERTEX
999
1,1,,6
  8
1
 10
0.0000
 20
100.0000
  0
VERTEX
999
1,2,1
  8
1
 10
238.0000
 20
100.0000
 38
10.0000
 50
270.0000
  0
VERTEX
999
1,1,,7
  8
1
 10
485.0000
 20
100.0000
  0
SEQEND
  0
POLYLINE
999
2
  8
1
 66
1
 70
0
  0
VERTEX
999
2,1,,8
  8
1
 10
475.0000
 20
90.0000
  0
VERTEX
999
2,1,,9
  8
1
 10
475.0000
 20
50.0000
  0
VERTEX
999
2,1,,10
  8
1
 10
475.0000
 20
10.0000
  0
VERTEX
999
2,1,,11
  8
1
 10
10.0000
 20
10.0000
  0
VERTEX
999
2,1,,12
  8
1
 10
10.0000
 20
50.0000
  0
VERTEX
999
2,1,,13
  8
1
 10
10.0000
 20
90.0000
  0
VERTEX
999
2,1,,14
  8
1
 10
475.0000
 20
90.0000
  0
SEQEND
  0
LINE
999
5,1,,15
  8
1
 10
475.0000
 20
50.0000
 11
465.0000
 21
50.0000
  0
LINE
999
5,1,,17
  8
1
 10
238.0000
 20
10.0000
 11
238.0000
 21
20.0000
  0
LINE
999
5,1,,19
  8
1
 10
10.0000
 20
50.0000
 11
20.0000
 21
50.0000
  0
LINE
999
5,1,,21
  8
1
 10
238.0000
 20
90.0000
 11
238.0000
 21
80.0000
  0
LINE
999
5,1,,23
  8
1
 10
10.0000
 20
50.0000
 11
475.0000
 21
50.0000
  0
LINE
999
5,1,,25
  8
1
  6
1
 10
10.0894
 20
36.6670
 11
474.7417
 21
36.6670
  0
LINE
999
5,1,,27
  8
1
  6
1
 10
10.1616
 20
23.3335
 11
474.7417
 21
23.3335
  0
LINE
999
5,1,,29
  8
1
  6
1
 10
10.0000
 20
11.5000
 11
475.0000
 21
11.5000
  0
LINE
999
5,1,,31
  8
1
 10
293.5728
 20
11.5000
 11
306.2002
 21
27.9287
  0
LINE
999
5,1,,33
  8
1
 10
293.5728
 20
11.5000
 11
296.5874
 21
21.0347
  0
LINE
999
5,1,,35
  8
1
 10
178.0186
 20
12.4565
 11
69.3408
 21
12.4565
  0
LINE
999
5,1,,37
  8
1
 10
69.3408
 20
47.4565
 11
178.0186
 21
47.4565
  0
LINE
999
5,1,,39
  8
1
  6
3
 10
50.0000
 20
45.4238
 11
10.0000
 21
45.4238
  0
LINE
999
5,1,,41
  8
1
  6
3
 10
10.0000
 20
15.4238
 11
50.0000
 21
15.4238
  0
LINE
999
5,1,,43
  8
1
 10
33.4111
 20
45.4238
 11
18.3853
 21
15.4238
  0
LINE
999
5,1,,45
  8
1
 10
31.1743
 20
45.4238
 11
16.1484
 21
15.4248
  0
LINE
999
5,1,,47
  8
1
 10
35.6475
 20
45.4229
 11
20.6221
 21
15.4238
  0
LINE
999
5,1,,49
  8
1
 10
33.9023
 20
23.9629
 11
36.3130
 21
23.9629
  0
LINE
999
5,1,,51
  8
1
 10
33.9023
 20
35.9629
 11
36.3130
 21
35.9629
  0
LINE
999
5,1,,53
  8
1
 10
34.6074
 20
23.9629
 11
34.6074
 21
35.8975
  0
LINE
999
5,1,,55
  8
1
 10
35.6074
 20
23.9629
 11
35.6074
 21
35.8975
  0
LINE
999
5,1,,57
  8
1
 10
32.4619
 20
29.9692
 11
37.7534
 21
29.9692
  0
LINE
999
5,1,,59
  8
1
  6
3
 10
50.0000
 20
15.4238
 11
50.0000
 21
45.4238
  0
POLYLINE
999
5
  8
1
 66
1
 70
0
  0
VERTEX
999
5,1,,61
  8
1
 10
69.3408
 20
30.5767
  0
VERTEX
999
5,2
  8
1
 10
68.9971
 20
31.1958
  0
VERTEX
999
5,2
  8
1
 10
68.6733
 20
31.8252
  0
VERTEX
999
5,2
  8
1
 10
68.3701
 20
32.4648
  0
VERTEX
999
5,2
  8
1
 10
68.0874
 20
33.1143
  0
VERTEX
999
5,2
  8
1
 10
67.8755
 20
33.6470
  0
VERTEX
999
5,2
  8
1
 10
67.6802
 20
34.1855
  0
VERTEX
999
5,2
  8
1
 10
67.5015
 20
34.7300
  0
VERTEX
999
5,2
  8
1
 10
67.3394
 20
35.2798
  0
VERTEX
999
5,2
  8
1
 10
67.1860
 20
35.8745
  0
VERTEX
999
5,2
  8
1
 10
67.0552
 20
36.4741
  0
VERTEX
999
5,2
  8
1
 10
66.9473
 20
37.0781
  0
VERTEX
999
5,2
  8
1
 10
66.8618
 20
37.6860
  0
VERTEX
999
5,2
  8
1
 10
66.8062
 20
38.2295
  0
VERTEX
999
5,2
  8
1
 10
66.7705
 20
38.7749
  0
VERTEX
999
5,2
  8
1
 10
66.7554
 20
39.3208
  0
VERTEX
999
5,2
  8
1
 10
66.7603
 20
39.8672
  0
VERTEX
999
5,2
  8
1
 10
66.7822
 20
40.3545
  0
VERTEX
999
5,2
  8
1
 10
66.8208
 20
40.8403
  0
VERTEX
999
5,2
  8
1
 10
66.8765
 20
41.3247
  0
VERTEX
999
5,2
  8
1
 10
66.9487
 20
41.8071
  0
VERTEX
999
5,2
  8
1
 10
67.0469
 20
42.3296
  0
VERTEX
999
5,2
  8
1
 10
67.1655
 20
42.8472
  0
VERTEX
999
5,2
  8
1
 10
67.3037
 20
43.3604
  0
VERTEX
999
5,2
  8
1
 10
67.4614
 20
43.8677
  0
VERTEX
999
5,2
  8
1
 10
67.6333
 20
44.3525
  0
VERTEX
999
5,2
  8
1
 10
67.8237
 20
44.8306
  0
VERTEX
999
5,2
  8
1
 10
68.0327
 20
45.3008
  0
VERTEX
999
5,2
  8
1
 10
68.2593
 20
45.7627
  0
VERTEX
999
5,2
  8
1
 10
68.4766
 20
46.1641
  0
VERTEX
999
5,2
  8
1
 10
68.7095
 20
46.5562
  0
VERTEX
999
5,2
  8
1
 10
68.9585
 20
46.9380
  0
VERTEX
999
5,1,,62
  8
1
 10
69.2231
 20
47.3096
  0
SEQEND
  0
LINE
999
5,1,,63
  8
1
 10
69.2231
 20
47.3096
 11
69.3408
 21
47.4565
  0
POLYLINE
999
5
  8
1
 66
1
 70
0
  0
VERTEX
999
5,1,,65
  8
1
 10
69.3408
 20
12.4565
  0
VERTEX
999
5,2
  8
1
 10
69.8032
 20
13.1953
  0
VERTEX
999
5,2
  8
1
 10
70.0630
 20
13.6743
  0
VERTEX
999
5,2
  8
1
 10
70.3062
 20
14.1616
  0
VERTEX
999
5,2
  8
1
 10
70.5317
 20
14.6577
  0
VERTEX
999
5,2
  8
1
 10
70.7397
 20
15.1616
  0
VERTEX
999
5,2
  8
1
 10
70.9341
 20
15.6782
  0
VERTEX
999
5,2
  8
1
 10
71.1113
 20
16.2007
  0
VERTEX
999
5,2
  8
1
 10
71.2725
 20
16.7290
  0
VERTEX
999
5,2
  8
1
 10
71.4160
 20
17.2622
  0
VERTEX
999
5,2
  8
1
 10
71.5459
 20
17.8169
  0
VERTEX
999
5,2
  8
1
 10
71.6572
 20
18.3755
  0
VERTEX
999
5,2
  8
1
 10
71.7490
 20
18.9380
  0
VERTEX
999
5,2
  8
1
 10
71.8223
 20
19.5029
  0
VERTEX
999
5,2
  8
1
 10
71.9111
 20
20.6489
  0
VERTEX
999
5,2
  8
1
 10
71.9214
 20
21.7969
  0
VERTEX
999
5,2
  8
1
 10
71.8530
 20
22.9429
  0
VERTEX
999
5,2
  8
1
 10
71.7065
 20
24.0825
  0
VERTEX
999
5,2
  8
1
 10
71.6099
 20
24.6230
  0
VERTEX
999
5,2
  8
1
 10
71.4966
 20
25.1597
  0
VERTEX
999
5,2
  8
1
 10
71.3662
 20
25.6924
  0
VERTEX
999
5,2
  8
1
 10
71.2197
 20
26.2212
  0
VERTEX
999
5,2
  8
1
 10
71.0420
 20
26.7930
  0
VERTEX
999
5,2
  8
1
 10
70.8457
 20
27.3589
  0
VERTEX
999
5,2
  8
1
 10
70.6323
 20
27.9180
  0
VERTEX
999
5,2
  8
1
 10
70.4014
 20
28.4707
  0
VERTEX
999
5,1,,66
  8
1
 10
69.3408
 20
30.5767
  0
SEQEND
  0
POLYLINE
999
5
  8
1
 66
1
 70
0
  0
VERTEX
999
5,1,,67
  8
1
 10
178.0186
 20
29.8809
  0
VERTEX
999
5,2
  8
1
 10
179.2305
 20
26.1343
  0
VERTEX
999
5,2
  8
1
 10
179.8882
 20
23.1421
  0
VERTEX
999
5,2
  8
1
 10
180.1787
 20
20.5737
  0
VERTEX
999
5,2
  8
1
 10
180.2021
 20
20.0322
  0
VERTEX
999
5,2
  8
1
 10
180.2090
 20
19.4897
  0
VERTEX
999
5,2
  8
1
 10
180.1997
 20
18.9478
  0
VERTEX
999
5,2
  8
1
 10
180.1743
 20
18.4058
  0
VERTEX
999
5,2
  8
1
 10
180.1333
 20
17.8882
  0
VERTEX
999
5,2
  8
1
 10
180.0728
 20
17.3730
  0
VERTEX
999
5,2
  8
1
 10
179.9937
 20
16.8604
  0
VERTEX
999
5,2
  8
1
 10
179.8950
 20
16.3511
  0
VERTEX
999
5,2
  8
1
 10
179.7891
 20
15.9004
  0
VERTEX
999
5,2
  8
1
 10
179.6641
 20
15.4556
  0
VERTEX
999
5,2
  8
1
 10
179.5195
 20
15.0161
  0
VERTEX
999
5,2
  8
1
 10
179.3555
 20
14.5830
  0
VERTEX
999
5,2
  8
1
 10
179.2021
 20
14.2280
  0
VERTEX
999
5,2
  8
1
 10
179.0313
 20
13.8813
  0
VERTEX
999
5,2
  8
1
 10
178.8442
 20
13.5439
  0
VERTEX
999
5,2
  8
1
 10
178.6401
 20
13.2153
  0
VERTEX
999
5,1,,68
  8
1
 10
178.0186
 20
12.4565
  0
SEQEND
  0
POLYLINE
999
5
  8
1
 66
1
 70
0
  0
VERTEX
999
5,1,,69
  8
1
 10
178.0186
 20
47.4565
  0
VERTEX
999
5,2
  8
1
 10
177.6855
 20
47.0830
  0
VERTEX
999
5,2
  8
1
 10
177.4780
 20
46.7979
  0
VERTEX
999
5,2
  8
1
 10
177.2861
 20
46.5024
  0
VERTEX
999
5,2
  8
1
 10
177.1099
 20
46.1973
  0
VERTEX
999
5,2
  8
1
 10
176.9487
 20
45.8833
  0
VERTEX
999
5,2
  8
1
 10
176.7773
 20
45.5078
  0
VERTEX
999
5,2
  8
1
 10
176.6216
 20
45.1255
  0
VERTEX
999
5,2
  8
1
 10
176.4819
 20
44.7373
  0
VERTEX
999
5,2
  8
1
 10
176.3584
 20
44.3433
  0
VERTEX
999
5,2
  8
1
 10
176.2275
 20
43.8530
  0
VERTEX
999
5,2
  8
1
 10
176.1157
 20
43.3579
  0
VERTEX
999
5,2
  8
1
 10
176.0239
 20
42.8594
  0
VERTEX
999
5,2
  8
1
 10
175.9521
 20
42.3569
  0
VERTEX
999
5,2
  8
1
 10
175.8989
 20
41.8594
  0
VERTEX
999
5,2
  8
1
 10
175.8604
 20
41.3604
  0
VERTEX
999
5,2
  8
1
 10
175.8364
 20
40.8604
  0
VERTEX
999
5,2
  8
1
 10
175.8281
 20
40.3599
  0
VERTEX
999
5,2
  8
1
 10
175.8364
 20
39.7632
  0
VERTEX
999
5,2
  8
1
 10
175.8613
 20
39.1665
  0
VERTEX
999
5,2
  8
1
 10
175.9028
 20
38.5713
  0
VERTEX
999
5,2
  8
1
 10
175.9619
 20
37.9771
  0
VERTEX
999
5,2
  8
1
 10
176.4268
 20
35.1865
  0
VERTEX
999
5,2
  8
1
 10
177.2959
 20
31.9663
  0
VERTEX
999
5,1,,70
  8
1
 10
178.0186
 20
29.8809
  0
SEQEND
  0
ENDBLK
  0
BLOCK
  8
1
  2
P0053_06
 70
64
 10
0.0000
 20
0.0000
  0
TEXT
  8
1
 10
203.7002
 20
53.2305
 40
8.0000
 50
0.0000
  1
PIECE: ベルト
  7
STANDARD
  0
TEXT
  8
1
 10
203.7002
 20
44.0305
 40
8.0000
 50
0.0000
  1
SIZE: L
  7
STANDARD
  0
TEXT
  8
1
 10
203.7002
 20
34.8305
 40
8.0000
 50
0.0000
  1
FABRIC: 表生地
  7
STANDARD
  0
TEXT
  8
1
 10
203.7002
 20
25.6305
 40
8.0000
 50
0.0000
  1
QUANTITY: 2
  7
STANDARD
  0
TEXT
  8
1
 10
4.5146
 20
15.6782
 40
5.0000
 50
0.0000
  1
COMMENT: F　C
  7
STANDARD
  0
TEXT
  8
1
 10
96.3721
 20
29.7510
 40
6.0000
 50
0.0000
  1
COMMENT: 35mm幅平ゴム入れ
  7
STANDARD
  0
TEXT
  8
1
 10
96.3721
 20
23.7510
 40
6.0000
 50
0.0000
  1
COMMENT: 98cmを82㎝に縮める
  7
STANDARD
  0
TEXT
  8
1
 10
302.2227
 20
27.1558
 40
6.0000
 50
0.0000
  1
COMMENT: コバステッチ
  7
STANDARD
  0
TEXT
  8
1
 10
260.6753
 20
2.2939
 40
5.0000
 50
0.0000
  1
COMMENT: 1.0/後高
  7
STANDARD
  0
TEXT
  8
1
 10
494.5605
 20
14.7842
 40
5.0000
 50
0.0000
  1
COMMENT: B　C
  7
STANDARD
  0
TEXT
  8
1
 10
507.9536
 20
22.9302
 40
5.0000
 50
90.0002
  1
COMMENT: 1.0/割り
  7
STANDARD
  0
TEXT
  8
1
 10
2.1426
 20
45.6343
 40
5.0000
 50
269.9998
  1
COMMENT: 1.0/割り
  7
STANDARD
  0
TEXT
  8
1
 10
12.3418
 20
38.8628
 40
5.0000
 50
0.0000
  1
COMMENT: 芯貼り
  7
STANDARD
  0
POLYLINE
999
1
  8
1
 66
1
 70
0
  0
VERTEX
999
1,1,,1
  8
1
 10
510.0000
 20
100.0000
  0
VERTEX
999
1,1,1,2
  8
1
 10
510.0000
 20
50.0000
 38
10.0000
 50
180.0000
  0
VERTEX
999
1,1,,3
  8
1
 10
510.0000
 20
0.0000
  0
VERTEX
999
1,2,1
  8
1
 10
250.0000
 20
0.0000
 38
10.0000
 50
90.0000
  0
VERTEX
999
1,1,,4
  8
1
 10
0.0000
 20
0.0000
  0
VERTEX
999
1,1,1,5
  8
1
 10
0.0000
 20
50.0000
 38
10.0000
 50
0.0000
  0
VERTEX
999
1,1,,6
  8
1
 10
0.0000
 20
100.0000
  0
VERTEX
999
1,2,1
  8
1
 10
250.0000
 20
100.0000
 38
10.0000
 50
270.0000
  0
VERTEX
999
1,1,,7
  8
1
 10
510.0000
 20
100.0000
  0
SEQEND
  0
POLYLINE
999
2
  8
1
 66
1
 70
0
  0
VERTEX
999
2,1,,8
  8
1
 10
500.0000
 20
90.0000
  0
VERTEX
999
2,1,,9
  8
1
 10
500.0000
 20
50.0000
  0
VERTEX
999
2,1,,10
  8
1
 10
500.0000
 20
10.0000
  0
VERTEX
999
2,1,,11
  8
1
 10
10.0000
 20
10.0000
  0
VERTEX
999
2,1,,12
  8
1
 10
10.0000
 20
50.0000
  0
VERTEX
999
2,1,,13
  8
1
 10
10.0000
 20
90.0000
  0
VERTEX
999
2,1,,14
  8
1
 10
500.0000
 20
90.0000
  0
SEQEND
  0
LINE
999
5,1,,15
  8
1
 10
500.0000
 20
50.0000
 11
490.0000
 21
50.0000
  0
LINE
999
5,1,,17
  8
1
 10
250.0000
 20
10.0000
 11
250.0000
 21
20.0000
  0
LINE
999
5,1,,19
  8
1
 10
10.0000
 20
50.0000
 11
20.0000
 21
50.0000
  0
LINE
999
5,1,,21
  8
1
 10
250.0000
 20
90.0000
 11
250.0000
 21
80.0000
  0
LINE
999
5,1,,23
  8
1
 10
10.0000
 20
50.0000
 11
500.0000
 21
50.0000
  0
LINE
999
5,1,,25
  8
1
  6
1
 10
10.0894
 20
36.6670
 11
499.7417
 21
36.6670
  0
LINE
999
5,1,,27
  8
1
  6
1
 10
10.1616
 20
23.3335
 11
499.7417
 21
23.3335
  0
LINE
999
5,1,,29
  8
1
  6
1
 10
10.0000
 20
11.5000
 11
500.0000
 21
11.5000
  0
LINE
999
5,1,,31
  8
1
 10
305.5728
 20
11.5000
 11
318.2002
 21
27.9287
  0
LINE
999
5,1,,33
  8
1
 10
305.5728
 20
11.5000
 11
308.5874
 21
21.0347
  0
LINE
999
5,1,,35
  8
1
 10
178.0186
 20
12.4565
 11
69.3408
 21
12.4565
  0
LINE
999
5,1,,37
  8
1
 10
69.3408
 20
47.4565
 11
178.0186
 21
47.4565
  0
LINE
999
5,1,,39
  8
1
  6
3
 10
50.0000
 20
45.4238
 11
10.0000
 21
45.4238
  0
LINE
999
5,1,,41
  8
1
  6
3
 10
10.0000
 20
15.4238
 11
50.0000
 21
15.4238
  0
LINE
999
5,1,,43
  8
1
 10
33.4111
 20
45.4238
 11
18.3853
 21
15.4238
  0
LINE
999
5,1,,45
  8
1
 10
31.1743
 20
45.4238
 11
16.1484
 21
15.4248
  0
LINE
999
5,1,,47
  8
1
 10
35.6475
 20
45.4229
 11
20.6221
 21
15.4238
  0
LINE
999
5,1,,49
  8
1
 10
33.9023
 20
23.9629
 11
36.3130
 21
23.9629
  0
LINE
999
5,1,,51
  8
1
 10
33.9023
 20
35.9629
 11
36.3130
 21
35.9629
  0
LINE
999
5,1,,53
  8
1
 10
34.6074
 20
23.9629
 11
34.6074
 21
35.8975
  0
LINE
999
5,1,,55
  8
1
 10
35.6074
 20
23.9629
 11
35.6074
 21
35.8975
  0
LINE
999
5,1,,57
  8
1
 10
32.4619
 20
29.9692
 11
37.7534
 21
29.9692
  0
LINE
999
5,1,,59
  8
1
  6
3
 10
50.0000
 20
15.4238
 11
50.0000
 21
45.4238
  0
POLYLINE
999
5
  8
1
 66
1
 70
0
  0
VERTEX
999
5,1,,61
  8
1
 10
69.3408
 20
30.5767
  0
VERTEX
999
5,2
  8
1
 10
68.9971
 20
31.1958
  0
VERTEX
999
5,2
  8
1
 10
68.6733
 20
31.8252
  0
VERTEX
999
5,2
  8
1
 10
68.3701
 20
32.4648
  0
VERTEX
999
5,2
  8
1
 10
68.0874
 20
33.1143
  0
VERTEX
999
5,2
  8
1
 10
67.8755
 20
33.6470
  0
VERTEX
999
5,2
  8
1
 10
67.6802
 20
34.1855
  0
VERTEX
999
5,2
  8
1
 10
67.5015
 20
34.7300
  0
VERTEX
999
5,2
  8
1
 10
67.3394
 20
35.2798
  0
VERTEX
999
5,2
  8
1
 10
67.1860
 20
35.8745
  0
VERTEX
999
5,2
  8
1
 10
67.0552
 20
36.4741
  0
VERTEX
999
5,2
  8
1
 10
66.9473
 20
37.0781
  0
VERTEX
999
5,2
  8
1
 10
66.8618
 20
37.6860
  0
VERTEX
999
5,2
  8
1
 10
66.8062
 20
38.2295
  0
VERTEX
999
5,2
  8
1
 10
66.7705
 20
38.7749
  0
VERTEX
999
5,2
  8
1
 10
66.7554
 20
39.3208
  0
VERTEX
999
5,2
  8
1
 10
66.7603
 20
39.8672
  0
VERTEX
999
5,2
  8
1
 10
66.7822
 20
40.3545
  0
VERTEX
999
5,2
  8
1
 10
66.8208
 20
40.8403
  0
VERTEX
999
5,2
  8
1
 10
66.8765
 20
41.3247
  0
VERTEX
999
5,2
  8
1
 10
66.9487
 20
41.8071
  0
VERTEX
999
5,2
  8
1
 10
67.0469
 20
42.3296
  0
VERTEX
999
5,2
  8
1
 10
67.1655
 20
42.8472
  0
VERTEX
999
5,2
  8
1
 10
67.3037
 20
43.3604
  0
VERTEX
999
5,2
  8
1
 10
67.4614
 20
43.8677
  0
VERTEX
999
5,2
  8
1
 10
67.6333
 20
44.3525
  0
VERTEX
999
5,2
  8
1
 10
67.8237
 20
44.8306
  0
VERTEX
999
5,2
  8
1
 10
68.0327
 20
45.3008
  0
VERTEX
999
5,2
  8
1
 10
68.2593
 20
45.7627
  0
VERTEX
999
5,2
  8
1
 10
68.4766
 20
46.1641
  0
VERTEX
999
5,2
  8
1
 10
68.7095
 20
46.5562
  0
VERTEX
999
5,2
  8
1
 10
68.9585
 20
46.9380
  0
VERTEX
999
5,1,,62
  8
1
 10
69.2231
 20
47.3096
  0
SEQEND
  0
LINE
999
5,1,,63
  8
1
 10
69.2231
 20
47.3096
 11
69.3408
 21
47.4565
  0
POLYLINE
999
5
  8
1
 66
1
 70
0
  0
VERTEX
999
5,1,,65
  8
1
 10
69.3408
 20
12.4565
  0
VERTEX
999
5,2
  8
1
 10
69.8032
 20
13.1953
  0
VERTEX
999
5,2
  8
1
 10
70.0630
 20
13.6743
  0
VERTEX
999
5,2
  8
1
 10
70.3062
 20
14.1616
  0
VERTEX
999
5,2
  8
1
 10
70.5317
 20
14.6577
  0
VERTEX
999
5,2
  8
1
 10
70.7397
 20
15.1616
  0
VERTEX
999
5,2
  8
1
 10
70.9341
 20
15.6782
  0
VERTEX
999
5,2
  8
1
 10
71.1113
 20
16.2007
  0
VERTEX
999
5,2
  8
1
 10
71.2725
 20
16.7290
  0
VERTEX
999
5,2
  8
1
 10
71.4160
 20
17.2622
  0
VERTEX
999
5,2
  8
1
 10
71.5459
 20
17.8169
  0
VERTEX
999
5,2
  8
1
 10
71.6572
 20
18.3755
  0
VERTEX
999
5,2
  8
1
 10
71.7490
 20
18.9380
  0
VERTEX
999
5,2
  8
1
 10
71.8223
 20
19.5029
  0
VERTEX
999
5,2
  8
1
 10
71.9111
 20
20.6489
  0
VERTEX
999
5,2
  8
1
 10
71.9214
 20
21.7969
  0
VERTEX
999
5,2
  8
1
 10
71.8530
 20
22.9429
  0
VERTEX
999
5,2
  8
1
 10
71.7065
 20
24.0825
  0
VERTEX
999
5,2
  8
1
 10
71.6099
 20
24.6230
  0
VERTEX
999
5,2
  8
1
 10
71.4966
 20
25.1597
  0
VERTEX
999
5,2
  8
1
 10
71.3662
 20
25.6924
  0
VERTEX
999
5,2
  8
1
 10
71.2197
 20
26.2212
  0
VERTEX
999
5,2
  8
1
 10
71.0420
 20
26.7930
  0
VERTEX
999
5,2
  8
1
 10
70.8457
 20
27.3589
  0
VERTEX
999
5,2
  8
1
 10
70.6323
 20
27.9180
  0
VERTEX
999
5,2
  8
1
 10
70.4014
 20
28.4707
  0
VERTEX
999
5,1,,66
  8
1
 10
69.3408
 20
30.5767
  0
SEQEND
  0
POLYLINE
999
5
  8
1
 66
1
 70
0
  0
VERTEX
999
5,1,,67
  8
1
 10
178.0186
 20
29.8809
  0
VERTEX
999
5,2
  8
1
 10
179.2305
 20
26.1343
  0
VERTEX
999
5,2
  8
1
 10
179.8882
 20
23.1421
  0
VERTEX
999
5,2
  8
1
 10
180.1787
 20
20.5737
  0
VERTEX
999
5,2
  8
1
 10
180.2021
 20
20.0322
  0
VERTEX
999
5,2
  8
1
 10
180.2090
 20
19.4897
  0
VERTEX
999
5,2
  8
1
 10
180.1997
 20
18.9478
  0
VERTEX
999
5,2
  8
1
 10
180.1743
 20
18.4058
  0
VERTEX
999
5,2
  8
1
 10
180.1333
 20
17.8882
  0
VERTEX
999
5,2
  8
1
 10
180.0728
 20
17.3730
  0
VERTEX
999
5,2
  8
1
 10
179.9937
 20
16.8604
  0
VERTEX
999
5,2
  8
1
 10
179.8950
 20
16.3511
  0
VERTEX
999
5,2
  8
1
 10
179.7891
 20
15.9004
  0
VERTEX
999
5,2
  8
1
 10
179.6641
 20
15.4556
  0
VERTEX
999
5,2
  8
1
 10
179.5195
 20
15.0161
  0
VERTEX
999
5,2
  8
1
 10
179.3555
 20
14.5830
  0
VERTEX
999
5,2
  8
1
 10
179.2021
 20
14.2280
  0
VERTEX
999
5,2
  8
1
 10
179.0313
 20
13.8813
  0
VERTEX
999
5,2
  8
1
 10
178.8442
 20
13.5439
  0
VERTEX
999
5,2
  8
1
 10
178.6401
 20
13.2153
  0
VERTEX
999
5,1,,68
  8
1
 10
178.0186
 20
12.4565
  0
SEQEND
  0
POLYLINE
999
5
  8
1
 66
1
 70
0
  0
VERTEX
999
5,1,,69
  8
1
 10
178.0186
 20
47.4565
  0
VERTEX
999
5,2
  8
1
 10
177.6855
 20
47.0830
  0
VERTEX
999
5,2
  8
1
 10
177.4780
 20
46.7979
  0
VERTEX
999
5,2
  8
1
 10
177.2861
 20
46.5024
  0
VERTEX
999
5,2
  8
1
 10
177.1099
 20
46.1973
  0
VERTEX
999
5,2
  8
1
 10
176.9487
 20
45.8833
  0
VERTEX
999
5,2
  8
1
 10
176.7773
 20
45.5078
  0
VERTEX
999
5,2
  8
1
 10
176.6216
 20
45.1255
  0
VERTEX
999
5,2
  8
1
 10
176.4819
 20
44.7373
  0
VERTEX
999
5,2
  8
1
 10
176.3584
 20
44.3433
  0
VERTEX
999
5,2
  8
1
 10
176.2275
 20
43.8530
  0
VERTEX
999
5,2
  8
1
 10
176.1157
 20
43.3579
  0
VERTEX
999
5,2
  8
1
 10
176.0239
 20
42.8594
  0
VERTEX
999
5,2
  8
1
 10
175.9521
 20
42.3569
  0
VERTEX
999
5,2
  8
1
 10
175.8989
 20
41.8594
  0
VERTEX
999
5,2
  8
1
 10
175.8604
 20
41.3604
  0
VERTEX
999
5,2
  8
1
 10
175.8364
 20
40.8604
  0
VERTEX
999
5,2
  8
1
 10
175.8281
 20
40.3599
  0
VERTEX
999
5,2
  8
1
 10
175.8364
 20
39.7632
  0
VERTEX
999
5,2
  8
1
 10
175.8613
 20
39.1665
  0
VERTEX
999
5,2
  8
1
 10
175.9028
 20
38.5713
  0
VERTEX
999
5,2
  8
1
 10
175.9619
 20
37.9771
  0
VERTEX
999
5,2
  8
1
 10
176.4268
 20
35.1865
  0
VERTEX
999
5,2
  8
1
 10
177.2959
 20
31.9663
  0
VERTEX
999
5,1,,70
  8
1
 10
178.0186
 20
29.8809
  0
SEQEND
  0
ENDBLK
  0
BLOCK
  8
1
  2
P0054_07
 70
64
 10
0.0000
 20
0.0000
  0
TEXT
  8
1
 10
215.7002
 20
53.2305
 40
8.0000
 50
0.0000
  1
PIECE: ベルト
  7
STANDARD
  0
TEXT
  8
1
 10
215.7002
 20
44.0305
 40
8.0000
 50
0.0000
  1
SIZE: XL
  7
STANDARD
  0
TEXT
  8
1
 10
215.7002
 20
34.8305
 40
8.0000
 50
0.0000
  1
FABRIC: 表生地
  7
STANDARD
  0
TEXT
  8
1
 10
215.7002
 20
25.6305
 40
8.0000
 50
0.0000
  1
QUANTITY: 2
  7
STANDARD
  0
TEXT
  8
1
 10
4.5146
 20
15.6782
 40
5.0000
 50
0.0000
  1
COMMENT: F　C
  7
STANDARD
  0
TEXT
  8
1
 10
96.3721
 20
29.7510
 40
6.0000
 50
0.0000
  1
COMMENT: 35mm幅平ゴム入れ
  7
STANDARD
  0
TEXT
  8
1
 10
96.3721
 20
23.7510
 40
6.0000
 50
0.0000
  1
COMMENT: 103cmを87㎝に縮める
  7
STANDARD
  0
TEXT
  8
1
 10
314.2227
 20
27.1558
 40
6.0000
 50
0.0000
  1
COMMENT: コバステッチ
  7
STANDARD
  0
TEXT
  8
1
 10
272.6753
 20
2.2939
 40
5.0000
 50
0.0000
  1
COMMENT: 1.0/後高
  7
STANDARD
  0
TEXT
  8
1
 10
519.5605
 20
14.7842
 40
5.0000
 50
0.0000
  1
COMMENT: B　C
  7
STANDARD
  0
TEXT
  8
1
 10
532.9536
 20
22.9302
 40
5.0000
 50
90.0002
  1
COMMENT: 1.0/割り
  7
STANDARD
  0
TEXT
  8
1
 10
2.1426
 20
45.6343
 40
5.0000
 50
269.9998
  1
COMMENT: 1.0/割り
  7
STANDARD
  0
TEXT
  8
1
 10
12.3418
 20
38.8628
 40
5.0000
 50
0.0000
  1
COMMENT: 芯貼り
  7
STANDARD
  0
POLYLINE
999
1
  8
1
 66
1
 70
0
  0
VERTEX
999
1,1,,1
  8
1
 10
535.0000
 20
100.0000
  0
VERTEX
999
1,1,1,2
  8
1
 10
535.0000
 20
50.0000
 38
10.0000
 50
180.0000
  0
VERTEX
999
1,1,,3
  8
1
 10
535.0000
 20
0.0000
  0
VERTEX
999
1,2,1
  8
1
 10
262.0000
 20
0.0000
 38
10.0000
 50
90.0000
  0
VERTEX
999
1,1,,4
  8
1
 10
0.0000
 20
0.0000
  0
VERTEX
999
1,1,1,5
  8
1
 10
0.0000
 20
50.0000
 38
10.0000
 50
0.0000
  0
VERTEX
999
1,1,,6
  8
1
 10
0.0000
 20
100.0000
  0
VERTEX
999
1,2,1
  8
1
 10
262.0000
 20
100.0000
 38
10.0000
 50
270.0000
  0
VERTEX
999
1,1,,7
  8
1
 10
535.0000
 20
100.0000
  0
SEQEND
  0
POLYLINE
999
2
  8
1
 66
1
 70
0
  0
VERTEX
999
2,1,,8
  8
1
 10
525.0000
 20
90.0000
  0
VERTEX
999
2,1,,9
  8
1
 10
525.0000
 20
50.0000
  0
VERTEX
999
2,1,,10
  8
1
 10
525.0000
 20
10.0000
  0
VERTEX
999
2,1,,11
  8
1
 10
10.0000
 20
10.0000
  0
VERTEX
999
2,1,,12
  8
1
 10
10.0000
 20
50.0000
  0
VERTEX
999
2,1,,13
  8
1
 10
10.0000
 20
90.0000
  0
VERTEX
999
2,1,,14
  8
1
 10
525.0000
 20
90.0000
  0
SEQEND
  0
LINE
999
5,1,,15
  8
1
 10
525.0000
 20
50.0000
 11
515.0000
 21
50.0000
  0
LINE
999
5,1,,17
  8
1
 10
262.0000
 20
10.0000
 11
262.0000
 21
20.0000
  0
LINE
999
5,1,,19
  8
1
 10
10.0000
 20
50.0000
 11
20.0000
 21
50.0000
  0
LINE
999
5,1,,21
  8
1
 10
262.0000
 20
90.0000
 11
262.0000
 21
80.0000
  0
LINE
999
5,1,,23
  8
1
 10
10.0000
 20
50.0000
 11
525.0000
 21
50.0000
  0
LINE
999
5,1,,25
  8
1
  6
1
 10
10.0894
 20
36.6670
 11
524.7417
 21
36.6670
  0
LINE
999
5,1,,27
  8
1
  6
1
 10
10.1616
 20
23.3335
 11
524.7417
 21
23.3335
  0
LINE
999
5,1,,29
  8
1
  6
1
 10
10.0000
 20
11.5000
 11
525.0000
 21
11.5000
  0
LINE
999
5,1,,31
  8
1
 10
317.5728
 20
11.5000
 11
330.2002
 21
27.9287
  0
LINE
999
5,1,,33
  8
1
 10
317.5728
 20
11.5000
 11
320.5874
 21
21.0347
  0
LINE
999
5,1,,35
  8
1
 10
178.0186
 20
12.4565
 11
69.3408
 21
12.4565
  0
LINE
999
5,1,,37
  8
1
 10
69.3408
 20
47.4565
 11
178.0186
 21
47.4565
  0
LINE
999
5,1,,39
  8
1
  6
3
 10
50.0000
 20
45.4238
 11
10.0000
 21
45.4238
  0
LINE
999
5,1,,41
  8
1
  6
3
 10
10.0000
 20
15.4238
 11
50.0000
 21
15.4238
  0
LINE
999
5,1,,43
  8
1
 10
33.4111
 20
45.4238
 11
18.3853
 21
15.4238
  0
LINE
999
5,1,,45
  8
1
 10
31.1743
 20
45.4238
 11
16.1484
 21
15.4248
  0
LINE
999
5,1,,47
  8
1
 10
35.6475
 20
45.4229
 11
20.6221
 21
15.4238
  0
LINE
999
5,1,,49
  8
1
 10
33.9023
 20
23.9629
 11
36.3130
 21
23.9629
  0
LINE
999
5,1,,51
  8
1
 10
33.9023
 20
35.9629
 11
36.3130
 21
35.9629
  0
LINE
999
5,1,,53
  8
1
 10
34.6074
 20
23.9629
 11
34.6074
 21
35.8975
  0
LINE
999
5,1,,55
  8
1
 10
35.6074
 20
23.9629
 11
35.6074
 21
35.8975
  0
LINE
999
5,1,,57
  8
1
 10
32.4619
 20
29.9692
 11
37.7534
 21
29.9692
  0
LINE
999
5,1,,59
  8
1
  6
3
 10
50.0000
 20
15.4238
 11
50.0000
 21
45.4238
  0
POLYLINE
999
5
  8
1
 66
1
 70
0
  0
VERTEX
999
5,1,,61
  8
1
 10
69.3408
 20
30.5767
  0
VERTEX
999
5,2
  8
1
 10
68.9971
 20
31.1958
  0
VERTEX
999
5,2
  8
1
 10
68.6733
 20
31.8252
  0
VERTEX
999
5,2
  8
1
 10
68.3701
 20
32.4648
  0
VERTEX
999
5,2
  8
1
 10
68.0874
 20
33.1143
  0
VERTEX
999
5,2
  8
1
 10
67.8755
 20
33.6470
  0
VERTEX
999
5,2
  8
1
 10
67.6802
 20
34.1855
  0
VERTEX
999
5,2
  8
1
 10
67.5015
 20
34.7300
  0
VERTEX
999
5,2
  8
1
 10
67.3394
 20
35.2798
  0
VERTEX
999
5,2
  8
1
 10
67.1860
 20
35.8745
  0
VERTEX
999
5,2
  8
1
 10
67.0552
 20
36.4741
  0
VERTEX
999
5,2
  8
1
 10
66.9473
 20
37.0781
  0
VERTEX
999
5,2
  8
1
 10
66.8618
 20
37.6860
  0
VERTEX
999
5,2
  8
1
 10
66.8062
 20
38.2295
  0
VERTEX
999
5,2
  8
1
 10
66.7705
 20
38.7749
  0
VERTEX
999
5,2
  8
1
 10
66.7554
 20
39.3208
  0
VERTEX
999
5,2
  8
1
 10
66.7603
 20
39.8672
  0
VERTEX
999
5,2
  8
1
 10
66.7822
 20
40.3545
  0
VERTEX
999
5,2
  8
1
 10
66.8208
 20
40.8403
  0
VERTEX
999
5,2
  8
1
 10
66.8765
 20
41.3247
  0
VERTEX
999
5,2
  8
1
 10
66.9487
 20
41.8071
  0
VERTEX
999
5,2
  8
1
 10
67.0469
 20
42.3296
  0
VERTEX
999
5,2
  8
1
 10
67.1655
 20
42.8472
  0
VERTEX
999
5,2
  8
1
 10
67.3037
 20
43.3604
  0
VERTEX
999
5,2
  8
1
 10
67.4614
 20
43.8677
  0
VERTEX
999
5,2
  8
1
 10
67.6333
 20
44.3525
  0
VERTEX
999
5,2
  8
1
 10
67.8237
 20
44.8306
  0
VERTEX
999
5,2
  8
1
 10
68.0327
 20
45.3008
  0
VERTEX
999
5,2
  8
1
 10
68.2593
 20
45.7627
  0
VERTEX
999
5,2
  8
1
 10
68.4766
 20
46.1641
  0
VERTEX
999
5,2
  8
1
 10
68.7095
 20
46.5562
  0
VERTEX
999
5,2
  8
1
 10
68.9585
 20
46.9380
  0
VERTEX
999
5,1,,62
  8
1
 10
69.2231
 20
47.3096
  0
SEQEND
  0
LINE
999
5,1,,63
  8
1
 10
69.2231
 20
47.3096
 11
69.3408
 21
47.4565
  0
POLYLINE
999
5
  8
1
 66
1
 70
0
  0
VERTEX
999
5,1,,65
  8
1
 10
69.3408
 20
12.4565
  0
VERTEX
999
5,2
  8
1
 10
69.8032
 20
13.1953
  0
VERTEX
999
5,2
  8
1
 10
70.0630
 20
13.6743
  0
VERTEX
999
5,2
  8
1
 10
70.3062
 20
14.1616
  0
VERTEX
999
5,2
  8
1
 10
70.5317
 20
14.6577
  0
VERTEX
999
5,2
  8
1
 10
70.7397
 20
15.1616
  0
VERTEX
999
5,2
  8
1
 10
70.9341
 20
15.6782
  0
VERTEX
999
5,2
  8
1
 10
71.1113
 20
16.2007
  0
VERTEX
999
5,2
  8
1
 10
71.2725
 20
16.7290
  0
VERTEX
999
5,2
  8
1
 10
71.4160
 20
17.2622
  0
VERTEX
999
5,2
  8
1
 10
71.5459
 20
17.8169
  0
VERTEX
999
5,2
  8
1
 10
71.6572
 20
18.3755
  0
VERTEX
999
5,2
  8
1
 10
71.7490
 20
18.9380
  0
VERTEX
999
5,2
  8
1
 10
71.8223
 20
19.5029
  0
VERTEX
999
5,2
  8
1
 10
71.9111
 20
20.6489
  0
VERTEX
999
5,2
  8
1
 10
71.9214
 20
21.7969
  0
VERTEX
999
5,2
  8
1
 10
71.8530
 20
22.9429
  0
VERTEX
999
5,2
  8
1
 10
71.7065
 20
24.0825
  0
VERTEX
999
5,2
  8
1
 10
71.6099
 20
24.6230
  0
VERTEX
999
5,2
  8
1
 10
71.4966
 20
25.1597
  0
VERTEX
999
5,2
  8
1
 10
71.3662
 20
25.6924
  0
VERTEX
999
5,2
  8
1
 10
71.2197
 20
26.2212
  0
VERTEX
999
5,2
  8
1
 10
71.0420
 20
26.7930
  0
VERTEX
999
5,2
  8
1
 10
70.8457
 20
27.3589
  0
VERTEX
999
5,2
  8
1
 10
70.6323
 20
27.9180
  0
VERTEX
999
5,2
  8
1
 10
70.4014
 20
28.4707
  0
VERTEX
999
5,1,,66
  8
1
 10
69.3408
 20
30.5767
  0
SEQEND
  0
POLYLINE
999
5
  8
1
 66
1
 70
0
  0
VERTEX
999
5,1,,67
  8
1
 10
178.0186
 20
29.8809
  0
VERTEX
999
5,2
  8
1
 10
179.2305
 20
26.1343
  0
VERTEX
999
5,2
  8
1
 10
179.8882
 20
23.1421
  0
VERTEX
999
5,2
  8
1
 10
180.1787
 20
20.5737
  0
VERTEX
999
5,2
  8
1
 10
180.2021
 20
20.0322
  0
VERTEX
999
5,2
  8
1
 10
180.2090
 20
19.4897
  0
VERTEX
999
5,2
  8
1
 10
180.1997
 20
18.9478
  0
VERTEX
999
5,2
  8
1
 10
180.1743
 20
18.4058
  0
VERTEX
999
5,2
  8
1
 10
180.1333
 20
17.8882
  0
VERTEX
999
5,2
  8
1
 10
180.0728
 20
17.3730
  0
VERTEX
999
5,2
  8
1
 10
179.9937
 20
16.8604
  0
VERTEX
999
5,2
  8
1
 10
179.8950
 20
16.3511
  0
VERTEX
999
5,2
  8
1
 10
179.7891
 20
15.9004
  0
VERTEX
999
5,2
  8
1
 10
179.6641
 20
15.4556
  0
VERTEX
999
5,2
  8
1
 10
179.5195
 20
15.0161
  0
VERTEX
999
5,2
  8
1
 10
179.3555
 20
14.5830
  0
VERTEX
999
5,2
  8
1
 10
179.2021
 20
14.2280
  0
VERTEX
999
5,2
  8
1
 10
179.0313
 20
13.8813
  0
VERTEX
999
5,2
  8
1
 10
178.8442
 20
13.5439
  0
VERTEX
999
5,2
  8
1
 10
178.6401
 20
13.2153
  0
VERTEX
999
5,1,,68
  8
1
 10
178.0186
 20
12.4565
  0
SEQEND
  0
POLYLINE
999
5
  8
1
 66
1
 70
0
  0
VERTEX
999
5,1,,69
  8
1
 10
178.0186
 20
47.4565
  0
VERTEX
999
5,2
  8
1
 10
177.6855
 20
47.0830
  0
VERTEX
999
5,2
  8
1
 10
177.4780
 20
46.7979
  0
VERTEX
999
5,2
  8
1
 10
177.2861
 20
46.5024
  0
VERTEX
999
5,2
  8
1
 10
177.1099
 20
46.1973
  0
VERTEX
999
5,2
  8
1
 10
176.9487
 20
45.8833
  0
VERTEX
999
5,2
  8
1
 10
176.7773
 20
45.5078
  0
VERTEX
999
5,2
  8
1
 10
176.6216
 20
45.1255
  0
VERTEX
999
5,2
  8
1
 10
176.4819
 20
44.7373
  0
VERTEX
999
5,2
  8
1
 10
176.3584
 20
44.3433
  0
VERTEX
999
5,2
  8
1
 10
176.2275
 20
43.8530
  0
VERTEX
999
5,2
  8
1
 10
176.1157
 20
43.3579
  0
VERTEX
999
5,2
  8
1
 10
176.0239
 20
42.8594
  0
VERTEX
999
5,2
  8
1
 10
175.9521
 20
42.3569
  0
VERTEX
999
5,2
  8
1
 10
175.8989
 20
41.8594
  0
VERTEX
999
5,2
  8
1
 10
175.8604
 20
41.3604
  0
VERTEX
999
5,2
  8
1
 10
175.8364
 20
40.8604
  0
VERTEX
999
5,2
  8
1
 10
175.8281
 20
40.3599
  0
VERTEX
999
5,2
  8
1
 10
175.8364
 20
39.7632
  0
VERTEX
999
5,2
  8
1
 10
175.8613
 20
39.1665
  0
VERTEX
999
5,2
  8
1
 10
175.9028
 20
38.5713
  0
VERTEX
999
5,2
  8
1
 10
175.9619
 20
37.9771
  0
VERTEX
999
5,2
  8
1
 10
176.4268
 20
35.1865
  0
VERTEX
999
5,2
  8
1
 10
177.2959
 20
31.9663
  0
VERTEX
999
5,1,,70
  8
1
 10
178.0186
 20
29.8809
  0
SEQEND
  0
ENDBLK
  0
BLOCK
  8
1
  2
P0055_08
 70
64
 10
0.0000
 20
0.0000
  0
TEXT
  8
1
 10
227.7002
 20
53.2305
 40
8.0000
 50
0.0000
  1
PIECE: ベルト
  7
STANDARD
  0
TEXT
  8
1
 10
227.7002
 20
44.0305
 40
8.0000
 50
0.0000
  1
SIZE: XXL
  7
STANDARD
  0
TEXT
  8
1
 10
227.7002
 20
34.8305
 40
8.0000
 50
0.0000
  1
FABRIC: 表生地
  7
STANDARD
  0
TEXT
  8
1
 10
227.7002
 20
25.6305
 40
8.0000
 50
0.0000
  1
QUANTITY: 2
  7
STANDARD
  0
TEXT
  8
1
 10
4.5146
 20
15.6782
 40
5.0000
 50
0.0000
  1
COMMENT: F　C
  7
STANDARD
  0
TEXT
  8
1
 10
96.3721
 20
29.7510
 40
6.0000
 50
0.0000
  1
COMMENT: 35mm幅平ゴム入れ
  7
STANDARD
  0
TEXT
  8
1
 10
96.3721
 20
23.7510
 40
6.0000
 50
0.0000
  1
COMMENT: 108cmを92㎝に縮める
  7
STANDARD
  0
TEXT
  8
1
 10
326.2227
 20
27.1558
 40
6.0000
 50
0.0000
  1
COMMENT: コバステッチ
  7
STANDARD
  0
TEXT
  8
1
 10
284.6753
 20
2.2939
 40
5.0000
 50
0.0000
  1
COMMENT: 1.0/後高
  7
STANDARD
  0
TEXT
  8
1
 10
544.5605
 20
14.7842
 40
5.0000
 50
0.0000
  1
COMMENT: B　C
  7
STANDARD
  0
TEXT
  8
1
 10
557.9536
 20
22.9302
 40
5.0000
 50
90.0002
  1
COMMENT: 1.0/割り
  7
STANDARD
  0
TEXT
  8
1
 10
2.1426
 20
45.6343
 40
5.0000
 50
269.9998
  1
COMMENT: 1.0/割り
  7
STANDARD
  0
TEXT
  8
1
 10
12.3418
 20
38.8628
 40
5.0000
 50
0.0000
  1
COMMENT: 芯貼り
  7
STANDARD
  0
POLYLINE
999
1
  8
1
 66
1
 70
0
  0
VERTEX
999
1,1,,1
  8
1
 10
560.0000
 20
100.0000
  0
VERTEX
999
1,1,1,2
  8
1
 10
560.0000
 20
50.0000
 38
10.0000
 50
180.0000
  0
VERTEX
999
1,1,,3
  8
1
 10
560.0000
 20
0.0000
  0
VERTEX
999
1,2,1
  8
1
 10
274.0000
 20
0.0000
 38
10.0000
 50
90.0000
  0
VERTEX
999
1,1,,4
  8
1
 10
0.0000
 20
0.0000
  0
VERTEX
999
1,1,1,5
  8
1
 10
0.0000
 20
50.0000
 38
10.0000
 50
0.0000
  0
VERTEX
999
1,1,,6
  8
1
 10
0.0000
 20
100.0000
  0
VERTEX
999
1,2,1
  8
1
 10
274.0000
 20
100.0000
 38
10.0000
 50
270.0000
  0
VERTEX
999
1,1,,7
  8
1
 10
560.0000
 20
100.0000
  0
SEQEND
  0
POLYLINE
999
2
  8
1
 66
1
 70
0
  0
VERTEX
999
2,1,,8
  8
1
 10
550.0000
 20
90.0000
  0
VERTEX
999
2,1,,9
  8
1
 10
550.0000
 20
50.0000
  0
VERTEX
999
2,1,,10
  8
1
 10
550.0000
 20
10.0000
  0
VERTEX
999
2,1,,11
  8
1
 10
10.0000
 20
10.0000
  0
VERTEX
999
2,1,,12
  8
1
 10
10.0000
 20
50.0000
  0
VERTEX
999
2,1,,13
  8
1
 10
10.0000
 20
90.0000
  0
VERTEX
999
2,1,,14
  8
1
 10
550.0000
 20
90.0000
  0
SEQEND
  0
LINE
999
5,1,,15
  8
1
 10
550.0000
 20
50.0000
 11
540.0000
 21
50.0000
  0
LINE
999
5,1,,17
  8
1
 10
274.0000
 20
10.0000
 11
274.0000
 21
20.0000
  0
LINE
999
5,1,,19
  8
1
 10
10.0000
 20
50.0000
 11
20.0000
 21
50.0000
  0
LINE
999
5,1,,21
  8
1
 10
274.0000
 20
90.0000
 11
274.0000
 21
80.0000
  0
LINE
999
5,1,,23
  8
1
 10
10.0000
 20
50.0000
 11
550.0000
 21
50.0000
  0
LINE
999
5,1,,25
  8
1
  6
1
 10
10.0894
 20
36.6670
 11
549.7417
 21
36.6670
  0
LINE
999
5,1,,27
  8
1
  6
1
 10
10.1616
 20
23.3335
 11
549.7417
 21
23.3335
  0
LINE
999
5,1,,29
  8
1
  6
1
 10
10.0000
 20
11.5000
 11
550.0000
 21
11.5000
  0
LINE
999
5,1,,31
  8
1
 10
329.5728
 20
11.5000
 11
342.2002
 21
27.9287
  0
LINE
999
5,1,,33
  8
1
 10
329.5728
 20
11.5000
 11
332.5874
 21
21.0347
  0
LINE
999
5,1,,35
  8
1
 10
178.0186
 20
12.4565
 11
69.3408
 21
12.4565
  0
LINE
999
5,1,,37
  8
1
 10
69.3408
 20
47.4565
 11
178.0186
 21
47.4565
  0
LINE
999
5,1,,39
  8
1
  6
3
 10
50.0000
 20
45.4238
 11
10.0000
 21
45.4238
  0
LINE
999
5,1,,41
  8
1
  6
3
 10
10.0000
 20
15.4238
 11
50.0000
 21
15.4238
  0
LINE
999
5,1,,43
  8
1
 10
33.4111
 20
45.4238
 11
18.3853
 21
15.4238
  0
LINE
999
5,1,,45
  8
1
 10
31.1743
 20
45.4238
 11
16.1484
 21
15.4248
  0
LINE
999
5,1,,47
  8
1
 10
35.6475
 20
45.4229
 11
20.6221
 21
15.4238
  0
LINE
999
5,1,,49
  8
1
 10
33.9023
 20
23.9629
 11
36.3130
 21
23.9629
  0
LINE
999
5,1,,51
  8
1
 10
33.9023
 20
35.9629
 11
36.3130
 21
35.9629
  0
LINE
999
5,1,,53
  8
1
 10
34.6074
 20
23.9629
 11
34.6074
 21
35.8975
  0
LINE
999
5,1,,55
  8
1
 10
35.6074
 20
23.9629
 11
35.6074
 21
35.8975
  0
LINE
999
5,1,,57
  8
1
 10
32.4619
 20
29.9692
 11
37.7534
 21
29.9692
  0
LINE
999
5,1,,59
  8
1
  6
3
 10
50.0000
 20
15.4238
 11
50.0000
 21
45.4238
  0
POLYLINE
999
5
  8
1
 66
1
 70
0
  0
VERTEX
999
5,1,,61
  8
1
 10
69.3408
 20
30.5767
  0
VERTEX
999
5,2
  8
1
 10
68.9971
 20
31.1958
  0
VERTEX
999
5,2
  8
1
 10
68.6733
 20
31.8252
  0
VERTEX
999
5,2
  8
1
 10
68.3701
 20
32.4648
  0
VERTEX
999
5,2
  8
1
 10
68.0874
 20
33.1143
  0
VERTEX
999
5,2
  8
1
 10
67.8755
 20
33.6470
  0
VERTEX
999
5,2
  8
1
 10
67.6802
 20
34.1855
  0
VERTEX
999
5,2
  8
1
 10
67.5015
 20
34.7300
  0
VERTEX
999
5,2
  8
1
 10
67.3394
 20
35.2798
  0
VERTEX
999
5,2
  8
1
 10
67.1860
 20
35.8745
  0
VERTEX
999
5,2
  8
1
 10
67.0552
 20
36.4741
  0
VERTEX
999
5,2
  8
1
 10
66.9473
 20
37.0781
  0
VERTEX
999
5,2
  8
1
 10
66.8618
 20
37.6860
  0
VERTEX
999
5,2
  8
1
 10
66.8062
 20
38.2295
  0
VERTEX
999
5,2
  8
1
 10
66.7705
 20
38.7749
  0
VERTEX
999
5,2
  8
1
 10
66.7554
 20
39.3208
  0
VERTEX
999
5,2
  8
1
 10
66.7603
 20
39.8672
  0
VERTEX
999
5,2
  8
1
 10
66.7822
 20
40.3545
  0
VERTEX
999
5,2
  8
1
 10
66.8208
 20
40.8403
  0
VERTEX
999
5,2
  8
1
 10
66.8765
 20
41.3247
  0
VERTEX
999
5,2
  8
1
 10
66.9487
 20
41.8071
  0
VERTEX
999
5,2
  8
1
 10
67.0469
 20
42.3296
  0
VERTEX
999
5,2
  8
1
 10
67.1655
 20
42.8472
  0
VERTEX
999
5,2
  8
1
 10
67.3037
 20
43.3604
  0
VERTEX
999
5,2
  8
1
 10
67.4614
 20
43.8677
  0
VERTEX
999
5,2
  8
1
 10
67.6333
 20
44.3525
  0
VERTEX
999
5,2
  8
1
 10
67.8237
 20
44.8306
  0
VERTEX
999
5,2
  8
1
 10
68.0327
 20
45.3008
  0
VERTEX
999
5,2
  8
1
 10
68.2593
 20
45.7627
  0
VERTEX
999
5,2
  8
1
 10
68.4766
 20
46.1641
  0
VERTEX
999
5,2
  8
1
 10
68.7095
 20
46.5562
  0
VERTEX
999
5,2
  8
1
 10
68.9585
 20
46.9380
  0
VERTEX
999
5,1,,62
  8
1
 10
69.2231
 20
47.3096
  0
SEQEND
  0
LINE
999
5,1,,63
  8
1
 10
69.2231
 20
47.3096
 11
69.3408
 21
47.4565
  0
POLYLINE
999
5
  8
1
 66
1
 70
0
  0
VERTEX
999
5,1,,65
  8
1
 10
69.3408
 20
12.4565
  0
VERTEX
999
5,2
  8
1
 10
69.8032
 20
13.1953
  0
VERTEX
999
5,2
  8
1
 10
70.0630
 20
13.6743
  0
VERTEX
999
5,2
  8
1
 10
70.3062
 20
14.1616
  0
VERTEX
999
5,2
  8
1
 10
70.5317
 20
14.6577
  0
VERTEX
999
5,2
  8
1
 10
70.7397
 20
15.1616
  0
VERTEX
999
5,2
  8
1
 10
70.9341
 20
15.6782
  0
VERTEX
999
5,2
  8
1
 10
71.1113
 20
16.2007
  0
VERTEX
999
5,2
  8
1
 10
71.2725
 20
16.7290
  0
VERTEX
999
5,2
  8
1
 10
71.4160
 20
17.2622
  0
VERTEX
999
5,2
  8
1
 10
71.5459
 20
17.8169
  0
VERTEX
999
5,2
  8
1
 10
71.6572
 20
18.3755
  0
VERTEX
999
5,2
  8
1
 10
71.7490
 20
18.9380
  0
VERTEX
999
5,2
  8
1
 10
71.8223
 20
19.5029
  0
VERTEX
999
5,2
  8
1
 10
71.9111
 20
20.6489
  0
VERTEX
999
5,2
  8
1
 10
71.9214
 20
21.7969
  0
VERTEX
999
5,2
  8
1
 10
71.8530
 20
22.9429
  0
VERTEX
999
5,2
  8
1
 10
71.7065
 20
24.0825
  0
VERTEX
999
5,2
  8
1
 10
71.6099
 20
24.6230
  0
VERTEX
999
5,2
  8
1
 10
71.4966
 20
25.1597
  0
VERTEX
999
5,2
  8
1
 10
71.3662
 20
25.6924
  0
VERTEX
999
5,2
  8
1
 10
71.2197
 20
26.2212
  0
VERTEX
999
5,2
  8
1
 10
71.0420
 20
26.7930
  0
VERTEX
999
5,2
  8
1
 10
70.8457
 20
27.3589
  0
VERTEX
999
5,2
  8
1
 10
70.6323
 20
27.9180
  0
VERTEX
999
5,2
  8
1
 10
70.4014
 20
28.4707
  0
VERTEX
999
5,1,,66
  8
1
 10
69.3408
 20
30.5767
  0
SEQEND
  0
POLYLINE
999
5
  8
1
 66
1
 70
0
  0
VERTEX
999
5,1,,67
  8
1
 10
178.0186
 20
29.8809
  0
VERTEX
999
5,2
  8
1
 10
179.2305
 20
26.1343
  0
VERTEX
999
5,2
  8
1
 10
179.8882
 20
23.1421
  0
VERTEX
999
5,2
  8
1
 10
180.1787
 20
20.5737
  0
VERTEX
999
5,2
  8
1
 10
180.2021
 20
20.0322
  0
VERTEX
999
5,2
  8
1
 10
180.2090
 20
19.4897
  0
VERTEX
999
5,2
  8
1
 10
180.1997
 20
18.9478
  0
VERTEX
999
5,2
  8
1
 10
180.1743
 20
18.4058
  0
VERTEX
999
5,2
  8
1
 10
180.1333
 20
17.8882
  0
VERTEX
999
5,2
  8
1
 10
180.0728
 20
17.3730
  0
VERTEX
999
5,2
  8
1
 10
179.9937
 20
16.8604
  0
VERTEX
999
5,2
  8
1
 10
179.8950
 20
16.3511
  0
VERTEX
999
5,2
  8
1
 10
179.7891
 20
15.9004
  0
VERTEX
999
5,2
  8
1
 10
179.6641
 20
15.4556
  0
VERTEX
999
5,2
  8
1
 10
179.5195
 20
15.0161
  0
VERTEX
999
5,2
  8
1
 10
179.3555
 20
14.5830
  0
VERTEX
999
5,2
  8
1
 10
179.2021
 20
14.2280
  0
VERTEX
999
5,2
  8
1
 10
179.0313
 20
13.8813
  0
VERTEX
999
5,2
  8
1
 10
178.8442
 20
13.5439
  0
VERTEX
999
5,2
  8
1
 10
178.6401
 20
13.2153
  0
VERTEX
999
5,1,,68
  8
1
 10
178.0186
 20
12.4565
  0
SEQEND
  0
POLYLINE
999
5
  8
1
 66
1
 70
0
  0
VERTEX
999
5,1,,69
  8
1
 10
178.0186
 20
47.4565
  0
VERTEX
999
5,2
  8
1
 10
177.6855
 20
47.0830
  0
VERTEX
999
5,2
  8
1
 10
177.4780
 20
46.7979
  0
VERTEX
999
5,2
  8
1
 10
177.2861
 20
46.5024
  0
VERTEX
999
5,2
  8
1
 10
177.1099
 20
46.1973
  0
VERTEX
999
5,2
  8
1
 10
176.9487
 20
45.8833
  0
VERTEX
999
5,2
  8
1
 10
176.7773
 20
45.5078
  0
VERTEX
999
5,2
  8
1
 10
176.6216
 20
45.1255
  0
VERTEX
999
5,2
  8
1
 10
176.4819
 20
44.7373
  0
VERTEX
999
5,2
  8
1
 10
176.3584
 20
44.3433
  0
VERTEX
999
5,2
  8
1
 10
176.2275
 20
43.8530
  0
VERTEX
999
5,2
  8
1
 10
176.1157
 20
43.3579
  0
VERTEX
999
5,2
  8
1
 10
176.0239
 20
42.8594
  0
VERTEX
999
5,2
  8
1
 10
175.9521
 20
42.3569
  0
VERTEX
999
5,2
  8
1
 10
175.8989
 20
41.8594
  0
VERTEX
999
5,2
  8
1
 10
175.8604
 20
41.3604
  0
VERTEX
999
5,2
  8
1
 10
175.8364
 20
40.8604
  0
VERTEX
999
5,2
  8
1
 10
175.8281
 20
40.3599
  0
VERTEX
999
5,2
  8
1
 10
175.8364
 20
39.7632
  0
VERTEX
999
5,2
  8
1
 10
175.8613
 20
39.1665
  0
VERTEX
999
5,2
  8
1
 10
175.9028
 20
38.5713
  0
VERTEX
999
5,2
  8
1
 10
175.9619
 20
37.9771
  0
VERTEX
999
5,2
  8
1
 10
176.4268
 20
35.1865
  0
VERTEX
999
5,2
  8
1
 10
177.2959
 20
31.9663
  0
VERTEX
999
5,1,,70
  8
1
 10
178.0186
 20
29.8809
  0
SEQEND
  0
ENDBLK
  0
BLOCK
  8
1
  2
P0056_04
 70
64
 10
0.0000
 20
0.0000
  0
TEXT
  8
1
 10
198.7334
 20
29.4966
 40
5.0000
 50
0.0000
  1
PIECE: 後ポケット向当て布
  7
STANDARD
  0
TEXT
  8
1
 10
198.7334
 20
23.7466
 40
5.0000
 50
0.0000
  1
SIZE: S
  7
STANDARD
  0
TEXT
  8
1
 10
198.7334
 20
17.9966
 40
5.0000
 50
0.0000
  1
FABRIC: 表生地
  7
STANDARD
  0
TEXT
  8
1
 10
198.7334
 20
12.2466
 40
5.0000
 50
0.0000
  1
QUANTITY: 2
  7
STANDARD
  0
TEXT
  8
1
 10
27.3818
 20
16.3677
 40
6.0000
 50
0.0000
  1
COMMENT: コバステッチ
  7
STANDARD
  0
TEXT
  8
1
 10
76.4780
 20
31.8936
 40
7.0000
 50
0.0000
  1
COMMENT: CR1-02F5-PL02
  7
STANDARD
  0
TEXT
  8
1
 10
76.4780
 20
24.8936
 40
7.0000
 50
0.0000
  1
COMMENT: Size:共通
  7
STANDARD
  0
TEXT
  8
1
 10
76.4780
 20
17.8936
 40
7.0000
 50
0.0000
  1
COMMENT: 後ポケット向当て布
  7
STANDARD
  0
TEXT
  8
1
 10
76.4780
 20
10.8936
 40
7.0000
 50
0.0000
  1
COMMENT: 表生地×2
  7
STANDARD
  0
POLYLINE
999
1
  8
1
 66
1
 70
0
  0
VERTEX
999
1,1,,1
  8
1
 10
189.9048
 20
0.0000
  0
VERTEX
999
1,1,,2
  8
1
 10
0.0005
 20
0.0684
  0
VERTEX
999
1,1,,3
  8
1
 10
0.0005
 20
50.0000
  0
VERTEX
999
1,1,,4
  8
1
 10
189.9346
 20
50.0000
  0
VERTEX
999
1,2
  8
1
 10
189.9204
 20
25.0000
  0
VERTEX
999
1,1,,5
  8
1
 10
189.9048
 20
0.0000
  0
SEQEND
  0
POLYLINE
999
2
  8
1
 66
1
 70
0
  0
VERTEX
999
2,1,,6
  8
1
 10
189.9043
 20
0.0000
  0
VERTEX
999
2,1,,7
  8
1
 10
0.0000
 20
0.0684
  0
VERTEX
999
2,1,,8
  8
1
 10
0.0000
 20
50.0000
  0
VERTEX
999
2,1,,9
  8
1
 10
189.9341
 20
50.0000
  0
VERTEX
999
2,2
  8
1
 10
189.9204
 20
25.0000
  0
VERTEX
999
2,1,,10
  8
1
 10
189.9043
 20
0.0000
  0
SEQEND
  0
LINE
999
5,1,,11
  8
1
 10
174.9927
 20
25.0000
 11
15.0737
 21
25.0000
  0
LINE
999
5,1,,13
  8
1
  6
1
 10
0.0010
 20
1.5684
 11
189.9326
 21
1.5000
  0
LINE
999
5,1,,15
  8
1
 10
174.9946
 20
40.0000
 11
174.9927
 21
25.0000
  0
LINE
999
5,1,,17
  8
1
 10
15.0757
 20
40.0000
 11
174.9946
 21
40.0000
  0
LINE
999
5,1,,19
  8
1
 10
15.0757
 20
40.0000
 11
15.0737
 21
25.0000
  0
LINE
999
5,1,,21
  8
1
 10
38.3813
 20
1.5298
 11
44.1230
 21
15.1846
  0
LINE
999
5,1,,23
  8
1
 10
38.3813
 20
1.5298
 11
38.8711
 21
11.5176
  0
ENDBLK
  0
BLOCK
  8
1
  2
P0057_05
 70
64
 10
0.0000
 20
0.0000
  0
TEXT
  8
1
 10
198.7334
 20
29.4966
 40
5.0000
 50
0.0000
  1
PIECE: 後ポケット向当て布
  7
STANDARD
  0
TEXT
  8
1
 10
198.7334
 20
23.7466
 40
5.0000
 50
0.0000
  1
SIZE: M
  7
STANDARD
  0
TEXT
  8
1
 10
198.7334
 20
17.9966
 40
5.0000
 50
0.0000
  1
FABRIC: 表生地
  7
STANDARD
  0
TEXT
  8
1
 10
198.7334
 20
12.2466
 40
5.0000
 50
0.0000
  1
QUANTITY: 2
  7
STANDARD
  0
TEXT
  8
1
 10
27.3818
 20
16.3677
 40
6.0000
 50
0.0000
  1
COMMENT: コバステッチ
  7
STANDARD
  0
TEXT
  8
1
 10
76.4780
 20
31.8936
 40
7.0000
 50
0.0000
  1
COMMENT: CR1-02F5-PL02
  7
STANDARD
  0
TEXT
  8
1
 10
76.4780
 20
24.8936
 40
7.0000
 50
0.0000
  1
COMMENT: Size:共通
  7
STANDARD
  0
TEXT
  8
1
 10
76.4780
 20
17.8936
 40
7.0000
 50
0.0000
  1
COMMENT: 後ポケット向当て布
  7
STANDARD
  0
TEXT
  8
1
 10
76.4780
 20
10.8936
 40
7.0000
 50
0.0000
  1
COMMENT: 表生地×2
  7
STANDARD
  0
POLYLINE
999
1
  8
1
 66
1
 70
0
  0
VERTEX
999
1,1,,1
  8
1
 10
189.9048
 20
0.0000
  0
VERTEX
999
1,1,,2
  8
1
 10
0.0005
 20
0.0684
  0
VERTEX
999
1,1,,3
  8
1
 10
0.0005
 20
50.0000
  0
VERTEX
999
1,1,,4
  8
1
 10
189.9346
 20
50.0000
  0
VERTEX
999
1,2
  8
1
 10
189.9204
 20
25.0000
  0
VERTEX
999
1,1,,5
  8
1
 10
189.9048
 20
0.0000
  0
SEQEND
  0
POLYLINE
999
2
  8
1
 66
1
 70
0
  0
VERTEX
999
2,1,,6
  8
1
 10
189.9043
 20
0.0000
  0
VERTEX
999
2,1,,7
  8
1
 10
0.0000
 20
0.0684
  0
VERTEX
999
2,1,,8
  8
1
 10
0.0000
 20
50.0000
  0
VERTEX
999
2,1,,9
  8
1
 10
189.9341
 20
50.0000
  0
VERTEX
999
2,2
  8
1
 10
189.9204
 20
25.0000
  0
VERTEX
999
2,1,,10
  8
1
 10
189.9043
 20
0.0000
  0
SEQEND
  0
LINE
999
5,1,,11
  8
1
 10
174.9927
 20
25.0000
 11
15.0737
 21
25.0000
  0
LINE
999
5,1,,13
  8
1
  6
1
 10
0.0010
 20
1.5684
 11
189.9326
 21
1.5000
  0
LINE
999
5,1,,15
  8
1
 10
174.9946
 20
40.0000
 11
174.9927
 21
25.0000
  0
LINE
999
5,1,,17
  8
1
 10
15.0757
 20
40.0000
 11
174.9946
 21
40.0000
  0
LINE
999
5,1,,19
  8
1
 10
15.0757
 20
40.0000
 11
15.0737
 21
25.0000
  0
LINE
999
5,1,,21
  8
1
 10
38.3813
 20
1.5298
 11
44.1230
 21
15.1846
  0
LINE
999
5,1,,23
  8
1
 10
38.3813
 20
1.5298
 11
38.8711
 21
11.5176
  0
ENDBLK
  0
BLOCK
  8
1
  2
P0058_06
 70
64
 10
0.0000
 20
0.0000
  0
TEXT
  8
1
 10
198.7334
 20
29.4966
 40
5.0000
 50
0.0000
  1
PIECE: 後ポケット向当て布
  7
STANDARD
  0
TEXT
  8
1
 10
198.7334
 20
23.7466
 40
5.0000
 50
0.0000
  1
SIZE: L
  7
STANDARD
  0
TEXT
  8
1
 10
198.7334
 20
17.9966
 40
5.0000
 50
0.0000
  1
FABRIC: 表生地
  7
STANDARD
  0
TEXT
  8
1
 10
198.7334
 20
12.2466
 40
5.0000
 50
0.0000
  1
QUANTITY: 2
  7
STANDARD
  0
TEXT
  8
1
 10
27.3818
 20
16.3677
 40
6.0000
 50
0.0000
  1
COMMENT: コバステッチ
  7
STANDARD
  0
TEXT
  8
1
 10
76.4780
 20
31.8936
 40
7.0000
 50
0.0000
  1
COMMENT: CR1-02F5-PL02
  7
STANDARD
  0
TEXT
  8
1
 10
76.4780
 20
24.8936
 40
7.0000
 50
0.0000
  1
COMMENT: Size:共通
  7
STANDARD
  0
TEXT
  8
1
 10
76.4780
 20
17.8936
 40
7.0000
 50
0.0000
  1
COMMENT: 後ポケット向当て布
  7
STANDARD
  0
TEXT
  8
1
 10
76.4780
 20
10.8936
 40
7.0000
 50
0.0000
  1
COMMENT: 表生地×2
  7
STANDARD
  0
POLYLINE
999
1
  8
1
 66
1
 70
0
  0
VERTEX
999
1,1,,1
  8
1
 10
189.9048
 20
0.0000
  0
VERTEX
999
1,1,,2
  8
1
 10
0.0005
 20
0.0684
  0
VERTEX
999
1,1,,3
  8
1
 10
0.0005
 20
50.0000
  0
VERTEX
999
1,1,,4
  8
1
 10
189.9346
 20
50.0000
  0
VERTEX
999
1,2
  8
1
 10
189.9204
 20
25.0000
  0
VERTEX
999
1,1,,5
  8
1
 10
189.9048
 20
0.0000
  0
SEQEND
  0
POLYLINE
999
2
  8
1
 66
1
 70
0
  0
VERTEX
999
2,1,,6
  8
1
 10
189.9043
 20
0.0000
  0
VERTEX
999
2,1,,7
  8
1
 10
0.0000
 20
0.0684
  0
VERTEX
999
2,1,,8
  8
1
 10
0.0000
 20
50.0000
  0
VERTEX
999
2,1,,9
  8
1
 10
189.9341
 20
50.0000
  0
VERTEX
999
2,2
  8
1
 10
189.9204
 20
25.0000
  0
VERTEX
999
2,1,,10
  8
1
 10
189.9043
 20
0.0000
  0
SEQEND
  0
LINE
999
5,1,,11
  8
1
 10
174.9927
 20
25.0000
 11
15.0737
 21
25.0000
  0
LINE
999
5,1,,13
  8
1
  6
1
 10
0.0010
 20
1.5684
 11
189.9326
 21
1.5000
  0
LINE
999
5,1,,15
  8
1
 10
174.9946
 20
40.0000
 11
174.9927
 21
25.0000
  0
LINE
999
5,1,,17
  8
1
 10
15.0757
 20
40.0000
 11
174.9946
 21
40.0000
  0
LINE
999
5,1,,19
  8
1
 10
15.0757
 20
40.0000
 11
15.0737
 21
25.0000
  0
LINE
999
5,1,,21
  8
1
 10
38.3813
 20
1.5298
 11
44.1230
 21
15.1846
  0
LINE
999
5,1,,23
  8
1
 10
38.3813
 20
1.5298
 11
38.8711
 21
11.5176
  0
ENDBLK
  0
BLOCK
  8
1
  2
P0059_07
 70
64
 10
0.0000
 20
0.0000
  0
TEXT
  8
1
 10
198.7334
 20
29.4966
 40
5.0000
 50
0.0000
  1
PIECE: 後ポケット向当て布
  7
STANDARD
  0
TEXT
  8
1
 10
198.7334
 20
23.7466
 40
5.0000
 50
0.0000
  1
SIZE: XL
  7
STANDARD
  0
TEXT
  8
1
 10
198.7334
 20
17.9966
 40
5.0000
 50
0.0000
  1
FABRIC: 表生地
  7
STANDARD
  0
TEXT
  8
1
 10
198.7334
 20
12.2466
 40
5.0000
 50
0.0000
  1
QUANTITY: 2
  7
STANDARD
  0
TEXT
  8
1
 10
27.3818
 20
16.3677
 40
6.0000
 50
0.0000
  1
COMMENT: コバステッチ
  7
STANDARD
  0
TEXT
  8
1
 10
76.4780
 20
31.8936
 40
7.0000
 50
0.0000
  1
COMMENT: CR1-02F5-PL02
  7
STANDARD
  0
TEXT
  8
1
 10
76.4780
 20
24.8936
 40
7.0000
 50
0.0000
  1
COMMENT: Size:共通
  7
STANDARD
  0
TEXT
  8
1
 10
76.4780
 20
17.8936
 40
7.0000
 50
0.0000
  1
COMMENT: 後ポケット向当て布
  7
STANDARD
  0
TEXT
  8
1
 10
76.4780
 20
10.8936
 40
7.0000
 50
0.0000
  1
COMMENT: 表生地×2
  7
STANDARD
  0
POLYLINE
999
1
  8
1
 66
1
 70
0
  0
VERTEX
999
1,1,,1
  8
1
 10
189.9048
 20
0.0000
  0
VERTEX
999
1,1,,2
  8
1
 10
0.0005
 20
0.0684
  0
VERTEX
999
1,1,,3
  8
1
 10
0.0005
 20
50.0000
  0
VERTEX
999
1,1,,4
  8
1
 10
189.9346
 20
50.0000
  0
VERTEX
999
1,2
  8
1
 10
189.9204
 20
25.0000
  0
VERTEX
999
1,1,,5
  8
1
 10
189.9048
 20
0.0000
  0
SEQEND
  0
POLYLINE
999
2
  8
1
 66
1
 70
0
  0
VERTEX
999
2,1,,6
  8
1
 10
189.9043
 20
0.0000
  0
VERTEX
999
2,1,,7
  8
1
 10
0.0000
 20
0.0684
  0
VERTEX
999
2,1,,8
  8
1
 10
0.0000
 20
50.0000
  0
VERTEX
999
2,1,,9
  8
1
 10
189.9341
 20
50.0000
  0
VERTEX
999
2,2
  8
1
 10
189.9204
 20
25.0000
  0
VERTEX
999
2,1,,10
  8
1
 10
189.9043
 20
0.0000
  0
SEQEND
  0
LINE
999
5,1,,11
  8
1
 10
174.9927
 20
25.0000
 11
15.0737
 21
25.0000
  0
LINE
999
5,1,,13
  8
1
  6
1
 10
0.0010
 20
1.5684
 11
189.9326
 21
1.5000
  0
LINE
999
5,1,,15
  8
1
 10
174.9946
 20
40.0000
 11
174.9927
 21
25.0000
  0
LINE
999
5,1,,17
  8
1
 10
15.0757
 20
40.0000
 11
174.9946
 21
40.0000
  0
LINE
999
5,1,,19
  8
1
 10
15.0757
 20
40.0000
 11
15.0737
 21
25.0000
  0
LINE
999
5,1,,21
  8
1
 10
38.3813
 20
1.5298
 11
44.1230
 21
15.1846
  0
LINE
999
5,1,,23
  8
1
 10
38.3813
 20
1.5298
 11
38.8711
 21
11.5176
  0
ENDBLK
  0
BLOCK
  8
1
  2
P0060_08
 70
64
 10
0.0000
 20
0.0000
  0
TEXT
  8
1
 10
198.7334
 20
29.4966
 40
5.0000
 50
0.0000
  1
PIECE: 後ポケット向当て布
  7
STANDARD
  0
TEXT
  8
1
 10
198.7334
 20
23.7466
 40
5.0000
 50
0.0000
  1
SIZE: XXL
  7
STANDARD
  0
TEXT
  8
1
 10
198.7334
 20
17.9966
 40
5.0000
 50
0.0000
  1
FABRIC: 表生地
  7
STANDARD
  0
TEXT
  8
1
 10
198.7334
 20
12.2466
 40
5.0000
 50
0.0000
  1
QUANTITY: 2
  7
STANDARD
  0
TEXT
  8
1
 10
27.3818
 20
16.3677
 40
6.0000
 50
0.0000
  1
COMMENT: コバステッチ
  7
STANDARD
  0
TEXT
  8
1
 10
76.4780
 20
31.8936
 40
7.0000
 50
0.0000
  1
COMMENT: CR1-02F5-PL02
  7
STANDARD
  0
TEXT
  8
1
 10
76.4780
 20
24.8936
 40
7.0000
 50
0.0000
  1
COMMENT: Size:共通
  7
STANDARD
  0
TEXT
  8
1
 10
76.4780
 20
17.8936
 40
7.0000
 50
0.0000
  1
COMMENT: 後ポケット向当て布
  7
STANDARD
  0
TEXT
  8
1
 10
76.4780
 20
10.8936
 40
7.0000
 50
0.0000
  1
COMMENT: 表生地×2
  7
STANDARD
  0
POLYLINE
999
1
  8
1
 66
1
 70
0
  0
VERTEX
999
1,1,,1
  8
1
 10
189.9048
 20
0.0000
  0
VERTEX
999
1,1,,2
  8
1
 10
0.0005
 20
0.0684
  0
VERTEX
999
1,1,,3
  8
1
 10
0.0005
 20
50.0000
  0
VERTEX
999
1,1,,4
  8
1
 10
189.9346
 20
50.0000
  0
VERTEX
999
1,2
  8
1
 10
189.9204
 20
25.0000
  0
VERTEX
999
1,1,,5
  8
1
 10
189.9048
 20
0.0000
  0
SEQEND
  0
POLYLINE
999
2
  8
1
 66
1
 70
0
  0
VERTEX
999
2,1,,6
  8
1
 10
189.9043
 20
0.0000
  0
VERTEX
999
2,1,,7
  8
1
 10
0.0000
 20
0.0684
  0
VERTEX
999
2,1,,8
  8
1
 10
0.0000
 20
50.0000
  0
VERTEX
999
2,1,,9
  8
1
 10
189.9341
 20
50.0000
  0
VERTEX
999
2,2
  8
1
 10
189.9204
 20
25.0000
  0
VERTEX
999
2,1,,10
  8
1
 10
189.9043
 20
0.0000
  0
SEQEND
  0
LINE
999
5,1,,11
  8
1
 10
174.9927
 20
25.0000
 11
15.0737
 21
25.0000
  0
LINE
999
5,1,,13
  8
1
  6
1
 10
0.0010
 20
1.5684
 11
189.9326
 21
1.5000
  0
LINE
999
5,1,,15
  8
1
 10
174.9946
 20
40.0000
 11
174.9927
 21
25.0000
  0
LINE
999
5,1,,17
  8
1
 10
15.0757
 20
40.0000
 11
174.9946
 21
40.0000
  0
LINE
999
5,1,,19
  8
1
 10
15.0757
 20
40.0000
 11
15.0737
 21
25.0000
  0
LINE
999
5,1,,21
  8
1
 10
38.3813
 20
1.5298
 11
44.1230
 21
15.1846
  0
LINE
999
5,1,,23
  8
1
 10
38.3813
 20
1.5298
 11
38.8711
 21
11.5176
  0
ENDBLK
  0
BLOCK
  8
1
  2
P0061_04
 70
64
 10
0.0000
 20
0.0000
  0
TEXT
  8
1
 10
40.3101
 20
6.5405
 40
5.0000
 50
0.0000
  1
PIECE: ベルトループ
  7
STANDARD
  0
TEXT
  8
1
 10
40.3101
 20
0.7905
 40
5.0000
 50
0.0000
  1
SIZE: S
  7
STANDARD
  0
TEXT
  8
1
 10
40.3101
 20
-4.9595
 40
5.0000
 50
0.0000
  1
FABRIC: 表生地
  7
STANDARD
  0
TEXT
  8
1
 10
40.3101
 20
-10.7095
 40
5.0000
 50
0.0000
  1
QUANTITY: 1
  7
STANDARD
  0
TEXT
  8
1
 10
14.7300
 20
52.6797
 40
5.0000
 50
0.0000
  1
COMMENT: 1.0
  7
STANDARD
  0
TEXT
  8
1
 10
25.0000
 20
36.6230
 40
5.0000
 50
0.0000
  1
COMMENT: 1.0
  7
STANDARD
  0
TEXT
  8
1
 10
0.0000
 20
39.9780
 40
5.0000
 50
0.0000
  1
COMMENT: 1.0
  7
STANDARD
  0
TEXT
  8
1
 10
2.0137
 20
22.0923
 40
5.0000
 50
0.0000
  1
COMMENT: CR1-02F5-PL02
  7
STANDARD
  0
TEXT
  8
1
 10
2.0137
 20
17.0923
 40
5.0000
 50
0.0000
  1
COMMENT: Size:共通
  7
STANDARD
  0
TEXT
  8
1
 10
2.0137
 20
12.0923
 40
5.0000
 50
0.0000
  1
COMMENT: ベルトループ
  7
STANDARD
  0
TEXT
  8
1
 10
2.0137
 20
7.0923
 40
5.0000
 50
0.0000
  1
COMMENT: 表生地×1
  7
STANDARD
  0
POLYLINE
999
1
  8
1
 66
1
 70
0
  0
VERTEX
999
1,1,,1
  8
1
 10
35.0000
 20
0.0000
  0
VERTEX
999
1,1,,2
  8
1
 10
0.0000
 20
0.0000
  0
VERTEX
999
1,1,1,3
  8
1
 10
0.0000
 20
30.0000
 38
10.0000
 50
0.0000
  0
VERTEX
999
1,1,,4
  8
1
 10
0.0000
 20
60.0000
  0
VERTEX
999
1,1,,5
  8
1
 10
35.0000
 20
60.0000
  0
VERTEX
999
1,1,1,6
  8
1
 10
35.0000
 20
30.0000
 38
10.0000
 50
180.0000
  0
VERTEX
999
1,1,,7
  8
1
 10
35.0000
 20
0.0000
  0
SEQEND
  0
POLYLINE
999
2
  8
1
 66
1
 70
0
  0
VERTEX
999
2,1,,8
  8
1
 10
25.0000
 20
10.0000
  0
VERTEX
999
2,1,,9
  8
1
 10
10.0000
 20
10.0000
  0
VERTEX
999
2,1,,10
  8
1
 10
10.0000
 20
30.0000
  0
VERTEX
999
2,1,,11
  8
1
 10
10.0000
 20
50.0000
  0
VERTEX
999
2,1,,12
  8
1
 10
25.0000
 20
50.0000
  0
VERTEX
999
2,1,,13
  8
1
 10
25.0000
 20
30.0000
  0
VERTEX
999
2,1,,14
  8
1
 10
25.0000
 20
10.0000
  0
SEQEND
  0
LINE
999
5,1,,15
  8
1
 10
10.0000
 20
30.0000
 11
20.0000
 21
30.0000
  0
LINE
999
5,1,,17
  8
1
 10
25.0000
 20
30.0000
 11
15.0000
 21
30.0000
  0
LINE
999
5,1,,19
  8
1
 10
10.0000
 20
30.0000
 11
25.0000
 21
30.0000
  0
LINE
999
5,1,,21
  8
1
  6
1
 10
23.5000
 20
50.0000
 11
23.5000
 21
30.0000
  0
LINE
999
5,1,,23
  8
1
  6
1
 10
11.5000
 20
30.0000
 11
11.5000
 21
50.0000
  0
ENDBLK
  0
BLOCK
  8
1
  2
P0062_05
 70
64
 10
0.0000
 20
0.0000
  0
TEXT
  8
1
 10
40.3101
 20
6.5405
 40
5.0000
 50
0.0000
  1
PIECE: ベルトループ
  7
STANDARD
  0
TEXT
  8
1
 10
40.3101
 20
0.7905
 40
5.0000
 50
0.0000
  1
SIZE: M
  7
STANDARD
  0
TEXT
  8
1
 10
40.3101
 20
-4.9595
 40
5.0000
 50
0.0000
  1
FABRIC: 表生地
  7
STANDARD
  0
TEXT
  8
1
 10
40.3101
 20
-10.7095
 40
5.0000
 50
0.0000
  1
QUANTITY: 1
  7
STANDARD
  0
TEXT
  8
1
 10
14.7300
 20
52.6797
 40
5.0000
 50
0.0000
  1
COMMENT: 1.0
  7
STANDARD
  0
TEXT
  8
1
 10
25.0000
 20
36.6230
 40
5.0000
 50
0.0000
  1
COMMENT: 1.0
  7
STANDARD
  0
TEXT
  8
1
 10
0.0000
 20
39.9780
 40
5.0000
 50
0.0000
  1
COMMENT: 1.0
  7
STANDARD
  0
TEXT
  8
1
 10
2.0137
 20
22.0923
 40
5.0000
 50
0.0000
  1
COMMENT: CR1-02F5-PL02
  7
STANDARD
  0
TEXT
  8
1
 10
2.0137
 20
17.0923
 40
5.0000
 50
0.0000
  1
COMMENT: Size:共通
  7
STANDARD
  0
TEXT
  8
1
 10
2.0137
 20
12.0923
 40
5.0000
 50
0.0000
  1
COMMENT: ベルトループ
  7
STANDARD
  0
TEXT
  8
1
 10
2.0137
 20
7.0923
 40
5.0000
 50
0.0000
  1
COMMENT: 表生地×1
  7
STANDARD
  0
POLYLINE
999
1
  8
1
 66
1
 70
0
  0
VERTEX
999
1,1,,1
  8
1
 10
35.0000
 20
0.0000
  0
VERTEX
999
1,1,,2
  8
1
 10
0.0000
 20
0.0000
  0
VERTEX
999
1,1,1,3
  8
1
 10
0.0000
 20
30.0000
 38
10.0000
 50
0.0000
  0
VERTEX
999
1,1,,4
  8
1
 10
0.0000
 20
60.0000
  0
VERTEX
999
1,1,,5
  8
1
 10
35.0000
 20
60.0000
  0
VERTEX
999
1,1,1,6
  8
1
 10
35.0000
 20
30.0000
 38
10.0000
 50
180.0000
  0
VERTEX
999
1,1,,7
  8
1
 10
35.0000
 20
0.0000
  0
SEQEND
  0
POLYLINE
999
2
  8
1
 66
1
 70
0
  0
VERTEX
999
2,1,,8
  8
1
 10
25.0000
 20
10.0000
  0
VERTEX
999
2,1,,9
  8
1
 10
10.0000
 20
10.0000
  0
VERTEX
999
2,1,,10
  8
1
 10
10.0000
 20
30.0000
  0
VERTEX
999
2,1,,11
  8
1
 10
10.0000
 20
50.0000
  0
VERTEX
999
2,1,,12
  8
1
 10
25.0000
 20
50.0000
  0
VERTEX
999
2,1,,13
  8
1
 10
25.0000
 20
30.0000
  0
VERTEX
999
2,1,,14
  8
1
 10
25.0000
 20
10.0000
  0
SEQEND
  0
LINE
999
5,1,,15
  8
1
 10
10.0000
 20
30.0000
 11
20.0000
 21
30.0000
  0
LINE
999
5,1,,17
  8
1
 10
25.0000
 20
30.0000
 11
15.0000
 21
30.0000
  0
LINE
999
5,1,,19
  8
1
 10
10.0000
 20
30.0000
 11
25.0000
 21
30.0000
  0
LINE
999
5,1,,21
  8
1
  6
1
 10
23.5000
 20
50.0000
 11
23.5000
 21
30.0000
  0
LINE
999
5,1,,23
  8
1
  6
1
 10
11.5000
 20
30.0000
 11
11.5000
 21
50.0000
  0
ENDBLK
  0
BLOCK
  8
1
  2
P0063_06
 70
64
 10
0.0000
 20
0.0000
  0
TEXT
  8
1
 10
40.3101
 20
6.5405
 40
5.0000
 50
0.0000
  1
PIECE: ベルトループ
  7
STANDARD
  0
TEXT
  8
1
 10
40.3101
 20
0.7905
 40
5.0000
 50
0.0000
  1
SIZE: L
  7
STANDARD
  0
TEXT
  8
1
 10
40.3101
 20
-4.9595
 40
5.0000
 50
0.0000
  1
FABRIC: 表生地
  7
STANDARD
  0
TEXT
  8
1
 10
40.3101
 20
-10.7095
 40
5.0000
 50
0.0000
  1
QUANTITY: 1
  7
STANDARD
  0
TEXT
  8
1
 10
14.7300
 20
52.6797
 40
5.0000
 50
0.0000
  1
COMMENT: 1.0
  7
STANDARD
  0
TEXT
  8
1
 10
25.0000
 20
36.6230
 40
5.0000
 50
0.0000
  1
COMMENT: 1.0
  7
STANDARD
  0
TEXT
  8
1
 10
0.0000
 20
39.9780
 40
5.0000
 50
0.0000
  1
COMMENT: 1.0
  7
STANDARD
  0
TEXT
  8
1
 10
2.0137
 20
22.0923
 40
5.0000
 50
0.0000
  1
COMMENT: CR1-02F5-PL02
  7
STANDARD
  0
TEXT
  8
1
 10
2.0137
 20
17.0923
 40
5.0000
 50
0.0000
  1
COMMENT: Size:共通
  7
STANDARD
  0
TEXT
  8
1
 10
2.0137
 20
12.0923
 40
5.0000
 50
0.0000
  1
COMMENT: ベルトループ
  7
STANDARD
  0
TEXT
  8
1
 10
2.0137
 20
7.0923
 40
5.0000
 50
0.0000
  1
COMMENT: 表生地×1
  7
STANDARD
  0
POLYLINE
999
1
  8
1
 66
1
 70
0
  0
VERTEX
999
1,1,,1
  8
1
 10
35.0000
 20
0.0000
  0
VERTEX
999
1,1,,2
  8
1
 10
0.0000
 20
0.0000
  0
VERTEX
999
1,1,1,3
  8
1
 10
0.0000
 20
30.0000
 38
10.0000
 50
0.0000
  0
VERTEX
999
1,1,,4
  8
1
 10
0.0000
 20
60.0000
  0
VERTEX
999
1,1,,5
  8
1
 10
35.0000
 20
60.0000
  0
VERTEX
999
1,1,1,6
  8
1
 10
35.0000
 20
30.0000
 38
10.0000
 50
180.0000
  0
VERTEX
999
1,1,,7
  8
1
 10
35.0000
 20
0.0000
  0
SEQEND
  0
POLYLINE
999
2
  8
1
 66
1
 70
0
  0
VERTEX
999
2,1,,8
  8
1
 10
25.0000
 20
10.0000
  0
VERTEX
999
2,1,,9
  8
1
 10
10.0000
 20
10.0000
  0
VERTEX
999
2,1,,10
  8
1
 10
10.0000
 20
30.0000
  0
VERTEX
999
2,1,,11
  8
1
 10
10.0000
 20
50.0000
  0
VERTEX
999
2,1,,12
  8
1
 10
25.0000
 20
50.0000
  0
VERTEX
999
2,1,,13
  8
1
 10
25.0000
 20
30.0000
  0
VERTEX
999
2,1,,14
  8
1
 10
25.0000
 20
10.0000
  0
SEQEND
  0
LINE
999
5,1,,15
  8
1
 10
10.0000
 20
30.0000
 11
20.0000
 21
30.0000
  0
LINE
999
5,1,,17
  8
1
 10
25.0000
 20
30.0000
 11
15.0000
 21
30.0000
  0
LINE
999
5,1,,19
  8
1
 10
10.0000
 20
30.0000
 11
25.0000
 21
30.0000
  0
LINE
999
5,1,,21
  8
1
  6
1
 10
23.5000
 20
50.0000
 11
23.5000
 21
30.0000
  0
LINE
999
5,1,,23
  8
1
  6
1
 10
11.5000
 20
30.0000
 11
11.5000
 21
50.0000
  0
ENDBLK
  0
BLOCK
  8
1
  2
P0064_07
 70
64
 10
0.0000
 20
0.0000
  0
TEXT
  8
1
 10
40.3101
 20
6.5405
 40
5.0000
 50
0.0000
  1
PIECE: ベルトループ
  7
STANDARD
  0
TEXT
  8
1
 10
40.3101
 20
0.7905
 40
5.0000
 50
0.0000
  1
SIZE: XL
  7
STANDARD
  0
TEXT
  8
1
 10
40.3101
 20
-4.9595
 40
5.0000
 50
0.0000
  1
FABRIC: 表生地
  7
STANDARD
  0
TEXT
  8
1
 10
40.3101
 20
-10.7095
 40
5.0000
 50
0.0000
  1
QUANTITY: 1
  7
STANDARD
  0
TEXT
  8
1
 10
14.7300
 20
52.6797
 40
5.0000
 50
0.0000
  1
COMMENT: 1.0
  7
STANDARD
  0
TEXT
  8
1
 10
25.0000
 20
36.6230
 40
5.0000
 50
0.0000
  1
COMMENT: 1.0
  7
STANDARD
  0
TEXT
  8
1
 10
0.0000
 20
39.9780
 40
5.0000
 50
0.0000
  1
COMMENT: 1.0
  7
STANDARD
  0
TEXT
  8
1
 10
2.0137
 20
22.0923
 40
5.0000
 50
0.0000
  1
COMMENT: CR1-02F5-PL02
  7
STANDARD
  0
TEXT
  8
1
 10
2.0137
 20
17.0923
 40
5.0000
 50
0.0000
  1
COMMENT: Size:共通
  7
STANDARD
  0
TEXT
  8
1
 10
2.0137
 20
12.0923
 40
5.0000
 50
0.0000
  1
COMMENT: ベルトループ
  7
STANDARD
  0
TEXT
  8
1
 10
2.0137
 20
7.0923
 40
5.0000
 50
0.0000
  1
COMMENT: 表生地×1
  7
STANDARD
  0
POLYLINE
999
1
  8
1
 66
1
 70
0
  0
VERTEX
999
1,1,,1
  8
1
 10
35.0000
 20
0.0000
  0
VERTEX
999
1,1,,2
  8
1
 10
0.0000
 20
0.0000
  0
VERTEX
999
1,1,1,3
  8
1
 10
0.0000
 20
30.0000
 38
10.0000
 50
0.0000
  0
VERTEX
999
1,1,,4
  8
1
 10
0.0000
 20
60.0000
  0
VERTEX
999
1,1,,5
  8
1
 10
35.0000
 20
60.0000
  0
VERTEX
999
1,1,1,6
  8
1
 10
35.0000
 20
30.0000
 38
10.0000
 50
180.0000
  0
VERTEX
999
1,1,,7
  8
1
 10
35.0000
 20
0.0000
  0
SEQEND
  0
POLYLINE
999
2
  8
1
 66
1
 70
0
  0
VERTEX
999
2,1,,8
  8
1
 10
25.0000
 20
10.0000
  0
VERTEX
999
2,1,,9
  8
1
 10
10.0000
 20
10.0000
  0
VERTEX
999
2,1,,10
  8
1
 10
10.0000
 20
30.0000
  0
VERTEX
999
2,1,,11
  8
1
 10
10.0000
 20
50.0000
  0
VERTEX
999
2,1,,12
  8
1
 10
25.0000
 20
50.0000
  0
VERTEX
999
2,1,,13
  8
1
 10
25.0000
 20
30.0000
  0
VERTEX
999
2,1,,14
  8
1
 10
25.0000
 20
10.0000
  0
SEQEND
  0
LINE
999
5,1,,15
  8
1
 10
10.0000
 20
30.0000
 11
20.0000
 21
30.0000
  0
LINE
999
5,1,,17
  8
1
 10
25.0000
 20
30.0000
 11
15.0000
 21
30.0000
  0
LINE
999
5,1,,19
  8
1
 10
10.0000
 20
30.0000
 11
25.0000
 21
30.0000
  0
LINE
999
5,1,,21
  8
1
  6
1
 10
23.5000
 20
50.0000
 11
23.5000
 21
30.0000
  0
LINE
999
5,1,,23
  8
1
  6
1
 10
11.5000
 20
30.0000
 11
11.5000
 21
50.0000
  0
ENDBLK
  0
BLOCK
  8
1
  2
P0065_08
 70
64
 10
0.0000
 20
0.0000
  0
TEXT
  8
1
 10
40.3101
 20
6.5405
 40
5.0000
 50
0.0000
  1
PIECE: ベルトループ
  7
STANDARD
  0
TEXT
  8
1
 10
40.3101
 20
0.7905
 40
5.0000
 50
0.0000
  1
SIZE: XXL
  7
STANDARD
  0
TEXT
  8
1
 10
40.3101
 20
-4.9595
 40
5.0000
 50
0.0000
  1
FABRIC: 表生地
  7
STANDARD
  0
TEXT
  8
1
 10
40.3101
 20
-10.7095
 40
5.0000
 50
0.0000
  1
QUANTITY: 1
  7
STANDARD
  0
TEXT
  8
1
 10
14.7300
 20
52.6797
 40
5.0000
 50
0.0000
  1
COMMENT: 1.0
  7
STANDARD
  0
TEXT
  8
1
 10
25.0000
 20
36.6230
 40
5.0000
 50
0.0000
  1
COMMENT: 1.0
  7
STANDARD
  0
TEXT
  8
1
 10
0.0000
 20
39.9780
 40
5.0000
 50
0.0000
  1
COMMENT: 1.0
  7
STANDARD
  0
TEXT
  8
1
 10
2.0137
 20
22.0923
 40
5.0000
 50
0.0000
  1
COMMENT: CR1-02F5-PL02
  7
STANDARD
  0
TEXT
  8
1
 10
2.0137
 20
17.0923
 40
5.0000
 50
0.0000
  1
COMMENT: Size:共通
  7
STANDARD
  0
TEXT
  8
1
 10
2.0137
 20
12.0923
 40
5.0000
 50
0.0000
  1
COMMENT: ベルトループ
  7
STANDARD
  0
TEXT
  8
1
 10
2.0137
 20
7.0923
 40
5.0000
 50
0.0000
  1
COMMENT: 表生地×1
  7
STANDARD
  0
POLYLINE
999
1
  8
1
 66
1
 70
0
  0
VERTEX
999
1,1,,1
  8
1
 10
35.0000
 20
0.0000
  0
VERTEX
999
1,1,,2
  8
1
 10
0.0000
 20
0.0000
  0
VERTEX
999
1,1,1,3
  8
1
 10
0.0000
 20
30.0000
 38
10.0000
 50
0.0000
  0
VERTEX
999
1,1,,4
  8
1
 10
0.0000
 20
60.0000
  0
VERTEX
999
1,1,,5
  8
1
 10
35.0000
 20
60.0000
  0
VERTEX
999
1,1,1,6
  8
1
 10
35.0000
 20
30.0000
 38
10.0000
 50
180.0000
  0
VERTEX
999
1,1,,7
  8
1
 10
35.0000
 20
0.0000
  0
SEQEND
  0
POLYLINE
999
2
  8
1
 66
1
 70
0
  0
VERTEX
999
2,1,,8
  8
1
 10
25.0000
 20
10.0000
  0
VERTEX
999
2,1,,9
  8
1
 10
10.0000
 20
10.0000
  0
VERTEX
999
2,1,,10
  8
1
 10
10.0000
 20
30.0000
  0
VERTEX
999
2,1,,11
  8
1
 10
10.0000
 20
50.0000
  0
VERTEX
999
2,1,,12
  8
1
 10
25.0000
 20
50.0000
  0
VERTEX
999
2,1,,13
  8
1
 10
25.0000
 20
30.0000
  0
VERTEX
999
2,1,,14
  8
1
 10
25.0000
 20
10.0000
  0
SEQEND
  0
LINE
999
5,1,,15
  8
1
 10
10.0000
 20
30.0000
 11
20.0000
 21
30.0000
  0
LINE
999
5,1,,17
  8
1
 10
25.0000
 20
30.0000
 11
15.0000
 21
30.0000
  0
LINE
999
5,1,,19
  8
1
 10
10.0000
 20
30.0000
 11
25.0000
 21
30.0000
  0
LINE
999
5,1,,21
  8
1
  6
1
 10
23.5000
 20
50.0000
 11
23.5000
 21
30.0000
  0
LINE
999
5,1,,23
  8
1
  6
1
 10
11.5000
 20
30.0000
 11
11.5000
 21
50.0000
  0
ENDBLK
  0
BLOCK
  8
1
  2
P0066_04
 70
64
 10
0.0000
 20
0.0000
  0
TEXT
  8
1
 10
378.1128
 20
0.6875
 40
8.0000
 50
0.0000
  1
PIECE: ベルトゴム
  7
STANDARD
  0
TEXT
  8
1
 10
378.1128
 20
-8.5125
 40
8.0000
 50
0.0000
  1
SIZE: S
  7
STANDARD
  0
TEXT
  8
1
 10
378.1128
 20
-17.7125
 40
8.0000
 50
0.0000
  1
FABRIC: 平ゴム
  7
STANDARD
  0
TEXT
  8
1
 10
378.1128
 20
-26.9125
 40
8.0000
 50
0.0000
  1
QUANTITY: 1
  7
STANDARD
  0
TEXT
  8
1
 10
100.0000
 20
14.6304
 40
5.0000
 50
0.0000
  1
COMMENT: 1.0
  7
STANDARD
  0
TEXT
  8
1
 10
437.7363
 20
12.7729
 40
6.0000
 50
0.0000
  1
COMMENT: 72cm+両端各1cm縫代=74cm
  7
STANDARD
  0
TEXT
  8
1
 10
830.0000
 20
14.4302
 40
5.0000
 50
0.0000
  1
COMMENT: 1.0
  7
STANDARD
  0
POLYLINE
999
1
  8
1
 66
1
 70
0
  0
VERTEX
999
1,1,,1
  8
1
 10
100.0000
 20
0.0000
  0
VERTEX
999
1,1,,2
  8
1
 10
100.0000
 20
35.0000
  0
VERTEX
999
1,1,,3
  8
1
 10
840.0000
 20
35.0000
  0
VERTEX
999
1,1,,4
  8
1
 10
840.0000
 20
0.0000
  0
VERTEX
999
1,1,,5
  8
1
 10
100.0000
 20
0.0000
  0
SEQEND
  0
POLYLINE
999
2
  8
1
 66
1
 70
0
  0
VERTEX
999
2,1,,6
  8
1
 10
110.0000
 20
0.0000
  0
VERTEX
999
2,1,,7
  8
1
 10
110.0000
 20
35.0000
  0
VERTEX
999
2,1,,8
  8
1
 10
830.0000
 20
35.0000
  0
VERTEX
999
2,1,,9
  8
1
 10
830.0000
 20
0.0000
  0
VERTEX
999
2,1,,10
  8
1
 10
110.0000
 20
0.0000
  0
SEQEND
  0
ENDBLK
  0
BLOCK
  8
1
  2
P0067_05
 70
64
 10
0.0000
 20
0.0000
  0
TEXT
  8
1
 10
378.1128
 20
0.6875
 40
8.0000
 50
0.0000
  1
PIECE: ベルトゴム
  7
STANDARD
  0
TEXT
  8
1
 10
378.1128
 20
-8.5125
 40
8.0000
 50
0.0000
  1
SIZE: M
  7
STANDARD
  0
TEXT
  8
1
 10
378.1128
 20
-17.7125
 40
8.0000
 50
0.0000
  1
FABRIC: 平ゴム
  7
STANDARD
  0
TEXT
  8
1
 10
378.1128
 20
-26.9125
 40
8.0000
 50
0.0000
  1
QUANTITY: 1
  7
STANDARD
  0
TEXT
  8
1
 10
75.0000
 20
14.6304
 40
5.0000
 50
0.0000
  1
COMMENT: 1.0
  7
STANDARD
  0
TEXT
  8
1
 10
437.7363
 20
12.7729
 40
6.0000
 50
0.0000
  1
COMMENT: 77cm+両端各1cm縫代=79cm
  7
STANDARD
  0
TEXT
  8
1
 10
855.0000
 20
14.4302
 40
5.0000
 50
0.0000
  1
COMMENT: 1.0
  7
STANDARD
  0
POLYLINE
999
1
  8
1
 66
1
 70
0
  0
VERTEX
999
1,1,,1
  8
1
 10
75.0000
 20
0.0000
  0
VERTEX
999
1,1,,2
  8
1
 10
75.0000
 20
35.0000
  0
VERTEX
999
1,1,,3
  8
1
 10
865.0000
 20
35.0000
  0
VERTEX
999
1,1,,4
  8
1
 10
865.0000
 20
0.0000
  0
VERTEX
999
1,1,,5
  8
1
 10
75.0000
 20
0.0000
  0
SEQEND
  0
POLYLINE
999
2
  8
1
 66
1
 70
0
  0
VERTEX
999
2,1,,6
  8
1
 10
85.0000
 20
0.0000
  0
VERTEX
999
2,1,,7
  8
1
 10
85.0000
 20
35.0000
  0
VERTEX
999
2,1,,8
  8
1
 10
855.0000
 20
35.0000
  0
VERTEX
999
2,1,,9
  8
1
 10
855.0000
 20
0.0000
  0
VERTEX
999
2,1,,10
  8
1
 10
85.0000
 20
0.0000
  0
SEQEND
  0
ENDBLK
  0
BLOCK
  8
1
  2
P0068_06
 70
64
 10
0.0000
 20
0.0000
  0
TEXT
  8
1
 10
378.1128
 20
0.6875
 40
8.0000
 50
0.0000
  1
PIECE: ベルトゴム
  7
STANDARD
  0
TEXT
  8
1
 10
378.1128
 20
-8.5125
 40
8.0000
 50
0.0000
  1
SIZE: L
  7
STANDARD
  0
TEXT
  8
1
 10
378.1128
 20
-17.7125
 40
8.0000
 50
0.0000
  1
FABRIC: 平ゴム
  7
STANDARD
  0
TEXT
  8
1
 10
378.1128
 20
-26.9125
 40
8.0000
 50
0.0000
  1
QUANTITY: 1
  7
STANDARD
  0
TEXT
  8
1
 10
50.0000
 20
14.6304
 40
5.0000
 50
0.0000
  1
COMMENT: 1.0
  7
STANDARD
  0
TEXT
  8
1
 10
437.7363
 20
12.7729
 40
6.0000
 50
0.0000
  1
COMMENT: 82cm+両端各1cm縫代=84cm
  7
STANDARD
  0
TEXT
  8
1
 10
880.0000
 20
14.4302
 40
5.0000
 50
0.0000
  1
COMMENT: 1.0
  7
STANDARD
  0
POLYLINE
999
1
  8
1
 66
1
 70
0
  0
VERTEX
999
1,1,,1
  8
1
 10
50.0000
 20
0.0000
  0
VERTEX
999
1,1,,2
  8
1
 10
50.0000
 20
35.0000
  0
VERTEX
999
1,1,,3
  8
1
 10
890.0000
 20
35.0000
  0
VERTEX
999
1,1,,4
  8
1
 10
890.0000
 20
0.0000
  0
VERTEX
999
1,1,,5
  8
1
 10
50.0000
 20
0.0000
  0
SEQEND
  0
POLYLINE
999
2
  8
1
 66
1
 70
0
  0
VERTEX
999
2,1,,6
  8
1
 10
60.0000
 20
0.0000
  0
VERTEX
999
2,1,,7
  8
1
 10
60.0000
 20
35.0000
  0
VERTEX
999
2,1,,8
  8
1
 10
880.0000
 20
35.0000
  0
VERTEX
999
2,1,,9
  8
1
 10
880.0000
 20
0.0000
  0
VERTEX
999
2,1,,10
  8
1
 10
60.0000
 20
0.0000
  0
SEQEND
  0
ENDBLK
  0
BLOCK
  8
1
  2
P0069_07
 70
64
 10
0.0000
 20
0.0000
  0
TEXT
  8
1
 10
378.1128
 20
0.6875
 40
8.0000
 50
0.0000
  1
PIECE: ベルトゴム
  7
STANDARD
  0
TEXT
  8
1
 10
378.1128
 20
-8.5125
 40
8.0000
 50
0.0000
  1
SIZE: XL
  7
STANDARD
  0
TEXT
  8
1
 10
378.1128
 20
-17.7125
 40
8.0000
 50
0.0000
  1
FABRIC: 平ゴム
  7
STANDARD
  0
TEXT
  8
1
 10
378.1128
 20
-26.9125
 40
8.0000
 50
0.0000
  1
QUANTITY: 1
  7
STANDARD
  0
TEXT
  8
1
 10
25.0000
 20
14.6304
 40
5.0000
 50
0.0000
  1
COMMENT: 1.0
  7
STANDARD
  0
TEXT
  8
1
 10
437.7363
 20
12.7729
 40
6.0000
 50
0.0000
  1
COMMENT: 87cm+両端各1cm縫代=89cm
  7
STANDARD
  0
TEXT
  8
1
 10
905.0000
 20
14.4302
 40
5.0000
 50
0.0000
  1
COMMENT: 1.0
  7
STANDARD
  0
POLYLINE
999
1
  8
1
 66
1
 70
0
  0
VERTEX
999
1,1,,1
  8
1
 10
25.0000
 20
0.0000
  0
VERTEX
999
1,1,,2
  8
1
 10
25.0000
 20
35.0000
  0
VERTEX
999
1,1,,3
  8
1
 10
915.0000
 20
35.0000
  0
VERTEX
999
1,1,,4
  8
1
 10
915.0000
 20
0.0000
  0
VERTEX
999
1,1,,5
  8
1
 10
25.0000
 20
0.0000
  0
SEQEND
  0
POLYLINE
999
2
  8
1
 66
1
 70
0
  0
VERTEX
999
2,1,,6
  8
1
 10
35.0000
 20
0.0000
  0
VERTEX
999
2,1,,7
  8
1
 10
35.0000
 20
35.0000
  0
VERTEX
999
2,1,,8
  8
1
 10
905.0000
 20
35.0000
  0
VERTEX
999
2,1,,9
  8
1
 10
905.0000
 20
0.0000
  0
VERTEX
999
2,1,,10
  8
1
 10
35.0000
 20
0.0000
  0
SEQEND
  0
ENDBLK
  0
BLOCK
  8
1
  2
P0070_08
 70
64
 10
0.0000
 20
0.0000
  0
TEXT
  8
1
 10
378.1128
 20
0.6875
 40
8.0000
 50
0.0000
  1
PIECE: ベルトゴム
  7
STANDARD
  0
TEXT
  8
1
 10
378.1128
 20
-8.5125
 40
8.0000
 50
0.0000
  1
SIZE: XXL
  7
STANDARD
  0
TEXT
  8
1
 10
378.1128
 20
-17.7125
 40
8.0000
 50
0.0000
  1
FABRIC: 平ゴム
  7
STANDARD
  0
TEXT
  8
1
 10
378.1128
 20
-26.9125
 40
8.0000
 50
0.0000
  1
QUANTITY: 1
  7
STANDARD
  0
TEXT
  8
1
 10
0.0000
 20
14.6304
 40
5.0000
 50
0.0000
  1
COMMENT: 1.0
  7
STANDARD
  0
TEXT
  8
1
 10
437.7363
 20
12.7729
 40
6.0000
 50
0.0000
  1
COMMENT: 89cm+両端各1cm縫代=91cm
  7
STANDARD
  0
TEXT
  8
1
 10
930.0000
 20
14.4302
 40
5.0000
 50
0.0000
  1
COMMENT: 1.0
  7
STANDARD
  0
POLYLINE
999
1
  8
1
 66
1
 70
0
  0
VERTEX
999
1,1,,1
  8
1
 10
0.0000
 20
0.0000
  0
VERTEX
999
1,1,,2
  8
1
 10
0.0000
 20
35.0000
  0
VERTEX
999
1,1,,3
  8
1
 10
940.0000
 20
35.0000
  0
VERTEX
999
1,1,,4
  8
1
 10
940.0000
 20
0.0000
  0
VERTEX
999
1,1,,5
  8
1
 10
0.0000
 20
0.0000
  0
SEQEND
  0
POLYLINE
999
2
  8
1
 66
1
 70
0
  0
VERTEX
999
2,1,,6
  8
1
 10
10.0000
 20
0.0000
  0
VERTEX
999
2,1,,7
  8
1
 10
10.0000
 20
35.0000
  0
VERTEX
999
2,1,,8
  8
1
 10
930.0000
 20
35.0000
  0
VERTEX
999
2,1,,9
  8
1
 10
930.0000
 20
0.0000
  0
VERTEX
999
2,1,,10
  8
1
 10
10.0000
 20
0.0000
  0
SEQEND
  0
ENDBLK
  0
BLOCK
  8
1
  2
P0071_04
 70
64
 10
0.0000
 20
0.0000
  0
TEXT
  8
1
 10
40.7505
 20
182.6016
 40
8.0000
 50
0.0000
  1
PIECE: 前ポケット向当て布
  7
STANDARD
  0
TEXT
  8
1
 10
40.7505
 20
173.4016
 40
8.0000
 50
0.0000
  1
SIZE: S
  7
STANDARD
  0
TEXT
  8
1
 10
40.7505
 20
164.2016
 40
8.0000
 50
0.0000
  1
FABRIC: 表生地
  7
STANDARD
  0
TEXT
  8
1
 10
40.7505
 20
155.0016
 40
8.0000
 50
0.0000
  1
QUANTITY: 2
  7
STANDARD
  0
TEXT
  8
1
 10
117.6665
 20
162.4033
 40
5.0000
 50
0.0000
  1
COMMENT: 1.0
  7
STANDARD
  0
TEXT
  8
1
 10
62.5693
 20
110.4551
 40
6.0000
 50
0.0000
  1
COMMENT: コバステッチ
  7
STANDARD
  0
TEXT
  8
1
 10
33.5776
 20
176.9316
 40
6.0000
 50
283.9840
  1
COMMENT: 向当て布上乗せ
  7
STANDARD
  0
TEXT
  8
1
 10
30.1313
 20
135.7900
 40
6.0000
 50
0.0000
  1
COMMENT: 1.0
  7
STANDARD
  0
TEXT
  8
1
 10
43.6479
 20
257.9697
 40
5.0000
 50
7.8755
  1
COMMENT: 1.0/ベルト高
  7
STANDARD
  0
POLYLINE
999
1
  8
1
 66
1
 70
0
  0
VERTEX
999
1,1,,1
  8
1
 10
60.5601
 20
10.8354
  0
VERTEX
999
1,1,,2
  8
1
 10
0.0000
 20
259.5259
  0
VERTEX
999
1,2
  8
1
 10
8.1924
 20
262.6519
  0
VERTEX
999
1,1,,3
  8
1
 10
9.4155
 20
263.1255
  0
VERTEX
999
1,2
  8
1
 10
10.7192
 20
263.2676
  0
VERTEX
999
1,2
  8
1
 10
21.8096
 20
264.5425
  0
VERTEX
999
1,2
  8
1
 10
32.8843
 20
265.9492
  0
VERTEX
999
1,2
  8
1
 10
43.9419
 20
267.4844
  0
VERTEX
999
1,2
  8
1
 10
54.9805
 20
269.1450
  0
VERTEX
999
1,2
  8
1
 10
65.9995
 20
270.9282
  0
VERTEX
999
1,2
  8
1
 10
76.9961
 20
272.8306
  0
VERTEX
999
1,2
  8
1
 10
87.9702
 20
274.8491
  0
VERTEX
999
1,2
  8
1
 10
98.9189
 20
276.9810
  0
VERTEX
999
1,1,,4
  8
1
 10
109.5083
 20
279.0991
  0
VERTEX
999
1,2
  8
1
 10
110.8076
 20
268.3784
  0
VERTEX
999
1,2
  8
1
 10
112.3213
 20
255.0518
  0
VERTEX
999
1,2
  8
1
 10
113.6396
 20
241.7080
  0
VERTEX
999
1,2
  8
1
 10
114.7695
 20
228.3481
  0
VERTEX
999
1,2
  8
1
 10
115.7188
 20
214.9751
  0
VERTEX
999
1,2
  8
1
 10
116.4946
 20
201.5903
  0
VERTEX
999
1,2
  8
1
 10
117.1045
 20
188.1953
  0
VERTEX
999
1,2
  8
1
 10
117.5557
 20
174.7930
  0
VERTEX
999
1,2
  8
1
 10
117.8560
 20
161.3848
  0
VERTEX
999
1,2
  8
1
 10
118.0122
 20
147.9722
  0
VERTEX
999
1,2
  8
1
 10
118.0322
 20
134.5581
  0
VERTEX
999
1,2
  8
1
 10
117.9233
 20
121.1436
  0
VERTEX
999
1,2
  8
1
 10
117.6934
 20
107.7305
  0
VERTEX
999
1,2
  8
1
 10
117.3491
 20
94.3218
  0
VERTEX
999
1,2
  8
1
 10
116.8984
 20
80.9185
  0
VERTEX
999
1,2
  8
1
 10
116.3481
 20
67.5229
  0
VERTEX
999
1,1,,5
  8
1
 10
115.7065
 20
54.1367
  0
VERTEX
999
1,2
  8
1
 10
105.3936
 20
48.4531
  0
VERTEX
999
1,2
  8
1
 10
103.8091
 20
47.5806
  0
VERTEX
999
1,2
  8
1
 10
102.2886
 20
46.6479
  0
VERTEX
999
1,2
  8
1
 10
100.8291
 20
45.6577
  0
VERTEX
999
1,2
  8
1
 10
99.4292
 20
44.6113
  0
VERTEX
999
1,2
  8
1
 10
93.1035
 20
38.5825
  0
VERTEX
999
1,2
  8
1
 10
88.0200
 20
31.6831
  0
VERTEX
999
1,2
  8
1
 10
83.8481
 20
24.1436
  0
VERTEX
999
1,2
  8
1
 10
80.2559
 20
16.1958
  0
VERTEX
999
1,2
  8
1
 10
76.9136
 20
8.0708
  0
VERTEX
999
1,1,,6
  8
1
 10
73.4902
 20
0.0000
  0
VERTEX
999
1,1,,7
  8
1
 10
60.5601
 20
10.8354
  0
SEQEND
  0
POLYLINE
999
2
  8
1
 66
1
 70
0
  0
VERTEX
999
2,1,,8
  8
1
 10
73.4902
 20
0.0000
  0
VERTEX
999
2,1,,9
  8
1
 10
11.8022
 20
253.3262
  0
VERTEX
999
2,2
  8
1
 10
23.0029
 20
254.6138
  0
VERTEX
999
2,2
  8
1
 10
34.1875
 20
256.0347
  0
VERTEX
999
2,2
  8
1
 10
45.3555
 20
257.5850
  0
VERTEX
999
2,2
  8
1
 10
56.5044
 20
259.2617
  0
VERTEX
999
2,2
  8
1
 10
67.6328
 20
261.0625
  0
VERTEX
999
2,2
  8
1
 10
78.7393
 20
262.9834
  0
VERTEX
999
2,2
  8
1
 10
89.8223
 20
265.0220
  0
VERTEX
999
2,1,,10
  8
1
 10
100.8804
 20
267.1753
  0
VERTEX
999
2,2
  8
1
 10
102.4229
 20
253.5693
  0
VERTEX
999
2,2
  8
1
 10
103.7593
 20
239.9453
  0
VERTEX
999
2,2
  8
1
 10
104.8984
 20
226.3047
  0
VERTEX
999
2,2
  8
1
 10
105.8477
 20
212.6504
  0
VERTEX
999
2,2
  8
1
 10
106.6152
 20
198.9834
  0
VERTEX
999
2,2
  8
1
 10
107.2095
 20
185.3071
  0
VERTEX
999
2,2
  8
1
 10
107.6387
 20
171.6226
  0
VERTEX
999
2,2
  8
1
 10
107.9102
 20
157.9321
  0
VERTEX
999
2,2
  8
1
 10
108.0327
 20
144.2383
  0
VERTEX
999
2,2
  8
1
 10
108.0142
 20
130.5430
  0
VERTEX
999
2,2
  8
1
 10
107.8628
 20
116.8477
  0
VERTEX
999
2,2
  8
1
 10
107.5864
 20
103.1553
  0
VERTEX
999
2,2
  8
1
 10
107.1934
 20
89.4678
  0
VERTEX
999
2,2
  8
1
 10
106.6914
 20
75.7866
  0
VERTEX
999
2,2
  8
1
 10
106.0889
 20
62.1143
  0
VERTEX
999
2,1,,11
  8
1
 10
105.3936
 20
48.4531
  0
VERTEX
999
2,2
  8
1
 10
103.8091
 20
47.5806
  0
VERTEX
999
2,2
  8
1
 10
102.2886
 20
46.6479
  0
VERTEX
999
2,2
  8
1
 10
100.8296
 20
45.6577
  0
VERTEX
999
2,2
  8
1
 10
99.4292
 20
44.6113
  0
VERTEX
999
2,2
  8
1
 10
93.1040
 20
38.5825
  0
VERTEX
999
2,2
  8
1
 10
88.0205
 20
31.6831
  0
VERTEX
999
2,2
  8
1
 10
83.8481
 20
24.1436
  0
VERTEX
999
2,2
  8
1
 10
80.2563
 20
16.1958
  0
VERTEX
999
2,2
  8
1
 10
76.9136
 20
8.0708
  0
VERTEX
999
2,1,,12
  8
1
 10
73.4902
 20
0.0000
  0
SEQEND
  0
LINE
999
5,1,,13
  8
1
  6
1
 10
13.3120
 20
253.4644
 11
74.5400
 21
2.0298
  0
LINE
999
5,1,,15
  8
1
 10
54.7007
 20
86.0664
 11
79.1948
 21
109.4932
  0
LINE
999
5,1,,17
  8
1
 10
54.7007
 20
86.0664
 11
59.1274
 21
95.0332
  0
LINE
999
5,1,,19
  8
1
 10
96.5957
 20
73.3809
 11
82.0107
 21
69.8511
  0
LINE
999
5,1,,21
  8
1
 10
56.6304
 20
238.5425
 11
96.5957
 21
73.3809
  0
LINE
999
5,1,,23
  8
1
 10
82.0107
 20
69.8511
 11
42.0557
 21
235.0132
  0
LINE
999
5,1,,25
  8
1
 10
42.0557
 20
235.0132
 11
56.6304
 21
238.5425
  0
ENDBLK
  0
BLOCK
  8
1
  2
P0072_05
 70
64
 10
0.0000
 20
0.0000
  0
TEXT
  8
1
 10
40.7505
 20
182.6016
 40
8.0000
 50
0.0000
  1
PIECE: 前ポケット向当て布
  7
STANDARD
  0
TEXT
  8
1
 10
40.7505
 20
173.4016
 40
8.0000
 50
0.0000
  1
SIZE: M
  7
STANDARD
  0
TEXT
  8
1
 10
40.7505
 20
164.2016
 40
8.0000
 50
0.0000
  1
FABRIC: 表生地
  7
STANDARD
  0
TEXT
  8
1
 10
40.7505
 20
155.0016
 40
8.0000
 50
0.0000
  1
QUANTITY: 2
  7
STANDARD
  0
TEXT
  8
1
 10
117.6665
 20
162.4033
 40
5.0000
 50
0.0000
  1
COMMENT: 1.0
  7
STANDARD
  0
TEXT
  8
1
 10
62.5693
 20
110.4551
 40
6.0000
 50
0.0000
  1
COMMENT: コバステッチ
  7
STANDARD
  0
TEXT
  8
1
 10
33.5776
 20
176.9316
 40
6.0000
 50
283.9840
  1
COMMENT: 向当て布上乗せ
  7
STANDARD
  0
TEXT
  8
1
 10
30.1313
 20
135.7900
 40
6.0000
 50
0.0000
  1
COMMENT: 1.0
  7
STANDARD
  0
TEXT
  8
1
 10
43.6479
 20
257.9697
 40
5.0000
 50
7.8755
  1
COMMENT: 1.0/ベルト高
  7
STANDARD
  0
POLYLINE
999
1
  8
1
 66
1
 70
0
  0
VERTEX
999
1,1,,1
  8
1
 10
60.6992
 20
10.2637
  0
VERTEX
999
1,1,,2
  8
1
 10
0.0142
 20
259.4678
  0
VERTEX
999
1,2
  8
1
 10
8.1318
 20
262.6284
  0
VERTEX
999
1,1,,3
  8
1
 10
9.4136
 20
263.1343
  0
VERTEX
999
1,2
  8
1
 10
10.7842
 20
263.2744
  0
VERTEX
999
1,2
  8
1
 10
22.3740
 20
264.5303
  0
VERTEX
999
1,2
  8
1
 10
33.9487
 20
265.9238
  0
VERTEX
999
1,2
  8
1
 10
45.5063
 20
267.4517
  0
VERTEX
999
1,2
  8
1
 10
57.0454
 20
269.1104
  0
VERTEX
999
1,2
  8
1
 10
68.5645
 20
270.8970
  0
VERTEX
999
1,2
  8
1
 10
80.0615
 20
272.8086
  0
VERTEX
999
1,2
  8
1
 10
91.5347
 20
274.8418
  0
VERTEX
999
1,2
  8
1
 10
102.9829
 20
276.9937
  0
VERTEX
999
1,1,,4
  8
1
 10
113.6382
 20
279.0527
  0
VERTEX
999
1,2
  8
1
 10
114.8208
 20
268.2651
  0
VERTEX
999
1,2
  8
1
 10
116.1826
 20
254.9155
  0
VERTEX
999
1,2
  8
1
 10
117.3486
 20
241.5513
  0
VERTEX
999
1,2
  8
1
 10
118.3262
 20
228.1729
  0
VERTEX
999
1,2
  8
1
 10
119.1226
 20
214.7837
  0
VERTEX
999
1,2
  8
1
 10
119.7451
 20
201.3843
  0
VERTEX
999
1,2
  8
1
 10
120.2012
 20
187.9771
  0
VERTEX
999
1,2
  8
1
 10
120.4990
 20
174.5640
  0
VERTEX
999
1,2
  8
1
 10
120.6450
 20
161.1470
  0
VERTEX
999
1,2
  8
1
 10
120.6475
 20
147.7271
  0
VERTEX
999
1,2
  8
1
 10
120.5137
 20
134.3071
  0
VERTEX
999
1,2
  8
1
 10
120.2505
 20
120.8882
  0
VERTEX
999
1,2
  8
1
 10
119.8662
 20
107.4731
  0
VERTEX
999
1,2
  8
1
 10
119.3677
 20
94.0625
  0
VERTEX
999
1,2
  8
1
 10
118.7622
 20
80.6592
  0
VERTEX
999
1,2
  8
1
 10
118.0581
 20
67.2646
  0
VERTEX
999
1,1,,5
  8
1
 10
117.2622
 20
53.8804
  0
VERTEX
999
1,2
  8
1
 10
106.8936
 20
48.4531
  0
VERTEX
999
1,2
  8
1
 10
105.2676
 20
47.6025
  0
VERTEX
999
1,2
  8
1
 10
103.7051
 20
46.6890
  0
VERTEX
999
1,2
  8
1
 10
102.2041
 20
45.7163
  0
VERTEX
999
1,2
  8
1
 10
100.7612
 20
44.6855
  0
VERTEX
999
1,2
  8
1
 10
94.2158
 20
38.7080
  0
VERTEX
999
1,2
  8
1
 10
88.9111
 20
31.8198
  0
VERTEX
999
1,2
  8
1
 10
84.5166
 20
24.2632
  0
VERTEX
999
1,2
  8
1
 10
80.7017
 20
16.2798
  0
VERTEX
999
1,2
  8
1
 10
77.1367
 20
8.1113
  0
VERTEX
999
1,1,,6
  8
1
 10
73.4902
 20
0.0000
  0
VERTEX
999
1,1,,7
  8
1
 10
60.6992
 20
10.2637
  0
SEQEND
  0
POLYLINE
999
2
  8
1
 66
1
 70
0
  0
VERTEX
999
2,1,,8
  8
1
 10
73.4902
 20
0.0000
  0
VERTEX
999
2,1,,9
  8
1
 10
11.8022
 20
253.3262
  0
VERTEX
999
2,2
  8
1
 10
23.5029
 20
254.5942
  0
VERTEX
999
2,2
  8
1
 10
35.1880
 20
256.0005
  0
VERTEX
999
2,2
  8
1
 10
46.8560
 20
257.5430
  0
VERTEX
999
2,2
  8
1
 10
58.5049
 20
259.2173
  0
VERTEX
999
2,2
  8
1
 10
70.1333
 20
261.0210
  0
VERTEX
999
2,2
  8
1
 10
81.7402
 20
262.9507
  0
VERTEX
999
2,2
  8
1
 10
93.3228
 20
265.0029
  0
VERTEX
999
2,1,,10
  8
1
 10
104.8804
 20
267.1753
  0
VERTEX
999
2,2
  8
1
 10
106.2671
 20
253.5552
  0
VERTEX
999
2,2
  8
1
 10
107.4478
 20
239.9185
  0
VERTEX
999
2,2
  8
1
 10
108.4302
 20
226.2686
  0
VERTEX
999
2,2
  8
1
 10
109.2236
 20
212.6064
  0
VERTEX
999
2,2
  8
1
 10
109.8350
 20
198.9341
  0
VERTEX
999
2,2
  8
1
 10
110.2729
 20
185.2539
  0
VERTEX
999
2,2
  8
1
 10
110.5454
 20
171.5679
  0
VERTEX
999
2,2
  8
1
 10
110.6606
 20
157.8779
  0
VERTEX
999
2,2
  8
1
 10
110.6270
 20
144.1855
  0
VERTEX
999
2,2
  8
1
 10
110.4517
 20
130.4937
  0
VERTEX
999
2,2
  8
1
 10
110.1440
 20
116.8037
  0
VERTEX
999
2,2
  8
1
 10
109.7109
 20
103.1177
  0
VERTEX
999
2,2
  8
1
 10
109.1616
 20
89.4375
  0
VERTEX
999
2,2
  8
1
 10
108.5034
 20
75.7651
  0
VERTEX
999
2,2
  8
1
 10
107.7446
 20
62.1030
  0
VERTEX
999
2,1,,11
  8
1
 10
106.8936
 20
48.4531
  0
VERTEX
999
2,2
  8
1
 10
105.2676
 20
47.6025
  0
VERTEX
999
2,2
  8
1
 10
103.7051
 20
46.6890
  0
VERTEX
999
2,2
  8
1
 10
102.2041
 20
45.7163
  0
VERTEX
999
2,2
  8
1
 10
100.7612
 20
44.6855
  0
VERTEX
999
2,2
  8
1
 10
94.2158
 20
38.7080
  0
VERTEX
999
2,2
  8
1
 10
88.9111
 20
31.8198
  0
VERTEX
999
2,2
  8
1
 10
84.5166
 20
24.2632
  0
VERTEX
999
2,2
  8
1
 10
80.7021
 20
16.2798
  0
VERTEX
999
2,2
  8
1
 10
77.1367
 20
8.1113
  0
VERTEX
999
2,1,,12
  8
1
 10
73.4902
 20
0.0000
  0
SEQEND
  0
LINE
999
5,1,,13
  8
1
  6
1
 10
13.3120
 20
253.4644
 11
74.5400
 21
2.0298
  0
LINE
999
5,1,,15
  8
1
 10
54.7007
 20
86.0664
 11
79.1948
 21
109.4932
  0
LINE
999
5,1,,17
  8
1
 10
54.7007
 20
86.0664
 11
59.1274
 21
95.0332
  0
LINE
999
5,1,,19
  8
1
 10
96.5957
 20
73.3809
 11
82.0107
 21
69.8511
  0
LINE
999
5,1,,21
  8
1
 10
56.6304
 20
238.5425
 11
96.5957
 21
73.3809
  0
LINE
999
5,1,,23
  8
1
 10
82.0107
 20
69.8511
 11
42.0557
 21
235.0132
  0
LINE
999
5,1,,25
  8
1
 10
42.0557
 20
235.0132
 11
56.6304
 21
238.5425
  0
ENDBLK
  0
BLOCK
  8
1
  2
P0073_06
 70
64
 10
0.0000
 20
0.0000
  0
TEXT
  8
1
 10
40.7505
 20
182.6016
 40
8.0000
 50
0.0000
  1
PIECE: 前ポケット向当て布
  7
STANDARD
  0
TEXT
  8
1
 10
40.7505
 20
173.4016
 40
8.0000
 50
0.0000
  1
SIZE: L
  7
STANDARD
  0
TEXT
  8
1
 10
40.7505
 20
164.2016
 40
8.0000
 50
0.0000
  1
FABRIC: 表生地
  7
STANDARD
  0
TEXT
  8
1
 10
40.7505
 20
155.0016
 40
8.0000
 50
0.0000
  1
QUANTITY: 2
  7
STANDARD
  0
TEXT
  8
1
 10
117.6665
 20
162.4033
 40
5.0000
 50
0.0000
  1
COMMENT: 1.0
  7
STANDARD
  0
TEXT
  8
1
 10
62.5693
 20
110.4551
 40
6.0000
 50
0.0000
  1
COMMENT: コバステッチ
  7
STANDARD
  0
TEXT
  8
1
 10
33.5776
 20
176.9316
 40
6.0000
 50
283.9840
  1
COMMENT: 向当て布上乗せ
  7
STANDARD
  0
TEXT
  8
1
 10
30.1313
 20
135.7900
 40
6.0000
 50
0.0000
  1
COMMENT: 1.0
  7
STANDARD
  0
TEXT
  8
1
 10
43.6479
 20
257.9697
 40
5.0000
 50
7.8755
  1
COMMENT: 1.0/ベルト高
  7
STANDARD
  0
POLYLINE
999
1
  8
1
 66
1
 70
0
  0
VERTEX
999
1,1,,1
  8
1
 10
60.8276
 20
9.7354
  0
VERTEX
999
1,1,,2
  8
1
 10
0.0269
 20
259.4146
  0
VERTEX
999
1,2
  8
1
 10
8.0757
 20
262.6060
  0
VERTEX
999
1,1,,3
  8
1
 10
9.4116
 20
263.1426
  0
VERTEX
999
1,2
  8
1
 10
10.8442
 20
263.2803
  0
VERTEX
999
1,2
  8
1
 10
22.9341
 20
264.5171
  0
VERTEX
999
1,2
  8
1
 10
35.0088
 20
265.8970
  0
VERTEX
999
1,2
  8
1
 10
47.0664
 20
267.4175
  0
VERTEX
999
1,2
  8
1
 10
59.1055
 20
269.0742
  0
VERTEX
999
1,2
  8
1
 10
71.1245
 20
270.8647
  0
VERTEX
999
1,2
  8
1
 10
83.1211
 20
272.7856
  0
VERTEX
999
1,2
  8
1
 10
95.0942
 20
274.8335
  0
VERTEX
999
1,2
  8
1
 10
107.0420
 20
277.0049
  0
VERTEX
999
1,1,,4
  8
1
 10
117.7676
 20
279.0107
  0
VERTEX
999
1,2
  8
1
 10
118.8325
 20
268.1514
  0
VERTEX
999
1,2
  8
1
 10
120.0425
 20
254.7803
  0
VERTEX
999
1,2
  8
1
 10
121.0562
 20
241.3955
  0
VERTEX
999
1,2
  8
1
 10
121.8809
 20
228.0000
  0
VERTEX
999
1,2
  8
1
 10
122.5239
 20
214.5947
  0
VERTEX
999
1,2
  8
1
 10
122.9932
 20
201.1821
  0
VERTEX
999
1,2
  8
1
 10
123.2959
 20
187.7632
  0
VERTEX
999
1,2
  8
1
 10
123.4395
 20
174.3403
  0
VERTEX
999
1,2
  8
1
 10
123.4316
 20
160.9146
  0
VERTEX
999
1,2
  8
1
 10
123.2798
 20
147.4888
  0
VERTEX
999
1,2
  8
1
 10
122.9917
 20
134.0635
  0
VERTEX
999
1,2
  8
1
 10
122.5742
 20
120.6416
  0
VERTEX
999
1,2
  8
1
 10
122.0356
 20
107.2241
  0
VERTEX
999
1,2
  8
1
 10
121.3828
 20
93.8130
  0
VERTEX
999
1,2
  8
1
 10
120.6230
 20
80.4102
  0
VERTEX
999
1,2
  8
1
 10
119.7646
 20
67.0176
  0
VERTEX
999
1,1,,5
  8
1
 10
118.8145
 20
53.6362
  0
VERTEX
999
1,2
  8
1
 10
108.3936
 20
48.4531
  0
VERTEX
999
1,2
  8
1
 10
106.7261
 20
47.6240
  0
VERTEX
999
1,2
  8
1
 10
105.1221
 20
46.7305
  0
VERTEX
999
1,2
  8
1
 10
103.5786
 20
45.7749
  0
VERTEX
999
1,2
  8
1
 10
102.0933
 20
44.7598
  0
VERTEX
999
1,2
  8
1
 10
95.3276
 20
38.8330
  0
VERTEX
999
1,2
  8
1
 10
89.8018
 20
31.9565
  0
VERTEX
999
1,2
  8
1
 10
85.1851
 20
24.3828
  0
VERTEX
999
1,2
  8
1
 10
81.1479
 20
16.3643
  0
VERTEX
999
1,2
  8
1
 10
77.3594
 20
8.1523
  0
VERTEX
999
1,1,,6
  8
1
 10
73.4902
 20
0.0000
  0
VERTEX
999
1,1,,7
  8
1
 10
60.8276
 20
9.7354
  0
SEQEND
  0
POLYLINE
999
2
  8
1
 66
1
 70
0
  0
VERTEX
999
2,1,,8
  8
1
 10
73.4902
 20
0.0000
  0
VERTEX
999
2,1,,9
  8
1
 10
11.8022
 20
253.3262
  0
VERTEX
999
2,2
  8
1
 10
24.0024
 20
254.5742
  0
VERTEX
999
2,2
  8
1
 10
36.1880
 20
255.9668
  0
VERTEX
999
2,2
  8
1
 10
48.3560
 20
257.5010
  0
VERTEX
999
2,2
  8
1
 10
60.5054
 20
259.1729
  0
VERTEX
999
2,2
  8
1
 10
72.6343
 20
260.9795
  0
VERTEX
999
2,2
  8
1
 10
84.7407
 20
262.9175
  0
VERTEX
999
2,2
  8
1
 10
96.8232
 20
264.9839
  0
VERTEX
999
2,1,,10
  8
1
 10
108.8804
 20
267.1753
  0
VERTEX
999
2,2
  8
1
 10
110.1113
 20
253.5405
  0
VERTEX
999
2,2
  8
1
 10
111.1357
 20
239.8921
  0
VERTEX
999
2,2
  8
1
 10
111.9624
 20
226.2324
  0
VERTEX
999
2,2
  8
1
 10
112.5991
 20
212.5625
  0
VERTEX
999
2,2
  8
1
 10
113.0542
 20
198.8848
  0
VERTEX
999
2,2
  8
1
 10
113.3359
 20
185.2012
  0
VERTEX
999
2,2
  8
1
 10
113.4521
 20
171.5132
  0
VERTEX
999
2,2
  8
1
 10
113.4106
 20
157.8232
  0
VERTEX
999
2,2
  8
1
 10
113.2207
 20
144.1328
  0
VERTEX
999
2,2
  8
1
 10
112.8892
 20
130.4443
  0
VERTEX
999
2,2
  8
1
 10
112.4248
 20
116.7593
  0
VERTEX
999
2,2
  8
1
 10
111.8354
 20
103.0796
  0
VERTEX
999
2,2
  8
1
 10
111.1299
 20
89.4072
  0
VERTEX
999
2,2
  8
1
 10
110.3154
 20
75.7441
  0
VERTEX
999
2,2
  8
1
 10
109.4004
 20
62.0918
  0
VERTEX
999
2,1,,11
  8
1
 10
108.3936
 20
48.4531
  0
VERTEX
999
2,2
  8
1
 10
106.7266
 20
47.6240
  0
VERTEX
999
2,2
  8
1
 10
105.1221
 20
46.7305
  0
VERTEX
999
2,2
  8
1
 10
103.5786
 20
45.7749
  0
VERTEX
999
2,2
  8
1
 10
102.0933
 20
44.7598
  0
VERTEX
999
2,2
  8
1
 10
95.3276
 20
38.8330
  0
VERTEX
999
2,2
  8
1
 10
89.8018
 20
31.9565
  0
VERTEX
999
2,2
  8
1
 10
85.1851
 20
24.3828
  0
VERTEX
999
2,2
  8
1
 10
81.1479
 20
16.3643
  0
VERTEX
999
2,2
  8
1
 10
77.3599
 20
8.1523
  0
VERTEX
999
2,1,,12
  8
1
 10
73.4902
 20
0.0000
  0
SEQEND
  0
LINE
999
5,1,,13
  8
1
  6
1
 10
13.3120
 20
253.4644
 11
74.5400
 21
2.0298
  0
LINE
999
5,1,,15
  8
1
 10
54.7007
 20
86.0664
 11
79.1948
 21
109.4932
  0
LINE
999
5,1,,17
  8
1
 10
54.7007
 20
86.0664
 11
59.1274
 21
95.0332
  0
LINE
999
5,1,,19
  8
1
 10
96.5957
 20
73.3809
 11
82.0107
 21
69.8511
  0
LINE
999
5,1,,21
  8
1
 10
56.6304
 20
238.5425
 11
96.5957
 21
73.3809
  0
LINE
999
5,1,,23
  8
1
 10
82.0107
 20
69.8511
 11
42.0557
 21
235.0132
  0
LINE
999
5,1,,25
  8
1
 10
42.0557
 20
235.0132
 11
56.6304
 21
238.5425
  0
ENDBLK
  0
BLOCK
  8
1
  2
P0074_07
 70
64
 10
0.0000
 20
0.0000
  0
TEXT
  8
1
 10
40.7505
 20
182.6016
 40
8.0000
 50
0.0000
  1
PIECE: 前ポケット向当て布
  7
STANDARD
  0
TEXT
  8
1
 10
40.7505
 20
173.4016
 40
8.0000
 50
0.0000
  1
SIZE: XL
  7
STANDARD
  0
TEXT
  8
1
 10
40.7505
 20
164.2016
 40
8.0000
 50
0.0000
  1
FABRIC: 表生地
  7
STANDARD
  0
TEXT
  8
1
 10
40.7505
 20
155.0016
 40
8.0000
 50
0.0000
  1
QUANTITY: 2
  7
STANDARD
  0
TEXT
  8
1
 10
117.6665
 20
162.4033
 40
5.0000
 50
0.0000
  1
COMMENT: 1.0
  7
STANDARD
  0
TEXT
  8
1
 10
62.5693
 20
110.4551
 40
6.0000
 50
0.0000
  1
COMMENT: コバステッチ
  7
STANDARD
  0
TEXT
  8
1
 10
33.5776
 20
176.9316
 40
6.0000
 50
283.9840
  1
COMMENT: 向当て布上乗せ
  7
STANDARD
  0
TEXT
  8
1
 10
30.1313
 20
135.7900
 40
6.0000
 50
0.0000
  1
COMMENT: 1.0
  7
STANDARD
  0
TEXT
  8
1
 10
43.6479
 20
257.9697
 40
5.0000
 50
7.8755
  1
COMMENT: 1.0/ベルト高
  7
STANDARD
  0
POLYLINE
999
1
  8
1
 66
1
 70
0
  0
VERTEX
999
1,1,,1
  8
1
 10
60.9463
 20
9.2466
  0
VERTEX
999
1,1,,2
  8
1
 10
0.0391
 20
259.3657
  0
VERTEX
999
1,2
  8
1
 10
8.0244
 20
262.5854
  0
VERTEX
999
1,1,,3
  8
1
 10
9.4097
 20
263.1504
  0
VERTEX
999
1,2
  8
1
 10
10.8994
 20
263.2852
  0
VERTEX
999
1,2
  8
1
 10
23.4888
 20
264.5029
  0
VERTEX
999
1,2
  8
1
 10
36.0635
 20
265.8696
  0
VERTEX
999
1,2
  8
1
 10
48.6216
 20
267.3823
  0
VERTEX
999
1,2
  8
1
 10
61.1606
 20
269.0376
  0
VERTEX
999
1,2
  8
1
 10
73.6797
 20
270.8315
  0
VERTEX
999
1,2
  8
1
 10
86.1763
 20
272.7617
  0
VERTEX
999
1,2
  8
1
 10
98.6494
 20
274.8237
  0
VERTEX
999
1,2
  8
1
 10
111.0962
 20
277.0146
  0
VERTEX
999
1,1,,4
  8
1
 10
121.8965
 20
278.9731
  0
VERTEX
999
1,2
  8
1
 10
122.8428
 20
268.0376
  0
VERTEX
999
1,2
  8
1
 10
123.9004
 20
254.6445
  0
VERTEX
999
1,2
  8
1
 10
124.7617
 20
241.2407
  0
VERTEX
999
1,2
  8
1
 10
125.4331
 20
227.8281
  0
VERTEX
999
1,2
  8
1
 10
125.9233
 20
214.4077
  0
VERTEX
999
1,2
  8
1
 10
126.2388
 20
200.9814
  0
VERTEX
999
1,2
  8
1
 10
126.3877
 20
187.5518
  0
VERTEX
999
1,2
  8
1
 10
126.3774
 20
174.1191
  0
VERTEX
999
1,2
  8
1
 10
126.2153
 20
160.6860
  0
VERTEX
999
1,2
  8
1
 10
125.9097
 20
147.2539
  0
VERTEX
999
1,2
  8
1
 10
125.4668
 20
133.8242
  0
VERTEX
999
1,2
  8
1
 10
124.8950
 20
120.3994
  0
VERTEX
999
1,2
  8
1
 10
124.2017
 20
106.9805
  0
VERTEX
999
1,2
  8
1
 10
123.3940
 20
93.5688
  0
VERTEX
999
1,2
  8
1
 10
122.4805
 20
80.1670
  0
VERTEX
999
1,2
  8
1
 10
121.4673
 20
66.7764
  0
VERTEX
999
1,1,,5
  8
1
 10
120.3628
 20
53.3984
  0
VERTEX
999
1,2
  8
1
 10
109.8936
 20
48.4531
  0
VERTEX
999
1,2
  8
1
 10
108.1851
 20
47.6460
  0
VERTEX
999
1,2
  8
1
 10
106.5391
 20
46.7720
  0
VERTEX
999
1,2
  8
1
 10
104.9536
 20
45.8340
  0
VERTEX
999
1,2
  8
1
 10
103.4258
 20
44.8340
  0
VERTEX
999
1,2
  8
1
 10
96.4399
 20
38.9580
  0
VERTEX
999
1,2
  8
1
 10
90.6924
 20
32.0933
  0
VERTEX
999
1,2
  8
1
 10
85.8540
 20
24.5024
  0
VERTEX
999
1,2
  8
1
 10
81.5938
 20
16.4482
  0
VERTEX
999
1,2
  8
1
 10
77.5825
 20
8.1929
  0
VERTEX
999
1,1,,6
  8
1
 10
73.4902
 20
0.0000
  0
VERTEX
999
1,1,,7
  8
1
 10
60.9463
 20
9.2466
  0
SEQEND
  0
POLYLINE
999
2
  8
1
 66
1
 70
0
  0
VERTEX
999
2,1,,8
  8
1
 10
73.4902
 20
0.0000
  0
VERTEX
999
2,1,,9
  8
1
 10
11.8022
 20
253.3262
  0
VERTEX
999
2,2
  8
1
 10
24.5024
 20
254.5542
  0
VERTEX
999
2,2
  8
1
 10
37.1875
 20
255.9331
  0
VERTEX
999
2,2
  8
1
 10
49.8560
 20
257.4590
  0
VERTEX
999
2,2
  8
1
 10
62.5054
 20
259.1284
  0
VERTEX
999
2,2
  8
1
 10
75.1348
 20
260.9380
  0
VERTEX
999
2,2
  8
1
 10
87.7412
 20
262.8848
  0
VERTEX
999
2,2
  8
1
 10
100.3237
 20
264.9648
  0
VERTEX
999
2,1,,10
  8
1
 10
112.8804
 20
267.1753
  0
VERTEX
999
2,2
  8
1
 10
113.9551
 20
253.5264
  0
VERTEX
999
2,2
  8
1
 10
114.8237
 20
239.8657
  0
VERTEX
999
2,2
  8
1
 10
115.4946
 20
226.1958
  0
VERTEX
999
2,2
  8
1
 10
115.9751
 20
212.5186
  0
VERTEX
999
2,2
  8
1
 10
116.2739
 20
198.8354
  0
VERTEX
999
2,2
  8
1
 10
116.3989
 20
185.1479
  0
VERTEX
999
2,2
  8
1
 10
116.3589
 20
171.4585
  0
VERTEX
999
2,2
  8
1
 10
116.1611
 20
157.7686
  0
VERTEX
999
2,2
  8
1
 10
115.8140
 20
144.0801
  0
VERTEX
999
2,2
  8
1
 10
115.3262
 20
130.3950
  0
VERTEX
999
2,2
  8
1
 10
114.7056
 20
116.7148
  0
VERTEX
999
2,2
  8
1
 10
113.9600
 20
103.0415
  0
VERTEX
999
2,2
  8
1
 10
113.0977
 20
89.3770
  0
VERTEX
999
2,2
  8
1
 10
112.1274
 20
75.7227
  0
VERTEX
999
2,2
  8
1
 10
111.0566
 20
62.0811
  0
VERTEX
999
2,1,,11
  8
1
 10
109.8936
 20
48.4531
  0
VERTEX
999
2,2
  8
1
 10
108.1851
 20
47.6460
  0
VERTEX
999
2,2
  8
1
 10
106.5391
 20
46.7720
  0
VERTEX
999
2,2
  8
1
 10
104.9536
 20
45.8340
  0
VERTEX
999
2,2
  8
1
 10
103.4258
 20
44.8340
  0
VERTEX
999
2,2
  8
1
 10
96.4399
 20
38.9580
  0
VERTEX
999
2,2
  8
1
 10
90.6924
 20
32.0933
  0
VERTEX
999
2,2
  8
1
 10
85.8540
 20
24.5024
  0
VERTEX
999
2,2
  8
1
 10
81.5938
 20
16.4482
  0
VERTEX
999
2,2
  8
1
 10
77.5825
 20
8.1929
  0
VERTEX
999
2,1,,12
  8
1
 10
73.4902
 20
0.0000
  0
SEQEND
  0
LINE
999
5,1,,13
  8
1
  6
1
 10
13.3120
 20
253.4644
 11
74.5400
 21
2.0298
  0
LINE
999
5,1,,15
  8
1
 10
54.7007
 20
86.0664
 11
79.1948
 21
109.4932
  0
LINE
999
5,1,,17
  8
1
 10
54.7007
 20
86.0664
 11
59.1274
 21
95.0332
  0
LINE
999
5,1,,19
  8
1
 10
96.5957
 20
73.3809
 11
82.0107
 21
69.8511
  0
LINE
999
5,1,,21
  8
1
 10
56.6304
 20
238.5425
 11
96.5957
 21
73.3809
  0
LINE
999
5,1,,23
  8
1
 10
82.0107
 20
69.8511
 11
42.0557
 21
235.0132
  0
LINE
999
5,1,,25
  8
1
 10
42.0557
 20
235.0132
 11
56.6304
 21
238.5425
  0
ENDBLK
  0
BLOCK
  8
1
  2
P0075_08
 70
64
 10
0.0000
 20
0.0000
  0
TEXT
  8
1
 10
40.7505
 20
182.6016
 40
8.0000
 50
0.0000
  1
PIECE: 前ポケット向当て布
  7
STANDARD
  0
TEXT
  8
1
 10
40.7505
 20
173.4016
 40
8.0000
 50
0.0000
  1
SIZE: XXL
  7
STANDARD
  0
TEXT
  8
1
 10
40.7505
 20
164.2016
 40
8.0000
 50
0.0000
  1
FABRIC: 表生地
  7
STANDARD
  0
TEXT
  8
1
 10
40.7505
 20
155.0016
 40
8.0000
 50
0.0000
  1
QUANTITY: 2
  7
STANDARD
  0
TEXT
  8
1
 10
117.6665
 20
162.4033
 40
5.0000
 50
0.0000
  1
COMMENT: 1.0
  7
STANDARD
  0
TEXT
  8
1
 10
62.5693
 20
110.4551
 40
6.0000
 50
0.0000
  1
COMMENT: コバステッチ
  7
STANDARD
  0
TEXT
  8
1
 10
33.5776
 20
176.9316
 40
6.0000
 50
283.9840
  1
COMMENT: 向当て布上乗せ
  7
STANDARD
  0
TEXT
  8
1
 10
30.1313
 20
135.7900
 40
6.0000
 50
0.0000
  1
COMMENT: 1.0
  7
STANDARD
  0
TEXT
  8
1
 10
43.6479
 20
257.9697
 40
5.0000
 50
7.8755
  1
COMMENT: 1.0/ベルト高
  7
STANDARD
  0
POLYLINE
999
1
  8
1
 66
1
 70
0
  0
VERTEX
999
1,1,,1
  8
1
 10
61.0571
 20
8.7930
  0
VERTEX
999
1,1,,2
  8
1
 10
0.0498
 20
259.3208
  0
VERTEX
999
1,2
  8
1
 10
7.9771
 20
262.5659
  0
VERTEX
999
1,1,,3
  8
1
 10
9.4077
 20
263.1582
  0
VERTEX
999
1,2
  8
1
 10
10.9502
 20
263.2900
  0
VERTEX
999
1,2
  8
1
 10
24.0396
 20
264.4883
  0
VERTEX
999
1,2
  8
1
 10
37.1143
 20
265.8413
  0
VERTEX
999
1,2
  8
1
 10
50.1724
 20
267.3467
  0
VERTEX
999
1,2
  8
1
 10
63.2119
 20
268.9995
  0
VERTEX
999
1,2
  8
1
 10
76.2310
 20
270.7979
  0
VERTEX
999
1,2
  8
1
 10
89.2275
 20
272.7368
  0
VERTEX
999
1,2
  8
1
 10
102.2002
 20
274.8135
  0
VERTEX
999
1,2
  8
1
 10
115.1465
 20
277.0239
  0
VERTEX
999
1,1,,4
  8
1
 10
126.0254
 20
278.9390
  0
VERTEX
999
1,2
  8
1
 10
126.8521
 20
267.9238
  0
VERTEX
999
1,2
  8
1
 10
127.7573
 20
254.5098
  0
VERTEX
999
1,2
  8
1
 10
128.4653
 20
241.0874
  0
VERTEX
999
1,2
  8
1
 10
128.9839
 20
227.6582
  0
VERTEX
999
1,2
  8
1
 10
129.3203
 20
214.2231
  0
VERTEX
999
1,2
  8
1
 10
129.4824
 20
200.7847
  0
VERTEX
999
1,2
  8
1
 10
129.4775
 20
187.3442
  0
VERTEX
999
1,2
  8
1
 10
129.3130
 20
173.9028
  0
VERTEX
999
1,2
  8
1
 10
128.9971
 20
160.4629
  0
VERTEX
999
1,2
  8
1
 10
128.5366
 20
147.0254
  0
VERTEX
999
1,2
  8
1
 10
127.9395
 20
133.5923
  0
VERTEX
999
1,2
  8
1
 10
127.2129
 20
120.1646
  0
VERTEX
999
1,2
  8
1
 10
126.3652
 20
106.7446
  0
VERTEX
999
1,2
  8
1
 10
125.4028
 20
93.3340
  0
VERTEX
999
1,2
  8
1
 10
124.3345
 20
79.9336
  0
VERTEX
999
1,2
  8
1
 10
123.1670
 20
66.5454
  0
VERTEX
999
1,1,,5
  8
1
 10
121.9082
 20
53.1714
  0
VERTEX
999
1,2
  8
1
 10
111.3936
 20
48.4531
  0
VERTEX
999
1,2
  8
1
 10
109.6436
 20
47.6680
  0
VERTEX
999
1,2
  8
1
 10
107.9556
 20
46.8135
  0
VERTEX
999
1,2
  8
1
 10
106.3281
 20
45.8926
  0
VERTEX
999
1,2
  8
1
 10
104.7578
 20
44.9082
  0
VERTEX
999
1,2
  8
1
 10
97.5518
 20
39.0830
  0
VERTEX
999
1,2
  8
1
 10
91.5835
 20
32.2300
  0
VERTEX
999
1,2
  8
1
 10
86.5225
 20
24.6221
  0
VERTEX
999
1,2
  8
1
 10
82.0396
 20
16.5322
  0
VERTEX
999
1,2
  8
1
 10
77.8057
 20
8.2339
  0
VERTEX
999
1,1,,6
  8
1
 10
73.4902
 20
0.0000
  0
VERTEX
999
1,1,,7
  8
1
 10
61.0571
 20
8.7930
  0
SEQEND
  0
POLYLINE
999
2
  8
1
 66
1
 70
0
  0
VERTEX
999
2,1,,8
  8
1
 10
73.4902
 20
0.0000
  0
VERTEX
999
2,1,,9
  8
1
 10
11.8022
 20
253.3262
  0
VERTEX
999
2,2
  8
1
 10
25.0024
 20
254.5342
  0
VERTEX
999
2,2
  8
1
 10
38.1875
 20
255.8989
  0
VERTEX
999
2,2
  8
1
 10
51.3560
 20
257.4170
  0
VERTEX
999
2,2
  8
1
 10
64.5059
 20
259.0840
  0
VERTEX
999
2,2
  8
1
 10
77.6353
 20
260.8965
  0
VERTEX
999
2,2
  8
1
 10
90.7422
 20
262.8521
  0
VERTEX
999
2,2
  8
1
 10
103.8242
 20
264.9458
  0
VERTEX
999
2,1,,10
  8
1
 10
116.8804
 20
267.1753
  0
VERTEX
999
2,2
  8
1
 10
117.7993
 20
253.5117
  0
VERTEX
999
2,2
  8
1
 10
118.5122
 20
239.8394
  0
VERTEX
999
2,2
  8
1
 10
119.0264
 20
226.1597
  0
VERTEX
999
2,2
  8
1
 10
119.3511
 20
212.4746
  0
VERTEX
999
2,2
  8
1
 10
119.4937
 20
198.7856
  0
VERTEX
999
2,2
  8
1
 10
119.4624
 20
185.0947
  0
VERTEX
999
2,2
  8
1
 10
119.2656
 20
171.4038
  0
VERTEX
999
2,2
  8
1
 10
118.9111
 20
157.7139
  0
VERTEX
999
2,2
  8
1
 10
118.4077
 20
144.0273
  0
VERTEX
999
2,2
  8
1
 10
117.7637
 20
130.3457
  0
VERTEX
999
2,2
  8
1
 10
116.9863
 20
116.6704
  0
VERTEX
999
2,2
  8
1
 10
116.0845
 20
103.0034
  0
VERTEX
999
2,2
  8
1
 10
115.0659
 20
89.3467
  0
VERTEX
999
2,2
  8
1
 10
113.9395
 20
75.7017
  0
VERTEX
999
2,2
  8
1
 10
112.7124
 20
62.0698
  0
VERTEX
999
2,1,,11
  8
1
 10
111.3936
 20
48.4531
  0
VERTEX
999
2,2
  8
1
 10
109.6436
 20
47.6680
  0
VERTEX
999
2,2
  8
1
 10
107.9561
 20
46.8135
  0
VERTEX
999
2,2
  8
1
 10
106.3281
 20
45.8926
  0
VERTEX
999
2,2
  8
1
 10
104.7578
 20
44.9082
  0
VERTEX
999
2,2
  8
1
 10
97.5518
 20
39.0830
  0
VERTEX
999
2,2
  8
1
 10
91.5835
 20
32.2300
  0
VERTEX
999
2,2
  8
1
 10
86.5225
 20
24.6221
  0
VERTEX
999
2,2
  8
1
 10
82.0400
 20
16.5322
  0
VERTEX
999
2,2
  8
1
 10
77.8057
 20
8.2339
  0
VERTEX
999
2,1,,12
  8
1
 10
73.4902
 20
0.0000
  0
SEQEND
  0
LINE
999
5,1,,13
  8
1
  6
1
 10
13.3120
 20
253.4644
 11
74.5400
 21
2.0298
  0
LINE
999
5,1,,15
  8
1
 10
54.7007
 20
86.0664
 11
79.1948
 21
109.4932
  0
LINE
999
5,1,,17
  8
1
 10
54.7007
 20
86.0664
 11
59.1274
 21
95.0332
  0
LINE
999
5,1,,19
  8
1
 10
96.5957
 20
73.3809
 11
82.0107
 21
69.8511
  0
LINE
999
5,1,,21
  8
1
 10
56.6304
 20
238.5425
 11
96.5957
 21
73.3809
  0
LINE
999
5,1,,23
  8
1
 10
82.0107
 20
69.8511
 11
42.0557
 21
235.0132
  0
LINE
999
5,1,,25
  8
1
 10
42.0557
 20
235.0132
 11
56.6304
 21
238.5425
  0
ENDBLK
  0
ENDSEC
  0
SECTION
  2
ENTITIES
  0
TEXT
  8
1
 10
0.0000
 20
50.0000
 40
5.0000
  1
DESIGN: CR1-02F5-PL02
  7
STANDARD
  0
TEXT
  8
1
 10
0.0000
 20
44.0000
 40
5.0000
  1
DATE: 2026/03/18 17:35
  7
STANDARD
  0
TEXT
  8
1
 10
0.0000
 20
38.0000
 40
5.0000
  1
AUTHOR: TORAY A.C.S  CREACOMPO
  7
STANDARD
  0
TEXT
  8
1
 10
0.0000
 20
32.0000
 40
5.0000
  1
MASTER SIZE: XL
  7
STANDARD
  0
TEXT
  8
1
 10
0.0000
 20
26.0000
 40
5.0000
  1
UNITS: METRIC
  7
STANDARD
  0
TEXT
  8
1
 10
0.0000
 20
20.0000
 40
5.0000
  1
VERSION: 2.00
  7
STANDARD
  0
INSERT
  8
1
  2
P0001_04
 10
1124.0815
 20
30.0000
  0
INSERT
  8
1
  2
P0002_05
 10
1124.0815
 20
30.0000
  0
INSERT
  8
1
  2
P0003_06
 10
1124.0815
 20
30.0000
  0
INSERT
  8
1
  2
P0004_07
 10
1124.0815
 20
30.0000
  0
INSERT
  8
1
  2
P0005_08
 10
1124.0815
 20
30.0000
  0
INSERT
  8
1
  2
P0006_04
 10
1049.5884
 20
593.3936
  0
INSERT
  8
1
  2
P0007_05
 10
1049.5884
 20
593.3936
  0
INSERT
  8
1
  2
P0008_06
 10
1049.5884
 20
593.3936
  0
INSERT
  8
1
  2
P0009_07
 10
1049.5884
 20
593.3936
  0
INSERT
  8
1
  2
P0010_08
 10
1049.5884
 20
593.3936
  0
INSERT
  8
1
  2
P0011_04
 10
1551.3633
 20
593.3936
  0
INSERT
  8
1
  2
P0012_05
 10
1551.3633
 20
593.3936
  0
INSERT
  8
1
  2
P0013_06
 10
1551.3633
 20
593.3936
  0
INSERT
  8
1
  2
P0014_07
 10
1551.3633
 20
593.3936
  0
INSERT
  8
1
  2
P0015_08
 10
1551.3633
 20
593.3936
  0
INSERT
  8
1
  2
P0016_04
 10
576.1328
 20
30.0093
  0
INSERT
  8
1
  2
P0017_05
 10
576.1328
 20
30.0093
  0
INSERT
  8
1
  2
P0018_06
 10
576.1328
 20
30.0093
  0
INSERT
  8
1
  2
P0019_07
 10
576.1328
 20
30.0093
  0
INSERT
  8
1
  2
P0020_08
 10
576.1328
 20
30.0093
  0
INSERT
  8
1
  2
P0021_04
 10
948.9561
 20
30.0200
  0
INSERT
  8
1
  2
P0022_05
 10
948.9561
 20
30.0200
  0
INSERT
  8
1
  2
P0023_06
 10
948.9561
 20
30.0200
  0
INSERT
  8
1
  2
P0024_07
 10
948.9561
 20
30.0200
  0
INSERT
  8
1
  2
P0025_08
 10
948.9561
 20
30.0200
  0
INSERT
  8
1
  2
P0026_04
 10
948.9561
 20
593.4136
  0
INSERT
  8
1
  2
P0027_05
 10
948.9561
 20
593.4136
  0
INSERT
  8
1
  2
P0028_06
 10
948.9561
 20
593.4136
  0
INSERT
  8
1
  2
P0029_07
 10
948.9561
 20
593.4136
  0
INSERT
  8
1
  2
P0030_08
 10
948.9561
 20
593.4136
  0
INSERT
  8
1
  2
P0031_04
 10
526.7437
 20
595.7793
  0
INSERT
  8
1
  2
P0032_05
 10
526.7437
 20
595.7793
  0
INSERT
  8
1
  2
P0033_06
 10
526.7437
 20
595.7793
  0
INSERT
  8
1
  2
P0034_07
 10
526.7437
 20
595.7793
  0
INSERT
  8
1
  2
P0035_08
 10
526.7437
 20
595.7793
  0
INSERT
  8
1
  2
P0036_04
 10
30.0000
 20
570.0605
  0
INSERT
  8
1
  2
P0037_05
 10
30.0000
 20
570.0605
  0
INSERT
  8
1
  2
P0038_06
 10
30.0000
 20
570.0605
  0
INSERT
  8
1
  2
P0039_07
 10
30.0000
 20
570.0605
  0
INSERT
  8
1
  2
P0040_08
 10
30.0000
 20
570.0605
  0
INSERT
  8
1
  2
P0041_04
 10
2136.7759
 20
1229.7300
  0
INSERT
  8
1
  2
P0042_05
 10
2136.7759
 20
1229.7300
  0
INSERT
  8
1
  2
P0043_06
 10
2136.7759
 20
1229.7300
  0
INSERT
  8
1
  2
P0044_07
 10
2136.7759
 20
1229.7300
  0
INSERT
  8
1
  2
P0045_08
 10
2136.7759
 20
1229.7300
  0
INSERT
  8
1
  2
P0046_04
 10
2133.3828
 20
589.0127
  0
INSERT
  8
1
  2
P0047_05
 10
2133.3828
 20
589.0127
  0
INSERT
  8
1
  2
P0048_06
 10
2133.3828
 20
589.0127
  0
INSERT
  8
1
  2
P0049_07
 10
2133.3828
 20
589.0127
  0
INSERT
  8
1
  2
P0050_08
 10
2133.3828
 20
589.0127
  0
INSERT
  8
1
  2
P0051_04
 10
704.0464
 20
1357.6504
  0
INSERT
  8
1
  2
P0052_05
 10
704.0464
 20
1357.6504
  0
INSERT
  8
1
  2
P0053_06
 10
704.0464
 20
1357.6504
  0
INSERT
  8
1
  2
P0054_07
 10
704.0464
 20
1357.6504
  0
INSERT
  8
1
  2
P0055_08
 10
704.0464
 20
1357.6504
  0
INSERT
  8
1
  2
P0056_04
 10
2138.3823
 20
1146.7314
  0
INSERT
  8
1
  2
P0057_05
 10
2138.3823
 20
1146.7314
  0
INSERT
  8
1
  2
P0058_06
 10
2138.3823
 20
1146.7314
  0
INSERT
  8
1
  2
P0059_07
 10
2138.3823
 20
1146.7314
  0
INSERT
  8
1
  2
P0060_08
 10
2138.3823
 20
1146.7314
  0
INSERT
  8
1
  2
P0061_04
 10
592.5591
 20
1355.7148
  0
INSERT
  8
1
  2
P0062_05
 10
592.5591
 20
1355.7148
  0
INSERT
  8
1
  2
P0063_06
 10
592.5591
 20
1355.7148
  0
INSERT
  8
1
  2
P0064_07
 10
592.5591
 20
1355.7148
  0
INSERT
  8
1
  2
P0065_08
 10
592.5591
 20
1355.7148
  0
INSERT
  8
1
  2
P0066_04
 10
683.7173
 20
1496.9063
  0
INSERT
  8
1
  2
P0067_05
 10
683.7173
 20
1496.9063
  0
INSERT
  8
1
  2
P0068_06
 10
683.7173
 20
1496.9063
  0
INSERT
  8
1
  2
P0069_07
 10
683.7173
 20
1496.9063
  0
INSERT
  8
1
  2
P0070_08
 10
683.7173
 20
1496.9063
  0
INSERT
  8
1
  2
P0071_04
 10
290.4121
 20
962.6133
  0
INSERT
  8
1
  2
P0072_05
 10
290.4121
 20
962.6133
  0
INSERT
  8
1
  2
P0073_06
 10
290.4121
 20
962.6133
  0
INSERT
  8
1
  2
P0074_07
 10
290.4121
 20
962.6133
  0
INSERT
  8
1
  2
P0075_08
 10
290.4121
 20
962.6133
  0
ENDSEC
  0
EOF
