  0
SECTION
  2
BLOCKS
  0
BLOCK
  8
1
  2
WHAIST BK  2P
 70
     0
 10
0.00
 20
0.00
  0
POLYLINE
  8
84
 66
     1
 70
     1
  0
VERTEX
  8
84
 10
59.050000
 20
-28.300000
  0
VERTEX
  8
84
 10
24.050000
 20
-28.300000
  0
VERTEX
  8
84
 10
24.050000
 20
-10.300000
  0
VERTEX
  8
84
 10
24.150000
 20
7.500000
  0
VERTEX
  8
84
 10
24.850000
 20
24.100000
  0
VERTEX
  8
84
 10
25.550000
 20
37.100000
  0
VERTEX
  8
84
 10
26.050000
 20
45.300000
  0
VERTEX
  8
84
 10
26.850000
 20
56.600000
  0
VERTEX
  8
84
 10
27.950000
 20
68.600000
  0
VERTEX
  8
84
 10
29.050000
 20
82.100000
  0
VERTEX
  8
84
 10
31.450000
 20
99.800000
  0
VERTEX
  8
84
 10
35.450000
 20
121.400000
  0
VERTEX
  8
84
 10
40.350000
 20
143.600000
  0
VERTEX
  8
84
 10
44.850000
 20
162.100000
  0
VERTEX
  8
84
 10
48.150000
 20
175.200000
  0
VERTEX
  8
84
 10
50.250000
 20
184.200000
  0
VERTEX
  8
84
 10
83.350000
 20
172.900000
  0
VERTEX
  8
84
 10
82.050000
 20
167.700000
  0
VERTEX
  8
84
 10
78.850000
 20
155.000000
  0
VERTEX
  8
84
 10
74.450000
 20
136.900000
  0
VERTEX
  8
84
 10
69.450000
 20
114.500000
  0
VERTEX
  8
84
 10
65.750000
 20
92.200000
  0
VERTEX
  8
84
 10
63.250000
 20
71.800000
  0
VERTEX
  8
84
 10
61.550000
 20
54.400000
  0
VERTEX
  8
84
 10
60.450000
 20
38.100000
  0
VERTEX
  8
84
 10
59.550000
 20
21.900000
  0
VERTEX
  8
84
 10
59.050000
 20
6.800000
  0
VERTEX
  8
84
 10
59.050000
 20
-10.300000
  0
VERTEX
  8
84
 10
59.050000
 20
-28.300000
  0
SEQEND
  0
POLYLINE
  8
1
 66
     1
 70
     1
  0
VERTEX
  8
1
 10
59.050000
 20
-28.300000
  0
VERTEX
  8
1
 10
24.050000
 20
-28.300000
  0
VERTEX
  8
1
 10
24.050000
 20
-10.300000
  0
VERTEX
  8
1
 10
24.150000
 20
7.500000
  0
VERTEX
  8
1
 10
24.850000
 20
24.100000
  0
VERTEX
  8
1
 10
25.550000
 20
37.100000
  0
VERTEX
  8
1
 10
26.050000
 20
45.300000
  0
VERTEX
  8
1
 10
26.850000
 20
56.600000
  0
VERTEX
  8
1
 10
27.950000
 20
68.600000
  0
VERTEX
  8
1
 10
29.050000
 20
82.100000
  0
VERTEX
  8
1
 10
31.450000
 20
99.800000
  0
VERTEX
  8
1
 10
35.450000
 20
121.400000
  0
VERTEX
  8
1
 10
40.350000
 20
143.600000
  0
VERTEX
  8
1
 10
44.850000
 20
162.100000
  0
VERTEX
  8
1
 10
48.150000
 20
175.200000
  0
VERTEX
  8
1
 10
50.250000
 20
184.200000
  0
VERTEX
  8
1
 10
83.350000
 20
172.900000
  0
VERTEX
  8
1
 10
82.050000
 20
167.700000
  0
VERTEX
  8
1
 10
78.850000
 20
155.000000
  0
VERTEX
  8
1
 10
74.450000
 20
136.900000
  0
VERTEX
  8
1
 10
69.450000
 20
114.500000
  0
VERTEX
  8
1
 10
65.750000
 20
92.200000
  0
VERTEX
  8
1
 10
63.250000
 20
71.800000
  0
VERTEX
  8
1
 10
61.550000
 20
54.400000
  0
VERTEX
  8
1
 10
60.450000
 20
38.100000
  0
VERTEX
  8
1
 10
59.550000
 20
21.900000
  0
VERTEX
  8
1
 10
59.050000
 20
6.800000
  0
VERTEX
  8
1
 10
59.050000
 20
-10.300000
  0
VERTEX
  8
1
 10
59.050000
 20
-28.300000
  0
SEQEND
  0
POINT
  8
2
 10
59.050000
 20
-28.300000
  0
POINT
  8
2
 10
24.050000
 20
-28.300000
  0
POINT
  8
2
 10
24.050000
 20
-10.300000
  0
POINT
  8
3
 10
24.150000
 20
7.500000
  0
POINT
  8
3
 10
24.850000
 20
24.100000
  0
POINT
  8
2
 10
25.550000
 20
37.100000
  0
POINT
  8
3
 10
26.050000
 20
45.300000
  0
POINT
  8
3
 10
26.850000
 20
56.600000
  0
POINT
  8
3
 10
27.950000
 20
68.600000
  0
POINT
  8
3
 10
29.050000
 20
82.100000
  0
POINT
  8
3
 10
31.450000
 20
99.800000
  0
POINT
  8
3
 10
35.450000
 20
121.400000
  0
POINT
  8
3
 10
40.350000
 20
143.600000
  0
POINT
  8
3
 10
44.850000
 20
162.100000
  0
POINT
  8
3
 10
48.150000
 20
175.200000
  0
POINT
  8
2
 10
50.250000
 20
184.200000
  0
POINT
  8
2
 10
83.350000
 20
172.900000
  0
POINT
  8
3
 10
82.050000
 20
167.700000
  0
POINT
  8
3
 10
78.850000
 20
155.000000
  0
POINT
  8
3
 10
74.450000
 20
136.900000
  0
POINT
  8
3
 10
69.450000
 20
114.500000
  0
POINT
  8
3
 10
65.750000
 20
92.200000
  0
POINT
  8
3
 10
63.250000
 20
71.800000
  0
POINT
  8
3
 10
61.550000
 20
54.400000
  0
POINT
  8
3
 10
60.450000
 20
38.100000
  0
POINT
  8
3
 10
59.550000
 20
21.900000
  0
POINT
  8
3
 10
59.050000
 20
6.800000
  0
POINT
  8
2
 10
59.050000
 20
-10.300000
  0
POINT
  8
2
 10
59.050000
 20
-28.300000
  0
POINT
  8
2
 10
28.550000
 20
37.100000
  0
TEXT
  8
2
 10
28.550000
 20
37.100000
 40
0.250000
 50
0.000000
  1
#1
  0
POINT
  8
13
 10
28.550000
 20
37.100000
  0
TEXT
  8
13
 10
28.550000
 20
37.100000
 40
0.250000
 50
0.000000
  1
#1
  0
LINE
  8
5
 10
54.350000
 20
0.000000
 11
31.050000
 21
0.000000
  0
LINE
  8
7
 10
55.150000
 20
-0.100000
 11
30.950000
 21
-0.100000
  0
TEXT
  8
15
 10
63.550000
 20
101.500000
 40
4.497221
 50
261.689700
  1
HIGH
  0
TEXT
  8
15
 10
53.650000
 20
179.100000
 40
3.993081
 50
343.178600
  1
CLEAN CUT
  0
TEXT
  8
15
 10
38.850000
 20
105.800000
 40
4.654641
 50
261.212200
  1
CLEAN CUT
  0
TEXT
  8
15
 10
56.750000
 20
48.500000
 40
4.649758
 50
267.260700
  1
CLEAN CUT
  0
TEXT
  8
15
 10
53.150000
 20
-25.700000
 40
3.428571
 50
180.000000
  1
BACK C.
  0
TEXT
  8
15
 10
37.050000
 20
-25.700000
 40
3.000000
 50
180.000000
  1
CL.CUT
  0
TEXT
  8
1
 10
4.200000
 20
17.700000
 40
10.000000
 50
0.000000
  1
Piece Name: WHAIST BK  2P
  0
TEXT
  8
1
 10
4.200000
 20
28.700000
 40
10.000000
 50
0.000000
  1
Size: 42
  0
TEXT
  8
1
 10
4.200000
 20
39.700000
 40
10.000000
 50
0.000000
  1
Annotation: WHAIST BK  2P
  0
TEXT
  8
1
 10
4.200000
 20
50.700000
 40
10.000000
 50
0.000000
  1
Quantity: 1
  0
TEXT
  8
1
 10
4.200000
 20
61.700000
 40
10.000000
 50
0.000000
  1
Material: LEATHER
  0
ENDBLK
  0
BLOCK
  8
1
  2
INSIDE WHAIST BK  2P
 70
     0
 10
0.00
 20
0.00
  0
POLYLINE
  8
84
 66
     1
 70
     1
  0
VERTEX
  8
84
 10
69.050000
 20
-38.300000
  0
VERTEX
  8
84
 10
14.050000
 20
-38.300000
  0
VERTEX
  8
84
 10
14.050000
 20
-28.300000
  0
VERTEX
  8
84
 10
14.150000
 20
-10.300000
  0
VERTEX
  8
84
 10
14.250000
 20
7.900000
  0
VERTEX
  8
84
 10
14.750000
 20
24.500000
  0
VERTEX
  8
84
 10
15.350000
 20
37.500000
  0
VERTEX
  8
84
 10
15.650000
 20
46.300000
  0
VERTEX
  8
84
 10
16.650000
 20
57.500000
  0
VERTEX
  8
84
 10
17.750000
 20
69.800000
  0
VERTEX
  8
84
 10
19.250000
 20
84.100000
  0
VERTEX
  8
84
 10
21.550000
 20
101.100000
  0
VERTEX
  8
84
 10
25.450000
 20
122.200000
  0
VERTEX
  8
84
 10
30.550000
 20
145.800000
  0
VERTEX
  8
84
 10
34.950000
 20
164.400000
  0
VERTEX
  8
84
 10
38.450000
 20
177.800000
  0
VERTEX
  8
84
 10
41.150000
 20
187.100000
  0
VERTEX
  8
84
 10
92.750000
 20
170.200000
  0
VERTEX
  8
84
 10
91.650000
 20
165.300000
  0
VERTEX
  8
84
 10
88.450000
 20
152.600000
  0
VERTEX
  8
84
 10
84.150000
 20
134.700000
  0
VERTEX
  8
84
 10
79.250000
 20
112.900000
  0
VERTEX
  8
84
 10
75.750000
 20
91.800000
  0
VERTEX
  8
84
 10
73.050000
 20
69.500000
  0
VERTEX
  8
84
 10
71.450000
 20
52.900000
  0
VERTEX
  8
84
 10
70.350000
 20
37.500000
  0
VERTEX
  8
84
 10
69.450000
 20
21.400000
  0
VERTEX
  8
84
 10
69.050000
 20
9.600000
  0
VERTEX
  8
84
 10
69.050000
 20
-10.300000
  0
VERTEX
  8
84
 10
69.050000
 20
-28.300000
  0
VERTEX
  8
84
 10
69.050000
 20
-38.300000
  0
SEQEND
  0
POLYLINE
  8
1
 66
     1
 70
     1
  0
VERTEX
  8
1
 10
69.050000
 20
-38.300000
  0
VERTEX
  8
1
 10
14.050000
 20
-38.300000
  0
VERTEX
  8
1
 10
14.050000
 20
-28.300000
  0
VERTEX
  8
1
 10
14.150000
 20
-10.300000
  0
VERTEX
  8
1
 10
14.250000
 20
7.900000
  0
VERTEX
  8
1
 10
14.750000
 20
24.500000
  0
VERTEX
  8
1
 10
15.350000
 20
37.500000
  0
VERTEX
  8
1
 10
15.650000
 20
46.300000
  0
VERTEX
  8
1
 10
16.650000
 20
57.500000
  0
VERTEX
  8
1
 10
17.750000
 20
69.800000
  0
VERTEX
  8
1
 10
19.250000
 20
84.100000
  0
VERTEX
  8
1
 10
21.550000
 20
101.100000
  0
VERTEX
  8
1
 10
25.450000
 20
122.200000
  0
VERTEX
  8
1
 10
30.550000
 20
145.800000
  0
VERTEX
  8
1
 10
34.950000
 20
164.400000
  0
VERTEX
  8
1
 10
38.450000
 20
177.800000
  0
VERTEX
  8
1
 10
41.150000
 20
187.100000
  0
VERTEX
  8
1
 10
92.750000
 20
170.200000
  0
VERTEX
  8
1
 10
91.650000
 20
165.300000
  0
VERTEX
  8
1
 10
88.450000
 20
152.600000
  0
VERTEX
  8
1
 10
84.150000
 20
134.700000
  0
VERTEX
  8
1
 10
79.250000
 20
112.900000
  0
VERTEX
  8
1
 10
75.750000
 20
91.800000
  0
VERTEX
  8
1
 10
73.050000
 20
69.500000
  0
VERTEX
  8
1
 10
71.450000
 20
52.900000
  0
VERTEX
  8
1
 10
70.350000
 20
37.500000
  0
VERTEX
  8
1
 10
69.450000
 20
21.400000
  0
VERTEX
  8
1
 10
69.050000
 20
9.600000
  0
VERTEX
  8
1
 10
69.050000
 20
-10.300000
  0
VERTEX
  8
1
 10
69.050000
 20
-28.300000
  0
VERTEX
  8
1
 10
69.050000
 20
-38.300000
  0
SEQEND
  0
POLYLINE
  8
87
 66
     1
  0
VERTEX
  8
87
 10
59.050000
 20
-28.300000
  0
VERTEX
  8
87
 10
24.050000
 20
-28.300000
  0
VERTEX
  8
87
 10
24.050000
 20
-10.300000
  0
VERTEX
  8
87
 10
24.150000
 20
7.700000
  0
VERTEX
  8
87
 10
24.650000
 20
24.100000
  0
VERTEX
  8
87
 10
25.250000
 20
37.100000
  0
VERTEX
  8
87
 10
25.550000
 20
45.700000
  0
VERTEX
  8
87
 10
26.550000
 20
56.700000
  0
VERTEX
  8
87
 10
27.650000
 20
68.900000
  0
VERTEX
  8
87
 10
29.150000
 20
82.900000
  0
VERTEX
  8
87
 10
31.450000
 20
99.500000
  0
VERTEX
  8
87
 10
35.250000
 20
120.200000
  0
VERTEX
  8
87
 10
40.250000
 20
143.600000
  0
VERTEX
  8
87
 10
44.550000
 20
162.000000
  0
VERTEX
  8
87
 10
48.050000
 20
175.200000
  0
VERTEX
  8
87
 10
50.550000
 20
183.900000
  0
VERTEX
  8
87
 10
83.250000
 20
173.400000
  0
VERTEX
  8
87
 10
81.950000
 20
167.500000
  0
VERTEX
  8
87
 10
78.750000
 20
154.900000
  0
VERTEX
  8
87
 10
74.450000
 20
136.900000
  0
VERTEX
  8
87
 10
69.450000
 20
114.700000
  0
VERTEX
  8
87
 10
65.850000
 20
93.200000
  0
VERTEX
  8
87
 10
63.150000
 20
70.500000
  0
VERTEX
  8
87
 10
61.550000
 20
53.700000
  0
VERTEX
  8
87
 10
60.450000
 20
38.100000
  0
VERTEX
  8
87
 10
59.550000
 20
21.800000
  0
VERTEX
  8
87
 10
59.050000
 20
9.700000
  0
VERTEX
  8
87
 10
59.050000
 20
-10.300000
  0
VERTEX
  8
87
 10
59.050000
 20
-28.300000
  0
SEQEND
  0
POLYLINE
  8
14
 66
     1
  0
VERTEX
  8
14
 10
59.050000
 20
-28.300000
  0
VERTEX
  8
14
 10
24.050000
 20
-28.300000
  0
VERTEX
  8
14
 10
24.050000
 20
-10.300000
  0
VERTEX
  8
14
 10
24.150000
 20
7.700000
  0
VERTEX
  8
14
 10
24.650000
 20
24.100000
  0
VERTEX
  8
14
 10
25.250000
 20
37.100000
  0
VERTEX
  8
14
 10
25.550000
 20
45.700000
  0
VERTEX
  8
14
 10
26.550000
 20
56.700000
  0
VERTEX
  8
14
 10
27.650000
 20
68.900000
  0
VERTEX
  8
14
 10
29.150000
 20
82.900000
  0
VERTEX
  8
14
 10
31.450000
 20
99.500000
  0
VERTEX
  8
14
 10
35.250000
 20
120.200000
  0
VERTEX
  8
14
 10
40.250000
 20
143.600000
  0
VERTEX
  8
14
 10
44.550000
 20
162.000000
  0
VERTEX
  8
14
 10
48.050000
 20
175.200000
  0
VERTEX
  8
14
 10
50.550000
 20
183.900000
  0
VERTEX
  8
14
 10
83.250000
 20
173.400000
  0
VERTEX
  8
14
 10
81.950000
 20
167.500000
  0
VERTEX
  8
14
 10
78.750000
 20
154.900000
  0
VERTEX
  8
14
 10
74.450000
 20
136.900000
  0
VERTEX
  8
14
 10
69.450000
 20
114.700000
  0
VERTEX
  8
14
 10
65.850000
 20
93.200000
  0
VERTEX
  8
14
 10
63.150000
 20
70.500000
  0
VERTEX
  8
14
 10
61.550000
 20
53.700000
  0
VERTEX
  8
14
 10
60.450000
 20
38.100000
  0
VERTEX
  8
14
 10
59.550000
 20
21.800000
  0
VERTEX
  8
14
 10
59.050000
 20
9.700000
  0
VERTEX
  8
14
 10
59.050000
 20
-10.300000
  0
VERTEX
  8
14
 10
59.050000
 20
-28.300000
  0
SEQEND
  0
POINT
  8
2
 10
69.050000
 20
-38.300000
  0
POINT
  8
2
 10
14.050000
 20
-38.300000
  0
POINT
  8
2
 10
14.050000
 20
-28.300000
  0
POINT
  8
2
 10
14.150000
 20
-10.300000
  0
POINT
  8
3
 10
14.250000
 20
7.900000
  0
POINT
  8
3
 10
14.750000
 20
24.500000
  0
POINT
  8
2
 10
15.350000
 20
37.500000
  0
POINT
  8
3
 10
15.650000
 20
46.300000
  0
POINT
  8
3
 10
16.650000
 20
57.500000
  0
POINT
  8
3
 10
17.750000
 20
69.800000
  0
POINT
  8
3
 10
19.250000
 20
84.100000
  0
POINT
  8
3
 10
21.550000
 20
101.100000
  0
POINT
  8
3
 10
25.450000
 20
122.200000
  0
POINT
  8
3
 10
30.550000
 20
145.800000
  0
POINT
  8
3
 10
34.950000
 20
164.400000
  0
POINT
  8
3
 10
38.450000
 20
177.800000
  0
POINT
  8
2
 10
41.150000
 20
187.100000
  0
POINT
  8
2
 10
92.750000
 20
170.200000
  0
POINT
  8
3
 10
91.650000
 20
165.300000
  0
POINT
  8
3
 10
88.450000
 20
152.600000
  0
POINT
  8
3
 10
84.150000
 20
134.700000
  0
POINT
  8
3
 10
79.250000
 20
112.900000
  0
POINT
  8
3
 10
75.750000
 20
91.800000
  0
POINT
  8
3
 10
73.050000
 20
69.500000
  0
POINT
  8
3
 10
71.450000
 20
52.900000
  0
POINT
  8
3
 10
70.350000
 20
37.500000
  0
POINT
  8
3
 10
69.450000
 20
21.400000
  0
POINT
  8
3
 10
69.050000
 20
9.600000
  0
POINT
  8
2
 10
69.050000
 20
-10.300000
  0
POINT
  8
2
 10
69.050000
 20
-28.300000
  0
POINT
  8
2
 10
69.050000
 20
-38.300000
  0
POINT
  8
2
 10
14.050000
 20
-28.300000
 39
2.500000
  0
POINT
  8
2
 10
15.350000
 20
37.500000
 39
2.500000
 50
357.614000
  0
POINT
  8
2
 10
69.050000
 20
-28.300000
 39
2.500000
 50
180.000000
  0
POINT
  8
2
 10
82.250000
 20
169.300000
  0
TEXT
  8
2
 10
82.250000
 20
169.300000
 40
0.250000
 50
0.000000
  1
#1
  0
POINT
  8
2
 10
49.450000
 20
180.300000
  0
TEXT
  8
2
 10
49.450000
 20
180.300000
 40
0.250000
 50
0.000000
  1
#1
  0
POINT
  8
2
 10
59.050000
 20
-28.300000
  0
POINT
  8
2
 10
24.050000
 20
-28.300000
  0
POINT
  8
2
 10
24.050000
 20
-10.300000
  0
POINT
  8
3
 10
24.150000
 20
7.700000
  0
POINT
  8
3
 10
24.650000
 20
24.100000
  0
POINT
  8
2
 10
25.250000
 20
37.100000
  0
POINT
  8
3
 10
25.550000
 20
45.700000
  0
POINT
  8
3
 10
26.550000
 20
56.700000
  0
POINT
  8
3
 10
27.650000
 20
68.900000
  0
POINT
  8
3
 10
29.150000
 20
82.900000
  0
POINT
  8
3
 10
31.450000
 20
99.500000
  0
POINT
  8
3
 10
35.250000
 20
120.200000
  0
POINT
  8
3
 10
40.250000
 20
143.600000
  0
POINT
  8
3
 10
44.550000
 20
162.000000
  0
POINT
  8
3
 10
48.050000
 20
175.200000
  0
POINT
  8
2
 10
50.550000
 20
183.900000
  0
POINT
  8
2
 10
83.250000
 20
173.400000
  0
POINT
  8
3
 10
81.950000
 20
167.500000
  0
POINT
  8
3
 10
78.750000
 20
154.900000
  0
POINT
  8
3
 10
74.450000
 20
136.900000
  0
POINT
  8
3
 10
69.450000
 20
114.700000
  0
POINT
  8
3
 10
65.850000
 20
93.200000
  0
POINT
  8
3
 10
63.150000
 20
70.500000
  0
POINT
  8
3
 10
61.550000
 20
53.700000
  0
POINT
  8
3
 10
60.450000
 20
38.100000
  0
POINT
  8
3
 10
59.550000
 20
21.800000
  0
POINT
  8
3
 10
59.050000
 20
9.700000
  0
POINT
  8
2
 10
59.050000
 20
-10.300000
  0
POINT
  8
2
 10
59.050000
 20
-28.300000
  0
POINT
  8
4
 10
14.050000
 20
-28.300000
 30
2.500000
  0
POINT
  8
4
 10
15.350000
 20
37.500000
 30
2.500000
 50
357.614000
  0
POINT
  8
4
 10
69.050000
 20
-28.300000
 30
2.500000
 50
180.000000
  0
POINT
  8
13
 10
82.250000
 20
169.300000
  0
TEXT
  8
13
 10
82.250000
 20
169.300000
 40
0.250000
 50
0.000000
  1
#1
  0
POINT
  8
13
 10
49.450000
 20
180.300000
  0
TEXT
  8
13
 10
49.450000
 20
180.300000
 40
0.250000
 50
0.000000
  1
#1
  0
LINE
  8
5
 10
54.350000
 20
0.000000
 11
31.050000
 21
0.000000
  0
LINE
  8
7
 10
55.150000
 20
-0.100000
 11
30.950000
 21
-0.100000
  0
TEXT
  8
15
 10
63.550000
 20
101.500000
 40
4.497221
 50
261.689700
  1
HIGH
  0
TEXT
  8
15
 10
53.650000
 20
179.100000
 40
3.993081
 50
343.178600
  1
CLEAN CUT
  0
TEXT
  8
15
 10
53.150000
 20
-25.700000
 40
3.428571
 50
180.000000
  1
BACK C.
  0
TEXT
  8
15
 10
64.750000
 20
63.100000
 40
5.000000
 50
270.000000
  1
TRIMMING 1CM
  0
TEXT
  8
1
 10
4.200000
 20
17.700000
 40
10.000000
 50
0.000000
  1
Piece Name: INSIDE WHAIST BK  2P
  0
TEXT
  8
1
 10
4.200000
 20
28.700000
 40
10.000000
 50
0.000000
  1
Size: 42
  0
TEXT
  8
1
 10
4.200000
 20
39.700000
 40
10.000000
 50
0.000000
  1
Annotation: INSIDE WHAIST BK  2P
  0
TEXT
  8
1
 10
4.200000
 20
50.700000
 40
10.000000
 50
0.000000
  1
Quantity: 1
  0
TEXT
  8
1
 10
4.200000
 20
61.700000
 40
10.000000
 50
0.000000
  1
Material: LEATHER
  0
ENDBLK
  0
BLOCK
  8
1
  2
RIGHT BK 1P
 70
     0
 10
0.00
 20
0.00
  0
POLYLINE
  8
84
 66
     1
 70
     1
  0
VERTEX
  8
84
 10
-71.650000
 20
-128.600000
  0
VERTEX
  8
84
 10
-76.650000
 20
-107.500000
  0
VERTEX
  8
84
 10
-81.250000
 20
-85.500000
  0
VERTEX
  8
84
 10
-85.450000
 20
-63.300000
  0
VERTEX
  8
84
 10
-88.850000
 20
-41.000000
  0
VERTEX
  8
84
 10
-91.650000
 20
-18.700000
  0
VERTEX
  8
84
 10
-92.850000
 20
-7.200000
  0
VERTEX
  8
84
 10
-93.950000
 20
3.900000
  0
VERTEX
  8
84
 10
-95.250000
 20
33.200000
  0
VERTEX
  8
84
 10
-95.450000
 20
56.600000
  0
VERTEX
  8
84
 10
-95.250000
 20
68.200000
  0
VERTEX
  8
84
 10
-32.350000
 20
68.400000
  0
VERTEX
  8
84
 10
126.150000
 20
69.600000
  0
VERTEX
  8
84
 10
258.050000
 20
69.600000
  0
VERTEX
  8
84
 10
258.050000
 20
62.900000
  0
VERTEX
  8
84
 10
258.450000
 20
54.000000
  0
VERTEX
  8
84
 10
258.750000
 20
40.100000
  0
VERTEX
  8
84
 10
259.850000
 20
23.900000
  0
VERTEX
  8
84
 10
260.950000
 20
11.200000
  0
VERTEX
  8
84
 10
261.550000
 20
4.900000
  0
VERTEX
  8
84
 10
262.150000
 20
-0.600000
  0
VERTEX
  8
84
 10
263.250000
 20
-7.700000
  0
VERTEX
  8
84
 10
264.450000
 20
-16.600000
  0
VERTEX
  8
84
 10
266.050000
 20
-26.400000
  0
VERTEX
  8
84
 10
267.950000
 20
-36.600000
  0
VERTEX
  8
84
 10
117.050000
 20
-77.500000
  0
VERTEX
  8
84
 10
-71.650000
 20
-128.600000
  0
SEQEND
  0
POLYLINE
  8
1
 66
     1
 70
     1
  0
VERTEX
  8
1
 10
-71.650000
 20
-128.600000
  0
VERTEX
  8
1
 10
-76.650000
 20
-107.500000
  0
VERTEX
  8
1
 10
-81.250000
 20
-85.500000
  0
VERTEX
  8
1
 10
-85.450000
 20
-63.300000
  0
VERTEX
  8
1
 10
-88.850000
 20
-41.000000
  0
VERTEX
  8
1
 10
-91.650000
 20
-18.700000
  0
VERTEX
  8
1
 10
-92.850000
 20
-7.200000
  0
VERTEX
  8
1
 10
-93.950000
 20
3.900000
  0
VERTEX
  8
1
 10
-95.250000
 20
33.200000
  0
VERTEX
  8
1
 10
-95.450000
 20
56.600000
  0
VERTEX
  8
1
 10
-95.250000
 20
68.200000
  0
VERTEX
  8
1
 10
-32.350000
 20
68.400000
  0
VERTEX
  8
1
 10
126.150000
 20
69.600000
  0
VERTEX
  8
1
 10
258.050000
 20
69.600000
  0
VERTEX
  8
1
 10
258.050000
 20
62.900000
  0
VERTEX
  8
1
 10
258.450000
 20
54.000000
  0
VERTEX
  8
1
 10
258.750000
 20
40.100000
  0
VERTEX
  8
1
 10
259.850000
 20
23.900000
  0
VERTEX
  8
1
 10
260.950000
 20
11.200000
  0
VERTEX
  8
1
 10
261.550000
 20
4.900000
  0
VERTEX
  8
1
 10
262.150000
 20
-0.600000
  0
VERTEX
  8
1
 10
263.250000
 20
-7.700000
  0
VERTEX
  8
1
 10
264.450000
 20
-16.600000
  0
VERTEX
  8
1
 10
266.050000
 20
-26.400000
  0
VERTEX
  8
1
 10
267.950000
 20
-36.600000
  0
VERTEX
  8
1
 10
117.050000
 20
-77.500000
  0
VERTEX
  8
1
 10
-71.650000
 20
-128.600000
  0
SEQEND
  0
POLYLINE
  8
87
 66
     1
  0
VERTEX
  8
87
 10
-71.650000
 20
-128.600000
  0
VERTEX
  8
87
 10
-76.650000
 20
-107.500000
  0
VERTEX
  8
87
 10
-81.250000
 20
-85.500000
  0
VERTEX
  8
87
 10
-85.450000
 20
-63.300000
  0
VERTEX
  8
87
 10
-88.850000
 20
-41.000000
  0
VERTEX
  8
87
 10
-91.650000
 20
-18.700000
  0
VERTEX
  8
87
 10
-92.850000
 20
-7.200000
  0
VERTEX
  8
87
 10
-93.950000
 20
3.900000
  0
VERTEX
  8
87
 10
-95.250000
 20
33.200000
  0
VERTEX
  8
87
 10
-95.450000
 20
56.600000
  0
VERTEX
  8
87
 10
-95.250000
 20
68.200000
  0
VERTEX
  8
87
 10
-32.350000
 20
68.400000
  0
VERTEX
  8
87
 10
126.150000
 20
69.600000
  0
VERTEX
  8
87
 10
248.050000
 20
69.600000
  0
VERTEX
  8
87
 10
248.050000
 20
62.700000
  0
VERTEX
  8
87
 10
248.550000
 20
53.700000
  0
VERTEX
  8
87
 10
248.850000
 20
39.700000
  0
VERTEX
  8
87
 10
249.950000
 20
23.200000
  0
VERTEX
  8
87
 10
251.050000
 20
10.300000
  0
VERTEX
  8
87
 10
251.650000
 20
3.900000
  0
VERTEX
  8
87
 10
252.250000
 20
-1.800000
  0
VERTEX
  8
87
 10
253.350000
 20
-9.100000
  0
VERTEX
  8
87
 10
254.550000
 20
-18.000000
  0
VERTEX
  8
87
 10
256.250000
 20
-28.100000
  0
VERTEX
  8
87
 10
258.250000
 20
-39.200000
  0
VERTEX
  8
87
 10
117.050000
 20
-77.500000
  0
VERTEX
  8
87
 10
-71.650000
 20
-128.600000
  0
SEQEND
  0
POLYLINE
  8
14
 66
     1
  0
VERTEX
  8
14
 10
-71.650000
 20
-128.600000
  0
VERTEX
  8
14
 10
-76.650000
 20
-107.500000
  0
VERTEX
  8
14
 10
-81.250000
 20
-85.500000
  0
VERTEX
  8
14
 10
-85.450000
 20
-63.300000
  0
VERTEX
  8
14
 10
-88.850000
 20
-41.000000
  0
VERTEX
  8
14
 10
-91.650000
 20
-18.700000
  0
VERTEX
  8
14
 10
-92.850000
 20
-7.200000
  0
VERTEX
  8
14
 10
-93.950000
 20
3.900000
  0
VERTEX
  8
14
 10
-95.250000
 20
33.200000
  0
VERTEX
  8
14
 10
-95.450000
 20
56.600000
  0
VERTEX
  8
14
 10
-95.250000
 20
68.200000
  0
VERTEX
  8
14
 10
-32.350000
 20
68.400000
  0
VERTEX
  8
14
 10
126.150000
 20
69.600000
  0
VERTEX
  8
14
 10
248.050000
 20
69.600000
  0
VERTEX
  8
14
 10
248.050000
 20
62.700000
  0
VERTEX
  8
14
 10
248.550000
 20
53.700000
  0
VERTEX
  8
14
 10
248.850000
 20
39.700000
  0
VERTEX
  8
14
 10
249.950000
 20
23.200000
  0
VERTEX
  8
14
 10
251.050000
 20
10.300000
  0
VERTEX
  8
14
 10
251.650000
 20
3.900000
  0
VERTEX
  8
14
 10
252.250000
 20
-1.800000
  0
VERTEX
  8
14
 10
253.350000
 20
-9.100000
  0
VERTEX
  8
14
 10
254.550000
 20
-18.000000
  0
VERTEX
  8
14
 10
256.250000
 20
-28.100000
  0
VERTEX
  8
14
 10
258.250000
 20
-39.200000
  0
VERTEX
  8
14
 10
117.050000
 20
-77.500000
  0
VERTEX
  8
14
 10
-71.650000
 20
-128.600000
  0
SEQEND
  0
POINT
  8
2
 10
-71.650000
 20
-128.600000
  0
POINT
  8
3
 10
-76.650000
 20
-107.500000
  0
POINT
  8
3
 10
-81.250000
 20
-85.500000
  0
POINT
  8
3
 10
-85.450000
 20
-63.300000
  0
POINT
  8
3
 10
-88.850000
 20
-41.000000
  0
POINT
  8
3
 10
-91.650000
 20
-18.700000
  0
POINT
  8
2
 10
-92.850000
 20
-7.200000
  0
POINT
  8
3
 10
-93.950000
 20
3.900000
  0
POINT
  8
3
 10
-95.250000
 20
33.200000
  0
POINT
  8
3
 10
-95.450000
 20
56.600000
  0
POINT
  8
2
 10
-95.250000
 20
68.200000
  0
POINT
  8
3
 10
-32.350000
 20
68.400000
  0
POINT
  8
2
 10
126.150000
 20
69.600000
  0
POINT
  8
2
 10
258.050000
 20
69.600000
  0
POINT
  8
3
 10
258.050000
 20
62.900000
  0
POINT
  8
3
 10
258.450000
 20
54.000000
  0
POINT
  8
3
 10
258.750000
 20
40.100000
  0
POINT
  8
3
 10
259.850000
 20
23.900000
  0
POINT
  8
3
 10
260.950000
 20
11.200000
  0
POINT
  8
2
 10
261.550000
 20
4.900000
  0
POINT
  8
3
 10
262.150000
 20
-0.600000
  0
POINT
  8
3
 10
263.250000
 20
-7.700000
  0
POINT
  8
3
 10
264.450000
 20
-16.600000
  0
POINT
  8
3
 10
266.050000
 20
-26.400000
  0
POINT
  8
2
 10
267.950000
 20
-36.600000
  0
POINT
  8
2
 10
117.050000
 20
-77.500000
  0
POINT
  8
2
 10
-71.650000
 20
-128.600000
  0
POINT
  8
2
 10
261.550000
 20
4.900000
 39
2.500000
 50
184.763600
  0
POINT
  8
2
 10
-89.850000
 20
-7.200000
  0
TEXT
  8
2
 10
-89.850000
 20
-7.200000
 40
0.250000
 50
0.000000
  1
#1
  0
POINT
  8
2
 10
115.450000
 20
-75.100000
  0
TEXT
  8
2
 10
115.450000
 20
-75.100000
 40
0.250000
 50
0.000000
  1
#1
  0
POINT
  8
2
 10
126.150000
 20
66.700000
  0
TEXT
  8
2
 10
126.150000
 20
66.700000
 40
0.250000
 50
0.000000
  1
#1
  0
POINT
  8
2
 10
-71.650000
 20
-128.600000
  0
POINT
  8
3
 10
-76.650000
 20
-107.500000
  0
POINT
  8
3
 10
-81.250000
 20
-85.500000
  0
POINT
  8
3
 10
-85.450000
 20
-63.300000
  0
POINT
  8
3
 10
-88.850000
 20
-41.000000
  0
POINT
  8
3
 10
-91.650000
 20
-18.700000
  0
POINT
  8
2
 10
-92.850000
 20
-7.200000
  0
POINT
  8
3
 10
-93.950000
 20
3.900000
  0
POINT
  8
3
 10
-95.250000
 20
33.200000
  0
POINT
  8
3
 10
-95.450000
 20
56.600000
  0
POINT
  8
2
 10
-95.250000
 20
68.200000
  0
POINT
  8
3
 10
-32.350000
 20
68.400000
  0
POINT
  8
2
 10
126.150000
 20
69.600000
  0
POINT
  8
2
 10
248.050000
 20
69.600000
  0
POINT
  8
3
 10
248.050000
 20
62.700000
  0
POINT
  8
3
 10
248.550000
 20
53.700000
  0
POINT
  8
3
 10
248.850000
 20
39.700000
  0
POINT
  8
3
 10
249.950000
 20
23.200000
  0
POINT
  8
3
 10
251.050000
 20
10.300000
  0
POINT
  8
2
 10
251.650000
 20
3.900000
  0
POINT
  8
3
 10
252.250000
 20
-1.800000
  0
POINT
  8
3
 10
253.350000
 20
-9.100000
  0
POINT
  8
3
 10
254.550000
 20
-18.000000
  0
POINT
  8
3
 10
256.250000
 20
-28.100000
  0
POINT
  8
2
 10
258.250000
 20
-39.200000
  0
POINT
  8
2
 10
117.050000
 20
-77.500000
  0
POINT
  8
2
 10
-71.650000
 20
-128.600000
  0
POINT
  8
4
 10
261.550000
 20
4.900000
 30
2.500000
 50
184.763600
  0
POINT
  8
13
 10
-89.850000
 20
-7.200000
  0
TEXT
  8
13
 10
-89.850000
 20
-7.200000
 40
0.250000
 50
0.000000
  1
#1
  0
POINT
  8
13
 10
115.450000
 20
-75.100000
  0
TEXT
  8
13
 10
115.450000
 20
-75.100000
 40
0.250000
 50
0.000000
  1
#1
  0
POINT
  8
13
 10
126.150000
 20
66.700000
  0
TEXT
  8
13
 10
126.150000
 20
66.700000
 40
0.250000
 50
0.000000
  1
#1
  0
LINE
  8
5
 10
99.250000
 20
0.000000
 11
-13.950000
 21
0.000000
  0
LINE
  8
7
 10
99.250000
 20
0.000000
 11
-13.950000
 21
0.000000
  0
TEXT
  8
15
 10
-79.050000
 20
-33.800000
 40
12.224240
 50
279.839100
  1
CLEAN CUT
  0
TEXT
  8
15
 10
-31.750000
 20
60.900000
 40
7.981819
 50
0.000000
  1
BACK CENTER
  0
TEXT
  8
15
 10
164.450000
 20
-54.400000
 40
13.748450
 50
196.238000
  1
CLEAN CUT
  0
TEXT
  8
15
 10
216.050000
 20
59.300000
 40
6.000000
 50
0.000000
  1
Zip
  0
TEXT
  8
15
 10
244.850000
 20
17.000000
 40
9.000000
 50
270.000000
  1
HIGH
  0
TEXT
  8
15
 10
38.350000
 20
66.300000
 40
8.888888
 50
0.000000
  1
CLEAN CUT
  0
TEXT
  8
1
 10
4.200000
 20
17.700000
 40
10.000000
 50
0.000000
  1
Piece Name: RIGHT BK 1P
  0
TEXT
  8
1
 10
4.200000
 20
28.700000
 40
10.000000
 50
0.000000
  1
Size: 42
  0
TEXT
  8
1
 10
4.200000
 20
39.700000
 40
10.000000
 50
0.000000
  1
Annotation: RIGHT BK 1P
  0
TEXT
  8
1
 10
4.200000
 20
50.700000
 40
10.000000
 50
0.000000
  1
Quantity: 1
  0
TEXT
  8
1
 10
4.200000
 20
61.700000
 40
10.000000
 50
0.000000
  1
Material: LEATHER
  0
ENDBLK
  0
BLOCK
  8
1
  2
RIGHT BACK 1P
 70
     0
 10
0.00
 20
0.00
  0
POLYLINE
  8
84
 66
     1
 70
     1
  0
VERTEX
  8
84
 10
226.050000
 20
68.200000
  0
VERTEX
  8
84
 10
225.950000
 20
56.600000
  0
VERTEX
  8
84
 10
226.150000
 20
33.200000
  0
VERTEX
  8
84
 10
227.450000
 20
4.300000
  0
VERTEX
  8
84
 10
228.550000
 20
-6.300000
  0
VERTEX
  8
84
 10
229.750000
 20
-17.700000
  0
VERTEX
  8
84
 10
232.550000
 20
-39.800000
  0
VERTEX
  8
84
 10
235.850000
 20
-61.800000
  0
VERTEX
  8
84
 10
240.050000
 20
-83.700000
  0
VERTEX
  8
84
 10
244.550000
 20
-105.500000
  0
VERTEX
  8
84
 10
249.550000
 20
-126.100000
  0
VERTEX
  8
84
 10
239.850000
 20
-128.600000
  0
VERTEX
  8
84
 10
167.450000
 20
-148.200000
  0
VERTEX
  8
84
 10
-102.050000
 20
-221.100000
  0
VERTEX
  8
84
 10
-107.150000
 20
-200.100000
  0
VERTEX
  8
84
 10
-112.550000
 20
-172.800000
  0
VERTEX
  8
84
 10
-117.550000
 20
-145.200000
  0
VERTEX
  8
84
 10
-121.650000
 20
-117.600000
  0
VERTEX
  8
84
 10
-125.250000
 20
-89.900000
  0
VERTEX
  8
84
 10
-127.950000
 20
-64.700000
  0
VERTEX
  8
84
 10
-130.250000
 20
-39.500000
  0
VERTEX
  8
84
 10
-131.550000
 20
-20.800000
  0
VERTEX
  8
84
 10
-132.550000
 20
-2.000000
  0
VERTEX
  8
84
 10
-133.150000
 20
17.000000
  0
VERTEX
  8
84
 10
-133.150000
 20
68.100000
  0
VERTEX
  8
84
 10
-15.050000
 20
68.000000
  0
VERTEX
  8
84
 10
123.550000
 20
67.900000
  0
VERTEX
  8
84
 10
226.050000
 20
68.200000
  0
SEQEND
  0
POLYLINE
  8
1
 66
     1
 70
     1
  0
VERTEX
  8
1
 10
226.050000
 20
68.200000
  0
VERTEX
  8
1
 10
225.950000
 20
56.600000
  0
VERTEX
  8
1
 10
226.150000
 20
33.200000
  0
VERTEX
  8
1
 10
227.450000
 20
4.300000
  0
VERTEX
  8
1
 10
228.550000
 20
-6.300000
  0
VERTEX
  8
1
 10
229.750000
 20
-17.700000
  0
VERTEX
  8
1
 10
232.550000
 20
-39.800000
  0
VERTEX
  8
1
 10
235.850000
 20
-61.800000
  0
VERTEX
  8
1
 10
240.050000
 20
-83.700000
  0
VERTEX
  8
1
 10
244.550000
 20
-105.500000
  0
VERTEX
  8
1
 10
249.550000
 20
-126.100000
  0
VERTEX
  8
1
 10
239.850000
 20
-128.600000
  0
VERTEX
  8
1
 10
167.450000
 20
-148.200000
  0
VERTEX
  8
1
 10
-102.050000
 20
-221.100000
  0
VERTEX
  8
1
 10
-107.150000
 20
-200.100000
  0
VERTEX
  8
1
 10
-112.550000
 20
-172.800000
  0
VERTEX
  8
1
 10
-117.550000
 20
-145.200000
  0
VERTEX
  8
1
 10
-121.650000
 20
-117.600000
  0
VERTEX
  8
1
 10
-125.250000
 20
-89.900000
  0
VERTEX
  8
1
 10
-127.950000
 20
-64.700000
  0
VERTEX
  8
1
 10
-130.250000
 20
-39.500000
  0
VERTEX
  8
1
 10
-131.550000
 20
-20.800000
  0
VERTEX
  8
1
 10
-132.550000
 20
-2.000000
  0
VERTEX
  8
1
 10
-133.150000
 20
17.000000
  0
VERTEX
  8
1
 10
-133.150000
 20
68.100000
  0
VERTEX
  8
1
 10
-15.050000
 20
68.000000
  0
VERTEX
  8
1
 10
123.550000
 20
67.900000
  0
VERTEX
  8
1
 10
226.050000
 20
68.200000
  0
SEQEND
  0
POLYLINE
  8
87
 66
     1
  0
VERTEX
  8
87
 10
216.050000
 20
68.100000
  0
VERTEX
  8
87
 10
216.050000
 20
56.600000
  0
VERTEX
  8
87
 10
216.250000
 20
33.000000
  0
VERTEX
  8
87
 10
217.550000
 20
3.600000
  0
VERTEX
  8
87
 10
218.650000
 20
-7.300000
  0
VERTEX
  8
87
 10
219.850000
 20
-18.800000
  0
VERTEX
  8
87
 10
222.650000
 20
-41.100000
  0
VERTEX
  8
87
 10
226.050000
 20
-63.400000
  0
VERTEX
  8
87
 10
230.250000
 20
-85.600000
  0
VERTEX
  8
87
 10
234.850000
 20
-107.600000
  0
VERTEX
  8
87
 10
239.850000
 20
-128.600000
  0
VERTEX
  8
87
 10
167.450000
 20
-148.200000
  0
VERTEX
  8
87
 10
-102.050000
 20
-221.100000
  0
VERTEX
  8
87
 10
-107.150000
 20
-200.100000
  0
VERTEX
  8
87
 10
-112.550000
 20
-172.800000
  0
VERTEX
  8
87
 10
-117.550000
 20
-145.200000
  0
VERTEX
  8
87
 10
-121.650000
 20
-117.600000
  0
VERTEX
  8
87
 10
-125.250000
 20
-89.900000
  0
VERTEX
  8
87
 10
-127.950000
 20
-64.700000
  0
VERTEX
  8
87
 10
-130.250000
 20
-39.500000
  0
VERTEX
  8
87
 10
-131.550000
 20
-20.800000
  0
VERTEX
  8
87
 10
-132.550000
 20
-2.000000
  0
VERTEX
  8
87
 10
-133.150000
 20
17.000000
  0
VERTEX
  8
87
 10
-133.150000
 20
68.100000
  0
VERTEX
  8
87
 10
-15.050000
 20
68.000000
  0
VERTEX
  8
87
 10
123.550000
 20
67.900000
  0
VERTEX
  8
87
 10
216.050000
 20
68.100000
  0
SEQEND
  0
POLYLINE
  8
14
 66
     1
  0
VERTEX
  8
14
 10
216.050000
 20
68.100000
  0
VERTEX
  8
14
 10
216.050000
 20
56.600000
  0
VERTEX
  8
14
 10
216.250000
 20
33.000000
  0
VERTEX
  8
14
 10
217.550000
 20
3.600000
  0
VERTEX
  8
14
 10
218.650000
 20
-7.300000
  0
VERTEX
  8
14
 10
219.850000
 20
-18.800000
  0
VERTEX
  8
14
 10
222.650000
 20
-41.100000
  0
VERTEX
  8
14
 10
226.050000
 20
-63.400000
  0
VERTEX
  8
14
 10
230.250000
 20
-85.600000
  0
VERTEX
  8
14
 10
234.850000
 20
-107.600000
  0
VERTEX
  8
14
 10
239.850000
 20
-128.600000
  0
VERTEX
  8
14
 10
167.450000
 20
-148.200000
  0
VERTEX
  8
14
 10
-102.050000
 20
-221.100000
  0
VERTEX
  8
14
 10
-107.150000
 20
-200.100000
  0
VERTEX
  8
14
 10
-112.550000
 20
-172.800000
  0
VERTEX
  8
14
 10
-117.550000
 20
-145.200000
  0
VERTEX
  8
14
 10
-121.650000
 20
-117.600000
  0
VERTEX
  8
14
 10
-125.250000
 20
-89.900000
  0
VERTEX
  8
14
 10
-127.950000
 20
-64.700000
  0
VERTEX
  8
14
 10
-130.250000
 20
-39.500000
  0
VERTEX
  8
14
 10
-131.550000
 20
-20.800000
  0
VERTEX
  8
14
 10
-132.550000
 20
-2.000000
  0
VERTEX
  8
14
 10
-133.150000
 20
17.000000
  0
VERTEX
  8
14
 10
-133.150000
 20
68.100000
  0
VERTEX
  8
14
 10
-15.050000
 20
68.000000
  0
VERTEX
  8
14
 10
123.550000
 20
67.900000
  0
VERTEX
  8
14
 10
216.050000
 20
68.100000
  0
SEQEND
  0
POINT
  8
2
 10
226.050000
 20
68.200000
  0
POINT
  8
3
 10
225.950000
 20
56.600000
  0
POINT
  8
3
 10
226.150000
 20
33.200000
  0
POINT
  8
3
 10
227.450000
 20
4.300000
  0
POINT
  8
2
 10
228.550000
 20
-6.300000
  0
POINT
  8
3
 10
229.750000
 20
-17.700000
  0
POINT
  8
3
 10
232.550000
 20
-39.800000
  0
POINT
  8
3
 10
235.850000
 20
-61.800000
  0
POINT
  8
3
 10
240.050000
 20
-83.700000
  0
POINT
  8
3
 10
244.550000
 20
-105.500000
  0
POINT
  8
2
 10
249.550000
 20
-126.100000
  0
POINT
  8
2
 10
239.850000
 20
-128.600000
  0
POINT
  8
2
 10
167.450000
 20
-148.200000
  0
POINT
  8
2
 10
-102.050000
 20
-221.100000
  0
POINT
  8
3
 10
-107.150000
 20
-200.100000
  0
POINT
  8
3
 10
-112.550000
 20
-172.800000
  0
POINT
  8
3
 10
-117.550000
 20
-145.200000
  0
POINT
  8
3
 10
-121.650000
 20
-117.600000
  0
POINT
  8
3
 10
-125.250000
 20
-89.900000
  0
POINT
  8
3
 10
-127.950000
 20
-64.700000
  0
POINT
  8
3
 10
-130.250000
 20
-39.500000
  0
POINT
  8
3
 10
-131.550000
 20
-20.800000
  0
POINT
  8
3
 10
-132.550000
 20
-2.000000
  0
POINT
  8
2
 10
-133.150000
 20
17.000000
  0
POINT
  8
2
 10
-133.150000
 20
68.100000
  0
POINT
  8
3
 10
-15.050000
 20
68.000000
  0
POINT
  8
3
 10
123.550000
 20
67.900000
  0
POINT
  8
2
 10
226.050000
 20
68.200000
  0
POINT
  8
2
 10
228.550000
 20
-6.300000
 39
2.500000
 50
184.763600
  0
POINT
  8
2
 10
166.350000
 20
-145.500000
  0
TEXT
  8
2
 10
166.350000
 20
-145.500000
 40
0.250000
 50
0.000000
  1
#1
  0
POINT
  8
2
 10
216.050000
 20
68.100000
  0
POINT
  8
3
 10
216.050000
 20
56.600000
  0
POINT
  8
3
 10
216.250000
 20
33.000000
  0
POINT
  8
3
 10
217.550000
 20
3.600000
  0
POINT
  8
2
 10
218.650000
 20
-7.300000
  0
POINT
  8
3
 10
219.850000
 20
-18.800000
  0
POINT
  8
3
 10
222.650000
 20
-41.100000
  0
POINT
  8
3
 10
226.050000
 20
-63.400000
  0
POINT
  8
3
 10
230.250000
 20
-85.600000
  0
POINT
  8
3
 10
234.850000
 20
-107.600000
  0
POINT
  8
2
 10
239.850000
 20
-128.600000
  0
POINT
  8
2
 10
167.450000
 20
-148.200000
  0
POINT
  8
2
 10
-102.050000
 20
-221.100000
  0
POINT
  8
3
 10
-107.150000
 20
-200.100000
  0
POINT
  8
3
 10
-112.550000
 20
-172.800000
  0
POINT
  8
3
 10
-117.550000
 20
-145.200000
  0
POINT
  8
3
 10
-121.650000
 20
-117.600000
  0
POINT
  8
3
 10
-125.250000
 20
-89.900000
  0
POINT
  8
3
 10
-127.950000
 20
-64.700000
  0
POINT
  8
3
 10
-130.250000
 20
-39.500000
  0
POINT
  8
3
 10
-131.550000
 20
-20.800000
  0
POINT
  8
3
 10
-132.550000
 20
-2.000000
  0
POINT
  8
2
 10
-133.150000
 20
17.000000
  0
POINT
  8
2
 10
-133.150000
 20
68.100000
  0
POINT
  8
3
 10
-15.050000
 20
68.000000
  0
POINT
  8
3
 10
123.550000
 20
67.900000
  0
POINT
  8
2
 10
216.050000
 20
68.100000
  0
POINT
  8
4
 10
228.550000
 20
-6.300000
 30
2.500000
 50
184.763600
  0
POINT
  8
13
 10
166.350000
 20
-145.500000
  0
TEXT
  8
13
 10
166.350000
 20
-145.500000
 40
0.250000
 50
0.000000
  1
#1
  0
LINE
  8
5
 10
130.350000
 20
0.000000
 11
-45.050000
 21
0.000000
  0
LINE
  8
7
 10
130.350000
 20
0.000000
 11
-45.050000
 21
0.000000
  0
TEXT
  8
15
 10
205.750000
 20
-19.200000
 40
12.900000
 50
270.000000
  1
HIGH
  0
TEXT
  8
15
 10
36.250000
 20
60.000000
 40
13.763640
 50
0.000000
  1
BACK CENTER
  0
TEXT
  8
15
 10
150.650000
 20
-146.500000
 40
13.748450
 50
196.238000
  1
CLEAN CUT
  0
TEXT
  8
15
 10
-120.450000
 20
-47.500000
 40
16.434010
 50
278.710800
  1
CLEAN CUT
  0
TEXT
  8
15
 10
131.650000
 20
61.800000
 40
11.111110
 50
0.000000
  1
CLEAN CUT
  0
TEXT
  8
1
 10
4.200000
 20
17.700000
 40
10.000000
 50
0.000000
  1
Piece Name: RIGHT BACK 1P
  0
TEXT
  8
1
 10
4.200000
 20
28.700000
 40
10.000000
 50
0.000000
  1
Size: 42
  0
TEXT
  8
1
 10
4.200000
 20
39.700000
 40
10.000000
 50
0.000000
  1
Annotation: RIGHT BACK 1P
  0
TEXT
  8
1
 10
4.200000
 20
50.700000
 40
10.000000
 50
0.000000
  1
Quantity: 1
  0
TEXT
  8
1
 10
4.200000
 20
61.700000
 40
10.000000
 50
0.000000
  1
Material: LEATHER
  0
ENDBLK
  0
BLOCK
  8
1
  2
LEFT BK 1P
 70
     0
 10
0.00
 20
0.00
  0
POLYLINE
  8
84
 66
     1
 70
     1
  0
VERTEX
  8
84
 10
-71.650000
 20
128.600000
  0
VERTEX
  8
84
 10
117.050000
 20
77.500000
  0
VERTEX
  8
84
 10
267.950000
 20
36.600000
  0
VERTEX
  8
84
 10
266.050000
 20
26.400000
  0
VERTEX
  8
84
 10
264.450000
 20
16.600000
  0
VERTEX
  8
84
 10
263.250000
 20
7.700000
  0
VERTEX
  8
84
 10
262.150000
 20
0.600000
  0
VERTEX
  8
84
 10
261.550000
 20
-4.900000
  0
VERTEX
  8
84
 10
260.950000
 20
-11.200000
  0
VERTEX
  8
84
 10
259.850000
 20
-23.900000
  0
VERTEX
  8
84
 10
258.750000
 20
-40.100000
  0
VERTEX
  8
84
 10
258.450000
 20
-54.000000
  0
VERTEX
  8
84
 10
258.050000
 20
-62.900000
  0
VERTEX
  8
84
 10
258.050000
 20
-69.600000
  0
VERTEX
  8
84
 10
126.150000
 20
-69.600000
  0
VERTEX
  8
84
 10
126.150000
 20
-79.200000
  0
VERTEX
  8
84
 10
-32.350000
 20
-78.400000
  0
VERTEX
  8
84
 10
-95.250000
 20
-78.200000
  0
VERTEX
  8
84
 10
-95.350000
 20
-68.200000
  0
VERTEX
  8
84
 10
-95.450000
 20
-56.600000
  0
VERTEX
  8
84
 10
-95.250000
 20
-33.200000
  0
VERTEX
  8
84
 10
-93.950000
 20
-3.900000
  0
VERTEX
  8
84
 10
-92.850000
 20
7.200000
  0
VERTEX
  8
84
 10
-91.650000
 20
18.700000
  0
VERTEX
  8
84
 10
-88.850000
 20
41.000000
  0
VERTEX
  8
84
 10
-85.450000
 20
63.300000
  0
VERTEX
  8
84
 10
-81.250000
 20
85.500000
  0
VERTEX
  8
84
 10
-76.650000
 20
107.500000
  0
VERTEX
  8
84
 10
-71.650000
 20
128.600000
  0
SEQEND
  0
POLYLINE
  8
1
 66
     1
 70
     1
  0
VERTEX
  8
1
 10
-71.650000
 20
128.600000
  0
VERTEX
  8
1
 10
117.050000
 20
77.500000
  0
VERTEX
  8
1
 10
267.950000
 20
36.600000
  0
VERTEX
  8
1
 10
266.050000
 20
26.400000
  0
VERTEX
  8
1
 10
264.450000
 20
16.600000
  0
VERTEX
  8
1
 10
263.250000
 20
7.700000
  0
VERTEX
  8
1
 10
262.150000
 20
0.600000
  0
VERTEX
  8
1
 10
261.550000
 20
-4.900000
  0
VERTEX
  8
1
 10
260.950000
 20
-11.200000
  0
VERTEX
  8
1
 10
259.850000
 20
-23.900000
  0
VERTEX
  8
1
 10
258.750000
 20
-40.100000
  0
VERTEX
  8
1
 10
258.450000
 20
-54.000000
  0
VERTEX
  8
1
 10
258.050000
 20
-62.900000
  0
VERTEX
  8
1
 10
258.050000
 20
-69.600000
  0
VERTEX
  8
1
 10
126.150000
 20
-69.600000
  0
VERTEX
  8
1
 10
126.150000
 20
-79.200000
  0
VERTEX
  8
1
 10
-32.350000
 20
-78.400000
  0
VERTEX
  8
1
 10
-95.250000
 20
-78.200000
  0
VERTEX
  8
1
 10
-95.350000
 20
-68.200000
  0
VERTEX
  8
1
 10
-95.450000
 20
-56.600000
  0
VERTEX
  8
1
 10
-95.250000
 20
-33.200000
  0
VERTEX
  8
1
 10
-93.950000
 20
-3.900000
  0
VERTEX
  8
1
 10
-92.850000
 20
7.200000
  0
VERTEX
  8
1
 10
-91.650000
 20
18.700000
  0
VERTEX
  8
1
 10
-88.850000
 20
41.000000
  0
VERTEX
  8
1
 10
-85.450000
 20
63.300000
  0
VERTEX
  8
1
 10
-81.250000
 20
85.500000
  0
VERTEX
  8
1
 10
-76.650000
 20
107.500000
  0
VERTEX
  8
1
 10
-71.650000
 20
128.600000
  0
SEQEND
  0
POLYLINE
  8
87
 66
     1
  0
VERTEX
  8
87
 10
126.150000
 20
-69.600000
  0
VERTEX
  8
87
 10
-32.350000
 20
-68.500000
  0
VERTEX
  8
87
 10
-95.350000
 20
-68.200000
  0
VERTEX
  8
87
 10
-95.450000
 20
-56.600000
  0
VERTEX
  8
87
 10
-95.250000
 20
-33.200000
  0
VERTEX
  8
87
 10
-93.950000
 20
-3.900000
  0
VERTEX
  8
87
 10
-92.850000
 20
7.200000
  0
VERTEX
  8
87
 10
-91.650000
 20
18.700000
  0
VERTEX
  8
87
 10
-88.850000
 20
41.000000
  0
VERTEX
  8
87
 10
-85.450000
 20
63.300000
  0
VERTEX
  8
87
 10
-81.250000
 20
85.500000
  0
VERTEX
  8
87
 10
-76.650000
 20
107.500000
  0
VERTEX
  8
87
 10
-71.650000
 20
128.600000
  0
VERTEX
  8
87
 10
117.050000
 20
77.500000
  0
VERTEX
  8
87
 10
258.250000
 20
39.300000
  0
VERTEX
  8
87
 10
256.250000
 20
28.100000
  0
VERTEX
  8
87
 10
254.550000
 20
18.000000
  0
VERTEX
  8
87
 10
253.350000
 20
9.100000
  0
VERTEX
  8
87
 10
252.250000
 20
1.800000
  0
VERTEX
  8
87
 10
251.650000
 20
-3.900000
  0
VERTEX
  8
87
 10
251.050000
 20
-10.300000
  0
VERTEX
  8
87
 10
249.950000
 20
-23.200000
  0
VERTEX
  8
87
 10
248.850000
 20
-39.700000
  0
VERTEX
  8
87
 10
248.550000
 20
-53.700000
  0
VERTEX
  8
87
 10
248.050000
 20
-62.700000
  0
VERTEX
  8
87
 10
248.050000
 20
-69.600000
  0
VERTEX
  8
87
 10
126.150000
 20
-69.600000
  0
SEQEND
  0
POLYLINE
  8
14
 66
     1
  0
VERTEX
  8
14
 10
126.150000
 20
-69.600000
  0
VERTEX
  8
14
 10
-32.350000
 20
-68.500000
  0
VERTEX
  8
14
 10
-95.350000
 20
-68.200000
  0
VERTEX
  8
14
 10
-95.450000
 20
-56.600000
  0
VERTEX
  8
14
 10
-95.250000
 20
-33.200000
  0
VERTEX
  8
14
 10
-93.950000
 20
-3.900000
  0
VERTEX
  8
14
 10
-92.850000
 20
7.200000
  0
VERTEX
  8
14
 10
-91.650000
 20
18.700000
  0
VERTEX
  8
14
 10
-88.850000
 20
41.000000
  0
VERTEX
  8
14
 10
-85.450000
 20
63.300000
  0
VERTEX
  8
14
 10
-81.250000
 20
85.500000
  0
VERTEX
  8
14
 10
-76.650000
 20
107.500000
  0
VERTEX
  8
14
 10
-71.650000
 20
128.600000
  0
VERTEX
  8
14
 10
117.050000
 20
77.500000
  0
VERTEX
  8
14
 10
258.250000
 20
39.300000
  0
VERTEX
  8
14
 10
256.250000
 20
28.100000
  0
VERTEX
  8
14
 10
254.550000
 20
18.000000
  0
VERTEX
  8
14
 10
253.350000
 20
9.100000
  0
VERTEX
  8
14
 10
252.250000
 20
1.800000
  0
VERTEX
  8
14
 10
251.650000
 20
-3.900000
  0
VERTEX
  8
14
 10
251.050000
 20
-10.300000
  0
VERTEX
  8
14
 10
249.950000
 20
-23.200000
  0
VERTEX
  8
14
 10
248.850000
 20
-39.700000
  0
VERTEX
  8
14
 10
248.550000
 20
-53.700000
  0
VERTEX
  8
14
 10
248.050000
 20
-62.700000
  0
VERTEX
  8
14
 10
248.050000
 20
-69.600000
  0
VERTEX
  8
14
 10
126.150000
 20
-69.600000
  0
SEQEND
  0
POINT
  8
2
 10
-71.650000
 20
128.600000
  0
POINT
  8
2
 10
117.050000
 20
77.500000
  0
POINT
  8
2
 10
267.950000
 20
36.600000
  0
POINT
  8
3
 10
266.050000
 20
26.400000
  0
POINT
  8
3
 10
264.450000
 20
16.600000
  0
POINT
  8
3
 10
263.250000
 20
7.700000
  0
POINT
  8
3
 10
262.150000
 20
0.600000
  0
POINT
  8
2
 10
261.550000
 20
-4.900000
  0
POINT
  8
3
 10
260.950000
 20
-11.200000
  0
POINT
  8
3
 10
259.850000
 20
-23.900000
  0
POINT
  8
3
 10
258.750000
 20
-40.100000
  0
POINT
  8
3
 10
258.450000
 20
-54.000000
  0
POINT
  8
3
 10
258.050000
 20
-62.900000
  0
POINT
  8
2
 10
258.050000
 20
-69.600000
  0
POINT
  8
2
 10
126.150000
 20
-69.600000
  0
POINT
  8
2
 10
126.150000
 20
-79.200000
  0
POINT
  8
3
 10
-32.350000
 20
-78.400000
  0
POINT
  8
2
 10
-95.250000
 20
-78.200000
  0
POINT
  8
2
 10
-95.350000
 20
-68.200000
  0
POINT
  8
3
 10
-95.450000
 20
-56.600000
  0
POINT
  8
3
 10
-95.250000
 20
-33.200000
  0
POINT
  8
3
 10
-93.950000
 20
-3.900000
  0
POINT
  8
2
 10
-92.850000
 20
7.200000
  0
POINT
  8
3
 10
-91.650000
 20
18.700000
  0
POINT
  8
3
 10
-88.850000
 20
41.000000
  0
POINT
  8
3
 10
-85.450000
 20
63.300000
  0
POINT
  8
3
 10
-81.250000
 20
85.500000
  0
POINT
  8
3
 10
-76.650000
 20
107.500000
  0
POINT
  8
2
 10
-71.650000
 20
128.600000
  0
POINT
  8
2
 10
261.550000
 20
-4.900000
 39
2.500000
 50
175.236400
  0
POINT
  8
2
 10
-89.850000
 20
7.200000
  0
TEXT
  8
2
 10
-89.850000
 20
7.200000
 40
0.250000
 50
0.000000
  1
#1
  0
POINT
  8
2
 10
115.450000
 20
75.100000
  0
TEXT
  8
2
 10
115.450000
 20
75.100000
 40
0.250000
 50
0.000000
  1
#1
  0
POINT
  8
2
 10
126.150000
 20
-69.600000
  0
POINT
  8
3
 10
-32.350000
 20
-68.500000
  0
POINT
  8
2
 10
-95.350000
 20
-68.200000
  0
POINT
  8
3
 10
-95.450000
 20
-56.600000
  0
POINT
  8
3
 10
-95.250000
 20
-33.200000
  0
POINT
  8
3
 10
-93.950000
 20
-3.900000
  0
POINT
  8
2
 10
-92.850000
 20
7.200000
  0
POINT
  8
3
 10
-91.650000
 20
18.700000
  0
POINT
  8
3
 10
-88.850000
 20
41.000000
  0
POINT
  8
3
 10
-85.450000
 20
63.300000
  0
POINT
  8
3
 10
-81.250000
 20
85.500000
  0
POINT
  8
3
 10
-76.650000
 20
107.500000
  0
POINT
  8
2
 10
-71.650000
 20
128.600000
  0
POINT
  8
2
 10
117.050000
 20
77.500000
  0
POINT
  8
2
 10
258.250000
 20
39.300000
  0
POINT
  8
3
 10
256.250000
 20
28.100000
  0
POINT
  8
3
 10
254.550000
 20
18.000000
  0
POINT
  8
3
 10
253.350000
 20
9.100000
  0
POINT
  8
3
 10
252.250000
 20
1.800000
  0
POINT
  8
2
 10
251.650000
 20
-3.900000
  0
POINT
  8
3
 10
251.050000
 20
-10.300000
  0
POINT
  8
3
 10
249.950000
 20
-23.200000
  0
POINT
  8
3
 10
248.850000
 20
-39.700000
  0
POINT
  8
3
 10
248.550000
 20
-53.700000
  0
POINT
  8
3
 10
248.050000
 20
-62.700000
  0
POINT
  8
2
 10
248.050000
 20
-69.600000
  0
POINT
  8
2
 10
126.150000
 20
-69.600000
  0
POINT
  8
4
 10
261.550000
 20
-4.900000
 30
2.500000
 50
175.236400
  0
POINT
  8
13
 10
-89.850000
 20
7.200000
  0
TEXT
  8
13
 10
-89.850000
 20
7.200000
 40
0.250000
 50
0.000000
  1
#1
  0
POINT
  8
13
 10
115.450000
 20
75.100000
  0
TEXT
  8
13
 10
115.450000
 20
75.100000
 40
0.250000
 50
0.000000
  1
#1
  0
LINE
  8
5
 10
99.250000
 20
0.000000
 11
-13.950000
 21
0.000000
  0
LINE
  8
7
 10
99.250000
 20
0.000000
 11
-13.950000
 21
0.000000
  0
TEXT
  8
15
 10
-69.650000
 20
88.000000
 40
12.224240
 50
260.160900
  1
CLEAN CUT
  0
TEXT
  8
15
 10
12.150000
 20
-60.900000
 40
7.981819
 50
180.000000
  1
BACK CENTER
  0
TEXT
  8
15
 10
105.050000
 20
71.700000
 40
13.748450
 50
343.762000
  1
CLEAN CUT
  0
TEXT
  8
15
 10
225.050000
 20
-59.300000
 40
6.000000
 50
180.000000
  1
Zip
  0
TEXT
  8
15
 10
244.850000
 20
1.000000
 40
9.000000
 50
270.000000
  1
HIGH
  0
TEXT
  8
1
 10
4.200000
 20
17.700000
 40
10.000000
 50
0.000000
  1
Piece Name: LEFT BK 1P
  0
TEXT
  8
1
 10
4.200000
 20
28.700000
 40
10.000000
 50
0.000000
  1
Size: 42
  0
TEXT
  8
1
 10
4.200000
 20
39.700000
 40
10.000000
 50
0.000000
  1
Annotation: LEFT BK 1P
  0
TEXT
  8
1
 10
4.200000
 20
50.700000
 40
10.000000
 50
0.000000
  1
Quantity: 1
  0
TEXT
  8
1
 10
4.200000
 20
61.700000
 40
10.000000
 50
0.000000
  1
Material: LEATHER
  0
ENDBLK
  0
BLOCK
  8
1
  2
LEFT BACK 1P
 70
     0
 10
0.00
 20
0.00
  0
POLYLINE
  8
84
 66
     1
 70
     1
  0
VERTEX
  8
84
 10
226.050000
 20
-78.200000
  0
VERTEX
  8
84
 10
216.250000
 20
-78.200000
  0
VERTEX
  8
84
 10
123.550000
 20
-77.900000
  0
VERTEX
  8
84
 10
-15.050000
 20
-78.000000
  0
VERTEX
  8
84
 10
-133.150000
 20
-78.100000
  0
VERTEX
  8
84
 10
-133.150000
 20
-17.000000
  0
VERTEX
  8
84
 10
-132.550000
 20
2.000000
  0
VERTEX
  8
84
 10
-131.550000
 20
20.800000
  0
VERTEX
  8
84
 10
-130.250000
 20
39.500000
  0
VERTEX
  8
84
 10
-127.950000
 20
64.700000
  0
VERTEX
  8
84
 10
-125.250000
 20
89.900000
  0
VERTEX
  8
84
 10
-121.650000
 20
117.600000
  0
VERTEX
  8
84
 10
-117.550000
 20
145.200000
  0
VERTEX
  8
84
 10
-112.550000
 20
172.800000
  0
VERTEX
  8
84
 10
-107.150000
 20
200.100000
  0
VERTEX
  8
84
 10
-102.050000
 20
221.100000
  0
VERTEX
  8
84
 10
167.450000
 20
148.200000
  0
VERTEX
  8
84
 10
239.850000
 20
128.600000
  0
VERTEX
  8
84
 10
249.550000
 20
126.100000
  0
VERTEX
  8
84
 10
244.550000
 20
105.500000
  0
VERTEX
  8
84
 10
240.050000
 20
83.700000
  0
VERTEX
  8
84
 10
235.850000
 20
61.800000
  0
VERTEX
  8
84
 10
232.550000
 20
39.800000
  0
VERTEX
  8
84
 10
229.750000
 20
17.700000
  0
VERTEX
  8
84
 10
228.550000
 20
6.300000
  0
VERTEX
  8
84
 10
227.450000
 20
-4.300000
  0
VERTEX
  8
84
 10
226.150000
 20
-33.200000
  0
VERTEX
  8
84
 10
225.950000
 20
-56.600000
  0
VERTEX
  8
84
 10
226.050000
 20
-68.200000
  0
VERTEX
  8
84
 10
226.050000
 20
-78.200000
  0
SEQEND
  0
POLYLINE
  8
1
 66
     1
 70
     1
  0
VERTEX
  8
1
 10
226.050000
 20
-78.200000
  0
VERTEX
  8
1
 10
216.250000
 20
-78.200000
  0
VERTEX
  8
1
 10
123.550000
 20
-77.900000
  0
VERTEX
  8
1
 10
-15.050000
 20
-78.000000
  0
VERTEX
  8
1
 10
-133.150000
 20
-78.100000
  0
VERTEX
  8
1
 10
-133.150000
 20
-17.000000
  0
VERTEX
  8
1
 10
-132.550000
 20
2.000000
  0
VERTEX
  8
1
 10
-131.550000
 20
20.800000
  0
VERTEX
  8
1
 10
-130.250000
 20
39.500000
  0
VERTEX
  8
1
 10
-127.950000
 20
64.700000
  0
VERTEX
  8
1
 10
-125.250000
 20
89.900000
  0
VERTEX
  8
1
 10
-121.650000
 20
117.600000
  0
VERTEX
  8
1
 10
-117.550000
 20
145.200000
  0
VERTEX
  8
1
 10
-112.550000
 20
172.800000
  0
VERTEX
  8
1
 10
-107.150000
 20
200.100000
  0
VERTEX
  8
1
 10
-102.050000
 20
221.100000
  0
VERTEX
  8
1
 10
167.450000
 20
148.200000
  0
VERTEX
  8
1
 10
239.850000
 20
128.600000
  0
VERTEX
  8
1
 10
249.550000
 20
126.100000
  0
VERTEX
  8
1
 10
244.550000
 20
105.500000
  0
VERTEX
  8
1
 10
240.050000
 20
83.700000
  0
VERTEX
  8
1
 10
235.850000
 20
61.800000
  0
VERTEX
  8
1
 10
232.550000
 20
39.800000
  0
VERTEX
  8
1
 10
229.750000
 20
17.700000
  0
VERTEX
  8
1
 10
228.550000
 20
6.300000
  0
VERTEX
  8
1
 10
227.450000
 20
-4.300000
  0
VERTEX
  8
1
 10
226.150000
 20
-33.200000
  0
VERTEX
  8
1
 10
225.950000
 20
-56.600000
  0
VERTEX
  8
1
 10
226.050000
 20
-68.200000
  0
VERTEX
  8
1
 10
226.050000
 20
-78.200000
  0
SEQEND
  0
POLYLINE
  8
87
 66
     1
  0
VERTEX
  8
87
 10
216.050000
 20
-68.200000
  0
VERTEX
  8
87
 10
123.550000
 20
-68.000000
  0
VERTEX
  8
87
 10
-15.050000
 20
-68.100000
  0
VERTEX
  8
87
 10
-133.150000
 20
-68.100000
  0
VERTEX
  8
87
 10
-133.150000
 20
-17.000000
  0
VERTEX
  8
87
 10
-132.550000
 20
2.000000
  0
VERTEX
  8
87
 10
-131.550000
 20
20.800000
  0
VERTEX
  8
87
 10
-130.250000
 20
39.500000
  0
VERTEX
  8
87
 10
-127.950000
 20
64.700000
  0
VERTEX
  8
87
 10
-125.250000
 20
89.900000
  0
VERTEX
  8
87
 10
-121.650000
 20
117.600000
  0
VERTEX
  8
87
 10
-117.550000
 20
145.200000
  0
VERTEX
  8
87
 10
-112.550000
 20
172.800000
  0
VERTEX
  8
87
 10
-107.150000
 20
200.100000
  0
VERTEX
  8
87
 10
-102.050000
 20
221.100000
  0
VERTEX
  8
87
 10
167.450000
 20
148.200000
  0
VERTEX
  8
87
 10
239.850000
 20
128.600000
  0
VERTEX
  8
87
 10
234.850000
 20
107.600000
  0
VERTEX
  8
87
 10
230.250000
 20
85.600000
  0
VERTEX
  8
87
 10
226.050000
 20
63.400000
  0
VERTEX
  8
87
 10
222.650000
 20
41.100000
  0
VERTEX
  8
87
 10
219.850000
 20
18.800000
  0
VERTEX
  8
87
 10
218.650000
 20
7.300000
  0
VERTEX
  8
87
 10
217.550000
 20
-3.600000
  0
VERTEX
  8
87
 10
216.250000
 20
-33.000000
  0
VERTEX
  8
87
 10
216.050000
 20
-56.600000
  0
VERTEX
  8
87
 10
216.050000
 20
-68.200000
  0
SEQEND
  0
POLYLINE
  8
14
 66
     1
  0
VERTEX
  8
14
 10
216.050000
 20
-68.200000
  0
VERTEX
  8
14
 10
123.550000
 20
-68.000000
  0
VERTEX
  8
14
 10
-15.050000
 20
-68.100000
  0
VERTEX
  8
14
 10
-133.150000
 20
-68.100000
  0
VERTEX
  8
14
 10
-133.150000
 20
-17.000000
  0
VERTEX
  8
14
 10
-132.550000
 20
2.000000
  0
VERTEX
  8
14
 10
-131.550000
 20
20.800000
  0
VERTEX
  8
14
 10
-130.250000
 20
39.500000
  0
VERTEX
  8
14
 10
-127.950000
 20
64.700000
  0
VERTEX
  8
14
 10
-125.250000
 20
89.900000
  0
VERTEX
  8
14
 10
-121.650000
 20
117.600000
  0
VERTEX
  8
14
 10
-117.550000
 20
145.200000
  0
VERTEX
  8
14
 10
-112.550000
 20
172.800000
  0
VERTEX
  8
14
 10
-107.150000
 20
200.100000
  0
VERTEX
  8
14
 10
-102.050000
 20
221.100000
  0
VERTEX
  8
14
 10
167.450000
 20
148.200000
  0
VERTEX
  8
14
 10
239.850000
 20
128.600000
  0
VERTEX
  8
14
 10
234.850000
 20
107.600000
  0
VERTEX
  8
14
 10
230.250000
 20
85.600000
  0
VERTEX
  8
14
 10
226.050000
 20
63.400000
  0
VERTEX
  8
14
 10
222.650000
 20
41.100000
  0
VERTEX
  8
14
 10
219.850000
 20
18.800000
  0
VERTEX
  8
14
 10
218.650000
 20
7.300000
  0
VERTEX
  8
14
 10
217.550000
 20
-3.600000
  0
VERTEX
  8
14
 10
216.250000
 20
-33.000000
  0
VERTEX
  8
14
 10
216.050000
 20
-56.600000
  0
VERTEX
  8
14
 10
216.050000
 20
-68.200000
  0
SEQEND
  0
POINT
  8
2
 10
226.050000
 20
-78.200000
  0
POINT
  8
2
 10
216.250000
 20
-78.200000
  0
POINT
  8
3
 10
123.550000
 20
-77.900000
  0
POINT
  8
3
 10
-15.050000
 20
-78.000000
  0
POINT
  8
2
 10
-133.150000
 20
-78.100000
  0
POINT
  8
2
 10
-133.150000
 20
-17.000000
  0
POINT
  8
3
 10
-132.550000
 20
2.000000
  0
POINT
  8
3
 10
-131.550000
 20
20.800000
  0
POINT
  8
3
 10
-130.250000
 20
39.500000
  0
POINT
  8
3
 10
-127.950000
 20
64.700000
  0
POINT
  8
3
 10
-125.250000
 20
89.900000
  0
POINT
  8
3
 10
-121.650000
 20
117.600000
  0
POINT
  8
3
 10
-117.550000
 20
145.200000
  0
POINT
  8
3
 10
-112.550000
 20
172.800000
  0
POINT
  8
3
 10
-107.150000
 20
200.100000
  0
POINT
  8
2
 10
-102.050000
 20
221.100000
  0
POINT
  8
2
 10
167.450000
 20
148.200000
  0
POINT
  8
2
 10
239.850000
 20
128.600000
  0
POINT
  8
2
 10
249.550000
 20
126.100000
  0
POINT
  8
3
 10
244.550000
 20
105.500000
  0
POINT
  8
3
 10
240.050000
 20
83.700000
  0
POINT
  8
3
 10
235.850000
 20
61.800000
  0
POINT
  8
3
 10
232.550000
 20
39.800000
  0
POINT
  8
3
 10
229.750000
 20
17.700000
  0
POINT
  8
2
 10
228.550000
 20
6.300000
  0
POINT
  8
3
 10
227.450000
 20
-4.300000
  0
POINT
  8
3
 10
226.150000
 20
-33.200000
  0
POINT
  8
3
 10
225.950000
 20
-56.600000
  0
POINT
  8
2
 10
226.050000
 20
-68.200000
  0
POINT
  8
2
 10
226.050000
 20
-78.200000
  0
POINT
  8
2
 10
228.550000
 20
6.300000
 39
2.500000
 50
175.236400
  0
POINT
  8
2
 10
226.050000
 20
-68.200000
 39
2.500000
 50
180.000000
  0
POINT
  8
2
 10
166.350000
 20
145.500000
  0
TEXT
  8
2
 10
166.350000
 20
145.500000
 40
0.250000
 50
0.000000
  1
#1
  0
POINT
  8
2
 10
216.050000
 20
-68.200000
  0
POINT
  8
3
 10
123.550000
 20
-68.000000
  0
POINT
  8
3
 10
-15.050000
 20
-68.100000
  0
POINT
  8
2
 10
-133.150000
 20
-68.100000
  0
POINT
  8
2
 10
-133.150000
 20
-17.000000
  0
POINT
  8
3
 10
-132.550000
 20
2.000000
  0
POINT
  8
3
 10
-131.550000
 20
20.800000
  0
POINT
  8
3
 10
-130.250000
 20
39.500000
  0
POINT
  8
3
 10
-127.950000
 20
64.700000
  0
POINT
  8
3
 10
-125.250000
 20
89.900000
  0
POINT
  8
3
 10
-121.650000
 20
117.600000
  0
POINT
  8
3
 10
-117.550000
 20
145.200000
  0
POINT
  8
3
 10
-112.550000
 20
172.800000
  0
POINT
  8
3
 10
-107.150000
 20
200.100000
  0
POINT
  8
2
 10
-102.050000
 20
221.100000
  0
POINT
  8
2
 10
167.450000
 20
148.200000
  0
POINT
  8
2
 10
239.850000
 20
128.600000
  0
POINT
  8
3
 10
234.850000
 20
107.600000
  0
POINT
  8
3
 10
230.250000
 20
85.600000
  0
POINT
  8
3
 10
226.050000
 20
63.400000
  0
POINT
  8
3
 10
222.650000
 20
41.100000
  0
POINT
  8
3
 10
219.850000
 20
18.800000
  0
POINT
  8
2
 10
218.650000
 20
7.300000
  0
POINT
  8
3
 10
217.550000
 20
-3.600000
  0
POINT
  8
3
 10
216.250000
 20
-33.000000
  0
POINT
  8
3
 10
216.050000
 20
-56.600000
  0
POINT
  8
2
 10
216.050000
 20
-68.200000
  0
POINT
  8
4
 10
228.550000
 20
6.300000
 30
2.500000
 50
175.236400
  0
POINT
  8
4
 10
226.050000
 20
-68.200000
 30
2.500000
 50
180.000000
  0
POINT
  8
13
 10
166.350000
 20
145.500000
  0
TEXT
  8
13
 10
166.350000
 20
145.500000
 40
0.250000
 50
0.000000
  1
#1
  0
LINE
  8
5
 10
130.350000
 20
0.000000
 11
-45.050000
 21
0.000000
  0
LINE
  8
7
 10
130.350000
 20
0.000000
 11
-45.050000
 21
0.000000
  0
TEXT
  8
15
 10
205.750000
 20
45.000000
 40
12.900000
 50
270.000000
  1
HIGH
  0
TEXT
  8
15
 10
111.950000
 20
-60.000000
 40
13.763640
 50
180.000000
  1
BACK CENTER
  0
TEXT
  8
15
 10
91.250000
 20
163.800000
 40
13.748450
 50
343.762000
  1
CLEAN CUT
  0
TEXT
  8
15
 10
-109.250000
 20
120.600000
 40
16.434010
 50
261.289200
  1
CLEAN CUT
  0
TEXT
  8
1
 10
4.200000
 20
17.700000
 40
10.000000
 50
0.000000
  1
Piece Name: LEFT BACK 1P
  0
TEXT
  8
1
 10
4.200000
 20
28.700000
 40
10.000000
 50
0.000000
  1
Size: 42
  0
TEXT
  8
1
 10
4.200000
 20
39.700000
 40
10.000000
 50
0.000000
  1
Annotation: LEFT BACK 1P
  0
TEXT
  8
1
 10
4.200000
 20
50.700000
 40
10.000000
 50
0.000000
  1
Quantity: 1
  0
TEXT
  8
1
 10
4.200000
 20
61.700000
 40
10.000000
 50
0.000000
  1
Material: LEATHER
  0
ENDBLK
  0
BLOCK
  8
1
  2
BACK SIDE 2P
 70
     0
 10
0.00
 20
0.00
  0
POLYLINE
  8
84
 66
     1
 70
     1
  0
VERTEX
  8
84
 10
-8.450000
 20
164.600000
  0
VERTEX
  8
84
 10
70.350000
 20
118.400000
  0
VERTEX
  8
84
 10
157.950000
 20
66.800000
  0
VERTEX
  8
84
 10
236.050000
 20
20.700000
  0
VERTEX
  8
84
 10
299.250000
 20
-16.600000
  0
VERTEX
  8
84
 10
288.950000
 20
-36.000000
  0
VERTEX
  8
84
 10
280.250000
 20
-54.200000
  0
VERTEX
  8
84
 10
273.550000
 20
-71.000000
  0
VERTEX
  8
84
 10
268.250000
 20
-86.400000
  0
VERTEX
  8
84
 10
264.250000
 20
-99.700000
  0
VERTEX
  8
84
 10
261.650000
 20
-110.900000
  0
VERTEX
  8
84
 10
259.450000
 20
-120.600000
  0
VERTEX
  8
84
 10
108.150000
 20
-79.600000
  0
VERTEX
  8
84
 10
-80.550000
 20
-28.600000
  0
VERTEX
  8
84
 10
-71.350000
 20
6.900000
  0
VERTEX
  8
84
 10
-65.450000
 20
27.300000
  0
VERTEX
  8
84
 10
-59.250000
 20
47.500000
  0
VERTEX
  8
84
 10
-54.850000
 20
60.800000
  0
VERTEX
  8
84
 10
-45.850000
 20
84.500000
  0
VERTEX
  8
84
 10
-27.650000
 20
125.300000
  0
VERTEX
  8
84
 10
-8.450000
 20
164.600000
  0
SEQEND
  0
POLYLINE
  8
1
 66
     1
 70
     1
  0
VERTEX
  8
1
 10
-8.450000
 20
164.600000
  0
VERTEX
  8
1
 10
70.350000
 20
118.400000
  0
VERTEX
  8
1
 10
157.950000
 20
66.800000
  0
VERTEX
  8
1
 10
236.050000
 20
20.700000
  0
VERTEX
  8
1
 10
299.250000
 20
-16.600000
  0
VERTEX
  8
1
 10
288.950000
 20
-36.000000
  0
VERTEX
  8
1
 10
280.250000
 20
-54.200000
  0
VERTEX
  8
1
 10
273.550000
 20
-71.000000
  0
VERTEX
  8
1
 10
268.250000
 20
-86.400000
  0
VERTEX
  8
1
 10
264.250000
 20
-99.700000
  0
VERTEX
  8
1
 10
261.650000
 20
-110.900000
  0
VERTEX
  8
1
 10
259.450000
 20
-120.600000
  0
VERTEX
  8
1
 10
108.150000
 20
-79.600000
  0
VERTEX
  8
1
 10
-80.550000
 20
-28.600000
  0
VERTEX
  8
1
 10
-71.350000
 20
6.900000
  0
VERTEX
  8
1
 10
-65.450000
 20
27.300000
  0
VERTEX
  8
1
 10
-59.250000
 20
47.500000
  0
VERTEX
  8
1
 10
-54.850000
 20
60.800000
  0
VERTEX
  8
1
 10
-45.850000
 20
84.500000
  0
VERTEX
  8
1
 10
-27.650000
 20
125.300000
  0
VERTEX
  8
1
 10
-8.450000
 20
164.600000
  0
SEQEND
  0
POLYLINE
  8
87
 66
     1
  0
VERTEX
  8
87
 10
-8.450000
 20
164.600000
  0
VERTEX
  8
87
 10
70.350000
 20
118.400000
  0
VERTEX
  8
87
 10
157.950000
 20
66.800000
  0
VERTEX
  8
87
 10
236.050000
 20
20.700000
  0
VERTEX
  8
87
 10
290.650000
 20
-11.500000
  0
VERTEX
  8
87
 10
280.050000
 20
-31.500000
  0
VERTEX
  8
87
 10
271.150000
 20
-50.200000
  0
VERTEX
  8
87
 10
264.250000
 20
-67.500000
  0
VERTEX
  8
87
 10
258.750000
 20
-83.400000
  0
VERTEX
  8
87
 10
254.650000
 20
-97.200000
  0
VERTEX
  8
87
 10
251.950000
 20
-108.700000
  0
VERTEX
  8
87
 10
110.750000
 20
-70.000000
  0
VERTEX
  8
87
 10
-78.050000
 20
-19.000000
  0
VERTEX
  8
87
 10
-71.350000
 20
6.900000
  0
VERTEX
  8
87
 10
-65.450000
 20
27.300000
  0
VERTEX
  8
87
 10
-59.250000
 20
47.500000
  0
VERTEX
  8
87
 10
-54.850000
 20
60.800000
  0
VERTEX
  8
87
 10
-45.850000
 20
84.500000
  0
VERTEX
  8
87
 10
-27.650000
 20
125.300000
  0
VERTEX
  8
87
 10
-8.450000
 20
164.600000
  0
SEQEND
  0
POLYLINE
  8
14
 66
     1
  0
VERTEX
  8
14
 10
-8.450000
 20
164.600000
  0
VERTEX
  8
14
 10
70.350000
 20
118.400000
  0
VERTEX
  8
14
 10
157.950000
 20
66.800000
  0
VERTEX
  8
14
 10
236.050000
 20
20.700000
  0
VERTEX
  8
14
 10
290.650000
 20
-11.500000
  0
VERTEX
  8
14
 10
280.050000
 20
-31.500000
  0
VERTEX
  8
14
 10
271.150000
 20
-50.200000
  0
VERTEX
  8
14
 10
264.250000
 20
-67.500000
  0
VERTEX
  8
14
 10
258.750000
 20
-83.400000
  0
VERTEX
  8
14
 10
254.650000
 20
-97.200000
  0
VERTEX
  8
14
 10
251.950000
 20
-108.700000
  0
VERTEX
  8
14
 10
110.750000
 20
-70.000000
  0
VERTEX
  8
14
 10
-78.050000
 20
-19.000000
  0
VERTEX
  8
14
 10
-71.350000
 20
6.900000
  0
VERTEX
  8
14
 10
-65.450000
 20
27.300000
  0
VERTEX
  8
14
 10
-59.250000
 20
47.500000
  0
VERTEX
  8
14
 10
-54.850000
 20
60.800000
  0
VERTEX
  8
14
 10
-45.850000
 20
84.500000
  0
VERTEX
  8
14
 10
-27.650000
 20
125.300000
  0
VERTEX
  8
14
 10
-8.450000
 20
164.600000
  0
SEQEND
  0
POINT
  8
2
 10
-8.450000
 20
164.600000
  0
POINT
  8
3
 10
70.350000
 20
118.400000
  0
POINT
  8
3
 10
157.950000
 20
66.800000
  0
POINT
  8
3
 10
236.050000
 20
20.700000
  0
POINT
  8
2
 10
299.250000
 20
-16.600000
  0
POINT
  8
3
 10
288.950000
 20
-36.000000
  0
POINT
  8
3
 10
280.250000
 20
-54.200000
  0
POINT
  8
3
 10
273.550000
 20
-71.000000
  0
POINT
  8
3
 10
268.250000
 20
-86.400000
  0
POINT
  8
3
 10
264.250000
 20
-99.700000
  0
POINT
  8
2
 10
261.650000
 20
-110.900000
  0
POINT
  8
2
 10
259.450000
 20
-120.600000
  0
POINT
  8
2
 10
108.150000
 20
-79.600000
  0
POINT
  8
2
 10
-80.550000
 20
-28.600000
  0
POINT
  8
3
 10
-71.350000
 20
6.900000
  0
POINT
  8
3
 10
-65.450000
 20
27.300000
  0
POINT
  8
3
 10
-59.250000
 20
47.500000
  0
POINT
  8
3
 10
-54.850000
 20
60.800000
  0
POINT
  8
2
 10
-45.850000
 20
84.500000
  0
POINT
  8
3
 10
-27.650000
 20
125.300000
  0
POINT
  8
2
 10
-8.450000
 20
164.600000
  0
POINT
  8
2
 10
108.150000
 20
-79.600000
 39
2.500000
 50
75.963750
  0
POINT
  8
2
 10
-43.150000
 20
83.300000
  0
TEXT
  8
2
 10
-43.150000
 20
83.300000
 40
0.250000
 50
0.000000
  1
#1
  0
POINT
  8
2
 10
-8.450000
 20
164.600000
  0
POINT
  8
3
 10
70.350000
 20
118.400000
  0
POINT
  8
3
 10
157.950000
 20
66.800000
  0
POINT
  8
3
 10
236.050000
 20
20.700000
  0
POINT
  8
2
 10
290.650000
 20
-11.500000
  0
POINT
  8
3
 10
280.050000
 20
-31.500000
  0
POINT
  8
3
 10
271.150000
 20
-50.200000
  0
POINT
  8
3
 10
264.250000
 20
-67.500000
  0
POINT
  8
3
 10
258.750000
 20
-83.400000
  0
POINT
  8
3
 10
254.650000
 20
-97.200000
  0
POINT
  8
2
 10
251.950000
 20
-108.700000
  0
POINT
  8
2
 10
110.750000
 20
-70.000000
  0
POINT
  8
2
 10
-78.050000
 20
-19.000000
  0
POINT
  8
3
 10
-71.350000
 20
6.900000
  0
POINT
  8
3
 10
-65.450000
 20
27.300000
  0
POINT
  8
3
 10
-59.250000
 20
47.500000
  0
POINT
  8
3
 10
-54.850000
 20
60.800000
  0
POINT
  8
2
 10
-45.850000
 20
84.500000
  0
POINT
  8
3
 10
-27.650000
 20
125.300000
  0
POINT
  8
2
 10
-8.450000
 20
164.600000
  0
POINT
  8
4
 10
108.150000
 20
-79.600000
 30
2.500000
 50
75.963750
  0
POINT
  8
13
 10
-43.150000
 20
83.300000
  0
TEXT
  8
13
 10
-43.150000
 20
83.300000
 40
0.250000
 50
0.000000
  1
#1
  0
LINE
  8
5
 10
99.050000
 20
0.000000
 11
-13.650000
 21
0.000000
  0
LINE
  8
7
 10
103.550000
 20
2.200000
 11
-14.350000
 21
2.200000
  0
TEXT
  8
15
 10
77.250000
 20
100.600000
 40
11.193860
 50
327.587700
  1
SIDE
  0
TEXT
  8
15
 10
129.750000
 20
73.900000
 40
11.042030
 50
329.926200
  1
CLEAN CUT
  0
TEXT
  8
15
 10
-19.950000
 20
116.100000
 40
10.837380
 50
252.456800
  1
CLEAN CUT
  0
TEXT
  8
15
 10
260.050000
 20
-52.700000
 40
7.500000
 50
270.000000
  1
HIGH
  0
TEXT
  8
1
 10
4.200000
 20
17.700000
 40
10.000000
 50
0.000000
  1
Piece Name: BACK SIDE 2P
  0
TEXT
  8
1
 10
4.200000
 20
28.700000
 40
10.000000
 50
0.000000
  1
Size: 42
  0
TEXT
  8
1
 10
4.200000
 20
39.700000
 40
10.000000
 50
0.000000
  1
Annotation: BACK SIDE 2P
  0
TEXT
  8
1
 10
4.200000
 20
50.700000
 40
10.000000
 50
0.000000
  1
Quantity: 1
  0
TEXT
  8
1
 10
4.200000
 20
61.700000
 40
10.000000
 50
0.000000
  1
Material: LEATHER
  0
ENDBLK
  0
BLOCK
  8
1
  2
BACK SIDE 2PZ
 70
     0
 10
0.00
 20
0.00
  0
POLYLINE
  8
84
 66
     1
 70
     1
  0
VERTEX
  8
84
 10
31.950000
 20
-146.000000
  0
VERTEX
  8
84
 10
22.350000
 20
-143.400000
  0
VERTEX
  8
84
 10
-50.050000
 20
-123.700000
  0
VERTEX
  8
84
 10
-319.150000
 20
-51.000000
  0
VERTEX
  8
84
 10
-316.950000
 20
-41.200000
  0
VERTEX
  8
84
 10
-315.650000
 20
-35.500000
  0
VERTEX
  8
84
 10
-308.350000
 20
-8.900001
  0
VERTEX
  8
84
 10
-300.350000
 20
17.100000
  0
VERTEX
  8
84
 10
-291.450000
 20
43.000000
  0
VERTEX
  8
84
 10
-282.050000
 20
68.000000
  0
VERTEX
  8
84
 10
-272.050000
 20
92.900000
  0
VERTEX
  8
84
 10
-262.450000
 20
115.500000
  0
VERTEX
  8
84
 10
-252.450000
 20
138.000000
  0
VERTEX
  8
84
 10
-243.450000
 20
157.400000
  0
VERTEX
  8
84
 10
-224.850000
 20
196.000000
  0
VERTEX
  8
84
 10
-209.950000
 20
225.700000
  0
VERTEX
  8
84
 10
-48.250000
 20
132.600000
  0
VERTEX
  8
84
 10
75.150000
 20
61.100000
  0
VERTEX
  8
84
 10
94.450000
 20
49.800000
  0
VERTEX
  8
84
 10
103.050000
 20
44.900000
  0
VERTEX
  8
84
 10
84.350000
 20
6.500000
  0
VERTEX
  8
84
 10
66.350000
 20
-33.800000
  0
VERTEX
  8
84
 10
57.450000
 20
-57.100000
  0
VERTEX
  8
84
 10
53.150000
 20
-70.200000
  0
VERTEX
  8
84
 10
47.050000
 20
-90.200000
  0
VERTEX
  8
84
 10
41.150000
 20
-110.400000
  0
VERTEX
  8
84
 10
31.950000
 20
-146.000000
  0
SEQEND
  0
POLYLINE
  8
1
 66
     1
 70
     1
  0
VERTEX
  8
1
 10
31.950000
 20
-146.000000
  0
VERTEX
  8
1
 10
22.350000
 20
-143.400000
  0
VERTEX
  8
1
 10
-50.050000
 20
-123.700000
  0
VERTEX
  8
1
 10
-319.150000
 20
-51.000000
  0
VERTEX
  8
1
 10
-316.950000
 20
-41.200000
  0
VERTEX
  8
1
 10
-315.650000
 20
-35.500000
  0
VERTEX
  8
1
 10
-308.350000
 20
-8.900001
  0
VERTEX
  8
1
 10
-300.350000
 20
17.100000
  0
VERTEX
  8
1
 10
-291.450000
 20
43.000000
  0
VERTEX
  8
1
 10
-282.050000
 20
68.000000
  0
VERTEX
  8
1
 10
-272.050000
 20
92.900000
  0
VERTEX
  8
1
 10
-262.450000
 20
115.500000
  0
VERTEX
  8
1
 10
-252.450000
 20
138.000000
  0
VERTEX
  8
1
 10
-243.450000
 20
157.400000
  0
VERTEX
  8
1
 10
-224.850000
 20
196.000000
  0
VERTEX
  8
1
 10
-209.950000
 20
225.700000
  0
VERTEX
  8
1
 10
-48.250000
 20
132.600000
  0
VERTEX
  8
1
 10
75.150000
 20
61.100000
  0
VERTEX
  8
1
 10
94.450000
 20
49.800000
  0
VERTEX
  8
1
 10
103.050000
 20
44.900000
  0
VERTEX
  8
1
 10
84.350000
 20
6.500000
  0
VERTEX
  8
1
 10
66.350000
 20
-33.800000
  0
VERTEX
  8
1
 10
57.450000
 20
-57.100000
  0
VERTEX
  8
1
 10
53.150000
 20
-70.200000
  0
VERTEX
  8
1
 10
47.050000
 20
-90.200000
  0
VERTEX
  8
1
 10
41.150000
 20
-110.400000
  0
VERTEX
  8
1
 10
31.950000
 20
-146.000000
  0
SEQEND
  0
POLYLINE
  8
87
 66
     1
  0
VERTEX
  8
87
 10
24.950000
 20
-133.800000
  0
VERTEX
  8
87
 10
-47.450000
 20
-114.100000
  0
VERTEX
  8
87
 10
-316.950000
 20
-41.200000
  0
VERTEX
  8
87
 10
-315.650000
 20
-35.500000
  0
VERTEX
  8
87
 10
-308.350000
 20
-8.900001
  0
VERTEX
  8
87
 10
-300.350000
 20
17.100000
  0
VERTEX
  8
87
 10
-291.450000
 20
43.000000
  0
VERTEX
  8
87
 10
-282.050000
 20
68.000000
  0
VERTEX
  8
87
 10
-272.050000
 20
92.900000
  0
VERTEX
  8
87
 10
-262.450000
 20
115.500000
  0
VERTEX
  8
87
 10
-252.450000
 20
138.000000
  0
VERTEX
  8
87
 10
-243.450000
 20
157.400000
  0
VERTEX
  8
87
 10
-224.850000
 20
196.000000
  0
VERTEX
  8
87
 10
-209.950000
 20
225.700000
  0
VERTEX
  8
87
 10
-48.250000
 20
132.600000
  0
VERTEX
  8
87
 10
75.150000
 20
61.100000
  0
VERTEX
  8
87
 10
94.450000
 20
49.800000
  0
VERTEX
  8
87
 10
75.350000
 20
10.600000
  0
VERTEX
  8
87
 10
57.150000
 20
-30.000000
  0
VERTEX
  8
87
 10
48.050000
 20
-53.800000
  0
VERTEX
  8
87
 10
43.650000
 20
-67.200000
  0
VERTEX
  8
87
 10
37.550000
 20
-87.300000
  0
VERTEX
  8
87
 10
31.650000
 20
-107.700000
  0
VERTEX
  8
87
 10
24.950000
 20
-133.800000
  0
SEQEND
  0
POLYLINE
  8
14
 66
     1
  0
VERTEX
  8
14
 10
24.950000
 20
-133.800000
  0
VERTEX
  8
14
 10
-47.450000
 20
-114.100000
  0
VERTEX
  8
14
 10
-316.950000
 20
-41.200000
  0
VERTEX
  8
14
 10
-315.650000
 20
-35.500000
  0
VERTEX
  8
14
 10
-308.350000
 20
-8.900001
  0
VERTEX
  8
14
 10
-300.350000
 20
17.100000
  0
VERTEX
  8
14
 10
-291.450000
 20
43.000000
  0
VERTEX
  8
14
 10
-282.050000
 20
68.000000
  0
VERTEX
  8
14
 10
-272.050000
 20
92.900000
  0
VERTEX
  8
14
 10
-262.450000
 20
115.500000
  0
VERTEX
  8
14
 10
-252.450000
 20
138.000000
  0
VERTEX
  8
14
 10
-243.450000
 20
157.400000
  0
VERTEX
  8
14
 10
-224.850000
 20
196.000000
  0
VERTEX
  8
14
 10
-209.950000
 20
225.700000
  0
VERTEX
  8
14
 10
-48.250000
 20
132.600000
  0
VERTEX
  8
14
 10
75.150000
 20
61.100000
  0
VERTEX
  8
14
 10
94.450000
 20
49.800000
  0
VERTEX
  8
14
 10
75.350000
 20
10.600000
  0
VERTEX
  8
14
 10
57.150000
 20
-30.000000
  0
VERTEX
  8
14
 10
48.050000
 20
-53.800000
  0
VERTEX
  8
14
 10
43.650000
 20
-67.200000
  0
VERTEX
  8
14
 10
37.550000
 20
-87.300000
  0
VERTEX
  8
14
 10
31.650000
 20
-107.700000
  0
VERTEX
  8
14
 10
24.950000
 20
-133.800000
  0
SEQEND
  0
POINT
  8
2
 10
31.950000
 20
-146.000000
  0
POINT
  8
2
 10
22.350000
 20
-143.400000
  0
POINT
  8
2
 10
-50.050000
 20
-123.700000
  0
POINT
  8
2
 10
-319.150000
 20
-51.000000
  0
POINT
  8
2
 10
-316.950000
 20
-41.200000
  0
POINT
  8
3
 10
-315.650000
 20
-35.500000
  0
POINT
  8
3
 10
-308.350000
 20
-8.900001
  0
POINT
  8
3
 10
-300.350000
 20
17.100000
  0
POINT
  8
3
 10
-291.450000
 20
43.000000
  0
POINT
  8
3
 10
-282.050000
 20
68.000000
  0
POINT
  8
3
 10
-272.050000
 20
92.900000
  0
POINT
  8
3
 10
-262.450000
 20
115.500000
  0
POINT
  8
3
 10
-252.450000
 20
138.000000
  0
POINT
  8
3
 10
-243.450000
 20
157.400000
  0
POINT
  8
3
 10
-224.850000
 20
196.000000
  0
POINT
  8
2
 10
-209.950000
 20
225.700000
  0
POINT
  8
3
 10
-48.250000
 20
132.600000
  0
POINT
  8
3
 10
75.150000
 20
61.100000
  0
POINT
  8
2
 10
94.450000
 20
49.800000
  0
POINT
  8
2
 10
103.050000
 20
44.900000
  0
POINT
  8
3
 10
84.350000
 20
6.500000
  0
POINT
  8
2
 10
66.350000
 20
-33.800000
  0
POINT
  8
3
 10
57.450000
 20
-57.100000
  0
POINT
  8
3
 10
53.150000
 20
-70.200000
  0
POINT
  8
3
 10
47.050000
 20
-90.200000
  0
POINT
  8
3
 10
41.150000
 20
-110.400000
  0
POINT
  8
2
 10
31.950000
 20
-146.000000
  0
POINT
  8
2
 10
-50.050000
 20
-123.700000
 39
2.500000
 50
75.963750
  0
POINT
  8
2
 10
66.350000
 20
-33.800000
 39
2.500000
 50
158.629400
  0
POINT
  8
2
 10
24.950000
 20
-133.800000
  0
POINT
  8
2
 10
-47.450000
 20
-114.100000
  0
POINT
  8
2
 10
-316.950000
 20
-41.200000
  0
POINT
  8
3
 10
-315.650000
 20
-35.500000
  0
POINT
  8
3
 10
-308.350000
 20
-8.900001
  0
POINT
  8
3
 10
-300.350000
 20
17.100000
  0
POINT
  8
3
 10
-291.450000
 20
43.000000
  0
POINT
  8
3
 10
-282.050000
 20
68.000000
  0
POINT
  8
3
 10
-272.050000
 20
92.900000
  0
POINT
  8
3
 10
-262.450000
 20
115.500000
  0
POINT
  8
3
 10
-252.450000
 20
138.000000
  0
POINT
  8
3
 10
-243.450000
 20
157.400000
  0
POINT
  8
3
 10
-224.850000
 20
196.000000
  0
POINT
  8
2
 10
-209.950000
 20
225.700000
  0
POINT
  8
3
 10
-48.250000
 20
132.600000
  0
POINT
  8
3
 10
75.150000
 20
61.100000
  0
POINT
  8
2
 10
94.450000
 20
49.800000
  0
POINT
  8
3
 10
75.350000
 20
10.600000
  0
POINT
  8
2
 10
57.150000
 20
-30.000000
  0
POINT
  8
3
 10
48.050000
 20
-53.800000
  0
POINT
  8
3
 10
43.650000
 20
-67.200000
  0
POINT
  8
3
 10
37.550000
 20
-87.300000
  0
POINT
  8
3
 10
31.650000
 20
-107.700000
  0
POINT
  8
2
 10
24.950000
 20
-133.800000
  0
POINT
  8
4
 10
-50.050000
 20
-123.700000
 30
2.500000
 50
75.963750
  0
POINT
  8
4
 10
66.350000
 20
-33.800000
 30
2.500000
 50
158.629400
  0
LINE
  8
5
 10
-23.350000
 20
0.000000
 11
-211.650000
 21
0.000000
  0
LINE
  8
7
 10
-23.350000
 20
0.000000
 11
-211.650000
 21
0.000000
  0
TEXT
  8
15
 10
-79.750000
 20
142.500000
 40
17.219900
 50
328.294400
  1
SIDE
  0
TEXT
  8
15
 10
-28.950000
 20
107.200000
 40
10.643330
 50
338.953900
  1
CLEAN CUT
  0
TEXT
  8
15
 10
32.950000
 20
-39.100000
 40
12.500000
 50
270.000000
  1
HIGH
  0
TEXT
  8
15
 10
-244.150000
 20
118.300000
 40
9.067211
 50
245.067900
  1
CLEAN CUT
  0
TEXT
  8
1
 10
4.200000
 20
17.700000
 40
10.000000
 50
0.000000
  1
Piece Name: BACK SIDE 2PZ
  0
TEXT
  8
1
 10
4.200000
 20
28.700000
 40
10.000000
 50
0.000000
  1
Size: 42
  0
TEXT
  8
1
 10
4.200000
 20
39.700000
 40
10.000000
 50
0.000000
  1
Annotation: BACK SIDE 2PZ
  0
TEXT
  8
1
 10
4.200000
 20
50.700000
 40
10.000000
 50
0.000000
  1
Quantity: 1
  0
TEXT
  8
1
 10
4.200000
 20
61.700000
 40
10.000000
 50
0.000000
  1
Material: LEATHER
  0
ENDBLK
  0
BLOCK
  8
1
  2
WHAIST FRONT 1P
 70
     0
 10
0.00
 20
0.00
  0
POLYLINE
  8
84
 66
     1
 70
     1
  0
VERTEX
  8
84
 10
89.550000
 20
-200.900000
  0
VERTEX
  8
84
 10
56.850000
 20
-213.900000
  0
VERTEX
  8
84
 10
48.550000
 20
-185.000000
  0
VERTEX
  8
84
 10
41.750000
 20
-159.300000
  0
VERTEX
  8
84
 10
36.850000
 20
-138.500000
  0
VERTEX
  8
84
 10
33.550000
 20
-123.400000
  0
VERTEX
  8
84
 10
31.750000
 20
-112.700000
  0
VERTEX
  8
84
 10
30.550000
 20
-104.000000
  0
VERTEX
  8
84
 10
29.450000
 20
-95.100000
  0
VERTEX
  8
84
 10
28.350000
 20
-84.800000
  0
VERTEX
  8
84
 10
27.250000
 20
-72.500000
  0
VERTEX
  8
84
 10
26.250000
 20
-57.600000
  0
VERTEX
  8
84
 10
25.750000
 20
-39.900000
  0
VERTEX
  8
84
 10
25.550000
 20
-20.000000
  0
VERTEX
  8
84
 10
25.550000
 20
0.000000
  0
VERTEX
  8
84
 10
25.550000
 20
20.000000
  0
VERTEX
  8
84
 10
25.750000
 20
39.900000
  0
VERTEX
  8
84
 10
26.250000
 20
57.600000
  0
VERTEX
  8
84
 10
27.250000
 20
72.500000
  0
VERTEX
  8
84
 10
28.350000
 20
84.800000
  0
VERTEX
  8
84
 10
29.450000
 20
95.100000
  0
VERTEX
  8
84
 10
30.550000
 20
104.000000
  0
VERTEX
  8
84
 10
31.750000
 20
112.700000
  0
VERTEX
  8
84
 10
33.550000
 20
123.400000
  0
VERTEX
  8
84
 10
36.850000
 20
138.500000
  0
VERTEX
  8
84
 10
41.750000
 20
159.300000
  0
VERTEX
  8
84
 10
48.550000
 20
185.000000
  0
VERTEX
  8
84
 10
56.850000
 20
213.900000
  0
VERTEX
  8
84
 10
89.550000
 20
200.900000
  0
VERTEX
  8
84
 10
82.250000
 20
175.700000
  0
VERTEX
  8
84
 10
75.650000
 20
150.800000
  0
VERTEX
  8
84
 10
70.850000
 20
130.800000
  0
VERTEX
  8
84
 10
67.850000
 20
116.800000
  0
VERTEX
  8
84
 10
66.250000
 20
107.400000
  0
VERTEX
  8
84
 10
65.150000
 20
99.500000
  0
VERTEX
  8
84
 10
64.150000
 20
91.100000
  0
VERTEX
  8
84
 10
63.150000
 20
81.400000
  0
VERTEX
  8
84
 10
62.050000
 20
69.800000
  0
VERTEX
  8
84
 10
61.150000
 20
56.000000
  0
VERTEX
  8
84
 10
60.650000
 20
39.300000
  0
VERTEX
  8
84
 10
60.550000
 20
20.000000
  0
VERTEX
  8
84
 10
60.550000
 20
0.000000
  0
VERTEX
  8
84
 10
60.550000
 20
-20.000000
  0
VERTEX
  8
84
 10
60.650000
 20
-39.300000
  0
VERTEX
  8
84
 10
61.150000
 20
-56.000000
  0
VERTEX
  8
84
 10
62.050000
 20
-69.800000
  0
VERTEX
  8
84
 10
63.150000
 20
-81.400000
  0
VERTEX
  8
84
 10
64.150000
 20
-91.100000
  0
VERTEX
  8
84
 10
65.150000
 20
-99.500000
  0
VERTEX
  8
84
 10
66.250000
 20
-107.400000
  0
VERTEX
  8
84
 10
67.850000
 20
-116.800000
  0
VERTEX
  8
84
 10
70.850000
 20
-130.800000
  0
VERTEX
  8
84
 10
75.650000
 20
-150.800000
  0
VERTEX
  8
84
 10
82.250000
 20
-175.700000
  0
VERTEX
  8
84
 10
89.550000
 20
-200.900000
  0
SEQEND
  0
POLYLINE
  8
1
 66
     1
 70
     1
  0
VERTEX
  8
1
 10
89.550000
 20
-200.900000
  0
VERTEX
  8
1
 10
56.850000
 20
-213.900000
  0
VERTEX
  8
1
 10
48.550000
 20
-185.000000
  0
VERTEX
  8
1
 10
41.750000
 20
-159.300000
  0
VERTEX
  8
1
 10
36.850000
 20
-138.500000
  0
VERTEX
  8
1
 10
33.550000
 20
-123.400000
  0
VERTEX
  8
1
 10
31.750000
 20
-112.700000
  0
VERTEX
  8
1
 10
30.550000
 20
-104.000000
  0
VERTEX
  8
1
 10
29.450000
 20
-95.100000
  0
VERTEX
  8
1
 10
28.350000
 20
-84.800000
  0
VERTEX
  8
1
 10
27.250000
 20
-72.500000
  0
VERTEX
  8
1
 10
26.250000
 20
-57.600000
  0
VERTEX
  8
1
 10
25.750000
 20
-39.900000
  0
VERTEX
  8
1
 10
25.550000
 20
-20.000000
  0
VERTEX
  8
1
 10
25.550000
 20
0.000000
  0
VERTEX
  8
1
 10
25.550000
 20
20.000000
  0
VERTEX
  8
1
 10
25.750000
 20
39.900000
  0
VERTEX
  8
1
 10
26.250000
 20
57.600000
  0
VERTEX
  8
1
 10
27.250000
 20
72.500000
  0
VERTEX
  8
1
 10
28.350000
 20
84.800000
  0
VERTEX
  8
1
 10
29.450000
 20
95.100000
  0
VERTEX
  8
1
 10
30.550000
 20
104.000000
  0
VERTEX
  8
1
 10
31.750000
 20
112.700000
  0
VERTEX
  8
1
 10
33.550000
 20
123.400000
  0
VERTEX
  8
1
 10
36.850000
 20
138.500000
  0
VERTEX
  8
1
 10
41.750000
 20
159.300000
  0
VERTEX
  8
1
 10
48.550000
 20
185.000000
  0
VERTEX
  8
1
 10
56.850000
 20
213.900000
  0
VERTEX
  8
1
 10
89.550000
 20
200.900000
  0
VERTEX
  8
1
 10
82.250000
 20
175.700000
  0
VERTEX
  8
1
 10
75.650000
 20
150.800000
  0
VERTEX
  8
1
 10
70.850000
 20
130.800000
  0
VERTEX
  8
1
 10
67.850000
 20
116.800000
  0
VERTEX
  8
1
 10
66.250000
 20
107.400000
  0
VERTEX
  8
1
 10
65.150000
 20
99.500000
  0
VERTEX
  8
1
 10
64.150000
 20
91.100000
  0
VERTEX
  8
1
 10
63.150000
 20
81.400000
  0
VERTEX
  8
1
 10
62.050000
 20
69.800000
  0
VERTEX
  8
1
 10
61.150000
 20
56.000000
  0
VERTEX
  8
1
 10
60.650000
 20
39.300000
  0
VERTEX
  8
1
 10
60.550000
 20
20.000000
  0
VERTEX
  8
1
 10
60.550000
 20
0.000000
  0
VERTEX
  8
1
 10
60.550000
 20
-20.000000
  0
VERTEX
  8
1
 10
60.650000
 20
-39.300000
  0
VERTEX
  8
1
 10
61.150000
 20
-56.000000
  0
VERTEX
  8
1
 10
62.050000
 20
-69.800000
  0
VERTEX
  8
1
 10
63.150000
 20
-81.400000
  0
VERTEX
  8
1
 10
64.150000
 20
-91.100000
  0
VERTEX
  8
1
 10
65.150000
 20
-99.500000
  0
VERTEX
  8
1
 10
66.250000
 20
-107.400000
  0
VERTEX
  8
1
 10
67.850000
 20
-116.800000
  0
VERTEX
  8
1
 10
70.850000
 20
-130.800000
  0
VERTEX
  8
1
 10
75.650000
 20
-150.800000
  0
VERTEX
  8
1
 10
82.250000
 20
-175.700000
  0
VERTEX
  8
1
 10
89.550000
 20
-200.900000
  0
SEQEND
  0
POLYLINE
  8
87
 66
     1
  0
VERTEX
  8
87
 10
86.750000
 20
-191.300000
  0
VERTEX
  8
87
 10
54.150000
 20
-204.300000
  0
VERTEX
  8
87
 10
48.550000
 20
-185.000000
  0
VERTEX
  8
87
 10
41.750000
 20
-159.300000
  0
VERTEX
  8
87
 10
36.850000
 20
-138.500000
  0
VERTEX
  8
87
 10
33.550000
 20
-123.400000
  0
VERTEX
  8
87
 10
31.750000
 20
-112.700000
  0
VERTEX
  8
87
 10
30.550000
 20
-104.000000
  0
VERTEX
  8
87
 10
29.450000
 20
-95.100000
  0
VERTEX
  8
87
 10
28.350000
 20
-84.800000
  0
VERTEX
  8
87
 10
27.250000
 20
-72.500000
  0
VERTEX
  8
87
 10
26.250000
 20
-57.600000
  0
VERTEX
  8
87
 10
25.750000
 20
-39.900000
  0
VERTEX
  8
87
 10
25.550000
 20
-20.000000
  0
VERTEX
  8
87
 10
25.550000
 20
0.000000
  0
VERTEX
  8
87
 10
25.550000
 20
20.000000
  0
VERTEX
  8
87
 10
25.750000
 20
39.900000
  0
VERTEX
  8
87
 10
26.250000
 20
57.600000
  0
VERTEX
  8
87
 10
27.250000
 20
72.500000
  0
VERTEX
  8
87
 10
28.350000
 20
84.800000
  0
VERTEX
  8
87
 10
29.450000
 20
95.100000
  0
VERTEX
  8
87
 10
30.550000
 20
104.000000
  0
VERTEX
  8
87
 10
31.750000
 20
112.700000
  0
VERTEX
  8
87
 10
33.550000
 20
123.400000
  0
VERTEX
  8
87
 10
36.850000
 20
138.500000
  0
VERTEX
  8
87
 10
41.750000
 20
159.300000
  0
VERTEX
  8
87
 10
48.550000
 20
185.000000
  0
VERTEX
  8
87
 10
54.050000
 20
204.300000
  0
VERTEX
  8
87
 10
86.750000
 20
191.400000
  0
VERTEX
  8
87
 10
82.250000
 20
175.700000
  0
VERTEX
  8
87
 10
75.650000
 20
150.800000
  0
VERTEX
  8
87
 10
70.850000
 20
130.800000
  0
VERTEX
  8
87
 10
67.850000
 20
116.800000
  0
VERTEX
  8
87
 10
66.250000
 20
107.400000
  0
VERTEX
  8
87
 10
65.150000
 20
99.500000
  0
VERTEX
  8
87
 10
64.150000
 20
91.100000
  0
VERTEX
  8
87
 10
63.150000
 20
81.400000
  0
VERTEX
  8
87
 10
62.050000
 20
69.800000
  0
VERTEX
  8
87
 10
61.150000
 20
56.000000
  0
VERTEX
  8
87
 10
60.650000
 20
39.300000
  0
VERTEX
  8
87
 10
60.550000
 20
20.000000
  0
VERTEX
  8
87
 10
60.550000
 20
0.000000
  0
VERTEX
  8
87
 10
60.550000
 20
-20.000000
  0
VERTEX
  8
87
 10
60.650000
 20
-39.300000
  0
VERTEX
  8
87
 10
61.150000
 20
-56.000000
  0
VERTEX
  8
87
 10
62.050000
 20
-69.800000
  0
VERTEX
  8
87
 10
63.150000
 20
-81.400000
  0
VERTEX
  8
87
 10
64.150000
 20
-91.100000
  0
VERTEX
  8
87
 10
65.150000
 20
-99.500000
  0
VERTEX
  8
87
 10
66.250000
 20
-107.400000
  0
VERTEX
  8
87
 10
67.850000
 20
-116.800000
  0
VERTEX
  8
87
 10
70.850000
 20
-130.800000
  0
VERTEX
  8
87
 10
75.650000
 20
-150.800000
  0
VERTEX
  8
87
 10
82.250000
 20
-175.700000
  0
VERTEX
  8
87
 10
86.750000
 20
-191.300000
  0
SEQEND
  0
POLYLINE
  8
14
 66
     1
  0
VERTEX
  8
14
 10
86.750000
 20
-191.300000
  0
VERTEX
  8
14
 10
54.150000
 20
-204.300000
  0
VERTEX
  8
14
 10
48.550000
 20
-185.000000
  0
VERTEX
  8
14
 10
41.750000
 20
-159.300000
  0
VERTEX
  8
14
 10
36.850000
 20
-138.500000
  0
VERTEX
  8
14
 10
33.550000
 20
-123.400000
  0
VERTEX
  8
14
 10
31.750000
 20
-112.700000
  0
VERTEX
  8
14
 10
30.550000
 20
-104.000000
  0
VERTEX
  8
14
 10
29.450000
 20
-95.100000
  0
VERTEX
  8
14
 10
28.350000
 20
-84.800000
  0
VERTEX
  8
14
 10
27.250000
 20
-72.500000
  0
VERTEX
  8
14
 10
26.250000
 20
-57.600000
  0
VERTEX
  8
14
 10
25.750000
 20
-39.900000
  0
VERTEX
  8
14
 10
25.550000
 20
-20.000000
  0
VERTEX
  8
14
 10
25.550000
 20
0.000000
  0
VERTEX
  8
14
 10
25.550000
 20
20.000000
  0
VERTEX
  8
14
 10
25.750000
 20
39.900000
  0
VERTEX
  8
14
 10
26.250000
 20
57.600000
  0
VERTEX
  8
14
 10
27.250000
 20
72.500000
  0
VERTEX
  8
14
 10
28.350000
 20
84.800000
  0
VERTEX
  8
14
 10
29.450000
 20
95.100000
  0
VERTEX
  8
14
 10
30.550000
 20
104.000000
  0
VERTEX
  8
14
 10
31.750000
 20
112.700000
  0
VERTEX
  8
14
 10
33.550000
 20
123.400000
  0
VERTEX
  8
14
 10
36.850000
 20
138.500000
  0
VERTEX
  8
14
 10
41.750000
 20
159.300000
  0
VERTEX
  8
14
 10
48.550000
 20
185.000000
  0
VERTEX
  8
14
 10
54.050000
 20
204.300000
  0
VERTEX
  8
14
 10
86.750000
 20
191.400000
  0
VERTEX
  8
14
 10
82.250000
 20
175.700000
  0
VERTEX
  8
14
 10
75.650000
 20
150.800000
  0
VERTEX
  8
14
 10
70.850000
 20
130.800000
  0
VERTEX
  8
14
 10
67.850000
 20
116.800000
  0
VERTEX
  8
14
 10
66.250000
 20
107.400000
  0
VERTEX
  8
14
 10
65.150000
 20
99.500000
  0
VERTEX
  8
14
 10
64.150000
 20
91.100000
  0
VERTEX
  8
14
 10
63.150000
 20
81.400000
  0
VERTEX
  8
14
 10
62.050000
 20
69.800000
  0
VERTEX
  8
14
 10
61.150000
 20
56.000000
  0
VERTEX
  8
14
 10
60.650000
 20
39.300000
  0
VERTEX
  8
14
 10
60.550000
 20
20.000000
  0
VERTEX
  8
14
 10
60.550000
 20
0.000000
  0
VERTEX
  8
14
 10
60.550000
 20
-20.000000
  0
VERTEX
  8
14
 10
60.650000
 20
-39.300000
  0
VERTEX
  8
14
 10
61.150000
 20
-56.000000
  0
VERTEX
  8
14
 10
62.050000
 20
-69.800000
  0
VERTEX
  8
14
 10
63.150000
 20
-81.400000
  0
VERTEX
  8
14
 10
64.150000
 20
-91.100000
  0
VERTEX
  8
14
 10
65.150000
 20
-99.500000
  0
VERTEX
  8
14
 10
66.250000
 20
-107.400000
  0
VERTEX
  8
14
 10
67.850000
 20
-116.800000
  0
VERTEX
  8
14
 10
70.850000
 20
-130.800000
  0
VERTEX
  8
14
 10
75.650000
 20
-150.800000
  0
VERTEX
  8
14
 10
82.250000
 20
-175.700000
  0
VERTEX
  8
14
 10
86.750000
 20
-191.300000
  0
SEQEND
  0
POINT
  8
2
 10
89.550000
 20
-200.900000
  0
POINT
  8
2
 10
56.850000
 20
-213.900000
  0
POINT
  8
3
 10
48.550000
 20
-185.000000
  0
POINT
  8
3
 10
41.750000
 20
-159.300000
  0
POINT
  8
3
 10
36.850000
 20
-138.500000
  0
POINT
  8
3
 10
33.550000
 20
-123.400000
  0
POINT
  8
3
 10
31.750000
 20
-112.700000
  0
POINT
  8
3
 10
30.550000
 20
-104.000000
  0
POINT
  8
3
 10
29.450000
 20
-95.100000
  0
POINT
  8
3
 10
28.350000
 20
-84.800000
  0
POINT
  8
3
 10
27.250000
 20
-72.500000
  0
POINT
  8
3
 10
26.250000
 20
-57.600000
  0
POINT
  8
3
 10
25.750000
 20
-39.900000
  0
POINT
  8
2
 10
25.550000
 20
-20.000000
  0
POINT
  8
2
 10
25.550000
 20
0.000000
  0
POINT
  8
2
 10
25.550000
 20
20.000000
  0
POINT
  8
3
 10
25.750000
 20
39.900000
  0
POINT
  8
3
 10
26.250000
 20
57.600000
  0
POINT
  8
3
 10
27.250000
 20
72.500000
  0
POINT
  8
3
 10
28.350000
 20
84.800000
  0
POINT
  8
3
 10
29.450000
 20
95.100000
  0
POINT
  8
3
 10
30.550000
 20
104.000000
  0
POINT
  8
3
 10
31.750000
 20
112.700000
  0
POINT
  8
3
 10
33.550000
 20
123.400000
  0
POINT
  8
3
 10
36.850000
 20
138.500000
  0
POINT
  8
3
 10
41.750000
 20
159.300000
  0
POINT
  8
3
 10
48.550000
 20
185.000000
  0
POINT
  8
2
 10
56.850000
 20
213.900000
  0
POINT
  8
2
 10
89.550000
 20
200.900000
  0
POINT
  8
3
 10
82.250000
 20
175.700000
  0
POINT
  8
3
 10
75.650000
 20
150.800000
  0
POINT
  8
3
 10
70.850000
 20
130.800000
  0
POINT
  8
3
 10
67.850000
 20
116.800000
  0
POINT
  8
3
 10
66.250000
 20
107.400000
  0
POINT
  8
3
 10
65.150000
 20
99.500000
  0
POINT
  8
3
 10
64.150000
 20
91.100000
  0
POINT
  8
3
 10
63.150000
 20
81.400000
  0
POINT
  8
3
 10
62.050000
 20
69.800000
  0
POINT
  8
3
 10
61.150000
 20
56.000000
  0
POINT
  8
3
 10
60.650000
 20
39.300000
  0
POINT
  8
2
 10
60.550000
 20
20.000000
  0
POINT
  8
2
 10
60.550000
 20
0.000000
  0
POINT
  8
2
 10
60.550000
 20
-20.000000
  0
POINT
  8
3
 10
60.650000
 20
-39.300000
  0
POINT
  8
3
 10
61.150000
 20
-56.000000
  0
POINT
  8
3
 10
62.050000
 20
-69.800000
  0
POINT
  8
3
 10
63.150000
 20
-81.400000
  0
POINT
  8
3
 10
64.150000
 20
-91.100000
  0
POINT
  8
3
 10
65.150000
 20
-99.500000
  0
POINT
  8
3
 10
66.250000
 20
-107.400000
  0
POINT
  8
3
 10
67.850000
 20
-116.800000
  0
POINT
  8
3
 10
70.850000
 20
-130.800000
  0
POINT
  8
3
 10
75.650000
 20
-150.800000
  0
POINT
  8
3
 10
82.250000
 20
-175.700000
  0
POINT
  8
2
 10
89.550000
 20
-200.900000
  0
POINT
  8
2
 10
28.250000
 20
-46.700000
  0
TEXT
  8
2
 10
28.250000
 20
-46.700000
 40
0.250000
 50
0.000000
  1
#1
  0
POINT
  8
2
 10
28.250000
 20
46.700000
  0
TEXT
  8
2
 10
28.250000
 20
46.700000
 40
0.250000
 50
0.000000
  1
#1
  0
POINT
  8
2
 10
33.450000
 20
-102.500000
  0
TEXT
  8
2
 10
33.450000
 20
-102.500000
 40
0.250000
 50
0.000000
  1
#1
  0
POINT
  8
2
 10
33.450000
 20
102.500000
  0
TEXT
  8
2
 10
33.450000
 20
102.500000
 40
0.250000
 50
0.000000
  1
#1
  0
POINT
  8
2
 10
43.150000
 20
-148.300000
  0
TEXT
  8
2
 10
43.150000
 20
-148.300000
 40
0.250000
 50
0.000000
  1
#1
  0
POINT
  8
2
 10
43.150000
 20
148.300000
  0
TEXT
  8
2
 10
43.150000
 20
148.300000
 40
0.250000
 50
0.000000
  1
#1
  0
POINT
  8
2
 10
62.650000
 20
-101.600000
  0
TEXT
  8
2
 10
62.650000
 20
-101.600000
 40
0.250000
 50
0.000000
  1
#1
  0
POINT
  8
2
 10
62.650000
 20
101.600000
  0
TEXT
  8
2
 10
62.650000
 20
101.600000
 40
0.250000
 50
0.000000
  1
#1
  0
POINT
  8
2
 10
64.750000
 20
-114.900000
  0
TEXT
  8
2
 10
64.750000
 20
-114.900000
 40
0.250000
 50
0.000000
  1
#1
  0
POINT
  8
2
 10
64.750000
 20
114.900000
  0
TEXT
  8
2
 10
64.750000
 20
114.900000
 40
0.250000
 50
0.000000
  1
#1
  0
POINT
  8
2
 10
83.050000
 20
-192.500000
  0
TEXT
  8
2
 10
83.050000
 20
-192.500000
 40
0.250000
 50
0.000000
  1
#1
  0
POINT
  8
2
 10
83.050000
 20
192.500000
  0
TEXT
  8
2
 10
83.050000
 20
192.500000
 40
0.250000
 50
0.000000
  1
#1
  0
POINT
  8
2
 10
56.750000
 20
-203.300000
  0
TEXT
  8
2
 10
56.750000
 20
-203.300000
 40
0.250000
 50
0.000000
  1
#1
  0
POINT
  8
2
 10
56.750000
 20
203.300000
  0
TEXT
  8
2
 10
56.750000
 20
203.300000
 40
0.250000
 50
0.000000
  1
#1
  0
POINT
  8
2
 10
57.550000
 20
0.000000
  0
TEXT
  8
2
 10
57.550000
 20
0.000000
 40
0.250000
 50
0.000000
  1
#1
  0
POINT
  8
2
 10
28.550000
 20
0.000000
  0
TEXT
  8
2
 10
28.550000
 20
0.000000
 40
0.250000
 50
0.000000
  1
#1
  0
POINT
  8
2
 10
86.750000
 20
-191.300000
  0
POINT
  8
2
 10
54.150000
 20
-204.300000
  0
POINT
  8
3
 10
48.550000
 20
-185.000000
  0
POINT
  8
3
 10
41.750000
 20
-159.300000
  0
POINT
  8
3
 10
36.850000
 20
-138.500000
  0
POINT
  8
3
 10
33.550000
 20
-123.400000
  0
POINT
  8
3
 10
31.750000
 20
-112.700000
  0
POINT
  8
3
 10
30.550000
 20
-104.000000
  0
POINT
  8
3
 10
29.450000
 20
-95.100000
  0
POINT
  8
3
 10
28.350000
 20
-84.800000
  0
POINT
  8
3
 10
27.250000
 20
-72.500000
  0
POINT
  8
3
 10
26.250000
 20
-57.600000
  0
POINT
  8
3
 10
25.750000
 20
-39.900000
  0
POINT
  8
2
 10
25.550000
 20
-20.000000
  0
POINT
  8
2
 10
25.550000
 20
0.000000
  0
POINT
  8
2
 10
25.550000
 20
20.000000
  0
POINT
  8
3
 10
25.750000
 20
39.900000
  0
POINT
  8
3
 10
26.250000
 20
57.600000
  0
POINT
  8
3
 10
27.250000
 20
72.500000
  0
POINT
  8
3
 10
28.350000
 20
84.800000
  0
POINT
  8
3
 10
29.450000
 20
95.100000
  0
POINT
  8
3
 10
30.550000
 20
104.000000
  0
POINT
  8
3
 10
31.750000
 20
112.700000
  0
POINT
  8
3
 10
33.550000
 20
123.400000
  0
POINT
  8
3
 10
36.850000
 20
138.500000
  0
POINT
  8
3
 10
41.750000
 20
159.300000
  0
POINT
  8
3
 10
48.550000
 20
185.000000
  0
POINT
  8
2
 10
54.050000
 20
204.300000
  0
POINT
  8
2
 10
86.750000
 20
191.400000
  0
POINT
  8
3
 10
82.250000
 20
175.700000
  0
POINT
  8
3
 10
75.650000
 20
150.800000
  0
POINT
  8
3
 10
70.850000
 20
130.800000
  0
POINT
  8
3
 10
67.850000
 20
116.800000
  0
POINT
  8
3
 10
66.250000
 20
107.400000
  0
POINT
  8
3
 10
65.150000
 20
99.500000
  0
POINT
  8
3
 10
64.150000
 20
91.100000
  0
POINT
  8
3
 10
63.150000
 20
81.400000
  0
POINT
  8
3
 10
62.050000
 20
69.800000
  0
POINT
  8
3
 10
61.150000
 20
56.000000
  0
POINT
  8
3
 10
60.650000
 20
39.300000
  0
POINT
  8
2
 10
60.550000
 20
20.000000
  0
POINT
  8
2
 10
60.550000
 20
0.000000
  0
POINT
  8
2
 10
60.550000
 20
-20.000000
  0
POINT
  8
3
 10
60.650000
 20
-39.300000
  0
POINT
  8
3
 10
61.150000
 20
-56.000000
  0
POINT
  8
3
 10
62.050000
 20
-69.800000
  0
POINT
  8
3
 10
63.150000
 20
-81.400000
  0
POINT
  8
3
 10
64.150000
 20
-91.100000
  0
POINT
  8
3
 10
65.150000
 20
-99.500000
  0
POINT
  8
3
 10
66.250000
 20
-107.400000
  0
POINT
  8
3
 10
67.850000
 20
-116.800000
  0
POINT
  8
3
 10
70.850000
 20
-130.800000
  0
POINT
  8
3
 10
75.650000
 20
-150.800000
  0
POINT
  8
3
 10
82.250000
 20
-175.700000
  0
POINT
  8
2
 10
86.750000
 20
-191.300000
  0
POINT
  8
13
 10
28.250000
 20
-46.700000
  0
TEXT
  8
13
 10
28.250000
 20
-46.700000
 40
0.250000
 50
0.000000
  1
#1
  0
POINT
  8
13
 10
28.250000
 20
46.700000
  0
TEXT
  8
13
 10
28.250000
 20
46.700000
 40
0.250000
 50
0.000000
  1
#1
  0
POINT
  8
13
 10
33.450000
 20
-102.500000
  0
TEXT
  8
13
 10
33.450000
 20
-102.500000
 40
0.250000
 50
0.000000
  1
#1
  0
POINT
  8
13
 10
33.450000
 20
102.500000
  0
TEXT
  8
13
 10
33.450000
 20
102.500000
 40
0.250000
 50
0.000000
  1
#1
  0
POINT
  8
13
 10
43.150000
 20
-148.300000
  0
TEXT
  8
13
 10
43.150000
 20
-148.300000
 40
0.250000
 50
0.000000
  1
#1
  0
POINT
  8
13
 10
43.150000
 20
148.300000
  0
TEXT
  8
13
 10
43.150000
 20
148.300000
 40
0.250000
 50
0.000000
  1
#1
  0
POINT
  8
13
 10
62.650000
 20
-101.600000
  0
TEXT
  8
13
 10
62.650000
 20
-101.600000
 40
0.250000
 50
0.000000
  1
#1
  0
POINT
  8
13
 10
62.650000
 20
101.600000
  0
TEXT
  8
13
 10
62.650000
 20
101.600000
 40
0.250000
 50
0.000000
  1
#1
  0
POINT
  8
13
 10
64.750000
 20
-114.900000
  0
TEXT
  8
13
 10
64.750000
 20
-114.900000
 40
0.250000
 50
0.000000
  1
#1
  0
POINT
  8
13
 10
64.750000
 20
114.900000
  0
TEXT
  8
13
 10
64.750000
 20
114.900000
 40
0.250000
 50
0.000000
  1
#1
  0
POINT
  8
13
 10
83.050000
 20
-192.500000
  0
TEXT
  8
13
 10
83.050000
 20
-192.500000
 40
0.250000
 50
0.000000
  1
#1
  0
POINT
  8
13
 10
83.050000
 20
192.500000
  0
TEXT
  8
13
 10
83.050000
 20
192.500000
 40
0.250000
 50
0.000000
  1
#1
  0
POINT
  8
13
 10
56.750000
 20
-203.300000
  0
TEXT
  8
13
 10
56.750000
 20
-203.300000
 40
0.250000
 50
0.000000
  1
#1
  0
POINT
  8
13
 10
56.750000
 20
203.300000
  0
TEXT
  8
13
 10
56.750000
 20
203.300000
 40
0.250000
 50
0.000000
  1
#1
  0
POINT
  8
13
 10
57.550000
 20
0.000000
  0
TEXT
  8
13
 10
57.550000
 20
0.000000
 40
0.250000
 50
0.000000
  1
#1
  0
POINT
  8
13
 10
28.550000
 20
0.000000
  0
TEXT
  8
13
 10
28.550000
 20
0.000000
 40
0.250000
 50
0.000000
  1
#1
  0
LINE
  8
5
 10
60.450000
 20
0.000000
 11
25.650000
 21
0.000000
  0
LINE
  8
7
 10
60.450000
 20
0.000000
 11
25.650000
 21
0.000000
  0
TEXT
  8
15
 10
57.350000
 20
-55.500000
 40
4.444444
 50
270.000000
  1
CLEAN CUT
  0
TEXT
  8
15
 10
57.350000
 20
75.500000
 40
4.444444
 50
270.000000
  1
CLEAN CUT
  0
TEXT
  8
15
 10
35.750000
 20
-112.800000
 40
4.441833
 50
285.079100
  1
CLEAN CUT
  0
TEXT
  8
15
 10
40.950000
 20
132.100000
 40
4.441833
 50
254.920900
  1
CLEAN CUT
  0
TEXT
  8
15
 10
69.150000
 20
-139.500000
 40
4.952020
 50
281.650300
  1
HIGH
  0
TEXT
  8
15
 10
71.150000
 20
149.200000
 40
4.952020
 50
258.349700
  1
HIGH
  0
TEXT
  8
1
 10
4.200000
 20
17.700000
 40
10.000000
 50
0.000000
  1
Piece Name: WHAIST FRONT 1P
  0
TEXT
  8
1
 10
4.200000
 20
28.700000
 40
10.000000
 50
0.000000
  1
Size: 42
  0
TEXT
  8
1
 10
4.200000
 20
39.700000
 40
10.000000
 50
0.000000
  1
Annotation: WHAIST FRONT 1P
  0
TEXT
  8
1
 10
4.200000
 20
50.700000
 40
10.000000
 50
0.000000
  1
Quantity: 1
  0
TEXT
  8
1
 10
4.200000
 20
61.700000
 40
10.000000
 50
0.000000
  1
Material: LEATHER
  0
ENDBLK
  0
BLOCK
  8
1
  2
INSIDE WHAIST FRNT 1P
 70
     0
 10
0.00
 20
0.00
  0
POLYLINE
  8
84
 66
     1
 70
     1
  0
VERTEX
  8
84
 10
70.450000
 20
-20.000000
  0
VERTEX
  8
84
 10
70.550000
 20
-38.500000
  0
VERTEX
  8
84
 10
71.050000
 20
-54.900000
  0
VERTEX
  8
84
 10
71.950000
 20
-68.900000
  0
VERTEX
  8
84
 10
73.050000
 20
-80.800000
  0
VERTEX
  8
84
 10
74.050000
 20
-90.500000
  0
VERTEX
  8
84
 10
74.850000
 20
-96.800000
  0
VERTEX
  8
84
 10
75.150000
 20
-100.000000
  0
VERTEX
  8
84
 10
76.050000
 20
-105.900000
  0
VERTEX
  8
84
 10
77.050000
 20
-111.800000
  0
VERTEX
  8
84
 10
77.950000
 20
-117.700000
  0
VERTEX
  8
84
 10
80.550000
 20
-129.900000
  0
VERTEX
  8
84
 10
85.350000
 20
-148.800000
  0
VERTEX
  8
84
 10
91.850000
 20
-172.200000
  0
VERTEX
  8
84
 10
96.050000
 20
-187.400000
  0
VERTEX
  8
84
 10
98.750000
 20
-197.100000
  0
VERTEX
  8
84
 10
47.650000
 20
-217.500000
  0
VERTEX
  8
84
 10
44.850000
 20
-207.900000
  0
VERTEX
  8
84
 10
38.950000
 20
-187.500000
  0
VERTEX
  8
84
 10
32.050000
 20
-161.500000
  0
VERTEX
  8
84
 10
27.150000
 20
-140.600000
  0
VERTEX
  8
84
 10
23.750000
 20
-125.000000
  0
VERTEX
  8
84
 10
21.850000
 20
-114.000000
  0
VERTEX
  8
84
 10
20.650000
 20
-105.200000
  0
VERTEX
  8
84
 10
19.550000
 20
-96.100000
  0
VERTEX
  8
84
 10
18.450000
 20
-85.600000
  0
VERTEX
  8
84
 10
17.350000
 20
-73.100000
  0
VERTEX
  8
84
 10
16.350000
 20
-57.800000
  0
VERTEX
  8
84
 10
15.850000
 20
-40.000000
  0
VERTEX
  8
84
 10
15.550000
 20
-20.000000
  0
VERTEX
  8
84
 10
15.550000
 20
0.000000
  0
VERTEX
  8
84
 10
15.550000
 20
20.000000
  0
VERTEX
  8
84
 10
15.850000
 20
40.000000
  0
VERTEX
  8
84
 10
16.350000
 20
57.800000
  0
VERTEX
  8
84
 10
17.350000
 20
73.100000
  0
VERTEX
  8
84
 10
18.450000
 20
85.600000
  0
VERTEX
  8
84
 10
19.550000
 20
96.100000
  0
VERTEX
  8
84
 10
20.650000
 20
105.200000
  0
VERTEX
  8
84
 10
21.850000
 20
114.000000
  0
VERTEX
  8
84
 10
23.750000
 20
125.000000
  0
VERTEX
  8
84
 10
27.150000
 20
140.600000
  0
VERTEX
  8
84
 10
32.050000
 20
161.500000
  0
VERTEX
  8
84
 10
38.950000
 20
187.500000
  0
VERTEX
  8
84
 10
44.850000
 20
207.900000
  0
VERTEX
  8
84
 10
47.650000
 20
217.500000
  0
VERTEX
  8
84
 10
98.750000
 20
197.100000
  0
VERTEX
  8
84
 10
96.050000
 20
187.400000
  0
VERTEX
  8
84
 10
91.850000
 20
172.200000
  0
VERTEX
  8
84
 10
85.350000
 20
148.800000
  0
VERTEX
  8
84
 10
80.550000
 20
129.900000
  0
VERTEX
  8
84
 10
77.950000
 20
117.700000
  0
VERTEX
  8
84
 10
77.050000
 20
111.800000
  0
VERTEX
  8
84
 10
76.050000
 20
105.900000
  0
VERTEX
  8
84
 10
75.150000
 20
100.000000
  0
VERTEX
  8
84
 10
74.850000
 20
96.800000
  0
VERTEX
  8
84
 10
74.050000
 20
90.500000
  0
VERTEX
  8
84
 10
73.050000
 20
80.800000
  0
VERTEX
  8
84
 10
71.950000
 20
68.900000
  0
VERTEX
  8
84
 10
71.050000
 20
54.900000
  0
VERTEX
  8
84
 10
70.550000
 20
38.500000
  0
VERTEX
  8
84
 10
70.450000
 20
20.000000
  0
VERTEX
  8
84
 10
70.550000
 20
0.000000
  0
VERTEX
  8
84
 10
70.450000
 20
-20.000000
  0
SEQEND
  0
POLYLINE
  8
1
 66
     1
 70
     1
  0
VERTEX
  8
1
 10
70.450000
 20
-20.000000
  0
VERTEX
  8
1
 10
70.550000
 20
-38.500000
  0
VERTEX
  8
1
 10
71.050000
 20
-54.900000
  0
VERTEX
  8
1
 10
71.950000
 20
-68.900000
  0
VERTEX
  8
1
 10
73.050000
 20
-80.800000
  0
VERTEX
  8
1
 10
74.050000
 20
-90.500000
  0
VERTEX
  8
1
 10
74.850000
 20
-96.800000
  0
VERTEX
  8
1
 10
75.150000
 20
-100.000000
  0
VERTEX
  8
1
 10
76.050000
 20
-105.900000
  0
VERTEX
  8
1
 10
77.050000
 20
-111.800000
  0
VERTEX
  8
1
 10
77.950000
 20
-117.700000
  0
VERTEX
  8
1
 10
80.550000
 20
-129.900000
  0
VERTEX
  8
1
 10
85.350000
 20
-148.800000
  0
VERTEX
  8
1
 10
91.850000
 20
-172.200000
  0
VERTEX
  8
1
 10
96.050000
 20
-187.400000
  0
VERTEX
  8
1
 10
98.750000
 20
-197.100000
  0
VERTEX
  8
1
 10
47.650000
 20
-217.500000
  0
VERTEX
  8
1
 10
44.850000
 20
-207.900000
  0
VERTEX
  8
1
 10
38.950000
 20
-187.500000
  0
VERTEX
  8
1
 10
32.050000
 20
-161.500000
  0
VERTEX
  8
1
 10
27.150000
 20
-140.600000
  0
VERTEX
  8
1
 10
23.750000
 20
-125.000000
  0
VERTEX
  8
1
 10
21.850000
 20
-114.000000
  0
VERTEX
  8
1
 10
20.650000
 20
-105.200000
  0
VERTEX
  8
1
 10
19.550000
 20
-96.100000
  0
VERTEX
  8
1
 10
18.450000
 20
-85.600000
  0
VERTEX
  8
1
 10
17.350000
 20
-73.100000
  0
VERTEX
  8
1
 10
16.350000
 20
-57.800000
  0
VERTEX
  8
1
 10
15.850000
 20
-40.000000
  0
VERTEX
  8
1
 10
15.550000
 20
-20.000000
  0
VERTEX
  8
1
 10
15.550000
 20
0.000000
  0
VERTEX
  8
1
 10
15.550000
 20
20.000000
  0
VERTEX
  8
1
 10
15.850000
 20
40.000000
  0
VERTEX
  8
1
 10
16.350000
 20
57.800000
  0
VERTEX
  8
1
 10
17.350000
 20
73.100000
  0
VERTEX
  8
1
 10
18.450000
 20
85.600000
  0
VERTEX
  8
1
 10
19.550000
 20
96.100000
  0
VERTEX
  8
1
 10
20.650000
 20
105.200000
  0
VERTEX
  8
1
 10
21.850000
 20
114.000000
  0
VERTEX
  8
1
 10
23.750000
 20
125.000000
  0
VERTEX
  8
1
 10
27.150000
 20
140.600000
  0
VERTEX
  8
1
 10
32.050000
 20
161.500000
  0
VERTEX
  8
1
 10
38.950000
 20
187.500000
  0
VERTEX
  8
1
 10
44.850000
 20
207.900000
  0
VERTEX
  8
1
 10
47.650000
 20
217.500000
  0
VERTEX
  8
1
 10
98.750000
 20
197.100000
  0
VERTEX
  8
1
 10
96.050000
 20
187.400000
  0
VERTEX
  8
1
 10
91.850000
 20
172.200000
  0
VERTEX
  8
1
 10
85.350000
 20
148.800000
  0
VERTEX
  8
1
 10
80.550000
 20
129.900000
  0
VERTEX
  8
1
 10
77.950000
 20
117.700000
  0
VERTEX
  8
1
 10
77.050000
 20
111.800000
  0
VERTEX
  8
1
 10
76.050000
 20
105.900000
  0
VERTEX
  8
1
 10
75.150000
 20
100.000000
  0
VERTEX
  8
1
 10
74.850000
 20
96.800000
  0
VERTEX
  8
1
 10
74.050000
 20
90.500000
  0
VERTEX
  8
1
 10
73.050000
 20
80.800000
  0
VERTEX
  8
1
 10
71.950000
 20
68.900000
  0
VERTEX
  8
1
 10
71.050000
 20
54.900000
  0
VERTEX
  8
1
 10
70.550000
 20
38.500000
  0
VERTEX
  8
1
 10
70.450000
 20
20.000000
  0
VERTEX
  8
1
 10
70.550000
 20
0.000000
  0
VERTEX
  8
1
 10
70.450000
 20
-20.000000
  0
SEQEND
  0
POLYLINE
  8
87
 66
     1
  0
VERTEX
  8
87
 10
60.550000
 20
-20.000000
  0
VERTEX
  8
87
 10
60.650000
 20
-38.600000
  0
VERTEX
  8
87
 10
61.150000
 20
-55.300000
  0
VERTEX
  8
87
 10
62.050000
 20
-69.600000
  0
VERTEX
  8
87
 10
63.150000
 20
-81.700000
  0
VERTEX
  8
87
 10
64.150000
 20
-91.600000
  0
VERTEX
  8
87
 10
64.950000
 20
-97.800000
  0
VERTEX
  8
87
 10
65.250000
 20
-100.800000
  0
VERTEX
  8
87
 10
66.250000
 20
-107.400000
  0
VERTEX
  8
87
 10
67.250000
 20
-113.300000
  0
VERTEX
  8
87
 10
68.150000
 20
-119.400000
  0
VERTEX
  8
87
 10
70.850000
 20
-132.100000
  0
VERTEX
  8
87
 10
75.750000
 20
-151.300000
  0
VERTEX
  8
87
 10
82.250000
 20
-174.800000
  0
VERTEX
  8
87
 10
86.450000
 20
-190.000000
  0
VERTEX
  8
87
 10
86.750000
 20
-191.100000
  0
VERTEX
  8
87
 10
54.250000
 20
-204.200000
  0
VERTEX
  8
87
 10
48.550000
 20
-184.900000
  0
VERTEX
  8
87
 10
41.750000
 20
-159.100000
  0
VERTEX
  8
87
 10
36.850000
 20
-138.400000
  0
VERTEX
  8
87
 10
33.550000
 20
-123.100000
  0
VERTEX
  8
87
 10
31.750000
 20
-112.500000
  0
VERTEX
  8
87
 10
30.550000
 20
-103.900000
  0
VERTEX
  8
87
 10
29.450000
 20
-95.000000
  0
VERTEX
  8
87
 10
28.350000
 20
-84.700000
  0
VERTEX
  8
87
 10
27.250000
 20
-72.400000
  0
VERTEX
  8
87
 10
26.250000
 20
-57.400000
  0
VERTEX
  8
87
 10
25.750000
 20
-39.800000
  0
VERTEX
  8
87
 10
25.550000
 20
-19.900000
  0
VERTEX
  8
87
 10
25.550000
 20
0.000000
  0
VERTEX
  8
87
 10
25.550000
 20
19.900000
  0
VERTEX
  8
87
 10
25.750000
 20
39.800000
  0
VERTEX
  8
87
 10
26.250000
 20
57.400000
  0
VERTEX
  8
87
 10
27.250000
 20
72.400000
  0
VERTEX
  8
87
 10
28.350000
 20
84.700000
  0
VERTEX
  8
87
 10
29.450000
 20
95.000000
  0
VERTEX
  8
87
 10
30.550000
 20
103.600000
  0
VERTEX
  8
87
 10
31.750000
 20
112.500000
  0
VERTEX
  8
87
 10
32.650000
 20
117.300000
  0
VERTEX
  8
87
 10
33.550000
 20
123.100000
  0
VERTEX
  8
87
 10
36.850000
 20
138.400000
  0
VERTEX
  8
87
 10
41.750000
 20
159.100000
  0
VERTEX
  8
87
 10
48.550000
 20
184.900000
  0
VERTEX
  8
87
 10
52.550000
 20
198.200000
  0
VERTEX
  8
87
 10
54.450000
 20
205.100000
  0
VERTEX
  8
87
 10
86.750000
 20
191.200000
  0
VERTEX
  8
87
 10
86.450000
 20
190.000000
  0
VERTEX
  8
87
 10
82.250000
 20
174.800000
  0
VERTEX
  8
87
 10
75.750000
 20
151.300000
  0
VERTEX
  8
87
 10
70.850000
 20
132.100000
  0
VERTEX
  8
87
 10
68.150000
 20
119.400000
  0
VERTEX
  8
87
 10
67.250000
 20
113.300000
  0
VERTEX
  8
87
 10
66.250000
 20
107.400000
  0
VERTEX
  8
87
 10
65.250000
 20
101.200000
  0
VERTEX
  8
87
 10
64.950000
 20
97.800000
  0
VERTEX
  8
87
 10
64.150000
 20
91.600000
  0
VERTEX
  8
87
 10
63.150000
 20
81.700000
  0
VERTEX
  8
87
 10
62.050000
 20
69.600000
  0
VERTEX
  8
87
 10
61.150000
 20
55.300000
  0
VERTEX
  8
87
 10
60.650000
 20
38.600000
  0
VERTEX
  8
87
 10
60.550000
 20
20.000000
  0
VERTEX
  8
87
 10
60.650000
 20
0.000000
  0
VERTEX
  8
87
 10
60.550000
 20
-20.000000
  0
SEQEND
  0
POLYLINE
  8
14
 66
     1
  0
VERTEX
  8
14
 10
60.550000
 20
-20.000000
  0
VERTEX
  8
14
 10
60.650000
 20
-38.600000
  0
VERTEX
  8
14
 10
61.150000
 20
-55.300000
  0
VERTEX
  8
14
 10
62.050000
 20
-69.600000
  0
VERTEX
  8
14
 10
63.150000
 20
-81.700000
  0
VERTEX
  8
14
 10
64.150000
 20
-91.600000
  0
VERTEX
  8
14
 10
64.950000
 20
-97.800000
  0
VERTEX
  8
14
 10
65.250000
 20
-100.800000
  0
VERTEX
  8
14
 10
66.250000
 20
-107.400000
  0
VERTEX
  8
14
 10
67.250000
 20
-113.300000
  0
VERTEX
  8
14
 10
68.150000
 20
-119.400000
  0
VERTEX
  8
14
 10
70.850000
 20
-132.100000
  0
VERTEX
  8
14
 10
75.750000
 20
-151.300000
  0
VERTEX
  8
14
 10
82.250000
 20
-174.800000
  0
VERTEX
  8
14
 10
86.450000
 20
-190.000000
  0
VERTEX
  8
14
 10
86.750000
 20
-191.100000
  0
VERTEX
  8
14
 10
54.250000
 20
-204.200000
  0
VERTEX
  8
14
 10
48.550000
 20
-184.900000
  0
VERTEX
  8
14
 10
41.750000
 20
-159.100000
  0
VERTEX
  8
14
 10
36.850000
 20
-138.400000
  0
VERTEX
  8
14
 10
33.550000
 20
-123.100000
  0
VERTEX
  8
14
 10
31.750000
 20
-112.500000
  0
VERTEX
  8
14
 10
30.550000
 20
-103.900000
  0
VERTEX
  8
14
 10
29.450000
 20
-95.000000
  0
VERTEX
  8
14
 10
28.350000
 20
-84.700000
  0
VERTEX
  8
14
 10
27.250000
 20
-72.400000
  0
VERTEX
  8
14
 10
26.250000
 20
-57.400000
  0
VERTEX
  8
14
 10
25.750000
 20
-39.800000
  0
VERTEX
  8
14
 10
25.550000
 20
-19.900000
  0
VERTEX
  8
14
 10
25.550000
 20
0.000000
  0
VERTEX
  8
14
 10
25.550000
 20
19.900000
  0
VERTEX
  8
14
 10
25.750000
 20
39.800000
  0
VERTEX
  8
14
 10
26.250000
 20
57.400000
  0
VERTEX
  8
14
 10
27.250000
 20
72.400000
  0
VERTEX
  8
14
 10
28.350000
 20
84.700000
  0
VERTEX
  8
14
 10
29.450000
 20
95.000000
  0
VERTEX
  8
14
 10
30.550000
 20
103.600000
  0
VERTEX
  8
14
 10
31.750000
 20
112.500000
  0
VERTEX
  8
14
 10
32.650000
 20
117.300000
  0
VERTEX
  8
14
 10
33.550000
 20
123.100000
  0
VERTEX
  8
14
 10
36.850000
 20
138.400000
  0
VERTEX
  8
14
 10
41.750000
 20
159.100000
  0
VERTEX
  8
14
 10
48.550000
 20
184.900000
  0
VERTEX
  8
14
 10
52.550000
 20
198.200000
  0
VERTEX
  8
14
 10
54.450000
 20
205.100000
  0
VERTEX
  8
14
 10
86.750000
 20
191.200000
  0
VERTEX
  8
14
 10
86.450000
 20
190.000000
  0
VERTEX
  8
14
 10
82.250000
 20
174.800000
  0
VERTEX
  8
14
 10
75.750000
 20
151.300000
  0
VERTEX
  8
14
 10
70.850000
 20
132.100000
  0
VERTEX
  8
14
 10
68.150000
 20
119.400000
  0
VERTEX
  8
14
 10
67.250000
 20
113.300000
  0
VERTEX
  8
14
 10
66.250000
 20
107.400000
  0
VERTEX
  8
14
 10
65.250000
 20
101.200000
  0
VERTEX
  8
14
 10
64.950000
 20
97.800000
  0
VERTEX
  8
14
 10
64.150000
 20
91.600000
  0
VERTEX
  8
14
 10
63.150000
 20
81.700000
  0
VERTEX
  8
14
 10
62.050000
 20
69.600000
  0
VERTEX
  8
14
 10
61.150000
 20
55.300000
  0
VERTEX
  8
14
 10
60.650000
 20
38.600000
  0
VERTEX
  8
14
 10
60.550000
 20
20.000000
  0
VERTEX
  8
14
 10
60.650000
 20
0.000000
  0
VERTEX
  8
14
 10
60.550000
 20
-20.000000
  0
SEQEND
  0
POINT
  8
2
 10
70.450000
 20
-20.000000
  0
POINT
  8
3
 10
70.550000
 20
-38.500000
  0
POINT
  8
3
 10
71.050000
 20
-54.900000
  0
POINT
  8
3
 10
71.950000
 20
-68.900000
  0
POINT
  8
3
 10
73.050000
 20
-80.800000
  0
POINT
  8
3
 10
74.050000
 20
-90.500000
  0
POINT
  8
3
 10
74.850000
 20
-96.800000
  0
POINT
  8
2
 10
75.150000
 20
-100.000000
  0
POINT
  8
3
 10
76.050000
 20
-105.900000
  0
POINT
  8
2
 10
77.050000
 20
-111.800000
  0
POINT
  8
3
 10
77.950000
 20
-117.700000
  0
POINT
  8
3
 10
80.550000
 20
-129.900000
  0
POINT
  8
3
 10
85.350000
 20
-148.800000
  0
POINT
  8
3
 10
91.850000
 20
-172.200000
  0
POINT
  8
2
 10
96.050000
 20
-187.400000
  0
POINT
  8
2
 10
98.750000
 20
-197.100000
  0
POINT
  8
2
 10
47.650000
 20
-217.500000
  0
POINT
  8
2
 10
44.850000
 20
-207.900000
  0
POINT
  8
3
 10
38.950000
 20
-187.500000
  0
POINT
  8
3
 10
32.050000
 20
-161.500000
  0
POINT
  8
3
 10
27.150000
 20
-140.600000
  0
POINT
  8
3
 10
23.750000
 20
-125.000000
  0
POINT
  8
3
 10
21.850000
 20
-114.000000
  0
POINT
  8
3
 10
20.650000
 20
-105.200000
  0
POINT
  8
3
 10
19.550000
 20
-96.100000
  0
POINT
  8
3
 10
18.450000
 20
-85.600000
  0
POINT
  8
3
 10
17.350000
 20
-73.100000
  0
POINT
  8
3
 10
16.350000
 20
-57.800000
  0
POINT
  8
3
 10
15.850000
 20
-40.000000
  0
POINT
  8
2
 10
15.550000
 20
-20.000000
  0
POINT
  8
2
 10
15.550000
 20
0.000000
  0
POINT
  8
2
 10
15.550000
 20
20.000000
  0
POINT
  8
3
 10
15.850000
 20
40.000000
  0
POINT
  8
3
 10
16.350000
 20
57.800000
  0
POINT
  8
3
 10
17.350000
 20
73.100000
  0
POINT
  8
3
 10
18.450000
 20
85.600000
  0
POINT
  8
3
 10
19.550000
 20
96.100000
  0
POINT
  8
3
 10
20.650000
 20
105.200000
  0
POINT
  8
3
 10
21.850000
 20
114.000000
  0
POINT
  8
3
 10
23.750000
 20
125.000000
  0
POINT
  8
3
 10
27.150000
 20
140.600000
  0
POINT
  8
3
 10
32.050000
 20
161.500000
  0
POINT
  8
3
 10
38.950000
 20
187.500000
  0
POINT
  8
2
 10
44.850000
 20
207.900000
  0
POINT
  8
2
 10
47.650000
 20
217.500000
  0
POINT
  8
2
 10
98.750000
 20
197.100000
  0
POINT
  8
2
 10
96.050000
 20
187.400000
  0
POINT
  8
3
 10
91.850000
 20
172.200000
  0
POINT
  8
3
 10
85.350000
 20
148.800000
  0
POINT
  8
3
 10
80.550000
 20
129.900000
  0
POINT
  8
3
 10
77.950000
 20
117.700000
  0
POINT
  8
2
 10
77.050000
 20
111.800000
  0
POINT
  8
3
 10
76.050000
 20
105.900000
  0
POINT
  8
2
 10
75.150000
 20
100.000000
  0
POINT
  8
3
 10
74.850000
 20
96.800000
  0
POINT
  8
3
 10
74.050000
 20
90.500000
  0
POINT
  8
3
 10
73.050000
 20
80.800000
  0
POINT
  8
3
 10
71.950000
 20
68.900000
  0
POINT
  8
3
 10
71.050000
 20
54.900000
  0
POINT
  8
3
 10
70.550000
 20
38.500000
  0
POINT
  8
2
 10
70.450000
 20
20.000000
  0
POINT
  8
2
 10
70.550000
 20
0.000000
  0
POINT
  8
2
 10
70.450000
 20
-20.000000
  0
POINT
  8
2
 10
75.150000
 20
-100.000000
 39
2.500000
 50
184.763600
  0
POINT
  8
2
 10
77.050000
 20
-111.800000
 39
2.500000
 50
189.462300
  0
POINT
  8
2
 10
96.050000
 20
-187.400000
 39
2.500000
 50
194.036200
  0
POINT
  8
2
 10
44.850000
 20
-207.900000
 39
2.500000
 50
16.260200
  0
POINT
  8
2
 10
15.550000
 20
0.000000
 39
2.500000
  0
POINT
  8
2
 10
44.850000
 20
207.900000
 39
2.500000
 50
345.963700
  0
POINT
  8
2
 10
96.050000
 20
187.400000
 39
2.500000
 50
165.963800
  0
POINT
  8
2
 10
77.050000
 20
111.800000
 39
2.500000
 50
172.875000
  0
POINT
  8
2
 10
75.150000
 20
100.000000
 39
2.500000
 50
175.236400
  0
POINT
  8
2
 10
70.550000
 20
0.000000
 39
2.500000
 50
180.000000
  0
POINT
  8
2
 10
60.550000
 20
-20.000000
  0
POINT
  8
3
 10
60.650000
 20
-38.600000
  0
POINT
  8
3
 10
61.150000
 20
-55.300000
  0
POINT
  8
3
 10
62.050000
 20
-69.600000
  0
POINT
  8
3
 10
63.150000
 20
-81.700000
  0
POINT
  8
3
 10
64.150000
 20
-91.600000
  0
POINT
  8
3
 10
64.950000
 20
-97.800000
  0
POINT
  8
2
 10
65.250000
 20
-100.800000
  0
POINT
  8
3
 10
66.250000
 20
-107.400000
  0
POINT
  8
2
 10
67.250000
 20
-113.300000
  0
POINT
  8
3
 10
68.150000
 20
-119.400000
  0
POINT
  8
3
 10
70.850000
 20
-132.100000
  0
POINT
  8
3
 10
75.750000
 20
-151.300000
  0
POINT
  8
3
 10
82.250000
 20
-174.800000
  0
POINT
  8
2
 10
86.450000
 20
-190.000000
  0
POINT
  8
2
 10
86.750000
 20
-191.100000
  0
POINT
  8
2
 10
54.250000
 20
-204.200000
  0
POINT
  8
3
 10
48.550000
 20
-184.900000
  0
POINT
  8
3
 10
41.750000
 20
-159.100000
  0
POINT
  8
3
 10
36.850000
 20
-138.400000
  0
POINT
  8
3
 10
33.550000
 20
-123.100000
  0
POINT
  8
3
 10
31.750000
 20
-112.500000
  0
POINT
  8
3
 10
30.550000
 20
-103.900000
  0
POINT
  8
3
 10
29.450000
 20
-95.000000
  0
POINT
  8
3
 10
28.350000
 20
-84.700000
  0
POINT
  8
3
 10
27.250000
 20
-72.400000
  0
POINT
  8
3
 10
26.250000
 20
-57.400000
  0
POINT
  8
3
 10
25.750000
 20
-39.800000
  0
POINT
  8
2
 10
25.550000
 20
-19.900000
  0
POINT
  8
2
 10
25.550000
 20
0.000000
  0
POINT
  8
2
 10
25.550000
 20
19.900000
  0
POINT
  8
3
 10
25.750000
 20
39.800000
  0
POINT
  8
3
 10
26.250000
 20
57.400000
  0
POINT
  8
3
 10
27.250000
 20
72.400000
  0
POINT
  8
3
 10
28.350000
 20
84.700000
  0
POINT
  8
3
 10
29.450000
 20
95.000000
  0
POINT
  8
3
 10
30.550000
 20
103.600000
  0
POINT
  8
3
 10
31.750000
 20
112.500000
  0
POINT
  8
3
 10
32.650000
 20
117.300000
  0
POINT
  8
3
 10
33.550000
 20
123.100000
  0
POINT
  8
3
 10
36.850000
 20
138.400000
  0
POINT
  8
3
 10
41.750000
 20
159.100000
  0
POINT
  8
3
 10
48.550000
 20
184.900000
  0
POINT
  8
3
 10
52.550000
 20
198.200000
  0
POINT
  8
2
 10
54.450000
 20
205.100000
  0
POINT
  8
2
 10
86.750000
 20
191.200000
  0
POINT
  8
2
 10
86.450000
 20
190.000000
  0
POINT
  8
3
 10
82.250000
 20
174.800000
  0
POINT
  8
3
 10
75.750000
 20
151.300000
  0
POINT
  8
3
 10
70.850000
 20
132.100000
  0
POINT
  8
3
 10
68.150000
 20
119.400000
  0
POINT
  8
2
 10
67.250000
 20
113.300000
  0
POINT
  8
3
 10
66.250000
 20
107.400000
  0
POINT
  8
2
 10
65.250000
 20
101.200000
  0
POINT
  8
3
 10
64.950000
 20
97.800000
  0
POINT
  8
3
 10
64.150000
 20
91.600000
  0
POINT
  8
3
 10
63.150000
 20
81.700000
  0
POINT
  8
3
 10
62.050000
 20
69.600000
  0
POINT
  8
3
 10
61.150000
 20
55.300000
  0
POINT
  8
3
 10
60.650000
 20
38.600000
  0
POINT
  8
2
 10
60.550000
 20
20.000000
  0
POINT
  8
2
 10
60.650000
 20
0.000000
  0
POINT
  8
2
 10
60.550000
 20
-20.000000
  0
POINT
  8
4
 10
75.150000
 20
-100.000000
 30
2.500000
 50
184.763600
  0
POINT
  8
4
 10
77.050000
 20
-111.800000
 30
2.500000
 50
189.462300
  0
POINT
  8
4
 10
96.050000
 20
-187.400000
 30
2.500000
 50
194.036200
  0
POINT
  8
4
 10
44.850000
 20
-207.900000
 30
2.500000
 50
16.260200
  0
POINT
  8
4
 10
15.550000
 20
0.000000
 30
2.500000
  0
POINT
  8
4
 10
44.850000
 20
207.900000
 30
2.500000
 50
345.963700
  0
POINT
  8
4
 10
96.050000
 20
187.400000
 30
2.500000
 50
165.963800
  0
POINT
  8
4
 10
77.050000
 20
111.800000
 30
2.500000
 50
172.875000
  0
POINT
  8
4
 10
75.150000
 20
100.000000
 30
2.500000
 50
175.236400
  0
POINT
  8
4
 10
70.550000
 20
0.000000
 30
2.500000
 50
180.000000
  0
LINE
  8
5
 10
70.450000
 20
0.000000
 11
15.650000
 21
0.000000
  0
LINE
  8
7
 10
70.450000
 20
0.000000
 11
15.650000
 21
0.000000
  0
TEXT
  8
15
 10
69.150000
 20
-139.500000
 40
4.952020
 50
281.650300
  1
HIGH
  0
TEXT
  8
15
 10
71.150000
 20
149.200000
 40
4.952020
 50
258.349700
  1
HIGH
  0
TEXT
  8
15
 10
61.850000
 20
-46.000000
 40
6.651859
 50
275.896300
  1
TRIMMING 1CM
  0
TEXT
  8
15
 10
65.950000
 20
85.700000
 40
6.651859
 50
264.103700
  1
TRIMMING 1CM
  0
TEXT
  8
1
 10
4.200000
 20
17.700000
 40
10.000000
 50
0.000000
  1
Piece Name: INSIDE WHAIST FRNT 1P
  0
TEXT
  8
1
 10
4.200000
 20
28.700000
 40
10.000000
 50
0.000000
  1
Size: 42
  0
TEXT
  8
1
 10
4.200000
 20
39.700000
 40
10.000000
 50
0.000000
  1
Annotation: INSIDE WHAIST FRNT 1P
  0
TEXT
  8
1
 10
4.200000
 20
50.700000
 40
10.000000
 50
0.000000
  1
Quantity: 1
  0
TEXT
  8
1
 10
4.200000
 20
61.700000
 40
10.000000
 50
0.000000
  1
Material: LEATHER
  0
ENDBLK
  0
BLOCK
  8
1
  2
SIDE FRONT 1P
 70
     0
 10
0.00
 20
0.00
  0
POLYLINE
  8
84
 66
     1
 70
     1
  0
VERTEX
  8
84
 10
-236.550000
 20
0.000000
  0
VERTEX
  8
84
 10
-8.250000
 20
60.700000
  0
VERTEX
  8
84
 10
20.750000
 20
68.300000
  0
VERTEX
  8
84
 10
111.650000
 20
92.100000
  0
VERTEX
  8
84
 10
115.050000
 20
79.200000
  0
VERTEX
  8
84
 10
117.950000
 20
68.600000
  0
VERTEX
  8
84
 10
120.450000
 20
60.400000
  0
VERTEX
  8
84
 10
122.550000
 20
53.600000
  0
VERTEX
  8
84
 10
124.750000
 20
46.900000
  0
VERTEX
  8
84
 10
127.150000
 20
40.600000
  0
VERTEX
  8
84
 10
134.150000
 20
24.100000
  0
VERTEX
  8
84
 10
140.750000
 20
9.000000
  0
VERTEX
  8
84
 10
153.450000
 20
-19.600000
  0
VERTEX
  8
84
 10
23.450000
 20
-94.000000
  0
VERTEX
  8
84
 10
-114.250000
 20
-173.200000
  0
VERTEX
  8
84
 10
-153.750000
 20
-196.000000
  0
VERTEX
  8
84
 10
-161.050000
 20
-183.200000
  0
VERTEX
  8
84
 10
-169.250000
 20
-167.300000
  0
VERTEX
  8
84
 10
-177.750000
 20
-149.600000
  0
VERTEX
  8
84
 10
-188.450000
 20
-127.400000
  0
VERTEX
  8
84
 10
-190.950000
 20
-122.000000
  0
VERTEX
  8
84
 10
-203.250000
 20
-95.500000
  0
VERTEX
  8
84
 10
-210.550000
 20
-78.400000
  0
VERTEX
  8
84
 10
-217.450000
 20
-60.900000
  0
VERTEX
  8
84
 10
-223.850000
 20
-43.100000
  0
VERTEX
  8
84
 10
-231.250000
 20
-18.000000
  0
VERTEX
  8
84
 10
-236.550000
 20
0.000000
  0
SEQEND
  0
POLYLINE
  8
1
 66
     1
 70
     1
  0
VERTEX
  8
1
 10
-236.550000
 20
0.000000
  0
VERTEX
  8
1
 10
-8.250000
 20
60.700000
  0
VERTEX
  8
1
 10
20.750000
 20
68.300000
  0
VERTEX
  8
1
 10
111.650000
 20
92.100000
  0
VERTEX
  8
1
 10
115.050000
 20
79.200000
  0
VERTEX
  8
1
 10
117.950000
 20
68.600000
  0
VERTEX
  8
1
 10
120.450000
 20
60.400000
  0
VERTEX
  8
1
 10
122.550000
 20
53.600000
  0
VERTEX
  8
1
 10
124.750000
 20
46.900000
  0
VERTEX
  8
1
 10
127.150000
 20
40.600000
  0
VERTEX
  8
1
 10
134.150000
 20
24.100000
  0
VERTEX
  8
1
 10
140.750000
 20
9.000000
  0
VERTEX
  8
1
 10
153.450000
 20
-19.600000
  0
VERTEX
  8
1
 10
23.450000
 20
-94.000000
  0
VERTEX
  8
1
 10
-114.250000
 20
-173.200000
  0
VERTEX
  8
1
 10
-153.750000
 20
-196.000000
  0
VERTEX
  8
1
 10
-161.050000
 20
-183.200000
  0
VERTEX
  8
1
 10
-169.250000
 20
-167.300000
  0
VERTEX
  8
1
 10
-177.750000
 20
-149.600000
  0
VERTEX
  8
1
 10
-188.450000
 20
-127.400000
  0
VERTEX
  8
1
 10
-190.950000
 20
-122.000000
  0
VERTEX
  8
1
 10
-203.250000
 20
-95.500000
  0
VERTEX
  8
1
 10
-210.550000
 20
-78.400000
  0
VERTEX
  8
1
 10
-217.450000
 20
-60.900000
  0
VERTEX
  8
1
 10
-223.850000
 20
-43.100000
  0
VERTEX
  8
1
 10
-231.250000
 20
-18.000000
  0
VERTEX
  8
1
 10
-236.550000
 20
0.000000
  0
SEQEND
  0
POLYLINE
  8
87
 66
     1
  0
VERTEX
  8
87
 10
-233.750000
 20
-9.500000
  0
VERTEX
  8
87
 10
-5.750000
 20
51.100000
  0
VERTEX
  8
87
 10
23.250000
 20
58.700000
  0
VERTEX
  8
87
 10
104.550000
 20
79.900000
  0
VERTEX
  8
87
 10
105.450000
 20
76.600000
  0
VERTEX
  8
87
 10
108.350000
 20
65.800000
  0
VERTEX
  8
87
 10
110.950000
 20
57.500000
  0
VERTEX
  8
87
 10
113.050000
 20
50.600000
  0
VERTEX
  8
87
 10
115.350000
 20
43.600000
  0
VERTEX
  8
87
 10
117.750000
 20
37.400000
  0
VERTEX
  8
87
 10
124.950000
 20
20.100000
  0
VERTEX
  8
87
 10
131.650000
 20
5.000000
  0
VERTEX
  8
87
 10
140.650000
 20
-15.400000
  0
VERTEX
  8
87
 10
18.550000
 20
-85.400000
  0
VERTEX
  8
87
 10
-119.150000
 20
-164.600000
  0
VERTEX
  8
87
 10
-158.650000
 20
-187.300000
  0
VERTEX
  8
87
 10
-161.050000
 20
-183.200000
  0
VERTEX
  8
87
 10
-169.250000
 20
-167.300000
  0
VERTEX
  8
87
 10
-177.750000
 20
-149.600000
  0
VERTEX
  8
87
 10
-188.450000
 20
-127.400000
  0
VERTEX
  8
87
 10
-190.950000
 20
-122.000000
  0
VERTEX
  8
87
 10
-203.250000
 20
-95.500000
  0
VERTEX
  8
87
 10
-210.550000
 20
-78.400000
  0
VERTEX
  8
87
 10
-217.450000
 20
-60.900000
  0
VERTEX
  8
87
 10
-223.850000
 20
-43.100000
  0
VERTEX
  8
87
 10
-231.250000
 20
-18.000000
  0
VERTEX
  8
87
 10
-233.750000
 20
-9.500000
  0
SEQEND
  0
POLYLINE
  8
14
 66
     1
  0
VERTEX
  8
14
 10
-233.750000
 20
-9.500000
  0
VERTEX
  8
14
 10
-5.750000
 20
51.100000
  0
VERTEX
  8
14
 10
23.250000
 20
58.700000
  0
VERTEX
  8
14
 10
104.550000
 20
79.900000
  0
VERTEX
  8
14
 10
105.450000
 20
76.600000
  0
VERTEX
  8
14
 10
108.350000
 20
65.800000
  0
VERTEX
  8
14
 10
110.950000
 20
57.500000
  0
VERTEX
  8
14
 10
113.050000
 20
50.600000
  0
VERTEX
  8
14
 10
115.350000
 20
43.600000
  0
VERTEX
  8
14
 10
117.750000
 20
37.400000
  0
VERTEX
  8
14
 10
124.950000
 20
20.100000
  0
VERTEX
  8
14
 10
131.650000
 20
5.000000
  0
VERTEX
  8
14
 10
140.650000
 20
-15.400000
  0
VERTEX
  8
14
 10
18.550000
 20
-85.400000
  0
VERTEX
  8
14
 10
-119.150000
 20
-164.600000
  0
VERTEX
  8
14
 10
-158.650000
 20
-187.300000
  0
VERTEX
  8
14
 10
-161.050000
 20
-183.200000
  0
VERTEX
  8
14
 10
-169.250000
 20
-167.300000
  0
VERTEX
  8
14
 10
-177.750000
 20
-149.600000
  0
VERTEX
  8
14
 10
-188.450000
 20
-127.400000
  0
VERTEX
  8
14
 10
-190.950000
 20
-122.000000
  0
VERTEX
  8
14
 10
-203.250000
 20
-95.500000
  0
VERTEX
  8
14
 10
-210.550000
 20
-78.400000
  0
VERTEX
  8
14
 10
-217.450000
 20
-60.900000
  0
VERTEX
  8
14
 10
-223.850000
 20
-43.100000
  0
VERTEX
  8
14
 10
-231.250000
 20
-18.000000
  0
VERTEX
  8
14
 10
-233.750000
 20
-9.500000
  0
SEQEND
  0
POINT
  8
2
 10
-236.550000
 20
0.000000
  0
POINT
  8
2
 10
-8.250000
 20
60.700000
  0
POINT
  8
2
 10
20.750000
 20
68.300000
  0
POINT
  8
2
 10
111.650000
 20
92.100000
  0
POINT
  8
3
 10
115.050000
 20
79.200000
  0
POINT
  8
3
 10
117.950000
 20
68.600000
  0
POINT
  8
3
 10
120.450000
 20
60.400000
  0
POINT
  8
3
 10
122.550000
 20
53.600000
  0
POINT
  8
3
 10
124.750000
 20
46.900000
  0
POINT
  8
2
 10
127.150000
 20
40.600000
  0
POINT
  8
3
 10
134.150000
 20
24.100000
  0
POINT
  8
3
 10
140.750000
 20
9.000000
  0
POINT
  8
2
 10
153.450000
 20
-19.600000
  0
POINT
  8
3
 10
23.450000
 20
-94.000000
  0
POINT
  8
3
 10
-114.250000
 20
-173.200000
  0
POINT
  8
2
 10
-153.750000
 20
-196.000000
  0
POINT
  8
3
 10
-161.050000
 20
-183.200000
  0
POINT
  8
3
 10
-169.250000
 20
-167.300000
  0
POINT
  8
2
 10
-177.750000
 20
-149.600000
  0
POINT
  8
3
 10
-188.450000
 20
-127.400000
  0
POINT
  8
2
 10
-190.950000
 20
-122.000000
  0
POINT
  8
3
 10
-203.250000
 20
-95.500000
  0
POINT
  8
3
 10
-210.550000
 20
-78.400000
  0
POINT
  8
3
 10
-217.450000
 20
-60.900000
  0
POINT
  8
3
 10
-223.850000
 20
-43.100000
  0
POINT
  8
3
 10
-231.250000
 20
-18.000000
  0
POINT
  8
2
 10
-236.550000
 20
0.000000
  0
POINT
  8
2
 10
-8.250000
 20
60.700000
 39
2.500000
 50
284.036300
  0
POINT
  8
2
 10
20.750000
 20
68.300000
 39
2.500000
 50
284.036300
  0
POINT
  8
2
 10
127.150000
 20
40.600000
 39
2.500000
 50
199.179000
  0
POINT
  8
2
 10
-188.450000
 20
-120.500000
  0
TEXT
  8
2
 10
-188.450000
 20
-120.500000
 40
0.250000
 50
0.000000
  1
#1
  0
POINT
  8
2
 10
-175.550000
 20
-147.700000
  0
TEXT
  8
2
 10
-175.550000
 20
-147.700000
 40
0.250000
 50
0.000000
  1
#1
  0
POINT
  8
2
 10
-233.750000
 20
-9.500000
  0
POINT
  8
2
 10
-5.750000
 20
51.100000
  0
POINT
  8
2
 10
23.250000
 20
58.700000
  0
POINT
  8
2
 10
104.550000
 20
79.900000
  0
POINT
  8
3
 10
105.450000
 20
76.600000
  0
POINT
  8
3
 10
108.350000
 20
65.800000
  0
POINT
  8
3
 10
110.950000
 20
57.500000
  0
POINT
  8
3
 10
113.050000
 20
50.600000
  0
POINT
  8
3
 10
115.350000
 20
43.600000
  0
POINT
  8
2
 10
117.750000
 20
37.400000
  0
POINT
  8
3
 10
124.950000
 20
20.100000
  0
POINT
  8
3
 10
131.650000
 20
5.000000
  0
POINT
  8
2
 10
140.650000
 20
-15.400000
  0
POINT
  8
3
 10
18.550000
 20
-85.400000
  0
POINT
  8
3
 10
-119.150000
 20
-164.600000
  0
POINT
  8
2
 10
-158.650000
 20
-187.300000
  0
POINT
  8
3
 10
-161.050000
 20
-183.200000
  0
POINT
  8
3
 10
-169.250000
 20
-167.300000
  0
POINT
  8
2
 10
-177.750000
 20
-149.600000
  0
POINT
  8
3
 10
-188.450000
 20
-127.400000
  0
POINT
  8
2
 10
-190.950000
 20
-122.000000
  0
POINT
  8
3
 10
-203.250000
 20
-95.500000
  0
POINT
  8
3
 10
-210.550000
 20
-78.400000
  0
POINT
  8
3
 10
-217.450000
 20
-60.900000
  0
POINT
  8
3
 10
-223.850000
 20
-43.100000
  0
POINT
  8
3
 10
-231.250000
 20
-18.000000
  0
POINT
  8
2
 10
-233.750000
 20
-9.500000
  0
POINT
  8
4
 10
-8.250000
 20
60.700000
 30
2.500000
 50
284.036300
  0
POINT
  8
4
 10
20.750000
 20
68.300000
 30
2.500000
 50
284.036300
  0
POINT
  8
4
 10
127.150000
 20
40.600000
 30
2.500000
 50
199.179000
  0
POINT
  8
13
 10
-188.450000
 20
-120.500000
  0
TEXT
  8
13
 10
-188.450000
 20
-120.500000
 40
0.250000
 50
0.000000
  1
#1
  0
POINT
  8
13
 10
-175.550000
 20
-147.700000
  0
TEXT
  8
13
 10
-175.550000
 20
-147.700000
 40
0.250000
 50
0.000000
  1
#1
  0
LINE
  8
5
 10
93.550000
 20
0.000000
 11
-8.250000
 21
0.000000
  0
LINE
  8
7
 10
111.650000
 20
0.000000
 11
-8.250000
 21
0.000000
  0
TEXT
  8
15
 10
-210.650000
 20
-38.700000
 40
13.000670
 50
288.125200
  1
CLEAN CUT
  0
TEXT
  8
15
 10
106.250000
 20
43.600000
 40
10.440310
 50
290.170700
  1
HIGH
  0
TEXT
  8
15
 10
36.350000
 20
-66.800000
 40
14.983320
 50
207.420200
  1
SIDE
  0
TEXT
  8
1
 10
4.200000
 20
17.700000
 40
10.000000
 50
0.000000
  1
Piece Name: SIDE FRONT 1P
  0
TEXT
  8
1
 10
4.200000
 20
28.700000
 40
10.000000
 50
0.000000
  1
Size: 42
  0
TEXT
  8
1
 10
4.200000
 20
39.700000
 40
10.000000
 50
0.000000
  1
Annotation: SIDE FRONT 1P
  0
TEXT
  8
1
 10
4.200000
 20
50.700000
 40
10.000000
 50
0.000000
  1
Quantity: 1
  0
TEXT
  8
1
 10
4.200000
 20
61.700000
 40
10.000000
 50
0.000000
  1
Material: LEATHER
  0
ENDBLK
  0
BLOCK
  8
1
  2
SIDE FRNT 2P
 70
     0
 10
0.00
 20
0.00
  0
POLYLINE
  8
84
 66
     1
 70
     1
  0
VERTEX
  8
84
 10
106.150000
 20
-46.200000
  0
VERTEX
  8
84
 10
97.650000
 20
-51.200000
  0
VERTEX
  8
84
 10
4.250000
 20
-105.300000
  0
VERTEX
  8
84
 10
-111.050000
 20
-171.900000
  0
VERTEX
  8
84
 10
-206.850000
 20
-227.400000
  0
VERTEX
  8
84
 10
-232.350000
 20
-173.600000
  0
VERTEX
  8
84
 10
-253.150000
 20
-129.200000
  0
VERTEX
  8
84
 10
-269.850000
 20
-92.100000
  0
VERTEX
  8
84
 10
-284.250000
 20
-58.600000
  0
VERTEX
  8
84
 10
-297.150000
 20
-26.400000
  0
VERTEX
  8
84
 10
-308.450000
 20
5.200000
  0
VERTEX
  8
84
 10
-318.250000
 20
37.100000
  0
VERTEX
  8
84
 10
-320.350000
 20
45.700000
  0
VERTEX
  8
84
 10
-322.550000
 20
55.300000
  0
VERTEX
  8
84
 10
-121.750000
 20
108.600000
  0
VERTEX
  8
84
 10
-97.550000
 20
115.000000
  0
VERTEX
  8
84
 10
24.450000
 20
147.400000
  0
VERTEX
  8
84
 10
36.950000
 20
105.000000
  0
VERTEX
  8
84
 10
43.250000
 20
87.500000
  0
VERTEX
  8
84
 10
49.950000
 20
70.300000
  0
VERTEX
  8
84
 10
57.150000
 20
53.500000
  0
VERTEX
  8
84
 10
69.450000
 20
27.000000
  0
VERTEX
  8
84
 10
71.950000
 20
21.700000
  0
VERTEX
  8
84
 10
82.650000
 20
-0.500000
  0
VERTEX
  8
84
 10
90.950000
 20
-18.000000
  0
VERTEX
  8
84
 10
98.950000
 20
-33.500000
  0
VERTEX
  8
84
 10
106.150000
 20
-46.200000
  0
SEQEND
  0
POLYLINE
  8
1
 66
     1
 70
     1
  0
VERTEX
  8
1
 10
106.150000
 20
-46.200000
  0
VERTEX
  8
1
 10
97.650000
 20
-51.200000
  0
VERTEX
  8
1
 10
4.250000
 20
-105.300000
  0
VERTEX
  8
1
 10
-111.050000
 20
-171.900000
  0
VERTEX
  8
1
 10
-206.850000
 20
-227.400000
  0
VERTEX
  8
1
 10
-232.350000
 20
-173.600000
  0
VERTEX
  8
1
 10
-253.150000
 20
-129.200000
  0
VERTEX
  8
1
 10
-269.850000
 20
-92.100000
  0
VERTEX
  8
1
 10
-284.250000
 20
-58.600000
  0
VERTEX
  8
1
 10
-297.150000
 20
-26.400000
  0
VERTEX
  8
1
 10
-308.450000
 20
5.200000
  0
VERTEX
  8
1
 10
-318.250000
 20
37.100000
  0
VERTEX
  8
1
 10
-320.350000
 20
45.700000
  0
VERTEX
  8
1
 10
-322.550000
 20
55.300000
  0
VERTEX
  8
1
 10
-121.750000
 20
108.600000
  0
VERTEX
  8
1
 10
-97.550000
 20
115.000000
  0
VERTEX
  8
1
 10
24.450000
 20
147.400000
  0
VERTEX
  8
1
 10
36.950000
 20
105.000000
  0
VERTEX
  8
1
 10
43.250000
 20
87.500000
  0
VERTEX
  8
1
 10
49.950000
 20
70.300000
  0
VERTEX
  8
1
 10
57.150000
 20
53.500000
  0
VERTEX
  8
1
 10
69.450000
 20
27.000000
  0
VERTEX
  8
1
 10
71.950000
 20
21.700000
  0
VERTEX
  8
1
 10
82.650000
 20
-0.500000
  0
VERTEX
  8
1
 10
90.950000
 20
-18.000000
  0
VERTEX
  8
1
 10
98.950000
 20
-33.500000
  0
VERTEX
  8
1
 10
106.150000
 20
-46.200000
  0
SEQEND
  0
POLYLINE
  8
87
 66
     1
  0
VERTEX
  8
87
 10
92.650000
 20
-42.600000
  0
VERTEX
  8
87
 10
-0.750000
 20
-96.700000
  0
VERTEX
  8
87
 10
-116.050000
 20
-163.300000
  0
VERTEX
  8
87
 10
-211.050000
 20
-218.300000
  0
VERTEX
  8
87
 10
-232.350000
 20
-173.600000
  0
VERTEX
  8
87
 10
-253.150000
 20
-129.200000
  0
VERTEX
  8
87
 10
-269.850000
 20
-92.100000
  0
VERTEX
  8
87
 10
-284.250000
 20
-58.600000
  0
VERTEX
  8
87
 10
-297.150000
 20
-26.400000
  0
VERTEX
  8
87
 10
-308.450000
 20
5.200000
  0
VERTEX
  8
87
 10
-318.250000
 20
37.100000
  0
VERTEX
  8
87
 10
-320.350000
 20
45.700000
  0
VERTEX
  8
87
 10
-119.250000
 20
99.000000
  0
VERTEX
  8
87
 10
-95.050000
 20
105.400000
  0
VERTEX
  8
87
 10
17.650000
 20
135.300000
  0
VERTEX
  8
87
 10
27.550000
 20
101.900000
  0
VERTEX
  8
87
 10
33.950000
 20
84.000000
  0
VERTEX
  8
87
 10
40.750000
 20
66.500000
  0
VERTEX
  8
87
 10
48.050000
 20
49.400000
  0
VERTEX
  8
87
 10
60.450000
 20
22.800000
  0
VERTEX
  8
87
 10
62.950000
 20
17.400000
  0
VERTEX
  8
87
 10
73.650000
 20
-4.700000
  0
VERTEX
  8
87
 10
82.050000
 20
-22.300000
  0
VERTEX
  8
87
 10
90.250000
 20
-38.200000
  0
VERTEX
  8
87
 10
92.650000
 20
-42.600000
  0
SEQEND
  0
POLYLINE
  8
14
 66
     1
  0
VERTEX
  8
14
 10
92.650000
 20
-42.600000
  0
VERTEX
  8
14
 10
-0.750000
 20
-96.700000
  0
VERTEX
  8
14
 10
-116.050000
 20
-163.300000
  0
VERTEX
  8
14
 10
-211.050000
 20
-218.300000
  0
VERTEX
  8
14
 10
-232.350000
 20
-173.600000
  0
VERTEX
  8
14
 10
-253.150000
 20
-129.200000
  0
VERTEX
  8
14
 10
-269.850000
 20
-92.100000
  0
VERTEX
  8
14
 10
-284.250000
 20
-58.600000
  0
VERTEX
  8
14
 10
-297.150000
 20
-26.400000
  0
VERTEX
  8
14
 10
-308.450000
 20
5.200000
  0
VERTEX
  8
14
 10
-318.250000
 20
37.100000
  0
VERTEX
  8
14
 10
-320.350000
 20
45.700000
  0
VERTEX
  8
14
 10
-119.250000
 20
99.000000
  0
VERTEX
  8
14
 10
-95.050000
 20
105.400000
  0
VERTEX
  8
14
 10
17.650000
 20
135.300000
  0
VERTEX
  8
14
 10
27.550000
 20
101.900000
  0
VERTEX
  8
14
 10
33.950000
 20
84.000000
  0
VERTEX
  8
14
 10
40.750000
 20
66.500000
  0
VERTEX
  8
14
 10
48.050000
 20
49.400000
  0
VERTEX
  8
14
 10
60.450000
 20
22.800000
  0
VERTEX
  8
14
 10
62.950000
 20
17.400000
  0
VERTEX
  8
14
 10
73.650000
 20
-4.700000
  0
VERTEX
  8
14
 10
82.050000
 20
-22.300000
  0
VERTEX
  8
14
 10
90.250000
 20
-38.200000
  0
VERTEX
  8
14
 10
92.650000
 20
-42.600000
  0
SEQEND
  0
POINT
  8
2
 10
106.150000
 20
-46.200000
  0
POINT
  8
2
 10
97.650000
 20
-51.200000
  0
POINT
  8
3
 10
4.250000
 20
-105.300000
  0
POINT
  8
3
 10
-111.050000
 20
-171.900000
  0
POINT
  8
2
 10
-206.850000
 20
-227.400000
  0
POINT
  8
3
 10
-232.350000
 20
-173.600000
  0
POINT
  8
3
 10
-253.150000
 20
-129.200000
  0
POINT
  8
3
 10
-269.850000
 20
-92.100000
  0
POINT
  8
3
 10
-284.250000
 20
-58.600000
  0
POINT
  8
3
 10
-297.150000
 20
-26.400000
  0
POINT
  8
3
 10
-308.450000
 20
5.200000
  0
POINT
  8
3
 10
-318.250000
 20
37.100000
  0
POINT
  8
3
 10
-320.350000
 20
45.700000
  0
POINT
  8
2
 10
-322.550000
 20
55.300000
  0
POINT
  8
2
 10
-121.750000
 20
108.600000
  0
POINT
  8
2
 10
-97.550000
 20
115.000000
  0
POINT
  8
2
 10
24.450000
 20
147.400000
  0
POINT
  8
3
 10
36.950000
 20
105.000000
  0
POINT
  8
3
 10
43.250000
 20
87.500000
  0
POINT
  8
3
 10
49.950000
 20
70.300000
  0
POINT
  8
3
 10
57.150000
 20
53.500000
  0
POINT
  8
2
 10
69.450000
 20
27.000000
  0
POINT
  8
3
 10
71.950000
 20
21.700000
  0
POINT
  8
2
 10
82.650000
 20
-0.500000
  0
POINT
  8
3
 10
90.950000
 20
-18.000000
  0
POINT
  8
3
 10
98.950000
 20
-33.500000
  0
POINT
  8
2
 10
106.150000
 20
-46.200000
  0
POINT
  8
2
 10
-121.750000
 20
108.600000
 39
2.500000
 50
284.036300
  0
POINT
  8
2
 10
-97.550000
 20
115.000000
 39
2.500000
 50
284.036300
  0
POINT
  8
2
 10
69.450000
 20
27.000000
 39
2.500000
 50
204.444000
  0
POINT
  8
2
 10
82.650000
 20
-0.500000
 39
2.500000
 50
204.444000
  0
POINT
  8
2
 10
92.650000
 20
-42.600000
  0
POINT
  8
3
 10
-0.750000
 20
-96.700000
  0
POINT
  8
3
 10
-116.050000
 20
-163.300000
  0
POINT
  8
2
 10
-211.050000
 20
-218.300000
  0
POINT
  8
3
 10
-232.350000
 20
-173.600000
  0
POINT
  8
3
 10
-253.150000
 20
-129.200000
  0
POINT
  8
3
 10
-269.850000
 20
-92.100000
  0
POINT
  8
3
 10
-284.250000
 20
-58.600000
  0
POINT
  8
3
 10
-297.150000
 20
-26.400000
  0
POINT
  8
3
 10
-308.450000
 20
5.200000
  0
POINT
  8
3
 10
-318.250000
 20
37.100000
  0
POINT
  8
2
 10
-320.350000
 20
45.700000
  0
POINT
  8
2
 10
-119.250000
 20
99.000000
  0
POINT
  8
2
 10
-95.050000
 20
105.400000
  0
POINT
  8
2
 10
17.650000
 20
135.300000
  0
POINT
  8
3
 10
27.550000
 20
101.900000
  0
POINT
  8
3
 10
33.950000
 20
84.000000
  0
POINT
  8
3
 10
40.750000
 20
66.500000
  0
POINT
  8
3
 10
48.050000
 20
49.400000
  0
POINT
  8
2
 10
60.450000
 20
22.800000
  0
POINT
  8
3
 10
62.950000
 20
17.400000
  0
POINT
  8
2
 10
73.650000
 20
-4.700000
  0
POINT
  8
3
 10
82.050000
 20
-22.300000
  0
POINT
  8
3
 10
90.250000
 20
-38.200000
  0
POINT
  8
2
 10
92.650000
 20
-42.600000
  0
POINT
  8
4
 10
-121.750000
 20
108.600000
 30
2.500000
 50
284.036300
  0
POINT
  8
4
 10
-97.550000
 20
115.000000
 30
2.500000
 50
284.036300
  0
POINT
  8
4
 10
69.450000
 20
27.000000
 30
2.500000
 50
204.444000
  0
POINT
  8
4
 10
82.650000
 20
-0.500000
 30
2.500000
 50
204.444000
  0
LINE
  8
5
 10
-23.050000
 20
0.000000
 11
-211.650000
 21
0.000000
  0
LINE
  8
7
 10
-23.050000
 20
0.000000
 11
-211.650000
 21
0.000000
  0
TEXT
  8
15
 10
-270.050000
 20
-52.800000
 40
14.224880
 50
293.280900
  1
CLEAN CUT
  0
TEXT
  8
15
 10
29.750000
 20
62.900000
 40
9.631330
 50
293.237600
  1
HIGH
  0
TEXT
  8
15
 10
13.450000
 20
-85.000000
 40
8.947066
 50
205.133000
  1
SIDE
  0
TEXT
  8
1
 10
4.200000
 20
17.700000
 40
10.000000
 50
0.000000
  1
Piece Name: SIDE FRNT 2P
  0
TEXT
  8
1
 10
4.200000
 20
28.700000
 40
10.000000
 50
0.000000
  1
Size: 42
  0
TEXT
  8
1
 10
4.200000
 20
39.700000
 40
10.000000
 50
0.000000
  1
Annotation: SIDE FRNT 2P
  0
TEXT
  8
1
 10
4.200000
 20
50.700000
 40
10.000000
 50
0.000000
  1
Quantity: 1
  0
TEXT
  8
1
 10
4.200000
 20
61.700000
 40
10.000000
 50
0.000000
  1
Material: LEATHER
  0
ENDBLK
  0
BLOCK
  8
1
  2
LEFT FRONT 1P
 70
     0
 10
0.00
 20
0.00
  0
POLYLINE
  8
84
 66
     1
 70
     1
  0
VERTEX
  8
84
 10
-105.350000
 20
58.200000
  0
VERTEX
  8
84
 10
-19.550000
 20
57.300000
  0
VERTEX
  8
84
 10
85.350000
 20
56.100000
  0
VERTEX
  8
84
 10
173.650000
 20
55.700000
  0
VERTEX
  8
84
 10
253.050000
 20
55.800000
  0
VERTEX
  8
84
 10
252.850000
 20
46.600000
  0
VERTEX
  8
84
 10
252.850000
 20
30.800000
  0
VERTEX
  8
84
 10
252.950000
 20
17.700000
  0
VERTEX
  8
84
 10
252.950000
 20
6.700000
  0
VERTEX
  8
84
 10
253.050000
 20
-0.600000
  0
VERTEX
  8
84
 10
253.850000
 20
-17.000000
  0
VERTEX
  8
84
 10
254.650000
 20
-25.000000
  0
VERTEX
  8
84
 10
255.950000
 20
-35.900000
  0
VERTEX
  8
84
 10
258.150000
 20
-47.200000
  0
VERTEX
  8
84
 10
260.350000
 20
-55.600000
  0
VERTEX
  8
84
 10
169.450000
 20
-79.400000
  0
VERTEX
  8
84
 10
140.450000
 20
-87.000000
  0
VERTEX
  8
84
 10
-87.250000
 20
-147.400000
  0
VERTEX
  8
84
 10
-89.050000
 20
-139.400000
  0
VERTEX
  8
84
 10
-91.850000
 20
-126.300000
  0
VERTEX
  8
84
 10
-94.750000
 20
-110.200000
  0
VERTEX
  8
84
 10
-96.950000
 20
-95.400000
  0
VERTEX
  8
84
 10
-98.050000
 20
-86.300000
  0
VERTEX
  8
84
 10
-100.250000
 20
-66.400000
  0
VERTEX
  8
84
 10
-102.050000
 20
-47.000000
  0
VERTEX
  8
84
 10
-103.550000
 20
-27.600000
  0
VERTEX
  8
84
 10
-104.450000
 20
-11.300000
  0
VERTEX
  8
84
 10
-104.750000
 20
-3.500000
  0
VERTEX
  8
84
 10
-105.050000
 20
5.000000
  0
VERTEX
  8
84
 10
-105.350000
 20
25.400000
  0
VERTEX
  8
84
 10
-105.350000
 20
48.200000
  0
VERTEX
  8
84
 10
-105.350000
 20
58.200000
  0
SEQEND
  0
POLYLINE
  8
1
 66
     1
 70
     1
  0
VERTEX
  8
1
 10
-105.350000
 20
58.200000
  0
VERTEX
  8
1
 10
-19.550000
 20
57.300000
  0
VERTEX
  8
1
 10
85.350000
 20
56.100000
  0
VERTEX
  8
1
 10
173.650000
 20
55.700000
  0
VERTEX
  8
1
 10
253.050000
 20
55.800000
  0
VERTEX
  8
1
 10
252.850000
 20
46.600000
  0
VERTEX
  8
1
 10
252.850000
 20
30.800000
  0
VERTEX
  8
1
 10
252.950000
 20
17.700000
  0
VERTEX
  8
1
 10
252.950000
 20
6.700000
  0
VERTEX
  8
1
 10
253.050000
 20
-0.600000
  0
VERTEX
  8
1
 10
253.850000
 20
-17.000000
  0
VERTEX
  8
1
 10
254.650000
 20
-25.000000
  0
VERTEX
  8
1
 10
255.950000
 20
-35.900000
  0
VERTEX
  8
1
 10
258.150000
 20
-47.200000
  0
VERTEX
  8
1
 10
260.350000
 20
-55.600000
  0
VERTEX
  8
1
 10
169.450000
 20
-79.400000
  0
VERTEX
  8
1
 10
140.450000
 20
-87.000000
  0
VERTEX
  8
1
 10
-87.250000
 20
-147.400000
  0
VERTEX
  8
1
 10
-89.050000
 20
-139.400000
  0
VERTEX
  8
1
 10
-91.850000
 20
-126.300000
  0
VERTEX
  8
1
 10
-94.750000
 20
-110.200000
  0
VERTEX
  8
1
 10
-96.950000
 20
-95.400000
  0
VERTEX
  8
1
 10
-98.050000
 20
-86.300000
  0
VERTEX
  8
1
 10
-100.250000
 20
-66.400000
  0
VERTEX
  8
1
 10
-102.050000
 20
-47.000000
  0
VERTEX
  8
1
 10
-103.550000
 20
-27.600000
  0
VERTEX
  8
1
 10
-104.450000
 20
-11.300000
  0
VERTEX
  8
1
 10
-104.750000
 20
-3.500000
  0
VERTEX
  8
1
 10
-105.050000
 20
5.000000
  0
VERTEX
  8
1
 10
-105.350000
 20
25.400000
  0
VERTEX
  8
1
 10
-105.350000
 20
48.200000
  0
VERTEX
  8
1
 10
-105.350000
 20
58.200000
  0
SEQEND
  0
POLYLINE
  8
87
 66
     1
  0
VERTEX
  8
87
 10
-105.350000
 20
48.200000
  0
VERTEX
  8
87
 10
-19.650000
 20
47.400000
  0
VERTEX
  8
87
 10
85.250000
 20
46.200000
  0
VERTEX
  8
87
 10
173.650000
 20
45.800000
  0
VERTEX
  8
87
 10
242.850000
 20
45.800000
  0
VERTEX
  8
87
 10
242.850000
 20
30.800000
  0
VERTEX
  8
87
 10
242.950000
 20
17.700000
  0
VERTEX
  8
87
 10
242.950000
 20
6.600000
  0
VERTEX
  8
87
 10
243.150000
 20
-0.800000
  0
VERTEX
  8
87
 10
243.950000
 20
-17.300000
  0
VERTEX
  8
87
 10
244.750000
 20
-26.000000
  0
VERTEX
  8
87
 10
246.050000
 20
-37.400000
  0
VERTEX
  8
87
 10
248.450000
 20
-49.400000
  0
VERTEX
  8
87
 10
250.750000
 20
-58.100000
  0
VERTEX
  8
87
 10
169.450000
 20
-79.400000
  0
VERTEX
  8
87
 10
140.450000
 20
-87.000000
  0
VERTEX
  8
87
 10
-87.250000
 20
-147.400000
  0
VERTEX
  8
87
 10
-89.050000
 20
-139.400000
  0
VERTEX
  8
87
 10
-91.850000
 20
-126.300000
  0
VERTEX
  8
87
 10
-94.750000
 20
-110.200000
  0
VERTEX
  8
87
 10
-96.950000
 20
-95.400000
  0
VERTEX
  8
87
 10
-98.050000
 20
-86.300000
  0
VERTEX
  8
87
 10
-100.250000
 20
-66.400000
  0
VERTEX
  8
87
 10
-102.050000
 20
-47.000000
  0
VERTEX
  8
87
 10
-103.550000
 20
-27.600000
  0
VERTEX
  8
87
 10
-104.450000
 20
-11.300000
  0
VERTEX
  8
87
 10
-104.750000
 20
-3.500000
  0
VERTEX
  8
87
 10
-105.050000
 20
5.000000
  0
VERTEX
  8
87
 10
-105.350000
 20
25.400000
  0
VERTEX
  8
87
 10
-105.350000
 20
48.200000
  0
SEQEND
  0
POLYLINE
  8
14
 66
     1
  0
VERTEX
  8
14
 10
-105.350000
 20
48.200000
  0
VERTEX
  8
14
 10
-19.650000
 20
47.400000
  0
VERTEX
  8
14
 10
85.250000
 20
46.200000
  0
VERTEX
  8
14
 10
173.650000
 20
45.800000
  0
VERTEX
  8
14
 10
242.850000
 20
45.800000
  0
VERTEX
  8
14
 10
242.850000
 20
30.800000
  0
VERTEX
  8
14
 10
242.950000
 20
17.700000
  0
VERTEX
  8
14
 10
242.950000
 20
6.600000
  0
VERTEX
  8
14
 10
243.150000
 20
-0.800000
  0
VERTEX
  8
14
 10
243.950000
 20
-17.300000
  0
VERTEX
  8
14
 10
244.750000
 20
-26.000000
  0
VERTEX
  8
14
 10
246.050000
 20
-37.400000
  0
VERTEX
  8
14
 10
248.450000
 20
-49.400000
  0
VERTEX
  8
14
 10
250.750000
 20
-58.100000
  0
VERTEX
  8
14
 10
169.450000
 20
-79.400000
  0
VERTEX
  8
14
 10
140.450000
 20
-87.000000
  0
VERTEX
  8
14
 10
-87.250000
 20
-147.400000
  0
VERTEX
  8
14
 10
-89.050000
 20
-139.400000
  0
VERTEX
  8
14
 10
-91.850000
 20
-126.300000
  0
VERTEX
  8
14
 10
-94.750000
 20
-110.200000
  0
VERTEX
  8
14
 10
-96.950000
 20
-95.400000
  0
VERTEX
  8
14
 10
-98.050000
 20
-86.300000
  0
VERTEX
  8
14
 10
-100.250000
 20
-66.400000
  0
VERTEX
  8
14
 10
-102.050000
 20
-47.000000
  0
VERTEX
  8
14
 10
-103.550000
 20
-27.600000
  0
VERTEX
  8
14
 10
-104.450000
 20
-11.300000
  0
VERTEX
  8
14
 10
-104.750000
 20
-3.500000
  0
VERTEX
  8
14
 10
-105.050000
 20
5.000000
  0
VERTEX
  8
14
 10
-105.350000
 20
25.400000
  0
VERTEX
  8
14
 10
-105.350000
 20
48.200000
  0
SEQEND
  0
POINT
  8
2
 10
-105.350000
 20
58.200000
  0
POINT
  8
3
 10
-19.550000
 20
57.300000
  0
POINT
  8
3
 10
85.350000
 20
56.100000
  0
POINT
  8
3
 10
173.650000
 20
55.700000
  0
POINT
  8
2
 10
253.050000
 20
55.800000
  0
POINT
  8
2
 10
252.850000
 20
46.600000
  0
POINT
  8
2
 10
252.850000
 20
30.800000
  0
POINT
  8
3
 10
252.950000
 20
17.700000
  0
POINT
  8
3
 10
252.950000
 20
6.700000
  0
POINT
  8
2
 10
253.050000
 20
-0.600000
  0
POINT
  8
2
 10
253.850000
 20
-17.000000
  0
POINT
  8
3
 10
254.650000
 20
-25.000000
  0
POINT
  8
3
 10
255.950000
 20
-35.900000
  0
POINT
  8
3
 10
258.150000
 20
-47.200000
  0
POINT
  8
2
 10
260.350000
 20
-55.600000
  0
POINT
  8
2
 10
169.450000
 20
-79.400000
  0
POINT
  8
2
 10
140.450000
 20
-87.000000
  0
POINT
  8
2
 10
-87.250000
 20
-147.400000
  0
POINT
  8
3
 10
-89.050000
 20
-139.400000
  0
POINT
  8
3
 10
-91.850000
 20
-126.300000
  0
POINT
  8
3
 10
-94.750000
 20
-110.200000
  0
POINT
  8
2
 10
-96.950000
 20
-95.400000
  0
POINT
  8
3
 10
-98.050000
 20
-86.300000
  0
POINT
  8
3
 10
-100.250000
 20
-66.400000
  0
POINT
  8
3
 10
-102.050000
 20
-47.000000
  0
POINT
  8
3
 10
-103.550000
 20
-27.600000
  0
POINT
  8
3
 10
-104.450000
 20
-11.300000
  0
POINT
  8
2
 10
-104.750000
 20
-3.500000
  0
POINT
  8
3
 10
-105.050000
 20
5.000000
  0
POINT
  8
2
 10
-105.350000
 20
25.400000
  0
POINT
  8
2
 10
-105.350000
 20
48.200000
  0
POINT
  8
2
 10
-105.350000
 20
58.200000
  0
POINT
  8
2
 10
252.850000
 20
46.600000
 39
2.500000
 50
180.000000
  0
POINT
  8
2
 10
253.050000
 20
-0.600000
 39
2.500000
 50
180.000000
  0
POINT
  8
2
 10
253.850000
 20
-17.000000
 39
2.500000
 50
182.385900
  0
POINT
  8
2
 10
168.850000
 20
-76.500000
  0
TEXT
  8
2
 10
168.850000
 20
-76.500000
 40
0.250000
 50
0.000000
  1
#1
  0
POINT
  8
2
 10
139.150000
 20
-84.400000
  0
TEXT
  8
2
 10
139.150000
 20
-84.400000
 40
0.250000
 50
0.000000
  1
#1
  0
POINT
  8
2
 10
-94.050000
 20
-94.700000
  0
TEXT
  8
2
 10
-94.050000
 20
-94.700000
 40
0.250000
 50
0.000000
  1
#1
  0
POINT
  8
2
 10
-101.850000
 20
-3.600000
  0
TEXT
  8
2
 10
-101.850000
 20
-3.600000
 40
0.250000
 50
0.000000
  1
#1
  0
POINT
  8
2
 10
-105.350000
 20
48.200000
  0
POINT
  8
3
 10
-19.650000
 20
47.400000
  0
POINT
  8
3
 10
85.250000
 20
46.200000
  0
POINT
  8
3
 10
173.650000
 20
45.800000
  0
POINT
  8
2
 10
242.850000
 20
45.800000
  0
POINT
  8
2
 10
242.850000
 20
30.800000
  0
POINT
  8
3
 10
242.950000
 20
17.700000
  0
POINT
  8
3
 10
242.950000
 20
6.600000
  0
POINT
  8
2
 10
243.150000
 20
-0.800000
  0
POINT
  8
2
 10
243.950000
 20
-17.300000
  0
POINT
  8
3
 10
244.750000
 20
-26.000000
  0
POINT
  8
3
 10
246.050000
 20
-37.400000
  0
POINT
  8
3
 10
248.450000
 20
-49.400000
  0
POINT
  8
2
 10
250.750000
 20
-58.100000
  0
POINT
  8
2
 10
169.450000
 20
-79.400000
  0
POINT
  8
2
 10
140.450000
 20
-87.000000
  0
POINT
  8
2
 10
-87.250000
 20
-147.400000
  0
POINT
  8
3
 10
-89.050000
 20
-139.400000
  0
POINT
  8
3
 10
-91.850000
 20
-126.300000
  0
POINT
  8
3
 10
-94.750000
 20
-110.200000
  0
POINT
  8
2
 10
-96.950000
 20
-95.400000
  0
POINT
  8
3
 10
-98.050000
 20
-86.300000
  0
POINT
  8
3
 10
-100.250000
 20
-66.400000
  0
POINT
  8
3
 10
-102.050000
 20
-47.000000
  0
POINT
  8
3
 10
-103.550000
 20
-27.600000
  0
POINT
  8
3
 10
-104.450000
 20
-11.300000
  0
POINT
  8
2
 10
-104.750000
 20
-3.500000
  0
POINT
  8
3
 10
-105.050000
 20
5.000000
  0
POINT
  8
2
 10
-105.350000
 20
25.400000
  0
POINT
  8
2
 10
-105.350000
 20
48.200000
  0
POINT
  8
4
 10
252.850000
 20
46.600000
 30
2.500000
 50
180.000000
  0
POINT
  8
4
 10
253.050000
 20
-0.600000
 30
2.500000
 50
180.000000
  0
POINT
  8
4
 10
253.850000
 20
-17.000000
 30
2.500000
 50
182.385900
  0
POINT
  8
13
 10
168.850000
 20
-76.500000
  0
TEXT
  8
13
 10
168.850000
 20
-76.500000
 40
0.250000
 50
0.000000
  1
#1
  0
POINT
  8
13
 10
139.150000
 20
-84.400000
  0
TEXT
  8
13
 10
139.150000
 20
-84.400000
 40
0.250000
 50
0.000000
  1
#1
  0
POINT
  8
13
 10
-94.050000
 20
-94.700000
  0
TEXT
  8
13
 10
-94.050000
 20
-94.700000
 40
0.250000
 50
0.000000
  1
#1
  0
POINT
  8
13
 10
-101.850000
 20
-3.600000
  0
TEXT
  8
13
 10
-101.850000
 20
-3.600000
 40
0.250000
 50
0.000000
  1
#1
  0
LINE
  8
5
 10
107.050000
 20
0.000000
 11
-21.650000
 21
0.000000
  0
LINE
  8
7
 10
107.050000
 20
0.000000
 11
-21.650000
 21
0.000000
  0
TEXT
  8
15
 10
98.550000
 20
-84.600000
 40
11.561470
 50
193.448600
  1
CLEAN CUT
  0
TEXT
  8
15
 10
-87.750000
 20
-23.800000
 40
11.987030
 50
275.425200
  1
CLEAN CUT
  0
TEXT
  8
15
 10
28.350000
 20
41.800000
 40
11.983330
 50
0.000000
  1
FRONT CENTER
  0
TEXT
  8
15
 10
235.250000
 20
19.900000
 40
7.500000
 50
270.000000
  1
HIGH
  0
TEXT
  8
1
 10
4.200000
 20
17.700000
 40
10.000000
 50
0.000000
  1
Piece Name: LEFT FRONT 1P
  0
TEXT
  8
1
 10
4.200000
 20
28.700000
 40
10.000000
 50
0.000000
  1
Size: 42
  0
TEXT
  8
1
 10
4.200000
 20
39.700000
 40
10.000000
 50
0.000000
  1
Annotation: LEFT FRONT 1P
  0
TEXT
  8
1
 10
4.200000
 20
50.700000
 40
10.000000
 50
0.000000
  1
Quantity: 1
  0
TEXT
  8
1
 10
4.200000
 20
61.700000
 40
10.000000
 50
0.000000
  1
Material: LEATHER
  0
ENDBLK
  0
BLOCK
  8
1
  2
LEFT FRNT 1P
 70
     0
 10
0.00
 20
0.00
  0
POLYLINE
  8
84
 66
     1
 70
     1
  0
VERTEX
  8
84
 10
244.450000
 20
-145.400000
  0
VERTEX
  8
84
 10
121.950000
 20
-177.500000
  0
VERTEX
  8
84
 10
97.750000
 20
-183.900000
  0
VERTEX
  8
84
 10
-102.650000
 20
-237.200000
  0
VERTEX
  8
84
 10
-108.650000
 20
-212.900000
  0
VERTEX
  8
84
 10
-115.050000
 20
-178.500000
  0
VERTEX
  8
84
 10
-120.350000
 20
-142.700000
  0
VERTEX
  8
84
 10
-124.550000
 20
-106.600000
  0
VERTEX
  8
84
 10
-127.750000
 20
-71.900000
  0
VERTEX
  8
84
 10
-130.150000
 20
-40.300000
  0
VERTEX
  8
84
 10
-131.550000
 20
-11.900000
  0
VERTEX
  8
84
 10
-132.550000
 20
14.200000
  0
VERTEX
  8
84
 10
-132.950000
 20
38.000000
  0
VERTEX
  8
84
 10
-132.950000
 20
49.400000
  0
VERTEX
  8
84
 10
-132.950000
 20
59.500000
  0
VERTEX
  8
84
 10
29.150000
 20
59.100000
  0
VERTEX
  8
84
 10
176.450000
 20
58.500000
  0
VERTEX
  8
84
 10
216.850000
 20
58.200000
  0
VERTEX
  8
84
 10
226.850000
 20
58.200000
  0
VERTEX
  8
84
 10
226.850000
 20
48.200000
  0
VERTEX
  8
84
 10
226.750000
 20
25.500000
  0
VERTEX
  8
84
 10
227.050000
 20
5.300000
  0
VERTEX
  8
84
 10
227.350000
 20
-3.200000
  0
VERTEX
  8
84
 10
227.650000
 20
-10.800000
  0
VERTEX
  8
84
 10
228.550000
 20
-26.900000
  0
VERTEX
  8
84
 10
230.050000
 20
-46.100000
  0
VERTEX
  8
84
 10
231.850000
 20
-65.400000
  0
VERTEX
  8
84
 10
234.050000
 20
-85.100000
  0
VERTEX
  8
84
 10
235.050000
 20
-94.000000
  0
VERTEX
  8
84
 10
237.250000
 20
-108.700000
  0
VERTEX
  8
84
 10
240.050000
 20
-124.700000
  0
VERTEX
  8
84
 10
242.850000
 20
-137.800000
  0
VERTEX
  8
84
 10
244.450000
 20
-145.400000
  0
SEQEND
  0
POLYLINE
  8
1
 66
     1
 70
     1
  0
VERTEX
  8
1
 10
244.450000
 20
-145.400000
  0
VERTEX
  8
1
 10
121.950000
 20
-177.500000
  0
VERTEX
  8
1
 10
97.750000
 20
-183.900000
  0
VERTEX
  8
1
 10
-102.650000
 20
-237.200000
  0
VERTEX
  8
1
 10
-108.650000
 20
-212.900000
  0
VERTEX
  8
1
 10
-115.050000
 20
-178.500000
  0
VERTEX
  8
1
 10
-120.350000
 20
-142.700000
  0
VERTEX
  8
1
 10
-124.550000
 20
-106.600000
  0
VERTEX
  8
1
 10
-127.750000
 20
-71.900000
  0
VERTEX
  8
1
 10
-130.150000
 20
-40.300000
  0
VERTEX
  8
1
 10
-131.550000
 20
-11.900000
  0
VERTEX
  8
1
 10
-132.550000
 20
14.200000
  0
VERTEX
  8
1
 10
-132.950000
 20
38.000000
  0
VERTEX
  8
1
 10
-132.950000
 20
49.400000
  0
VERTEX
  8
1
 10
-132.950000
 20
59.500000
  0
VERTEX
  8
1
 10
29.150000
 20
59.100000
  0
VERTEX
  8
1
 10
176.450000
 20
58.500000
  0
VERTEX
  8
1
 10
216.850000
 20
58.200000
  0
VERTEX
  8
1
 10
226.850000
 20
58.200000
  0
VERTEX
  8
1
 10
226.850000
 20
48.200000
  0
VERTEX
  8
1
 10
226.750000
 20
25.500000
  0
VERTEX
  8
1
 10
227.050000
 20
5.300000
  0
VERTEX
  8
1
 10
227.350000
 20
-3.200000
  0
VERTEX
  8
1
 10
227.650000
 20
-10.800000
  0
VERTEX
  8
1
 10
228.550000
 20
-26.900000
  0
VERTEX
  8
1
 10
230.050000
 20
-46.100000
  0
VERTEX
  8
1
 10
231.850000
 20
-65.400000
  0
VERTEX
  8
1
 10
234.050000
 20
-85.100000
  0
VERTEX
  8
1
 10
235.050000
 20
-94.000000
  0
VERTEX
  8
1
 10
237.250000
 20
-108.700000
  0
VERTEX
  8
1
 10
240.050000
 20
-124.700000
  0
VERTEX
  8
1
 10
242.850000
 20
-137.800000
  0
VERTEX
  8
1
 10
244.450000
 20
-145.400000
  0
SEQEND
  0
POLYLINE
  8
87
 66
     1
  0
VERTEX
  8
87
 10
234.850000
 20
-147.900000
  0
VERTEX
  8
87
 10
121.950000
 20
-177.500000
  0
VERTEX
  8
87
 10
97.750000
 20
-183.900000
  0
VERTEX
  8
87
 10
-102.650000
 20
-237.200000
  0
VERTEX
  8
87
 10
-108.650000
 20
-212.900000
  0
VERTEX
  8
87
 10
-115.050000
 20
-178.500000
  0
VERTEX
  8
87
 10
-120.350000
 20
-142.700000
  0
VERTEX
  8
87
 10
-124.550000
 20
-106.600000
  0
VERTEX
  8
87
 10
-127.750000
 20
-71.900000
  0
VERTEX
  8
87
 10
-130.150000
 20
-40.300000
  0
VERTEX
  8
87
 10
-131.550000
 20
-11.900000
  0
VERTEX
  8
87
 10
-132.550000
 20
14.200000
  0
VERTEX
  8
87
 10
-132.950000
 20
38.000000
  0
VERTEX
  8
87
 10
-132.950000
 20
49.400000
  0
VERTEX
  8
87
 10
29.150000
 20
49.200000
  0
VERTEX
  8
87
 10
176.450000
 20
48.600000
  0
VERTEX
  8
87
 10
216.850000
 20
48.200000
  0
VERTEX
  8
87
 10
216.850000
 20
25.400000
  0
VERTEX
  8
87
 10
217.150000
 20
5.100000
  0
VERTEX
  8
87
 10
217.450000
 20
-3.200000
  0
VERTEX
  8
87
 10
217.750000
 20
-11.200000
  0
VERTEX
  8
87
 10
218.650000
 20
-27.500000
  0
VERTEX
  8
87
 10
220.150000
 20
-46.900000
  0
VERTEX
  8
87
 10
221.950000
 20
-66.400000
  0
VERTEX
  8
87
 10
224.150000
 20
-86.200000
  0
VERTEX
  8
87
 10
225.150000
 20
-94.800000
  0
VERTEX
  8
87
 10
227.450000
 20
-110.200000
  0
VERTEX
  8
87
 10
230.250000
 20
-126.500000
  0
VERTEX
  8
87
 10
233.150000
 20
-139.800000
  0
VERTEX
  8
87
 10
234.850000
 20
-147.900000
  0
SEQEND
  0
POLYLINE
  8
14
 66
     1
  0
VERTEX
  8
14
 10
234.850000
 20
-147.900000
  0
VERTEX
  8
14
 10
121.950000
 20
-177.500000
  0
VERTEX
  8
14
 10
97.750000
 20
-183.900000
  0
VERTEX
  8
14
 10
-102.650000
 20
-237.200000
  0
VERTEX
  8
14
 10
-108.650000
 20
-212.900000
  0
VERTEX
  8
14
 10
-115.050000
 20
-178.500000
  0
VERTEX
  8
14
 10
-120.350000
 20
-142.700000
  0
VERTEX
  8
14
 10
-124.550000
 20
-106.600000
  0
VERTEX
  8
14
 10
-127.750000
 20
-71.900000
  0
VERTEX
  8
14
 10
-130.150000
 20
-40.300000
  0
VERTEX
  8
14
 10
-131.550000
 20
-11.900000
  0
VERTEX
  8
14
 10
-132.550000
 20
14.200000
  0
VERTEX
  8
14
 10
-132.950000
 20
38.000000
  0
VERTEX
  8
14
 10
-132.950000
 20
49.400000
  0
VERTEX
  8
14
 10
29.150000
 20
49.200000
  0
VERTEX
  8
14
 10
176.450000
 20
48.600000
  0
VERTEX
  8
14
 10
216.850000
 20
48.200000
  0
VERTEX
  8
14
 10
216.850000
 20
25.400000
  0
VERTEX
  8
14
 10
217.150000
 20
5.100000
  0
VERTEX
  8
14
 10
217.450000
 20
-3.200000
  0
VERTEX
  8
14
 10
217.750000
 20
-11.200000
  0
VERTEX
  8
14
 10
218.650000
 20
-27.500000
  0
VERTEX
  8
14
 10
220.150000
 20
-46.900000
  0
VERTEX
  8
14
 10
221.950000
 20
-66.400000
  0
VERTEX
  8
14
 10
224.150000
 20
-86.200000
  0
VERTEX
  8
14
 10
225.150000
 20
-94.800000
  0
VERTEX
  8
14
 10
227.450000
 20
-110.200000
  0
VERTEX
  8
14
 10
230.250000
 20
-126.500000
  0
VERTEX
  8
14
 10
233.150000
 20
-139.800000
  0
VERTEX
  8
14
 10
234.850000
 20
-147.900000
  0
SEQEND
  0
POINT
  8
2
 10
244.450000
 20
-145.400000
  0
POINT
  8
2
 10
121.950000
 20
-177.500000
  0
POINT
  8
2
 10
97.750000
 20
-183.900000
  0
POINT
  8
2
 10
-102.650000
 20
-237.200000
  0
POINT
  8
3
 10
-108.650000
 20
-212.900000
  0
POINT
  8
3
 10
-115.050000
 20
-178.500000
  0
POINT
  8
3
 10
-120.350000
 20
-142.700000
  0
POINT
  8
3
 10
-124.550000
 20
-106.600000
  0
POINT
  8
3
 10
-127.750000
 20
-71.900000
  0
POINT
  8
3
 10
-130.150000
 20
-40.300000
  0
POINT
  8
3
 10
-131.550000
 20
-11.900000
  0
POINT
  8
3
 10
-132.550000
 20
14.200000
  0
POINT
  8
2
 10
-132.950000
 20
38.000000
  0
POINT
  8
2
 10
-132.950000
 20
49.400000
  0
POINT
  8
2
 10
-132.950000
 20
59.500000
  0
POINT
  8
3
 10
29.150000
 20
59.100000
  0
POINT
  8
3
 10
176.450000
 20
58.500000
  0
POINT
  8
2
 10
216.850000
 20
58.200000
  0
POINT
  8
2
 10
226.850000
 20
58.200000
  0
POINT
  8
2
 10
226.850000
 20
48.200000
  0
POINT
  8
2
 10
226.750000
 20
25.500000
  0
POINT
  8
3
 10
227.050000
 20
5.300000
  0
POINT
  8
2
 10
227.350000
 20
-3.200000
  0
POINT
  8
3
 10
227.650000
 20
-10.800000
  0
POINT
  8
3
 10
228.550000
 20
-26.900000
  0
POINT
  8
3
 10
230.050000
 20
-46.100000
  0
POINT
  8
3
 10
231.850000
 20
-65.400000
  0
POINT
  8
3
 10
234.050000
 20
-85.100000
  0
POINT
  8
2
 10
235.050000
 20
-94.000000
  0
POINT
  8
3
 10
237.250000
 20
-108.700000
  0
POINT
  8
3
 10
240.050000
 20
-124.700000
  0
POINT
  8
3
 10
242.850000
 20
-137.800000
  0
POINT
  8
2
 10
244.450000
 20
-145.400000
  0
POINT
  8
2
 10
226.850000
 20
48.200000
 39
2.500000
 50
180.000000
  0
POINT
  8
2
 10
227.350000
 20
-3.200000
 39
2.500000
 50
180.000000
  0
POINT
  8
2
 10
235.050000
 20
-94.000000
 39
2.500000
 50
184.763600
  0
POINT
  8
2
 10
120.350000
 20
-175.100000
  0
TEXT
  8
2
 10
120.350000
 20
-175.100000
 40
0.250000
 50
0.000000
  1
#1
  0
POINT
  8
2
 10
96.950000
 20
-181.100000
  0
TEXT
  8
2
 10
96.950000
 20
-181.100000
 40
0.250000
 50
0.000000
  1
#1
  0
POINT
  8
2
 10
234.850000
 20
-147.900000
  0
POINT
  8
2
 10
121.950000
 20
-177.500000
  0
POINT
  8
2
 10
97.750000
 20
-183.900000
  0
POINT
  8
2
 10
-102.650000
 20
-237.200000
  0
POINT
  8
3
 10
-108.650000
 20
-212.900000
  0
POINT
  8
3
 10
-115.050000
 20
-178.500000
  0
POINT
  8
3
 10
-120.350000
 20
-142.700000
  0
POINT
  8
3
 10
-124.550000
 20
-106.600000
  0
POINT
  8
3
 10
-127.750000
 20
-71.900000
  0
POINT
  8
3
 10
-130.150000
 20
-40.300000
  0
POINT
  8
3
 10
-131.550000
 20
-11.900000
  0
POINT
  8
3
 10
-132.550000
 20
14.200000
  0
POINT
  8
2
 10
-132.950000
 20
38.000000
  0
POINT
  8
2
 10
-132.950000
 20
49.400000
  0
POINT
  8
3
 10
29.150000
 20
49.200000
  0
POINT
  8
3
 10
176.450000
 20
48.600000
  0
POINT
  8
2
 10
216.850000
 20
48.200000
  0
POINT
  8
2
 10
216.850000
 20
25.400000
  0
POINT
  8
3
 10
217.150000
 20
5.100000
  0
POINT
  8
2
 10
217.450000
 20
-3.200000
  0
POINT
  8
3
 10
217.750000
 20
-11.200000
  0
POINT
  8
3
 10
218.650000
 20
-27.500000
  0
POINT
  8
3
 10
220.150000
 20
-46.900000
  0
POINT
  8
3
 10
221.950000
 20
-66.400000
  0
POINT
  8
3
 10
224.150000
 20
-86.200000
  0
POINT
  8
2
 10
225.150000
 20
-94.800000
  0
POINT
  8
3
 10
227.450000
 20
-110.200000
  0
POINT
  8
3
 10
230.250000
 20
-126.500000
  0
POINT
  8
3
 10
233.150000
 20
-139.800000
  0
POINT
  8
2
 10
234.850000
 20
-147.900000
  0
POINT
  8
4
 10
226.850000
 20
48.200000
 30
2.500000
 50
180.000000
  0
POINT
  8
4
 10
227.350000
 20
-3.200000
 30
2.500000
 50
180.000000
  0
POINT
  8
4
 10
235.050000
 20
-94.000000
 30
2.500000
 50
184.763600
  0
POINT
  8
13
 10
120.350000
 20
-175.100000
  0
TEXT
  8
13
 10
120.350000
 20
-175.100000
 40
0.250000
 50
0.000000
  1
#1
  0
POINT
  8
13
 10
96.950000
 20
-181.100000
  0
TEXT
  8
13
 10
96.950000
 20
-181.100000
 40
0.250000
 50
0.000000
  1
#1
  0
LINE
  8
5
 10
129.950000
 20
0.000000
 11
-44.650000
 21
0.000000
  0
LINE
  8
7
 10
129.950000
 20
0.000000
 11
-44.650000
 21
0.000000
  0
TEXT
  8
15
 10
179.750000
 20
-147.400000
 40
11.424840
 50
190.195200
  1
CLEAN CUT
  0
TEXT
  8
15
 10
-113.750000
 20
-63.300000
 40
14.171870
 50
280.023600
  1
CLEAN CUT
  0
TEXT
  8
15
 10
-17.350000
 20
46.300000
 40
15.016670
 50
0.000000
  1
FRONT CENTER
  0
TEXT
  8
15
 10
199.750000
 20
-45.300000
 40
11.002730
 50
277.835500
  1
HIGH
  0
TEXT
  8
1
 10
4.200000
 20
17.700000
 40
10.000000
 50
0.000000
  1
Piece Name: LEFT FRNT 1P
  0
TEXT
  8
1
 10
4.200000
 20
28.700000
 40
10.000000
 50
0.000000
  1
Size: 42
  0
TEXT
  8
1
 10
4.200000
 20
39.700000
 40
10.000000
 50
0.000000
  1
Annotation: LEFT FRNT 1P
  0
TEXT
  8
1
 10
4.200000
 20
50.700000
 40
10.000000
 50
0.000000
  1
Quantity: 1
  0
TEXT
  8
1
 10
4.200000
 20
61.700000
 40
10.000000
 50
0.000000
  1
Material: LEATHER
  0
ENDBLK
  0
BLOCK
  8
1
  2
RIGHT FRNT 1P
 70
     0
 10
0.00
 20
0.00
  0
POLYLINE
  8
84
 66
     1
 70
     1
  0
VERTEX
  8
84
 10
-105.350000
 20
-48.200000
  0
VERTEX
  8
84
 10
-105.350000
 20
-25.400000
  0
VERTEX
  8
84
 10
-105.050000
 20
-5.000000
  0
VERTEX
  8
84
 10
-104.750000
 20
3.500000
  0
VERTEX
  8
84
 10
-104.450000
 20
11.300000
  0
VERTEX
  8
84
 10
-103.550000
 20
27.600000
  0
VERTEX
  8
84
 10
-102.050000
 20
47.000000
  0
VERTEX
  8
84
 10
-100.250000
 20
66.400000
  0
VERTEX
  8
84
 10
-98.050000
 20
86.300000
  0
VERTEX
  8
84
 10
-96.950000
 20
95.400000
  0
VERTEX
  8
84
 10
-94.750000
 20
110.200000
  0
VERTEX
  8
84
 10
-91.850000
 20
126.300000
  0
VERTEX
  8
84
 10
-89.050000
 20
139.400000
  0
VERTEX
  8
84
 10
-87.250000
 20
147.400000
  0
VERTEX
  8
84
 10
140.450000
 20
87.000000
  0
VERTEX
  8
84
 10
169.450000
 20
79.400000
  0
VERTEX
  8
84
 10
260.350000
 20
55.600000
  0
VERTEX
  8
84
 10
258.150000
 20
47.200000
  0
VERTEX
  8
84
 10
255.950000
 20
35.900000
  0
VERTEX
  8
84
 10
254.650000
 20
25.000000
  0
VERTEX
  8
84
 10
253.850000
 20
17.000000
  0
VERTEX
  8
84
 10
253.050000
 20
0.600000
  0
VERTEX
  8
84
 10
252.950000
 20
-6.700000
  0
VERTEX
  8
84
 10
252.950000
 20
-17.700000
  0
VERTEX
  8
84
 10
252.850000
 20
-30.800000
  0
VERTEX
  8
84
 10
252.850000
 20
-46.600000
  0
VERTEX
  8
84
 10
115.550000
 20
-46.700000
  0
VERTEX
  8
84
 10
-3.150000
 20
-47.300000
  0
VERTEX
  8
84
 10
-105.350000
 20
-48.200000
  0
SEQEND
  0
POLYLINE
  8
1
 66
     1
 70
     1
  0
VERTEX
  8
1
 10
-105.350000
 20
-48.200000
  0
VERTEX
  8
1
 10
-105.350000
 20
-25.400000
  0
VERTEX
  8
1
 10
-105.050000
 20
-5.000000
  0
VERTEX
  8
1
 10
-104.750000
 20
3.500000
  0
VERTEX
  8
1
 10
-104.450000
 20
11.300000
  0
VERTEX
  8
1
 10
-103.550000
 20
27.600000
  0
VERTEX
  8
1
 10
-102.050000
 20
47.000000
  0
VERTEX
  8
1
 10
-100.250000
 20
66.400000
  0
VERTEX
  8
1
 10
-98.050000
 20
86.300000
  0
VERTEX
  8
1
 10
-96.950000
 20
95.400000
  0
VERTEX
  8
1
 10
-94.750000
 20
110.200000
  0
VERTEX
  8
1
 10
-91.850000
 20
126.300000
  0
VERTEX
  8
1
 10
-89.050000
 20
139.400000
  0
VERTEX
  8
1
 10
-87.250000
 20
147.400000
  0
VERTEX
  8
1
 10
140.450000
 20
87.000000
  0
VERTEX
  8
1
 10
169.450000
 20
79.400000
  0
VERTEX
  8
1
 10
260.350000
 20
55.600000
  0
VERTEX
  8
1
 10
258.150000
 20
47.200000
  0
VERTEX
  8
1
 10
255.950000
 20
35.900000
  0
VERTEX
  8
1
 10
254.650000
 20
25.000000
  0
VERTEX
  8
1
 10
253.850000
 20
17.000000
  0
VERTEX
  8
1
 10
253.050000
 20
0.600000
  0
VERTEX
  8
1
 10
252.950000
 20
-6.700000
  0
VERTEX
  8
1
 10
252.950000
 20
-17.700000
  0
VERTEX
  8
1
 10
252.850000
 20
-30.800000
  0
VERTEX
  8
1
 10
252.850000
 20
-46.600000
  0
VERTEX
  8
1
 10
115.550000
 20
-46.700000
  0
VERTEX
  8
1
 10
-3.150000
 20
-47.300000
  0
VERTEX
  8
1
 10
-105.350000
 20
-48.200000
  0
SEQEND
  0
POLYLINE
  8
87
 66
     1
  0
VERTEX
  8
87
 10
-105.350000
 20
-48.200000
  0
VERTEX
  8
87
 10
-105.350000
 20
-25.400000
  0
VERTEX
  8
87
 10
-105.050000
 20
-5.000000
  0
VERTEX
  8
87
 10
-104.750000
 20
3.500000
  0
VERTEX
  8
87
 10
-104.450000
 20
11.300000
  0
VERTEX
  8
87
 10
-103.550000
 20
27.600000
  0
VERTEX
  8
87
 10
-102.050000
 20
47.000000
  0
VERTEX
  8
87
 10
-100.250000
 20
66.400000
  0
VERTEX
  8
87
 10
-98.050000
 20
86.300000
  0
VERTEX
  8
87
 10
-96.950000
 20
95.400000
  0
VERTEX
  8
87
 10
-94.750000
 20
110.200000
  0
VERTEX
  8
87
 10
-91.850000
 20
126.300000
  0
VERTEX
  8
87
 10
-89.050000
 20
139.400000
  0
VERTEX
  8
87
 10
-87.250000
 20
147.400000
  0
VERTEX
  8
87
 10
140.450000
 20
87.000000
  0
VERTEX
  8
87
 10
169.450000
 20
79.400000
  0
VERTEX
  8
87
 10
250.750000
 20
58.200000
  0
VERTEX
  8
87
 10
248.450000
 20
49.400000
  0
VERTEX
  8
87
 10
246.050000
 20
37.400000
  0
VERTEX
  8
87
 10
244.750000
 20
26.000000
  0
VERTEX
  8
87
 10
243.950000
 20
17.600000
  0
VERTEX
  8
87
 10
243.150000
 20
0.800000
  0
VERTEX
  8
87
 10
242.950000
 20
-6.600000
  0
VERTEX
  8
87
 10
242.950000
 20
-17.700000
  0
VERTEX
  8
87
 10
242.850000
 20
-30.800000
  0
VERTEX
  8
87
 10
242.850000
 20
-46.600000
  0
VERTEX
  8
87
 10
115.550000
 20
-46.700000
  0
VERTEX
  8
87
 10
-3.150000
 20
-47.300000
  0
VERTEX
  8
87
 10
-105.350000
 20
-48.200000
  0
SEQEND
  0
POLYLINE
  8
14
 66
     1
  0
VERTEX
  8
14
 10
-105.350000
 20
-48.200000
  0
VERTEX
  8
14
 10
-105.350000
 20
-25.400000
  0
VERTEX
  8
14
 10
-105.050000
 20
-5.000000
  0
VERTEX
  8
14
 10
-104.750000
 20
3.500000
  0
VERTEX
  8
14
 10
-104.450000
 20
11.300000
  0
VERTEX
  8
14
 10
-103.550000
 20
27.600000
  0
VERTEX
  8
14
 10
-102.050000
 20
47.000000
  0
VERTEX
  8
14
 10
-100.250000
 20
66.400000
  0
VERTEX
  8
14
 10
-98.050000
 20
86.300000
  0
VERTEX
  8
14
 10
-96.950000
 20
95.400000
  0
VERTEX
  8
14
 10
-94.750000
 20
110.200000
  0
VERTEX
  8
14
 10
-91.850000
 20
126.300000
  0
VERTEX
  8
14
 10
-89.050000
 20
139.400000
  0
VERTEX
  8
14
 10
-87.250000
 20
147.400000
  0
VERTEX
  8
14
 10
140.450000
 20
87.000000
  0
VERTEX
  8
14
 10
169.450000
 20
79.400000
  0
VERTEX
  8
14
 10
250.750000
 20
58.200000
  0
VERTEX
  8
14
 10
248.450000
 20
49.400000
  0
VERTEX
  8
14
 10
246.050000
 20
37.400000
  0
VERTEX
  8
14
 10
244.750000
 20
26.000000
  0
VERTEX
  8
14
 10
243.950000
 20
17.600000
  0
VERTEX
  8
14
 10
243.150000
 20
0.800000
  0
VERTEX
  8
14
 10
242.950000
 20
-6.600000
  0
VERTEX
  8
14
 10
242.950000
 20
-17.700000
  0
VERTEX
  8
14
 10
242.850000
 20
-30.800000
  0
VERTEX
  8
14
 10
242.850000
 20
-46.600000
  0
VERTEX
  8
14
 10
115.550000
 20
-46.700000
  0
VERTEX
  8
14
 10
-3.150000
 20
-47.300000
  0
VERTEX
  8
14
 10
-105.350000
 20
-48.200000
  0
SEQEND
  0
POINT
  8
2
 10
-105.350000
 20
-48.200000
  0
POINT
  8
2
 10
-105.350000
 20
-25.400000
  0
POINT
  8
3
 10
-105.050000
 20
-5.000000
  0
POINT
  8
2
 10
-104.750000
 20
3.500000
  0
POINT
  8
3
 10
-104.450000
 20
11.300000
  0
POINT
  8
3
 10
-103.550000
 20
27.600000
  0
POINT
  8
3
 10
-102.050000
 20
47.000000
  0
POINT
  8
3
 10
-100.250000
 20
66.400000
  0
POINT
  8
3
 10
-98.050000
 20
86.300000
  0
POINT
  8
2
 10
-96.950000
 20
95.400000
  0
POINT
  8
3
 10
-94.750000
 20
110.200000
  0
POINT
  8
3
 10
-91.850000
 20
126.300000
  0
POINT
  8
3
 10
-89.050000
 20
139.400000
  0
POINT
  8
2
 10
-87.250000
 20
147.400000
  0
POINT
  8
2
 10
140.450000
 20
87.000000
  0
POINT
  8
2
 10
169.450000
 20
79.400000
  0
POINT
  8
2
 10
260.350000
 20
55.600000
  0
POINT
  8
3
 10
258.150000
 20
47.200000
  0
POINT
  8
3
 10
255.950000
 20
35.900000
  0
POINT
  8
3
 10
254.650000
 20
25.000000
  0
POINT
  8
2
 10
253.850000
 20
17.000000
  0
POINT
  8
2
 10
253.050000
 20
0.600000
  0
POINT
  8
3
 10
252.950000
 20
-6.700000
  0
POINT
  8
3
 10
252.950000
 20
-17.700000
  0
POINT
  8
2
 10
252.850000
 20
-30.800000
  0
POINT
  8
2
 10
252.850000
 20
-46.600000
  0
POINT
  8
3
 10
115.550000
 20
-46.700000
  0
POINT
  8
3
 10
-3.150000
 20
-47.300000
  0
POINT
  8
2
 10
-105.350000
 20
-48.200000
  0
POINT
  8
2
 10
253.850000
 20
17.000000
 39
2.500000
 50
175.236400
  0
POINT
  8
2
 10
253.050000
 20
0.600000
 39
2.500000
 50
177.614100
  0
POINT
  8
2
 10
168.850000
 20
76.500000
  0
TEXT
  8
2
 10
168.850000
 20
76.500000
 40
0.250000
 50
0.000000
  1
#1
  0
POINT
  8
2
 10
139.150000
 20
84.400000
  0
TEXT
  8
2
 10
139.150000
 20
84.400000
 40
0.250000
 50
0.000000
  1
#1
  0
POINT
  8
2
 10
-94.050000
 20
94.700000
  0
TEXT
  8
2
 10
-94.050000
 20
94.700000
 40
0.250000
 50
0.000000
  1
#1
  0
POINT
  8
2
 10
-101.850000
 20
3.600000
  0
TEXT
  8
2
 10
-101.850000
 20
3.600000
 40
0.250000
 50
0.000000
  1
#1
  0
POINT
  8
2
 10
-105.350000
 20
-48.200000
  0
POINT
  8
2
 10
-105.350000
 20
-25.400000
  0
POINT
  8
3
 10
-105.050000
 20
-5.000000
  0
POINT
  8
2
 10
-104.750000
 20
3.500000
  0
POINT
  8
3
 10
-104.450000
 20
11.300000
  0
POINT
  8
3
 10
-103.550000
 20
27.600000
  0
POINT
  8
3
 10
-102.050000
 20
47.000000
  0
POINT
  8
3
 10
-100.250000
 20
66.400000
  0
POINT
  8
3
 10
-98.050000
 20
86.300000
  0
POINT
  8
2
 10
-96.950000
 20
95.400000
  0
POINT
  8
3
 10
-94.750000
 20
110.200000
  0
POINT
  8
3
 10
-91.850000
 20
126.300000
  0
POINT
  8
3
 10
-89.050000
 20
139.400000
  0
POINT
  8
2
 10
-87.250000
 20
147.400000
  0
POINT
  8
2
 10
140.450000
 20
87.000000
  0
POINT
  8
2
 10
169.450000
 20
79.400000
  0
POINT
  8
2
 10
250.750000
 20
58.200000
  0
POINT
  8
3
 10
248.450000
 20
49.400000
  0
POINT
  8
3
 10
246.050000
 20
37.400000
  0
POINT
  8
3
 10
244.750000
 20
26.000000
  0
POINT
  8
2
 10
243.950000
 20
17.600000
  0
POINT
  8
2
 10
243.150000
 20
0.800000
  0
POINT
  8
3
 10
242.950000
 20
-6.600000
  0
POINT
  8
3
 10
242.950000
 20
-17.700000
  0
POINT
  8
2
 10
242.850000
 20
-30.800000
  0
POINT
  8
2
 10
242.850000
 20
-46.600000
  0
POINT
  8
3
 10
115.550000
 20
-46.700000
  0
POINT
  8
3
 10
-3.150000
 20
-47.300000
  0
POINT
  8
2
 10
-105.350000
 20
-48.200000
  0
POINT
  8
4
 10
253.850000
 20
17.000000
 30
2.500000
 50
175.236400
  0
POINT
  8
4
 10
253.050000
 20
0.600000
 30
2.500000
 50
177.614100
  0
POINT
  8
13
 10
168.850000
 20
76.500000
  0
TEXT
  8
13
 10
168.850000
 20
76.500000
 40
0.250000
 50
0.000000
  1
#1
  0
POINT
  8
13
 10
139.150000
 20
84.400000
  0
TEXT
  8
13
 10
139.150000
 20
84.400000
 40
0.250000
 50
0.000000
  1
#1
  0
POINT
  8
13
 10
-94.050000
 20
94.700000
  0
TEXT
  8
13
 10
-94.050000
 20
94.700000
 40
0.250000
 50
0.000000
  1
#1
  0
POINT
  8
13
 10
-101.850000
 20
3.600000
  0
TEXT
  8
13
 10
-101.850000
 20
3.600000
 40
0.250000
 50
0.000000
  1
#1
  0
LINE
  8
5
 10
107.050000
 20
0.000000
 11
-21.650000
 21
0.000000
  0
LINE
  8
7
 10
107.050000
 20
0.000000
 11
-21.650000
 21
0.000000
  0
TEXT
  8
15
 10
47.950000
 20
96.700000
 40
11.561470
 50
346.551400
  1
CLEAN CUT
  0
TEXT
  8
15
 10
-82.650000
 20
77.500000
 40
11.987030
 50
264.574800
  1
CLEAN CUT
  0
TEXT
  8
15
 10
100.250000
 20
-41.800000
 40
11.983330
 50
180.000000
  1
FRONT CENTER
  0
TEXT
  8
15
 10
235.250000
 20
-4.900000
 40
7.500000
 50
270.000000
  1
HIGH
  0
TEXT
  8
15
 10
201.450000
 20
-41.800000
 40
8.888888
 50
180.000000
  1
CLEAN CUT
  0
TEXT
  8
1
 10
4.200000
 20
17.700000
 40
10.000000
 50
0.000000
  1
Piece Name: RIGHT FRNT 1P
  0
TEXT
  8
1
 10
4.200000
 20
28.700000
 40
10.000000
 50
0.000000
  1
Size: 42
  0
TEXT
  8
1
 10
4.200000
 20
39.700000
 40
10.000000
 50
0.000000
  1
Annotation: RIGHT FRNT 1P
  0
TEXT
  8
1
 10
4.200000
 20
50.700000
 40
10.000000
 50
0.000000
  1
Quantity: 1
  0
TEXT
  8
1
 10
4.200000
 20
61.700000
 40
10.000000
 50
0.000000
  1
Material: LEATHER
  0
ENDBLK
  0
BLOCK
  8
1
  2
RIGHT FRONT 1P
 70
     0
 10
0.00
 20
0.00
  0
POLYLINE
  8
84
 66
     1
 70
     1
  0
VERTEX
  8
84
 10
244.450000
 20
145.400000
  0
VERTEX
  8
84
 10
242.850000
 20
137.800000
  0
VERTEX
  8
84
 10
240.050000
 20
124.700000
  0
VERTEX
  8
84
 10
237.250000
 20
108.700000
  0
VERTEX
  8
84
 10
235.050000
 20
94.000000
  0
VERTEX
  8
84
 10
234.050000
 20
85.100000
  0
VERTEX
  8
84
 10
231.850000
 20
65.400000
  0
VERTEX
  8
84
 10
230.050000
 20
46.100000
  0
VERTEX
  8
84
 10
228.550000
 20
26.900000
  0
VERTEX
  8
84
 10
227.650000
 20
10.800000
  0
VERTEX
  8
84
 10
227.350000
 20
3.200000
  0
VERTEX
  8
84
 10
227.050000
 20
-5.300000
  0
VERTEX
  8
84
 10
226.750000
 20
-25.500000
  0
VERTEX
  8
84
 10
226.850000
 20
-48.200000
  0
VERTEX
  8
84
 10
216.850000
 20
-48.200000
  0
VERTEX
  8
84
 10
176.450000
 20
-48.500000
  0
VERTEX
  8
84
 10
29.150000
 20
-49.100000
  0
VERTEX
  8
84
 10
-132.950000
 20
-49.400000
  0
VERTEX
  8
84
 10
-132.950000
 20
-38.000000
  0
VERTEX
  8
84
 10
-132.550000
 20
-14.200000
  0
VERTEX
  8
84
 10
-131.550000
 20
11.900000
  0
VERTEX
  8
84
 10
-130.150000
 20
40.300000
  0
VERTEX
  8
84
 10
-127.750000
 20
71.900000
  0
VERTEX
  8
84
 10
-124.550000
 20
106.600000
  0
VERTEX
  8
84
 10
-120.350000
 20
142.700000
  0
VERTEX
  8
84
 10
-115.050000
 20
178.500000
  0
VERTEX
  8
84
 10
-108.650000
 20
212.900000
  0
VERTEX
  8
84
 10
-102.650000
 20
237.200000
  0
VERTEX
  8
84
 10
97.750000
 20
183.900000
  0
VERTEX
  8
84
 10
121.950000
 20
177.500000
  0
VERTEX
  8
84
 10
244.450000
 20
145.400000
  0
SEQEND
  0
POLYLINE
  8
1
 66
     1
 70
     1
  0
VERTEX
  8
1
 10
244.450000
 20
145.400000
  0
VERTEX
  8
1
 10
242.850000
 20
137.800000
  0
VERTEX
  8
1
 10
240.050000
 20
124.700000
  0
VERTEX
  8
1
 10
237.250000
 20
108.700000
  0
VERTEX
  8
1
 10
235.050000
 20
94.000000
  0
VERTEX
  8
1
 10
234.050000
 20
85.100000
  0
VERTEX
  8
1
 10
231.850000
 20
65.400000
  0
VERTEX
  8
1
 10
230.050000
 20
46.100000
  0
VERTEX
  8
1
 10
228.550000
 20
26.900000
  0
VERTEX
  8
1
 10
227.650000
 20
10.800000
  0
VERTEX
  8
1
 10
227.350000
 20
3.200000
  0
VERTEX
  8
1
 10
227.050000
 20
-5.300000
  0
VERTEX
  8
1
 10
226.750000
 20
-25.500000
  0
VERTEX
  8
1
 10
226.850000
 20
-48.200000
  0
VERTEX
  8
1
 10
216.850000
 20
-48.200000
  0
VERTEX
  8
1
 10
176.450000
 20
-48.500000
  0
VERTEX
  8
1
 10
29.150000
 20
-49.100000
  0
VERTEX
  8
1
 10
-132.950000
 20
-49.400000
  0
VERTEX
  8
1
 10
-132.950000
 20
-38.000000
  0
VERTEX
  8
1
 10
-132.550000
 20
-14.200000
  0
VERTEX
  8
1
 10
-131.550000
 20
11.900000
  0
VERTEX
  8
1
 10
-130.150000
 20
40.300000
  0
VERTEX
  8
1
 10
-127.750000
 20
71.900000
  0
VERTEX
  8
1
 10
-124.550000
 20
106.600000
  0
VERTEX
  8
1
 10
-120.350000
 20
142.700000
  0
VERTEX
  8
1
 10
-115.050000
 20
178.500000
  0
VERTEX
  8
1
 10
-108.650000
 20
212.900000
  0
VERTEX
  8
1
 10
-102.650000
 20
237.200000
  0
VERTEX
  8
1
 10
97.750000
 20
183.900000
  0
VERTEX
  8
1
 10
121.950000
 20
177.500000
  0
VERTEX
  8
1
 10
244.450000
 20
145.400000
  0
SEQEND
  0
POLYLINE
  8
87
 66
     1
  0
VERTEX
  8
87
 10
234.850000
 20
148.000000
  0
VERTEX
  8
87
 10
233.150000
 20
139.800000
  0
VERTEX
  8
87
 10
230.250000
 20
126.500000
  0
VERTEX
  8
87
 10
227.450000
 20
110.200000
  0
VERTEX
  8
87
 10
225.150000
 20
95.200000
  0
VERTEX
  8
87
 10
224.150000
 20
86.200000
  0
VERTEX
  8
87
 10
221.950000
 20
66.400000
  0
VERTEX
  8
87
 10
220.150000
 20
46.900000
  0
VERTEX
  8
87
 10
218.650000
 20
27.500000
  0
VERTEX
  8
87
 10
217.750000
 20
11.200000
  0
VERTEX
  8
87
 10
217.450000
 20
3.200000
  0
VERTEX
  8
87
 10
217.150000
 20
-5.100000
  0
VERTEX
  8
87
 10
216.850000
 20
-25.400000
  0
VERTEX
  8
87
 10
216.850000
 20
-48.200000
  0
VERTEX
  8
87
 10
176.450000
 20
-48.500000
  0
VERTEX
  8
87
 10
29.150000
 20
-49.100000
  0
VERTEX
  8
87
 10
-132.950000
 20
-49.400000
  0
VERTEX
  8
87
 10
-132.950000
 20
-38.000000
  0
VERTEX
  8
87
 10
-132.550000
 20
-14.200000
  0
VERTEX
  8
87
 10
-131.550000
 20
11.900000
  0
VERTEX
  8
87
 10
-130.150000
 20
40.300000
  0
VERTEX
  8
87
 10
-127.750000
 20
71.900000
  0
VERTEX
  8
87
 10
-124.550000
 20
106.600000
  0
VERTEX
  8
87
 10
-120.350000
 20
142.700000
  0
VERTEX
  8
87
 10
-115.050000
 20
178.500000
  0
VERTEX
  8
87
 10
-108.650000
 20
212.900000
  0
VERTEX
  8
87
 10
-102.650000
 20
237.200000
  0
VERTEX
  8
87
 10
97.750000
 20
183.900000
  0
VERTEX
  8
87
 10
121.950000
 20
177.500000
  0
VERTEX
  8
87
 10
234.850000
 20
148.000000
  0
SEQEND
  0
POLYLINE
  8
14
 66
     1
  0
VERTEX
  8
14
 10
234.850000
 20
148.000000
  0
VERTEX
  8
14
 10
233.150000
 20
139.800000
  0
VERTEX
  8
14
 10
230.250000
 20
126.500000
  0
VERTEX
  8
14
 10
227.450000
 20
110.200000
  0
VERTEX
  8
14
 10
225.150000
 20
95.200000
  0
VERTEX
  8
14
 10
224.150000
 20
86.200000
  0
VERTEX
  8
14
 10
221.950000
 20
66.400000
  0
VERTEX
  8
14
 10
220.150000
 20
46.900000
  0
VERTEX
  8
14
 10
218.650000
 20
27.500000
  0
VERTEX
  8
14
 10
217.750000
 20
11.200000
  0
VERTEX
  8
14
 10
217.450000
 20
3.200000
  0
VERTEX
  8
14
 10
217.150000
 20
-5.100000
  0
VERTEX
  8
14
 10
216.850000
 20
-25.400000
  0
VERTEX
  8
14
 10
216.850000
 20
-48.200000
  0
VERTEX
  8
14
 10
176.450000
 20
-48.500000
  0
VERTEX
  8
14
 10
29.150000
 20
-49.100000
  0
VERTEX
  8
14
 10
-132.950000
 20
-49.400000
  0
VERTEX
  8
14
 10
-132.950000
 20
-38.000000
  0
VERTEX
  8
14
 10
-132.550000
 20
-14.200000
  0
VERTEX
  8
14
 10
-131.550000
 20
11.900000
  0
VERTEX
  8
14
 10
-130.150000
 20
40.300000
  0
VERTEX
  8
14
 10
-127.750000
 20
71.900000
  0
VERTEX
  8
14
 10
-124.550000
 20
106.600000
  0
VERTEX
  8
14
 10
-120.350000
 20
142.700000
  0
VERTEX
  8
14
 10
-115.050000
 20
178.500000
  0
VERTEX
  8
14
 10
-108.650000
 20
212.900000
  0
VERTEX
  8
14
 10
-102.650000
 20
237.200000
  0
VERTEX
  8
14
 10
97.750000
 20
183.900000
  0
VERTEX
  8
14
 10
121.950000
 20
177.500000
  0
VERTEX
  8
14
 10
234.850000
 20
148.000000
  0
SEQEND
  0
POINT
  8
2
 10
244.450000
 20
145.400000
  0
POINT
  8
3
 10
242.850000
 20
137.800000
  0
POINT
  8
3
 10
240.050000
 20
124.700000
  0
POINT
  8
3
 10
237.250000
 20
108.700000
  0
POINT
  8
2
 10
235.050000
 20
94.000000
  0
POINT
  8
3
 10
234.050000
 20
85.100000
  0
POINT
  8
3
 10
231.850000
 20
65.400000
  0
POINT
  8
3
 10
230.050000
 20
46.100000
  0
POINT
  8
3
 10
228.550000
 20
26.900000
  0
POINT
  8
3
 10
227.650000
 20
10.800000
  0
POINT
  8
2
 10
227.350000
 20
3.200000
  0
POINT
  8
3
 10
227.050000
 20
-5.300000
  0
POINT
  8
2
 10
226.750000
 20
-25.500000
  0
POINT
  8
2
 10
226.850000
 20
-48.200000
  0
POINT
  8
2
 10
216.850000
 20
-48.200000
  0
POINT
  8
3
 10
176.450000
 20
-48.500000
  0
POINT
  8
3
 10
29.150000
 20
-49.100000
  0
POINT
  8
2
 10
-132.950000
 20
-49.400000
  0
POINT
  8
2
 10
-132.950000
 20
-38.000000
  0
POINT
  8
3
 10
-132.550000
 20
-14.200000
  0
POINT
  8
3
 10
-131.550000
 20
11.900000
  0
POINT
  8
3
 10
-130.150000
 20
40.300000
  0
POINT
  8
3
 10
-127.750000
 20
71.900000
  0
POINT
  8
3
 10
-124.550000
 20
106.600000
  0
POINT
  8
3
 10
-120.350000
 20
142.700000
  0
POINT
  8
3
 10
-115.050000
 20
178.500000
  0
POINT
  8
3
 10
-108.650000
 20
212.900000
  0
POINT
  8
2
 10
-102.650000
 20
237.200000
  0
POINT
  8
2
 10
97.750000
 20
183.900000
  0
POINT
  8
2
 10
121.950000
 20
177.500000
  0
POINT
  8
2
 10
244.450000
 20
145.400000
  0
POINT
  8
2
 10
235.050000
 20
94.000000
 39
2.500000
 50
172.875000
  0
POINT
  8
2
 10
227.350000
 20
3.200000
 39
2.500000
 50
180.000000
  0
POINT
  8
2
 10
120.350000
 20
175.100000
  0
TEXT
  8
2
 10
120.350000
 20
175.100000
 40
0.250000
 50
0.000000
  1
#1
  0
POINT
  8
2
 10
96.950000
 20
181.100000
  0
TEXT
  8
2
 10
96.950000
 20
181.100000
 40
0.250000
 50
0.000000
  1
#1
  0
POINT
  8
2
 10
234.850000
 20
148.000000
  0
POINT
  8
3
 10
233.150000
 20
139.800000
  0
POINT
  8
3
 10
230.250000
 20
126.500000
  0
POINT
  8
3
 10
227.450000
 20
110.200000
  0
POINT
  8
2
 10
225.150000
 20
95.200000
  0
POINT
  8
3
 10
224.150000
 20
86.200000
  0
POINT
  8
3
 10
221.950000
 20
66.400000
  0
POINT
  8
3
 10
220.150000
 20
46.900000
  0
POINT
  8
3
 10
218.650000
 20
27.500000
  0
POINT
  8
3
 10
217.750000
 20
11.200000
  0
POINT
  8
2
 10
217.450000
 20
3.200000
  0
POINT
  8
3
 10
217.150000
 20
-5.100000
  0
POINT
  8
2
 10
216.850000
 20
-25.400000
  0
POINT
  8
2
 10
216.850000
 20
-48.200000
  0
POINT
  8
3
 10
176.450000
 20
-48.500000
  0
POINT
  8
3
 10
29.150000
 20
-49.100000
  0
POINT
  8
2
 10
-132.950000
 20
-49.400000
  0
POINT
  8
2
 10
-132.950000
 20
-38.000000
  0
POINT
  8
3
 10
-132.550000
 20
-14.200000
  0
POINT
  8
3
 10
-131.550000
 20
11.900000
  0
POINT
  8
3
 10
-130.150000
 20
40.300000
  0
POINT
  8
3
 10
-127.750000
 20
71.900000
  0
POINT
  8
3
 10
-124.550000
 20
106.600000
  0
POINT
  8
3
 10
-120.350000
 20
142.700000
  0
POINT
  8
3
 10
-115.050000
 20
178.500000
  0
POINT
  8
3
 10
-108.650000
 20
212.900000
  0
POINT
  8
2
 10
-102.650000
 20
237.200000
  0
POINT
  8
2
 10
97.750000
 20
183.900000
  0
POINT
  8
2
 10
121.950000
 20
177.500000
  0
POINT
  8
2
 10
234.850000
 20
148.000000
  0
POINT
  8
4
 10
235.050000
 20
94.000000
 30
2.500000
 50
172.875000
  0
POINT
  8
4
 10
227.350000
 20
3.200000
 30
2.500000
 50
180.000000
  0
POINT
  8
13
 10
120.350000
 20
175.100000
  0
TEXT
  8
13
 10
120.350000
 20
175.100000
 40
0.250000
 50
0.000000
  1
#1
  0
POINT
  8
13
 10
96.950000
 20
181.100000
  0
TEXT
  8
13
 10
96.950000
 20
181.100000
 40
0.250000
 50
0.000000
  1
#1
  0
LINE
  8
5
 10
129.950000
 20
0.000000
 11
-44.650000
 21
0.000000
  0
LINE
  8
7
 10
129.950000
 20
0.000000
 11
-44.650000
 21
0.000000
  0
TEXT
  8
15
 10
129.150000
 20
156.500000
 40
11.424840
 50
349.804800
  1
CLEAN CUT
  0
TEXT
  8
15
 10
-102.650000
 20
126.100000
 40
14.171870
 50
259.976400
  1
CLEAN CUT
  0
TEXT
  8
15
 10
72.750000
 20
-46.300000
 40
15.016670
 50
180.000000
  1
FRONT CENTER
  0
TEXT
  8
15
 10
202.750000
 20
67.100000
 40
11.002730
 50
262.164500
  1
HIGH
  0
TEXT
  8
15
 10
175.750000
 20
-42.200000
 40
11.111110
 50
180.000000
  1
CLEAN CUT
  0
TEXT
  8
1
 10
4.200000
 20
17.700000
 40
10.000000
 50
0.000000
  1
Piece Name: RIGHT FRONT 1P
  0
TEXT
  8
1
 10
4.200000
 20
28.700000
 40
10.000000
 50
0.000000
  1
Size: 42
  0
TEXT
  8
1
 10
4.200000
 20
39.700000
 40
10.000000
 50
0.000000
  1
Annotation: RIGHT FRONT 1P
  0
TEXT
  8
1
 10
4.200000
 20
50.700000
 40
10.000000
 50
0.000000
  1
Quantity: 1
  0
TEXT
  8
1
 10
4.200000
 20
61.700000
 40
10.000000
 50
0.000000
  1
Material: LEATHER
  0
ENDBLK
  0
BLOCK
  8
1
  2
LINING BACK 2P
 70
     0
 10
0.00
 20
0.00
  0
POLYLINE
  8
84
 66
     1
 70
     1
  0
VERTEX
  8
84
 10
-93.550000
 20
334.800000
  0
VERTEX
  8
84
 10
-84.850000
 20
330.100000
  0
VERTEX
  8
84
 10
-75.850000
 20
325.700000
  0
VERTEX
  8
84
 10
9.450000
 20
281.800000
  0
VERTEX
  8
84
 10
116.950000
 20
226.800000
  0
VERTEX
  8
84
 10
209.550000
 20
179.500000
  0
VERTEX
  8
84
 10
288.950000
 20
139.100000
  0
VERTEX
  8
84
 10
275.450000
 20
115.000000
  0
VERTEX
  8
84
 10
267.050000
 20
98.800000
  0
VERTEX
  8
84
 10
259.150000
 20
82.400000
  0
VERTEX
  8
84
 10
252.750000
 20
67.200000
  0
VERTEX
  8
84
 10
248.150000
 20
53.400000
  0
VERTEX
  8
84
 10
244.650000
 20
41.600000
  0
VERTEX
  8
84
 10
241.950000
 20
30.600000
  0
VERTEX
  8
84
 10
239.550000
 20
19.100000
  0
VERTEX
  8
84
 10
237.850000
 20
8.900001
  0
VERTEX
  8
84
 10
236.750000
 20
1.100000
  0
VERTEX
  8
84
 10
236.250000
 20
-4.300000
  0
VERTEX
  8
84
 10
235.550000
 20
-11.800000
  0
VERTEX
  8
84
 10
234.550000
 20
-25.000000
  0
VERTEX
  8
84
 10
233.550000
 20
-42.300000
  0
VERTEX
  8
84
 10
233.250000
 20
-55.300000
  0
VERTEX
  8
84
 10
233.250000
 20
-63.600000
  0
VERTEX
  8
84
 10
233.250000
 20
-69.000000
  0
VERTEX
  8
84
 10
233.250000
 20
-79.000000
  0
VERTEX
  8
84
 10
100.450000
 20
-78.700000
  0
VERTEX
  8
84
 10
70.450000
 20
-78.700000
  0
VERTEX
  8
84
 10
-102.350000
 20
-78.100000
  0
VERTEX
  8
84
 10
-176.550000
 20
-78.100000
  0
VERTEX
  8
84
 10
-186.450000
 20
-78.400000
  0
VERTEX
  8
84
 10
-196.350000
 20
-78.700000
  0
VERTEX
  8
84
 10
-196.650000
 20
-68.700000
  0
VERTEX
  8
84
 10
-197.250000
 20
-42.200000
  0
VERTEX
  8
84
 10
-196.450000
 20
-24.500000
  0
VERTEX
  8
84
 10
-194.250000
 20
28.200000
  0
VERTEX
  8
84
 10
-190.850000
 20
64.300000
  0
VERTEX
  8
84
 10
-186.850000
 20
90.100000
  0
VERTEX
  8
84
 10
-181.350000
 20
116.200000
  0
VERTEX
  8
84
 10
-175.850000
 20
139.900000
  0
VERTEX
  8
84
 10
-168.450000
 20
166.300000
  0
VERTEX
  8
84
 10
-158.850000
 20
195.300000
  0
VERTEX
  8
84
 10
-146.850000
 20
226.400000
  0
VERTEX
  8
84
 10
-132.750000
 20
258.500000
  0
VERTEX
  8
84
 10
-118.950000
 20
287.000000
  0
VERTEX
  8
84
 10
-106.550000
 20
311.300000
  0
VERTEX
  8
84
 10
-93.550000
 20
334.800000
  0
SEQEND
  0
POLYLINE
  8
1
 66
     1
 70
     1
  0
VERTEX
  8
1
 10
-93.550000
 20
334.800000
  0
VERTEX
  8
1
 10
-84.850000
 20
330.100000
  0
VERTEX
  8
1
 10
-75.850000
 20
325.700000
  0
VERTEX
  8
1
 10
9.450000
 20
281.800000
  0
VERTEX
  8
1
 10
116.950000
 20
226.800000
  0
VERTEX
  8
1
 10
209.550000
 20
179.500000
  0
VERTEX
  8
1
 10
288.950000
 20
139.100000
  0
VERTEX
  8
1
 10
275.450000
 20
115.000000
  0
VERTEX
  8
1
 10
267.050000
 20
98.800000
  0
VERTEX
  8
1
 10
259.150000
 20
82.400000
  0
VERTEX
  8
1
 10
252.750000
 20
67.200000
  0
VERTEX
  8
1
 10
248.150000
 20
53.400000
  0
VERTEX
  8
1
 10
244.650000
 20
41.600000
  0
VERTEX
  8
1
 10
241.950000
 20
30.600000
  0
VERTEX
  8
1
 10
239.550000
 20
19.100000
  0
VERTEX
  8
1
 10
237.850000
 20
8.900001
  0
VERTEX
  8
1
 10
236.750000
 20
1.100000
  0
VERTEX
  8
1
 10
236.250000
 20
-4.300000
  0
VERTEX
  8
1
 10
235.550000
 20
-11.800000
  0
VERTEX
  8
1
 10
234.550000
 20
-25.000000
  0
VERTEX
  8
1
 10
233.550000
 20
-42.300000
  0
VERTEX
  8
1
 10
233.250000
 20
-55.300000
  0
VERTEX
  8
1
 10
233.250000
 20
-63.600000
  0
VERTEX
  8
1
 10
233.250000
 20
-69.000000
  0
VERTEX
  8
1
 10
233.250000
 20
-79.000000
  0
VERTEX
  8
1
 10
100.450000
 20
-78.700000
  0
VERTEX
  8
1
 10
70.450000
 20
-78.700000
  0
VERTEX
  8
1
 10
-102.350000
 20
-78.100000
  0
VERTEX
  8
1
 10
-176.550000
 20
-78.100000
  0
VERTEX
  8
1
 10
-186.450000
 20
-78.400000
  0
VERTEX
  8
1
 10
-196.350000
 20
-78.700000
  0
VERTEX
  8
1
 10
-196.650000
 20
-68.700000
  0
VERTEX
  8
1
 10
-197.250000
 20
-42.200000
  0
VERTEX
  8
1
 10
-196.450000
 20
-24.500000
  0
VERTEX
  8
1
 10
-194.250000
 20
28.200000
  0
VERTEX
  8
1
 10
-190.850000
 20
64.300000
  0
VERTEX
  8
1
 10
-186.850000
 20
90.100000
  0
VERTEX
  8
1
 10
-181.350000
 20
116.200000
  0
VERTEX
  8
1
 10
-175.850000
 20
139.900000
  0
VERTEX
  8
1
 10
-168.450000
 20
166.300000
  0
VERTEX
  8
1
 10
-158.850000
 20
195.300000
  0
VERTEX
  8
1
 10
-146.850000
 20
226.400000
  0
VERTEX
  8
1
 10
-132.750000
 20
258.500000
  0
VERTEX
  8
1
 10
-118.950000
 20
287.000000
  0
VERTEX
  8
1
 10
-106.550000
 20
311.300000
  0
VERTEX
  8
1
 10
-93.550000
 20
334.800000
  0
SEQEND
  0
POLYLINE
  8
85
 66
     1
  0
VERTEX
  8
85
 10
-176.750000
 20
-68.200000
  0
VERTEX
  8
85
 10
-177.350000
 20
-42.200000
  0
VERTEX
  8
85
 10
-176.550000
 20
-25.100000
  0
VERTEX
  8
85
 10
-174.250000
 20
27.000000
  0
VERTEX
  8
85
 10
-171.050000
 20
62.200000
  0
VERTEX
  8
85
 10
-167.250000
 20
86.700000
  0
VERTEX
  8
85
 10
-161.850000
 20
112.100000
  0
VERTEX
  8
85
 10
-156.450000
 20
135.100000
  0
VERTEX
  8
85
 10
-149.350000
 20
160.500000
  0
VERTEX
  8
85
 10
-139.950000
 20
188.700000
  0
VERTEX
  8
85
 10
-128.350000
 20
219.100000
  0
VERTEX
  8
85
 10
-114.550000
 20
250.400000
  0
VERTEX
  8
85
 10
-100.950000
 20
278.300000
  0
VERTEX
  8
85
 10
-88.850000
 20
302.000000
  0
VERTEX
  8
85
 10
-80.650000
 20
316.500000
  0
SEQEND
  0
POLYLINE
  8
8
 66
     1
  0
VERTEX
  8
8
 10
-176.750000
 20
-68.200000
  0
VERTEX
  8
8
 10
-177.350000
 20
-42.200000
  0
VERTEX
  8
8
 10
-176.550000
 20
-25.100000
  0
VERTEX
  8
8
 10
-174.250000
 20
27.000000
  0
VERTEX
  8
8
 10
-171.050000
 20
62.200000
  0
VERTEX
  8
8
 10
-167.250000
 20
86.700000
  0
VERTEX
  8
8
 10
-161.850000
 20
112.100000
  0
VERTEX
  8
8
 10
-156.450000
 20
135.100000
  0
VERTEX
  8
8
 10
-149.350000
 20
160.500000
  0
VERTEX
  8
8
 10
-139.950000
 20
188.700000
  0
VERTEX
  8
8
 10
-128.350000
 20
219.100000
  0
VERTEX
  8
8
 10
-114.550000
 20
250.400000
  0
VERTEX
  8
8
 10
-100.950000
 20
278.300000
  0
VERTEX
  8
8
 10
-88.850000
 20
302.000000
  0
VERTEX
  8
8
 10
-80.650000
 20
316.500000
  0
SEQEND
  0
POLYLINE
  8
87
 66
     1
  0
VERTEX
  8
87
 10
-89.550000
 20
321.400000
  0
VERTEX
  8
87
 10
-79.850000
 20
316.700000
  0
VERTEX
  8
87
 10
4.950000
 20
272.900000
  0
VERTEX
  8
87
 10
112.450000
 20
217.900000
  0
VERTEX
  8
87
 10
205.050000
 20
170.600000
  0
VERTEX
  8
87
 10
275.150000
 20
135.000000
  0
VERTEX
  8
87
 10
266.650000
 20
119.700000
  0
VERTEX
  8
87
 10
258.150000
 20
103.200000
  0
VERTEX
  8
87
 10
250.050000
 20
86.400000
  0
VERTEX
  8
87
 10
243.450000
 20
70.600000
  0
VERTEX
  8
87
 10
238.650000
 20
56.300000
  0
VERTEX
  8
87
 10
235.050000
 20
44.100000
  0
VERTEX
  8
87
 10
232.250000
 20
32.700000
  0
VERTEX
  8
87
 10
229.750000
 20
20.900000
  0
VERTEX
  8
87
 10
227.950000
 20
10.300000
  0
VERTEX
  8
87
 10
226.850000
 20
2.200000
  0
VERTEX
  8
87
 10
226.350000
 20
-3.400000
  0
VERTEX
  8
87
 10
225.650000
 20
-11.000000
  0
VERTEX
  8
87
 10
224.650000
 20
-24.400000
  0
VERTEX
  8
87
 10
223.650000
 20
-41.900000
  0
VERTEX
  8
87
 10
223.250000
 20
-55.200000
  0
VERTEX
  8
87
 10
223.250000
 20
-63.600000
  0
VERTEX
  8
87
 10
223.250000
 20
-69.000000
  0
VERTEX
  8
87
 10
100.450000
 20
-68.700000
  0
VERTEX
  8
87
 10
70.450000
 20
-68.700000
  0
VERTEX
  8
87
 10
-102.350000
 20
-68.100000
  0
VERTEX
  8
87
 10
-176.650000
 20
-68.100000
  0
VERTEX
  8
87
 10
-186.450000
 20
-68.500000
  0
VERTEX
  8
87
 10
-187.350000
 20
-42.300000
  0
VERTEX
  8
87
 10
-186.550000
 20
-24.900000
  0
VERTEX
  8
87
 10
-184.350000
 20
27.500000
  0
VERTEX
  8
87
 10
-180.950000
 20
63.100000
  0
VERTEX
  8
87
 10
-177.050000
 20
88.300000
  0
VERTEX
  8
87
 10
-171.650000
 20
114.100000
  0
VERTEX
  8
87
 10
-166.150000
 20
137.500000
  0
VERTEX
  8
87
 10
-158.950000
 20
163.400000
  0
VERTEX
  8
87
 10
-149.450000
 20
192.000000
  0
VERTEX
  8
87
 10
-137.650000
 20
222.600000
  0
VERTEX
  8
87
 10
-123.650000
 20
254.300000
  0
VERTEX
  8
87
 10
-109.950000
 20
282.600000
  0
VERTEX
  8
87
 10
-97.750000
 20
306.600000
  0
VERTEX
  8
87
 10
-89.550000
 20
321.400000
  0
SEQEND
  0
POLYLINE
  8
14
 66
     1
  0
VERTEX
  8
14
 10
-89.550000
 20
321.400000
  0
VERTEX
  8
14
 10
-79.850000
 20
316.700000
  0
VERTEX
  8
14
 10
4.950000
 20
272.900000
  0
VERTEX
  8
14
 10
112.450000
 20
217.900000
  0
VERTEX
  8
14
 10
205.050000
 20
170.600000
  0
VERTEX
  8
14
 10
275.150000
 20
135.000000
  0
VERTEX
  8
14
 10
266.650000
 20
119.700000
  0
VERTEX
  8
14
 10
258.150000
 20
103.200000
  0
VERTEX
  8
14
 10
250.050000
 20
86.400000
  0
VERTEX
  8
14
 10
243.450000
 20
70.600000
  0
VERTEX
  8
14
 10
238.650000
 20
56.300000
  0
VERTEX
  8
14
 10
235.050000
 20
44.100000
  0
VERTEX
  8
14
 10
232.250000
 20
32.700000
  0
VERTEX
  8
14
 10
229.750000
 20
20.900000
  0
VERTEX
  8
14
 10
227.950000
 20
10.300000
  0
VERTEX
  8
14
 10
226.850000
 20
2.200000
  0
VERTEX
  8
14
 10
226.350000
 20
-3.400000
  0
VERTEX
  8
14
 10
225.650000
 20
-11.000000
  0
VERTEX
  8
14
 10
224.650000
 20
-24.400000
  0
VERTEX
  8
14
 10
223.650000
 20
-41.900000
  0
VERTEX
  8
14
 10
223.250000
 20
-55.200000
  0
VERTEX
  8
14
 10
223.250000
 20
-63.600000
  0
VERTEX
  8
14
 10
223.250000
 20
-69.000000
  0
VERTEX
  8
14
 10
100.450000
 20
-68.700000
  0
VERTEX
  8
14
 10
70.450000
 20
-68.700000
  0
VERTEX
  8
14
 10
-102.350000
 20
-68.100000
  0
VERTEX
  8
14
 10
-176.650000
 20
-68.100000
  0
VERTEX
  8
14
 10
-186.450000
 20
-68.500000
  0
VERTEX
  8
14
 10
-187.350000
 20
-42.300000
  0
VERTEX
  8
14
 10
-186.550000
 20
-24.900000
  0
VERTEX
  8
14
 10
-184.350000
 20
27.500000
  0
VERTEX
  8
14
 10
-180.950000
 20
63.100000
  0
VERTEX
  8
14
 10
-177.050000
 20
88.300000
  0
VERTEX
  8
14
 10
-171.650000
 20
114.100000
  0
VERTEX
  8
14
 10
-166.150000
 20
137.500000
  0
VERTEX
  8
14
 10
-158.950000
 20
163.400000
  0
VERTEX
  8
14
 10
-149.450000
 20
192.000000
  0
VERTEX
  8
14
 10
-137.650000
 20
222.600000
  0
VERTEX
  8
14
 10
-123.650000
 20
254.300000
  0
VERTEX
  8
14
 10
-109.950000
 20
282.600000
  0
VERTEX
  8
14
 10
-97.750000
 20
306.600000
  0
VERTEX
  8
14
 10
-89.550000
 20
321.400000
  0
SEQEND
  0
POINT
  8
2
 10
-93.550000
 20
334.800000
  0
POINT
  8
2
 10
-84.850000
 20
330.100000
  0
POINT
  8
2
 10
-75.850000
 20
325.700000
  0
POINT
  8
3
 10
9.450000
 20
281.800000
  0
POINT
  8
3
 10
116.950000
 20
226.800000
  0
POINT
  8
3
 10
209.550000
 20
179.500000
  0
POINT
  8
2
 10
288.950000
 20
139.100000
  0
POINT
  8
3
 10
275.450000
 20
115.000000
  0
POINT
  8
3
 10
267.050000
 20
98.800000
  0
POINT
  8
3
 10
259.150000
 20
82.400000
  0
POINT
  8
3
 10
252.750000
 20
67.200000
  0
POINT
  8
3
 10
248.150000
 20
53.400000
  0
POINT
  8
3
 10
244.650000
 20
41.600000
  0
POINT
  8
3
 10
241.950000
 20
30.600000
  0
POINT
  8
3
 10
239.550000
 20
19.100000
  0
POINT
  8
3
 10
237.850000
 20
8.900001
  0
POINT
  8
3
 10
236.750000
 20
1.100000
  0
POINT
  8
2
 10
236.250000
 20
-4.300000
  0
POINT
  8
3
 10
235.550000
 20
-11.800000
  0
POINT
  8
3
 10
234.550000
 20
-25.000000
  0
POINT
  8
3
 10
233.550000
 20
-42.300000
  0
POINT
  8
3
 10
233.250000
 20
-55.300000
  0
POINT
  8
3
 10
233.250000
 20
-63.600000
  0
POINT
  8
2
 10
233.250000
 20
-69.000000
  0
POINT
  8
2
 10
233.250000
 20
-79.000000
  0
POINT
  8
2
 10
100.450000
 20
-78.700000
  0
POINT
  8
3
 10
70.450000
 20
-78.700000
  0
POINT
  8
3
 10
-102.350000
 20
-78.100000
  0
POINT
  8
2
 10
-176.550000
 20
-78.100000
  0
POINT
  8
2
 10
-186.450000
 20
-78.400000
  0
POINT
  8
2
 10
-196.350000
 20
-78.700000
  0
POINT
  8
2
 10
-196.650000
 20
-68.700000
  0
POINT
  8
3
 10
-197.250000
 20
-42.200000
  0
POINT
  8
3
 10
-196.450000
 20
-24.500000
  0
POINT
  8
3
 10
-194.250000
 20
28.200000
  0
POINT
  8
3
 10
-190.850000
 20
64.300000
  0
POINT
  8
3
 10
-186.850000
 20
90.100000
  0
POINT
  8
3
 10
-181.350000
 20
116.200000
  0
POINT
  8
3
 10
-175.850000
 20
139.900000
  0
POINT
  8
3
 10
-168.450000
 20
166.300000
  0
POINT
  8
3
 10
-158.850000
 20
195.300000
  0
POINT
  8
3
 10
-146.850000
 20
226.400000
  0
POINT
  8
3
 10
-132.750000
 20
258.500000
  0
POINT
  8
3
 10
-118.950000
 20
287.000000
  0
POINT
  8
3
 10
-106.550000
 20
311.300000
  0
POINT
  8
2
 10
-93.550000
 20
334.800000
  0
POINT
  8
2
 10
-176.750000
 20
-68.200000
  0
POINT
  8
3
 10
-177.350000
 20
-42.200000
  0
POINT
  8
3
 10
-176.550000
 20
-25.100000
  0
POINT
  8
3
 10
-174.250000
 20
27.000000
  0
POINT
  8
3
 10
-171.050000
 20
62.200000
  0
POINT
  8
3
 10
-167.250000
 20
86.700000
  0
POINT
  8
3
 10
-161.850000
 20
112.100000
  0
POINT
  8
3
 10
-156.450000
 20
135.100000
  0
POINT
  8
3
 10
-149.350000
 20
160.500000
  0
POINT
  8
3
 10
-139.950000
 20
188.700000
  0
POINT
  8
3
 10
-128.350000
 20
219.100000
  0
POINT
  8
3
 10
-114.550000
 20
250.400000
  0
POINT
  8
3
 10
-100.950000
 20
278.300000
  0
POINT
  8
3
 10
-88.850000
 20
302.000000
  0
POINT
  8
2
 10
-80.650000
 20
316.500000
  0
POINT
  8
2
 10
-84.850000
 20
330.100000
 39
2.500000
 50
242.354000
  0
POINT
  8
2
 10
-75.850000
 20
325.700000
 39
2.500000
 50
245.556000
  0
POINT
  8
2
 10
236.250000
 20
-4.300000
 39
2.500000
 50
175.236400
  0
POINT
  8
2
 10
233.250000
 20
-69.000000
 39
2.500000
 50
180.000000
  0
POINT
  8
2
 10
100.450000
 20
-78.700000
 39
2.500000
 50
90.000000
  0
POINT
  8
2
 10
-176.550000
 20
-78.100000
 39
2.500000
 50
90.000000
  0
POINT
  8
2
 10
-186.450000
 20
-78.400000
 39
2.500000
 50
90.000000
  0
POINT
  8
2
 10
-196.650000
 20
-68.700000
 39
2.500000
  0
POINT
  8
2
 10
-89.550000
 20
321.400000
  0
POINT
  8
2
 10
-79.850000
 20
316.700000
  0
POINT
  8
3
 10
4.950000
 20
272.900000
  0
POINT
  8
3
 10
112.450000
 20
217.900000
  0
POINT
  8
3
 10
205.050000
 20
170.600000
  0
POINT
  8
2
 10
275.150000
 20
135.000000
  0
POINT
  8
3
 10
266.650000
 20
119.700000
  0
POINT
  8
3
 10
258.150000
 20
103.200000
  0
POINT
  8
3
 10
250.050000
 20
86.400000
  0
POINT
  8
3
 10
243.450000
 20
70.600000
  0
POINT
  8
3
 10
238.650000
 20
56.300000
  0
POINT
  8
3
 10
235.050000
 20
44.100000
  0
POINT
  8
3
 10
232.250000
 20
32.700000
  0
POINT
  8
3
 10
229.750000
 20
20.900000
  0
POINT
  8
3
 10
227.950000
 20
10.300000
  0
POINT
  8
3
 10
226.850000
 20
2.200000
  0
POINT
  8
2
 10
226.350000
 20
-3.400000
  0
POINT
  8
3
 10
225.650000
 20
-11.000000
  0
POINT
  8
3
 10
224.650000
 20
-24.400000
  0
POINT
  8
3
 10
223.650000
 20
-41.900000
  0
POINT
  8
3
 10
223.250000
 20
-55.200000
  0
POINT
  8
3
 10
223.250000
 20
-63.600000
  0
POINT
  8
2
 10
223.250000
 20
-69.000000
  0
POINT
  8
2
 10
100.450000
 20
-68.700000
  0
POINT
  8
3
 10
70.450000
 20
-68.700000
  0
POINT
  8
3
 10
-102.350000
 20
-68.100000
  0
POINT
  8
2
 10
-176.650000
 20
-68.100000
  0
POINT
  8
2
 10
-186.450000
 20
-68.500000
  0
POINT
  8
3
 10
-187.350000
 20
-42.300000
  0
POINT
  8
3
 10
-186.550000
 20
-24.900000
  0
POINT
  8
3
 10
-184.350000
 20
27.500000
  0
POINT
  8
3
 10
-180.950000
 20
63.100000
  0
POINT
  8
3
 10
-177.050000
 20
88.300000
  0
POINT
  8
3
 10
-171.650000
 20
114.100000
  0
POINT
  8
3
 10
-166.150000
 20
137.500000
  0
POINT
  8
3
 10
-158.950000
 20
163.400000
  0
POINT
  8
3
 10
-149.450000
 20
192.000000
  0
POINT
  8
3
 10
-137.650000
 20
222.600000
  0
POINT
  8
3
 10
-123.650000
 20
254.300000
  0
POINT
  8
3
 10
-109.950000
 20
282.600000
  0
POINT
  8
3
 10
-97.750000
 20
306.600000
  0
POINT
  8
2
 10
-89.550000
 20
321.400000
  0
POINT
  8
4
 10
-84.850000
 20
330.100000
 30
2.500000
 50
242.354000
  0
POINT
  8
4
 10
-75.850000
 20
325.700000
 30
2.500000
 50
245.556000
  0
POINT
  8
4
 10
236.250000
 20
-4.300000
 30
2.500000
 50
175.236400
  0
POINT
  8
4
 10
233.250000
 20
-69.000000
 30
2.500000
 50
180.000000
  0
POINT
  8
4
 10
100.450000
 20
-78.700000
 30
2.500000
 50
90.000000
  0
POINT
  8
4
 10
-176.550000
 20
-78.100000
 30
2.500000
 50
90.000000
  0
POINT
  8
4
 10
-186.450000
 20
-78.400000
 30
2.500000
 50
90.000000
  0
POINT
  8
4
 10
-196.650000
 20
-68.700000
 30
2.500000
  0
LINE
  8
5
 10
152.250000
 20
0.000000
 11
-66.850000
 21
0.000000
  0
LINE
  8
7
 10
158.350000
 20
0.400000
 11
-64.350000
 21
0.400000
  0
TEXT
  8
15
 10
-57.450000
 20
-65.900000
 40
10.909090
 50
180.000000
  1
BACK CENTER
  0
TEXT
  8
15
 10
180.550000
 20
-66.600000
 40
11.933330
 50
180.000000
  1
zip
  0
TEXT
  8
1
 10
4.200000
 20
17.700000
 40
10.000000
 50
0.000000
  1
Piece Name: LINING BACK 2P
  0
TEXT
  8
1
 10
4.200000
 20
28.700000
 40
10.000000
 50
0.000000
  1
Size: 42
  0
TEXT
  8
1
 10
4.200000
 20
39.700000
 40
10.000000
 50
0.000000
  1
Annotation: LINING BACK 2P
  0
TEXT
  8
1
 10
4.200000
 20
50.700000
 40
10.000000
 50
0.000000
  1
Quantity: 1
  0
TEXT
  8
1
 10
4.200000
 20
61.700000
 40
10.000000
 50
0.000000
  1
Material: LINING
  0
ENDBLK
  0
BLOCK
  8
1
  2
LINING FRONT 1P
 70
     0
 10
0.00
 20
0.00
  0
POLYLINE
  8
84
 66
     1
 70
     1
  0
VERTEX
  8
84
 10
275.250000
 20
0.000000
  0
VERTEX
  8
84
 10
275.450000
 20
-17.500000
  0
VERTEX
  8
84
 10
275.650000
 20
-30.300000
  0
VERTEX
  8
84
 10
275.750000
 20
-40.600000
  0
VERTEX
  8
84
 10
275.850000
 20
-48.000000
  0
VERTEX
  8
84
 10
276.250000
 20
-55.900000
  0
VERTEX
  8
84
 10
276.650000
 20
-63.300000
  0
VERTEX
  8
84
 10
278.650000
 20
-77.000000
  0
VERTEX
  8
84
 10
281.550000
 20
-92.800000
  0
VERTEX
  8
84
 10
284.550000
 20
-107.800000
  0
VERTEX
  8
84
 10
288.050000
 20
-120.300000
  0
VERTEX
  8
84
 10
291.250000
 20
-130.000000
  0
VERTEX
  8
84
 10
293.850000
 20
-137.400000
  0
VERTEX
  8
84
 10
296.250000
 20
-143.400000
  0
VERTEX
  8
84
 10
298.650000
 20
-149.700000
  0
VERTEX
  8
84
 10
303.750000
 20
-162.000000
  0
VERTEX
  8
84
 10
310.350000
 20
-177.400000
  0
VERTEX
  8
84
 10
315.350000
 20
-188.900000
  0
VERTEX
  8
84
 10
319.350000
 20
-198.200000
  0
VERTEX
  8
84
 10
322.550000
 20
-205.000000
  0
VERTEX
  8
84
 10
251.850000
 20
-240.100000
  0
VERTEX
  8
84
 10
115.650000
 20
-306.200000
  0
VERTEX
  8
84
 10
-43.450000
 20
-386.500000
  0
VERTEX
  8
84
 10
-52.350000
 20
-391.100000
  0
VERTEX
  8
84
 10
-61.150000
 20
-395.700000
  0
VERTEX
  8
84
 10
-72.750000
 20
-373.300000
  0
VERTEX
  8
84
 10
-83.650000
 20
-351.100000
  0
VERTEX
  8
84
 10
-93.850000
 20
-329.100000
  0
VERTEX
  8
84
 10
-103.650000
 20
-307.500000
  0
VERTEX
  8
84
 10
-113.150000
 20
-285.700000
  0
VERTEX
  8
84
 10
-121.050000
 20
-266.100000
  0
VERTEX
  8
84
 10
-128.250000
 20
-246.500000
  0
VERTEX
  8
84
 10
-134.050000
 20
-230.000000
  0
VERTEX
  8
84
 10
-139.150000
 20
-214.700000
  0
VERTEX
  8
84
 10
-142.750000
 20
-202.200000
  0
VERTEX
  8
84
 10
-146.050000
 20
-190.000000
  0
VERTEX
  8
84
 10
-148.550000
 20
-178.000000
  0
VERTEX
  8
84
 10
-150.350000
 20
-167.100000
  0
VERTEX
  8
84
 10
-153.250000
 20
-147.600000
  0
VERTEX
  8
84
 10
-155.150000
 20
-130.800000
  0
VERTEX
  8
84
 10
-157.050000
 20
-111.200000
  0
VERTEX
  8
84
 10
-158.350000
 20
-90.800000
  0
VERTEX
  8
84
 10
-159.450000
 20
-69.800000
  0
VERTEX
  8
84
 10
-160.050000
 20
-50.200000
  0
VERTEX
  8
84
 10
-160.350000
 20
-30.000000
  0
VERTEX
  8
84
 10
-160.050000
 20
-10.000000
  0
VERTEX
  8
84
 10
-160.150000
 20
0.000000
  0
VERTEX
  8
84
 10
-160.050000
 20
10.000000
  0
VERTEX
  8
84
 10
-160.350000
 20
30.000000
  0
VERTEX
  8
84
 10
-160.050000
 20
50.200000
  0
VERTEX
  8
84
 10
-159.450000
 20
69.800000
  0
VERTEX
  8
84
 10
-158.350000
 20
90.800000
  0
VERTEX
  8
84
 10
-157.050000
 20
111.200000
  0
VERTEX
  8
84
 10
-155.150000
 20
130.800000
  0
VERTEX
  8
84
 10
-153.250000
 20
147.600000
  0
VERTEX
  8
84
 10
-150.350000
 20
167.100000
  0
VERTEX
  8
84
 10
-148.550000
 20
178.000000
  0
VERTEX
  8
84
 10
-146.050000
 20
190.000000
  0
VERTEX
  8
84
 10
-142.750000
 20
202.200000
  0
VERTEX
  8
84
 10
-139.150000
 20
214.700000
  0
VERTEX
  8
84
 10
-134.050000
 20
230.000000
  0
VERTEX
  8
84
 10
-128.250000
 20
246.500000
  0
VERTEX
  8
84
 10
-121.050000
 20
266.100000
  0
VERTEX
  8
84
 10
-113.150000
 20
285.700000
  0
VERTEX
  8
84
 10
-103.650000
 20
307.500000
  0
VERTEX
  8
84
 10
-93.850000
 20
329.100000
  0
VERTEX
  8
84
 10
-83.650000
 20
351.100000
  0
VERTEX
  8
84
 10
-72.750000
 20
373.300000
  0
VERTEX
  8
84
 10
-61.150000
 20
395.700000
  0
VERTEX
  8
84
 10
-52.350000
 20
391.100000
  0
VERTEX
  8
84
 10
-43.450000
 20
386.500000
  0
VERTEX
  8
84
 10
115.650000
 20
306.200000
  0
VERTEX
  8
84
 10
251.850000
 20
240.100000
  0
VERTEX
  8
84
 10
322.550000
 20
205.000000
  0
VERTEX
  8
84
 10
319.350000
 20
198.200000
  0
VERTEX
  8
84
 10
315.350000
 20
188.900000
  0
VERTEX
  8
84
 10
310.350000
 20
177.400000
  0
VERTEX
  8
84
 10
303.750000
 20
162.000000
  0
VERTEX
  8
84
 10
298.650000
 20
149.700000
  0
VERTEX
  8
84
 10
296.250000
 20
143.400000
  0
VERTEX
  8
84
 10
293.850000
 20
137.400000
  0
VERTEX
  8
84
 10
291.250000
 20
130.000000
  0
VERTEX
  8
84
 10
288.050000
 20
120.300000
  0
VERTEX
  8
84
 10
284.550000
 20
107.800000
  0
VERTEX
  8
84
 10
281.550000
 20
92.800000
  0
VERTEX
  8
84
 10
278.650000
 20
77.000000
  0
VERTEX
  8
84
 10
276.650000
 20
63.300000
  0
VERTEX
  8
84
 10
276.250000
 20
55.900000
  0
VERTEX
  8
84
 10
275.850000
 20
48.000000
  0
VERTEX
  8
84
 10
275.750000
 20
40.600000
  0
VERTEX
  8
84
 10
275.650000
 20
30.300000
  0
VERTEX
  8
84
 10
275.450000
 20
17.500000
  0
VERTEX
  8
84
 10
275.250000
 20
0.000000
  0
SEQEND
  0
POLYLINE
  8
1
 66
     1
 70
     1
  0
VERTEX
  8
1
 10
275.250000
 20
0.000000
  0
VERTEX
  8
1
 10
275.450000
 20
-17.500000
  0
VERTEX
  8
1
 10
275.650000
 20
-30.300000
  0
VERTEX
  8
1
 10
275.750000
 20
-40.600000
  0
VERTEX
  8
1
 10
275.850000
 20
-48.000000
  0
VERTEX
  8
1
 10
276.250000
 20
-55.900000
  0
VERTEX
  8
1
 10
276.650000
 20
-63.300000
  0
VERTEX
  8
1
 10
278.650000
 20
-77.000000
  0
VERTEX
  8
1
 10
281.550000
 20
-92.800000
  0
VERTEX
  8
1
 10
284.550000
 20
-107.800000
  0
VERTEX
  8
1
 10
288.050000
 20
-120.300000
  0
VERTEX
  8
1
 10
291.250000
 20
-130.000000
  0
VERTEX
  8
1
 10
293.850000
 20
-137.400000
  0
VERTEX
  8
1
 10
296.250000
 20
-143.400000
  0
VERTEX
  8
1
 10
298.650000
 20
-149.700000
  0
VERTEX
  8
1
 10
303.750000
 20
-162.000000
  0
VERTEX
  8
1
 10
310.350000
 20
-177.400000
  0
VERTEX
  8
1
 10
315.350000
 20
-188.900000
  0
VERTEX
  8
1
 10
319.350000
 20
-198.200000
  0
VERTEX
  8
1
 10
322.550000
 20
-205.000000
  0
VERTEX
  8
1
 10
251.850000
 20
-240.100000
  0
VERTEX
  8
1
 10
115.650000
 20
-306.200000
  0
VERTEX
  8
1
 10
-43.450000
 20
-386.500000
  0
VERTEX
  8
1
 10
-52.350000
 20
-391.100000
  0
VERTEX
  8
1
 10
-61.150000
 20
-395.700000
  0
VERTEX
  8
1
 10
-72.750000
 20
-373.300000
  0
VERTEX
  8
1
 10
-83.650000
 20
-351.100000
  0
VERTEX
  8
1
 10
-93.850000
 20
-329.100000
  0
VERTEX
  8
1
 10
-103.650000
 20
-307.500000
  0
VERTEX
  8
1
 10
-113.150000
 20
-285.700000
  0
VERTEX
  8
1
 10
-121.050000
 20
-266.100000
  0
VERTEX
  8
1
 10
-128.250000
 20
-246.500000
  0
VERTEX
  8
1
 10
-134.050000
 20
-230.000000
  0
VERTEX
  8
1
 10
-139.150000
 20
-214.700000
  0
VERTEX
  8
1
 10
-142.750000
 20
-202.200000
  0
VERTEX
  8
1
 10
-146.050000
 20
-190.000000
  0
VERTEX
  8
1
 10
-148.550000
 20
-178.000000
  0
VERTEX
  8
1
 10
-150.350000
 20
-167.100000
  0
VERTEX
  8
1
 10
-153.250000
 20
-147.600000
  0
VERTEX
  8
1
 10
-155.150000
 20
-130.800000
  0
VERTEX
  8
1
 10
-157.050000
 20
-111.200000
  0
VERTEX
  8
1
 10
-158.350000
 20
-90.800000
  0
VERTEX
  8
1
 10
-159.450000
 20
-69.800000
  0
VERTEX
  8
1
 10
-160.050000
 20
-50.200000
  0
VERTEX
  8
1
 10
-160.350000
 20
-30.000000
  0
VERTEX
  8
1
 10
-160.050000
 20
-10.000000
  0
VERTEX
  8
1
 10
-160.150000
 20
0.000000
  0
VERTEX
  8
1
 10
-160.050000
 20
10.000000
  0
VERTEX
  8
1
 10
-160.350000
 20
30.000000
  0
VERTEX
  8
1
 10
-160.050000
 20
50.200000
  0
VERTEX
  8
1
 10
-159.450000
 20
69.800000
  0
VERTEX
  8
1
 10
-158.350000
 20
90.800000
  0
VERTEX
  8
1
 10
-157.050000
 20
111.200000
  0
VERTEX
  8
1
 10
-155.150000
 20
130.800000
  0
VERTEX
  8
1
 10
-153.250000
 20
147.600000
  0
VERTEX
  8
1
 10
-150.350000
 20
167.100000
  0
VERTEX
  8
1
 10
-148.550000
 20
178.000000
  0
VERTEX
  8
1
 10
-146.050000
 20
190.000000
  0
VERTEX
  8
1
 10
-142.750000
 20
202.200000
  0
VERTEX
  8
1
 10
-139.150000
 20
214.700000
  0
VERTEX
  8
1
 10
-134.050000
 20
230.000000
  0
VERTEX
  8
1
 10
-128.250000
 20
246.500000
  0
VERTEX
  8
1
 10
-121.050000
 20
266.100000
  0
VERTEX
  8
1
 10
-113.150000
 20
285.700000
  0
VERTEX
  8
1
 10
-103.650000
 20
307.500000
  0
VERTEX
  8
1
 10
-93.850000
 20
329.100000
  0
VERTEX
  8
1
 10
-83.650000
 20
351.100000
  0
VERTEX
  8
1
 10
-72.750000
 20
373.300000
  0
VERTEX
  8
1
 10
-61.150000
 20
395.700000
  0
VERTEX
  8
1
 10
-52.350000
 20
391.100000
  0
VERTEX
  8
1
 10
-43.450000
 20
386.500000
  0
VERTEX
  8
1
 10
115.650000
 20
306.200000
  0
VERTEX
  8
1
 10
251.850000
 20
240.100000
  0
VERTEX
  8
1
 10
322.550000
 20
205.000000
  0
VERTEX
  8
1
 10
319.350000
 20
198.200000
  0
VERTEX
  8
1
 10
315.350000
 20
188.900000
  0
VERTEX
  8
1
 10
310.350000
 20
177.400000
  0
VERTEX
  8
1
 10
303.750000
 20
162.000000
  0
VERTEX
  8
1
 10
298.650000
 20
149.700000
  0
VERTEX
  8
1
 10
296.250000
 20
143.400000
  0
VERTEX
  8
1
 10
293.850000
 20
137.400000
  0
VERTEX
  8
1
 10
291.250000
 20
130.000000
  0
VERTEX
  8
1
 10
288.050000
 20
120.300000
  0
VERTEX
  8
1
 10
284.550000
 20
107.800000
  0
VERTEX
  8
1
 10
281.550000
 20
92.800000
  0
VERTEX
  8
1
 10
278.650000
 20
77.000000
  0
VERTEX
  8
1
 10
276.650000
 20
63.300000
  0
VERTEX
  8
1
 10
276.250000
 20
55.900000
  0
VERTEX
  8
1
 10
275.850000
 20
48.000000
  0
VERTEX
  8
1
 10
275.750000
 20
40.600000
  0
VERTEX
  8
1
 10
275.650000
 20
30.300000
  0
VERTEX
  8
1
 10
275.450000
 20
17.500000
  0
VERTEX
  8
1
 10
275.250000
 20
0.000000
  0
SEQEND
  0
POLYLINE
  8
85
 66
     1
  0
VERTEX
  8
85
 10
-47.950000
 20
-377.600000
  0
VERTEX
  8
85
 10
-55.250000
 20
-363.700000
  0
VERTEX
  8
85
 10
-65.950000
 20
-342.000000
  0
VERTEX
  8
85
 10
-76.050000
 20
-320.300000
  0
VERTEX
  8
85
 10
-85.850000
 20
-299.000000
  0
VERTEX
  8
85
 10
-95.050000
 20
-277.500000
  0
VERTEX
  8
85
 10
-102.650000
 20
-258.600000
  0
VERTEX
  8
85
 10
-109.650000
 20
-239.400000
  0
VERTEX
  8
85
 10
-115.250000
 20
-223.400000
  0
VERTEX
  8
85
 10
-120.150000
 20
-208.500000
  0
VERTEX
  8
85
 10
-123.750000
 20
-196.500000
  0
VERTEX
  8
85
 10
-126.850000
 20
-185.100000
  0
VERTEX
  8
85
 10
-129.150000
 20
-174.100000
  0
VERTEX
  8
85
 10
-130.750000
 20
-163.600000
  0
VERTEX
  8
85
 10
-133.650000
 20
-144.900000
  0
VERTEX
  8
85
 10
-135.350000
 20
-128.500000
  0
VERTEX
  8
85
 10
-137.350000
 20
-109.300000
  0
VERTEX
  8
85
 10
-138.550000
 20
-89.300000
  0
VERTEX
  8
85
 10
-139.550000
 20
-68.700000
  0
VERTEX
  8
85
 10
-140.150000
 20
-49.600000
  0
VERTEX
  8
85
 10
-140.450000
 20
-29.700000
  0
VERTEX
  8
85
 10
-140.150000
 20
-9.900001
  0
VERTEX
  8
85
 10
-140.250000
 20
0.100000
  0
SEQEND
  0
POLYLINE
  8
8
 66
     1
  0
VERTEX
  8
8
 10
-47.950000
 20
-377.600000
  0
VERTEX
  8
8
 10
-55.250000
 20
-363.700000
  0
VERTEX
  8
8
 10
-65.950000
 20
-342.000000
  0
VERTEX
  8
8
 10
-76.050000
 20
-320.300000
  0
VERTEX
  8
8
 10
-85.850000
 20
-299.000000
  0
VERTEX
  8
8
 10
-95.050000
 20
-277.500000
  0
VERTEX
  8
8
 10
-102.650000
 20
-258.600000
  0
VERTEX
  8
8
 10
-109.650000
 20
-239.400000
  0
VERTEX
  8
8
 10
-115.250000
 20
-223.400000
  0
VERTEX
  8
8
 10
-120.150000
 20
-208.500000
  0
VERTEX
  8
8
 10
-123.750000
 20
-196.500000
  0
VERTEX
  8
8
 10
-126.850000
 20
-185.100000
  0
VERTEX
  8
8
 10
-129.150000
 20
-174.100000
  0
VERTEX
  8
8
 10
-130.750000
 20
-163.600000
  0
VERTEX
  8
8
 10
-133.650000
 20
-144.900000
  0
VERTEX
  8
8
 10
-135.350000
 20
-128.500000
  0
VERTEX
  8
8
 10
-137.350000
 20
-109.300000
  0
VERTEX
  8
8
 10
-138.550000
 20
-89.300000
  0
VERTEX
  8
8
 10
-139.550000
 20
-68.700000
  0
VERTEX
  8
8
 10
-140.150000
 20
-49.600000
  0
VERTEX
  8
8
 10
-140.450000
 20
-29.700000
  0
VERTEX
  8
8
 10
-140.150000
 20
-9.900001
  0
VERTEX
  8
8
 10
-140.250000
 20
0.100000
  0
SEQEND
  0
POLYLINE
  8
85
 66
     1
  0
VERTEX
  8
85
 10
-47.950000
 20
377.600000
  0
VERTEX
  8
85
 10
-55.250000
 20
363.700000
  0
VERTEX
  8
85
 10
-65.950000
 20
342.000000
  0
VERTEX
  8
85
 10
-76.050000
 20
320.300000
  0
VERTEX
  8
85
 10
-85.850000
 20
299.000000
  0
VERTEX
  8
85
 10
-95.050000
 20
277.500000
  0
VERTEX
  8
85
 10
-102.650000
 20
258.600000
  0
VERTEX
  8
85
 10
-109.650000
 20
239.400000
  0
VERTEX
  8
85
 10
-115.250000
 20
223.400000
  0
VERTEX
  8
85
 10
-120.150000
 20
208.500000
  0
VERTEX
  8
85
 10
-123.750000
 20
196.500000
  0
VERTEX
  8
85
 10
-126.850000
 20
185.100000
  0
VERTEX
  8
85
 10
-129.150000
 20
174.100000
  0
VERTEX
  8
85
 10
-130.750000
 20
163.600000
  0
VERTEX
  8
85
 10
-133.650000
 20
144.900000
  0
VERTEX
  8
85
 10
-135.350000
 20
128.500000
  0
VERTEX
  8
85
 10
-137.350000
 20
109.300000
  0
VERTEX
  8
85
 10
-138.550000
 20
89.300000
  0
VERTEX
  8
85
 10
-139.550000
 20
68.700000
  0
VERTEX
  8
85
 10
-140.150000
 20
49.600000
  0
VERTEX
  8
85
 10
-140.450000
 20
29.700000
  0
VERTEX
  8
85
 10
-140.150000
 20
9.900001
  0
VERTEX
  8
85
 10
-140.250000
 20
-0.100000
  0
SEQEND
  0
POLYLINE
  8
8
 66
     1
  0
VERTEX
  8
8
 10
-47.950000
 20
377.600000
  0
VERTEX
  8
8
 10
-55.250000
 20
363.700000
  0
VERTEX
  8
8
 10
-65.950000
 20
342.000000
  0
VERTEX
  8
8
 10
-76.050000
 20
320.300000
  0
VERTEX
  8
8
 10
-85.850000
 20
299.000000
  0
VERTEX
  8
8
 10
-95.050000
 20
277.500000
  0
VERTEX
  8
8
 10
-102.650000
 20
258.600000
  0
VERTEX
  8
8
 10
-109.650000
 20
239.400000
  0
VERTEX
  8
8
 10
-115.250000
 20
223.400000
  0
VERTEX
  8
8
 10
-120.150000
 20
208.500000
  0
VERTEX
  8
8
 10
-123.750000
 20
196.500000
  0
VERTEX
  8
8
 10
-126.850000
 20
185.100000
  0
VERTEX
  8
8
 10
-129.150000
 20
174.100000
  0
VERTEX
  8
8
 10
-130.750000
 20
163.600000
  0
VERTEX
  8
8
 10
-133.650000
 20
144.900000
  0
VERTEX
  8
8
 10
-135.350000
 20
128.500000
  0
VERTEX
  8
8
 10
-137.350000
 20
109.300000
  0
VERTEX
  8
8
 10
-138.550000
 20
89.300000
  0
VERTEX
  8
8
 10
-139.550000
 20
68.700000
  0
VERTEX
  8
8
 10
-140.150000
 20
49.600000
  0
VERTEX
  8
8
 10
-140.450000
 20
29.700000
  0
VERTEX
  8
8
 10
-140.150000
 20
9.900001
  0
VERTEX
  8
8
 10
-140.250000
 20
-0.100000
  0
SEQEND
  0
POLYLINE
  8
87
 66
     1
  0
VERTEX
  8
87
 10
265.350000
 20
0.000000
  0
VERTEX
  8
87
 10
265.550000
 20
-17.600000
  0
VERTEX
  8
87
 10
265.750000
 20
-30.300000
  0
VERTEX
  8
87
 10
265.850000
 20
-40.600000
  0
VERTEX
  8
87
 10
265.950000
 20
-48.000000
  0
VERTEX
  8
87
 10
266.350000
 20
-56.400000
  0
VERTEX
  8
87
 10
266.750000
 20
-64.200000
  0
VERTEX
  8
87
 10
268.850000
 20
-78.600000
  0
VERTEX
  8
87
 10
271.750000
 20
-94.600000
  0
VERTEX
  8
87
 10
274.850000
 20
-110.000000
  0
VERTEX
  8
87
 10
278.550000
 20
-123.100000
  0
VERTEX
  8
87
 10
281.850000
 20
-133.200000
  0
VERTEX
  8
87
 10
284.550000
 20
-140.900000
  0
VERTEX
  8
87
 10
286.950000
 20
-147.000000
  0
VERTEX
  8
87
 10
289.350000
 20
-153.300000
  0
VERTEX
  8
87
 10
294.550000
 20
-165.800000
  0
VERTEX
  8
87
 10
301.250000
 20
-181.300000
  0
VERTEX
  8
87
 10
306.250000
 20
-192.800000
  0
VERTEX
  8
87
 10
309.450000
 20
-200.500000
  0
VERTEX
  8
87
 10
247.450000
 20
-231.200000
  0
VERTEX
  8
87
 10
111.250000
 20
-297.300000
  0
VERTEX
  8
87
 10
-47.950000
 20
-377.600000
  0
VERTEX
  8
87
 10
-56.850000
 20
-382.300000
  0
VERTEX
  8
87
 10
-63.850000
 20
-368.800000
  0
VERTEX
  8
87
 10
-74.650000
 20
-346.800000
  0
VERTEX
  8
87
 10
-84.750000
 20
-324.900000
  0
VERTEX
  8
87
 10
-94.550000
 20
-303.500000
  0
VERTEX
  8
87
 10
-103.950000
 20
-281.900000
  0
VERTEX
  8
87
 10
-111.750000
 20
-262.500000
  0
VERTEX
  8
87
 10
-118.850000
 20
-243.100000
  0
VERTEX
  8
87
 10
-124.650000
 20
-226.800000
  0
VERTEX
  8
87
 10
-129.650000
 20
-211.800000
  0
VERTEX
  8
87
 10
-133.150000
 20
-199.500000
  0
VERTEX
  8
87
 10
-136.350000
 20
-187.700000
  0
VERTEX
  8
87
 10
-138.750000
 20
-176.200000
  0
VERTEX
  8
87
 10
-140.550000
 20
-165.600000
  0
VERTEX
  8
87
 10
-143.350000
 20
-146.300000
  0
VERTEX
  8
87
 10
-145.250000
 20
-129.800000
  0
VERTEX
  8
87
 10
-147.150000
 20
-110.400000
  0
VERTEX
  8
87
 10
-148.450000
 20
-90.200000
  0
VERTEX
  8
87
 10
-149.550000
 20
-69.400000
  0
VERTEX
  8
87
 10
-150.150000
 20
-50.000000
  0
VERTEX
  8
87
 10
-150.450000
 20
-30.000000
  0
VERTEX
  8
87
 10
-150.150000
 20
-10.000000
  0
VERTEX
  8
87
 10
-150.250000
 20
0.000000
  0
VERTEX
  8
87
 10
-150.150000
 20
10.000000
  0
VERTEX
  8
87
 10
-150.450000
 20
30.000000
  0
VERTEX
  8
87
 10
-150.150000
 20
50.000000
  0
VERTEX
  8
87
 10
-149.550000
 20
69.400000
  0
VERTEX
  8
87
 10
-148.450000
 20
90.200000
  0
VERTEX
  8
87
 10
-147.150000
 20
110.400000
  0
VERTEX
  8
87
 10
-145.250000
 20
129.800000
  0
VERTEX
  8
87
 10
-143.350000
 20
146.300000
  0
VERTEX
  8
87
 10
-140.550000
 20
165.600000
  0
VERTEX
  8
87
 10
-138.750000
 20
176.200000
  0
VERTEX
  8
87
 10
-136.350000
 20
187.700000
  0
VERTEX
  8
87
 10
-133.150000
 20
199.500000
  0
VERTEX
  8
87
 10
-129.650000
 20
211.800000
  0
VERTEX
  8
87
 10
-124.650000
 20
226.800000
  0
VERTEX
  8
87
 10
-118.850000
 20
243.100000
  0
VERTEX
  8
87
 10
-111.750000
 20
262.500000
  0
VERTEX
  8
87
 10
-103.950000
 20
281.900000
  0
VERTEX
  8
87
 10
-94.550000
 20
303.500000
  0
VERTEX
  8
87
 10
-84.750000
 20
324.900000
  0
VERTEX
  8
87
 10
-74.650000
 20
346.800000
  0
VERTEX
  8
87
 10
-63.850000
 20
368.800000
  0
VERTEX
  8
87
 10
-56.950000
 20
382.300000
  0
VERTEX
  8
87
 10
-47.950000
 20
377.600000
  0
VERTEX
  8
87
 10
111.250000
 20
297.300000
  0
VERTEX
  8
87
 10
247.450000
 20
231.200000
  0
VERTEX
  8
87
 10
309.450000
 20
200.500000
  0
VERTEX
  8
87
 10
306.250000
 20
192.800000
  0
VERTEX
  8
87
 10
301.250000
 20
181.300000
  0
VERTEX
  8
87
 10
294.550000
 20
165.800000
  0
VERTEX
  8
87
 10
289.350000
 20
153.300000
  0
VERTEX
  8
87
 10
286.850000
 20
146.600000
  0
VERTEX
  8
87
 10
284.550000
 20
140.900000
  0
VERTEX
  8
87
 10
281.850000
 20
133.200000
  0
VERTEX
  8
87
 10
278.550000
 20
123.100000
  0
VERTEX
  8
87
 10
274.850000
 20
110.000000
  0
VERTEX
  8
87
 10
271.750000
 20
94.600000
  0
VERTEX
  8
87
 10
268.850000
 20
78.600000
  0
VERTEX
  8
87
 10
266.750000
 20
64.200000
  0
VERTEX
  8
87
 10
266.350000
 20
56.400000
  0
VERTEX
  8
87
 10
265.950000
 20
48.300000
  0
VERTEX
  8
87
 10
265.850000
 20
40.600000
  0
VERTEX
  8
87
 10
265.750000
 20
30.300000
  0
VERTEX
  8
87
 10
265.550000
 20
17.600000
  0
VERTEX
  8
87
 10
265.350000
 20
0.000000
  0
SEQEND
  0
POLYLINE
  8
14
 66
     1
  0
VERTEX
  8
14
 10
265.350000
 20
0.000000
  0
VERTEX
  8
14
 10
265.550000
 20
-17.600000
  0
VERTEX
  8
14
 10
265.750000
 20
-30.300000
  0
VERTEX
  8
14
 10
265.850000
 20
-40.600000
  0
VERTEX
  8
14
 10
265.950000
 20
-48.000000
  0
VERTEX
  8
14
 10
266.350000
 20
-56.400000
  0
VERTEX
  8
14
 10
266.750000
 20
-64.200000
  0
VERTEX
  8
14
 10
268.850000
 20
-78.600000
  0
VERTEX
  8
14
 10
271.750000
 20
-94.600000
  0
VERTEX
  8
14
 10
274.850000
 20
-110.000000
  0
VERTEX
  8
14
 10
278.550000
 20
-123.100000
  0
VERTEX
  8
14
 10
281.850000
 20
-133.200000
  0
VERTEX
  8
14
 10
284.550000
 20
-140.900000
  0
VERTEX
  8
14
 10
286.950000
 20
-147.000000
  0
VERTEX
  8
14
 10
289.350000
 20
-153.300000
  0
VERTEX
  8
14
 10
294.550000
 20
-165.800000
  0
VERTEX
  8
14
 10
301.250000
 20
-181.300000
  0
VERTEX
  8
14
 10
306.250000
 20
-192.800000
  0
VERTEX
  8
14
 10
309.450000
 20
-200.500000
  0
VERTEX
  8
14
 10
247.450000
 20
-231.200000
  0
VERTEX
  8
14
 10
111.250000
 20
-297.300000
  0
VERTEX
  8
14
 10
-47.950000
 20
-377.600000
  0
VERTEX
  8
14
 10
-56.850000
 20
-382.300000
  0
VERTEX
  8
14
 10
-63.850000
 20
-368.800000
  0
VERTEX
  8
14
 10
-74.650000
 20
-346.800000
  0
VERTEX
  8
14
 10
-84.750000
 20
-324.900000
  0
VERTEX
  8
14
 10
-94.550000
 20
-303.500000
  0
VERTEX
  8
14
 10
-103.950000
 20
-281.900000
  0
VERTEX
  8
14
 10
-111.750000
 20
-262.500000
  0
VERTEX
  8
14
 10
-118.850000
 20
-243.100000
  0
VERTEX
  8
14
 10
-124.650000
 20
-226.800000
  0
VERTEX
  8
14
 10
-129.650000
 20
-211.800000
  0
VERTEX
  8
14
 10
-133.150000
 20
-199.500000
  0
VERTEX
  8
14
 10
-136.350000
 20
-187.700000
  0
VERTEX
  8
14
 10
-138.750000
 20
-176.200000
  0
VERTEX
  8
14
 10
-140.550000
 20
-165.600000
  0
VERTEX
  8
14
 10
-143.350000
 20
-146.300000
  0
VERTEX
  8
14
 10
-145.250000
 20
-129.800000
  0
VERTEX
  8
14
 10
-147.150000
 20
-110.400000
  0
VERTEX
  8
14
 10
-148.450000
 20
-90.200000
  0
VERTEX
  8
14
 10
-149.550000
 20
-69.400000
  0
VERTEX
  8
14
 10
-150.150000
 20
-50.000000
  0
VERTEX
  8
14
 10
-150.450000
 20
-30.000000
  0
VERTEX
  8
14
 10
-150.150000
 20
-10.000000
  0
VERTEX
  8
14
 10
-150.250000
 20
0.000000
  0
VERTEX
  8
14
 10
-150.150000
 20
10.000000
  0
VERTEX
  8
14
 10
-150.450000
 20
30.000000
  0
VERTEX
  8
14
 10
-150.150000
 20
50.000000
  0
VERTEX
  8
14
 10
-149.550000
 20
69.400000
  0
VERTEX
  8
14
 10
-148.450000
 20
90.200000
  0
VERTEX
  8
14
 10
-147.150000
 20
110.400000
  0
VERTEX
  8
14
 10
-145.250000
 20
129.800000
  0
VERTEX
  8
14
 10
-143.350000
 20
146.300000
  0
VERTEX
  8
14
 10
-140.550000
 20
165.600000
  0
VERTEX
  8
14
 10
-138.750000
 20
176.200000
  0
VERTEX
  8
14
 10
-136.350000
 20
187.700000
  0
VERTEX
  8
14
 10
-133.150000
 20
199.500000
  0
VERTEX
  8
14
 10
-129.650000
 20
211.800000
  0
VERTEX
  8
14
 10
-124.650000
 20
226.800000
  0
VERTEX
  8
14
 10
-118.850000
 20
243.100000
  0
VERTEX
  8
14
 10
-111.750000
 20
262.500000
  0
VERTEX
  8
14
 10
-103.950000
 20
281.900000
  0
VERTEX
  8
14
 10
-94.550000
 20
303.500000
  0
VERTEX
  8
14
 10
-84.750000
 20
324.900000
  0
VERTEX
  8
14
 10
-74.650000
 20
346.800000
  0
VERTEX
  8
14
 10
-63.850000
 20
368.800000
  0
VERTEX
  8
14
 10
-56.950000
 20
382.300000
  0
VERTEX
  8
14
 10
-47.950000
 20
377.600000
  0
VERTEX
  8
14
 10
111.250000
 20
297.300000
  0
VERTEX
  8
14
 10
247.450000
 20
231.200000
  0
VERTEX
  8
14
 10
309.450000
 20
200.500000
  0
VERTEX
  8
14
 10
306.250000
 20
192.800000
  0
VERTEX
  8
14
 10
301.250000
 20
181.300000
  0
VERTEX
  8
14
 10
294.550000
 20
165.800000
  0
VERTEX
  8
14
 10
289.350000
 20
153.300000
  0
VERTEX
  8
14
 10
286.850000
 20
146.600000
  0
VERTEX
  8
14
 10
284.550000
 20
140.900000
  0
VERTEX
  8
14
 10
281.850000
 20
133.200000
  0
VERTEX
  8
14
 10
278.550000
 20
123.100000
  0
VERTEX
  8
14
 10
274.850000
 20
110.000000
  0
VERTEX
  8
14
 10
271.750000
 20
94.600000
  0
VERTEX
  8
14
 10
268.850000
 20
78.600000
  0
VERTEX
  8
14
 10
266.750000
 20
64.200000
  0
VERTEX
  8
14
 10
266.350000
 20
56.400000
  0
VERTEX
  8
14
 10
265.950000
 20
48.300000
  0
VERTEX
  8
14
 10
265.850000
 20
40.600000
  0
VERTEX
  8
14
 10
265.750000
 20
30.300000
  0
VERTEX
  8
14
 10
265.550000
 20
17.600000
  0
VERTEX
  8
14
 10
265.350000
 20
0.000000
  0
SEQEND
  0
POINT
  8
2
 10
275.250000
 20
0.000000
  0
POINT
  8
3
 10
275.450000
 20
-17.500000
  0
POINT
  8
3
 10
275.650000
 20
-30.300000
  0
POINT
  8
3
 10
275.750000
 20
-40.600000
  0
POINT
  8
2
 10
275.850000
 20
-48.000000
  0
POINT
  8
3
 10
276.250000
 20
-55.900000
  0
POINT
  8
2
 10
276.650000
 20
-63.300000
  0
POINT
  8
3
 10
278.650000
 20
-77.000000
  0
POINT
  8
3
 10
281.550000
 20
-92.800000
  0
POINT
  8
3
 10
284.550000
 20
-107.800000
  0
POINT
  8
3
 10
288.050000
 20
-120.300000
  0
POINT
  8
3
 10
291.250000
 20
-130.000000
  0
POINT
  8
3
 10
293.850000
 20
-137.400000
  0
POINT
  8
2
 10
296.250000
 20
-143.400000
  0
POINT
  8
3
 10
298.650000
 20
-149.700000
  0
POINT
  8
3
 10
303.750000
 20
-162.000000
  0
POINT
  8
3
 10
310.350000
 20
-177.400000
  0
POINT
  8
3
 10
315.350000
 20
-188.900000
  0
POINT
  8
3
 10
319.350000
 20
-198.200000
  0
POINT
  8
2
 10
322.550000
 20
-205.000000
  0
POINT
  8
3
 10
251.850000
 20
-240.100000
  0
POINT
  8
3
 10
115.650000
 20
-306.200000
  0
POINT
  8
2
 10
-43.450000
 20
-386.500000
  0
POINT
  8
2
 10
-52.350000
 20
-391.100000
  0
POINT
  8
2
 10
-61.150000
 20
-395.700000
  0
POINT
  8
3
 10
-72.750000
 20
-373.300000
  0
POINT
  8
3
 10
-83.650000
 20
-351.100000
  0
POINT
  8
3
 10
-93.850000
 20
-329.100000
  0
POINT
  8
3
 10
-103.650000
 20
-307.500000
  0
POINT
  8
3
 10
-113.150000
 20
-285.700000
  0
POINT
  8
3
 10
-121.050000
 20
-266.100000
  0
POINT
  8
3
 10
-128.250000
 20
-246.500000
  0
POINT
  8
3
 10
-134.050000
 20
-230.000000
  0
POINT
  8
3
 10
-139.150000
 20
-214.700000
  0
POINT
  8
3
 10
-142.750000
 20
-202.200000
  0
POINT
  8
3
 10
-146.050000
 20
-190.000000
  0
POINT
  8
3
 10
-148.550000
 20
-178.000000
  0
POINT
  8
3
 10
-150.350000
 20
-167.100000
  0
POINT
  8
3
 10
-153.250000
 20
-147.600000
  0
POINT
  8
3
 10
-155.150000
 20
-130.800000
  0
POINT
  8
3
 10
-157.050000
 20
-111.200000
  0
POINT
  8
3
 10
-158.350000
 20
-90.800000
  0
POINT
  8
3
 10
-159.450000
 20
-69.800000
  0
POINT
  8
3
 10
-160.050000
 20
-50.200000
  0
POINT
  8
3
 10
-160.350000
 20
-30.000000
  0
POINT
  8
2
 10
-160.050000
 20
-10.000000
  0
POINT
  8
2
 10
-160.150000
 20
0.000000
  0
POINT
  8
2
 10
-160.050000
 20
10.000000
  0
POINT
  8
3
 10
-160.350000
 20
30.000000
  0
POINT
  8
3
 10
-160.050000
 20
50.200000
  0
POINT
  8
3
 10
-159.450000
 20
69.800000
  0
POINT
  8
3
 10
-158.350000
 20
90.800000
  0
POINT
  8
3
 10
-157.050000
 20
111.200000
  0
POINT
  8
3
 10
-155.150000
 20
130.800000
  0
POINT
  8
3
 10
-153.250000
 20
147.600000
  0
POINT
  8
3
 10
-150.350000
 20
167.100000
  0
POINT
  8
3
 10
-148.550000
 20
178.000000
  0
POINT
  8
3
 10
-146.050000
 20
190.000000
  0
POINT
  8
3
 10
-142.750000
 20
202.200000
  0
POINT
  8
3
 10
-139.150000
 20
214.700000
  0
POINT
  8
3
 10
-134.050000
 20
230.000000
  0
POINT
  8
3
 10
-128.250000
 20
246.500000
  0
POINT
  8
3
 10
-121.050000
 20
266.100000
  0
POINT
  8
3
 10
-113.150000
 20
285.700000
  0
POINT
  8
3
 10
-103.650000
 20
307.500000
  0
POINT
  8
3
 10
-93.850000
 20
329.100000
  0
POINT
  8
3
 10
-83.650000
 20
351.100000
  0
POINT
  8
3
 10
-72.750000
 20
373.300000
  0
POINT
  8
2
 10
-61.150000
 20
395.700000
  0
POINT
  8
2
 10
-52.350000
 20
391.100000
  0
POINT
  8
2
 10
-43.450000
 20
386.500000
  0
POINT
  8
3
 10
115.650000
 20
306.200000
  0
POINT
  8
3
 10
251.850000
 20
240.100000
  0
POINT
  8
2
 10
322.550000
 20
205.000000
  0
POINT
  8
3
 10
319.350000
 20
198.200000
  0
POINT
  8
3
 10
315.350000
 20
188.900000
  0
POINT
  8
3
 10
310.350000
 20
177.400000
  0
POINT
  8
3
 10
303.750000
 20
162.000000
  0
POINT
  8
3
 10
298.650000
 20
149.700000
  0
POINT
  8
2
 10
296.250000
 20
143.400000
  0
POINT
  8
3
 10
293.850000
 20
137.400000
  0
POINT
  8
3
 10
291.250000
 20
130.000000
  0
POINT
  8
3
 10
288.050000
 20
120.300000
  0
POINT
  8
3
 10
284.550000
 20
107.800000
  0
POINT
  8
3
 10
281.550000
 20
92.800000
  0
POINT
  8
3
 10
278.650000
 20
77.000000
  0
POINT
  8
2
 10
276.650000
 20
63.300000
  0
POINT
  8
3
 10
276.250000
 20
55.900000
  0
POINT
  8
2
 10
275.850000
 20
48.000000
  0
POINT
  8
3
 10
275.750000
 20
40.600000
  0
POINT
  8
3
 10
275.650000
 20
30.300000
  0
POINT
  8
3
 10
275.450000
 20
17.500000
  0
POINT
  8
2
 10
275.250000
 20
0.000000
  0
POINT
  8
2
 10
-47.950000
 20
-377.600000
  0
POINT
  8
3
 10
-55.250000
 20
-363.700000
  0
POINT
  8
3
 10
-65.950000
 20
-342.000000
  0
POINT
  8
3
 10
-76.050000
 20
-320.300000
  0
POINT
  8
3
 10
-85.850000
 20
-299.000000
  0
POINT
  8
3
 10
-95.050000
 20
-277.500000
  0
POINT
  8
3
 10
-102.650000
 20
-258.600000
  0
POINT
  8
3
 10
-109.650000
 20
-239.400000
  0
POINT
  8
3
 10
-115.250000
 20
-223.400000
  0
POINT
  8
3
 10
-120.150000
 20
-208.500000
  0
POINT
  8
3
 10
-123.750000
 20
-196.500000
  0
POINT
  8
3
 10
-126.850000
 20
-185.100000
  0
POINT
  8
3
 10
-129.150000
 20
-174.100000
  0
POINT
  8
3
 10
-130.750000
 20
-163.600000
  0
POINT
  8
3
 10
-133.650000
 20
-144.900000
  0
POINT
  8
3
 10
-135.350000
 20
-128.500000
  0
POINT
  8
3
 10
-137.350000
 20
-109.300000
  0
POINT
  8
3
 10
-138.550000
 20
-89.300000
  0
POINT
  8
3
 10
-139.550000
 20
-68.700000
  0
POINT
  8
3
 10
-140.150000
 20
-49.600000
  0
POINT
  8
3
 10
-140.450000
 20
-29.700000
  0
POINT
  8
2
 10
-140.150000
 20
-9.900001
  0
POINT
  8
2
 10
-140.250000
 20
0.100000
  0
POINT
  8
2
 10
-47.950000
 20
377.600000
  0
POINT
  8
3
 10
-55.250000
 20
363.700000
  0
POINT
  8
3
 10
-65.950000
 20
342.000000
  0
POINT
  8
3
 10
-76.050000
 20
320.300000
  0
POINT
  8
3
 10
-85.850000
 20
299.000000
  0
POINT
  8
3
 10
-95.050000
 20
277.500000
  0
POINT
  8
3
 10
-102.650000
 20
258.600000
  0
POINT
  8
3
 10
-109.650000
 20
239.400000
  0
POINT
  8
3
 10
-115.250000
 20
223.400000
  0
POINT
  8
3
 10
-120.150000
 20
208.500000
  0
POINT
  8
3
 10
-123.750000
 20
196.500000
  0
POINT
  8
3
 10
-126.850000
 20
185.100000
  0
POINT
  8
3
 10
-129.150000
 20
174.100000
  0
POINT
  8
3
 10
-130.750000
 20
163.600000
  0
POINT
  8
3
 10
-133.650000
 20
144.900000
  0
POINT
  8
3
 10
-135.350000
 20
128.500000
  0
POINT
  8
3
 10
-137.350000
 20
109.300000
  0
POINT
  8
3
 10
-138.550000
 20
89.300000
  0
POINT
  8
3
 10
-139.550000
 20
68.700000
  0
POINT
  8
3
 10
-140.150000
 20
49.600000
  0
POINT
  8
3
 10
-140.450000
 20
29.700000
  0
POINT
  8
2
 10
-140.150000
 20
9.900001
  0
POINT
  8
2
 10
-140.250000
 20
-0.100000
  0
POINT
  8
2
 10
275.250000
 20
0.000000
 39
2.500000
 50
180.000000
  0
POINT
  8
2
 10
275.850000
 20
-48.000000
 39
2.500000
 50
180.000000
  0
POINT
  8
2
 10
276.650000
 20
-63.300000
 39
2.500000
 50
184.763600
  0
POINT
  8
2
 10
296.250000
 20
-143.400000
 39
2.500000
 50
201.370600
  0
POINT
  8
2
 10
-43.450000
 20
-386.500000
 39
2.500000
 50
116.565000
  0
POINT
  8
2
 10
-52.350000
 20
-391.100000
 39
2.500000
 50
116.565000
  0
POINT
  8
2
 10
-52.350000
 20
391.100000
 39
2.500000
 50
243.435000
  0
POINT
  8
2
 10
-43.450000
 20
386.500000
 39
2.500000
 50
243.435000
  0
POINT
  8
2
 10
296.250000
 20
143.400000
 39
2.500000
 50
160.821000
  0
POINT
  8
2
 10
276.650000
 20
63.300000
 39
2.500000
 50
175.236400
  0
POINT
  8
2
 10
275.850000
 20
48.000000
 39
2.500000
 50
177.614100
  0
POINT
  8
2
 10
265.350000
 20
0.000000
  0
POINT
  8
3
 10
265.550000
 20
-17.600000
  0
POINT
  8
3
 10
265.750000
 20
-30.300000
  0
POINT
  8
3
 10
265.850000
 20
-40.600000
  0
POINT
  8
2
 10
265.950000
 20
-48.000000
  0
POINT
  8
3
 10
266.350000
 20
-56.400000
  0
POINT
  8
2
 10
266.750000
 20
-64.200000
  0
POINT
  8
3
 10
268.850000
 20
-78.600000
  0
POINT
  8
3
 10
271.750000
 20
-94.600000
  0
POINT
  8
3
 10
274.850000
 20
-110.000000
  0
POINT
  8
3
 10
278.550000
 20
-123.100000
  0
POINT
  8
3
 10
281.850000
 20
-133.200000
  0
POINT
  8
3
 10
284.550000
 20
-140.900000
  0
POINT
  8
2
 10
286.950000
 20
-147.000000
  0
POINT
  8
3
 10
289.350000
 20
-153.300000
  0
POINT
  8
3
 10
294.550000
 20
-165.800000
  0
POINT
  8
3
 10
301.250000
 20
-181.300000
  0
POINT
  8
3
 10
306.250000
 20
-192.800000
  0
POINT
  8
2
 10
309.450000
 20
-200.500000
  0
POINT
  8
3
 10
247.450000
 20
-231.200000
  0
POINT
  8
3
 10
111.250000
 20
-297.300000
  0
POINT
  8
2
 10
-47.950000
 20
-377.600000
  0
POINT
  8
2
 10
-56.850000
 20
-382.300000
  0
POINT
  8
3
 10
-63.850000
 20
-368.800000
  0
POINT
  8
3
 10
-74.650000
 20
-346.800000
  0
POINT
  8
3
 10
-84.750000
 20
-324.900000
  0
POINT
  8
3
 10
-94.550000
 20
-303.500000
  0
POINT
  8
3
 10
-103.950000
 20
-281.900000
  0
POINT
  8
3
 10
-111.750000
 20
-262.500000
  0
POINT
  8
3
 10
-118.850000
 20
-243.100000
  0
POINT
  8
3
 10
-124.650000
 20
-226.800000
  0
POINT
  8
3
 10
-129.650000
 20
-211.800000
  0
POINT
  8
3
 10
-133.150000
 20
-199.500000
  0
POINT
  8
3
 10
-136.350000
 20
-187.700000
  0
POINT
  8
3
 10
-138.750000
 20
-176.200000
  0
POINT
  8
3
 10
-140.550000
 20
-165.600000
  0
POINT
  8
3
 10
-143.350000
 20
-146.300000
  0
POINT
  8
3
 10
-145.250000
 20
-129.800000
  0
POINT
  8
3
 10
-147.150000
 20
-110.400000
  0
POINT
  8
3
 10
-148.450000
 20
-90.200000
  0
POINT
  8
3
 10
-149.550000
 20
-69.400000
  0
POINT
  8
3
 10
-150.150000
 20
-50.000000
  0
POINT
  8
3
 10
-150.450000
 20
-30.000000
  0
POINT
  8
2
 10
-150.150000
 20
-10.000000
  0
POINT
  8
2
 10
-150.250000
 20
0.000000
  0
POINT
  8
2
 10
-150.150000
 20
10.000000
  0
POINT
  8
3
 10
-150.450000
 20
30.000000
  0
POINT
  8
3
 10
-150.150000
 20
50.000000
  0
POINT
  8
3
 10
-149.550000
 20
69.400000
  0
POINT
  8
3
 10
-148.450000
 20
90.200000
  0
POINT
  8
3
 10
-147.150000
 20
110.400000
  0
POINT
  8
3
 10
-145.250000
 20
129.800000
  0
POINT
  8
3
 10
-143.350000
 20
146.300000
  0
POINT
  8
3
 10
-140.550000
 20
165.600000
  0
POINT
  8
3
 10
-138.750000
 20
176.200000
  0
POINT
  8
3
 10
-136.350000
 20
187.700000
  0
POINT
  8
3
 10
-133.150000
 20
199.500000
  0
POINT
  8
3
 10
-129.650000
 20
211.800000
  0
POINT
  8
3
 10
-124.650000
 20
226.800000
  0
POINT
  8
3
 10
-118.850000
 20
243.100000
  0
POINT
  8
3
 10
-111.750000
 20
262.500000
  0
POINT
  8
3
 10
-103.950000
 20
281.900000
  0
POINT
  8
3
 10
-94.550000
 20
303.500000
  0
POINT
  8
3
 10
-84.750000
 20
324.900000
  0
POINT
  8
3
 10
-74.650000
 20
346.800000
  0
POINT
  8
3
 10
-63.850000
 20
368.800000
  0
POINT
  8
2
 10
-56.950000
 20
382.300000
  0
POINT
  8
2
 10
-47.950000
 20
377.600000
  0
POINT
  8
3
 10
111.250000
 20
297.300000
  0
POINT
  8
3
 10
247.450000
 20
231.200000
  0
POINT
  8
2
 10
309.450000
 20
200.500000
  0
POINT
  8
3
 10
306.250000
 20
192.800000
  0
POINT
  8
3
 10
301.250000
 20
181.300000
  0
POINT
  8
3
 10
294.550000
 20
165.800000
  0
POINT
  8
3
 10
289.350000
 20
153.300000
  0
POINT
  8
2
 10
286.850000
 20
146.600000
  0
POINT
  8
3
 10
284.550000
 20
140.900000
  0
POINT
  8
3
 10
281.850000
 20
133.200000
  0
POINT
  8
3
 10
278.550000
 20
123.100000
  0
POINT
  8
3
 10
274.850000
 20
110.000000
  0
POINT
  8
3
 10
271.750000
 20
94.600000
  0
POINT
  8
3
 10
268.850000
 20
78.600000
  0
POINT
  8
2
 10
266.750000
 20
64.200000
  0
POINT
  8
3
 10
266.350000
 20
56.400000
  0
POINT
  8
2
 10
265.950000
 20
48.300000
  0
POINT
  8
3
 10
265.850000
 20
40.600000
  0
POINT
  8
3
 10
265.750000
 20
30.300000
  0
POINT
  8
3
 10
265.550000
 20
17.600000
  0
POINT
  8
2
 10
265.350000
 20
0.000000
  0
POINT
  8
4
 10
275.250000
 20
0.000000
 30
2.500000
 50
180.000000
  0
POINT
  8
4
 10
275.850000
 20
-48.000000
 30
2.500000
 50
180.000000
  0
POINT
  8
4
 10
276.650000
 20
-63.300000
 30
2.500000
 50
184.763600
  0
POINT
  8
4
 10
296.250000
 20
-143.400000
 30
2.500000
 50
201.370600
  0
POINT
  8
4
 10
-43.450000
 20
-386.500000
 30
2.500000
 50
116.565000
  0
POINT
  8
4
 10
-52.350000
 20
-391.100000
 30
2.500000
 50
116.565000
  0
POINT
  8
4
 10
-52.350000
 20
391.100000
 30
2.500000
 50
243.435000
  0
POINT
  8
4
 10
-43.450000
 20
386.500000
 30
2.500000
 50
243.435000
  0
POINT
  8
4
 10
296.250000
 20
143.400000
 30
2.500000
 50
160.821000
  0
POINT
  8
4
 10
276.650000
 20
63.300000
 30
2.500000
 50
175.236400
  0
POINT
  8
4
 10
275.850000
 20
48.000000
 30
2.500000
 50
177.614100
  0
LINE
  8
5
 10
275.150000
 20
0.000000
 11
-160.050000
 21
0.000000
  0
LINE
  8
7
 10
275.150000
 20
0.000000
 11
-160.050000
 21
0.000000
  0
TEXT
  8
1
 10
4.200000
 20
17.700000
 40
10.000000
 50
0.000000
  1
Piece Name: LINING FRONT 1P
  0
TEXT
  8
1
 10
4.200000
 20
28.700000
 40
10.000000
 50
0.000000
  1
Size: 42
  0
TEXT
  8
1
 10
4.200000
 20
39.700000
 40
10.000000
 50
0.000000
  1
Annotation: LINING FRONT 1P
  0
TEXT
  8
1
 10
4.200000
 20
50.700000
 40
10.000000
 50
0.000000
  1
Quantity: 1
  0
TEXT
  8
1
 10
4.200000
 20
61.700000
 40
10.000000
 50
0.000000
  1
Material: LINING
  0
ENDBLK
  0
BLOCK
  8
1
  2
FIG TEST CM 20 X CM 20
 70
     0
 10
0.00
 20
0.00
  0
POLYLINE
  8
84
 66
     1
 70
     1
  0
VERTEX
  8
84
 10
147.250000
 20
38.400000
  0
VERTEX
  8
84
 10
147.250000
 20
-161.600000
  0
VERTEX
  8
84
 10
-52.750000
 20
-161.600000
  0
VERTEX
  8
84
 10
-52.750000
 20
38.400000
  0
VERTEX
  8
84
 10
147.250000
 20
38.400000
  0
SEQEND
  0
POLYLINE
  8
1
 66
     1
 70
     1
  0
VERTEX
  8
1
 10
147.250000
 20
38.400000
  0
VERTEX
  8
1
 10
147.250000
 20
-161.600000
  0
VERTEX
  8
1
 10
-52.750000
 20
-161.600000
  0
VERTEX
  8
1
 10
-52.750000
 20
38.400000
  0
VERTEX
  8
1
 10
147.250000
 20
38.400000
  0
SEQEND
  0
POLYLINE
  8
87
 66
     1
  0
VERTEX
  8
87
 10
137.250000
 20
28.400000
  0
VERTEX
  8
87
 10
137.250000
 20
-151.600000
  0
VERTEX
  8
87
 10
-42.750000
 20
-151.600000
  0
VERTEX
  8
87
 10
-42.750000
 20
28.400000
  0
VERTEX
  8
87
 10
137.250000
 20
28.400000
  0
SEQEND
  0
POLYLINE
  8
14
 66
     1
  0
VERTEX
  8
14
 10
137.250000
 20
28.400000
  0
VERTEX
  8
14
 10
137.250000
 20
-151.600000
  0
VERTEX
  8
14
 10
-42.750000
 20
-151.600000
  0
VERTEX
  8
14
 10
-42.750000
 20
28.400000
  0
VERTEX
  8
14
 10
137.250000
 20
28.400000
  0
SEQEND
  0
POINT
  8
2
 10
147.250000
 20
38.400000
  0
POINT
  8
2
 10
147.250000
 20
-161.600000
  0
POINT
  8
2
 10
-52.750000
 20
-161.600000
  0
POINT
  8
2
 10
-52.750000
 20
38.400000
  0
POINT
  8
2
 10
147.250000
 20
38.400000
  0
POINT
  8
2
 10
137.250000
 20
28.400000
  0
POINT
  8
2
 10
137.250000
 20
-151.600000
  0
POINT
  8
2
 10
-42.750000
 20
-151.600000
  0
POINT
  8
2
 10
-42.750000
 20
28.400000
  0
POINT
  8
2
 10
137.250000
 20
28.400000
  0
LINE
  8
5
 10
93.650000
 20
0.000000
 11
-8.450000
 21
0.000000
  0
LINE
  8
7
 10
93.650000
 20
0.000000
 11
-8.450000
 21
0.000000
  0
TEXT
  8
1
 10
4.200000
 20
17.700000
 40
10.000000
 50
0.000000
  1
Piece Name: FIG TEST CM 20 X CM 20
  0
TEXT
  8
1
 10
4.200000
 20
28.700000
 40
10.000000
 50
0.000000
  1
Size: 42
  0
TEXT
  8
1
 10
4.200000
 20
39.700000
 40
10.000000
 50
0.000000
  1
Annotation: FIG TEST CM 20 X CM 20
  0
TEXT
  8
1
 10
4.200000
 20
50.700000
 40
10.000000
 50
0.000000
  1
Quantity: 1
  0
TEXT
  8
1
 10
4.200000
 20
61.700000
 40
10.000000
 50
0.000000
  1
Material: {Non Definito}
  0
ENDBLK
  0
ENDSEC
  0
SECTION
  2
ENTITIES
  0
INSERT
  8
1
  2
WHAIST BK  2P
 10
24.05
 20
-28.30
  0
INSERT
  8
1
  2
INSIDE WHAIST BK  2P
 10
14.05
 20
-38.30
  0
INSERT
  8
1
  2
RIGHT BK 1P
 10
-95.45
 20
-128.60
  0
INSERT
  8
1
  2
RIGHT BACK 1P
 10
-133.15
 20
-221.10
  0
INSERT
  8
1
  2
LEFT BK 1P
 10
-95.45
 20
-79.20
  0
INSERT
  8
1
  2
LEFT BACK 1P
 10
-133.15
 20
-78.20
  0
INSERT
  8
1
  2
BACK SIDE 2P
 10
-80.55
 20
-120.60
  0
INSERT
  8
1
  2
BACK SIDE 2PZ
 10
-319.15
 20
-146.00
  0
INSERT
  8
1
  2
WHAIST FRONT 1P
 10
25.55
 20
-213.90
  0
INSERT
  8
1
  2
INSIDE WHAIST FRNT 1P
 10
15.55
 20
-217.50
  0
INSERT
  8
1
  2
SIDE FRONT 1P
 10
-236.55
 20
-196.00
  0
INSERT
  8
1
  2
SIDE FRNT 2P
 10
-322.55
 20
-227.40
  0
INSERT
  8
1
  2
LEFT FRONT 1P
 10
-105.35
 20
-147.40
  0
INSERT
  8
1
  2
LEFT FRNT 1P
 10
-132.95
 20
-237.20
  0
INSERT
  8
1
  2
RIGHT FRNT 1P
 10
-105.35
 20
-48.20
  0
INSERT
  8
1
  2
RIGHT FRONT 1P
 10
-132.95
 20
-49.40
  0
INSERT
  8
1
  2
LINING BACK 2P
 10
-197.25
 20
-79.00
  0
INSERT
  8
1
  2
LINING FRONT 1P
 10
-160.35
 20
-395.70
  0
INSERT
  8
1
  2
FIG TEST CM 20 X CM 20
 10
-52.75
 20
-161.60
  0
TEXT
  8
1
 10
1.000000
 20
110.000000
 40
100.000000
 50
0.000000
  1
Style Name: SANDY_09-12-25-P19
  0
TEXT
  8
1
 10
1.000000
 20
220.000000
 40
100.000000
 50
0.000000
  1
Creation Date: 09-12-2025
  0
TEXT
  8
1
 10
1.000000
 20
330.000000
 40
100.000000
 50
0.000000
  1
Creation Time: 14:09
  0
TEXT
  8
1
 10
1.000000
 20
440.000000
 40
100.000000
 50
0.000000
  1
Sample Size: 42
  0
TEXT
  8
1
 10
1.000000
 20
550.000000
 40
100.000000
 50
0.000000
  1
Grade Rule Table: SANDY_09-12-25-P19
  0
TEXT
  8
1
 10
1.000000
 20
660.000000
 40
100.000000
 50
0.000000
  1
Author: Caledonia Technology
  0
TEXT
  8
1
 10
1.000000
 20
770.000000
 40
100.000000
 50
0.000000
  1
Units: METRIC
  0
TEXT
  8
1
 10
1.000000
 20
880.000000
 40
100.000000
 50
0.000000
  1
Product: DXFcnv
  0
TEXT
  8
1
 10
1.000000
 20
990.000000
 40
100.000000
 50
0.000000
  1
IdFile: F34DF8448D39286C917E3859977F8DAA8C6198148AA74508
  0
TEXT
  8
1
 10
0.000000
 20
0.000000
 40
0.000000
 50
0.000000
  1
Standard Version: ASTM/D13Proposal 1 Version: D 6673-04
  0
ENDSEC
  0
EOF
