  0
SECTION
  2
BLOCKS
  0
BLOCK
  8
1
  2
SHOULDER FRONT 1P
 70
     0
 10
0.00
 20
0.00
  0
POLYLINE
  8
84
 66
     1
 70
     1
  0
VERTEX
  8
84
 10
-25.600000
 20
0.000000
  0
VERTEX
  8
84
 10
-22.600000
 20
21.200000
  0
VERTEX
  8
84
 10
-18.900000
 20
44.800000
  0
VERTEX
  8
84
 10
-14.900000
 20
70.500000
  0
VERTEX
  8
84
 10
-11.700000
 20
96.400000
  0
VERTEX
  8
84
 10
-9.800000
 20
119.500000
  0
VERTEX
  8
84
 10
-8.700000
 20
138.600000
  0
VERTEX
  8
84
 10
-7.800000
 20
154.600000
  0
VERTEX
  8
84
 10
-8.000000
 20
171.400000
  0
VERTEX
  8
84
 10
-8.500000
 20
190.300000
  0
VERTEX
  8
84
 10
-9.500000
 20
212.100000
  0
VERTEX
  8
84
 10
-3.300000
 20
212.000000
  0
VERTEX
  8
84
 10
4.400000
 20
211.900000
  0
VERTEX
  8
84
 10
14.700000
 20
212.100000
  0
VERTEX
  8
84
 10
29.800000
 20
213.000000
  0
VERTEX
  8
84
 10
37.800000
 20
213.500000
  0
VERTEX
  8
84
 10
46.600000
 20
214.600000
  0
VERTEX
  8
84
 10
56.500000
 20
216.300000
  0
VERTEX
  8
84
 10
68.800000
 20
218.600000
  0
VERTEX
  8
84
 10
84.300000
 20
222.300000
  0
VERTEX
  8
84
 10
103.000000
 20
227.900000
  0
VERTEX
  8
84
 10
123.900000
 20
235.000000
  0
VERTEX
  8
84
 10
125.900000
 20
228.300000
  0
VERTEX
  8
84
 10
129.400000
 20
218.500000
  0
VERTEX
  8
84
 10
134.500000
 20
204.900000
  0
VERTEX
  8
84
 10
140.100000
 20
186.700000
  0
VERTEX
  8
84
 10
148.800000
 20
160.500000
  0
VERTEX
  8
84
 10
160.900000
 20
125.200000
  0
VERTEX
  8
84
 10
171.900000
 20
94.300000
  0
VERTEX
  8
84
 10
167.200000
 20
88.600000
  0
VERTEX
  8
84
 10
161.800000
 20
82.600000
  0
VERTEX
  8
84
 10
155.900000
 20
75.500000
  0
VERTEX
  8
84
 10
150.400000
 20
67.200000
  0
VERTEX
  8
84
 10
146.400000
 20
58.700000
  0
VERTEX
  8
84
 10
144.000000
 20
50.100000
  0
VERTEX
  8
84
 10
142.200000
 20
40.300000
  0
VERTEX
  8
84
 10
140.800000
 20
28.600000
  0
VERTEX
  8
84
 10
139.400000
 20
14.900000
  0
VERTEX
  8
84
 10
139.400000
 20
0.000000
  0
VERTEX
  8
84
 10
139.400000
 20
-14.900000
  0
VERTEX
  8
84
 10
140.800000
 20
-28.600000
  0
VERTEX
  8
84
 10
142.200000
 20
-40.300000
  0
VERTEX
  8
84
 10
144.000000
 20
-50.100000
  0
VERTEX
  8
84
 10
146.400000
 20
-58.700000
  0
VERTEX
  8
84
 10
150.400000
 20
-67.200000
  0
VERTEX
  8
84
 10
155.900000
 20
-75.500000
  0
VERTEX
  8
84
 10
161.800000
 20
-82.600000
  0
VERTEX
  8
84
 10
167.200000
 20
-88.600000
  0
VERTEX
  8
84
 10
171.900000
 20
-94.300000
  0
VERTEX
  8
84
 10
160.900000
 20
-125.200000
  0
VERTEX
  8
84
 10
148.800000
 20
-160.500000
  0
VERTEX
  8
84
 10
140.100000
 20
-186.700000
  0
VERTEX
  8
84
 10
134.500000
 20
-204.900000
  0
VERTEX
  8
84
 10
129.400000
 20
-218.500000
  0
VERTEX
  8
84
 10
125.900000
 20
-228.300000
  0
VERTEX
  8
84
 10
123.900000
 20
-235.000000
  0
VERTEX
  8
84
 10
103.000000
 20
-227.900000
  0
VERTEX
  8
84
 10
84.300000
 20
-222.300000
  0
VERTEX
  8
84
 10
68.800000
 20
-218.600000
  0
VERTEX
  8
84
 10
56.500000
 20
-216.300000
  0
VERTEX
  8
84
 10
46.600000
 20
-214.600000
  0
VERTEX
  8
84
 10
37.800000
 20
-213.500000
  0
VERTEX
  8
84
 10
29.800000
 20
-213.000000
  0
VERTEX
  8
84
 10
14.700000
 20
-212.100000
  0
VERTEX
  8
84
 10
4.400000
 20
-211.900000
  0
VERTEX
  8
84
 10
-3.300000
 20
-212.000000
  0
VERTEX
  8
84
 10
-9.500000
 20
-212.100000
  0
VERTEX
  8
84
 10
-8.500000
 20
-190.300000
  0
VERTEX
  8
84
 10
-8.000000
 20
-171.400000
  0
VERTEX
  8
84
 10
-7.800000
 20
-154.600000
  0
VERTEX
  8
84
 10
-8.700000
 20
-138.600000
  0
VERTEX
  8
84
 10
-9.800000
 20
-119.500000
  0
VERTEX
  8
84
 10
-11.700000
 20
-96.400000
  0
VERTEX
  8
84
 10
-14.900000
 20
-70.500000
  0
VERTEX
  8
84
 10
-18.900000
 20
-44.800000
  0
VERTEX
  8
84
 10
-22.600000
 20
-21.200000
  0
VERTEX
  8
84
 10
-25.600000
 20
0.000000
  0
SEQEND
  0
POLYLINE
  8
1
 66
     1
 70
     1
  0
VERTEX
  8
1
 10
-25.600000
 20
0.000000
  0
VERTEX
  8
1
 10
-22.600000
 20
21.200000
  0
VERTEX
  8
1
 10
-18.900000
 20
44.800000
  0
VERTEX
  8
1
 10
-14.900000
 20
70.500000
  0
VERTEX
  8
1
 10
-11.700000
 20
96.400000
  0
VERTEX
  8
1
 10
-9.800000
 20
119.500000
  0
VERTEX
  8
1
 10
-8.700000
 20
138.600000
  0
VERTEX
  8
1
 10
-7.800000
 20
154.600000
  0
VERTEX
  8
1
 10
-8.000000
 20
171.400000
  0
VERTEX
  8
1
 10
-8.500000
 20
190.300000
  0
VERTEX
  8
1
 10
-9.500000
 20
212.100000
  0
VERTEX
  8
1
 10
-3.300000
 20
212.000000
  0
VERTEX
  8
1
 10
4.400000
 20
211.900000
  0
VERTEX
  8
1
 10
14.700000
 20
212.100000
  0
VERTEX
  8
1
 10
29.800000
 20
213.000000
  0
VERTEX
  8
1
 10
37.800000
 20
213.500000
  0
VERTEX
  8
1
 10
46.600000
 20
214.600000
  0
VERTEX
  8
1
 10
56.500000
 20
216.300000
  0
VERTEX
  8
1
 10
68.800000
 20
218.600000
  0
VERTEX
  8
1
 10
84.300000
 20
222.300000
  0
VERTEX
  8
1
 10
103.000000
 20
227.900000
  0
VERTEX
  8
1
 10
123.900000
 20
235.000000
  0
VERTEX
  8
1
 10
125.900000
 20
228.300000
  0
VERTEX
  8
1
 10
129.400000
 20
218.500000
  0
VERTEX
  8
1
 10
134.500000
 20
204.900000
  0
VERTEX
  8
1
 10
140.100000
 20
186.700000
  0
VERTEX
  8
1
 10
148.800000
 20
160.500000
  0
VERTEX
  8
1
 10
160.900000
 20
125.200000
  0
VERTEX
  8
1
 10
171.900000
 20
94.300000
  0
VERTEX
  8
1
 10
167.200000
 20
88.600000
  0
VERTEX
  8
1
 10
161.800000
 20
82.600000
  0
VERTEX
  8
1
 10
155.900000
 20
75.500000
  0
VERTEX
  8
1
 10
150.400000
 20
67.200000
  0
VERTEX
  8
1
 10
146.400000
 20
58.700000
  0
VERTEX
  8
1
 10
144.000000
 20
50.100000
  0
VERTEX
  8
1
 10
142.200000
 20
40.300000
  0
VERTEX
  8
1
 10
140.800000
 20
28.600000
  0
VERTEX
  8
1
 10
139.400000
 20
14.900000
  0
VERTEX
  8
1
 10
139.400000
 20
0.000000
  0
VERTEX
  8
1
 10
139.400000
 20
-14.900000
  0
VERTEX
  8
1
 10
140.800000
 20
-28.600000
  0
VERTEX
  8
1
 10
142.200000
 20
-40.300000
  0
VERTEX
  8
1
 10
144.000000
 20
-50.100000
  0
VERTEX
  8
1
 10
146.400000
 20
-58.700000
  0
VERTEX
  8
1
 10
150.400000
 20
-67.200000
  0
VERTEX
  8
1
 10
155.900000
 20
-75.500000
  0
VERTEX
  8
1
 10
161.800000
 20
-82.600000
  0
VERTEX
  8
1
 10
167.200000
 20
-88.600000
  0
VERTEX
  8
1
 10
171.900000
 20
-94.300000
  0
VERTEX
  8
1
 10
160.900000
 20
-125.200000
  0
VERTEX
  8
1
 10
148.800000
 20
-160.500000
  0
VERTEX
  8
1
 10
140.100000
 20
-186.700000
  0
VERTEX
  8
1
 10
134.500000
 20
-204.900000
  0
VERTEX
  8
1
 10
129.400000
 20
-218.500000
  0
VERTEX
  8
1
 10
125.900000
 20
-228.300000
  0
VERTEX
  8
1
 10
123.900000
 20
-235.000000
  0
VERTEX
  8
1
 10
103.000000
 20
-227.900000
  0
VERTEX
  8
1
 10
84.300000
 20
-222.300000
  0
VERTEX
  8
1
 10
68.800000
 20
-218.600000
  0
VERTEX
  8
1
 10
56.500000
 20
-216.300000
  0
VERTEX
  8
1
 10
46.600000
 20
-214.600000
  0
VERTEX
  8
1
 10
37.800000
 20
-213.500000
  0
VERTEX
  8
1
 10
29.800000
 20
-213.000000
  0
VERTEX
  8
1
 10
14.700000
 20
-212.100000
  0
VERTEX
  8
1
 10
4.400000
 20
-211.900000
  0
VERTEX
  8
1
 10
-3.300000
 20
-212.000000
  0
VERTEX
  8
1
 10
-9.500000
 20
-212.100000
  0
VERTEX
  8
1
 10
-8.500000
 20
-190.300000
  0
VERTEX
  8
1
 10
-8.000000
 20
-171.400000
  0
VERTEX
  8
1
 10
-7.800000
 20
-154.600000
  0
VERTEX
  8
1
 10
-8.700000
 20
-138.600000
  0
VERTEX
  8
1
 10
-9.800000
 20
-119.500000
  0
VERTEX
  8
1
 10
-11.700000
 20
-96.400000
  0
VERTEX
  8
1
 10
-14.900000
 20
-70.500000
  0
VERTEX
  8
1
 10
-18.900000
 20
-44.800000
  0
VERTEX
  8
1
 10
-22.600000
 20
-21.200000
  0
VERTEX
  8
1
 10
-25.600000
 20
0.000000
  0
SEQEND
  0
POLYLINE
  8
87
 66
     1
  0
VERTEX
  8
87
 10
-15.700000
 20
0.000000
  0
VERTEX
  8
87
 10
-12.700000
 20
19.700000
  0
VERTEX
  8
87
 10
-9.100000
 20
43.300000
  0
VERTEX
  8
87
 10
-5.000000
 20
69.100000
  0
VERTEX
  8
87
 10
-1.800000
 20
95.400000
  0
VERTEX
  8
87
 10
0.100000
 20
118.800000
  0
VERTEX
  8
87
 10
1.200000
 20
138.100000
  0
VERTEX
  8
87
 10
2.100000
 20
154.400000
  0
VERTEX
  8
87
 10
1.900000
 20
171.500000
  0
VERTEX
  8
87
 10
1.400000
 20
190.600000
  0
VERTEX
  8
87
 10
0.900000
 20
202.000000
  0
VERTEX
  8
87
 10
4.400000
 20
202.000000
  0
VERTEX
  8
87
 10
15.000000
 20
202.200000
  0
VERTEX
  8
87
 10
30.100000
 20
203.100000
  0
VERTEX
  8
87
 10
38.700000
 20
203.600000
  0
VERTEX
  8
87
 10
48.000000
 20
204.700000
  0
VERTEX
  8
87
 10
58.200000
 20
206.500000
  0
VERTEX
  8
87
 10
70.800000
 20
208.800000
  0
VERTEX
  8
87
 10
86.800000
 20
212.700000
  0
VERTEX
  8
87
 10
106.000000
 20
218.400000
  0
VERTEX
  8
87
 10
117.400000
 20
222.300000
  0
VERTEX
  8
87
 10
120.000000
 20
215.100000
  0
VERTEX
  8
87
 10
125.100000
 20
201.700000
  0
VERTEX
  8
87
 10
130.600000
 20
183.700000
  0
VERTEX
  8
87
 10
139.400000
 20
157.300000
  0
VERTEX
  8
87
 10
151.500000
 20
121.900000
  0
VERTEX
  8
87
 10
160.600000
 20
96.300000
  0
VERTEX
  8
87
 10
159.600000
 20
95.000000
  0
VERTEX
  8
87
 10
154.300000
 20
89.000000
  0
VERTEX
  8
87
 10
147.900000
 20
81.400000
  0
VERTEX
  8
87
 10
141.700000
 20
72.000000
  0
VERTEX
  8
87
 10
137.100000
 20
62.100000
  0
VERTEX
  8
87
 10
134.300000
 20
52.300000
  0
VERTEX
  8
87
 10
132.300000
 20
41.700000
  0
VERTEX
  8
87
 10
130.900000
 20
29.600000
  0
VERTEX
  8
87
 10
129.400000
 20
15.400000
  0
VERTEX
  8
87
 10
129.400000
 20
0.000000
  0
VERTEX
  8
87
 10
129.400000
 20
-15.400000
  0
VERTEX
  8
87
 10
130.900000
 20
-29.600000
  0
VERTEX
  8
87
 10
132.300000
 20
-41.700000
  0
VERTEX
  8
87
 10
134.300000
 20
-52.300000
  0
VERTEX
  8
87
 10
137.100000
 20
-62.100000
  0
VERTEX
  8
87
 10
141.700000
 20
-72.000000
  0
VERTEX
  8
87
 10
147.900000
 20
-81.400000
  0
VERTEX
  8
87
 10
154.300000
 20
-89.000000
  0
VERTEX
  8
87
 10
159.600000
 20
-95.000000
  0
VERTEX
  8
87
 10
160.600000
 20
-96.200000
  0
VERTEX
  8
87
 10
151.500000
 20
-121.900000
  0
VERTEX
  8
87
 10
139.400000
 20
-157.300000
  0
VERTEX
  8
87
 10
130.600000
 20
-183.700000
  0
VERTEX
  8
87
 10
125.100000
 20
-201.700000
  0
VERTEX
  8
87
 10
120.000000
 20
-215.100000
  0
VERTEX
  8
87
 10
117.500000
 20
-222.300000
  0
VERTEX
  8
87
 10
106.000000
 20
-218.400000
  0
VERTEX
  8
87
 10
86.800000
 20
-212.700000
  0
VERTEX
  8
87
 10
70.800000
 20
-208.800000
  0
VERTEX
  8
87
 10
58.200000
 20
-206.500000
  0
VERTEX
  8
87
 10
48.000000
 20
-204.700000
  0
VERTEX
  8
87
 10
38.700000
 20
-203.600000
  0
VERTEX
  8
87
 10
30.100000
 20
-203.100000
  0
VERTEX
  8
87
 10
15.000000
 20
-202.200000
  0
VERTEX
  8
87
 10
4.400000
 20
-202.000000
  0
VERTEX
  8
87
 10
0.900000
 20
-202.000000
  0
VERTEX
  8
87
 10
1.400000
 20
-190.600000
  0
VERTEX
  8
87
 10
1.900000
 20
-171.500000
  0
VERTEX
  8
87
 10
2.100000
 20
-154.400000
  0
VERTEX
  8
87
 10
1.200000
 20
-138.100000
  0
VERTEX
  8
87
 10
0.100000
 20
-118.800000
  0
VERTEX
  8
87
 10
-1.800000
 20
-95.400000
  0
VERTEX
  8
87
 10
-5.000000
 20
-69.100000
  0
VERTEX
  8
87
 10
-9.100000
 20
-43.300000
  0
VERTEX
  8
87
 10
-12.700000
 20
-19.700000
  0
VERTEX
  8
87
 10
-15.700000
 20
0.000000
  0
SEQEND
  0
POLYLINE
  8
14
 66
     1
  0
VERTEX
  8
14
 10
-15.700000
 20
0.000000
  0
VERTEX
  8
14
 10
-12.700000
 20
19.700000
  0
VERTEX
  8
14
 10
-9.100000
 20
43.300000
  0
VERTEX
  8
14
 10
-5.000000
 20
69.100000
  0
VERTEX
  8
14
 10
-1.800000
 20
95.400000
  0
VERTEX
  8
14
 10
0.100000
 20
118.800000
  0
VERTEX
  8
14
 10
1.200000
 20
138.100000
  0
VERTEX
  8
14
 10
2.100000
 20
154.400000
  0
VERTEX
  8
14
 10
1.900000
 20
171.500000
  0
VERTEX
  8
14
 10
1.400000
 20
190.600000
  0
VERTEX
  8
14
 10
0.900000
 20
202.000000
  0
VERTEX
  8
14
 10
4.400000
 20
202.000000
  0
VERTEX
  8
14
 10
15.000000
 20
202.200000
  0
VERTEX
  8
14
 10
30.100000
 20
203.100000
  0
VERTEX
  8
14
 10
38.700000
 20
203.600000
  0
VERTEX
  8
14
 10
48.000000
 20
204.700000
  0
VERTEX
  8
14
 10
58.200000
 20
206.500000
  0
VERTEX
  8
14
 10
70.800000
 20
208.800000
  0
VERTEX
  8
14
 10
86.800000
 20
212.700000
  0
VERTEX
  8
14
 10
106.000000
 20
218.400000
  0
VERTEX
  8
14
 10
117.400000
 20
222.300000
  0
VERTEX
  8
14
 10
120.000000
 20
215.100000
  0
VERTEX
  8
14
 10
125.100000
 20
201.700000
  0
VERTEX
  8
14
 10
130.600000
 20
183.700000
  0
VERTEX
  8
14
 10
139.400000
 20
157.300000
  0
VERTEX
  8
14
 10
151.500000
 20
121.900000
  0
VERTEX
  8
14
 10
160.600000
 20
96.300000
  0
VERTEX
  8
14
 10
159.600000
 20
95.000000
  0
VERTEX
  8
14
 10
154.300000
 20
89.000000
  0
VERTEX
  8
14
 10
147.900000
 20
81.400000
  0
VERTEX
  8
14
 10
141.700000
 20
72.000000
  0
VERTEX
  8
14
 10
137.100000
 20
62.100000
  0
VERTEX
  8
14
 10
134.300000
 20
52.300000
  0
VERTEX
  8
14
 10
132.300000
 20
41.700000
  0
VERTEX
  8
14
 10
130.900000
 20
29.600000
  0
VERTEX
  8
14
 10
129.400000
 20
15.400000
  0
VERTEX
  8
14
 10
129.400000
 20
0.000000
  0
VERTEX
  8
14
 10
129.400000
 20
-15.400000
  0
VERTEX
  8
14
 10
130.900000
 20
-29.600000
  0
VERTEX
  8
14
 10
132.300000
 20
-41.700000
  0
VERTEX
  8
14
 10
134.300000
 20
-52.300000
  0
VERTEX
  8
14
 10
137.100000
 20
-62.100000
  0
VERTEX
  8
14
 10
141.700000
 20
-72.000000
  0
VERTEX
  8
14
 10
147.900000
 20
-81.400000
  0
VERTEX
  8
14
 10
154.300000
 20
-89.000000
  0
VERTEX
  8
14
 10
159.600000
 20
-95.000000
  0
VERTEX
  8
14
 10
160.600000
 20
-96.200000
  0
VERTEX
  8
14
 10
151.500000
 20
-121.900000
  0
VERTEX
  8
14
 10
139.400000
 20
-157.300000
  0
VERTEX
  8
14
 10
130.600000
 20
-183.700000
  0
VERTEX
  8
14
 10
125.100000
 20
-201.700000
  0
VERTEX
  8
14
 10
120.000000
 20
-215.100000
  0
VERTEX
  8
14
 10
117.500000
 20
-222.300000
  0
VERTEX
  8
14
 10
106.000000
 20
-218.400000
  0
VERTEX
  8
14
 10
86.800000
 20
-212.700000
  0
VERTEX
  8
14
 10
70.800000
 20
-208.800000
  0
VERTEX
  8
14
 10
58.200000
 20
-206.500000
  0
VERTEX
  8
14
 10
48.000000
 20
-204.700000
  0
VERTEX
  8
14
 10
38.700000
 20
-203.600000
  0
VERTEX
  8
14
 10
30.100000
 20
-203.100000
  0
VERTEX
  8
14
 10
15.000000
 20
-202.200000
  0
VERTEX
  8
14
 10
4.400000
 20
-202.000000
  0
VERTEX
  8
14
 10
0.900000
 20
-202.000000
  0
VERTEX
  8
14
 10
1.400000
 20
-190.600000
  0
VERTEX
  8
14
 10
1.900000
 20
-171.500000
  0
VERTEX
  8
14
 10
2.100000
 20
-154.400000
  0
VERTEX
  8
14
 10
1.200000
 20
-138.100000
  0
VERTEX
  8
14
 10
0.100000
 20
-118.800000
  0
VERTEX
  8
14
 10
-1.800000
 20
-95.400000
  0
VERTEX
  8
14
 10
-5.000000
 20
-69.100000
  0
VERTEX
  8
14
 10
-9.100000
 20
-43.300000
  0
VERTEX
  8
14
 10
-12.700000
 20
-19.700000
  0
VERTEX
  8
14
 10
-15.700000
 20
0.000000
  0
SEQEND
  0
POINT
  8
2
 10
-25.600000
 20
0.000000
  0
POINT
  8
3
 10
-22.600000
 20
21.200000
  0
POINT
  8
3
 10
-18.900000
 20
44.800000
  0
POINT
  8
3
 10
-14.900000
 20
70.500000
  0
POINT
  8
3
 10
-11.700000
 20
96.400000
  0
POINT
  8
3
 10
-9.800000
 20
119.500000
  0
POINT
  8
3
 10
-8.700000
 20
138.600000
  0
POINT
  8
2
 10
-7.800000
 20
154.600000
  0
POINT
  8
3
 10
-8.000000
 20
171.400000
  0
POINT
  8
3
 10
-8.500000
 20
190.300000
  0
POINT
  8
2
 10
-9.500000
 20
212.100000
  0
POINT
  8
3
 10
-3.300000
 20
212.000000
  0
POINT
  8
3
 10
4.400000
 20
211.900000
  0
POINT
  8
3
 10
14.700000
 20
212.100000
  0
POINT
  8
2
 10
29.800000
 20
213.000000
  0
POINT
  8
3
 10
37.800000
 20
213.500000
  0
POINT
  8
3
 10
46.600000
 20
214.600000
  0
POINT
  8
3
 10
56.500000
 20
216.300000
  0
POINT
  8
3
 10
68.800000
 20
218.600000
  0
POINT
  8
3
 10
84.300000
 20
222.300000
  0
POINT
  8
3
 10
103.000000
 20
227.900000
  0
POINT
  8
2
 10
123.900000
 20
235.000000
  0
POINT
  8
3
 10
125.900000
 20
228.300000
  0
POINT
  8
3
 10
129.400000
 20
218.500000
  0
POINT
  8
2
 10
134.500000
 20
204.900000
  0
POINT
  8
3
 10
140.100000
 20
186.700000
  0
POINT
  8
3
 10
148.800000
 20
160.500000
  0
POINT
  8
2
 10
160.900000
 20
125.200000
  0
POINT
  8
2
 10
171.900000
 20
94.300000
  0
POINT
  8
3
 10
167.200000
 20
88.600000
  0
POINT
  8
3
 10
161.800000
 20
82.600000
  0
POINT
  8
3
 10
155.900000
 20
75.500000
  0
POINT
  8
3
 10
150.400000
 20
67.200000
  0
POINT
  8
3
 10
146.400000
 20
58.700000
  0
POINT
  8
3
 10
144.000000
 20
50.100000
  0
POINT
  8
3
 10
142.200000
 20
40.300000
  0
POINT
  8
3
 10
140.800000
 20
28.600000
  0
POINT
  8
2
 10
139.400000
 20
14.900000
  0
POINT
  8
2
 10
139.400000
 20
0.000000
  0
POINT
  8
2
 10
139.400000
 20
-14.900000
  0
POINT
  8
3
 10
140.800000
 20
-28.600000
  0
POINT
  8
3
 10
142.200000
 20
-40.300000
  0
POINT
  8
3
 10
144.000000
 20
-50.100000
  0
POINT
  8
3
 10
146.400000
 20
-58.700000
  0
POINT
  8
3
 10
150.400000
 20
-67.200000
  0
POINT
  8
3
 10
155.900000
 20
-75.500000
  0
POINT
  8
3
 10
161.800000
 20
-82.600000
  0
POINT
  8
3
 10
167.200000
 20
-88.600000
  0
POINT
  8
2
 10
171.900000
 20
-94.300000
  0
POINT
  8
2
 10
160.900000
 20
-125.200000
  0
POINT
  8
3
 10
148.800000
 20
-160.500000
  0
POINT
  8
3
 10
140.100000
 20
-186.700000
  0
POINT
  8
2
 10
134.500000
 20
-204.900000
  0
POINT
  8
3
 10
129.400000
 20
-218.500000
  0
POINT
  8
3
 10
125.900000
 20
-228.300000
  0
POINT
  8
2
 10
123.900000
 20
-235.000000
  0
POINT
  8
3
 10
103.000000
 20
-227.900000
  0
POINT
  8
3
 10
84.300000
 20
-222.300000
  0
POINT
  8
3
 10
68.800000
 20
-218.600000
  0
POINT
  8
3
 10
56.500000
 20
-216.300000
  0
POINT
  8
3
 10
46.600000
 20
-214.600000
  0
POINT
  8
3
 10
37.800000
 20
-213.500000
  0
POINT
  8
2
 10
29.800000
 20
-213.000000
  0
POINT
  8
3
 10
14.700000
 20
-212.100000
  0
POINT
  8
3
 10
4.400000
 20
-211.900000
  0
POINT
  8
3
 10
-3.300000
 20
-212.000000
  0
POINT
  8
2
 10
-9.500000
 20
-212.100000
  0
POINT
  8
3
 10
-8.500000
 20
-190.300000
  0
POINT
  8
3
 10
-8.000000
 20
-171.400000
  0
POINT
  8
2
 10
-7.800000
 20
-154.600000
  0
POINT
  8
3
 10
-8.700000
 20
-138.600000
  0
POINT
  8
3
 10
-9.800000
 20
-119.500000
  0
POINT
  8
3
 10
-11.700000
 20
-96.400000
  0
POINT
  8
3
 10
-14.900000
 20
-70.500000
  0
POINT
  8
3
 10
-18.900000
 20
-44.800000
  0
POINT
  8
3
 10
-22.600000
 20
-21.200000
  0
POINT
  8
2
 10
-25.600000
 20
0.000000
  0
POINT
  8
2
 10
-7.800000
 20
154.600000
 39
2.500000
 50
357.614000
  0
POINT
  8
2
 10
29.800000
 20
213.000000
 39
2.500000
 50
272.385900
  0
POINT
  8
2
 10
134.500000
 20
204.900000
 39
2.500000
 50
199.179000
  0
POINT
  8
2
 10
160.900000
 20
125.200000
 39
2.500000
 50
199.179000
  0
POINT
  8
2
 10
139.400000
 20
0.000000
 39
2.500000
 50
180.000000
  0
POINT
  8
2
 10
160.900000
 20
-125.200000
 39
2.500000
 50
160.821000
  0
POINT
  8
2
 10
134.500000
 20
-204.900000
 39
2.500000
 50
160.821000
  0
POINT
  8
2
 10
29.800000
 20
-213.000000
 39
2.500000
 50
87.614060
  0
POINT
  8
2
 10
-7.800000
 20
-154.600000
 39
2.500000
 50
2.385944
  0
POINT
  8
2
 10
-15.700000
 20
0.000000
  0
POINT
  8
3
 10
-12.700000
 20
19.700000
  0
POINT
  8
3
 10
-9.100000
 20
43.300000
  0
POINT
  8
3
 10
-5.000000
 20
69.100000
  0
POINT
  8
3
 10
-1.800000
 20
95.400000
  0
POINT
  8
3
 10
0.100000
 20
118.800000
  0
POINT
  8
3
 10
1.200000
 20
138.100000
  0
POINT
  8
2
 10
2.100000
 20
154.400000
  0
POINT
  8
3
 10
1.900000
 20
171.500000
  0
POINT
  8
3
 10
1.400000
 20
190.600000
  0
POINT
  8
2
 10
0.900000
 20
202.000000
  0
POINT
  8
3
 10
4.400000
 20
202.000000
  0
POINT
  8
3
 10
15.000000
 20
202.200000
  0
POINT
  8
2
 10
30.100000
 20
203.100000
  0
POINT
  8
3
 10
38.700000
 20
203.600000
  0
POINT
  8
3
 10
48.000000
 20
204.700000
  0
POINT
  8
3
 10
58.200000
 20
206.500000
  0
POINT
  8
3
 10
70.800000
 20
208.800000
  0
POINT
  8
3
 10
86.800000
 20
212.700000
  0
POINT
  8
3
 10
106.000000
 20
218.400000
  0
POINT
  8
2
 10
117.400000
 20
222.300000
  0
POINT
  8
3
 10
120.000000
 20
215.100000
  0
POINT
  8
2
 10
125.100000
 20
201.700000
  0
POINT
  8
3
 10
130.600000
 20
183.700000
  0
POINT
  8
3
 10
139.400000
 20
157.300000
  0
POINT
  8
2
 10
151.500000
 20
121.900000
  0
POINT
  8
2
 10
160.600000
 20
96.300000
  0
POINT
  8
3
 10
159.600000
 20
95.000000
  0
POINT
  8
3
 10
154.300000
 20
89.000000
  0
POINT
  8
3
 10
147.900000
 20
81.400000
  0
POINT
  8
3
 10
141.700000
 20
72.000000
  0
POINT
  8
3
 10
137.100000
 20
62.100000
  0
POINT
  8
3
 10
134.300000
 20
52.300000
  0
POINT
  8
3
 10
132.300000
 20
41.700000
  0
POINT
  8
3
 10
130.900000
 20
29.600000
  0
POINT
  8
2
 10
129.400000
 20
15.400000
  0
POINT
  8
2
 10
129.400000
 20
0.000000
  0
POINT
  8
2
 10
129.400000
 20
-15.400000
  0
POINT
  8
3
 10
130.900000
 20
-29.600000
  0
POINT
  8
3
 10
132.300000
 20
-41.700000
  0
POINT
  8
3
 10
134.300000
 20
-52.300000
  0
POINT
  8
3
 10
137.100000
 20
-62.100000
  0
POINT
  8
3
 10
141.700000
 20
-72.000000
  0
POINT
  8
3
 10
147.900000
 20
-81.400000
  0
POINT
  8
3
 10
154.300000
 20
-89.000000
  0
POINT
  8
3
 10
159.600000
 20
-95.000000
  0
POINT
  8
2
 10
160.600000
 20
-96.200000
  0
POINT
  8
2
 10
151.500000
 20
-121.900000
  0
POINT
  8
3
 10
139.400000
 20
-157.300000
  0
POINT
  8
3
 10
130.600000
 20
-183.700000
  0
POINT
  8
2
 10
125.100000
 20
-201.700000
  0
POINT
  8
3
 10
120.000000
 20
-215.100000
  0
POINT
  8
2
 10
117.500000
 20
-222.300000
  0
POINT
  8
3
 10
106.000000
 20
-218.400000
  0
POINT
  8
3
 10
86.800000
 20
-212.700000
  0
POINT
  8
3
 10
70.800000
 20
-208.800000
  0
POINT
  8
3
 10
58.200000
 20
-206.500000
  0
POINT
  8
3
 10
48.000000
 20
-204.700000
  0
POINT
  8
3
 10
38.700000
 20
-203.600000
  0
POINT
  8
2
 10
30.100000
 20
-203.100000
  0
POINT
  8
3
 10
15.000000
 20
-202.200000
  0
POINT
  8
3
 10
4.400000
 20
-202.000000
  0
POINT
  8
2
 10
0.900000
 20
-202.000000
  0
POINT
  8
3
 10
1.400000
 20
-190.600000
  0
POINT
  8
3
 10
1.900000
 20
-171.500000
  0
POINT
  8
2
 10
2.100000
 20
-154.400000
  0
POINT
  8
3
 10
1.200000
 20
-138.100000
  0
POINT
  8
3
 10
0.100000
 20
-118.800000
  0
POINT
  8
3
 10
-1.800000
 20
-95.400000
  0
POINT
  8
3
 10
-5.000000
 20
-69.100000
  0
POINT
  8
3
 10
-9.100000
 20
-43.300000
  0
POINT
  8
3
 10
-12.700000
 20
-19.700000
  0
POINT
  8
2
 10
-15.700000
 20
0.000000
  0
POINT
  8
4
 10
-7.800000
 20
154.600000
 30
2.500000
 50
357.614000
  0
POINT
  8
4
 10
29.800000
 20
213.000000
 30
2.500000
 50
272.385900
  0
POINT
  8
4
 10
134.500000
 20
204.900000
 30
2.500000
 50
199.179000
  0
POINT
  8
4
 10
160.900000
 20
125.200000
 30
2.500000
 50
199.179000
  0
POINT
  8
4
 10
139.400000
 20
0.000000
 30
2.500000
 50
180.000000
  0
POINT
  8
4
 10
160.900000
 20
-125.200000
 30
2.500000
 50
160.821000
  0
POINT
  8
4
 10
134.500000
 20
-204.900000
 30
2.500000
 50
160.821000
  0
POINT
  8
4
 10
29.800000
 20
-213.000000
 30
2.500000
 50
87.614060
  0
POINT
  8
4
 10
-7.800000
 20
-154.600000
 30
2.500000
 50
2.385944
  0
LINE
  8
5
 10
139.300000
 20
0.000000
 11
-25.500000
 21
0.000000
  0
LINE
  8
7
 10
139.300000
 20
0.000000
 11
-25.500000
 21
0.000000
  0
TEXT
  8
1
 10
3.300000
 20
109.400000
 40
10.000000
 50
0.000000
  1
Piece Name: SHOULDER FRONT 1P
  0
TEXT
  8
1
 10
3.300000
 20
120.400000
 40
10.000000
 50
0.000000
  1
Size: 42
  0
TEXT
  8
1
 10
3.300000
 20
131.400000
 40
10.000000
 50
0.000000
  1
Annotation: SHOULDER FRONT 1P
  0
TEXT
  8
1
 10
3.300000
 20
142.400000
 40
10.000000
 50
0.000000
  1
Quantity: 1
  0
TEXT
  8
1
 10
3.300000
 20
153.400000
 40
10.000000
 50
0.000000
  1
Material: LEATHER
  0
ENDBLK
  0
BLOCK
  8
1
  2
BACK 2P
 70
     0
 10
0.00
 20
0.00
  0
POLYLINE
  8
84
 66
     1
 70
     1
  0
VERTEX
  8
84
 10
-99.000000
 20
29.900000
  0
VERTEX
  8
84
 10
-60.100000
 20
28.700000
  0
VERTEX
  8
84
 10
-18.900000
 20
28.700000
  0
VERTEX
  8
84
 10
21.600000
 20
30.600000
  0
VERTEX
  8
84
 10
62.300000
 20
33.800000
  0
VERTEX
  8
84
 10
101.800000
 20
37.000000
  0
VERTEX
  8
84
 10
138.300000
 20
39.400000
  0
VERTEX
  8
84
 10
171.600000
 20
40.500000
  0
VERTEX
  8
84
 10
202.900000
 20
40.600000
  0
VERTEX
  8
84
 10
205.100000
 20
31.500000
  0
VERTEX
  8
84
 10
209.500000
 20
9.400001
  0
VERTEX
  8
84
 10
212.900000
 20
-11.300000
  0
VERTEX
  8
84
 10
215.100000
 20
-30.500000
  0
VERTEX
  8
84
 10
216.500000
 20
-49.200000
  0
VERTEX
  8
84
 10
217.800000
 20
-67.800000
  0
VERTEX
  8
84
 10
218.800000
 20
-86.000000
  0
VERTEX
  8
84
 10
219.200000
 20
-102.400000
  0
VERTEX
  8
84
 10
219.000000
 20
-115.800000
  0
VERTEX
  8
84
 10
219.100000
 20
-126.100000
  0
VERTEX
  8
84
 10
219.800000
 20
-134.300000
  0
VERTEX
  8
84
 10
184.000000
 20
-133.500000
  0
VERTEX
  8
84
 10
144.200000
 20
-131.300000
  0
VERTEX
  8
84
 10
111.900000
 20
-129.900000
  0
VERTEX
  8
84
 10
106.700000
 20
-129.500000
  0
VERTEX
  8
84
 10
64.700000
 20
-127.100000
  0
VERTEX
  8
84
 10
22.500000
 20
-124.400000
  0
VERTEX
  8
84
 10
-17.200000
 20
-122.200000
  0
VERTEX
  8
84
 10
-52.700000
 20
-121.300000
  0
VERTEX
  8
84
 10
-83.900000
 20
-121.700000
  0
VERTEX
  8
84
 10
-99.000000
 20
-122.900000
  0
VERTEX
  8
84
 10
-99.000000
 20
-55.100000
  0
VERTEX
  8
84
 10
-99.000000
 20
19.900000
  0
VERTEX
  8
84
 10
-99.000000
 20
29.900000
  0
SEQEND
  0
POLYLINE
  8
1
 66
     1
 70
     1
  0
VERTEX
  8
1
 10
-99.000000
 20
29.900000
  0
VERTEX
  8
1
 10
-60.100000
 20
28.700000
  0
VERTEX
  8
1
 10
-18.900000
 20
28.700000
  0
VERTEX
  8
1
 10
21.600000
 20
30.600000
  0
VERTEX
  8
1
 10
62.300000
 20
33.800000
  0
VERTEX
  8
1
 10
101.800000
 20
37.000000
  0
VERTEX
  8
1
 10
138.300000
 20
39.400000
  0
VERTEX
  8
1
 10
171.600000
 20
40.500000
  0
VERTEX
  8
1
 10
202.900000
 20
40.600000
  0
VERTEX
  8
1
 10
205.100000
 20
31.500000
  0
VERTEX
  8
1
 10
209.500000
 20
9.400001
  0
VERTEX
  8
1
 10
212.900000
 20
-11.300000
  0
VERTEX
  8
1
 10
215.100000
 20
-30.500000
  0
VERTEX
  8
1
 10
216.500000
 20
-49.200000
  0
VERTEX
  8
1
 10
217.800000
 20
-67.800000
  0
VERTEX
  8
1
 10
218.800000
 20
-86.000000
  0
VERTEX
  8
1
 10
219.200000
 20
-102.400000
  0
VERTEX
  8
1
 10
219.000000
 20
-115.800000
  0
VERTEX
  8
1
 10
219.100000
 20
-126.100000
  0
VERTEX
  8
1
 10
219.800000
 20
-134.300000
  0
VERTEX
  8
1
 10
184.000000
 20
-133.500000
  0
VERTEX
  8
1
 10
144.200000
 20
-131.300000
  0
VERTEX
  8
1
 10
111.900000
 20
-129.900000
  0
VERTEX
  8
1
 10
106.700000
 20
-129.500000
  0
VERTEX
  8
1
 10
64.700000
 20
-127.100000
  0
VERTEX
  8
1
 10
22.500000
 20
-124.400000
  0
VERTEX
  8
1
 10
-17.200000
 20
-122.200000
  0
VERTEX
  8
1
 10
-52.700000
 20
-121.300000
  0
VERTEX
  8
1
 10
-83.900000
 20
-121.700000
  0
VERTEX
  8
1
 10
-99.000000
 20
-122.900000
  0
VERTEX
  8
1
 10
-99.000000
 20
-55.100000
  0
VERTEX
  8
1
 10
-99.000000
 20
19.900000
  0
VERTEX
  8
1
 10
-99.000000
 20
29.900000
  0
SEQEND
  0
POLYLINE
  8
87
 66
     1
  0
VERTEX
  8
87
 10
-89.000000
 20
19.900000
  0
VERTEX
  8
87
 10
-60.200000
 20
18.700000
  0
VERTEX
  8
87
 10
-18.700000
 20
18.700000
  0
VERTEX
  8
87
 10
22.200000
 20
20.700000
  0
VERTEX
  8
87
 10
63.000000
 20
23.900000
  0
VERTEX
  8
87
 10
102.500000
 20
27.100000
  0
VERTEX
  8
87
 10
138.700000
 20
29.500000
  0
VERTEX
  8
87
 10
171.700000
 20
30.600000
  0
VERTEX
  8
87
 10
195.000000
 20
30.600000
  0
VERTEX
  8
87
 10
195.300000
 20
29.400000
  0
VERTEX
  8
87
 10
199.700000
 20
7.600000
  0
VERTEX
  8
87
 10
203.000000
 20
-12.600000
  0
VERTEX
  8
87
 10
205.200000
 20
-31.400000
  0
VERTEX
  8
87
 10
206.600000
 20
-49.800000
  0
VERTEX
  8
87
 10
207.900000
 20
-68.300000
  0
VERTEX
  8
87
 10
208.900000
 20
-86.300000
  0
VERTEX
  8
87
 10
209.300000
 20
-102.400000
  0
VERTEX
  8
87
 10
209.100000
 20
-115.700000
  0
VERTEX
  8
87
 10
209.000000
 20
-124.200000
  0
VERTEX
  8
87
 10
184.300000
 20
-123.600000
  0
VERTEX
  8
87
 10
144.600000
 20
-121.400000
  0
VERTEX
  8
87
 10
112.400000
 20
-120.000000
  0
VERTEX
  8
87
 10
107.000000
 20
-119.600000
  0
VERTEX
  8
87
 10
65.200000
 20
-117.200000
  0
VERTEX
  8
87
 10
23.100000
 20
-114.500000
  0
VERTEX
  8
87
 10
-16.800000
 20
-112.300000
  0
VERTEX
  8
87
 10
-52.600000
 20
-111.400000
  0
VERTEX
  8
87
 10
-84.300000
 20
-111.800000
  0
VERTEX
  8
87
 10
-89.000000
 20
-112.100000
  0
VERTEX
  8
87
 10
-89.000000
 20
-55.100000
  0
VERTEX
  8
87
 10
-89.000000
 20
19.900000
  0
SEQEND
  0
POLYLINE
  8
14
 66
     1
  0
VERTEX
  8
14
 10
-89.000000
 20
19.900000
  0
VERTEX
  8
14
 10
-60.200000
 20
18.700000
  0
VERTEX
  8
14
 10
-18.700000
 20
18.700000
  0
VERTEX
  8
14
 10
22.200000
 20
20.700000
  0
VERTEX
  8
14
 10
63.000000
 20
23.900000
  0
VERTEX
  8
14
 10
102.500000
 20
27.100000
  0
VERTEX
  8
14
 10
138.700000
 20
29.500000
  0
VERTEX
  8
14
 10
171.700000
 20
30.600000
  0
VERTEX
  8
14
 10
195.000000
 20
30.600000
  0
VERTEX
  8
14
 10
195.300000
 20
29.400000
  0
VERTEX
  8
14
 10
199.700000
 20
7.600000
  0
VERTEX
  8
14
 10
203.000000
 20
-12.600000
  0
VERTEX
  8
14
 10
205.200000
 20
-31.400000
  0
VERTEX
  8
14
 10
206.600000
 20
-49.800000
  0
VERTEX
  8
14
 10
207.900000
 20
-68.300000
  0
VERTEX
  8
14
 10
208.900000
 20
-86.300000
  0
VERTEX
  8
14
 10
209.300000
 20
-102.400000
  0
VERTEX
  8
14
 10
209.100000
 20
-115.700000
  0
VERTEX
  8
14
 10
209.000000
 20
-124.200000
  0
VERTEX
  8
14
 10
184.300000
 20
-123.600000
  0
VERTEX
  8
14
 10
144.600000
 20
-121.400000
  0
VERTEX
  8
14
 10
112.400000
 20
-120.000000
  0
VERTEX
  8
14
 10
107.000000
 20
-119.600000
  0
VERTEX
  8
14
 10
65.200000
 20
-117.200000
  0
VERTEX
  8
14
 10
23.100000
 20
-114.500000
  0
VERTEX
  8
14
 10
-16.800000
 20
-112.300000
  0
VERTEX
  8
14
 10
-52.600000
 20
-111.400000
  0
VERTEX
  8
14
 10
-84.300000
 20
-111.800000
  0
VERTEX
  8
14
 10
-89.000000
 20
-112.100000
  0
VERTEX
  8
14
 10
-89.000000
 20
-55.100000
  0
VERTEX
  8
14
 10
-89.000000
 20
19.900000
  0
SEQEND
  0
POINT
  8
2
 10
-99.000000
 20
29.900000
  0
POINT
  8
3
 10
-60.100000
 20
28.700000
  0
POINT
  8
3
 10
-18.900000
 20
28.700000
  0
POINT
  8
3
 10
21.600000
 20
30.600000
  0
POINT
  8
3
 10
62.300000
 20
33.800000
  0
POINT
  8
3
 10
101.800000
 20
37.000000
  0
POINT
  8
3
 10
138.300000
 20
39.400000
  0
POINT
  8
3
 10
171.600000
 20
40.500000
  0
POINT
  8
2
 10
202.900000
 20
40.600000
  0
POINT
  8
2
 10
205.100000
 20
31.500000
  0
POINT
  8
3
 10
209.500000
 20
9.400001
  0
POINT
  8
3
 10
212.900000
 20
-11.300000
  0
POINT
  8
3
 10
215.100000
 20
-30.500000
  0
POINT
  8
3
 10
216.500000
 20
-49.200000
  0
POINT
  8
3
 10
217.800000
 20
-67.800000
  0
POINT
  8
3
 10
218.800000
 20
-86.000000
  0
POINT
  8
3
 10
219.200000
 20
-102.400000
  0
POINT
  8
3
 10
219.000000
 20
-115.800000
  0
POINT
  8
3
 10
219.100000
 20
-126.100000
  0
POINT
  8
2
 10
219.800000
 20
-134.300000
  0
POINT
  8
3
 10
184.000000
 20
-133.500000
  0
POINT
  8
3
 10
144.200000
 20
-131.300000
  0
POINT
  8
3
 10
111.900000
 20
-129.900000
  0
POINT
  8
2
 10
106.700000
 20
-129.500000
  0
POINT
  8
3
 10
64.700000
 20
-127.100000
  0
POINT
  8
3
 10
22.500000
 20
-124.400000
  0
POINT
  8
3
 10
-17.200000
 20
-122.200000
  0
POINT
  8
3
 10
-52.700000
 20
-121.300000
  0
POINT
  8
3
 10
-83.900000
 20
-121.700000
  0
POINT
  8
2
 10
-99.000000
 20
-122.900000
  0
POINT
  8
2
 10
-99.000000
 20
-55.100000
  0
POINT
  8
2
 10
-99.000000
 20
19.900000
  0
POINT
  8
2
 10
-99.000000
 20
29.900000
  0
POINT
  8
2
 10
205.100000
 20
31.500000
 39
2.500000
 50
191.768300
  0
POINT
  8
2
 10
106.700000
 20
-129.500000
 39
2.500000
 50
87.614060
  0
POINT
  8
2
 10
-99.000000
 20
-55.100000
 39
2.500000
  0
POINT
  8
2
 10
-99.000000
 20
19.900000
 39
2.500000
  0
POINT
  8
2
 10
-89.000000
 20
19.900000
  0
POINT
  8
3
 10
-60.200000
 20
18.700000
  0
POINT
  8
3
 10
-18.700000
 20
18.700000
  0
POINT
  8
3
 10
22.200000
 20
20.700000
  0
POINT
  8
3
 10
63.000000
 20
23.900000
  0
POINT
  8
3
 10
102.500000
 20
27.100000
  0
POINT
  8
3
 10
138.700000
 20
29.500000
  0
POINT
  8
3
 10
171.700000
 20
30.600000
  0
POINT
  8
2
 10
195.000000
 20
30.600000
  0
POINT
  8
2
 10
195.300000
 20
29.400000
  0
POINT
  8
3
 10
199.700000
 20
7.600000
  0
POINT
  8
3
 10
203.000000
 20
-12.600000
  0
POINT
  8
3
 10
205.200000
 20
-31.400000
  0
POINT
  8
3
 10
206.600000
 20
-49.800000
  0
POINT
  8
3
 10
207.900000
 20
-68.300000
  0
POINT
  8
3
 10
208.900000
 20
-86.300000
  0
POINT
  8
3
 10
209.300000
 20
-102.400000
  0
POINT
  8
3
 10
209.100000
 20
-115.700000
  0
POINT
  8
2
 10
209.000000
 20
-124.200000
  0
POINT
  8
3
 10
184.300000
 20
-123.600000
  0
POINT
  8
3
 10
144.600000
 20
-121.400000
  0
POINT
  8
3
 10
112.400000
 20
-120.000000
  0
POINT
  8
2
 10
107.000000
 20
-119.600000
  0
POINT
  8
3
 10
65.200000
 20
-117.200000
  0
POINT
  8
3
 10
23.100000
 20
-114.500000
  0
POINT
  8
3
 10
-16.800000
 20
-112.300000
  0
POINT
  8
3
 10
-52.600000
 20
-111.400000
  0
POINT
  8
3
 10
-84.300000
 20
-111.800000
  0
POINT
  8
2
 10
-89.000000
 20
-112.100000
  0
POINT
  8
2
 10
-89.000000
 20
-55.100000
  0
POINT
  8
2
 10
-89.000000
 20
19.900000
  0
POINT
  8
4
 10
205.100000
 20
31.500000
 30
2.500000
 50
191.768300
  0
POINT
  8
4
 10
106.700000
 20
-129.500000
 30
2.500000
 50
87.614060
  0
POINT
  8
4
 10
-99.000000
 20
-55.100000
 30
2.500000
  0
POINT
  8
4
 10
-99.000000
 20
19.900000
 30
2.500000
  0
LINE
  8
5
 10
153.900000
 20
0.000000
 11
-39.300000
 21
0.000000
  0
LINE
  8
7
 10
160.700000
 20
0.500000
 11
-41.100000
 21
0.500000
  0
TEXT
  8
15
 10
11.900000
 20
19.000000
 40
7.256391
 50
1.292167
  1
BACK CENTER
  0
TEXT
  8
1
 10
3.300000
 20
109.400000
 40
10.000000
 50
0.000000
  1
Piece Name: BACK 2P
  0
TEXT
  8
1
 10
3.300000
 20
120.400000
 40
10.000000
 50
0.000000
  1
Size: 42
  0
TEXT
  8
1
 10
3.300000
 20
131.400000
 40
10.000000
 50
0.000000
  1
Annotation: BACK 2P
  0
TEXT
  8
1
 10
3.300000
 20
142.400000
 40
10.000000
 50
0.000000
  1
Quantity: 1
  0
TEXT
  8
1
 10
3.300000
 20
153.400000
 40
10.000000
 50
0.000000
  1
Material: LEATHER
  0
ENDBLK
  0
BLOCK
  8
1
  2
BK BTTM 2P_3
 70
     0
 10
0.00
 20
0.00
  0
POLYLINE
  8
84
 66
     1
 70
     1
  0
VERTEX
  8
84
 10
195.400000
 20
-121.500000
  0
VERTEX
  8
84
 10
185.400000
 20
-122.100000
  0
VERTEX
  8
84
 10
165.100000
 20
-123.200000
  0
VERTEX
  8
84
 10
145.600000
 20
-125.000000
  0
VERTEX
  8
84
 10
126.300000
 20
-126.700000
  0
VERTEX
  8
84
 10
113.200000
 20
-127.900000
  0
VERTEX
  8
84
 10
64.800000
 20
-131.700000
  0
VERTEX
  8
84
 10
28.900000
 20
-134.600000
  0
VERTEX
  8
84
 10
-0.100000
 20
-136.500000
  0
VERTEX
  8
84
 10
-19.500000
 20
-137.300000
  0
VERTEX
  8
84
 10
-34.300000
 20
-137.900000
  0
VERTEX
  8
84
 10
-69.300000
 20
-139.700000
  0
VERTEX
  8
84
 10
-70.400000
 20
-81.500000
  0
VERTEX
  8
84
 10
-70.800000
 20
-33.100000
  0
VERTEX
  8
84
 10
-70.800000
 20
3.500000
  0
VERTEX
  8
84
 10
-70.800000
 20
31.500000
  0
VERTEX
  8
84
 10
-70.800000
 20
42.900000
  0
VERTEX
  8
84
 10
-35.800000
 20
42.300000
  0
VERTEX
  8
84
 10
44.000000
 20
37.000000
  0
VERTEX
  8
84
 10
112.500000
 20
32.800000
  0
VERTEX
  8
84
 10
168.400000
 20
30.100000
  0
VERTEX
  8
84
 10
185.400000
 20
29.600000
  0
VERTEX
  8
84
 10
195.400000
 20
29.400000
  0
VERTEX
  8
84
 10
195.400000
 20
19.400000
  0
VERTEX
  8
84
 10
195.400000
 20
-55.100000
  0
VERTEX
  8
84
 10
195.400000
 20
-121.500000
  0
SEQEND
  0
POLYLINE
  8
1
 66
     1
 70
     1
  0
VERTEX
  8
1
 10
195.400000
 20
-121.500000
  0
VERTEX
  8
1
 10
185.400000
 20
-122.100000
  0
VERTEX
  8
1
 10
165.100000
 20
-123.200000
  0
VERTEX
  8
1
 10
145.600000
 20
-125.000000
  0
VERTEX
  8
1
 10
126.300000
 20
-126.700000
  0
VERTEX
  8
1
 10
113.200000
 20
-127.900000
  0
VERTEX
  8
1
 10
64.800000
 20
-131.700000
  0
VERTEX
  8
1
 10
28.900000
 20
-134.600000
  0
VERTEX
  8
1
 10
-0.100000
 20
-136.500000
  0
VERTEX
  8
1
 10
-19.500000
 20
-137.300000
  0
VERTEX
  8
1
 10
-34.300000
 20
-137.900000
  0
VERTEX
  8
1
 10
-69.300000
 20
-139.700000
  0
VERTEX
  8
1
 10
-70.400000
 20
-81.500000
  0
VERTEX
  8
1
 10
-70.800000
 20
-33.100000
  0
VERTEX
  8
1
 10
-70.800000
 20
3.500000
  0
VERTEX
  8
1
 10
-70.800000
 20
31.500000
  0
VERTEX
  8
1
 10
-70.800000
 20
42.900000
  0
VERTEX
  8
1
 10
-35.800000
 20
42.300000
  0
VERTEX
  8
1
 10
44.000000
 20
37.000000
  0
VERTEX
  8
1
 10
112.500000
 20
32.800000
  0
VERTEX
  8
1
 10
168.400000
 20
30.100000
  0
VERTEX
  8
1
 10
185.400000
 20
29.600000
  0
VERTEX
  8
1
 10
195.400000
 20
29.400000
  0
VERTEX
  8
1
 10
195.400000
 20
19.400000
  0
VERTEX
  8
1
 10
195.400000
 20
-55.100000
  0
VERTEX
  8
1
 10
195.400000
 20
-121.500000
  0
SEQEND
  0
POLYLINE
  8
87
 66
     1
  0
VERTEX
  8
87
 10
185.400000
 20
-112.100000
  0
VERTEX
  8
87
 10
164.400000
 20
-113.300000
  0
VERTEX
  8
87
 10
144.700000
 20
-115.100000
  0
VERTEX
  8
87
 10
125.400000
 20
-116.800000
  0
VERTEX
  8
87
 10
112.400000
 20
-118.000000
  0
VERTEX
  8
87
 10
64.000000
 20
-121.800000
  0
VERTEX
  8
87
 10
28.200000
 20
-124.700000
  0
VERTEX
  8
87
 10
-0.600000
 20
-126.600000
  0
VERTEX
  8
87
 10
-19.900000
 20
-127.400000
  0
VERTEX
  8
87
 10
-34.700000
 20
-128.000000
  0
VERTEX
  8
87
 10
-35.500000
 20
-81.100000
  0
VERTEX
  8
87
 10
-35.800000
 20
-33.000000
  0
VERTEX
  8
87
 10
-35.800000
 20
3.500000
  0
VERTEX
  8
87
 10
-35.800000
 20
31.500000
  0
VERTEX
  8
87
 10
43.400000
 20
27.100000
  0
VERTEX
  8
87
 10
112.000000
 20
22.900000
  0
VERTEX
  8
87
 10
168.100000
 20
20.200000
  0
VERTEX
  8
87
 10
185.300000
 20
19.400000
  0
VERTEX
  8
87
 10
185.400000
 20
-55.100000
  0
VERTEX
  8
87
 10
185.400000
 20
-112.100000
  0
SEQEND
  0
POLYLINE
  8
14
 66
     1
  0
VERTEX
  8
14
 10
185.400000
 20
-112.100000
  0
VERTEX
  8
14
 10
164.400000
 20
-113.300000
  0
VERTEX
  8
14
 10
144.700000
 20
-115.100000
  0
VERTEX
  8
14
 10
125.400000
 20
-116.800000
  0
VERTEX
  8
14
 10
112.400000
 20
-118.000000
  0
VERTEX
  8
14
 10
64.000000
 20
-121.800000
  0
VERTEX
  8
14
 10
28.200000
 20
-124.700000
  0
VERTEX
  8
14
 10
-0.600000
 20
-126.600000
  0
VERTEX
  8
14
 10
-19.900000
 20
-127.400000
  0
VERTEX
  8
14
 10
-34.700000
 20
-128.000000
  0
VERTEX
  8
14
 10
-35.500000
 20
-81.100000
  0
VERTEX
  8
14
 10
-35.800000
 20
-33.000000
  0
VERTEX
  8
14
 10
-35.800000
 20
3.500000
  0
VERTEX
  8
14
 10
-35.800000
 20
31.500000
  0
VERTEX
  8
14
 10
43.400000
 20
27.100000
  0
VERTEX
  8
14
 10
112.000000
 20
22.900000
  0
VERTEX
  8
14
 10
168.100000
 20
20.200000
  0
VERTEX
  8
14
 10
185.300000
 20
19.400000
  0
VERTEX
  8
14
 10
185.400000
 20
-55.100000
  0
VERTEX
  8
14
 10
185.400000
 20
-112.100000
  0
SEQEND
  0
POINT
  8
2
 10
195.400000
 20
-121.500000
  0
POINT
  8
3
 10
185.400000
 20
-122.100000
  0
POINT
  8
3
 10
165.100000
 20
-123.200000
  0
POINT
  8
3
 10
145.600000
 20
-125.000000
  0
POINT
  8
3
 10
126.300000
 20
-126.700000
  0
POINT
  8
2
 10
113.200000
 20
-127.900000
  0
POINT
  8
3
 10
64.800000
 20
-131.700000
  0
POINT
  8
3
 10
28.900000
 20
-134.600000
  0
POINT
  8
3
 10
-0.100000
 20
-136.500000
  0
POINT
  8
3
 10
-19.500000
 20
-137.300000
  0
POINT
  8
2
 10
-34.300000
 20
-137.900000
  0
POINT
  8
2
 10
-69.300000
 20
-139.700000
  0
POINT
  8
3
 10
-70.400000
 20
-81.500000
  0
POINT
  8
3
 10
-70.800000
 20
-33.100000
  0
POINT
  8
3
 10
-70.800000
 20
3.500000
  0
POINT
  8
2
 10
-70.800000
 20
31.500000
  0
POINT
  8
2
 10
-70.800000
 20
42.900000
  0
POINT
  8
2
 10
-35.800000
 20
42.300000
  0
POINT
  8
3
 10
44.000000
 20
37.000000
  0
POINT
  8
3
 10
112.500000
 20
32.800000
  0
POINT
  8
3
 10
168.400000
 20
30.100000
  0
POINT
  8
3
 10
185.400000
 20
29.600000
  0
POINT
  8
2
 10
195.400000
 20
29.400000
  0
POINT
  8
2
 10
195.400000
 20
19.400000
  0
POINT
  8
2
 10
195.400000
 20
-55.100000
  0
POINT
  8
2
 10
195.400000
 20
-121.500000
  0
POINT
  8
2
 10
113.200000
 20
-127.900000
 39
2.500000
 50
94.763640
  0
POINT
  8
2
 10
-34.300000
 20
-137.900000
 39
2.500000
 50
92.385940
  0
POINT
  8
2
 10
-70.800000
 20
31.500000
 39
2.500000
  0
POINT
  8
2
 10
-35.800000
 20
42.300000
 39
2.500000
 50
270.000000
  0
POINT
  8
2
 10
195.400000
 20
19.400000
 39
2.500000
 50
180.000000
  0
POINT
  8
2
 10
195.400000
 20
-55.100000
 39
2.500000
 50
180.000000
  0
POINT
  8
2
 10
185.400000
 20
-112.100000
  0
POINT
  8
3
 10
164.400000
 20
-113.300000
  0
POINT
  8
3
 10
144.700000
 20
-115.100000
  0
POINT
  8
3
 10
125.400000
 20
-116.800000
  0
POINT
  8
2
 10
112.400000
 20
-118.000000
  0
POINT
  8
3
 10
64.000000
 20
-121.800000
  0
POINT
  8
3
 10
28.200000
 20
-124.700000
  0
POINT
  8
3
 10
-0.600000
 20
-126.600000
  0
POINT
  8
3
 10
-19.900000
 20
-127.400000
  0
POINT
  8
2
 10
-34.700000
 20
-128.000000
  0
POINT
  8
3
 10
-35.500000
 20
-81.100000
  0
POINT
  8
3
 10
-35.800000
 20
-33.000000
  0
POINT
  8
3
 10
-35.800000
 20
3.500000
  0
POINT
  8
2
 10
-35.800000
 20
31.500000
  0
POINT
  8
3
 10
43.400000
 20
27.100000
  0
POINT
  8
3
 10
112.000000
 20
22.900000
  0
POINT
  8
3
 10
168.100000
 20
20.200000
  0
POINT
  8
2
 10
185.300000
 20
19.400000
  0
POINT
  8
2
 10
185.400000
 20
-55.100000
  0
POINT
  8
2
 10
185.400000
 20
-112.100000
  0
POINT
  8
4
 10
113.200000
 20
-127.900000
 30
2.500000
 50
94.763640
  0
POINT
  8
4
 10
-34.300000
 20
-137.900000
 30
2.500000
 50
92.385940
  0
POINT
  8
4
 10
-70.800000
 20
31.500000
 30
2.500000
  0
POINT
  8
4
 10
-35.800000
 20
42.300000
 30
2.500000
 50
270.000000
  0
POINT
  8
4
 10
195.400000
 20
19.400000
 30
2.500000
 50
180.000000
  0
POINT
  8
4
 10
195.400000
 20
-55.100000
 30
2.500000
 50
180.000000
  0
LINE
  8
5
 10
121.400000
 20
0.000000
 11
-6.800000
 21
0.000000
  0
LINE
  8
7
 10
121.400000
 20
0.500000
 11
-6.800000
 21
0.500000
  0
TEXT
  8
15
 10
65.700000
 20
23.900000
 40
10.895290
 50
358.374400
  1
BACK CENTER
  0
TEXT
  8
15
 10
180.400000
 20
-29.000000
 40
10.000000
 50
270.000000
  1
HIGH
  0
TEXT
  8
1
 10
3.300000
 20
109.400000
 40
10.000000
 50
0.000000
  1
Piece Name: BK BTTM 2P_3
  0
TEXT
  8
1
 10
3.300000
 20
120.400000
 40
10.000000
 50
0.000000
  1
Size: 42
  0
TEXT
  8
1
 10
3.300000
 20
131.400000
 40
10.000000
 50
0.000000
  1
Annotation: BK BTTM 2P
  0
TEXT
  8
1
 10
3.300000
 20
142.400000
 40
10.000000
 50
0.000000
  1
Quantity: 1
  0
TEXT
  8
1
 10
3.300000
 20
153.400000
 40
10.000000
 50
0.000000
  1
Material: LEATHER
  0
ENDBLK
  0
BLOCK
  8
1
  2
SIDE BK 2P
 70
     0
 10
0.00
 20
0.00
  0
POLYLINE
  8
84
 66
     1
 70
     1
  0
VERTEX
  8
84
 10
-86.300000
 20
48.800000
  0
VERTEX
  8
84
 10
-46.200000
 20
49.400000
  0
VERTEX
  8
84
 10
-11.500000
 20
51.100000
  0
VERTEX
  8
84
 10
23.300000
 20
54.100000
  0
VERTEX
  8
84
 10
56.800000
 20
57.700000
  0
VERTEX
  8
84
 10
87.700000
 20
60.600000
  0
VERTEX
  8
84
 10
116.500000
 20
62.600000
  0
VERTEX
  8
84
 10
156.200000
 20
64.900000
  0
VERTEX
  8
84
 10
191.200000
 20
66.800000
  0
VERTEX
  8
84
 10
215.900000
 20
67.700000
  0
VERTEX
  8
84
 10
230.800000
 20
68.000000
  0
VERTEX
  8
84
 10
230.600000
 20
51.400000
  0
VERTEX
  8
84
 10
229.900000
 20
31.400000
  0
VERTEX
  8
84
 10
228.900000
 20
16.900000
  0
VERTEX
  8
84
 10
228.400000
 20
-0.300000
  0
VERTEX
  8
84
 10
216.100000
 20
-0.400000
  0
VERTEX
  8
84
 10
205.800000
 20
-0.500000
  0
VERTEX
  8
84
 10
196.600000
 20
-1.100000
  0
VERTEX
  8
84
 10
186.000000
 20
-2.400000
  0
VERTEX
  8
84
 10
176.700000
 20
-4.000000
  0
VERTEX
  8
84
 10
166.900000
 20
-7.200000
  0
VERTEX
  8
84
 10
157.700000
 20
-10.700000
  0
VERTEX
  8
84
 10
149.600000
 20
-14.600000
  0
VERTEX
  8
84
 10
138.900000
 20
-20.400000
  0
VERTEX
  8
84
 10
133.600000
 20
-24.400000
  0
VERTEX
  8
84
 10
127.400000
 20
-31.400000
  0
VERTEX
  8
84
 10
121.200000
 20
-38.200000
  0
VERTEX
  8
84
 10
116.100000
 20
-47.600000
  0
VERTEX
  8
84
 10
112.500000
 20
-56.200000
  0
VERTEX
  8
84
 10
110.800000
 20
-63.600000
  0
VERTEX
  8
84
 10
109.300000
 20
-68.100000
  0
VERTEX
  8
84
 10
81.100000
 20
-63.500000
  0
VERTEX
  8
84
 10
55.300000
 20
-59.800000
  0
VERTEX
  8
84
 10
33.500000
 20
-57.200000
  0
VERTEX
  8
84
 10
17.600000
 20
-55.600000
  0
VERTEX
  8
84
 10
-4.800000
 20
-54.000000
  0
VERTEX
  8
84
 10
-19.200000
 20
-53.600000
  0
VERTEX
  8
84
 10
-33.700000
 20
-53.800000
  0
VERTEX
  8
84
 10
-51.300000
 20
-54.500000
  0
VERTEX
  8
84
 10
-68.900000
 20
-55.700000
  0
VERTEX
  8
84
 10
-83.600000
 20
-56.900000
  0
VERTEX
  8
84
 10
-84.500000
 20
-26.300000
  0
VERTEX
  8
84
 10
-86.300000
 20
48.800000
  0
SEQEND
  0
POLYLINE
  8
1
 66
     1
 70
     1
  0
VERTEX
  8
1
 10
-86.300000
 20
48.800000
  0
VERTEX
  8
1
 10
-46.200000
 20
49.400000
  0
VERTEX
  8
1
 10
-11.500000
 20
51.100000
  0
VERTEX
  8
1
 10
23.300000
 20
54.100000
  0
VERTEX
  8
1
 10
56.800000
 20
57.700000
  0
VERTEX
  8
1
 10
87.700000
 20
60.600000
  0
VERTEX
  8
1
 10
116.500000
 20
62.600000
  0
VERTEX
  8
1
 10
156.200000
 20
64.900000
  0
VERTEX
  8
1
 10
191.200000
 20
66.800000
  0
VERTEX
  8
1
 10
215.900000
 20
67.700000
  0
VERTEX
  8
1
 10
230.800000
 20
68.000000
  0
VERTEX
  8
1
 10
230.600000
 20
51.400000
  0
VERTEX
  8
1
 10
229.900000
 20
31.400000
  0
VERTEX
  8
1
 10
228.900000
 20
16.900000
  0
VERTEX
  8
1
 10
228.400000
 20
-0.300000
  0
VERTEX
  8
1
 10
216.100000
 20
-0.400000
  0
VERTEX
  8
1
 10
205.800000
 20
-0.500000
  0
VERTEX
  8
1
 10
196.600000
 20
-1.100000
  0
VERTEX
  8
1
 10
186.000000
 20
-2.400000
  0
VERTEX
  8
1
 10
176.700000
 20
-4.000000
  0
VERTEX
  8
1
 10
166.900000
 20
-7.200000
  0
VERTEX
  8
1
 10
157.700000
 20
-10.700000
  0
VERTEX
  8
1
 10
149.600000
 20
-14.600000
  0
VERTEX
  8
1
 10
138.900000
 20
-20.400000
  0
VERTEX
  8
1
 10
133.600000
 20
-24.400000
  0
VERTEX
  8
1
 10
127.400000
 20
-31.400000
  0
VERTEX
  8
1
 10
121.200000
 20
-38.200000
  0
VERTEX
  8
1
 10
116.100000
 20
-47.600000
  0
VERTEX
  8
1
 10
112.500000
 20
-56.200000
  0
VERTEX
  8
1
 10
110.800000
 20
-63.600000
  0
VERTEX
  8
1
 10
109.300000
 20
-68.100000
  0
VERTEX
  8
1
 10
81.100000
 20
-63.500000
  0
VERTEX
  8
1
 10
55.300000
 20
-59.800000
  0
VERTEX
  8
1
 10
33.500000
 20
-57.200000
  0
VERTEX
  8
1
 10
17.600000
 20
-55.600000
  0
VERTEX
  8
1
 10
-4.800000
 20
-54.000000
  0
VERTEX
  8
1
 10
-19.200000
 20
-53.600000
  0
VERTEX
  8
1
 10
-33.700000
 20
-53.800000
  0
VERTEX
  8
1
 10
-51.300000
 20
-54.500000
  0
VERTEX
  8
1
 10
-68.900000
 20
-55.700000
  0
VERTEX
  8
1
 10
-83.600000
 20
-56.900000
  0
VERTEX
  8
1
 10
-84.500000
 20
-26.300000
  0
VERTEX
  8
1
 10
-86.300000
 20
48.800000
  0
SEQEND
  0
POLYLINE
  8
87
 66
     1
  0
VERTEX
  8
87
 10
-76.100000
 20
39.000000
  0
VERTEX
  8
87
 10
-45.900000
 20
39.500000
  0
VERTEX
  8
87
 10
-10.900000
 20
41.200000
  0
VERTEX
  8
87
 10
24.200000
 20
44.200000
  0
VERTEX
  8
87
 10
57.700000
 20
47.800000
  0
VERTEX
  8
87
 10
88.400000
 20
50.700000
  0
VERTEX
  8
87
 10
117.000000
 20
52.700000
  0
VERTEX
  8
87
 10
156.700000
 20
55.000000
  0
VERTEX
  8
87
 10
191.600000
 20
56.900000
  0
VERTEX
  8
87
 10
216.100000
 20
57.800000
  0
VERTEX
  8
87
 10
220.700000
 20
57.800000
  0
VERTEX
  8
87
 10
220.700000
 20
51.600000
  0
VERTEX
  8
87
 10
220.000000
 20
31.800000
  0
VERTEX
  8
87
 10
219.000000
 20
17.300000
  0
VERTEX
  8
87
 10
218.800000
 20
9.600000
  0
VERTEX
  8
87
 10
216.100000
 20
9.500000
  0
VERTEX
  8
87
 10
205.500000
 20
9.400001
  0
VERTEX
  8
87
 10
195.700000
 20
8.800000
  0
VERTEX
  8
87
 10
184.600000
 20
7.400000
  0
VERTEX
  8
87
 10
174.300000
 20
5.600000
  0
VERTEX
  8
87
 10
164.100000
 20
2.300000
  0
VERTEX
  8
87
 10
153.800000
 20
-1.500000
  0
VERTEX
  8
87
 10
145.100000
 20
-5.700000
  0
VERTEX
  8
87
 10
133.500000
 20
-12.100000
  0
VERTEX
  8
87
 10
126.900000
 20
-17.100000
  0
VERTEX
  8
87
 10
120.000000
 20
-24.700000
  0
VERTEX
  8
87
 10
113.200000
 20
-32.500000
  0
VERTEX
  8
87
 10
107.100000
 20
-43.300000
  0
VERTEX
  8
87
 10
103.000000
 20
-53.200000
  0
VERTEX
  8
87
 10
102.200000
 20
-56.800000
  0
VERTEX
  8
87
 10
82.600000
 20
-53.700000
  0
VERTEX
  8
87
 10
56.600000
 20
-49.900000
  0
VERTEX
  8
87
 10
34.300000
 20
-47.300000
  0
VERTEX
  8
87
 10
18.500000
 20
-45.700000
  0
VERTEX
  8
87
 10
-4.300000
 20
-44.100000
  0
VERTEX
  8
87
 10
-19.100000
 20
-43.700000
  0
VERTEX
  8
87
 10
-33.900000
 20
-43.900000
  0
VERTEX
  8
87
 10
-51.700000
 20
-44.600000
  0
VERTEX
  8
87
 10
-69.600000
 20
-45.800000
  0
VERTEX
  8
87
 10
-74.000000
 20
-46.100000
  0
VERTEX
  8
87
 10
-74.600000
 20
-26.100000
  0
VERTEX
  8
87
 10
-76.100000
 20
39.000000
  0
SEQEND
  0
POLYLINE
  8
14
 66
     1
  0
VERTEX
  8
14
 10
-76.100000
 20
39.000000
  0
VERTEX
  8
14
 10
-45.900000
 20
39.500000
  0
VERTEX
  8
14
 10
-10.900000
 20
41.200000
  0
VERTEX
  8
14
 10
24.200000
 20
44.200000
  0
VERTEX
  8
14
 10
57.700000
 20
47.800000
  0
VERTEX
  8
14
 10
88.400000
 20
50.700000
  0
VERTEX
  8
14
 10
117.000000
 20
52.700000
  0
VERTEX
  8
14
 10
156.700000
 20
55.000000
  0
VERTEX
  8
14
 10
191.600000
 20
56.900000
  0
VERTEX
  8
14
 10
216.100000
 20
57.800000
  0
VERTEX
  8
14
 10
220.700000
 20
57.800000
  0
VERTEX
  8
14
 10
220.700000
 20
51.600000
  0
VERTEX
  8
14
 10
220.000000
 20
31.800000
  0
VERTEX
  8
14
 10
219.000000
 20
17.300000
  0
VERTEX
  8
14
 10
218.800000
 20
9.600000
  0
VERTEX
  8
14
 10
216.100000
 20
9.500000
  0
VERTEX
  8
14
 10
205.500000
 20
9.400001
  0
VERTEX
  8
14
 10
195.700000
 20
8.800000
  0
VERTEX
  8
14
 10
184.600000
 20
7.400000
  0
VERTEX
  8
14
 10
174.300000
 20
5.600000
  0
VERTEX
  8
14
 10
164.100000
 20
2.300000
  0
VERTEX
  8
14
 10
153.800000
 20
-1.500000
  0
VERTEX
  8
14
 10
145.100000
 20
-5.700000
  0
VERTEX
  8
14
 10
133.500000
 20
-12.100000
  0
VERTEX
  8
14
 10
126.900000
 20
-17.100000
  0
VERTEX
  8
14
 10
120.000000
 20
-24.700000
  0
VERTEX
  8
14
 10
113.200000
 20
-32.500000
  0
VERTEX
  8
14
 10
107.100000
 20
-43.300000
  0
VERTEX
  8
14
 10
103.000000
 20
-53.200000
  0
VERTEX
  8
14
 10
102.200000
 20
-56.800000
  0
VERTEX
  8
14
 10
82.600000
 20
-53.700000
  0
VERTEX
  8
14
 10
56.600000
 20
-49.900000
  0
VERTEX
  8
14
 10
34.300000
 20
-47.300000
  0
VERTEX
  8
14
 10
18.500000
 20
-45.700000
  0
VERTEX
  8
14
 10
-4.300000
 20
-44.100000
  0
VERTEX
  8
14
 10
-19.100000
 20
-43.700000
  0
VERTEX
  8
14
 10
-33.900000
 20
-43.900000
  0
VERTEX
  8
14
 10
-51.700000
 20
-44.600000
  0
VERTEX
  8
14
 10
-69.600000
 20
-45.800000
  0
VERTEX
  8
14
 10
-74.000000
 20
-46.100000
  0
VERTEX
  8
14
 10
-74.600000
 20
-26.100000
  0
VERTEX
  8
14
 10
-76.100000
 20
39.000000
  0
SEQEND
  0
POINT
  8
2
 10
-86.300000
 20
48.800000
  0
POINT
  8
3
 10
-46.200000
 20
49.400000
  0
POINT
  8
3
 10
-11.500000
 20
51.100000
  0
POINT
  8
3
 10
23.300000
 20
54.100000
  0
POINT
  8
3
 10
56.800000
 20
57.700000
  0
POINT
  8
3
 10
87.700000
 20
60.600000
  0
POINT
  8
2
 10
116.500000
 20
62.600000
  0
POINT
  8
3
 10
156.200000
 20
64.900000
  0
POINT
  8
3
 10
191.200000
 20
66.800000
  0
POINT
  8
3
 10
215.900000
 20
67.700000
  0
POINT
  8
2
 10
230.800000
 20
68.000000
  0
POINT
  8
3
 10
230.600000
 20
51.400000
  0
POINT
  8
3
 10
229.900000
 20
31.400000
  0
POINT
  8
3
 10
228.900000
 20
16.900000
  0
POINT
  8
2
 10
228.400000
 20
-0.300000
  0
POINT
  8
3
 10
216.100000
 20
-0.400000
  0
POINT
  8
3
 10
205.800000
 20
-0.500000
  0
POINT
  8
3
 10
196.600000
 20
-1.100000
  0
POINT
  8
3
 10
186.000000
 20
-2.400000
  0
POINT
  8
3
 10
176.700000
 20
-4.000000
  0
POINT
  8
2
 10
166.900000
 20
-7.200000
  0
POINT
  8
3
 10
157.700000
 20
-10.700000
  0
POINT
  8
3
 10
149.600000
 20
-14.600000
  0
POINT
  8
3
 10
138.900000
 20
-20.400000
  0
POINT
  8
3
 10
133.600000
 20
-24.400000
  0
POINT
  8
3
 10
127.400000
 20
-31.400000
  0
POINT
  8
3
 10
121.200000
 20
-38.200000
  0
POINT
  8
3
 10
116.100000
 20
-47.600000
  0
POINT
  8
3
 10
112.500000
 20
-56.200000
  0
POINT
  8
3
 10
110.800000
 20
-63.600000
  0
POINT
  8
2
 10
109.300000
 20
-68.100000
  0
POINT
  8
3
 10
81.100000
 20
-63.500000
  0
POINT
  8
3
 10
55.300000
 20
-59.800000
  0
POINT
  8
2
 10
33.500000
 20
-57.200000
  0
POINT
  8
3
 10
17.600000
 20
-55.600000
  0
POINT
  8
3
 10
-4.800000
 20
-54.000000
  0
POINT
  8
3
 10
-19.200000
 20
-53.600000
  0
POINT
  8
3
 10
-33.700000
 20
-53.800000
  0
POINT
  8
3
 10
-51.300000
 20
-54.500000
  0
POINT
  8
3
 10
-68.900000
 20
-55.700000
  0
POINT
  8
2
 10
-83.600000
 20
-56.900000
  0
POINT
  8
2
 10
-84.500000
 20
-26.300000
  0
POINT
  8
2
 10
-86.300000
 20
48.800000
  0
POINT
  8
2
 10
116.500000
 20
62.600000
 39
2.500000
 50
272.385900
  0
POINT
  8
2
 10
166.900000
 20
-7.200000
 39
2.500000
 50
106.927500
  0
POINT
  8
2
 10
33.500000
 20
-57.200000
 39
2.500000
 50
85.236360
  0
POINT
  8
2
 10
-84.500000
 20
-26.300000
 39
2.500000
  0
POINT
  8
2
 10
-76.100000
 20
39.000000
  0
POINT
  8
3
 10
-45.900000
 20
39.500000
  0
POINT
  8
3
 10
-10.900000
 20
41.200000
  0
POINT
  8
3
 10
24.200000
 20
44.200000
  0
POINT
  8
3
 10
57.700000
 20
47.800000
  0
POINT
  8
3
 10
88.400000
 20
50.700000
  0
POINT
  8
2
 10
117.000000
 20
52.700000
  0
POINT
  8
3
 10
156.700000
 20
55.000000
  0
POINT
  8
3
 10
191.600000
 20
56.900000
  0
POINT
  8
3
 10
216.100000
 20
57.800000
  0
POINT
  8
2
 10
220.700000
 20
57.800000
  0
POINT
  8
3
 10
220.700000
 20
51.600000
  0
POINT
  8
3
 10
220.000000
 20
31.800000
  0
POINT
  8
3
 10
219.000000
 20
17.300000
  0
POINT
  8
2
 10
218.800000
 20
9.600000
  0
POINT
  8
3
 10
216.100000
 20
9.500000
  0
POINT
  8
3
 10
205.500000
 20
9.400001
  0
POINT
  8
3
 10
195.700000
 20
8.800000
  0
POINT
  8
3
 10
184.600000
 20
7.400000
  0
POINT
  8
3
 10
174.300000
 20
5.600000
  0
POINT
  8
2
 10
164.100000
 20
2.300000
  0
POINT
  8
3
 10
153.800000
 20
-1.500000
  0
POINT
  8
3
 10
145.100000
 20
-5.700000
  0
POINT
  8
3
 10
133.500000
 20
-12.100000
  0
POINT
  8
3
 10
126.900000
 20
-17.100000
  0
POINT
  8
3
 10
120.000000
 20
-24.700000
  0
POINT
  8
3
 10
113.200000
 20
-32.500000
  0
POINT
  8
3
 10
107.100000
 20
-43.300000
  0
POINT
  8
3
 10
103.000000
 20
-53.200000
  0
POINT
  8
2
 10
102.200000
 20
-56.800000
  0
POINT
  8
3
 10
82.600000
 20
-53.700000
  0
POINT
  8
3
 10
56.600000
 20
-49.900000
  0
POINT
  8
2
 10
34.300000
 20
-47.300000
  0
POINT
  8
3
 10
18.500000
 20
-45.700000
  0
POINT
  8
3
 10
-4.300000
 20
-44.100000
  0
POINT
  8
3
 10
-19.100000
 20
-43.700000
  0
POINT
  8
3
 10
-33.900000
 20
-43.900000
  0
POINT
  8
3
 10
-51.700000
 20
-44.600000
  0
POINT
  8
3
 10
-69.600000
 20
-45.800000
  0
POINT
  8
2
 10
-74.000000
 20
-46.100000
  0
POINT
  8
2
 10
-74.600000
 20
-26.100000
  0
POINT
  8
2
 10
-76.100000
 20
39.000000
  0
POINT
  8
4
 10
116.500000
 20
62.600000
 30
2.500000
 50
272.385900
  0
POINT
  8
4
 10
166.900000
 20
-7.200000
 30
2.500000
 50
106.927500
  0
POINT
  8
4
 10
33.500000
 20
-57.200000
 30
2.500000
 50
85.236360
  0
POINT
  8
4
 10
-84.500000
 20
-26.300000
 30
2.500000
  0
LINE
  8
5
 10
126.200000
 20
0.000000
 11
-11.600000
 21
0.000000
  0
LINE
  8
7
 10
126.200000
 20
0.000000
 11
-11.600000
 21
0.000000
  0
TEXT
  8
1
 10
3.300000
 20
109.400000
 40
10.000000
 50
0.000000
  1
Piece Name: SIDE BK 2P
  0
TEXT
  8
1
 10
3.300000
 20
120.400000
 40
10.000000
 50
0.000000
  1
Size: 42
  0
TEXT
  8
1
 10
3.300000
 20
131.400000
 40
10.000000
 50
0.000000
  1
Annotation: SIDE BK 2P
  0
TEXT
  8
1
 10
3.300000
 20
142.400000
 40
10.000000
 50
0.000000
  1
Quantity: 1
  0
TEXT
  8
1
 10
3.300000
 20
153.400000
 40
10.000000
 50
0.000000
  1
Material: LEATHER
  0
ENDBLK
  0
BLOCK
  8
1
  2
BK BTTM 2P_5
 70
     0
 10
0.00
 20
0.00
  0
POLYLINE
  8
84
 66
     1
 70
     1
  0
VERTEX
  8
84
 10
196.200000
 20
-55.200000
  0
VERTEX
  8
84
 10
171.000000
 20
-57.500000
  0
VERTEX
  8
84
 10
138.800000
 20
-60.900000
  0
VERTEX
  8
84
 10
102.100000
 20
-64.900000
  0
VERTEX
  8
84
 10
67.800000
 20
-68.400000
  0
VERTEX
  8
84
 10
28.900000
 20
-71.000000
  0
VERTEX
  8
84
 10
-0.400000
 20
-73.200000
  0
VERTEX
  8
84
 10
-29.500000
 20
-74.700000
  0
VERTEX
  8
84
 10
-67.000000
 20
-74.000000
  0
VERTEX
  8
84
 10
-69.300000
 20
-28.300000
  0
VERTEX
  8
84
 10
-71.000000
 20
13.500000
  0
VERTEX
  8
84
 10
-72.000000
 20
51.800000
  0
VERTEX
  8
84
 10
-35.700000
 20
53.000000
  0
VERTEX
  8
84
 10
38.800000
 20
52.300000
  0
VERTEX
  8
84
 10
87.100000
 20
51.500000
  0
VERTEX
  8
84
 10
110.900000
 20
51.200000
  0
VERTEX
  8
84
 10
145.700000
 20
49.600000
  0
VERTEX
  8
84
 10
179.900000
 20
49.000000
  0
VERTEX
  8
84
 10
193.600000
 20
49.000000
  0
VERTEX
  8
84
 10
195.500000
 20
-25.900000
  0
VERTEX
  8
84
 10
196.200000
 20
-55.200000
  0
SEQEND
  0
POLYLINE
  8
1
 66
     1
 70
     1
  0
VERTEX
  8
1
 10
196.200000
 20
-55.200000
  0
VERTEX
  8
1
 10
171.000000
 20
-57.500000
  0
VERTEX
  8
1
 10
138.800000
 20
-60.900000
  0
VERTEX
  8
1
 10
102.100000
 20
-64.900000
  0
VERTEX
  8
1
 10
67.800000
 20
-68.400000
  0
VERTEX
  8
1
 10
28.900000
 20
-71.000000
  0
VERTEX
  8
1
 10
-0.400000
 20
-73.200000
  0
VERTEX
  8
1
 10
-29.500000
 20
-74.700000
  0
VERTEX
  8
1
 10
-67.000000
 20
-74.000000
  0
VERTEX
  8
1
 10
-69.300000
 20
-28.300000
  0
VERTEX
  8
1
 10
-71.000000
 20
13.500000
  0
VERTEX
  8
1
 10
-72.000000
 20
51.800000
  0
VERTEX
  8
1
 10
-35.700000
 20
53.000000
  0
VERTEX
  8
1
 10
38.800000
 20
52.300000
  0
VERTEX
  8
1
 10
87.100000
 20
51.500000
  0
VERTEX
  8
1
 10
110.900000
 20
51.200000
  0
VERTEX
  8
1
 10
145.700000
 20
49.600000
  0
VERTEX
  8
1
 10
179.900000
 20
49.000000
  0
VERTEX
  8
1
 10
193.600000
 20
49.000000
  0
VERTEX
  8
1
 10
195.500000
 20
-25.900000
  0
VERTEX
  8
1
 10
196.200000
 20
-55.200000
  0
SEQEND
  0
POLYLINE
  8
87
 66
     1
  0
VERTEX
  8
87
 10
186.000000
 20
-46.100000
  0
VERTEX
  8
87
 10
170.000000
 20
-47.600000
  0
VERTEX
  8
87
 10
137.800000
 20
-51.000000
  0
VERTEX
  8
87
 10
101.100000
 20
-55.000000
  0
VERTEX
  8
87
 10
67.000000
 20
-58.500000
  0
VERTEX
  8
87
 10
28.300000
 20
-61.100000
  0
VERTEX
  8
87
 10
-1.000000
 20
-63.300000
  0
VERTEX
  8
87
 10
-29.700000
 20
-64.800000
  0
VERTEX
  8
87
 10
-32.400000
 20
-64.800000
  0
VERTEX
  8
87
 10
-34.400000
 20
-26.700000
  0
VERTEX
  8
87
 10
-35.700000
 20
4.900000
  0
VERTEX
  8
87
 10
-36.100000
 20
14.600000
  0
VERTEX
  8
87
 10
-36.800000
 20
43.000000
  0
VERTEX
  8
87
 10
-35.500000
 20
43.100000
  0
VERTEX
  8
87
 10
38.800000
 20
42.400000
  0
VERTEX
  8
87
 10
87.000000
 20
41.600000
  0
VERTEX
  8
87
 10
110.900000
 20
41.300000
  0
VERTEX
  8
87
 10
145.400000
 20
39.700000
  0
VERTEX
  8
87
 10
179.800000
 20
39.000000
  0
VERTEX
  8
87
 10
183.900000
 20
39.000000
  0
VERTEX
  8
87
 10
185.600000
 20
-26.100000
  0
VERTEX
  8
87
 10
186.000000
 20
-46.100000
  0
SEQEND
  0
POLYLINE
  8
14
 66
     1
  0
VERTEX
  8
14
 10
186.000000
 20
-46.100000
  0
VERTEX
  8
14
 10
170.000000
 20
-47.600000
  0
VERTEX
  8
14
 10
137.800000
 20
-51.000000
  0
VERTEX
  8
14
 10
101.100000
 20
-55.000000
  0
VERTEX
  8
14
 10
67.000000
 20
-58.500000
  0
VERTEX
  8
14
 10
28.300000
 20
-61.100000
  0
VERTEX
  8
14
 10
-1.000000
 20
-63.300000
  0
VERTEX
  8
14
 10
-29.700000
 20
-64.800000
  0
VERTEX
  8
14
 10
-32.400000
 20
-64.800000
  0
VERTEX
  8
14
 10
-34.400000
 20
-26.700000
  0
VERTEX
  8
14
 10
-35.700000
 20
4.900000
  0
VERTEX
  8
14
 10
-36.100000
 20
14.600000
  0
VERTEX
  8
14
 10
-36.800000
 20
43.000000
  0
VERTEX
  8
14
 10
-35.500000
 20
43.100000
  0
VERTEX
  8
14
 10
38.800000
 20
42.400000
  0
VERTEX
  8
14
 10
87.000000
 20
41.600000
  0
VERTEX
  8
14
 10
110.900000
 20
41.300000
  0
VERTEX
  8
14
 10
145.400000
 20
39.700000
  0
VERTEX
  8
14
 10
179.800000
 20
39.000000
  0
VERTEX
  8
14
 10
183.900000
 20
39.000000
  0
VERTEX
  8
14
 10
185.600000
 20
-26.100000
  0
VERTEX
  8
14
 10
186.000000
 20
-46.100000
  0
SEQEND
  0
POINT
  8
2
 10
196.200000
 20
-55.200000
  0
POINT
  8
3
 10
171.000000
 20
-57.500000
  0
POINT
  8
3
 10
138.800000
 20
-60.900000
  0
POINT
  8
3
 10
102.100000
 20
-64.900000
  0
POINT
  8
2
 10
67.800000
 20
-68.400000
  0
POINT
  8
3
 10
28.900000
 20
-71.000000
  0
POINT
  8
3
 10
-0.400000
 20
-73.200000
  0
POINT
  8
2
 10
-29.500000
 20
-74.700000
  0
POINT
  8
2
 10
-67.000000
 20
-74.000000
  0
POINT
  8
3
 10
-69.300000
 20
-28.300000
  0
POINT
  8
3
 10
-71.000000
 20
13.500000
  0
POINT
  8
2
 10
-72.000000
 20
51.800000
  0
POINT
  8
2
 10
-35.700000
 20
53.000000
  0
POINT
  8
3
 10
38.800000
 20
52.300000
  0
POINT
  8
3
 10
87.100000
 20
51.500000
  0
POINT
  8
2
 10
110.900000
 20
51.200000
  0
POINT
  8
3
 10
145.700000
 20
49.600000
  0
POINT
  8
3
 10
179.900000
 20
49.000000
  0
POINT
  8
2
 10
193.600000
 20
49.000000
  0
POINT
  8
2
 10
195.500000
 20
-25.900000
  0
POINT
  8
2
 10
196.200000
 20
-55.200000
  0
POINT
  8
2
 10
67.800000
 20
-68.400000
 39
2.500000
 50
94.763640
  0
POINT
  8
2
 10
-29.500000
 20
-74.700000
 39
2.500000
 50
90.000000
  0
POINT
  8
2
 10
-35.700000
 20
53.000000
 39
2.500000
 50
270.000000
  0
POINT
  8
2
 10
110.900000
 20
51.200000
 39
2.500000
 50
270.000000
  0
POINT
  8
2
 10
195.500000
 20
-25.900000
 39
2.500000
 50
180.000000
  0
POINT
  8
2
 10
186.000000
 20
-46.100000
  0
POINT
  8
3
 10
170.000000
 20
-47.600000
  0
POINT
  8
3
 10
137.800000
 20
-51.000000
  0
POINT
  8
3
 10
101.100000
 20
-55.000000
  0
POINT
  8
2
 10
67.000000
 20
-58.500000
  0
POINT
  8
3
 10
28.300000
 20
-61.100000
  0
POINT
  8
3
 10
-1.000000
 20
-63.300000
  0
POINT
  8
2
 10
-29.700000
 20
-64.800000
  0
POINT
  8
2
 10
-32.400000
 20
-64.800000
  0
POINT
  8
3
 10
-34.400000
 20
-26.700000
  0
POINT
  8
3
 10
-35.700000
 20
4.900000
  0
POINT
  8
3
 10
-36.100000
 20
14.600000
  0
POINT
  8
2
 10
-36.800000
 20
43.000000
  0
POINT
  8
2
 10
-35.500000
 20
43.100000
  0
POINT
  8
3
 10
38.800000
 20
42.400000
  0
POINT
  8
3
 10
87.000000
 20
41.600000
  0
POINT
  8
2
 10
110.900000
 20
41.300000
  0
POINT
  8
3
 10
145.400000
 20
39.700000
  0
POINT
  8
3
 10
179.800000
 20
39.000000
  0
POINT
  8
2
 10
183.900000
 20
39.000000
  0
POINT
  8
2
 10
185.600000
 20
-26.100000
  0
POINT
  8
2
 10
186.000000
 20
-46.100000
  0
POINT
  8
4
 10
67.800000
 20
-68.400000
 30
2.500000
 50
94.763640
  0
POINT
  8
4
 10
-29.500000
 20
-74.700000
 30
2.500000
 50
90.000000
  0
POINT
  8
4
 10
-35.700000
 20
53.000000
 30
2.500000
 50
270.000000
  0
POINT
  8
4
 10
110.900000
 20
51.200000
 30
2.500000
 50
270.000000
  0
POINT
  8
4
 10
195.500000
 20
-25.900000
 30
2.500000
 50
180.000000
  0
LINE
  8
5
 10
121.100000
 20
0.000000
 11
-6.600000
 21
0.000000
  0
LINE
  8
7
 10
121.100000
 20
0.000000
 11
-6.600000
 21
0.000000
  0
TEXT
  8
15
 10
175.200000
 20
8.900001
 40
10.000000
 50
270.000000
  1
HIGH
  0
TEXT
  8
1
 10
3.300000
 20
109.400000
 40
10.000000
 50
0.000000
  1
Piece Name: BK BTTM 2P_5
  0
TEXT
  8
1
 10
3.300000
 20
120.400000
 40
10.000000
 50
0.000000
  1
Size: 42
  0
TEXT
  8
1
 10
3.300000
 20
131.400000
 40
10.000000
 50
0.000000
  1
Annotation: BK BTTM 2P
  0
TEXT
  8
1
 10
3.300000
 20
142.400000
 40
10.000000
 50
0.000000
  1
Quantity: 1
  0
TEXT
  8
1
 10
3.300000
 20
153.400000
 40
10.000000
 50
0.000000
  1
Material: LEATHER
  0
ENDBLK
  0
BLOCK
  8
1
  2
SHOULDER FRNT 2P
 70
     0
 10
0.00
 20
0.00
  0
POLYLINE
  8
84
 66
     1
 70
     1
  0
VERTEX
  8
84
 10
-52.000000
 20
73.100000
  0
VERTEX
  8
84
 10
-20.800000
 20
80.600000
  0
VERTEX
  8
84
 10
0.200000
 20
87.400000
  0
VERTEX
  8
84
 10
19.100000
 20
94.800000
  0
VERTEX
  8
84
 10
34.100000
 20
101.100000
  0
VERTEX
  8
84
 10
44.900000
 20
105.700000
  0
VERTEX
  8
84
 10
52.900000
 20
109.000000
  0
VERTEX
  8
84
 10
65.800000
 20
80.100000
  0
VERTEX
  8
84
 10
78.400000
 20
53.300000
  0
VERTEX
  8
84
 10
88.700000
 20
31.000000
  0
VERTEX
  8
84
 10
96.100000
 20
14.200000
  0
VERTEX
  8
84
 10
101.500000
 20
1.400000
  0
VERTEX
  8
84
 10
114.800000
 20
-28.200000
  0
VERTEX
  8
84
 10
107.100000
 20
-35.000000
  0
VERTEX
  8
84
 10
93.600000
 20
-38.300000
  0
VERTEX
  8
84
 10
81.400000
 20
-41.900000
  0
VERTEX
  8
84
 10
70.800000
 20
-45.600000
  0
VERTEX
  8
84
 10
61.900000
 20
-50.100000
  0
VERTEX
  8
84
 10
53.900000
 20
-55.600000
  0
VERTEX
  8
84
 10
46.000000
 20
-61.500000
  0
VERTEX
  8
84
 10
-15.500000
 20
20.900000
  0
VERTEX
  8
84
 10
-27.300000
 20
37.400000
  0
VERTEX
  8
84
 10
-52.000000
 20
73.100000
  0
SEQEND
  0
POLYLINE
  8
1
 66
     1
 70
     1
  0
VERTEX
  8
1
 10
-52.000000
 20
73.100000
  0
VERTEX
  8
1
 10
-20.800000
 20
80.600000
  0
VERTEX
  8
1
 10
0.200000
 20
87.400000
  0
VERTEX
  8
1
 10
19.100000
 20
94.800000
  0
VERTEX
  8
1
 10
34.100000
 20
101.100000
  0
VERTEX
  8
1
 10
44.900000
 20
105.700000
  0
VERTEX
  8
1
 10
52.900000
 20
109.000000
  0
VERTEX
  8
1
 10
65.800000
 20
80.100000
  0
VERTEX
  8
1
 10
78.400000
 20
53.300000
  0
VERTEX
  8
1
 10
88.700000
 20
31.000000
  0
VERTEX
  8
1
 10
96.100000
 20
14.200000
  0
VERTEX
  8
1
 10
101.500000
 20
1.400000
  0
VERTEX
  8
1
 10
114.800000
 20
-28.200000
  0
VERTEX
  8
1
 10
107.100000
 20
-35.000000
  0
VERTEX
  8
1
 10
93.600000
 20
-38.300000
  0
VERTEX
  8
1
 10
81.400000
 20
-41.900000
  0
VERTEX
  8
1
 10
70.800000
 20
-45.600000
  0
VERTEX
  8
1
 10
61.900000
 20
-50.100000
  0
VERTEX
  8
1
 10
53.900000
 20
-55.600000
  0
VERTEX
  8
1
 10
46.000000
 20
-61.500000
  0
VERTEX
  8
1
 10
-15.500000
 20
20.900000
  0
VERTEX
  8
1
 10
-27.300000
 20
37.400000
  0
VERTEX
  8
1
 10
-52.000000
 20
73.100000
  0
SEQEND
  0
POLYLINE
  8
87
 66
     1
  0
VERTEX
  8
87
 10
-35.500000
 20
66.700000
  0
VERTEX
  8
87
 10
-18.100000
 20
71.000000
  0
VERTEX
  8
87
 10
3.500000
 20
78.000000
  0
VERTEX
  8
87
 10
22.800000
 20
85.500000
  0
VERTEX
  8
87
 10
38.000000
 20
91.900000
  0
VERTEX
  8
87
 10
47.800000
 20
96.200000
  0
VERTEX
  8
87
 10
56.800000
 20
76.000000
  0
VERTEX
  8
87
 10
69.400000
 20
49.100000
  0
VERTEX
  8
87
 10
79.600000
 20
26.900000
  0
VERTEX
  8
87
 10
86.900000
 20
10.300000
  0
VERTEX
  8
87
 10
92.200000
 20
-2.200000
  0
VERTEX
  8
87
 10
102.700000
 20
-25.600000
  0
VERTEX
  8
87
 10
91.000000
 20
-28.700000
  0
VERTEX
  8
87
 10
78.400000
 20
-32.400000
  0
VERTEX
  8
87
 10
66.900000
 20
-36.400000
  0
VERTEX
  8
87
 10
56.900000
 20
-41.500000
  0
VERTEX
  8
87
 10
48.200000
 20
-47.500000
  0
VERTEX
  8
87
 10
-7.400000
 20
26.700000
  0
VERTEX
  8
87
 10
-19.100000
 20
43.100000
  0
VERTEX
  8
87
 10
-35.500000
 20
66.700000
  0
SEQEND
  0
POLYLINE
  8
14
 66
     1
  0
VERTEX
  8
14
 10
-35.500000
 20
66.700000
  0
VERTEX
  8
14
 10
-18.100000
 20
71.000000
  0
VERTEX
  8
14
 10
3.500000
 20
78.000000
  0
VERTEX
  8
14
 10
22.800000
 20
85.500000
  0
VERTEX
  8
14
 10
38.000000
 20
91.900000
  0
VERTEX
  8
14
 10
47.800000
 20
96.200000
  0
VERTEX
  8
14
 10
56.800000
 20
76.000000
  0
VERTEX
  8
14
 10
69.400000
 20
49.100000
  0
VERTEX
  8
14
 10
79.600000
 20
26.900000
  0
VERTEX
  8
14
 10
86.900000
 20
10.300000
  0
VERTEX
  8
14
 10
92.200000
 20
-2.200000
  0
VERTEX
  8
14
 10
102.700000
 20
-25.600000
  0
VERTEX
  8
14
 10
91.000000
 20
-28.700000
  0
VERTEX
  8
14
 10
78.400000
 20
-32.400000
  0
VERTEX
  8
14
 10
66.900000
 20
-36.400000
  0
VERTEX
  8
14
 10
56.900000
 20
-41.500000
  0
VERTEX
  8
14
 10
48.200000
 20
-47.500000
  0
VERTEX
  8
14
 10
-7.400000
 20
26.700000
  0
VERTEX
  8
14
 10
-19.100000
 20
43.100000
  0
VERTEX
  8
14
 10
-35.500000
 20
66.700000
  0
SEQEND
  0
POINT
  8
2
 10
-52.000000
 20
73.100000
  0
POINT
  8
3
 10
-20.800000
 20
80.600000
  0
POINT
  8
3
 10
0.200000
 20
87.400000
  0
POINT
  8
3
 10
19.100000
 20
94.800000
  0
POINT
  8
3
 10
34.100000
 20
101.100000
  0
POINT
  8
3
 10
44.900000
 20
105.700000
  0
POINT
  8
2
 10
52.900000
 20
109.000000
  0
POINT
  8
2
 10
65.800000
 20
80.100000
  0
POINT
  8
3
 10
78.400000
 20
53.300000
  0
POINT
  8
3
 10
88.700000
 20
31.000000
  0
POINT
  8
3
 10
96.100000
 20
14.200000
  0
POINT
  8
2
 10
101.500000
 20
1.400000
  0
POINT
  8
2
 10
114.800000
 20
-28.200000
  0
POINT
  8
2
 10
107.100000
 20
-35.000000
  0
POINT
  8
3
 10
93.600000
 20
-38.300000
  0
POINT
  8
3
 10
81.400000
 20
-41.900000
  0
POINT
  8
3
 10
70.800000
 20
-45.600000
  0
POINT
  8
3
 10
61.900000
 20
-50.100000
  0
POINT
  8
3
 10
53.900000
 20
-55.600000
  0
POINT
  8
2
 10
46.000000
 20
-61.500000
  0
POINT
  8
2
 10
-15.500000
 20
20.900000
  0
POINT
  8
2
 10
-27.300000
 20
37.400000
  0
POINT
  8
2
 10
-52.000000
 20
73.100000
  0
POINT
  8
2
 10
65.800000
 20
80.100000
 39
2.500000
 50
204.444000
  0
POINT
  8
2
 10
101.500000
 20
1.400000
 39
2.500000
 50
201.370600
  0
POINT
  8
2
 10
-15.500000
 20
20.900000
 39
2.500000
 50
34.992020
  0
POINT
  8
2
 10
-27.300000
 20
37.400000
 39
2.500000
 50
34.992020
  0
POINT
  8
2
 10
-35.500000
 20
66.700000
  0
POINT
  8
3
 10
-18.100000
 20
71.000000
  0
POINT
  8
3
 10
3.500000
 20
78.000000
  0
POINT
  8
3
 10
22.800000
 20
85.500000
  0
POINT
  8
3
 10
38.000000
 20
91.900000
  0
POINT
  8
2
 10
47.800000
 20
96.200000
  0
POINT
  8
2
 10
56.800000
 20
76.000000
  0
POINT
  8
3
 10
69.400000
 20
49.100000
  0
POINT
  8
3
 10
79.600000
 20
26.900000
  0
POINT
  8
3
 10
86.900000
 20
10.300000
  0
POINT
  8
2
 10
92.200000
 20
-2.200000
  0
POINT
  8
2
 10
102.700000
 20
-25.600000
  0
POINT
  8
3
 10
91.000000
 20
-28.700000
  0
POINT
  8
3
 10
78.400000
 20
-32.400000
  0
POINT
  8
3
 10
66.900000
 20
-36.400000
  0
POINT
  8
3
 10
56.900000
 20
-41.500000
  0
POINT
  8
2
 10
48.200000
 20
-47.500000
  0
POINT
  8
2
 10
-7.400000
 20
26.700000
  0
POINT
  8
2
 10
-19.100000
 20
43.100000
  0
POINT
  8
2
 10
-35.500000
 20
66.700000
  0
POINT
  8
4
 10
65.800000
 20
80.100000
 30
2.500000
 50
204.444000
  0
POINT
  8
4
 10
101.500000
 20
1.400000
 30
2.500000
 50
201.370600
  0
POINT
  8
4
 10
-15.500000
 20
20.900000
 30
2.500000
 50
34.992020
  0
POINT
  8
4
 10
-27.300000
 20
37.400000
 30
2.500000
 50
34.992020
  0
LINE
  8
5
 10
79.800000
 20
0.000000
 11
34.900000
 21
0.000000
  0
LINE
  8
7
 10
79.800000
 20
0.000000
 11
34.900000
 21
0.000000
  0
TEXT
  8
15
 10
81.900000
 20
-28.800000
 40
9.981233
 50
202.067900
  1
NECK
  0
TEXT
  8
1
 10
3.300000
 20
109.400000
 40
10.000000
 50
0.000000
  1
Piece Name: SHOULDER FRNT 2P
  0
TEXT
  8
1
 10
3.300000
 20
120.400000
 40
10.000000
 50
0.000000
  1
Size: 42
  0
TEXT
  8
1
 10
3.300000
 20
131.400000
 40
10.000000
 50
0.000000
  1
Annotation: SHOULDER FRNT 2P
  0
TEXT
  8
1
 10
3.300000
 20
142.400000
 40
10.000000
 50
0.000000
  1
Quantity: 1
  0
TEXT
  8
1
 10
3.300000
 20
153.400000
 40
10.000000
 50
0.000000
  1
Material: LEATHER
  0
ENDBLK
  0
BLOCK
  8
1
  2
FRONT RIGHT 1P
 70
     0
 10
0.00
 20
0.00
  0
POLYLINE
  8
84
 66
     1
 70
     1
  0
VERTEX
  8
84
 10
-135.400000
 20
132.000000
  0
VERTEX
  8
84
 10
-91.400000
 20
130.800000
  0
VERTEX
  8
84
 10
-63.300000
 20
131.400000
  0
VERTEX
  8
84
 10
-42.600000
 20
132.500000
  0
VERTEX
  8
84
 10
-26.000000
 20
133.900000
  0
VERTEX
  8
84
 10
-16.200000
 20
135.200000
  0
VERTEX
  8
84
 10
13.100000
 20
139.400000
  0
VERTEX
  8
84
 10
33.900000
 20
142.600000
  0
VERTEX
  8
84
 10
50.700000
 20
144.800000
  0
VERTEX
  8
84
 10
63.400000
 20
146.000000
  0
VERTEX
  8
84
 10
62.900000
 20
138.500000
  0
VERTEX
  8
84
 10
62.300000
 20
130.300000
  0
VERTEX
  8
84
 10
62.600000
 20
121.800000
  0
VERTEX
  8
84
 10
63.800000
 20
114.300000
  0
VERTEX
  8
84
 10
65.700000
 20
108.100000
  0
VERTEX
  8
84
 10
67.800000
 20
102.500000
  0
VERTEX
  8
84
 10
70.000000
 20
97.400000
  0
VERTEX
  8
84
 10
73.100000
 20
92.200000
  0
VERTEX
  8
84
 10
77.500000
 20
87.500000
  0
VERTEX
  8
84
 10
83.400000
 20
82.600000
  0
VERTEX
  8
84
 10
90.300000
 20
77.900000
  0
VERTEX
  8
84
 10
96.900000
 20
74.600000
  0
VERTEX
  8
84
 10
102.900000
 20
73.000000
  0
VERTEX
  8
84
 10
108.400000
 20
72.400000
  0
VERTEX
  8
84
 10
115.200000
 20
71.600000
  0
VERTEX
  8
84
 10
122.600000
 20
71.000000
  0
VERTEX
  8
84
 10
130.300000
 20
71.000000
  0
VERTEX
  8
84
 10
149.500000
 20
72.600000
  0
VERTEX
  8
84
 10
168.900000
 20
75.600000
  0
VERTEX
  8
84
 10
179.800000
 20
77.300000
  0
VERTEX
  8
84
 10
199.600000
 20
48.800000
  0
VERTEX
  8
84
 10
211.200000
 20
32.600000
  0
VERTEX
  8
84
 10
271.500000
 20
-48.200000
  0
VERTEX
  8
84
 10
264.600000
 20
-55.600000
  0
VERTEX
  8
84
 10
256.900000
 20
-63.700000
  0
VERTEX
  8
84
 10
249.600000
 20
-73.800000
  0
VERTEX
  8
84
 10
243.800000
 20
-84.700000
  0
VERTEX
  8
84
 10
239.500000
 20
-95.900000
  0
VERTEX
  8
84
 10
237.200000
 20
-106.200000
  0
VERTEX
  8
84
 10
236.500000
 20
-114.800000
  0
VERTEX
  8
84
 10
236.400000
 20
-122.000000
  0
VERTEX
  8
84
 10
238.000000
 20
-133.000000
  0
VERTEX
  8
84
 10
193.600000
 20
-136.500000
  0
VERTEX
  8
84
 10
147.300000
 20
-139.800000
  0
VERTEX
  8
84
 10
95.200000
 20
-142.900000
  0
VERTEX
  8
84
 10
32.500000
 20
-144.700000
  0
VERTEX
  8
84
 10
-42.800000
 20
-145.200000
  0
VERTEX
  8
84
 10
-127.300000
 20
-144.900000
  0
VERTEX
  8
84
 10
-139.400000
 20
-144.900000
  0
VERTEX
  8
84
 10
-139.300000
 20
-134.900000
  0
VERTEX
  8
84
 10
-137.200000
 20
13.500000
  0
VERTEX
  8
84
 10
-136.800000
 20
39.500000
  0
VERTEX
  8
84
 10
-135.400000
 20
132.000000
  0
SEQEND
  0
POLYLINE
  8
1
 66
     1
 70
     1
  0
VERTEX
  8
1
 10
-135.400000
 20
132.000000
  0
VERTEX
  8
1
 10
-91.400000
 20
130.800000
  0
VERTEX
  8
1
 10
-63.300000
 20
131.400000
  0
VERTEX
  8
1
 10
-42.600000
 20
132.500000
  0
VERTEX
  8
1
 10
-26.000000
 20
133.900000
  0
VERTEX
  8
1
 10
-16.200000
 20
135.200000
  0
VERTEX
  8
1
 10
13.100000
 20
139.400000
  0
VERTEX
  8
1
 10
33.900000
 20
142.600000
  0
VERTEX
  8
1
 10
50.700000
 20
144.800000
  0
VERTEX
  8
1
 10
63.400000
 20
146.000000
  0
VERTEX
  8
1
 10
62.900000
 20
138.500000
  0
VERTEX
  8
1
 10
62.300000
 20
130.300000
  0
VERTEX
  8
1
 10
62.600000
 20
121.800000
  0
VERTEX
  8
1
 10
63.800000
 20
114.300000
  0
VERTEX
  8
1
 10
65.700000
 20
108.100000
  0
VERTEX
  8
1
 10
67.800000
 20
102.500000
  0
VERTEX
  8
1
 10
70.000000
 20
97.400000
  0
VERTEX
  8
1
 10
73.100000
 20
92.200000
  0
VERTEX
  8
1
 10
77.500000
 20
87.500000
  0
VERTEX
  8
1
 10
83.400000
 20
82.600000
  0
VERTEX
  8
1
 10
90.300000
 20
77.900000
  0
VERTEX
  8
1
 10
96.900000
 20
74.600000
  0
VERTEX
  8
1
 10
102.900000
 20
73.000000
  0
VERTEX
  8
1
 10
108.400000
 20
72.400000
  0
VERTEX
  8
1
 10
115.200000
 20
71.600000
  0
VERTEX
  8
1
 10
122.600000
 20
71.000000
  0
VERTEX
  8
1
 10
130.300000
 20
71.000000
  0
VERTEX
  8
1
 10
149.500000
 20
72.600000
  0
VERTEX
  8
1
 10
168.900000
 20
75.600000
  0
VERTEX
  8
1
 10
179.800000
 20
77.300000
  0
VERTEX
  8
1
 10
199.600000
 20
48.800000
  0
VERTEX
  8
1
 10
211.200000
 20
32.600000
  0
VERTEX
  8
1
 10
271.500000
 20
-48.200000
  0
VERTEX
  8
1
 10
264.600000
 20
-55.600000
  0
VERTEX
  8
1
 10
256.900000
 20
-63.700000
  0
VERTEX
  8
1
 10
249.600000
 20
-73.800000
  0
VERTEX
  8
1
 10
243.800000
 20
-84.700000
  0
VERTEX
  8
1
 10
239.500000
 20
-95.900000
  0
VERTEX
  8
1
 10
237.200000
 20
-106.200000
  0
VERTEX
  8
1
 10
236.500000
 20
-114.800000
  0
VERTEX
  8
1
 10
236.400000
 20
-122.000000
  0
VERTEX
  8
1
 10
238.000000
 20
-133.000000
  0
VERTEX
  8
1
 10
193.600000
 20
-136.500000
  0
VERTEX
  8
1
 10
147.300000
 20
-139.800000
  0
VERTEX
  8
1
 10
95.200000
 20
-142.900000
  0
VERTEX
  8
1
 10
32.500000
 20
-144.700000
  0
VERTEX
  8
1
 10
-42.800000
 20
-145.200000
  0
VERTEX
  8
1
 10
-127.300000
 20
-144.900000
  0
VERTEX
  8
1
 10
-139.400000
 20
-144.900000
  0
VERTEX
  8
1
 10
-139.300000
 20
-134.900000
  0
VERTEX
  8
1
 10
-137.200000
 20
13.500000
  0
VERTEX
  8
1
 10
-136.800000
 20
39.500000
  0
VERTEX
  8
1
 10
-135.400000
 20
132.000000
  0
SEQEND
  0
POLYLINE
  8
85
 66
     1
  0
VERTEX
  8
85
 10
211.700000
 20
-103.600000
  0
VERTEX
  8
85
 10
128.900000
 20
-109.800000
  0
VERTEX
  8
85
 10
49.500000
 20
-113.500000
  0
VERTEX
  8
85
 10
-56.600000
 20
-115.300000
  0
VERTEX
  8
85
 10
-128.900000
 20
-114.500000
  0
SEQEND
  0
POLYLINE
  8
8
 66
     1
  0
VERTEX
  8
8
 10
211.700000
 20
-103.600000
  0
VERTEX
  8
8
 10
128.900000
 20
-109.800000
  0
VERTEX
  8
8
 10
49.500000
 20
-113.500000
  0
VERTEX
  8
8
 10
-56.600000
 20
-115.300000
  0
VERTEX
  8
8
 10
-128.900000
 20
-114.500000
  0
SEQEND
  0
POLYLINE
  8
85
 66
     1
  0
VERTEX
  8
85
 10
37.200000
 20
-31.900000
  0
VERTEX
  8
85
 10
-96.200000
 20
-17.700000
  0
VERTEX
  8
85
 10
-126.800000
 20
-19.000000
  0
SEQEND
  0
POLYLINE
  8
8
 66
     1
  0
VERTEX
  8
8
 10
37.200000
 20
-31.900000
  0
VERTEX
  8
8
 10
-96.200000
 20
-17.700000
  0
VERTEX
  8
8
 10
-126.800000
 20
-19.000000
  0
SEQEND
  0
POLYLINE
  8
85
 66
     1
  0
VERTEX
  8
85
 10
-127.200000
 20
-33.700000
  0
VERTEX
  8
85
 10
-97.400000
 20
-36.700000
  0
VERTEX
  8
85
 10
37.200000
 20
-31.900000
  0
SEQEND
  0
POLYLINE
  8
8
 66
     1
  0
VERTEX
  8
8
 10
-127.200000
 20
-33.700000
  0
VERTEX
  8
8
 10
-97.400000
 20
-36.700000
  0
VERTEX
  8
8
 10
37.200000
 20
-31.900000
  0
SEQEND
  0
POLYLINE
  8
85
 66
     1
  0
VERTEX
  8
85
 10
122.500000
 20
31.300000
  0
VERTEX
  8
85
 10
-14.500000
 20
31.100000
  0
VERTEX
  8
85
 10
-16.200000
 20
-92.100000
  0
VERTEX
  8
85
 10
122.600000
 20
-91.100000
  0
VERTEX
  8
85
 10
122.500000
 20
31.300000
  0
SEQEND
  0
POLYLINE
  8
8
 66
     1
  0
VERTEX
  8
8
 10
122.500000
 20
31.300000
  0
VERTEX
  8
8
 10
-14.500000
 20
31.100000
  0
VERTEX
  8
8
 10
-16.200000
 20
-92.100000
  0
VERTEX
  8
8
 10
122.600000
 20
-91.100000
  0
VERTEX
  8
8
 10
122.500000
 20
31.300000
  0
SEQEND
  0
POLYLINE
  8
85
 66
     1
  0
VERTEX
  8
85
 10
140.200000
 20
32.500000
  0
VERTEX
  8
85
 10
81.200000
 20
32.500000
  0
VERTEX
  8
85
 10
81.200000
 20
-92.500000
  0
VERTEX
  8
85
 10
140.200000
 20
-92.500000
  0
VERTEX
  8
85
 10
140.200000
 20
32.500000
  0
SEQEND
  0
POLYLINE
  8
8
 66
     1
  0
VERTEX
  8
8
 10
140.200000
 20
32.500000
  0
VERTEX
  8
8
 10
81.200000
 20
32.500000
  0
VERTEX
  8
8
 10
81.200000
 20
-92.500000
  0
VERTEX
  8
8
 10
140.200000
 20
-92.500000
  0
VERTEX
  8
8
 10
140.200000
 20
32.500000
  0
SEQEND
  0
POLYLINE
  8
85
 66
     1
  0
VERTEX
  8
85
 10
-119.900000
 20
84.600000
  0
VERTEX
  8
85
 10
-123.600000
 20
-89.600000
  0
SEQEND
  0
POLYLINE
  8
8
 66
     1
  0
VERTEX
  8
8
 10
-119.900000
 20
84.600000
  0
VERTEX
  8
8
 10
-123.600000
 20
-89.600000
  0
SEQEND
  0
POLYLINE
  8
87
 66
     1
  0
VERTEX
  8
87
 10
-125.700000
 20
121.800000
  0
VERTEX
  8
87
 10
-91.400000
 20
120.900000
  0
VERTEX
  8
87
 10
-62.900000
 20
121.500000
  0
VERTEX
  8
87
 10
-41.900000
 20
122.600000
  0
VERTEX
  8
87
 10
-24.900000
 20
124.000000
  0
VERTEX
  8
87
 10
-14.800000
 20
125.300000
  0
VERTEX
  8
87
 10
14.600000
 20
129.600000
  0
VERTEX
  8
87
 10
35.300000
 20
132.700000
  0
VERTEX
  8
87
 10
51.800000
 20
134.900000
  0
VERTEX
  8
87
 10
52.400000
 20
130.500000
  0
VERTEX
  8
87
 10
52.800000
 20
120.900000
  0
VERTEX
  8
87
 10
54.200000
 20
112.100000
  0
VERTEX
  8
87
 10
56.300000
 20
104.900000
  0
VERTEX
  8
87
 10
58.600000
 20
98.800000
  0
VERTEX
  8
87
 10
61.200000
 20
92.900000
  0
VERTEX
  8
87
 10
65.200000
 20
86.200000
  0
VERTEX
  8
87
 10
70.700000
 20
80.300000
  0
VERTEX
  8
87
 10
77.400000
 20
74.700000
  0
VERTEX
  8
87
 10
85.300000
 20
69.300000
  0
VERTEX
  8
87
 10
93.400000
 20
65.300000
  0
VERTEX
  8
87
 10
101.100000
 20
63.200000
  0
VERTEX
  8
87
 10
107.600000
 20
62.500000
  0
VERTEX
  8
87
 10
114.200000
 20
61.700000
  0
VERTEX
  8
87
 10
122.200000
 20
61.000000
  0
VERTEX
  8
87
 10
130.700000
 20
61.000000
  0
VERTEX
  8
87
 10
150.600000
 20
62.700000
  0
VERTEX
  8
87
 10
170.400000
 20
65.800000
  0
VERTEX
  8
87
 10
175.100000
 20
66.500000
  0
VERTEX
  8
87
 10
191.400000
 20
43.000000
  0
VERTEX
  8
87
 10
203.100000
 20
26.700000
  0
VERTEX
  8
87
 10
258.500000
 20
-47.400000
  0
VERTEX
  8
87
 10
257.300000
 20
-48.800000
  0
VERTEX
  8
87
 10
249.200000
 20
-57.400000
  0
VERTEX
  8
87
 10
241.100000
 20
-68.600000
  0
VERTEX
  8
87
 10
234.700000
 20
-80.600000
  0
VERTEX
  8
87
 10
230.000000
 20
-93.100000
  0
VERTEX
  8
87
 10
227.400000
 20
-104.700000
  0
VERTEX
  8
87
 10
226.600000
 20
-114.300000
  0
VERTEX
  8
87
 10
226.600000
 20
-122.300000
  0
VERTEX
  8
87
 10
226.600000
 20
-123.900000
  0
VERTEX
  8
87
 10
192.900000
 20
-126.600000
  0
VERTEX
  8
87
 10
146.700000
 20
-129.900000
  0
VERTEX
  8
87
 10
94.800000
 20
-133.000000
  0
VERTEX
  8
87
 10
32.400000
 20
-134.800000
  0
VERTEX
  8
87
 10
-42.800000
 20
-135.300000
  0
VERTEX
  8
87
 10
-127.300000
 20
-134.900000
  0
VERTEX
  8
87
 10
-129.400000
 20
-134.900000
  0
VERTEX
  8
87
 10
-127.300000
 20
13.400000
  0
VERTEX
  8
87
 10
-126.900000
 20
39.400000
  0
VERTEX
  8
87
 10
-125.700000
 20
121.800000
  0
SEQEND
  0
POLYLINE
  8
14
 66
     1
  0
VERTEX
  8
14
 10
-125.700000
 20
121.800000
  0
VERTEX
  8
14
 10
-91.400000
 20
120.900000
  0
VERTEX
  8
14
 10
-62.900000
 20
121.500000
  0
VERTEX
  8
14
 10
-41.900000
 20
122.600000
  0
VERTEX
  8
14
 10
-24.900000
 20
124.000000
  0
VERTEX
  8
14
 10
-14.800000
 20
125.300000
  0
VERTEX
  8
14
 10
14.600000
 20
129.600000
  0
VERTEX
  8
14
 10
35.300000
 20
132.700000
  0
VERTEX
  8
14
 10
51.800000
 20
134.900000
  0
VERTEX
  8
14
 10
52.400000
 20
130.500000
  0
VERTEX
  8
14
 10
52.800000
 20
120.900000
  0
VERTEX
  8
14
 10
54.200000
 20
112.100000
  0
VERTEX
  8
14
 10
56.300000
 20
104.900000
  0
VERTEX
  8
14
 10
58.600000
 20
98.800000
  0
VERTEX
  8
14
 10
61.200000
 20
92.900000
  0
VERTEX
  8
14
 10
65.200000
 20
86.200000
  0
VERTEX
  8
14
 10
70.700000
 20
80.300000
  0
VERTEX
  8
14
 10
77.400000
 20
74.700000
  0
VERTEX
  8
14
 10
85.300000
 20
69.300000
  0
VERTEX
  8
14
 10
93.400000
 20
65.300000
  0
VERTEX
  8
14
 10
101.100000
 20
63.200000
  0
VERTEX
  8
14
 10
107.600000
 20
62.500000
  0
VERTEX
  8
14
 10
114.200000
 20
61.700000
  0
VERTEX
  8
14
 10
122.200000
 20
61.000000
  0
VERTEX
  8
14
 10
130.700000
 20
61.000000
  0
VERTEX
  8
14
 10
150.600000
 20
62.700000
  0
VERTEX
  8
14
 10
170.400000
 20
65.800000
  0
VERTEX
  8
14
 10
175.100000
 20
66.500000
  0
VERTEX
  8
14
 10
191.400000
 20
43.000000
  0
VERTEX
  8
14
 10
203.100000
 20
26.700000
  0
VERTEX
  8
14
 10
258.500000
 20
-47.400000
  0
VERTEX
  8
14
 10
257.300000
 20
-48.800000
  0
VERTEX
  8
14
 10
249.200000
 20
-57.400000
  0
VERTEX
  8
14
 10
241.100000
 20
-68.600000
  0
VERTEX
  8
14
 10
234.700000
 20
-80.600000
  0
VERTEX
  8
14
 10
230.000000
 20
-93.100000
  0
VERTEX
  8
14
 10
227.400000
 20
-104.700000
  0
VERTEX
  8
14
 10
226.600000
 20
-114.300000
  0
VERTEX
  8
14
 10
226.600000
 20
-122.300000
  0
VERTEX
  8
14
 10
226.600000
 20
-123.900000
  0
VERTEX
  8
14
 10
192.900000
 20
-126.600000
  0
VERTEX
  8
14
 10
146.700000
 20
-129.900000
  0
VERTEX
  8
14
 10
94.800000
 20
-133.000000
  0
VERTEX
  8
14
 10
32.400000
 20
-134.800000
  0
VERTEX
  8
14
 10
-42.800000
 20
-135.300000
  0
VERTEX
  8
14
 10
-127.300000
 20
-134.900000
  0
VERTEX
  8
14
 10
-129.400000
 20
-134.900000
  0
VERTEX
  8
14
 10
-127.300000
 20
13.400000
  0
VERTEX
  8
14
 10
-126.900000
 20
39.400000
  0
VERTEX
  8
14
 10
-125.700000
 20
121.800000
  0
SEQEND
  0
POINT
  8
2
 10
-135.400000
 20
132.000000
  0
POINT
  8
3
 10
-91.400000
 20
130.800000
  0
POINT
  8
3
 10
-63.300000
 20
131.400000
  0
POINT
  8
3
 10
-42.600000
 20
132.500000
  0
POINT
  8
3
 10
-26.000000
 20
133.900000
  0
POINT
  8
2
 10
-16.200000
 20
135.200000
  0
POINT
  8
3
 10
13.100000
 20
139.400000
  0
POINT
  8
3
 10
33.900000
 20
142.600000
  0
POINT
  8
3
 10
50.700000
 20
144.800000
  0
POINT
  8
2
 10
63.400000
 20
146.000000
  0
POINT
  8
3
 10
62.900000
 20
138.500000
  0
POINT
  8
3
 10
62.300000
 20
130.300000
  0
POINT
  8
3
 10
62.600000
 20
121.800000
  0
POINT
  8
3
 10
63.800000
 20
114.300000
  0
POINT
  8
3
 10
65.700000
 20
108.100000
  0
POINT
  8
3
 10
67.800000
 20
102.500000
  0
POINT
  8
2
 10
70.000000
 20
97.400000
  0
POINT
  8
3
 10
73.100000
 20
92.200000
  0
POINT
  8
3
 10
77.500000
 20
87.500000
  0
POINT
  8
3
 10
83.400000
 20
82.600000
  0
POINT
  8
3
 10
90.300000
 20
77.900000
  0
POINT
  8
3
 10
96.900000
 20
74.600000
  0
POINT
  8
3
 10
102.900000
 20
73.000000
  0
POINT
  8
2
 10
108.400000
 20
72.400000
  0
POINT
  8
3
 10
115.200000
 20
71.600000
  0
POINT
  8
3
 10
122.600000
 20
71.000000
  0
POINT
  8
2
 10
130.300000
 20
71.000000
  0
POINT
  8
3
 10
149.500000
 20
72.600000
  0
POINT
  8
3
 10
168.900000
 20
75.600000
  0
POINT
  8
2
 10
179.800000
 20
77.300000
  0
POINT
  8
2
 10
199.600000
 20
48.800000
  0
POINT
  8
2
 10
211.200000
 20
32.600000
  0
POINT
  8
2
 10
271.500000
 20
-48.200000
  0
POINT
  8
3
 10
264.600000
 20
-55.600000
  0
POINT
  8
3
 10
256.900000
 20
-63.700000
  0
POINT
  8
3
 10
249.600000
 20
-73.800000
  0
POINT
  8
3
 10
243.800000
 20
-84.700000
  0
POINT
  8
3
 10
239.500000
 20
-95.900000
  0
POINT
  8
3
 10
237.200000
 20
-106.200000
  0
POINT
  8
3
 10
236.500000
 20
-114.800000
  0
POINT
  8
2
 10
236.400000
 20
-122.000000
  0
POINT
  8
2
 10
238.000000
 20
-133.000000
  0
POINT
  8
3
 10
193.600000
 20
-136.500000
  0
POINT
  8
3
 10
147.300000
 20
-139.800000
  0
POINT
  8
3
 10
95.200000
 20
-142.900000
  0
POINT
  8
3
 10
32.500000
 20
-144.700000
  0
POINT
  8
3
 10
-42.800000
 20
-145.200000
  0
POINT
  8
3
 10
-127.300000
 20
-144.900000
  0
POINT
  8
2
 10
-139.400000
 20
-144.900000
  0
POINT
  8
2
 10
-139.300000
 20
-134.900000
  0
POINT
  8
2
 10
-137.200000
 20
13.500000
  0
POINT
  8
2
 10
-136.800000
 20
39.500000
  0
POINT
  8
2
 10
-135.400000
 20
132.000000
  0
POINT
  8
2
 10
211.700000
 20
-103.600000
  0
POINT
  8
3
 10
128.900000
 20
-109.800000
  0
POINT
  8
3
 10
49.500000
 20
-113.500000
  0
POINT
  8
3
 10
-56.600000
 20
-115.300000
  0
POINT
  8
2
 10
-128.900000
 20
-114.500000
  0
POINT
  8
2
 10
37.200000
 20
-31.900000
  0
POINT
  8
2
 10
-96.200000
 20
-17.700000
  0
POINT
  8
2
 10
-126.800000
 20
-19.000000
  0
POINT
  8
2
 10
-127.200000
 20
-33.700000
  0
POINT
  8
2
 10
-97.400000
 20
-36.700000
  0
POINT
  8
2
 10
37.200000
 20
-31.900000
  0
POINT
  8
2
 10
122.500000
 20
31.300000
  0
POINT
  8
2
 10
-14.500000
 20
31.100000
  0
POINT
  8
2
 10
-16.200000
 20
-92.100000
  0
POINT
  8
2
 10
122.600000
 20
-91.100000
  0
POINT
  8
2
 10
122.500000
 20
31.300000
  0
POINT
  8
2
 10
140.200000
 20
32.500000
  0
POINT
  8
2
 10
81.200000
 20
32.500000
  0
POINT
  8
2
 10
81.200000
 20
-92.500000
  0
POINT
  8
2
 10
140.200000
 20
-92.500000
  0
POINT
  8
2
 10
140.200000
 20
32.500000
  0
POINT
  8
2
 10
-119.900000
 20
84.600000
  0
POINT
  8
2
 10
-123.600000
 20
-89.600000
  0
POINT
  8
2
 10
-16.200000
 20
135.200000
 39
2.500000
 50
277.125000
  0
POINT
  8
2
 10
70.000000
 20
97.400000
 39
2.500000
 50
206.565000
  0
POINT
  8
2
 10
108.400000
 20
72.400000
 39
2.500000
 50
265.236400
  0
POINT
  8
2
 10
130.300000
 20
71.000000
 39
2.500000
 50
272.290600
  0
POINT
  8
2
 10
199.600000
 20
48.800000
 39
2.500000
 50
214.992000
  0
POINT
  8
2
 10
211.200000
 20
32.600000
 39
2.500000
 50
214.992000
  0
POINT
  8
2
 10
236.400000
 20
-122.000000
 39
2.500000
 50
182.385900
  0
POINT
  8
2
 10
-139.300000
 20
-134.900000
 39
2.500000
  0
POINT
  8
2
 10
-137.200000
 20
13.500000
 39
2.500000
  0
POINT
  8
2
 10
-136.800000
 20
39.500000
 39
2.500000
  0
POINT
  8
2
 10
140.200000
 20
32.500000
  0
TEXT
  8
2
 10
140.200000
 20
32.500000
 40
0.250000
 50
0.000000
  1
#1
  0
POINT
  8
2
 10
140.200000
 20
-92.500000
  0
TEXT
  8
2
 10
140.200000
 20
-92.500000
 40
0.250000
 50
0.000000
  1
#1
  0
POINT
  8
2
 10
120.200000
 20
29.500000
  0
TEXT
  8
2
 10
120.200000
 20
29.500000
 40
0.250000
 50
0.000000
  1
#1
  0
POINT
  8
2
 10
120.400000
 20
-88.800000
  0
TEXT
  8
2
 10
120.400000
 20
-88.800000
 40
0.250000
 50
0.000000
  1
#1
  0
POINT
  8
2
 10
-12.900000
 20
28.600000
  0
TEXT
  8
2
 10
-12.900000
 20
28.600000
 40
0.250000
 50
0.000000
  1
#1
  0
POINT
  8
2
 10
-14.500000
 20
-89.600000
  0
TEXT
  8
2
 10
-14.500000
 20
-89.600000
 40
0.250000
 50
0.000000
  1
#1
  0
POINT
  8
2
 10
-120.300000
 20
84.800000
  0
TEXT
  8
2
 10
-120.300000
 20
84.800000
 40
0.250000
 50
0.000000
  1
#1
  0
POINT
  8
2
 10
-124.000000
 20
-90.000000
  0
TEXT
  8
2
 10
-124.000000
 20
-90.000000
 40
0.250000
 50
0.000000
  1
#1
  0
POINT
  8
2
 10
-96.200000
 20
-19.400000
  0
TEXT
  8
2
 10
-96.200000
 20
-19.400000
 40
0.250000
 50
0.000000
  1
#1
  0
POINT
  8
2
 10
-97.400000
 20
-34.300000
  0
TEXT
  8
2
 10
-97.400000
 20
-34.300000
 40
0.250000
 50
0.000000
  1
#1
  0
POINT
  8
2
 10
32.300000
 20
-31.800000
  0
TEXT
  8
2
 10
32.300000
 20
-31.800000
 40
0.250000
 50
0.000000
  1
#1
  0
POINT
  8
2
 10
202.500000
 20
-106.500000
  0
TEXT
  8
2
 10
202.500000
 20
-106.500000
 40
0.250000
 50
0.000000
  1
#1
  0
POINT
  8
2
 10
92.700000
 20
-111.900000
  0
TEXT
  8
2
 10
92.700000
 20
-111.900000
 40
0.250000
 50
0.000000
  1
#1
  0
POINT
  8
2
 10
-22.500000
 20
-115.600000
  0
TEXT
  8
2
 10
-22.500000
 20
-115.600000
 40
0.250000
 50
0.000000
  1
#1
  0
POINT
  8
2
 10
-119.100000
 20
-115.200000
  0
TEXT
  8
2
 10
-119.100000
 20
-115.200000
 40
0.250000
 50
0.000000
  1
#1
  0
POINT
  8
2
 10
-126.800000
 20
-19.000000
  0
TEXT
  8
2
 10
-126.800000
 20
-19.000000
 40
0.250000
 50
0.000000
  1
#1
  0
POINT
  8
2
 10
-127.200000
 20
-33.700000
  0
TEXT
  8
2
 10
-127.200000
 20
-33.700000
 40
0.250000
 50
0.000000
  1
#1
  0
POINT
  8
2
 10
-125.700000
 20
121.800000
  0
POINT
  8
3
 10
-91.400000
 20
120.900000
  0
POINT
  8
3
 10
-62.900000
 20
121.500000
  0
POINT
  8
3
 10
-41.900000
 20
122.600000
  0
POINT
  8
3
 10
-24.900000
 20
124.000000
  0
POINT
  8
2
 10
-14.800000
 20
125.300000
  0
POINT
  8
3
 10
14.600000
 20
129.600000
  0
POINT
  8
3
 10
35.300000
 20
132.700000
  0
POINT
  8
2
 10
51.800000
 20
134.900000
  0
POINT
  8
3
 10
52.400000
 20
130.500000
  0
POINT
  8
3
 10
52.800000
 20
120.900000
  0
POINT
  8
3
 10
54.200000
 20
112.100000
  0
POINT
  8
3
 10
56.300000
 20
104.900000
  0
POINT
  8
3
 10
58.600000
 20
98.800000
  0
POINT
  8
2
 10
61.200000
 20
92.900000
  0
POINT
  8
3
 10
65.200000
 20
86.200000
  0
POINT
  8
3
 10
70.700000
 20
80.300000
  0
POINT
  8
3
 10
77.400000
 20
74.700000
  0
POINT
  8
3
 10
85.300000
 20
69.300000
  0
POINT
  8
3
 10
93.400000
 20
65.300000
  0
POINT
  8
3
 10
101.100000
 20
63.200000
  0
POINT
  8
2
 10
107.600000
 20
62.500000
  0
POINT
  8
3
 10
114.200000
 20
61.700000
  0
POINT
  8
3
 10
122.200000
 20
61.000000
  0
POINT
  8
2
 10
130.700000
 20
61.000000
  0
POINT
  8
3
 10
150.600000
 20
62.700000
  0
POINT
  8
3
 10
170.400000
 20
65.800000
  0
POINT
  8
2
 10
175.100000
 20
66.500000
  0
POINT
  8
2
 10
191.400000
 20
43.000000
  0
POINT
  8
2
 10
203.100000
 20
26.700000
  0
POINT
  8
2
 10
258.500000
 20
-47.400000
  0
POINT
  8
3
 10
257.300000
 20
-48.800000
  0
POINT
  8
3
 10
249.200000
 20
-57.400000
  0
POINT
  8
3
 10
241.100000
 20
-68.600000
  0
POINT
  8
3
 10
234.700000
 20
-80.600000
  0
POINT
  8
3
 10
230.000000
 20
-93.100000
  0
POINT
  8
3
 10
227.400000
 20
-104.700000
  0
POINT
  8
3
 10
226.600000
 20
-114.300000
  0
POINT
  8
2
 10
226.600000
 20
-122.300000
  0
POINT
  8
2
 10
226.600000
 20
-123.900000
  0
POINT
  8
3
 10
192.900000
 20
-126.600000
  0
POINT
  8
3
 10
146.700000
 20
-129.900000
  0
POINT
  8
3
 10
94.800000
 20
-133.000000
  0
POINT
  8
3
 10
32.400000
 20
-134.800000
  0
POINT
  8
3
 10
-42.800000
 20
-135.300000
  0
POINT
  8
3
 10
-127.300000
 20
-134.900000
  0
POINT
  8
2
 10
-129.400000
 20
-134.900000
  0
POINT
  8
2
 10
-127.300000
 20
13.400000
  0
POINT
  8
2
 10
-126.900000
 20
39.400000
  0
POINT
  8
2
 10
-125.700000
 20
121.800000
  0
POINT
  8
4
 10
-16.200000
 20
135.200000
 30
2.500000
 50
277.125000
  0
POINT
  8
4
 10
70.000000
 20
97.400000
 30
2.500000
 50
206.565000
  0
POINT
  8
4
 10
108.400000
 20
72.400000
 30
2.500000
 50
265.236400
  0
POINT
  8
4
 10
130.300000
 20
71.000000
 30
2.500000
 50
272.290600
  0
POINT
  8
4
 10
199.600000
 20
48.800000
 30
2.500000
 50
214.992000
  0
POINT
  8
4
 10
211.200000
 20
32.600000
 30
2.500000
 50
214.992000
  0
POINT
  8
4
 10
236.400000
 20
-122.000000
 30
2.500000
 50
182.385900
  0
POINT
  8
4
 10
-139.300000
 20
-134.900000
 30
2.500000
  0
POINT
  8
4
 10
-137.200000
 20
13.500000
 30
2.500000
  0
POINT
  8
4
 10
-136.800000
 20
39.500000
 30
2.500000
  0
POINT
  8
13
 10
140.200000
 20
32.500000
  0
TEXT
  8
13
 10
140.200000
 20
32.500000
 40
0.250000
 50
0.000000
  1
#1
  0
POINT
  8
13
 10
140.200000
 20
-92.500000
  0
TEXT
  8
13
 10
140.200000
 20
-92.500000
 40
0.250000
 50
0.000000
  1
#1
  0
POINT
  8
13
 10
120.200000
 20
29.500000
  0
TEXT
  8
13
 10
120.200000
 20
29.500000
 40
0.250000
 50
0.000000
  1
#1
  0
POINT
  8
13
 10
120.400000
 20
-88.800000
  0
TEXT
  8
13
 10
120.400000
 20
-88.800000
 40
0.250000
 50
0.000000
  1
#1
  0
POINT
  8
13
 10
-12.900000
 20
28.600000
  0
TEXT
  8
13
 10
-12.900000
 20
28.600000
 40
0.250000
 50
0.000000
  1
#1
  0
POINT
  8
13
 10
-14.500000
 20
-89.600000
  0
TEXT
  8
13
 10
-14.500000
 20
-89.600000
 40
0.250000
 50
0.000000
  1
#1
  0
POINT
  8
13
 10
-120.300000
 20
84.800000
  0
TEXT
  8
13
 10
-120.300000
 20
84.800000
 40
0.250000
 50
0.000000
  1
#1
  0
POINT
  8
13
 10
-124.000000
 20
-90.000000
  0
TEXT
  8
13
 10
-124.000000
 20
-90.000000
 40
0.250000
 50
0.000000
  1
#1
  0
POINT
  8
13
 10
-96.200000
 20
-19.400000
  0
TEXT
  8
13
 10
-96.200000
 20
-19.400000
 40
0.250000
 50
0.000000
  1
#1
  0
POINT
  8
13
 10
-97.400000
 20
-34.300000
  0
TEXT
  8
13
 10
-97.400000
 20
-34.300000
 40
0.250000
 50
0.000000
  1
#1
  0
POINT
  8
13
 10
32.300000
 20
-31.800000
  0
TEXT
  8
13
 10
32.300000
 20
-31.800000
 40
0.250000
 50
0.000000
  1
#1
  0
POINT
  8
13
 10
202.500000
 20
-106.500000
  0
TEXT
  8
13
 10
202.500000
 20
-106.500000
 40
0.250000
 50
0.000000
  1
#1
  0
POINT
  8
13
 10
92.700000
 20
-111.900000
  0
TEXT
  8
13
 10
92.700000
 20
-111.900000
 40
0.250000
 50
0.000000
  1
#1
  0
POINT
  8
13
 10
-22.500000
 20
-115.600000
  0
TEXT
  8
13
 10
-22.500000
 20
-115.600000
 40
0.250000
 50
0.000000
  1
#1
  0
POINT
  8
13
 10
-119.100000
 20
-115.200000
  0
TEXT
  8
13
 10
-119.100000
 20
-115.200000
 40
0.250000
 50
0.000000
  1
#1
  0
POINT
  8
13
 10
-126.800000
 20
-19.000000
  0
TEXT
  8
13
 10
-126.800000
 20
-19.000000
 40
0.250000
 50
0.000000
  1
#1
  0
POINT
  8
13
 10
-127.200000
 20
-33.700000
  0
TEXT
  8
13
 10
-127.200000
 20
-33.700000
 40
0.250000
 50
0.000000
  1
#1
  0
LINE
  8
5
 10
100.700000
 20
0.000000
 11
14.000000
 21
0.000000
  0
LINE
  8
7
 10
100.700000
 20
0.000000
 11
14.000000
 21
0.000000
  0
TEXT
  8
15
 10
66.000000
 20
-132.300000
 40
9.166667
 50
180.000000
  1
FRONT CENTER + ZIP
  0
TEXT
  8
15
 10
0.000000
 20
-111.700000
 40
7.977778
 50
0.000000
  1
SUPPORT FLAP FRONT
  0
TEXT
  8
15
 10
143.600000
 20
-2.700000
 40
6.454545
 50
270.000000
  1
POCKET FLAP
  0
TEXT
  8
15
 10
126.300000
 20
-12.600000
 40
6.866666
 50
270.000000
  1
POCKET
  0
TEXT
  8
15
 10
-118.100000
 20
21.200000
 40
6.145454
 50
270.000000
  1
POCKET FLAP
  0
TEXT
  8
1
 10
3.300000
 20
109.400000
 40
10.000000
 50
0.000000
  1
Piece Name: FRONT RIGHT 1P
  0
TEXT
  8
1
 10
3.300000
 20
120.400000
 40
10.000000
 50
0.000000
  1
Size: 42
  0
TEXT
  8
1
 10
3.300000
 20
131.400000
 40
10.000000
 50
0.000000
  1
Annotation: FRONT RIGHT 1P
  0
TEXT
  8
1
 10
3.300000
 20
142.400000
 40
10.000000
 50
0.000000
  1
Quantity: 1
  0
TEXT
  8
1
 10
3.300000
 20
153.400000
 40
10.000000
 50
0.000000
  1
Material: LEATHER
  0
ENDBLK
  0
BLOCK
  8
1
  2
FRONT BTTM RIGHT 1P
 70
     0
 10
0.00
 20
0.00
  0
POLYLINE
  8
84
 66
     1
 70
     1
  0
VERTEX
  8
84
 10
193.000000
 20
-145.000000
  0
VERTEX
  8
84
 10
100.200000
 20
-143.700000
  0
VERTEX
  8
84
 10
25.700000
 20
-142.400000
  0
VERTEX
  8
84
 10
-39.900000
 20
-141.600000
  0
VERTEX
  8
84
 10
-76.000000
 20
-141.300000
  0
VERTEX
  8
84
 10
-75.900000
 20
-131.500000
  0
VERTEX
  8
84
 10
-73.600000
 20
-54.800000
  0
VERTEX
  8
84
 10
-70.900000
 20
18.700000
  0
VERTEX
  8
84
 10
-68.300000
 20
87.000000
  0
VERTEX
  8
84
 10
-66.100000
 20
150.700000
  0
VERTEX
  8
84
 10
-27.800000
 20
148.500000
  0
VERTEX
  8
84
 10
6.200000
 20
145.800000
  0
VERTEX
  8
84
 10
32.800000
 20
144.000000
  0
VERTEX
  8
84
 10
55.400000
 20
142.800000
  0
VERTEX
  8
84
 10
70.100000
 20
141.600000
  0
VERTEX
  8
84
 10
85.300000
 20
140.400000
  0
VERTEX
  8
84
 10
113.700000
 20
137.900000
  0
VERTEX
  8
84
 10
150.300000
 20
134.400000
  0
VERTEX
  8
84
 10
187.100000
 20
131.800000
  0
VERTEX
  8
84
 10
197.000000
 20
131.200000
  0
VERTEX
  8
84
 10
195.600000
 20
39.500000
  0
VERTEX
  8
84
 10
195.200000
 20
11.900000
  0
VERTEX
  8
84
 10
193.100000
 20
-135.000000
  0
VERTEX
  8
84
 10
193.000000
 20
-145.000000
  0
SEQEND
  0
POLYLINE
  8
1
 66
     1
 70
     1
  0
VERTEX
  8
1
 10
193.000000
 20
-145.000000
  0
VERTEX
  8
1
 10
100.200000
 20
-143.700000
  0
VERTEX
  8
1
 10
25.700000
 20
-142.400000
  0
VERTEX
  8
1
 10
-39.900000
 20
-141.600000
  0
VERTEX
  8
1
 10
-76.000000
 20
-141.300000
  0
VERTEX
  8
1
 10
-75.900000
 20
-131.500000
  0
VERTEX
  8
1
 10
-73.600000
 20
-54.800000
  0
VERTEX
  8
1
 10
-70.900000
 20
18.700000
  0
VERTEX
  8
1
 10
-68.300000
 20
87.000000
  0
VERTEX
  8
1
 10
-66.100000
 20
150.700000
  0
VERTEX
  8
1
 10
-27.800000
 20
148.500000
  0
VERTEX
  8
1
 10
6.200000
 20
145.800000
  0
VERTEX
  8
1
 10
32.800000
 20
144.000000
  0
VERTEX
  8
1
 10
55.400000
 20
142.800000
  0
VERTEX
  8
1
 10
70.100000
 20
141.600000
  0
VERTEX
  8
1
 10
85.300000
 20
140.400000
  0
VERTEX
  8
1
 10
113.700000
 20
137.900000
  0
VERTEX
  8
1
 10
150.300000
 20
134.400000
  0
VERTEX
  8
1
 10
187.100000
 20
131.800000
  0
VERTEX
  8
1
 10
197.000000
 20
131.200000
  0
VERTEX
  8
1
 10
195.600000
 20
39.500000
  0
VERTEX
  8
1
 10
195.200000
 20
11.900000
  0
VERTEX
  8
1
 10
193.100000
 20
-135.000000
  0
VERTEX
  8
1
 10
193.000000
 20
-145.000000
  0
SEQEND
  0
POLYLINE
  8
85
 66
     1
  0
VERTEX
  8
85
 10
183.700000
 20
-114.400000
  0
VERTEX
  8
85
 10
122.100000
 20
-113.800000
  0
VERTEX
  8
85
 10
-28.900000
 20
-112.700000
  0
SEQEND
  0
POLYLINE
  8
8
 66
     1
  0
VERTEX
  8
8
 10
183.700000
 20
-114.400000
  0
VERTEX
  8
8
 10
122.100000
 20
-113.800000
  0
VERTEX
  8
8
 10
-28.900000
 20
-112.700000
  0
SEQEND
  0
POLYLINE
  8
85
 66
     1
  0
VERTEX
  8
85
 10
171.800000
 20
85.900000
  0
VERTEX
  8
85
 10
-8.100000
 20
96.100000
  0
VERTEX
  8
85
 10
-14.600000
 20
-82.000000
  0
VERTEX
  8
85
 10
166.700000
 20
-85.000000
  0
VERTEX
  8
85
 10
171.800000
 20
85.900000
  0
SEQEND
  0
POLYLINE
  8
8
 66
     1
  0
VERTEX
  8
8
 10
171.800000
 20
85.900000
  0
VERTEX
  8
8
 10
-8.100000
 20
96.100000
  0
VERTEX
  8
8
 10
-14.600000
 20
-82.000000
  0
VERTEX
  8
8
 10
166.700000
 20
-85.000000
  0
VERTEX
  8
8
 10
171.800000
 20
85.900000
  0
SEQEND
  0
POLYLINE
  8
85
 66
     1
  0
VERTEX
  8
85
 10
185.800000
 20
-18.900000
  0
VERTEX
  8
85
 10
83.900000
 20
-23.100000
  0
VERTEX
  8
85
 10
185.400000
 20
-33.600000
  0
SEQEND
  0
POLYLINE
  8
8
 66
     1
  0
VERTEX
  8
8
 10
185.800000
 20
-18.900000
  0
VERTEX
  8
8
 10
83.900000
 20
-23.100000
  0
VERTEX
  8
8
 10
185.400000
 20
-33.600000
  0
SEQEND
  0
POLYLINE
  8
87
 66
     1
  0
VERTEX
  8
87
 10
183.200000
 20
-135.000000
  0
VERTEX
  8
87
 10
100.300000
 20
-133.800000
  0
VERTEX
  8
87
 10
25.800000
 20
-132.500000
  0
VERTEX
  8
87
 10
-39.800000
 20
-131.700000
  0
VERTEX
  8
87
 10
-40.900000
 20
-131.700000
  0
VERTEX
  8
87
 10
-38.700000
 20
-55.900000
  0
VERTEX
  8
87
 10
-36.000000
 20
17.400000
  0
VERTEX
  8
87
 10
-33.400000
 20
85.700000
  0
VERTEX
  8
87
 10
-31.600000
 20
138.700000
  0
VERTEX
  8
87
 10
-28.100000
 20
138.600000
  0
VERTEX
  8
87
 10
5.600000
 20
135.900000
  0
VERTEX
  8
87
 10
32.300000
 20
134.100000
  0
VERTEX
  8
87
 10
54.800000
 20
132.900000
  0
VERTEX
  8
87
 10
69.300000
 20
131.700000
  0
VERTEX
  8
87
 10
84.500000
 20
130.500000
  0
VERTEX
  8
87
 10
112.800000
 20
128.000000
  0
VERTEX
  8
87
 10
149.500000
 20
124.500000
  0
VERTEX
  8
87
 10
186.400000
 20
121.900000
  0
VERTEX
  8
87
 10
185.700000
 20
39.600000
  0
VERTEX
  8
87
 10
185.300000
 20
12.000000
  0
VERTEX
  8
87
 10
183.200000
 20
-135.000000
  0
SEQEND
  0
POLYLINE
  8
14
 66
     1
  0
VERTEX
  8
14
 10
183.200000
 20
-135.000000
  0
VERTEX
  8
14
 10
100.300000
 20
-133.800000
  0
VERTEX
  8
14
 10
25.800000
 20
-132.500000
  0
VERTEX
  8
14
 10
-39.800000
 20
-131.700000
  0
VERTEX
  8
14
 10
-40.900000
 20
-131.700000
  0
VERTEX
  8
14
 10
-38.700000
 20
-55.900000
  0
VERTEX
  8
14
 10
-36.000000
 20
17.400000
  0
VERTEX
  8
14
 10
-33.400000
 20
85.700000
  0
VERTEX
  8
14
 10
-31.600000
 20
138.700000
  0
VERTEX
  8
14
 10
-28.100000
 20
138.600000
  0
VERTEX
  8
14
 10
5.600000
 20
135.900000
  0
VERTEX
  8
14
 10
32.300000
 20
134.100000
  0
VERTEX
  8
14
 10
54.800000
 20
132.900000
  0
VERTEX
  8
14
 10
69.300000
 20
131.700000
  0
VERTEX
  8
14
 10
84.500000
 20
130.500000
  0
VERTEX
  8
14
 10
112.800000
 20
128.000000
  0
VERTEX
  8
14
 10
149.500000
 20
124.500000
  0
VERTEX
  8
14
 10
186.400000
 20
121.900000
  0
VERTEX
  8
14
 10
185.700000
 20
39.600000
  0
VERTEX
  8
14
 10
185.300000
 20
12.000000
  0
VERTEX
  8
14
 10
183.200000
 20
-135.000000
  0
SEQEND
  0
POINT
  8
2
 10
193.000000
 20
-145.000000
  0
POINT
  8
3
 10
100.200000
 20
-143.700000
  0
POINT
  8
3
 10
25.700000
 20
-142.400000
  0
POINT
  8
2
 10
-39.900000
 20
-141.600000
  0
POINT
  8
2
 10
-76.000000
 20
-141.300000
  0
POINT
  8
2
 10
-75.900000
 20
-131.500000
  0
POINT
  8
3
 10
-73.600000
 20
-54.800000
  0
POINT
  8
3
 10
-70.900000
 20
18.700000
  0
POINT
  8
3
 10
-68.300000
 20
87.000000
  0
POINT
  8
2
 10
-66.100000
 20
150.700000
  0
POINT
  8
2
 10
-27.800000
 20
148.500000
  0
POINT
  8
3
 10
6.200000
 20
145.800000
  0
POINT
  8
3
 10
32.800000
 20
144.000000
  0
POINT
  8
3
 10
55.400000
 20
142.800000
  0
POINT
  8
2
 10
70.100000
 20
141.600000
  0
POINT
  8
3
 10
85.300000
 20
140.400000
  0
POINT
  8
3
 10
113.700000
 20
137.900000
  0
POINT
  8
3
 10
150.300000
 20
134.400000
  0
POINT
  8
2
 10
187.100000
 20
131.800000
  0
POINT
  8
2
 10
197.000000
 20
131.200000
  0
POINT
  8
2
 10
195.600000
 20
39.500000
  0
POINT
  8
2
 10
195.200000
 20
11.900000
  0
POINT
  8
2
 10
193.100000
 20
-135.000000
  0
POINT
  8
2
 10
193.000000
 20
-145.000000
  0
POINT
  8
2
 10
183.700000
 20
-114.400000
  0
POINT
  8
3
 10
122.100000
 20
-113.800000
  0
POINT
  8
2
 10
-28.900000
 20
-112.700000
  0
POINT
  8
2
 10
171.800000
 20
85.900000
  0
POINT
  8
2
 10
-8.100000
 20
96.100000
  0
POINT
  8
2
 10
-14.600000
 20
-82.000000
  0
POINT
  8
2
 10
166.700000
 20
-85.000000
  0
POINT
  8
2
 10
171.800000
 20
85.900000
  0
POINT
  8
2
 10
185.800000
 20
-18.900000
  0
POINT
  8
2
 10
83.900000
 20
-23.100000
  0
POINT
  8
2
 10
185.400000
 20
-33.600000
  0
POINT
  8
2
 10
-39.900000
 20
-141.600000
 39
2.500000
 50
90.000000
  0
POINT
  8
2
 10
-75.900000
 20
-131.500000
 39
2.500000
  0
POINT
  8
2
 10
-27.800000
 20
148.500000
 39
2.500000
 50
267.614100
  0
POINT
  8
2
 10
70.100000
 20
141.600000
 39
2.500000
 50
265.236400
  0
POINT
  8
2
 10
195.600000
 20
39.500000
 39
2.500000
 50
180.000000
  0
POINT
  8
2
 10
195.200000
 20
11.900000
 39
2.500000
 50
180.000000
  0
POINT
  8
2
 10
193.100000
 20
-135.000000
 39
2.500000
 50
180.000000
  0
POINT
  8
2
 10
163.900000
 20
-83.400000
  0
TEXT
  8
2
 10
163.900000
 20
-83.400000
 40
0.250000
 50
0.000000
  1
#1
  0
POINT
  8
2
 10
169.500000
 20
83.500000
  0
TEXT
  8
2
 10
169.500000
 20
83.500000
 40
0.250000
 50
0.000000
  1
#1
  0
POINT
  8
2
 10
-6.000000
 20
94.000000
  0
TEXT
  8
2
 10
-6.000000
 20
94.000000
 40
0.250000
 50
0.000000
  1
#1
  0
POINT
  8
2
 10
-12.200000
 20
-80.100000
  0
TEXT
  8
2
 10
-12.200000
 20
-80.100000
 40
0.250000
 50
0.000000
  1
#1
  0
POINT
  8
2
 10
88.900000
 20
-23.600000
  0
TEXT
  8
2
 10
88.900000
 20
-23.600000
 40
0.250000
 50
0.000000
  1
#1
  0
POINT
  8
2
 10
154.600000
 20
-115.600000
  0
TEXT
  8
2
 10
154.600000
 20
-115.600000
 40
0.250000
 50
0.000000
  1
#1
  0
POINT
  8
2
 10
74.300000
 20
-115.200000
  0
TEXT
  8
2
 10
74.300000
 20
-115.200000
 40
0.250000
 50
0.000000
  1
#1
  0
POINT
  8
2
 10
-16.500000
 20
-114.000000
  0
TEXT
  8
2
 10
-16.500000
 20
-114.000000
 40
0.250000
 50
0.000000
  1
#1
  0
POINT
  8
2
 10
185.800000
 20
-18.900000
  0
TEXT
  8
2
 10
185.800000
 20
-18.900000
 40
0.250000
 50
0.000000
  1
#1
  0
POINT
  8
2
 10
185.400000
 20
-33.600000
  0
TEXT
  8
2
 10
185.400000
 20
-33.600000
 40
0.250000
 50
0.000000
  1
#1
  0
POINT
  8
2
 10
183.200000
 20
-135.000000
  0
POINT
  8
3
 10
100.300000
 20
-133.800000
  0
POINT
  8
3
 10
25.800000
 20
-132.500000
  0
POINT
  8
2
 10
-39.800000
 20
-131.700000
  0
POINT
  8
2
 10
-40.900000
 20
-131.700000
  0
POINT
  8
3
 10
-38.700000
 20
-55.900000
  0
POINT
  8
3
 10
-36.000000
 20
17.400000
  0
POINT
  8
3
 10
-33.400000
 20
85.700000
  0
POINT
  8
2
 10
-31.600000
 20
138.700000
  0
POINT
  8
2
 10
-28.100000
 20
138.600000
  0
POINT
  8
3
 10
5.600000
 20
135.900000
  0
POINT
  8
3
 10
32.300000
 20
134.100000
  0
POINT
  8
3
 10
54.800000
 20
132.900000
  0
POINT
  8
2
 10
69.300000
 20
131.700000
  0
POINT
  8
3
 10
84.500000
 20
130.500000
  0
POINT
  8
3
 10
112.800000
 20
128.000000
  0
POINT
  8
3
 10
149.500000
 20
124.500000
  0
POINT
  8
2
 10
186.400000
 20
121.900000
  0
POINT
  8
2
 10
185.700000
 20
39.600000
  0
POINT
  8
2
 10
185.300000
 20
12.000000
  0
POINT
  8
2
 10
183.200000
 20
-135.000000
  0
POINT
  8
4
 10
-39.900000
 20
-141.600000
 30
2.500000
 50
90.000000
  0
POINT
  8
4
 10
-75.900000
 20
-131.500000
 30
2.500000
  0
POINT
  8
4
 10
-27.800000
 20
148.500000
 30
2.500000
 50
267.614100
  0
POINT
  8
4
 10
70.100000
 20
141.600000
 30
2.500000
 50
265.236400
  0
POINT
  8
4
 10
195.600000
 20
39.500000
 30
2.500000
 50
180.000000
  0
POINT
  8
4
 10
195.200000
 20
11.900000
 30
2.500000
 50
180.000000
  0
POINT
  8
4
 10
193.100000
 20
-135.000000
 30
2.500000
 50
180.000000
  0
POINT
  8
13
 10
163.900000
 20
-83.400000
  0
TEXT
  8
13
 10
163.900000
 20
-83.400000
 40
0.250000
 50
0.000000
  1
#1
  0
POINT
  8
13
 10
169.500000
 20
83.500000
  0
TEXT
  8
13
 10
169.500000
 20
83.500000
 40
0.250000
 50
0.000000
  1
#1
  0
POINT
  8
13
 10
-6.000000
 20
94.000000
  0
TEXT
  8
13
 10
-6.000000
 20
94.000000
 40
0.250000
 50
0.000000
  1
#1
  0
POINT
  8
13
 10
-12.200000
 20
-80.100000
  0
TEXT
  8
13
 10
-12.200000
 20
-80.100000
 40
0.250000
 50
0.000000
  1
#1
  0
POINT
  8
13
 10
88.900000
 20
-23.600000
  0
TEXT
  8
13
 10
88.900000
 20
-23.600000
 40
0.250000
 50
0.000000
  1
#1
  0
POINT
  8
13
 10
154.600000
 20
-115.600000
  0
TEXT
  8
13
 10
154.600000
 20
-115.600000
 40
0.250000
 50
0.000000
  1
#1
  0
POINT
  8
13
 10
74.300000
 20
-115.200000
  0
TEXT
  8
13
 10
74.300000
 20
-115.200000
 40
0.250000
 50
0.000000
  1
#1
  0
POINT
  8
13
 10
-16.500000
 20
-114.000000
  0
TEXT
  8
13
 10
-16.500000
 20
-114.000000
 40
0.250000
 50
0.000000
  1
#1
  0
POINT
  8
13
 10
185.800000
 20
-18.900000
  0
TEXT
  8
13
 10
185.800000
 20
-18.900000
 40
0.250000
 50
0.000000
  1
#1
  0
POINT
  8
13
 10
185.400000
 20
-33.600000
  0
TEXT
  8
13
 10
185.400000
 20
-33.600000
 40
0.250000
 50
0.000000
  1
#1
  0
LINE
  8
5
 10
121.800000
 20
0.000000
 11
-7.200000
 21
0.000000
  0
LINE
  8
7
 10
121.800000
 20
0.000000
 11
-7.200000
 21
0.000000
  0
TEXT
  8
15
 10
149.800000
 20
-136.400000
 40
9.533334
 50
180.000000
  1
FRONT CENTER + ZIP
  0
TEXT
  8
15
 10
32.600000
 20
-107.500000
 40
10.366670
 50
0.000000
  1
SUPPORT FLAP FRONT
  0
TEXT
  8
15
 10
170.500000
 20
24.500000
 40
7.400000
 50
270.000000
  1
POCKET
  0
TEXT
  8
1
 10
3.300000
 20
109.400000
 40
10.000000
 50
0.000000
  1
Piece Name: FRONT BTTM RIGHT 1P
  0
TEXT
  8
1
 10
3.300000
 20
120.400000
 40
10.000000
 50
0.000000
  1
Size: 42
  0
TEXT
  8
1
 10
3.300000
 20
131.400000
 40
10.000000
 50
0.000000
  1
Annotation: FRONT BTTM RIGHT 1P
  0
TEXT
  8
1
 10
3.300000
 20
142.400000
 40
10.000000
 50
0.000000
  1
Quantity: 1
  0
TEXT
  8
1
 10
3.300000
 20
153.400000
 40
10.000000
 50
0.000000
  1
Material: LEATHER
  0
ENDBLK
  0
BLOCK
  8
1
  2
FACING INSIDE 2P
 70
     0
 10
0.00
 20
0.00
  0
POLYLINE
  8
84
 66
     1
 70
     1
  0
VERTEX
  8
84
 10
-124.800000
 20
53.900000
  0
VERTEX
  8
84
 10
-104.800000
 20
54.200000
  0
VERTEX
  8
84
 10
-48.600000
 20
56.300000
  0
VERTEX
  8
84
 10
7.000000
 20
60.300000
  0
VERTEX
  8
84
 10
53.900000
 20
65.300000
  0
VERTEX
  8
84
 10
88.200000
 20
70.000000
  0
VERTEX
  8
84
 10
112.100000
 20
73.900000
  0
VERTEX
  8
84
 10
146.800000
 20
81.500000
  0
VERTEX
  8
84
 10
181.600000
 20
90.600000
  0
VERTEX
  8
84
 10
214.400000
 20
101.000000
  0
VERTEX
  8
84
 10
244.200000
 20
112.000000
  0
VERTEX
  8
84
 10
270.700000
 20
123.300000
  0
VERTEX
  8
84
 10
294.700000
 20
134.300000
  0
VERTEX
  8
84
 10
316.900000
 20
84.000000
  0
VERTEX
  8
84
 10
309.200000
 20
77.200000
  0
VERTEX
  8
84
 10
295.700000
 20
73.900000
  0
VERTEX
  8
84
 10
283.500000
 20
70.300000
  0
VERTEX
  8
84
 10
272.900000
 20
66.600000
  0
VERTEX
  8
84
 10
264.000000
 20
62.400000
  0
VERTEX
  8
84
 10
256.100000
 20
56.600000
  0
VERTEX
  8
84
 10
248.400000
 20
48.500000
  0
VERTEX
  8
84
 10
241.100000
 20
38.400000
  0
VERTEX
  8
84
 10
235.300000
 20
27.500000
  0
VERTEX
  8
84
 10
231.000000
 20
16.300000
  0
VERTEX
  8
84
 10
228.700000
 20
6.000000
  0
VERTEX
  8
84
 10
228.000000
 20
-2.600000
  0
VERTEX
  8
84
 10
227.900000
 20
-9.800000
  0
VERTEX
  8
84
 10
229.500000
 20
-20.800000
  0
VERTEX
  8
84
 10
184.600000
 20
-24.300000
  0
VERTEX
  8
84
 10
137.900000
 20
-27.600000
  0
VERTEX
  8
84
 10
85.200000
 20
-30.700000
  0
VERTEX
  8
84
 10
21.900000
 20
-32.500000
  0
VERTEX
  8
84
 10
-54.200000
 20
-32.900000
  0
VERTEX
  8
84
 10
-139.900000
 20
-32.900000
  0
VERTEX
  8
84
 10
-130.800000
 20
19.500000
  0
VERTEX
  8
84
 10
-124.800000
 20
53.900000
  0
SEQEND
  0
POLYLINE
  8
1
 66
     1
 70
     1
  0
VERTEX
  8
1
 10
-124.800000
 20
53.900000
  0
VERTEX
  8
1
 10
-104.800000
 20
54.200000
  0
VERTEX
  8
1
 10
-48.600000
 20
56.300000
  0
VERTEX
  8
1
 10
7.000000
 20
60.300000
  0
VERTEX
  8
1
 10
53.900000
 20
65.300000
  0
VERTEX
  8
1
 10
88.200000
 20
70.000000
  0
VERTEX
  8
1
 10
112.100000
 20
73.900000
  0
VERTEX
  8
1
 10
146.800000
 20
81.500000
  0
VERTEX
  8
1
 10
181.600000
 20
90.600000
  0
VERTEX
  8
1
 10
214.400000
 20
101.000000
  0
VERTEX
  8
1
 10
244.200000
 20
112.000000
  0
VERTEX
  8
1
 10
270.700000
 20
123.300000
  0
VERTEX
  8
1
 10
294.700000
 20
134.300000
  0
VERTEX
  8
1
 10
316.900000
 20
84.000000
  0
VERTEX
  8
1
 10
309.200000
 20
77.200000
  0
VERTEX
  8
1
 10
295.700000
 20
73.900000
  0
VERTEX
  8
1
 10
283.500000
 20
70.300000
  0
VERTEX
  8
1
 10
272.900000
 20
66.600000
  0
VERTEX
  8
1
 10
264.000000
 20
62.400000
  0
VERTEX
  8
1
 10
256.100000
 20
56.600000
  0
VERTEX
  8
1
 10
248.400000
 20
48.500000
  0
VERTEX
  8
1
 10
241.100000
 20
38.400000
  0
VERTEX
  8
1
 10
235.300000
 20
27.500000
  0
VERTEX
  8
1
 10
231.000000
 20
16.300000
  0
VERTEX
  8
1
 10
228.700000
 20
6.000000
  0
VERTEX
  8
1
 10
228.000000
 20
-2.600000
  0
VERTEX
  8
1
 10
227.900000
 20
-9.800000
  0
VERTEX
  8
1
 10
229.500000
 20
-20.800000
  0
VERTEX
  8
1
 10
184.600000
 20
-24.300000
  0
VERTEX
  8
1
 10
137.900000
 20
-27.600000
  0
VERTEX
  8
1
 10
85.200000
 20
-30.700000
  0
VERTEX
  8
1
 10
21.900000
 20
-32.500000
  0
VERTEX
  8
1
 10
-54.200000
 20
-32.900000
  0
VERTEX
  8
1
 10
-139.900000
 20
-32.900000
  0
VERTEX
  8
1
 10
-130.800000
 20
19.500000
  0
VERTEX
  8
1
 10
-124.800000
 20
53.900000
  0
SEQEND
  0
POLYLINE
  8
87
 66
     1
  0
VERTEX
  8
87
 10
-116.500000
 20
44.100000
  0
VERTEX
  8
87
 10
-104.600000
 20
44.300000
  0
VERTEX
  8
87
 10
-48.100000
 20
46.400000
  0
VERTEX
  8
87
 10
7.900000
 20
50.400000
  0
VERTEX
  8
87
 10
55.100000
 20
55.400000
  0
VERTEX
  8
87
 10
89.600000
 20
60.100000
  0
VERTEX
  8
87
 10
113.900000
 20
64.100000
  0
VERTEX
  8
87
 10
149.100000
 20
71.800000
  0
VERTEX
  8
87
 10
184.300000
 20
81.000000
  0
VERTEX
  8
87
 10
217.600000
 20
91.600000
  0
VERTEX
  8
87
 10
247.800000
 20
102.800000
  0
VERTEX
  8
87
 10
274.700000
 20
114.200000
  0
VERTEX
  8
87
 10
289.600000
 20
121.100000
  0
VERTEX
  8
87
 10
304.800000
 20
86.700000
  0
VERTEX
  8
87
 10
304.700000
 20
85.700000
  0
VERTEX
  8
87
 10
293.100000
 20
83.500000
  0
VERTEX
  8
87
 10
280.500000
 20
79.700000
  0
VERTEX
  8
87
 10
269.200000
 20
75.800000
  0
VERTEX
  8
87
 10
258.900000
 20
70.900000
  0
VERTEX
  8
87
 10
249.500000
 20
64.000000
  0
VERTEX
  8
87
 10
240.700000
 20
54.800000
  0
VERTEX
  8
87
 10
232.600000
 20
43.600000
  0
VERTEX
  8
87
 10
226.200000
 20
31.500000
  0
VERTEX
  8
87
 10
221.500000
 20
19.100000
  0
VERTEX
  8
87
 10
218.900000
 20
7.400000
  0
VERTEX
  8
87
 10
218.100000
 20
-2.100000
  0
VERTEX
  8
87
 10
218.100000
 20
-10.100000
  0
VERTEX
  8
87
 10
218.100000
 20
-11.700000
  0
VERTEX
  8
87
 10
183.900000
 20
-14.400000
  0
VERTEX
  8
87
 10
137.300000
 20
-17.700000
  0
VERTEX
  8
87
 10
84.800000
 20
-20.800000
  0
VERTEX
  8
87
 10
21.800000
 20
-22.600000
  0
VERTEX
  8
87
 10
-54.200000
 20
-22.900000
  0
VERTEX
  8
87
 10
-128.000000
 20
-22.900000
  0
VERTEX
  8
87
 10
-121.000000
 20
17.800000
  0
VERTEX
  8
87
 10
-116.500000
 20
44.100000
  0
SEQEND
  0
POLYLINE
  8
14
 66
     1
  0
VERTEX
  8
14
 10
-116.500000
 20
44.100000
  0
VERTEX
  8
14
 10
-104.600000
 20
44.300000
  0
VERTEX
  8
14
 10
-48.100000
 20
46.400000
  0
VERTEX
  8
14
 10
7.900000
 20
50.400000
  0
VERTEX
  8
14
 10
55.100000
 20
55.400000
  0
VERTEX
  8
14
 10
89.600000
 20
60.100000
  0
VERTEX
  8
14
 10
113.900000
 20
64.100000
  0
VERTEX
  8
14
 10
149.100000
 20
71.800000
  0
VERTEX
  8
14
 10
184.300000
 20
81.000000
  0
VERTEX
  8
14
 10
217.600000
 20
91.600000
  0
VERTEX
  8
14
 10
247.800000
 20
102.800000
  0
VERTEX
  8
14
 10
274.700000
 20
114.200000
  0
VERTEX
  8
14
 10
289.600000
 20
121.100000
  0
VERTEX
  8
14
 10
304.800000
 20
86.700000
  0
VERTEX
  8
14
 10
304.700000
 20
85.700000
  0
VERTEX
  8
14
 10
293.100000
 20
83.500000
  0
VERTEX
  8
14
 10
280.500000
 20
79.700000
  0
VERTEX
  8
14
 10
269.200000
 20
75.800000
  0
VERTEX
  8
14
 10
258.900000
 20
70.900000
  0
VERTEX
  8
14
 10
249.500000
 20
64.000000
  0
VERTEX
  8
14
 10
240.700000
 20
54.800000
  0
VERTEX
  8
14
 10
232.600000
 20
43.600000
  0
VERTEX
  8
14
 10
226.200000
 20
31.500000
  0
VERTEX
  8
14
 10
221.500000
 20
19.100000
  0
VERTEX
  8
14
 10
218.900000
 20
7.400000
  0
VERTEX
  8
14
 10
218.100000
 20
-2.100000
  0
VERTEX
  8
14
 10
218.100000
 20
-10.100000
  0
VERTEX
  8
14
 10
218.100000
 20
-11.700000
  0
VERTEX
  8
14
 10
183.900000
 20
-14.400000
  0
VERTEX
  8
14
 10
137.300000
 20
-17.700000
  0
VERTEX
  8
14
 10
84.800000
 20
-20.800000
  0
VERTEX
  8
14
 10
21.800000
 20
-22.600000
  0
VERTEX
  8
14
 10
-54.200000
 20
-22.900000
  0
VERTEX
  8
14
 10
-128.000000
 20
-22.900000
  0
VERTEX
  8
14
 10
-121.000000
 20
17.800000
  0
VERTEX
  8
14
 10
-116.500000
 20
44.100000
  0
SEQEND
  0
POINT
  8
2
 10
-124.800000
 20
53.900000
  0
POINT
  8
3
 10
-104.800000
 20
54.200000
  0
POINT
  8
3
 10
-48.600000
 20
56.300000
  0
POINT
  8
3
 10
7.000000
 20
60.300000
  0
POINT
  8
3
 10
53.900000
 20
65.300000
  0
POINT
  8
3
 10
88.200000
 20
70.000000
  0
POINT
  8
2
 10
112.100000
 20
73.900000
  0
POINT
  8
3
 10
146.800000
 20
81.500000
  0
POINT
  8
3
 10
181.600000
 20
90.600000
  0
POINT
  8
3
 10
214.400000
 20
101.000000
  0
POINT
  8
3
 10
244.200000
 20
112.000000
  0
POINT
  8
3
 10
270.700000
 20
123.300000
  0
POINT
  8
2
 10
294.700000
 20
134.300000
  0
POINT
  8
2
 10
316.900000
 20
84.000000
  0
POINT
  8
2
 10
309.200000
 20
77.200000
  0
POINT
  8
3
 10
295.700000
 20
73.900000
  0
POINT
  8
3
 10
283.500000
 20
70.300000
  0
POINT
  8
3
 10
272.900000
 20
66.600000
  0
POINT
  8
3
 10
264.000000
 20
62.400000
  0
POINT
  8
3
 10
256.100000
 20
56.600000
  0
POINT
  8
3
 10
248.400000
 20
48.500000
  0
POINT
  8
3
 10
241.100000
 20
38.400000
  0
POINT
  8
3
 10
235.300000
 20
27.500000
  0
POINT
  8
3
 10
231.000000
 20
16.300000
  0
POINT
  8
3
 10
228.700000
 20
6.000000
  0
POINT
  8
3
 10
228.000000
 20
-2.600000
  0
POINT
  8
2
 10
227.900000
 20
-9.800000
  0
POINT
  8
2
 10
229.500000
 20
-20.800000
  0
POINT
  8
3
 10
184.600000
 20
-24.300000
  0
POINT
  8
3
 10
137.900000
 20
-27.600000
  0
POINT
  8
3
 10
85.200000
 20
-30.700000
  0
POINT
  8
3
 10
21.900000
 20
-32.500000
  0
POINT
  8
3
 10
-54.200000
 20
-32.900000
  0
POINT
  8
2
 10
-139.900000
 20
-32.900000
  0
POINT
  8
2
 10
-130.800000
 20
19.500000
  0
POINT
  8
2
 10
-124.800000
 20
53.900000
  0
POINT
  8
2
 10
112.100000
 20
73.900000
 39
2.500000
 50
279.462300
  0
POINT
  8
2
 10
227.900000
 20
-9.800000
 39
2.500000
 50
182.385900
  0
POINT
  8
2
 10
-130.800000
 20
19.500000
 39
2.500000
 50
350.537700
  0
POINT
  8
2
 10
-116.500000
 20
44.100000
  0
POINT
  8
3
 10
-104.600000
 20
44.300000
  0
POINT
  8
3
 10
-48.100000
 20
46.400000
  0
POINT
  8
3
 10
7.900000
 20
50.400000
  0
POINT
  8
3
 10
55.100000
 20
55.400000
  0
POINT
  8
3
 10
89.600000
 20
60.100000
  0
POINT
  8
2
 10
113.900000
 20
64.100000
  0
POINT
  8
3
 10
149.100000
 20
71.800000
  0
POINT
  8
3
 10
184.300000
 20
81.000000
  0
POINT
  8
3
 10
217.600000
 20
91.600000
  0
POINT
  8
3
 10
247.800000
 20
102.800000
  0
POINT
  8
3
 10
274.700000
 20
114.200000
  0
POINT
  8
2
 10
289.600000
 20
121.100000
  0
POINT
  8
2
 10
304.800000
 20
86.700000
  0
POINT
  8
2
 10
304.700000
 20
85.700000
  0
POINT
  8
3
 10
293.100000
 20
83.500000
  0
POINT
  8
3
 10
280.500000
 20
79.700000
  0
POINT
  8
3
 10
269.200000
 20
75.800000
  0
POINT
  8
3
 10
258.900000
 20
70.900000
  0
POINT
  8
3
 10
249.500000
 20
64.000000
  0
POINT
  8
3
 10
240.700000
 20
54.800000
  0
POINT
  8
3
 10
232.600000
 20
43.600000
  0
POINT
  8
3
 10
226.200000
 20
31.500000
  0
POINT
  8
3
 10
221.500000
 20
19.100000
  0
POINT
  8
3
 10
218.900000
 20
7.400000
  0
POINT
  8
3
 10
218.100000
 20
-2.100000
  0
POINT
  8
2
 10
218.100000
 20
-10.100000
  0
POINT
  8
2
 10
218.100000
 20
-11.700000
  0
POINT
  8
3
 10
183.900000
 20
-14.400000
  0
POINT
  8
3
 10
137.300000
 20
-17.700000
  0
POINT
  8
3
 10
84.800000
 20
-20.800000
  0
POINT
  8
3
 10
21.800000
 20
-22.600000
  0
POINT
  8
3
 10
-54.200000
 20
-22.900000
  0
POINT
  8
2
 10
-128.000000
 20
-22.900000
  0
POINT
  8
2
 10
-121.000000
 20
17.800000
  0
POINT
  8
2
 10
-116.500000
 20
44.100000
  0
POINT
  8
4
 10
112.100000
 20
73.900000
 30
2.500000
 50
279.462300
  0
POINT
  8
4
 10
227.900000
 20
-9.800000
 30
2.500000
 50
182.385900
  0
POINT
  8
4
 10
-130.800000
 20
19.500000
 30
2.500000
 50
350.537700
  0
LINE
  8
5
 10
154.900000
 20
0.000000
 11
-40.300000
 21
0.000000
  0
LINE
  8
7
 10
162.700000
 20
-2.100000
 11
-38.500000
 21
-2.100000
  0
TEXT
  8
1
 10
3.300000
 20
109.400000
 40
10.000000
 50
0.000000
  1
Piece Name: FACING INSIDE 2P
  0
TEXT
  8
1
 10
3.300000
 20
120.400000
 40
10.000000
 50
0.000000
  1
Size: 42
  0
TEXT
  8
1
 10
3.300000
 20
131.400000
 40
10.000000
 50
0.000000
  1
Annotation: FACING INSIDE 2P
  0
TEXT
  8
1
 10
3.300000
 20
142.400000
 40
10.000000
 50
0.000000
  1
Quantity: 1
  0
TEXT
  8
1
 10
3.300000
 20
153.400000
 40
10.000000
 50
0.000000
  1
Material: LEATHER
  0
ENDBLK
  0
BLOCK
  8
1
  2
BTTM FCNG INSD 2P
 70
     0
 10
0.00
 20
0.00
  0
POLYLINE
  8
84
 66
     1
 70
     1
  0
VERTEX
  8
84
 10
200.800000
 20
-33.200000
  0
VERTEX
  8
84
 10
180.900000
 20
-32.600000
  0
VERTEX
  8
84
 10
95.000000
 20
-31.300000
  0
VERTEX
  8
84
 10
19.800000
 20
-30.000000
  0
VERTEX
  8
84
 10
-46.500000
 20
-29.100000
  0
VERTEX
  8
84
 10
-82.600000
 20
-28.800000
  0
VERTEX
  8
84
 10
-80.400000
 20
54.000000
  0
VERTEX
  8
84
 10
6.800000
 20
54.000000
  0
VERTEX
  8
84
 10
93.800000
 20
54.000000
  0
VERTEX
  8
84
 10
119.200000
 20
54.000000
  0
VERTEX
  8
84
 10
216.000000
 20
54.200000
  0
VERTEX
  8
84
 10
209.300000
 20
16.100000
  0
VERTEX
  8
84
 10
200.800000
 20
-33.200000
  0
SEQEND
  0
POLYLINE
  8
1
 66
     1
 70
     1
  0
VERTEX
  8
1
 10
200.800000
 20
-33.200000
  0
VERTEX
  8
1
 10
180.900000
 20
-32.600000
  0
VERTEX
  8
1
 10
95.000000
 20
-31.300000
  0
VERTEX
  8
1
 10
19.800000
 20
-30.000000
  0
VERTEX
  8
1
 10
-46.500000
 20
-29.100000
  0
VERTEX
  8
1
 10
-82.600000
 20
-28.800000
  0
VERTEX
  8
1
 10
-80.400000
 20
54.000000
  0
VERTEX
  8
1
 10
6.800000
 20
54.000000
  0
VERTEX
  8
1
 10
93.800000
 20
54.000000
  0
VERTEX
  8
1
 10
119.200000
 20
54.000000
  0
VERTEX
  8
1
 10
216.000000
 20
54.200000
  0
VERTEX
  8
1
 10
209.300000
 20
16.100000
  0
VERTEX
  8
1
 10
200.800000
 20
-33.200000
  0
SEQEND
  0
POLYLINE
  8
87
 66
     1
  0
VERTEX
  8
87
 10
192.500000
 20
-23.000000
  0
VERTEX
  8
87
 10
181.100000
 20
-22.700000
  0
VERTEX
  8
87
 10
95.100000
 20
-21.400000
  0
VERTEX
  8
87
 10
19.900000
 20
-20.100000
  0
VERTEX
  8
87
 10
-37.400000
 20
-19.400000
  0
VERTEX
  8
87
 10
-35.800000
 20
44.000000
  0
VERTEX
  8
87
 10
6.800000
 20
44.000000
  0
VERTEX
  8
87
 10
93.800000
 20
44.000000
  0
VERTEX
  8
87
 10
119.200000
 20
44.000000
  0
VERTEX
  8
87
 10
204.100000
 20
44.200000
  0
VERTEX
  8
87
 10
199.500000
 20
17.700000
  0
VERTEX
  8
87
 10
192.500000
 20
-23.000000
  0
SEQEND
  0
POLYLINE
  8
14
 66
     1
  0
VERTEX
  8
14
 10
192.500000
 20
-23.000000
  0
VERTEX
  8
14
 10
181.100000
 20
-22.700000
  0
VERTEX
  8
14
 10
95.100000
 20
-21.400000
  0
VERTEX
  8
14
 10
19.900000
 20
-20.100000
  0
VERTEX
  8
14
 10
-37.400000
 20
-19.400000
  0
VERTEX
  8
14
 10
-35.800000
 20
44.000000
  0
VERTEX
  8
14
 10
6.800000
 20
44.000000
  0
VERTEX
  8
14
 10
93.800000
 20
44.000000
  0
VERTEX
  8
14
 10
119.200000
 20
44.000000
  0
VERTEX
  8
14
 10
204.100000
 20
44.200000
  0
VERTEX
  8
14
 10
199.500000
 20
17.700000
  0
VERTEX
  8
14
 10
192.500000
 20
-23.000000
  0
SEQEND
  0
POINT
  8
2
 10
200.800000
 20
-33.200000
  0
POINT
  8
3
 10
180.900000
 20
-32.600000
  0
POINT
  8
3
 10
95.000000
 20
-31.300000
  0
POINT
  8
3
 10
19.800000
 20
-30.000000
  0
POINT
  8
2
 10
-46.500000
 20
-29.100000
  0
POINT
  8
2
 10
-82.600000
 20
-28.800000
  0
POINT
  8
2
 10
-80.400000
 20
54.000000
  0
POINT
  8
3
 10
6.800000
 20
54.000000
  0
POINT
  8
3
 10
93.800000
 20
54.000000
  0
POINT
  8
2
 10
119.200000
 20
54.000000
  0
POINT
  8
2
 10
216.000000
 20
54.200000
  0
POINT
  8
2
 10
209.300000
 20
16.100000
  0
POINT
  8
2
 10
200.800000
 20
-33.200000
  0
POINT
  8
2
 10
-46.500000
 20
-29.100000
 39
2.500000
 50
90.000000
  0
POINT
  8
2
 10
119.200000
 20
54.000000
 39
2.500000
 50
270.000000
  0
POINT
  8
2
 10
209.300000
 20
16.100000
 39
2.500000
 50
170.537700
  0
POINT
  8
2
 10
192.500000
 20
-23.000000
  0
POINT
  8
3
 10
181.100000
 20
-22.700000
  0
POINT
  8
3
 10
95.100000
 20
-21.400000
  0
POINT
  8
3
 10
19.900000
 20
-20.100000
  0
POINT
  8
2
 10
-37.400000
 20
-19.400000
  0
POINT
  8
2
 10
-35.800000
 20
44.000000
  0
POINT
  8
3
 10
6.800000
 20
44.000000
  0
POINT
  8
3
 10
93.800000
 20
44.000000
  0
POINT
  8
2
 10
119.200000
 20
44.000000
  0
POINT
  8
2
 10
204.100000
 20
44.200000
  0
POINT
  8
2
 10
199.500000
 20
17.700000
  0
POINT
  8
2
 10
192.500000
 20
-23.000000
  0
POINT
  8
4
 10
-46.500000
 20
-29.100000
 30
2.500000
 50
90.000000
  0
POINT
  8
4
 10
119.200000
 20
54.000000
 30
2.500000
 50
270.000000
  0
POINT
  8
4
 10
209.300000
 20
16.100000
 30
2.500000
 50
170.537700
  0
LINE
  8
5
 10
126.900000
 20
0.000000
 11
-12.300000
 21
0.000000
  0
LINE
  8
7
 10
126.600000
 20
-2.100000
 11
-12.400000
 21
-2.100000
  0
TEXT
  8
1
 10
3.300000
 20
109.400000
 40
10.000000
 50
0.000000
  1
Piece Name: BTTM FCNG INSD 2P
  0
TEXT
  8
1
 10
3.300000
 20
120.400000
 40
10.000000
 50
0.000000
  1
Size: 42
  0
TEXT
  8
1
 10
3.300000
 20
131.400000
 40
10.000000
 50
0.000000
  1
Annotation: BTTM FCNG INSD 2P
  0
TEXT
  8
1
 10
3.300000
 20
142.400000
 40
10.000000
 50
0.000000
  1
Quantity: 1
  0
TEXT
  8
1
 10
3.300000
 20
153.400000
 40
10.000000
 50
0.000000
  1
Material: LEATHER
  0
ENDBLK
  0
BLOCK
  8
1
  2
UP POCKET HIGH FLAP 2P
 70
     0
 10
0.00
 20
0.00
  0
POLYLINE
  8
84
 66
     1
 70
     1
  0
VERTEX
  8
84
 10
92.700000
 20
127.100000
  0
VERTEX
  8
84
 10
92.700000
 20
-17.900000
  0
VERTEX
  8
84
 10
13.700000
 20
-17.900000
  0
VERTEX
  8
84
 10
13.700000
 20
127.100000
  0
VERTEX
  8
84
 10
92.700000
 20
127.100000
  0
SEQEND
  0
POLYLINE
  8
1
 66
     1
 70
     1
  0
VERTEX
  8
1
 10
92.700000
 20
127.100000
  0
VERTEX
  8
1
 10
92.700000
 20
-17.900000
  0
VERTEX
  8
1
 10
13.700000
 20
-17.900000
  0
VERTEX
  8
1
 10
13.700000
 20
127.100000
  0
VERTEX
  8
1
 10
92.700000
 20
127.100000
  0
SEQEND
  0
POLYLINE
  8
87
 66
     1
  0
VERTEX
  8
87
 10
82.700000
 20
117.100000
  0
VERTEX
  8
87
 10
82.700000
 20
-7.900000
  0
VERTEX
  8
87
 10
23.700000
 20
-7.900000
  0
VERTEX
  8
87
 10
23.700000
 20
117.100000
  0
VERTEX
  8
87
 10
82.700000
 20
117.100000
  0
SEQEND
  0
POLYLINE
  8
14
 66
     1
  0
VERTEX
  8
14
 10
82.700000
 20
117.100000
  0
VERTEX
  8
14
 10
82.700000
 20
-7.900000
  0
VERTEX
  8
14
 10
23.700000
 20
-7.900000
  0
VERTEX
  8
14
 10
23.700000
 20
117.100000
  0
VERTEX
  8
14
 10
82.700000
 20
117.100000
  0
SEQEND
  0
POINT
  8
2
 10
92.700000
 20
127.100000
  0
POINT
  8
2
 10
92.700000
 20
-17.900000
  0
POINT
  8
2
 10
13.700000
 20
-17.900000
  0
POINT
  8
2
 10
13.700000
 20
127.100000
  0
POINT
  8
2
 10
92.700000
 20
127.100000
  0
POINT
  8
2
 10
44.700000
 20
95.300000
  0
TEXT
  8
2
 10
44.700000
 20
95.300000
 40
0.250000
 50
0.000000
  1
#1
  0
POINT
  8
2
 10
44.700000
 20
9.600000
  0
TEXT
  8
2
 10
44.700000
 20
9.600000
 40
0.250000
 50
0.000000
  1
#1
  0
POINT
  8
2
 10
82.700000
 20
117.100000
  0
POINT
  8
2
 10
82.700000
 20
-7.900000
  0
POINT
  8
2
 10
23.700000
 20
-7.900000
  0
POINT
  8
2
 10
23.700000
 20
117.100000
  0
POINT
  8
2
 10
82.700000
 20
117.100000
  0
POINT
  8
13
 10
44.700000
 20
95.300000
  0
TEXT
  8
13
 10
44.700000
 20
95.300000
 40
0.250000
 50
0.000000
  1
#1
  0
POINT
  8
13
 10
44.700000
 20
9.600000
  0
TEXT
  8
13
 10
44.700000
 20
9.600000
 40
0.250000
 50
0.000000
  1
#1
  0
LINE
  8
5
 10
72.300000
 20
0.000000
 11
42.300000
 21
0.000000
  0
LINE
  8
7
 10
72.300000
 20
0.000000
 11
42.300000
 21
0.000000
  0
TEXT
  8
15
 10
39.200000
 20
100.100000
 40
5.250000
 50
270.000000
  1
SNAP
  0
TEXT
  8
15
 10
39.200000
 20
16.600000
 40
4.800000
 50
270.000000
  1
SNAP
  0
TEXT
  8
1
 10
3.300000
 20
109.400000
 40
10.000000
 50
0.000000
  1
Piece Name: UP POCKET HIGH FLAP 2P
  0
TEXT
  8
1
 10
3.300000
 20
120.400000
 40
10.000000
 50
0.000000
  1
Size: 42
  0
TEXT
  8
1
 10
3.300000
 20
131.400000
 40
10.000000
 50
0.000000
  1
Annotation: UP POCKET HIGH FLAP 2P
  0
TEXT
  8
1
 10
3.300000
 20
142.400000
 40
10.000000
 50
0.000000
  1
Quantity: 1
  0
TEXT
  8
1
 10
3.300000
 20
153.400000
 40
10.000000
 50
0.000000
  1
Material: LEATHER
  0
ENDBLK
  0
BLOCK
  8
1
  2
VELLUTO UNDER POCKET HIGH FLAP 2P
 70
     0
 10
0.00
 20
0.00
  0
POLYLINE
  8
84
 66
     1
 70
     1
  0
VERTEX
  8
84
 10
92.700000
 20
127.100000
  0
VERTEX
  8
84
 10
92.700000
 20
-17.900000
  0
VERTEX
  8
84
 10
13.700000
 20
-17.900000
  0
VERTEX
  8
84
 10
13.700000
 20
127.100000
  0
VERTEX
  8
84
 10
92.700000
 20
127.100000
  0
SEQEND
  0
POLYLINE
  8
1
 66
     1
 70
     1
  0
VERTEX
  8
1
 10
92.700000
 20
127.100000
  0
VERTEX
  8
1
 10
92.700000
 20
-17.900000
  0
VERTEX
  8
1
 10
13.700000
 20
-17.900000
  0
VERTEX
  8
1
 10
13.700000
 20
127.100000
  0
VERTEX
  8
1
 10
92.700000
 20
127.100000
  0
SEQEND
  0
POLYLINE
  8
87
 66
     1
  0
VERTEX
  8
87
 10
82.700000
 20
117.100000
  0
VERTEX
  8
87
 10
82.700000
 20
-7.900000
  0
VERTEX
  8
87
 10
23.700000
 20
-7.900000
  0
VERTEX
  8
87
 10
23.700000
 20
117.100000
  0
VERTEX
  8
87
 10
82.700000
 20
117.100000
  0
SEQEND
  0
POLYLINE
  8
14
 66
     1
  0
VERTEX
  8
14
 10
82.700000
 20
117.100000
  0
VERTEX
  8
14
 10
82.700000
 20
-7.900000
  0
VERTEX
  8
14
 10
23.700000
 20
-7.900000
  0
VERTEX
  8
14
 10
23.700000
 20
117.100000
  0
VERTEX
  8
14
 10
82.700000
 20
117.100000
  0
SEQEND
  0
POINT
  8
2
 10
92.700000
 20
127.100000
  0
POINT
  8
2
 10
92.700000
 20
-17.900000
  0
POINT
  8
2
 10
13.700000
 20
-17.900000
  0
POINT
  8
2
 10
13.700000
 20
127.100000
  0
POINT
  8
2
 10
92.700000
 20
127.100000
  0
POINT
  8
2
 10
82.700000
 20
117.100000
  0
POINT
  8
2
 10
82.700000
 20
-7.900000
  0
POINT
  8
2
 10
23.700000
 20
-7.900000
  0
POINT
  8
2
 10
23.700000
 20
117.100000
  0
POINT
  8
2
 10
82.700000
 20
117.100000
  0
LINE
  8
5
 10
72.300000
 20
0.000000
 11
42.300000
 21
0.000000
  0
LINE
  8
7
 10
72.300000
 20
0.000000
 11
42.300000
 21
0.000000
  0
TEXT
  8
1
 10
3.300000
 20
109.400000
 40
10.000000
 50
0.000000
  1
Piece Name: VELLUTO UNDER POCKET HIGH FLAP 2P
  0
TEXT
  8
1
 10
3.300000
 20
120.400000
 40
10.000000
 50
0.000000
  1
Size: 42
  0
TEXT
  8
1
 10
3.300000
 20
131.400000
 40
10.000000
 50
0.000000
  1
Annotation: VELLUTO UNDER POCKET HIGH FLAP 2P
  0
TEXT
  8
1
 10
3.300000
 20
142.400000
 40
10.000000
 50
0.000000
  1
Quantity: 1
  0
TEXT
  8
1
 10
3.300000
 20
153.400000
 40
10.000000
 50
0.000000
  1
Material: TEXTILE
  0
ENDBLK
  0
BLOCK
  8
1
  2
HIGHT POCKET 2P
 70
     0
 10
0.00
 20
0.00
  0
POLYLINE
  8
84
 66
     1
 70
     1
  0
VERTEX
  8
84
 10
122.500000
 20
41.300000
  0
VERTEX
  8
84
 10
152.400000
 20
41.300000
  0
VERTEX
  8
84
 10
152.500000
 20
-101.100000
  0
VERTEX
  8
84
 10
122.600000
 20
-101.000000
  0
VERTEX
  8
84
 10
-25.800000
 20
-116.900000
  0
VERTEX
  8
84
 10
-25.700000
 20
-101.900000
  0
VERTEX
  8
84
 10
-40.600000
 20
-101.800000
  0
VERTEX
  8
84
 10
-39.400000
 20
40.900000
  0
VERTEX
  8
84
 10
-24.500000
 20
40.800000
  0
VERTEX
  8
84
 10
-24.400000
 20
55.800000
  0
VERTEX
  8
84
 10
122.500000
 20
41.300000
  0
SEQEND
  0
POLYLINE
  8
1
 66
     1
 70
     1
  0
VERTEX
  8
1
 10
122.500000
 20
41.300000
  0
VERTEX
  8
1
 10
152.400000
 20
41.300000
  0
VERTEX
  8
1
 10
152.500000
 20
-101.100000
  0
VERTEX
  8
1
 10
122.600000
 20
-101.000000
  0
VERTEX
  8
1
 10
-25.800000
 20
-116.900000
  0
VERTEX
  8
1
 10
-25.700000
 20
-101.900000
  0
VERTEX
  8
1
 10
-40.600000
 20
-101.800000
  0
VERTEX
  8
1
 10
-39.400000
 20
40.900000
  0
VERTEX
  8
1
 10
-24.500000
 20
40.800000
  0
VERTEX
  8
1
 10
-24.400000
 20
55.800000
  0
VERTEX
  8
1
 10
122.500000
 20
41.300000
  0
SEQEND
  0
POLYLINE
  8
85
 66
     1
  0
VERTEX
  8
85
 10
122.500000
 20
31.100000
  0
VERTEX
  8
85
 10
-14.600000
 20
31.100000
  0
VERTEX
  8
85
 10
-16.100000
 20
-92.000000
  0
VERTEX
  8
85
 10
122.600000
 20
-91.100000
  0
SEQEND
  0
POLYLINE
  8
8
 66
     1
  0
VERTEX
  8
8
 10
122.500000
 20
31.100000
  0
VERTEX
  8
8
 10
-14.600000
 20
31.100000
  0
VERTEX
  8
8
 10
-16.100000
 20
-92.000000
  0
VERTEX
  8
8
 10
122.600000
 20
-91.100000
  0
SEQEND
  0
POLYLINE
  8
87
 66
     1
  0
VERTEX
  8
87
 10
-15.800000
 20
-92.100000
  0
VERTEX
  8
87
 10
-30.600000
 20
-92.000000
  0
VERTEX
  8
87
 10
-29.600000
 20
30.900000
  0
VERTEX
  8
87
 10
-14.700000
 20
30.900000
  0
VERTEX
  8
87
 10
-14.600000
 20
44.800000
  0
VERTEX
  8
87
 10
122.000000
 20
31.300000
  0
VERTEX
  8
87
 10
122.300000
 20
-91.200000
  0
VERTEX
  8
87
 10
-15.800000
 20
-105.800000
  0
VERTEX
  8
87
 10
-15.800000
 20
-92.100000
  0
SEQEND
  0
POLYLINE
  8
14
 66
     1
  0
VERTEX
  8
14
 10
-15.800000
 20
-92.100000
  0
VERTEX
  8
14
 10
-30.600000
 20
-92.000000
  0
VERTEX
  8
14
 10
-29.600000
 20
30.900000
  0
VERTEX
  8
14
 10
-14.700000
 20
30.900000
  0
VERTEX
  8
14
 10
-14.600000
 20
44.800000
  0
VERTEX
  8
14
 10
122.000000
 20
31.300000
  0
VERTEX
  8
14
 10
122.300000
 20
-91.200000
  0
VERTEX
  8
14
 10
-15.800000
 20
-105.800000
  0
VERTEX
  8
14
 10
-15.800000
 20
-92.100000
  0
SEQEND
  0
POINT
  8
2
 10
122.500000
 20
41.300000
  0
POINT
  8
2
 10
152.400000
 20
41.300000
  0
POINT
  8
2
 10
152.500000
 20
-101.100000
  0
POINT
  8
2
 10
122.600000
 20
-101.000000
  0
POINT
  8
2
 10
-25.800000
 20
-116.900000
  0
POINT
  8
2
 10
-25.700000
 20
-101.900000
  0
POINT
  8
2
 10
-40.600000
 20
-101.800000
  0
POINT
  8
2
 10
-39.400000
 20
40.900000
  0
POINT
  8
2
 10
-24.500000
 20
40.800000
  0
POINT
  8
2
 10
-24.400000
 20
55.800000
  0
POINT
  8
2
 10
122.500000
 20
41.300000
  0
POINT
  8
2
 10
122.500000
 20
31.100000
  0
POINT
  8
2
 10
-14.600000
 20
31.100000
  0
POINT
  8
2
 10
-16.100000
 20
-92.000000
  0
POINT
  8
2
 10
122.600000
 20
-91.100000
  0
POINT
  8
2
 10
122.500000
 20
41.300000
 39
2.500000
 50
267.709400
  0
POINT
  8
2
 10
122.600000
 20
-101.000000
 39
2.500000
 50
92.385940
  0
POINT
  8
2
 10
-15.800000
 20
-92.100000
  0
POINT
  8
2
 10
-30.600000
 20
-92.000000
  0
POINT
  8
2
 10
-29.600000
 20
30.900000
  0
POINT
  8
2
 10
-14.700000
 20
30.900000
  0
POINT
  8
2
 10
-14.600000
 20
44.800000
  0
POINT
  8
2
 10
122.000000
 20
31.300000
  0
POINT
  8
2
 10
122.300000
 20
-91.200000
  0
POINT
  8
2
 10
-15.800000
 20
-105.800000
  0
POINT
  8
2
 10
-15.800000
 20
-92.100000
  0
POINT
  8
4
 10
122.500000
 20
41.300000
 30
2.500000
 50
267.709400
  0
POINT
  8
4
 10
122.600000
 20
-101.000000
 30
2.500000
 50
92.385940
  0
LINE
  8
5
 10
100.700000
 20
0.000000
 11
14.000000
 21
0.000000
  0
LINE
  8
7
 10
100.700000
 20
0.000000
 11
14.000000
 21
0.000000
  0
TEXT
  8
15
 10
122.600000
 20
-58.400000
 40
4.285810
 50
269.618000
  1
TO BEND
  0
TEXT
  8
15
 10
93.500000
 20
-89.500000
 40
6.008261
 50
187.267000
  1
FRONT
  0
TEXT
  8
1
 10
3.300000
 20
109.400000
 40
10.000000
 50
0.000000
  1
Piece Name: HIGHT POCKET 2P
  0
TEXT
  8
1
 10
3.300000
 20
120.400000
 40
10.000000
 50
0.000000
  1
Size: 42
  0
TEXT
  8
1
 10
3.300000
 20
131.400000
 40
10.000000
 50
0.000000
  1
Annotation: HIGHT POCKET 2P
  0
TEXT
  8
1
 10
3.300000
 20
142.400000
 40
10.000000
 50
0.000000
  1
Quantity: 1
  0
TEXT
  8
1
 10
3.300000
 20
153.400000
 40
10.000000
 50
0.000000
  1
Material: LEATHER
  0
ENDBLK
  0
BLOCK
  8
1
  2
LINING HIGH POCKET 2P
 70
     0
 10
0.00
 20
0.00
  0
POLYLINE
  8
84
 66
     1
 70
     1
  0
VERTEX
  8
84
 10
114.500000
 20
-101.800000
  0
VERTEX
  8
84
 10
92.700000
 20
-104.200000
  0
VERTEX
  8
84
 10
-25.800000
 20
-116.900000
  0
VERTEX
  8
84
 10
-25.700000
 20
-101.900000
  0
VERTEX
  8
84
 10
-40.600000
 20
-101.800000
  0
VERTEX
  8
84
 10
-39.400000
 20
40.900000
  0
VERTEX
  8
84
 10
-24.500000
 20
40.800000
  0
VERTEX
  8
84
 10
-24.400000
 20
55.800000
  0
VERTEX
  8
84
 10
92.600000
 20
44.200000
  0
VERTEX
  8
84
 10
114.500000
 20
42.100000
  0
VERTEX
  8
84
 10
114.500000
 20
-101.800000
  0
SEQEND
  0
POLYLINE
  8
1
 66
     1
 70
     1
  0
VERTEX
  8
1
 10
114.500000
 20
-101.800000
  0
VERTEX
  8
1
 10
92.700000
 20
-104.200000
  0
VERTEX
  8
1
 10
-25.800000
 20
-116.900000
  0
VERTEX
  8
1
 10
-25.700000
 20
-101.900000
  0
VERTEX
  8
1
 10
-40.600000
 20
-101.800000
  0
VERTEX
  8
1
 10
-39.400000
 20
40.900000
  0
VERTEX
  8
1
 10
-24.500000
 20
40.800000
  0
VERTEX
  8
1
 10
-24.400000
 20
55.800000
  0
VERTEX
  8
1
 10
92.600000
 20
44.200000
  0
VERTEX
  8
1
 10
114.500000
 20
42.100000
  0
VERTEX
  8
1
 10
114.500000
 20
-101.800000
  0
SEQEND
  0
POLYLINE
  8
85
 66
     1
  0
VERTEX
  8
85
 10
103.100000
 20
31.100000
  0
VERTEX
  8
85
 10
-14.600000
 20
31.100000
  0
VERTEX
  8
85
 10
-16.100000
 20
-92.000000
  0
VERTEX
  8
85
 10
102.800000
 20
-91.200000
  0
SEQEND
  0
POLYLINE
  8
8
 66
     1
  0
VERTEX
  8
8
 10
103.100000
 20
31.100000
  0
VERTEX
  8
8
 10
-14.600000
 20
31.100000
  0
VERTEX
  8
8
 10
-16.100000
 20
-92.000000
  0
VERTEX
  8
8
 10
102.800000
 20
-91.200000
  0
SEQEND
  0
POLYLINE
  8
87
 66
     1
  0
VERTEX
  8
87
 10
-15.800000
 20
-92.100000
  0
VERTEX
  8
87
 10
-30.600000
 20
-92.000000
  0
VERTEX
  8
87
 10
-29.600000
 20
30.900000
  0
VERTEX
  8
87
 10
-14.700000
 20
30.900000
  0
VERTEX
  8
87
 10
-14.600000
 20
44.800000
  0
VERTEX
  8
87
 10
91.700000
 20
34.300000
  0
VERTEX
  8
87
 10
104.500000
 20
33.100000
  0
VERTEX
  8
87
 10
104.500000
 20
-92.800000
  0
VERTEX
  8
87
 10
91.700000
 20
-94.300000
  0
VERTEX
  8
87
 10
-15.800000
 20
-105.800000
  0
VERTEX
  8
87
 10
-15.800000
 20
-92.100000
  0
SEQEND
  0
POLYLINE
  8
14
 66
     1
  0
VERTEX
  8
14
 10
-15.800000
 20
-92.100000
  0
VERTEX
  8
14
 10
-30.600000
 20
-92.000000
  0
VERTEX
  8
14
 10
-29.600000
 20
30.900000
  0
VERTEX
  8
14
 10
-14.700000
 20
30.900000
  0
VERTEX
  8
14
 10
-14.600000
 20
44.800000
  0
VERTEX
  8
14
 10
91.700000
 20
34.300000
  0
VERTEX
  8
14
 10
104.500000
 20
33.100000
  0
VERTEX
  8
14
 10
104.500000
 20
-92.800000
  0
VERTEX
  8
14
 10
91.700000
 20
-94.300000
  0
VERTEX
  8
14
 10
-15.800000
 20
-105.800000
  0
VERTEX
  8
14
 10
-15.800000
 20
-92.100000
  0
SEQEND
  0
POINT
  8
2
 10
114.500000
 20
-101.800000
  0
POINT
  8
2
 10
92.700000
 20
-104.200000
  0
POINT
  8
2
 10
-25.800000
 20
-116.900000
  0
POINT
  8
2
 10
-25.700000
 20
-101.900000
  0
POINT
  8
2
 10
-40.600000
 20
-101.800000
  0
POINT
  8
2
 10
-39.400000
 20
40.900000
  0
POINT
  8
2
 10
-24.500000
 20
40.800000
  0
POINT
  8
2
 10
-24.400000
 20
55.800000
  0
POINT
  8
2
 10
92.600000
 20
44.200000
  0
POINT
  8
2
 10
114.500000
 20
42.100000
  0
POINT
  8
2
 10
114.500000
 20
-101.800000
  0
POINT
  8
2
 10
103.100000
 20
31.100000
  0
POINT
  8
2
 10
-14.600000
 20
31.100000
  0
POINT
  8
2
 10
-16.100000
 20
-92.000000
  0
POINT
  8
2
 10
102.800000
 20
-91.200000
  0
POINT
  8
2
 10
-15.800000
 20
-92.100000
  0
POINT
  8
2
 10
-30.600000
 20
-92.000000
  0
POINT
  8
2
 10
-29.600000
 20
30.900000
  0
POINT
  8
2
 10
-14.700000
 20
30.900000
  0
POINT
  8
2
 10
-14.600000
 20
44.800000
  0
POINT
  8
2
 10
91.700000
 20
34.300000
  0
POINT
  8
2
 10
104.500000
 20
33.100000
  0
POINT
  8
2
 10
104.500000
 20
-92.800000
  0
POINT
  8
2
 10
91.700000
 20
-94.300000
  0
POINT
  8
2
 10
-15.800000
 20
-105.800000
  0
POINT
  8
2
 10
-15.800000
 20
-92.100000
  0
LINE
  8
5
 10
59.500000
 20
0.000000
 11
-6.700000
 21
0.000000
  0
LINE
  8
7
 10
59.500000
 20
0.000000
 11
-6.700000
 21
0.000000
  0
TEXT
  8
15
 10
92.600000
 20
-89.600000
 40
5.646096
 50
187.326400
  1
FRONT
  0
TEXT
  8
1
 10
3.300000
 20
109.400000
 40
10.000000
 50
0.000000
  1
Piece Name: LINING HIGH POCKET 2P
  0
TEXT
  8
1
 10
3.300000
 20
120.400000
 40
10.000000
 50
0.000000
  1
Size: 42
  0
TEXT
  8
1
 10
3.300000
 20
131.400000
 40
10.000000
 50
0.000000
  1
Annotation: LINING HIGH POCKET 2P
  0
TEXT
  8
1
 10
3.300000
 20
142.400000
 40
10.000000
 50
0.000000
  1
Quantity: 1
  0
TEXT
  8
1
 10
3.300000
 20
153.400000
 40
10.000000
 50
0.000000
  1
Material: LINING
  0
ENDBLK
  0
BLOCK
  8
1
  2
UP POCKET FLAP 2P
 70
     0
 10
0.00
 20
0.00
  0
POLYLINE
  8
84
 66
     1
 70
     1
  0
VERTEX
  8
84
 10
103.200000
 20
187.300000
  0
VERTEX
  8
84
 10
103.200000
 20
-9.200000
  0
VERTEX
  8
84
 10
15.500000
 20
-9.200000
  0
VERTEX
  8
84
 10
15.500000
 20
187.300000
  0
VERTEX
  8
84
 10
103.200000
 20
187.300000
  0
SEQEND
  0
POLYLINE
  8
1
 66
     1
 70
     1
  0
VERTEX
  8
1
 10
103.200000
 20
187.300000
  0
VERTEX
  8
1
 10
103.200000
 20
-9.200000
  0
VERTEX
  8
1
 10
15.500000
 20
-9.200000
  0
VERTEX
  8
1
 10
15.500000
 20
187.300000
  0
VERTEX
  8
1
 10
103.200000
 20
187.300000
  0
SEQEND
  0
POLYLINE
  8
87
 66
     1
  0
VERTEX
  8
87
 10
93.200000
 20
177.300000
  0
VERTEX
  8
87
 10
93.200000
 20
0.800000
  0
VERTEX
  8
87
 10
25.500000
 20
0.800000
  0
VERTEX
  8
87
 10
25.500000
 20
177.300000
  0
VERTEX
  8
87
 10
93.200000
 20
177.300000
  0
SEQEND
  0
POLYLINE
  8
14
 66
     1
  0
VERTEX
  8
14
 10
93.200000
 20
177.300000
  0
VERTEX
  8
14
 10
93.200000
 20
0.800000
  0
VERTEX
  8
14
 10
25.500000
 20
0.800000
  0
VERTEX
  8
14
 10
25.500000
 20
177.300000
  0
VERTEX
  8
14
 10
93.200000
 20
177.300000
  0
SEQEND
  0
POINT
  8
2
 10
103.200000
 20
187.300000
  0
POINT
  8
2
 10
103.200000
 20
-9.200000
  0
POINT
  8
2
 10
15.500000
 20
-9.200000
  0
POINT
  8
2
 10
15.500000
 20
187.300000
  0
POINT
  8
2
 10
103.200000
 20
187.300000
  0
POINT
  8
2
 10
46.900000
 20
156.200000
  0
TEXT
  8
2
 10
46.900000
 20
156.200000
 40
0.250000
 50
0.000000
  1
#1
  0
POINT
  8
2
 10
46.900000
 20
22.100000
  0
TEXT
  8
2
 10
46.900000
 20
22.100000
 40
0.250000
 50
0.000000
  1
#1
  0
POINT
  8
2
 10
93.200000
 20
177.300000
  0
POINT
  8
2
 10
93.200000
 20
0.800000
  0
POINT
  8
2
 10
25.500000
 20
0.800000
  0
POINT
  8
2
 10
25.500000
 20
177.300000
  0
POINT
  8
2
 10
93.200000
 20
177.300000
  0
POINT
  8
13
 10
46.900000
 20
156.200000
  0
TEXT
  8
13
 10
46.900000
 20
156.200000
 40
0.250000
 50
0.000000
  1
#1
  0
POINT
  8
13
 10
46.900000
 20
22.100000
  0
TEXT
  8
13
 10
46.900000
 20
22.100000
 40
0.250000
 50
0.000000
  1
#1
  0
LINE
  8
5
 10
82.700000
 20
0.000000
 11
31.800000
 21
0.000000
  0
LINE
  8
7
 10
83.900000
 20
0.600000
 11
40.800000
 21
0.600000
  0
TEXT
  8
15
 10
37.700000
 20
166.500000
 40
8.100000
 50
270.000000
  1
SNAP
  0
TEXT
  8
15
 10
37.700000
 20
33.000000
 40
8.350000
 50
270.000000
  1
SNAP
  0
TEXT
  8
1
 10
3.300000
 20
109.400000
 40
10.000000
 50
0.000000
  1
Piece Name: UP POCKET FLAP 2P
  0
TEXT
  8
1
 10
3.300000
 20
120.400000
 40
10.000000
 50
0.000000
  1
Size: 42
  0
TEXT
  8
1
 10
3.300000
 20
131.400000
 40
10.000000
 50
0.000000
  1
Annotation: UP POCKET FLAP 2P
  0
TEXT
  8
1
 10
3.300000
 20
142.400000
 40
10.000000
 50
0.000000
  1
Quantity: 1
  0
TEXT
  8
1
 10
3.300000
 20
153.400000
 40
10.000000
 50
0.000000
  1
Material: LEATHER
  0
ENDBLK
  0
BLOCK
  8
1
  2
VELLUTO UNDER POCKET FLAP 2P
 70
     0
 10
0.00
 20
0.00
  0
POLYLINE
  8
84
 66
     1
 70
     1
  0
VERTEX
  8
84
 10
103.200000
 20
187.300000
  0
VERTEX
  8
84
 10
103.200000
 20
-9.200000
  0
VERTEX
  8
84
 10
15.500000
 20
-9.200000
  0
VERTEX
  8
84
 10
15.500000
 20
187.300000
  0
VERTEX
  8
84
 10
103.200000
 20
187.300000
  0
SEQEND
  0
POLYLINE
  8
1
 66
     1
 70
     1
  0
VERTEX
  8
1
 10
103.200000
 20
187.300000
  0
VERTEX
  8
1
 10
103.200000
 20
-9.200000
  0
VERTEX
  8
1
 10
15.500000
 20
-9.200000
  0
VERTEX
  8
1
 10
15.500000
 20
187.300000
  0
VERTEX
  8
1
 10
103.200000
 20
187.300000
  0
SEQEND
  0
POLYLINE
  8
87
 66
     1
  0
VERTEX
  8
87
 10
93.200000
 20
177.300000
  0
VERTEX
  8
87
 10
93.200000
 20
0.800000
  0
VERTEX
  8
87
 10
25.500000
 20
0.800000
  0
VERTEX
  8
87
 10
25.500000
 20
177.300000
  0
VERTEX
  8
87
 10
93.200000
 20
177.300000
  0
SEQEND
  0
POLYLINE
  8
14
 66
     1
  0
VERTEX
  8
14
 10
93.200000
 20
177.300000
  0
VERTEX
  8
14
 10
93.200000
 20
0.800000
  0
VERTEX
  8
14
 10
25.500000
 20
0.800000
  0
VERTEX
  8
14
 10
25.500000
 20
177.300000
  0
VERTEX
  8
14
 10
93.200000
 20
177.300000
  0
SEQEND
  0
POINT
  8
2
 10
103.200000
 20
187.300000
  0
POINT
  8
2
 10
103.200000
 20
-9.200000
  0
POINT
  8
2
 10
15.500000
 20
-9.200000
  0
POINT
  8
2
 10
15.500000
 20
187.300000
  0
POINT
  8
2
 10
103.200000
 20
187.300000
  0
POINT
  8
2
 10
93.200000
 20
177.300000
  0
POINT
  8
2
 10
93.200000
 20
0.800000
  0
POINT
  8
2
 10
25.500000
 20
0.800000
  0
POINT
  8
2
 10
25.500000
 20
177.300000
  0
POINT
  8
2
 10
93.200000
 20
177.300000
  0
LINE
  8
5
 10
82.700000
 20
0.000000
 11
31.800000
 21
0.000000
  0
LINE
  8
7
 10
83.900000
 20
0.600000
 11
40.800000
 21
0.600000
  0
TEXT
  8
1
 10
3.300000
 20
109.400000
 40
10.000000
 50
0.000000
  1
Piece Name: VELLUTO UNDER POCKET FLAP 2P
  0
TEXT
  8
1
 10
3.300000
 20
120.400000
 40
10.000000
 50
0.000000
  1
Size: 42
  0
TEXT
  8
1
 10
3.300000
 20
131.400000
 40
10.000000
 50
0.000000
  1
Annotation: VELLUTO UNDER POCKET FLAP 2P
  0
TEXT
  8
1
 10
3.300000
 20
142.400000
 40
10.000000
 50
0.000000
  1
Quantity: 1
  0
TEXT
  8
1
 10
3.300000
 20
153.400000
 40
10.000000
 50
0.000000
  1
Material: TEXTILE
  0
ENDBLK
  0
BLOCK
  8
1
  2
POCKET 2P
 70
     0
 10
0.00
 20
0.00
  0
POLYLINE
  8
84
 66
     1
 70
     1
  0
VERTEX
  8
84
 10
150.500000
 20
95.800000
  0
VERTEX
  8
84
 10
185.400000
 20
94.800000
  0
VERTEX
  8
84
 10
179.900000
 20
-95.900000
  0
VERTEX
  8
84
 10
145.100000
 20
-94.900000
  0
VERTEX
  8
84
 10
-46.300000
 20
-106.800000
  0
VERTEX
  8
84
 10
-45.800000
 20
-91.800000
  0
VERTEX
  8
84
 10
-60.700000
 20
-91.400000
  0
VERTEX
  8
84
 10
-54.100000
 20
106.900000
  0
VERTEX
  8
84
 10
-29.600000
 20
106.000000
  0
VERTEX
  8
84
 10
-9.200000
 20
104.800000
  0
VERTEX
  8
84
 10
130.500000
 20
96.900000
  0
VERTEX
  8
84
 10
150.500000
 20
95.800000
  0
SEQEND
  0
POLYLINE
  8
1
 66
     1
 70
     1
  0
VERTEX
  8
1
 10
150.500000
 20
95.800000
  0
VERTEX
  8
1
 10
185.400000
 20
94.800000
  0
VERTEX
  8
1
 10
179.900000
 20
-95.900000
  0
VERTEX
  8
1
 10
145.100000
 20
-94.900000
  0
VERTEX
  8
1
 10
-46.300000
 20
-106.800000
  0
VERTEX
  8
1
 10
-45.800000
 20
-91.800000
  0
VERTEX
  8
1
 10
-60.700000
 20
-91.400000
  0
VERTEX
  8
1
 10
-54.100000
 20
106.900000
  0
VERTEX
  8
1
 10
-29.600000
 20
106.000000
  0
VERTEX
  8
1
 10
-9.200000
 20
104.800000
  0
VERTEX
  8
1
 10
130.500000
 20
96.900000
  0
VERTEX
  8
1
 10
150.500000
 20
95.800000
  0
SEQEND
  0
POLYLINE
  8
85
 66
     1
  0
VERTEX
  8
85
 10
146.500000
 20
86.500000
  0
VERTEX
  8
85
 10
-30.100000
 20
96.100000
  0
VERTEX
  8
85
 10
-36.700000
 20
-82.900000
  0
VERTEX
  8
85
 10
145.300000
 20
-85.900000
  0
SEQEND
  0
POLYLINE
  8
8
 66
     1
  0
VERTEX
  8
8
 10
146.500000
 20
86.500000
  0
VERTEX
  8
8
 10
-30.100000
 20
96.100000
  0
VERTEX
  8
8
 10
-36.700000
 20
-82.900000
  0
VERTEX
  8
8
 10
145.300000
 20
-85.900000
  0
SEQEND
  0
POLYLINE
  8
87
 66
     1
  0
VERTEX
  8
87
 10
150.100000
 20
85.900000
  0
VERTEX
  8
87
 10
144.800000
 20
-85.100000
  0
VERTEX
  8
87
 10
-36.000000
 20
-96.200000
  0
VERTEX
  8
87
 10
-35.600000
 20
-82.200000
  0
VERTEX
  8
87
 10
-50.400000
 20
-81.800000
  0
VERTEX
  8
87
 10
-44.600000
 20
96.600000
  0
VERTEX
  8
87
 10
-29.600000
 20
96.100000
  0
VERTEX
  8
87
 10
-9.700000
 20
94.900000
  0
VERTEX
  8
87
 10
130.000000
 20
87.000000
  0
VERTEX
  8
87
 10
150.100000
 20
85.900000
  0
SEQEND
  0
POLYLINE
  8
14
 66
     1
  0
VERTEX
  8
14
 10
150.100000
 20
85.900000
  0
VERTEX
  8
14
 10
144.800000
 20
-85.100000
  0
VERTEX
  8
14
 10
-36.000000
 20
-96.200000
  0
VERTEX
  8
14
 10
-35.600000
 20
-82.200000
  0
VERTEX
  8
14
 10
-50.400000
 20
-81.800000
  0
VERTEX
  8
14
 10
-44.600000
 20
96.600000
  0
VERTEX
  8
14
 10
-29.600000
 20
96.100000
  0
VERTEX
  8
14
 10
-9.700000
 20
94.900000
  0
VERTEX
  8
14
 10
130.000000
 20
87.000000
  0
VERTEX
  8
14
 10
150.100000
 20
85.900000
  0
SEQEND
  0
POINT
  8
2
 10
150.500000
 20
95.800000
  0
POINT
  8
2
 10
185.400000
 20
94.800000
  0
POINT
  8
2
 10
179.900000
 20
-95.900000
  0
POINT
  8
2
 10
145.100000
 20
-94.900000
  0
POINT
  8
2
 10
-46.300000
 20
-106.800000
  0
POINT
  8
2
 10
-45.800000
 20
-91.800000
  0
POINT
  8
2
 10
-60.700000
 20
-91.400000
  0
POINT
  8
2
 10
-54.100000
 20
106.900000
  0
POINT
  8
2
 10
-29.600000
 20
106.000000
  0
POINT
  8
2
 10
-9.200000
 20
104.800000
  0
POINT
  8
2
 10
130.500000
 20
96.900000
  0
POINT
  8
2
 10
150.500000
 20
95.800000
  0
POINT
  8
2
 10
146.500000
 20
86.500000
  0
POINT
  8
2
 10
-30.100000
 20
96.100000
  0
POINT
  8
2
 10
-36.700000
 20
-82.900000
  0
POINT
  8
2
 10
145.300000
 20
-85.900000
  0
POINT
  8
2
 10
150.500000
 20
95.800000
 39
2.500000
 50
267.614100
  0
POINT
  8
2
 10
145.100000
 20
-94.900000
 39
2.500000
 50
92.385940
  0
POINT
  8
2
 10
-29.600000
 20
106.000000
 39
2.500000
 50
270.000000
  0
POINT
  8
2
 10
-9.200000
 20
104.800000
 39
2.500000
 50
267.614100
  0
POINT
  8
2
 10
130.500000
 20
96.900000
 39
2.500000
 50
267.614100
  0
POINT
  8
2
 10
150.100000
 20
85.900000
  0
POINT
  8
2
 10
144.800000
 20
-85.100000
  0
POINT
  8
2
 10
-36.000000
 20
-96.200000
  0
POINT
  8
2
 10
-35.600000
 20
-82.200000
  0
POINT
  8
2
 10
-50.400000
 20
-81.800000
  0
POINT
  8
2
 10
-44.600000
 20
96.600000
  0
POINT
  8
2
 10
-29.600000
 20
96.100000
  0
POINT
  8
2
 10
-9.700000
 20
94.900000
  0
POINT
  8
2
 10
130.000000
 20
87.000000
  0
POINT
  8
2
 10
150.100000
 20
85.900000
  0
POINT
  8
4
 10
150.500000
 20
95.800000
 30
2.500000
 50
267.614100
  0
POINT
  8
4
 10
145.100000
 20
-94.900000
 30
2.500000
 50
92.385940
  0
POINT
  8
4
 10
-29.600000
 20
106.000000
 30
2.500000
 50
270.000000
  0
POINT
  8
4
 10
-9.200000
 20
104.800000
 30
2.500000
 50
267.614100
  0
POINT
  8
4
 10
130.500000
 20
96.900000
 30
2.500000
 50
267.614100
  0
LINE
  8
5
 10
102.500000
 20
0.000000
 11
12.100000
 21
0.000000
  0
LINE
  8
7
 10
102.500000
 20
0.000000
 11
12.100000
 21
0.000000
  0
TEXT
  8
15
 10
-37.900000
 20
33.300000
 40
13.301500
 50
270.861500
  1
BELLOW
  0
TEXT
  8
15
 10
52.500000
 20
-93.000000
 40
16.634530
 50
179.311100
  1
BELLOW
  0
TEXT
  8
15
 10
148.300000
 20
-33.700000
 40
5.714286
 50
270.000000
  1
TO BEND
  0
TEXT
  8
15
 10
22.600000
 20
90.200000
 40
8.333334
 50
0.000000
  1
SIDE  POCKET
  0
TEXT
  8
15
 10
124.300000
 20
-83.800000
 40
12.000000
 50
180.000000
  1
FRONT
  0
TEXT
  8
1
 10
3.300000
 20
109.400000
 40
10.000000
 50
0.000000
  1
Piece Name: POCKET 2P
  0
TEXT
  8
1
 10
3.300000
 20
120.400000
 40
10.000000
 50
0.000000
  1
Size: 42
  0
TEXT
  8
1
 10
3.300000
 20
131.400000
 40
10.000000
 50
0.000000
  1
Annotation: POCKET 2P
  0
TEXT
  8
1
 10
3.300000
 20
142.400000
 40
10.000000
 50
0.000000
  1
Quantity: 1
  0
TEXT
  8
1
 10
3.300000
 20
153.400000
 40
10.000000
 50
0.000000
  1
Material: LEATHER
  0
ENDBLK
  0
BLOCK
  8
1
  2
LINING POCKET 2P
 70
     0
 10
0.00
 20
0.00
  0
POLYLINE
  8
84
 66
     1
 70
     1
  0
VERTEX
  8
84
 10
150.500000
 20
95.800000
  0
VERTEX
  8
84
 10
145.100000
 20
-94.900000
  0
VERTEX
  8
84
 10
-46.300000
 20
-106.800000
  0
VERTEX
  8
84
 10
-45.800000
 20
-91.800000
  0
VERTEX
  8
84
 10
-60.700000
 20
-91.400000
  0
VERTEX
  8
84
 10
-54.100000
 20
106.900000
  0
VERTEX
  8
84
 10
-29.600000
 20
106.000000
  0
VERTEX
  8
84
 10
-9.200000
 20
104.800000
  0
VERTEX
  8
84
 10
130.500000
 20
96.900000
  0
VERTEX
  8
84
 10
150.500000
 20
95.800000
  0
SEQEND
  0
POLYLINE
  8
1
 66
     1
 70
     1
  0
VERTEX
  8
1
 10
150.500000
 20
95.800000
  0
VERTEX
  8
1
 10
145.100000
 20
-94.900000
  0
VERTEX
  8
1
 10
-46.300000
 20
-106.800000
  0
VERTEX
  8
1
 10
-45.800000
 20
-91.800000
  0
VERTEX
  8
1
 10
-60.700000
 20
-91.400000
  0
VERTEX
  8
1
 10
-54.100000
 20
106.900000
  0
VERTEX
  8
1
 10
-29.600000
 20
106.000000
  0
VERTEX
  8
1
 10
-9.200000
 20
104.800000
  0
VERTEX
  8
1
 10
130.500000
 20
96.900000
  0
VERTEX
  8
1
 10
150.500000
 20
95.800000
  0
SEQEND
  0
POLYLINE
  8
85
 66
     1
  0
VERTEX
  8
85
 10
146.500000
 20
86.500000
  0
VERTEX
  8
85
 10
-30.100000
 20
96.100000
  0
VERTEX
  8
85
 10
-36.700000
 20
-82.900000
  0
VERTEX
  8
85
 10
145.300000
 20
-85.900000
  0
SEQEND
  0
POLYLINE
  8
8
 66
     1
  0
VERTEX
  8
8
 10
146.500000
 20
86.500000
  0
VERTEX
  8
8
 10
-30.100000
 20
96.100000
  0
VERTEX
  8
8
 10
-36.700000
 20
-82.900000
  0
VERTEX
  8
8
 10
145.300000
 20
-85.900000
  0
SEQEND
  0
POLYLINE
  8
87
 66
     1
  0
VERTEX
  8
87
 10
140.300000
 20
86.500000
  0
VERTEX
  8
87
 10
135.500000
 20
-85.500000
  0
VERTEX
  8
87
 10
-36.000000
 20
-96.200000
  0
VERTEX
  8
87
 10
-35.600000
 20
-82.200000
  0
VERTEX
  8
87
 10
-50.400000
 20
-81.800000
  0
VERTEX
  8
87
 10
-44.600000
 20
96.600000
  0
VERTEX
  8
87
 10
-29.600000
 20
96.100000
  0
VERTEX
  8
87
 10
-9.700000
 20
94.900000
  0
VERTEX
  8
87
 10
130.000000
 20
87.000000
  0
VERTEX
  8
87
 10
140.300000
 20
86.500000
  0
SEQEND
  0
POLYLINE
  8
14
 66
     1
  0
VERTEX
  8
14
 10
140.300000
 20
86.500000
  0
VERTEX
  8
14
 10
135.500000
 20
-85.500000
  0
VERTEX
  8
14
 10
-36.000000
 20
-96.200000
  0
VERTEX
  8
14
 10
-35.600000
 20
-82.200000
  0
VERTEX
  8
14
 10
-50.400000
 20
-81.800000
  0
VERTEX
  8
14
 10
-44.600000
 20
96.600000
  0
VERTEX
  8
14
 10
-29.600000
 20
96.100000
  0
VERTEX
  8
14
 10
-9.700000
 20
94.900000
  0
VERTEX
  8
14
 10
130.000000
 20
87.000000
  0
VERTEX
  8
14
 10
140.300000
 20
86.500000
  0
SEQEND
  0
POINT
  8
2
 10
150.500000
 20
95.800000
  0
POINT
  8
2
 10
145.100000
 20
-94.900000
  0
POINT
  8
2
 10
-46.300000
 20
-106.800000
  0
POINT
  8
2
 10
-45.800000
 20
-91.800000
  0
POINT
  8
2
 10
-60.700000
 20
-91.400000
  0
POINT
  8
2
 10
-54.100000
 20
106.900000
  0
POINT
  8
2
 10
-29.600000
 20
106.000000
  0
POINT
  8
2
 10
-9.200000
 20
104.800000
  0
POINT
  8
2
 10
130.500000
 20
96.900000
  0
POINT
  8
2
 10
150.500000
 20
95.800000
  0
POINT
  8
2
 10
146.500000
 20
86.500000
  0
POINT
  8
2
 10
-30.100000
 20
96.100000
  0
POINT
  8
2
 10
-36.700000
 20
-82.900000
  0
POINT
  8
2
 10
145.300000
 20
-85.900000
  0
POINT
  8
2
 10
-29.600000
 20
106.000000
 39
2.500000
 50
270.000000
  0
POINT
  8
2
 10
-9.200000
 20
104.800000
 39
2.500000
 50
267.614100
  0
POINT
  8
2
 10
130.500000
 20
96.900000
 39
2.500000
 50
267.614100
  0
POINT
  8
2
 10
140.300000
 20
86.500000
  0
POINT
  8
2
 10
135.500000
 20
-85.500000
  0
POINT
  8
2
 10
-36.000000
 20
-96.200000
  0
POINT
  8
2
 10
-35.600000
 20
-82.200000
  0
POINT
  8
2
 10
-50.400000
 20
-81.800000
  0
POINT
  8
2
 10
-44.600000
 20
96.600000
  0
POINT
  8
2
 10
-29.600000
 20
96.100000
  0
POINT
  8
2
 10
-9.700000
 20
94.900000
  0
POINT
  8
2
 10
130.000000
 20
87.000000
  0
POINT
  8
2
 10
140.300000
 20
86.500000
  0
POINT
  8
4
 10
-29.600000
 20
106.000000
 30
2.500000
 50
270.000000
  0
POINT
  8
4
 10
-9.200000
 20
104.800000
 30
2.500000
 50
267.614100
  0
POINT
  8
4
 10
130.500000
 20
96.900000
 30
2.500000
 50
267.614100
  0
LINE
  8
5
 10
102.500000
 20
0.000000
 11
12.100000
 21
0.000000
  0
LINE
  8
7
 10
102.500000
 20
0.000000
 11
12.100000
 21
0.000000
  0
TEXT
  8
15
 10
-37.900000
 20
33.300000
 40
13.301500
 50
270.861500
  1
BELLOW
  0
TEXT
  8
15
 10
52.500000
 20
-93.000000
 40
16.634530
 50
179.311100
  1
BELLOW
  0
TEXT
  8
15
 10
22.600000
 20
90.200000
 40
8.333334
 50
0.000000
  1
SIDE  POCKET
  0
TEXT
  8
15
 10
124.300000
 20
-83.800000
 40
12.000000
 50
180.000000
  1
FRONT
  0
TEXT
  8
1
 10
3.300000
 20
109.400000
 40
10.000000
 50
0.000000
  1
Piece Name: LINING POCKET 2P
  0
TEXT
  8
1
 10
3.300000
 20
120.400000
 40
10.000000
 50
0.000000
  1
Size: 42
  0
TEXT
  8
1
 10
3.300000
 20
131.400000
 40
10.000000
 50
0.000000
  1
Annotation: LINING POCKET 2P
  0
TEXT
  8
1
 10
3.300000
 20
142.400000
 40
10.000000
 50
0.000000
  1
Quantity: 1
  0
TEXT
  8
1
 10
3.300000
 20
153.400000
 40
10.000000
 50
0.000000
  1
Material: LINING
  0
ENDBLK
  0
BLOCK
  8
1
  2
LINING SIDE POCKET 2P
 70
     0
 10
0.00
 20
0.00
  0
POLYLINE
  8
84
 66
     1
 70
     1
  0
VERTEX
  8
84
 10
150.500000
 20
95.800000
  0
VERTEX
  8
84
 10
145.100000
 20
-94.900000
  0
VERTEX
  8
84
 10
-46.300000
 20
-106.800000
  0
VERTEX
  8
84
 10
-45.800000
 20
-91.800000
  0
VERTEX
  8
84
 10
-60.700000
 20
-91.400000
  0
VERTEX
  8
84
 10
-54.100000
 20
106.900000
  0
VERTEX
  8
84
 10
-29.600000
 20
106.000000
  0
VERTEX
  8
84
 10
-9.200000
 20
104.800000
  0
VERTEX
  8
84
 10
130.500000
 20
96.900000
  0
VERTEX
  8
84
 10
150.500000
 20
95.800000
  0
SEQEND
  0
POLYLINE
  8
1
 66
     1
 70
     1
  0
VERTEX
  8
1
 10
150.500000
 20
95.800000
  0
VERTEX
  8
1
 10
145.100000
 20
-94.900000
  0
VERTEX
  8
1
 10
-46.300000
 20
-106.800000
  0
VERTEX
  8
1
 10
-45.800000
 20
-91.800000
  0
VERTEX
  8
1
 10
-60.700000
 20
-91.400000
  0
VERTEX
  8
1
 10
-54.100000
 20
106.900000
  0
VERTEX
  8
1
 10
-29.600000
 20
106.000000
  0
VERTEX
  8
1
 10
-9.200000
 20
104.800000
  0
VERTEX
  8
1
 10
130.500000
 20
96.900000
  0
VERTEX
  8
1
 10
150.500000
 20
95.800000
  0
SEQEND
  0
POLYLINE
  8
85
 66
     1
  0
VERTEX
  8
85
 10
146.500000
 20
86.500000
  0
VERTEX
  8
85
 10
-30.100000
 20
96.100000
  0
VERTEX
  8
85
 10
-36.700000
 20
-82.900000
  0
VERTEX
  8
85
 10
145.300000
 20
-85.900000
  0
SEQEND
  0
POLYLINE
  8
8
 66
     1
  0
VERTEX
  8
8
 10
146.500000
 20
86.500000
  0
VERTEX
  8
8
 10
-30.100000
 20
96.100000
  0
VERTEX
  8
8
 10
-36.700000
 20
-82.900000
  0
VERTEX
  8
8
 10
145.300000
 20
-85.900000
  0
SEQEND
  0
POLYLINE
  8
85
 66
     1
  0
VERTEX
  8
85
 10
-22.500000
 20
54.300000
  0
VERTEX
  8
85
 10
145.000000
 20
47.500000
  0
SEQEND
  0
POLYLINE
  8
8
 66
     1
  0
VERTEX
  8
8
 10
-22.500000
 20
54.300000
  0
VERTEX
  8
8
 10
145.000000
 20
47.500000
  0
SEQEND
  0
POLYLINE
  8
87
 66
     1
  0
VERTEX
  8
87
 10
140.300000
 20
86.500000
  0
VERTEX
  8
87
 10
135.500000
 20
-85.500000
  0
VERTEX
  8
87
 10
-36.000000
 20
-96.200000
  0
VERTEX
  8
87
 10
-35.600000
 20
-82.200000
  0
VERTEX
  8
87
 10
-50.400000
 20
-81.800000
  0
VERTEX
  8
87
 10
-44.600000
 20
96.600000
  0
VERTEX
  8
87
 10
-29.600000
 20
96.100000
  0
VERTEX
  8
87
 10
-9.700000
 20
94.900000
  0
VERTEX
  8
87
 10
130.000000
 20
87.000000
  0
VERTEX
  8
87
 10
140.300000
 20
86.500000
  0
SEQEND
  0
POLYLINE
  8
14
 66
     1
  0
VERTEX
  8
14
 10
140.300000
 20
86.500000
  0
VERTEX
  8
14
 10
135.500000
 20
-85.500000
  0
VERTEX
  8
14
 10
-36.000000
 20
-96.200000
  0
VERTEX
  8
14
 10
-35.600000
 20
-82.200000
  0
VERTEX
  8
14
 10
-50.400000
 20
-81.800000
  0
VERTEX
  8
14
 10
-44.600000
 20
96.600000
  0
VERTEX
  8
14
 10
-29.600000
 20
96.100000
  0
VERTEX
  8
14
 10
-9.700000
 20
94.900000
  0
VERTEX
  8
14
 10
130.000000
 20
87.000000
  0
VERTEX
  8
14
 10
140.300000
 20
86.500000
  0
SEQEND
  0
POINT
  8
2
 10
150.500000
 20
95.800000
  0
POINT
  8
2
 10
145.100000
 20
-94.900000
  0
POINT
  8
2
 10
-46.300000
 20
-106.800000
  0
POINT
  8
2
 10
-45.800000
 20
-91.800000
  0
POINT
  8
2
 10
-60.700000
 20
-91.400000
  0
POINT
  8
2
 10
-54.100000
 20
106.900000
  0
POINT
  8
2
 10
-29.600000
 20
106.000000
  0
POINT
  8
2
 10
-9.200000
 20
104.800000
  0
POINT
  8
2
 10
130.500000
 20
96.900000
  0
POINT
  8
2
 10
150.500000
 20
95.800000
  0
POINT
  8
2
 10
146.500000
 20
86.500000
  0
POINT
  8
2
 10
-30.100000
 20
96.100000
  0
POINT
  8
2
 10
-36.700000
 20
-82.900000
  0
POINT
  8
2
 10
145.300000
 20
-85.900000
  0
POINT
  8
2
 10
-22.500000
 20
54.300000
  0
POINT
  8
2
 10
145.000000
 20
47.500000
  0
POINT
  8
2
 10
-29.600000
 20
106.000000
 39
2.500000
 50
270.000000
  0
POINT
  8
2
 10
-9.200000
 20
104.800000
 39
2.500000
 50
267.614100
  0
POINT
  8
2
 10
130.500000
 20
96.900000
 39
2.500000
 50
267.614100
  0
POINT
  8
2
 10
140.300000
 20
86.500000
  0
POINT
  8
2
 10
135.500000
 20
-85.500000
  0
POINT
  8
2
 10
-36.000000
 20
-96.200000
  0
POINT
  8
2
 10
-35.600000
 20
-82.200000
  0
POINT
  8
2
 10
-50.400000
 20
-81.800000
  0
POINT
  8
2
 10
-44.600000
 20
96.600000
  0
POINT
  8
2
 10
-29.600000
 20
96.100000
  0
POINT
  8
2
 10
-9.700000
 20
94.900000
  0
POINT
  8
2
 10
130.000000
 20
87.000000
  0
POINT
  8
2
 10
140.300000
 20
86.500000
  0
POINT
  8
4
 10
-29.600000
 20
106.000000
 30
2.500000
 50
270.000000
  0
POINT
  8
4
 10
-9.200000
 20
104.800000
 30
2.500000
 50
267.614100
  0
POINT
  8
4
 10
130.500000
 20
96.900000
 30
2.500000
 50
267.614100
  0
LINE
  8
5
 10
102.500000
 20
0.000000
 11
12.100000
 21
0.000000
  0
LINE
  8
7
 10
102.500000
 20
0.000000
 11
12.100000
 21
0.000000
  0
TEXT
  8
15
 10
-37.900000
 20
33.300000
 40
13.301500
 50
270.861500
  1
BELLOW
  0
TEXT
  8
15
 10
52.500000
 20
-93.000000
 40
16.634530
 50
179.311100
  1
BELLOW
  0
TEXT
  8
15
 10
22.600000
 20
90.200000
 40
8.333334
 50
0.000000
  1
SIDE  POCKET
  0
TEXT
  8
15
 10
124.300000
 20
-83.800000
 40
12.000000
 50
180.000000
  1
FRONT
  0
TEXT
  8
15
 10
88.500000
 20
55.100000
 40
2.849211
 50
358.084500
  1
SUPPORT FACING POCKET
  0
TEXT
  8
1
 10
3.300000
 20
109.400000
 40
10.000000
 50
0.000000
  1
Piece Name: LINING SIDE POCKET 2P
  0
TEXT
  8
1
 10
3.300000
 20
120.400000
 40
10.000000
 50
0.000000
  1
Size: 42
  0
TEXT
  8
1
 10
3.300000
 20
131.400000
 40
10.000000
 50
0.000000
  1
Annotation: LINING SIDE POCKET 2P
  0
TEXT
  8
1
 10
3.300000
 20
142.400000
 40
10.000000
 50
0.000000
  1
Quantity: 1
  0
TEXT
  8
1
 10
3.300000
 20
153.400000
 40
10.000000
 50
0.000000
  1
Material: LINING
  0
ENDBLK
  0
BLOCK
  8
1
  2
SIDE PKT FACE 2P
 70
     0
 10
0.00
 20
0.00
  0
POLYLINE
  8
84
 66
     1
 70
     1
  0
VERTEX
  8
84
 10
-61.800000
 20
-32.100000
  0
VERTEX
  8
84
 10
-60.200000
 20
27.700000
  0
VERTEX
  8
84
 10
-30.300000
 20
26.800000
  0
VERTEX
  8
84
 10
109.300000
 20
20.700000
  0
VERTEX
  8
84
 10
129.300000
 20
19.800000
  0
VERTEX
  8
84
 10
128.100000
 20
-40.100000
  0
VERTEX
  8
84
 10
-61.800000
 20
-32.100000
  0
SEQEND
  0
POLYLINE
  8
1
 66
     1
 70
     1
  0
VERTEX
  8
1
 10
-61.800000
 20
-32.100000
  0
VERTEX
  8
1
 10
-60.200000
 20
27.700000
  0
VERTEX
  8
1
 10
-30.300000
 20
26.800000
  0
VERTEX
  8
1
 10
109.300000
 20
20.700000
  0
VERTEX
  8
1
 10
129.300000
 20
19.800000
  0
VERTEX
  8
1
 10
128.100000
 20
-40.100000
  0
VERTEX
  8
1
 10
-61.800000
 20
-32.100000
  0
SEQEND
  0
POINT
  8
2
 10
-61.800000
 20
-32.100000
  0
POINT
  8
2
 10
-60.200000
 20
27.700000
  0
POINT
  8
2
 10
-30.300000
 20
26.800000
  0
POINT
  8
2
 10
109.300000
 20
20.700000
  0
POINT
  8
2
 10
129.300000
 20
19.800000
  0
POINT
  8
2
 10
128.100000
 20
-40.100000
  0
POINT
  8
2
 10
-61.800000
 20
-32.100000
  0
POINT
  8
2
 10
-30.300000
 20
26.800000
 39
2.500000
 50
270.000000
  0
POINT
  8
2
 10
109.300000
 20
20.700000
 39
2.500000
 50
267.614100
  0
POINT
  8
4
 10
-30.300000
 20
26.800000
 30
2.500000
 50
270.000000
  0
POINT
  8
4
 10
109.300000
 20
20.700000
 30
2.500000
 50
267.614100
  0
LINE
  8
5
 10
86.300000
 20
0.000000
 11
28.300000
 21
0.000000
  0
LINE
  8
7
 10
86.300000
 20
0.000000
 11
28.300000
 21
0.000000
  0
TEXT
  8
15
 10
111.900000
 20
1.900000
 40
7.000000
 50
270.000000
  1
HIGH
  0
TEXT
  8
1
 10
3.300000
 20
109.400000
 40
10.000000
 50
0.000000
  1
Piece Name: SIDE PKT FACE 2P
  0
TEXT
  8
1
 10
3.300000
 20
120.400000
 40
10.000000
 50
0.000000
  1
Size: 42
  0
TEXT
  8
1
 10
3.300000
 20
131.400000
 40
10.000000
 50
0.000000
  1
Annotation: SIDE PKT FACE 2P
  0
TEXT
  8
1
 10
3.300000
 20
142.400000
 40
10.000000
 50
0.000000
  1
Quantity: 1
  0
TEXT
  8
1
 10
3.300000
 20
153.400000
 40
10.000000
 50
0.000000
  1
Material: LEATHER
  0
ENDBLK
  0
BLOCK
  8
1
  2
FLAP XRIGHT FRONT 2P
 70
     0
 10
0.00
 20
0.00
  0
POLYLINE
  8
84
 66
     1
 70
     1
  0
VERTEX
  8
84
 10
232.200000
 20
13.200000
  0
VERTEX
  8
84
 10
232.200000
 20
-61.800000
  0
VERTEX
  8
84
 10
-437.800000
 20
-61.800000
  0
VERTEX
  8
84
 10
-437.800000
 20
13.200000
  0
VERTEX
  8
84
 10
232.200000
 20
13.200000
  0
SEQEND
  0
POLYLINE
  8
1
 66
     1
 70
     1
  0
VERTEX
  8
1
 10
232.200000
 20
13.200000
  0
VERTEX
  8
1
 10
232.200000
 20
-61.800000
  0
VERTEX
  8
1
 10
-437.800000
 20
-61.800000
  0
VERTEX
  8
1
 10
-437.800000
 20
13.200000
  0
VERTEX
  8
1
 10
232.200000
 20
13.200000
  0
SEQEND
  0
POLYLINE
  8
87
 66
     1
  0
VERTEX
  8
87
 10
222.200000
 20
3.200000
  0
VERTEX
  8
87
 10
222.200000
 20
-51.800000
  0
VERTEX
  8
87
 10
-427.800000
 20
-51.800000
  0
VERTEX
  8
87
 10
-427.800000
 20
3.200000
  0
VERTEX
  8
87
 10
222.200000
 20
3.200000
  0
SEQEND
  0
POLYLINE
  8
14
 66
     1
  0
VERTEX
  8
14
 10
222.200000
 20
3.200000
  0
VERTEX
  8
14
 10
222.200000
 20
-51.800000
  0
VERTEX
  8
14
 10
-427.800000
 20
-51.800000
  0
VERTEX
  8
14
 10
-427.800000
 20
3.200000
  0
VERTEX
  8
14
 10
222.200000
 20
3.200000
  0
SEQEND
  0
POINT
  8
2
 10
232.200000
 20
13.200000
  0
POINT
  8
2
 10
232.200000
 20
-61.800000
  0
POINT
  8
2
 10
-437.800000
 20
-61.800000
  0
POINT
  8
2
 10
-437.800000
 20
13.200000
  0
POINT
  8
2
 10
232.200000
 20
13.200000
  0
POINT
  8
2
 10
-401.900000
 20
-32.000000
  0
TEXT
  8
2
 10
-401.900000
 20
-32.000000
 40
0.250000
 50
0.000000
  1
#1
  0
POINT
  8
2
 10
-268.900000
 20
-32.000000
  0
TEXT
  8
2
 10
-268.900000
 20
-32.000000
 40
0.250000
 50
0.000000
  1
#1
  0
POINT
  8
2
 10
-135.900000
 20
-32.000000
  0
TEXT
  8
2
 10
-135.900000
 20
-32.000000
 40
0.250000
 50
0.000000
  1
#1
  0
POINT
  8
2
 10
-2.900000
 20
-32.000000
  0
TEXT
  8
2
 10
-2.900000
 20
-32.000000
 40
0.250000
 50
0.000000
  1
#1
  0
POINT
  8
2
 10
130.100000
 20
-32.000000
  0
TEXT
  8
2
 10
130.100000
 20
-32.000000
 40
0.250000
 50
0.000000
  1
#1
  0
POINT
  8
2
 10
201.100000
 20
-32.000000
  0
TEXT
  8
2
 10
201.100000
 20
-32.000000
 40
0.250000
 50
0.000000
  1
#1
  0
POINT
  8
2
 10
222.200000
 20
3.200000
  0
POINT
  8
2
 10
222.200000
 20
-51.800000
  0
POINT
  8
2
 10
-427.800000
 20
-51.800000
  0
POINT
  8
2
 10
-427.800000
 20
3.200000
  0
POINT
  8
2
 10
222.200000
 20
3.200000
  0
POINT
  8
13
 10
-401.900000
 20
-32.000000
  0
TEXT
  8
13
 10
-401.900000
 20
-32.000000
 40
0.250000
 50
0.000000
  1
#1
  0
POINT
  8
13
 10
-268.900000
 20
-32.000000
  0
TEXT
  8
13
 10
-268.900000
 20
-32.000000
 40
0.250000
 50
0.000000
  1
#1
  0
POINT
  8
13
 10
-135.900000
 20
-32.000000
  0
TEXT
  8
13
 10
-135.900000
 20
-32.000000
 40
0.250000
 50
0.000000
  1
#1
  0
POINT
  8
13
 10
-2.900000
 20
-32.000000
  0
TEXT
  8
13
 10
-2.900000
 20
-32.000000
 40
0.250000
 50
0.000000
  1
#1
  0
POINT
  8
13
 10
130.100000
 20
-32.000000
  0
TEXT
  8
13
 10
130.100000
 20
-32.000000
 40
0.250000
 50
0.000000
  1
#1
  0
POINT
  8
13
 10
201.100000
 20
-32.000000
  0
TEXT
  8
13
 10
201.100000
 20
-32.000000
 40
0.250000
 50
0.000000
  1
#1
  0
LINE
  8
5
 10
126.800000
 20
0.000000
 11
-12.100000
 21
0.000000
  0
LINE
  8
7
 10
126.800000
 20
0.000000
 11
-12.100000
 21
0.000000
  0
TEXT
  8
15
 10
218.700000
 20
-10.400000
 40
8.746428
 50
275.906100
  1
HIGH
  0
TEXT
  8
15
 10
192.300000
 20
-31.400000
 40
7.500000
 50
180.000000
  1
SNAP
  0
TEXT
  8
15
 10
122.900000
 20
-32.600000
 40
10.500000
 50
180.000000
  1
SNAP
  0
TEXT
  8
15
 10
-10.000000
 20
-31.400000
 40
7.800000
 50
180.000000
  1
SNAP
  0
TEXT
  8
15
 10
-145.100000
 20
-30.800000
 40
12.000000
 50
180.000000
  1
SNAP
  0
TEXT
  8
15
 10
-278.300000
 20
-31.400000
 40
9.250000
 50
180.000000
  1
SNAP
  0
TEXT
  8
15
 10
-407.200000
 20
-32.000000
 40
8.950000
 50
180.000000
  1
SNAP
  0
TEXT
  8
1
 10
3.300000
 20
109.400000
 40
10.000000
 50
0.000000
  1
Piece Name: FLAP XRIGHT FRONT 2P
  0
TEXT
  8
1
 10
3.300000
 20
120.400000
 40
10.000000
 50
0.000000
  1
Size: 42
  0
TEXT
  8
1
 10
3.300000
 20
131.400000
 40
10.000000
 50
0.000000
  1
Annotation: FLAP XRIGHT FRONT 2P
  0
TEXT
  8
1
 10
3.300000
 20
142.400000
 40
10.000000
 50
0.000000
  1
Quantity: 1
  0
TEXT
  8
1
 10
3.300000
 20
153.400000
 40
10.000000
 50
0.000000
  1
Material: LEATHER
  0
ENDBLK
  0
BLOCK
  8
1
  2
UP SLEEVE 2P
 70
     0
 10
0.00
 20
0.00
  0
POLYLINE
  8
84
 66
     1
 70
     1
  0
VERTEX
  8
84
 10
266.600000
 20
131.400000
  0
VERTEX
  8
84
 10
266.900000
 20
121.200000
  0
VERTEX
  8
84
 10
279.700000
 20
108.900000
  0
VERTEX
  8
84
 10
286.300000
 20
102.000000
  0
VERTEX
  8
84
 10
290.100000
 20
97.900000
  0
VERTEX
  8
84
 10
291.800000
 20
96.000000
  0
VERTEX
  8
84
 10
292.900000
 20
94.700000
  0
VERTEX
  8
84
 10
293.900000
 20
93.400000
  0
VERTEX
  8
84
 10
294.700000
 20
92.200000
  0
VERTEX
  8
84
 10
295.700000
 20
90.800000
  0
VERTEX
  8
84
 10
296.700000
 20
89.400000
  0
VERTEX
  8
84
 10
297.900000
 20
87.500000
  0
VERTEX
  8
84
 10
299.500000
 20
85.400000
  0
VERTEX
  8
84
 10
300.800000
 20
83.600000
  0
VERTEX
  8
84
 10
301.700000
 20
82.000000
  0
VERTEX
  8
84
 10
302.400000
 20
80.400000
  0
VERTEX
  8
84
 10
303.300000
 20
78.700000
  0
VERTEX
  8
84
 10
304.100000
 20
77.100000
  0
VERTEX
  8
84
 10
304.900000
 20
75.600000
  0
VERTEX
  8
84
 10
305.700000
 20
74.000000
  0
VERTEX
  8
84
 10
306.300000
 20
72.500000
  0
VERTEX
  8
84
 10
307.200000
 20
70.700000
  0
VERTEX
  8
84
 10
307.900000
 20
68.700000
  0
VERTEX
  8
84
 10
308.600000
 20
66.800000
  0
VERTEX
  8
84
 10
309.200000
 20
65.000000
  0
VERTEX
  8
84
 10
309.800000
 20
63.300000
  0
VERTEX
  8
84
 10
310.400000
 20
61.500000
  0
VERTEX
  8
84
 10
311.200000
 20
58.700000
  0
VERTEX
  8
84
 10
312.100000
 20
54.900000
  0
VERTEX
  8
84
 10
313.200000
 20
51.000000
  0
VERTEX
  8
84
 10
313.800000
 20
47.800000
  0
VERTEX
  8
84
 10
314.200000
 20
45.100000
  0
VERTEX
  8
84
 10
314.300000
 20
42.200000
  0
VERTEX
  8
84
 10
314.700000
 20
39.400000
  0
VERTEX
  8
84
 10
314.900000
 20
37.100000
  0
VERTEX
  8
84
 10
315.000000
 20
34.600000
  0
VERTEX
  8
84
 10
315.000000
 20
32.200000
  0
VERTEX
  8
84
 10
315.200000
 20
29.400000
  0
VERTEX
  8
84
 10
315.100000
 20
25.600000
  0
VERTEX
  8
84
 10
315.000000
 20
21.300000
  0
VERTEX
  8
84
 10
314.700000
 20
17.500000
  0
VERTEX
  8
84
 10
314.200000
 20
14.300000
  0
VERTEX
  8
84
 10
313.800000
 20
10.900000
  0
VERTEX
  8
84
 10
313.000000
 20
7.800000
  0
VERTEX
  8
84
 10
312.400000
 20
4.700000
  0
VERTEX
  8
84
 10
311.600000
 20
2.100000
  0
VERTEX
  8
84
 10
310.800000
 20
-0.800000
  0
VERTEX
  8
84
 10
310.000000
 20
-3.600000
  0
VERTEX
  8
84
 10
308.900000
 20
-6.400000
  0
VERTEX
  8
84
 10
307.800000
 20
-9.500000
  0
VERTEX
  8
84
 10
306.200000
 20
-13.600000
  0
VERTEX
  8
84
 10
304.000000
 20
-18.300000
  0
VERTEX
  8
84
 10
301.900000
 20
-22.100000
  0
VERTEX
  8
84
 10
300.600000
 20
-24.600000
  0
VERTEX
  8
84
 10
299.800000
 20
-26.000000
  0
VERTEX
  8
84
 10
298.900000
 20
-27.400000
  0
VERTEX
  8
84
 10
297.700000
 20
-29.100000
  0
VERTEX
  8
84
 10
296.500000
 20
-30.800000
  0
VERTEX
  8
84
 10
295.000000
 20
-32.800000
  0
VERTEX
  8
84
 10
293.300000
 20
-35.000000
  0
VERTEX
  8
84
 10
291.300000
 20
-37.300000
  0
VERTEX
  8
84
 10
289.100000
 20
-39.800000
  0
VERTEX
  8
84
 10
286.300000
 20
-42.800000
  0
VERTEX
  8
84
 10
283.100000
 20
-45.800000
  0
VERTEX
  8
84
 10
280.600000
 20
-48.100000
  0
VERTEX
  8
84
 10
278.800000
 20
-49.900000
  0
VERTEX
  8
84
 10
277.000000
 20
-51.400000
  0
VERTEX
  8
84
 10
275.100000
 20
-52.800000
  0
VERTEX
  8
84
 10
273.200000
 20
-54.100000
  0
VERTEX
  8
84
 10
271.700000
 20
-55.100000
  0
VERTEX
  8
84
 10
270.400000
 20
-56.200000
  0
VERTEX
  8
84
 10
269.000000
 20
-57.100000
  0
VERTEX
  8
84
 10
267.900000
 20
-58.000000
  0
VERTEX
  8
84
 10
266.400000
 20
-58.700000
  0
VERTEX
  8
84
 10
263.400000
 20
-59.900000
  0
VERTEX
  8
84
 10
258.800000
 20
-62.200000
  0
VERTEX
  8
84
 10
253.500000
 20
-65.100000
  0
VERTEX
  8
84
 10
248.800000
 20
-67.400000
  0
VERTEX
  8
84
 10
245.200000
 20
-68.900000
  0
VERTEX
  8
84
 10
242.200000
 20
-70.300000
  0
VERTEX
  8
84
 10
239.100000
 20
-71.800000
  0
VERTEX
  8
84
 10
235.800000
 20
-73.200000
  0
VERTEX
  8
84
 10
231.400000
 20
-75.100000
  0
VERTEX
  8
84
 10
226.100000
 20
-77.500000
  0
VERTEX
  8
84
 10
221.000000
 20
-79.800000
  0
VERTEX
  8
84
 10
216.700000
 20
-81.600000
  0
VERTEX
  8
84
 10
212.500000
 20
-83.500000
  0
VERTEX
  8
84
 10
208.300000
 20
-85.200000
  0
VERTEX
  8
84
 10
196.600000
 20
-90.100000
  0
VERTEX
  8
84
 10
193.300000
 20
-91.200000
  0
VERTEX
  8
84
 10
191.200000
 20
-92.100000
  0
VERTEX
  8
84
 10
189.200000
 20
-93.000000
  0
VERTEX
  8
84
 10
187.500000
 20
-93.800000
  0
VERTEX
  8
84
 10
185.600000
 20
-94.700000
  0
VERTEX
  8
84
 10
184.000000
 20
-95.700000
  0
VERTEX
  8
84
 10
182.100000
 20
-96.900000
  0
VERTEX
  8
84
 10
180.500000
 20
-97.900000
  0
VERTEX
  8
84
 10
178.800000
 20
-99.200000
  0
VERTEX
  8
84
 10
177.100000
 20
-100.500000
  0
VERTEX
  8
84
 10
175.500000
 20
-101.600000
  0
VERTEX
  8
84
 10
174.100000
 20
-102.800000
  0
VERTEX
  8
84
 10
172.800000
 20
-104.100000
  0
VERTEX
  8
84
 10
171.300000
 20
-105.700000
  0
VERTEX
  8
84
 10
169.700000
 20
-107.100000
  0
VERTEX
  8
84
 10
168.300000
 20
-108.800000
  0
VERTEX
  8
84
 10
167.100000
 20
-110.100000
  0
VERTEX
  8
84
 10
165.800000
 20
-111.700000
  0
VERTEX
  8
84
 10
164.600000
 20
-113.400000
  0
VERTEX
  8
84
 10
163.200000
 20
-115.100000
  0
VERTEX
  8
84
 10
161.900000
 20
-116.800000
  0
VERTEX
  8
84
 10
160.800000
 20
-118.000000
  0
VERTEX
  8
84
 10
159.900000
 20
-119.400000
  0
VERTEX
  8
84
 10
159.000000
 20
-120.700000
  0
VERTEX
  8
84
 10
157.900000
 20
-122.700000
  0
VERTEX
  8
84
 10
156.400000
 20
-125.500000
  0
VERTEX
  8
84
 10
154.100000
 20
-129.800000
  0
VERTEX
  8
84
 10
129.300000
 20
-125.600000
  0
VERTEX
  8
84
 10
98.600000
 20
-120.500000
  0
VERTEX
  8
84
 10
63.600000
 20
-114.800000
  0
VERTEX
  8
84
 10
28.700000
 20
-109.800000
  0
VERTEX
  8
84
 10
-1.800000
 20
-106.200000
  0
VERTEX
  8
84
 10
-26.400000
 20
-103.800000
  0
VERTEX
  8
84
 10
-43.800000
 20
-102.000000
  0
VERTEX
  8
84
 10
-46.100000
 20
-101.800000
  0
VERTEX
  8
84
 10
-63.000000
 20
-100.500000
  0
VERTEX
  8
84
 10
-79.000000
 20
-99.700000
  0
VERTEX
  8
84
 10
-95.400000
 20
-98.900000
  0
VERTEX
  8
84
 10
-114.200000
 20
-98.600000
  0
VERTEX
  8
84
 10
-136.300000
 20
-99.100000
  0
VERTEX
  8
84
 10
-161.600000
 20
-100.200000
  0
VERTEX
  8
84
 10
-189.100000
 20
-101.700000
  0
VERTEX
  8
84
 10
-217.100000
 20
-104.000000
  0
VERTEX
  8
84
 10
-244.800000
 20
-106.800000
  0
VERTEX
  8
84
 10
-279.500000
 20
86.100000
  0
VERTEX
  8
84
 10
-135.100000
 20
114.400000
  0
VERTEX
  8
84
 10
-116.400000
 20
117.700000
  0
VERTEX
  8
84
 10
-98.100000
 20
120.800000
  0
VERTEX
  8
84
 10
-81.500000
 20
123.600000
  0
VERTEX
  8
84
 10
-67.100000
 20
126.000000
  0
VERTEX
  8
84
 10
-54.100000
 20
127.600000
  0
VERTEX
  8
84
 10
-40.000000
 20
128.700000
  0
VERTEX
  8
84
 10
-23.700000
 20
130.000000
  0
VERTEX
  8
84
 10
-5.700000
 20
131.400000
  0
VERTEX
  8
84
 10
12.100000
 20
132.300000
  0
VERTEX
  8
84
 10
28.800000
 20
133.000000
  0
VERTEX
  8
84
 10
44.500000
 20
133.400000
  0
VERTEX
  8
84
 10
60.100000
 20
133.500000
  0
VERTEX
  8
84
 10
75.000000
 20
133.800000
  0
VERTEX
  8
84
 10
87.800000
 20
133.700000
  0
VERTEX
  8
84
 10
99.600000
 20
133.700000
  0
VERTEX
  8
84
 10
116.200000
 20
133.400000
  0
VERTEX
  8
84
 10
130.100000
 20
133.000000
  0
VERTEX
  8
84
 10
177.900000
 20
133.000000
  0
VERTEX
  8
84
 10
212.200000
 20
132.800000
  0
VERTEX
  8
84
 10
238.700000
 20
132.400000
  0
VERTEX
  8
84
 10
255.800000
 20
132.000000
  0
VERTEX
  8
84
 10
266.600000
 20
131.400000
  0
SEQEND
  0
POLYLINE
  8
1
 66
     1
 70
     1
  0
VERTEX
  8
1
 10
266.600000
 20
131.400000
  0
VERTEX
  8
1
 10
266.900000
 20
121.200000
  0
VERTEX
  8
1
 10
279.700000
 20
108.900000
  0
VERTEX
  8
1
 10
286.300000
 20
102.000000
  0
VERTEX
  8
1
 10
290.100000
 20
97.900000
  0
VERTEX
  8
1
 10
291.800000
 20
96.000000
  0
VERTEX
  8
1
 10
292.900000
 20
94.700000
  0
VERTEX
  8
1
 10
293.900000
 20
93.400000
  0
VERTEX
  8
1
 10
294.700000
 20
92.200000
  0
VERTEX
  8
1
 10
295.700000
 20
90.800000
  0
VERTEX
  8
1
 10
296.700000
 20
89.400000
  0
VERTEX
  8
1
 10
297.900000
 20
87.500000
  0
VERTEX
  8
1
 10
299.500000
 20
85.400000
  0
VERTEX
  8
1
 10
300.800000
 20
83.600000
  0
VERTEX
  8
1
 10
301.700000
 20
82.000000
  0
VERTEX
  8
1
 10
302.400000
 20
80.400000
  0
VERTEX
  8
1
 10
303.300000
 20
78.700000
  0
VERTEX
  8
1
 10
304.100000
 20
77.100000
  0
VERTEX
  8
1
 10
304.900000
 20
75.600000
  0
VERTEX
  8
1
 10
305.700000
 20
74.000000
  0
VERTEX
  8
1
 10
306.300000
 20
72.500000
  0
VERTEX
  8
1
 10
307.200000
 20
70.700000
  0
VERTEX
  8
1
 10
307.900000
 20
68.700000
  0
VERTEX
  8
1
 10
308.600000
 20
66.800000
  0
VERTEX
  8
1
 10
309.200000
 20
65.000000
  0
VERTEX
  8
1
 10
309.800000
 20
63.300000
  0
VERTEX
  8
1
 10
310.400000
 20
61.500000
  0
VERTEX
  8
1
 10
311.200000
 20
58.700000
  0
VERTEX
  8
1
 10
312.100000
 20
54.900000
  0
VERTEX
  8
1
 10
313.200000
 20
51.000000
  0
VERTEX
  8
1
 10
313.800000
 20
47.800000
  0
VERTEX
  8
1
 10
314.200000
 20
45.100000
  0
VERTEX
  8
1
 10
314.300000
 20
42.200000
  0
VERTEX
  8
1
 10
314.700000
 20
39.400000
  0
VERTEX
  8
1
 10
314.900000
 20
37.100000
  0
VERTEX
  8
1
 10
315.000000
 20
34.600000
  0
VERTEX
  8
1
 10
315.000000
 20
32.200000
  0
VERTEX
  8
1
 10
315.200000
 20
29.400000
  0
VERTEX
  8
1
 10
315.100000
 20
25.600000
  0
VERTEX
  8
1
 10
315.000000
 20
21.300000
  0
VERTEX
  8
1
 10
314.700000
 20
17.500000
  0
VERTEX
  8
1
 10
314.200000
 20
14.300000
  0
VERTEX
  8
1
 10
313.800000
 20
10.900000
  0
VERTEX
  8
1
 10
313.000000
 20
7.800000
  0
VERTEX
  8
1
 10
312.400000
 20
4.700000
  0
VERTEX
  8
1
 10
311.600000
 20
2.100000
  0
VERTEX
  8
1
 10
310.800000
 20
-0.800000
  0
VERTEX
  8
1
 10
310.000000
 20
-3.600000
  0
VERTEX
  8
1
 10
308.900000
 20
-6.400000
  0
VERTEX
  8
1
 10
307.800000
 20
-9.500000
  0
VERTEX
  8
1
 10
306.200000
 20
-13.600000
  0
VERTEX
  8
1
 10
304.000000
 20
-18.300000
  0
VERTEX
  8
1
 10
301.900000
 20
-22.100000
  0
VERTEX
  8
1
 10
300.600000
 20
-24.600000
  0
VERTEX
  8
1
 10
299.800000
 20
-26.000000
  0
VERTEX
  8
1
 10
298.900000
 20
-27.400000
  0
VERTEX
  8
1
 10
297.700000
 20
-29.100000
  0
VERTEX
  8
1
 10
296.500000
 20
-30.800000
  0
VERTEX
  8
1
 10
295.000000
 20
-32.800000
  0
VERTEX
  8
1
 10
293.300000
 20
-35.000000
  0
VERTEX
  8
1
 10
291.300000
 20
-37.300000
  0
VERTEX
  8
1
 10
289.100000
 20
-39.800000
  0
VERTEX
  8
1
 10
286.300000
 20
-42.800000
  0
VERTEX
  8
1
 10
283.100000
 20
-45.800000
  0
VERTEX
  8
1
 10
280.600000
 20
-48.100000
  0
VERTEX
  8
1
 10
278.800000
 20
-49.900000
  0
VERTEX
  8
1
 10
277.000000
 20
-51.400000
  0
VERTEX
  8
1
 10
275.100000
 20
-52.800000
  0
VERTEX
  8
1
 10
273.200000
 20
-54.100000
  0
VERTEX
  8
1
 10
271.700000
 20
-55.100000
  0
VERTEX
  8
1
 10
270.400000
 20
-56.200000
  0
VERTEX
  8
1
 10
269.000000
 20
-57.100000
  0
VERTEX
  8
1
 10
267.900000
 20
-58.000000
  0
VERTEX
  8
1
 10
266.400000
 20
-58.700000
  0
VERTEX
  8
1
 10
263.400000
 20
-59.900000
  0
VERTEX
  8
1
 10
258.800000
 20
-62.200000
  0
VERTEX
  8
1
 10
253.500000
 20
-65.100000
  0
VERTEX
  8
1
 10
248.800000
 20
-67.400000
  0
VERTEX
  8
1
 10
245.200000
 20
-68.900000
  0
VERTEX
  8
1
 10
242.200000
 20
-70.300000
  0
VERTEX
  8
1
 10
239.100000
 20
-71.800000
  0
VERTEX
  8
1
 10
235.800000
 20
-73.200000
  0
VERTEX
  8
1
 10
231.400000
 20
-75.100000
  0
VERTEX
  8
1
 10
226.100000
 20
-77.500000
  0
VERTEX
  8
1
 10
221.000000
 20
-79.800000
  0
VERTEX
  8
1
 10
216.700000
 20
-81.600000
  0
VERTEX
  8
1
 10
212.500000
 20
-83.500000
  0
VERTEX
  8
1
 10
208.300000
 20
-85.200000
  0
VERTEX
  8
1
 10
196.600000
 20
-90.100000
  0
VERTEX
  8
1
 10
193.300000
 20
-91.200000
  0
VERTEX
  8
1
 10
191.200000
 20
-92.100000
  0
VERTEX
  8
1
 10
189.200000
 20
-93.000000
  0
VERTEX
  8
1
 10
187.500000
 20
-93.800000
  0
VERTEX
  8
1
 10
185.600000
 20
-94.700000
  0
VERTEX
  8
1
 10
184.000000
 20
-95.700000
  0
VERTEX
  8
1
 10
182.100000
 20
-96.900000
  0
VERTEX
  8
1
 10
180.500000
 20
-97.900000
  0
VERTEX
  8
1
 10
178.800000
 20
-99.200000
  0
VERTEX
  8
1
 10
177.100000
 20
-100.500000
  0
VERTEX
  8
1
 10
175.500000
 20
-101.600000
  0
VERTEX
  8
1
 10
174.100000
 20
-102.800000
  0
VERTEX
  8
1
 10
172.800000
 20
-104.100000
  0
VERTEX
  8
1
 10
171.300000
 20
-105.700000
  0
VERTEX
  8
1
 10
169.700000
 20
-107.100000
  0
VERTEX
  8
1
 10
168.300000
 20
-108.800000
  0
VERTEX
  8
1
 10
167.100000
 20
-110.100000
  0
VERTEX
  8
1
 10
165.800000
 20
-111.700000
  0
VERTEX
  8
1
 10
164.600000
 20
-113.400000
  0
VERTEX
  8
1
 10
163.200000
 20
-115.100000
  0
VERTEX
  8
1
 10
161.900000
 20
-116.800000
  0
VERTEX
  8
1
 10
160.800000
 20
-118.000000
  0
VERTEX
  8
1
 10
159.900000
 20
-119.400000
  0
VERTEX
  8
1
 10
159.000000
 20
-120.700000
  0
VERTEX
  8
1
 10
157.900000
 20
-122.700000
  0
VERTEX
  8
1
 10
156.400000
 20
-125.500000
  0
VERTEX
  8
1
 10
154.100000
 20
-129.800000
  0
VERTEX
  8
1
 10
129.300000
 20
-125.600000
  0
VERTEX
  8
1
 10
98.600000
 20
-120.500000
  0
VERTEX
  8
1
 10
63.600000
 20
-114.800000
  0
VERTEX
  8
1
 10
28.700000
 20
-109.800000
  0
VERTEX
  8
1
 10
-1.800000
 20
-106.200000
  0
VERTEX
  8
1
 10
-26.400000
 20
-103.800000
  0
VERTEX
  8
1
 10
-43.800000
 20
-102.000000
  0
VERTEX
  8
1
 10
-46.100000
 20
-101.800000
  0
VERTEX
  8
1
 10
-63.000000
 20
-100.500000
  0
VERTEX
  8
1
 10
-79.000000
 20
-99.700000
  0
VERTEX
  8
1
 10
-95.400000
 20
-98.900000
  0
VERTEX
  8
1
 10
-114.200000
 20
-98.600000
  0
VERTEX
  8
1
 10
-136.300000
 20
-99.100000
  0
VERTEX
  8
1
 10
-161.600000
 20
-100.200000
  0
VERTEX
  8
1
 10
-189.100000
 20
-101.700000
  0
VERTEX
  8
1
 10
-217.100000
 20
-104.000000
  0
VERTEX
  8
1
 10
-244.800000
 20
-106.800000
  0
VERTEX
  8
1
 10
-279.500000
 20
86.100000
  0
VERTEX
  8
1
 10
-135.100000
 20
114.400000
  0
VERTEX
  8
1
 10
-116.400000
 20
117.700000
  0
VERTEX
  8
1
 10
-98.100000
 20
120.800000
  0
VERTEX
  8
1
 10
-81.500000
 20
123.600000
  0
VERTEX
  8
1
 10
-67.100000
 20
126.000000
  0
VERTEX
  8
1
 10
-54.100000
 20
127.600000
  0
VERTEX
  8
1
 10
-40.000000
 20
128.700000
  0
VERTEX
  8
1
 10
-23.700000
 20
130.000000
  0
VERTEX
  8
1
 10
-5.700000
 20
131.400000
  0
VERTEX
  8
1
 10
12.100000
 20
132.300000
  0
VERTEX
  8
1
 10
28.800000
 20
133.000000
  0
VERTEX
  8
1
 10
44.500000
 20
133.400000
  0
VERTEX
  8
1
 10
60.100000
 20
133.500000
  0
VERTEX
  8
1
 10
75.000000
 20
133.800000
  0
VERTEX
  8
1
 10
87.800000
 20
133.700000
  0
VERTEX
  8
1
 10
99.600000
 20
133.700000
  0
VERTEX
  8
1
 10
116.200000
 20
133.400000
  0
VERTEX
  8
1
 10
130.100000
 20
133.000000
  0
VERTEX
  8
1
 10
177.900000
 20
133.000000
  0
VERTEX
  8
1
 10
212.200000
 20
132.800000
  0
VERTEX
  8
1
 10
238.700000
 20
132.400000
  0
VERTEX
  8
1
 10
255.800000
 20
132.000000
  0
VERTEX
  8
1
 10
266.600000
 20
131.400000
  0
SEQEND
  0
POLYLINE
  8
87
 66
     1
  0
VERTEX
  8
87
 10
257.100000
 20
116.800000
  0
VERTEX
  8
87
 10
272.600000
 20
101.800000
  0
VERTEX
  8
87
 10
279.000000
 20
95.200000
  0
VERTEX
  8
87
 10
282.700000
 20
91.200000
  0
VERTEX
  8
87
 10
284.300000
 20
89.500000
  0
VERTEX
  8
87
 10
285.100000
 20
88.500000
  0
VERTEX
  8
87
 10
286.500000
 20
86.500000
  0
VERTEX
  8
87
 10
287.600000
 20
85.000000
  0
VERTEX
  8
87
 10
288.400000
 20
83.800000
  0
VERTEX
  8
87
 10
289.700000
 20
81.800000
  0
VERTEX
  8
87
 10
291.500000
 20
79.500000
  0
VERTEX
  8
87
 10
292.400000
 20
78.200000
  0
VERTEX
  8
87
 10
293.400000
 20
76.100000
  0
VERTEX
  8
87
 10
294.400000
 20
74.200000
  0
VERTEX
  8
87
 10
295.200000
 20
72.500000
  0
VERTEX
  8
87
 10
296.000000
 20
71.000000
  0
VERTEX
  8
87
 10
296.600000
 20
69.900000
  0
VERTEX
  8
87
 10
297.200000
 20
68.400000
  0
VERTEX
  8
87
 10
298.000000
 20
66.800000
  0
VERTEX
  8
87
 10
298.500000
 20
65.300000
  0
VERTEX
  8
87
 10
299.200000
 20
63.500000
  0
VERTEX
  8
87
 10
299.800000
 20
61.800000
  0
VERTEX
  8
87
 10
300.400000
 20
60.100000
  0
VERTEX
  8
87
 10
300.900000
 20
58.600000
  0
VERTEX
  8
87
 10
301.500000
 20
56.200000
  0
VERTEX
  8
87
 10
302.400000
 20
52.400000
  0
VERTEX
  8
87
 10
303.500000
 20
48.700000
  0
VERTEX
  8
87
 10
304.000000
 20
46.200000
  0
VERTEX
  8
87
 10
304.300000
 20
44.200000
  0
VERTEX
  8
87
 10
304.400000
 20
41.300000
  0
VERTEX
  8
87
 10
304.800000
 20
38.300000
  0
VERTEX
  8
87
 10
305.000000
 20
36.500000
  0
VERTEX
  8
87
 10
305.000000
 20
34.400000
  0
VERTEX
  8
87
 10
305.000000
 20
31.800000
  0
VERTEX
  8
87
 10
305.300000
 20
29.100000
  0
VERTEX
  8
87
 10
305.200000
 20
25.800000
  0
VERTEX
  8
87
 10
305.100000
 20
21.700000
  0
VERTEX
  8
87
 10
304.800000
 20
18.600000
  0
VERTEX
  8
87
 10
304.300000
 20
15.600000
  0
VERTEX
  8
87
 10
304.000000
 20
12.600000
  0
VERTEX
  8
87
 10
303.300000
 20
9.900001
  0
VERTEX
  8
87
 10
302.700000
 20
7.100000
  0
VERTEX
  8
87
 10
302.000000
 20
4.800000
  0
VERTEX
  8
87
 10
301.200000
 20
1.800000
  0
VERTEX
  8
87
 10
300.500000
 20
-0.400000
  0
VERTEX
  8
87
 10
299.500000
 20
-2.900000
  0
VERTEX
  8
87
 10
298.400000
 20
-6.000000
  0
VERTEX
  8
87
 10
297.000000
 20
-9.700000
  0
VERTEX
  8
87
 10
295.100000
 20
-13.800000
  0
VERTEX
  8
87
 10
293.100000
 20
-17.400000
  0
VERTEX
  8
87
 10
291.900000
 20
-19.800000
  0
VERTEX
  8
87
 10
291.300000
 20
-20.800000
  0
VERTEX
  8
87
 10
290.600000
 20
-21.800000
  0
VERTEX
  8
87
 10
289.600000
 20
-23.400000
  0
VERTEX
  8
87
 10
288.400000
 20
-24.900000
  0
VERTEX
  8
87
 10
287.000000
 20
-26.700000
  0
VERTEX
  8
87
 10
285.600000
 20
-28.700000
  0
VERTEX
  8
87
 10
283.800000
 20
-30.700000
  0
VERTEX
  8
87
 10
281.700000
 20
-33.100000
  0
VERTEX
  8
87
 10
279.200000
 20
-35.800000
  0
VERTEX
  8
87
 10
276.300000
 20
-38.500000
  0
VERTEX
  8
87
 10
273.700000
 20
-40.900000
  0
VERTEX
  8
87
 10
272.100000
 20
-42.600000
  0
VERTEX
  8
87
 10
270.800000
 20
-43.600000
  0
VERTEX
  8
87
 10
269.300000
 20
-44.700000
  0
VERTEX
  8
87
 10
267.600000
 20
-45.800000
  0
VERTEX
  8
87
 10
265.700000
 20
-47.100000
  0
VERTEX
  8
87
 10
264.500000
 20
-48.200000
  0
VERTEX
  8
87
 10
263.100000
 20
-49.000000
  0
VERTEX
  8
87
 10
259.300000
 20
-50.800000
  0
VERTEX
  8
87
 10
254.200000
 20
-53.400000
  0
VERTEX
  8
87
 10
248.900000
 20
-56.300000
  0
VERTEX
  8
87
 10
244.700000
 20
-58.300000
  0
VERTEX
  8
87
 10
241.200000
 20
-59.800000
  0
VERTEX
  8
87
 10
237.900000
 20
-61.300000
  0
VERTEX
  8
87
 10
235.000000
 20
-62.700000
  0
VERTEX
  8
87
 10
231.900000
 20
-64.000000
  0
VERTEX
  8
87
 10
227.400000
 20
-66.000000
  0
VERTEX
  8
87
 10
222.000000
 20
-68.400000
  0
VERTEX
  8
87
 10
217.000000
 20
-70.600000
  0
VERTEX
  8
87
 10
213.100000
 20
-72.300000
  0
VERTEX
  8
87
 10
208.600000
 20
-74.300000
  0
VERTEX
  8
87
 10
204.500000
 20
-76.000000
  0
VERTEX
  8
87
 10
193.400000
 20
-80.800000
  0
VERTEX
  8
87
 10
189.800000
 20
-81.900000
  0
VERTEX
  8
87
 10
187.200000
 20
-83.000000
  0
VERTEX
  8
87
 10
185.000000
 20
-83.900000
  0
VERTEX
  8
87
 10
183.300000
 20
-84.800000
  0
VERTEX
  8
87
 10
180.900000
 20
-86.000000
  0
VERTEX
  8
87
 10
178.700000
 20
-87.300000
  0
VERTEX
  8
87
 10
176.800000
 20
-88.500000
  0
VERTEX
  8
87
 10
174.900000
 20
-89.700000
  0
VERTEX
  8
87
 10
172.800000
 20
-91.300000
  0
VERTEX
  8
87
 10
171.300000
 20
-92.400000
  0
VERTEX
  8
87
 10
169.400000
 20
-93.700000
  0
VERTEX
  8
87
 10
167.300000
 20
-95.500000
  0
VERTEX
  8
87
 10
165.700000
 20
-97.200000
  0
VERTEX
  8
87
 10
164.400000
 20
-98.500000
  0
VERTEX
  8
87
 10
162.600000
 20
-100.200000
  0
VERTEX
  8
87
 10
160.800000
 20
-102.300000
  0
VERTEX
  8
87
 10
159.600000
 20
-103.600000
  0
VERTEX
  8
87
 10
157.900000
 20
-105.700000
  0
VERTEX
  8
87
 10
156.700000
 20
-107.400000
  0
VERTEX
  8
87
 10
155.400000
 20
-108.900000
  0
VERTEX
  8
87
 10
154.300000
 20
-110.400000
  0
VERTEX
  8
87
 10
152.900000
 20
-111.900000
  0
VERTEX
  8
87
 10
151.600000
 20
-113.900000
  0
VERTEX
  8
87
 10
150.500000
 20
-115.500000
  0
VERTEX
  8
87
 10
149.100000
 20
-117.900000
  0
VERTEX
  8
87
 10
148.600000
 20
-118.900000
  0
VERTEX
  8
87
 10
130.900000
 20
-115.800000
  0
VERTEX
  8
87
 10
100.200000
 20
-110.700000
  0
VERTEX
  8
87
 10
65.100000
 20
-105.000000
  0
VERTEX
  8
87
 10
30.000000
 20
-99.900000
  0
VERTEX
  8
87
 10
-0.800000
 20
-96.300000
  0
VERTEX
  8
87
 10
-25.400000
 20
-93.900000
  0
VERTEX
  8
87
 10
-42.900000
 20
-92.100000
  0
VERTEX
  8
87
 10
-45.300000
 20
-91.900000
  0
VERTEX
  8
87
 10
-62.400000
 20
-90.600000
  0
VERTEX
  8
87
 10
-78.600000
 20
-89.800000
  0
VERTEX
  8
87
 10
-95.100000
 20
-89.000000
  0
VERTEX
  8
87
 10
-114.200000
 20
-88.700000
  0
VERTEX
  8
87
 10
-136.600000
 20
-89.200000
  0
VERTEX
  8
87
 10
-162.000000
 20
-90.300000
  0
VERTEX
  8
87
 10
-189.700000
 20
-91.800000
  0
VERTEX
  8
87
 10
-218.000000
 20
-94.100000
  0
VERTEX
  8
87
 10
-236.600000
 20
-95.900000
  0
VERTEX
  8
87
 10
-267.900000
 20
78.100000
  0
VERTEX
  8
87
 10
-133.300000
 20
104.600000
  0
VERTEX
  8
87
 10
-114.700000
 20
107.900000
  0
VERTEX
  8
87
 10
-96.500000
 20
111.000000
  0
VERTEX
  8
87
 10
-79.900000
 20
113.800000
  0
VERTEX
  8
87
 10
-65.700000
 20
116.100000
  0
VERTEX
  8
87
 10
-53.100000
 20
117.700000
  0
VERTEX
  8
87
 10
-39.300000
 20
118.800000
  0
VERTEX
  8
87
 10
-23.000000
 20
120.100000
  0
VERTEX
  8
87
 10
-5.100000
 20
121.500000
  0
VERTEX
  8
87
 10
12.600000
 20
122.400000
  0
VERTEX
  8
87
 10
29.100000
 20
123.100000
  0
VERTEX
  8
87
 10
44.600000
 20
123.500000
  0
VERTEX
  8
87
 10
60.200000
 20
123.600000
  0
VERTEX
  8
87
 10
75.100000
 20
123.900000
  0
VERTEX
  8
87
 10
87.800000
 20
123.700000
  0
VERTEX
  8
87
 10
99.500000
 20
123.700000
  0
VERTEX
  8
87
 10
116.000000
 20
123.500000
  0
VERTEX
  8
87
 10
130.000000
 20
123.000000
  0
VERTEX
  8
87
 10
177.900000
 20
123.000000
  0
VERTEX
  8
87
 10
212.100000
 20
122.900000
  0
VERTEX
  8
87
 10
238.500000
 20
122.500000
  0
VERTEX
  8
87
 10
255.400000
 20
122.100000
  0
VERTEX
  8
87
 10
256.900000
 20
122.100000
  0
VERTEX
  8
87
 10
257.100000
 20
116.800000
  0
SEQEND
  0
POLYLINE
  8
14
 66
     1
  0
VERTEX
  8
14
 10
257.100000
 20
116.800000
  0
VERTEX
  8
14
 10
272.600000
 20
101.800000
  0
VERTEX
  8
14
 10
279.000000
 20
95.200000
  0
VERTEX
  8
14
 10
282.700000
 20
91.200000
  0
VERTEX
  8
14
 10
284.300000
 20
89.500000
  0
VERTEX
  8
14
 10
285.100000
 20
88.500000
  0
VERTEX
  8
14
 10
286.500000
 20
86.500000
  0
VERTEX
  8
14
 10
287.600000
 20
85.000000
  0
VERTEX
  8
14
 10
288.400000
 20
83.800000
  0
VERTEX
  8
14
 10
289.700000
 20
81.800000
  0
VERTEX
  8
14
 10
291.500000
 20
79.500000
  0
VERTEX
  8
14
 10
292.400000
 20
78.200000
  0
VERTEX
  8
14
 10
293.400000
 20
76.100000
  0
VERTEX
  8
14
 10
294.400000
 20
74.200000
  0
VERTEX
  8
14
 10
295.200000
 20
72.500000
  0
VERTEX
  8
14
 10
296.000000
 20
71.000000
  0
VERTEX
  8
14
 10
296.600000
 20
69.900000
  0
VERTEX
  8
14
 10
297.200000
 20
68.400000
  0
VERTEX
  8
14
 10
298.000000
 20
66.800000
  0
VERTEX
  8
14
 10
298.500000
 20
65.300000
  0
VERTEX
  8
14
 10
299.200000
 20
63.500000
  0
VERTEX
  8
14
 10
299.800000
 20
61.800000
  0
VERTEX
  8
14
 10
300.400000
 20
60.100000
  0
VERTEX
  8
14
 10
300.900000
 20
58.600000
  0
VERTEX
  8
14
 10
301.500000
 20
56.200000
  0
VERTEX
  8
14
 10
302.400000
 20
52.400000
  0
VERTEX
  8
14
 10
303.500000
 20
48.700000
  0
VERTEX
  8
14
 10
304.000000
 20
46.200000
  0
VERTEX
  8
14
 10
304.300000
 20
44.200000
  0
VERTEX
  8
14
 10
304.400000
 20
41.300000
  0
VERTEX
  8
14
 10
304.800000
 20
38.300000
  0
VERTEX
  8
14
 10
305.000000
 20
36.500000
  0
VERTEX
  8
14
 10
305.000000
 20
34.400000
  0
VERTEX
  8
14
 10
305.000000
 20
31.800000
  0
VERTEX
  8
14
 10
305.300000
 20
29.100000
  0
VERTEX
  8
14
 10
305.200000
 20
25.800000
  0
VERTEX
  8
14
 10
305.100000
 20
21.700000
  0
VERTEX
  8
14
 10
304.800000
 20
18.600000
  0
VERTEX
  8
14
 10
304.300000
 20
15.600000
  0
VERTEX
  8
14
 10
304.000000
 20
12.600000
  0
VERTEX
  8
14
 10
303.300000
 20
9.900001
  0
VERTEX
  8
14
 10
302.700000
 20
7.100000
  0
VERTEX
  8
14
 10
302.000000
 20
4.800000
  0
VERTEX
  8
14
 10
301.200000
 20
1.800000
  0
VERTEX
  8
14
 10
300.500000
 20
-0.400000
  0
VERTEX
  8
14
 10
299.500000
 20
-2.900000
  0
VERTEX
  8
14
 10
298.400000
 20
-6.000000
  0
VERTEX
  8
14
 10
297.000000
 20
-9.700000
  0
VERTEX
  8
14
 10
295.100000
 20
-13.800000
  0
VERTEX
  8
14
 10
293.100000
 20
-17.400000
  0
VERTEX
  8
14
 10
291.900000
 20
-19.800000
  0
VERTEX
  8
14
 10
291.300000
 20
-20.800000
  0
VERTEX
  8
14
 10
290.600000
 20
-21.800000
  0
VERTEX
  8
14
 10
289.600000
 20
-23.400000
  0
VERTEX
  8
14
 10
288.400000
 20
-24.900000
  0
VERTEX
  8
14
 10
287.000000
 20
-26.700000
  0
VERTEX
  8
14
 10
285.600000
 20
-28.700000
  0
VERTEX
  8
14
 10
283.800000
 20
-30.700000
  0
VERTEX
  8
14
 10
281.700000
 20
-33.100000
  0
VERTEX
  8
14
 10
279.200000
 20
-35.800000
  0
VERTEX
  8
14
 10
276.300000
 20
-38.500000
  0
VERTEX
  8
14
 10
273.700000
 20
-40.900000
  0
VERTEX
  8
14
 10
272.100000
 20
-42.600000
  0
VERTEX
  8
14
 10
270.800000
 20
-43.600000
  0
VERTEX
  8
14
 10
269.300000
 20
-44.700000
  0
VERTEX
  8
14
 10
267.600000
 20
-45.800000
  0
VERTEX
  8
14
 10
265.700000
 20
-47.100000
  0
VERTEX
  8
14
 10
264.500000
 20
-48.200000
  0
VERTEX
  8
14
 10
263.100000
 20
-49.000000
  0
VERTEX
  8
14
 10
259.300000
 20
-50.800000
  0
VERTEX
  8
14
 10
254.200000
 20
-53.400000
  0
VERTEX
  8
14
 10
248.900000
 20
-56.300000
  0
VERTEX
  8
14
 10
244.700000
 20
-58.300000
  0
VERTEX
  8
14
 10
241.200000
 20
-59.800000
  0
VERTEX
  8
14
 10
237.900000
 20
-61.300000
  0
VERTEX
  8
14
 10
235.000000
 20
-62.700000
  0
VERTEX
  8
14
 10
231.900000
 20
-64.000000
  0
VERTEX
  8
14
 10
227.400000
 20
-66.000000
  0
VERTEX
  8
14
 10
222.000000
 20
-68.400000
  0
VERTEX
  8
14
 10
217.000000
 20
-70.600000
  0
VERTEX
  8
14
 10
213.100000
 20
-72.300000
  0
VERTEX
  8
14
 10
208.600000
 20
-74.300000
  0
VERTEX
  8
14
 10
204.500000
 20
-76.000000
  0
VERTEX
  8
14
 10
193.400000
 20
-80.800000
  0
VERTEX
  8
14
 10
189.800000
 20
-81.900000
  0
VERTEX
  8
14
 10
187.200000
 20
-83.000000
  0
VERTEX
  8
14
 10
185.000000
 20
-83.900000
  0
VERTEX
  8
14
 10
183.300000
 20
-84.800000
  0
VERTEX
  8
14
 10
180.900000
 20
-86.000000
  0
VERTEX
  8
14
 10
178.700000
 20
-87.300000
  0
VERTEX
  8
14
 10
176.800000
 20
-88.500000
  0
VERTEX
  8
14
 10
174.900000
 20
-89.700000
  0
VERTEX
  8
14
 10
172.800000
 20
-91.300000
  0
VERTEX
  8
14
 10
171.300000
 20
-92.400000
  0
VERTEX
  8
14
 10
169.400000
 20
-93.700000
  0
VERTEX
  8
14
 10
167.300000
 20
-95.500000
  0
VERTEX
  8
14
 10
165.700000
 20
-97.200000
  0
VERTEX
  8
14
 10
164.400000
 20
-98.500000
  0
VERTEX
  8
14
 10
162.600000
 20
-100.200000
  0
VERTEX
  8
14
 10
160.800000
 20
-102.300000
  0
VERTEX
  8
14
 10
159.600000
 20
-103.600000
  0
VERTEX
  8
14
 10
157.900000
 20
-105.700000
  0
VERTEX
  8
14
 10
156.700000
 20
-107.400000
  0
VERTEX
  8
14
 10
155.400000
 20
-108.900000
  0
VERTEX
  8
14
 10
154.300000
 20
-110.400000
  0
VERTEX
  8
14
 10
152.900000
 20
-111.900000
  0
VERTEX
  8
14
 10
151.600000
 20
-113.900000
  0
VERTEX
  8
14
 10
150.500000
 20
-115.500000
  0
VERTEX
  8
14
 10
149.100000
 20
-117.900000
  0
VERTEX
  8
14
 10
148.600000
 20
-118.900000
  0
VERTEX
  8
14
 10
130.900000
 20
-115.800000
  0
VERTEX
  8
14
 10
100.200000
 20
-110.700000
  0
VERTEX
  8
14
 10
65.100000
 20
-105.000000
  0
VERTEX
  8
14
 10
30.000000
 20
-99.900000
  0
VERTEX
  8
14
 10
-0.800000
 20
-96.300000
  0
VERTEX
  8
14
 10
-25.400000
 20
-93.900000
  0
VERTEX
  8
14
 10
-42.900000
 20
-92.100000
  0
VERTEX
  8
14
 10
-45.300000
 20
-91.900000
  0
VERTEX
  8
14
 10
-62.400000
 20
-90.600000
  0
VERTEX
  8
14
 10
-78.600000
 20
-89.800000
  0
VERTEX
  8
14
 10
-95.100000
 20
-89.000000
  0
VERTEX
  8
14
 10
-114.200000
 20
-88.700000
  0
VERTEX
  8
14
 10
-136.600000
 20
-89.200000
  0
VERTEX
  8
14
 10
-162.000000
 20
-90.300000
  0
VERTEX
  8
14
 10
-189.700000
 20
-91.800000
  0
VERTEX
  8
14
 10
-218.000000
 20
-94.100000
  0
VERTEX
  8
14
 10
-236.600000
 20
-95.900000
  0
VERTEX
  8
14
 10
-267.900000
 20
78.100000
  0
VERTEX
  8
14
 10
-133.300000
 20
104.600000
  0
VERTEX
  8
14
 10
-114.700000
 20
107.900000
  0
VERTEX
  8
14
 10
-96.500000
 20
111.000000
  0
VERTEX
  8
14
 10
-79.900000
 20
113.800000
  0
VERTEX
  8
14
 10
-65.700000
 20
116.100000
  0
VERTEX
  8
14
 10
-53.100000
 20
117.700000
  0
VERTEX
  8
14
 10
-39.300000
 20
118.800000
  0
VERTEX
  8
14
 10
-23.000000
 20
120.100000
  0
VERTEX
  8
14
 10
-5.100000
 20
121.500000
  0
VERTEX
  8
14
 10
12.600000
 20
122.400000
  0
VERTEX
  8
14
 10
29.100000
 20
123.100000
  0
VERTEX
  8
14
 10
44.600000
 20
123.500000
  0
VERTEX
  8
14
 10
60.200000
 20
123.600000
  0
VERTEX
  8
14
 10
75.100000
 20
123.900000
  0
VERTEX
  8
14
 10
87.800000
 20
123.700000
  0
VERTEX
  8
14
 10
99.500000
 20
123.700000
  0
VERTEX
  8
14
 10
116.000000
 20
123.500000
  0
VERTEX
  8
14
 10
130.000000
 20
123.000000
  0
VERTEX
  8
14
 10
177.900000
 20
123.000000
  0
VERTEX
  8
14
 10
212.100000
 20
122.900000
  0
VERTEX
  8
14
 10
238.500000
 20
122.500000
  0
VERTEX
  8
14
 10
255.400000
 20
122.100000
  0
VERTEX
  8
14
 10
256.900000
 20
122.100000
  0
VERTEX
  8
14
 10
257.100000
 20
116.800000
  0
SEQEND
  0
POINT
  8
2
 10
266.600000
 20
131.400000
  0
POINT
  8
2
 10
266.900000
 20
121.200000
  0
POINT
  8
2
 10
279.700000
 20
108.900000
  0
POINT
  8
3
 10
286.300000
 20
102.000000
  0
POINT
  8
3
 10
290.100000
 20
97.900000
  0
POINT
  8
3
 10
291.800000
 20
96.000000
  0
POINT
  8
3
 10
292.900000
 20
94.700000
  0
POINT
  8
3
 10
293.900000
 20
93.400000
  0
POINT
  8
3
 10
294.700000
 20
92.200000
  0
POINT
  8
3
 10
295.700000
 20
90.800000
  0
POINT
  8
3
 10
296.700000
 20
89.400000
  0
POINT
  8
3
 10
297.900000
 20
87.500000
  0
POINT
  8
3
 10
299.500000
 20
85.400000
  0
POINT
  8
3
 10
300.800000
 20
83.600000
  0
POINT
  8
3
 10
301.700000
 20
82.000000
  0
POINT
  8
3
 10
302.400000
 20
80.400000
  0
POINT
  8
3
 10
303.300000
 20
78.700000
  0
POINT
  8
3
 10
304.100000
 20
77.100000
  0
POINT
  8
3
 10
304.900000
 20
75.600000
  0
POINT
  8
3
 10
305.700000
 20
74.000000
  0
POINT
  8
3
 10
306.300000
 20
72.500000
  0
POINT
  8
3
 10
307.200000
 20
70.700000
  0
POINT
  8
3
 10
307.900000
 20
68.700000
  0
POINT
  8
3
 10
308.600000
 20
66.800000
  0
POINT
  8
3
 10
309.200000
 20
65.000000
  0
POINT
  8
3
 10
309.800000
 20
63.300000
  0
POINT
  8
3
 10
310.400000
 20
61.500000
  0
POINT
  8
3
 10
311.200000
 20
58.700000
  0
POINT
  8
3
 10
312.100000
 20
54.900000
  0
POINT
  8
3
 10
313.200000
 20
51.000000
  0
POINT
  8
3
 10
313.800000
 20
47.800000
  0
POINT
  8
3
 10
314.200000
 20
45.100000
  0
POINT
  8
3
 10
314.300000
 20
42.200000
  0
POINT
  8
3
 10
314.700000
 20
39.400000
  0
POINT
  8
3
 10
314.900000
 20
37.100000
  0
POINT
  8
3
 10
315.000000
 20
34.600000
  0
POINT
  8
3
 10
315.000000
 20
32.200000
  0
POINT
  8
3
 10
315.200000
 20
29.400000
  0
POINT
  8
3
 10
315.100000
 20
25.600000
  0
POINT
  8
3
 10
315.000000
 20
21.300000
  0
POINT
  8
3
 10
314.700000
 20
17.500000
  0
POINT
  8
2
 10
314.200000
 20
14.300000
  0
POINT
  8
3
 10
313.800000
 20
10.900000
  0
POINT
  8
3
 10
313.000000
 20
7.800000
  0
POINT
  8
3
 10
312.400000
 20
4.700000
  0
POINT
  8
3
 10
311.600000
 20
2.100000
  0
POINT
  8
3
 10
310.800000
 20
-0.800000
  0
POINT
  8
3
 10
310.000000
 20
-3.600000
  0
POINT
  8
3
 10
308.900000
 20
-6.400000
  0
POINT
  8
3
 10
307.800000
 20
-9.500000
  0
POINT
  8
3
 10
306.200000
 20
-13.600000
  0
POINT
  8
3
 10
304.000000
 20
-18.300000
  0
POINT
  8
3
 10
301.900000
 20
-22.100000
  0
POINT
  8
3
 10
300.600000
 20
-24.600000
  0
POINT
  8
3
 10
299.800000
 20
-26.000000
  0
POINT
  8
3
 10
298.900000
 20
-27.400000
  0
POINT
  8
3
 10
297.700000
 20
-29.100000
  0
POINT
  8
3
 10
296.500000
 20
-30.800000
  0
POINT
  8
3
 10
295.000000
 20
-32.800000
  0
POINT
  8
3
 10
293.300000
 20
-35.000000
  0
POINT
  8
3
 10
291.300000
 20
-37.300000
  0
POINT
  8
3
 10
289.100000
 20
-39.800000
  0
POINT
  8
3
 10
286.300000
 20
-42.800000
  0
POINT
  8
3
 10
283.100000
 20
-45.800000
  0
POINT
  8
3
 10
280.600000
 20
-48.100000
  0
POINT
  8
3
 10
278.800000
 20
-49.900000
  0
POINT
  8
3
 10
277.000000
 20
-51.400000
  0
POINT
  8
3
 10
275.100000
 20
-52.800000
  0
POINT
  8
3
 10
273.200000
 20
-54.100000
  0
POINT
  8
3
 10
271.700000
 20
-55.100000
  0
POINT
  8
3
 10
270.400000
 20
-56.200000
  0
POINT
  8
3
 10
269.000000
 20
-57.100000
  0
POINT
  8
3
 10
267.900000
 20
-58.000000
  0
POINT
  8
3
 10
266.400000
 20
-58.700000
  0
POINT
  8
3
 10
263.400000
 20
-59.900000
  0
POINT
  8
3
 10
258.800000
 20
-62.200000
  0
POINT
  8
3
 10
253.500000
 20
-65.100000
  0
POINT
  8
3
 10
248.800000
 20
-67.400000
  0
POINT
  8
3
 10
245.200000
 20
-68.900000
  0
POINT
  8
3
 10
242.200000
 20
-70.300000
  0
POINT
  8
3
 10
239.100000
 20
-71.800000
  0
POINT
  8
3
 10
235.800000
 20
-73.200000
  0
POINT
  8
3
 10
231.400000
 20
-75.100000
  0
POINT
  8
3
 10
226.100000
 20
-77.500000
  0
POINT
  8
3
 10
221.000000
 20
-79.800000
  0
POINT
  8
2
 10
216.700000
 20
-81.600000
  0
POINT
  8
3
 10
212.500000
 20
-83.500000
  0
POINT
  8
3
 10
208.300000
 20
-85.200000
  0
POINT
  8
2
 10
196.600000
 20
-90.100000
  0
POINT
  8
3
 10
193.300000
 20
-91.200000
  0
POINT
  8
3
 10
191.200000
 20
-92.100000
  0
POINT
  8
3
 10
189.200000
 20
-93.000000
  0
POINT
  8
3
 10
187.500000
 20
-93.800000
  0
POINT
  8
3
 10
185.600000
 20
-94.700000
  0
POINT
  8
3
 10
184.000000
 20
-95.700000
  0
POINT
  8
3
 10
182.100000
 20
-96.900000
  0
POINT
  8
3
 10
180.500000
 20
-97.900000
  0
POINT
  8
3
 10
178.800000
 20
-99.200000
  0
POINT
  8
3
 10
177.100000
 20
-100.500000
  0
POINT
  8
3
 10
175.500000
 20
-101.600000
  0
POINT
  8
3
 10
174.100000
 20
-102.800000
  0
POINT
  8
3
 10
172.800000
 20
-104.100000
  0
POINT
  8
3
 10
171.300000
 20
-105.700000
  0
POINT
  8
3
 10
169.700000
 20
-107.100000
  0
POINT
  8
3
 10
168.300000
 20
-108.800000
  0
POINT
  8
3
 10
167.100000
 20
-110.100000
  0
POINT
  8
3
 10
165.800000
 20
-111.700000
  0
POINT
  8
3
 10
164.600000
 20
-113.400000
  0
POINT
  8
3
 10
163.200000
 20
-115.100000
  0
POINT
  8
3
 10
161.900000
 20
-116.800000
  0
POINT
  8
3
 10
160.800000
 20
-118.000000
  0
POINT
  8
3
 10
159.900000
 20
-119.400000
  0
POINT
  8
3
 10
159.000000
 20
-120.700000
  0
POINT
  8
3
 10
157.900000
 20
-122.700000
  0
POINT
  8
3
 10
156.400000
 20
-125.500000
  0
POINT
  8
2
 10
154.100000
 20
-129.800000
  0
POINT
  8
3
 10
129.300000
 20
-125.600000
  0
POINT
  8
3
 10
98.600000
 20
-120.500000
  0
POINT
  8
3
 10
63.600000
 20
-114.800000
  0
POINT
  8
3
 10
28.700000
 20
-109.800000
  0
POINT
  8
3
 10
-1.800000
 20
-106.200000
  0
POINT
  8
3
 10
-26.400000
 20
-103.800000
  0
POINT
  8
2
 10
-43.800000
 20
-102.000000
  0
POINT
  8
3
 10
-46.100000
 20
-101.800000
  0
POINT
  8
3
 10
-63.000000
 20
-100.500000
  0
POINT
  8
3
 10
-79.000000
 20
-99.700000
  0
POINT
  8
3
 10
-95.400000
 20
-98.900000
  0
POINT
  8
3
 10
-114.200000
 20
-98.600000
  0
POINT
  8
3
 10
-136.300000
 20
-99.100000
  0
POINT
  8
3
 10
-161.600000
 20
-100.200000
  0
POINT
  8
3
 10
-189.100000
 20
-101.700000
  0
POINT
  8
3
 10
-217.100000
 20
-104.000000
  0
POINT
  8
2
 10
-244.800000
 20
-106.800000
  0
POINT
  8
2
 10
-279.500000
 20
86.100000
  0
POINT
  8
2
 10
-135.100000
 20
114.400000
  0
POINT
  8
3
 10
-116.400000
 20
117.700000
  0
POINT
  8
3
 10
-98.100000
 20
120.800000
  0
POINT
  8
3
 10
-81.500000
 20
123.600000
  0
POINT
  8
3
 10
-67.100000
 20
126.000000
  0
POINT
  8
3
 10
-54.100000
 20
127.600000
  0
POINT
  8
3
 10
-40.000000
 20
128.700000
  0
POINT
  8
3
 10
-23.700000
 20
130.000000
  0
POINT
  8
3
 10
-5.700000
 20
131.400000
  0
POINT
  8
3
 10
12.100000
 20
132.300000
  0
POINT
  8
3
 10
28.800000
 20
133.000000
  0
POINT
  8
3
 10
44.500000
 20
133.400000
  0
POINT
  8
3
 10
60.100000
 20
133.500000
  0
POINT
  8
3
 10
75.000000
 20
133.800000
  0
POINT
  8
3
 10
87.800000
 20
133.700000
  0
POINT
  8
3
 10
99.600000
 20
133.700000
  0
POINT
  8
3
 10
116.200000
 20
133.400000
  0
POINT
  8
2
 10
130.100000
 20
133.000000
  0
POINT
  8
3
 10
177.900000
 20
133.000000
  0
POINT
  8
3
 10
212.200000
 20
132.800000
  0
POINT
  8
3
 10
238.700000
 20
132.400000
  0
POINT
  8
3
 10
255.800000
 20
132.000000
  0
POINT
  8
2
 10
266.600000
 20
131.400000
  0
POINT
  8
2
 10
279.700000
 20
108.900000
 39
2.500000
 50
226.636600
  0
POINT
  8
2
 10
314.200000
 20
14.300000
 39
2.500000
 50
172.875000
  0
POINT
  8
2
 10
216.700000
 20
-81.600000
 39
2.500000
 50
111.370600
  0
POINT
  8
2
 10
196.600000
 20
-90.100000
 39
2.500000
 50
109.179000
  0
POINT
  8
2
 10
-43.800000
 20
-102.000000
 39
2.500000
 50
85.236360
  0
POINT
  8
2
 10
-135.100000
 20
114.400000
 39
2.500000
 50
279.462300
  0
POINT
  8
2
 10
130.100000
 20
133.000000
 39
2.500000
 50
270.000000
  0
POINT
  8
2
 10
257.100000
 20
116.800000
  0
POINT
  8
2
 10
272.600000
 20
101.800000
  0
POINT
  8
3
 10
279.000000
 20
95.200000
  0
POINT
  8
3
 10
282.700000
 20
91.200000
  0
POINT
  8
3
 10
284.300000
 20
89.500000
  0
POINT
  8
3
 10
285.100000
 20
88.500000
  0
POINT
  8
3
 10
286.500000
 20
86.500000
  0
POINT
  8
3
 10
287.600000
 20
85.000000
  0
POINT
  8
3
 10
288.400000
 20
83.800000
  0
POINT
  8
3
 10
289.700000
 20
81.800000
  0
POINT
  8
3
 10
291.500000
 20
79.500000
  0
POINT
  8
3
 10
292.400000
 20
78.200000
  0
POINT
  8
3
 10
293.400000
 20
76.100000
  0
POINT
  8
3
 10
294.400000
 20
74.200000
  0
POINT
  8
3
 10
295.200000
 20
72.500000
  0
POINT
  8
3
 10
296.000000
 20
71.000000
  0
POINT
  8
3
 10
296.600000
 20
69.900000
  0
POINT
  8
3
 10
297.200000
 20
68.400000
  0
POINT
  8
3
 10
298.000000
 20
66.800000
  0
POINT
  8
3
 10
298.500000
 20
65.300000
  0
POINT
  8
3
 10
299.200000
 20
63.500000
  0
POINT
  8
3
 10
299.800000
 20
61.800000
  0
POINT
  8
3
 10
300.400000
 20
60.100000
  0
POINT
  8
3
 10
300.900000
 20
58.600000
  0
POINT
  8
3
 10
301.500000
 20
56.200000
  0
POINT
  8
3
 10
302.400000
 20
52.400000
  0
POINT
  8
3
 10
303.500000
 20
48.700000
  0
POINT
  8
3
 10
304.000000
 20
46.200000
  0
POINT
  8
3
 10
304.300000
 20
44.200000
  0
POINT
  8
3
 10
304.400000
 20
41.300000
  0
POINT
  8
3
 10
304.800000
 20
38.300000
  0
POINT
  8
3
 10
305.000000
 20
36.500000
  0
POINT
  8
3
 10
305.000000
 20
34.400000
  0
POINT
  8
3
 10
305.000000
 20
31.800000
  0
POINT
  8
3
 10
305.300000
 20
29.100000
  0
POINT
  8
3
 10
305.200000
 20
25.800000
  0
POINT
  8
3
 10
305.100000
 20
21.700000
  0
POINT
  8
3
 10
304.800000
 20
18.600000
  0
POINT
  8
2
 10
304.300000
 20
15.600000
  0
POINT
  8
3
 10
304.000000
 20
12.600000
  0
POINT
  8
3
 10
303.300000
 20
9.900001
  0
POINT
  8
3
 10
302.700000
 20
7.100000
  0
POINT
  8
3
 10
302.000000
 20
4.800000
  0
POINT
  8
3
 10
301.200000
 20
1.800000
  0
POINT
  8
3
 10
300.500000
 20
-0.400000
  0
POINT
  8
3
 10
299.500000
 20
-2.900000
  0
POINT
  8
3
 10
298.400000
 20
-6.000000
  0
POINT
  8
3
 10
297.000000
 20
-9.700000
  0
POINT
  8
3
 10
295.100000
 20
-13.800000
  0
POINT
  8
3
 10
293.100000
 20
-17.400000
  0
POINT
  8
3
 10
291.900000
 20
-19.800000
  0
POINT
  8
3
 10
291.300000
 20
-20.800000
  0
POINT
  8
3
 10
290.600000
 20
-21.800000
  0
POINT
  8
3
 10
289.600000
 20
-23.400000
  0
POINT
  8
3
 10
288.400000
 20
-24.900000
  0
POINT
  8
3
 10
287.000000
 20
-26.700000
  0
POINT
  8
3
 10
285.600000
 20
-28.700000
  0
POINT
  8
3
 10
283.800000
 20
-30.700000
  0
POINT
  8
3
 10
281.700000
 20
-33.100000
  0
POINT
  8
3
 10
279.200000
 20
-35.800000
  0
POINT
  8
3
 10
276.300000
 20
-38.500000
  0
POINT
  8
3
 10
273.700000
 20
-40.900000
  0
POINT
  8
3
 10
272.100000
 20
-42.600000
  0
POINT
  8
3
 10
270.800000
 20
-43.600000
  0
POINT
  8
3
 10
269.300000
 20
-44.700000
  0
POINT
  8
3
 10
267.600000
 20
-45.800000
  0
POINT
  8
3
 10
265.700000
 20
-47.100000
  0
POINT
  8
3
 10
264.500000
 20
-48.200000
  0
POINT
  8
3
 10
263.100000
 20
-49.000000
  0
POINT
  8
3
 10
259.300000
 20
-50.800000
  0
POINT
  8
3
 10
254.200000
 20
-53.400000
  0
POINT
  8
3
 10
248.900000
 20
-56.300000
  0
POINT
  8
3
 10
244.700000
 20
-58.300000
  0
POINT
  8
3
 10
241.200000
 20
-59.800000
  0
POINT
  8
3
 10
237.900000
 20
-61.300000
  0
POINT
  8
3
 10
235.000000
 20
-62.700000
  0
POINT
  8
3
 10
231.900000
 20
-64.000000
  0
POINT
  8
3
 10
227.400000
 20
-66.000000
  0
POINT
  8
3
 10
222.000000
 20
-68.400000
  0
POINT
  8
3
 10
217.000000
 20
-70.600000
  0
POINT
  8
2
 10
213.100000
 20
-72.300000
  0
POINT
  8
3
 10
208.600000
 20
-74.300000
  0
POINT
  8
3
 10
204.500000
 20
-76.000000
  0
POINT
  8
2
 10
193.400000
 20
-80.800000
  0
POINT
  8
3
 10
189.800000
 20
-81.900000
  0
POINT
  8
3
 10
187.200000
 20
-83.000000
  0
POINT
  8
3
 10
185.000000
 20
-83.900000
  0
POINT
  8
3
 10
183.300000
 20
-84.800000
  0
POINT
  8
3
 10
180.900000
 20
-86.000000
  0
POINT
  8
3
 10
178.700000
 20
-87.300000
  0
POINT
  8
3
 10
176.800000
 20
-88.500000
  0
POINT
  8
3
 10
174.900000
 20
-89.700000
  0
POINT
  8
3
 10
172.800000
 20
-91.300000
  0
POINT
  8
3
 10
171.300000
 20
-92.400000
  0
POINT
  8
3
 10
169.400000
 20
-93.700000
  0
POINT
  8
3
 10
167.300000
 20
-95.500000
  0
POINT
  8
3
 10
165.700000
 20
-97.200000
  0
POINT
  8
3
 10
164.400000
 20
-98.500000
  0
POINT
  8
3
 10
162.600000
 20
-100.200000
  0
POINT
  8
3
 10
160.800000
 20
-102.300000
  0
POINT
  8
3
 10
159.600000
 20
-103.600000
  0
POINT
  8
3
 10
157.900000
 20
-105.700000
  0
POINT
  8
3
 10
156.700000
 20
-107.400000
  0
POINT
  8
3
 10
155.400000
 20
-108.900000
  0
POINT
  8
3
 10
154.300000
 20
-110.400000
  0
POINT
  8
3
 10
152.900000
 20
-111.900000
  0
POINT
  8
3
 10
151.600000
 20
-113.900000
  0
POINT
  8
3
 10
150.500000
 20
-115.500000
  0
POINT
  8
3
 10
149.100000
 20
-117.900000
  0
POINT
  8
2
 10
148.600000
 20
-118.900000
  0
POINT
  8
3
 10
130.900000
 20
-115.800000
  0
POINT
  8
3
 10
100.200000
 20
-110.700000
  0
POINT
  8
3
 10
65.100000
 20
-105.000000
  0
POINT
  8
3
 10
30.000000
 20
-99.900000
  0
POINT
  8
3
 10
-0.800000
 20
-96.300000
  0
POINT
  8
3
 10
-25.400000
 20
-93.900000
  0
POINT
  8
2
 10
-42.900000
 20
-92.100000
  0
POINT
  8
3
 10
-45.300000
 20
-91.900000
  0
POINT
  8
3
 10
-62.400000
 20
-90.600000
  0
POINT
  8
3
 10
-78.600000
 20
-89.800000
  0
POINT
  8
3
 10
-95.100000
 20
-89.000000
  0
POINT
  8
3
 10
-114.200000
 20
-88.700000
  0
POINT
  8
3
 10
-136.600000
 20
-89.200000
  0
POINT
  8
3
 10
-162.000000
 20
-90.300000
  0
POINT
  8
3
 10
-189.700000
 20
-91.800000
  0
POINT
  8
3
 10
-218.000000
 20
-94.100000
  0
POINT
  8
2
 10
-236.600000
 20
-95.900000
  0
POINT
  8
2
 10
-267.900000
 20
78.100000
  0
POINT
  8
2
 10
-133.300000
 20
104.600000
  0
POINT
  8
3
 10
-114.700000
 20
107.900000
  0
POINT
  8
3
 10
-96.500000
 20
111.000000
  0
POINT
  8
3
 10
-79.900000
 20
113.800000
  0
POINT
  8
3
 10
-65.700000
 20
116.100000
  0
POINT
  8
3
 10
-53.100000
 20
117.700000
  0
POINT
  8
3
 10
-39.300000
 20
118.800000
  0
POINT
  8
3
 10
-23.000000
 20
120.100000
  0
POINT
  8
3
 10
-5.100000
 20
121.500000
  0
POINT
  8
3
 10
12.600000
 20
122.400000
  0
POINT
  8
3
 10
29.100000
 20
123.100000
  0
POINT
  8
3
 10
44.600000
 20
123.500000
  0
POINT
  8
3
 10
60.200000
 20
123.600000
  0
POINT
  8
3
 10
75.100000
 20
123.900000
  0
POINT
  8
3
 10
87.800000
 20
123.700000
  0
POINT
  8
3
 10
99.500000
 20
123.700000
  0
POINT
  8
3
 10
116.000000
 20
123.500000
  0
POINT
  8
2
 10
130.000000
 20
123.000000
  0
POINT
  8
3
 10
177.900000
 20
123.000000
  0
POINT
  8
3
 10
212.100000
 20
122.900000
  0
POINT
  8
3
 10
238.500000
 20
122.500000
  0
POINT
  8
3
 10
255.400000
 20
122.100000
  0
POINT
  8
2
 10
256.900000
 20
122.100000
  0
POINT
  8
2
 10
257.100000
 20
116.800000
  0
POINT
  8
4
 10
279.700000
 20
108.900000
 30
2.500000
 50
226.636600
  0
POINT
  8
4
 10
314.200000
 20
14.300000
 30
2.500000
 50
172.875000
  0
POINT
  8
4
 10
216.700000
 20
-81.600000
 30
2.500000
 50
111.370600
  0
POINT
  8
4
 10
196.600000
 20
-90.100000
 30
2.500000
 50
109.179000
  0
POINT
  8
4
 10
-43.800000
 20
-102.000000
 30
2.500000
 50
85.236360
  0
POINT
  8
4
 10
-135.100000
 20
114.400000
 30
2.500000
 50
279.462300
  0
POINT
  8
4
 10
130.100000
 20
133.000000
 30
2.500000
 50
270.000000
  0
LINE
  8
5
 10
200.000000
 20
0.000000
 11
-85.600000
 21
0.000000
  0
LINE
  8
7
 10
221.400000
 20
5.300000
 11
-66.900000
 21
5.200000
  0
TEXT
  8
15
 10
-231.000000
 20
80.900000
 40
12.586720
 50
9.881406
  1
VENT + ZIP
  0
TEXT
  8
1
 10
3.300000
 20
109.400000
 40
10.000000
 50
0.000000
  1
Piece Name: UP SLEEVE 2P
  0
TEXT
  8
1
 10
3.300000
 20
120.400000
 40
10.000000
 50
0.000000
  1
Size: 42
  0
TEXT
  8
1
 10
3.300000
 20
131.400000
 40
10.000000
 50
0.000000
  1
Annotation: UP SLEEVE 2P
  0
TEXT
  8
1
 10
3.300000
 20
142.400000
 40
10.000000
 50
0.000000
  1
Quantity: 1
  0
TEXT
  8
1
 10
3.300000
 20
153.400000
 40
10.000000
 50
0.000000
  1
Material: LEATHER
  0
ENDBLK
  0
BLOCK
  8
1
  2
TRIMMING VENT UP SLV 2P
 70
     0
 10
0.00
 20
0.00
  0
POLYLINE
  8
84
 66
     1
 70
     1
  0
VERTEX
  8
84
 10
-30.500000
 20
-42.000000
  0
VERTEX
  8
84
 10
-39.400000
 20
6.500000
  0
VERTEX
  8
84
 10
-9.200000
 20
12.300000
  0
VERTEX
  8
84
 10
12.900000
 20
16.600000
  0
VERTEX
  8
84
 10
62.900000
 20
26.500000
  0
VERTEX
  8
84
 10
82.500000
 20
30.300000
  0
VERTEX
  8
84
 10
109.300000
 20
35.400000
  0
VERTEX
  8
84
 10
140.400000
 20
41.200000
  0
VERTEX
  8
84
 10
149.900000
 20
-7.100000
  0
VERTEX
  8
84
 10
-30.500000
 20
-42.000000
  0
SEQEND
  0
POLYLINE
  8
1
 66
     1
 70
     1
  0
VERTEX
  8
1
 10
-30.500000
 20
-42.000000
  0
VERTEX
  8
1
 10
-39.400000
 20
6.500000
  0
VERTEX
  8
1
 10
-9.200000
 20
12.300000
  0
VERTEX
  8
1
 10
12.900000
 20
16.600000
  0
VERTEX
  8
1
 10
62.900000
 20
26.500000
  0
VERTEX
  8
1
 10
82.500000
 20
30.300000
  0
VERTEX
  8
1
 10
109.300000
 20
35.400000
  0
VERTEX
  8
1
 10
140.400000
 20
41.200000
  0
VERTEX
  8
1
 10
149.900000
 20
-7.100000
  0
VERTEX
  8
1
 10
-30.500000
 20
-42.000000
  0
SEQEND
  0
POINT
  8
2
 10
-30.500000
 20
-42.000000
  0
POINT
  8
2
 10
-39.400000
 20
6.500000
  0
POINT
  8
3
 10
-9.200000
 20
12.300000
  0
POINT
  8
3
 10
12.900000
 20
16.600000
  0
POINT
  8
3
 10
62.900000
 20
26.500000
  0
POINT
  8
3
 10
82.500000
 20
30.300000
  0
POINT
  8
2
 10
109.300000
 20
35.400000
  0
POINT
  8
2
 10
140.400000
 20
41.200000
  0
POINT
  8
2
 10
149.900000
 20
-7.100000
  0
POINT
  8
2
 10
-30.500000
 20
-42.000000
  0
POINT
  8
2
 10
109.300000
 20
35.400000
 39
2.500000
 50
279.462300
  0
POINT
  8
4
 10
109.300000
 20
35.400000
 30
2.500000
 50
279.462300
  0
LINE
  8
5
 10
102.900000
 20
0.000000
 11
11.700000
 21
0.000000
  0
LINE
  8
7
 10
123.600000
 20
1.000000
 11
26.400000
 21
1.000000
  0
TEXT
  8
1
 10
3.300000
 20
109.400000
 40
10.000000
 50
0.000000
  1
Piece Name: TRIMMING VENT UP SLV 2P
  0
TEXT
  8
1
 10
3.300000
 20
120.400000
 40
10.000000
 50
0.000000
  1
Size: 42
  0
TEXT
  8
1
 10
3.300000
 20
131.400000
 40
10.000000
 50
0.000000
  1
Annotation: TRIMMING VENT UP SLV 2P
  0
TEXT
  8
1
 10
3.300000
 20
142.400000
 40
10.000000
 50
0.000000
  1
Quantity: 1
  0
TEXT
  8
1
 10
3.300000
 20
153.400000
 40
10.000000
 50
0.000000
  1
Material: LEATHER
  0
ENDBLK
  0
BLOCK
  8
1
  2
UNDER SLEEVE 2P
 70
     0
 10
0.00
 20
0.00
  0
POLYLINE
  8
84
 66
     1
 70
     1
  0
VERTEX
  8
84
 10
-109.300000
 20
88.700000
  0
VERTEX
  8
84
 10
-98.200000
 20
89.200000
  0
VERTEX
  8
84
 10
-87.500000
 20
89.900000
  0
VERTEX
  8
84
 10
-77.400000
 20
90.800000
  0
VERTEX
  8
84
 10
-67.200000
 20
91.500000
  0
VERTEX
  8
84
 10
-56.200000
 20
92.700000
  0
VERTEX
  8
84
 10
-44.300000
 20
94.400000
  0
VERTEX
  8
84
 10
-31.800000
 20
95.800000
  0
VERTEX
  8
84
 10
-18.200000
 20
97.200000
  0
VERTEX
  8
84
 10
-3.600000
 20
99.300000
  0
VERTEX
  8
84
 10
11.000000
 20
101.700000
  0
VERTEX
  8
84
 10
24.600000
 20
103.800000
  0
VERTEX
  8
84
 10
37.200000
 20
105.700000
  0
VERTEX
  8
84
 10
49.400000
 20
107.900000
  0
VERTEX
  8
84
 10
61.700000
 20
110.300000
  0
VERTEX
  8
84
 10
74.000000
 20
112.400000
  0
VERTEX
  8
84
 10
87.300000
 20
114.400000
  0
VERTEX
  8
84
 10
101.500000
 20
116.800000
  0
VERTEX
  8
84
 10
106.000000
 20
106.800000
  0
VERTEX
  8
84
 10
106.200000
 20
100.600000
  0
VERTEX
  8
84
 10
106.300000
 20
98.300000
  0
VERTEX
  8
84
 10
106.400000
 20
96.100000
  0
VERTEX
  8
84
 10
106.600000
 20
93.900000
  0
VERTEX
  8
84
 10
106.900000
 20
91.500000
  0
VERTEX
  8
84
 10
107.200000
 20
89.000000
  0
VERTEX
  8
84
 10
107.500000
 20
86.300000
  0
VERTEX
  8
84
 10
108.100000
 20
82.000000
  0
VERTEX
  8
84
 10
108.800000
 20
77.700000
  0
VERTEX
  8
84
 10
109.100000
 20
75.700000
  0
VERTEX
  8
84
 10
109.400000
 20
74.200000
  0
VERTEX
  8
84
 10
109.800000
 20
72.800000
  0
VERTEX
  8
84
 10
110.800000
 20
70.300000
  0
VERTEX
  8
84
 10
111.500000
 20
69.000000
  0
VERTEX
  8
84
 10
112.300000
 20
67.500000
  0
VERTEX
  8
84
 10
113.600000
 20
65.500000
  0
VERTEX
  8
84
 10
117.300000
 20
61.200000
  0
VERTEX
  8
84
 10
120.000000
 20
58.000000
  0
VERTEX
  8
84
 10
121.800000
 20
56.000000
  0
VERTEX
  8
84
 10
123.700000
 20
54.000000
  0
VERTEX
  8
84
 10
125.600000
 20
52.000000
  0
VERTEX
  8
84
 10
127.600000
 20
49.900000
  0
VERTEX
  8
84
 10
129.900000
 20
47.600000
  0
VERTEX
  8
84
 10
132.300000
 20
45.300000
  0
VERTEX
  8
84
 10
134.600000
 20
43.200000
  0
VERTEX
  8
84
 10
136.800000
 20
41.100000
  0
VERTEX
  8
84
 10
139.000000
 20
39.200000
  0
VERTEX
  8
84
 10
141.300000
 20
37.200000
  0
VERTEX
  8
84
 10
144.000000
 20
35.000000
  0
VERTEX
  8
84
 10
147.400000
 20
32.300000
  0
VERTEX
  8
84
 10
153.100000
 20
27.700000
  0
VERTEX
  8
84
 10
157.600000
 20
24.100000
  0
VERTEX
  8
84
 10
159.800000
 20
22.400000
  0
VERTEX
  8
84
 10
162.000000
 20
20.800000
  0
VERTEX
  8
84
 10
164.000000
 20
19.400000
  0
VERTEX
  8
84
 10
165.900000
 20
18.000000
  0
VERTEX
  8
84
 10
168.700000
 20
16.200000
  0
VERTEX
  8
84
 10
171.900000
 20
14.100000
  0
VERTEX
  8
84
 10
176.000000
 20
11.600000
  0
VERTEX
  8
84
 10
186.600000
 20
5.900000
  0
VERTEX
  8
84
 10
192.100000
 20
3.000000
  0
VERTEX
  8
84
 10
196.000000
 20
0.900000
  0
VERTEX
  8
84
 10
200.200000
 20
-1.500000
  0
VERTEX
  8
84
 10
204.600000
 20
-4.000000
  0
VERTEX
  8
84
 10
209.200000
 20
-6.700000
  0
VERTEX
  8
84
 10
214.100000
 20
-9.600000
  0
VERTEX
  8
84
 10
217.700000
 20
-11.800000
  0
VERTEX
  8
84
 10
221.000000
 20
-13.900000
  0
VERTEX
  8
84
 10
224.000000
 20
-15.800000
  0
VERTEX
  8
84
 10
226.800000
 20
-17.600000
  0
VERTEX
  8
84
 10
230.300000
 20
-19.900000
  0
VERTEX
  8
84
 10
234.800000
 20
-23.000000
  0
VERTEX
  8
84
 10
234.900000
 20
-34.400000
  0
VERTEX
  8
84
 10
206.800000
 20
-36.700000
  0
VERTEX
  8
84
 10
196.000000
 20
-37.600000
  0
VERTEX
  8
84
 10
186.100000
 20
-38.400000
  0
VERTEX
  8
84
 10
173.500000
 20
-39.600000
  0
VERTEX
  8
84
 10
146.100000
 20
-42.300000
  0
VERTEX
  8
84
 10
137.600000
 20
-43.100000
  0
VERTEX
  8
84
 10
130.400000
 20
-43.700000
  0
VERTEX
  8
84
 10
123.800000
 20
-44.200000
  0
VERTEX
  8
84
 10
117.800000
 20
-44.700000
  0
VERTEX
  8
84
 10
109.900000
 20
-45.200000
  0
VERTEX
  8
84
 10
99.000000
 20
-46.000000
  0
VERTEX
  8
84
 10
55.200000
 20
-49.200000
  0
VERTEX
  8
84
 10
40.900000
 20
-50.400000
  0
VERTEX
  8
84
 10
31.300000
 20
-51.000000
  0
VERTEX
  8
84
 10
22.600000
 20
-51.500000
  0
VERTEX
  8
84
 10
14.500000
 20
-52.100000
  0
VERTEX
  8
84
 10
5.400000
 20
-52.600000
  0
VERTEX
  8
84
 10
-3.700000
 20
-52.900000
  0
VERTEX
  8
84
 10
-12.600000
 20
-53.400000
  0
VERTEX
  8
84
 10
-21.700000
 20
-53.500000
  0
VERTEX
  8
84
 10
-29.900000
 20
-53.600000
  0
VERTEX
  8
84
 10
-38.100000
 20
-53.700000
  0
VERTEX
  8
84
 10
-46.300000
 20
-53.800000
  0
VERTEX
  8
84
 10
-54.300000
 20
-53.600000
  0
VERTEX
  8
84
 10
-61.900000
 20
-53.400000
  0
VERTEX
  8
84
 10
-76.700000
 20
-53.200000
  0
VERTEX
  8
84
 10
-86.200000
 20
-52.900000
  0
VERTEX
  8
84
 10
-94.200000
 20
-3.600000
  0
VERTEX
  8
84
 10
-109.300000
 20
88.700000
  0
SEQEND
  0
POLYLINE
  8
1
 66
     1
 70
     1
  0
VERTEX
  8
1
 10
-109.300000
 20
88.700000
  0
VERTEX
  8
1
 10
-98.200000
 20
89.200000
  0
VERTEX
  8
1
 10
-87.500000
 20
89.900000
  0
VERTEX
  8
1
 10
-77.400000
 20
90.800000
  0
VERTEX
  8
1
 10
-67.200000
 20
91.500000
  0
VERTEX
  8
1
 10
-56.200000
 20
92.700000
  0
VERTEX
  8
1
 10
-44.300000
 20
94.400000
  0
VERTEX
  8
1
 10
-31.800000
 20
95.800000
  0
VERTEX
  8
1
 10
-18.200000
 20
97.200000
  0
VERTEX
  8
1
 10
-3.600000
 20
99.300000
  0
VERTEX
  8
1
 10
11.000000
 20
101.700000
  0
VERTEX
  8
1
 10
24.600000
 20
103.800000
  0
VERTEX
  8
1
 10
37.200000
 20
105.700000
  0
VERTEX
  8
1
 10
49.400000
 20
107.900000
  0
VERTEX
  8
1
 10
61.700000
 20
110.300000
  0
VERTEX
  8
1
 10
74.000000
 20
112.400000
  0
VERTEX
  8
1
 10
87.300000
 20
114.400000
  0
VERTEX
  8
1
 10
101.500000
 20
116.800000
  0
VERTEX
  8
1
 10
106.000000
 20
106.800000
  0
VERTEX
  8
1
 10
106.200000
 20
100.600000
  0
VERTEX
  8
1
 10
106.300000
 20
98.300000
  0
VERTEX
  8
1
 10
106.400000
 20
96.100000
  0
VERTEX
  8
1
 10
106.600000
 20
93.900000
  0
VERTEX
  8
1
 10
106.900000
 20
91.500000
  0
VERTEX
  8
1
 10
107.200000
 20
89.000000
  0
VERTEX
  8
1
 10
107.500000
 20
86.300000
  0
VERTEX
  8
1
 10
108.100000
 20
82.000000
  0
VERTEX
  8
1
 10
108.800000
 20
77.700000
  0
VERTEX
  8
1
 10
109.100000
 20
75.700000
  0
VERTEX
  8
1
 10
109.400000
 20
74.200000
  0
VERTEX
  8
1
 10
109.800000
 20
72.800000
  0
VERTEX
  8
1
 10
110.800000
 20
70.300000
  0
VERTEX
  8
1
 10
111.500000
 20
69.000000
  0
VERTEX
  8
1
 10
112.300000
 20
67.500000
  0
VERTEX
  8
1
 10
113.600000
 20
65.500000
  0
VERTEX
  8
1
 10
117.300000
 20
61.200000
  0
VERTEX
  8
1
 10
120.000000
 20
58.000000
  0
VERTEX
  8
1
 10
121.800000
 20
56.000000
  0
VERTEX
  8
1
 10
123.700000
 20
54.000000
  0
VERTEX
  8
1
 10
125.600000
 20
52.000000
  0
VERTEX
  8
1
 10
127.600000
 20
49.900000
  0
VERTEX
  8
1
 10
129.900000
 20
47.600000
  0
VERTEX
  8
1
 10
132.300000
 20
45.300000
  0
VERTEX
  8
1
 10
134.600000
 20
43.200000
  0
VERTEX
  8
1
 10
136.800000
 20
41.100000
  0
VERTEX
  8
1
 10
139.000000
 20
39.200000
  0
VERTEX
  8
1
 10
141.300000
 20
37.200000
  0
VERTEX
  8
1
 10
144.000000
 20
35.000000
  0
VERTEX
  8
1
 10
147.400000
 20
32.300000
  0
VERTEX
  8
1
 10
153.100000
 20
27.700000
  0
VERTEX
  8
1
 10
157.600000
 20
24.100000
  0
VERTEX
  8
1
 10
159.800000
 20
22.400000
  0
VERTEX
  8
1
 10
162.000000
 20
20.800000
  0
VERTEX
  8
1
 10
164.000000
 20
19.400000
  0
VERTEX
  8
1
 10
165.900000
 20
18.000000
  0
VERTEX
  8
1
 10
168.700000
 20
16.200000
  0
VERTEX
  8
1
 10
171.900000
 20
14.100000
  0
VERTEX
  8
1
 10
176.000000
 20
11.600000
  0
VERTEX
  8
1
 10
186.600000
 20
5.900000
  0
VERTEX
  8
1
 10
192.100000
 20
3.000000
  0
VERTEX
  8
1
 10
196.000000
 20
0.900000
  0
VERTEX
  8
1
 10
200.200000
 20
-1.500000
  0
VERTEX
  8
1
 10
204.600000
 20
-4.000000
  0
VERTEX
  8
1
 10
209.200000
 20
-6.700000
  0
VERTEX
  8
1
 10
214.100000
 20
-9.600000
  0
VERTEX
  8
1
 10
217.700000
 20
-11.800000
  0
VERTEX
  8
1
 10
221.000000
 20
-13.900000
  0
VERTEX
  8
1
 10
224.000000
 20
-15.800000
  0
VERTEX
  8
1
 10
226.800000
 20
-17.600000
  0
VERTEX
  8
1
 10
230.300000
 20
-19.900000
  0
VERTEX
  8
1
 10
234.800000
 20
-23.000000
  0
VERTEX
  8
1
 10
234.900000
 20
-34.400000
  0
VERTEX
  8
1
 10
206.800000
 20
-36.700000
  0
VERTEX
  8
1
 10
196.000000
 20
-37.600000
  0
VERTEX
  8
1
 10
186.100000
 20
-38.400000
  0
VERTEX
  8
1
 10
173.500000
 20
-39.600000
  0
VERTEX
  8
1
 10
146.100000
 20
-42.300000
  0
VERTEX
  8
1
 10
137.600000
 20
-43.100000
  0
VERTEX
  8
1
 10
130.400000
 20
-43.700000
  0
VERTEX
  8
1
 10
123.800000
 20
-44.200000
  0
VERTEX
  8
1
 10
117.800000
 20
-44.700000
  0
VERTEX
  8
1
 10
109.900000
 20
-45.200000
  0
VERTEX
  8
1
 10
99.000000
 20
-46.000000
  0
VERTEX
  8
1
 10
55.200000
 20
-49.200000
  0
VERTEX
  8
1
 10
40.900000
 20
-50.400000
  0
VERTEX
  8
1
 10
31.300000
 20
-51.000000
  0
VERTEX
  8
1
 10
22.600000
 20
-51.500000
  0
VERTEX
  8
1
 10
14.500000
 20
-52.100000
  0
VERTEX
  8
1
 10
5.400000
 20
-52.600000
  0
VERTEX
  8
1
 10
-3.700000
 20
-52.900000
  0
VERTEX
  8
1
 10
-12.600000
 20
-53.400000
  0
VERTEX
  8
1
 10
-21.700000
 20
-53.500000
  0
VERTEX
  8
1
 10
-29.900000
 20
-53.600000
  0
VERTEX
  8
1
 10
-38.100000
 20
-53.700000
  0
VERTEX
  8
1
 10
-46.300000
 20
-53.800000
  0
VERTEX
  8
1
 10
-54.300000
 20
-53.600000
  0
VERTEX
  8
1
 10
-61.900000
 20
-53.400000
  0
VERTEX
  8
1
 10
-76.700000
 20
-53.200000
  0
VERTEX
  8
1
 10
-86.200000
 20
-52.900000
  0
VERTEX
  8
1
 10
-94.200000
 20
-3.600000
  0
VERTEX
  8
1
 10
-109.300000
 20
88.700000
  0
SEQEND
  0
POLYLINE
  8
87
 66
     1
  0
VERTEX
  8
87
 10
-97.800000
 20
79.300000
  0
VERTEX
  8
87
 10
-86.800000
 20
80.000000
  0
VERTEX
  8
87
 10
-76.700000
 20
80.900000
  0
VERTEX
  8
87
 10
-66.400000
 20
81.600000
  0
VERTEX
  8
87
 10
-55.000000
 20
82.800000
  0
VERTEX
  8
87
 10
-43.000000
 20
84.500000
  0
VERTEX
  8
87
 10
-30.700000
 20
85.900000
  0
VERTEX
  8
87
 10
-17.000000
 20
87.300000
  0
VERTEX
  8
87
 10
-2.100000
 20
89.500000
  0
VERTEX
  8
87
 10
12.600000
 20
91.900000
  0
VERTEX
  8
87
 10
26.100000
 20
94.000000
  0
VERTEX
  8
87
 10
38.800000
 20
95.900000
  0
VERTEX
  8
87
 10
51.200000
 20
98.100000
  0
VERTEX
  8
87
 10
63.400000
 20
100.500000
  0
VERTEX
  8
87
 10
75.500000
 20
102.600000
  0
VERTEX
  8
87
 10
88.800000
 20
104.600000
  0
VERTEX
  8
87
 10
95.500000
 20
105.700000
  0
VERTEX
  8
87
 10
96.500000
 20
104.600000
  0
VERTEX
  8
87
 10
96.300000
 20
100.200000
  0
VERTEX
  8
87
 10
96.400000
 20
97.900000
  0
VERTEX
  8
87
 10
96.500000
 20
95.400000
  0
VERTEX
  8
87
 10
96.700000
 20
92.800000
  0
VERTEX
  8
87
 10
97.000000
 20
90.300000
  0
VERTEX
  8
87
 10
97.300000
 20
87.900000
  0
VERTEX
  8
87
 10
97.600000
 20
85.100000
  0
VERTEX
  8
87
 10
98.200000
 20
80.500000
  0
VERTEX
  8
87
 10
99.000000
 20
76.200000
  0
VERTEX
  8
87
 10
99.300000
 20
74.000000
  0
VERTEX
  8
87
 10
99.700000
 20
71.900000
  0
VERTEX
  8
87
 10
100.400000
 20
69.600000
  0
VERTEX
  8
87
 10
101.800000
 20
66.100000
  0
VERTEX
  8
87
 10
102.700000
 20
64.300000
  0
VERTEX
  8
87
 10
103.700000
 20
62.400000
  0
VERTEX
  8
87
 10
105.700000
 20
59.500000
  0
VERTEX
  8
87
 10
109.700000
 20
54.700000
  0
VERTEX
  8
87
 10
112.500000
 20
51.500000
  0
VERTEX
  8
87
 10
114.500000
 20
49.300000
  0
VERTEX
  8
87
 10
116.500000
 20
47.200000
  0
VERTEX
  8
87
 10
118.400000
 20
45.200000
  0
VERTEX
  8
87
 10
120.500000
 20
43.000000
  0
VERTEX
  8
87
 10
122.900000
 20
40.500000
  0
VERTEX
  8
87
 10
125.500000
 20
38.000000
  0
VERTEX
  8
87
 10
127.800000
 20
35.900000
  0
VERTEX
  8
87
 10
130.100000
 20
33.700000
  0
VERTEX
  8
87
 10
132.500000
 20
31.700000
  0
VERTEX
  8
87
 10
134.900000
 20
29.600000
  0
VERTEX
  8
87
 10
137.700000
 20
27.200000
  0
VERTEX
  8
87
 10
141.200000
 20
24.500000
  0
VERTEX
  8
87
 10
146.900000
 20
19.900000
  0
VERTEX
  8
87
 10
151.400000
 20
16.200000
  0
VERTEX
  8
87
 10
153.800000
 20
14.400000
  0
VERTEX
  8
87
 10
156.200000
 20
12.700000
  0
VERTEX
  8
87
 10
158.200000
 20
11.300000
  0
VERTEX
  8
87
 10
160.200000
 20
9.800000
  0
VERTEX
  8
87
 10
163.300000
 20
7.800000
  0
VERTEX
  8
87
 10
166.600000
 20
5.700000
  0
VERTEX
  8
87
 10
171.000000
 20
2.900000
  0
VERTEX
  8
87
 10
181.900000
 20
-2.900000
  0
VERTEX
  8
87
 10
187.400000
 20
-5.800000
  0
VERTEX
  8
87
 10
191.200000
 20
-7.800000
  0
VERTEX
  8
87
 10
195.300000
 20
-10.100000
  0
VERTEX
  8
87
 10
199.600000
 20
-12.600000
  0
VERTEX
  8
87
 10
204.200000
 20
-15.300000
  0
VERTEX
  8
87
 10
209.000000
 20
-18.100000
  0
VERTEX
  8
87
 10
212.400000
 20
-20.200000
  0
VERTEX
  8
87
 10
215.700000
 20
-22.300000
  0
VERTEX
  8
87
 10
218.600000
 20
-24.200000
  0
VERTEX
  8
87
 10
220.800000
 20
-25.500000
  0
VERTEX
  8
87
 10
206.000000
 20
-26.800000
  0
VERTEX
  8
87
 10
195.200000
 20
-27.700000
  0
VERTEX
  8
87
 10
185.200000
 20
-28.500000
  0
VERTEX
  8
87
 10
172.600000
 20
-29.700000
  0
VERTEX
  8
87
 10
145.200000
 20
-32.400000
  0
VERTEX
  8
87
 10
136.700000
 20
-33.200000
  0
VERTEX
  8
87
 10
129.600000
 20
-33.800000
  0
VERTEX
  8
87
 10
123.000000
 20
-34.300000
  0
VERTEX
  8
87
 10
117.100000
 20
-34.800000
  0
VERTEX
  8
87
 10
109.200000
 20
-35.300000
  0
VERTEX
  8
87
 10
98.700000
 20
-36.100000
  0
VERTEX
  8
87
 10
54.500000
 20
-39.300000
  0
VERTEX
  8
87
 10
40.200000
 20
-40.500000
  0
VERTEX
  8
87
 10
30.800000
 20
-41.100000
  0
VERTEX
  8
87
 10
22.000000
 20
-41.600000
  0
VERTEX
  8
87
 10
13.900000
 20
-42.200000
  0
VERTEX
  8
87
 10
5.000000
 20
-42.700000
  0
VERTEX
  8
87
 10
-4.100000
 20
-43.000000
  0
VERTEX
  8
87
 10
-12.900000
 20
-43.500000
  0
VERTEX
  8
87
 10
-21.800000
 20
-43.600000
  0
VERTEX
  8
87
 10
-30.000000
 20
-43.700000
  0
VERTEX
  8
87
 10
-38.200000
 20
-43.800000
  0
VERTEX
  8
87
 10
-46.200000
 20
-43.900000
  0
VERTEX
  8
87
 10
-54.100000
 20
-43.700000
  0
VERTEX
  8
87
 10
-61.700000
 20
-43.500000
  0
VERTEX
  8
87
 10
-76.500000
 20
-43.300000
  0
VERTEX
  8
87
 10
-77.700000
 20
-43.300000
  0
VERTEX
  8
87
 10
-84.400000
 20
-2.000000
  0
VERTEX
  8
87
 10
-97.800000
 20
79.300000
  0
SEQEND
  0
POLYLINE
  8
14
 66
     1
  0
VERTEX
  8
14
 10
-97.800000
 20
79.300000
  0
VERTEX
  8
14
 10
-86.800000
 20
80.000000
  0
VERTEX
  8
14
 10
-76.700000
 20
80.900000
  0
VERTEX
  8
14
 10
-66.400000
 20
81.600000
  0
VERTEX
  8
14
 10
-55.000000
 20
82.800000
  0
VERTEX
  8
14
 10
-43.000000
 20
84.500000
  0
VERTEX
  8
14
 10
-30.700000
 20
85.900000
  0
VERTEX
  8
14
 10
-17.000000
 20
87.300000
  0
VERTEX
  8
14
 10
-2.100000
 20
89.500000
  0
VERTEX
  8
14
 10
12.600000
 20
91.900000
  0
VERTEX
  8
14
 10
26.100000
 20
94.000000
  0
VERTEX
  8
14
 10
38.800000
 20
95.900000
  0
VERTEX
  8
14
 10
51.200000
 20
98.100000
  0
VERTEX
  8
14
 10
63.400000
 20
100.500000
  0
VERTEX
  8
14
 10
75.500000
 20
102.600000
  0
VERTEX
  8
14
 10
88.800000
 20
104.600000
  0
VERTEX
  8
14
 10
95.500000
 20
105.700000
  0
VERTEX
  8
14
 10
96.500000
 20
104.600000
  0
VERTEX
  8
14
 10
96.300000
 20
100.200000
  0
VERTEX
  8
14
 10
96.400000
 20
97.900000
  0
VERTEX
  8
14
 10
96.500000
 20
95.400000
  0
VERTEX
  8
14
 10
96.700000
 20
92.800000
  0
VERTEX
  8
14
 10
97.000000
 20
90.300000
  0
VERTEX
  8
14
 10
97.300000
 20
87.900000
  0
VERTEX
  8
14
 10
97.600000
 20
85.100000
  0
VERTEX
  8
14
 10
98.200000
 20
80.500000
  0
VERTEX
  8
14
 10
99.000000
 20
76.200000
  0
VERTEX
  8
14
 10
99.300000
 20
74.000000
  0
VERTEX
  8
14
 10
99.700000
 20
71.900000
  0
VERTEX
  8
14
 10
100.400000
 20
69.600000
  0
VERTEX
  8
14
 10
101.800000
 20
66.100000
  0
VERTEX
  8
14
 10
102.700000
 20
64.300000
  0
VERTEX
  8
14
 10
103.700000
 20
62.400000
  0
VERTEX
  8
14
 10
105.700000
 20
59.500000
  0
VERTEX
  8
14
 10
109.700000
 20
54.700000
  0
VERTEX
  8
14
 10
112.500000
 20
51.500000
  0
VERTEX
  8
14
 10
114.500000
 20
49.300000
  0
VERTEX
  8
14
 10
116.500000
 20
47.200000
  0
VERTEX
  8
14
 10
118.400000
 20
45.200000
  0
VERTEX
  8
14
 10
120.500000
 20
43.000000
  0
VERTEX
  8
14
 10
122.900000
 20
40.500000
  0
VERTEX
  8
14
 10
125.500000
 20
38.000000
  0
VERTEX
  8
14
 10
127.800000
 20
35.900000
  0
VERTEX
  8
14
 10
130.100000
 20
33.700000
  0
VERTEX
  8
14
 10
132.500000
 20
31.700000
  0
VERTEX
  8
14
 10
134.900000
 20
29.600000
  0
VERTEX
  8
14
 10
137.700000
 20
27.200000
  0
VERTEX
  8
14
 10
141.200000
 20
24.500000
  0
VERTEX
  8
14
 10
146.900000
 20
19.900000
  0
VERTEX
  8
14
 10
151.400000
 20
16.200000
  0
VERTEX
  8
14
 10
153.800000
 20
14.400000
  0
VERTEX
  8
14
 10
156.200000
 20
12.700000
  0
VERTEX
  8
14
 10
158.200000
 20
11.300000
  0
VERTEX
  8
14
 10
160.200000
 20
9.800000
  0
VERTEX
  8
14
 10
163.300000
 20
7.800000
  0
VERTEX
  8
14
 10
166.600000
 20
5.700000
  0
VERTEX
  8
14
 10
171.000000
 20
2.900000
  0
VERTEX
  8
14
 10
181.900000
 20
-2.900000
  0
VERTEX
  8
14
 10
187.400000
 20
-5.800000
  0
VERTEX
  8
14
 10
191.200000
 20
-7.800000
  0
VERTEX
  8
14
 10
195.300000
 20
-10.100000
  0
VERTEX
  8
14
 10
199.600000
 20
-12.600000
  0
VERTEX
  8
14
 10
204.200000
 20
-15.300000
  0
VERTEX
  8
14
 10
209.000000
 20
-18.100000
  0
VERTEX
  8
14
 10
212.400000
 20
-20.200000
  0
VERTEX
  8
14
 10
215.700000
 20
-22.300000
  0
VERTEX
  8
14
 10
218.600000
 20
-24.200000
  0
VERTEX
  8
14
 10
220.800000
 20
-25.500000
  0
VERTEX
  8
14
 10
206.000000
 20
-26.800000
  0
VERTEX
  8
14
 10
195.200000
 20
-27.700000
  0
VERTEX
  8
14
 10
185.200000
 20
-28.500000
  0
VERTEX
  8
14
 10
172.600000
 20
-29.700000
  0
VERTEX
  8
14
 10
145.200000
 20
-32.400000
  0
VERTEX
  8
14
 10
136.700000
 20
-33.200000
  0
VERTEX
  8
14
 10
129.600000
 20
-33.800000
  0
VERTEX
  8
14
 10
123.000000
 20
-34.300000
  0
VERTEX
  8
14
 10
117.100000
 20
-34.800000
  0
VERTEX
  8
14
 10
109.200000
 20
-35.300000
  0
VERTEX
  8
14
 10
98.700000
 20
-36.100000
  0
VERTEX
  8
14
 10
54.500000
 20
-39.300000
  0
VERTEX
  8
14
 10
40.200000
 20
-40.500000
  0
VERTEX
  8
14
 10
30.800000
 20
-41.100000
  0
VERTEX
  8
14
 10
22.000000
 20
-41.600000
  0
VERTEX
  8
14
 10
13.900000
 20
-42.200000
  0
VERTEX
  8
14
 10
5.000000
 20
-42.700000
  0
VERTEX
  8
14
 10
-4.100000
 20
-43.000000
  0
VERTEX
  8
14
 10
-12.900000
 20
-43.500000
  0
VERTEX
  8
14
 10
-21.800000
 20
-43.600000
  0
VERTEX
  8
14
 10
-30.000000
 20
-43.700000
  0
VERTEX
  8
14
 10
-38.200000
 20
-43.800000
  0
VERTEX
  8
14
 10
-46.200000
 20
-43.900000
  0
VERTEX
  8
14
 10
-54.100000
 20
-43.700000
  0
VERTEX
  8
14
 10
-61.700000
 20
-43.500000
  0
VERTEX
  8
14
 10
-76.500000
 20
-43.300000
  0
VERTEX
  8
14
 10
-77.700000
 20
-43.300000
  0
VERTEX
  8
14
 10
-84.400000
 20
-2.000000
  0
VERTEX
  8
14
 10
-97.800000
 20
79.300000
  0
SEQEND
  0
POINT
  8
2
 10
-109.300000
 20
88.700000
  0
POINT
  8
3
 10
-98.200000
 20
89.200000
  0
POINT
  8
3
 10
-87.500000
 20
89.900000
  0
POINT
  8
3
 10
-77.400000
 20
90.800000
  0
POINT
  8
3
 10
-67.200000
 20
91.500000
  0
POINT
  8
3
 10
-56.200000
 20
92.700000
  0
POINT
  8
3
 10
-44.300000
 20
94.400000
  0
POINT
  8
3
 10
-31.800000
 20
95.800000
  0
POINT
  8
3
 10
-18.200000
 20
97.200000
  0
POINT
  8
3
 10
-3.600000
 20
99.300000
  0
POINT
  8
3
 10
11.000000
 20
101.700000
  0
POINT
  8
3
 10
24.600000
 20
103.800000
  0
POINT
  8
3
 10
37.200000
 20
105.700000
  0
POINT
  8
3
 10
49.400000
 20
107.900000
  0
POINT
  8
3
 10
61.700000
 20
110.300000
  0
POINT
  8
3
 10
74.000000
 20
112.400000
  0
POINT
  8
3
 10
87.300000
 20
114.400000
  0
POINT
  8
2
 10
101.500000
 20
116.800000
  0
POINT
  8
2
 10
106.000000
 20
106.800000
  0
POINT
  8
3
 10
106.200000
 20
100.600000
  0
POINT
  8
3
 10
106.300000
 20
98.300000
  0
POINT
  8
3
 10
106.400000
 20
96.100000
  0
POINT
  8
3
 10
106.600000
 20
93.900000
  0
POINT
  8
3
 10
106.900000
 20
91.500000
  0
POINT
  8
3
 10
107.200000
 20
89.000000
  0
POINT
  8
3
 10
107.500000
 20
86.300000
  0
POINT
  8
3
 10
108.100000
 20
82.000000
  0
POINT
  8
3
 10
108.800000
 20
77.700000
  0
POINT
  8
3
 10
109.100000
 20
75.700000
  0
POINT
  8
3
 10
109.400000
 20
74.200000
  0
POINT
  8
3
 10
109.800000
 20
72.800000
  0
POINT
  8
3
 10
110.800000
 20
70.300000
  0
POINT
  8
3
 10
111.500000
 20
69.000000
  0
POINT
  8
3
 10
112.300000
 20
67.500000
  0
POINT
  8
2
 10
113.600000
 20
65.500000
  0
POINT
  8
3
 10
117.300000
 20
61.200000
  0
POINT
  8
3
 10
120.000000
 20
58.000000
  0
POINT
  8
3
 10
121.800000
 20
56.000000
  0
POINT
  8
3
 10
123.700000
 20
54.000000
  0
POINT
  8
3
 10
125.600000
 20
52.000000
  0
POINT
  8
3
 10
127.600000
 20
49.900000
  0
POINT
  8
3
 10
129.900000
 20
47.600000
  0
POINT
  8
3
 10
132.300000
 20
45.300000
  0
POINT
  8
3
 10
134.600000
 20
43.200000
  0
POINT
  8
3
 10
136.800000
 20
41.100000
  0
POINT
  8
3
 10
139.000000
 20
39.200000
  0
POINT
  8
3
 10
141.300000
 20
37.200000
  0
POINT
  8
3
 10
144.000000
 20
35.000000
  0
POINT
  8
3
 10
147.400000
 20
32.300000
  0
POINT
  8
3
 10
153.100000
 20
27.700000
  0
POINT
  8
3
 10
157.600000
 20
24.100000
  0
POINT
  8
3
 10
159.800000
 20
22.400000
  0
POINT
  8
3
 10
162.000000
 20
20.800000
  0
POINT
  8
3
 10
164.000000
 20
19.400000
  0
POINT
  8
3
 10
165.900000
 20
18.000000
  0
POINT
  8
3
 10
168.700000
 20
16.200000
  0
POINT
  8
3
 10
171.900000
 20
14.100000
  0
POINT
  8
2
 10
176.000000
 20
11.600000
  0
POINT
  8
3
 10
186.600000
 20
5.900000
  0
POINT
  8
3
 10
192.100000
 20
3.000000
  0
POINT
  8
3
 10
196.000000
 20
0.900000
  0
POINT
  8
3
 10
200.200000
 20
-1.500000
  0
POINT
  8
3
 10
204.600000
 20
-4.000000
  0
POINT
  8
3
 10
209.200000
 20
-6.700000
  0
POINT
  8
3
 10
214.100000
 20
-9.600000
  0
POINT
  8
3
 10
217.700000
 20
-11.800000
  0
POINT
  8
3
 10
221.000000
 20
-13.900000
  0
POINT
  8
3
 10
224.000000
 20
-15.800000
  0
POINT
  8
3
 10
226.800000
 20
-17.600000
  0
POINT
  8
3
 10
230.300000
 20
-19.900000
  0
POINT
  8
2
 10
234.800000
 20
-23.000000
  0
POINT
  8
2
 10
234.900000
 20
-34.400000
  0
POINT
  8
3
 10
206.800000
 20
-36.700000
  0
POINT
  8
3
 10
196.000000
 20
-37.600000
  0
POINT
  8
3
 10
186.100000
 20
-38.400000
  0
POINT
  8
3
 10
173.500000
 20
-39.600000
  0
POINT
  8
3
 10
146.100000
 20
-42.300000
  0
POINT
  8
3
 10
137.600000
 20
-43.100000
  0
POINT
  8
3
 10
130.400000
 20
-43.700000
  0
POINT
  8
3
 10
123.800000
 20
-44.200000
  0
POINT
  8
3
 10
117.800000
 20
-44.700000
  0
POINT
  8
3
 10
109.900000
 20
-45.200000
  0
POINT
  8
2
 10
99.000000
 20
-46.000000
  0
POINT
  8
3
 10
55.200000
 20
-49.200000
  0
POINT
  8
3
 10
40.900000
 20
-50.400000
  0
POINT
  8
3
 10
31.300000
 20
-51.000000
  0
POINT
  8
3
 10
22.600000
 20
-51.500000
  0
POINT
  8
3
 10
14.500000
 20
-52.100000
  0
POINT
  8
3
 10
5.400000
 20
-52.600000
  0
POINT
  8
3
 10
-3.700000
 20
-52.900000
  0
POINT
  8
3
 10
-12.600000
 20
-53.400000
  0
POINT
  8
3
 10
-21.700000
 20
-53.500000
  0
POINT
  8
3
 10
-29.900000
 20
-53.600000
  0
POINT
  8
3
 10
-38.100000
 20
-53.700000
  0
POINT
  8
3
 10
-46.300000
 20
-53.800000
  0
POINT
  8
3
 10
-54.300000
 20
-53.600000
  0
POINT
  8
3
 10
-61.900000
 20
-53.400000
  0
POINT
  8
3
 10
-76.700000
 20
-53.200000
  0
POINT
  8
2
 10
-86.200000
 20
-52.900000
  0
POINT
  8
2
 10
-94.200000
 20
-3.600000
  0
POINT
  8
2
 10
-109.300000
 20
88.700000
  0
POINT
  8
2
 10
113.600000
 20
65.500000
 39
2.500000
 50
218.290200
  0
POINT
  8
2
 10
176.000000
 20
11.600000
 39
2.500000
 50
241.389500
  0
POINT
  8
2
 10
99.000000
 20
-46.000000
 39
2.500000
 50
92.385940
  0
POINT
  8
2
 10
-94.200000
 20
-3.600000
 39
2.500000
 50
9.462322
  0
POINT
  8
2
 10
-97.800000
 20
79.300000
  0
POINT
  8
3
 10
-86.800000
 20
80.000000
  0
POINT
  8
3
 10
-76.700000
 20
80.900000
  0
POINT
  8
3
 10
-66.400000
 20
81.600000
  0
POINT
  8
3
 10
-55.000000
 20
82.800000
  0
POINT
  8
3
 10
-43.000000
 20
84.500000
  0
POINT
  8
3
 10
-30.700000
 20
85.900000
  0
POINT
  8
3
 10
-17.000000
 20
87.300000
  0
POINT
  8
3
 10
-2.100000
 20
89.500000
  0
POINT
  8
3
 10
12.600000
 20
91.900000
  0
POINT
  8
3
 10
26.100000
 20
94.000000
  0
POINT
  8
3
 10
38.800000
 20
95.900000
  0
POINT
  8
3
 10
51.200000
 20
98.100000
  0
POINT
  8
3
 10
63.400000
 20
100.500000
  0
POINT
  8
3
 10
75.500000
 20
102.600000
  0
POINT
  8
3
 10
88.800000
 20
104.600000
  0
POINT
  8
2
 10
95.500000
 20
105.700000
  0
POINT
  8
2
 10
96.500000
 20
104.600000
  0
POINT
  8
3
 10
96.300000
 20
100.200000
  0
POINT
  8
3
 10
96.400000
 20
97.900000
  0
POINT
  8
3
 10
96.500000
 20
95.400000
  0
POINT
  8
3
 10
96.700000
 20
92.800000
  0
POINT
  8
3
 10
97.000000
 20
90.300000
  0
POINT
  8
3
 10
97.300000
 20
87.900000
  0
POINT
  8
3
 10
97.600000
 20
85.100000
  0
POINT
  8
3
 10
98.200000
 20
80.500000
  0
POINT
  8
3
 10
99.000000
 20
76.200000
  0
POINT
  8
3
 10
99.300000
 20
74.000000
  0
POINT
  8
3
 10
99.700000
 20
71.900000
  0
POINT
  8
3
 10
100.400000
 20
69.600000
  0
POINT
  8
3
 10
101.800000
 20
66.100000
  0
POINT
  8
3
 10
102.700000
 20
64.300000
  0
POINT
  8
3
 10
103.700000
 20
62.400000
  0
POINT
  8
2
 10
105.700000
 20
59.500000
  0
POINT
  8
3
 10
109.700000
 20
54.700000
  0
POINT
  8
3
 10
112.500000
 20
51.500000
  0
POINT
  8
3
 10
114.500000
 20
49.300000
  0
POINT
  8
3
 10
116.500000
 20
47.200000
  0
POINT
  8
3
 10
118.400000
 20
45.200000
  0
POINT
  8
3
 10
120.500000
 20
43.000000
  0
POINT
  8
3
 10
122.900000
 20
40.500000
  0
POINT
  8
3
 10
125.500000
 20
38.000000
  0
POINT
  8
3
 10
127.800000
 20
35.900000
  0
POINT
  8
3
 10
130.100000
 20
33.700000
  0
POINT
  8
3
 10
132.500000
 20
31.700000
  0
POINT
  8
3
 10
134.900000
 20
29.600000
  0
POINT
  8
3
 10
137.700000
 20
27.200000
  0
POINT
  8
3
 10
141.200000
 20
24.500000
  0
POINT
  8
3
 10
146.900000
 20
19.900000
  0
POINT
  8
3
 10
151.400000
 20
16.200000
  0
POINT
  8
3
 10
153.800000
 20
14.400000
  0
POINT
  8
3
 10
156.200000
 20
12.700000
  0
POINT
  8
3
 10
158.200000
 20
11.300000
  0
POINT
  8
3
 10
160.200000
 20
9.800000
  0
POINT
  8
3
 10
163.300000
 20
7.800000
  0
POINT
  8
3
 10
166.600000
 20
5.700000
  0
POINT
  8
2
 10
171.000000
 20
2.900000
  0
POINT
  8
3
 10
181.900000
 20
-2.900000
  0
POINT
  8
3
 10
187.400000
 20
-5.800000
  0
POINT
  8
3
 10
191.200000
 20
-7.800000
  0
POINT
  8
3
 10
195.300000
 20
-10.100000
  0
POINT
  8
3
 10
199.600000
 20
-12.600000
  0
POINT
  8
3
 10
204.200000
 20
-15.300000
  0
POINT
  8
3
 10
209.000000
 20
-18.100000
  0
POINT
  8
3
 10
212.400000
 20
-20.200000
  0
POINT
  8
3
 10
215.700000
 20
-22.300000
  0
POINT
  8
3
 10
218.600000
 20
-24.200000
  0
POINT
  8
2
 10
220.800000
 20
-25.500000
  0
POINT
  8
3
 10
206.000000
 20
-26.800000
  0
POINT
  8
3
 10
195.200000
 20
-27.700000
  0
POINT
  8
3
 10
185.200000
 20
-28.500000
  0
POINT
  8
3
 10
172.600000
 20
-29.700000
  0
POINT
  8
3
 10
145.200000
 20
-32.400000
  0
POINT
  8
3
 10
136.700000
 20
-33.200000
  0
POINT
  8
3
 10
129.600000
 20
-33.800000
  0
POINT
  8
3
 10
123.000000
 20
-34.300000
  0
POINT
  8
3
 10
117.100000
 20
-34.800000
  0
POINT
  8
3
 10
109.200000
 20
-35.300000
  0
POINT
  8
2
 10
98.700000
 20
-36.100000
  0
POINT
  8
3
 10
54.500000
 20
-39.300000
  0
POINT
  8
3
 10
40.200000
 20
-40.500000
  0
POINT
  8
3
 10
30.800000
 20
-41.100000
  0
POINT
  8
3
 10
22.000000
 20
-41.600000
  0
POINT
  8
3
 10
13.900000
 20
-42.200000
  0
POINT
  8
3
 10
5.000000
 20
-42.700000
  0
POINT
  8
3
 10
-4.100000
 20
-43.000000
  0
POINT
  8
3
 10
-12.900000
 20
-43.500000
  0
POINT
  8
3
 10
-21.800000
 20
-43.600000
  0
POINT
  8
3
 10
-30.000000
 20
-43.700000
  0
POINT
  8
3
 10
-38.200000
 20
-43.800000
  0
POINT
  8
3
 10
-46.200000
 20
-43.900000
  0
POINT
  8
3
 10
-54.100000
 20
-43.700000
  0
POINT
  8
3
 10
-61.700000
 20
-43.500000
  0
POINT
  8
3
 10
-76.500000
 20
-43.300000
  0
POINT
  8
2
 10
-77.700000
 20
-43.300000
  0
POINT
  8
2
 10
-84.400000
 20
-2.000000
  0
POINT
  8
2
 10
-97.800000
 20
79.300000
  0
POINT
  8
4
 10
113.600000
 20
65.500000
 30
2.500000
 50
218.290200
  0
POINT
  8
4
 10
176.000000
 20
11.600000
 30
2.500000
 50
241.389500
  0
POINT
  8
4
 10
99.000000
 20
-46.000000
 30
2.500000
 50
92.385940
  0
POINT
  8
4
 10
-94.200000
 20
-3.600000
 30
2.500000
 50
9.462322
  0
LINE
  8
5
 10
115.600000
 20
0.000000
 11
-1.100000
 21
0.000000
  0
LINE
  8
7
 10
119.500000
 20
2.300000
 11
-8.700000
 21
2.300000
  0
TEXT
  8
1
 10
3.300000
 20
109.400000
 40
10.000000
 50
0.000000
  1
Piece Name: UNDER SLEEVE 2P
  0
TEXT
  8
1
 10
3.300000
 20
120.400000
 40
10.000000
 50
0.000000
  1
Size: 42
  0
TEXT
  8
1
 10
3.300000
 20
131.400000
 40
10.000000
 50
0.000000
  1
Annotation: UNDER SLEEVE 2P
  0
TEXT
  8
1
 10
3.300000
 20
142.400000
 40
10.000000
 50
0.000000
  1
Quantity: 1
  0
TEXT
  8
1
 10
3.300000
 20
153.400000
 40
10.000000
 50
0.000000
  1
Material: LEATHER
  0
ENDBLK
  0
BLOCK
  8
1
  2
UNDR SLV 2P
 70
     0
 10
0.00
 20
0.00
  0
POLYLINE
  8
84
 66
     1
 70
     1
  0
VERTEX
  8
84
 10
159.400000
 20
-79.800000
  0
VERTEX
  8
84
 10
153.400000
 20
-79.700000
  0
VERTEX
  8
84
 10
149.000000
 20
-79.600000
  0
VERTEX
  8
84
 10
145.300000
 20
-79.400000
  0
VERTEX
  8
84
 10
141.600000
 20
-79.200000
  0
VERTEX
  8
84
 10
137.900000
 20
-79.200000
  0
VERTEX
  8
84
 10
134.000000
 20
-78.900000
  0
VERTEX
  8
84
 10
129.700000
 20
-78.600000
  0
VERTEX
  8
84
 10
125.100000
 20
-78.100000
  0
VERTEX
  8
84
 10
119.900000
 20
-77.600000
  0
VERTEX
  8
84
 10
112.900000
 20
-77.000000
  0
VERTEX
  8
84
 10
88.700000
 20
-74.500000
  0
VERTEX
  8
84
 10
55.600000
 20
-71.200000
  0
VERTEX
  8
84
 10
43.300000
 20
-69.800000
  0
VERTEX
  8
84
 10
44.600000
 20
-59.800000
  0
VERTEX
  8
84
 10
-90.200000
 20
-42.400000
  0
VERTEX
  8
84
 10
-73.900000
 20
69.100000
  0
VERTEX
  8
84
 10
-47.900000
 20
67.300000
  0
VERTEX
  8
84
 10
-25.600000
 20
66.000000
  0
VERTEX
  8
84
 10
-8.700000
 20
65.300000
  0
VERTEX
  8
84
 10
3.200000
 20
64.700000
  0
VERTEX
  8
84
 10
12.000000
 20
64.300000
  0
VERTEX
  8
84
 10
20.800000
 20
64.000000
  0
VERTEX
  8
84
 10
31.800000
 20
63.800000
  0
VERTEX
  8
84
 10
45.100000
 20
63.500000
  0
VERTEX
  8
84
 10
59.400000
 20
62.900000
  0
VERTEX
  8
84
 10
72.600000
 20
62.600000
  0
VERTEX
  8
84
 10
83.700000
 20
62.400000
  0
VERTEX
  8
84
 10
93.500000
 20
62.300000
  0
VERTEX
  8
84
 10
103.400000
 20
62.300000
  0
VERTEX
  8
84
 10
114.000000
 20
62.500000
  0
VERTEX
  8
84
 10
125.200000
 20
62.900000
  0
VERTEX
  8
84
 10
136.200000
 20
63.200000
  0
VERTEX
  8
84
 10
151.100000
 20
-28.800000
  0
VERTEX
  8
84
 10
159.400000
 20
-79.800000
  0
SEQEND
  0
POLYLINE
  8
1
 66
     1
 70
     1
  0
VERTEX
  8
1
 10
159.400000
 20
-79.800000
  0
VERTEX
  8
1
 10
153.400000
 20
-79.700000
  0
VERTEX
  8
1
 10
149.000000
 20
-79.600000
  0
VERTEX
  8
1
 10
145.300000
 20
-79.400000
  0
VERTEX
  8
1
 10
141.600000
 20
-79.200000
  0
VERTEX
  8
1
 10
137.900000
 20
-79.200000
  0
VERTEX
  8
1
 10
134.000000
 20
-78.900000
  0
VERTEX
  8
1
 10
129.700000
 20
-78.600000
  0
VERTEX
  8
1
 10
125.100000
 20
-78.100000
  0
VERTEX
  8
1
 10
119.900000
 20
-77.600000
  0
VERTEX
  8
1
 10
112.900000
 20
-77.000000
  0
VERTEX
  8
1
 10
88.700000
 20
-74.500000
  0
VERTEX
  8
1
 10
55.600000
 20
-71.200000
  0
VERTEX
  8
1
 10
43.300000
 20
-69.800000
  0
VERTEX
  8
1
 10
44.600000
 20
-59.800000
  0
VERTEX
  8
1
 10
-90.200000
 20
-42.400000
  0
VERTEX
  8
1
 10
-73.900000
 20
69.100000
  0
VERTEX
  8
1
 10
-47.900000
 20
67.300000
  0
VERTEX
  8
1
 10
-25.600000
 20
66.000000
  0
VERTEX
  8
1
 10
-8.700000
 20
65.300000
  0
VERTEX
  8
1
 10
3.200000
 20
64.700000
  0
VERTEX
  8
1
 10
12.000000
 20
64.300000
  0
VERTEX
  8
1
 10
20.800000
 20
64.000000
  0
VERTEX
  8
1
 10
31.800000
 20
63.800000
  0
VERTEX
  8
1
 10
45.100000
 20
63.500000
  0
VERTEX
  8
1
 10
59.400000
 20
62.900000
  0
VERTEX
  8
1
 10
72.600000
 20
62.600000
  0
VERTEX
  8
1
 10
83.700000
 20
62.400000
  0
VERTEX
  8
1
 10
93.500000
 20
62.300000
  0
VERTEX
  8
1
 10
103.400000
 20
62.300000
  0
VERTEX
  8
1
 10
114.000000
 20
62.500000
  0
VERTEX
  8
1
 10
125.200000
 20
62.900000
  0
VERTEX
  8
1
 10
136.200000
 20
63.200000
  0
VERTEX
  8
1
 10
151.100000
 20
-28.800000
  0
VERTEX
  8
1
 10
159.400000
 20
-79.800000
  0
SEQEND
  0
POLYLINE
  8
87
 66
     1
  0
VERTEX
  8
87
 10
147.700000
 20
-69.700000
  0
VERTEX
  8
87
 10
145.800000
 20
-69.500000
  0
VERTEX
  8
87
 10
141.800000
 20
-69.200000
  0
VERTEX
  8
87
 10
138.200000
 20
-69.200000
  0
VERTEX
  8
87
 10
134.600000
 20
-69.000000
  0
VERTEX
  8
87
 10
130.500000
 20
-68.700000
  0
VERTEX
  8
87
 10
126.000000
 20
-68.200000
  0
VERTEX
  8
87
 10
120.700000
 20
-67.700000
  0
VERTEX
  8
87
 10
113.800000
 20
-67.100000
  0
VERTEX
  8
87
 10
89.600000
 20
-64.600000
  0
VERTEX
  8
87
 10
56.600000
 20
-61.300000
  0
VERTEX
  8
87
 10
54.500000
 20
-61.000000
  0
VERTEX
  8
87
 10
55.700000
 20
-51.200000
  0
VERTEX
  8
87
 10
-78.900000
 20
-33.800000
  0
VERTEX
  8
87
 10
-65.500000
 20
58.500000
  0
VERTEX
  8
87
 10
-48.400000
 20
57.400000
  0
VERTEX
  8
87
 10
-26.000000
 20
56.100000
  0
VERTEX
  8
87
 10
-9.100000
 20
55.400000
  0
VERTEX
  8
87
 10
2.800000
 20
54.800000
  0
VERTEX
  8
87
 10
11.700000
 20
54.400000
  0
VERTEX
  8
87
 10
20.600000
 20
54.100000
  0
VERTEX
  8
87
 10
31.700000
 20
53.900000
  0
VERTEX
  8
87
 10
44.800000
 20
53.600000
  0
VERTEX
  8
87
 10
59.100000
 20
53.000000
  0
VERTEX
  8
87
 10
72.400000
 20
52.700000
  0
VERTEX
  8
87
 10
83.600000
 20
52.500000
  0
VERTEX
  8
87
 10
93.400000
 20
52.300000
  0
VERTEX
  8
87
 10
103.400000
 20
52.300000
  0
VERTEX
  8
87
 10
114.200000
 20
52.600000
  0
VERTEX
  8
87
 10
125.400000
 20
53.000000
  0
VERTEX
  8
87
 10
127.700000
 20
53.000000
  0
VERTEX
  8
87
 10
141.300000
 20
-30.000000
  0
VERTEX
  8
87
 10
147.700000
 20
-69.700000
  0
SEQEND
  0
POLYLINE
  8
14
 66
     1
  0
VERTEX
  8
14
 10
147.700000
 20
-69.700000
  0
VERTEX
  8
14
 10
145.800000
 20
-69.500000
  0
VERTEX
  8
14
 10
141.800000
 20
-69.200000
  0
VERTEX
  8
14
 10
138.200000
 20
-69.200000
  0
VERTEX
  8
14
 10
134.600000
 20
-69.000000
  0
VERTEX
  8
14
 10
130.500000
 20
-68.700000
  0
VERTEX
  8
14
 10
126.000000
 20
-68.200000
  0
VERTEX
  8
14
 10
120.700000
 20
-67.700000
  0
VERTEX
  8
14
 10
113.800000
 20
-67.100000
  0
VERTEX
  8
14
 10
89.600000
 20
-64.600000
  0
VERTEX
  8
14
 10
56.600000
 20
-61.300000
  0
VERTEX
  8
14
 10
54.500000
 20
-61.000000
  0
VERTEX
  8
14
 10
55.700000
 20
-51.200000
  0
VERTEX
  8
14
 10
-78.900000
 20
-33.800000
  0
VERTEX
  8
14
 10
-65.500000
 20
58.500000
  0
VERTEX
  8
14
 10
-48.400000
 20
57.400000
  0
VERTEX
  8
14
 10
-26.000000
 20
56.100000
  0
VERTEX
  8
14
 10
-9.100000
 20
55.400000
  0
VERTEX
  8
14
 10
2.800000
 20
54.800000
  0
VERTEX
  8
14
 10
11.700000
 20
54.400000
  0
VERTEX
  8
14
 10
20.600000
 20
54.100000
  0
VERTEX
  8
14
 10
31.700000
 20
53.900000
  0
VERTEX
  8
14
 10
44.800000
 20
53.600000
  0
VERTEX
  8
14
 10
59.100000
 20
53.000000
  0
VERTEX
  8
14
 10
72.400000
 20
52.700000
  0
VERTEX
  8
14
 10
83.600000
 20
52.500000
  0
VERTEX
  8
14
 10
93.400000
 20
52.300000
  0
VERTEX
  8
14
 10
103.400000
 20
52.300000
  0
VERTEX
  8
14
 10
114.200000
 20
52.600000
  0
VERTEX
  8
14
 10
125.400000
 20
53.000000
  0
VERTEX
  8
14
 10
127.700000
 20
53.000000
  0
VERTEX
  8
14
 10
141.300000
 20
-30.000000
  0
VERTEX
  8
14
 10
147.700000
 20
-69.700000
  0
SEQEND
  0
POINT
  8
2
 10
159.400000
 20
-79.800000
  0
POINT
  8
3
 10
153.400000
 20
-79.700000
  0
POINT
  8
3
 10
149.000000
 20
-79.600000
  0
POINT
  8
3
 10
145.300000
 20
-79.400000
  0
POINT
  8
3
 10
141.600000
 20
-79.200000
  0
POINT
  8
3
 10
137.900000
 20
-79.200000
  0
POINT
  8
3
 10
134.000000
 20
-78.900000
  0
POINT
  8
3
 10
129.700000
 20
-78.600000
  0
POINT
  8
3
 10
125.100000
 20
-78.100000
  0
POINT
  8
3
 10
119.900000
 20
-77.600000
  0
POINT
  8
3
 10
112.900000
 20
-77.000000
  0
POINT
  8
3
 10
88.700000
 20
-74.500000
  0
POINT
  8
2
 10
55.600000
 20
-71.200000
  0
POINT
  8
2
 10
43.300000
 20
-69.800000
  0
POINT
  8
2
 10
44.600000
 20
-59.800000
  0
POINT
  8
2
 10
-90.200000
 20
-42.400000
  0
POINT
  8
2
 10
-73.900000
 20
69.100000
  0
POINT
  8
3
 10
-47.900000
 20
67.300000
  0
POINT
  8
3
 10
-25.600000
 20
66.000000
  0
POINT
  8
3
 10
-8.700000
 20
65.300000
  0
POINT
  8
3
 10
3.200000
 20
64.700000
  0
POINT
  8
3
 10
12.000000
 20
64.300000
  0
POINT
  8
3
 10
20.800000
 20
64.000000
  0
POINT
  8
3
 10
31.800000
 20
63.800000
  0
POINT
  8
3
 10
45.100000
 20
63.500000
  0
POINT
  8
3
 10
59.400000
 20
62.900000
  0
POINT
  8
3
 10
72.600000
 20
62.600000
  0
POINT
  8
3
 10
83.700000
 20
62.400000
  0
POINT
  8
3
 10
93.500000
 20
62.300000
  0
POINT
  8
3
 10
103.400000
 20
62.300000
  0
POINT
  8
3
 10
114.000000
 20
62.500000
  0
POINT
  8
3
 10
125.200000
 20
62.900000
  0
POINT
  8
2
 10
136.200000
 20
63.200000
  0
POINT
  8
2
 10
151.100000
 20
-28.800000
  0
POINT
  8
2
 10
159.400000
 20
-79.800000
  0
POINT
  8
2
 10
55.600000
 20
-71.200000
 39
2.500000
 50
85.236360
  0
POINT
  8
2
 10
151.100000
 20
-28.800000
 39
2.500000
 50
187.125000
  0
POINT
  8
2
 10
147.700000
 20
-69.700000
  0
POINT
  8
3
 10
145.800000
 20
-69.500000
  0
POINT
  8
3
 10
141.800000
 20
-69.200000
  0
POINT
  8
3
 10
138.200000
 20
-69.200000
  0
POINT
  8
3
 10
134.600000
 20
-69.000000
  0
POINT
  8
3
 10
130.500000
 20
-68.700000
  0
POINT
  8
3
 10
126.000000
 20
-68.200000
  0
POINT
  8
3
 10
120.700000
 20
-67.700000
  0
POINT
  8
3
 10
113.800000
 20
-67.100000
  0
POINT
  8
3
 10
89.600000
 20
-64.600000
  0
POINT
  8
2
 10
56.600000
 20
-61.300000
  0
POINT
  8
2
 10
54.500000
 20
-61.000000
  0
POINT
  8
2
 10
55.700000
 20
-51.200000
  0
POINT
  8
2
 10
-78.900000
 20
-33.800000
  0
POINT
  8
2
 10
-65.500000
 20
58.500000
  0
POINT
  8
3
 10
-48.400000
 20
57.400000
  0
POINT
  8
3
 10
-26.000000
 20
56.100000
  0
POINT
  8
3
 10
-9.100000
 20
55.400000
  0
POINT
  8
3
 10
2.800000
 20
54.800000
  0
POINT
  8
3
 10
11.700000
 20
54.400000
  0
POINT
  8
3
 10
20.600000
 20
54.100000
  0
POINT
  8
3
 10
31.700000
 20
53.900000
  0
POINT
  8
3
 10
44.800000
 20
53.600000
  0
POINT
  8
3
 10
59.100000
 20
53.000000
  0
POINT
  8
3
 10
72.400000
 20
52.700000
  0
POINT
  8
3
 10
83.600000
 20
52.500000
  0
POINT
  8
3
 10
93.400000
 20
52.300000
  0
POINT
  8
3
 10
103.400000
 20
52.300000
  0
POINT
  8
3
 10
114.200000
 20
52.600000
  0
POINT
  8
3
 10
125.400000
 20
53.000000
  0
POINT
  8
2
 10
127.700000
 20
53.000000
  0
POINT
  8
2
 10
141.300000
 20
-30.000000
  0
POINT
  8
2
 10
147.700000
 20
-69.700000
  0
POINT
  8
4
 10
55.600000
 20
-71.200000
 30
2.500000
 50
85.236360
  0
POINT
  8
4
 10
151.100000
 20
-28.800000
 30
2.500000
 50
187.125000
  0
LINE
  8
5
 10
110.000000
 20
0.000000
 11
4.600000
 21
0.000000
  0
LINE
  8
7
 10
109.800000
 20
-2.400000
 11
-1.000000
 21
-2.400000
  0
TEXT
  8
15
 10
-12.000000
 20
-36.000000
 40
11.000000
 50
0.000000
  1
VENT + ZIP
  0
TEXT
  8
1
 10
3.300000
 20
109.400000
 40
10.000000
 50
0.000000
  1
Piece Name: UNDR SLV 2P
  0
TEXT
  8
1
 10
3.300000
 20
120.400000
 40
10.000000
 50
0.000000
  1
Size: 42
  0
TEXT
  8
1
 10
3.300000
 20
131.400000
 40
10.000000
 50
0.000000
  1
Annotation: UNDR SLV 2P
  0
TEXT
  8
1
 10
3.300000
 20
142.400000
 40
10.000000
 50
0.000000
  1
Quantity: 1
  0
TEXT
  8
1
 10
3.300000
 20
153.400000
 40
10.000000
 50
0.000000
  1
Material: LEATHER
  0
ENDBLK
  0
BLOCK
  8
1
  2
TRIMMING VENT UNDR SLV 2P
 70
     0
 10
0.00
 20
0.00
  0
POLYLINE
  8
84
 66
     1
 70
     1
  0
VERTEX
  8
84
 10
176.800000
 20
17.300000
  0
VERTEX
  8
84
 10
170.400000
 20
-38.000000
  0
VERTEX
  8
84
 10
139.300000
 20
-34.500000
  0
VERTEX
  8
84
 10
127.300000
 20
-32.800000
  0
VERTEX
  8
84
 10
128.800000
 20
-23.000000
  0
VERTEX
  8
84
 10
-11.700000
 20
-5.500000
  0
VERTEX
  8
84
 10
-5.800000
 20
37.900000
  0
VERTEX
  8
84
 10
176.800000
 20
17.300000
  0
SEQEND
  0
POLYLINE
  8
1
 66
     1
 70
     1
  0
VERTEX
  8
1
 10
176.800000
 20
17.300000
  0
VERTEX
  8
1
 10
170.400000
 20
-38.000000
  0
VERTEX
  8
1
 10
139.300000
 20
-34.500000
  0
VERTEX
  8
1
 10
127.300000
 20
-32.800000
  0
VERTEX
  8
1
 10
128.800000
 20
-23.000000
  0
VERTEX
  8
1
 10
-11.700000
 20
-5.500000
  0
VERTEX
  8
1
 10
-5.800000
 20
37.900000
  0
VERTEX
  8
1
 10
176.800000
 20
17.300000
  0
SEQEND
  0
POLYLINE
  8
87
 66
     1
  0
VERTEX
  8
87
 10
165.700000
 20
8.600000
  0
VERTEX
  8
87
 10
161.700000
 20
-26.900000
  0
VERTEX
  8
87
 10
140.100000
 20
-24.600000
  0
VERTEX
  8
87
 10
138.600000
 20
-24.500000
  0
VERTEX
  8
87
 10
140.100000
 20
-14.400000
  0
VERTEX
  8
87
 10
-0.400000
 20
3.100000
  0
VERTEX
  8
87
 10
2.700000
 20
26.900000
  0
VERTEX
  8
87
 10
165.700000
 20
8.600000
  0
SEQEND
  0
POLYLINE
  8
14
 66
     1
  0
VERTEX
  8
14
 10
165.700000
 20
8.600000
  0
VERTEX
  8
14
 10
161.700000
 20
-26.900000
  0
VERTEX
  8
14
 10
140.100000
 20
-24.600000
  0
VERTEX
  8
14
 10
138.600000
 20
-24.500000
  0
VERTEX
  8
14
 10
140.100000
 20
-14.400000
  0
VERTEX
  8
14
 10
-0.400000
 20
3.100000
  0
VERTEX
  8
14
 10
2.700000
 20
26.900000
  0
VERTEX
  8
14
 10
165.700000
 20
8.600000
  0
SEQEND
  0
POINT
  8
2
 10
176.800000
 20
17.300000
  0
POINT
  8
2
 10
170.400000
 20
-38.000000
  0
POINT
  8
2
 10
139.300000
 20
-34.500000
  0
POINT
  8
2
 10
127.300000
 20
-32.800000
  0
POINT
  8
2
 10
128.800000
 20
-23.000000
  0
POINT
  8
2
 10
-11.700000
 20
-5.500000
  0
POINT
  8
2
 10
-5.800000
 20
37.900000
  0
POINT
  8
2
 10
176.800000
 20
17.300000
  0
POINT
  8
2
 10
139.300000
 20
-34.500000
 39
2.500000
 50
85.236360
  0
POINT
  8
2
 10
165.700000
 20
8.600000
  0
POINT
  8
2
 10
161.700000
 20
-26.900000
  0
POINT
  8
2
 10
140.100000
 20
-24.600000
  0
POINT
  8
2
 10
138.600000
 20
-24.500000
  0
POINT
  8
2
 10
140.100000
 20
-14.400000
  0
POINT
  8
2
 10
-0.400000
 20
3.100000
  0
POINT
  8
2
 10
2.700000
 20
26.900000
  0
POINT
  8
2
 10
165.700000
 20
8.600000
  0
POINT
  8
4
 10
139.300000
 20
-34.500000
 30
2.500000
 50
85.236360
  0
LINE
  8
5
 10
33.800000
 20
0.000000
 11
80.900000
 21
0.000000
  0
LINE
  8
7
 10
161.400000
 20
0.000000
 11
2.400000
 21
0.000000
  0
TEXT
  8
1
 10
3.300000
 20
109.400000
 40
10.000000
 50
0.000000
  1
Piece Name: TRIMMING VENT UNDR SLV 2P
  0
TEXT
  8
1
 10
3.300000
 20
120.400000
 40
10.000000
 50
0.000000
  1
Size: 42
  0
TEXT
  8
1
 10
3.300000
 20
131.400000
 40
10.000000
 50
0.000000
  1
Annotation: TRIMMING VENT UNDR SLV 2P
  0
TEXT
  8
1
 10
3.300000
 20
142.400000
 40
10.000000
 50
0.000000
  1
Quantity: 1
  0
TEXT
  8
1
 10
3.300000
 20
153.400000
 40
10.000000
 50
0.000000
  1
Material: LEATHER
  0
ENDBLK
  0
BLOCK
  8
1
  2
UP WRIST 2P
 70
     0
 10
0.00
 20
0.00
  0
POLYLINE
  8
84
 66
     1
 70
     1
  0
VERTEX
  8
84
 10
92.600000
 20
249.100000
  0
VERTEX
  8
84
 10
92.600000
 20
207.000000
  0
VERTEX
  8
84
 10
92.600000
 20
26.500000
  0
VERTEX
  8
84
 10
92.600000
 20
-66.100000
  0
VERTEX
  8
84
 10
92.600000
 20
-97.700000
  0
VERTEX
  8
84
 10
18.900000
 20
-97.700000
  0
VERTEX
  8
84
 10
18.900000
 20
249.100000
  0
VERTEX
  8
84
 10
92.600000
 20
249.100000
  0
SEQEND
  0
POLYLINE
  8
1
 66
     1
 70
     1
  0
VERTEX
  8
1
 10
92.600000
 20
249.100000
  0
VERTEX
  8
1
 10
92.600000
 20
207.000000
  0
VERTEX
  8
1
 10
92.600000
 20
26.500000
  0
VERTEX
  8
1
 10
92.600000
 20
-66.100000
  0
VERTEX
  8
1
 10
92.600000
 20
-97.700000
  0
VERTEX
  8
1
 10
18.900000
 20
-97.700000
  0
VERTEX
  8
1
 10
18.900000
 20
249.100000
  0
VERTEX
  8
1
 10
92.600000
 20
249.100000
  0
SEQEND
  0
POLYLINE
  8
87
 66
     1
  0
VERTEX
  8
87
 10
82.600000
 20
239.100000
  0
VERTEX
  8
87
 10
82.600000
 20
207.000000
  0
VERTEX
  8
87
 10
82.600000
 20
26.500000
  0
VERTEX
  8
87
 10
82.600000
 20
-66.100000
  0
VERTEX
  8
87
 10
82.600000
 20
-87.700000
  0
VERTEX
  8
87
 10
28.900000
 20
-87.700000
  0
VERTEX
  8
87
 10
28.900000
 20
239.100000
  0
VERTEX
  8
87
 10
82.600000
 20
239.100000
  0
SEQEND
  0
POLYLINE
  8
14
 66
     1
  0
VERTEX
  8
14
 10
82.600000
 20
239.100000
  0
VERTEX
  8
14
 10
82.600000
 20
207.000000
  0
VERTEX
  8
14
 10
82.600000
 20
26.500000
  0
VERTEX
  8
14
 10
82.600000
 20
-66.100000
  0
VERTEX
  8
14
 10
82.600000
 20
-87.700000
  0
VERTEX
  8
14
 10
28.900000
 20
-87.700000
  0
VERTEX
  8
14
 10
28.900000
 20
239.100000
  0
VERTEX
  8
14
 10
82.600000
 20
239.100000
  0
SEQEND
  0
POINT
  8
2
 10
92.600000
 20
249.100000
  0
POINT
  8
2
 10
92.600000
 20
207.000000
  0
POINT
  8
2
 10
92.600000
 20
26.500000
  0
POINT
  8
2
 10
92.600000
 20
-66.100000
  0
POINT
  8
2
 10
92.600000
 20
-97.700000
  0
POINT
  8
2
 10
18.900000
 20
-97.700000
  0
POINT
  8
2
 10
18.900000
 20
249.100000
  0
POINT
  8
2
 10
92.600000
 20
249.100000
  0
POINT
  8
2
 10
92.600000
 20
207.000000
 39
2.500000
 50
180.000000
  0
POINT
  8
2
 10
92.600000
 20
26.500000
 39
2.500000
 50
180.000000
  0
POINT
  8
2
 10
92.600000
 20
-66.100000
 39
2.500000
 50
180.000000
  0
POINT
  8
2
 10
55.400000
 20
223.500000
  0
TEXT
  8
2
 10
55.400000
 20
223.500000
 40
0.250000
 50
0.000000
  1
#1
  0
POINT
  8
2
 10
56.000000
 20
-63.700000
  0
TEXT
  8
2
 10
56.000000
 20
-63.700000
 40
0.250000
 50
0.000000
  1
#1
  0
POINT
  8
2
 10
82.600000
 20
239.100000
  0
POINT
  8
2
 10
82.600000
 20
207.000000
  0
POINT
  8
2
 10
82.600000
 20
26.500000
  0
POINT
  8
2
 10
82.600000
 20
-66.100000
  0
POINT
  8
2
 10
82.600000
 20
-87.700000
  0
POINT
  8
2
 10
28.900000
 20
-87.700000
  0
POINT
  8
2
 10
28.900000
 20
239.100000
  0
POINT
  8
2
 10
82.600000
 20
239.100000
  0
POINT
  8
4
 10
92.600000
 20
207.000000
 30
2.500000
 50
180.000000
  0
POINT
  8
4
 10
92.600000
 20
26.500000
 30
2.500000
 50
180.000000
  0
POINT
  8
4
 10
92.600000
 20
-66.100000
 30
2.500000
 50
180.000000
  0
POINT
  8
13
 10
55.400000
 20
223.500000
  0
TEXT
  8
13
 10
55.400000
 20
223.500000
 40
0.250000
 50
0.000000
  1
#1
  0
POINT
  8
13
 10
56.000000
 20
-63.700000
  0
TEXT
  8
13
 10
56.000000
 20
-63.700000
 40
0.250000
 50
0.000000
  1
#1
  0
LINE
  8
5
 10
71.400000
 20
0.000000
 11
43.300000
 21
0.000000
  0
LINE
  8
7
 10
73.500000
 20
-1.300000
 11
43.000000
 21
-1.300000
  0
TEXT
  8
15
 10
44.200000
 20
216.500000
 40
8.400001
 50
270.000000
  1
snap
  0
TEXT
  8
15
 10
44.800000
 20
-53.900000
 40
11.400000
 50
270.000000
  1
snap
  0
TEXT
  8
1
 10
3.300000
 20
109.400000
 40
10.000000
 50
0.000000
  1
Piece Name: UP WRIST 2P
  0
TEXT
  8
1
 10
3.300000
 20
120.400000
 40
10.000000
 50
0.000000
  1
Size: 42
  0
TEXT
  8
1
 10
3.300000
 20
131.400000
 40
10.000000
 50
0.000000
  1
Annotation: UP WRIST 2P
  0
TEXT
  8
1
 10
3.300000
 20
142.400000
 40
10.000000
 50
0.000000
  1
Quantity: 1
  0
TEXT
  8
1
 10
3.300000
 20
153.400000
 40
10.000000
 50
0.000000
  1
Material: LEATHER
  0
ENDBLK
  0
BLOCK
  8
1
  2
VELLUTO UNDER WRIST 2P
 70
     0
 10
0.00
 20
0.00
  0
POLYLINE
  8
84
 66
     1
 70
     1
  0
VERTEX
  8
84
 10
92.600000
 20
249.100000
  0
VERTEX
  8
84
 10
92.600000
 20
207.000000
  0
VERTEX
  8
84
 10
92.600000
 20
26.500000
  0
VERTEX
  8
84
 10
92.600000
 20
-66.100000
  0
VERTEX
  8
84
 10
92.600000
 20
-97.700000
  0
VERTEX
  8
84
 10
18.900000
 20
-97.700000
  0
VERTEX
  8
84
 10
18.900000
 20
249.100000
  0
VERTEX
  8
84
 10
92.600000
 20
249.100000
  0
SEQEND
  0
POLYLINE
  8
1
 66
     1
 70
     1
  0
VERTEX
  8
1
 10
92.600000
 20
249.100000
  0
VERTEX
  8
1
 10
92.600000
 20
207.000000
  0
VERTEX
  8
1
 10
92.600000
 20
26.500000
  0
VERTEX
  8
1
 10
92.600000
 20
-66.100000
  0
VERTEX
  8
1
 10
92.600000
 20
-97.700000
  0
VERTEX
  8
1
 10
18.900000
 20
-97.700000
  0
VERTEX
  8
1
 10
18.900000
 20
249.100000
  0
VERTEX
  8
1
 10
92.600000
 20
249.100000
  0
SEQEND
  0
POLYLINE
  8
87
 66
     1
  0
VERTEX
  8
87
 10
82.600000
 20
239.100000
  0
VERTEX
  8
87
 10
82.600000
 20
207.000000
  0
VERTEX
  8
87
 10
82.600000
 20
26.500000
  0
VERTEX
  8
87
 10
82.600000
 20
-66.100000
  0
VERTEX
  8
87
 10
82.600000
 20
-87.700000
  0
VERTEX
  8
87
 10
28.900000
 20
-87.700000
  0
VERTEX
  8
87
 10
28.900000
 20
239.100000
  0
VERTEX
  8
87
 10
82.600000
 20
239.100000
  0
SEQEND
  0
POLYLINE
  8
14
 66
     1
  0
VERTEX
  8
14
 10
82.600000
 20
239.100000
  0
VERTEX
  8
14
 10
82.600000
 20
207.000000
  0
VERTEX
  8
14
 10
82.600000
 20
26.500000
  0
VERTEX
  8
14
 10
82.600000
 20
-66.100000
  0
VERTEX
  8
14
 10
82.600000
 20
-87.700000
  0
VERTEX
  8
14
 10
28.900000
 20
-87.700000
  0
VERTEX
  8
14
 10
28.900000
 20
239.100000
  0
VERTEX
  8
14
 10
82.600000
 20
239.100000
  0
SEQEND
  0
POINT
  8
2
 10
92.600000
 20
249.100000
  0
POINT
  8
2
 10
92.600000
 20
207.000000
  0
POINT
  8
2
 10
92.600000
 20
26.500000
  0
POINT
  8
2
 10
92.600000
 20
-66.100000
  0
POINT
  8
2
 10
92.600000
 20
-97.700000
  0
POINT
  8
2
 10
18.900000
 20
-97.700000
  0
POINT
  8
2
 10
18.900000
 20
249.100000
  0
POINT
  8
2
 10
92.600000
 20
249.100000
  0
POINT
  8
2
 10
92.600000
 20
207.000000
 39
2.500000
 50
180.000000
  0
POINT
  8
2
 10
92.600000
 20
26.500000
 39
2.500000
 50
180.000000
  0
POINT
  8
2
 10
92.600000
 20
-66.100000
 39
2.500000
 50
180.000000
  0
POINT
  8
2
 10
82.600000
 20
239.100000
  0
POINT
  8
2
 10
82.600000
 20
207.000000
  0
POINT
  8
2
 10
82.600000
 20
26.500000
  0
POINT
  8
2
 10
82.600000
 20
-66.100000
  0
POINT
  8
2
 10
82.600000
 20
-87.700000
  0
POINT
  8
2
 10
28.900000
 20
-87.700000
  0
POINT
  8
2
 10
28.900000
 20
239.100000
  0
POINT
  8
2
 10
82.600000
 20
239.100000
  0
POINT
  8
4
 10
92.600000
 20
207.000000
 30
2.500000
 50
180.000000
  0
POINT
  8
4
 10
92.600000
 20
26.500000
 30
2.500000
 50
180.000000
  0
POINT
  8
4
 10
92.600000
 20
-66.100000
 30
2.500000
 50
180.000000
  0
LINE
  8
5
 10
71.400000
 20
0.000000
 11
43.300000
 21
0.000000
  0
LINE
  8
7
 10
73.500000
 20
-1.300000
 11
43.000000
 21
-1.300000
  0
TEXT
  8
1
 10
3.300000
 20
109.400000
 40
10.000000
 50
0.000000
  1
Piece Name: VELLUTO UNDER WRIST 2P
  0
TEXT
  8
1
 10
3.300000
 20
120.400000
 40
10.000000
 50
0.000000
  1
Size: 42
  0
TEXT
  8
1
 10
3.300000
 20
131.400000
 40
10.000000
 50
0.000000
  1
Annotation: VELLUTO UNDER WRIST 2P
  0
TEXT
  8
1
 10
3.300000
 20
142.400000
 40
10.000000
 50
0.000000
  1
Quantity: 1
  0
TEXT
  8
1
 10
3.300000
 20
153.400000
 40
10.000000
 50
0.000000
  1
Material: TEXTILE
  0
ENDBLK
  0
BLOCK
  8
1
  2
OUTSIDE COLLAR 1P
 70
     0
 10
0.00
 20
0.00
  0
POLYLINE
  8
84
 66
     1
 70
     1
  0
VERTEX
  8
84
 10
102.600000
 20
0.000000
  0
VERTEX
  8
84
 10
102.600000
 20
-16.500000
  0
VERTEX
  8
84
 10
102.600000
 20
-24.500000
  0
VERTEX
  8
84
 10
102.600000
 20
-32.000000
  0
VERTEX
  8
84
 10
102.600000
 20
-39.000000
  0
VERTEX
  8
84
 10
102.600000
 20
-47.100000
  0
VERTEX
  8
84
 10
102.800000
 20
-58.500000
  0
VERTEX
  8
84
 10
103.200000
 20
-73.400000
  0
VERTEX
  8
84
 10
103.700000
 20
-89.300000
  0
VERTEX
  8
84
 10
104.000000
 20
-102.700000
  0
VERTEX
  8
84
 10
104.500000
 20
-112.800000
  0
VERTEX
  8
84
 10
104.900000
 20
-120.900000
  0
VERTEX
  8
84
 10
105.500000
 20
-129.400000
  0
VERTEX
  8
84
 10
106.400000
 20
-139.200000
  0
VERTEX
  8
84
 10
107.400000
 20
-150.300000
  0
VERTEX
  8
84
 10
108.700000
 20
-161.500000
  0
VERTEX
  8
84
 10
109.900000
 20
-171.900000
  0
VERTEX
  8
84
 10
111.300000
 20
-181.600000
  0
VERTEX
  8
84
 10
112.900000
 20
-191.900000
  0
VERTEX
  8
84
 10
115.300000
 20
-203.800000
  0
VERTEX
  8
84
 10
118.500000
 20
-217.300000
  0
VERTEX
  8
84
 10
121.600000
 20
-231.800000
  0
VERTEX
  8
84
 10
123.800000
 20
-241.600000
  0
VERTEX
  8
84
 10
38.600000
 20
-261.400000
  0
VERTEX
  8
84
 10
36.400000
 20
-251.700000
  0
VERTEX
  8
84
 10
34.300000
 20
-242.700000
  0
VERTEX
  8
84
 10
32.400000
 20
-233.700000
  0
VERTEX
  8
84
 10
30.300000
 20
-224.600000
  0
VERTEX
  8
84
 10
28.300000
 20
-215.600000
  0
VERTEX
  8
84
 10
26.500000
 20
-206.000000
  0
VERTEX
  8
84
 10
24.500000
 20
-195.900000
  0
VERTEX
  8
84
 10
22.500000
 20
-186.200000
  0
VERTEX
  8
84
 10
20.900000
 20
-176.800000
  0
VERTEX
  8
84
 10
19.400000
 20
-167.000000
  0
VERTEX
  8
84
 10
18.100000
 20
-156.900000
  0
VERTEX
  8
84
 10
17.100000
 20
-147.700000
  0
VERTEX
  8
84
 10
16.200000
 20
-140.600000
  0
VERTEX
  8
84
 10
15.800000
 20
-135.700000
  0
VERTEX
  8
84
 10
15.600000
 20
-132.000000
  0
VERTEX
  8
84
 10
15.300000
 20
-127.900000
  0
VERTEX
  8
84
 10
14.900000
 20
-122.800000
  0
VERTEX
  8
84
 10
14.600000
 20
-116.900000
  0
VERTEX
  8
84
 10
14.200000
 20
-111.300000
  0
VERTEX
  8
84
 10
14.200000
 20
-106.400000
  0
VERTEX
  8
84
 10
13.900000
 20
-99.800000
  0
VERTEX
  8
84
 10
13.200000
 20
-85.100000
  0
VERTEX
  8
84
 10
12.900000
 20
-78.600000
  0
VERTEX
  8
84
 10
12.800000
 20
-73.700000
  0
VERTEX
  8
84
 10
12.600000
 20
-68.500000
  0
VERTEX
  8
84
 10
12.300000
 20
-56.100000
  0
VERTEX
  8
84
 10
12.100000
 20
-44.200000
  0
VERTEX
  8
84
 10
12.000000
 20
-34.300000
  0
VERTEX
  8
84
 10
12.000000
 20
-25.800000
  0
VERTEX
  8
84
 10
12.000000
 20
-14.200000
  0
VERTEX
  8
84
 10
12.000000
 20
0.000000
  0
VERTEX
  8
84
 10
12.000000
 20
14.200000
  0
VERTEX
  8
84
 10
12.000000
 20
25.800000
  0
VERTEX
  8
84
 10
12.000000
 20
34.300000
  0
VERTEX
  8
84
 10
12.100000
 20
44.200000
  0
VERTEX
  8
84
 10
12.300000
 20
56.100000
  0
VERTEX
  8
84
 10
12.600000
 20
68.500000
  0
VERTEX
  8
84
 10
12.800000
 20
73.700000
  0
VERTEX
  8
84
 10
12.900000
 20
78.600000
  0
VERTEX
  8
84
 10
13.200000
 20
85.100000
  0
VERTEX
  8
84
 10
13.900000
 20
99.800000
  0
VERTEX
  8
84
 10
14.200000
 20
106.400000
  0
VERTEX
  8
84
 10
14.200000
 20
111.300000
  0
VERTEX
  8
84
 10
14.600000
 20
116.900000
  0
VERTEX
  8
84
 10
14.900000
 20
122.800000
  0
VERTEX
  8
84
 10
15.300000
 20
127.900000
  0
VERTEX
  8
84
 10
15.600000
 20
132.000000
  0
VERTEX
  8
84
 10
15.800000
 20
135.700000
  0
VERTEX
  8
84
 10
16.200000
 20
140.600000
  0
VERTEX
  8
84
 10
17.100000
 20
147.700000
  0
VERTEX
  8
84
 10
18.100000
 20
156.900000
  0
VERTEX
  8
84
 10
19.400000
 20
167.000000
  0
VERTEX
  8
84
 10
20.900000
 20
176.800000
  0
VERTEX
  8
84
 10
22.500000
 20
186.200000
  0
VERTEX
  8
84
 10
24.500000
 20
195.900000
  0
VERTEX
  8
84
 10
26.500000
 20
206.000000
  0
VERTEX
  8
84
 10
28.300000
 20
215.600000
  0
VERTEX
  8
84
 10
30.300000
 20
224.600000
  0
VERTEX
  8
84
 10
32.400000
 20
233.700000
  0
VERTEX
  8
84
 10
34.300000
 20
242.700000
  0
VERTEX
  8
84
 10
36.400000
 20
251.700000
  0
VERTEX
  8
84
 10
38.600000
 20
261.400000
  0
VERTEX
  8
84
 10
123.800000
 20
241.600000
  0
VERTEX
  8
84
 10
121.600000
 20
231.800000
  0
VERTEX
  8
84
 10
118.500000
 20
217.300000
  0
VERTEX
  8
84
 10
115.300000
 20
203.800000
  0
VERTEX
  8
84
 10
112.900000
 20
191.900000
  0
VERTEX
  8
84
 10
111.300000
 20
181.600000
  0
VERTEX
  8
84
 10
109.900000
 20
171.900000
  0
VERTEX
  8
84
 10
108.700000
 20
161.500000
  0
VERTEX
  8
84
 10
107.400000
 20
150.300000
  0
VERTEX
  8
84
 10
106.400000
 20
139.200000
  0
VERTEX
  8
84
 10
105.500000
 20
129.400000
  0
VERTEX
  8
84
 10
104.900000
 20
120.900000
  0
VERTEX
  8
84
 10
104.500000
 20
112.800000
  0
VERTEX
  8
84
 10
104.000000
 20
102.700000
  0
VERTEX
  8
84
 10
103.700000
 20
89.300000
  0
VERTEX
  8
84
 10
103.200000
 20
73.400000
  0
VERTEX
  8
84
 10
102.800000
 20
58.500000
  0
VERTEX
  8
84
 10
102.600000
 20
47.100000
  0
VERTEX
  8
84
 10
102.600000
 20
39.000000
  0
VERTEX
  8
84
 10
102.600000
 20
32.000000
  0
VERTEX
  8
84
 10
102.600000
 20
24.500000
  0
VERTEX
  8
84
 10
102.600000
 20
16.500000
  0
VERTEX
  8
84
 10
102.600000
 20
0.000000
  0
SEQEND
  0
POLYLINE
  8
1
 66
     1
 70
     1
  0
VERTEX
  8
1
 10
102.600000
 20
0.000000
  0
VERTEX
  8
1
 10
102.600000
 20
-16.500000
  0
VERTEX
  8
1
 10
102.600000
 20
-24.500000
  0
VERTEX
  8
1
 10
102.600000
 20
-32.000000
  0
VERTEX
  8
1
 10
102.600000
 20
-39.000000
  0
VERTEX
  8
1
 10
102.600000
 20
-47.100000
  0
VERTEX
  8
1
 10
102.800000
 20
-58.500000
  0
VERTEX
  8
1
 10
103.200000
 20
-73.400000
  0
VERTEX
  8
1
 10
103.700000
 20
-89.300000
  0
VERTEX
  8
1
 10
104.000000
 20
-102.700000
  0
VERTEX
  8
1
 10
104.500000
 20
-112.800000
  0
VERTEX
  8
1
 10
104.900000
 20
-120.900000
  0
VERTEX
  8
1
 10
105.500000
 20
-129.400000
  0
VERTEX
  8
1
 10
106.400000
 20
-139.200000
  0
VERTEX
  8
1
 10
107.400000
 20
-150.300000
  0
VERTEX
  8
1
 10
108.700000
 20
-161.500000
  0
VERTEX
  8
1
 10
109.900000
 20
-171.900000
  0
VERTEX
  8
1
 10
111.300000
 20
-181.600000
  0
VERTEX
  8
1
 10
112.900000
 20
-191.900000
  0
VERTEX
  8
1
 10
115.300000
 20
-203.800000
  0
VERTEX
  8
1
 10
118.500000
 20
-217.300000
  0
VERTEX
  8
1
 10
121.600000
 20
-231.800000
  0
VERTEX
  8
1
 10
123.800000
 20
-241.600000
  0
VERTEX
  8
1
 10
38.600000
 20
-261.400000
  0
VERTEX
  8
1
 10
36.400000
 20
-251.700000
  0
VERTEX
  8
1
 10
34.300000
 20
-242.700000
  0
VERTEX
  8
1
 10
32.400000
 20
-233.700000
  0
VERTEX
  8
1
 10
30.300000
 20
-224.600000
  0
VERTEX
  8
1
 10
28.300000
 20
-215.600000
  0
VERTEX
  8
1
 10
26.500000
 20
-206.000000
  0
VERTEX
  8
1
 10
24.500000
 20
-195.900000
  0
VERTEX
  8
1
 10
22.500000
 20
-186.200000
  0
VERTEX
  8
1
 10
20.900000
 20
-176.800000
  0
VERTEX
  8
1
 10
19.400000
 20
-167.000000
  0
VERTEX
  8
1
 10
18.100000
 20
-156.900000
  0
VERTEX
  8
1
 10
17.100000
 20
-147.700000
  0
VERTEX
  8
1
 10
16.200000
 20
-140.600000
  0
VERTEX
  8
1
 10
15.800000
 20
-135.700000
  0
VERTEX
  8
1
 10
15.600000
 20
-132.000000
  0
VERTEX
  8
1
 10
15.300000
 20
-127.900000
  0
VERTEX
  8
1
 10
14.900000
 20
-122.800000
  0
VERTEX
  8
1
 10
14.600000
 20
-116.900000
  0
VERTEX
  8
1
 10
14.200000
 20
-111.300000
  0
VERTEX
  8
1
 10
14.200000
 20
-106.400000
  0
VERTEX
  8
1
 10
13.900000
 20
-99.800000
  0
VERTEX
  8
1
 10
13.200000
 20
-85.100000
  0
VERTEX
  8
1
 10
12.900000
 20
-78.600000
  0
VERTEX
  8
1
 10
12.800000
 20
-73.700000
  0
VERTEX
  8
1
 10
12.600000
 20
-68.500000
  0
VERTEX
  8
1
 10
12.300000
 20
-56.100000
  0
VERTEX
  8
1
 10
12.100000
 20
-44.200000
  0
VERTEX
  8
1
 10
12.000000
 20
-34.300000
  0
VERTEX
  8
1
 10
12.000000
 20
-25.800000
  0
VERTEX
  8
1
 10
12.000000
 20
-14.200000
  0
VERTEX
  8
1
 10
12.000000
 20
0.000000
  0
VERTEX
  8
1
 10
12.000000
 20
14.200000
  0
VERTEX
  8
1
 10
12.000000
 20
25.800000
  0
VERTEX
  8
1
 10
12.000000
 20
34.300000
  0
VERTEX
  8
1
 10
12.100000
 20
44.200000
  0
VERTEX
  8
1
 10
12.300000
 20
56.100000
  0
VERTEX
  8
1
 10
12.600000
 20
68.500000
  0
VERTEX
  8
1
 10
12.800000
 20
73.700000
  0
VERTEX
  8
1
 10
12.900000
 20
78.600000
  0
VERTEX
  8
1
 10
13.200000
 20
85.100000
  0
VERTEX
  8
1
 10
13.900000
 20
99.800000
  0
VERTEX
  8
1
 10
14.200000
 20
106.400000
  0
VERTEX
  8
1
 10
14.200000
 20
111.300000
  0
VERTEX
  8
1
 10
14.600000
 20
116.900000
  0
VERTEX
  8
1
 10
14.900000
 20
122.800000
  0
VERTEX
  8
1
 10
15.300000
 20
127.900000
  0
VERTEX
  8
1
 10
15.600000
 20
132.000000
  0
VERTEX
  8
1
 10
15.800000
 20
135.700000
  0
VERTEX
  8
1
 10
16.200000
 20
140.600000
  0
VERTEX
  8
1
 10
17.100000
 20
147.700000
  0
VERTEX
  8
1
 10
18.100000
 20
156.900000
  0
VERTEX
  8
1
 10
19.400000
 20
167.000000
  0
VERTEX
  8
1
 10
20.900000
 20
176.800000
  0
VERTEX
  8
1
 10
22.500000
 20
186.200000
  0
VERTEX
  8
1
 10
24.500000
 20
195.900000
  0
VERTEX
  8
1
 10
26.500000
 20
206.000000
  0
VERTEX
  8
1
 10
28.300000
 20
215.600000
  0
VERTEX
  8
1
 10
30.300000
 20
224.600000
  0
VERTEX
  8
1
 10
32.400000
 20
233.700000
  0
VERTEX
  8
1
 10
34.300000
 20
242.700000
  0
VERTEX
  8
1
 10
36.400000
 20
251.700000
  0
VERTEX
  8
1
 10
38.600000
 20
261.400000
  0
VERTEX
  8
1
 10
123.800000
 20
241.600000
  0
VERTEX
  8
1
 10
121.600000
 20
231.800000
  0
VERTEX
  8
1
 10
118.500000
 20
217.300000
  0
VERTEX
  8
1
 10
115.300000
 20
203.800000
  0
VERTEX
  8
1
 10
112.900000
 20
191.900000
  0
VERTEX
  8
1
 10
111.300000
 20
181.600000
  0
VERTEX
  8
1
 10
109.900000
 20
171.900000
  0
VERTEX
  8
1
 10
108.700000
 20
161.500000
  0
VERTEX
  8
1
 10
107.400000
 20
150.300000
  0
VERTEX
  8
1
 10
106.400000
 20
139.200000
  0
VERTEX
  8
1
 10
105.500000
 20
129.400000
  0
VERTEX
  8
1
 10
104.900000
 20
120.900000
  0
VERTEX
  8
1
 10
104.500000
 20
112.800000
  0
VERTEX
  8
1
 10
104.000000
 20
102.700000
  0
VERTEX
  8
1
 10
103.700000
 20
89.300000
  0
VERTEX
  8
1
 10
103.200000
 20
73.400000
  0
VERTEX
  8
1
 10
102.800000
 20
58.500000
  0
VERTEX
  8
1
 10
102.600000
 20
47.100000
  0
VERTEX
  8
1
 10
102.600000
 20
39.000000
  0
VERTEX
  8
1
 10
102.600000
 20
32.000000
  0
VERTEX
  8
1
 10
102.600000
 20
24.500000
  0
VERTEX
  8
1
 10
102.600000
 20
16.500000
  0
VERTEX
  8
1
 10
102.600000
 20
0.000000
  0
SEQEND
  0
POLYLINE
  8
85
 66
     1
  0
VERTEX
  8
85
 10
108.300000
 20
-214.600000
  0
VERTEX
  8
85
 10
39.200000
 20
-230.100000
  0
SEQEND
  0
POLYLINE
  8
8
 66
     1
  0
VERTEX
  8
8
 10
108.300000
 20
-214.600000
  0
VERTEX
  8
8
 10
39.200000
 20
-230.100000
  0
SEQEND
  0
POLYLINE
  8
87
 66
     1
  0
VERTEX
  8
87
 10
92.600000
 20
0.000000
  0
VERTEX
  8
87
 10
92.600000
 20
-16.500000
  0
VERTEX
  8
87
 10
92.600000
 20
-24.500000
  0
VERTEX
  8
87
 10
92.600000
 20
-32.000000
  0
VERTEX
  8
87
 10
92.600000
 20
-39.000000
  0
VERTEX
  8
87
 10
92.600000
 20
-47.100000
  0
VERTEX
  8
87
 10
92.900000
 20
-58.600000
  0
VERTEX
  8
87
 10
93.300000
 20
-73.600000
  0
VERTEX
  8
87
 10
93.800000
 20
-89.500000
  0
VERTEX
  8
87
 10
94.100000
 20
-103.000000
  0
VERTEX
  8
87
 10
94.600000
 20
-113.200000
  0
VERTEX
  8
87
 10
95.000000
 20
-121.400000
  0
VERTEX
  8
87
 10
95.600000
 20
-130.200000
  0
VERTEX
  8
87
 10
96.500000
 20
-140.000000
  0
VERTEX
  8
87
 10
97.500000
 20
-151.200000
  0
VERTEX
  8
87
 10
98.800000
 20
-162.600000
  0
VERTEX
  8
87
 10
100.000000
 20
-173.100000
  0
VERTEX
  8
87
 10
101.500000
 20
-183.000000
  0
VERTEX
  8
87
 10
103.100000
 20
-193.600000
  0
VERTEX
  8
87
 10
105.500000
 20
-205.900000
  0
VERTEX
  8
87
 10
108.800000
 20
-219.400000
  0
VERTEX
  8
87
 10
111.900000
 20
-233.800000
  0
VERTEX
  8
87
 10
46.100000
 20
-249.500000
  0
VERTEX
  8
87
 10
44.000000
 20
-240.600000
  0
VERTEX
  8
87
 10
42.100000
 20
-231.600000
  0
VERTEX
  8
87
 10
40.000000
 20
-222.400000
  0
VERTEX
  8
87
 10
38.100000
 20
-213.600000
  0
VERTEX
  8
87
 10
36.300000
 20
-204.100000
  0
VERTEX
  8
87
 10
34.300000
 20
-193.900000
  0
VERTEX
  8
87
 10
32.300000
 20
-184.400000
  0
VERTEX
  8
87
 10
30.700000
 20
-175.200000
  0
VERTEX
  8
87
 10
29.300000
 20
-165.600000
  0
VERTEX
  8
87
 10
28.000000
 20
-155.800000
  0
VERTEX
  8
87
 10
27.000000
 20
-146.600000
  0
VERTEX
  8
87
 10
26.100000
 20
-139.600000
  0
VERTEX
  8
87
 10
25.700000
 20
-135.000000
  0
VERTEX
  8
87
 10
25.500000
 20
-131.400000
  0
VERTEX
  8
87
 10
25.200000
 20
-127.200000
  0
VERTEX
  8
87
 10
24.800000
 20
-122.200000
  0
VERTEX
  8
87
 10
24.500000
 20
-116.300000
  0
VERTEX
  8
87
 10
24.200000
 20
-110.900000
  0
VERTEX
  8
87
 10
24.200000
 20
-106.200000
  0
VERTEX
  8
87
 10
23.800000
 20
-99.400000
  0
VERTEX
  8
87
 10
23.100000
 20
-84.700000
  0
VERTEX
  8
87
 10
22.800000
 20
-78.300000
  0
VERTEX
  8
87
 10
22.700000
 20
-73.400000
  0
VERTEX
  8
87
 10
22.500000
 20
-68.200000
  0
VERTEX
  8
87
 10
22.200000
 20
-55.900000
  0
VERTEX
  8
87
 10
22.000000
 20
-44.100000
  0
VERTEX
  8
87
 10
22.000000
 20
-34.200000
  0
VERTEX
  8
87
 10
22.000000
 20
-25.800000
  0
VERTEX
  8
87
 10
22.000000
 20
-14.200000
  0
VERTEX
  8
87
 10
22.000000
 20
0.000000
  0
VERTEX
  8
87
 10
22.000000
 20
14.200000
  0
VERTEX
  8
87
 10
22.000000
 20
25.800000
  0
VERTEX
  8
87
 10
22.000000
 20
34.200000
  0
VERTEX
  8
87
 10
22.000000
 20
44.100000
  0
VERTEX
  8
87
 10
22.200000
 20
55.900000
  0
VERTEX
  8
87
 10
22.500000
 20
68.200000
  0
VERTEX
  8
87
 10
22.700000
 20
73.400000
  0
VERTEX
  8
87
 10
22.800000
 20
78.300000
  0
VERTEX
  8
87
 10
23.100000
 20
84.700000
  0
VERTEX
  8
87
 10
23.800000
 20
99.400000
  0
VERTEX
  8
87
 10
24.200000
 20
106.200000
  0
VERTEX
  8
87
 10
24.200000
 20
110.900000
  0
VERTEX
  8
87
 10
24.500000
 20
116.300000
  0
VERTEX
  8
87
 10
24.800000
 20
122.200000
  0
VERTEX
  8
87
 10
25.200000
 20
127.200000
  0
VERTEX
  8
87
 10
25.500000
 20
131.400000
  0
VERTEX
  8
87
 10
25.700000
 20
135.000000
  0
VERTEX
  8
87
 10
26.100000
 20
139.600000
  0
VERTEX
  8
87
 10
27.000000
 20
146.600000
  0
VERTEX
  8
87
 10
28.000000
 20
155.800000
  0
VERTEX
  8
87
 10
29.300000
 20
165.600000
  0
VERTEX
  8
87
 10
30.700000
 20
175.200000
  0
VERTEX
  8
87
 10
32.300000
 20
184.400000
  0
VERTEX
  8
87
 10
34.300000
 20
193.900000
  0
VERTEX
  8
87
 10
36.300000
 20
204.100000
  0
VERTEX
  8
87
 10
38.100000
 20
213.600000
  0
VERTEX
  8
87
 10
40.000000
 20
222.400000
  0
VERTEX
  8
87
 10
42.100000
 20
231.600000
  0
VERTEX
  8
87
 10
44.000000
 20
240.600000
  0
VERTEX
  8
87
 10
46.100000
 20
249.500000
  0
VERTEX
  8
87
 10
111.900000
 20
233.800000
  0
VERTEX
  8
87
 10
108.800000
 20
219.400000
  0
VERTEX
  8
87
 10
105.500000
 20
205.900000
  0
VERTEX
  8
87
 10
103.100000
 20
193.600000
  0
VERTEX
  8
87
 10
101.500000
 20
183.000000
  0
VERTEX
  8
87
 10
100.000000
 20
173.100000
  0
VERTEX
  8
87
 10
98.800000
 20
162.600000
  0
VERTEX
  8
87
 10
97.500000
 20
151.200000
  0
VERTEX
  8
87
 10
96.500000
 20
140.000000
  0
VERTEX
  8
87
 10
95.600000
 20
130.200000
  0
VERTEX
  8
87
 10
95.000000
 20
121.400000
  0
VERTEX
  8
87
 10
94.600000
 20
113.200000
  0
VERTEX
  8
87
 10
94.100000
 20
103.000000
  0
VERTEX
  8
87
 10
93.800000
 20
89.500000
  0
VERTEX
  8
87
 10
93.300000
 20
73.600000
  0
VERTEX
  8
87
 10
92.900000
 20
58.600000
  0
VERTEX
  8
87
 10
92.600000
 20
47.100000
  0
VERTEX
  8
87
 10
92.600000
 20
39.000000
  0
VERTEX
  8
87
 10
92.600000
 20
32.000000
  0
VERTEX
  8
87
 10
92.600000
 20
24.500000
  0
VERTEX
  8
87
 10
92.600000
 20
16.500000
  0
VERTEX
  8
87
 10
92.600000
 20
0.000000
  0
SEQEND
  0
POLYLINE
  8
14
 66
     1
  0
VERTEX
  8
14
 10
92.600000
 20
0.000000
  0
VERTEX
  8
14
 10
92.600000
 20
-16.500000
  0
VERTEX
  8
14
 10
92.600000
 20
-24.500000
  0
VERTEX
  8
14
 10
92.600000
 20
-32.000000
  0
VERTEX
  8
14
 10
92.600000
 20
-39.000000
  0
VERTEX
  8
14
 10
92.600000
 20
-47.100000
  0
VERTEX
  8
14
 10
92.900000
 20
-58.600000
  0
VERTEX
  8
14
 10
93.300000
 20
-73.600000
  0
VERTEX
  8
14
 10
93.800000
 20
-89.500000
  0
VERTEX
  8
14
 10
94.100000
 20
-103.000000
  0
VERTEX
  8
14
 10
94.600000
 20
-113.200000
  0
VERTEX
  8
14
 10
95.000000
 20
-121.400000
  0
VERTEX
  8
14
 10
95.600000
 20
-130.200000
  0
VERTEX
  8
14
 10
96.500000
 20
-140.000000
  0
VERTEX
  8
14
 10
97.500000
 20
-151.200000
  0
VERTEX
  8
14
 10
98.800000
 20
-162.600000
  0
VERTEX
  8
14
 10
100.000000
 20
-173.100000
  0
VERTEX
  8
14
 10
101.500000
 20
-183.000000
  0
VERTEX
  8
14
 10
103.100000
 20
-193.600000
  0
VERTEX
  8
14
 10
105.500000
 20
-205.900000
  0
VERTEX
  8
14
 10
108.800000
 20
-219.400000
  0
VERTEX
  8
14
 10
111.900000
 20
-233.800000
  0
VERTEX
  8
14
 10
46.100000
 20
-249.500000
  0
VERTEX
  8
14
 10
44.000000
 20
-240.600000
  0
VERTEX
  8
14
 10
42.100000
 20
-231.600000
  0
VERTEX
  8
14
 10
40.000000
 20
-222.400000
  0
VERTEX
  8
14
 10
38.100000
 20
-213.600000
  0
VERTEX
  8
14
 10
36.300000
 20
-204.100000
  0
VERTEX
  8
14
 10
34.300000
 20
-193.900000
  0
VERTEX
  8
14
 10
32.300000
 20
-184.400000
  0
VERTEX
  8
14
 10
30.700000
 20
-175.200000
  0
VERTEX
  8
14
 10
29.300000
 20
-165.600000
  0
VERTEX
  8
14
 10
28.000000
 20
-155.800000
  0
VERTEX
  8
14
 10
27.000000
 20
-146.600000
  0
VERTEX
  8
14
 10
26.100000
 20
-139.600000
  0
VERTEX
  8
14
 10
25.700000
 20
-135.000000
  0
VERTEX
  8
14
 10
25.500000
 20
-131.400000
  0
VERTEX
  8
14
 10
25.200000
 20
-127.200000
  0
VERTEX
  8
14
 10
24.800000
 20
-122.200000
  0
VERTEX
  8
14
 10
24.500000
 20
-116.300000
  0
VERTEX
  8
14
 10
24.200000
 20
-110.900000
  0
VERTEX
  8
14
 10
24.200000
 20
-106.200000
  0
VERTEX
  8
14
 10
23.800000
 20
-99.400000
  0
VERTEX
  8
14
 10
23.100000
 20
-84.700000
  0
VERTEX
  8
14
 10
22.800000
 20
-78.300000
  0
VERTEX
  8
14
 10
22.700000
 20
-73.400000
  0
VERTEX
  8
14
 10
22.500000
 20
-68.200000
  0
VERTEX
  8
14
 10
22.200000
 20
-55.900000
  0
VERTEX
  8
14
 10
22.000000
 20
-44.100000
  0
VERTEX
  8
14
 10
22.000000
 20
-34.200000
  0
VERTEX
  8
14
 10
22.000000
 20
-25.800000
  0
VERTEX
  8
14
 10
22.000000
 20
-14.200000
  0
VERTEX
  8
14
 10
22.000000
 20
0.000000
  0
VERTEX
  8
14
 10
22.000000
 20
14.200000
  0
VERTEX
  8
14
 10
22.000000
 20
25.800000
  0
VERTEX
  8
14
 10
22.000000
 20
34.200000
  0
VERTEX
  8
14
 10
22.000000
 20
44.100000
  0
VERTEX
  8
14
 10
22.200000
 20
55.900000
  0
VERTEX
  8
14
 10
22.500000
 20
68.200000
  0
VERTEX
  8
14
 10
22.700000
 20
73.400000
  0
VERTEX
  8
14
 10
22.800000
 20
78.300000
  0
VERTEX
  8
14
 10
23.100000
 20
84.700000
  0
VERTEX
  8
14
 10
23.800000
 20
99.400000
  0
VERTEX
  8
14
 10
24.200000
 20
106.200000
  0
VERTEX
  8
14
 10
24.200000
 20
110.900000
  0
VERTEX
  8
14
 10
24.500000
 20
116.300000
  0
VERTEX
  8
14
 10
24.800000
 20
122.200000
  0
VERTEX
  8
14
 10
25.200000
 20
127.200000
  0
VERTEX
  8
14
 10
25.500000
 20
131.400000
  0
VERTEX
  8
14
 10
25.700000
 20
135.000000
  0
VERTEX
  8
14
 10
26.100000
 20
139.600000
  0
VERTEX
  8
14
 10
27.000000
 20
146.600000
  0
VERTEX
  8
14
 10
28.000000
 20
155.800000
  0
VERTEX
  8
14
 10
29.300000
 20
165.600000
  0
VERTEX
  8
14
 10
30.700000
 20
175.200000
  0
VERTEX
  8
14
 10
32.300000
 20
184.400000
  0
VERTEX
  8
14
 10
34.300000
 20
193.900000
  0
VERTEX
  8
14
 10
36.300000
 20
204.100000
  0
VERTEX
  8
14
 10
38.100000
 20
213.600000
  0
VERTEX
  8
14
 10
40.000000
 20
222.400000
  0
VERTEX
  8
14
 10
42.100000
 20
231.600000
  0
VERTEX
  8
14
 10
44.000000
 20
240.600000
  0
VERTEX
  8
14
 10
46.100000
 20
249.500000
  0
VERTEX
  8
14
 10
111.900000
 20
233.800000
  0
VERTEX
  8
14
 10
108.800000
 20
219.400000
  0
VERTEX
  8
14
 10
105.500000
 20
205.900000
  0
VERTEX
  8
14
 10
103.100000
 20
193.600000
  0
VERTEX
  8
14
 10
101.500000
 20
183.000000
  0
VERTEX
  8
14
 10
100.000000
 20
173.100000
  0
VERTEX
  8
14
 10
98.800000
 20
162.600000
  0
VERTEX
  8
14
 10
97.500000
 20
151.200000
  0
VERTEX
  8
14
 10
96.500000
 20
140.000000
  0
VERTEX
  8
14
 10
95.600000
 20
130.200000
  0
VERTEX
  8
14
 10
95.000000
 20
121.400000
  0
VERTEX
  8
14
 10
94.600000
 20
113.200000
  0
VERTEX
  8
14
 10
94.100000
 20
103.000000
  0
VERTEX
  8
14
 10
93.800000
 20
89.500000
  0
VERTEX
  8
14
 10
93.300000
 20
73.600000
  0
VERTEX
  8
14
 10
92.900000
 20
58.600000
  0
VERTEX
  8
14
 10
92.600000
 20
47.100000
  0
VERTEX
  8
14
 10
92.600000
 20
39.000000
  0
VERTEX
  8
14
 10
92.600000
 20
32.000000
  0
VERTEX
  8
14
 10
92.600000
 20
24.500000
  0
VERTEX
  8
14
 10
92.600000
 20
16.500000
  0
VERTEX
  8
14
 10
92.600000
 20
0.000000
  0
SEQEND
  0
POINT
  8
2
 10
102.600000
 20
0.000000
  0
POINT
  8
2
 10
102.600000
 20
-16.500000
  0
POINT
  8
3
 10
102.600000
 20
-24.500000
  0
POINT
  8
3
 10
102.600000
 20
-32.000000
  0
POINT
  8
3
 10
102.600000
 20
-39.000000
  0
POINT
  8
3
 10
102.600000
 20
-47.100000
  0
POINT
  8
3
 10
102.800000
 20
-58.500000
  0
POINT
  8
3
 10
103.200000
 20
-73.400000
  0
POINT
  8
3
 10
103.700000
 20
-89.300000
  0
POINT
  8
3
 10
104.000000
 20
-102.700000
  0
POINT
  8
3
 10
104.500000
 20
-112.800000
  0
POINT
  8
3
 10
104.900000
 20
-120.900000
  0
POINT
  8
3
 10
105.500000
 20
-129.400000
  0
POINT
  8
3
 10
106.400000
 20
-139.200000
  0
POINT
  8
3
 10
107.400000
 20
-150.300000
  0
POINT
  8
3
 10
108.700000
 20
-161.500000
  0
POINT
  8
3
 10
109.900000
 20
-171.900000
  0
POINT
  8
3
 10
111.300000
 20
-181.600000
  0
POINT
  8
3
 10
112.900000
 20
-191.900000
  0
POINT
  8
3
 10
115.300000
 20
-203.800000
  0
POINT
  8
3
 10
118.500000
 20
-217.300000
  0
POINT
  8
2
 10
121.600000
 20
-231.800000
  0
POINT
  8
2
 10
123.800000
 20
-241.600000
  0
POINT
  8
2
 10
38.600000
 20
-261.400000
  0
POINT
  8
2
 10
36.400000
 20
-251.700000
  0
POINT
  8
3
 10
34.300000
 20
-242.700000
  0
POINT
  8
3
 10
32.400000
 20
-233.700000
  0
POINT
  8
3
 10
30.300000
 20
-224.600000
  0
POINT
  8
3
 10
28.300000
 20
-215.600000
  0
POINT
  8
3
 10
26.500000
 20
-206.000000
  0
POINT
  8
3
 10
24.500000
 20
-195.900000
  0
POINT
  8
3
 10
22.500000
 20
-186.200000
  0
POINT
  8
3
 10
20.900000
 20
-176.800000
  0
POINT
  8
3
 10
19.400000
 20
-167.000000
  0
POINT
  8
3
 10
18.100000
 20
-156.900000
  0
POINT
  8
3
 10
17.100000
 20
-147.700000
  0
POINT
  8
3
 10
16.200000
 20
-140.600000
  0
POINT
  8
3
 10
15.800000
 20
-135.700000
  0
POINT
  8
3
 10
15.600000
 20
-132.000000
  0
POINT
  8
3
 10
15.300000
 20
-127.900000
  0
POINT
  8
3
 10
14.900000
 20
-122.800000
  0
POINT
  8
3
 10
14.600000
 20
-116.900000
  0
POINT
  8
3
 10
14.200000
 20
-111.300000
  0
POINT
  8
2
 10
14.200000
 20
-106.400000
  0
POINT
  8
3
 10
13.900000
 20
-99.800000
  0
POINT
  8
3
 10
13.200000
 20
-85.100000
  0
POINT
  8
3
 10
12.900000
 20
-78.600000
  0
POINT
  8
3
 10
12.800000
 20
-73.700000
  0
POINT
  8
3
 10
12.600000
 20
-68.500000
  0
POINT
  8
3
 10
12.300000
 20
-56.100000
  0
POINT
  8
3
 10
12.100000
 20
-44.200000
  0
POINT
  8
3
 10
12.000000
 20
-34.300000
  0
POINT
  8
3
 10
12.000000
 20
-25.800000
  0
POINT
  8
2
 10
12.000000
 20
-14.200000
  0
POINT
  8
2
 10
12.000000
 20
0.000000
  0
POINT
  8
2
 10
12.000000
 20
14.200000
  0
POINT
  8
3
 10
12.000000
 20
25.800000
  0
POINT
  8
3
 10
12.000000
 20
34.300000
  0
POINT
  8
3
 10
12.100000
 20
44.200000
  0
POINT
  8
3
 10
12.300000
 20
56.100000
  0
POINT
  8
3
 10
12.600000
 20
68.500000
  0
POINT
  8
3
 10
12.800000
 20
73.700000
  0
POINT
  8
3
 10
12.900000
 20
78.600000
  0
POINT
  8
3
 10
13.200000
 20
85.100000
  0
POINT
  8
3
 10
13.900000
 20
99.800000
  0
POINT
  8
2
 10
14.200000
 20
106.400000
  0
POINT
  8
3
 10
14.200000
 20
111.300000
  0
POINT
  8
3
 10
14.600000
 20
116.900000
  0
POINT
  8
3
 10
14.900000
 20
122.800000
  0
POINT
  8
3
 10
15.300000
 20
127.900000
  0
POINT
  8
3
 10
15.600000
 20
132.000000
  0
POINT
  8
3
 10
15.800000
 20
135.700000
  0
POINT
  8
3
 10
16.200000
 20
140.600000
  0
POINT
  8
3
 10
17.100000
 20
147.700000
  0
POINT
  8
3
 10
18.100000
 20
156.900000
  0
POINT
  8
3
 10
19.400000
 20
167.000000
  0
POINT
  8
3
 10
20.900000
 20
176.800000
  0
POINT
  8
3
 10
22.500000
 20
186.200000
  0
POINT
  8
3
 10
24.500000
 20
195.900000
  0
POINT
  8
3
 10
26.500000
 20
206.000000
  0
POINT
  8
3
 10
28.300000
 20
215.600000
  0
POINT
  8
3
 10
30.300000
 20
224.600000
  0
POINT
  8
3
 10
32.400000
 20
233.700000
  0
POINT
  8
3
 10
34.300000
 20
242.700000
  0
POINT
  8
2
 10
36.400000
 20
251.700000
  0
POINT
  8
2
 10
38.600000
 20
261.400000
  0
POINT
  8
2
 10
123.800000
 20
241.600000
  0
POINT
  8
2
 10
121.600000
 20
231.800000
  0
POINT
  8
3
 10
118.500000
 20
217.300000
  0
POINT
  8
3
 10
115.300000
 20
203.800000
  0
POINT
  8
3
 10
112.900000
 20
191.900000
  0
POINT
  8
3
 10
111.300000
 20
181.600000
  0
POINT
  8
3
 10
109.900000
 20
171.900000
  0
POINT
  8
3
 10
108.700000
 20
161.500000
  0
POINT
  8
3
 10
107.400000
 20
150.300000
  0
POINT
  8
3
 10
106.400000
 20
139.200000
  0
POINT
  8
3
 10
105.500000
 20
129.400000
  0
POINT
  8
3
 10
104.900000
 20
120.900000
  0
POINT
  8
3
 10
104.500000
 20
112.800000
  0
POINT
  8
3
 10
104.000000
 20
102.700000
  0
POINT
  8
3
 10
103.700000
 20
89.300000
  0
POINT
  8
3
 10
103.200000
 20
73.400000
  0
POINT
  8
3
 10
102.800000
 20
58.500000
  0
POINT
  8
3
 10
102.600000
 20
47.100000
  0
POINT
  8
3
 10
102.600000
 20
39.000000
  0
POINT
  8
3
 10
102.600000
 20
32.000000
  0
POINT
  8
3
 10
102.600000
 20
24.500000
  0
POINT
  8
2
 10
102.600000
 20
16.500000
  0
POINT
  8
2
 10
102.600000
 20
0.000000
  0
POINT
  8
2
 10
108.300000
 20
-214.600000
  0
POINT
  8
2
 10
39.200000
 20
-230.100000
  0
POINT
  8
2
 10
102.600000
 20
0.000000
 39
2.500000
 50
180.000000
  0
POINT
  8
2
 10
121.600000
 20
-231.800000
 39
2.500000
 50
191.768300
  0
POINT
  8
2
 10
36.400000
 20
-251.700000
 39
2.500000
 50
11.768290
  0
POINT
  8
2
 10
14.200000
 20
-106.400000
 39
2.500000
  0
POINT
  8
2
 10
12.000000
 20
0.000000
 39
2.500000
  0
POINT
  8
2
 10
14.200000
 20
106.400000
 39
2.500000
 50
357.614000
  0
POINT
  8
2
 10
36.400000
 20
251.700000
 39
2.500000
 50
348.231700
  0
POINT
  8
2
 10
121.600000
 20
231.800000
 39
2.500000
 50
168.231700
  0
POINT
  8
2
 10
100.700000
 20
-217.800000
  0
TEXT
  8
2
 10
100.700000
 20
-217.800000
 40
0.250000
 50
0.000000
  1
#1
  0
POINT
  8
2
 10
63.800000
 20
-225.700000
  0
TEXT
  8
2
 10
63.800000
 20
-225.700000
 40
0.250000
 50
0.000000
  1
#1
  0
POINT
  8
2
 10
92.600000
 20
0.000000
  0
POINT
  8
2
 10
92.600000
 20
-16.500000
  0
POINT
  8
3
 10
92.600000
 20
-24.500000
  0
POINT
  8
3
 10
92.600000
 20
-32.000000
  0
POINT
  8
3
 10
92.600000
 20
-39.000000
  0
POINT
  8
3
 10
92.600000
 20
-47.100000
  0
POINT
  8
3
 10
92.900000
 20
-58.600000
  0
POINT
  8
3
 10
93.300000
 20
-73.600000
  0
POINT
  8
3
 10
93.800000
 20
-89.500000
  0
POINT
  8
3
 10
94.100000
 20
-103.000000
  0
POINT
  8
3
 10
94.600000
 20
-113.200000
  0
POINT
  8
3
 10
95.000000
 20
-121.400000
  0
POINT
  8
3
 10
95.600000
 20
-130.200000
  0
POINT
  8
3
 10
96.500000
 20
-140.000000
  0
POINT
  8
3
 10
97.500000
 20
-151.200000
  0
POINT
  8
3
 10
98.800000
 20
-162.600000
  0
POINT
  8
3
 10
100.000000
 20
-173.100000
  0
POINT
  8
3
 10
101.500000
 20
-183.000000
  0
POINT
  8
3
 10
103.100000
 20
-193.600000
  0
POINT
  8
3
 10
105.500000
 20
-205.900000
  0
POINT
  8
3
 10
108.800000
 20
-219.400000
  0
POINT
  8
2
 10
111.900000
 20
-233.800000
  0
POINT
  8
2
 10
46.100000
 20
-249.500000
  0
POINT
  8
3
 10
44.000000
 20
-240.600000
  0
POINT
  8
3
 10
42.100000
 20
-231.600000
  0
POINT
  8
3
 10
40.000000
 20
-222.400000
  0
POINT
  8
3
 10
38.100000
 20
-213.600000
  0
POINT
  8
3
 10
36.300000
 20
-204.100000
  0
POINT
  8
3
 10
34.300000
 20
-193.900000
  0
POINT
  8
3
 10
32.300000
 20
-184.400000
  0
POINT
  8
3
 10
30.700000
 20
-175.200000
  0
POINT
  8
3
 10
29.300000
 20
-165.600000
  0
POINT
  8
3
 10
28.000000
 20
-155.800000
  0
POINT
  8
3
 10
27.000000
 20
-146.600000
  0
POINT
  8
3
 10
26.100000
 20
-139.600000
  0
POINT
  8
3
 10
25.700000
 20
-135.000000
  0
POINT
  8
3
 10
25.500000
 20
-131.400000
  0
POINT
  8
3
 10
25.200000
 20
-127.200000
  0
POINT
  8
3
 10
24.800000
 20
-122.200000
  0
POINT
  8
3
 10
24.500000
 20
-116.300000
  0
POINT
  8
3
 10
24.200000
 20
-110.900000
  0
POINT
  8
2
 10
24.200000
 20
-106.200000
  0
POINT
  8
3
 10
23.800000
 20
-99.400000
  0
POINT
  8
3
 10
23.100000
 20
-84.700000
  0
POINT
  8
3
 10
22.800000
 20
-78.300000
  0
POINT
  8
3
 10
22.700000
 20
-73.400000
  0
POINT
  8
3
 10
22.500000
 20
-68.200000
  0
POINT
  8
3
 10
22.200000
 20
-55.900000
  0
POINT
  8
3
 10
22.000000
 20
-44.100000
  0
POINT
  8
3
 10
22.000000
 20
-34.200000
  0
POINT
  8
3
 10
22.000000
 20
-25.800000
  0
POINT
  8
2
 10
22.000000
 20
-14.200000
  0
POINT
  8
2
 10
22.000000
 20
0.000000
  0
POINT
  8
2
 10
22.000000
 20
14.200000
  0
POINT
  8
3
 10
22.000000
 20
25.800000
  0
POINT
  8
3
 10
22.000000
 20
34.200000
  0
POINT
  8
3
 10
22.000000
 20
44.100000
  0
POINT
  8
3
 10
22.200000
 20
55.900000
  0
POINT
  8
3
 10
22.500000
 20
68.200000
  0
POINT
  8
3
 10
22.700000
 20
73.400000
  0
POINT
  8
3
 10
22.800000
 20
78.300000
  0
POINT
  8
3
 10
23.100000
 20
84.700000
  0
POINT
  8
3
 10
23.800000
 20
99.400000
  0
POINT
  8
2
 10
24.200000
 20
106.200000
  0
POINT
  8
3
 10
24.200000
 20
110.900000
  0
POINT
  8
3
 10
24.500000
 20
116.300000
  0
POINT
  8
3
 10
24.800000
 20
122.200000
  0
POINT
  8
3
 10
25.200000
 20
127.200000
  0
POINT
  8
3
 10
25.500000
 20
131.400000
  0
POINT
  8
3
 10
25.700000
 20
135.000000
  0
POINT
  8
3
 10
26.100000
 20
139.600000
  0
POINT
  8
3
 10
27.000000
 20
146.600000
  0
POINT
  8
3
 10
28.000000
 20
155.800000
  0
POINT
  8
3
 10
29.300000
 20
165.600000
  0
POINT
  8
3
 10
30.700000
 20
175.200000
  0
POINT
  8
3
 10
32.300000
 20
184.400000
  0
POINT
  8
3
 10
34.300000
 20
193.900000
  0
POINT
  8
3
 10
36.300000
 20
204.100000
  0
POINT
  8
3
 10
38.100000
 20
213.600000
  0
POINT
  8
3
 10
40.000000
 20
222.400000
  0
POINT
  8
3
 10
42.100000
 20
231.600000
  0
POINT
  8
3
 10
44.000000
 20
240.600000
  0
POINT
  8
2
 10
46.100000
 20
249.500000
  0
POINT
  8
2
 10
111.900000
 20
233.800000
  0
POINT
  8
3
 10
108.800000
 20
219.400000
  0
POINT
  8
3
 10
105.500000
 20
205.900000
  0
POINT
  8
3
 10
103.100000
 20
193.600000
  0
POINT
  8
3
 10
101.500000
 20
183.000000
  0
POINT
  8
3
 10
100.000000
 20
173.100000
  0
POINT
  8
3
 10
98.800000
 20
162.600000
  0
POINT
  8
3
 10
97.500000
 20
151.200000
  0
POINT
  8
3
 10
96.500000
 20
140.000000
  0
POINT
  8
3
 10
95.600000
 20
130.200000
  0
POINT
  8
3
 10
95.000000
 20
121.400000
  0
POINT
  8
3
 10
94.600000
 20
113.200000
  0
POINT
  8
3
 10
94.100000
 20
103.000000
  0
POINT
  8
3
 10
93.800000
 20
89.500000
  0
POINT
  8
3
 10
93.300000
 20
73.600000
  0
POINT
  8
3
 10
92.900000
 20
58.600000
  0
POINT
  8
3
 10
92.600000
 20
47.100000
  0
POINT
  8
3
 10
92.600000
 20
39.000000
  0
POINT
  8
3
 10
92.600000
 20
32.000000
  0
POINT
  8
3
 10
92.600000
 20
24.500000
  0
POINT
  8
2
 10
92.600000
 20
16.500000
  0
POINT
  8
2
 10
92.600000
 20
0.000000
  0
POINT
  8
4
 10
102.600000
 20
0.000000
 30
2.500000
 50
180.000000
  0
POINT
  8
4
 10
121.600000
 20
-231.800000
 30
2.500000
 50
191.768300
  0
POINT
  8
4
 10
36.400000
 20
-251.700000
 30
2.500000
 50
11.768290
  0
POINT
  8
4
 10
14.200000
 20
-106.400000
 30
2.500000
  0
POINT
  8
4
 10
12.000000
 20
0.000000
 30
2.500000
  0
POINT
  8
4
 10
14.200000
 20
106.400000
 30
2.500000
 50
357.614000
  0
POINT
  8
4
 10
36.400000
 20
251.700000
 30
2.500000
 50
348.231700
  0
POINT
  8
4
 10
121.600000
 20
231.800000
 30
2.500000
 50
168.231700
  0
POINT
  8
13
 10
100.700000
 20
-217.800000
  0
TEXT
  8
13
 10
100.700000
 20
-217.800000
 40
0.250000
 50
0.000000
  1
#1
  0
POINT
  8
13
 10
63.800000
 20
-225.700000
  0
TEXT
  8
13
 10
63.800000
 20
-225.700000
 40
0.250000
 50
0.000000
  1
#1
  0
LINE
  8
5
 10
102.500000
 20
0.000000
 11
12.100000
 21
0.000000
  0
LINE
  8
7
 10
102.500000
 20
0.000000
 11
12.100000
 21
0.000000
  0
TEXT
  8
15
 10
106.700000
 20
-235.300000
 40
7.210767
 50
193.492100
  1
FRONT CENETR  ZIP
  0
TEXT
  8
15
 10
47.100000
 20
249.600000
 40
7.210767
 50
346.507900
  1
FRONT CENETR  ZIP
  0
TEXT
  8
15
 10
48.300000
 20
-223.800000
 40
6.370544
 50
12.387900
  1
SUPPORT FLAP FRONT
  0
TEXT
  8
1
 10
3.300000
 20
109.400000
 40
10.000000
 50
0.000000
  1
Piece Name: OUTSIDE COLLAR 1P
  0
TEXT
  8
1
 10
3.300000
 20
120.400000
 40
10.000000
 50
0.000000
  1
Size: 42
  0
TEXT
  8
1
 10
3.300000
 20
131.400000
 40
10.000000
 50
0.000000
  1
Annotation: OUTSIDE COLLAR 1P
  0
TEXT
  8
1
 10
3.300000
 20
142.400000
 40
10.000000
 50
0.000000
  1
Quantity: 1
  0
TEXT
  8
1
 10
3.300000
 20
153.400000
 40
10.000000
 50
0.000000
  1
Material: LEATHER
  0
ENDBLK
  0
BLOCK
  8
1
  2
VELLUTO INSIDE COLLAR 1P
 70
     0
 10
0.00
 20
0.00
  0
POLYLINE
  8
84
 66
     1
 70
     1
  0
VERTEX
  8
84
 10
102.600000
 20
0.000000
  0
VERTEX
  8
84
 10
102.600000
 20
-16.500000
  0
VERTEX
  8
84
 10
102.600000
 20
-24.500000
  0
VERTEX
  8
84
 10
102.600000
 20
-32.000000
  0
VERTEX
  8
84
 10
102.600000
 20
-39.000000
  0
VERTEX
  8
84
 10
102.600000
 20
-47.100000
  0
VERTEX
  8
84
 10
102.800000
 20
-58.500000
  0
VERTEX
  8
84
 10
103.200000
 20
-73.400000
  0
VERTEX
  8
84
 10
103.700000
 20
-89.300000
  0
VERTEX
  8
84
 10
104.000000
 20
-102.700000
  0
VERTEX
  8
84
 10
104.500000
 20
-112.800000
  0
VERTEX
  8
84
 10
104.900000
 20
-120.900000
  0
VERTEX
  8
84
 10
105.500000
 20
-129.400000
  0
VERTEX
  8
84
 10
106.400000
 20
-139.200000
  0
VERTEX
  8
84
 10
107.400000
 20
-150.300000
  0
VERTEX
  8
84
 10
108.700000
 20
-161.500000
  0
VERTEX
  8
84
 10
109.900000
 20
-171.900000
  0
VERTEX
  8
84
 10
111.300000
 20
-181.600000
  0
VERTEX
  8
84
 10
112.900000
 20
-191.900000
  0
VERTEX
  8
84
 10
115.300000
 20
-203.800000
  0
VERTEX
  8
84
 10
118.500000
 20
-217.300000
  0
VERTEX
  8
84
 10
121.600000
 20
-231.800000
  0
VERTEX
  8
84
 10
123.800000
 20
-241.600000
  0
VERTEX
  8
84
 10
38.600000
 20
-261.400000
  0
VERTEX
  8
84
 10
36.400000
 20
-251.700000
  0
VERTEX
  8
84
 10
34.300000
 20
-242.700000
  0
VERTEX
  8
84
 10
32.400000
 20
-233.700000
  0
VERTEX
  8
84
 10
30.300000
 20
-224.600000
  0
VERTEX
  8
84
 10
28.300000
 20
-215.600000
  0
VERTEX
  8
84
 10
26.500000
 20
-206.000000
  0
VERTEX
  8
84
 10
24.500000
 20
-195.900000
  0
VERTEX
  8
84
 10
22.500000
 20
-186.200000
  0
VERTEX
  8
84
 10
20.900000
 20
-176.800000
  0
VERTEX
  8
84
 10
19.400000
 20
-167.000000
  0
VERTEX
  8
84
 10
18.100000
 20
-156.900000
  0
VERTEX
  8
84
 10
17.100000
 20
-147.700000
  0
VERTEX
  8
84
 10
16.200000
 20
-140.600000
  0
VERTEX
  8
84
 10
15.800000
 20
-135.700000
  0
VERTEX
  8
84
 10
15.600000
 20
-132.000000
  0
VERTEX
  8
84
 10
15.300000
 20
-127.900000
  0
VERTEX
  8
84
 10
14.900000
 20
-122.800000
  0
VERTEX
  8
84
 10
14.600000
 20
-116.900000
  0
VERTEX
  8
84
 10
14.200000
 20
-111.300000
  0
VERTEX
  8
84
 10
14.200000
 20
-106.400000
  0
VERTEX
  8
84
 10
13.900000
 20
-99.800000
  0
VERTEX
  8
84
 10
13.200000
 20
-85.100000
  0
VERTEX
  8
84
 10
12.900000
 20
-78.600000
  0
VERTEX
  8
84
 10
12.800000
 20
-73.700000
  0
VERTEX
  8
84
 10
12.600000
 20
-68.500000
  0
VERTEX
  8
84
 10
12.300000
 20
-56.100000
  0
VERTEX
  8
84
 10
12.100000
 20
-44.200000
  0
VERTEX
  8
84
 10
12.000000
 20
-34.300000
  0
VERTEX
  8
84
 10
12.000000
 20
-25.800000
  0
VERTEX
  8
84
 10
12.000000
 20
-14.200000
  0
VERTEX
  8
84
 10
12.000000
 20
0.000000
  0
VERTEX
  8
84
 10
12.000000
 20
14.200000
  0
VERTEX
  8
84
 10
12.000000
 20
25.800000
  0
VERTEX
  8
84
 10
12.000000
 20
34.300000
  0
VERTEX
  8
84
 10
12.100000
 20
44.200000
  0
VERTEX
  8
84
 10
12.300000
 20
56.100000
  0
VERTEX
  8
84
 10
12.600000
 20
68.500000
  0
VERTEX
  8
84
 10
12.800000
 20
73.700000
  0
VERTEX
  8
84
 10
12.900000
 20
78.600000
  0
VERTEX
  8
84
 10
13.200000
 20
85.100000
  0
VERTEX
  8
84
 10
13.900000
 20
99.800000
  0
VERTEX
  8
84
 10
14.200000
 20
106.400000
  0
VERTEX
  8
84
 10
14.200000
 20
111.300000
  0
VERTEX
  8
84
 10
14.600000
 20
116.900000
  0
VERTEX
  8
84
 10
14.900000
 20
122.800000
  0
VERTEX
  8
84
 10
15.300000
 20
127.900000
  0
VERTEX
  8
84
 10
15.600000
 20
132.000000
  0
VERTEX
  8
84
 10
15.800000
 20
135.700000
  0
VERTEX
  8
84
 10
16.200000
 20
140.600000
  0
VERTEX
  8
84
 10
17.100000
 20
147.700000
  0
VERTEX
  8
84
 10
18.100000
 20
156.900000
  0
VERTEX
  8
84
 10
19.400000
 20
167.000000
  0
VERTEX
  8
84
 10
20.900000
 20
176.800000
  0
VERTEX
  8
84
 10
22.500000
 20
186.200000
  0
VERTEX
  8
84
 10
24.500000
 20
195.900000
  0
VERTEX
  8
84
 10
26.500000
 20
206.000000
  0
VERTEX
  8
84
 10
28.300000
 20
215.600000
  0
VERTEX
  8
84
 10
30.300000
 20
224.600000
  0
VERTEX
  8
84
 10
32.400000
 20
233.700000
  0
VERTEX
  8
84
 10
34.300000
 20
242.700000
  0
VERTEX
  8
84
 10
36.400000
 20
251.700000
  0
VERTEX
  8
84
 10
38.600000
 20
261.400000
  0
VERTEX
  8
84
 10
123.800000
 20
241.600000
  0
VERTEX
  8
84
 10
121.600000
 20
231.800000
  0
VERTEX
  8
84
 10
118.500000
 20
217.300000
  0
VERTEX
  8
84
 10
115.300000
 20
203.800000
  0
VERTEX
  8
84
 10
112.900000
 20
191.900000
  0
VERTEX
  8
84
 10
111.300000
 20
181.600000
  0
VERTEX
  8
84
 10
109.900000
 20
171.900000
  0
VERTEX
  8
84
 10
108.700000
 20
161.500000
  0
VERTEX
  8
84
 10
107.400000
 20
150.300000
  0
VERTEX
  8
84
 10
106.400000
 20
139.200000
  0
VERTEX
  8
84
 10
105.500000
 20
129.400000
  0
VERTEX
  8
84
 10
104.900000
 20
120.900000
  0
VERTEX
  8
84
 10
104.500000
 20
112.800000
  0
VERTEX
  8
84
 10
104.000000
 20
102.700000
  0
VERTEX
  8
84
 10
103.700000
 20
89.300000
  0
VERTEX
  8
84
 10
103.200000
 20
73.400000
  0
VERTEX
  8
84
 10
102.800000
 20
58.500000
  0
VERTEX
  8
84
 10
102.600000
 20
47.100000
  0
VERTEX
  8
84
 10
102.600000
 20
39.000000
  0
VERTEX
  8
84
 10
102.600000
 20
32.000000
  0
VERTEX
  8
84
 10
102.600000
 20
24.500000
  0
VERTEX
  8
84
 10
102.600000
 20
16.500000
  0
VERTEX
  8
84
 10
102.600000
 20
0.000000
  0
SEQEND
  0
POLYLINE
  8
1
 66
     1
 70
     1
  0
VERTEX
  8
1
 10
102.600000
 20
0.000000
  0
VERTEX
  8
1
 10
102.600000
 20
-16.500000
  0
VERTEX
  8
1
 10
102.600000
 20
-24.500000
  0
VERTEX
  8
1
 10
102.600000
 20
-32.000000
  0
VERTEX
  8
1
 10
102.600000
 20
-39.000000
  0
VERTEX
  8
1
 10
102.600000
 20
-47.100000
  0
VERTEX
  8
1
 10
102.800000
 20
-58.500000
  0
VERTEX
  8
1
 10
103.200000
 20
-73.400000
  0
VERTEX
  8
1
 10
103.700000
 20
-89.300000
  0
VERTEX
  8
1
 10
104.000000
 20
-102.700000
  0
VERTEX
  8
1
 10
104.500000
 20
-112.800000
  0
VERTEX
  8
1
 10
104.900000
 20
-120.900000
  0
VERTEX
  8
1
 10
105.500000
 20
-129.400000
  0
VERTEX
  8
1
 10
106.400000
 20
-139.200000
  0
VERTEX
  8
1
 10
107.400000
 20
-150.300000
  0
VERTEX
  8
1
 10
108.700000
 20
-161.500000
  0
VERTEX
  8
1
 10
109.900000
 20
-171.900000
  0
VERTEX
  8
1
 10
111.300000
 20
-181.600000
  0
VERTEX
  8
1
 10
112.900000
 20
-191.900000
  0
VERTEX
  8
1
 10
115.300000
 20
-203.800000
  0
VERTEX
  8
1
 10
118.500000
 20
-217.300000
  0
VERTEX
  8
1
 10
121.600000
 20
-231.800000
  0
VERTEX
  8
1
 10
123.800000
 20
-241.600000
  0
VERTEX
  8
1
 10
38.600000
 20
-261.400000
  0
VERTEX
  8
1
 10
36.400000
 20
-251.700000
  0
VERTEX
  8
1
 10
34.300000
 20
-242.700000
  0
VERTEX
  8
1
 10
32.400000
 20
-233.700000
  0
VERTEX
  8
1
 10
30.300000
 20
-224.600000
  0
VERTEX
  8
1
 10
28.300000
 20
-215.600000
  0
VERTEX
  8
1
 10
26.500000
 20
-206.000000
  0
VERTEX
  8
1
 10
24.500000
 20
-195.900000
  0
VERTEX
  8
1
 10
22.500000
 20
-186.200000
  0
VERTEX
  8
1
 10
20.900000
 20
-176.800000
  0
VERTEX
  8
1
 10
19.400000
 20
-167.000000
  0
VERTEX
  8
1
 10
18.100000
 20
-156.900000
  0
VERTEX
  8
1
 10
17.100000
 20
-147.700000
  0
VERTEX
  8
1
 10
16.200000
 20
-140.600000
  0
VERTEX
  8
1
 10
15.800000
 20
-135.700000
  0
VERTEX
  8
1
 10
15.600000
 20
-132.000000
  0
VERTEX
  8
1
 10
15.300000
 20
-127.900000
  0
VERTEX
  8
1
 10
14.900000
 20
-122.800000
  0
VERTEX
  8
1
 10
14.600000
 20
-116.900000
  0
VERTEX
  8
1
 10
14.200000
 20
-111.300000
  0
VERTEX
  8
1
 10
14.200000
 20
-106.400000
  0
VERTEX
  8
1
 10
13.900000
 20
-99.800000
  0
VERTEX
  8
1
 10
13.200000
 20
-85.100000
  0
VERTEX
  8
1
 10
12.900000
 20
-78.600000
  0
VERTEX
  8
1
 10
12.800000
 20
-73.700000
  0
VERTEX
  8
1
 10
12.600000
 20
-68.500000
  0
VERTEX
  8
1
 10
12.300000
 20
-56.100000
  0
VERTEX
  8
1
 10
12.100000
 20
-44.200000
  0
VERTEX
  8
1
 10
12.000000
 20
-34.300000
  0
VERTEX
  8
1
 10
12.000000
 20
-25.800000
  0
VERTEX
  8
1
 10
12.000000
 20
-14.200000
  0
VERTEX
  8
1
 10
12.000000
 20
0.000000
  0
VERTEX
  8
1
 10
12.000000
 20
14.200000
  0
VERTEX
  8
1
 10
12.000000
 20
25.800000
  0
VERTEX
  8
1
 10
12.000000
 20
34.300000
  0
VERTEX
  8
1
 10
12.100000
 20
44.200000
  0
VERTEX
  8
1
 10
12.300000
 20
56.100000
  0
VERTEX
  8
1
 10
12.600000
 20
68.500000
  0
VERTEX
  8
1
 10
12.800000
 20
73.700000
  0
VERTEX
  8
1
 10
12.900000
 20
78.600000
  0
VERTEX
  8
1
 10
13.200000
 20
85.100000
  0
VERTEX
  8
1
 10
13.900000
 20
99.800000
  0
VERTEX
  8
1
 10
14.200000
 20
106.400000
  0
VERTEX
  8
1
 10
14.200000
 20
111.300000
  0
VERTEX
  8
1
 10
14.600000
 20
116.900000
  0
VERTEX
  8
1
 10
14.900000
 20
122.800000
  0
VERTEX
  8
1
 10
15.300000
 20
127.900000
  0
VERTEX
  8
1
 10
15.600000
 20
132.000000
  0
VERTEX
  8
1
 10
15.800000
 20
135.700000
  0
VERTEX
  8
1
 10
16.200000
 20
140.600000
  0
VERTEX
  8
1
 10
17.100000
 20
147.700000
  0
VERTEX
  8
1
 10
18.100000
 20
156.900000
  0
VERTEX
  8
1
 10
19.400000
 20
167.000000
  0
VERTEX
  8
1
 10
20.900000
 20
176.800000
  0
VERTEX
  8
1
 10
22.500000
 20
186.200000
  0
VERTEX
  8
1
 10
24.500000
 20
195.900000
  0
VERTEX
  8
1
 10
26.500000
 20
206.000000
  0
VERTEX
  8
1
 10
28.300000
 20
215.600000
  0
VERTEX
  8
1
 10
30.300000
 20
224.600000
  0
VERTEX
  8
1
 10
32.400000
 20
233.700000
  0
VERTEX
  8
1
 10
34.300000
 20
242.700000
  0
VERTEX
  8
1
 10
36.400000
 20
251.700000
  0
VERTEX
  8
1
 10
38.600000
 20
261.400000
  0
VERTEX
  8
1
 10
123.800000
 20
241.600000
  0
VERTEX
  8
1
 10
121.600000
 20
231.800000
  0
VERTEX
  8
1
 10
118.500000
 20
217.300000
  0
VERTEX
  8
1
 10
115.300000
 20
203.800000
  0
VERTEX
  8
1
 10
112.900000
 20
191.900000
  0
VERTEX
  8
1
 10
111.300000
 20
181.600000
  0
VERTEX
  8
1
 10
109.900000
 20
171.900000
  0
VERTEX
  8
1
 10
108.700000
 20
161.500000
  0
VERTEX
  8
1
 10
107.400000
 20
150.300000
  0
VERTEX
  8
1
 10
106.400000
 20
139.200000
  0
VERTEX
  8
1
 10
105.500000
 20
129.400000
  0
VERTEX
  8
1
 10
104.900000
 20
120.900000
  0
VERTEX
  8
1
 10
104.500000
 20
112.800000
  0
VERTEX
  8
1
 10
104.000000
 20
102.700000
  0
VERTEX
  8
1
 10
103.700000
 20
89.300000
  0
VERTEX
  8
1
 10
103.200000
 20
73.400000
  0
VERTEX
  8
1
 10
102.800000
 20
58.500000
  0
VERTEX
  8
1
 10
102.600000
 20
47.100000
  0
VERTEX
  8
1
 10
102.600000
 20
39.000000
  0
VERTEX
  8
1
 10
102.600000
 20
32.000000
  0
VERTEX
  8
1
 10
102.600000
 20
24.500000
  0
VERTEX
  8
1
 10
102.600000
 20
16.500000
  0
VERTEX
  8
1
 10
102.600000
 20
0.000000
  0
SEQEND
  0
POLYLINE
  8
87
 66
     1
  0
VERTEX
  8
87
 10
92.600000
 20
0.000000
  0
VERTEX
  8
87
 10
92.600000
 20
-16.500000
  0
VERTEX
  8
87
 10
92.600000
 20
-24.500000
  0
VERTEX
  8
87
 10
92.600000
 20
-32.000000
  0
VERTEX
  8
87
 10
92.600000
 20
-39.000000
  0
VERTEX
  8
87
 10
92.600000
 20
-47.100000
  0
VERTEX
  8
87
 10
92.900000
 20
-58.600000
  0
VERTEX
  8
87
 10
93.300000
 20
-73.600000
  0
VERTEX
  8
87
 10
93.800000
 20
-89.500000
  0
VERTEX
  8
87
 10
94.100000
 20
-103.000000
  0
VERTEX
  8
87
 10
94.600000
 20
-113.200000
  0
VERTEX
  8
87
 10
95.000000
 20
-121.400000
  0
VERTEX
  8
87
 10
95.600000
 20
-130.200000
  0
VERTEX
  8
87
 10
96.500000
 20
-140.000000
  0
VERTEX
  8
87
 10
97.500000
 20
-151.200000
  0
VERTEX
  8
87
 10
98.800000
 20
-162.600000
  0
VERTEX
  8
87
 10
100.000000
 20
-173.100000
  0
VERTEX
  8
87
 10
101.500000
 20
-183.000000
  0
VERTEX
  8
87
 10
103.100000
 20
-193.600000
  0
VERTEX
  8
87
 10
105.500000
 20
-205.900000
  0
VERTEX
  8
87
 10
108.800000
 20
-219.400000
  0
VERTEX
  8
87
 10
111.900000
 20
-233.800000
  0
VERTEX
  8
87
 10
46.100000
 20
-249.500000
  0
VERTEX
  8
87
 10
44.000000
 20
-240.600000
  0
VERTEX
  8
87
 10
42.100000
 20
-231.600000
  0
VERTEX
  8
87
 10
40.000000
 20
-222.400000
  0
VERTEX
  8
87
 10
38.100000
 20
-213.600000
  0
VERTEX
  8
87
 10
36.300000
 20
-204.100000
  0
VERTEX
  8
87
 10
34.300000
 20
-193.900000
  0
VERTEX
  8
87
 10
32.300000
 20
-184.400000
  0
VERTEX
  8
87
 10
30.700000
 20
-175.200000
  0
VERTEX
  8
87
 10
29.300000
 20
-165.600000
  0
VERTEX
  8
87
 10
28.000000
 20
-155.800000
  0
VERTEX
  8
87
 10
27.000000
 20
-146.600000
  0
VERTEX
  8
87
 10
26.100000
 20
-139.600000
  0
VERTEX
  8
87
 10
25.700000
 20
-135.000000
  0
VERTEX
  8
87
 10
25.500000
 20
-131.400000
  0
VERTEX
  8
87
 10
25.200000
 20
-127.200000
  0
VERTEX
  8
87
 10
24.800000
 20
-122.200000
  0
VERTEX
  8
87
 10
24.500000
 20
-116.300000
  0
VERTEX
  8
87
 10
24.200000
 20
-110.900000
  0
VERTEX
  8
87
 10
24.200000
 20
-106.200000
  0
VERTEX
  8
87
 10
23.800000
 20
-99.400000
  0
VERTEX
  8
87
 10
23.100000
 20
-84.700000
  0
VERTEX
  8
87
 10
22.800000
 20
-78.300000
  0
VERTEX
  8
87
 10
22.700000
 20
-73.400000
  0
VERTEX
  8
87
 10
22.500000
 20
-68.200000
  0
VERTEX
  8
87
 10
22.200000
 20
-55.900000
  0
VERTEX
  8
87
 10
22.000000
 20
-44.100000
  0
VERTEX
  8
87
 10
22.000000
 20
-34.200000
  0
VERTEX
  8
87
 10
22.000000
 20
-25.800000
  0
VERTEX
  8
87
 10
22.000000
 20
-14.200000
  0
VERTEX
  8
87
 10
22.000000
 20
0.000000
  0
VERTEX
  8
87
 10
22.000000
 20
14.200000
  0
VERTEX
  8
87
 10
22.000000
 20
25.800000
  0
VERTEX
  8
87
 10
22.000000
 20
34.200000
  0
VERTEX
  8
87
 10
22.000000
 20
44.100000
  0
VERTEX
  8
87
 10
22.200000
 20
55.900000
  0
VERTEX
  8
87
 10
22.500000
 20
68.200000
  0
VERTEX
  8
87
 10
22.700000
 20
73.400000
  0
VERTEX
  8
87
 10
22.800000
 20
78.300000
  0
VERTEX
  8
87
 10
23.100000
 20
84.700000
  0
VERTEX
  8
87
 10
23.800000
 20
99.400000
  0
VERTEX
  8
87
 10
24.200000
 20
106.200000
  0
VERTEX
  8
87
 10
24.200000
 20
110.900000
  0
VERTEX
  8
87
 10
24.500000
 20
116.300000
  0
VERTEX
  8
87
 10
24.800000
 20
122.200000
  0
VERTEX
  8
87
 10
25.200000
 20
127.200000
  0
VERTEX
  8
87
 10
25.500000
 20
131.400000
  0
VERTEX
  8
87
 10
25.700000
 20
135.000000
  0
VERTEX
  8
87
 10
26.100000
 20
139.600000
  0
VERTEX
  8
87
 10
27.000000
 20
146.600000
  0
VERTEX
  8
87
 10
28.000000
 20
155.800000
  0
VERTEX
  8
87
 10
29.300000
 20
165.600000
  0
VERTEX
  8
87
 10
30.700000
 20
175.200000
  0
VERTEX
  8
87
 10
32.300000
 20
184.400000
  0
VERTEX
  8
87
 10
34.300000
 20
193.900000
  0
VERTEX
  8
87
 10
36.300000
 20
204.100000
  0
VERTEX
  8
87
 10
38.100000
 20
213.600000
  0
VERTEX
  8
87
 10
40.000000
 20
222.400000
  0
VERTEX
  8
87
 10
42.100000
 20
231.600000
  0
VERTEX
  8
87
 10
44.000000
 20
240.600000
  0
VERTEX
  8
87
 10
46.100000
 20
249.500000
  0
VERTEX
  8
87
 10
111.900000
 20
233.800000
  0
VERTEX
  8
87
 10
108.800000
 20
219.400000
  0
VERTEX
  8
87
 10
105.500000
 20
205.900000
  0
VERTEX
  8
87
 10
103.100000
 20
193.600000
  0
VERTEX
  8
87
 10
101.500000
 20
183.000000
  0
VERTEX
  8
87
 10
100.000000
 20
173.100000
  0
VERTEX
  8
87
 10
98.800000
 20
162.600000
  0
VERTEX
  8
87
 10
97.500000
 20
151.200000
  0
VERTEX
  8
87
 10
96.500000
 20
140.000000
  0
VERTEX
  8
87
 10
95.600000
 20
130.200000
  0
VERTEX
  8
87
 10
95.000000
 20
121.400000
  0
VERTEX
  8
87
 10
94.600000
 20
113.200000
  0
VERTEX
  8
87
 10
94.100000
 20
103.000000
  0
VERTEX
  8
87
 10
93.800000
 20
89.500000
  0
VERTEX
  8
87
 10
93.300000
 20
73.600000
  0
VERTEX
  8
87
 10
92.900000
 20
58.600000
  0
VERTEX
  8
87
 10
92.600000
 20
47.100000
  0
VERTEX
  8
87
 10
92.600000
 20
39.000000
  0
VERTEX
  8
87
 10
92.600000
 20
32.000000
  0
VERTEX
  8
87
 10
92.600000
 20
24.500000
  0
VERTEX
  8
87
 10
92.600000
 20
16.500000
  0
VERTEX
  8
87
 10
92.600000
 20
0.000000
  0
SEQEND
  0
POLYLINE
  8
14
 66
     1
  0
VERTEX
  8
14
 10
92.600000
 20
0.000000
  0
VERTEX
  8
14
 10
92.600000
 20
-16.500000
  0
VERTEX
  8
14
 10
92.600000
 20
-24.500000
  0
VERTEX
  8
14
 10
92.600000
 20
-32.000000
  0
VERTEX
  8
14
 10
92.600000
 20
-39.000000
  0
VERTEX
  8
14
 10
92.600000
 20
-47.100000
  0
VERTEX
  8
14
 10
92.900000
 20
-58.600000
  0
VERTEX
  8
14
 10
93.300000
 20
-73.600000
  0
VERTEX
  8
14
 10
93.800000
 20
-89.500000
  0
VERTEX
  8
14
 10
94.100000
 20
-103.000000
  0
VERTEX
  8
14
 10
94.600000
 20
-113.200000
  0
VERTEX
  8
14
 10
95.000000
 20
-121.400000
  0
VERTEX
  8
14
 10
95.600000
 20
-130.200000
  0
VERTEX
  8
14
 10
96.500000
 20
-140.000000
  0
VERTEX
  8
14
 10
97.500000
 20
-151.200000
  0
VERTEX
  8
14
 10
98.800000
 20
-162.600000
  0
VERTEX
  8
14
 10
100.000000
 20
-173.100000
  0
VERTEX
  8
14
 10
101.500000
 20
-183.000000
  0
VERTEX
  8
14
 10
103.100000
 20
-193.600000
  0
VERTEX
  8
14
 10
105.500000
 20
-205.900000
  0
VERTEX
  8
14
 10
108.800000
 20
-219.400000
  0
VERTEX
  8
14
 10
111.900000
 20
-233.800000
  0
VERTEX
  8
14
 10
46.100000
 20
-249.500000
  0
VERTEX
  8
14
 10
44.000000
 20
-240.600000
  0
VERTEX
  8
14
 10
42.100000
 20
-231.600000
  0
VERTEX
  8
14
 10
40.000000
 20
-222.400000
  0
VERTEX
  8
14
 10
38.100000
 20
-213.600000
  0
VERTEX
  8
14
 10
36.300000
 20
-204.100000
  0
VERTEX
  8
14
 10
34.300000
 20
-193.900000
  0
VERTEX
  8
14
 10
32.300000
 20
-184.400000
  0
VERTEX
  8
14
 10
30.700000
 20
-175.200000
  0
VERTEX
  8
14
 10
29.300000
 20
-165.600000
  0
VERTEX
  8
14
 10
28.000000
 20
-155.800000
  0
VERTEX
  8
14
 10
27.000000
 20
-146.600000
  0
VERTEX
  8
14
 10
26.100000
 20
-139.600000
  0
VERTEX
  8
14
 10
25.700000
 20
-135.000000
  0
VERTEX
  8
14
 10
25.500000
 20
-131.400000
  0
VERTEX
  8
14
 10
25.200000
 20
-127.200000
  0
VERTEX
  8
14
 10
24.800000
 20
-122.200000
  0
VERTEX
  8
14
 10
24.500000
 20
-116.300000
  0
VERTEX
  8
14
 10
24.200000
 20
-110.900000
  0
VERTEX
  8
14
 10
24.200000
 20
-106.200000
  0
VERTEX
  8
14
 10
23.800000
 20
-99.400000
  0
VERTEX
  8
14
 10
23.100000
 20
-84.700000
  0
VERTEX
  8
14
 10
22.800000
 20
-78.300000
  0
VERTEX
  8
14
 10
22.700000
 20
-73.400000
  0
VERTEX
  8
14
 10
22.500000
 20
-68.200000
  0
VERTEX
  8
14
 10
22.200000
 20
-55.900000
  0
VERTEX
  8
14
 10
22.000000
 20
-44.100000
  0
VERTEX
  8
14
 10
22.000000
 20
-34.200000
  0
VERTEX
  8
14
 10
22.000000
 20
-25.800000
  0
VERTEX
  8
14
 10
22.000000
 20
-14.200000
  0
VERTEX
  8
14
 10
22.000000
 20
0.000000
  0
VERTEX
  8
14
 10
22.000000
 20
14.200000
  0
VERTEX
  8
14
 10
22.000000
 20
25.800000
  0
VERTEX
  8
14
 10
22.000000
 20
34.200000
  0
VERTEX
  8
14
 10
22.000000
 20
44.100000
  0
VERTEX
  8
14
 10
22.200000
 20
55.900000
  0
VERTEX
  8
14
 10
22.500000
 20
68.200000
  0
VERTEX
  8
14
 10
22.700000
 20
73.400000
  0
VERTEX
  8
14
 10
22.800000
 20
78.300000
  0
VERTEX
  8
14
 10
23.100000
 20
84.700000
  0
VERTEX
  8
14
 10
23.800000
 20
99.400000
  0
VERTEX
  8
14
 10
24.200000
 20
106.200000
  0
VERTEX
  8
14
 10
24.200000
 20
110.900000
  0
VERTEX
  8
14
 10
24.500000
 20
116.300000
  0
VERTEX
  8
14
 10
24.800000
 20
122.200000
  0
VERTEX
  8
14
 10
25.200000
 20
127.200000
  0
VERTEX
  8
14
 10
25.500000
 20
131.400000
  0
VERTEX
  8
14
 10
25.700000
 20
135.000000
  0
VERTEX
  8
14
 10
26.100000
 20
139.600000
  0
VERTEX
  8
14
 10
27.000000
 20
146.600000
  0
VERTEX
  8
14
 10
28.000000
 20
155.800000
  0
VERTEX
  8
14
 10
29.300000
 20
165.600000
  0
VERTEX
  8
14
 10
30.700000
 20
175.200000
  0
VERTEX
  8
14
 10
32.300000
 20
184.400000
  0
VERTEX
  8
14
 10
34.300000
 20
193.900000
  0
VERTEX
  8
14
 10
36.300000
 20
204.100000
  0
VERTEX
  8
14
 10
38.100000
 20
213.600000
  0
VERTEX
  8
14
 10
40.000000
 20
222.400000
  0
VERTEX
  8
14
 10
42.100000
 20
231.600000
  0
VERTEX
  8
14
 10
44.000000
 20
240.600000
  0
VERTEX
  8
14
 10
46.100000
 20
249.500000
  0
VERTEX
  8
14
 10
111.900000
 20
233.800000
  0
VERTEX
  8
14
 10
108.800000
 20
219.400000
  0
VERTEX
  8
14
 10
105.500000
 20
205.900000
  0
VERTEX
  8
14
 10
103.100000
 20
193.600000
  0
VERTEX
  8
14
 10
101.500000
 20
183.000000
  0
VERTEX
  8
14
 10
100.000000
 20
173.100000
  0
VERTEX
  8
14
 10
98.800000
 20
162.600000
  0
VERTEX
  8
14
 10
97.500000
 20
151.200000
  0
VERTEX
  8
14
 10
96.500000
 20
140.000000
  0
VERTEX
  8
14
 10
95.600000
 20
130.200000
  0
VERTEX
  8
14
 10
95.000000
 20
121.400000
  0
VERTEX
  8
14
 10
94.600000
 20
113.200000
  0
VERTEX
  8
14
 10
94.100000
 20
103.000000
  0
VERTEX
  8
14
 10
93.800000
 20
89.500000
  0
VERTEX
  8
14
 10
93.300000
 20
73.600000
  0
VERTEX
  8
14
 10
92.900000
 20
58.600000
  0
VERTEX
  8
14
 10
92.600000
 20
47.100000
  0
VERTEX
  8
14
 10
92.600000
 20
39.000000
  0
VERTEX
  8
14
 10
92.600000
 20
32.000000
  0
VERTEX
  8
14
 10
92.600000
 20
24.500000
  0
VERTEX
  8
14
 10
92.600000
 20
16.500000
  0
VERTEX
  8
14
 10
92.600000
 20
0.000000
  0
SEQEND
  0
POINT
  8
2
 10
102.600000
 20
0.000000
  0
POINT
  8
2
 10
102.600000
 20
-16.500000
  0
POINT
  8
3
 10
102.600000
 20
-24.500000
  0
POINT
  8
3
 10
102.600000
 20
-32.000000
  0
POINT
  8
3
 10
102.600000
 20
-39.000000
  0
POINT
  8
3
 10
102.600000
 20
-47.100000
  0
POINT
  8
3
 10
102.800000
 20
-58.500000
  0
POINT
  8
3
 10
103.200000
 20
-73.400000
  0
POINT
  8
3
 10
103.700000
 20
-89.300000
  0
POINT
  8
3
 10
104.000000
 20
-102.700000
  0
POINT
  8
3
 10
104.500000
 20
-112.800000
  0
POINT
  8
3
 10
104.900000
 20
-120.900000
  0
POINT
  8
3
 10
105.500000
 20
-129.400000
  0
POINT
  8
3
 10
106.400000
 20
-139.200000
  0
POINT
  8
3
 10
107.400000
 20
-150.300000
  0
POINT
  8
3
 10
108.700000
 20
-161.500000
  0
POINT
  8
3
 10
109.900000
 20
-171.900000
  0
POINT
  8
3
 10
111.300000
 20
-181.600000
  0
POINT
  8
3
 10
112.900000
 20
-191.900000
  0
POINT
  8
3
 10
115.300000
 20
-203.800000
  0
POINT
  8
3
 10
118.500000
 20
-217.300000
  0
POINT
  8
2
 10
121.600000
 20
-231.800000
  0
POINT
  8
2
 10
123.800000
 20
-241.600000
  0
POINT
  8
2
 10
38.600000
 20
-261.400000
  0
POINT
  8
2
 10
36.400000
 20
-251.700000
  0
POINT
  8
3
 10
34.300000
 20
-242.700000
  0
POINT
  8
3
 10
32.400000
 20
-233.700000
  0
POINT
  8
3
 10
30.300000
 20
-224.600000
  0
POINT
  8
3
 10
28.300000
 20
-215.600000
  0
POINT
  8
3
 10
26.500000
 20
-206.000000
  0
POINT
  8
3
 10
24.500000
 20
-195.900000
  0
POINT
  8
3
 10
22.500000
 20
-186.200000
  0
POINT
  8
3
 10
20.900000
 20
-176.800000
  0
POINT
  8
3
 10
19.400000
 20
-167.000000
  0
POINT
  8
3
 10
18.100000
 20
-156.900000
  0
POINT
  8
3
 10
17.100000
 20
-147.700000
  0
POINT
  8
3
 10
16.200000
 20
-140.600000
  0
POINT
  8
3
 10
15.800000
 20
-135.700000
  0
POINT
  8
3
 10
15.600000
 20
-132.000000
  0
POINT
  8
3
 10
15.300000
 20
-127.900000
  0
POINT
  8
3
 10
14.900000
 20
-122.800000
  0
POINT
  8
3
 10
14.600000
 20
-116.900000
  0
POINT
  8
3
 10
14.200000
 20
-111.300000
  0
POINT
  8
2
 10
14.200000
 20
-106.400000
  0
POINT
  8
3
 10
13.900000
 20
-99.800000
  0
POINT
  8
3
 10
13.200000
 20
-85.100000
  0
POINT
  8
3
 10
12.900000
 20
-78.600000
  0
POINT
  8
3
 10
12.800000
 20
-73.700000
  0
POINT
  8
3
 10
12.600000
 20
-68.500000
  0
POINT
  8
3
 10
12.300000
 20
-56.100000
  0
POINT
  8
3
 10
12.100000
 20
-44.200000
  0
POINT
  8
3
 10
12.000000
 20
-34.300000
  0
POINT
  8
3
 10
12.000000
 20
-25.800000
  0
POINT
  8
2
 10
12.000000
 20
-14.200000
  0
POINT
  8
2
 10
12.000000
 20
0.000000
  0
POINT
  8
2
 10
12.000000
 20
14.200000
  0
POINT
  8
3
 10
12.000000
 20
25.800000
  0
POINT
  8
3
 10
12.000000
 20
34.300000
  0
POINT
  8
3
 10
12.100000
 20
44.200000
  0
POINT
  8
3
 10
12.300000
 20
56.100000
  0
POINT
  8
3
 10
12.600000
 20
68.500000
  0
POINT
  8
3
 10
12.800000
 20
73.700000
  0
POINT
  8
3
 10
12.900000
 20
78.600000
  0
POINT
  8
3
 10
13.200000
 20
85.100000
  0
POINT
  8
3
 10
13.900000
 20
99.800000
  0
POINT
  8
2
 10
14.200000
 20
106.400000
  0
POINT
  8
3
 10
14.200000
 20
111.300000
  0
POINT
  8
3
 10
14.600000
 20
116.900000
  0
POINT
  8
3
 10
14.900000
 20
122.800000
  0
POINT
  8
3
 10
15.300000
 20
127.900000
  0
POINT
  8
3
 10
15.600000
 20
132.000000
  0
POINT
  8
3
 10
15.800000
 20
135.700000
  0
POINT
  8
3
 10
16.200000
 20
140.600000
  0
POINT
  8
3
 10
17.100000
 20
147.700000
  0
POINT
  8
3
 10
18.100000
 20
156.900000
  0
POINT
  8
3
 10
19.400000
 20
167.000000
  0
POINT
  8
3
 10
20.900000
 20
176.800000
  0
POINT
  8
3
 10
22.500000
 20
186.200000
  0
POINT
  8
3
 10
24.500000
 20
195.900000
  0
POINT
  8
3
 10
26.500000
 20
206.000000
  0
POINT
  8
3
 10
28.300000
 20
215.600000
  0
POINT
  8
3
 10
30.300000
 20
224.600000
  0
POINT
  8
3
 10
32.400000
 20
233.700000
  0
POINT
  8
3
 10
34.300000
 20
242.700000
  0
POINT
  8
2
 10
36.400000
 20
251.700000
  0
POINT
  8
2
 10
38.600000
 20
261.400000
  0
POINT
  8
2
 10
123.800000
 20
241.600000
  0
POINT
  8
2
 10
121.600000
 20
231.800000
  0
POINT
  8
3
 10
118.500000
 20
217.300000
  0
POINT
  8
3
 10
115.300000
 20
203.800000
  0
POINT
  8
3
 10
112.900000
 20
191.900000
  0
POINT
  8
3
 10
111.300000
 20
181.600000
  0
POINT
  8
3
 10
109.900000
 20
171.900000
  0
POINT
  8
3
 10
108.700000
 20
161.500000
  0
POINT
  8
3
 10
107.400000
 20
150.300000
  0
POINT
  8
3
 10
106.400000
 20
139.200000
  0
POINT
  8
3
 10
105.500000
 20
129.400000
  0
POINT
  8
3
 10
104.900000
 20
120.900000
  0
POINT
  8
3
 10
104.500000
 20
112.800000
  0
POINT
  8
3
 10
104.000000
 20
102.700000
  0
POINT
  8
3
 10
103.700000
 20
89.300000
  0
POINT
  8
3
 10
103.200000
 20
73.400000
  0
POINT
  8
3
 10
102.800000
 20
58.500000
  0
POINT
  8
3
 10
102.600000
 20
47.100000
  0
POINT
  8
3
 10
102.600000
 20
39.000000
  0
POINT
  8
3
 10
102.600000
 20
32.000000
  0
POINT
  8
3
 10
102.600000
 20
24.500000
  0
POINT
  8
2
 10
102.600000
 20
16.500000
  0
POINT
  8
2
 10
102.600000
 20
0.000000
  0
POINT
  8
2
 10
102.600000
 20
0.000000
 39
2.500000
 50
180.000000
  0
POINT
  8
2
 10
121.600000
 20
-231.800000
 39
2.500000
 50
191.768300
  0
POINT
  8
2
 10
36.400000
 20
-251.700000
 39
2.500000
 50
11.768290
  0
POINT
  8
2
 10
14.200000
 20
-106.400000
 39
2.500000
  0
POINT
  8
2
 10
12.000000
 20
0.000000
 39
2.500000
  0
POINT
  8
2
 10
14.200000
 20
106.400000
 39
2.500000
 50
357.614000
  0
POINT
  8
2
 10
36.400000
 20
251.700000
 39
2.500000
 50
348.231700
  0
POINT
  8
2
 10
121.600000
 20
231.800000
 39
2.500000
 50
168.231700
  0
POINT
  8
2
 10
92.600000
 20
0.000000
  0
POINT
  8
2
 10
92.600000
 20
-16.500000
  0
POINT
  8
3
 10
92.600000
 20
-24.500000
  0
POINT
  8
3
 10
92.600000
 20
-32.000000
  0
POINT
  8
3
 10
92.600000
 20
-39.000000
  0
POINT
  8
3
 10
92.600000
 20
-47.100000
  0
POINT
  8
3
 10
92.900000
 20
-58.600000
  0
POINT
  8
3
 10
93.300000
 20
-73.600000
  0
POINT
  8
3
 10
93.800000
 20
-89.500000
  0
POINT
  8
3
 10
94.100000
 20
-103.000000
  0
POINT
  8
3
 10
94.600000
 20
-113.200000
  0
POINT
  8
3
 10
95.000000
 20
-121.400000
  0
POINT
  8
3
 10
95.600000
 20
-130.200000
  0
POINT
  8
3
 10
96.500000
 20
-140.000000
  0
POINT
  8
3
 10
97.500000
 20
-151.200000
  0
POINT
  8
3
 10
98.800000
 20
-162.600000
  0
POINT
  8
3
 10
100.000000
 20
-173.100000
  0
POINT
  8
3
 10
101.500000
 20
-183.000000
  0
POINT
  8
3
 10
103.100000
 20
-193.600000
  0
POINT
  8
3
 10
105.500000
 20
-205.900000
  0
POINT
  8
3
 10
108.800000
 20
-219.400000
  0
POINT
  8
2
 10
111.900000
 20
-233.800000
  0
POINT
  8
2
 10
46.100000
 20
-249.500000
  0
POINT
  8
3
 10
44.000000
 20
-240.600000
  0
POINT
  8
3
 10
42.100000
 20
-231.600000
  0
POINT
  8
3
 10
40.000000
 20
-222.400000
  0
POINT
  8
3
 10
38.100000
 20
-213.600000
  0
POINT
  8
3
 10
36.300000
 20
-204.100000
  0
POINT
  8
3
 10
34.300000
 20
-193.900000
  0
POINT
  8
3
 10
32.300000
 20
-184.400000
  0
POINT
  8
3
 10
30.700000
 20
-175.200000
  0
POINT
  8
3
 10
29.300000
 20
-165.600000
  0
POINT
  8
3
 10
28.000000
 20
-155.800000
  0
POINT
  8
3
 10
27.000000
 20
-146.600000
  0
POINT
  8
3
 10
26.100000
 20
-139.600000
  0
POINT
  8
3
 10
25.700000
 20
-135.000000
  0
POINT
  8
3
 10
25.500000
 20
-131.400000
  0
POINT
  8
3
 10
25.200000
 20
-127.200000
  0
POINT
  8
3
 10
24.800000
 20
-122.200000
  0
POINT
  8
3
 10
24.500000
 20
-116.300000
  0
POINT
  8
3
 10
24.200000
 20
-110.900000
  0
POINT
  8
2
 10
24.200000
 20
-106.200000
  0
POINT
  8
3
 10
23.800000
 20
-99.400000
  0
POINT
  8
3
 10
23.100000
 20
-84.700000
  0
POINT
  8
3
 10
22.800000
 20
-78.300000
  0
POINT
  8
3
 10
22.700000
 20
-73.400000
  0
POINT
  8
3
 10
22.500000
 20
-68.200000
  0
POINT
  8
3
 10
22.200000
 20
-55.900000
  0
POINT
  8
3
 10
22.000000
 20
-44.100000
  0
POINT
  8
3
 10
22.000000
 20
-34.200000
  0
POINT
  8
3
 10
22.000000
 20
-25.800000
  0
POINT
  8
2
 10
22.000000
 20
-14.200000
  0
POINT
  8
2
 10
22.000000
 20
0.000000
  0
POINT
  8
2
 10
22.000000
 20
14.200000
  0
POINT
  8
3
 10
22.000000
 20
25.800000
  0
POINT
  8
3
 10
22.000000
 20
34.200000
  0
POINT
  8
3
 10
22.000000
 20
44.100000
  0
POINT
  8
3
 10
22.200000
 20
55.900000
  0
POINT
  8
3
 10
22.500000
 20
68.200000
  0
POINT
  8
3
 10
22.700000
 20
73.400000
  0
POINT
  8
3
 10
22.800000
 20
78.300000
  0
POINT
  8
3
 10
23.100000
 20
84.700000
  0
POINT
  8
3
 10
23.800000
 20
99.400000
  0
POINT
  8
2
 10
24.200000
 20
106.200000
  0
POINT
  8
3
 10
24.200000
 20
110.900000
  0
POINT
  8
3
 10
24.500000
 20
116.300000
  0
POINT
  8
3
 10
24.800000
 20
122.200000
  0
POINT
  8
3
 10
25.200000
 20
127.200000
  0
POINT
  8
3
 10
25.500000
 20
131.400000
  0
POINT
  8
3
 10
25.700000
 20
135.000000
  0
POINT
  8
3
 10
26.100000
 20
139.600000
  0
POINT
  8
3
 10
27.000000
 20
146.600000
  0
POINT
  8
3
 10
28.000000
 20
155.800000
  0
POINT
  8
3
 10
29.300000
 20
165.600000
  0
POINT
  8
3
 10
30.700000
 20
175.200000
  0
POINT
  8
3
 10
32.300000
 20
184.400000
  0
POINT
  8
3
 10
34.300000
 20
193.900000
  0
POINT
  8
3
 10
36.300000
 20
204.100000
  0
POINT
  8
3
 10
38.100000
 20
213.600000
  0
POINT
  8
3
 10
40.000000
 20
222.400000
  0
POINT
  8
3
 10
42.100000
 20
231.600000
  0
POINT
  8
3
 10
44.000000
 20
240.600000
  0
POINT
  8
2
 10
46.100000
 20
249.500000
  0
POINT
  8
2
 10
111.900000
 20
233.800000
  0
POINT
  8
3
 10
108.800000
 20
219.400000
  0
POINT
  8
3
 10
105.500000
 20
205.900000
  0
POINT
  8
3
 10
103.100000
 20
193.600000
  0
POINT
  8
3
 10
101.500000
 20
183.000000
  0
POINT
  8
3
 10
100.000000
 20
173.100000
  0
POINT
  8
3
 10
98.800000
 20
162.600000
  0
POINT
  8
3
 10
97.500000
 20
151.200000
  0
POINT
  8
3
 10
96.500000
 20
140.000000
  0
POINT
  8
3
 10
95.600000
 20
130.200000
  0
POINT
  8
3
 10
95.000000
 20
121.400000
  0
POINT
  8
3
 10
94.600000
 20
113.200000
  0
POINT
  8
3
 10
94.100000
 20
103.000000
  0
POINT
  8
3
 10
93.800000
 20
89.500000
  0
POINT
  8
3
 10
93.300000
 20
73.600000
  0
POINT
  8
3
 10
92.900000
 20
58.600000
  0
POINT
  8
3
 10
92.600000
 20
47.100000
  0
POINT
  8
3
 10
92.600000
 20
39.000000
  0
POINT
  8
3
 10
92.600000
 20
32.000000
  0
POINT
  8
3
 10
92.600000
 20
24.500000
  0
POINT
  8
2
 10
92.600000
 20
16.500000
  0
POINT
  8
2
 10
92.600000
 20
0.000000
  0
POINT
  8
4
 10
102.600000
 20
0.000000
 30
2.500000
 50
180.000000
  0
POINT
  8
4
 10
121.600000
 20
-231.800000
 30
2.500000
 50
191.768300
  0
POINT
  8
4
 10
36.400000
 20
-251.700000
 30
2.500000
 50
11.768290
  0
POINT
  8
4
 10
14.200000
 20
-106.400000
 30
2.500000
  0
POINT
  8
4
 10
12.000000
 20
0.000000
 30
2.500000
  0
POINT
  8
4
 10
14.200000
 20
106.400000
 30
2.500000
 50
357.614000
  0
POINT
  8
4
 10
36.400000
 20
251.700000
 30
2.500000
 50
348.231700
  0
POINT
  8
4
 10
121.600000
 20
231.800000
 30
2.500000
 50
168.231700
  0
LINE
  8
5
 10
102.500000
 20
0.000000
 11
12.100000
 21
0.000000
  0
LINE
  8
7
 10
102.500000
 20
0.000000
 11
12.100000
 21
0.000000
  0
TEXT
  8
15
 10
106.700000
 20
-235.300000
 40
7.210767
 50
193.492100
  1
FRONT CENETR  ZIP
  0
TEXT
  8
15
 10
47.100000
 20
249.600000
 40
7.210767
 50
346.507900
  1
FRONT CENETR  ZIP
  0
TEXT
  8
1
 10
3.300000
 20
109.400000
 40
10.000000
 50
0.000000
  1
Piece Name: VELLUTO INSIDE COLLAR 1P
  0
TEXT
  8
1
 10
3.300000
 20
120.400000
 40
10.000000
 50
0.000000
  1
Size: 42
  0
TEXT
  8
1
 10
3.300000
 20
131.400000
 40
10.000000
 50
0.000000
  1
Annotation: VELLUTO INSIDE COLLAR 1P
  0
TEXT
  8
1
 10
3.300000
 20
142.400000
 40
10.000000
 50
0.000000
  1
Quantity: 1
  0
TEXT
  8
1
 10
3.300000
 20
153.400000
 40
10.000000
 50
0.000000
  1
Material: TEXTILE
  0
ENDBLK
  0
BLOCK
  8
1
  2
LINING BACK 1P
 70
     0
 10
0.00
 20
0.00
  0
POLYLINE
  8
84
 66
     1
 70
     1
  0
VERTEX
  8
84
 10
208.200000
 20
-221.500000
  0
VERTEX
  8
84
 10
198.900000
 20
-224.700000
  0
VERTEX
  8
84
 10
190.800000
 20
-228.400000
  0
VERTEX
  8
84
 10
180.000000
 20
-233.900000
  0
VERTEX
  8
84
 10
174.600000
 20
-237.700000
  0
VERTEX
  8
84
 10
168.300000
 20
-244.600000
  0
VERTEX
  8
84
 10
162.000000
 20
-251.200000
  0
VERTEX
  8
84
 10
156.700000
 20
-260.300000
  0
VERTEX
  8
84
 10
153.000000
 20
-268.700000
  0
VERTEX
  8
84
 10
151.300000
 20
-275.900000
  0
VERTEX
  8
84
 10
149.700000
 20
-280.300000
  0
VERTEX
  8
84
 10
124.400000
 20
-273.800000
  0
VERTEX
  8
84
 10
101.000000
 20
-268.400000
  0
VERTEX
  8
84
 10
62.400000
 20
-260.900000
  0
VERTEX
  8
84
 10
46.100000
 20
-258.300000
  0
VERTEX
  8
84
 10
31.200000
 20
-256.600000
  0
VERTEX
  8
84
 10
17.600000
 20
-256.100000
  0
VERTEX
  8
84
 10
3.600000
 20
-256.400000
  0
VERTEX
  8
84
 10
-14.100000
 20
-257.200000
  0
VERTEX
  8
84
 10
-38.600000
 20
-259.000000
  0
VERTEX
  8
84
 10
-70.700000
 20
-262.400000
  0
VERTEX
  8
84
 10
-110.000000
 20
-266.500000
  0
VERTEX
  8
84
 10
-156.000000
 20
-269.900000
  0
VERTEX
  8
84
 10
-208.900000
 20
-272.000000
  0
VERTEX
  8
84
 10
-266.800000
 20
-272.700000
  0
VERTEX
  8
84
 10
-268.500000
 20
-227.900000
  0
VERTEX
  8
84
 10
-269.600000
 20
-186.900000
  0
VERTEX
  8
84
 10
-270.000000
 20
-149.400000
  0
VERTEX
  8
84
 10
-270.100000
 20
-110.600000
  0
VERTEX
  8
84
 10
-270.500000
 20
-63.200000
  0
VERTEX
  8
84
 10
-270.600000
 20
-27.300000
  0
VERTEX
  8
84
 10
-270.600000
 20
0.000000
  0
VERTEX
  8
84
 10
-270.600000
 20
27.300000
  0
VERTEX
  8
84
 10
-270.500000
 20
63.200000
  0
VERTEX
  8
84
 10
-270.100000
 20
110.600000
  0
VERTEX
  8
84
 10
-270.000000
 20
149.400000
  0
VERTEX
  8
84
 10
-269.600000
 20
186.900000
  0
VERTEX
  8
84
 10
-268.500000
 20
227.900000
  0
VERTEX
  8
84
 10
-266.800000
 20
272.700000
  0
VERTEX
  8
84
 10
-208.900000
 20
272.000000
  0
VERTEX
  8
84
 10
-156.000000
 20
269.900000
  0
VERTEX
  8
84
 10
-110.000000
 20
266.500000
  0
VERTEX
  8
84
 10
-70.700000
 20
262.400000
  0
VERTEX
  8
84
 10
-38.600000
 20
259.000000
  0
VERTEX
  8
84
 10
-14.100000
 20
257.200000
  0
VERTEX
  8
84
 10
3.600000
 20
256.400000
  0
VERTEX
  8
84
 10
17.600000
 20
256.100000
  0
VERTEX
  8
84
 10
31.200000
 20
256.600000
  0
VERTEX
  8
84
 10
46.100000
 20
258.300000
  0
VERTEX
  8
84
 10
62.400000
 20
260.900000
  0
VERTEX
  8
84
 10
101.000000
 20
268.400000
  0
VERTEX
  8
84
 10
124.400000
 20
273.800000
  0
VERTEX
  8
84
 10
149.700000
 20
280.300000
  0
VERTEX
  8
84
 10
151.300000
 20
275.900000
  0
VERTEX
  8
84
 10
153.000000
 20
268.700000
  0
VERTEX
  8
84
 10
156.700000
 20
260.300000
  0
VERTEX
  8
84
 10
162.000000
 20
251.200000
  0
VERTEX
  8
84
 10
168.300000
 20
244.600000
  0
VERTEX
  8
84
 10
174.600000
 20
237.700000
  0
VERTEX
  8
84
 10
180.000000
 20
233.900000
  0
VERTEX
  8
84
 10
190.800000
 20
228.400000
  0
VERTEX
  8
84
 10
198.900000
 20
224.700000
  0
VERTEX
  8
84
 10
208.200000
 20
221.500000
  0
VERTEX
  8
84
 10
218.000000
 20
218.400000
  0
VERTEX
  8
84
 10
227.300000
 20
217.100000
  0
VERTEX
  8
84
 10
238.000000
 20
215.900000
  0
VERTEX
  8
84
 10
247.200000
 20
215.500000
  0
VERTEX
  8
84
 10
257.500000
 20
215.400000
  0
VERTEX
  8
84
 10
280.800000
 20
214.900000
  0
VERTEX
  8
84
 10
295.900000
 20
215.800000
  0
VERTEX
  8
84
 10
303.900000
 20
216.300000
  0
VERTEX
  8
84
 10
312.700000
 20
217.400000
  0
VERTEX
  8
84
 10
322.600000
 20
219.000000
  0
VERTEX
  8
84
 10
334.900000
 20
221.200000
  0
VERTEX
  8
84
 10
350.400000
 20
224.800000
  0
VERTEX
  8
84
 10
369.100000
 20
230.300000
  0
VERTEX
  8
84
 10
390.000000
 20
237.300000
  0
VERTEX
  8
84
 10
392.000000
 20
230.700000
  0
VERTEX
  8
84
 10
395.500000
 20
221.100000
  0
VERTEX
  8
84
 10
400.600000
 20
207.800000
  0
VERTEX
  8
84
 10
406.100000
 20
188.700000
  0
VERTEX
  8
84
 10
414.800000
 20
161.300000
  0
VERTEX
  8
84
 10
437.800000
 20
92.300000
  0
VERTEX
  8
84
 10
433.100000
 20
86.700000
  0
VERTEX
  8
84
 10
427.700000
 20
80.800000
  0
VERTEX
  8
84
 10
421.800000
 20
73.800000
  0
VERTEX
  8
84
 10
416.300000
 20
65.700000
  0
VERTEX
  8
84
 10
412.300000
 20
57.400000
  0
VERTEX
  8
84
 10
409.900000
 20
49.000000
  0
VERTEX
  8
84
 10
408.100000
 20
39.300000
  0
VERTEX
  8
84
 10
406.600000
 20
27.900000
  0
VERTEX
  8
84
 10
405.200000
 20
14.500000
  0
VERTEX
  8
84
 10
405.200000
 20
0.000000
  0
VERTEX
  8
84
 10
405.200000
 20
-14.500000
  0
VERTEX
  8
84
 10
406.600000
 20
-27.900000
  0
VERTEX
  8
84
 10
408.100000
 20
-39.300000
  0
VERTEX
  8
84
 10
409.900000
 20
-49.000000
  0
VERTEX
  8
84
 10
412.300000
 20
-57.400000
  0
VERTEX
  8
84
 10
416.300000
 20
-65.700000
  0
VERTEX
  8
84
 10
421.800000
 20
-73.800000
  0
VERTEX
  8
84
 10
427.700000
 20
-80.800000
  0
VERTEX
  8
84
 10
433.100000
 20
-86.700000
  0
VERTEX
  8
84
 10
437.800000
 20
-92.300000
  0
VERTEX
  8
84
 10
414.800000
 20
-161.300000
  0
VERTEX
  8
84
 10
406.100000
 20
-188.700000
  0
VERTEX
  8
84
 10
400.600000
 20
-207.800000
  0
VERTEX
  8
84
 10
395.500000
 20
-221.100000
  0
VERTEX
  8
84
 10
392.000000
 20
-230.700000
  0
VERTEX
  8
84
 10
390.000000
 20
-237.300000
  0
VERTEX
  8
84
 10
369.100000
 20
-230.300000
  0
VERTEX
  8
84
 10
350.400000
 20
-224.800000
  0
VERTEX
  8
84
 10
334.900000
 20
-221.200000
  0
VERTEX
  8
84
 10
322.600000
 20
-219.000000
  0
VERTEX
  8
84
 10
312.700000
 20
-217.400000
  0
VERTEX
  8
84
 10
303.900000
 20
-216.300000
  0
VERTEX
  8
84
 10
295.900000
 20
-215.800000
  0
VERTEX
  8
84
 10
280.800000
 20
-214.900000
  0
VERTEX
  8
84
 10
257.500000
 20
-215.400000
  0
VERTEX
  8
84
 10
247.200000
 20
-215.500000
  0
VERTEX
  8
84
 10
238.000000
 20
-215.900000
  0
VERTEX
  8
84
 10
227.300000
 20
-217.100000
  0
VERTEX
  8
84
 10
218.000000
 20
-218.400000
  0
VERTEX
  8
84
 10
208.200000
 20
-221.500000
  0
SEQEND
  0
POLYLINE
  8
1
 66
     1
 70
     1
  0
VERTEX
  8
1
 10
208.200000
 20
-221.500000
  0
VERTEX
  8
1
 10
198.900000
 20
-224.700000
  0
VERTEX
  8
1
 10
190.800000
 20
-228.400000
  0
VERTEX
  8
1
 10
180.000000
 20
-233.900000
  0
VERTEX
  8
1
 10
174.600000
 20
-237.700000
  0
VERTEX
  8
1
 10
168.300000
 20
-244.600000
  0
VERTEX
  8
1
 10
162.000000
 20
-251.200000
  0
VERTEX
  8
1
 10
156.700000
 20
-260.300000
  0
VERTEX
  8
1
 10
153.000000
 20
-268.700000
  0
VERTEX
  8
1
 10
151.300000
 20
-275.900000
  0
VERTEX
  8
1
 10
149.700000
 20
-280.300000
  0
VERTEX
  8
1
 10
124.400000
 20
-273.800000
  0
VERTEX
  8
1
 10
101.000000
 20
-268.400000
  0
VERTEX
  8
1
 10
62.400000
 20
-260.900000
  0
VERTEX
  8
1
 10
46.100000
 20
-258.300000
  0
VERTEX
  8
1
 10
31.200000
 20
-256.600000
  0
VERTEX
  8
1
 10
17.600000
 20
-256.100000
  0
VERTEX
  8
1
 10
3.600000
 20
-256.400000
  0
VERTEX
  8
1
 10
-14.100000
 20
-257.200000
  0
VERTEX
  8
1
 10
-38.600000
 20
-259.000000
  0
VERTEX
  8
1
 10
-70.700000
 20
-262.400000
  0
VERTEX
  8
1
 10
-110.000000
 20
-266.500000
  0
VERTEX
  8
1
 10
-156.000000
 20
-269.900000
  0
VERTEX
  8
1
 10
-208.900000
 20
-272.000000
  0
VERTEX
  8
1
 10
-266.800000
 20
-272.700000
  0
VERTEX
  8
1
 10
-268.500000
 20
-227.900000
  0
VERTEX
  8
1
 10
-269.600000
 20
-186.900000
  0
VERTEX
  8
1
 10
-270.000000
 20
-149.400000
  0
VERTEX
  8
1
 10
-270.100000
 20
-110.600000
  0
VERTEX
  8
1
 10
-270.500000
 20
-63.200000
  0
VERTEX
  8
1
 10
-270.600000
 20
-27.300000
  0
VERTEX
  8
1
 10
-270.600000
 20
0.000000
  0
VERTEX
  8
1
 10
-270.600000
 20
27.300000
  0
VERTEX
  8
1
 10
-270.500000
 20
63.200000
  0
VERTEX
  8
1
 10
-270.100000
 20
110.600000
  0
VERTEX
  8
1
 10
-270.000000
 20
149.400000
  0
VERTEX
  8
1
 10
-269.600000
 20
186.900000
  0
VERTEX
  8
1
 10
-268.500000
 20
227.900000
  0
VERTEX
  8
1
 10
-266.800000
 20
272.700000
  0
VERTEX
  8
1
 10
-208.900000
 20
272.000000
  0
VERTEX
  8
1
 10
-156.000000
 20
269.900000
  0
VERTEX
  8
1
 10
-110.000000
 20
266.500000
  0
VERTEX
  8
1
 10
-70.700000
 20
262.400000
  0
VERTEX
  8
1
 10
-38.600000
 20
259.000000
  0
VERTEX
  8
1
 10
-14.100000
 20
257.200000
  0
VERTEX
  8
1
 10
3.600000
 20
256.400000
  0
VERTEX
  8
1
 10
17.600000
 20
256.100000
  0
VERTEX
  8
1
 10
31.200000
 20
256.600000
  0
VERTEX
  8
1
 10
46.100000
 20
258.300000
  0
VERTEX
  8
1
 10
62.400000
 20
260.900000
  0
VERTEX
  8
1
 10
101.000000
 20
268.400000
  0
VERTEX
  8
1
 10
124.400000
 20
273.800000
  0
VERTEX
  8
1
 10
149.700000
 20
280.300000
  0
VERTEX
  8
1
 10
151.300000
 20
275.900000
  0
VERTEX
  8
1
 10
153.000000
 20
268.700000
  0
VERTEX
  8
1
 10
156.700000
 20
260.300000
  0
VERTEX
  8
1
 10
162.000000
 20
251.200000
  0
VERTEX
  8
1
 10
168.300000
 20
244.600000
  0
VERTEX
  8
1
 10
174.600000
 20
237.700000
  0
VERTEX
  8
1
 10
180.000000
 20
233.900000
  0
VERTEX
  8
1
 10
190.800000
 20
228.400000
  0
VERTEX
  8
1
 10
198.900000
 20
224.700000
  0
VERTEX
  8
1
 10
208.200000
 20
221.500000
  0
VERTEX
  8
1
 10
218.000000
 20
218.400000
  0
VERTEX
  8
1
 10
227.300000
 20
217.100000
  0
VERTEX
  8
1
 10
238.000000
 20
215.900000
  0
VERTEX
  8
1
 10
247.200000
 20
215.500000
  0
VERTEX
  8
1
 10
257.500000
 20
215.400000
  0
VERTEX
  8
1
 10
280.800000
 20
214.900000
  0
VERTEX
  8
1
 10
295.900000
 20
215.800000
  0
VERTEX
  8
1
 10
303.900000
 20
216.300000
  0
VERTEX
  8
1
 10
312.700000
 20
217.400000
  0
VERTEX
  8
1
 10
322.600000
 20
219.000000
  0
VERTEX
  8
1
 10
334.900000
 20
221.200000
  0
VERTEX
  8
1
 10
350.400000
 20
224.800000
  0
VERTEX
  8
1
 10
369.100000
 20
230.300000
  0
VERTEX
  8
1
 10
390.000000
 20
237.300000
  0
VERTEX
  8
1
 10
392.000000
 20
230.700000
  0
VERTEX
  8
1
 10
395.500000
 20
221.100000
  0
VERTEX
  8
1
 10
400.600000
 20
207.800000
  0
VERTEX
  8
1
 10
406.100000
 20
188.700000
  0
VERTEX
  8
1
 10
414.800000
 20
161.300000
  0
VERTEX
  8
1
 10
437.800000
 20
92.300000
  0
VERTEX
  8
1
 10
433.100000
 20
86.700000
  0
VERTEX
  8
1
 10
427.700000
 20
80.800000
  0
VERTEX
  8
1
 10
421.800000
 20
73.800000
  0
VERTEX
  8
1
 10
416.300000
 20
65.700000
  0
VERTEX
  8
1
 10
412.300000
 20
57.400000
  0
VERTEX
  8
1
 10
409.900000
 20
49.000000
  0
VERTEX
  8
1
 10
408.100000
 20
39.300000
  0
VERTEX
  8
1
 10
406.600000
 20
27.900000
  0
VERTEX
  8
1
 10
405.200000
 20
14.500000
  0
VERTEX
  8
1
 10
405.200000
 20
0.000000
  0
VERTEX
  8
1
 10
405.200000
 20
-14.500000
  0
VERTEX
  8
1
 10
406.600000
 20
-27.900000
  0
VERTEX
  8
1
 10
408.100000
 20
-39.300000
  0
VERTEX
  8
1
 10
409.900000
 20
-49.000000
  0
VERTEX
  8
1
 10
412.300000
 20
-57.400000
  0
VERTEX
  8
1
 10
416.300000
 20
-65.700000
  0
VERTEX
  8
1
 10
421.800000
 20
-73.800000
  0
VERTEX
  8
1
 10
427.700000
 20
-80.800000
  0
VERTEX
  8
1
 10
433.100000
 20
-86.700000
  0
VERTEX
  8
1
 10
437.800000
 20
-92.300000
  0
VERTEX
  8
1
 10
414.800000
 20
-161.300000
  0
VERTEX
  8
1
 10
406.100000
 20
-188.700000
  0
VERTEX
  8
1
 10
400.600000
 20
-207.800000
  0
VERTEX
  8
1
 10
395.500000
 20
-221.100000
  0
VERTEX
  8
1
 10
392.000000
 20
-230.700000
  0
VERTEX
  8
1
 10
390.000000
 20
-237.300000
  0
VERTEX
  8
1
 10
369.100000
 20
-230.300000
  0
VERTEX
  8
1
 10
350.400000
 20
-224.800000
  0
VERTEX
  8
1
 10
334.900000
 20
-221.200000
  0
VERTEX
  8
1
 10
322.600000
 20
-219.000000
  0
VERTEX
  8
1
 10
312.700000
 20
-217.400000
  0
VERTEX
  8
1
 10
303.900000
 20
-216.300000
  0
VERTEX
  8
1
 10
295.900000
 20
-215.800000
  0
VERTEX
  8
1
 10
280.800000
 20
-214.900000
  0
VERTEX
  8
1
 10
257.500000
 20
-215.400000
  0
VERTEX
  8
1
 10
247.200000
 20
-215.500000
  0
VERTEX
  8
1
 10
238.000000
 20
-215.900000
  0
VERTEX
  8
1
 10
227.300000
 20
-217.100000
  0
VERTEX
  8
1
 10
218.000000
 20
-218.400000
  0
VERTEX
  8
1
 10
208.200000
 20
-221.500000
  0
SEQEND
  0
POLYLINE
  8
85
 66
     1
  0
VERTEX
  8
85
 10
-18.800000
 20
-9.800000
  0
VERTEX
  8
85
 10
-18.800000
 20
-246.700000
  0
SEQEND
  0
POLYLINE
  8
8
 66
     1
  0
VERTEX
  8
8
 10
-18.800000
 20
-9.800000
  0
VERTEX
  8
8
 10
-18.800000
 20
-246.700000
  0
SEQEND
  0
POLYLINE
  8
85
 66
     1
  0
VERTEX
  8
85
 10
-44.100000
 20
-6.700000
  0
VERTEX
  8
85
 10
-44.100000
 20
-251.400000
  0
SEQEND
  0
POLYLINE
  8
8
 66
     1
  0
VERTEX
  8
8
 10
-44.100000
 20
-6.700000
  0
VERTEX
  8
8
 10
-44.100000
 20
-251.400000
  0
SEQEND
  0
POLYLINE
  8
85
 66
     1
  0
VERTEX
  8
85
 10
-18.800000
 20
9.800000
  0
VERTEX
  8
85
 10
-18.800000
 20
246.700000
  0
SEQEND
  0
POLYLINE
  8
8
 66
     1
  0
VERTEX
  8
8
 10
-18.800000
 20
9.800000
  0
VERTEX
  8
8
 10
-18.800000
 20
246.700000
  0
SEQEND
  0
POLYLINE
  8
85
 66
     1
  0
VERTEX
  8
85
 10
-44.100000
 20
6.700000
  0
VERTEX
  8
85
 10
-44.100000
 20
251.400000
  0
SEQEND
  0
POLYLINE
  8
8
 66
     1
  0
VERTEX
  8
8
 10
-44.100000
 20
6.700000
  0
VERTEX
  8
8
 10
-44.100000
 20
251.400000
  0
SEQEND
  0
POLYLINE
  8
87
 66
     1
  0
VERTEX
  8
87
 10
205.100000
 20
-212.000000
  0
VERTEX
  8
87
 10
195.200000
 20
-215.500000
  0
VERTEX
  8
87
 10
186.500000
 20
-219.400000
  0
VERTEX
  8
87
 10
174.900000
 20
-225.400000
  0
VERTEX
  8
87
 10
168.100000
 20
-230.300000
  0
VERTEX
  8
87
 10
161.000000
 20
-237.800000
  0
VERTEX
  8
87
 10
154.100000
 20
-245.200000
  0
VERTEX
  8
87
 10
147.800000
 20
-255.800000
  0
VERTEX
  8
87
 10
143.600000
 20
-265.600000
  0
VERTEX
  8
87
 10
143.000000
 20
-268.300000
  0
VERTEX
  8
87
 10
126.700000
 20
-264.100000
  0
VERTEX
  8
87
 10
103.000000
 20
-258.600000
  0
VERTEX
  8
87
 10
64.100000
 20
-251.100000
  0
VERTEX
  8
87
 10
47.400000
 20
-248.400000
  0
VERTEX
  8
87
 10
31.900000
 20
-246.700000
  0
VERTEX
  8
87
 10
17.700000
 20
-246.200000
  0
VERTEX
  8
87
 10
3.300000
 20
-246.500000
  0
VERTEX
  8
87
 10
-14.600000
 20
-247.300000
  0
VERTEX
  8
87
 10
-39.400000
 20
-249.100000
  0
VERTEX
  8
87
 10
-71.700000
 20
-252.500000
  0
VERTEX
  8
87
 10
-110.800000
 20
-256.600000
  0
VERTEX
  8
87
 10
-156.500000
 20
-260.000000
  0
VERTEX
  8
87
 10
-209.100000
 20
-262.100000
  0
VERTEX
  8
87
 10
-257.200000
 20
-262.600000
  0
VERTEX
  8
87
 10
-258.600000
 20
-227.600000
  0
VERTEX
  8
87
 10
-259.700000
 20
-186.700000
  0
VERTEX
  8
87
 10
-260.100000
 20
-149.300000
  0
VERTEX
  8
87
 10
-260.200000
 20
-110.600000
  0
VERTEX
  8
87
 10
-260.600000
 20
-63.200000
  0
VERTEX
  8
87
 10
-260.600000
 20
-27.300000
  0
VERTEX
  8
87
 10
-260.600000
 20
0.000000
  0
VERTEX
  8
87
 10
-260.600000
 20
27.300000
  0
VERTEX
  8
87
 10
-260.600000
 20
63.200000
  0
VERTEX
  8
87
 10
-260.200000
 20
110.600000
  0
VERTEX
  8
87
 10
-260.100000
 20
149.300000
  0
VERTEX
  8
87
 10
-259.700000
 20
186.700000
  0
VERTEX
  8
87
 10
-258.600000
 20
227.600000
  0
VERTEX
  8
87
 10
-257.300000
 20
262.600000
  0
VERTEX
  8
87
 10
-209.100000
 20
262.100000
  0
VERTEX
  8
87
 10
-156.500000
 20
260.000000
  0
VERTEX
  8
87
 10
-110.800000
 20
256.600000
  0
VERTEX
  8
87
 10
-71.700000
 20
252.500000
  0
VERTEX
  8
87
 10
-39.400000
 20
249.100000
  0
VERTEX
  8
87
 10
-14.600000
 20
247.300000
  0
VERTEX
  8
87
 10
3.300000
 20
246.500000
  0
VERTEX
  8
87
 10
17.700000
 20
246.200000
  0
VERTEX
  8
87
 10
31.900000
 20
246.700000
  0
VERTEX
  8
87
 10
47.400000
 20
248.400000
  0
VERTEX
  8
87
 10
64.100000
 20
251.100000
  0
VERTEX
  8
87
 10
103.000000
 20
258.600000
  0
VERTEX
  8
87
 10
126.700000
 20
264.100000
  0
VERTEX
  8
87
 10
142.900000
 20
268.300000
  0
VERTEX
  8
87
 10
143.600000
 20
265.600000
  0
VERTEX
  8
87
 10
147.800000
 20
255.800000
  0
VERTEX
  8
87
 10
154.100000
 20
245.200000
  0
VERTEX
  8
87
 10
161.000000
 20
237.800000
  0
VERTEX
  8
87
 10
168.100000
 20
230.300000
  0
VERTEX
  8
87
 10
174.900000
 20
225.400000
  0
VERTEX
  8
87
 10
186.500000
 20
219.400000
  0
VERTEX
  8
87
 10
195.200000
 20
215.500000
  0
VERTEX
  8
87
 10
205.100000
 20
212.000000
  0
VERTEX
  8
87
 10
215.800000
 20
208.700000
  0
VERTEX
  8
87
 10
226.100000
 20
207.200000
  0
VERTEX
  8
87
 10
237.200000
 20
206.000000
  0
VERTEX
  8
87
 10
247.000000
 20
205.600000
  0
VERTEX
  8
87
 10
257.400000
 20
205.500000
  0
VERTEX
  8
87
 10
280.900000
 20
205.000000
  0
VERTEX
  8
87
 10
296.400000
 20
205.900000
  0
VERTEX
  8
87
 10
304.800000
 20
206.400000
  0
VERTEX
  8
87
 10
314.000000
 20
207.500000
  0
VERTEX
  8
87
 10
324.200000
 20
209.200000
  0
VERTEX
  8
87
 10
336.800000
 20
211.400000
  0
VERTEX
  8
87
 10
352.900000
 20
215.200000
  0
VERTEX
  8
87
 10
372.000000
 20
220.800000
  0
VERTEX
  8
87
 10
383.600000
 20
224.700000
  0
VERTEX
  8
87
 10
386.200000
 20
217.600000
  0
VERTEX
  8
87
 10
391.000000
 20
205.000000
  0
VERTEX
  8
87
 10
396.500000
 20
185.800000
  0
VERTEX
  8
87
 10
405.300000
 20
158.200000
  0
VERTEX
  8
87
 10
426.600000
 20
94.500000
  0
VERTEX
  8
87
 10
425.600000
 20
93.200000
  0
VERTEX
  8
87
 10
420.200000
 20
87.300000
  0
VERTEX
  8
87
 10
413.900000
 20
79.800000
  0
VERTEX
  8
87
 10
407.700000
 20
70.600000
  0
VERTEX
  8
87
 10
403.000000
 20
60.900000
  0
VERTEX
  8
87
 10
400.200000
 20
51.200000
  0
VERTEX
  8
87
 10
398.200000
 20
40.800000
  0
VERTEX
  8
87
 10
396.700000
 20
29.000000
  0
VERTEX
  8
87
 10
395.200000
 20
15.000000
  0
VERTEX
  8
87
 10
395.200000
 20
0.000000
  0
VERTEX
  8
87
 10
395.200000
 20
-15.000000
  0
VERTEX
  8
87
 10
396.700000
 20
-29.000000
  0
VERTEX
  8
87
 10
398.200000
 20
-40.800000
  0
VERTEX
  8
87
 10
400.200000
 20
-51.200000
  0
VERTEX
  8
87
 10
403.000000
 20
-60.900000
  0
VERTEX
  8
87
 10
407.700000
 20
-70.600000
  0
VERTEX
  8
87
 10
413.900000
 20
-79.800000
  0
VERTEX
  8
87
 10
420.200000
 20
-87.300000
  0
VERTEX
  8
87
 10
425.600000
 20
-93.200000
  0
VERTEX
  8
87
 10
426.600000
 20
-94.400000
  0
VERTEX
  8
87
 10
405.300000
 20
-158.200000
  0
VERTEX
  8
87
 10
396.500000
 20
-185.800000
  0
VERTEX
  8
87
 10
391.000000
 20
-205.000000
  0
VERTEX
  8
87
 10
386.200000
 20
-217.600000
  0
VERTEX
  8
87
 10
383.700000
 20
-224.700000
  0
VERTEX
  8
87
 10
372.000000
 20
-220.800000
  0
VERTEX
  8
87
 10
352.900000
 20
-215.200000
  0
VERTEX
  8
87
 10
336.800000
 20
-211.400000
  0
VERTEX
  8
87
 10
324.200000
 20
-209.200000
  0
VERTEX
  8
87
 10
314.000000
 20
-207.500000
  0
VERTEX
  8
87
 10
304.800000
 20
-206.400000
  0
VERTEX
  8
87
 10
296.400000
 20
-205.900000
  0
VERTEX
  8
87
 10
280.900000
 20
-205.000000
  0
VERTEX
  8
87
 10
257.400000
 20
-205.500000
  0
VERTEX
  8
87
 10
247.000000
 20
-205.600000
  0
VERTEX
  8
87
 10
237.200000
 20
-206.000000
  0
VERTEX
  8
87
 10
226.100000
 20
-207.200000
  0
VERTEX
  8
87
 10
215.800000
 20
-208.700000
  0
VERTEX
  8
87
 10
205.100000
 20
-212.000000
  0
SEQEND
  0
POLYLINE
  8
14
 66
     1
  0
VERTEX
  8
14
 10
205.100000
 20
-212.000000
  0
VERTEX
  8
14
 10
195.200000
 20
-215.500000
  0
VERTEX
  8
14
 10
186.500000
 20
-219.400000
  0
VERTEX
  8
14
 10
174.900000
 20
-225.400000
  0
VERTEX
  8
14
 10
168.100000
 20
-230.300000
  0
VERTEX
  8
14
 10
161.000000
 20
-237.800000
  0
VERTEX
  8
14
 10
154.100000
 20
-245.200000
  0
VERTEX
  8
14
 10
147.800000
 20
-255.800000
  0
VERTEX
  8
14
 10
143.600000
 20
-265.600000
  0
VERTEX
  8
14
 10
143.000000
 20
-268.300000
  0
VERTEX
  8
14
 10
126.700000
 20
-264.100000
  0
VERTEX
  8
14
 10
103.000000
 20
-258.600000
  0
VERTEX
  8
14
 10
64.100000
 20
-251.100000
  0
VERTEX
  8
14
 10
47.400000
 20
-248.400000
  0
VERTEX
  8
14
 10
31.900000
 20
-246.700000
  0
VERTEX
  8
14
 10
17.700000
 20
-246.200000
  0
VERTEX
  8
14
 10
3.300000
 20
-246.500000
  0
VERTEX
  8
14
 10
-14.600000
 20
-247.300000
  0
VERTEX
  8
14
 10
-39.400000
 20
-249.100000
  0
VERTEX
  8
14
 10
-71.700000
 20
-252.500000
  0
VERTEX
  8
14
 10
-110.800000
 20
-256.600000
  0
VERTEX
  8
14
 10
-156.500000
 20
-260.000000
  0
VERTEX
  8
14
 10
-209.100000
 20
-262.100000
  0
VERTEX
  8
14
 10
-257.200000
 20
-262.600000
  0
VERTEX
  8
14
 10
-258.600000
 20
-227.600000
  0
VERTEX
  8
14
 10
-259.700000
 20
-186.700000
  0
VERTEX
  8
14
 10
-260.100000
 20
-149.300000
  0
VERTEX
  8
14
 10
-260.200000
 20
-110.600000
  0
VERTEX
  8
14
 10
-260.600000
 20
-63.200000
  0
VERTEX
  8
14
 10
-260.600000
 20
-27.300000
  0
VERTEX
  8
14
 10
-260.600000
 20
0.000000
  0
VERTEX
  8
14
 10
-260.600000
 20
27.300000
  0
VERTEX
  8
14
 10
-260.600000
 20
63.200000
  0
VERTEX
  8
14
 10
-260.200000
 20
110.600000
  0
VERTEX
  8
14
 10
-260.100000
 20
149.300000
  0
VERTEX
  8
14
 10
-259.700000
 20
186.700000
  0
VERTEX
  8
14
 10
-258.600000
 20
227.600000
  0
VERTEX
  8
14
 10
-257.300000
 20
262.600000
  0
VERTEX
  8
14
 10
-209.100000
 20
262.100000
  0
VERTEX
  8
14
 10
-156.500000
 20
260.000000
  0
VERTEX
  8
14
 10
-110.800000
 20
256.600000
  0
VERTEX
  8
14
 10
-71.700000
 20
252.500000
  0
VERTEX
  8
14
 10
-39.400000
 20
249.100000
  0
VERTEX
  8
14
 10
-14.600000
 20
247.300000
  0
VERTEX
  8
14
 10
3.300000
 20
246.500000
  0
VERTEX
  8
14
 10
17.700000
 20
246.200000
  0
VERTEX
  8
14
 10
31.900000
 20
246.700000
  0
VERTEX
  8
14
 10
47.400000
 20
248.400000
  0
VERTEX
  8
14
 10
64.100000
 20
251.100000
  0
VERTEX
  8
14
 10
103.000000
 20
258.600000
  0
VERTEX
  8
14
 10
126.700000
 20
264.100000
  0
VERTEX
  8
14
 10
142.900000
 20
268.300000
  0
VERTEX
  8
14
 10
143.600000
 20
265.600000
  0
VERTEX
  8
14
 10
147.800000
 20
255.800000
  0
VERTEX
  8
14
 10
154.100000
 20
245.200000
  0
VERTEX
  8
14
 10
161.000000
 20
237.800000
  0
VERTEX
  8
14
 10
168.100000
 20
230.300000
  0
VERTEX
  8
14
 10
174.900000
 20
225.400000
  0
VERTEX
  8
14
 10
186.500000
 20
219.400000
  0
VERTEX
  8
14
 10
195.200000
 20
215.500000
  0
VERTEX
  8
14
 10
205.100000
 20
212.000000
  0
VERTEX
  8
14
 10
215.800000
 20
208.700000
  0
VERTEX
  8
14
 10
226.100000
 20
207.200000
  0
VERTEX
  8
14
 10
237.200000
 20
206.000000
  0
VERTEX
  8
14
 10
247.000000
 20
205.600000
  0
VERTEX
  8
14
 10
257.400000
 20
205.500000
  0
VERTEX
  8
14
 10
280.900000
 20
205.000000
  0
VERTEX
  8
14
 10
296.400000
 20
205.900000
  0
VERTEX
  8
14
 10
304.800000
 20
206.400000
  0
VERTEX
  8
14
 10
314.000000
 20
207.500000
  0
VERTEX
  8
14
 10
324.200000
 20
209.200000
  0
VERTEX
  8
14
 10
336.800000
 20
211.400000
  0
VERTEX
  8
14
 10
352.900000
 20
215.200000
  0
VERTEX
  8
14
 10
372.000000
 20
220.800000
  0
VERTEX
  8
14
 10
383.600000
 20
224.700000
  0
VERTEX
  8
14
 10
386.200000
 20
217.600000
  0
VERTEX
  8
14
 10
391.000000
 20
205.000000
  0
VERTEX
  8
14
 10
396.500000
 20
185.800000
  0
VERTEX
  8
14
 10
405.300000
 20
158.200000
  0
VERTEX
  8
14
 10
426.600000
 20
94.500000
  0
VERTEX
  8
14
 10
425.600000
 20
93.200000
  0
VERTEX
  8
14
 10
420.200000
 20
87.300000
  0
VERTEX
  8
14
 10
413.900000
 20
79.800000
  0
VERTEX
  8
14
 10
407.700000
 20
70.600000
  0
VERTEX
  8
14
 10
403.000000
 20
60.900000
  0
VERTEX
  8
14
 10
400.200000
 20
51.200000
  0
VERTEX
  8
14
 10
398.200000
 20
40.800000
  0
VERTEX
  8
14
 10
396.700000
 20
29.000000
  0
VERTEX
  8
14
 10
395.200000
 20
15.000000
  0
VERTEX
  8
14
 10
395.200000
 20
0.000000
  0
VERTEX
  8
14
 10
395.200000
 20
-15.000000
  0
VERTEX
  8
14
 10
396.700000
 20
-29.000000
  0
VERTEX
  8
14
 10
398.200000
 20
-40.800000
  0
VERTEX
  8
14
 10
400.200000
 20
-51.200000
  0
VERTEX
  8
14
 10
403.000000
 20
-60.900000
  0
VERTEX
  8
14
 10
407.700000
 20
-70.600000
  0
VERTEX
  8
14
 10
413.900000
 20
-79.800000
  0
VERTEX
  8
14
 10
420.200000
 20
-87.300000
  0
VERTEX
  8
14
 10
425.600000
 20
-93.200000
  0
VERTEX
  8
14
 10
426.600000
 20
-94.400000
  0
VERTEX
  8
14
 10
405.300000
 20
-158.200000
  0
VERTEX
  8
14
 10
396.500000
 20
-185.800000
  0
VERTEX
  8
14
 10
391.000000
 20
-205.000000
  0
VERTEX
  8
14
 10
386.200000
 20
-217.600000
  0
VERTEX
  8
14
 10
383.700000
 20
-224.700000
  0
VERTEX
  8
14
 10
372.000000
 20
-220.800000
  0
VERTEX
  8
14
 10
352.900000
 20
-215.200000
  0
VERTEX
  8
14
 10
336.800000
 20
-211.400000
  0
VERTEX
  8
14
 10
324.200000
 20
-209.200000
  0
VERTEX
  8
14
 10
314.000000
 20
-207.500000
  0
VERTEX
  8
14
 10
304.800000
 20
-206.400000
  0
VERTEX
  8
14
 10
296.400000
 20
-205.900000
  0
VERTEX
  8
14
 10
280.900000
 20
-205.000000
  0
VERTEX
  8
14
 10
257.400000
 20
-205.500000
  0
VERTEX
  8
14
 10
247.000000
 20
-205.600000
  0
VERTEX
  8
14
 10
237.200000
 20
-206.000000
  0
VERTEX
  8
14
 10
226.100000
 20
-207.200000
  0
VERTEX
  8
14
 10
215.800000
 20
-208.700000
  0
VERTEX
  8
14
 10
205.100000
 20
-212.000000
  0
SEQEND
  0
POINT
  8
2
 10
208.200000
 20
-221.500000
  0
POINT
  8
3
 10
198.900000
 20
-224.700000
  0
POINT
  8
3
 10
190.800000
 20
-228.400000
  0
POINT
  8
3
 10
180.000000
 20
-233.900000
  0
POINT
  8
3
 10
174.600000
 20
-237.700000
  0
POINT
  8
3
 10
168.300000
 20
-244.600000
  0
POINT
  8
3
 10
162.000000
 20
-251.200000
  0
POINT
  8
3
 10
156.700000
 20
-260.300000
  0
POINT
  8
3
 10
153.000000
 20
-268.700000
  0
POINT
  8
3
 10
151.300000
 20
-275.900000
  0
POINT
  8
2
 10
149.700000
 20
-280.300000
  0
POINT
  8
3
 10
124.400000
 20
-273.800000
  0
POINT
  8
3
 10
101.000000
 20
-268.400000
  0
POINT
  8
3
 10
62.400000
 20
-260.900000
  0
POINT
  8
3
 10
46.100000
 20
-258.300000
  0
POINT
  8
3
 10
31.200000
 20
-256.600000
  0
POINT
  8
3
 10
17.600000
 20
-256.100000
  0
POINT
  8
3
 10
3.600000
 20
-256.400000
  0
POINT
  8
3
 10
-14.100000
 20
-257.200000
  0
POINT
  8
3
 10
-38.600000
 20
-259.000000
  0
POINT
  8
3
 10
-70.700000
 20
-262.400000
  0
POINT
  8
3
 10
-110.000000
 20
-266.500000
  0
POINT
  8
3
 10
-156.000000
 20
-269.900000
  0
POINT
  8
3
 10
-208.900000
 20
-272.000000
  0
POINT
  8
2
 10
-266.800000
 20
-272.700000
  0
POINT
  8
3
 10
-268.500000
 20
-227.900000
  0
POINT
  8
3
 10
-269.600000
 20
-186.900000
  0
POINT
  8
3
 10
-270.000000
 20
-149.400000
  0
POINT
  8
3
 10
-270.100000
 20
-110.600000
  0
POINT
  8
3
 10
-270.500000
 20
-63.200000
  0
POINT
  8
3
 10
-270.600000
 20
-27.300000
  0
POINT
  8
2
 10
-270.600000
 20
0.000000
  0
POINT
  8
3
 10
-270.600000
 20
27.300000
  0
POINT
  8
3
 10
-270.500000
 20
63.200000
  0
POINT
  8
3
 10
-270.100000
 20
110.600000
  0
POINT
  8
3
 10
-270.000000
 20
149.400000
  0
POINT
  8
3
 10
-269.600000
 20
186.900000
  0
POINT
  8
3
 10
-268.500000
 20
227.900000
  0
POINT
  8
2
 10
-266.800000
 20
272.700000
  0
POINT
  8
3
 10
-208.900000
 20
272.000000
  0
POINT
  8
3
 10
-156.000000
 20
269.900000
  0
POINT
  8
3
 10
-110.000000
 20
266.500000
  0
POINT
  8
3
 10
-70.700000
 20
262.400000
  0
POINT
  8
3
 10
-38.600000
 20
259.000000
  0
POINT
  8
3
 10
-14.100000
 20
257.200000
  0
POINT
  8
3
 10
3.600000
 20
256.400000
  0
POINT
  8
3
 10
17.600000
 20
256.100000
  0
POINT
  8
3
 10
31.200000
 20
256.600000
  0
POINT
  8
3
 10
46.100000
 20
258.300000
  0
POINT
  8
3
 10
62.400000
 20
260.900000
  0
POINT
  8
3
 10
101.000000
 20
268.400000
  0
POINT
  8
3
 10
124.400000
 20
273.800000
  0
POINT
  8
2
 10
149.700000
 20
280.300000
  0
POINT
  8
3
 10
151.300000
 20
275.900000
  0
POINT
  8
3
 10
153.000000
 20
268.700000
  0
POINT
  8
3
 10
156.700000
 20
260.300000
  0
POINT
  8
3
 10
162.000000
 20
251.200000
  0
POINT
  8
3
 10
168.300000
 20
244.600000
  0
POINT
  8
3
 10
174.600000
 20
237.700000
  0
POINT
  8
3
 10
180.000000
 20
233.900000
  0
POINT
  8
3
 10
190.800000
 20
228.400000
  0
POINT
  8
3
 10
198.900000
 20
224.700000
  0
POINT
  8
2
 10
208.200000
 20
221.500000
  0
POINT
  8
3
 10
218.000000
 20
218.400000
  0
POINT
  8
3
 10
227.300000
 20
217.100000
  0
POINT
  8
3
 10
238.000000
 20
215.900000
  0
POINT
  8
3
 10
247.200000
 20
215.500000
  0
POINT
  8
3
 10
257.500000
 20
215.400000
  0
POINT
  8
3
 10
280.800000
 20
214.900000
  0
POINT
  8
2
 10
295.900000
 20
215.800000
  0
POINT
  8
3
 10
303.900000
 20
216.300000
  0
POINT
  8
3
 10
312.700000
 20
217.400000
  0
POINT
  8
3
 10
322.600000
 20
219.000000
  0
POINT
  8
3
 10
334.900000
 20
221.200000
  0
POINT
  8
3
 10
350.400000
 20
224.800000
  0
POINT
  8
3
 10
369.100000
 20
230.300000
  0
POINT
  8
2
 10
390.000000
 20
237.300000
  0
POINT
  8
3
 10
392.000000
 20
230.700000
  0
POINT
  8
3
 10
395.500000
 20
221.100000
  0
POINT
  8
2
 10
400.600000
 20
207.800000
  0
POINT
  8
3
 10
406.100000
 20
188.700000
  0
POINT
  8
3
 10
414.800000
 20
161.300000
  0
POINT
  8
2
 10
437.800000
 20
92.300000
  0
POINT
  8
3
 10
433.100000
 20
86.700000
  0
POINT
  8
3
 10
427.700000
 20
80.800000
  0
POINT
  8
3
 10
421.800000
 20
73.800000
  0
POINT
  8
3
 10
416.300000
 20
65.700000
  0
POINT
  8
3
 10
412.300000
 20
57.400000
  0
POINT
  8
3
 10
409.900000
 20
49.000000
  0
POINT
  8
3
 10
408.100000
 20
39.300000
  0
POINT
  8
3
 10
406.600000
 20
27.900000
  0
POINT
  8
2
 10
405.200000
 20
14.500000
  0
POINT
  8
2
 10
405.200000
 20
0.000000
  0
POINT
  8
2
 10
405.200000
 20
-14.500000
  0
POINT
  8
3
 10
406.600000
 20
-27.900000
  0
POINT
  8
3
 10
408.100000
 20
-39.300000
  0
POINT
  8
3
 10
409.900000
 20
-49.000000
  0
POINT
  8
3
 10
412.300000
 20
-57.400000
  0
POINT
  8
3
 10
416.300000
 20
-65.700000
  0
POINT
  8
3
 10
421.800000
 20
-73.800000
  0
POINT
  8
3
 10
427.700000
 20
-80.800000
  0
POINT
  8
3
 10
433.100000
 20
-86.700000
  0
POINT
  8
2
 10
437.800000
 20
-92.300000
  0
POINT
  8
3
 10
414.800000
 20
-161.300000
  0
POINT
  8
3
 10
406.100000
 20
-188.700000
  0
POINT
  8
2
 10
400.600000
 20
-207.800000
  0
POINT
  8
3
 10
395.500000
 20
-221.100000
  0
POINT
  8
3
 10
392.000000
 20
-230.700000
  0
POINT
  8
2
 10
390.000000
 20
-237.300000
  0
POINT
  8
3
 10
369.100000
 20
-230.300000
  0
POINT
  8
3
 10
350.400000
 20
-224.800000
  0
POINT
  8
3
 10
334.900000
 20
-221.200000
  0
POINT
  8
3
 10
322.600000
 20
-219.000000
  0
POINT
  8
3
 10
312.700000
 20
-217.400000
  0
POINT
  8
3
 10
303.900000
 20
-216.300000
  0
POINT
  8
2
 10
295.900000
 20
-215.800000
  0
POINT
  8
3
 10
280.800000
 20
-214.900000
  0
POINT
  8
3
 10
257.500000
 20
-215.400000
  0
POINT
  8
3
 10
247.200000
 20
-215.500000
  0
POINT
  8
3
 10
238.000000
 20
-215.900000
  0
POINT
  8
3
 10
227.300000
 20
-217.100000
  0
POINT
  8
3
 10
218.000000
 20
-218.400000
  0
POINT
  8
2
 10
208.200000
 20
-221.500000
  0
POINT
  8
2
 10
-18.800000
 20
-9.800000
  0
POINT
  8
2
 10
-18.800000
 20
-246.700000
  0
POINT
  8
2
 10
-44.100000
 20
-6.700000
  0
POINT
  8
2
 10
-44.100000
 20
-251.400000
  0
POINT
  8
2
 10
-18.800000
 20
9.800000
  0
POINT
  8
2
 10
-18.800000
 20
246.700000
  0
POINT
  8
2
 10
-44.100000
 20
6.700000
  0
POINT
  8
2
 10
-44.100000
 20
251.400000
  0
POINT
  8
2
 10
208.200000
 20
-221.500000
 39
2.500000
 50
106.927500
  0
POINT
  8
2
 10
-270.600000
 20
0.000000
 39
2.500000
  0
POINT
  8
2
 10
208.200000
 20
221.500000
 39
2.500000
 50
250.821000
  0
POINT
  8
2
 10
295.900000
 20
215.800000
 39
2.500000
 50
272.385900
  0
POINT
  8
2
 10
400.600000
 20
207.800000
 39
2.500000
 50
196.260200
  0
POINT
  8
2
 10
405.200000
 20
0.000000
 39
2.500000
 50
180.000000
  0
POINT
  8
2
 10
400.600000
 20
-207.800000
 39
2.500000
 50
163.739800
  0
POINT
  8
2
 10
295.900000
 20
-215.800000
 39
2.500000
 50
87.614060
  0
POINT
  8
2
 10
205.100000
 20
-212.000000
  0
POINT
  8
3
 10
195.200000
 20
-215.500000
  0
POINT
  8
3
 10
186.500000
 20
-219.400000
  0
POINT
  8
3
 10
174.900000
 20
-225.400000
  0
POINT
  8
3
 10
168.100000
 20
-230.300000
  0
POINT
  8
3
 10
161.000000
 20
-237.800000
  0
POINT
  8
3
 10
154.100000
 20
-245.200000
  0
POINT
  8
3
 10
147.800000
 20
-255.800000
  0
POINT
  8
3
 10
143.600000
 20
-265.600000
  0
POINT
  8
2
 10
143.000000
 20
-268.300000
  0
POINT
  8
3
 10
126.700000
 20
-264.100000
  0
POINT
  8
3
 10
103.000000
 20
-258.600000
  0
POINT
  8
3
 10
64.100000
 20
-251.100000
  0
POINT
  8
3
 10
47.400000
 20
-248.400000
  0
POINT
  8
3
 10
31.900000
 20
-246.700000
  0
POINT
  8
3
 10
17.700000
 20
-246.200000
  0
POINT
  8
3
 10
3.300000
 20
-246.500000
  0
POINT
  8
3
 10
-14.600000
 20
-247.300000
  0
POINT
  8
3
 10
-39.400000
 20
-249.100000
  0
POINT
  8
3
 10
-71.700000
 20
-252.500000
  0
POINT
  8
3
 10
-110.800000
 20
-256.600000
  0
POINT
  8
3
 10
-156.500000
 20
-260.000000
  0
POINT
  8
3
 10
-209.100000
 20
-262.100000
  0
POINT
  8
2
 10
-257.200000
 20
-262.600000
  0
POINT
  8
3
 10
-258.600000
 20
-227.600000
  0
POINT
  8
3
 10
-259.700000
 20
-186.700000
  0
POINT
  8
3
 10
-260.100000
 20
-149.300000
  0
POINT
  8
3
 10
-260.200000
 20
-110.600000
  0
POINT
  8
3
 10
-260.600000
 20
-63.200000
  0
POINT
  8
3
 10
-260.600000
 20
-27.300000
  0
POINT
  8
2
 10
-260.600000
 20
0.000000
  0
POINT
  8
3
 10
-260.600000
 20
27.300000
  0
POINT
  8
3
 10
-260.600000
 20
63.200000
  0
POINT
  8
3
 10
-260.200000
 20
110.600000
  0
POINT
  8
3
 10
-260.100000
 20
149.300000
  0
POINT
  8
3
 10
-259.700000
 20
186.700000
  0
POINT
  8
3
 10
-258.600000
 20
227.600000
  0
POINT
  8
2
 10
-257.300000
 20
262.600000
  0
POINT
  8
3
 10
-209.100000
 20
262.100000
  0
POINT
  8
3
 10
-156.500000
 20
260.000000
  0
POINT
  8
3
 10
-110.800000
 20
256.600000
  0
POINT
  8
3
 10
-71.700000
 20
252.500000
  0
POINT
  8
3
 10
-39.400000
 20
249.100000
  0
POINT
  8
3
 10
-14.600000
 20
247.300000
  0
POINT
  8
3
 10
3.300000
 20
246.500000
  0
POINT
  8
3
 10
17.700000
 20
246.200000
  0
POINT
  8
3
 10
31.900000
 20
246.700000
  0
POINT
  8
3
 10
47.400000
 20
248.400000
  0
POINT
  8
3
 10
64.100000
 20
251.100000
  0
POINT
  8
3
 10
103.000000
 20
258.600000
  0
POINT
  8
3
 10
126.700000
 20
264.100000
  0
POINT
  8
2
 10
142.900000
 20
268.300000
  0
POINT
  8
3
 10
143.600000
 20
265.600000
  0
POINT
  8
3
 10
147.800000
 20
255.800000
  0
POINT
  8
3
 10
154.100000
 20
245.200000
  0
POINT
  8
3
 10
161.000000
 20
237.800000
  0
POINT
  8
3
 10
168.100000
 20
230.300000
  0
POINT
  8
3
 10
174.900000
 20
225.400000
  0
POINT
  8
3
 10
186.500000
 20
219.400000
  0
POINT
  8
3
 10
195.200000
 20
215.500000
  0
POINT
  8
2
 10
205.100000
 20
212.000000
  0
POINT
  8
3
 10
215.800000
 20
208.700000
  0
POINT
  8
3
 10
226.100000
 20
207.200000
  0
POINT
  8
3
 10
237.200000
 20
206.000000
  0
POINT
  8
3
 10
247.000000
 20
205.600000
  0
POINT
  8
3
 10
257.400000
 20
205.500000
  0
POINT
  8
3
 10
280.900000
 20
205.000000
  0
POINT
  8
2
 10
296.400000
 20
205.900000
  0
POINT
  8
3
 10
304.800000
 20
206.400000
  0
POINT
  8
3
 10
314.000000
 20
207.500000
  0
POINT
  8
3
 10
324.200000
 20
209.200000
  0
POINT
  8
3
 10
336.800000
 20
211.400000
  0
POINT
  8
3
 10
352.900000
 20
215.200000
  0
POINT
  8
3
 10
372.000000
 20
220.800000
  0
POINT
  8
2
 10
383.600000
 20
224.700000
  0
POINT
  8
3
 10
386.200000
 20
217.600000
  0
POINT
  8
2
 10
391.000000
 20
205.000000
  0
POINT
  8
3
 10
396.500000
 20
185.800000
  0
POINT
  8
3
 10
405.300000
 20
158.200000
  0
POINT
  8
2
 10
426.600000
 20
94.500000
  0
POINT
  8
3
 10
425.600000
 20
93.200000
  0
POINT
  8
3
 10
420.200000
 20
87.300000
  0
POINT
  8
3
 10
413.900000
 20
79.800000
  0
POINT
  8
3
 10
407.700000
 20
70.600000
  0
POINT
  8
3
 10
403.000000
 20
60.900000
  0
POINT
  8
3
 10
400.200000
 20
51.200000
  0
POINT
  8
3
 10
398.200000
 20
40.800000
  0
POINT
  8
3
 10
396.700000
 20
29.000000
  0
POINT
  8
2
 10
395.200000
 20
15.000000
  0
POINT
  8
2
 10
395.200000
 20
0.000000
  0
POINT
  8
2
 10
395.200000
 20
-15.000000
  0
POINT
  8
3
 10
396.700000
 20
-29.000000
  0
POINT
  8
3
 10
398.200000
 20
-40.800000
  0
POINT
  8
3
 10
400.200000
 20
-51.200000
  0
POINT
  8
3
 10
403.000000
 20
-60.900000
  0
POINT
  8
3
 10
407.700000
 20
-70.600000
  0
POINT
  8
3
 10
413.900000
 20
-79.800000
  0
POINT
  8
3
 10
420.200000
 20
-87.300000
  0
POINT
  8
3
 10
425.600000
 20
-93.200000
  0
POINT
  8
2
 10
426.600000
 20
-94.400000
  0
POINT
  8
3
 10
405.300000
 20
-158.200000
  0
POINT
  8
3
 10
396.500000
 20
-185.800000
  0
POINT
  8
2
 10
391.000000
 20
-205.000000
  0
POINT
  8
3
 10
386.200000
 20
-217.600000
  0
POINT
  8
2
 10
383.700000
 20
-224.700000
  0
POINT
  8
3
 10
372.000000
 20
-220.800000
  0
POINT
  8
3
 10
352.900000
 20
-215.200000
  0
POINT
  8
3
 10
336.800000
 20
-211.400000
  0
POINT
  8
3
 10
324.200000
 20
-209.200000
  0
POINT
  8
3
 10
314.000000
 20
-207.500000
  0
POINT
  8
3
 10
304.800000
 20
-206.400000
  0
POINT
  8
2
 10
296.400000
 20
-205.900000
  0
POINT
  8
3
 10
280.900000
 20
-205.000000
  0
POINT
  8
3
 10
257.400000
 20
-205.500000
  0
POINT
  8
3
 10
247.000000
 20
-205.600000
  0
POINT
  8
3
 10
237.200000
 20
-206.000000
  0
POINT
  8
3
 10
226.100000
 20
-207.200000
  0
POINT
  8
3
 10
215.800000
 20
-208.700000
  0
POINT
  8
2
 10
205.100000
 20
-212.000000
  0
POINT
  8
4
 10
208.200000
 20
-221.500000
 30
2.500000
 50
106.927500
  0
POINT
  8
4
 10
-270.600000
 20
0.000000
 30
2.500000
  0
POINT
  8
4
 10
208.200000
 20
221.500000
 30
2.500000
 50
250.821000
  0
POINT
  8
4
 10
295.900000
 20
215.800000
 30
2.500000
 50
272.385900
  0
POINT
  8
4
 10
400.600000
 20
207.800000
 30
2.500000
 50
196.260200
  0
POINT
  8
4
 10
405.200000
 20
0.000000
 30
2.500000
 50
180.000000
  0
POINT
  8
4
 10
400.600000
 20
-207.800000
 30
2.500000
 50
163.739800
  0
POINT
  8
4
 10
295.900000
 20
-215.800000
 30
2.500000
 50
87.614060
  0
LINE
  8
5
 10
405.100000
 20
0.000000
 11
-270.500000
 21
0.000000
  0
LINE
  8
7
 10
405.100000
 20
0.000000
 11
-270.500000
 21
0.000000
  0
TEXT
  8
15
 10
-28.000000
 20
-60.600000
 40
11.495240
 50
270.000000
  1
SUPPORT LEATHER STRIP
  0
TEXT
  8
15
 10
-28.000000
 20
181.300000
 40
11.495240
 50
270.000000
  1
SUPPORT LEATHER STRIP
  0
TEXT
  8
15
 10
-35.100000
 20
-171.200000
 40
7.682353
 50
270.000000
  1
XCOULISSE  INSIDE
  0
TEXT
  8
15
 10
-35.100000
 20
236.500000
 40
7.682353
 50
270.000000
  1
XCOULISSE  INSIDE
  0
TEXT
  8
15
 10
221.900000
 20
-27.000000
 40
19.200000
 50
270.000000
  1
NO WASH
  0
TEXT
  8
1
 10
3.300000
 20
109.400000
 40
10.000000
 50
0.000000
  1
Piece Name: LINING BACK 1P
  0
TEXT
  8
1
 10
3.300000
 20
120.400000
 40
10.000000
 50
0.000000
  1
Size: 42
  0
TEXT
  8
1
 10
3.300000
 20
131.400000
 40
10.000000
 50
0.000000
  1
Annotation: LINING BACK 1P
  0
TEXT
  8
1
 10
3.300000
 20
142.400000
 40
10.000000
 50
0.000000
  1
Quantity: 1
  0
TEXT
  8
1
 10
3.300000
 20
153.400000
 40
10.000000
 50
0.000000
  1
Material: LINING
  0
ENDBLK
  0
BLOCK
  8
1
  2
LINING FRONT 2P
 70
     0
 10
0.00
 20
0.00
  0
POLYLINE
  8
84
 66
     1
 70
     1
  0
VERTEX
  8
84
 10
-368.200000
 20
-79.400000
  0
VERTEX
  8
84
 10
-367.100000
 20
-53.700000
  0
VERTEX
  8
84
 10
-364.400000
 20
18.300000
  0
VERTEX
  8
84
 10
-361.800000
 20
85.200000
  0
VERTEX
  8
84
 10
-359.600000
 20
147.600000
  0
VERTEX
  8
84
 10
-307.100000
 20
143.100000
  0
VERTEX
  8
84
 10
-267.400000
 20
139.700000
  0
VERTEX
  8
84
 10
-231.900000
 20
136.100000
  0
VERTEX
  8
84
 10
-195.800000
 20
131.600000
  0
VERTEX
  8
84
 10
-159.400000
 20
127.000000
  0
VERTEX
  8
84
 10
-124.800000
 20
123.600000
  0
VERTEX
  8
84
 10
-94.400000
 20
122.400000
  0
VERTEX
  8
84
 10
-68.700000
 20
123.000000
  0
VERTEX
  8
84
 10
-44.600000
 20
125.100000
  0
VERTEX
  8
84
 10
-18.600000
 20
128.900000
  0
VERTEX
  8
84
 10
8.200000
 20
133.800000
  0
VERTEX
  8
84
 10
31.600000
 20
138.100000
  0
VERTEX
  8
84
 10
49.600000
 20
141.200000
  0
VERTEX
  8
84
 10
63.400000
 20
143.000000
  0
VERTEX
  8
84
 10
62.900000
 20
135.700000
  0
VERTEX
  8
84
 10
62.300000
 20
127.600000
  0
VERTEX
  8
84
 10
62.600000
 20
119.300000
  0
VERTEX
  8
84
 10
63.800000
 20
112.000000
  0
VERTEX
  8
84
 10
65.700000
 20
105.900000
  0
VERTEX
  8
84
 10
67.800000
 20
100.400000
  0
VERTEX
  8
84
 10
70.000000
 20
95.400000
  0
VERTEX
  8
84
 10
73.100000
 20
90.300000
  0
VERTEX
  8
84
 10
77.500000
 20
85.700000
  0
VERTEX
  8
84
 10
83.400000
 20
80.900000
  0
VERTEX
  8
84
 10
90.300000
 20
76.300000
  0
VERTEX
  8
84
 10
96.900000
 20
73.100000
  0
VERTEX
  8
84
 10
102.900000
 20
71.500000
  0
VERTEX
  8
84
 10
108.400000
 20
70.900000
  0
VERTEX
  8
84
 10
115.200000
 20
70.100000
  0
VERTEX
  8
84
 10
122.600000
 20
69.500000
  0
VERTEX
  8
84
 10
130.300000
 20
69.500000
  0
VERTEX
  8
84
 10
149.500000
 20
71.100000
  0
VERTEX
  8
84
 10
168.900000
 20
74.000000
  0
VERTEX
  8
84
 10
189.800000
 20
78.900000
  0
VERTEX
  8
84
 10
210.800000
 20
85.600000
  0
VERTEX
  8
84
 10
229.700000
 20
92.900000
  0
VERTEX
  8
84
 10
244.700000
 20
99.000000
  0
VERTEX
  8
84
 10
255.500000
 20
103.500000
  0
VERTEX
  8
84
 10
263.500000
 20
106.800000
  0
VERTEX
  8
84
 10
276.400000
 20
78.400000
  0
VERTEX
  8
84
 10
289.000000
 20
52.200000
  0
VERTEX
  8
84
 10
299.300000
 20
30.300000
  0
VERTEX
  8
84
 10
312.000000
 20
2.000000
  0
VERTEX
  8
84
 10
283.900000
 20
-10.500000
  0
VERTEX
  8
84
 10
272.100000
 20
-15.500000
  0
VERTEX
  8
84
 10
258.000000
 20
-21.100000
  0
VERTEX
  8
84
 10
243.800000
 20
-26.500000
  0
VERTEX
  8
84
 10
227.700000
 20
-32.000000
  0
VERTEX
  8
84
 10
211.600000
 20
-37.200000
  0
VERTEX
  8
84
 10
194.500000
 20
-42.300000
  0
VERTEX
  8
84
 10
177.200000
 20
-46.900000
  0
VERTEX
  8
84
 10
159.900000
 20
-51.100000
  0
VERTEX
  8
84
 10
125.200000
 20
-58.500000
  0
VERTEX
  8
84
 10
110.800000
 20
-61.100000
  0
VERTEX
  8
84
 10
96.200000
 20
-63.600000
  0
VERTEX
  8
84
 10
81.600000
 20
-65.700000
  0
VERTEX
  8
84
 10
59.800000
 20
-68.400000
  0
VERTEX
  8
84
 10
38.100000
 20
-70.700000
  0
VERTEX
  8
84
 10
11.400000
 20
-73.200000
  0
VERTEX
  8
84
 10
-15.300000
 20
-75.000000
  0
VERTEX
  8
84
 10
-43.300000
 20
-76.500000
  0
VERTEX
  8
84
 10
-71.300000
 20
-77.600000
  0
VERTEX
  8
84
 10
-97.500000
 20
-78.200000
  0
VERTEX
  8
84
 10
-149.700000
 20
-78.600000
  0
VERTEX
  8
84
 10
-192.800000
 20
-78.500000
  0
VERTEX
  8
84
 10
-197.900000
 20
-78.500000
  0
VERTEX
  8
84
 10
-236.300000
 20
-78.500000
  0
VERTEX
  8
84
 10
-286.200000
 20
-79.200000
  0
VERTEX
  8
84
 10
-368.200000
 20
-79.400000
  0
SEQEND
  0
POLYLINE
  8
1
 66
     1
 70
     1
  0
VERTEX
  8
1
 10
-368.200000
 20
-79.400000
  0
VERTEX
  8
1
 10
-367.100000
 20
-53.700000
  0
VERTEX
  8
1
 10
-364.400000
 20
18.300000
  0
VERTEX
  8
1
 10
-361.800000
 20
85.200000
  0
VERTEX
  8
1
 10
-359.600000
 20
147.600000
  0
VERTEX
  8
1
 10
-307.100000
 20
143.100000
  0
VERTEX
  8
1
 10
-267.400000
 20
139.700000
  0
VERTEX
  8
1
 10
-231.900000
 20
136.100000
  0
VERTEX
  8
1
 10
-195.800000
 20
131.600000
  0
VERTEX
  8
1
 10
-159.400000
 20
127.000000
  0
VERTEX
  8
1
 10
-124.800000
 20
123.600000
  0
VERTEX
  8
1
 10
-94.400000
 20
122.400000
  0
VERTEX
  8
1
 10
-68.700000
 20
123.000000
  0
VERTEX
  8
1
 10
-44.600000
 20
125.100000
  0
VERTEX
  8
1
 10
-18.600000
 20
128.900000
  0
VERTEX
  8
1
 10
8.200000
 20
133.800000
  0
VERTEX
  8
1
 10
31.600000
 20
138.100000
  0
VERTEX
  8
1
 10
49.600000
 20
141.200000
  0
VERTEX
  8
1
 10
63.400000
 20
143.000000
  0
VERTEX
  8
1
 10
62.900000
 20
135.700000
  0
VERTEX
  8
1
 10
62.300000
 20
127.600000
  0
VERTEX
  8
1
 10
62.600000
 20
119.300000
  0
VERTEX
  8
1
 10
63.800000
 20
112.000000
  0
VERTEX
  8
1
 10
65.700000
 20
105.900000
  0
VERTEX
  8
1
 10
67.800000
 20
100.400000
  0
VERTEX
  8
1
 10
70.000000
 20
95.400000
  0
VERTEX
  8
1
 10
73.100000
 20
90.300000
  0
VERTEX
  8
1
 10
77.500000
 20
85.700000
  0
VERTEX
  8
1
 10
83.400000
 20
80.900000
  0
VERTEX
  8
1
 10
90.300000
 20
76.300000
  0
VERTEX
  8
1
 10
96.900000
 20
73.100000
  0
VERTEX
  8
1
 10
102.900000
 20
71.500000
  0
VERTEX
  8
1
 10
108.400000
 20
70.900000
  0
VERTEX
  8
1
 10
115.200000
 20
70.100000
  0
VERTEX
  8
1
 10
122.600000
 20
69.500000
  0
VERTEX
  8
1
 10
130.300000
 20
69.500000
  0
VERTEX
  8
1
 10
149.500000
 20
71.100000
  0
VERTEX
  8
1
 10
168.900000
 20
74.000000
  0
VERTEX
  8
1
 10
189.800000
 20
78.900000
  0
VERTEX
  8
1
 10
210.800000
 20
85.600000
  0
VERTEX
  8
1
 10
229.700000
 20
92.900000
  0
VERTEX
  8
1
 10
244.700000
 20
99.000000
  0
VERTEX
  8
1
 10
255.500000
 20
103.500000
  0
VERTEX
  8
1
 10
263.500000
 20
106.800000
  0
VERTEX
  8
1
 10
276.400000
 20
78.400000
  0
VERTEX
  8
1
 10
289.000000
 20
52.200000
  0
VERTEX
  8
1
 10
299.300000
 20
30.300000
  0
VERTEX
  8
1
 10
312.000000
 20
2.000000
  0
VERTEX
  8
1
 10
283.900000
 20
-10.500000
  0
VERTEX
  8
1
 10
272.100000
 20
-15.500000
  0
VERTEX
  8
1
 10
258.000000
 20
-21.100000
  0
VERTEX
  8
1
 10
243.800000
 20
-26.500000
  0
VERTEX
  8
1
 10
227.700000
 20
-32.000000
  0
VERTEX
  8
1
 10
211.600000
 20
-37.200000
  0
VERTEX
  8
1
 10
194.500000
 20
-42.300000
  0
VERTEX
  8
1
 10
177.200000
 20
-46.900000
  0
VERTEX
  8
1
 10
159.900000
 20
-51.100000
  0
VERTEX
  8
1
 10
125.200000
 20
-58.500000
  0
VERTEX
  8
1
 10
110.800000
 20
-61.100000
  0
VERTEX
  8
1
 10
96.200000
 20
-63.600000
  0
VERTEX
  8
1
 10
81.600000
 20
-65.700000
  0
VERTEX
  8
1
 10
59.800000
 20
-68.400000
  0
VERTEX
  8
1
 10
38.100000
 20
-70.700000
  0
VERTEX
  8
1
 10
11.400000
 20
-73.200000
  0
VERTEX
  8
1
 10
-15.300000
 20
-75.000000
  0
VERTEX
  8
1
 10
-43.300000
 20
-76.500000
  0
VERTEX
  8
1
 10
-71.300000
 20
-77.600000
  0
VERTEX
  8
1
 10
-97.500000
 20
-78.200000
  0
VERTEX
  8
1
 10
-149.700000
 20
-78.600000
  0
VERTEX
  8
1
 10
-192.800000
 20
-78.500000
  0
VERTEX
  8
1
 10
-197.900000
 20
-78.500000
  0
VERTEX
  8
1
 10
-236.300000
 20
-78.500000
  0
VERTEX
  8
1
 10
-286.200000
 20
-79.200000
  0
VERTEX
  8
1
 10
-368.200000
 20
-79.400000
  0
SEQEND
  0
POLYLINE
  8
85
 66
     1
  0
VERTEX
  8
85
 10
-108.100000
 20
110.600000
  0
VERTEX
  8
85
 10
-108.100000
 20
-67.600000
  0
SEQEND
  0
POLYLINE
  8
8
 66
     1
  0
VERTEX
  8
8
 10
-108.100000
 20
110.600000
  0
VERTEX
  8
8
 10
-108.100000
 20
-67.600000
  0
SEQEND
  0
POLYLINE
  8
85
 66
     1
  0
VERTEX
  8
85
 10
-133.500000
 20
114.400000
  0
VERTEX
  8
85
 10
-133.500000
 20
-66.400000
  0
SEQEND
  0
POLYLINE
  8
8
 66
     1
  0
VERTEX
  8
8
 10
-133.500000
 20
114.400000
  0
VERTEX
  8
8
 10
-133.500000
 20
-66.400000
  0
SEQEND
  0
POLYLINE
  8
87
 66
     1
  0
VERTEX
  8
87
 10
-357.800000
 20
-69.400000
  0
VERTEX
  8
87
 10
-357.200000
 20
-54.000000
  0
VERTEX
  8
87
 10
-354.500000
 20
18.000000
  0
VERTEX
  8
87
 10
-351.900000
 20
84.900000
  0
VERTEX
  8
87
 10
-350.100000
 20
136.800000
  0
VERTEX
  8
87
 10
-307.900000
 20
133.200000
  0
VERTEX
  8
87
 10
-268.300000
 20
129.800000
  0
VERTEX
  8
87
 10
-233.000000
 20
126.200000
  0
VERTEX
  8
87
 10
-197.000000
 20
121.700000
  0
VERTEX
  8
87
 10
-160.400000
 20
117.100000
  0
VERTEX
  8
87
 10
-125.400000
 20
113.700000
  0
VERTEX
  8
87
 10
-94.400000
 20
112.500000
  0
VERTEX
  8
87
 10
-68.200000
 20
113.100000
  0
VERTEX
  8
87
 10
-43.500000
 20
115.200000
  0
VERTEX
  8
87
 10
-17.000000
 20
119.100000
  0
VERTEX
  8
87
 10
10.000000
 20
124.000000
  0
VERTEX
  8
87
 10
33.300000
 20
128.300000
  0
VERTEX
  8
87
 10
51.000000
 20
131.300000
  0
VERTEX
  8
87
 10
52.600000
 20
131.500000
  0
VERTEX
  8
87
 10
52.400000
 20
127.800000
  0
VERTEX
  8
87
 10
52.800000
 20
118.300000
  0
VERTEX
  8
87
 10
54.200000
 20
109.700000
  0
VERTEX
  8
87
 10
56.300000
 20
102.700000
  0
VERTEX
  8
87
 10
58.600000
 20
96.600000
  0
VERTEX
  8
87
 10
61.200000
 20
90.800000
  0
VERTEX
  8
87
 10
65.200000
 20
84.300000
  0
VERTEX
  8
87
 10
70.700000
 20
78.400000
  0
VERTEX
  8
87
 10
77.500000
 20
72.900000
  0
VERTEX
  8
87
 10
85.400000
 20
67.700000
  0
VERTEX
  8
87
 10
93.500000
 20
63.800000
  0
VERTEX
  8
87
 10
101.100000
 20
61.700000
  0
VERTEX
  8
87
 10
107.600000
 20
61.000000
  0
VERTEX
  8
87
 10
114.200000
 20
60.200000
  0
VERTEX
  8
87
 10
122.200000
 20
59.500000
  0
VERTEX
  8
87
 10
130.700000
 20
59.500000
  0
VERTEX
  8
87
 10
150.600000
 20
61.200000
  0
VERTEX
  8
87
 10
170.700000
 20
64.200000
  0
VERTEX
  8
87
 10
192.400000
 20
69.300000
  0
VERTEX
  8
87
 10
214.100000
 20
76.200000
  0
VERTEX
  8
87
 10
233.300000
 20
83.600000
  0
VERTEX
  8
87
 10
248.400000
 20
89.800000
  0
VERTEX
  8
87
 10
259.300000
 20
94.300000
  0
VERTEX
  8
87
 10
267.300000
 20
74.200000
  0
VERTEX
  8
87
 10
280.000000
 20
47.900000
  0
VERTEX
  8
87
 10
290.200000
 20
26.200000
  0
VERTEX
  8
87
 10
298.800000
 20
7.100000
  0
VERTEX
  8
87
 10
279.900000
 20
-1.300000
  0
VERTEX
  8
87
 10
268.300000
 20
-6.300000
  0
VERTEX
  8
87
 10
254.400000
 20
-11.800000
  0
VERTEX
  8
87
 10
240.400000
 20
-17.100000
  0
VERTEX
  8
87
 10
224.600000
 20
-22.500000
  0
VERTEX
  8
87
 10
208.700000
 20
-27.700000
  0
VERTEX
  8
87
 10
191.800000
 20
-32.700000
  0
VERTEX
  8
87
 10
174.800000
 20
-37.200000
  0
VERTEX
  8
87
 10
157.700000
 20
-41.400000
  0
VERTEX
  8
87
 10
123.300000
 20
-48.700000
  0
VERTEX
  8
87
 10
109.100000
 20
-51.300000
  0
VERTEX
  8
87
 10
94.700000
 20
-53.800000
  0
VERTEX
  8
87
 10
80.300000
 20
-55.800000
  0
VERTEX
  8
87
 10
58.700000
 20
-58.500000
  0
VERTEX
  8
87
 10
37.200000
 20
-60.800000
  0
VERTEX
  8
87
 10
10.700000
 20
-63.300000
  0
VERTEX
  8
87
 10
-15.800000
 20
-65.100000
  0
VERTEX
  8
87
 10
-43.700000
 20
-66.600000
  0
VERTEX
  8
87
 10
-71.500000
 20
-67.700000
  0
VERTEX
  8
87
 10
-97.600000
 20
-68.300000
  0
VERTEX
  8
87
 10
-149.700000
 20
-68.700000
  0
VERTEX
  8
87
 10
-192.800000
 20
-68.500000
  0
VERTEX
  8
87
 10
-197.900000
 20
-68.500000
  0
VERTEX
  8
87
 10
-236.300000
 20
-68.500000
  0
VERTEX
  8
87
 10
-286.200000
 20
-69.300000
  0
VERTEX
  8
87
 10
-357.800000
 20
-69.400000
  0
SEQEND
  0
POLYLINE
  8
14
 66
     1
  0
VERTEX
  8
14
 10
-357.800000
 20
-69.400000
  0
VERTEX
  8
14
 10
-357.200000
 20
-54.000000
  0
VERTEX
  8
14
 10
-354.500000
 20
18.000000
  0
VERTEX
  8
14
 10
-351.900000
 20
84.900000
  0
VERTEX
  8
14
 10
-350.100000
 20
136.800000
  0
VERTEX
  8
14
 10
-307.900000
 20
133.200000
  0
VERTEX
  8
14
 10
-268.300000
 20
129.800000
  0
VERTEX
  8
14
 10
-233.000000
 20
126.200000
  0
VERTEX
  8
14
 10
-197.000000
 20
121.700000
  0
VERTEX
  8
14
 10
-160.400000
 20
117.100000
  0
VERTEX
  8
14
 10
-125.400000
 20
113.700000
  0
VERTEX
  8
14
 10
-94.400000
 20
112.500000
  0
VERTEX
  8
14
 10
-68.200000
 20
113.100000
  0
VERTEX
  8
14
 10
-43.500000
 20
115.200000
  0
VERTEX
  8
14
 10
-17.000000
 20
119.100000
  0
VERTEX
  8
14
 10
10.000000
 20
124.000000
  0
VERTEX
  8
14
 10
33.300000
 20
128.300000
  0
VERTEX
  8
14
 10
51.000000
 20
131.300000
  0
VERTEX
  8
14
 10
52.600000
 20
131.500000
  0
VERTEX
  8
14
 10
52.400000
 20
127.800000
  0
VERTEX
  8
14
 10
52.800000
 20
118.300000
  0
VERTEX
  8
14
 10
54.200000
 20
109.700000
  0
VERTEX
  8
14
 10
56.300000
 20
102.700000
  0
VERTEX
  8
14
 10
58.600000
 20
96.600000
  0
VERTEX
  8
14
 10
61.200000
 20
90.800000
  0
VERTEX
  8
14
 10
65.200000
 20
84.300000
  0
VERTEX
  8
14
 10
70.700000
 20
78.400000
  0
VERTEX
  8
14
 10
77.500000
 20
72.900000
  0
VERTEX
  8
14
 10
85.400000
 20
67.700000
  0
VERTEX
  8
14
 10
93.500000
 20
63.800000
  0
VERTEX
  8
14
 10
101.100000
 20
61.700000
  0
VERTEX
  8
14
 10
107.600000
 20
61.000000
  0
VERTEX
  8
14
 10
114.200000
 20
60.200000
  0
VERTEX
  8
14
 10
122.200000
 20
59.500000
  0
VERTEX
  8
14
 10
130.700000
 20
59.500000
  0
VERTEX
  8
14
 10
150.600000
 20
61.200000
  0
VERTEX
  8
14
 10
170.700000
 20
64.200000
  0
VERTEX
  8
14
 10
192.400000
 20
69.300000
  0
VERTEX
  8
14
 10
214.100000
 20
76.200000
  0
VERTEX
  8
14
 10
233.300000
 20
83.600000
  0
VERTEX
  8
14
 10
248.400000
 20
89.800000
  0
VERTEX
  8
14
 10
259.300000
 20
94.300000
  0
VERTEX
  8
14
 10
267.300000
 20
74.200000
  0
VERTEX
  8
14
 10
280.000000
 20
47.900000
  0
VERTEX
  8
14
 10
290.200000
 20
26.200000
  0
VERTEX
  8
14
 10
298.800000
 20
7.100000
  0
VERTEX
  8
14
 10
279.900000
 20
-1.300000
  0
VERTEX
  8
14
 10
268.300000
 20
-6.300000
  0
VERTEX
  8
14
 10
254.400000
 20
-11.800000
  0
VERTEX
  8
14
 10
240.400000
 20
-17.100000
  0
VERTEX
  8
14
 10
224.600000
 20
-22.500000
  0
VERTEX
  8
14
 10
208.700000
 20
-27.700000
  0
VERTEX
  8
14
 10
191.800000
 20
-32.700000
  0
VERTEX
  8
14
 10
174.800000
 20
-37.200000
  0
VERTEX
  8
14
 10
157.700000
 20
-41.400000
  0
VERTEX
  8
14
 10
123.300000
 20
-48.700000
  0
VERTEX
  8
14
 10
109.100000
 20
-51.300000
  0
VERTEX
  8
14
 10
94.700000
 20
-53.800000
  0
VERTEX
  8
14
 10
80.300000
 20
-55.800000
  0
VERTEX
  8
14
 10
58.700000
 20
-58.500000
  0
VERTEX
  8
14
 10
37.200000
 20
-60.800000
  0
VERTEX
  8
14
 10
10.700000
 20
-63.300000
  0
VERTEX
  8
14
 10
-15.800000
 20
-65.100000
  0
VERTEX
  8
14
 10
-43.700000
 20
-66.600000
  0
VERTEX
  8
14
 10
-71.500000
 20
-67.700000
  0
VERTEX
  8
14
 10
-97.600000
 20
-68.300000
  0
VERTEX
  8
14
 10
-149.700000
 20
-68.700000
  0
VERTEX
  8
14
 10
-192.800000
 20
-68.500000
  0
VERTEX
  8
14
 10
-197.900000
 20
-68.500000
  0
VERTEX
  8
14
 10
-236.300000
 20
-68.500000
  0
VERTEX
  8
14
 10
-286.200000
 20
-69.300000
  0
VERTEX
  8
14
 10
-357.800000
 20
-69.400000
  0
SEQEND
  0
POINT
  8
2
 10
-368.200000
 20
-79.400000
  0
POINT
  8
3
 10
-367.100000
 20
-53.700000
  0
POINT
  8
3
 10
-364.400000
 20
18.300000
  0
POINT
  8
3
 10
-361.800000
 20
85.200000
  0
POINT
  8
2
 10
-359.600000
 20
147.600000
  0
POINT
  8
3
 10
-307.100000
 20
143.100000
  0
POINT
  8
3
 10
-267.400000
 20
139.700000
  0
POINT
  8
3
 10
-231.900000
 20
136.100000
  0
POINT
  8
3
 10
-195.800000
 20
131.600000
  0
POINT
  8
3
 10
-159.400000
 20
127.000000
  0
POINT
  8
3
 10
-124.800000
 20
123.600000
  0
POINT
  8
3
 10
-94.400000
 20
122.400000
  0
POINT
  8
3
 10
-68.700000
 20
123.000000
  0
POINT
  8
3
 10
-44.600000
 20
125.100000
  0
POINT
  8
3
 10
-18.600000
 20
128.900000
  0
POINT
  8
3
 10
8.200000
 20
133.800000
  0
POINT
  8
3
 10
31.600000
 20
138.100000
  0
POINT
  8
3
 10
49.600000
 20
141.200000
  0
POINT
  8
2
 10
63.400000
 20
143.000000
  0
POINT
  8
3
 10
62.900000
 20
135.700000
  0
POINT
  8
3
 10
62.300000
 20
127.600000
  0
POINT
  8
3
 10
62.600000
 20
119.300000
  0
POINT
  8
3
 10
63.800000
 20
112.000000
  0
POINT
  8
3
 10
65.700000
 20
105.900000
  0
POINT
  8
3
 10
67.800000
 20
100.400000
  0
POINT
  8
2
 10
70.000000
 20
95.400000
  0
POINT
  8
3
 10
73.100000
 20
90.300000
  0
POINT
  8
3
 10
77.500000
 20
85.700000
  0
POINT
  8
3
 10
83.400000
 20
80.900000
  0
POINT
  8
3
 10
90.300000
 20
76.300000
  0
POINT
  8
3
 10
96.900000
 20
73.100000
  0
POINT
  8
3
 10
102.900000
 20
71.500000
  0
POINT
  8
2
 10
108.400000
 20
70.900000
  0
POINT
  8
3
 10
115.200000
 20
70.100000
  0
POINT
  8
3
 10
122.600000
 20
69.500000
  0
POINT
  8
2
 10
130.300000
 20
69.500000
  0
POINT
  8
3
 10
149.500000
 20
71.100000
  0
POINT
  8
3
 10
168.900000
 20
74.000000
  0
POINT
  8
3
 10
189.800000
 20
78.900000
  0
POINT
  8
3
 10
210.800000
 20
85.600000
  0
POINT
  8
3
 10
229.700000
 20
92.900000
  0
POINT
  8
3
 10
244.700000
 20
99.000000
  0
POINT
  8
3
 10
255.500000
 20
103.500000
  0
POINT
  8
2
 10
263.500000
 20
106.800000
  0
POINT
  8
2
 10
276.400000
 20
78.400000
  0
POINT
  8
3
 10
289.000000
 20
52.200000
  0
POINT
  8
3
 10
299.300000
 20
30.300000
  0
POINT
  8
2
 10
312.000000
 20
2.000000
  0
POINT
  8
3
 10
283.900000
 20
-10.500000
  0
POINT
  8
3
 10
272.100000
 20
-15.500000
  0
POINT
  8
3
 10
258.000000
 20
-21.100000
  0
POINT
  8
3
 10
243.800000
 20
-26.500000
  0
POINT
  8
3
 10
227.700000
 20
-32.000000
  0
POINT
  8
3
 10
211.600000
 20
-37.200000
  0
POINT
  8
3
 10
194.500000
 20
-42.300000
  0
POINT
  8
3
 10
177.200000
 20
-46.900000
  0
POINT
  8
3
 10
159.900000
 20
-51.100000
  0
POINT
  8
2
 10
125.200000
 20
-58.500000
  0
POINT
  8
3
 10
110.800000
 20
-61.100000
  0
POINT
  8
3
 10
96.200000
 20
-63.600000
  0
POINT
  8
3
 10
81.600000
 20
-65.700000
  0
POINT
  8
3
 10
59.800000
 20
-68.400000
  0
POINT
  8
3
 10
38.100000
 20
-70.700000
  0
POINT
  8
3
 10
11.400000
 20
-73.200000
  0
POINT
  8
3
 10
-15.300000
 20
-75.000000
  0
POINT
  8
3
 10
-43.300000
 20
-76.500000
  0
POINT
  8
3
 10
-71.300000
 20
-77.600000
  0
POINT
  8
3
 10
-97.500000
 20
-78.200000
  0
POINT
  8
3
 10
-149.700000
 20
-78.600000
  0
POINT
  8
2
 10
-192.800000
 20
-78.500000
  0
POINT
  8
3
 10
-197.900000
 20
-78.500000
  0
POINT
  8
3
 10
-236.300000
 20
-78.500000
  0
POINT
  8
3
 10
-286.200000
 20
-79.200000
  0
POINT
  8
2
 10
-368.200000
 20
-79.400000
  0
POINT
  8
2
 10
-108.100000
 20
110.600000
  0
POINT
  8
2
 10
-108.100000
 20
-67.600000
  0
POINT
  8
2
 10
-133.500000
 20
114.400000
  0
POINT
  8
2
 10
-133.500000
 20
-66.400000
  0
POINT
  8
2
 10
70.000000
 20
95.400000
 39
2.500000
 50
206.565000
  0
POINT
  8
2
 10
108.400000
 20
70.900000
 39
2.500000
 50
265.236400
  0
POINT
  8
2
 10
130.300000
 20
69.500000
 39
2.500000
 50
272.290600
  0
POINT
  8
2
 10
276.400000
 20
78.400000
 39
2.500000
 50
204.444000
  0
POINT
  8
2
 10
125.200000
 20
-58.500000
 39
2.500000
 50
101.768300
  0
POINT
  8
2
 10
-192.800000
 20
-78.500000
 39
2.500000
 50
90.000000
  0
POINT
  8
2
 10
-357.800000
 20
-69.400000
  0
POINT
  8
3
 10
-357.200000
 20
-54.000000
  0
POINT
  8
3
 10
-354.500000
 20
18.000000
  0
POINT
  8
3
 10
-351.900000
 20
84.900000
  0
POINT
  8
2
 10
-350.100000
 20
136.800000
  0
POINT
  8
3
 10
-307.900000
 20
133.200000
  0
POINT
  8
3
 10
-268.300000
 20
129.800000
  0
POINT
  8
3
 10
-233.000000
 20
126.200000
  0
POINT
  8
3
 10
-197.000000
 20
121.700000
  0
POINT
  8
3
 10
-160.400000
 20
117.100000
  0
POINT
  8
3
 10
-125.400000
 20
113.700000
  0
POINT
  8
3
 10
-94.400000
 20
112.500000
  0
POINT
  8
3
 10
-68.200000
 20
113.100000
  0
POINT
  8
3
 10
-43.500000
 20
115.200000
  0
POINT
  8
3
 10
-17.000000
 20
119.100000
  0
POINT
  8
3
 10
10.000000
 20
124.000000
  0
POINT
  8
3
 10
33.300000
 20
128.300000
  0
POINT
  8
3
 10
51.000000
 20
131.300000
  0
POINT
  8
2
 10
52.600000
 20
131.500000
  0
POINT
  8
3
 10
52.400000
 20
127.800000
  0
POINT
  8
3
 10
52.800000
 20
118.300000
  0
POINT
  8
3
 10
54.200000
 20
109.700000
  0
POINT
  8
3
 10
56.300000
 20
102.700000
  0
POINT
  8
3
 10
58.600000
 20
96.600000
  0
POINT
  8
2
 10
61.200000
 20
90.800000
  0
POINT
  8
3
 10
65.200000
 20
84.300000
  0
POINT
  8
3
 10
70.700000
 20
78.400000
  0
POINT
  8
3
 10
77.500000
 20
72.900000
  0
POINT
  8
3
 10
85.400000
 20
67.700000
  0
POINT
  8
3
 10
93.500000
 20
63.800000
  0
POINT
  8
3
 10
101.100000
 20
61.700000
  0
POINT
  8
2
 10
107.600000
 20
61.000000
  0
POINT
  8
3
 10
114.200000
 20
60.200000
  0
POINT
  8
3
 10
122.200000
 20
59.500000
  0
POINT
  8
2
 10
130.700000
 20
59.500000
  0
POINT
  8
3
 10
150.600000
 20
61.200000
  0
POINT
  8
3
 10
170.700000
 20
64.200000
  0
POINT
  8
3
 10
192.400000
 20
69.300000
  0
POINT
  8
3
 10
214.100000
 20
76.200000
  0
POINT
  8
3
 10
233.300000
 20
83.600000
  0
POINT
  8
3
 10
248.400000
 20
89.800000
  0
POINT
  8
2
 10
259.300000
 20
94.300000
  0
POINT
  8
2
 10
267.300000
 20
74.200000
  0
POINT
  8
3
 10
280.000000
 20
47.900000
  0
POINT
  8
3
 10
290.200000
 20
26.200000
  0
POINT
  8
2
 10
298.800000
 20
7.100000
  0
POINT
  8
3
 10
279.900000
 20
-1.300000
  0
POINT
  8
3
 10
268.300000
 20
-6.300000
  0
POINT
  8
3
 10
254.400000
 20
-11.800000
  0
POINT
  8
3
 10
240.400000
 20
-17.100000
  0
POINT
  8
3
 10
224.600000
 20
-22.500000
  0
POINT
  8
3
 10
208.700000
 20
-27.700000
  0
POINT
  8
3
 10
191.800000
 20
-32.700000
  0
POINT
  8
3
 10
174.800000
 20
-37.200000
  0
POINT
  8
3
 10
157.700000
 20
-41.400000
  0
POINT
  8
2
 10
123.300000
 20
-48.700000
  0
POINT
  8
3
 10
109.100000
 20
-51.300000
  0
POINT
  8
3
 10
94.700000
 20
-53.800000
  0
POINT
  8
3
 10
80.300000
 20
-55.800000
  0
POINT
  8
3
 10
58.700000
 20
-58.500000
  0
POINT
  8
3
 10
37.200000
 20
-60.800000
  0
POINT
  8
3
 10
10.700000
 20
-63.300000
  0
POINT
  8
3
 10
-15.800000
 20
-65.100000
  0
POINT
  8
3
 10
-43.700000
 20
-66.600000
  0
POINT
  8
3
 10
-71.500000
 20
-67.700000
  0
POINT
  8
3
 10
-97.600000
 20
-68.300000
  0
POINT
  8
3
 10
-149.700000
 20
-68.700000
  0
POINT
  8
2
 10
-192.800000
 20
-68.500000
  0
POINT
  8
3
 10
-197.900000
 20
-68.500000
  0
POINT
  8
3
 10
-236.300000
 20
-68.500000
  0
POINT
  8
3
 10
-286.200000
 20
-69.300000
  0
POINT
  8
2
 10
-357.800000
 20
-69.400000
  0
POINT
  8
4
 10
70.000000
 20
95.400000
 30
2.500000
 50
206.565000
  0
POINT
  8
4
 10
108.400000
 20
70.900000
 30
2.500000
 50
265.236400
  0
POINT
  8
4
 10
130.300000
 20
69.500000
 30
2.500000
 50
272.290600
  0
POINT
  8
4
 10
276.400000
 20
78.400000
 30
2.500000
 50
204.444000
  0
POINT
  8
4
 10
125.200000
 20
-58.500000
 30
2.500000
 50
101.768300
  0
POINT
  8
4
 10
-192.800000
 20
-78.500000
 30
2.500000
 50
90.000000
  0
LINE
  8
5
 10
100.700000
 20
0.000000
 11
14.000000
 21
0.000000
  0
LINE
  8
7
 10
100.700000
 20
0.000000
 11
14.000000
 21
0.000000
  0
TEXT
  8
15
 10
-117.200000
 20
94.600000
 40
8.485714
 50
270.000000
  1
SUPPORT LEATHER STRIP
  0
TEXT
  8
15
 10
-127.500000
 20
73.000000
 40
8.964705
 50
270.000000
  1
XCOULISSE  INSIDE
  0
TEXT
  8
15
 10
-26.300000
 20
99.100000
 40
20.771430
 50
270.000000
  1
NO WASH
  0
TEXT
  8
1
 10
3.300000
 20
109.400000
 40
10.000000
 50
0.000000
  1
Piece Name: LINING FRONT 2P
  0
TEXT
  8
1
 10
3.300000
 20
120.400000
 40
10.000000
 50
0.000000
  1
Size: 42
  0
TEXT
  8
1
 10
3.300000
 20
131.400000
 40
10.000000
 50
0.000000
  1
Annotation: LINING FRONT 2P
  0
TEXT
  8
1
 10
3.300000
 20
142.400000
 40
10.000000
 50
0.000000
  1
Quantity: 1
  0
TEXT
  8
1
 10
3.300000
 20
153.400000
 40
10.000000
 50
0.000000
  1
Material: LINING
  0
ENDBLK
  0
BLOCK
  8
1
  2
LINING UP SLEEVE 2P
 70
     0
 10
0.00
 20
0.00
  0
POLYLINE
  8
84
 66
     1
 70
     1
  0
VERTEX
  8
84
 10
-134.800000
 20
110.600000
  0
VERTEX
  8
84
 10
-98.200000
 20
118.000000
  0
VERTEX
  8
84
 10
-81.700000
 20
120.400000
  0
VERTEX
  8
84
 10
-65.100000
 20
122.900000
  0
VERTEX
  8
84
 10
-46.700000
 20
124.700000
  0
VERTEX
  8
84
 10
-25.400000
 20
126.500000
  0
VERTEX
  8
84
 10
-4.200000
 20
128.100000
  0
VERTEX
  8
84
 10
13.900000
 20
128.900000
  0
VERTEX
  8
84
 10
29.300000
 20
129.600000
  0
VERTEX
  8
84
 10
44.200000
 20
130.100000
  0
VERTEX
  8
84
 10
59.700000
 20
130.100000
  0
VERTEX
  8
84
 10
75.400000
 20
130.600000
  0
VERTEX
  8
84
 10
91.000000
 20
130.400000
  0
VERTEX
  8
84
 10
105.700000
 20
130.600000
  0
VERTEX
  8
84
 10
118.600000
 20
130.200000
  0
VERTEX
  8
84
 10
130.200000
 20
129.900000
  0
VERTEX
  8
84
 10
184.500000
 20
130.000000
  0
VERTEX
  8
84
 10
221.400000
 20
130.000000
  0
VERTEX
  8
84
 10
243.900000
 20
129.600000
  0
VERTEX
  8
84
 10
257.300000
 20
129.300000
  0
VERTEX
  8
84
 10
266.600000
 20
128.700000
  0
VERTEX
  8
84
 10
266.900000
 20
118.700000
  0
VERTEX
  8
84
 10
279.700000
 20
106.700000
  0
VERTEX
  8
84
 10
286.300000
 20
99.900000
  0
VERTEX
  8
84
 10
290.100000
 20
95.900000
  0
VERTEX
  8
84
 10
291.800000
 20
94.000000
  0
VERTEX
  8
84
 10
292.900000
 20
92.800000
  0
VERTEX
  8
84
 10
293.900000
 20
91.500000
  0
VERTEX
  8
84
 10
294.700000
 20
90.300000
  0
VERTEX
  8
84
 10
295.700000
 20
88.900000
  0
VERTEX
  8
84
 10
296.700000
 20
87.600000
  0
VERTEX
  8
84
 10
297.900000
 20
85.700000
  0
VERTEX
  8
84
 10
299.500000
 20
83.600000
  0
VERTEX
  8
84
 10
300.800000
 20
81.900000
  0
VERTEX
  8
84
 10
301.700000
 20
80.300000
  0
VERTEX
  8
84
 10
302.400000
 20
78.700000
  0
VERTEX
  8
84
 10
303.300000
 20
77.100000
  0
VERTEX
  8
84
 10
304.100000
 20
75.500000
  0
VERTEX
  8
84
 10
304.900000
 20
74.000000
  0
VERTEX
  8
84
 10
305.700000
 20
72.500000
  0
VERTEX
  8
84
 10
306.300000
 20
71.000000
  0
VERTEX
  8
84
 10
307.200000
 20
69.200000
  0
VERTEX
  8
84
 10
307.900000
 20
67.300000
  0
VERTEX
  8
84
 10
308.600000
 20
65.400000
  0
VERTEX
  8
84
 10
309.200000
 20
63.700000
  0
VERTEX
  8
84
 10
309.800000
 20
62.000000
  0
VERTEX
  8
84
 10
310.400000
 20
60.200000
  0
VERTEX
  8
84
 10
311.200000
 20
57.500000
  0
VERTEX
  8
84
 10
312.100000
 20
53.800000
  0
VERTEX
  8
84
 10
313.200000
 20
49.900000
  0
VERTEX
  8
84
 10
313.800000
 20
46.800000
  0
VERTEX
  8
84
 10
314.200000
 20
44.100000
  0
VERTEX
  8
84
 10
314.300000
 20
41.300000
  0
VERTEX
  8
84
 10
314.700000
 20
38.600000
  0
VERTEX
  8
84
 10
314.900000
 20
36.300000
  0
VERTEX
  8
84
 10
315.000000
 20
33.900000
  0
VERTEX
  8
84
 10
315.000000
 20
31.500000
  0
VERTEX
  8
84
 10
315.200000
 20
28.800000
  0
VERTEX
  8
84
 10
315.100000
 20
25.000000
  0
VERTEX
  8
84
 10
315.000000
 20
20.800000
  0
VERTEX
  8
84
 10
314.700000
 20
17.100000
  0
VERTEX
  8
84
 10
314.200000
 20
14.000000
  0
VERTEX
  8
84
 10
314.000000
 20
10.600000
  0
VERTEX
  8
84
 10
313.300000
 20
7.600000
  0
VERTEX
  8
84
 10
312.800000
 20
4.500000
  0
VERTEX
  8
84
 10
312.200000
 20
1.900000
  0
VERTEX
  8
84
 10
311.500000
 20
-0.800000
  0
VERTEX
  8
84
 10
310.800000
 20
-3.700000
  0
VERTEX
  8
84
 10
309.900000
 20
-6.400000
  0
VERTEX
  8
84
 10
308.900000
 20
-9.600000
  0
VERTEX
  8
84
 10
307.500000
 20
-13.600000
  0
VERTEX
  8
84
 10
305.500000
 20
-18.300000
  0
VERTEX
  8
84
 10
303.600000
 20
-22.100000
  0
VERTEX
  8
84
 10
302.400000
 20
-24.700000
  0
VERTEX
  8
84
 10
301.700000
 20
-26.000000
  0
VERTEX
  8
84
 10
300.800000
 20
-27.500000
  0
VERTEX
  8
84
 10
299.700000
 20
-29.200000
  0
VERTEX
  8
84
 10
298.600000
 20
-30.900000
  0
VERTEX
  8
84
 10
297.200000
 20
-32.900000
  0
VERTEX
  8
84
 10
295.600000
 20
-35.200000
  0
VERTEX
  8
84
 10
293.700000
 20
-37.500000
  0
VERTEX
  8
84
 10
291.600000
 20
-40.100000
  0
VERTEX
  8
84
 10
288.900000
 20
-43.100000
  0
VERTEX
  8
84
 10
285.900000
 20
-46.200000
  0
VERTEX
  8
84
 10
283.500000
 20
-48.600000
  0
VERTEX
  8
84
 10
281.800000
 20
-50.500000
  0
VERTEX
  8
84
 10
280.000000
 20
-52.000000
  0
VERTEX
  8
84
 10
278.200000
 20
-53.500000
  0
VERTEX
  8
84
 10
276.400000
 20
-54.800000
  0
VERTEX
  8
84
 10
274.900000
 20
-55.800000
  0
VERTEX
  8
84
 10
273.700000
 20
-57.000000
  0
VERTEX
  8
84
 10
271.300000
 20
-58.900000
  0
VERTEX
  8
84
 10
269.800000
 20
-59.700000
  0
VERTEX
  8
84
 10
266.900000
 20
-61.000000
  0
VERTEX
  8
84
 10
262.400000
 20
-63.400000
  0
VERTEX
  8
84
 10
257.200000
 20
-66.500000
  0
VERTEX
  8
84
 10
252.600000
 20
-69.000000
  0
VERTEX
  8
84
 10
249.100000
 20
-70.600000
  0
VERTEX
  8
84
 10
246.200000
 20
-72.100000
  0
VERTEX
  8
84
 10
243.100000
 20
-73.700000
  0
VERTEX
  8
84
 10
239.900000
 20
-75.300000
  0
VERTEX
  8
84
 10
235.600000
 20
-77.300000
  0
VERTEX
  8
84
 10
230.400000
 20
-79.900000
  0
VERTEX
  8
84
 10
225.400000
 20
-82.500000
  0
VERTEX
  8
84
 10
221.200000
 20
-84.400000
  0
VERTEX
  8
84
 10
217.100000
 20
-86.500000
  0
VERTEX
  8
84
 10
213.000000
 20
-88.200000
  0
VERTEX
  8
84
 10
201.500000
 20
-93.600000
  0
VERTEX
  8
84
 10
198.300000
 20
-94.800000
  0
VERTEX
  8
84
 10
196.200000
 20
-95.800000
  0
VERTEX
  8
84
 10
194.300000
 20
-96.800000
  0
VERTEX
  8
84
 10
192.600000
 20
-97.700000
  0
VERTEX
  8
84
 10
190.700000
 20
-98.700000
  0
VERTEX
  8
84
 10
189.200000
 20
-99.700000
  0
VERTEX
  8
84
 10
187.300000
 20
-101.000000
  0
VERTEX
  8
84
 10
185.800000
 20
-102.000000
  0
VERTEX
  8
84
 10
184.200000
 20
-103.400000
  0
VERTEX
  8
84
 10
182.500000
 20
-104.700000
  0
VERTEX
  8
84
 10
181.000000
 20
-105.900000
  0
VERTEX
  8
84
 10
179.600000
 20
-107.100000
  0
VERTEX
  8
84
 10
178.400000
 20
-108.500000
  0
VERTEX
  8
84
 10
177.000000
 20
-110.100000
  0
VERTEX
  8
84
 10
175.400000
 20
-111.500000
  0
VERTEX
  8
84
 10
174.100000
 20
-113.300000
  0
VERTEX
  8
84
 10
173.000000
 20
-114.500000
  0
VERTEX
  8
84
 10
171.700000
 20
-116.200000
  0
VERTEX
  8
84
 10
170.600000
 20
-118.000000
  0
VERTEX
  8
84
 10
169.300000
 20
-119.600000
  0
VERTEX
  8
84
 10
168.100000
 20
-121.400000
  0
VERTEX
  8
84
 10
167.000000
 20
-122.600000
  0
VERTEX
  8
84
 10
166.200000
 20
-124.100000
  0
VERTEX
  8
84
 10
165.400000
 20
-125.300000
  0
VERTEX
  8
84
 10
164.400000
 20
-127.400000
  0
VERTEX
  8
84
 10
163.000000
 20
-130.100000
  0
VERTEX
  8
84
 10
160.900000
 20
-134.500000
  0
VERTEX
  8
84
 10
101.100000
 20
-126.700000
  0
VERTEX
  8
84
 10
67.000000
 20
-122.000000
  0
VERTEX
  8
84
 10
28.100000
 20
-116.600000
  0
VERTEX
  8
84
 10
-10.600000
 20
-112.100000
  0
VERTEX
  8
84
 10
-44.500000
 20
-109.000000
  0
VERTEX
  8
84
 10
-71.800000
 20
-107.000000
  0
VERTEX
  8
84
 10
-93.600000
 20
-105.400000
  0
VERTEX
  8
84
 10
-112.500000
 20
-104.400000
  0
VERTEX
  8
84
 10
-130.300000
 20
-103.800000
  0
VERTEX
  8
84
 10
-148.500000
 20
-103.400000
  0
VERTEX
  8
84
 10
-169.200000
 20
-103.600000
  0
VERTEX
  8
84
 10
-193.700000
 20
-104.700000
  0
VERTEX
  8
84
 10
-221.600000
 20
-106.700000
  0
VERTEX
  8
84
 10
-252.100000
 20
-108.900000
  0
VERTEX
  8
84
 10
-283.000000
 20
-112.000000
  0
VERTEX
  8
84
 10
-313.600000
 20
-115.900000
  0
VERTEX
  8
84
 10
-343.000000
 20
45.600000
  0
VERTEX
  8
84
 10
-128.500000
 20
84.500000
  0
VERTEX
  8
84
 10
-134.800000
 20
110.600000
  0
SEQEND
  0
POLYLINE
  8
1
 66
     1
 70
     1
  0
VERTEX
  8
1
 10
-134.800000
 20
110.600000
  0
VERTEX
  8
1
 10
-98.200000
 20
118.000000
  0
VERTEX
  8
1
 10
-81.700000
 20
120.400000
  0
VERTEX
  8
1
 10
-65.100000
 20
122.900000
  0
VERTEX
  8
1
 10
-46.700000
 20
124.700000
  0
VERTEX
  8
1
 10
-25.400000
 20
126.500000
  0
VERTEX
  8
1
 10
-4.200000
 20
128.100000
  0
VERTEX
  8
1
 10
13.900000
 20
128.900000
  0
VERTEX
  8
1
 10
29.300000
 20
129.600000
  0
VERTEX
  8
1
 10
44.200000
 20
130.100000
  0
VERTEX
  8
1
 10
59.700000
 20
130.100000
  0
VERTEX
  8
1
 10
75.400000
 20
130.600000
  0
VERTEX
  8
1
 10
91.000000
 20
130.400000
  0
VERTEX
  8
1
 10
105.700000
 20
130.600000
  0
VERTEX
  8
1
 10
118.600000
 20
130.200000
  0
VERTEX
  8
1
 10
130.200000
 20
129.900000
  0
VERTEX
  8
1
 10
184.500000
 20
130.000000
  0
VERTEX
  8
1
 10
221.400000
 20
130.000000
  0
VERTEX
  8
1
 10
243.900000
 20
129.600000
  0
VERTEX
  8
1
 10
257.300000
 20
129.300000
  0
VERTEX
  8
1
 10
266.600000
 20
128.700000
  0
VERTEX
  8
1
 10
266.900000
 20
118.700000
  0
VERTEX
  8
1
 10
279.700000
 20
106.700000
  0
VERTEX
  8
1
 10
286.300000
 20
99.900000
  0
VERTEX
  8
1
 10
290.100000
 20
95.900000
  0
VERTEX
  8
1
 10
291.800000
 20
94.000000
  0
VERTEX
  8
1
 10
292.900000
 20
92.800000
  0
VERTEX
  8
1
 10
293.900000
 20
91.500000
  0
VERTEX
  8
1
 10
294.700000
 20
90.300000
  0
VERTEX
  8
1
 10
295.700000
 20
88.900000
  0
VERTEX
  8
1
 10
296.700000
 20
87.600000
  0
VERTEX
  8
1
 10
297.900000
 20
85.700000
  0
VERTEX
  8
1
 10
299.500000
 20
83.600000
  0
VERTEX
  8
1
 10
300.800000
 20
81.900000
  0
VERTEX
  8
1
 10
301.700000
 20
80.300000
  0
VERTEX
  8
1
 10
302.400000
 20
78.700000
  0
VERTEX
  8
1
 10
303.300000
 20
77.100000
  0
VERTEX
  8
1
 10
304.100000
 20
75.500000
  0
VERTEX
  8
1
 10
304.900000
 20
74.000000
  0
VERTEX
  8
1
 10
305.700000
 20
72.500000
  0
VERTEX
  8
1
 10
306.300000
 20
71.000000
  0
VERTEX
  8
1
 10
307.200000
 20
69.200000
  0
VERTEX
  8
1
 10
307.900000
 20
67.300000
  0
VERTEX
  8
1
 10
308.600000
 20
65.400000
  0
VERTEX
  8
1
 10
309.200000
 20
63.700000
  0
VERTEX
  8
1
 10
309.800000
 20
62.000000
  0
VERTEX
  8
1
 10
310.400000
 20
60.200000
  0
VERTEX
  8
1
 10
311.200000
 20
57.500000
  0
VERTEX
  8
1
 10
312.100000
 20
53.800000
  0
VERTEX
  8
1
 10
313.200000
 20
49.900000
  0
VERTEX
  8
1
 10
313.800000
 20
46.800000
  0
VERTEX
  8
1
 10
314.200000
 20
44.100000
  0
VERTEX
  8
1
 10
314.300000
 20
41.300000
  0
VERTEX
  8
1
 10
314.700000
 20
38.600000
  0
VERTEX
  8
1
 10
314.900000
 20
36.300000
  0
VERTEX
  8
1
 10
315.000000
 20
33.900000
  0
VERTEX
  8
1
 10
315.000000
 20
31.500000
  0
VERTEX
  8
1
 10
315.200000
 20
28.800000
  0
VERTEX
  8
1
 10
315.100000
 20
25.000000
  0
VERTEX
  8
1
 10
315.000000
 20
20.800000
  0
VERTEX
  8
1
 10
314.700000
 20
17.100000
  0
VERTEX
  8
1
 10
314.200000
 20
14.000000
  0
VERTEX
  8
1
 10
314.000000
 20
10.600000
  0
VERTEX
  8
1
 10
313.300000
 20
7.600000
  0
VERTEX
  8
1
 10
312.800000
 20
4.500000
  0
VERTEX
  8
1
 10
312.200000
 20
1.900000
  0
VERTEX
  8
1
 10
311.500000
 20
-0.800000
  0
VERTEX
  8
1
 10
310.800000
 20
-3.700000
  0
VERTEX
  8
1
 10
309.900000
 20
-6.400000
  0
VERTEX
  8
1
 10
308.900000
 20
-9.600000
  0
VERTEX
  8
1
 10
307.500000
 20
-13.600000
  0
VERTEX
  8
1
 10
305.500000
 20
-18.300000
  0
VERTEX
  8
1
 10
303.600000
 20
-22.100000
  0
VERTEX
  8
1
 10
302.400000
 20
-24.700000
  0
VERTEX
  8
1
 10
301.700000
 20
-26.000000
  0
VERTEX
  8
1
 10
300.800000
 20
-27.500000
  0
VERTEX
  8
1
 10
299.700000
 20
-29.200000
  0
VERTEX
  8
1
 10
298.600000
 20
-30.900000
  0
VERTEX
  8
1
 10
297.200000
 20
-32.900000
  0
VERTEX
  8
1
 10
295.600000
 20
-35.200000
  0
VERTEX
  8
1
 10
293.700000
 20
-37.500000
  0
VERTEX
  8
1
 10
291.600000
 20
-40.100000
  0
VERTEX
  8
1
 10
288.900000
 20
-43.100000
  0
VERTEX
  8
1
 10
285.900000
 20
-46.200000
  0
VERTEX
  8
1
 10
283.500000
 20
-48.600000
  0
VERTEX
  8
1
 10
281.800000
 20
-50.500000
  0
VERTEX
  8
1
 10
280.000000
 20
-52.000000
  0
VERTEX
  8
1
 10
278.200000
 20
-53.500000
  0
VERTEX
  8
1
 10
276.400000
 20
-54.800000
  0
VERTEX
  8
1
 10
274.900000
 20
-55.800000
  0
VERTEX
  8
1
 10
273.700000
 20
-57.000000
  0
VERTEX
  8
1
 10
271.300000
 20
-58.900000
  0
VERTEX
  8
1
 10
269.800000
 20
-59.700000
  0
VERTEX
  8
1
 10
266.900000
 20
-61.000000
  0
VERTEX
  8
1
 10
262.400000
 20
-63.400000
  0
VERTEX
  8
1
 10
257.200000
 20
-66.500000
  0
VERTEX
  8
1
 10
252.600000
 20
-69.000000
  0
VERTEX
  8
1
 10
249.100000
 20
-70.600000
  0
VERTEX
  8
1
 10
246.200000
 20
-72.100000
  0
VERTEX
  8
1
 10
243.100000
 20
-73.700000
  0
VERTEX
  8
1
 10
239.900000
 20
-75.300000
  0
VERTEX
  8
1
 10
235.600000
 20
-77.300000
  0
VERTEX
  8
1
 10
230.400000
 20
-79.900000
  0
VERTEX
  8
1
 10
225.400000
 20
-82.500000
  0
VERTEX
  8
1
 10
221.200000
 20
-84.400000
  0
VERTEX
  8
1
 10
217.100000
 20
-86.500000
  0
VERTEX
  8
1
 10
213.000000
 20
-88.200000
  0
VERTEX
  8
1
 10
201.500000
 20
-93.600000
  0
VERTEX
  8
1
 10
198.300000
 20
-94.800000
  0
VERTEX
  8
1
 10
196.200000
 20
-95.800000
  0
VERTEX
  8
1
 10
194.300000
 20
-96.800000
  0
VERTEX
  8
1
 10
192.600000
 20
-97.700000
  0
VERTEX
  8
1
 10
190.700000
 20
-98.700000
  0
VERTEX
  8
1
 10
189.200000
 20
-99.700000
  0
VERTEX
  8
1
 10
187.300000
 20
-101.000000
  0
VERTEX
  8
1
 10
185.800000
 20
-102.000000
  0
VERTEX
  8
1
 10
184.200000
 20
-103.400000
  0
VERTEX
  8
1
 10
182.500000
 20
-104.700000
  0
VERTEX
  8
1
 10
181.000000
 20
-105.900000
  0
VERTEX
  8
1
 10
179.600000
 20
-107.100000
  0
VERTEX
  8
1
 10
178.400000
 20
-108.500000
  0
VERTEX
  8
1
 10
177.000000
 20
-110.100000
  0
VERTEX
  8
1
 10
175.400000
 20
-111.500000
  0
VERTEX
  8
1
 10
174.100000
 20
-113.300000
  0
VERTEX
  8
1
 10
173.000000
 20
-114.500000
  0
VERTEX
  8
1
 10
171.700000
 20
-116.200000
  0
VERTEX
  8
1
 10
170.600000
 20
-118.000000
  0
VERTEX
  8
1
 10
169.300000
 20
-119.600000
  0
VERTEX
  8
1
 10
168.100000
 20
-121.400000
  0
VERTEX
  8
1
 10
167.000000
 20
-122.600000
  0
VERTEX
  8
1
 10
166.200000
 20
-124.100000
  0
VERTEX
  8
1
 10
165.400000
 20
-125.300000
  0
VERTEX
  8
1
 10
164.400000
 20
-127.400000
  0
VERTEX
  8
1
 10
163.000000
 20
-130.100000
  0
VERTEX
  8
1
 10
160.900000
 20
-134.500000
  0
VERTEX
  8
1
 10
101.100000
 20
-126.700000
  0
VERTEX
  8
1
 10
67.000000
 20
-122.000000
  0
VERTEX
  8
1
 10
28.100000
 20
-116.600000
  0
VERTEX
  8
1
 10
-10.600000
 20
-112.100000
  0
VERTEX
  8
1
 10
-44.500000
 20
-109.000000
  0
VERTEX
  8
1
 10
-71.800000
 20
-107.000000
  0
VERTEX
  8
1
 10
-93.600000
 20
-105.400000
  0
VERTEX
  8
1
 10
-112.500000
 20
-104.400000
  0
VERTEX
  8
1
 10
-130.300000
 20
-103.800000
  0
VERTEX
  8
1
 10
-148.500000
 20
-103.400000
  0
VERTEX
  8
1
 10
-169.200000
 20
-103.600000
  0
VERTEX
  8
1
 10
-193.700000
 20
-104.700000
  0
VERTEX
  8
1
 10
-221.600000
 20
-106.700000
  0
VERTEX
  8
1
 10
-252.100000
 20
-108.900000
  0
VERTEX
  8
1
 10
-283.000000
 20
-112.000000
  0
VERTEX
  8
1
 10
-313.600000
 20
-115.900000
  0
VERTEX
  8
1
 10
-343.000000
 20
45.600000
  0
VERTEX
  8
1
 10
-128.500000
 20
84.500000
  0
VERTEX
  8
1
 10
-134.800000
 20
110.600000
  0
SEQEND
  0
POLYLINE
  8
87
 66
     1
  0
VERTEX
  8
87
 10
257.100000
 20
114.300000
  0
VERTEX
  8
87
 10
272.700000
 20
99.600000
  0
VERTEX
  8
87
 10
279.100000
 20
93.000000
  0
VERTEX
  8
87
 10
282.800000
 20
89.200000
  0
VERTEX
  8
87
 10
284.400000
 20
87.300000
  0
VERTEX
  8
87
 10
285.800000
 20
85.700000
  0
VERTEX
  8
87
 10
286.500000
 20
84.600000
  0
VERTEX
  8
87
 10
287.700000
 20
83.000000
  0
VERTEX
  8
87
 10
288.500000
 20
81.900000
  0
VERTEX
  8
87
 10
289.700000
 20
80.000000
  0
VERTEX
  8
87
 10
291.600000
 20
77.600000
  0
VERTEX
  8
87
 10
292.500000
 20
76.400000
  0
VERTEX
  8
87
 10
293.500000
 20
74.200000
  0
VERTEX
  8
87
 10
294.500000
 20
72.400000
  0
VERTEX
  8
87
 10
295.200000
 20
70.900000
  0
VERTEX
  8
87
 10
296.100000
 20
69.300000
  0
VERTEX
  8
87
 10
296.700000
 20
68.300000
  0
VERTEX
  8
87
 10
297.200000
 20
66.900000
  0
VERTEX
  8
87
 10
298.100000
 20
65.300000
  0
VERTEX
  8
87
 10
298.600000
 20
63.900000
  0
VERTEX
  8
87
 10
299.200000
 20
62.000000
  0
VERTEX
  8
87
 10
299.800000
 20
60.400000
  0
VERTEX
  8
87
 10
300.400000
 20
58.800000
  0
VERTEX
  8
87
 10
300.900000
 20
57.200000
  0
VERTEX
  8
87
 10
301.600000
 20
54.900000
  0
VERTEX
  8
87
 10
302.400000
 20
51.300000
  0
VERTEX
  8
87
 10
303.500000
 20
47.600000
  0
VERTEX
  8
87
 10
304.000000
 20
45.100000
  0
VERTEX
  8
87
 10
304.300000
 20
43.200000
  0
VERTEX
  8
87
 10
304.400000
 20
40.400000
  0
VERTEX
  8
87
 10
304.800000
 20
37.500000
  0
VERTEX
  8
87
 10
305.000000
 20
35.700000
  0
VERTEX
  8
87
 10
305.000000
 20
33.700000
  0
VERTEX
  8
87
 10
305.000000
 20
31.100000
  0
VERTEX
  8
87
 10
305.300000
 20
28.500000
  0
VERTEX
  8
87
 10
305.200000
 20
25.200000
  0
VERTEX
  8
87
 10
305.100000
 20
21.300000
  0
VERTEX
  8
87
 10
304.800000
 20
18.200000
  0
VERTEX
  8
87
 10
304.300000
 20
15.000000
  0
VERTEX
  8
87
 10
304.200000
 20
11.900000
  0
VERTEX
  8
87
 10
303.500000
 20
9.400001
  0
VERTEX
  8
87
 10
303.000000
 20
6.300000
  0
VERTEX
  8
87
 10
302.500000
 20
4.200000
  0
VERTEX
  8
87
 10
301.800000
 20
1.600000
  0
VERTEX
  8
87
 10
301.200000
 20
-1.000000
  0
VERTEX
  8
87
 10
300.400000
 20
-3.400000
  0
VERTEX
  8
87
 10
299.400000
 20
-6.500000
  0
VERTEX
  8
87
 10
298.200000
 20
-10.000000
  0
VERTEX
  8
87
 10
296.400000
 20
-14.100000
  0
VERTEX
  8
87
 10
294.600000
 20
-17.800000
  0
VERTEX
  8
87
 10
293.500000
 20
-20.300000
  0
VERTEX
  8
87
 10
292.400000
 20
-22.200000
  0
VERTEX
  8
87
 10
291.400000
 20
-23.800000
  0
VERTEX
  8
87
 10
290.400000
 20
-25.300000
  0
VERTEX
  8
87
 10
289.000000
 20
-27.200000
  0
VERTEX
  8
87
 10
287.600000
 20
-29.200000
  0
VERTEX
  8
87
 10
286.000000
 20
-31.200000
  0
VERTEX
  8
87
 10
284.000000
 20
-33.700000
  0
VERTEX
  8
87
 10
281.600000
 20
-36.300000
  0
VERTEX
  8
87
 10
278.800000
 20
-39.200000
  0
VERTEX
  8
87
 10
276.300000
 20
-41.800000
  0
VERTEX
  8
87
 10
274.900000
 20
-43.400000
  0
VERTEX
  8
87
 10
273.600000
 20
-44.400000
  0
VERTEX
  8
87
 10
272.100000
 20
-45.600000
  0
VERTEX
  8
87
 10
270.700000
 20
-46.600000
  0
VERTEX
  8
87
 10
268.600000
 20
-48.100000
  0
VERTEX
  8
87
 10
267.100000
 20
-49.600000
  0
VERTEX
  8
87
 10
265.800000
 20
-50.600000
  0
VERTEX
  8
87
 10
262.500000
 20
-52.000000
  0
VERTEX
  8
87
 10
257.500000
 20
-54.700000
  0
VERTEX
  8
87
 10
252.300000
 20
-57.900000
  0
VERTEX
  8
87
 10
248.200000
 20
-60.100000
  0
VERTEX
  8
87
 10
244.800000
 20
-61.700000
  0
VERTEX
  8
87
 10
241.700000
 20
-63.300000
  0
VERTEX
  8
87
 10
238.600000
 20
-64.800000
  0
VERTEX
  8
87
 10
235.600000
 20
-66.300000
  0
VERTEX
  8
87
 10
231.300000
 20
-68.300000
  0
VERTEX
  8
87
 10
225.900000
 20
-71.000000
  0
VERTEX
  8
87
 10
221.000000
 20
-73.500000
  0
VERTEX
  8
87
 10
216.900000
 20
-75.400000
  0
VERTEX
  8
87
 10
212.900000
 20
-77.400000
  0
VERTEX
  8
87
 10
209.000000
 20
-79.100000
  0
VERTEX
  8
87
 10
197.900000
 20
-84.300000
  0
VERTEX
  8
87
 10
194.400000
 20
-85.600000
  0
VERTEX
  8
87
 10
191.800000
 20
-86.900000
  0
VERTEX
  8
87
 10
189.700000
 20
-88.000000
  0
VERTEX
  8
87
 10
188.000000
 20
-88.900000
  0
VERTEX
  8
87
 10
185.600000
 20
-90.100000
  0
VERTEX
  8
87
 10
183.600000
 20
-91.400000
  0
VERTEX
  8
87
 10
181.700000
 20
-92.700000
  0
VERTEX
  8
87
 10
179.800000
 20
-94.100000
  0
VERTEX
  8
87
 10
177.900000
 20
-95.700000
  0
VERTEX
  8
87
 10
176.400000
 20
-96.800000
  0
VERTEX
  8
87
 10
174.600000
 20
-98.200000
  0
VERTEX
  8
87
 10
172.600000
 20
-100.100000
  0
VERTEX
  8
87
 10
170.900000
 20
-102.000000
  0
VERTEX
  8
87
 10
170.000000
 20
-103.100000
  0
VERTEX
  8
87
 10
168.100000
 20
-104.800000
  0
VERTEX
  8
87
 10
166.400000
 20
-107.000000
  0
VERTEX
  8
87
 10
165.400000
 20
-108.100000
  0
VERTEX
  8
87
 10
163.500000
 20
-110.600000
  0
VERTEX
  8
87
 10
162.500000
 20
-112.200000
  0
VERTEX
  8
87
 10
161.300000
 20
-113.700000
  0
VERTEX
  8
87
 10
160.300000
 20
-115.300000
  0
VERTEX
  8
87
 10
158.900000
 20
-116.900000
  0
VERTEX
  8
87
 10
157.600000
 20
-119.000000
  0
VERTEX
  8
87
 10
156.700000
 20
-120.400000
  0
VERTEX
  8
87
 10
155.500000
 20
-123.000000
  0
VERTEX
  8
87
 10
102.300000
 20
-116.800000
  0
VERTEX
  8
87
 10
68.300000
 20
-112.100000
  0
VERTEX
  8
87
 10
29.300000
 20
-106.700000
  0
VERTEX
  8
87
 10
-9.600000
 20
-102.200000
  0
VERTEX
  8
87
 10
-43.700000
 20
-99.100000
  0
VERTEX
  8
87
 10
-71.100000
 20
-97.100000
  0
VERTEX
  8
87
 10
-93.000000
 20
-95.500000
  0
VERTEX
  8
87
 10
-112.100000
 20
-94.500000
  0
VERTEX
  8
87
 10
-130.000000
 20
-93.900000
  0
VERTEX
  8
87
 10
-148.400000
 20
-93.500000
  0
VERTEX
  8
87
 10
-169.400000
 20
-93.700000
  0
VERTEX
  8
87
 10
-194.200000
 20
-94.800000
  0
VERTEX
  8
87
 10
-222.300000
 20
-96.800000
  0
VERTEX
  8
87
 10
-252.900000
 20
-99.000000
  0
VERTEX
  8
87
 10
-284.000000
 20
-102.100000
  0
VERTEX
  8
87
 10
-305.500000
 20
-104.800000
  0
VERTEX
  8
87
 10
-331.400000
 20
37.500000
  0
VERTEX
  8
87
 10
-116.400000
 20
76.500000
  0
VERTEX
  8
87
 10
-122.600000
 20
102.800000
  0
VERTEX
  8
87
 10
-96.500000
 20
108.200000
  0
VERTEX
  8
87
 10
-80.300000
 20
110.600000
  0
VERTEX
  8
87
 10
-63.900000
 20
113.000000
  0
VERTEX
  8
87
 10
-45.800000
 20
114.800000
  0
VERTEX
  8
87
 10
-24.600000
 20
116.600000
  0
VERTEX
  8
87
 10
-3.600000
 20
118.200000
  0
VERTEX
  8
87
 10
14.300000
 20
119.000000
  0
VERTEX
  8
87
 10
29.700000
 20
119.700000
  0
VERTEX
  8
87
 10
44.400000
 20
120.100000
  0
VERTEX
  8
87
 10
59.800000
 20
120.100000
  0
VERTEX
  8
87
 10
75.500000
 20
120.700000
  0
VERTEX
  8
87
 10
91.000000
 20
120.500000
  0
VERTEX
  8
87
 10
105.600000
 20
120.700000
  0
VERTEX
  8
87
 10
118.300000
 20
120.300000
  0
VERTEX
  8
87
 10
130.100000
 20
120.000000
  0
VERTEX
  8
87
 10
184.500000
 20
120.000000
  0
VERTEX
  8
87
 10
221.300000
 20
120.000000
  0
VERTEX
  8
87
 10
243.700000
 20
119.700000
  0
VERTEX
  8
87
 10
256.900000
 20
119.400000
  0
VERTEX
  8
87
 10
257.100000
 20
114.300000
  0
SEQEND
  0
POLYLINE
  8
14
 66
     1
  0
VERTEX
  8
14
 10
257.100000
 20
114.300000
  0
VERTEX
  8
14
 10
272.700000
 20
99.600000
  0
VERTEX
  8
14
 10
279.100000
 20
93.000000
  0
VERTEX
  8
14
 10
282.800000
 20
89.200000
  0
VERTEX
  8
14
 10
284.400000
 20
87.300000
  0
VERTEX
  8
14
 10
285.800000
 20
85.700000
  0
VERTEX
  8
14
 10
286.500000
 20
84.600000
  0
VERTEX
  8
14
 10
287.700000
 20
83.000000
  0
VERTEX
  8
14
 10
288.500000
 20
81.900000
  0
VERTEX
  8
14
 10
289.700000
 20
80.000000
  0
VERTEX
  8
14
 10
291.600000
 20
77.600000
  0
VERTEX
  8
14
 10
292.500000
 20
76.400000
  0
VERTEX
  8
14
 10
293.500000
 20
74.200000
  0
VERTEX
  8
14
 10
294.500000
 20
72.400000
  0
VERTEX
  8
14
 10
295.200000
 20
70.900000
  0
VERTEX
  8
14
 10
296.100000
 20
69.300000
  0
VERTEX
  8
14
 10
296.700000
 20
68.300000
  0
VERTEX
  8
14
 10
297.200000
 20
66.900000
  0
VERTEX
  8
14
 10
298.100000
 20
65.300000
  0
VERTEX
  8
14
 10
298.600000
 20
63.900000
  0
VERTEX
  8
14
 10
299.200000
 20
62.000000
  0
VERTEX
  8
14
 10
299.800000
 20
60.400000
  0
VERTEX
  8
14
 10
300.400000
 20
58.800000
  0
VERTEX
  8
14
 10
300.900000
 20
57.200000
  0
VERTEX
  8
14
 10
301.600000
 20
54.900000
  0
VERTEX
  8
14
 10
302.400000
 20
51.300000
  0
VERTEX
  8
14
 10
303.500000
 20
47.600000
  0
VERTEX
  8
14
 10
304.000000
 20
45.100000
  0
VERTEX
  8
14
 10
304.300000
 20
43.200000
  0
VERTEX
  8
14
 10
304.400000
 20
40.400000
  0
VERTEX
  8
14
 10
304.800000
 20
37.500000
  0
VERTEX
  8
14
 10
305.000000
 20
35.700000
  0
VERTEX
  8
14
 10
305.000000
 20
33.700000
  0
VERTEX
  8
14
 10
305.000000
 20
31.100000
  0
VERTEX
  8
14
 10
305.300000
 20
28.500000
  0
VERTEX
  8
14
 10
305.200000
 20
25.200000
  0
VERTEX
  8
14
 10
305.100000
 20
21.300000
  0
VERTEX
  8
14
 10
304.800000
 20
18.200000
  0
VERTEX
  8
14
 10
304.300000
 20
15.000000
  0
VERTEX
  8
14
 10
304.200000
 20
11.900000
  0
VERTEX
  8
14
 10
303.500000
 20
9.400001
  0
VERTEX
  8
14
 10
303.000000
 20
6.300000
  0
VERTEX
  8
14
 10
302.500000
 20
4.200000
  0
VERTEX
  8
14
 10
301.800000
 20
1.600000
  0
VERTEX
  8
14
 10
301.200000
 20
-1.000000
  0
VERTEX
  8
14
 10
300.400000
 20
-3.400000
  0
VERTEX
  8
14
 10
299.400000
 20
-6.500000
  0
VERTEX
  8
14
 10
298.200000
 20
-10.000000
  0
VERTEX
  8
14
 10
296.400000
 20
-14.100000
  0
VERTEX
  8
14
 10
294.600000
 20
-17.800000
  0
VERTEX
  8
14
 10
293.500000
 20
-20.300000
  0
VERTEX
  8
14
 10
292.400000
 20
-22.200000
  0
VERTEX
  8
14
 10
291.400000
 20
-23.800000
  0
VERTEX
  8
14
 10
290.400000
 20
-25.300000
  0
VERTEX
  8
14
 10
289.000000
 20
-27.200000
  0
VERTEX
  8
14
 10
287.600000
 20
-29.200000
  0
VERTEX
  8
14
 10
286.000000
 20
-31.200000
  0
VERTEX
  8
14
 10
284.000000
 20
-33.700000
  0
VERTEX
  8
14
 10
281.600000
 20
-36.300000
  0
VERTEX
  8
14
 10
278.800000
 20
-39.200000
  0
VERTEX
  8
14
 10
276.300000
 20
-41.800000
  0
VERTEX
  8
14
 10
274.900000
 20
-43.400000
  0
VERTEX
  8
14
 10
273.600000
 20
-44.400000
  0
VERTEX
  8
14
 10
272.100000
 20
-45.600000
  0
VERTEX
  8
14
 10
270.700000
 20
-46.600000
  0
VERTEX
  8
14
 10
268.600000
 20
-48.100000
  0
VERTEX
  8
14
 10
267.100000
 20
-49.600000
  0
VERTEX
  8
14
 10
265.800000
 20
-50.600000
  0
VERTEX
  8
14
 10
262.500000
 20
-52.000000
  0
VERTEX
  8
14
 10
257.500000
 20
-54.700000
  0
VERTEX
  8
14
 10
252.300000
 20
-57.900000
  0
VERTEX
  8
14
 10
248.200000
 20
-60.100000
  0
VERTEX
  8
14
 10
244.800000
 20
-61.700000
  0
VERTEX
  8
14
 10
241.700000
 20
-63.300000
  0
VERTEX
  8
14
 10
238.600000
 20
-64.800000
  0
VERTEX
  8
14
 10
235.600000
 20
-66.300000
  0
VERTEX
  8
14
 10
231.300000
 20
-68.300000
  0
VERTEX
  8
14
 10
225.900000
 20
-71.000000
  0
VERTEX
  8
14
 10
221.000000
 20
-73.500000
  0
VERTEX
  8
14
 10
216.900000
 20
-75.400000
  0
VERTEX
  8
14
 10
212.900000
 20
-77.400000
  0
VERTEX
  8
14
 10
209.000000
 20
-79.100000
  0
VERTEX
  8
14
 10
197.900000
 20
-84.300000
  0
VERTEX
  8
14
 10
194.400000
 20
-85.600000
  0
VERTEX
  8
14
 10
191.800000
 20
-86.900000
  0
VERTEX
  8
14
 10
189.700000
 20
-88.000000
  0
VERTEX
  8
14
 10
188.000000
 20
-88.900000
  0
VERTEX
  8
14
 10
185.600000
 20
-90.100000
  0
VERTEX
  8
14
 10
183.600000
 20
-91.400000
  0
VERTEX
  8
14
 10
181.700000
 20
-92.700000
  0
VERTEX
  8
14
 10
179.800000
 20
-94.100000
  0
VERTEX
  8
14
 10
177.900000
 20
-95.700000
  0
VERTEX
  8
14
 10
176.400000
 20
-96.800000
  0
VERTEX
  8
14
 10
174.600000
 20
-98.200000
  0
VERTEX
  8
14
 10
172.600000
 20
-100.100000
  0
VERTEX
  8
14
 10
170.900000
 20
-102.000000
  0
VERTEX
  8
14
 10
170.000000
 20
-103.100000
  0
VERTEX
  8
14
 10
168.100000
 20
-104.800000
  0
VERTEX
  8
14
 10
166.400000
 20
-107.000000
  0
VERTEX
  8
14
 10
165.400000
 20
-108.100000
  0
VERTEX
  8
14
 10
163.500000
 20
-110.600000
  0
VERTEX
  8
14
 10
162.500000
 20
-112.200000
  0
VERTEX
  8
14
 10
161.300000
 20
-113.700000
  0
VERTEX
  8
14
 10
160.300000
 20
-115.300000
  0
VERTEX
  8
14
 10
158.900000
 20
-116.900000
  0
VERTEX
  8
14
 10
157.600000
 20
-119.000000
  0
VERTEX
  8
14
 10
156.700000
 20
-120.400000
  0
VERTEX
  8
14
 10
155.500000
 20
-123.000000
  0
VERTEX
  8
14
 10
102.300000
 20
-116.800000
  0
VERTEX
  8
14
 10
68.300000
 20
-112.100000
  0
VERTEX
  8
14
 10
29.300000
 20
-106.700000
  0
VERTEX
  8
14
 10
-9.600000
 20
-102.200000
  0
VERTEX
  8
14
 10
-43.700000
 20
-99.100000
  0
VERTEX
  8
14
 10
-71.100000
 20
-97.100000
  0
VERTEX
  8
14
 10
-93.000000
 20
-95.500000
  0
VERTEX
  8
14
 10
-112.100000
 20
-94.500000
  0
VERTEX
  8
14
 10
-130.000000
 20
-93.900000
  0
VERTEX
  8
14
 10
-148.400000
 20
-93.500000
  0
VERTEX
  8
14
 10
-169.400000
 20
-93.700000
  0
VERTEX
  8
14
 10
-194.200000
 20
-94.800000
  0
VERTEX
  8
14
 10
-222.300000
 20
-96.800000
  0
VERTEX
  8
14
 10
-252.900000
 20
-99.000000
  0
VERTEX
  8
14
 10
-284.000000
 20
-102.100000
  0
VERTEX
  8
14
 10
-305.500000
 20
-104.800000
  0
VERTEX
  8
14
 10
-331.400000
 20
37.500000
  0
VERTEX
  8
14
 10
-116.400000
 20
76.500000
  0
VERTEX
  8
14
 10
-122.600000
 20
102.800000
  0
VERTEX
  8
14
 10
-96.500000
 20
108.200000
  0
VERTEX
  8
14
 10
-80.300000
 20
110.600000
  0
VERTEX
  8
14
 10
-63.900000
 20
113.000000
  0
VERTEX
  8
14
 10
-45.800000
 20
114.800000
  0
VERTEX
  8
14
 10
-24.600000
 20
116.600000
  0
VERTEX
  8
14
 10
-3.600000
 20
118.200000
  0
VERTEX
  8
14
 10
14.300000
 20
119.000000
  0
VERTEX
  8
14
 10
29.700000
 20
119.700000
  0
VERTEX
  8
14
 10
44.400000
 20
120.100000
  0
VERTEX
  8
14
 10
59.800000
 20
120.100000
  0
VERTEX
  8
14
 10
75.500000
 20
120.700000
  0
VERTEX
  8
14
 10
91.000000
 20
120.500000
  0
VERTEX
  8
14
 10
105.600000
 20
120.700000
  0
VERTEX
  8
14
 10
118.300000
 20
120.300000
  0
VERTEX
  8
14
 10
130.100000
 20
120.000000
  0
VERTEX
  8
14
 10
184.500000
 20
120.000000
  0
VERTEX
  8
14
 10
221.300000
 20
120.000000
  0
VERTEX
  8
14
 10
243.700000
 20
119.700000
  0
VERTEX
  8
14
 10
256.900000
 20
119.400000
  0
VERTEX
  8
14
 10
257.100000
 20
114.300000
  0
SEQEND
  0
POINT
  8
2
 10
-134.800000
 20
110.600000
  0
POINT
  8
3
 10
-98.200000
 20
118.000000
  0
POINT
  8
3
 10
-81.700000
 20
120.400000
  0
POINT
  8
3
 10
-65.100000
 20
122.900000
  0
POINT
  8
3
 10
-46.700000
 20
124.700000
  0
POINT
  8
3
 10
-25.400000
 20
126.500000
  0
POINT
  8
3
 10
-4.200000
 20
128.100000
  0
POINT
  8
3
 10
13.900000
 20
128.900000
  0
POINT
  8
3
 10
29.300000
 20
129.600000
  0
POINT
  8
3
 10
44.200000
 20
130.100000
  0
POINT
  8
3
 10
59.700000
 20
130.100000
  0
POINT
  8
3
 10
75.400000
 20
130.600000
  0
POINT
  8
3
 10
91.000000
 20
130.400000
  0
POINT
  8
3
 10
105.700000
 20
130.600000
  0
POINT
  8
3
 10
118.600000
 20
130.200000
  0
POINT
  8
2
 10
130.200000
 20
129.900000
  0
POINT
  8
3
 10
184.500000
 20
130.000000
  0
POINT
  8
3
 10
221.400000
 20
130.000000
  0
POINT
  8
3
 10
243.900000
 20
129.600000
  0
POINT
  8
3
 10
257.300000
 20
129.300000
  0
POINT
  8
2
 10
266.600000
 20
128.700000
  0
POINT
  8
2
 10
266.900000
 20
118.700000
  0
POINT
  8
2
 10
279.700000
 20
106.700000
  0
POINT
  8
3
 10
286.300000
 20
99.900000
  0
POINT
  8
3
 10
290.100000
 20
95.900000
  0
POINT
  8
3
 10
291.800000
 20
94.000000
  0
POINT
  8
3
 10
292.900000
 20
92.800000
  0
POINT
  8
3
 10
293.900000
 20
91.500000
  0
POINT
  8
3
 10
294.700000
 20
90.300000
  0
POINT
  8
3
 10
295.700000
 20
88.900000
  0
POINT
  8
3
 10
296.700000
 20
87.600000
  0
POINT
  8
3
 10
297.900000
 20
85.700000
  0
POINT
  8
3
 10
299.500000
 20
83.600000
  0
POINT
  8
3
 10
300.800000
 20
81.900000
  0
POINT
  8
3
 10
301.700000
 20
80.300000
  0
POINT
  8
3
 10
302.400000
 20
78.700000
  0
POINT
  8
3
 10
303.300000
 20
77.100000
  0
POINT
  8
3
 10
304.100000
 20
75.500000
  0
POINT
  8
3
 10
304.900000
 20
74.000000
  0
POINT
  8
3
 10
305.700000
 20
72.500000
  0
POINT
  8
3
 10
306.300000
 20
71.000000
  0
POINT
  8
3
 10
307.200000
 20
69.200000
  0
POINT
  8
3
 10
307.900000
 20
67.300000
  0
POINT
  8
3
 10
308.600000
 20
65.400000
  0
POINT
  8
3
 10
309.200000
 20
63.700000
  0
POINT
  8
3
 10
309.800000
 20
62.000000
  0
POINT
  8
3
 10
310.400000
 20
60.200000
  0
POINT
  8
3
 10
311.200000
 20
57.500000
  0
POINT
  8
3
 10
312.100000
 20
53.800000
  0
POINT
  8
3
 10
313.200000
 20
49.900000
  0
POINT
  8
3
 10
313.800000
 20
46.800000
  0
POINT
  8
3
 10
314.200000
 20
44.100000
  0
POINT
  8
3
 10
314.300000
 20
41.300000
  0
POINT
  8
3
 10
314.700000
 20
38.600000
  0
POINT
  8
3
 10
314.900000
 20
36.300000
  0
POINT
  8
3
 10
315.000000
 20
33.900000
  0
POINT
  8
3
 10
315.000000
 20
31.500000
  0
POINT
  8
3
 10
315.200000
 20
28.800000
  0
POINT
  8
3
 10
315.100000
 20
25.000000
  0
POINT
  8
3
 10
315.000000
 20
20.800000
  0
POINT
  8
3
 10
314.700000
 20
17.100000
  0
POINT
  8
2
 10
314.200000
 20
14.000000
  0
POINT
  8
3
 10
314.000000
 20
10.600000
  0
POINT
  8
3
 10
313.300000
 20
7.600000
  0
POINT
  8
3
 10
312.800000
 20
4.500000
  0
POINT
  8
3
 10
312.200000
 20
1.900000
  0
POINT
  8
3
 10
311.500000
 20
-0.800000
  0
POINT
  8
3
 10
310.800000
 20
-3.700000
  0
POINT
  8
3
 10
309.900000
 20
-6.400000
  0
POINT
  8
3
 10
308.900000
 20
-9.600000
  0
POINT
  8
3
 10
307.500000
 20
-13.600000
  0
POINT
  8
3
 10
305.500000
 20
-18.300000
  0
POINT
  8
3
 10
303.600000
 20
-22.100000
  0
POINT
  8
3
 10
302.400000
 20
-24.700000
  0
POINT
  8
3
 10
301.700000
 20
-26.000000
  0
POINT
  8
3
 10
300.800000
 20
-27.500000
  0
POINT
  8
3
 10
299.700000
 20
-29.200000
  0
POINT
  8
3
 10
298.600000
 20
-30.900000
  0
POINT
  8
3
 10
297.200000
 20
-32.900000
  0
POINT
  8
3
 10
295.600000
 20
-35.200000
  0
POINT
  8
3
 10
293.700000
 20
-37.500000
  0
POINT
  8
3
 10
291.600000
 20
-40.100000
  0
POINT
  8
3
 10
288.900000
 20
-43.100000
  0
POINT
  8
3
 10
285.900000
 20
-46.200000
  0
POINT
  8
3
 10
283.500000
 20
-48.600000
  0
POINT
  8
3
 10
281.800000
 20
-50.500000
  0
POINT
  8
3
 10
280.000000
 20
-52.000000
  0
POINT
  8
3
 10
278.200000
 20
-53.500000
  0
POINT
  8
3
 10
276.400000
 20
-54.800000
  0
POINT
  8
3
 10
274.900000
 20
-55.800000
  0
POINT
  8
3
 10
273.700000
 20
-57.000000
  0
POINT
  8
3
 10
271.300000
 20
-58.900000
  0
POINT
  8
3
 10
269.800000
 20
-59.700000
  0
POINT
  8
3
 10
266.900000
 20
-61.000000
  0
POINT
  8
3
 10
262.400000
 20
-63.400000
  0
POINT
  8
3
 10
257.200000
 20
-66.500000
  0
POINT
  8
3
 10
252.600000
 20
-69.000000
  0
POINT
  8
3
 10
249.100000
 20
-70.600000
  0
POINT
  8
3
 10
246.200000
 20
-72.100000
  0
POINT
  8
3
 10
243.100000
 20
-73.700000
  0
POINT
  8
3
 10
239.900000
 20
-75.300000
  0
POINT
  8
3
 10
235.600000
 20
-77.300000
  0
POINT
  8
3
 10
230.400000
 20
-79.900000
  0
POINT
  8
3
 10
225.400000
 20
-82.500000
  0
POINT
  8
2
 10
221.200000
 20
-84.400000
  0
POINT
  8
3
 10
217.100000
 20
-86.500000
  0
POINT
  8
3
 10
213.000000
 20
-88.200000
  0
POINT
  8
2
 10
201.500000
 20
-93.600000
  0
POINT
  8
3
 10
198.300000
 20
-94.800000
  0
POINT
  8
3
 10
196.200000
 20
-95.800000
  0
POINT
  8
3
 10
194.300000
 20
-96.800000
  0
POINT
  8
3
 10
192.600000
 20
-97.700000
  0
POINT
  8
3
 10
190.700000
 20
-98.700000
  0
POINT
  8
3
 10
189.200000
 20
-99.700000
  0
POINT
  8
3
 10
187.300000
 20
-101.000000
  0
POINT
  8
3
 10
185.800000
 20
-102.000000
  0
POINT
  8
3
 10
184.200000
 20
-103.400000
  0
POINT
  8
3
 10
182.500000
 20
-104.700000
  0
POINT
  8
3
 10
181.000000
 20
-105.900000
  0
POINT
  8
3
 10
179.600000
 20
-107.100000
  0
POINT
  8
3
 10
178.400000
 20
-108.500000
  0
POINT
  8
3
 10
177.000000
 20
-110.100000
  0
POINT
  8
3
 10
175.400000
 20
-111.500000
  0
POINT
  8
3
 10
174.100000
 20
-113.300000
  0
POINT
  8
3
 10
173.000000
 20
-114.500000
  0
POINT
  8
3
 10
171.700000
 20
-116.200000
  0
POINT
  8
3
 10
170.600000
 20
-118.000000
  0
POINT
  8
3
 10
169.300000
 20
-119.600000
  0
POINT
  8
3
 10
168.100000
 20
-121.400000
  0
POINT
  8
3
 10
167.000000
 20
-122.600000
  0
POINT
  8
3
 10
166.200000
 20
-124.100000
  0
POINT
  8
3
 10
165.400000
 20
-125.300000
  0
POINT
  8
3
 10
164.400000
 20
-127.400000
  0
POINT
  8
3
 10
163.000000
 20
-130.100000
  0
POINT
  8
2
 10
160.900000
 20
-134.500000
  0
POINT
  8
3
 10
101.100000
 20
-126.700000
  0
POINT
  8
3
 10
67.000000
 20
-122.000000
  0
POINT
  8
3
 10
28.100000
 20
-116.600000
  0
POINT
  8
3
 10
-10.600000
 20
-112.100000
  0
POINT
  8
3
 10
-44.500000
 20
-109.000000
  0
POINT
  8
3
 10
-71.800000
 20
-107.000000
  0
POINT
  8
3
 10
-93.600000
 20
-105.400000
  0
POINT
  8
3
 10
-112.500000
 20
-104.400000
  0
POINT
  8
3
 10
-130.300000
 20
-103.800000
  0
POINT
  8
3
 10
-148.500000
 20
-103.400000
  0
POINT
  8
3
 10
-169.200000
 20
-103.600000
  0
POINT
  8
3
 10
-193.700000
 20
-104.700000
  0
POINT
  8
3
 10
-221.600000
 20
-106.700000
  0
POINT
  8
3
 10
-252.100000
 20
-108.900000
  0
POINT
  8
3
 10
-283.000000
 20
-112.000000
  0
POINT
  8
2
 10
-313.600000
 20
-115.900000
  0
POINT
  8
2
 10
-343.000000
 20
45.600000
  0
POINT
  8
2
 10
-128.500000
 20
84.500000
  0
POINT
  8
2
 10
-134.800000
 20
110.600000
  0
POINT
  8
2
 10
130.200000
 20
129.900000
 39
2.500000
 50
270.000000
  0
POINT
  8
2
 10
279.700000
 20
106.700000
 39
2.500000
 50
226.636600
  0
POINT
  8
2
 10
314.200000
 20
14.000000
 39
2.500000
 50
175.236400
  0
POINT
  8
2
 10
221.200000
 20
-84.400000
 39
2.500000
 50
114.444000
  0
POINT
  8
2
 10
201.500000
 20
-93.600000
 39
2.500000
 50
111.370600
  0
POINT
  8
2
 10
257.100000
 20
114.300000
  0
POINT
  8
2
 10
272.700000
 20
99.600000
  0
POINT
  8
3
 10
279.100000
 20
93.000000
  0
POINT
  8
3
 10
282.800000
 20
89.200000
  0
POINT
  8
3
 10
284.400000
 20
87.300000
  0
POINT
  8
3
 10
285.800000
 20
85.700000
  0
POINT
  8
3
 10
286.500000
 20
84.600000
  0
POINT
  8
3
 10
287.700000
 20
83.000000
  0
POINT
  8
3
 10
288.500000
 20
81.900000
  0
POINT
  8
3
 10
289.700000
 20
80.000000
  0
POINT
  8
3
 10
291.600000
 20
77.600000
  0
POINT
  8
3
 10
292.500000
 20
76.400000
  0
POINT
  8
3
 10
293.500000
 20
74.200000
  0
POINT
  8
3
 10
294.500000
 20
72.400000
  0
POINT
  8
3
 10
295.200000
 20
70.900000
  0
POINT
  8
3
 10
296.100000
 20
69.300000
  0
POINT
  8
3
 10
296.700000
 20
68.300000
  0
POINT
  8
3
 10
297.200000
 20
66.900000
  0
POINT
  8
3
 10
298.100000
 20
65.300000
  0
POINT
  8
3
 10
298.600000
 20
63.900000
  0
POINT
  8
3
 10
299.200000
 20
62.000000
  0
POINT
  8
3
 10
299.800000
 20
60.400000
  0
POINT
  8
3
 10
300.400000
 20
58.800000
  0
POINT
  8
3
 10
300.900000
 20
57.200000
  0
POINT
  8
3
 10
301.600000
 20
54.900000
  0
POINT
  8
3
 10
302.400000
 20
51.300000
  0
POINT
  8
3
 10
303.500000
 20
47.600000
  0
POINT
  8
3
 10
304.000000
 20
45.100000
  0
POINT
  8
3
 10
304.300000
 20
43.200000
  0
POINT
  8
3
 10
304.400000
 20
40.400000
  0
POINT
  8
3
 10
304.800000
 20
37.500000
  0
POINT
  8
3
 10
305.000000
 20
35.700000
  0
POINT
  8
3
 10
305.000000
 20
33.700000
  0
POINT
  8
3
 10
305.000000
 20
31.100000
  0
POINT
  8
3
 10
305.300000
 20
28.500000
  0
POINT
  8
3
 10
305.200000
 20
25.200000
  0
POINT
  8
3
 10
305.100000
 20
21.300000
  0
POINT
  8
3
 10
304.800000
 20
18.200000
  0
POINT
  8
2
 10
304.300000
 20
15.000000
  0
POINT
  8
3
 10
304.200000
 20
11.900000
  0
POINT
  8
3
 10
303.500000
 20
9.400001
  0
POINT
  8
3
 10
303.000000
 20
6.300000
  0
POINT
  8
3
 10
302.500000
 20
4.200000
  0
POINT
  8
3
 10
301.800000
 20
1.600000
  0
POINT
  8
3
 10
301.200000
 20
-1.000000
  0
POINT
  8
3
 10
300.400000
 20
-3.400000
  0
POINT
  8
3
 10
299.400000
 20
-6.500000
  0
POINT
  8
3
 10
298.200000
 20
-10.000000
  0
POINT
  8
3
 10
296.400000
 20
-14.100000
  0
POINT
  8
3
 10
294.600000
 20
-17.800000
  0
POINT
  8
3
 10
293.500000
 20
-20.300000
  0
POINT
  8
3
 10
292.400000
 20
-22.200000
  0
POINT
  8
3
 10
291.400000
 20
-23.800000
  0
POINT
  8
3
 10
290.400000
 20
-25.300000
  0
POINT
  8
3
 10
289.000000
 20
-27.200000
  0
POINT
  8
3
 10
287.600000
 20
-29.200000
  0
POINT
  8
3
 10
286.000000
 20
-31.200000
  0
POINT
  8
3
 10
284.000000
 20
-33.700000
  0
POINT
  8
3
 10
281.600000
 20
-36.300000
  0
POINT
  8
3
 10
278.800000
 20
-39.200000
  0
POINT
  8
3
 10
276.300000
 20
-41.800000
  0
POINT
  8
3
 10
274.900000
 20
-43.400000
  0
POINT
  8
3
 10
273.600000
 20
-44.400000
  0
POINT
  8
3
 10
272.100000
 20
-45.600000
  0
POINT
  8
3
 10
270.700000
 20
-46.600000
  0
POINT
  8
3
 10
268.600000
 20
-48.100000
  0
POINT
  8
3
 10
267.100000
 20
-49.600000
  0
POINT
  8
3
 10
265.800000
 20
-50.600000
  0
POINT
  8
3
 10
262.500000
 20
-52.000000
  0
POINT
  8
3
 10
257.500000
 20
-54.700000
  0
POINT
  8
3
 10
252.300000
 20
-57.900000
  0
POINT
  8
3
 10
248.200000
 20
-60.100000
  0
POINT
  8
3
 10
244.800000
 20
-61.700000
  0
POINT
  8
3
 10
241.700000
 20
-63.300000
  0
POINT
  8
3
 10
238.600000
 20
-64.800000
  0
POINT
  8
3
 10
235.600000
 20
-66.300000
  0
POINT
  8
3
 10
231.300000
 20
-68.300000
  0
POINT
  8
3
 10
225.900000
 20
-71.000000
  0
POINT
  8
3
 10
221.000000
 20
-73.500000
  0
POINT
  8
2
 10
216.900000
 20
-75.400000
  0
POINT
  8
3
 10
212.900000
 20
-77.400000
  0
POINT
  8
3
 10
209.000000
 20
-79.100000
  0
POINT
  8
2
 10
197.900000
 20
-84.300000
  0
POINT
  8
3
 10
194.400000
 20
-85.600000
  0
POINT
  8
3
 10
191.800000
 20
-86.900000
  0
POINT
  8
3
 10
189.700000
 20
-88.000000
  0
POINT
  8
3
 10
188.000000
 20
-88.900000
  0
POINT
  8
3
 10
185.600000
 20
-90.100000
  0
POINT
  8
3
 10
183.600000
 20
-91.400000
  0
POINT
  8
3
 10
181.700000
 20
-92.700000
  0
POINT
  8
3
 10
179.800000
 20
-94.100000
  0
POINT
  8
3
 10
177.900000
 20
-95.700000
  0
POINT
  8
3
 10
176.400000
 20
-96.800000
  0
POINT
  8
3
 10
174.600000
 20
-98.200000
  0
POINT
  8
3
 10
172.600000
 20
-100.100000
  0
POINT
  8
3
 10
170.900000
 20
-102.000000
  0
POINT
  8
3
 10
170.000000
 20
-103.100000
  0
POINT
  8
3
 10
168.100000
 20
-104.800000
  0
POINT
  8
3
 10
166.400000
 20
-107.000000
  0
POINT
  8
3
 10
165.400000
 20
-108.100000
  0
POINT
  8
3
 10
163.500000
 20
-110.600000
  0
POINT
  8
3
 10
162.500000
 20
-112.200000
  0
POINT
  8
3
 10
161.300000
 20
-113.700000
  0
POINT
  8
3
 10
160.300000
 20
-115.300000
  0
POINT
  8
3
 10
158.900000
 20
-116.900000
  0
POINT
  8
3
 10
157.600000
 20
-119.000000
  0
POINT
  8
3
 10
156.700000
 20
-120.400000
  0
POINT
  8
2
 10
155.500000
 20
-123.000000
  0
POINT
  8
3
 10
102.300000
 20
-116.800000
  0
POINT
  8
3
 10
68.300000
 20
-112.100000
  0
POINT
  8
3
 10
29.300000
 20
-106.700000
  0
POINT
  8
3
 10
-9.600000
 20
-102.200000
  0
POINT
  8
3
 10
-43.700000
 20
-99.100000
  0
POINT
  8
3
 10
-71.100000
 20
-97.100000
  0
POINT
  8
3
 10
-93.000000
 20
-95.500000
  0
POINT
  8
3
 10
-112.100000
 20
-94.500000
  0
POINT
  8
3
 10
-130.000000
 20
-93.900000
  0
POINT
  8
3
 10
-148.400000
 20
-93.500000
  0
POINT
  8
3
 10
-169.400000
 20
-93.700000
  0
POINT
  8
3
 10
-194.200000
 20
-94.800000
  0
POINT
  8
3
 10
-222.300000
 20
-96.800000
  0
POINT
  8
3
 10
-252.900000
 20
-99.000000
  0
POINT
  8
3
 10
-284.000000
 20
-102.100000
  0
POINT
  8
2
 10
-305.500000
 20
-104.800000
  0
POINT
  8
2
 10
-331.400000
 20
37.500000
  0
POINT
  8
2
 10
-116.400000
 20
76.500000
  0
POINT
  8
2
 10
-122.600000
 20
102.800000
  0
POINT
  8
3
 10
-96.500000
 20
108.200000
  0
POINT
  8
3
 10
-80.300000
 20
110.600000
  0
POINT
  8
3
 10
-63.900000
 20
113.000000
  0
POINT
  8
3
 10
-45.800000
 20
114.800000
  0
POINT
  8
3
 10
-24.600000
 20
116.600000
  0
POINT
  8
3
 10
-3.600000
 20
118.200000
  0
POINT
  8
3
 10
14.300000
 20
119.000000
  0
POINT
  8
3
 10
29.700000
 20
119.700000
  0
POINT
  8
3
 10
44.400000
 20
120.100000
  0
POINT
  8
3
 10
59.800000
 20
120.100000
  0
POINT
  8
3
 10
75.500000
 20
120.700000
  0
POINT
  8
3
 10
91.000000
 20
120.500000
  0
POINT
  8
3
 10
105.600000
 20
120.700000
  0
POINT
  8
3
 10
118.300000
 20
120.300000
  0
POINT
  8
2
 10
130.100000
 20
120.000000
  0
POINT
  8
3
 10
184.500000
 20
120.000000
  0
POINT
  8
3
 10
221.300000
 20
120.000000
  0
POINT
  8
3
 10
243.700000
 20
119.700000
  0
POINT
  8
2
 10
256.900000
 20
119.400000
  0
POINT
  8
2
 10
257.100000
 20
114.300000
  0
POINT
  8
4
 10
130.200000
 20
129.900000
 30
2.500000
 50
270.000000
  0
POINT
  8
4
 10
279.700000
 20
106.700000
 30
2.500000
 50
226.636600
  0
POINT
  8
4
 10
314.200000
 20
14.000000
 30
2.500000
 50
175.236400
  0
POINT
  8
4
 10
221.200000
 20
-84.400000
 30
2.500000
 50
114.444000
  0
POINT
  8
4
 10
201.500000
 20
-93.600000
 30
2.500000
 50
111.370600
  0
LINE
  8
5
 10
200.000000
 20
0.000000
 11
-85.600000
 21
0.000000
  0
LINE
  8
7
 10
221.400000
 20
5.100000
 11
-66.900000
 21
5.000000
  0
TEXT
  8
15
 10
147.900000
 20
48.700000
 40
17.600000
 50
270.000000
  1
NO WASH
  0
TEXT
  8
1
 10
3.300000
 20
109.400000
 40
10.000000
 50
0.000000
  1
Piece Name: LINING UP SLEEVE 2P
  0
TEXT
  8
1
 10
3.300000
 20
120.400000
 40
10.000000
 50
0.000000
  1
Size: 42
  0
TEXT
  8
1
 10
3.300000
 20
131.400000
 40
10.000000
 50
0.000000
  1
Annotation: LINING UP SLEEVE 2P
  0
TEXT
  8
1
 10
3.300000
 20
142.400000
 40
10.000000
 50
0.000000
  1
Quantity: 1
  0
TEXT
  8
1
 10
3.300000
 20
153.400000
 40
10.000000
 50
0.000000
  1
Material: LINING
  0
ENDBLK
  0
BLOCK
  8
1
  2
LINING UNDER SLV 2P
 70
     0
 10
0.00
 20
0.00
  0
POLYLINE
  8
84
 66
     1
 70
     1
  0
VERTEX
  8
84
 10
-342.200000
 20
6.700000
  0
VERTEX
  8
84
 10
-330.500000
 20
96.100000
  0
VERTEX
  8
84
 10
-280.600000
 20
90.800000
  0
VERTEX
  8
84
 10
-232.300000
 20
86.800000
  0
VERTEX
  8
84
 10
-187.000000
 20
83.900000
  0
VERTEX
  8
84
 10
-145.100000
 20
82.700000
  0
VERTEX
  8
84
 10
-105.100000
 20
82.900000
  0
VERTEX
  8
84
 10
-68.600000
 20
84.400000
  0
VERTEX
  8
84
 10
-35.800000
 20
86.600000
  0
VERTEX
  8
84
 10
-6.900000
 20
89.100000
  0
VERTEX
  8
84
 10
19.800000
 20
92.400000
  0
VERTEX
  8
84
 10
47.500000
 20
95.800000
  0
VERTEX
  8
84
 10
78.600000
 20
100.300000
  0
VERTEX
  8
84
 10
145.700000
 20
111.200000
  0
VERTEX
  8
84
 10
149.700000
 20
101.200000
  0
VERTEX
  8
84
 10
149.600000
 20
90.600000
  0
VERTEX
  8
84
 10
150.300000
 20
80.700000
  0
VERTEX
  8
84
 10
151.300000
 20
72.300000
  0
VERTEX
  8
84
 10
152.500000
 20
66.100000
  0
VERTEX
  8
84
 10
155.600000
 20
60.000000
  0
VERTEX
  8
84
 10
161.700000
 20
52.500000
  0
VERTEX
  8
84
 10
168.700000
 20
44.300000
  0
VERTEX
  8
84
 10
177.300000
 20
35.200000
  0
VERTEX
  8
84
 10
187.200000
 20
26.300000
  0
VERTEX
  8
84
 10
196.800000
 20
18.000000
  0
VERTEX
  8
84
 10
204.700000
 20
11.700000
  0
VERTEX
  8
84
 10
210.400000
 20
7.700000
  0
VERTEX
  8
84
 10
214.400000
 20
4.900000
  0
VERTEX
  8
84
 10
224.900000
 20
-1.100000
  0
VERTEX
  8
84
 10
233.900000
 20
-6.700000
  0
VERTEX
  8
84
 10
251.500000
 20
-18.000000
  0
VERTEX
  8
84
 10
263.900000
 20
-26.700000
  0
VERTEX
  8
84
 10
271.700000
 20
-32.500000
  0
VERTEX
  8
84
 10
271.800000
 20
-43.700000
  0
VERTEX
  8
84
 10
223.000000
 20
-47.800000
  0
VERTEX
  8
84
 10
183.000000
 20
-51.700000
  0
VERTEX
  8
84
 10
154.800000
 20
-54.300000
  0
VERTEX
  8
84
 10
136.000000
 20
-55.500000
  0
VERTEX
  8
84
 10
90.100000
 20
-58.400000
  0
VERTEX
  8
84
 10
47.200000
 20
-60.700000
  0
VERTEX
  8
84
 10
8.200000
 20
-61.800000
  0
VERTEX
  8
84
 10
-27.900000
 20
-61.400000
  0
VERTEX
  8
84
 10
-60.400000
 20
-60.100000
  0
VERTEX
  8
84
 10
-86.200000
 20
-58.200000
  0
VERTEX
  8
84
 10
-101.300000
 20
-57.100000
  0
VERTEX
  8
84
 10
-131.100000
 20
-54.100000
  0
VERTEX
  8
84
 10
-127.100000
 20
-21.500000
  0
VERTEX
  8
84
 10
-342.200000
 20
6.700000
  0
SEQEND
  0
POLYLINE
  8
1
 66
     1
 70
     1
  0
VERTEX
  8
1
 10
-342.200000
 20
6.700000
  0
VERTEX
  8
1
 10
-330.500000
 20
96.100000
  0
VERTEX
  8
1
 10
-280.600000
 20
90.800000
  0
VERTEX
  8
1
 10
-232.300000
 20
86.800000
  0
VERTEX
  8
1
 10
-187.000000
 20
83.900000
  0
VERTEX
  8
1
 10
-145.100000
 20
82.700000
  0
VERTEX
  8
1
 10
-105.100000
 20
82.900000
  0
VERTEX
  8
1
 10
-68.600000
 20
84.400000
  0
VERTEX
  8
1
 10
-35.800000
 20
86.600000
  0
VERTEX
  8
1
 10
-6.900000
 20
89.100000
  0
VERTEX
  8
1
 10
19.800000
 20
92.400000
  0
VERTEX
  8
1
 10
47.500000
 20
95.800000
  0
VERTEX
  8
1
 10
78.600000
 20
100.300000
  0
VERTEX
  8
1
 10
145.700000
 20
111.200000
  0
VERTEX
  8
1
 10
149.700000
 20
101.200000
  0
VERTEX
  8
1
 10
149.600000
 20
90.600000
  0
VERTEX
  8
1
 10
150.300000
 20
80.700000
  0
VERTEX
  8
1
 10
151.300000
 20
72.300000
  0
VERTEX
  8
1
 10
152.500000
 20
66.100000
  0
VERTEX
  8
1
 10
155.600000
 20
60.000000
  0
VERTEX
  8
1
 10
161.700000
 20
52.500000
  0
VERTEX
  8
1
 10
168.700000
 20
44.300000
  0
VERTEX
  8
1
 10
177.300000
 20
35.200000
  0
VERTEX
  8
1
 10
187.200000
 20
26.300000
  0
VERTEX
  8
1
 10
196.800000
 20
18.000000
  0
VERTEX
  8
1
 10
204.700000
 20
11.700000
  0
VERTEX
  8
1
 10
210.400000
 20
7.700000
  0
VERTEX
  8
1
 10
214.400000
 20
4.900000
  0
VERTEX
  8
1
 10
224.900000
 20
-1.100000
  0
VERTEX
  8
1
 10
233.900000
 20
-6.700000
  0
VERTEX
  8
1
 10
251.500000
 20
-18.000000
  0
VERTEX
  8
1
 10
263.900000
 20
-26.700000
  0
VERTEX
  8
1
 10
271.700000
 20
-32.500000
  0
VERTEX
  8
1
 10
271.800000
 20
-43.700000
  0
VERTEX
  8
1
 10
223.000000
 20
-47.800000
  0
VERTEX
  8
1
 10
183.000000
 20
-51.700000
  0
VERTEX
  8
1
 10
154.800000
 20
-54.300000
  0
VERTEX
  8
1
 10
136.000000
 20
-55.500000
  0
VERTEX
  8
1
 10
90.100000
 20
-58.400000
  0
VERTEX
  8
1
 10
47.200000
 20
-60.700000
  0
VERTEX
  8
1
 10
8.200000
 20
-61.800000
  0
VERTEX
  8
1
 10
-27.900000
 20
-61.400000
  0
VERTEX
  8
1
 10
-60.400000
 20
-60.100000
  0
VERTEX
  8
1
 10
-86.200000
 20
-58.200000
  0
VERTEX
  8
1
 10
-101.300000
 20
-57.100000
  0
VERTEX
  8
1
 10
-131.100000
 20
-54.100000
  0
VERTEX
  8
1
 10
-127.100000
 20
-21.500000
  0
VERTEX
  8
1
 10
-342.200000
 20
6.700000
  0
SEQEND
  0
POLYLINE
  8
87
 66
     1
  0
VERTEX
  8
87
 10
-116.000000
 20
-12.900000
  0
VERTEX
  8
87
 10
-331.000000
 20
15.200000
  0
VERTEX
  8
87
 10
-321.900000
 20
85.100000
  0
VERTEX
  8
87
 10
-281.500000
 20
80.900000
  0
VERTEX
  8
87
 10
-233.000000
 20
76.900000
  0
VERTEX
  8
87
 10
-187.400000
 20
74.000000
  0
VERTEX
  8
87
 10
-145.200000
 20
72.800000
  0
VERTEX
  8
87
 10
-104.900000
 20
73.000000
  0
VERTEX
  8
87
 10
-68.100000
 20
74.500000
  0
VERTEX
  8
87
 10
-35.100000
 20
76.700000
  0
VERTEX
  8
87
 10
-5.900000
 20
79.200000
  0
VERTEX
  8
87
 10
21.000000
 20
82.500000
  0
VERTEX
  8
87
 10
48.800000
 20
85.900000
  0
VERTEX
  8
87
 10
80.100000
 20
90.500000
  0
VERTEX
  8
87
 10
139.400000
 20
100.100000
  0
VERTEX
  8
87
 10
139.700000
 20
90.200000
  0
VERTEX
  8
87
 10
140.400000
 20
79.800000
  0
VERTEX
  8
87
 10
141.400000
 20
70.800000
  0
VERTEX
  8
87
 10
143.100000
 20
62.900000
  0
VERTEX
  8
87
 10
147.200000
 20
54.900000
  0
VERTEX
  8
87
 10
154.000000
 20
46.100000
  0
VERTEX
  8
87
 10
161.300000
 20
37.700000
  0
VERTEX
  8
87
 10
170.400000
 20
28.100000
  0
VERTEX
  8
87
 10
180.600000
 20
18.800000
  0
VERTEX
  8
87
 10
190.400000
 20
10.300000
  0
VERTEX
  8
87
 10
198.700000
 20
3.700000
  0
VERTEX
  8
87
 10
204.700000
 20
-0.400000
  0
VERTEX
  8
87
 10
209.100000
 20
-3.400000
  0
VERTEX
  8
87
 10
219.800000
 20
-9.600000
  0
VERTEX
  8
87
 10
228.600000
 20
-15.100000
  0
VERTEX
  8
87
 10
245.900000
 20
-26.200000
  0
VERTEX
  8
87
 10
258.100000
 20
-34.700000
  0
VERTEX
  8
87
 10
222.100000
 20
-37.900000
  0
VERTEX
  8
87
 10
182.100000
 20
-41.800000
  0
VERTEX
  8
87
 10
154.000000
 20
-44.400000
  0
VERTEX
  8
87
 10
135.700000
 20
-45.600000
  0
VERTEX
  8
87
 10
89.500000
 20
-48.500000
  0
VERTEX
  8
87
 10
46.900000
 20
-50.800000
  0
VERTEX
  8
87
 10
8.200000
 20
-51.900000
  0
VERTEX
  8
87
 10
-27.700000
 20
-51.500000
  0
VERTEX
  8
87
 10
-59.900000
 20
-50.200000
  0
VERTEX
  8
87
 10
-85.500000
 20
-48.300000
  0
VERTEX
  8
87
 10
-100.400000
 20
-47.200000
  0
VERTEX
  8
87
 10
-119.900000
 20
-45.300000
  0
VERTEX
  8
87
 10
-116.000000
 20
-12.900000
  0
SEQEND
  0
POLYLINE
  8
14
 66
     1
  0
VERTEX
  8
14
 10
-116.000000
 20
-12.900000
  0
VERTEX
  8
14
 10
-331.000000
 20
15.200000
  0
VERTEX
  8
14
 10
-321.900000
 20
85.100000
  0
VERTEX
  8
14
 10
-281.500000
 20
80.900000
  0
VERTEX
  8
14
 10
-233.000000
 20
76.900000
  0
VERTEX
  8
14
 10
-187.400000
 20
74.000000
  0
VERTEX
  8
14
 10
-145.200000
 20
72.800000
  0
VERTEX
  8
14
 10
-104.900000
 20
73.000000
  0
VERTEX
  8
14
 10
-68.100000
 20
74.500000
  0
VERTEX
  8
14
 10
-35.100000
 20
76.700000
  0
VERTEX
  8
14
 10
-5.900000
 20
79.200000
  0
VERTEX
  8
14
 10
21.000000
 20
82.500000
  0
VERTEX
  8
14
 10
48.800000
 20
85.900000
  0
VERTEX
  8
14
 10
80.100000
 20
90.500000
  0
VERTEX
  8
14
 10
139.400000
 20
100.100000
  0
VERTEX
  8
14
 10
139.700000
 20
90.200000
  0
VERTEX
  8
14
 10
140.400000
 20
79.800000
  0
VERTEX
  8
14
 10
141.400000
 20
70.800000
  0
VERTEX
  8
14
 10
143.100000
 20
62.900000
  0
VERTEX
  8
14
 10
147.200000
 20
54.900000
  0
VERTEX
  8
14
 10
154.000000
 20
46.100000
  0
VERTEX
  8
14
 10
161.300000
 20
37.700000
  0
VERTEX
  8
14
 10
170.400000
 20
28.100000
  0
VERTEX
  8
14
 10
180.600000
 20
18.800000
  0
VERTEX
  8
14
 10
190.400000
 20
10.300000
  0
VERTEX
  8
14
 10
198.700000
 20
3.700000
  0
VERTEX
  8
14
 10
204.700000
 20
-0.400000
  0
VERTEX
  8
14
 10
209.100000
 20
-3.400000
  0
VERTEX
  8
14
 10
219.800000
 20
-9.600000
  0
VERTEX
  8
14
 10
228.600000
 20
-15.100000
  0
VERTEX
  8
14
 10
245.900000
 20
-26.200000
  0
VERTEX
  8
14
 10
258.100000
 20
-34.700000
  0
VERTEX
  8
14
 10
222.100000
 20
-37.900000
  0
VERTEX
  8
14
 10
182.100000
 20
-41.800000
  0
VERTEX
  8
14
 10
154.000000
 20
-44.400000
  0
VERTEX
  8
14
 10
135.700000
 20
-45.600000
  0
VERTEX
  8
14
 10
89.500000
 20
-48.500000
  0
VERTEX
  8
14
 10
46.900000
 20
-50.800000
  0
VERTEX
  8
14
 10
8.200000
 20
-51.900000
  0
VERTEX
  8
14
 10
-27.700000
 20
-51.500000
  0
VERTEX
  8
14
 10
-59.900000
 20
-50.200000
  0
VERTEX
  8
14
 10
-85.500000
 20
-48.300000
  0
VERTEX
  8
14
 10
-100.400000
 20
-47.200000
  0
VERTEX
  8
14
 10
-119.900000
 20
-45.300000
  0
VERTEX
  8
14
 10
-116.000000
 20
-12.900000
  0
SEQEND
  0
POINT
  8
2
 10
-342.200000
 20
6.700000
  0
POINT
  8
2
 10
-330.500000
 20
96.100000
  0
POINT
  8
3
 10
-280.600000
 20
90.800000
  0
POINT
  8
3
 10
-232.300000
 20
86.800000
  0
POINT
  8
3
 10
-187.000000
 20
83.900000
  0
POINT
  8
3
 10
-145.100000
 20
82.700000
  0
POINT
  8
3
 10
-105.100000
 20
82.900000
  0
POINT
  8
3
 10
-68.600000
 20
84.400000
  0
POINT
  8
3
 10
-35.800000
 20
86.600000
  0
POINT
  8
3
 10
-6.900000
 20
89.100000
  0
POINT
  8
3
 10
19.800000
 20
92.400000
  0
POINT
  8
3
 10
47.500000
 20
95.800000
  0
POINT
  8
3
 10
78.600000
 20
100.300000
  0
POINT
  8
2
 10
145.700000
 20
111.200000
  0
POINT
  8
2
 10
149.700000
 20
101.200000
  0
POINT
  8
3
 10
149.600000
 20
90.600000
  0
POINT
  8
3
 10
150.300000
 20
80.700000
  0
POINT
  8
3
 10
151.300000
 20
72.300000
  0
POINT
  8
3
 10
152.500000
 20
66.100000
  0
POINT
  8
2
 10
155.600000
 20
60.000000
  0
POINT
  8
3
 10
161.700000
 20
52.500000
  0
POINT
  8
3
 10
168.700000
 20
44.300000
  0
POINT
  8
3
 10
177.300000
 20
35.200000
  0
POINT
  8
3
 10
187.200000
 20
26.300000
  0
POINT
  8
3
 10
196.800000
 20
18.000000
  0
POINT
  8
3
 10
204.700000
 20
11.700000
  0
POINT
  8
3
 10
210.400000
 20
7.700000
  0
POINT
  8
2
 10
214.400000
 20
4.900000
  0
POINT
  8
3
 10
224.900000
 20
-1.100000
  0
POINT
  8
3
 10
233.900000
 20
-6.700000
  0
POINT
  8
3
 10
251.500000
 20
-18.000000
  0
POINT
  8
3
 10
263.900000
 20
-26.700000
  0
POINT
  8
2
 10
271.700000
 20
-32.500000
  0
POINT
  8
2
 10
271.800000
 20
-43.700000
  0
POINT
  8
3
 10
223.000000
 20
-47.800000
  0
POINT
  8
3
 10
183.000000
 20
-51.700000
  0
POINT
  8
3
 10
154.800000
 20
-54.300000
  0
POINT
  8
2
 10
136.000000
 20
-55.500000
  0
POINT
  8
3
 10
90.100000
 20
-58.400000
  0
POINT
  8
3
 10
47.200000
 20
-60.700000
  0
POINT
  8
3
 10
8.200000
 20
-61.800000
  0
POINT
  8
3
 10
-27.900000
 20
-61.400000
  0
POINT
  8
3
 10
-60.400000
 20
-60.100000
  0
POINT
  8
3
 10
-86.200000
 20
-58.200000
  0
POINT
  8
3
 10
-101.300000
 20
-57.100000
  0
POINT
  8
2
 10
-131.100000
 20
-54.100000
  0
POINT
  8
2
 10
-127.100000
 20
-21.500000
  0
POINT
  8
2
 10
-342.200000
 20
6.700000
  0
POINT
  8
2
 10
155.600000
 20
60.000000
 39
2.500000
 50
211.759500
  0
POINT
  8
2
 10
214.400000
 20
4.900000
 39
2.500000
 50
238.240500
  0
POINT
  8
2
 10
136.000000
 20
-55.500000
 39
2.500000
 50
92.385940
  0
POINT
  8
2
 10
-116.000000
 20
-12.900000
  0
POINT
  8
2
 10
-331.000000
 20
15.200000
  0
POINT
  8
2
 10
-321.900000
 20
85.100000
  0
POINT
  8
3
 10
-281.500000
 20
80.900000
  0
POINT
  8
3
 10
-233.000000
 20
76.900000
  0
POINT
  8
3
 10
-187.400000
 20
74.000000
  0
POINT
  8
3
 10
-145.200000
 20
72.800000
  0
POINT
  8
3
 10
-104.900000
 20
73.000000
  0
POINT
  8
3
 10
-68.100000
 20
74.500000
  0
POINT
  8
3
 10
-35.100000
 20
76.700000
  0
POINT
  8
3
 10
-5.900000
 20
79.200000
  0
POINT
  8
3
 10
21.000000
 20
82.500000
  0
POINT
  8
3
 10
48.800000
 20
85.900000
  0
POINT
  8
3
 10
80.100000
 20
90.500000
  0
POINT
  8
2
 10
139.400000
 20
100.100000
  0
POINT
  8
3
 10
139.700000
 20
90.200000
  0
POINT
  8
3
 10
140.400000
 20
79.800000
  0
POINT
  8
3
 10
141.400000
 20
70.800000
  0
POINT
  8
3
 10
143.100000
 20
62.900000
  0
POINT
  8
2
 10
147.200000
 20
54.900000
  0
POINT
  8
3
 10
154.000000
 20
46.100000
  0
POINT
  8
3
 10
161.300000
 20
37.700000
  0
POINT
  8
3
 10
170.400000
 20
28.100000
  0
POINT
  8
3
 10
180.600000
 20
18.800000
  0
POINT
  8
3
 10
190.400000
 20
10.300000
  0
POINT
  8
3
 10
198.700000
 20
3.700000
  0
POINT
  8
3
 10
204.700000
 20
-0.400000
  0
POINT
  8
2
 10
209.100000
 20
-3.400000
  0
POINT
  8
3
 10
219.800000
 20
-9.600000
  0
POINT
  8
3
 10
228.600000
 20
-15.100000
  0
POINT
  8
3
 10
245.900000
 20
-26.200000
  0
POINT
  8
2
 10
258.100000
 20
-34.700000
  0
POINT
  8
3
 10
222.100000
 20
-37.900000
  0
POINT
  8
3
 10
182.100000
 20
-41.800000
  0
POINT
  8
3
 10
154.000000
 20
-44.400000
  0
POINT
  8
2
 10
135.700000
 20
-45.600000
  0
POINT
  8
3
 10
89.500000
 20
-48.500000
  0
POINT
  8
3
 10
46.900000
 20
-50.800000
  0
POINT
  8
3
 10
8.200000
 20
-51.900000
  0
POINT
  8
3
 10
-27.700000
 20
-51.500000
  0
POINT
  8
3
 10
-59.900000
 20
-50.200000
  0
POINT
  8
3
 10
-85.500000
 20
-48.300000
  0
POINT
  8
3
 10
-100.400000
 20
-47.200000
  0
POINT
  8
2
 10
-119.900000
 20
-45.300000
  0
POINT
  8
2
 10
-116.000000
 20
-12.900000
  0
POINT
  8
4
 10
155.600000
 20
60.000000
 30
2.500000
 50
211.759500
  0
POINT
  8
4
 10
214.400000
 20
4.900000
 30
2.500000
 50
238.240500
  0
POINT
  8
4
 10
136.000000
 20
-55.500000
 30
2.500000
 50
92.385940
  0
LINE
  8
5
 10
114.200000
 20
0.000000
 11
0.400000
 21
0.000000
  0
LINE
  8
7
 10
114.200000
 20
0.000000
 11
0.400000
 21
0.000000
  0
TEXT
  8
15
 10
124.400000
 20
59.400000
 40
18.542860
 50
270.000000
  1
NO WASH
  0
TEXT
  8
1
 10
3.300000
 20
109.400000
 40
10.000000
 50
0.000000
  1
Piece Name: LINING UNDER SLV 2P
  0
TEXT
  8
1
 10
3.300000
 20
120.400000
 40
10.000000
 50
0.000000
  1
Size: 42
  0
TEXT
  8
1
 10
3.300000
 20
131.400000
 40
10.000000
 50
0.000000
  1
Annotation: LINING UNDER SLV 2P
  0
TEXT
  8
1
 10
3.300000
 20
142.400000
 40
10.000000
 50
0.000000
  1
Quantity: 1
  0
TEXT
  8
1
 10
3.300000
 20
153.400000
 40
10.000000
 50
0.000000
  1
Material: LINING
  0
ENDBLK
  0
BLOCK
  8
1
  2
FIG TEST CM 20 X CM 20
 70
     0
 10
0.00
 20
0.00
  0
POLYLINE
  8
84
 66
     1
 70
     1
  0
VERTEX
  8
84
 10
142.300000
 20
29.700000
  0
VERTEX
  8
84
 10
142.300000
 20
-170.300000
  0
VERTEX
  8
84
 10
-57.700000
 20
-170.300000
  0
VERTEX
  8
84
 10
-57.700000
 20
29.700000
  0
VERTEX
  8
84
 10
142.300000
 20
29.700000
  0
SEQEND
  0
POLYLINE
  8
1
 66
     1
 70
     1
  0
VERTEX
  8
1
 10
142.300000
 20
29.700000
  0
VERTEX
  8
1
 10
142.300000
 20
-170.300000
  0
VERTEX
  8
1
 10
-57.700000
 20
-170.300000
  0
VERTEX
  8
1
 10
-57.700000
 20
29.700000
  0
VERTEX
  8
1
 10
142.300000
 20
29.700000
  0
SEQEND
  0
POLYLINE
  8
87
 66
     1
  0
VERTEX
  8
87
 10
132.300000
 20
19.700000
  0
VERTEX
  8
87
 10
132.300000
 20
-160.300000
  0
VERTEX
  8
87
 10
-47.700000
 20
-160.300000
  0
VERTEX
  8
87
 10
-47.700000
 20
19.700000
  0
VERTEX
  8
87
 10
132.300000
 20
19.700000
  0
SEQEND
  0
POLYLINE
  8
14
 66
     1
  0
VERTEX
  8
14
 10
132.300000
 20
19.700000
  0
VERTEX
  8
14
 10
132.300000
 20
-160.300000
  0
VERTEX
  8
14
 10
-47.700000
 20
-160.300000
  0
VERTEX
  8
14
 10
-47.700000
 20
19.700000
  0
VERTEX
  8
14
 10
132.300000
 20
19.700000
  0
SEQEND
  0
POINT
  8
2
 10
142.300000
 20
29.700000
  0
POINT
  8
2
 10
142.300000
 20
-170.300000
  0
POINT
  8
2
 10
-57.700000
 20
-170.300000
  0
POINT
  8
2
 10
-57.700000
 20
29.700000
  0
POINT
  8
2
 10
142.300000
 20
29.700000
  0
POINT
  8
2
 10
132.300000
 20
19.700000
  0
POINT
  8
2
 10
132.300000
 20
-160.300000
  0
POINT
  8
2
 10
-47.700000
 20
-160.300000
  0
POINT
  8
2
 10
-47.700000
 20
19.700000
  0
POINT
  8
2
 10
132.300000
 20
19.700000
  0
LINE
  8
5
 10
118.200000
 20
0.000000
 11
-3.600000
 21
0.000000
  0
LINE
  8
7
 10
118.200000
 20
0.000000
 11
-3.600000
 21
0.000000
  0
TEXT
  8
1
 10
3.300000
 20
109.400000
 40
10.000000
 50
0.000000
  1
Piece Name: FIG TEST CM 20 X CM 20
  0
TEXT
  8
1
 10
3.300000
 20
120.400000
 40
10.000000
 50
0.000000
  1
Size: 42
  0
TEXT
  8
1
 10
3.300000
 20
131.400000
 40
10.000000
 50
0.000000
  1
Annotation: FIG TEST CM 20 X CM 20
  0
TEXT
  8
1
 10
3.300000
 20
142.400000
 40
10.000000
 50
0.000000
  1
Quantity: 1
  0
TEXT
  8
1
 10
3.300000
 20
153.400000
 40
10.000000
 50
0.000000
  1
Material: {Non Definito}
  0
ENDBLK
  0
BLOCK
  8
1
  2
FRONT LEFT 1P
 70
     0
 10
0.00
 20
0.00
  0
POLYLINE
  8
84
 66
     1
 70
     1
  0
VERTEX
  8
84
 10
-135.400000
 20
-132.000000
  0
VERTEX
  8
84
 10
-136.800000
 20
-39.500000
  0
VERTEX
  8
84
 10
-137.200000
 20
-13.500000
  0
VERTEX
  8
84
 10
-139.300000
 20
134.900000
  0
VERTEX
  8
84
 10
-139.400000
 20
144.900000
  0
VERTEX
  8
84
 10
-127.300000
 20
144.900000
  0
VERTEX
  8
84
 10
-42.800000
 20
145.200000
  0
VERTEX
  8
84
 10
32.500000
 20
144.700000
  0
VERTEX
  8
84
 10
95.200000
 20
142.900000
  0
VERTEX
  8
84
 10
147.300000
 20
139.800000
  0
VERTEX
  8
84
 10
193.600000
 20
136.500000
  0
VERTEX
  8
84
 10
238.000000
 20
133.000000
  0
VERTEX
  8
84
 10
236.400000
 20
122.000000
  0
VERTEX
  8
84
 10
236.500000
 20
114.800000
  0
VERTEX
  8
84
 10
237.200000
 20
106.200000
  0
VERTEX
  8
84
 10
239.500000
 20
95.900000
  0
VERTEX
  8
84
 10
243.800000
 20
84.700000
  0
VERTEX
  8
84
 10
249.600000
 20
73.800000
  0
VERTEX
  8
84
 10
256.900000
 20
63.700000
  0
VERTEX
  8
84
 10
264.600000
 20
55.600000
  0
VERTEX
  8
84
 10
271.500000
 20
48.200000
  0
VERTEX
  8
84
 10
211.200000
 20
-32.600000
  0
VERTEX
  8
84
 10
199.600000
 20
-48.800000
  0
VERTEX
  8
84
 10
179.800000
 20
-77.300000
  0
VERTEX
  8
84
 10
168.900000
 20
-75.600000
  0
VERTEX
  8
84
 10
149.500000
 20
-72.600000
  0
VERTEX
  8
84
 10
130.300000
 20
-71.000000
  0
VERTEX
  8
84
 10
122.600000
 20
-71.000000
  0
VERTEX
  8
84
 10
115.200000
 20
-71.600000
  0
VERTEX
  8
84
 10
108.400000
 20
-72.400000
  0
VERTEX
  8
84
 10
102.900000
 20
-73.000000
  0
VERTEX
  8
84
 10
96.900000
 20
-74.600000
  0
VERTEX
  8
84
 10
90.300000
 20
-77.900000
  0
VERTEX
  8
84
 10
83.400000
 20
-82.600000
  0
VERTEX
  8
84
 10
77.500000
 20
-87.500000
  0
VERTEX
  8
84
 10
73.100000
 20
-92.200000
  0
VERTEX
  8
84
 10
70.000000
 20
-97.400000
  0
VERTEX
  8
84
 10
67.800000
 20
-102.500000
  0
VERTEX
  8
84
 10
65.700000
 20
-108.100000
  0
VERTEX
  8
84
 10
63.800000
 20
-114.300000
  0
VERTEX
  8
84
 10
62.600000
 20
-121.800000
  0
VERTEX
  8
84
 10
62.300000
 20
-130.300000
  0
VERTEX
  8
84
 10
62.900000
 20
-138.500000
  0
VERTEX
  8
84
 10
63.400000
 20
-146.000000
  0
VERTEX
  8
84
 10
50.700000
 20
-144.800000
  0
VERTEX
  8
84
 10
33.900000
 20
-142.600000
  0
VERTEX
  8
84
 10
13.100000
 20
-139.400000
  0
VERTEX
  8
84
 10
-16.200000
 20
-135.200000
  0
VERTEX
  8
84
 10
-26.000000
 20
-133.900000
  0
VERTEX
  8
84
 10
-42.600000
 20
-132.500000
  0
VERTEX
  8
84
 10
-63.300000
 20
-131.400000
  0
VERTEX
  8
84
 10
-91.400000
 20
-130.800000
  0
VERTEX
  8
84
 10
-135.400000
 20
-132.000000
  0
SEQEND
  0
POLYLINE
  8
1
 66
     1
 70
     1
  0
VERTEX
  8
1
 10
-135.400000
 20
-132.000000
  0
VERTEX
  8
1
 10
-136.800000
 20
-39.500000
  0
VERTEX
  8
1
 10
-137.200000
 20
-13.500000
  0
VERTEX
  8
1
 10
-139.300000
 20
134.900000
  0
VERTEX
  8
1
 10
-139.400000
 20
144.900000
  0
VERTEX
  8
1
 10
-127.300000
 20
144.900000
  0
VERTEX
  8
1
 10
-42.800000
 20
145.200000
  0
VERTEX
  8
1
 10
32.500000
 20
144.700000
  0
VERTEX
  8
1
 10
95.200000
 20
142.900000
  0
VERTEX
  8
1
 10
147.300000
 20
139.800000
  0
VERTEX
  8
1
 10
193.600000
 20
136.500000
  0
VERTEX
  8
1
 10
238.000000
 20
133.000000
  0
VERTEX
  8
1
 10
236.400000
 20
122.000000
  0
VERTEX
  8
1
 10
236.500000
 20
114.800000
  0
VERTEX
  8
1
 10
237.200000
 20
106.200000
  0
VERTEX
  8
1
 10
239.500000
 20
95.900000
  0
VERTEX
  8
1
 10
243.800000
 20
84.700000
  0
VERTEX
  8
1
 10
249.600000
 20
73.800000
  0
VERTEX
  8
1
 10
256.900000
 20
63.700000
  0
VERTEX
  8
1
 10
264.600000
 20
55.600000
  0
VERTEX
  8
1
 10
271.500000
 20
48.200000
  0
VERTEX
  8
1
 10
211.200000
 20
-32.600000
  0
VERTEX
  8
1
 10
199.600000
 20
-48.800000
  0
VERTEX
  8
1
 10
179.800000
 20
-77.300000
  0
VERTEX
  8
1
 10
168.900000
 20
-75.600000
  0
VERTEX
  8
1
 10
149.500000
 20
-72.600000
  0
VERTEX
  8
1
 10
130.300000
 20
-71.000000
  0
VERTEX
  8
1
 10
122.600000
 20
-71.000000
  0
VERTEX
  8
1
 10
115.200000
 20
-71.600000
  0
VERTEX
  8
1
 10
108.400000
 20
-72.400000
  0
VERTEX
  8
1
 10
102.900000
 20
-73.000000
  0
VERTEX
  8
1
 10
96.900000
 20
-74.600000
  0
VERTEX
  8
1
 10
90.300000
 20
-77.900000
  0
VERTEX
  8
1
 10
83.400000
 20
-82.600000
  0
VERTEX
  8
1
 10
77.500000
 20
-87.500000
  0
VERTEX
  8
1
 10
73.100000
 20
-92.200000
  0
VERTEX
  8
1
 10
70.000000
 20
-97.400000
  0
VERTEX
  8
1
 10
67.800000
 20
-102.500000
  0
VERTEX
  8
1
 10
65.700000
 20
-108.100000
  0
VERTEX
  8
1
 10
63.800000
 20
-114.300000
  0
VERTEX
  8
1
 10
62.600000
 20
-121.800000
  0
VERTEX
  8
1
 10
62.300000
 20
-130.300000
  0
VERTEX
  8
1
 10
62.900000
 20
-138.500000
  0
VERTEX
  8
1
 10
63.400000
 20
-146.000000
  0
VERTEX
  8
1
 10
50.700000
 20
-144.800000
  0
VERTEX
  8
1
 10
33.900000
 20
-142.600000
  0
VERTEX
  8
1
 10
13.100000
 20
-139.400000
  0
VERTEX
  8
1
 10
-16.200000
 20
-135.200000
  0
VERTEX
  8
1
 10
-26.000000
 20
-133.900000
  0
VERTEX
  8
1
 10
-42.600000
 20
-132.500000
  0
VERTEX
  8
1
 10
-63.300000
 20
-131.400000
  0
VERTEX
  8
1
 10
-91.400000
 20
-130.800000
  0
VERTEX
  8
1
 10
-135.400000
 20
-132.000000
  0
SEQEND
  0
POLYLINE
  8
85
 66
     1
  0
VERTEX
  8
85
 10
37.200000
 20
31.900000
  0
VERTEX
  8
85
 10
-96.200000
 20
17.700000
  0
VERTEX
  8
85
 10
-126.800000
 20
19.000000
  0
SEQEND
  0
POLYLINE
  8
8
 66
     1
  0
VERTEX
  8
8
 10
37.200000
 20
31.900000
  0
VERTEX
  8
8
 10
-96.200000
 20
17.700000
  0
VERTEX
  8
8
 10
-126.800000
 20
19.000000
  0
SEQEND
  0
POLYLINE
  8
85
 66
     1
  0
VERTEX
  8
85
 10
-127.200000
 20
33.700000
  0
VERTEX
  8
85
 10
-97.400000
 20
36.700000
  0
VERTEX
  8
85
 10
37.200000
 20
31.900000
  0
SEQEND
  0
POLYLINE
  8
8
 66
     1
  0
VERTEX
  8
8
 10
-127.200000
 20
33.700000
  0
VERTEX
  8
8
 10
-97.400000
 20
36.700000
  0
VERTEX
  8
8
 10
37.200000
 20
31.900000
  0
SEQEND
  0
POLYLINE
  8
85
 66
     1
  0
VERTEX
  8
85
 10
122.500000
 20
-31.300000
  0
VERTEX
  8
85
 10
122.600000
 20
91.100000
  0
VERTEX
  8
85
 10
-16.200000
 20
92.100000
  0
VERTEX
  8
85
 10
-14.500000
 20
-31.100000
  0
VERTEX
  8
85
 10
122.500000
 20
-31.300000
  0
SEQEND
  0
POLYLINE
  8
8
 66
     1
  0
VERTEX
  8
8
 10
122.500000
 20
-31.300000
  0
VERTEX
  8
8
 10
122.600000
 20
91.100000
  0
VERTEX
  8
8
 10
-16.200000
 20
92.100000
  0
VERTEX
  8
8
 10
-14.500000
 20
-31.100000
  0
VERTEX
  8
8
 10
122.500000
 20
-31.300000
  0
SEQEND
  0
POLYLINE
  8
85
 66
     1
  0
VERTEX
  8
85
 10
140.200000
 20
-32.500000
  0
VERTEX
  8
85
 10
140.200000
 20
92.500000
  0
VERTEX
  8
85
 10
81.200000
 20
92.500000
  0
VERTEX
  8
85
 10
81.200000
 20
-32.500000
  0
VERTEX
  8
85
 10
140.200000
 20
-32.500000
  0
SEQEND
  0
POLYLINE
  8
8
 66
     1
  0
VERTEX
  8
8
 10
140.200000
 20
-32.500000
  0
VERTEX
  8
8
 10
140.200000
 20
92.500000
  0
VERTEX
  8
8
 10
81.200000
 20
92.500000
  0
VERTEX
  8
8
 10
81.200000
 20
-32.500000
  0
VERTEX
  8
8
 10
140.200000
 20
-32.500000
  0
SEQEND
  0
POLYLINE
  8
85
 66
     1
  0
VERTEX
  8
85
 10
-119.900000
 20
-84.600000
  0
VERTEX
  8
85
 10
-123.600000
 20
89.600000
  0
SEQEND
  0
POLYLINE
  8
8
 66
     1
  0
VERTEX
  8
8
 10
-119.900000
 20
-84.600000
  0
VERTEX
  8
8
 10
-123.600000
 20
89.600000
  0
SEQEND
  0
POLYLINE
  8
87
 66
     1
  0
VERTEX
  8
87
 10
-125.600000
 20
-121.800000
  0
VERTEX
  8
87
 10
-126.900000
 20
-39.400000
  0
VERTEX
  8
87
 10
-127.300000
 20
-13.400000
  0
VERTEX
  8
87
 10
-129.400000
 20
134.900000
  0
VERTEX
  8
87
 10
-127.300000
 20
134.900000
  0
VERTEX
  8
87
 10
-42.800000
 20
135.300000
  0
VERTEX
  8
87
 10
32.400000
 20
134.800000
  0
VERTEX
  8
87
 10
94.800000
 20
133.000000
  0
VERTEX
  8
87
 10
146.700000
 20
129.900000
  0
VERTEX
  8
87
 10
192.900000
 20
126.600000
  0
VERTEX
  8
87
 10
226.600000
 20
124.000000
  0
VERTEX
  8
87
 10
226.600000
 20
122.300000
  0
VERTEX
  8
87
 10
226.600000
 20
114.300000
  0
VERTEX
  8
87
 10
227.400000
 20
104.700000
  0
VERTEX
  8
87
 10
230.000000
 20
93.100000
  0
VERTEX
  8
87
 10
234.700000
 20
80.600000
  0
VERTEX
  8
87
 10
241.100000
 20
68.600000
  0
VERTEX
  8
87
 10
249.200000
 20
57.400000
  0
VERTEX
  8
87
 10
257.300000
 20
48.800000
  0
VERTEX
  8
87
 10
258.500000
 20
47.500000
  0
VERTEX
  8
87
 10
203.100000
 20
-26.700000
  0
VERTEX
  8
87
 10
191.400000
 20
-43.000000
  0
VERTEX
  8
87
 10
175.200000
 20
-66.500000
  0
VERTEX
  8
87
 10
170.400000
 20
-65.800000
  0
VERTEX
  8
87
 10
150.600000
 20
-62.700000
  0
VERTEX
  8
87
 10
130.700000
 20
-61.000000
  0
VERTEX
  8
87
 10
122.200000
 20
-61.000000
  0
VERTEX
  8
87
 10
114.200000
 20
-61.700000
  0
VERTEX
  8
87
 10
107.600000
 20
-62.500000
  0
VERTEX
  8
87
 10
101.100000
 20
-63.200000
  0
VERTEX
  8
87
 10
93.400000
 20
-65.300000
  0
VERTEX
  8
87
 10
85.300000
 20
-69.300000
  0
VERTEX
  8
87
 10
77.400000
 20
-74.700000
  0
VERTEX
  8
87
 10
70.700000
 20
-80.300000
  0
VERTEX
  8
87
 10
65.200000
 20
-86.200000
  0
VERTEX
  8
87
 10
61.200000
 20
-92.900000
  0
VERTEX
  8
87
 10
58.600000
 20
-98.800000
  0
VERTEX
  8
87
 10
56.300000
 20
-104.900000
  0
VERTEX
  8
87
 10
54.200000
 20
-112.100000
  0
VERTEX
  8
87
 10
52.800000
 20
-120.900000
  0
VERTEX
  8
87
 10
52.400000
 20
-130.500000
  0
VERTEX
  8
87
 10
52.700000
 20
-134.900000
  0
VERTEX
  8
87
 10
35.300000
 20
-132.700000
  0
VERTEX
  8
87
 10
14.600000
 20
-129.600000
  0
VERTEX
  8
87
 10
-14.800000
 20
-125.300000
  0
VERTEX
  8
87
 10
-24.900000
 20
-124.000000
  0
VERTEX
  8
87
 10
-41.900000
 20
-122.600000
  0
VERTEX
  8
87
 10
-62.900000
 20
-121.500000
  0
VERTEX
  8
87
 10
-91.400000
 20
-120.900000
  0
VERTEX
  8
87
 10
-125.600000
 20
-121.800000
  0
SEQEND
  0
POLYLINE
  8
14
 66
     1
  0
VERTEX
  8
14
 10
-125.600000
 20
-121.800000
  0
VERTEX
  8
14
 10
-126.900000
 20
-39.400000
  0
VERTEX
  8
14
 10
-127.300000
 20
-13.400000
  0
VERTEX
  8
14
 10
-129.400000
 20
134.900000
  0
VERTEX
  8
14
 10
-127.300000
 20
134.900000
  0
VERTEX
  8
14
 10
-42.800000
 20
135.300000
  0
VERTEX
  8
14
 10
32.400000
 20
134.800000
  0
VERTEX
  8
14
 10
94.800000
 20
133.000000
  0
VERTEX
  8
14
 10
146.700000
 20
129.900000
  0
VERTEX
  8
14
 10
192.900000
 20
126.600000
  0
VERTEX
  8
14
 10
226.600000
 20
124.000000
  0
VERTEX
  8
14
 10
226.600000
 20
122.300000
  0
VERTEX
  8
14
 10
226.600000
 20
114.300000
  0
VERTEX
  8
14
 10
227.400000
 20
104.700000
  0
VERTEX
  8
14
 10
230.000000
 20
93.100000
  0
VERTEX
  8
14
 10
234.700000
 20
80.600000
  0
VERTEX
  8
14
 10
241.100000
 20
68.600000
  0
VERTEX
  8
14
 10
249.200000
 20
57.400000
  0
VERTEX
  8
14
 10
257.300000
 20
48.800000
  0
VERTEX
  8
14
 10
258.500000
 20
47.500000
  0
VERTEX
  8
14
 10
203.100000
 20
-26.700000
  0
VERTEX
  8
14
 10
191.400000
 20
-43.000000
  0
VERTEX
  8
14
 10
175.200000
 20
-66.500000
  0
VERTEX
  8
14
 10
170.400000
 20
-65.800000
  0
VERTEX
  8
14
 10
150.600000
 20
-62.700000
  0
VERTEX
  8
14
 10
130.700000
 20
-61.000000
  0
VERTEX
  8
14
 10
122.200000
 20
-61.000000
  0
VERTEX
  8
14
 10
114.200000
 20
-61.700000
  0
VERTEX
  8
14
 10
107.600000
 20
-62.500000
  0
VERTEX
  8
14
 10
101.100000
 20
-63.200000
  0
VERTEX
  8
14
 10
93.400000
 20
-65.300000
  0
VERTEX
  8
14
 10
85.300000
 20
-69.300000
  0
VERTEX
  8
14
 10
77.400000
 20
-74.700000
  0
VERTEX
  8
14
 10
70.700000
 20
-80.300000
  0
VERTEX
  8
14
 10
65.200000
 20
-86.200000
  0
VERTEX
  8
14
 10
61.200000
 20
-92.900000
  0
VERTEX
  8
14
 10
58.600000
 20
-98.800000
  0
VERTEX
  8
14
 10
56.300000
 20
-104.900000
  0
VERTEX
  8
14
 10
54.200000
 20
-112.100000
  0
VERTEX
  8
14
 10
52.800000
 20
-120.900000
  0
VERTEX
  8
14
 10
52.400000
 20
-130.500000
  0
VERTEX
  8
14
 10
52.700000
 20
-134.900000
  0
VERTEX
  8
14
 10
35.300000
 20
-132.700000
  0
VERTEX
  8
14
 10
14.600000
 20
-129.600000
  0
VERTEX
  8
14
 10
-14.800000
 20
-125.300000
  0
VERTEX
  8
14
 10
-24.900000
 20
-124.000000
  0
VERTEX
  8
14
 10
-41.900000
 20
-122.600000
  0
VERTEX
  8
14
 10
-62.900000
 20
-121.500000
  0
VERTEX
  8
14
 10
-91.400000
 20
-120.900000
  0
VERTEX
  8
14
 10
-125.600000
 20
-121.800000
  0
SEQEND
  0
POINT
  8
2
 10
-135.400000
 20
-132.000000
  0
POINT
  8
2
 10
-136.800000
 20
-39.500000
  0
POINT
  8
2
 10
-137.200000
 20
-13.500000
  0
POINT
  8
2
 10
-139.300000
 20
134.900000
  0
POINT
  8
2
 10
-139.400000
 20
144.900000
  0
POINT
  8
3
 10
-127.300000
 20
144.900000
  0
POINT
  8
3
 10
-42.800000
 20
145.200000
  0
POINT
  8
3
 10
32.500000
 20
144.700000
  0
POINT
  8
3
 10
95.200000
 20
142.900000
  0
POINT
  8
3
 10
147.300000
 20
139.800000
  0
POINT
  8
3
 10
193.600000
 20
136.500000
  0
POINT
  8
2
 10
238.000000
 20
133.000000
  0
POINT
  8
2
 10
236.400000
 20
122.000000
  0
POINT
  8
3
 10
236.500000
 20
114.800000
  0
POINT
  8
3
 10
237.200000
 20
106.200000
  0
POINT
  8
3
 10
239.500000
 20
95.900000
  0
POINT
  8
3
 10
243.800000
 20
84.700000
  0
POINT
  8
3
 10
249.600000
 20
73.800000
  0
POINT
  8
3
 10
256.900000
 20
63.700000
  0
POINT
  8
3
 10
264.600000
 20
55.600000
  0
POINT
  8
2
 10
271.500000
 20
48.200000
  0
POINT
  8
2
 10
211.200000
 20
-32.600000
  0
POINT
  8
2
 10
199.600000
 20
-48.800000
  0
POINT
  8
2
 10
179.800000
 20
-77.300000
  0
POINT
  8
3
 10
168.900000
 20
-75.600000
  0
POINT
  8
3
 10
149.500000
 20
-72.600000
  0
POINT
  8
2
 10
130.300000
 20
-71.000000
  0
POINT
  8
3
 10
122.600000
 20
-71.000000
  0
POINT
  8
3
 10
115.200000
 20
-71.600000
  0
POINT
  8
2
 10
108.400000
 20
-72.400000
  0
POINT
  8
3
 10
102.900000
 20
-73.000000
  0
POINT
  8
3
 10
96.900000
 20
-74.600000
  0
POINT
  8
3
 10
90.300000
 20
-77.900000
  0
POINT
  8
3
 10
83.400000
 20
-82.600000
  0
POINT
  8
3
 10
77.500000
 20
-87.500000
  0
POINT
  8
3
 10
73.100000
 20
-92.200000
  0
POINT
  8
2
 10
70.000000
 20
-97.400000
  0
POINT
  8
3
 10
67.800000
 20
-102.500000
  0
POINT
  8
3
 10
65.700000
 20
-108.100000
  0
POINT
  8
3
 10
63.800000
 20
-114.300000
  0
POINT
  8
3
 10
62.600000
 20
-121.800000
  0
POINT
  8
3
 10
62.300000
 20
-130.300000
  0
POINT
  8
3
 10
62.900000
 20
-138.500000
  0
POINT
  8
2
 10
63.400000
 20
-146.000000
  0
POINT
  8
3
 10
50.700000
 20
-144.800000
  0
POINT
  8
3
 10
33.900000
 20
-142.600000
  0
POINT
  8
3
 10
13.100000
 20
-139.400000
  0
POINT
  8
2
 10
-16.200000
 20
-135.200000
  0
POINT
  8
3
 10
-26.000000
 20
-133.900000
  0
POINT
  8
3
 10
-42.600000
 20
-132.500000
  0
POINT
  8
3
 10
-63.300000
 20
-131.400000
  0
POINT
  8
3
 10
-91.400000
 20
-130.800000
  0
POINT
  8
2
 10
-135.400000
 20
-132.000000
  0
POINT
  8
2
 10
37.200000
 20
31.900000
  0
POINT
  8
2
 10
-96.200000
 20
17.700000
  0
POINT
  8
2
 10
-126.800000
 20
19.000000
  0
POINT
  8
2
 10
-127.200000
 20
33.700000
  0
POINT
  8
2
 10
-97.400000
 20
36.700000
  0
POINT
  8
2
 10
37.200000
 20
31.900000
  0
POINT
  8
2
 10
122.500000
 20
-31.300000
  0
POINT
  8
2
 10
122.600000
 20
91.100000
  0
POINT
  8
2
 10
-16.200000
 20
92.100000
  0
POINT
  8
2
 10
-14.500000
 20
-31.100000
  0
POINT
  8
2
 10
122.500000
 20
-31.300000
  0
POINT
  8
2
 10
140.200000
 20
-32.500000
  0
POINT
  8
2
 10
140.200000
 20
92.500000
  0
POINT
  8
2
 10
81.200000
 20
92.500000
  0
POINT
  8
2
 10
81.200000
 20
-32.500000
  0
POINT
  8
2
 10
140.200000
 20
-32.500000
  0
POINT
  8
2
 10
-119.900000
 20
-84.600000
  0
POINT
  8
2
 10
-123.600000
 20
89.600000
  0
POINT
  8
2
 10
-136.800000
 20
-39.500000
 39
2.500000
  0
POINT
  8
2
 10
-137.200000
 20
-13.500000
 39
2.500000
  0
POINT
  8
2
 10
-139.300000
 20
134.900000
 39
2.500000
  0
POINT
  8
2
 10
236.400000
 20
122.000000
 39
2.500000
 50
177.614100
  0
POINT
  8
2
 10
211.200000
 20
-32.600000
 39
2.500000
 50
145.008000
  0
POINT
  8
2
 10
199.600000
 20
-48.800000
 39
2.500000
 50
145.008000
  0
POINT
  8
2
 10
130.300000
 20
-71.000000
 39
2.500000
 50
87.709390
  0
POINT
  8
2
 10
108.400000
 20
-72.400000
 39
2.500000
 50
94.763640
  0
POINT
  8
2
 10
70.000000
 20
-97.400000
 39
2.500000
 50
153.435000
  0
POINT
  8
2
 10
-16.200000
 20
-135.200000
 39
2.500000
 50
82.874980
  0
POINT
  8
2
 10
140.200000
 20
-32.500000
  0
TEXT
  8
2
 10
140.200000
 20
-32.500000
 40
0.250000
 50
0.000000
  1
#1
  0
POINT
  8
2
 10
140.200000
 20
92.500000
  0
TEXT
  8
2
 10
140.200000
 20
92.500000
 40
0.250000
 50
0.000000
  1
#1
  0
POINT
  8
2
 10
120.200000
 20
-29.500000
  0
TEXT
  8
2
 10
120.200000
 20
-29.500000
 40
0.250000
 50
0.000000
  1
#1
  0
POINT
  8
2
 10
120.400000
 20
88.800000
  0
TEXT
  8
2
 10
120.400000
 20
88.800000
 40
0.250000
 50
0.000000
  1
#1
  0
POINT
  8
2
 10
-12.900000
 20
-28.600000
  0
TEXT
  8
2
 10
-12.900000
 20
-28.600000
 40
0.250000
 50
0.000000
  1
#1
  0
POINT
  8
2
 10
-14.500000
 20
89.600000
  0
TEXT
  8
2
 10
-14.500000
 20
89.600000
 40
0.250000
 50
0.000000
  1
#1
  0
POINT
  8
2
 10
-120.300000
 20
-84.800000
  0
TEXT
  8
2
 10
-120.300000
 20
-84.800000
 40
0.250000
 50
0.000000
  1
#1
  0
POINT
  8
2
 10
-124.000000
 20
90.000000
  0
TEXT
  8
2
 10
-124.000000
 20
90.000000
 40
0.250000
 50
0.000000
  1
#1
  0
POINT
  8
2
 10
-96.200000
 20
19.400000
  0
TEXT
  8
2
 10
-96.200000
 20
19.400000
 40
0.250000
 50
0.000000
  1
#1
  0
POINT
  8
2
 10
-97.400000
 20
34.300000
  0
TEXT
  8
2
 10
-97.400000
 20
34.300000
 40
0.250000
 50
0.000000
  1
#1
  0
POINT
  8
2
 10
32.300000
 20
31.800000
  0
TEXT
  8
2
 10
32.300000
 20
31.800000
 40
0.250000
 50
0.000000
  1
#1
  0
POINT
  8
2
 10
-127.200000
 20
33.700000
  0
TEXT
  8
2
 10
-127.200000
 20
33.700000
 40
0.250000
 50
0.000000
  1
#1
  0
POINT
  8
2
 10
-126.800000
 20
19.000000
  0
TEXT
  8
2
 10
-126.800000
 20
19.000000
 40
0.250000
 50
0.000000
  1
#1
  0
POINT
  8
2
 10
-125.600000
 20
-121.800000
  0
POINT
  8
2
 10
-126.900000
 20
-39.400000
  0
POINT
  8
2
 10
-127.300000
 20
-13.400000
  0
POINT
  8
2
 10
-129.400000
 20
134.900000
  0
POINT
  8
3
 10
-127.300000
 20
134.900000
  0
POINT
  8
3
 10
-42.800000
 20
135.300000
  0
POINT
  8
3
 10
32.400000
 20
134.800000
  0
POINT
  8
3
 10
94.800000
 20
133.000000
  0
POINT
  8
3
 10
146.700000
 20
129.900000
  0
POINT
  8
3
 10
192.900000
 20
126.600000
  0
POINT
  8
2
 10
226.600000
 20
124.000000
  0
POINT
  8
2
 10
226.600000
 20
122.300000
  0
POINT
  8
3
 10
226.600000
 20
114.300000
  0
POINT
  8
3
 10
227.400000
 20
104.700000
  0
POINT
  8
3
 10
230.000000
 20
93.100000
  0
POINT
  8
3
 10
234.700000
 20
80.600000
  0
POINT
  8
3
 10
241.100000
 20
68.600000
  0
POINT
  8
3
 10
249.200000
 20
57.400000
  0
POINT
  8
3
 10
257.300000
 20
48.800000
  0
POINT
  8
2
 10
258.500000
 20
47.500000
  0
POINT
  8
2
 10
203.100000
 20
-26.700000
  0
POINT
  8
2
 10
191.400000
 20
-43.000000
  0
POINT
  8
2
 10
175.200000
 20
-66.500000
  0
POINT
  8
3
 10
170.400000
 20
-65.800000
  0
POINT
  8
3
 10
150.600000
 20
-62.700000
  0
POINT
  8
2
 10
130.700000
 20
-61.000000
  0
POINT
  8
3
 10
122.200000
 20
-61.000000
  0
POINT
  8
3
 10
114.200000
 20
-61.700000
  0
POINT
  8
2
 10
107.600000
 20
-62.500000
  0
POINT
  8
3
 10
101.100000
 20
-63.200000
  0
POINT
  8
3
 10
93.400000
 20
-65.300000
  0
POINT
  8
3
 10
85.300000
 20
-69.300000
  0
POINT
  8
3
 10
77.400000
 20
-74.700000
  0
POINT
  8
3
 10
70.700000
 20
-80.300000
  0
POINT
  8
3
 10
65.200000
 20
-86.200000
  0
POINT
  8
2
 10
61.200000
 20
-92.900000
  0
POINT
  8
3
 10
58.600000
 20
-98.800000
  0
POINT
  8
3
 10
56.300000
 20
-104.900000
  0
POINT
  8
3
 10
54.200000
 20
-112.100000
  0
POINT
  8
3
 10
52.800000
 20
-120.900000
  0
POINT
  8
3
 10
52.400000
 20
-130.500000
  0
POINT
  8
2
 10
52.700000
 20
-134.900000
  0
POINT
  8
3
 10
35.300000
 20
-132.700000
  0
POINT
  8
3
 10
14.600000
 20
-129.600000
  0
POINT
  8
2
 10
-14.800000
 20
-125.300000
  0
POINT
  8
3
 10
-24.900000
 20
-124.000000
  0
POINT
  8
3
 10
-41.900000
 20
-122.600000
  0
POINT
  8
3
 10
-62.900000
 20
-121.500000
  0
POINT
  8
3
 10
-91.400000
 20
-120.900000
  0
POINT
  8
2
 10
-125.600000
 20
-121.800000
  0
POINT
  8
4
 10
-136.800000
 20
-39.500000
 30
2.500000
  0
POINT
  8
4
 10
-137.200000
 20
-13.500000
 30
2.500000
  0
POINT
  8
4
 10
-139.300000
 20
134.900000
 30
2.500000
  0
POINT
  8
4
 10
236.400000
 20
122.000000
 30
2.500000
 50
177.614100
  0
POINT
  8
4
 10
211.200000
 20
-32.600000
 30
2.500000
 50
145.008000
  0
POINT
  8
4
 10
199.600000
 20
-48.800000
 30
2.500000
 50
145.008000
  0
POINT
  8
4
 10
130.300000
 20
-71.000000
 30
2.500000
 50
87.709390
  0
POINT
  8
4
 10
108.400000
 20
-72.400000
 30
2.500000
 50
94.763640
  0
POINT
  8
4
 10
70.000000
 20
-97.400000
 30
2.500000
 50
153.435000
  0
POINT
  8
4
 10
-16.200000
 20
-135.200000
 30
2.500000
 50
82.874980
  0
POINT
  8
13
 10
140.200000
 20
-32.500000
  0
TEXT
  8
13
 10
140.200000
 20
-32.500000
 40
0.250000
 50
0.000000
  1
#1
  0
POINT
  8
13
 10
140.200000
 20
92.500000
  0
TEXT
  8
13
 10
140.200000
 20
92.500000
 40
0.250000
 50
0.000000
  1
#1
  0
POINT
  8
13
 10
120.200000
 20
-29.500000
  0
TEXT
  8
13
 10
120.200000
 20
-29.500000
 40
0.250000
 50
0.000000
  1
#1
  0
POINT
  8
13
 10
120.400000
 20
88.800000
  0
TEXT
  8
13
 10
120.400000
 20
88.800000
 40
0.250000
 50
0.000000
  1
#1
  0
POINT
  8
13
 10
-12.900000
 20
-28.600000
  0
TEXT
  8
13
 10
-12.900000
 20
-28.600000
 40
0.250000
 50
0.000000
  1
#1
  0
POINT
  8
13
 10
-14.500000
 20
89.600000
  0
TEXT
  8
13
 10
-14.500000
 20
89.600000
 40
0.250000
 50
0.000000
  1
#1
  0
POINT
  8
13
 10
-120.300000
 20
-84.800000
  0
TEXT
  8
13
 10
-120.300000
 20
-84.800000
 40
0.250000
 50
0.000000
  1
#1
  0
POINT
  8
13
 10
-124.000000
 20
90.000000
  0
TEXT
  8
13
 10
-124.000000
 20
90.000000
 40
0.250000
 50
0.000000
  1
#1
  0
POINT
  8
13
 10
-96.200000
 20
19.400000
  0
TEXT
  8
13
 10
-96.200000
 20
19.400000
 40
0.250000
 50
0.000000
  1
#1
  0
POINT
  8
13
 10
-97.400000
 20
34.300000
  0
TEXT
  8
13
 10
-97.400000
 20
34.300000
 40
0.250000
 50
0.000000
  1
#1
  0
POINT
  8
13
 10
32.300000
 20
31.800000
  0
TEXT
  8
13
 10
32.300000
 20
31.800000
 40
0.250000
 50
0.000000
  1
#1
  0
POINT
  8
13
 10
-127.200000
 20
33.700000
  0
TEXT
  8
13
 10
-127.200000
 20
33.700000
 40
0.250000
 50
0.000000
  1
#1
  0
POINT
  8
13
 10
-126.800000
 20
19.000000
  0
TEXT
  8
13
 10
-126.800000
 20
19.000000
 40
0.250000
 50
0.000000
  1
#1
  0
LINE
  8
5
 10
100.700000
 20
0.000000
 11
14.000000
 21
0.000000
  0
LINE
  8
7
 10
100.700000
 20
0.000000
 11
14.000000
 21
0.000000
  0
TEXT
  8
15
 10
-16.500000
 20
132.300000
 40
9.166667
 50
0.000000
  1
FRONT CENTER + ZIP
  0
TEXT
  8
15
 10
143.600000
 20
38.200000
 40
6.454545
 50
270.000000
  1
POCKET FLAP
  0
TEXT
  8
15
 10
126.300000
 20
33.200000
 40
6.866666
 50
270.000000
  1
POCKET
  0
TEXT
  8
15
 10
-118.100000
 20
12.600000
 40
6.145454
 50
270.000000
  1
POCKET FLAP
  0
TEXT
  8
1
 10
3.300000
 20
109.400000
 40
10.000000
 50
0.000000
  1
Piece Name: FRONT LEFT 1P
  0
TEXT
  8
1
 10
3.300000
 20
120.400000
 40
10.000000
 50
0.000000
  1
Size: 42
  0
TEXT
  8
1
 10
3.300000
 20
131.400000
 40
10.000000
 50
0.000000
  1
Annotation: FRONT LEFT 1P
  0
TEXT
  8
1
 10
3.300000
 20
142.400000
 40
10.000000
 50
0.000000
  1
Quantity: 1
  0
TEXT
  8
1
 10
3.300000
 20
153.400000
 40
10.000000
 50
0.000000
  1
Material: LEATHER
  0
ENDBLK
  0
BLOCK
  8
1
  2
BTTM FRNT LEFT 1P
 70
     0
 10
0.00
 20
0.00
  0
POLYLINE
  8
84
 66
     1
 70
     1
  0
VERTEX
  8
84
 10
193.000000
 20
145.000000
  0
VERTEX
  8
84
 10
193.100000
 20
135.000000
  0
VERTEX
  8
84
 10
195.200000
 20
-11.900000
  0
VERTEX
  8
84
 10
195.600000
 20
-39.500000
  0
VERTEX
  8
84
 10
197.000000
 20
-131.200000
  0
VERTEX
  8
84
 10
187.100000
 20
-131.800000
  0
VERTEX
  8
84
 10
150.300000
 20
-134.400000
  0
VERTEX
  8
84
 10
113.700000
 20
-137.900000
  0
VERTEX
  8
84
 10
85.300000
 20
-140.400000
  0
VERTEX
  8
84
 10
70.100000
 20
-141.600000
  0
VERTEX
  8
84
 10
55.400000
 20
-142.800000
  0
VERTEX
  8
84
 10
32.800000
 20
-144.000000
  0
VERTEX
  8
84
 10
6.200000
 20
-145.800000
  0
VERTEX
  8
84
 10
-27.800000
 20
-148.500000
  0
VERTEX
  8
84
 10
-66.100000
 20
-150.700000
  0
VERTEX
  8
84
 10
-68.300000
 20
-87.000000
  0
VERTEX
  8
84
 10
-70.900000
 20
-18.700000
  0
VERTEX
  8
84
 10
-73.600000
 20
54.800000
  0
VERTEX
  8
84
 10
-75.900000
 20
131.500000
  0
VERTEX
  8
84
 10
-76.000000
 20
141.300000
  0
VERTEX
  8
84
 10
-39.900000
 20
141.600000
  0
VERTEX
  8
84
 10
25.700000
 20
142.400000
  0
VERTEX
  8
84
 10
100.200000
 20
143.700000
  0
VERTEX
  8
84
 10
193.000000
 20
145.000000
  0
SEQEND
  0
POLYLINE
  8
1
 66
     1
 70
     1
  0
VERTEX
  8
1
 10
193.000000
 20
145.000000
  0
VERTEX
  8
1
 10
193.100000
 20
135.000000
  0
VERTEX
  8
1
 10
195.200000
 20
-11.900000
  0
VERTEX
  8
1
 10
195.600000
 20
-39.500000
  0
VERTEX
  8
1
 10
197.000000
 20
-131.200000
  0
VERTEX
  8
1
 10
187.100000
 20
-131.800000
  0
VERTEX
  8
1
 10
150.300000
 20
-134.400000
  0
VERTEX
  8
1
 10
113.700000
 20
-137.900000
  0
VERTEX
  8
1
 10
85.300000
 20
-140.400000
  0
VERTEX
  8
1
 10
70.100000
 20
-141.600000
  0
VERTEX
  8
1
 10
55.400000
 20
-142.800000
  0
VERTEX
  8
1
 10
32.800000
 20
-144.000000
  0
VERTEX
  8
1
 10
6.200000
 20
-145.800000
  0
VERTEX
  8
1
 10
-27.800000
 20
-148.500000
  0
VERTEX
  8
1
 10
-66.100000
 20
-150.700000
  0
VERTEX
  8
1
 10
-68.300000
 20
-87.000000
  0
VERTEX
  8
1
 10
-70.900000
 20
-18.700000
  0
VERTEX
  8
1
 10
-73.600000
 20
54.800000
  0
VERTEX
  8
1
 10
-75.900000
 20
131.500000
  0
VERTEX
  8
1
 10
-76.000000
 20
141.300000
  0
VERTEX
  8
1
 10
-39.900000
 20
141.600000
  0
VERTEX
  8
1
 10
25.700000
 20
142.400000
  0
VERTEX
  8
1
 10
100.200000
 20
143.700000
  0
VERTEX
  8
1
 10
193.000000
 20
145.000000
  0
SEQEND
  0
POLYLINE
  8
85
 66
     1
  0
VERTEX
  8
85
 10
171.800000
 20
-85.900000
  0
VERTEX
  8
85
 10
166.700000
 20
85.000000
  0
VERTEX
  8
85
 10
-14.600000
 20
82.000000
  0
VERTEX
  8
85
 10
-8.100000
 20
-96.100000
  0
VERTEX
  8
85
 10
171.800000
 20
-85.900000
  0
SEQEND
  0
POLYLINE
  8
8
 66
     1
  0
VERTEX
  8
8
 10
171.800000
 20
-85.900000
  0
VERTEX
  8
8
 10
166.700000
 20
85.000000
  0
VERTEX
  8
8
 10
-14.600000
 20
82.000000
  0
VERTEX
  8
8
 10
-8.100000
 20
-96.100000
  0
VERTEX
  8
8
 10
171.800000
 20
-85.900000
  0
SEQEND
  0
POLYLINE
  8
85
 66
     1
  0
VERTEX
  8
85
 10
185.800000
 20
18.900000
  0
VERTEX
  8
85
 10
83.900000
 20
23.100000
  0
VERTEX
  8
85
 10
185.400000
 20
33.600000
  0
SEQEND
  0
POLYLINE
  8
8
 66
     1
  0
VERTEX
  8
8
 10
185.800000
 20
18.900000
  0
VERTEX
  8
8
 10
83.900000
 20
23.100000
  0
VERTEX
  8
8
 10
185.400000
 20
33.600000
  0
SEQEND
  0
POLYLINE
  8
87
 66
     1
  0
VERTEX
  8
87
 10
183.200000
 20
135.000000
  0
VERTEX
  8
87
 10
185.300000
 20
-12.000000
  0
VERTEX
  8
87
 10
185.700000
 20
-39.600000
  0
VERTEX
  8
87
 10
186.900000
 20
-121.800000
  0
VERTEX
  8
87
 10
149.500000
 20
-124.500000
  0
VERTEX
  8
87
 10
112.800000
 20
-128.000000
  0
VERTEX
  8
87
 10
84.500000
 20
-130.500000
  0
VERTEX
  8
87
 10
69.800000
 20
-131.700000
  0
VERTEX
  8
87
 10
54.800000
 20
-132.900000
  0
VERTEX
  8
87
 10
32.300000
 20
-134.100000
  0
VERTEX
  8
87
 10
5.600000
 20
-135.900000
  0
VERTEX
  8
87
 10
-28.100000
 20
-138.600000
  0
VERTEX
  8
87
 10
-31.500000
 20
-138.700000
  0
VERTEX
  8
87
 10
-33.400000
 20
-85.700000
  0
VERTEX
  8
87
 10
-36.000000
 20
-17.400000
  0
VERTEX
  8
87
 10
-38.700000
 20
55.900000
  0
VERTEX
  8
87
 10
-39.900000
 20
97.200000
  0
VERTEX
  8
87
 10
-40.900000
 20
131.600000
  0
VERTEX
  8
87
 10
-39.800000
 20
131.700000
  0
VERTEX
  8
87
 10
25.800000
 20
132.500000
  0
VERTEX
  8
87
 10
100.300000
 20
133.800000
  0
VERTEX
  8
87
 10
183.200000
 20
135.000000
  0
SEQEND
  0
POLYLINE
  8
14
 66
     1
  0
VERTEX
  8
14
 10
183.200000
 20
135.000000
  0
VERTEX
  8
14
 10
185.300000
 20
-12.000000
  0
VERTEX
  8
14
 10
185.700000
 20
-39.600000
  0
VERTEX
  8
14
 10
186.900000
 20
-121.800000
  0
VERTEX
  8
14
 10
149.500000
 20
-124.500000
  0
VERTEX
  8
14
 10
112.800000
 20
-128.000000
  0
VERTEX
  8
14
 10
84.500000
 20
-130.500000
  0
VERTEX
  8
14
 10
69.800000
 20
-131.700000
  0
VERTEX
  8
14
 10
54.800000
 20
-132.900000
  0
VERTEX
  8
14
 10
32.300000
 20
-134.100000
  0
VERTEX
  8
14
 10
5.600000
 20
-135.900000
  0
VERTEX
  8
14
 10
-28.100000
 20
-138.600000
  0
VERTEX
  8
14
 10
-31.500000
 20
-138.700000
  0
VERTEX
  8
14
 10
-33.400000
 20
-85.700000
  0
VERTEX
  8
14
 10
-36.000000
 20
-17.400000
  0
VERTEX
  8
14
 10
-38.700000
 20
55.900000
  0
VERTEX
  8
14
 10
-39.900000
 20
97.200000
  0
VERTEX
  8
14
 10
-40.900000
 20
131.600000
  0
VERTEX
  8
14
 10
-39.800000
 20
131.700000
  0
VERTEX
  8
14
 10
25.800000
 20
132.500000
  0
VERTEX
  8
14
 10
100.300000
 20
133.800000
  0
VERTEX
  8
14
 10
183.200000
 20
135.000000
  0
SEQEND
  0
POINT
  8
2
 10
193.000000
 20
145.000000
  0
POINT
  8
2
 10
193.100000
 20
135.000000
  0
POINT
  8
2
 10
195.200000
 20
-11.900000
  0
POINT
  8
2
 10
195.600000
 20
-39.500000
  0
POINT
  8
2
 10
197.000000
 20
-131.200000
  0
POINT
  8
2
 10
187.100000
 20
-131.800000
  0
POINT
  8
3
 10
150.300000
 20
-134.400000
  0
POINT
  8
3
 10
113.700000
 20
-137.900000
  0
POINT
  8
3
 10
85.300000
 20
-140.400000
  0
POINT
  8
2
 10
70.100000
 20
-141.600000
  0
POINT
  8
3
 10
55.400000
 20
-142.800000
  0
POINT
  8
3
 10
32.800000
 20
-144.000000
  0
POINT
  8
3
 10
6.200000
 20
-145.800000
  0
POINT
  8
2
 10
-27.800000
 20
-148.500000
  0
POINT
  8
2
 10
-66.100000
 20
-150.700000
  0
POINT
  8
3
 10
-68.300000
 20
-87.000000
  0
POINT
  8
3
 10
-70.900000
 20
-18.700000
  0
POINT
  8
3
 10
-73.600000
 20
54.800000
  0
POINT
  8
2
 10
-75.900000
 20
131.500000
  0
POINT
  8
2
 10
-76.000000
 20
141.300000
  0
POINT
  8
2
 10
-39.900000
 20
141.600000
  0
POINT
  8
3
 10
25.700000
 20
142.400000
  0
POINT
  8
3
 10
100.200000
 20
143.700000
  0
POINT
  8
2
 10
193.000000
 20
145.000000
  0
POINT
  8
2
 10
171.800000
 20
-85.900000
  0
POINT
  8
2
 10
166.700000
 20
85.000000
  0
POINT
  8
2
 10
-14.600000
 20
82.000000
  0
POINT
  8
2
 10
-8.100000
 20
-96.100000
  0
POINT
  8
2
 10
171.800000
 20
-85.900000
  0
POINT
  8
2
 10
185.800000
 20
18.900000
  0
POINT
  8
2
 10
83.900000
 20
23.100000
  0
POINT
  8
2
 10
185.400000
 20
33.600000
  0
POINT
  8
2
 10
193.100000
 20
135.000000
 39
2.500000
 50
180.000000
  0
POINT
  8
2
 10
195.200000
 20
-11.900000
 39
2.500000
 50
180.000000
  0
POINT
  8
2
 10
195.600000
 20
-39.500000
 39
2.500000
 50
180.000000
  0
POINT
  8
2
 10
70.100000
 20
-141.600000
 39
2.500000
 50
92.385940
  0
POINT
  8
2
 10
-27.800000
 20
-148.500000
 39
2.500000
 50
92.385940
  0
POINT
  8
2
 10
-75.900000
 20
131.500000
 39
2.500000
  0
POINT
  8
2
 10
-39.900000
 20
141.600000
 39
2.500000
 50
270.000000
  0
POINT
  8
2
 10
163.900000
 20
83.400000
  0
TEXT
  8
2
 10
163.900000
 20
83.400000
 40
0.250000
 50
0.000000
  1
#1
  0
POINT
  8
2
 10
169.500000
 20
-83.500000
  0
TEXT
  8
2
 10
169.500000
 20
-83.500000
 40
0.250000
 50
0.000000
  1
#1
  0
POINT
  8
2
 10
-6.000000
 20
-94.000000
  0
TEXT
  8
2
 10
-6.000000
 20
-94.000000
 40
0.250000
 50
0.000000
  1
#1
  0
POINT
  8
2
 10
-12.200000
 20
80.100000
  0
TEXT
  8
2
 10
-12.200000
 20
80.100000
 40
0.250000
 50
0.000000
  1
#1
  0
POINT
  8
2
 10
88.900000
 20
23.600000
  0
TEXT
  8
2
 10
88.900000
 20
23.600000
 40
0.250000
 50
0.000000
  1
#1
  0
POINT
  8
2
 10
185.400000
 20
33.600000
  0
TEXT
  8
2
 10
185.400000
 20
33.600000
 40
0.250000
 50
0.000000
  1
#1
  0
POINT
  8
2
 10
185.800000
 20
18.900000
  0
TEXT
  8
2
 10
185.800000
 20
18.900000
 40
0.250000
 50
0.000000
  1
#1
  0
POINT
  8
2
 10
183.200000
 20
135.000000
  0
POINT
  8
2
 10
185.300000
 20
-12.000000
  0
POINT
  8
2
 10
185.700000
 20
-39.600000
  0
POINT
  8
2
 10
186.900000
 20
-121.800000
  0
POINT
  8
3
 10
149.500000
 20
-124.500000
  0
POINT
  8
3
 10
112.800000
 20
-128.000000
  0
POINT
  8
3
 10
84.500000
 20
-130.500000
  0
POINT
  8
2
 10
69.800000
 20
-131.700000
  0
POINT
  8
3
 10
54.800000
 20
-132.900000
  0
POINT
  8
3
 10
32.300000
 20
-134.100000
  0
POINT
  8
3
 10
5.600000
 20
-135.900000
  0
POINT
  8
2
 10
-28.100000
 20
-138.600000
  0
POINT
  8
2
 10
-31.500000
 20
-138.700000
  0
POINT
  8
3
 10
-33.400000
 20
-85.700000
  0
POINT
  8
3
 10
-36.000000
 20
-17.400000
  0
POINT
  8
3
 10
-38.700000
 20
55.900000
  0
POINT
  8
3
 10
-39.900000
 20
97.200000
  0
POINT
  8
2
 10
-40.900000
 20
131.600000
  0
POINT
  8
2
 10
-39.800000
 20
131.700000
  0
POINT
  8
3
 10
25.800000
 20
132.500000
  0
POINT
  8
3
 10
100.300000
 20
133.800000
  0
POINT
  8
2
 10
183.200000
 20
135.000000
  0
POINT
  8
4
 10
193.100000
 20
135.000000
 30
2.500000
 50
180.000000
  0
POINT
  8
4
 10
195.200000
 20
-11.900000
 30
2.500000
 50
180.000000
  0
POINT
  8
4
 10
195.600000
 20
-39.500000
 30
2.500000
 50
180.000000
  0
POINT
  8
4
 10
70.100000
 20
-141.600000
 30
2.500000
 50
92.385940
  0
POINT
  8
4
 10
-27.800000
 20
-148.500000
 30
2.500000
 50
92.385940
  0
POINT
  8
4
 10
-75.900000
 20
131.500000
 30
2.500000
  0
POINT
  8
4
 10
-39.900000
 20
141.600000
 30
2.500000
 50
270.000000
  0
POINT
  8
13
 10
163.900000
 20
83.400000
  0
TEXT
  8
13
 10
163.900000
 20
83.400000
 40
0.250000
 50
0.000000
  1
#1
  0
POINT
  8
13
 10
169.500000
 20
-83.500000
  0
TEXT
  8
13
 10
169.500000
 20
-83.500000
 40
0.250000
 50
0.000000
  1
#1
  0
POINT
  8
13
 10
-6.000000
 20
-94.000000
  0
TEXT
  8
13
 10
-6.000000
 20
-94.000000
 40
0.250000
 50
0.000000
  1
#1
  0
POINT
  8
13
 10
-12.200000
 20
80.100000
  0
TEXT
  8
13
 10
-12.200000
 20
80.100000
 40
0.250000
 50
0.000000
  1
#1
  0
POINT
  8
13
 10
88.900000
 20
23.600000
  0
TEXT
  8
13
 10
88.900000
 20
23.600000
 40
0.250000
 50
0.000000
  1
#1
  0
POINT
  8
13
 10
185.400000
 20
33.600000
  0
TEXT
  8
13
 10
185.400000
 20
33.600000
 40
0.250000
 50
0.000000
  1
#1
  0
POINT
  8
13
 10
185.800000
 20
18.900000
  0
TEXT
  8
13
 10
185.800000
 20
18.900000
 40
0.250000
 50
0.000000
  1
#1
  0
LINE
  8
5
 10
121.800000
 20
0.000000
 11
-7.200000
 21
0.000000
  0
LINE
  8
7
 10
121.800000
 20
0.000000
 11
-7.200000
 21
0.000000
  0
TEXT
  8
15
 10
64.000000
 20
136.400000
 40
9.533334
 50
0.000000
  1
FRONT CENTER + ZIP
  0
TEXT
  8
15
 10
170.500000
 20
-2.300000
 40
7.400000
 50
270.000000
  1
POCKET
  0
TEXT
  8
1
 10
3.300000
 20
109.400000
 40
10.000000
 50
0.000000
  1
Piece Name: BTTM FRNT LEFT 1P
  0
TEXT
  8
1
 10
3.300000
 20
120.400000
 40
10.000000
 50
0.000000
  1
Size: 42
  0
TEXT
  8
1
 10
3.300000
 20
131.400000
 40
10.000000
 50
0.000000
  1
Annotation: BTTM FRNT LEFT 1P
  0
TEXT
  8
1
 10
3.300000
 20
142.400000
 40
10.000000
 50
0.000000
  1
Quantity: 1
  0
TEXT
  8
1
 10
3.300000
 20
153.400000
 40
10.000000
 50
0.000000
  1
Material: LEATHER
  0
ENDBLK
  0
BLOCK
  8
1
  2
STRIPXCOULISS BK 1P
 70
     0
 10
0.00
 20
0.00
  0
POLYLINE
  8
84
 66
     1
 70
     1
  0
VERTEX
  8
84
 10
79.800000
 20
0.000000
  0
VERTEX
  8
84
 10
79.800000
 20
-256.900000
  0
VERTEX
  8
84
 10
34.800000
 20
-261.600000
  0
VERTEX
  8
84
 10
34.800000
 20
0.000000
  0
VERTEX
  8
84
 10
34.800000
 20
261.600000
  0
VERTEX
  8
84
 10
79.800000
 20
256.900000
  0
VERTEX
  8
84
 10
79.800000
 20
0.000000
  0
SEQEND
  0
POLYLINE
  8
1
 66
     1
 70
     1
  0
VERTEX
  8
1
 10
79.800000
 20
0.000000
  0
VERTEX
  8
1
 10
79.800000
 20
-256.900000
  0
VERTEX
  8
1
 10
34.800000
 20
-261.600000
  0
VERTEX
  8
1
 10
34.800000
 20
0.000000
  0
VERTEX
  8
1
 10
34.800000
 20
261.600000
  0
VERTEX
  8
1
 10
79.800000
 20
256.900000
  0
VERTEX
  8
1
 10
79.800000
 20
0.000000
  0
SEQEND
  0
POLYLINE
  8
87
 66
     1
  0
VERTEX
  8
87
 10
69.800000
 20
0.000000
  0
VERTEX
  8
87
 10
69.800000
 20
-247.900000
  0
VERTEX
  8
87
 10
44.800000
 20
-250.500000
  0
VERTEX
  8
87
 10
44.800000
 20
0.000000
  0
VERTEX
  8
87
 10
44.800000
 20
250.500000
  0
VERTEX
  8
87
 10
69.800000
 20
248.000000
  0
VERTEX
  8
87
 10
69.800000
 20
0.000000
  0
SEQEND
  0
POLYLINE
  8
14
 66
     1
  0
VERTEX
  8
14
 10
69.800000
 20
0.000000
  0
VERTEX
  8
14
 10
69.800000
 20
-247.900000
  0
VERTEX
  8
14
 10
44.800000
 20
-250.500000
  0
VERTEX
  8
14
 10
44.800000
 20
0.000000
  0
VERTEX
  8
14
 10
44.800000
 20
250.500000
  0
VERTEX
  8
14
 10
69.800000
 20
248.000000
  0
VERTEX
  8
14
 10
69.800000
 20
0.000000
  0
SEQEND
  0
POINT
  8
2
 10
79.800000
 20
0.000000
  0
POINT
  8
2
 10
79.800000
 20
-256.900000
  0
POINT
  8
2
 10
34.800000
 20
-261.600000
  0
POINT
  8
2
 10
34.800000
 20
0.000000
  0
POINT
  8
2
 10
34.800000
 20
261.600000
  0
POINT
  8
2
 10
79.800000
 20
256.900000
  0
POINT
  8
2
 10
79.800000
 20
0.000000
  0
POINT
  8
2
 10
79.800000
 20
0.000000
 39
2.500000
 50
180.000000
  0
POINT
  8
2
 10
34.800000
 20
0.000000
 39
2.500000
  0
POINT
  8
2
 10
69.800000
 20
0.000000
  0
POINT
  8
2
 10
69.800000
 20
-247.900000
  0
POINT
  8
2
 10
44.800000
 20
-250.500000
  0
POINT
  8
2
 10
44.800000
 20
0.000000
  0
POINT
  8
2
 10
44.800000
 20
250.500000
  0
POINT
  8
2
 10
69.800000
 20
248.000000
  0
POINT
  8
2
 10
69.800000
 20
0.000000
  0
POINT
  8
4
 10
79.800000
 20
0.000000
 30
2.500000
 50
180.000000
  0
POINT
  8
4
 10
34.800000
 20
0.000000
 30
2.500000
  0
LINE
  8
5
 10
79.700000
 20
0.000000
 11
34.900000
 21
0.000000
  0
LINE
  8
7
 10
79.700000
 20
0.000000
 11
34.900000
 21
0.000000
  0
TEXT
  8
1
 10
3.300000
 20
109.400000
 40
10.000000
 50
0.000000
  1
Piece Name: STRIPXCOULISS BK 1P
  0
TEXT
  8
1
 10
3.300000
 20
120.400000
 40
10.000000
 50
0.000000
  1
Size: 42
  0
TEXT
  8
1
 10
3.300000
 20
131.400000
 40
10.000000
 50
0.000000
  1
Annotation: STRIPXCOULISS BK 1P
  0
TEXT
  8
1
 10
3.300000
 20
142.400000
 40
10.000000
 50
0.000000
  1
Quantity: 1
  0
TEXT
  8
1
 10
3.300000
 20
153.400000
 40
10.000000
 50
0.000000
  1
Material: LEATHER
  0
ENDBLK
  0
BLOCK
  8
1
  2
STRIPXCOULISS FRONT 2P
 70
     0
 10
0.00
 20
0.00
  0
POLYLINE
  8
84
 66
     1
 70
     1
  0
VERTEX
  8
84
 10
34.600000
 20
-84.900000
  0
VERTEX
  8
84
 10
34.600000
 20
128.500000
  0
VERTEX
  8
84
 10
79.600000
 20
129.100000
  0
VERTEX
  8
84
 10
79.600000
 20
-84.900000
  0
VERTEX
  8
84
 10
34.600000
 20
-84.900000
  0
SEQEND
  0
POLYLINE
  8
1
 66
     1
 70
     1
  0
VERTEX
  8
1
 10
34.600000
 20
-84.900000
  0
VERTEX
  8
1
 10
34.600000
 20
128.500000
  0
VERTEX
  8
1
 10
79.600000
 20
129.100000
  0
VERTEX
  8
1
 10
79.600000
 20
-84.900000
  0
VERTEX
  8
1
 10
34.600000
 20
-84.900000
  0
SEQEND
  0
POLYLINE
  8
87
 66
     1
  0
VERTEX
  8
87
 10
44.600000
 20
-74.900000
  0
VERTEX
  8
87
 10
44.600000
 20
118.700000
  0
VERTEX
  8
87
 10
69.600000
 20
119.000000
  0
VERTEX
  8
87
 10
69.600000
 20
-74.900000
  0
VERTEX
  8
87
 10
44.600000
 20
-74.900000
  0
SEQEND
  0
POLYLINE
  8
14
 66
     1
  0
VERTEX
  8
14
 10
44.600000
 20
-74.900000
  0
VERTEX
  8
14
 10
44.600000
 20
118.700000
  0
VERTEX
  8
14
 10
69.600000
 20
119.000000
  0
VERTEX
  8
14
 10
69.600000
 20
-74.900000
  0
VERTEX
  8
14
 10
44.600000
 20
-74.900000
  0
SEQEND
  0
POINT
  8
2
 10
34.600000
 20
-84.900000
  0
POINT
  8
2
 10
34.600000
 20
128.500000
  0
POINT
  8
2
 10
79.600000
 20
129.100000
  0
POINT
  8
2
 10
79.600000
 20
-84.900000
  0
POINT
  8
2
 10
34.600000
 20
-84.900000
  0
POINT
  8
2
 10
57.100000
 20
-52.900000
  0
TEXT
  8
2
 10
57.100000
 20
-52.900000
 40
0.250000
 50
0.000000
  1
#1
  0
POINT
  8
2
 10
57.100000
 20
-28.200000
  0
TEXT
  8
2
 10
57.100000
 20
-28.200000
 40
0.250000
 50
0.000000
  1
#1
  0
POINT
  8
2
 10
44.600000
 20
-74.900000
  0
POINT
  8
2
 10
44.600000
 20
118.700000
  0
POINT
  8
2
 10
69.600000
 20
119.000000
  0
POINT
  8
2
 10
69.600000
 20
-74.900000
  0
POINT
  8
2
 10
44.600000
 20
-74.900000
  0
POINT
  8
13
 10
57.100000
 20
-52.900000
  0
TEXT
  8
13
 10
57.100000
 20
-52.900000
 40
0.250000
 50
0.000000
  1
#1
  0
POINT
  8
13
 10
57.100000
 20
-28.200000
  0
TEXT
  8
13
 10
57.100000
 20
-28.200000
 40
0.250000
 50
0.000000
  1
#1
  0
LINE
  8
5
 10
69.600000
 20
0.000000
 11
45.100000
 21
0.000000
  0
LINE
  8
7
 10
69.600000
 20
-0.900000
 11
42.900000
 21
-0.900000
  0
TEXT
  8
15
 10
50.100000
 20
-23.700000
 40
5.338462
 50
270.000000
  1
EXIT COULISSE
  0
TEXT
  8
1
 10
3.300000
 20
109.400000
 40
10.000000
 50
0.000000
  1
Piece Name: STRIPXCOULISS FRONT 2P
  0
TEXT
  8
1
 10
3.300000
 20
120.400000
 40
10.000000
 50
0.000000
  1
Size: 42
  0
TEXT
  8
1
 10
3.300000
 20
131.400000
 40
10.000000
 50
0.000000
  1
Annotation: STRIPXCOULISS FRONT 2P
  0
TEXT
  8
1
 10
3.300000
 20
142.400000
 40
10.000000
 50
0.000000
  1
Quantity: 1
  0
TEXT
  8
1
 10
3.300000
 20
153.400000
 40
10.000000
 50
0.000000
  1
Material: LEATHER
  0
ENDBLK
  0
ENDSEC
  0
SECTION
  2
ENTITIES
  0
INSERT
  8
1
  2
SHOULDER FRONT 1P
 10
-25.60
 20
-235.00
  0
INSERT
  8
1
  2
BACK 2P
 10
-99.00
 20
-134.30
  0
INSERT
  8
1
  2
BK BTTM 2P_3
 10
-70.80
 20
-139.70
  0
INSERT
  8
1
  2
SIDE BK 2P
 10
-86.30
 20
-68.10
  0
INSERT
  8
1
  2
BK BTTM 2P_5
 10
-72.00
 20
-74.70
  0
INSERT
  8
1
  2
SHOULDER FRNT 2P
 10
-52.00
 20
-61.50
  0
INSERT
  8
1
  2
FRONT RIGHT 1P
 10
-139.40
 20
-145.20
  0
INSERT
  8
1
  2
FRONT BTTM RIGHT 1P
 10
-76.00
 20
-145.00
  0
INSERT
  8
1
  2
FACING INSIDE 2P
 10
-139.90
 20
-32.90
  0
INSERT
  8
1
  2
BTTM FCNG INSD 2P
 10
-82.60
 20
-33.20
  0
INSERT
  8
1
  2
UP POCKET HIGH FLAP 2P
 10
13.70
 20
-17.90
  0
INSERT
  8
1
  2
VELLUTO UNDER POCKET HIGH FLAP 2P
 10
13.70
 20
-17.90
  0
INSERT
  8
1
  2
HIGHT POCKET 2P
 10
-40.60
 20
-116.90
  0
INSERT
  8
1
  2
LINING HIGH POCKET 2P
 10
-40.60
 20
-116.90
  0
INSERT
  8
1
  2
UP POCKET FLAP 2P
 10
15.50
 20
-9.20
  0
INSERT
  8
1
  2
VELLUTO UNDER POCKET FLAP 2P
 10
15.50
 20
-9.20
  0
INSERT
  8
1
  2
POCKET 2P
 10
-60.70
 20
-106.80
  0
INSERT
  8
1
  2
LINING POCKET 2P
 10
-60.70
 20
-106.80
  0
INSERT
  8
1
  2
LINING SIDE POCKET 2P
 10
-60.70
 20
-106.80
  0
INSERT
  8
1
  2
SIDE PKT FACE 2P
 10
-61.80
 20
-40.10
  0
INSERT
  8
1
  2
FLAP XRIGHT FRONT 2P
 10
-437.80
 20
-61.80
  0
INSERT
  8
1
  2
UP SLEEVE 2P
 10
-279.50
 20
-129.80
  0
INSERT
  8
1
  2
TRIMMING VENT UP SLV 2P
 10
-39.40
 20
-42.00
  0
INSERT
  8
1
  2
UNDER SLEEVE 2P
 10
-109.30
 20
-53.80
  0
INSERT
  8
1
  2
UNDR SLV 2P
 10
-90.20
 20
-79.80
  0
INSERT
  8
1
  2
TRIMMING VENT UNDR SLV 2P
 10
-11.70
 20
-38.00
  0
INSERT
  8
1
  2
UP WRIST 2P
 10
18.90
 20
-97.70
  0
INSERT
  8
1
  2
VELLUTO UNDER WRIST 2P
 10
18.90
 20
-97.70
  0
INSERT
  8
1
  2
OUTSIDE COLLAR 1P
 10
12.00
 20
-261.40
  0
INSERT
  8
1
  2
VELLUTO INSIDE COLLAR 1P
 10
12.00
 20
-261.40
  0
INSERT
  8
1
  2
LINING BACK 1P
 10
-270.60
 20
-280.30
  0
INSERT
  8
1
  2
LINING FRONT 2P
 10
-368.20
 20
-79.40
  0
INSERT
  8
1
  2
LINING UP SLEEVE 2P
 10
-343.00
 20
-134.50
  0
INSERT
  8
1
  2
LINING UNDER SLV 2P
 10
-342.20
 20
-61.80
  0
INSERT
  8
1
  2
FIG TEST CM 20 X CM 20
 10
-57.70
 20
-170.30
  0
INSERT
  8
1
  2
FRONT LEFT 1P
 10
-139.40
 20
-146.00
  0
INSERT
  8
1
  2
BTTM FRNT LEFT 1P
 10
-76.00
 20
-150.70
  0
INSERT
  8
1
  2
STRIPXCOULISS BK 1P
 10
34.80
 20
-261.60
  0
INSERT
  8
1
  2
STRIPXCOULISS FRONT 2P
 10
34.60
 20
-84.90
  0
TEXT
  8
1
 10
1.000000
 20
110.000000
 40
100.000000
 50
0.000000
  1
Style Name: ISLAY-BURNED_06-02-26-P39
  0
TEXT
  8
1
 10
1.000000
 20
220.000000
 40
100.000000
 50
0.000000
  1
Creation Date: 06-02-2026
  0
TEXT
  8
1
 10
1.000000
 20
330.000000
 40
100.000000
 50
0.000000
  1
Creation Time: 18:21
  0
TEXT
  8
1
 10
1.000000
 20
440.000000
 40
100.000000
 50
0.000000
  1
Sample Size: 42
  0
TEXT
  8
1
 10
1.000000
 20
550.000000
 40
100.000000
 50
0.000000
  1
Grade Rule Table: ISLAY-BURNED_06-02-26-P39
  0
TEXT
  8
1
 10
1.000000
 20
660.000000
 40
100.000000
 50
0.000000
  1
Author: Caledonia Technology
  0
TEXT
  8
1
 10
1.000000
 20
770.000000
 40
100.000000
 50
0.000000
  1
Units: METRIC
  0
TEXT
  8
1
 10
1.000000
 20
880.000000
 40
100.000000
 50
0.000000
  1
Product: DXFcnv
  0
TEXT
  8
1
 10
1.000000
 20
990.000000
 40
100.000000
 50
0.000000
  1
IdFile: F37BDCDF8D0F0CF791481CC29776FC1F8C57BC8F8A916193
  0
TEXT
  8
1
 10
0.000000
 20
0.000000
 40
0.000000
 50
0.000000
  1
Standard Version: ASTM/D13Proposal 1 Version: D 6673-04
  0
ENDSEC
  0
EOF
