  0
SECTION
  2
HEADER
  9
$ACADVER
  1
AC1009
  0
ENDSEC
  0
SECTION
  2
TABLES
  0
TABLE
  2
STYLE
  0
STYLE
  2
STANDARD
 70
64
 40
0
 41
1
 50
0
 71
0
 42
0
  3
txt
  4

  0
ENDTAB
  0
ENDSEC
  0
SECTION
  2
BLOCKS
  0
BLOCK
  2
BTM_BONES
  8
1
 10
0.00
 20
0.00
 70
64
  0
POLYLINE
  8
14
 10
0
 20
0
 66
1
 70
1
  0
VERTEX
  8
14
 10
45.00
 20
20.00
  0
VERTEX
  8
14
 10
45.00
 20
-20.00
  0
VERTEX
  8
14
 10
5.00
 20
-20.00
  0
VERTEX
  8
14
 10
5.00
 20
20.00
  0
SEQEND
  0
POINT
  8
2
 10
45.00
 20
20.00
  0
TEXT
  8
14
 10
45.00
 20
20.00
 40
8.00
  1
# 1
  0
POINT
  8
2
 10
45.00
 20
-20.00
  0
TEXT
  8
14
 10
45.00
 20
-20.00
 40
8.00
  1
# 1
  0
POINT
  8
2
 10
5.00
 20
-20.00
  0
TEXT
  8
14
 10
5.00
 20
-20.00
 40
8.00
  1
# 1
  0
POINT
  8
2
 10
5.00
 20
20.00
  0
TEXT
  8
14
 10
5.00
 20
20.00
 40
8.00
  1
# 1
  0
POINT
  8
2
 10
45.00
 20
20.00
  0
TEXT
  8
14
 10
45.00
 20
20.00
 40
8.00
  1
# 1
  0
POLYLINE
  8
1
 10
0
 20
0
 66
1
 70
1
  0
VERTEX
  8
1
 10
50.00
 20
25.00
  0
VERTEX
  8
1
 10
50.00
 20
20.00
  0
VERTEX
  8
1
 10
50.00
 20
-20.00
  0
VERTEX
  8
1
 10
50.00
 20
-25.00
  0
VERTEX
  8
1
 10
45.00
 20
-25.00
  0
VERTEX
  8
1
 10
5.00
 20
-25.00
  0
VERTEX
  8
1
 10
0.00
 20
-25.00
  0
VERTEX
  8
1
 10
0.00
 20
-20.00
  0
VERTEX
  8
1
 10
0.00
 20
20.00
  0
VERTEX
  8
1
 10
0.00
 20
25.00
  0
VERTEX
  8
1
 10
5.00
 20
25.00
  0
VERTEX
  8
1
 10
45.00
 20
25.00
  0
SEQEND
  0
POINT
  8
2
 10
50.00
 20
25.00
  0
TEXT
  8
1
 10
50.00
 20
25.00
 40
8.00
  1
# 1
  0
POINT
  8
3
 10
50.00
 20
20.00
  0
TEXT
  8
1
 10
50.00
 20
20.00
 40
8.00
  1
# 1
  0
POINT
  8
3
 10
50.00
 20
-20.00
  0
TEXT
  8
1
 10
50.00
 20
-20.00
 40
8.00
  1
# 1
  0
POINT
  8
2
 10
50.00
 20
-25.00
  0
TEXT
  8
1
 10
50.00
 20
-25.00
 40
8.00
  1
# 1
  0
POINT
  8
3
 10
45.00
 20
-25.00
  0
TEXT
  8
1
 10
45.00
 20
-25.00
 40
8.00
  1
# 1
  0
POINT
  8
3
 10
5.00
 20
-25.00
  0
TEXT
  8
1
 10
5.00
 20
-25.00
 40
8.00
  1
# 1
  0
POINT
  8
2
 10
0.00
 20
-25.00
  0
TEXT
  8
1
 10
0.00
 20
-25.00
 40
8.00
  1
# 1
  0
POINT
  8
2
 10
0.00
 20
-20.00
  0
TEXT
  8
1
 10
0.00
 20
-20.00
 40
8.00
  1
# 1
  0
POINT
  8
3
 10
0.00
 20
20.00
  0
TEXT
  8
1
 10
0.00
 20
20.00
 40
8.00
  1
# 1
  0
POINT
  8
2
 10
0.00
 20
25.00
  0
TEXT
  8
1
 10
0.00
 20
25.00
 40
8.00
  1
# 1
  0
POINT
  8
3
 10
5.00
 20
25.00
  0
TEXT
  8
1
 10
5.00
 20
25.00
 40
8.00
  1
# 1
  0
POINT
  8
3
 10
45.00
 20
25.00
  0
TEXT
  8
1
 10
45.00
 20
25.00
 40
8.00
  1
# 1
  0
POINT
  8
2
 10
50.00
 20
25.00
  0
TEXT
  8
1
 10
50.00
 20
25.00
 40
8.00
  1
# 1
  0
POINT
  8
8
 10
12.240142822266
 20
13.698577880859
  0
POINT
  8
2
 10
12.24
 20
13.70
  0
TEXT
  8
8
 10
12.24
 20
13.70
 40
8.00
  1
# 1
  0
POINT
  8
2
 10
12.24
 20
13.70
  0
TEXT
  8
8
 10
12.24
 20
13.70
 40
8.00
  1
# 1
  0
LINE
  8
8
 10
12.24
 20
13.70
 11
12.24
 21
-16.28
  0
POINT
  8
2
 10
12.24
 20
13.70
  0
POINT
  8
2
 10
12.24
 20
-16.28
  0
TEXT
  8
8
 10
12.24
 20
-16.28
 40
8.00
  1
# 1
  0
POINT
  8
2
 10
12.24
 20
-16.28
  0
POINT
  8
8
 10
42.219299316406
 20
-1.4650573730468
  0
POINT
  8
2
 10
42.22
 20
-1.47
  0
TEXT
  8
8
 10
42.22
 20
-1.47
 40
8.00
  1
# 1
  0
POINT
  8
2
 10
42.22
 20
-1.47
  0
TEXT
  8
8
 10
42.22
 20
-1.47
 40
8.00
  1
# 1
  0
LINE
  8
8
 10
42.22
 20
-1.47
 11
12.24
 21
13.70
  0
POINT
  8
2
 10
42.22
 20
-1.47
  0
POINT
  8
2
 10
12.24
 20
13.70
  0
TEXT
  8
8
 10
12.24
 20
13.70
 40
8.00
  1
# 1
  0
POINT
  8
2
 10
12.24
 20
13.70
  0
POINT
  8
8
 10
12.240112304688
 20
-16.280670166016
  0
POINT
  8
2
 10
12.24
 20
-16.28
  0
TEXT
  8
8
 10
12.24
 20
-16.28
 40
8.00
  1
# 1
  0
POINT
  8
2
 10
12.24
 20
-16.28
  0
TEXT
  8
8
 10
12.24
 20
-16.28
 40
8.00
  1
# 1
  0
LINE
  8
8
 10
12.24
 20
-16.28
 11
42.22
 21
-1.47
  0
POINT
  8
2
 10
12.24
 20
-16.28
  0
POINT
  8
2
 10
42.22
 20
-1.47
  0
TEXT
  8
8
 10
42.22
 20
-1.47
 40
8.00
  1
# 1
  0
POINT
  8
2
 10
42.22
 20
-1.47
  0
TEXT
  8
1
 10
0.00
 20
-45.00
 40
8.00
  1
Piece Name: BTM BONE
  0
TEXT
  8
1
 10
0.00
 20
-55.00
 40
8.00
  1
Size: S
  0
TEXT
  8
1
 10
0.00
 20
-65.00
 40
8.00
  1
Annotation: ORFATTI PROD(4 FEB26)
  0
TEXT
  8
1
 10
0.00
 20
-75.00
 40
8.00
  1
Quantity: 1
  0
TEXT
  8
1
 10
0.00
 20
-85.00
 40
8.00
  1
Category: X 2
  0
ENDBLK
  0
BLOCK
  2
PKT_FCS
  8
1
 10
0.00
 20
0.00
 70
64
  0
POLYLINE
  8
14
 10
0
 20
0
 66
1
 70
1
  0
VERTEX
  8
14
 10
28.43
 20
15.88
  0
VERTEX
  8
14
 10
233.28
 20
15.94
  0
VERTEX
  8
14
 10
233.28
 20
-16.28
  0
VERTEX
  8
14
 10
214.93
 20
-16.08
  0
VERTEX
  8
14
 10
196.57
 20
-15.94
  0
VERTEX
  8
14
 10
178.22
 20
-15.85
  0
VERTEX
  8
14
 10
159.87
 20
-15.83
  0
VERTEX
  8
14
 10
129.59
 20
-15.85
  0
VERTEX
  8
14
 10
99.30
 20
-15.94
  0
VERTEX
  8
14
 10
69.02
 20
-16.08
  0
VERTEX
  8
14
 10
38.74
 20
-16.28
  0
SEQEND
  0
POINT
  8
2
 10
28.43
 20
15.88
  0
TEXT
  8
14
 10
28.43
 20
15.88
 40
8.00
  1
# 2
  0
POINT
  8
2
 10
233.28
 20
15.94
  0
TEXT
  8
14
 10
233.28
 20
15.94
 40
8.00
  1
# 3
  0
POINT
  8
2
 10
233.28
 20
-16.28
  0
TEXT
  8
14
 10
233.28
 20
-16.28
 40
8.00
  1
# 4
  0
POINT
  8
3
 10
214.93
 20
-16.08
  0
POINT
  8
3
 10
196.57
 20
-15.94
  0
POINT
  8
3
 10
178.22
 20
-15.85
  0
POINT
  8
3
 10
159.87
 20
-15.83
  0
TEXT
  8
14
 10
159.87
 20
-15.83
 40
8.00
  1
# 5
  0
POINT
  8
3
 10
129.59
 20
-15.85
  0
POINT
  8
3
 10
99.30
 20
-15.94
  0
POINT
  8
3
 10
69.02
 20
-16.08
  0
POINT
  8
2
 10
38.74
 20
-16.28
  0
TEXT
  8
14
 10
38.74
 20
-16.28
 40
8.00
  1
# 6
  0
POINT
  8
2
 10
28.43
 20
15.88
  0
TEXT
  8
14
 10
28.43
 20
15.88
 40
8.00
  1
# 2
  0
POLYLINE
  8
1
 10
0
 20
0
 66
1
 70
1
  0
VERTEX
  8
1
 10
11.98
 20
27.87
  0
VERTEX
  8
1
 10
28.43
 20
27.88
  0
VERTEX
  8
1
 10
233.27
 20
27.94
  0
VERTEX
  8
1
 10
245.28
 20
27.94
  0
VERTEX
  8
1
 10
245.28
 20
15.94
  0
VERTEX
  8
1
 10
245.28
 20
-16.28
  0
VERTEX
  8
1
 10
245.28
 20
-28.41
  0
VERTEX
  8
1
 10
233.15
 20
-28.28
  0
VERTEX
  8
1
 10
214.83
 20
-28.08
  0
VERTEX
  8
1
 10
196.51
 20
-27.94
  0
VERTEX
  8
1
 10
178.20
 20
-27.85
  0
VERTEX
  8
1
 10
159.88
 20
-27.83
  0
VERTEX
  8
1
 10
129.61
 20
-27.85
  0
VERTEX
  8
1
 10
99.35
 20
-27.94
  0
VERTEX
  8
1
 10
69.08
 20
-28.08
  0
VERTEX
  8
1
 10
38.82
 20
-28.28
  0
VERTEX
  8
1
 10
30.00
 20
-28.34
  0
VERTEX
  8
1
 10
27.31
 20
-19.94
  0
VERTEX
  8
1
 10
17.00
 20
12.22
  0
SEQEND
  0
POINT
  8
2
 10
11.98
 20
27.87
  0
TEXT
  8
1
 10
11.98
 20
27.87
 40
8.00
  1
# 7
  0
POINT
  8
3
 10
28.43
 20
27.88
  0
TEXT
  8
1
 10
28.43
 20
27.88
 40
8.00
  1
# 8
  0
POINT
  8
3
 10
233.27
 20
27.94
  0
TEXT
  8
1
 10
233.27
 20
27.94
 40
8.00
  1
# 9
  0
POINT
  8
2
 10
245.28
 20
27.94
  0
TEXT
  8
1
 10
245.28
 20
27.94
 40
8.00
  1
# 10
  0
POINT
  8
3
 10
245.28
 20
15.94
  0
TEXT
  8
1
 10
245.28
 20
15.94
 40
8.00
  1
# 11
  0
POINT
  8
3
 10
245.28
 20
-16.28
  0
TEXT
  8
1
 10
245.28
 20
-16.28
 40
8.00
  1
# 12
  0
POINT
  8
2
 10
245.28
 20
-28.41
  0
TEXT
  8
1
 10
245.28
 20
-28.41
 40
8.00
  1
# 13
  0
POINT
  8
3
 10
233.15
 20
-28.28
  0
TEXT
  8
1
 10
233.15
 20
-28.28
 40
8.00
  1
# 14
  0
POINT
  8
3
 10
214.83
 20
-28.08
  0
POINT
  8
3
 10
196.51
 20
-27.94
  0
POINT
  8
3
 10
178.20
 20
-27.85
  0
POINT
  8
3
 10
159.88
 20
-27.83
  0
TEXT
  8
1
 10
159.88
 20
-27.83
 40
8.00
  1
# 15
  0
POINT
  8
3
 10
129.61
 20
-27.85
  0
POINT
  8
3
 10
99.35
 20
-27.94
  0
POINT
  8
3
 10
69.08
 20
-28.08
  0
POINT
  8
3
 10
38.82
 20
-28.28
  0
TEXT
  8
1
 10
38.82
 20
-28.28
 40
8.00
  1
# 16
  0
POINT
  8
2
 10
30.00
 20
-28.34
  0
TEXT
  8
1
 10
30.00
 20
-28.34
 40
8.00
  1
# 17
  0
POINT
  8
3
 10
27.31
 20
-19.94
  0
TEXT
  8
1
 10
27.31
 20
-19.94
 40
8.00
  1
# 18
  0
POINT
  8
3
 10
17.00
 20
12.22
  0
TEXT
  8
1
 10
17.00
 20
12.22
 40
8.00
  1
# 19
  0
POINT
  8
2
 10
11.98
 20
27.87
  0
TEXT
  8
1
 10
11.98
 20
27.87
 40
8.00
  1
# 7
  0
TEXT
  8
1
 10
11.98
 20
-48.41
 40
8.00
  1
Piece Name: PKT FC
  0
TEXT
  8
1
 10
11.98
 20
-58.41
 40
8.00
  1
Size: S
  0
TEXT
  8
1
 10
11.98
 20
-68.41
 40
8.00
  1
Annotation: ORFATTI PROD(4 FEB26)
  0
TEXT
  8
1
 10
11.98
 20
-78.41
 40
8.00
  1
Quantity: 1
  0
TEXT
  8
1
 10
11.98
 20
-88.41
 40
8.00
  1
Category: X 2
  0
ENDBLK
  0
BLOCK
  2
BINDS
  8
1
 10
0.00
 20
0.00
 70
64
  0
POLYLINE
  8
14
 10
0
 20
0
 66
1
 70
1
  0
VERTEX
  8
14
 10
11.01
 20
7.99
  0
VERTEX
  8
14
 10
11.01
 20
11.75
  0
VERTEX
  8
14
 10
11.03
 20
15.52
  0
VERTEX
  8
14
 10
11.06
 20
19.28
  0
VERTEX
  8
14
 10
11.11
 20
23.05
  0
VERTEX
  8
14
 10
11.18
 20
26.81
  0
VERTEX
  8
14
 10
11.26
 20
30.58
  0
VERTEX
  8
14
 10
11.36
 20
34.34
  0
VERTEX
  8
14
 10
11.47
 20
38.10
  0
VERTEX
  8
14
 10
11.59
 20
41.55
  0
VERTEX
  8
14
 10
11.72
 20
45.00
  0
VERTEX
  8
14
 10
11.87
 20
48.45
  0
VERTEX
  8
14
 10
12.04
 20
51.90
  0
VERTEX
  8
14
 10
12.22
 20
55.35
  0
VERTEX
  8
14
 10
12.42
 20
58.80
  0
VERTEX
  8
14
 10
12.64
 20
62.25
  0
VERTEX
  8
14
 10
12.86
 20
65.69
  0
VERTEX
  8
14
 10
13.15
 20
70.01
  0
VERTEX
  8
14
 10
13.46
 20
74.33
  0
VERTEX
  8
14
 10
13.81
 20
78.65
  0
VERTEX
  8
14
 10
14.18
 20
82.96
  0
VERTEX
  8
14
 10
14.70
 20
88.42
  0
VERTEX
  8
14
 10
15.24
 20
93.88
  0
VERTEX
  8
14
 10
15.81
 20
99.33
  0
VERTEX
  8
14
 10
16.42
 20
104.78
  0
VERTEX
  8
14
 10
16.77
 20
107.15
  0
VERTEX
  8
14
 10
17.13
 20
109.53
  0
VERTEX
  8
14
 10
17.51
 20
111.90
  0
VERTEX
  8
14
 10
17.91
 20
114.27
  0
VERTEX
  8
14
 10
18.32
 20
116.64
  0
VERTEX
  8
14
 10
18.75
 20
119.00
  0
VERTEX
  8
14
 10
19.19
 20
121.36
  0
VERTEX
  8
14
 10
19.65
 20
123.72
  0
VERTEX
  8
14
 10
20.12
 20
126.07
  0
VERTEX
  8
14
 10
20.60
 20
128.43
  0
VERTEX
  8
14
 10
21.11
 20
130.78
  0
VERTEX
  8
14
 10
21.62
 20
133.12
  0
VERTEX
  8
14
 10
22.15
 20
135.46
  0
VERTEX
  8
14
 10
22.70
 20
137.80
  0
VERTEX
  8
14
 10
23.26
 20
140.14
  0
VERTEX
  8
14
 10
23.84
 20
142.47
  0
VERTEX
  8
14
 10
24.34
 20
144.45
  0
VERTEX
  8
14
 10
24.86
 20
146.42
  0
VERTEX
  8
14
 10
25.39
 20
148.38
  0
VERTEX
  8
14
 10
25.94
 20
150.35
  0
VERTEX
  8
14
 10
26.50
 20
152.31
  0
VERTEX
  8
14
 10
27.08
 20
154.26
  0
VERTEX
  8
14
 10
27.67
 20
156.21
  0
VERTEX
  8
14
 10
28.28
 20
158.16
  0
VERTEX
  8
14
 10
28.90
 20
160.10
  0
VERTEX
  8
14
 10
29.53
 20
162.04
  0
VERTEX
  8
14
 10
30.18
 20
163.97
  0
VERTEX
  8
14
 10
30.85
 20
165.89
  0
VERTEX
  8
14
 10
31.53
 20
167.82
  0
VERTEX
  8
14
 10
32.22
 20
169.73
  0
VERTEX
  8
14
 10
32.93
 20
171.64
  0
VERTEX
  8
14
 10
33.65
 20
173.55
  0
VERTEX
  8
14
 10
34.88
 20
176.25
  0
VERTEX
  8
14
 10
36.14
 20
178.94
  0
VERTEX
  8
14
 10
37.44
 20
181.61
  0
VERTEX
  8
14
 10
38.77
 20
184.26
  0
VERTEX
  8
14
 10
40.13
 20
186.90
  0
VERTEX
  8
14
 10
41.52
 20
189.52
  0
VERTEX
  8
14
 10
42.95
 20
192.12
  0
VERTEX
  8
14
 10
44.40
 20
194.71
  0
VERTEX
  8
14
 10
45.89
 20
197.27
  0
VERTEX
  8
14
 10
47.42
 20
199.82
  0
VERTEX
  8
14
 10
48.97
 20
202.35
  0
VERTEX
  8
14
 10
50.55
 20
204.86
  0
VERTEX
  8
14
 10
52.17
 20
207.35
  0
VERTEX
  8
14
 10
53.82
 20
209.82
  0
VERTEX
  8
14
 10
55.49
 20
212.27
  0
VERTEX
  8
14
 10
57.20
 20
214.69
  0
VERTEX
  8
14
 10
59.32
 20
217.64
  0
VERTEX
  8
14
 10
61.47
 20
220.56
  0
VERTEX
  8
14
 10
63.65
 20
223.46
  0
VERTEX
  8
14
 10
65.86
 20
226.34
  0
VERTEX
  8
14
 10
68.10
 20
229.20
  0
VERTEX
  8
14
 10
70.36
 20
232.03
  0
VERTEX
  8
14
 10
72.66
 20
234.84
  0
VERTEX
  8
14
 10
74.98
 20
237.63
  0
VERTEX
  8
14
 10
77.33
 20
240.39
  0
VERTEX
  8
14
 10
79.71
 20
243.13
  0
VERTEX
  8
14
 10
82.12
 20
245.84
  0
VERTEX
  8
14
 10
84.56
 20
248.53
  0
VERTEX
  8
14
 10
87.02
 20
251.20
  0
VERTEX
  8
14
 10
89.51
 20
253.84
  0
VERTEX
  8
14
 10
92.02
 20
256.45
  0
VERTEX
  8
14
 10
94.57
 20
259.04
  0
VERTEX
  8
14
 10
96.27
 20
257.06
  0
VERTEX
  8
14
 10
97.97
 20
255.08
  0
VERTEX
  8
14
 10
98.44
 20
254.51
  0
VERTEX
  8
14
 10
98.90
 20
253.92
  0
VERTEX
  8
14
 10
99.34
 20
253.32
  0
VERTEX
  8
14
 10
99.76
 20
252.71
  0
VERTEX
  8
14
 10
100.17
 20
252.09
  0
VERTEX
  8
14
 10
100.56
 20
251.45
  0
VERTEX
  8
14
 10
100.93
 20
250.81
  0
VERTEX
  8
14
 10
101.28
 20
250.15
  0
VERTEX
  8
14
 10
101.61
 20
249.50
  0
VERTEX
  8
14
 10
101.92
 20
248.84
  0
VERTEX
  8
14
 10
102.21
 20
248.17
  0
VERTEX
  8
14
 10
102.48
 20
247.49
  0
VERTEX
  8
14
 10
102.73
 20
246.81
  0
VERTEX
  8
14
 10
102.96
 20
246.11
  0
VERTEX
  8
14
 10
103.18
 20
245.42
  0
VERTEX
  8
14
 10
103.37
 20
244.71
  0
VERTEX
  8
14
 10
103.57
 20
243.86
  0
VERTEX
  8
14
 10
103.72
 20
243.00
  0
VERTEX
  8
14
 10
103.82
 20
242.13
  0
VERTEX
  8
14
 10
103.88
 20
241.25
  0
VERTEX
  8
14
 10
103.88
 20
240.38
  0
VERTEX
  8
14
 10
103.83
 20
239.50
  0
VERTEX
  8
14
 10
103.72
 20
238.63
  0
VERTEX
  8
14
 10
103.57
 20
237.77
  0
VERTEX
  8
14
 10
103.33
 20
236.73
  0
VERTEX
  8
14
 10
103.04
 20
235.70
  0
VERTEX
  8
14
 10
102.71
 20
234.68
  0
VERTEX
  8
14
 10
102.32
 20
233.69
  0
VERTEX
  8
14
 10
101.89
 20
232.71
  0
VERTEX
  8
14
 10
101.41
 20
231.75
  0
VERTEX
  8
14
 10
100.89
 20
230.82
  0
VERTEX
  8
14
 10
100.33
 20
229.91
  0
VERTEX
  8
14
 10
96.97
 20
225.86
  0
VERTEX
  8
14
 10
93.62
 20
221.81
  0
VERTEX
  8
14
 10
92.23
 20
220.06
  0
VERTEX
  8
14
 10
90.86
 20
218.30
  0
VERTEX
  8
14
 10
89.51
 20
216.52
  0
VERTEX
  8
14
 10
88.17
 20
214.73
  0
VERTEX
  8
14
 10
86.85
 20
212.93
  0
VERTEX
  8
14
 10
85.54
 20
211.11
  0
VERTEX
  8
14
 10
84.25
 20
209.29
  0
VERTEX
  8
14
 10
82.98
 20
207.45
  0
VERTEX
  8
14
 10
81.72
 20
205.61
  0
VERTEX
  8
14
 10
80.48
 20
203.75
  0
VERTEX
  8
14
 10
79.26
 20
201.88
  0
VERTEX
  8
14
 10
78.05
 20
200.00
  0
VERTEX
  8
14
 10
76.86
 20
198.11
  0
VERTEX
  8
14
 10
75.68
 20
196.21
  0
VERTEX
  8
14
 10
74.52
 20
194.30
  0
VERTEX
  8
14
 10
73.38
 20
192.38
  0
VERTEX
  8
14
 10
72.26
 20
190.45
  0
VERTEX
  8
14
 10
71.15
 20
188.51
  0
VERTEX
  8
14
 10
70.06
 20
186.56
  0
VERTEX
  8
14
 10
68.99
 20
184.59
  0
VERTEX
  8
14
 10
67.94
 20
182.62
  0
VERTEX
  8
14
 10
66.90
 20
180.65
  0
VERTEX
  8
14
 10
65.88
 20
178.66
  0
VERTEX
  8
14
 10
64.88
 20
176.66
  0
VERTEX
  8
14
 10
63.89
 20
174.65
  0
VERTEX
  8
14
 10
62.93
 20
172.64
  0
VERTEX
  8
14
 10
61.98
 20
170.62
  0
VERTEX
  8
14
 10
61.05
 20
168.59
  0
VERTEX
  8
14
 10
60.13
 20
166.55
  0
VERTEX
  8
14
 10
59.24
 20
164.50
  0
VERTEX
  8
14
 10
58.36
 20
162.44
  0
VERTEX
  8
14
 10
57.50
 20
160.38
  0
VERTEX
  8
14
 10
56.79
 20
158.62
  0
VERTEX
  8
14
 10
56.10
 20
156.85
  0
VERTEX
  8
14
 10
55.42
 20
155.07
  0
VERTEX
  8
14
 10
54.76
 20
153.29
  0
VERTEX
  8
14
 10
54.13
 20
151.50
  0
VERTEX
  8
14
 10
53.51
 20
149.70
  0
VERTEX
  8
14
 10
52.90
 20
147.90
  0
VERTEX
  8
14
 10
52.32
 20
146.09
  0
VERTEX
  8
14
 10
51.76
 20
144.28
  0
VERTEX
  8
14
 10
51.21
 20
142.46
  0
VERTEX
  8
14
 10
50.69
 20
140.63
  0
VERTEX
  8
14
 10
50.18
 20
138.80
  0
VERTEX
  8
14
 10
49.69
 20
136.96
  0
VERTEX
  8
14
 10
49.23
 20
135.12
  0
VERTEX
  8
14
 10
48.78
 20
133.27
  0
VERTEX
  8
14
 10
48.35
 20
131.42
  0
VERTEX
  8
14
 10
47.94
 20
129.56
  0
VERTEX
  8
14
 10
47.55
 20
127.70
  0
VERTEX
  8
14
 10
47.17
 20
125.84
  0
VERTEX
  8
14
 10
46.82
 20
123.97
  0
VERTEX
  8
14
 10
46.49
 20
122.10
  0
VERTEX
  8
14
 10
46.18
 20
120.23
  0
VERTEX
  8
14
 10
45.88
 20
118.35
  0
VERTEX
  8
14
 10
45.61
 20
116.47
  0
VERTEX
  8
14
 10
45.36
 20
114.59
  0
VERTEX
  8
14
 10
45.12
 20
112.70
  0
VERTEX
  8
14
 10
44.91
 20
110.81
  0
VERTEX
  8
14
 10
44.71
 20
108.92
  0
VERTEX
  8
14
 10
44.54
 20
107.03
  0
VERTEX
  8
14
 10
44.38
 20
105.13
  0
VERTEX
  8
14
 10
44.25
 20
103.24
  0
VERTEX
  8
14
 10
44.13
 20
101.34
  0
VERTEX
  8
14
 10
43.68
 20
97.16
  0
VERTEX
  8
14
 10
43.26
 20
92.97
  0
VERTEX
  8
14
 10
42.87
 20
88.78
  0
VERTEX
  8
14
 10
42.50
 20
84.59
  0
VERTEX
  8
14
 10
42.17
 20
80.40
  0
VERTEX
  8
14
 10
41.86
 20
76.20
  0
VERTEX
  8
14
 10
41.58
 20
72.01
  0
VERTEX
  8
14
 10
41.33
 20
67.81
  0
VERTEX
  8
14
 10
40.92
 20
60.33
  0
VERTEX
  8
14
 10
40.54
 20
52.86
  0
VERTEX
  8
14
 10
40.19
 20
45.38
  0
VERTEX
  8
14
 10
39.86
 20
37.91
  0
VERTEX
  8
14
 10
39.57
 20
30.43
  0
VERTEX
  8
14
 10
39.30
 20
22.95
  0
VERTEX
  8
14
 10
39.06
 20
15.47
  0
VERTEX
  8
14
 10
38.85
 20
7.99
  0
VERTEX
  8
14
 10
39.06
 20
0.51
  0
VERTEX
  8
14
 10
39.30
 20
-6.97
  0
VERTEX
  8
14
 10
39.57
 20
-14.45
  0
VERTEX
  8
14
 10
39.86
 20
-21.93
  0
VERTEX
  8
14
 10
40.19
 20
-29.41
  0
VERTEX
  8
14
 10
40.54
 20
-36.89
  0
VERTEX
  8
14
 10
40.92
 20
-44.36
  0
VERTEX
  8
14
 10
41.33
 20
-51.83
  0
VERTEX
  8
14
 10
41.58
 20
-56.03
  0
VERTEX
  8
14
 10
41.86
 20
-60.23
  0
VERTEX
  8
14
 10
42.17
 20
-64.43
  0
VERTEX
  8
14
 10
42.50
 20
-68.62
  0
VERTEX
  8
14
 10
42.87
 20
-72.81
  0
VERTEX
  8
14
 10
43.26
 20
-77.00
  0
VERTEX
  8
14
 10
43.68
 20
-81.19
  0
VERTEX
  8
14
 10
44.13
 20
-85.37
  0
VERTEX
  8
14
 10
44.25
 20
-87.27
  0
VERTEX
  8
14
 10
44.38
 20
-89.16
  0
VERTEX
  8
14
 10
44.54
 20
-91.05
  0
VERTEX
  8
14
 10
44.71
 20
-92.95
  0
VERTEX
  8
14
 10
44.91
 20
-94.84
  0
VERTEX
  8
14
 10
45.12
 20
-96.73
  0
VERTEX
  8
14
 10
45.36
 20
-98.61
  0
VERTEX
  8
14
 10
45.61
 20
-100.50
  0
VERTEX
  8
14
 10
45.88
 20
-102.38
  0
VERTEX
  8
14
 10
46.18
 20
-104.25
  0
VERTEX
  8
14
 10
46.49
 20
-106.13
  0
VERTEX
  8
14
 10
46.82
 20
-108.00
  0
VERTEX
  8
14
 10
47.17
 20
-109.87
  0
VERTEX
  8
14
 10
47.55
 20
-111.73
  0
VERTEX
  8
14
 10
47.94
 20
-113.59
  0
VERTEX
  8
14
 10
48.35
 20
-115.45
  0
VERTEX
  8
14
 10
48.78
 20
-117.30
  0
VERTEX
  8
14
 10
49.23
 20
-119.14
  0
VERTEX
  8
14
 10
49.69
 20
-120.99
  0
VERTEX
  8
14
 10
50.18
 20
-122.82
  0
VERTEX
  8
14
 10
50.69
 20
-124.66
  0
VERTEX
  8
14
 10
51.21
 20
-126.48
  0
VERTEX
  8
14
 10
51.76
 20
-128.30
  0
VERTEX
  8
14
 10
52.32
 20
-130.12
  0
VERTEX
  8
14
 10
52.90
 20
-131.93
  0
VERTEX
  8
14
 10
53.51
 20
-133.73
  0
VERTEX
  8
14
 10
54.13
 20
-135.53
  0
VERTEX
  8
14
 10
54.76
 20
-137.32
  0
VERTEX
  8
14
 10
55.42
 20
-139.10
  0
VERTEX
  8
14
 10
56.10
 20
-140.88
  0
VERTEX
  8
14
 10
56.79
 20
-142.64
  0
VERTEX
  8
14
 10
57.50
 20
-144.41
  0
VERTEX
  8
14
 10
58.36
 20
-146.47
  0
VERTEX
  8
14
 10
59.24
 20
-148.52
  0
VERTEX
  8
14
 10
60.13
 20
-150.57
  0
VERTEX
  8
14
 10
61.05
 20
-152.61
  0
VERTEX
  8
14
 10
61.98
 20
-154.64
  0
VERTEX
  8
14
 10
62.93
 20
-156.67
  0
VERTEX
  8
14
 10
63.89
 20
-158.68
  0
VERTEX
  8
14
 10
64.88
 20
-160.69
  0
VERTEX
  8
14
 10
65.88
 20
-162.68
  0
VERTEX
  8
14
 10
66.90
 20
-164.67
  0
VERTEX
  8
14
 10
67.94
 20
-166.65
  0
VERTEX
  8
14
 10
68.99
 20
-168.62
  0
VERTEX
  8
14
 10
70.06
 20
-170.58
  0
VERTEX
  8
14
 10
71.15
 20
-172.53
  0
VERTEX
  8
14
 10
72.26
 20
-174.47
  0
VERTEX
  8
14
 10
73.38
 20
-176.40
  0
VERTEX
  8
14
 10
74.52
 20
-178.33
  0
VERTEX
  8
14
 10
75.68
 20
-180.24
  0
VERTEX
  8
14
 10
76.86
 20
-182.14
  0
VERTEX
  8
14
 10
78.05
 20
-184.03
  0
VERTEX
  8
14
 10
79.26
 20
-185.91
  0
VERTEX
  8
14
 10
80.48
 20
-187.78
  0
VERTEX
  8
14
 10
81.72
 20
-189.63
  0
VERTEX
  8
14
 10
82.98
 20
-191.48
  0
VERTEX
  8
14
 10
84.25
 20
-193.32
  0
VERTEX
  8
14
 10
85.54
 20
-195.14
  0
VERTEX
  8
14
 10
86.85
 20
-196.95
  0
VERTEX
  8
14
 10
88.17
 20
-198.76
  0
VERTEX
  8
14
 10
89.51
 20
-200.54
  0
VERTEX
  8
14
 10
90.86
 20
-202.32
  0
VERTEX
  8
14
 10
92.23
 20
-204.09
  0
VERTEX
  8
14
 10
93.62
 20
-205.84
  0
VERTEX
  8
14
 10
96.97
 20
-209.89
  0
VERTEX
  8
14
 10
100.33
 20
-213.94
  0
VERTEX
  8
14
 10
100.89
 20
-214.85
  0
VERTEX
  8
14
 10
101.41
 20
-215.78
  0
VERTEX
  8
14
 10
101.89
 20
-216.74
  0
VERTEX
  8
14
 10
102.32
 20
-217.71
  0
VERTEX
  8
14
 10
102.71
 20
-218.71
  0
VERTEX
  8
14
 10
103.04
 20
-219.73
  0
VERTEX
  8
14
 10
103.33
 20
-220.75
  0
VERTEX
  8
14
 10
103.57
 20
-221.80
  0
VERTEX
  8
14
 10
103.72
 20
-222.66
  0
VERTEX
  8
14
 10
103.83
 20
-223.53
  0
VERTEX
  8
14
 10
103.88
 20
-224.40
  0
VERTEX
  8
14
 10
103.88
 20
-225.28
  0
VERTEX
  8
14
 10
103.82
 20
-226.15
  0
VERTEX
  8
14
 10
103.72
 20
-227.02
  0
VERTEX
  8
14
 10
103.57
 20
-227.89
  0
VERTEX
  8
14
 10
103.37
 20
-228.74
  0
VERTEX
  8
14
 10
103.18
 20
-229.44
  0
VERTEX
  8
14
 10
102.96
 20
-230.14
  0
VERTEX
  8
14
 10
102.73
 20
-230.83
  0
VERTEX
  8
14
 10
102.48
 20
-231.52
  0
VERTEX
  8
14
 10
102.21
 20
-232.20
  0
VERTEX
  8
14
 10
101.92
 20
-232.87
  0
VERTEX
  8
14
 10
101.61
 20
-233.53
  0
VERTEX
  8
14
 10
101.28
 20
-234.18
  0
VERTEX
  8
14
 10
100.93
 20
-234.83
  0
VERTEX
  8
14
 10
100.56
 20
-235.48
  0
VERTEX
  8
14
 10
100.17
 20
-236.11
  0
VERTEX
  8
14
 10
99.76
 20
-236.74
  0
VERTEX
  8
14
 10
99.34
 20
-237.35
  0
VERTEX
  8
14
 10
98.90
 20
-237.95
  0
VERTEX
  8
14
 10
98.44
 20
-238.54
  0
VERTEX
  8
14
 10
97.97
 20
-239.11
  0
VERTEX
  8
14
 10
96.27
 20
-241.09
  0
VERTEX
  8
14
 10
94.57
 20
-243.07
  0
VERTEX
  8
14
 10
92.02
 20
-240.48
  0
VERTEX
  8
14
 10
89.51
 20
-237.86
  0
VERTEX
  8
14
 10
87.02
 20
-235.22
  0
VERTEX
  8
14
 10
84.56
 20
-232.56
  0
VERTEX
  8
14
 10
82.12
 20
-229.87
  0
VERTEX
  8
14
 10
79.71
 20
-227.15
  0
VERTEX
  8
14
 10
77.33
 20
-224.42
  0
VERTEX
  8
14
 10
74.98
 20
-221.65
  0
VERTEX
  8
14
 10
72.66
 20
-218.87
  0
VERTEX
  8
14
 10
70.36
 20
-216.06
  0
VERTEX
  8
14
 10
68.10
 20
-213.22
  0
VERTEX
  8
14
 10
65.86
 20
-210.37
  0
VERTEX
  8
14
 10
63.65
 20
-207.49
  0
VERTEX
  8
14
 10
61.47
 20
-204.59
  0
VERTEX
  8
14
 10
59.32
 20
-201.66
  0
VERTEX
  8
14
 10
57.20
 20
-198.72
  0
VERTEX
  8
14
 10
55.49
 20
-196.29
  0
VERTEX
  8
14
 10
53.82
 20
-193.84
  0
VERTEX
  8
14
 10
52.17
 20
-191.37
  0
VERTEX
  8
14
 10
50.55
 20
-188.88
  0
VERTEX
  8
14
 10
48.97
 20
-186.38
  0
VERTEX
  8
14
 10
47.42
 20
-183.85
  0
VERTEX
  8
14
 10
45.89
 20
-181.30
  0
VERTEX
  8
14
 10
44.40
 20
-178.73
  0
VERTEX
  8
14
 10
42.95
 20
-176.15
  0
VERTEX
  8
14
 10
41.52
 20
-173.54
  0
VERTEX
  8
14
 10
40.13
 20
-170.92
  0
VERTEX
  8
14
 10
38.77
 20
-168.29
  0
VERTEX
  8
14
 10
37.44
 20
-165.63
  0
VERTEX
  8
14
 10
36.14
 20
-162.96
  0
VERTEX
  8
14
 10
34.88
 20
-160.28
  0
VERTEX
  8
14
 10
33.65
 20
-157.58
  0
VERTEX
  8
14
 10
32.93
 20
-155.67
  0
VERTEX
  8
14
 10
32.22
 20
-153.76
  0
VERTEX
  8
14
 10
31.53
 20
-151.84
  0
VERTEX
  8
14
 10
30.85
 20
-149.92
  0
VERTEX
  8
14
 10
30.18
 20
-147.99
  0
VERTEX
  8
14
 10
29.53
 20
-146.06
  0
VERTEX
  8
14
 10
28.90
 20
-144.13
  0
VERTEX
  8
14
 10
28.28
 20
-142.18
  0
VERTEX
  8
14
 10
27.67
 20
-140.24
  0
VERTEX
  8
14
 10
27.08
 20
-138.29
  0
VERTEX
  8
14
 10
26.50
 20
-136.33
  0
VERTEX
  8
14
 10
25.94
 20
-134.37
  0
VERTEX
  8
14
 10
25.39
 20
-132.41
  0
VERTEX
  8
14
 10
24.86
 20
-130.44
  0
VERTEX
  8
14
 10
24.34
 20
-128.47
  0
VERTEX
  8
14
 10
23.84
 20
-126.50
  0
VERTEX
  8
14
 10
23.26
 20
-124.16
  0
VERTEX
  8
14
 10
22.70
 20
-121.83
  0
VERTEX
  8
14
 10
22.15
 20
-119.49
  0
VERTEX
  8
14
 10
21.62
 20
-117.15
  0
VERTEX
  8
14
 10
21.11
 20
-114.80
  0
VERTEX
  8
14
 10
20.60
 20
-112.45
  0
VERTEX
  8
14
 10
20.12
 20
-110.10
  0
VERTEX
  8
14
 10
19.65
 20
-107.75
  0
VERTEX
  8
14
 10
19.19
 20
-105.39
  0
VERTEX
  8
14
 10
18.75
 20
-103.03
  0
VERTEX
  8
14
 10
18.32
 20
-100.66
  0
VERTEX
  8
14
 10
17.91
 20
-98.30
  0
VERTEX
  8
14
 10
17.51
 20
-95.93
  0
VERTEX
  8
14
 10
17.13
 20
-93.55
  0
VERTEX
  8
14
 10
16.77
 20
-91.18
  0
VERTEX
  8
14
 10
16.42
 20
-88.80
  0
VERTEX
  8
14
 10
15.81
 20
-83.36
  0
VERTEX
  8
14
 10
15.24
 20
-77.90
  0
VERTEX
  8
14
 10
14.70
 20
-72.45
  0
VERTEX
  8
14
 10
14.18
 20
-66.99
  0
VERTEX
  8
14
 10
13.81
 20
-62.67
  0
VERTEX
  8
14
 10
13.46
 20
-58.36
  0
VERTEX
  8
14
 10
13.15
 20
-54.04
  0
VERTEX
  8
14
 10
12.86
 20
-49.72
  0
VERTEX
  8
14
 10
12.64
 20
-46.27
  0
VERTEX
  8
14
 10
12.42
 20
-42.83
  0
VERTEX
  8
14
 10
12.22
 20
-39.38
  0
VERTEX
  8
14
 10
12.04
 20
-35.93
  0
VERTEX
  8
14
 10
11.87
 20
-32.48
  0
VERTEX
  8
14
 10
11.72
 20
-29.03
  0
VERTEX
  8
14
 10
11.59
 20
-25.58
  0
VERTEX
  8
14
 10
11.47
 20
-22.13
  0
VERTEX
  8
14
 10
11.36
 20
-18.37
  0
VERTEX
  8
14
 10
11.26
 20
-14.60
  0
VERTEX
  8
14
 10
11.18
 20
-10.84
  0
VERTEX
  8
14
 10
11.11
 20
-7.07
  0
VERTEX
  8
14
 10
11.06
 20
-3.31
  0
VERTEX
  8
14
 10
11.03
 20
0.46
  0
VERTEX
  8
14
 10
11.01
 20
4.22
  0
SEQEND
  0
POINT
  8
2
 10
11.01
 20
7.99
  0
TEXT
  8
14
 10
11.01
 20
7.99
 40
8.00
  1
# 20
  0
POINT
  8
3
 10
11.01
 20
11.75
  0
POINT
  8
3
 10
11.03
 20
15.52
  0
POINT
  8
3
 10
11.06
 20
19.28
  0
POINT
  8
3
 10
11.11
 20
23.05
  0
POINT
  8
3
 10
11.18
 20
26.81
  0
POINT
  8
3
 10
11.26
 20
30.58
  0
POINT
  8
3
 10
11.36
 20
34.34
  0
POINT
  8
3
 10
11.47
 20
38.10
  0
TEXT
  8
14
 10
11.47
 20
38.10
 40
8.00
  1
# 21
  0
POINT
  8
3
 10
11.59
 20
41.55
  0
POINT
  8
3
 10
11.72
 20
45.00
  0
POINT
  8
3
 10
11.87
 20
48.45
  0
POINT
  8
3
 10
12.04
 20
51.90
  0
POINT
  8
3
 10
12.22
 20
55.35
  0
POINT
  8
3
 10
12.42
 20
58.80
  0
POINT
  8
3
 10
12.64
 20
62.25
  0
POINT
  8
3
 10
12.86
 20
65.69
  0
TEXT
  8
14
 10
12.86
 20
65.69
 40
8.00
  1
# 22
  0
POINT
  8
3
 10
13.15
 20
70.01
  0
POINT
  8
3
 10
13.46
 20
74.33
  0
POINT
  8
3
 10
13.81
 20
78.65
  0
POINT
  8
3
 10
14.18
 20
82.96
  0
TEXT
  8
14
 10
14.18
 20
82.96
 40
8.00
  1
# 23
  0
POINT
  8
3
 10
14.70
 20
88.42
  0
POINT
  8
3
 10
15.24
 20
93.88
  0
POINT
  8
3
 10
15.81
 20
99.33
  0
POINT
  8
3
 10
16.42
 20
104.78
  0
TEXT
  8
14
 10
16.42
 20
104.78
 40
8.00
  1
# 24
  0
POINT
  8
3
 10
16.77
 20
107.15
  0
POINT
  8
3
 10
17.13
 20
109.53
  0
POINT
  8
3
 10
17.51
 20
111.90
  0
POINT
  8
3
 10
17.91
 20
114.27
  0
POINT
  8
3
 10
18.32
 20
116.64
  0
POINT
  8
3
 10
18.75
 20
119.00
  0
POINT
  8
3
 10
19.19
 20
121.36
  0
POINT
  8
3
 10
19.65
 20
123.72
  0
POINT
  8
3
 10
20.12
 20
126.07
  0
POINT
  8
3
 10
20.60
 20
128.43
  0
POINT
  8
3
 10
21.11
 20
130.78
  0
POINT
  8
3
 10
21.62
 20
133.12
  0
POINT
  8
3
 10
22.15
 20
135.46
  0
POINT
  8
3
 10
22.70
 20
137.80
  0
POINT
  8
3
 10
23.26
 20
140.14
  0
POINT
  8
3
 10
23.84
 20
142.47
  0
TEXT
  8
14
 10
23.84
 20
142.47
 40
8.00
  1
# 25
  0
POINT
  8
3
 10
24.34
 20
144.45
  0
POINT
  8
3
 10
24.86
 20
146.42
  0
POINT
  8
3
 10
25.39
 20
148.38
  0
POINT
  8
3
 10
25.94
 20
150.35
  0
POINT
  8
3
 10
26.50
 20
152.31
  0
POINT
  8
3
 10
27.08
 20
154.26
  0
POINT
  8
3
 10
27.67
 20
156.21
  0
POINT
  8
3
 10
28.28
 20
158.16
  0
POINT
  8
3
 10
28.90
 20
160.10
  0
POINT
  8
3
 10
29.53
 20
162.04
  0
POINT
  8
3
 10
30.18
 20
163.97
  0
POINT
  8
3
 10
30.85
 20
165.89
  0
POINT
  8
3
 10
31.53
 20
167.82
  0
POINT
  8
3
 10
32.22
 20
169.73
  0
POINT
  8
3
 10
32.93
 20
171.64
  0
POINT
  8
3
 10
33.65
 20
173.55
  0
TEXT
  8
14
 10
33.65
 20
173.55
 40
8.00
  1
# 26
  0
POINT
  8
3
 10
34.88
 20
176.25
  0
POINT
  8
3
 10
36.14
 20
178.94
  0
POINT
  8
3
 10
37.44
 20
181.61
  0
POINT
  8
3
 10
38.77
 20
184.26
  0
POINT
  8
3
 10
40.13
 20
186.90
  0
POINT
  8
3
 10
41.52
 20
189.52
  0
POINT
  8
3
 10
42.95
 20
192.12
  0
POINT
  8
3
 10
44.40
 20
194.71
  0
POINT
  8
3
 10
45.89
 20
197.27
  0
POINT
  8
3
 10
47.42
 20
199.82
  0
POINT
  8
3
 10
48.97
 20
202.35
  0
POINT
  8
3
 10
50.55
 20
204.86
  0
POINT
  8
3
 10
52.17
 20
207.35
  0
POINT
  8
3
 10
53.82
 20
209.82
  0
POINT
  8
3
 10
55.49
 20
212.27
  0
POINT
  8
3
 10
57.20
 20
214.69
  0
TEXT
  8
14
 10
57.20
 20
214.69
 40
8.00
  1
# 27
  0
POINT
  8
3
 10
59.32
 20
217.64
  0
POINT
  8
3
 10
61.47
 20
220.56
  0
POINT
  8
3
 10
63.65
 20
223.46
  0
POINT
  8
3
 10
65.86
 20
226.34
  0
POINT
  8
3
 10
68.10
 20
229.20
  0
POINT
  8
3
 10
70.36
 20
232.03
  0
POINT
  8
3
 10
72.66
 20
234.84
  0
POINT
  8
3
 10
74.98
 20
237.63
  0
POINT
  8
3
 10
77.33
 20
240.39
  0
POINT
  8
3
 10
79.71
 20
243.13
  0
POINT
  8
3
 10
82.12
 20
245.84
  0
POINT
  8
3
 10
84.56
 20
248.53
  0
POINT
  8
3
 10
87.02
 20
251.20
  0
POINT
  8
3
 10
89.51
 20
253.84
  0
POINT
  8
3
 10
92.02
 20
256.45
  0
POINT
  8
2
 10
94.57
 20
259.04
  0
TEXT
  8
14
 10
94.57
 20
259.04
 40
8.00
  1
# 28
  0
POINT
  8
3
 10
96.27
 20
257.06
  0
TEXT
  8
14
 10
96.27
 20
257.06
 40
8.00
  1
# 29
  0
POINT
  8
3
 10
97.97
 20
255.08
  0
TEXT
  8
14
 10
97.97
 20
255.08
 40
8.00
  1
# 30
  0
POINT
  8
3
 10
98.44
 20
254.51
  0
POINT
  8
3
 10
98.90
 20
253.92
  0
POINT
  8
3
 10
99.34
 20
253.32
  0
POINT
  8
3
 10
99.76
 20
252.71
  0
POINT
  8
3
 10
100.17
 20
252.09
  0
POINT
  8
3
 10
100.56
 20
251.45
  0
POINT
  8
3
 10
100.93
 20
250.81
  0
POINT
  8
3
 10
101.28
 20
250.15
  0
TEXT
  8
14
 10
101.28
 20
250.15
 40
8.00
  1
# 31
  0
POINT
  8
3
 10
101.61
 20
249.50
  0
POINT
  8
3
 10
101.92
 20
248.84
  0
POINT
  8
3
 10
102.21
 20
248.17
  0
POINT
  8
3
 10
102.48
 20
247.49
  0
POINT
  8
3
 10
102.73
 20
246.81
  0
POINT
  8
3
 10
102.96
 20
246.11
  0
POINT
  8
3
 10
103.18
 20
245.42
  0
POINT
  8
3
 10
103.37
 20
244.71
  0
TEXT
  8
14
 10
103.37
 20
244.71
 40
8.00
  1
# 32
  0
POINT
  8
3
 10
103.57
 20
243.86
  0
POINT
  8
3
 10
103.72
 20
243.00
  0
POINT
  8
3
 10
103.82
 20
242.13
  0
POINT
  8
3
 10
103.88
 20
241.25
  0
POINT
  8
3
 10
103.88
 20
240.38
  0
POINT
  8
3
 10
103.83
 20
239.50
  0
POINT
  8
3
 10
103.72
 20
238.63
  0
POINT
  8
3
 10
103.57
 20
237.77
  0
TEXT
  8
14
 10
103.57
 20
237.77
 40
8.00
  1
# 33
  0
POINT
  8
3
 10
103.33
 20
236.73
  0
POINT
  8
3
 10
103.04
 20
235.70
  0
POINT
  8
3
 10
102.71
 20
234.68
  0
POINT
  8
3
 10
102.32
 20
233.69
  0
POINT
  8
3
 10
101.89
 20
232.71
  0
POINT
  8
3
 10
101.41
 20
231.75
  0
POINT
  8
3
 10
100.89
 20
230.82
  0
POINT
  8
3
 10
100.33
 20
229.91
  0
TEXT
  8
14
 10
100.33
 20
229.91
 40
8.00
  1
# 34
  0
POINT
  8
3
 10
96.97
 20
225.86
  0
TEXT
  8
14
 10
96.97
 20
225.86
 40
8.00
  1
# 35
  0
POINT
  8
3
 10
93.62
 20
221.81
  0
TEXT
  8
14
 10
93.62
 20
221.81
 40
8.00
  1
# 36
  0
POINT
  8
3
 10
92.23
 20
220.06
  0
POINT
  8
3
 10
90.86
 20
218.30
  0
POINT
  8
3
 10
89.51
 20
216.52
  0
POINT
  8
3
 10
88.17
 20
214.73
  0
POINT
  8
3
 10
86.85
 20
212.93
  0
POINT
  8
3
 10
85.54
 20
211.11
  0
POINT
  8
3
 10
84.25
 20
209.29
  0
POINT
  8
3
 10
82.98
 20
207.45
  0
POINT
  8
3
 10
81.72
 20
205.61
  0
POINT
  8
3
 10
80.48
 20
203.75
  0
POINT
  8
3
 10
79.26
 20
201.88
  0
POINT
  8
3
 10
78.05
 20
200.00
  0
POINT
  8
3
 10
76.86
 20
198.11
  0
POINT
  8
3
 10
75.68
 20
196.21
  0
POINT
  8
3
 10
74.52
 20
194.30
  0
POINT
  8
3
 10
73.38
 20
192.38
  0
POINT
  8
3
 10
72.26
 20
190.45
  0
POINT
  8
3
 10
71.15
 20
188.51
  0
POINT
  8
3
 10
70.06
 20
186.56
  0
POINT
  8
3
 10
68.99
 20
184.59
  0
POINT
  8
3
 10
67.94
 20
182.62
  0
POINT
  8
3
 10
66.90
 20
180.65
  0
POINT
  8
3
 10
65.88
 20
178.66
  0
POINT
  8
3
 10
64.88
 20
176.66
  0
POINT
  8
3
 10
63.89
 20
174.65
  0
POINT
  8
3
 10
62.93
 20
172.64
  0
POINT
  8
3
 10
61.98
 20
170.62
  0
POINT
  8
3
 10
61.05
 20
168.59
  0
POINT
  8
3
 10
60.13
 20
166.55
  0
POINT
  8
3
 10
59.24
 20
164.50
  0
POINT
  8
3
 10
58.36
 20
162.44
  0
POINT
  8
3
 10
57.50
 20
160.38
  0
TEXT
  8
14
 10
57.50
 20
160.38
 40
8.00
  1
# 37
  0
POINT
  8
3
 10
56.79
 20
158.62
  0
POINT
  8
3
 10
56.10
 20
156.85
  0
POINT
  8
3
 10
55.42
 20
155.07
  0
POINT
  8
3
 10
54.76
 20
153.29
  0
POINT
  8
3
 10
54.13
 20
151.50
  0
POINT
  8
3
 10
53.51
 20
149.70
  0
POINT
  8
3
 10
52.90
 20
147.90
  0
POINT
  8
3
 10
52.32
 20
146.09
  0
POINT
  8
3
 10
51.76
 20
144.28
  0
POINT
  8
3
 10
51.21
 20
142.46
  0
POINT
  8
3
 10
50.69
 20
140.63
  0
POINT
  8
3
 10
50.18
 20
138.80
  0
POINT
  8
3
 10
49.69
 20
136.96
  0
POINT
  8
3
 10
49.23
 20
135.12
  0
POINT
  8
3
 10
48.78
 20
133.27
  0
POINT
  8
3
 10
48.35
 20
131.42
  0
POINT
  8
3
 10
47.94
 20
129.56
  0
POINT
  8
3
 10
47.55
 20
127.70
  0
POINT
  8
3
 10
47.17
 20
125.84
  0
POINT
  8
3
 10
46.82
 20
123.97
  0
POINT
  8
3
 10
46.49
 20
122.10
  0
POINT
  8
3
 10
46.18
 20
120.23
  0
POINT
  8
3
 10
45.88
 20
118.35
  0
POINT
  8
3
 10
45.61
 20
116.47
  0
POINT
  8
3
 10
45.36
 20
114.59
  0
POINT
  8
3
 10
45.12
 20
112.70
  0
POINT
  8
3
 10
44.91
 20
110.81
  0
POINT
  8
3
 10
44.71
 20
108.92
  0
POINT
  8
3
 10
44.54
 20
107.03
  0
POINT
  8
3
 10
44.38
 20
105.13
  0
POINT
  8
3
 10
44.25
 20
103.24
  0
POINT
  8
3
 10
44.13
 20
101.34
  0
TEXT
  8
14
 10
44.13
 20
101.34
 40
8.00
  1
# 38
  0
POINT
  8
3
 10
43.68
 20
97.16
  0
POINT
  8
3
 10
43.26
 20
92.97
  0
POINT
  8
3
 10
42.87
 20
88.78
  0
POINT
  8
3
 10
42.50
 20
84.59
  0
POINT
  8
3
 10
42.17
 20
80.40
  0
POINT
  8
3
 10
41.86
 20
76.20
  0
POINT
  8
3
 10
41.58
 20
72.01
  0
POINT
  8
3
 10
41.33
 20
67.81
  0
TEXT
  8
14
 10
41.33
 20
67.81
 40
8.00
  1
# 39
  0
POINT
  8
3
 10
40.92
 20
60.33
  0
POINT
  8
3
 10
40.54
 20
52.86
  0
POINT
  8
3
 10
40.19
 20
45.38
  0
POINT
  8
3
 10
39.86
 20
37.91
  0
POINT
  8
3
 10
39.57
 20
30.43
  0
POINT
  8
3
 10
39.30
 20
22.95
  0
POINT
  8
3
 10
39.06
 20
15.47
  0
POINT
  8
3
 10
38.85
 20
7.99
  0
TEXT
  8
14
 10
38.85
 20
7.99
 40
8.00
  1
# 40
  0
POINT
  8
3
 10
39.06
 20
0.51
  0
POINT
  8
3
 10
39.30
 20
-6.97
  0
POINT
  8
3
 10
39.57
 20
-14.45
  0
POINT
  8
3
 10
39.86
 20
-21.93
  0
POINT
  8
3
 10
40.19
 20
-29.41
  0
POINT
  8
3
 10
40.54
 20
-36.89
  0
POINT
  8
3
 10
40.92
 20
-44.36
  0
POINT
  8
3
 10
41.33
 20
-51.83
  0
TEXT
  8
14
 10
41.33
 20
-51.83
 40
8.00
  1
# 41
  0
POINT
  8
3
 10
41.58
 20
-56.03
  0
POINT
  8
3
 10
41.86
 20
-60.23
  0
POINT
  8
3
 10
42.17
 20
-64.43
  0
POINT
  8
3
 10
42.50
 20
-68.62
  0
POINT
  8
3
 10
42.87
 20
-72.81
  0
POINT
  8
3
 10
43.26
 20
-77.00
  0
POINT
  8
3
 10
43.68
 20
-81.19
  0
POINT
  8
3
 10
44.13
 20
-85.37
  0
TEXT
  8
14
 10
44.13
 20
-85.37
 40
8.00
  1
# 42
  0
POINT
  8
3
 10
44.25
 20
-87.27
  0
POINT
  8
3
 10
44.38
 20
-89.16
  0
POINT
  8
3
 10
44.54
 20
-91.05
  0
POINT
  8
3
 10
44.71
 20
-92.95
  0
POINT
  8
3
 10
44.91
 20
-94.84
  0
POINT
  8
3
 10
45.12
 20
-96.73
  0
POINT
  8
3
 10
45.36
 20
-98.61
  0
POINT
  8
3
 10
45.61
 20
-100.50
  0
POINT
  8
3
 10
45.88
 20
-102.38
  0
POINT
  8
3
 10
46.18
 20
-104.25
  0
POINT
  8
3
 10
46.49
 20
-106.13
  0
POINT
  8
3
 10
46.82
 20
-108.00
  0
POINT
  8
3
 10
47.17
 20
-109.87
  0
POINT
  8
3
 10
47.55
 20
-111.73
  0
POINT
  8
3
 10
47.94
 20
-113.59
  0
POINT
  8
3
 10
48.35
 20
-115.45
  0
POINT
  8
3
 10
48.78
 20
-117.30
  0
POINT
  8
3
 10
49.23
 20
-119.14
  0
POINT
  8
3
 10
49.69
 20
-120.99
  0
POINT
  8
3
 10
50.18
 20
-122.82
  0
POINT
  8
3
 10
50.69
 20
-124.66
  0
POINT
  8
3
 10
51.21
 20
-126.48
  0
POINT
  8
3
 10
51.76
 20
-128.30
  0
POINT
  8
3
 10
52.32
 20
-130.12
  0
POINT
  8
3
 10
52.90
 20
-131.93
  0
POINT
  8
3
 10
53.51
 20
-133.73
  0
POINT
  8
3
 10
54.13
 20
-135.53
  0
POINT
  8
3
 10
54.76
 20
-137.32
  0
POINT
  8
3
 10
55.42
 20
-139.10
  0
POINT
  8
3
 10
56.10
 20
-140.88
  0
POINT
  8
3
 10
56.79
 20
-142.64
  0
POINT
  8
3
 10
57.50
 20
-144.41
  0
TEXT
  8
14
 10
57.50
 20
-144.41
 40
8.00
  1
# 43
  0
POINT
  8
3
 10
58.36
 20
-146.47
  0
POINT
  8
3
 10
59.24
 20
-148.52
  0
POINT
  8
3
 10
60.13
 20
-150.57
  0
POINT
  8
3
 10
61.05
 20
-152.61
  0
POINT
  8
3
 10
61.98
 20
-154.64
  0
POINT
  8
3
 10
62.93
 20
-156.67
  0
POINT
  8
3
 10
63.89
 20
-158.68
  0
POINT
  8
3
 10
64.88
 20
-160.69
  0
POINT
  8
3
 10
65.88
 20
-162.68
  0
POINT
  8
3
 10
66.90
 20
-164.67
  0
POINT
  8
3
 10
67.94
 20
-166.65
  0
POINT
  8
3
 10
68.99
 20
-168.62
  0
POINT
  8
3
 10
70.06
 20
-170.58
  0
POINT
  8
3
 10
71.15
 20
-172.53
  0
POINT
  8
3
 10
72.26
 20
-174.47
  0
POINT
  8
3
 10
73.38
 20
-176.40
  0
POINT
  8
3
 10
74.52
 20
-178.33
  0
POINT
  8
3
 10
75.68
 20
-180.24
  0
POINT
  8
3
 10
76.86
 20
-182.14
  0
POINT
  8
3
 10
78.05
 20
-184.03
  0
POINT
  8
3
 10
79.26
 20
-185.91
  0
POINT
  8
3
 10
80.48
 20
-187.78
  0
POINT
  8
3
 10
81.72
 20
-189.63
  0
POINT
  8
3
 10
82.98
 20
-191.48
  0
POINT
  8
3
 10
84.25
 20
-193.32
  0
POINT
  8
3
 10
85.54
 20
-195.14
  0
POINT
  8
3
 10
86.85
 20
-196.95
  0
POINT
  8
3
 10
88.17
 20
-198.76
  0
POINT
  8
3
 10
89.51
 20
-200.54
  0
POINT
  8
3
 10
90.86
 20
-202.32
  0
POINT
  8
3
 10
92.23
 20
-204.09
  0
POINT
  8
3
 10
93.62
 20
-205.84
  0
TEXT
  8
14
 10
93.62
 20
-205.84
 40
8.00
  1
# 44
  0
POINT
  8
3
 10
96.97
 20
-209.89
  0
TEXT
  8
14
 10
96.97
 20
-209.89
 40
8.00
  1
# 45
  0
POINT
  8
3
 10
100.33
 20
-213.94
  0
TEXT
  8
14
 10
100.33
 20
-213.94
 40
8.00
  1
# 46
  0
POINT
  8
3
 10
100.89
 20
-214.85
  0
POINT
  8
3
 10
101.41
 20
-215.78
  0
POINT
  8
3
 10
101.89
 20
-216.74
  0
POINT
  8
3
 10
102.32
 20
-217.71
  0
POINT
  8
3
 10
102.71
 20
-218.71
  0
POINT
  8
3
 10
103.04
 20
-219.73
  0
POINT
  8
3
 10
103.33
 20
-220.75
  0
POINT
  8
3
 10
103.57
 20
-221.80
  0
TEXT
  8
14
 10
103.57
 20
-221.80
 40
8.00
  1
# 47
  0
POINT
  8
3
 10
103.72
 20
-222.66
  0
POINT
  8
3
 10
103.83
 20
-223.53
  0
POINT
  8
3
 10
103.88
 20
-224.40
  0
POINT
  8
3
 10
103.88
 20
-225.28
  0
POINT
  8
3
 10
103.82
 20
-226.15
  0
POINT
  8
3
 10
103.72
 20
-227.02
  0
POINT
  8
3
 10
103.57
 20
-227.89
  0
POINT
  8
3
 10
103.37
 20
-228.74
  0
TEXT
  8
14
 10
103.37
 20
-228.74
 40
8.00
  1
# 48
  0
POINT
  8
3
 10
103.18
 20
-229.44
  0
POINT
  8
3
 10
102.96
 20
-230.14
  0
POINT
  8
3
 10
102.73
 20
-230.83
  0
POINT
  8
3
 10
102.48
 20
-231.52
  0
POINT
  8
3
 10
102.21
 20
-232.20
  0
POINT
  8
3
 10
101.92
 20
-232.87
  0
POINT
  8
3
 10
101.61
 20
-233.53
  0
POINT
  8
3
 10
101.28
 20
-234.18
  0
TEXT
  8
14
 10
101.28
 20
-234.18
 40
8.00
  1
# 49
  0
POINT
  8
3
 10
100.93
 20
-234.83
  0
POINT
  8
3
 10
100.56
 20
-235.48
  0
POINT
  8
3
 10
100.17
 20
-236.11
  0
POINT
  8
3
 10
99.76
 20
-236.74
  0
POINT
  8
3
 10
99.34
 20
-237.35
  0
POINT
  8
3
 10
98.90
 20
-237.95
  0
POINT
  8
3
 10
98.44
 20
-238.54
  0
POINT
  8
3
 10
97.97
 20
-239.11
  0
TEXT
  8
14
 10
97.97
 20
-239.11
 40
8.00
  1
# 50
  0
POINT
  8
3
 10
96.27
 20
-241.09
  0
TEXT
  8
14
 10
96.27
 20
-241.09
 40
8.00
  1
# 51
  0
POINT
  8
2
 10
94.57
 20
-243.07
  0
TEXT
  8
14
 10
94.57
 20
-243.07
 40
8.00
  1
# 52
  0
POINT
  8
3
 10
92.02
 20
-240.48
  0
POINT
  8
3
 10
89.51
 20
-237.86
  0
POINT
  8
3
 10
87.02
 20
-235.22
  0
POINT
  8
3
 10
84.56
 20
-232.56
  0
POINT
  8
3
 10
82.12
 20
-229.87
  0
POINT
  8
3
 10
79.71
 20
-227.15
  0
POINT
  8
3
 10
77.33
 20
-224.42
  0
POINT
  8
3
 10
74.98
 20
-221.65
  0
POINT
  8
3
 10
72.66
 20
-218.87
  0
POINT
  8
3
 10
70.36
 20
-216.06
  0
POINT
  8
3
 10
68.10
 20
-213.22
  0
POINT
  8
3
 10
65.86
 20
-210.37
  0
POINT
  8
3
 10
63.65
 20
-207.49
  0
POINT
  8
3
 10
61.47
 20
-204.59
  0
POINT
  8
3
 10
59.32
 20
-201.66
  0
POINT
  8
3
 10
57.20
 20
-198.72
  0
TEXT
  8
14
 10
57.20
 20
-198.72
 40
8.00
  1
# 53
  0
POINT
  8
3
 10
55.49
 20
-196.29
  0
POINT
  8
3
 10
53.82
 20
-193.84
  0
POINT
  8
3
 10
52.17
 20
-191.37
  0
POINT
  8
3
 10
50.55
 20
-188.88
  0
POINT
  8
3
 10
48.97
 20
-186.38
  0
POINT
  8
3
 10
47.42
 20
-183.85
  0
POINT
  8
3
 10
45.89
 20
-181.30
  0
POINT
  8
3
 10
44.40
 20
-178.73
  0
POINT
  8
3
 10
42.95
 20
-176.15
  0
POINT
  8
3
 10
41.52
 20
-173.54
  0
POINT
  8
3
 10
40.13
 20
-170.92
  0
POINT
  8
3
 10
38.77
 20
-168.29
  0
POINT
  8
3
 10
37.44
 20
-165.63
  0
POINT
  8
3
 10
36.14
 20
-162.96
  0
POINT
  8
3
 10
34.88
 20
-160.28
  0
POINT
  8
3
 10
33.65
 20
-157.58
  0
TEXT
  8
14
 10
33.65
 20
-157.58
 40
8.00
  1
# 54
  0
POINT
  8
3
 10
32.93
 20
-155.67
  0
POINT
  8
3
 10
32.22
 20
-153.76
  0
POINT
  8
3
 10
31.53
 20
-151.84
  0
POINT
  8
3
 10
30.85
 20
-149.92
  0
POINT
  8
3
 10
30.18
 20
-147.99
  0
POINT
  8
3
 10
29.53
 20
-146.06
  0
POINT
  8
3
 10
28.90
 20
-144.13
  0
POINT
  8
3
 10
28.28
 20
-142.18
  0
POINT
  8
3
 10
27.67
 20
-140.24
  0
POINT
  8
3
 10
27.08
 20
-138.29
  0
POINT
  8
3
 10
26.50
 20
-136.33
  0
POINT
  8
3
 10
25.94
 20
-134.37
  0
POINT
  8
3
 10
25.39
 20
-132.41
  0
POINT
  8
3
 10
24.86
 20
-130.44
  0
POINT
  8
3
 10
24.34
 20
-128.47
  0
POINT
  8
3
 10
23.84
 20
-126.50
  0
TEXT
  8
14
 10
23.84
 20
-126.50
 40
8.00
  1
# 55
  0
POINT
  8
3
 10
23.26
 20
-124.16
  0
POINT
  8
3
 10
22.70
 20
-121.83
  0
POINT
  8
3
 10
22.15
 20
-119.49
  0
POINT
  8
3
 10
21.62
 20
-117.15
  0
POINT
  8
3
 10
21.11
 20
-114.80
  0
POINT
  8
3
 10
20.60
 20
-112.45
  0
POINT
  8
3
 10
20.12
 20
-110.10
  0
POINT
  8
3
 10
19.65
 20
-107.75
  0
POINT
  8
3
 10
19.19
 20
-105.39
  0
POINT
  8
3
 10
18.75
 20
-103.03
  0
POINT
  8
3
 10
18.32
 20
-100.66
  0
POINT
  8
3
 10
17.91
 20
-98.30
  0
POINT
  8
3
 10
17.51
 20
-95.93
  0
POINT
  8
3
 10
17.13
 20
-93.55
  0
POINT
  8
3
 10
16.77
 20
-91.18
  0
POINT
  8
3
 10
16.42
 20
-88.80
  0
TEXT
  8
14
 10
16.42
 20
-88.80
 40
8.00
  1
# 56
  0
POINT
  8
3
 10
15.81
 20
-83.36
  0
POINT
  8
3
 10
15.24
 20
-77.90
  0
POINT
  8
3
 10
14.70
 20
-72.45
  0
POINT
  8
3
 10
14.18
 20
-66.99
  0
TEXT
  8
14
 10
14.18
 20
-66.99
 40
8.00
  1
# 57
  0
POINT
  8
3
 10
13.81
 20
-62.67
  0
POINT
  8
3
 10
13.46
 20
-58.36
  0
POINT
  8
3
 10
13.15
 20
-54.04
  0
POINT
  8
3
 10
12.86
 20
-49.72
  0
TEXT
  8
14
 10
12.86
 20
-49.72
 40
8.00
  1
# 58
  0
POINT
  8
3
 10
12.64
 20
-46.27
  0
POINT
  8
3
 10
12.42
 20
-42.83
  0
POINT
  8
3
 10
12.22
 20
-39.38
  0
POINT
  8
3
 10
12.04
 20
-35.93
  0
POINT
  8
3
 10
11.87
 20
-32.48
  0
POINT
  8
3
 10
11.72
 20
-29.03
  0
POINT
  8
3
 10
11.59
 20
-25.58
  0
POINT
  8
3
 10
11.47
 20
-22.13
  0
TEXT
  8
14
 10
11.47
 20
-22.13
 40
8.00
  1
# 59
  0
POINT
  8
3
 10
11.36
 20
-18.37
  0
POINT
  8
3
 10
11.26
 20
-14.60
  0
POINT
  8
3
 10
11.18
 20
-10.84
  0
POINT
  8
3
 10
11.11
 20
-7.07
  0
POINT
  8
3
 10
11.06
 20
-3.31
  0
POINT
  8
3
 10
11.03
 20
0.46
  0
POINT
  8
3
 10
11.01
 20
4.22
  0
POINT
  8
2
 10
11.01
 20
7.99
  0
TEXT
  8
14
 10
11.01
 20
7.99
 40
8.00
  1
# 20
  0
POLYLINE
  8
1
 10
0
 20
0
 66
1
 70
1
  0
VERTEX
  8
1
 10
0.01
 20
7.96
  0
VERTEX
  8
1
 10
0.03
 20
14.43
  0
VERTEX
  8
1
 10
0.10
 20
20.86
  0
VERTEX
  8
1
 10
0.21
 20
27.28
  0
VERTEX
  8
1
 10
0.36
 20
33.71
  0
VERTEX
  8
1
 10
0.56
 20
40.14
  0
VERTEX
  8
1
 10
0.81
 20
46.56
  0
VERTEX
  8
1
 10
1.10
 20
52.99
  0
VERTEX
  8
1
 10
1.44
 20
59.41
  0
VERTEX
  8
1
 10
1.79
 20
65.27
  0
VERTEX
  8
1
 10
2.18
 20
71.13
  0
VERTEX
  8
1
 10
2.63
 20
76.98
  0
VERTEX
  8
1
 10
3.11
 20
82.84
  0
VERTEX
  8
1
 10
3.64
 20
88.69
  0
VERTEX
  8
1
 10
4.22
 20
94.53
  0
VERTEX
  8
1
 10
4.84
 20
100.37
  0
VERTEX
  8
1
 10
5.49
 20
106.02
  0
VERTEX
  8
1
 10
5.51
 20
106.20
  0
VERTEX
  8
1
 10
5.97
 20
109.28
  0
VERTEX
  8
1
 10
6.45
 20
112.35
  0
VERTEX
  8
1
 10
6.96
 20
115.42
  0
VERTEX
  8
1
 10
7.49
 20
118.48
  0
VERTEX
  8
1
 10
8.04
 20
121.54
  0
VERTEX
  8
1
 10
8.62
 20
124.59
  0
VERTEX
  8
1
 10
9.22
 20
127.64
  0
VERTEX
  8
1
 10
9.84
 20
130.69
  0
VERTEX
  8
1
 10
10.45
 20
133.54
  0
VERTEX
  8
1
 10
11.08
 20
136.39
  0
VERTEX
  8
1
 10
11.73
 20
139.23
  0
VERTEX
  8
1
 10
12.41
 20
142.06
  0
VERTEX
  8
1
 10
13.11
 20
144.89
  0
VERTEX
  8
1
 10
13.84
 20
147.71
  0
VERTEX
  8
1
 10
14.58
 20
150.53
  0
VERTEX
  8
1
 10
15.36
 20
153.34
  0
VERTEX
  8
1
 10
16.24
 20
156.40
  0
VERTEX
  8
1
 10
17.16
 20
159.44
  0
VERTEX
  8
1
 10
18.11
 20
162.48
  0
VERTEX
  8
1
 10
19.10
 20
165.51
  0
VERTEX
  8
1
 10
20.11
 20
168.50
  0
VERTEX
  8
1
 10
21.16
 20
171.48
  0
VERTEX
  8
1
 10
22.24
 20
174.45
  0
VERTEX
  8
1
 10
23.35
 20
177.41
  0
VERTEX
  8
1
 10
24.76
 20
180.55
  0
VERTEX
  8
1
 10
26.22
 20
183.68
  0
VERTEX
  8
1
 10
27.57
 20
186.47
  0
VERTEX
  8
1
 10
28.96
 20
189.24
  0
VERTEX
  8
1
 10
30.26
 20
191.72
  0
VERTEX
  8
1
 10
31.58
 20
194.18
  0
VERTEX
  8
1
 10
32.92
 20
196.63
  0
VERTEX
  8
1
 10
34.29
 20
199.07
  0
VERTEX
  8
1
 10
35.69
 20
201.49
  0
VERTEX
  8
1
 10
37.11
 20
203.90
  0
VERTEX
  8
1
 10
38.56
 20
206.29
  0
VERTEX
  8
1
 10
40.03
 20
208.67
  0
VERTEX
  8
1
 10
41.52
 20
211.03
  0
VERTEX
  8
1
 10
43.04
 20
213.38
  0
VERTEX
  8
1
 10
44.58
 20
215.71
  0
VERTEX
  8
1
 10
46.15
 20
218.02
  0
VERTEX
  8
1
 10
47.74
 20
220.32
  0
VERTEX
  8
1
 10
49.35
 20
222.61
  0
VERTEX
  8
1
 10
50.98
 20
224.87
  0
VERTEX
  8
1
 10
52.64
 20
227.12
  0
VERTEX
  8
1
 10
54.61
 20
229.74
  0
VERTEX
  8
1
 10
56.59
 20
232.33
  0
VERTEX
  8
1
 10
58.60
 20
234.91
  0
VERTEX
  8
1
 10
60.64
 20
237.47
  0
VERTEX
  8
1
 10
62.69
 20
240.01
  0
VERTEX
  8
1
 10
64.77
 20
242.54
  0
VERTEX
  8
1
 10
66.87
 20
245.04
  0
VERTEX
  8
1
 10
68.99
 20
247.53
  0
VERTEX
  8
1
 10
71.13
 20
250.00
  0
VERTEX
  8
1
 10
73.29
 20
252.45
  0
VERTEX
  8
1
 10
75.48
 20
254.88
  0
VERTEX
  8
1
 10
77.68
 20
257.29
  0
VERTEX
  8
1
 10
79.91
 20
259.69
  0
VERTEX
  8
1
 10
82.16
 20
262.06
  0
VERTEX
  8
1
 10
84.43
 20
264.41
  0
VERTEX
  8
1
 10
86.72
 20
266.75
  0
VERTEX
  8
1
 10
95.12
 20
275.31
  0
VERTEX
  8
1
 10
102.92
 20
266.20
  0
VERTEX
  8
1
 10
103.98
 20
265.03
  0
VERTEX
  8
1
 10
105.02
 20
263.84
  0
VERTEX
  8
1
 10
106.03
 20
262.63
  0
VERTEX
  8
1
 10
107.02
 20
261.40
  0
VERTEX
  8
1
 10
107.71
 20
260.50
  0
VERTEX
  8
1
 10
108.38
 20
259.58
  0
VERTEX
  8
1
 10
109.02
 20
258.65
  0
VERTEX
  8
1
 10
109.63
 20
257.70
  0
VERTEX
  8
1
 10
110.35
 20
256.48
  0
VERTEX
  8
1
 10
111.02
 20
255.24
  0
VERTEX
  8
1
 10
111.65
 20
253.97
  0
VERTEX
  8
1
 10
112.24
 20
252.69
  0
VERTEX
  8
1
 10
112.73
 20
251.49
  0
VERTEX
  8
1
 10
113.18
 20
250.27
  0
VERTEX
  8
1
 10
113.58
 20
249.04
  0
VERTEX
  8
1
 10
113.93
 20
247.79
  0
VERTEX
  8
1
 10
114.19
 20
246.81
  0
VERTEX
  8
1
 10
114.41
 20
245.81
  0
VERTEX
  8
1
 10
114.59
 20
244.81
  0
VERTEX
  8
1
 10
114.73
 20
243.80
  0
VERTEX
  8
1
 10
114.83
 20
242.79
  0
VERTEX
  8
1
 10
114.88
 20
241.78
  0
VERTEX
  8
1
 10
114.89
 20
240.76
  0
VERTEX
  8
1
 10
114.86
 20
239.74
  0
VERTEX
  8
1
 10
114.78
 20
238.62
  0
VERTEX
  8
1
 10
114.66
 20
237.51
  0
VERTEX
  8
1
 10
114.49
 20
236.39
  0
VERTEX
  8
1
 10
114.29
 20
235.29
  0
VERTEX
  8
1
 10
114.04
 20
234.19
  0
VERTEX
  8
1
 10
113.76
 20
233.11
  0
VERTEX
  8
1
 10
113.43
 20
232.03
  0
VERTEX
  8
1
 10
113.06
 20
230.97
  0
VERTEX
  8
1
 10
112.69
 20
229.98
  0
VERTEX
  8
1
 10
112.29
 20
229.01
  0
VERTEX
  8
1
 10
111.85
 20
228.05
  0
VERTEX
  8
1
 10
111.39
 20
227.11
  0
VERTEX
  8
1
 10
110.90
 20
226.18
  0
VERTEX
  8
1
 10
110.38
 20
225.26
  0
VERTEX
  8
1
 10
109.83
 20
224.36
  0
VERTEX
  8
1
 10
109.25
 20
223.48
  0
VERTEX
  8
1
 10
108.46
 20
222.34
  0
VERTEX
  8
1
 10
107.64
 20
221.22
  0
VERTEX
  8
1
 10
106.79
 20
220.11
  0
VERTEX
  8
1
 10
105.92
 20
219.03
  0
VERTEX
  8
1
 10
105.02
 20
217.97
  0
VERTEX
  8
1
 10
104.10
 20
216.93
  0
VERTEX
  8
1
 10
103.16
 20
215.91
  0
VERTEX
  8
1
 10
102.19
 20
214.91
  0
VERTEX
  8
1
 10
100.86
 20
213.24
  0
VERTEX
  8
1
 10
99.56
 20
211.55
  0
VERTEX
  8
1
 10
98.26
 20
209.85
  0
VERTEX
  8
1
 10
96.98
 20
208.14
  0
VERTEX
  8
1
 10
95.72
 20
206.42
  0
VERTEX
  8
1
 10
94.47
 20
204.69
  0
VERTEX
  8
1
 10
93.24
 20
202.94
  0
VERTEX
  8
1
 10
92.03
 20
201.19
  0
VERTEX
  8
1
 10
90.83
 20
199.42
  0
VERTEX
  8
1
 10
89.64
 20
197.65
  0
VERTEX
  8
1
 10
88.47
 20
195.86
  0
VERTEX
  8
1
 10
87.32
 20
194.07
  0
VERTEX
  8
1
 10
86.18
 20
192.26
  0
VERTEX
  8
1
 10
85.06
 20
190.44
  0
VERTEX
  8
1
 10
83.95
 20
188.62
  0
VERTEX
  8
1
 10
82.86
 20
186.78
  0
VERTEX
  8
1
 10
81.79
 20
184.93
  0
VERTEX
  8
1
 10
80.73
 20
183.08
  0
VERTEX
  8
1
 10
79.69
 20
181.22
  0
VERTEX
  8
1
 10
78.66
 20
179.34
  0
VERTEX
  8
1
 10
77.66
 20
177.46
  0
VERTEX
  8
1
 10
76.66
 20
175.57
  0
VERTEX
  8
1
 10
75.69
 20
173.67
  0
VERTEX
  8
1
 10
74.73
 20
171.76
  0
VERTEX
  8
1
 10
73.79
 20
169.85
  0
VERTEX
  8
1
 10
72.87
 20
167.92
  0
VERTEX
  8
1
 10
71.96
 20
165.99
  0
VERTEX
  8
1
 10
71.07
 20
164.05
  0
VERTEX
  8
1
 10
70.20
 20
162.10
  0
VERTEX
  8
1
 10
69.34
 20
160.14
  0
VERTEX
  8
1
 10
68.50
 20
158.18
  0
VERTEX
  8
1
 10
67.68
 20
156.21
  0
VERTEX
  8
1
 10
67.01
 20
154.54
  0
VERTEX
  8
1
 10
66.35
 20
152.87
  0
VERTEX
  8
1
 10
65.71
 20
151.19
  0
VERTEX
  8
1
 10
65.09
 20
149.51
  0
VERTEX
  8
1
 10
64.49
 20
147.82
  0
VERTEX
  8
1
 10
63.90
 20
146.12
  0
VERTEX
  8
1
 10
63.33
 20
144.42
  0
VERTEX
  8
1
 10
62.78
 20
142.71
  0
VERTEX
  8
1
 10
62.25
 20
140.99
  0
VERTEX
  8
1
 10
61.74
 20
139.27
  0
VERTEX
  8
1
 10
61.24
 20
137.54
  0
VERTEX
  8
1
 10
60.76
 20
135.81
  0
VERTEX
  8
1
 10
60.30
 20
134.08
  0
VERTEX
  8
1
 10
59.86
 20
132.33
  0
VERTEX
  8
1
 10
59.44
 20
130.59
  0
VERTEX
  8
1
 10
59.03
 20
128.84
  0
VERTEX
  8
1
 10
58.65
 20
127.09
  0
VERTEX
  8
1
 10
58.28
 20
125.33
  0
VERTEX
  8
1
 10
57.93
 20
123.57
  0
VERTEX
  8
1
 10
57.60
 20
121.80
  0
VERTEX
  8
1
 10
57.29
 20
120.03
  0
VERTEX
  8
1
 10
57.00
 20
118.26
  0
VERTEX
  8
1
 10
56.72
 20
116.48
  0
VERTEX
  8
1
 10
56.46
 20
114.71
  0
VERTEX
  8
1
 10
56.23
 20
112.93
  0
VERTEX
  8
1
 10
56.01
 20
111.14
  0
VERTEX
  8
1
 10
55.81
 20
109.36
  0
VERTEX
  8
1
 10
55.63
 20
107.57
  0
VERTEX
  8
1
 10
55.47
 20
105.78
  0
VERTEX
  8
1
 10
55.32
 20
103.99
  0
VERTEX
  8
1
 10
55.20
 20
102.20
  0
VERTEX
  8
1
 10
55.09
 20
100.41
  0
VERTEX
  8
1
 10
54.65
 20
96.26
  0
VERTEX
  8
1
 10
54.23
 20
92.11
  0
VERTEX
  8
1
 10
53.84
 20
87.96
  0
VERTEX
  8
1
 10
53.48
 20
83.81
  0
VERTEX
  8
1
 10
53.14
 20
79.65
  0
VERTEX
  8
1
 10
52.84
 20
75.49
  0
VERTEX
  8
1
 10
52.56
 20
71.33
  0
VERTEX
  8
1
 10
52.31
 20
67.17
  0
VERTEX
  8
1
 10
51.90
 20
59.78
  0
VERTEX
  8
1
 10
51.53
 20
52.38
  0
VERTEX
  8
1
 10
51.18
 20
44.99
  0
VERTEX
  8
1
 10
50.86
 20
37.59
  0
VERTEX
  8
1
 10
50.57
 20
30.19
  0
VERTEX
  8
1
 10
50.30
 20
22.79
  0
VERTEX
  8
1
 10
50.07
 20
15.39
  0
VERTEX
  8
1
 10
49.87
 20
8.28
  0
VERTEX
  8
1
 10
49.86
 20
7.99
  0
VERTEX
  8
1
 10
50.07
 20
0.59
  0
VERTEX
  8
1
 10
50.30
 20
-6.82
  0
VERTEX
  8
1
 10
50.57
 20
-14.22
  0
VERTEX
  8
1
 10
50.86
 20
-21.61
  0
VERTEX
  8
1
 10
51.18
 20
-29.01
  0
VERTEX
  8
1
 10
51.53
 20
-36.41
  0
VERTEX
  8
1
 10
51.90
 20
-43.80
  0
VERTEX
  8
1
 10
52.31
 20
-51.20
  0
VERTEX
  8
1
 10
52.56
 20
-55.36
  0
VERTEX
  8
1
 10
52.84
 20
-59.52
  0
VERTEX
  8
1
 10
53.14
 20
-63.68
  0
VERTEX
  8
1
 10
53.48
 20
-67.83
  0
VERTEX
  8
1
 10
53.84
 20
-71.99
  0
VERTEX
  8
1
 10
54.23
 20
-76.14
  0
VERTEX
  8
1
 10
54.65
 20
-80.29
  0
VERTEX
  8
1
 10
55.09
 20
-84.44
  0
VERTEX
  8
1
 10
55.20
 20
-86.23
  0
VERTEX
  8
1
 10
55.32
 20
-88.02
  0
VERTEX
  8
1
 10
55.47
 20
-89.81
  0
VERTEX
  8
1
 10
55.63
 20
-91.60
  0
VERTEX
  8
1
 10
55.81
 20
-93.39
  0
VERTEX
  8
1
 10
56.01
 20
-95.17
  0
VERTEX
  8
1
 10
56.23
 20
-96.95
  0
VERTEX
  8
1
 10
56.46
 20
-98.73
  0
VERTEX
  8
1
 10
56.72
 20
-100.51
  0
VERTEX
  8
1
 10
57.00
 20
-102.29
  0
VERTEX
  8
1
 10
57.29
 20
-104.06
  0
VERTEX
  8
1
 10
57.60
 20
-105.83
  0
VERTEX
  8
1
 10
57.93
 20
-107.59
  0
VERTEX
  8
1
 10
58.28
 20
-109.35
  0
VERTEX
  8
1
 10
58.65
 20
-111.11
  0
VERTEX
  8
1
 10
59.03
 20
-112.87
  0
VERTEX
  8
1
 10
59.44
 20
-114.62
  0
VERTEX
  8
1
 10
59.86
 20
-116.36
  0
VERTEX
  8
1
 10
60.30
 20
-118.10
  0
VERTEX
  8
1
 10
60.76
 20
-119.84
  0
VERTEX
  8
1
 10
61.24
 20
-121.57
  0
VERTEX
  8
1
 10
61.74
 20
-123.30
  0
VERTEX
  8
1
 10
62.25
 20
-125.02
  0
VERTEX
  8
1
 10
62.78
 20
-126.73
  0
VERTEX
  8
1
 10
63.33
 20
-128.44
  0
VERTEX
  8
1
 10
63.90
 20
-130.15
  0
VERTEX
  8
1
 10
64.49
 20
-131.84
  0
VERTEX
  8
1
 10
65.09
 20
-133.53
  0
VERTEX
  8
1
 10
65.71
 20
-135.22
  0
VERTEX
  8
1
 10
66.35
 20
-136.90
  0
VERTEX
  8
1
 10
67.01
 20
-138.57
  0
VERTEX
  8
1
 10
67.68
 20
-140.23
  0
VERTEX
  8
1
 10
68.50
 20
-142.21
  0
VERTEX
  8
1
 10
69.34
 20
-144.17
  0
VERTEX
  8
1
 10
70.20
 20
-146.13
  0
VERTEX
  8
1
 10
71.07
 20
-148.07
  0
VERTEX
  8
1
 10
71.96
 20
-150.01
  0
VERTEX
  8
1
 10
72.87
 20
-151.95
  0
VERTEX
  8
1
 10
73.79
 20
-153.87
  0
VERTEX
  8
1
 10
74.73
 20
-155.79
  0
VERTEX
  8
1
 10
75.69
 20
-157.70
  0
VERTEX
  8
1
 10
76.66
 20
-159.60
  0
VERTEX
  8
1
 10
77.66
 20
-161.49
  0
VERTEX
  8
1
 10
78.66
 20
-163.37
  0
VERTEX
  8
1
 10
79.69
 20
-165.24
  0
VERTEX
  8
1
 10
80.73
 20
-167.11
  0
VERTEX
  8
1
 10
81.79
 20
-168.96
  0
VERTEX
  8
1
 10
82.86
 20
-170.81
  0
VERTEX
  8
1
 10
83.95
 20
-172.64
  0
VERTEX
  8
1
 10
85.06
 20
-174.47
  0
VERTEX
  8
1
 10
86.18
 20
-176.29
  0
VERTEX
  8
1
 10
87.32
 20
-178.09
  0
VERTEX
  8
1
 10
88.47
 20
-179.89
  0
VERTEX
  8
1
 10
89.64
 20
-181.67
  0
VERTEX
  8
1
 10
90.83
 20
-183.45
  0
VERTEX
  8
1
 10
92.03
 20
-185.21
  0
VERTEX
  8
1
 10
93.24
 20
-186.97
  0
VERTEX
  8
1
 10
94.48
 20
-188.71
  0
VERTEX
  8
1
 10
95.72
 20
-190.45
  0
VERTEX
  8
1
 10
96.99
 20
-192.17
  0
VERTEX
  8
1
 10
98.26
 20
-193.88
  0
VERTEX
  8
1
 10
99.56
 20
-195.58
  0
VERTEX
  8
1
 10
100.86
 20
-197.26
  0
VERTEX
  8
1
 10
102.14
 20
-198.89
  0
VERTEX
  8
1
 10
103.16
 20
-199.94
  0
VERTEX
  8
1
 10
104.10
 20
-200.95
  0
VERTEX
  8
1
 10
105.02
 20
-202.00
  0
VERTEX
  8
1
 10
105.92
 20
-203.06
  0
VERTEX
  8
1
 10
106.79
 20
-204.14
  0
VERTEX
  8
1
 10
107.64
 20
-205.24
  0
VERTEX
  8
1
 10
108.46
 20
-206.37
  0
VERTEX
  8
1
 10
109.25
 20
-207.51
  0
VERTEX
  8
1
 10
109.83
 20
-208.39
  0
VERTEX
  8
1
 10
110.38
 20
-209.29
  0
VERTEX
  8
1
 10
110.90
 20
-210.20
  0
VERTEX
  8
1
 10
111.39
 20
-211.13
  0
VERTEX
  8
1
 10
111.85
 20
-212.08
  0
VERTEX
  8
1
 10
112.29
 20
-213.04
  0
VERTEX
  8
1
 10
112.69
 20
-214.01
  0
VERTEX
  8
1
 10
113.06
 20
-215.00
  0
VERTEX
  8
1
 10
113.42
 20
-215.95
  0
VERTEX
  8
1
 10
113.73
 20
-216.91
  0
VERTEX
  8
1
 10
114.01
 20
-217.89
  0
VERTEX
  8
1
 10
114.25
 20
-218.88
  0
VERTEX
  8
1
 10
114.45
 20
-219.87
  0
VERTEX
  8
1
 10
114.61
 20
-220.88
  0
VERTEX
  8
1
 10
114.73
 20
-221.88
  0
VERTEX
  8
1
 10
114.81
 20
-222.90
  0
VERTEX
  8
1
 10
114.85
 20
-223.97
  0
VERTEX
  8
1
 10
114.85
 20
-225.05
  0
VERTEX
  8
1
 10
114.81
 20
-226.12
  0
VERTEX
  8
1
 10
114.73
 20
-227.20
  0
VERTEX
  8
1
 10
114.61
 20
-228.27
  0
VERTEX
  8
1
 10
114.45
 20
-229.33
  0
VERTEX
  8
1
 10
114.26
 20
-230.39
  0
VERTEX
  8
1
 10
114.02
 20
-231.44
  0
VERTEX
  8
1
 10
113.71
 20
-232.62
  0
VERTEX
  8
1
 10
113.37
 20
-233.79
  0
VERTEX
  8
1
 10
112.98
 20
-234.94
  0
VERTEX
  8
1
 10
112.54
 20
-236.08
  0
VERTEX
  8
1
 10
112.07
 20
-237.20
  0
VERTEX
  8
1
 10
111.55
 20
-238.30
  0
VERTEX
  8
1
 10
110.99
 20
-239.38
  0
VERTEX
  8
1
 10
110.39
 20
-240.44
  0
VERTEX
  8
1
 10
109.58
 20
-241.76
  0
VERTEX
  8
1
 10
108.74
 20
-243.06
  0
VERTEX
  8
1
 10
107.86
 20
-244.32
  0
VERTEX
  8
1
 10
106.94
 20
-245.57
  0
VERTEX
  8
1
 10
105.98
 20
-246.78
  0
VERTEX
  8
1
 10
104.99
 20
-247.97
  0
VERTEX
  8
1
 10
103.96
 20
-249.12
  0
VERTEX
  8
1
 10
102.90
 20
-250.25
  0
VERTEX
  8
1
 10
95.10
 20
-259.31
  0
VERTEX
  8
1
 10
86.72
 20
-250.78
  0
VERTEX
  8
1
 10
84.43
 20
-248.44
  0
VERTEX
  8
1
 10
82.16
 20
-246.09
  0
VERTEX
  8
1
 10
79.91
 20
-243.71
  0
VERTEX
  8
1
 10
77.68
 20
-241.32
  0
VERTEX
  8
1
 10
75.48
 20
-238.91
  0
VERTEX
  8
1
 10
73.29
 20
-236.48
  0
VERTEX
  8
1
 10
71.13
 20
-234.03
  0
VERTEX
  8
1
 10
68.99
 20
-231.56
  0
VERTEX
  8
1
 10
66.87
 20
-229.07
  0
VERTEX
  8
1
 10
64.77
 20
-226.56
  0
VERTEX
  8
1
 10
62.69
 20
-224.04
  0
VERTEX
  8
1
 10
60.64
 20
-221.50
  0
VERTEX
  8
1
 10
58.60
 20
-218.94
  0
VERTEX
  8
1
 10
56.59
 20
-216.36
  0
VERTEX
  8
1
 10
54.61
 20
-213.76
  0
VERTEX
  8
1
 10
52.64
 20
-211.15
  0
VERTEX
  8
1
 10
50.98
 20
-208.90
  0
VERTEX
  8
1
 10
49.35
 20
-206.63
  0
VERTEX
  8
1
 10
47.74
 20
-204.35
  0
VERTEX
  8
1
 10
46.15
 20
-202.05
  0
VERTEX
  8
1
 10
44.58
 20
-199.74
  0
VERTEX
  8
1
 10
43.04
 20
-197.40
  0
VERTEX
  8
1
 10
41.52
 20
-195.06
  0
VERTEX
  8
1
 10
40.03
 20
-192.69
  0
VERTEX
  8
1
 10
38.56
 20
-190.32
  0
VERTEX
  8
1
 10
37.11
 20
-187.92
  0
VERTEX
  8
1
 10
35.69
 20
-185.52
  0
VERTEX
  8
1
 10
34.29
 20
-183.10
  0
VERTEX
  8
1
 10
32.92
 20
-180.66
  0
VERTEX
  8
1
 10
31.58
 20
-178.21
  0
VERTEX
  8
1
 10
30.26
 20
-175.75
  0
VERTEX
  8
1
 10
28.96
 20
-173.27
  0
VERTEX
  8
1
 10
27.57
 20
-170.50
  0
VERTEX
  8
1
 10
26.22
 20
-167.70
  0
VERTEX
  8
1
 10
24.76
 20
-164.58
  0
VERTEX
  8
1
 10
23.35
 20
-161.44
  0
VERTEX
  8
1
 10
22.24
 20
-158.48
  0
VERTEX
  8
1
 10
21.16
 20
-155.51
  0
VERTEX
  8
1
 10
20.11
 20
-152.53
  0
VERTEX
  8
1
 10
19.10
 20
-149.53
  0
VERTEX
  8
1
 10
18.11
 20
-146.51
  0
VERTEX
  8
1
 10
17.16
 20
-143.47
  0
VERTEX
  8
1
 10
16.24
 20
-140.42
  0
VERTEX
  8
1
 10
15.36
 20
-137.37
  0
VERTEX
  8
1
 10
14.58
 20
-134.56
  0
VERTEX
  8
1
 10
13.84
 20
-131.74
  0
VERTEX
  8
1
 10
13.11
 20
-128.92
  0
VERTEX
  8
1
 10
12.41
 20
-126.09
  0
VERTEX
  8
1
 10
11.73
 20
-123.25
  0
VERTEX
  8
1
 10
11.08
 20
-120.41
  0
VERTEX
  8
1
 10
10.45
 20
-117.57
  0
VERTEX
  8
1
 10
9.84
 20
-114.72
  0
VERTEX
  8
1
 10
9.22
 20
-111.67
  0
VERTEX
  8
1
 10
8.62
 20
-108.62
  0
VERTEX
  8
1
 10
8.04
 20
-105.57
  0
VERTEX
  8
1
 10
7.49
 20
-102.51
  0
VERTEX
  8
1
 10
6.96
 20
-99.44
  0
VERTEX
  8
1
 10
6.45
 20
-96.38
  0
VERTEX
  8
1
 10
5.97
 20
-93.31
  0
VERTEX
  8
1
 10
5.51
 20
-90.23
  0
VERTEX
  8
1
 10
4.84
 20
-84.40
  0
VERTEX
  8
1
 10
4.22
 20
-78.56
  0
VERTEX
  8
1
 10
3.64
 20
-72.71
  0
VERTEX
  8
1
 10
3.11
 20
-66.86
  0
VERTEX
  8
1
 10
2.63
 20
-61.01
  0
VERTEX
  8
1
 10
2.18
 20
-55.15
  0
VERTEX
  8
1
 10
1.79
 20
-49.29
  0
VERTEX
  8
1
 10
1.44
 20
-43.43
  0
VERTEX
  8
1
 10
1.10
 20
-37.01
  0
VERTEX
  8
1
 10
0.81
 20
-30.59
  0
VERTEX
  8
1
 10
0.56
 20
-24.17
  0
VERTEX
  8
1
 10
0.36
 20
-17.75
  0
VERTEX
  8
1
 10
0.21
 20
-11.32
  0
VERTEX
  8
1
 10
0.10
 20
-4.90
  0
VERTEX
  8
1
 10
0.03
 20
1.53
  0
SEQEND
  0
POINT
  8
2
 10
0.01
 20
7.96
  0
TEXT
  8
1
 10
0.01
 20
7.96
 40
8.00
  1
# 60
  0
POINT
  8
3
 10
0.03
 20
14.43
  0
POINT
  8
3
 10
0.10
 20
20.86
  0
POINT
  8
3
 10
0.21
 20
27.28
  0
POINT
  8
3
 10
0.36
 20
33.71
  0
POINT
  8
3
 10
0.56
 20
40.14
  0
POINT
  8
3
 10
0.81
 20
46.56
  0
POINT
  8
3
 10
1.10
 20
52.99
  0
POINT
  8
3
 10
1.44
 20
59.41
  0
TEXT
  8
1
 10
1.44
 20
59.41
 40
8.00
  1
# 61
  0
POINT
  8
3
 10
1.79
 20
65.27
  0
POINT
  8
3
 10
2.18
 20
71.13
  0
POINT
  8
3
 10
2.63
 20
76.98
  0
POINT
  8
3
 10
3.11
 20
82.84
  0
POINT
  8
3
 10
3.64
 20
88.69
  0
POINT
  8
3
 10
4.22
 20
94.53
  0
POINT
  8
3
 10
4.84
 20
100.37
  0
POINT
  8
3
 10
5.49
 20
106.02
  0
TEXT
  8
1
 10
5.49
 20
106.02
 40
8.00
  1
# 62
  0
POINT
  8
3
 10
5.51
 20
106.20
  0
POINT
  8
3
 10
5.97
 20
109.28
  0
POINT
  8
3
 10
6.45
 20
112.35
  0
POINT
  8
3
 10
6.96
 20
115.42
  0
POINT
  8
3
 10
7.49
 20
118.48
  0
POINT
  8
3
 10
8.04
 20
121.54
  0
POINT
  8
3
 10
8.62
 20
124.59
  0
POINT
  8
3
 10
9.22
 20
127.64
  0
POINT
  8
3
 10
9.84
 20
130.69
  0
TEXT
  8
1
 10
9.84
 20
130.69
 40
8.00
  1
# 63
  0
POINT
  8
3
 10
10.45
 20
133.54
  0
POINT
  8
3
 10
11.08
 20
136.39
  0
POINT
  8
3
 10
11.73
 20
139.23
  0
POINT
  8
3
 10
12.41
 20
142.06
  0
POINT
  8
3
 10
13.11
 20
144.89
  0
POINT
  8
3
 10
13.84
 20
147.71
  0
POINT
  8
3
 10
14.58
 20
150.53
  0
POINT
  8
3
 10
15.36
 20
153.34
  0
TEXT
  8
1
 10
15.36
 20
153.34
 40
8.00
  1
# 64
  0
POINT
  8
3
 10
16.24
 20
156.40
  0
POINT
  8
3
 10
17.16
 20
159.44
  0
POINT
  8
3
 10
18.11
 20
162.48
  0
POINT
  8
3
 10
19.10
 20
165.51
  0
TEXT
  8
1
 10
19.10
 20
165.51
 40
8.00
  1
# 65
  0
POINT
  8
3
 10
20.11
 20
168.50
  0
POINT
  8
3
 10
21.16
 20
171.48
  0
POINT
  8
3
 10
22.24
 20
174.45
  0
POINT
  8
3
 10
23.35
 20
177.41
  0
TEXT
  8
1
 10
23.35
 20
177.41
 40
8.00
  1
# 66
  0
POINT
  8
3
 10
24.76
 20
180.55
  0
POINT
  8
3
 10
26.22
 20
183.68
  0
TEXT
  8
1
 10
26.22
 20
183.68
 40
8.00
  1
# 67
  0
POINT
  8
3
 10
27.57
 20
186.47
  0
POINT
  8
3
 10
28.96
 20
189.24
  0
TEXT
  8
1
 10
28.96
 20
189.24
 40
8.00
  1
# 68
  0
POINT
  8
3
 10
30.26
 20
191.72
  0
POINT
  8
3
 10
31.58
 20
194.18
  0
POINT
  8
3
 10
32.92
 20
196.63
  0
POINT
  8
3
 10
34.29
 20
199.07
  0
POINT
  8
3
 10
35.69
 20
201.49
  0
POINT
  8
3
 10
37.11
 20
203.90
  0
POINT
  8
3
 10
38.56
 20
206.29
  0
POINT
  8
3
 10
40.03
 20
208.67
  0
POINT
  8
3
 10
41.52
 20
211.03
  0
POINT
  8
3
 10
43.04
 20
213.38
  0
POINT
  8
3
 10
44.58
 20
215.71
  0
POINT
  8
3
 10
46.15
 20
218.02
  0
POINT
  8
3
 10
47.74
 20
220.32
  0
POINT
  8
3
 10
49.35
 20
222.61
  0
POINT
  8
3
 10
50.98
 20
224.87
  0
POINT
  8
3
 10
52.64
 20
227.12
  0
TEXT
  8
1
 10
52.64
 20
227.12
 40
8.00
  1
# 69
  0
POINT
  8
3
 10
54.61
 20
229.74
  0
POINT
  8
3
 10
56.59
 20
232.33
  0
POINT
  8
3
 10
58.60
 20
234.91
  0
POINT
  8
3
 10
60.64
 20
237.47
  0
POINT
  8
3
 10
62.69
 20
240.01
  0
POINT
  8
3
 10
64.77
 20
242.54
  0
POINT
  8
3
 10
66.87
 20
245.04
  0
POINT
  8
3
 10
68.99
 20
247.53
  0
POINT
  8
3
 10
71.13
 20
250.00
  0
POINT
  8
3
 10
73.29
 20
252.45
  0
POINT
  8
3
 10
75.48
 20
254.88
  0
POINT
  8
3
 10
77.68
 20
257.29
  0
POINT
  8
3
 10
79.91
 20
259.69
  0
POINT
  8
3
 10
82.16
 20
262.06
  0
POINT
  8
3
 10
84.43
 20
264.41
  0
POINT
  8
3
 10
86.72
 20
266.75
  0
TEXT
  8
1
 10
86.72
 20
266.75
 40
8.00
  1
# 70
  0
POINT
  8
2
 10
95.12
 20
275.31
  0
TEXT
  8
1
 10
95.12
 20
275.31
 40
8.00
  1
# 71
  0
POINT
  8
3
 10
102.92
 20
266.20
  0
TEXT
  8
1
 10
102.92
 20
266.20
 40
8.00
  1
# 72
  0
POINT
  8
3
 10
103.98
 20
265.03
  0
POINT
  8
3
 10
105.02
 20
263.84
  0
POINT
  8
3
 10
106.03
 20
262.63
  0
POINT
  8
3
 10
107.02
 20
261.40
  0
TEXT
  8
1
 10
107.02
 20
261.40
 40
8.00
  1
# 73
  0
POINT
  8
3
 10
107.71
 20
260.50
  0
POINT
  8
3
 10
108.38
 20
259.58
  0
POINT
  8
3
 10
109.02
 20
258.65
  0
POINT
  8
3
 10
109.63
 20
257.70
  0
TEXT
  8
1
 10
109.63
 20
257.70
 40
8.00
  1
# 74
  0
POINT
  8
3
 10
110.35
 20
256.48
  0
POINT
  8
3
 10
111.02
 20
255.24
  0
POINT
  8
3
 10
111.65
 20
253.97
  0
POINT
  8
3
 10
112.24
 20
252.69
  0
TEXT
  8
1
 10
112.24
 20
252.69
 40
8.00
  1
# 75
  0
POINT
  8
3
 10
112.73
 20
251.49
  0
POINT
  8
3
 10
113.18
 20
250.27
  0
POINT
  8
3
 10
113.58
 20
249.04
  0
POINT
  8
3
 10
113.93
 20
247.79
  0
TEXT
  8
1
 10
113.93
 20
247.79
 40
8.00
  1
# 76
  0
POINT
  8
3
 10
114.19
 20
246.81
  0
POINT
  8
3
 10
114.41
 20
245.81
  0
POINT
  8
3
 10
114.59
 20
244.81
  0
POINT
  8
3
 10
114.73
 20
243.80
  0
POINT
  8
3
 10
114.83
 20
242.79
  0
POINT
  8
3
 10
114.88
 20
241.78
  0
POINT
  8
3
 10
114.89
 20
240.76
  0
POINT
  8
3
 10
114.86
 20
239.74
  0
TEXT
  8
1
 10
114.86
 20
239.74
 40
8.00
  1
# 77
  0
POINT
  8
3
 10
114.78
 20
238.62
  0
POINT
  8
3
 10
114.66
 20
237.51
  0
POINT
  8
3
 10
114.49
 20
236.39
  0
POINT
  8
3
 10
114.29
 20
235.29
  0
POINT
  8
3
 10
114.04
 20
234.19
  0
POINT
  8
3
 10
113.76
 20
233.11
  0
POINT
  8
3
 10
113.43
 20
232.03
  0
POINT
  8
3
 10
113.06
 20
230.97
  0
TEXT
  8
1
 10
113.06
 20
230.97
 40
8.00
  1
# 78
  0
POINT
  8
3
 10
112.69
 20
229.98
  0
POINT
  8
3
 10
112.29
 20
229.01
  0
POINT
  8
3
 10
111.85
 20
228.05
  0
POINT
  8
3
 10
111.39
 20
227.11
  0
POINT
  8
3
 10
110.90
 20
226.18
  0
POINT
  8
3
 10
110.38
 20
225.26
  0
POINT
  8
3
 10
109.83
 20
224.36
  0
POINT
  8
3
 10
109.25
 20
223.48
  0
TEXT
  8
1
 10
109.25
 20
223.48
 40
8.00
  1
# 79
  0
POINT
  8
3
 10
108.46
 20
222.34
  0
POINT
  8
3
 10
107.64
 20
221.22
  0
POINT
  8
3
 10
106.79
 20
220.11
  0
POINT
  8
3
 10
105.92
 20
219.03
  0
POINT
  8
3
 10
105.02
 20
217.97
  0
POINT
  8
3
 10
104.10
 20
216.93
  0
POINT
  8
3
 10
103.16
 20
215.91
  0
POINT
  8
3
 10
102.19
 20
214.91
  0
TEXT
  8
1
 10
102.19
 20
214.91
 40
8.00
  1
# 80
  0
POINT
  8
3
 10
100.86
 20
213.24
  0
POINT
  8
3
 10
99.56
 20
211.55
  0
POINT
  8
3
 10
98.26
 20
209.85
  0
POINT
  8
3
 10
96.98
 20
208.14
  0
POINT
  8
3
 10
95.72
 20
206.42
  0
POINT
  8
3
 10
94.47
 20
204.69
  0
POINT
  8
3
 10
93.24
 20
202.94
  0
POINT
  8
3
 10
92.03
 20
201.19
  0
POINT
  8
3
 10
90.83
 20
199.42
  0
POINT
  8
3
 10
89.64
 20
197.65
  0
POINT
  8
3
 10
88.47
 20
195.86
  0
POINT
  8
3
 10
87.32
 20
194.07
  0
POINT
  8
3
 10
86.18
 20
192.26
  0
POINT
  8
3
 10
85.06
 20
190.44
  0
POINT
  8
3
 10
83.95
 20
188.62
  0
POINT
  8
3
 10
82.86
 20
186.78
  0
POINT
  8
3
 10
81.79
 20
184.93
  0
POINT
  8
3
 10
80.73
 20
183.08
  0
POINT
  8
3
 10
79.69
 20
181.22
  0
POINT
  8
3
 10
78.66
 20
179.34
  0
POINT
  8
3
 10
77.66
 20
177.46
  0
POINT
  8
3
 10
76.66
 20
175.57
  0
POINT
  8
3
 10
75.69
 20
173.67
  0
POINT
  8
3
 10
74.73
 20
171.76
  0
POINT
  8
3
 10
73.79
 20
169.85
  0
POINT
  8
3
 10
72.87
 20
167.92
  0
POINT
  8
3
 10
71.96
 20
165.99
  0
POINT
  8
3
 10
71.07
 20
164.05
  0
POINT
  8
3
 10
70.20
 20
162.10
  0
POINT
  8
3
 10
69.34
 20
160.14
  0
POINT
  8
3
 10
68.50
 20
158.18
  0
POINT
  8
3
 10
67.68
 20
156.21
  0
TEXT
  8
1
 10
67.68
 20
156.21
 40
8.00
  1
# 81
  0
POINT
  8
3
 10
67.01
 20
154.54
  0
POINT
  8
3
 10
66.35
 20
152.87
  0
POINT
  8
3
 10
65.71
 20
151.19
  0
POINT
  8
3
 10
65.09
 20
149.51
  0
POINT
  8
3
 10
64.49
 20
147.82
  0
POINT
  8
3
 10
63.90
 20
146.12
  0
POINT
  8
3
 10
63.33
 20
144.42
  0
POINT
  8
3
 10
62.78
 20
142.71
  0
POINT
  8
3
 10
62.25
 20
140.99
  0
POINT
  8
3
 10
61.74
 20
139.27
  0
POINT
  8
3
 10
61.24
 20
137.54
  0
POINT
  8
3
 10
60.76
 20
135.81
  0
POINT
  8
3
 10
60.30
 20
134.08
  0
POINT
  8
3
 10
59.86
 20
132.33
  0
POINT
  8
3
 10
59.44
 20
130.59
  0
POINT
  8
3
 10
59.03
 20
128.84
  0
POINT
  8
3
 10
58.65
 20
127.09
  0
POINT
  8
3
 10
58.28
 20
125.33
  0
POINT
  8
3
 10
57.93
 20
123.57
  0
POINT
  8
3
 10
57.60
 20
121.80
  0
POINT
  8
3
 10
57.29
 20
120.03
  0
POINT
  8
3
 10
57.00
 20
118.26
  0
POINT
  8
3
 10
56.72
 20
116.48
  0
POINT
  8
3
 10
56.46
 20
114.71
  0
POINT
  8
3
 10
56.23
 20
112.93
  0
POINT
  8
3
 10
56.01
 20
111.14
  0
POINT
  8
3
 10
55.81
 20
109.36
  0
POINT
  8
3
 10
55.63
 20
107.57
  0
POINT
  8
3
 10
55.47
 20
105.78
  0
POINT
  8
3
 10
55.32
 20
103.99
  0
POINT
  8
3
 10
55.20
 20
102.20
  0
POINT
  8
3
 10
55.09
 20
100.41
  0
TEXT
  8
1
 10
55.09
 20
100.41
 40
8.00
  1
# 82
  0
POINT
  8
3
 10
54.65
 20
96.26
  0
POINT
  8
3
 10
54.23
 20
92.11
  0
POINT
  8
3
 10
53.84
 20
87.96
  0
POINT
  8
3
 10
53.48
 20
83.81
  0
POINT
  8
3
 10
53.14
 20
79.65
  0
POINT
  8
3
 10
52.84
 20
75.49
  0
POINT
  8
3
 10
52.56
 20
71.33
  0
POINT
  8
3
 10
52.31
 20
67.17
  0
TEXT
  8
1
 10
52.31
 20
67.17
 40
8.00
  1
# 83
  0
POINT
  8
3
 10
51.90
 20
59.78
  0
POINT
  8
3
 10
51.53
 20
52.38
  0
POINT
  8
3
 10
51.18
 20
44.99
  0
POINT
  8
3
 10
50.86
 20
37.59
  0
POINT
  8
3
 10
50.57
 20
30.19
  0
POINT
  8
3
 10
50.30
 20
22.79
  0
POINT
  8
3
 10
50.07
 20
15.39
  0
POINT
  8
3
 10
49.87
 20
8.28
  0
TEXT
  8
1
 10
49.87
 20
8.28
 40
8.00
  1
# 84
  0
POINT
  8
3
 10
49.86
 20
7.99
  0
POINT
  8
3
 10
50.07
 20
0.59
  0
POINT
  8
3
 10
50.30
 20
-6.82
  0
POINT
  8
3
 10
50.57
 20
-14.22
  0
POINT
  8
3
 10
50.86
 20
-21.61
  0
POINT
  8
3
 10
51.18
 20
-29.01
  0
POINT
  8
3
 10
51.53
 20
-36.41
  0
POINT
  8
3
 10
51.90
 20
-43.80
  0
POINT
  8
3
 10
52.31
 20
-51.20
  0
TEXT
  8
1
 10
52.31
 20
-51.20
 40
8.00
  1
# 85
  0
POINT
  8
3
 10
52.56
 20
-55.36
  0
POINT
  8
3
 10
52.84
 20
-59.52
  0
POINT
  8
3
 10
53.14
 20
-63.68
  0
POINT
  8
3
 10
53.48
 20
-67.83
  0
POINT
  8
3
 10
53.84
 20
-71.99
  0
POINT
  8
3
 10
54.23
 20
-76.14
  0
POINT
  8
3
 10
54.65
 20
-80.29
  0
POINT
  8
3
 10
55.09
 20
-84.44
  0
TEXT
  8
1
 10
55.09
 20
-84.44
 40
8.00
  1
# 86
  0
POINT
  8
3
 10
55.20
 20
-86.23
  0
POINT
  8
3
 10
55.32
 20
-88.02
  0
POINT
  8
3
 10
55.47
 20
-89.81
  0
POINT
  8
3
 10
55.63
 20
-91.60
  0
POINT
  8
3
 10
55.81
 20
-93.39
  0
POINT
  8
3
 10
56.01
 20
-95.17
  0
POINT
  8
3
 10
56.23
 20
-96.95
  0
POINT
  8
3
 10
56.46
 20
-98.73
  0
POINT
  8
3
 10
56.72
 20
-100.51
  0
POINT
  8
3
 10
57.00
 20
-102.29
  0
POINT
  8
3
 10
57.29
 20
-104.06
  0
POINT
  8
3
 10
57.60
 20
-105.83
  0
POINT
  8
3
 10
57.93
 20
-107.59
  0
POINT
  8
3
 10
58.28
 20
-109.35
  0
POINT
  8
3
 10
58.65
 20
-111.11
  0
POINT
  8
3
 10
59.03
 20
-112.87
  0
POINT
  8
3
 10
59.44
 20
-114.62
  0
POINT
  8
3
 10
59.86
 20
-116.36
  0
POINT
  8
3
 10
60.30
 20
-118.10
  0
POINT
  8
3
 10
60.76
 20
-119.84
  0
POINT
  8
3
 10
61.24
 20
-121.57
  0
POINT
  8
3
 10
61.74
 20
-123.30
  0
POINT
  8
3
 10
62.25
 20
-125.02
  0
POINT
  8
3
 10
62.78
 20
-126.73
  0
POINT
  8
3
 10
63.33
 20
-128.44
  0
POINT
  8
3
 10
63.90
 20
-130.15
  0
POINT
  8
3
 10
64.49
 20
-131.84
  0
POINT
  8
3
 10
65.09
 20
-133.53
  0
POINT
  8
3
 10
65.71
 20
-135.22
  0
POINT
  8
3
 10
66.35
 20
-136.90
  0
POINT
  8
3
 10
67.01
 20
-138.57
  0
POINT
  8
3
 10
67.68
 20
-140.23
  0
TEXT
  8
1
 10
67.68
 20
-140.23
 40
8.00
  1
# 87
  0
POINT
  8
3
 10
68.50
 20
-142.21
  0
POINT
  8
3
 10
69.34
 20
-144.17
  0
POINT
  8
3
 10
70.20
 20
-146.13
  0
POINT
  8
3
 10
71.07
 20
-148.07
  0
POINT
  8
3
 10
71.96
 20
-150.01
  0
POINT
  8
3
 10
72.87
 20
-151.95
  0
POINT
  8
3
 10
73.79
 20
-153.87
  0
POINT
  8
3
 10
74.73
 20
-155.79
  0
POINT
  8
3
 10
75.69
 20
-157.70
  0
POINT
  8
3
 10
76.66
 20
-159.60
  0
POINT
  8
3
 10
77.66
 20
-161.49
  0
POINT
  8
3
 10
78.66
 20
-163.37
  0
POINT
  8
3
 10
79.69
 20
-165.24
  0
POINT
  8
3
 10
80.73
 20
-167.11
  0
POINT
  8
3
 10
81.79
 20
-168.96
  0
POINT
  8
3
 10
82.86
 20
-170.81
  0
POINT
  8
3
 10
83.95
 20
-172.64
  0
POINT
  8
3
 10
85.06
 20
-174.47
  0
POINT
  8
3
 10
86.18
 20
-176.29
  0
POINT
  8
3
 10
87.32
 20
-178.09
  0
POINT
  8
3
 10
88.47
 20
-179.89
  0
POINT
  8
3
 10
89.64
 20
-181.67
  0
POINT
  8
3
 10
90.83
 20
-183.45
  0
POINT
  8
3
 10
92.03
 20
-185.21
  0
POINT
  8
3
 10
93.24
 20
-186.97
  0
POINT
  8
3
 10
94.48
 20
-188.71
  0
POINT
  8
3
 10
95.72
 20
-190.45
  0
POINT
  8
3
 10
96.99
 20
-192.17
  0
POINT
  8
3
 10
98.26
 20
-193.88
  0
POINT
  8
3
 10
99.56
 20
-195.58
  0
POINT
  8
3
 10
100.86
 20
-197.26
  0
POINT
  8
3
 10
102.14
 20
-198.89
  0
TEXT
  8
1
 10
102.14
 20
-198.89
 40
8.00
  1
# 88
  0
POINT
  8
3
 10
103.16
 20
-199.94
  0
POINT
  8
3
 10
104.10
 20
-200.95
  0
POINT
  8
3
 10
105.02
 20
-202.00
  0
POINT
  8
3
 10
105.92
 20
-203.06
  0
POINT
  8
3
 10
106.79
 20
-204.14
  0
POINT
  8
3
 10
107.64
 20
-205.24
  0
POINT
  8
3
 10
108.46
 20
-206.37
  0
POINT
  8
3
 10
109.25
 20
-207.51
  0
TEXT
  8
1
 10
109.25
 20
-207.51
 40
8.00
  1
# 89
  0
POINT
  8
3
 10
109.83
 20
-208.39
  0
POINT
  8
3
 10
110.38
 20
-209.29
  0
POINT
  8
3
 10
110.90
 20
-210.20
  0
POINT
  8
3
 10
111.39
 20
-211.13
  0
POINT
  8
3
 10
111.85
 20
-212.08
  0
POINT
  8
3
 10
112.29
 20
-213.04
  0
POINT
  8
3
 10
112.69
 20
-214.01
  0
POINT
  8
3
 10
113.06
 20
-215.00
  0
TEXT
  8
1
 10
113.06
 20
-215.00
 40
8.00
  1
# 90
  0
POINT
  8
3
 10
113.42
 20
-215.95
  0
POINT
  8
3
 10
113.73
 20
-216.91
  0
POINT
  8
3
 10
114.01
 20
-217.89
  0
POINT
  8
3
 10
114.25
 20
-218.88
  0
POINT
  8
3
 10
114.45
 20
-219.87
  0
POINT
  8
3
 10
114.61
 20
-220.88
  0
POINT
  8
3
 10
114.73
 20
-221.88
  0
POINT
  8
3
 10
114.81
 20
-222.90
  0
TEXT
  8
1
 10
114.81
 20
-222.90
 40
8.00
  1
# 91
  0
POINT
  8
3
 10
114.85
 20
-223.97
  0
POINT
  8
3
 10
114.85
 20
-225.05
  0
POINT
  8
3
 10
114.81
 20
-226.12
  0
POINT
  8
3
 10
114.73
 20
-227.20
  0
POINT
  8
3
 10
114.61
 20
-228.27
  0
POINT
  8
3
 10
114.45
 20
-229.33
  0
POINT
  8
3
 10
114.26
 20
-230.39
  0
POINT
  8
3
 10
114.02
 20
-231.44
  0
TEXT
  8
1
 10
114.02
 20
-231.44
 40
8.00
  1
# 92
  0
POINT
  8
3
 10
113.71
 20
-232.62
  0
POINT
  8
3
 10
113.37
 20
-233.79
  0
POINT
  8
3
 10
112.98
 20
-234.94
  0
POINT
  8
3
 10
112.54
 20
-236.08
  0
POINT
  8
3
 10
112.07
 20
-237.20
  0
POINT
  8
3
 10
111.55
 20
-238.30
  0
POINT
  8
3
 10
110.99
 20
-239.38
  0
POINT
  8
3
 10
110.39
 20
-240.44
  0
TEXT
  8
1
 10
110.39
 20
-240.44
 40
8.00
  1
# 93
  0
POINT
  8
3
 10
109.58
 20
-241.76
  0
POINT
  8
3
 10
108.74
 20
-243.06
  0
POINT
  8
3
 10
107.86
 20
-244.32
  0
POINT
  8
3
 10
106.94
 20
-245.57
  0
POINT
  8
3
 10
105.98
 20
-246.78
  0
POINT
  8
3
 10
104.99
 20
-247.97
  0
POINT
  8
3
 10
103.96
 20
-249.12
  0
POINT
  8
3
 10
102.90
 20
-250.25
  0
TEXT
  8
1
 10
102.90
 20
-250.25
 40
8.00
  1
# 94
  0
POINT
  8
2
 10
95.10
 20
-259.31
  0
TEXT
  8
1
 10
95.10
 20
-259.31
 40
8.00
  1
# 95
  0
POINT
  8
3
 10
86.72
 20
-250.78
  0
TEXT
  8
1
 10
86.72
 20
-250.78
 40
8.00
  1
# 96
  0
POINT
  8
3
 10
84.43
 20
-248.44
  0
POINT
  8
3
 10
82.16
 20
-246.09
  0
POINT
  8
3
 10
79.91
 20
-243.71
  0
POINT
  8
3
 10
77.68
 20
-241.32
  0
POINT
  8
3
 10
75.48
 20
-238.91
  0
POINT
  8
3
 10
73.29
 20
-236.48
  0
POINT
  8
3
 10
71.13
 20
-234.03
  0
POINT
  8
3
 10
68.99
 20
-231.56
  0
POINT
  8
3
 10
66.87
 20
-229.07
  0
POINT
  8
3
 10
64.77
 20
-226.56
  0
POINT
  8
3
 10
62.69
 20
-224.04
  0
POINT
  8
3
 10
60.64
 20
-221.50
  0
POINT
  8
3
 10
58.60
 20
-218.94
  0
POINT
  8
3
 10
56.59
 20
-216.36
  0
POINT
  8
3
 10
54.61
 20
-213.76
  0
POINT
  8
3
 10
52.64
 20
-211.15
  0
TEXT
  8
1
 10
52.64
 20
-211.15
 40
8.00
  1
# 97
  0
POINT
  8
3
 10
50.98
 20
-208.90
  0
POINT
  8
3
 10
49.35
 20
-206.63
  0
POINT
  8
3
 10
47.74
 20
-204.35
  0
POINT
  8
3
 10
46.15
 20
-202.05
  0
POINT
  8
3
 10
44.58
 20
-199.74
  0
POINT
  8
3
 10
43.04
 20
-197.40
  0
POINT
  8
3
 10
41.52
 20
-195.06
  0
POINT
  8
3
 10
40.03
 20
-192.69
  0
POINT
  8
3
 10
38.56
 20
-190.32
  0
POINT
  8
3
 10
37.11
 20
-187.92
  0
POINT
  8
3
 10
35.69
 20
-185.52
  0
POINT
  8
3
 10
34.29
 20
-183.10
  0
POINT
  8
3
 10
32.92
 20
-180.66
  0
POINT
  8
3
 10
31.58
 20
-178.21
  0
POINT
  8
3
 10
30.26
 20
-175.75
  0
POINT
  8
3
 10
28.96
 20
-173.27
  0
TEXT
  8
1
 10
28.96
 20
-173.27
 40
8.00
  1
# 98
  0
POINT
  8
3
 10
27.57
 20
-170.50
  0
POINT
  8
3
 10
26.22
 20
-167.70
  0
TEXT
  8
1
 10
26.22
 20
-167.70
 40
8.00
  1
# 99
  0
POINT
  8
3
 10
24.76
 20
-164.58
  0
POINT
  8
3
 10
23.35
 20
-161.44
  0
TEXT
  8
1
 10
23.35
 20
-161.44
 40
8.00
  1
# 100
  0
POINT
  8
3
 10
22.24
 20
-158.48
  0
POINT
  8
3
 10
21.16
 20
-155.51
  0
POINT
  8
3
 10
20.11
 20
-152.53
  0
POINT
  8
3
 10
19.10
 20
-149.53
  0
TEXT
  8
1
 10
19.10
 20
-149.53
 40
8.00
  1
# 101
  0
POINT
  8
3
 10
18.11
 20
-146.51
  0
POINT
  8
3
 10
17.16
 20
-143.47
  0
POINT
  8
3
 10
16.24
 20
-140.42
  0
POINT
  8
3
 10
15.36
 20
-137.37
  0
TEXT
  8
1
 10
15.36
 20
-137.37
 40
8.00
  1
# 102
  0
POINT
  8
3
 10
14.58
 20
-134.56
  0
POINT
  8
3
 10
13.84
 20
-131.74
  0
POINT
  8
3
 10
13.11
 20
-128.92
  0
POINT
  8
3
 10
12.41
 20
-126.09
  0
POINT
  8
3
 10
11.73
 20
-123.25
  0
POINT
  8
3
 10
11.08
 20
-120.41
  0
POINT
  8
3
 10
10.45
 20
-117.57
  0
POINT
  8
3
 10
9.84
 20
-114.72
  0
TEXT
  8
1
 10
9.84
 20
-114.72
 40
8.00
  1
# 103
  0
POINT
  8
3
 10
9.22
 20
-111.67
  0
POINT
  8
3
 10
8.62
 20
-108.62
  0
POINT
  8
3
 10
8.04
 20
-105.57
  0
POINT
  8
3
 10
7.49
 20
-102.51
  0
POINT
  8
3
 10
6.96
 20
-99.44
  0
POINT
  8
3
 10
6.45
 20
-96.38
  0
POINT
  8
3
 10
5.97
 20
-93.31
  0
POINT
  8
2
 10
5.51
 20
-90.23
  0
TEXT
  8
1
 10
5.51
 20
-90.23
 40
8.00
  1
# 104
  0
POINT
  8
2
 10
5.51
 20
-90.23
  0
TEXT
  8
1
 10
5.51
 20
-90.23
 40
8.00
  1
# 105
  0
POINT
  8
3
 10
4.84
 20
-84.40
  0
POINT
  8
3
 10
4.22
 20
-78.56
  0
POINT
  8
3
 10
3.64
 20
-72.71
  0
POINT
  8
3
 10
3.11
 20
-66.86
  0
POINT
  8
3
 10
2.63
 20
-61.01
  0
POINT
  8
3
 10
2.18
 20
-55.15
  0
POINT
  8
3
 10
1.79
 20
-49.29
  0
POINT
  8
3
 10
1.44
 20
-43.43
  0
TEXT
  8
1
 10
1.44
 20
-43.43
 40
8.00
  1
# 106
  0
POINT
  8
3
 10
1.10
 20
-37.01
  0
POINT
  8
3
 10
0.81
 20
-30.59
  0
POINT
  8
3
 10
0.56
 20
-24.17
  0
POINT
  8
3
 10
0.36
 20
-17.75
  0
POINT
  8
3
 10
0.21
 20
-11.32
  0
POINT
  8
3
 10
0.10
 20
-4.90
  0
POINT
  8
3
 10
0.03
 20
1.53
  0
POINT
  8
2
 10
0.01
 20
7.96
  0
TEXT
  8
1
 10
0.01
 20
7.96
 40
8.00
  1
# 60
  0
POINT
  8
13
 10
81.11
 20
227.31
  0
TEXT
  8
13
 10
81.11
 20
227.31
 40
8.00
  1
# 107
  0
POINT
  8
13
 10
94.69
 20
242.34
  0
TEXT
  8
13
 10
94.69
 20
242.34
 40
8.00
  1
# 108
  0
TEXT
  8
19
 10
27.97
 20
-37.79
 40
4.00
  1
ALL RAW
 50
-88.71
 51
-0.00
  0
TEXT
  8
4
 10
5.49
 20
106.02
 40
8.00
  1
# 109
  0
POINT
  8
4
 10
5.49
 20
106.02
 30
10.00
 50
-6.488495
  0
TEXT
  8
4
 10
102.19
 20
214.91
 40
8.00
  1
# 110
  0
POINT
  8
4
 10
102.19
 20
214.91
 30
10.00
 50
140.801367
  0
TEXT
  8
4
 10
49.87
 20
8.28
 40
8.00
  1
# 111
  0
POINT
  8
4
 10
49.87
 20
8.28
 30
10.00
 50
-178.50002
  0
TEXT
  8
4
 10
102.14
 20
-198.89
 40
8.00
  1
# 112
  0
POINT
  8
4
 10
102.14
 20
-198.89
 30
10.00
 50
-140.801367
  0
TEXT
  8
4
 10
5.51
 20
-90.23
 40
8.00
  1
# 113
  0
POINT
  8
4
 10
5.51
 20
-90.23
 30
10.00
 50
6.488491
  0
TEXT
  8
4
 10
0.01
 20
7.96
 40
8.00
  1
# 114
  0
POINT
  8
4
 10
0.01
 20
7.96
 30
10.00
 50
0.091693
  0
TEXT
  8
1
 10
0.01
 20
-279.31
 40
8.00
  1
Piece Name: BIND
  0
TEXT
  8
1
 10
0.01
 20
-289.31
 40
8.00
  1
Size: S
  0
TEXT
  8
1
 10
0.01
 20
-299.31
 40
8.00
  1
Annotation: ORFATTI PROD(4 FEB26)
  0
TEXT
  8
1
 10
0.01
 20
-309.31
 40
8.00
  1
Quantity: 1
  0
TEXT
  8
1
 10
0.01
 20
-319.31
 40
8.00
  1
Category: X 2
  0
ENDBLK
  0
BLOCK
  2
CLRS
  8
1
 10
0.00
 20
0.00
 70
64
  0
POLYLINE
  8
14
 10
0
 20
0
 66
1
 70
1
  0
VERTEX
  8
14
 10
52.09
 20
8.00
  0
VERTEX
  8
14
 10
51.32
 20
40.56
  0
VERTEX
  8
14
 10
49.21
 20
63.39
  0
VERTEX
  8
14
 10
47.09
 20
86.22
  0
VERTEX
  8
14
 10
46.30
 20
92.76
  0
VERTEX
  8
14
 10
45.44
 20
99.30
  0
VERTEX
  8
14
 10
44.53
 20
105.83
  0
VERTEX
  8
14
 10
43.55
 20
112.35
  0
VERTEX
  8
14
 10
42.52
 20
118.86
  0
VERTEX
  8
14
 10
41.43
 20
125.36
  0
VERTEX
  8
14
 10
40.28
 20
131.85
  0
VERTEX
  8
14
 10
39.07
 20
138.33
  0
VERTEX
  8
14
 10
38.04
 20
143.51
  0
VERTEX
  8
14
 10
36.96
 20
148.68
  0
VERTEX
  8
14
 10
35.82
 20
153.84
  0
VERTEX
  8
14
 10
34.62
 20
158.99
  0
VERTEX
  8
14
 10
33.36
 20
164.12
  0
VERTEX
  8
14
 10
32.05
 20
169.24
  0
VERTEX
  8
14
 10
30.67
 20
174.34
  0
VERTEX
  8
14
 10
29.24
 20
179.42
  0
VERTEX
  8
14
 10
28.57
 20
182.06
  0
VERTEX
  8
14
 10
27.88
 20
184.70
  0
VERTEX
  8
14
 10
27.18
 20
187.33
  0
VERTEX
  8
14
 10
26.46
 20
189.96
  0
VERTEX
  8
14
 10
25.72
 20
192.58
  0
VERTEX
  8
14
 10
24.97
 20
195.20
  0
VERTEX
  8
14
 10
24.21
 20
197.82
  0
VERTEX
  8
14
 10
23.43
 20
200.43
  0
VERTEX
  8
14
 10
22.25
 20
204.29
  0
VERTEX
  8
14
 10
21.06
 20
208.15
  0
VERTEX
  8
14
 10
19.86
 20
212.01
  0
VERTEX
  8
14
 10
18.64
 20
215.85
  0
VERTEX
  8
14
 10
17.40
 20
219.70
  0
VERTEX
  8
14
 10
16.15
 20
223.54
  0
VERTEX
  8
14
 10
14.89
 20
227.37
  0
VERTEX
  8
14
 10
13.61
 20
231.20
  0
VERTEX
  8
14
 10
64.94
 20
254.07
  0
VERTEX
  8
14
 10
67.00
 20
254.73
  0
VERTEX
  8
14
 10
69.06
 20
255.38
  0
VERTEX
  8
14
 10
69.66
 20
255.49
  0
VERTEX
  8
14
 10
70.26
 20
255.57
  0
VERTEX
  8
14
 10
70.87
 20
255.62
  0
VERTEX
  8
14
 10
71.47
 20
255.65
  0
VERTEX
  8
14
 10
72.08
 20
255.66
  0
VERTEX
  8
14
 10
72.69
 20
255.65
  0
VERTEX
  8
14
 10
73.29
 20
255.60
  0
VERTEX
  8
14
 10
73.89
 20
255.54
  0
VERTEX
  8
14
 10
74.32
 20
255.47
  0
VERTEX
  8
14
 10
74.75
 20
255.38
  0
VERTEX
  8
14
 10
75.17
 20
255.27
  0
VERTEX
  8
14
 10
75.58
 20
255.13
  0
VERTEX
  8
14
 10
75.98
 20
254.97
  0
VERTEX
  8
14
 10
76.38
 20
254.78
  0
VERTEX
  8
14
 10
76.76
 20
254.58
  0
VERTEX
  8
14
 10
77.13
 20
254.35
  0
VERTEX
  8
14
 10
77.54
 20
254.04
  0
VERTEX
  8
14
 10
77.94
 20
253.72
  0
VERTEX
  8
14
 10
78.32
 20
253.38
  0
VERTEX
  8
14
 10
78.68
 20
253.02
  0
VERTEX
  8
14
 10
79.03
 20
252.64
  0
VERTEX
  8
14
 10
79.36
 20
252.25
  0
VERTEX
  8
14
 10
79.67
 20
251.84
  0
VERTEX
  8
14
 10
79.96
 20
251.42
  0
VERTEX
  8
14
 10
80.26
 20
250.94
  0
VERTEX
  8
14
 10
80.54
 20
250.45
  0
VERTEX
  8
14
 10
80.80
 20
249.95
  0
VERTEX
  8
14
 10
81.04
 20
249.43
  0
VERTEX
  8
14
 10
81.26
 20
248.91
  0
VERTEX
  8
14
 10
81.45
 20
248.38
  0
VERTEX
  8
14
 10
81.62
 20
247.84
  0
VERTEX
  8
14
 10
81.77
 20
247.30
  0
VERTEX
  8
14
 10
82.82
 20
240.06
  0
VERTEX
  8
14
 10
83.84
 20
232.82
  0
VERTEX
  8
14
 10
84.85
 20
225.57
  0
VERTEX
  8
14
 10
85.84
 20
218.33
  0
VERTEX
  8
14
 10
86.80
 20
211.08
  0
VERTEX
  8
14
 10
87.75
 20
203.83
  0
VERTEX
  8
14
 10
88.67
 20
196.57
  0
VERTEX
  8
14
 10
89.57
 20
189.31
  0
VERTEX
  8
14
 10
90.46
 20
182.05
  0
VERTEX
  8
14
 10
91.32
 20
174.79
  0
VERTEX
  8
14
 10
92.16
 20
167.53
  0
VERTEX
  8
14
 10
92.98
 20
160.26
  0
VERTEX
  8
14
 10
93.78
 20
152.99
  0
VERTEX
  8
14
 10
94.56
 20
145.72
  0
VERTEX
  8
14
 10
95.32
 20
138.45
  0
VERTEX
  8
14
 10
96.06
 20
131.17
  0
VERTEX
  8
14
 10
96.64
 20
125.31
  0
VERTEX
  8
14
 10
97.19
 20
119.45
  0
VERTEX
  8
14
 10
97.73
 20
113.59
  0
VERTEX
  8
14
 10
98.24
 20
107.72
  0
VERTEX
  8
14
 10
98.73
 20
101.86
  0
VERTEX
  8
14
 10
99.21
 20
95.99
  0
VERTEX
  8
14
 10
99.66
 20
90.12
  0
VERTEX
  8
14
 10
100.09
 20
84.25
  0
VERTEX
  8
14
 10
100.50
 20
78.38
  0
VERTEX
  8
14
 10
100.89
 20
72.50
  0
VERTEX
  8
14
 10
101.26
 20
66.63
  0
VERTEX
  8
14
 10
101.61
 20
60.75
  0
VERTEX
  8
14
 10
101.94
 20
54.87
  0
VERTEX
  8
14
 10
102.24
 20
49.00
  0
VERTEX
  8
14
 10
102.53
 20
43.12
  0
VERTEX
  8
14
 10
102.79
 20
37.24
  0
VERTEX
  8
14
 10
102.86
 20
8.00
  0
VERTEX
  8
14
 10
102.79
 20
-21.24
  0
VERTEX
  8
14
 10
102.53
 20
-27.12
  0
VERTEX
  8
14
 10
102.24
 20
-33.00
  0
VERTEX
  8
14
 10
101.94
 20
-38.87
  0
VERTEX
  8
14
 10
101.61
 20
-44.75
  0
VERTEX
  8
14
 10
101.26
 20
-50.63
  0
VERTEX
  8
14
 10
100.89
 20
-56.50
  0
VERTEX
  8
14
 10
100.50
 20
-62.38
  0
VERTEX
  8
14
 10
100.09
 20
-68.25
  0
VERTEX
  8
14
 10
99.66
 20
-74.12
  0
VERTEX
  8
14
 10
99.21
 20
-79.99
  0
VERTEX
  8
14
 10
98.73
 20
-85.86
  0
VERTEX
  8
14
 10
98.24
 20
-91.72
  0
VERTEX
  8
14
 10
97.73
 20
-97.59
  0
VERTEX
  8
14
 10
97.19
 20
-103.45
  0
VERTEX
  8
14
 10
96.64
 20
-109.31
  0
VERTEX
  8
14
 10
96.06
 20
-115.17
  0
VERTEX
  8
14
 10
95.32
 20
-122.45
  0
VERTEX
  8
14
 10
94.56
 20
-129.72
  0
VERTEX
  8
14
 10
93.78
 20
-136.99
  0
VERTEX
  8
14
 10
92.98
 20
-144.26
  0
VERTEX
  8
14
 10
92.16
 20
-151.53
  0
VERTEX
  8
14
 10
91.32
 20
-158.79
  0
VERTEX
  8
14
 10
90.46
 20
-166.05
  0
VERTEX
  8
14
 10
89.57
 20
-173.31
  0
VERTEX
  8
14
 10
88.67
 20
-180.57
  0
VERTEX
  8
14
 10
87.75
 20
-187.83
  0
VERTEX
  8
14
 10
86.80
 20
-195.08
  0
VERTEX
  8
14
 10
85.84
 20
-202.33
  0
VERTEX
  8
14
 10
84.85
 20
-209.57
  0
VERTEX
  8
14
 10
83.84
 20
-216.82
  0
VERTEX
  8
14
 10
82.82
 20
-224.06
  0
VERTEX
  8
14
 10
81.77
 20
-231.30
  0
VERTEX
  8
14
 10
81.62
 20
-231.84
  0
VERTEX
  8
14
 10
81.45
 20
-232.38
  0
VERTEX
  8
14
 10
81.26
 20
-232.91
  0
VERTEX
  8
14
 10
81.04
 20
-233.43
  0
VERTEX
  8
14
 10
80.80
 20
-233.95
  0
VERTEX
  8
14
 10
80.54
 20
-234.45
  0
VERTEX
  8
14
 10
80.26
 20
-234.94
  0
VERTEX
  8
14
 10
79.96
 20
-235.42
  0
VERTEX
  8
14
 10
79.67
 20
-235.84
  0
VERTEX
  8
14
 10
79.36
 20
-236.25
  0
VERTEX
  8
14
 10
79.03
 20
-236.64
  0
VERTEX
  8
14
 10
78.68
 20
-237.02
  0
VERTEX
  8
14
 10
78.32
 20
-237.38
  0
VERTEX
  8
14
 10
77.94
 20
-237.72
  0
VERTEX
  8
14
 10
77.54
 20
-238.04
  0
VERTEX
  8
14
 10
77.13
 20
-238.35
  0
VERTEX
  8
14
 10
76.76
 20
-238.58
  0
VERTEX
  8
14
 10
76.38
 20
-238.78
  0
VERTEX
  8
14
 10
75.98
 20
-238.97
  0
VERTEX
  8
14
 10
75.58
 20
-239.13
  0
VERTEX
  8
14
 10
75.17
 20
-239.27
  0
VERTEX
  8
14
 10
74.75
 20
-239.38
  0
VERTEX
  8
14
 10
74.32
 20
-239.47
  0
VERTEX
  8
14
 10
73.89
 20
-239.54
  0
VERTEX
  8
14
 10
73.29
 20
-239.60
  0
VERTEX
  8
14
 10
72.69
 20
-239.65
  0
VERTEX
  8
14
 10
72.08
 20
-239.66
  0
VERTEX
  8
14
 10
71.47
 20
-239.66
  0
VERTEX
  8
14
 10
70.87
 20
-239.62
  0
VERTEX
  8
14
 10
70.26
 20
-239.57
  0
VERTEX
  8
14
 10
69.66
 20
-239.49
  0
VERTEX
  8
14
 10
69.06
 20
-239.38
  0
VERTEX
  8
14
 10
67.00
 20
-238.73
  0
VERTEX
  8
14
 10
64.94
 20
-238.07
  0
VERTEX
  8
14
 10
13.61
 20
-215.20
  0
VERTEX
  8
14
 10
14.89
 20
-211.37
  0
VERTEX
  8
14
 10
16.15
 20
-207.54
  0
VERTEX
  8
14
 10
17.40
 20
-203.70
  0
VERTEX
  8
14
 10
18.64
 20
-199.85
  0
VERTEX
  8
14
 10
19.86
 20
-196.01
  0
VERTEX
  8
14
 10
21.06
 20
-192.15
  0
VERTEX
  8
14
 10
22.25
 20
-188.29
  0
VERTEX
  8
14
 10
23.43
 20
-184.43
  0
VERTEX
  8
14
 10
24.21
 20
-181.82
  0
VERTEX
  8
14
 10
24.97
 20
-179.20
  0
VERTEX
  8
14
 10
25.72
 20
-176.58
  0
VERTEX
  8
14
 10
26.46
 20
-173.96
  0
VERTEX
  8
14
 10
27.18
 20
-171.33
  0
VERTEX
  8
14
 10
27.88
 20
-168.70
  0
VERTEX
  8
14
 10
28.57
 20
-166.06
  0
VERTEX
  8
14
 10
29.24
 20
-163.42
  0
VERTEX
  8
14
 10
30.67
 20
-158.34
  0
VERTEX
  8
14
 10
32.05
 20
-153.24
  0
VERTEX
  8
14
 10
33.36
 20
-148.12
  0
VERTEX
  8
14
 10
34.62
 20
-142.99
  0
VERTEX
  8
14
 10
35.82
 20
-137.84
  0
VERTEX
  8
14
 10
36.96
 20
-132.68
  0
VERTEX
  8
14
 10
38.04
 20
-127.51
  0
VERTEX
  8
14
 10
39.07
 20
-122.33
  0
VERTEX
  8
14
 10
40.28
 20
-115.85
  0
VERTEX
  8
14
 10
41.43
 20
-109.36
  0
VERTEX
  8
14
 10
42.52
 20
-102.86
  0
VERTEX
  8
14
 10
43.55
 20
-96.35
  0
VERTEX
  8
14
 10
44.53
 20
-89.83
  0
VERTEX
  8
14
 10
45.44
 20
-83.30
  0
VERTEX
  8
14
 10
46.30
 20
-76.76
  0
VERTEX
  8
14
 10
47.09
 20
-70.22
  0
VERTEX
  8
14
 10
49.21
 20
-47.39
  0
VERTEX
  8
14
 10
51.32
 20
-24.56
  0
SEQEND
  0
POINT
  8
2
 10
52.09
 20
8.00
  0
TEXT
  8
14
 10
52.09
 20
8.00
 40
8.00
  1
# 115
  0
POINT
  8
2
 10
51.32
 20
40.56
  0
TEXT
  8
14
 10
51.32
 20
40.56
 40
8.00
  1
# 116
  0
POINT
  8
2
 10
49.21
 20
63.39
  0
TEXT
  8
14
 10
49.21
 20
63.39
 40
8.00
  1
# 117
  0
POINT
  8
3
 10
47.09
 20
86.22
  0
TEXT
  8
14
 10
47.09
 20
86.22
 40
8.00
  1
# 118
  0
POINT
  8
3
 10
46.30
 20
92.76
  0
POINT
  8
3
 10
45.44
 20
99.30
  0
POINT
  8
3
 10
44.53
 20
105.83
  0
POINT
  8
3
 10
43.55
 20
112.35
  0
POINT
  8
3
 10
42.52
 20
118.86
  0
POINT
  8
3
 10
41.43
 20
125.36
  0
POINT
  8
3
 10
40.28
 20
131.85
  0
POINT
  8
3
 10
39.07
 20
138.33
  0
TEXT
  8
14
 10
39.07
 20
138.33
 40
8.00
  1
# 119
  0
POINT
  8
3
 10
38.04
 20
143.51
  0
POINT
  8
3
 10
36.96
 20
148.68
  0
POINT
  8
3
 10
35.82
 20
153.84
  0
POINT
  8
3
 10
34.62
 20
158.99
  0
POINT
  8
3
 10
33.36
 20
164.12
  0
POINT
  8
3
 10
32.05
 20
169.24
  0
POINT
  8
3
 10
30.67
 20
174.34
  0
POINT
  8
3
 10
29.24
 20
179.42
  0
TEXT
  8
14
 10
29.24
 20
179.42
 40
8.00
  1
# 120
  0
POINT
  8
3
 10
28.57
 20
182.06
  0
POINT
  8
3
 10
27.88
 20
184.70
  0
POINT
  8
3
 10
27.18
 20
187.33
  0
POINT
  8
3
 10
26.46
 20
189.96
  0
POINT
  8
3
 10
25.72
 20
192.58
  0
POINT
  8
3
 10
24.97
 20
195.20
  0
POINT
  8
3
 10
24.21
 20
197.82
  0
POINT
  8
3
 10
23.43
 20
200.43
  0
TEXT
  8
14
 10
23.43
 20
200.43
 40
8.00
  1
# 121
  0
POINT
  8
3
 10
22.25
 20
204.29
  0
POINT
  8
3
 10
21.06
 20
208.15
  0
POINT
  8
3
 10
19.86
 20
212.01
  0
POINT
  8
3
 10
18.64
 20
215.85
  0
POINT
  8
3
 10
17.40
 20
219.70
  0
POINT
  8
3
 10
16.15
 20
223.54
  0
POINT
  8
3
 10
14.89
 20
227.37
  0
POINT
  8
2
 10
13.61
 20
231.20
  0
TEXT
  8
14
 10
13.61
 20
231.20
 40
8.00
  1
# 122
  0
POINT
  8
2
 10
64.94
 20
254.07
  0
TEXT
  8
14
 10
64.94
 20
254.07
 40
8.00
  1
# 123
  0
POINT
  8
3
 10
67.00
 20
254.73
  0
TEXT
  8
14
 10
67.00
 20
254.73
 40
8.00
  1
# 124
  0
POINT
  8
3
 10
69.06
 20
255.38
  0
TEXT
  8
14
 10
69.06
 20
255.38
 40
8.00
  1
# 125
  0
POINT
  8
3
 10
69.66
 20
255.49
  0
POINT
  8
3
 10
70.26
 20
255.57
  0
POINT
  8
3
 10
70.87
 20
255.62
  0
POINT
  8
3
 10
71.47
 20
255.65
  0
POINT
  8
3
 10
72.08
 20
255.66
  0
POINT
  8
3
 10
72.69
 20
255.65
  0
POINT
  8
3
 10
73.29
 20
255.60
  0
POINT
  8
3
 10
73.89
 20
255.54
  0
TEXT
  8
14
 10
73.89
 20
255.54
 40
8.00
  1
# 126
  0
POINT
  8
3
 10
74.32
 20
255.47
  0
POINT
  8
3
 10
74.75
 20
255.38
  0
POINT
  8
3
 10
75.17
 20
255.27
  0
POINT
  8
3
 10
75.58
 20
255.13
  0
POINT
  8
3
 10
75.98
 20
254.97
  0
POINT
  8
3
 10
76.38
 20
254.78
  0
POINT
  8
3
 10
76.76
 20
254.58
  0
POINT
  8
3
 10
77.13
 20
254.35
  0
TEXT
  8
14
 10
77.13
 20
254.35
 40
8.00
  1
# 127
  0
POINT
  8
3
 10
77.54
 20
254.04
  0
POINT
  8
3
 10
77.94
 20
253.72
  0
POINT
  8
3
 10
78.32
 20
253.38
  0
POINT
  8
3
 10
78.68
 20
253.02
  0
POINT
  8
3
 10
79.03
 20
252.64
  0
POINT
  8
3
 10
79.36
 20
252.25
  0
POINT
  8
3
 10
79.67
 20
251.84
  0
POINT
  8
3
 10
79.96
 20
251.42
  0
TEXT
  8
14
 10
79.96
 20
251.42
 40
8.00
  1
# 128
  0
POINT
  8
3
 10
80.26
 20
250.94
  0
POINT
  8
3
 10
80.54
 20
250.45
  0
POINT
  8
3
 10
80.80
 20
249.95
  0
POINT
  8
3
 10
81.04
 20
249.43
  0
POINT
  8
3
 10
81.26
 20
248.91
  0
POINT
  8
3
 10
81.45
 20
248.38
  0
POINT
  8
3
 10
81.62
 20
247.84
  0
POINT
  8
3
 10
81.77
 20
247.30
  0
TEXT
  8
14
 10
81.77
 20
247.30
 40
8.00
  1
# 129
  0
POINT
  8
3
 10
82.82
 20
240.06
  0
POINT
  8
3
 10
83.84
 20
232.82
  0
POINT
  8
3
 10
84.85
 20
225.57
  0
POINT
  8
3
 10
85.84
 20
218.33
  0
POINT
  8
3
 10
86.80
 20
211.08
  0
POINT
  8
3
 10
87.75
 20
203.83
  0
POINT
  8
3
 10
88.67
 20
196.57
  0
POINT
  8
3
 10
89.57
 20
189.31
  0
POINT
  8
3
 10
90.46
 20
182.05
  0
POINT
  8
3
 10
91.32
 20
174.79
  0
POINT
  8
3
 10
92.16
 20
167.53
  0
POINT
  8
3
 10
92.98
 20
160.26
  0
POINT
  8
3
 10
93.78
 20
152.99
  0
POINT
  8
3
 10
94.56
 20
145.72
  0
POINT
  8
3
 10
95.32
 20
138.45
  0
POINT
  8
3
 10
96.06
 20
131.17
  0
TEXT
  8
14
 10
96.06
 20
131.17
 40
8.00
  1
# 130
  0
POINT
  8
3
 10
96.64
 20
125.31
  0
POINT
  8
3
 10
97.19
 20
119.45
  0
POINT
  8
3
 10
97.73
 20
113.59
  0
POINT
  8
3
 10
98.24
 20
107.72
  0
POINT
  8
3
 10
98.73
 20
101.86
  0
POINT
  8
3
 10
99.21
 20
95.99
  0
POINT
  8
3
 10
99.66
 20
90.12
  0
POINT
  8
3
 10
100.09
 20
84.25
  0
POINT
  8
3
 10
100.50
 20
78.38
  0
POINT
  8
3
 10
100.89
 20
72.50
  0
POINT
  8
3
 10
101.26
 20
66.63
  0
POINT
  8
3
 10
101.61
 20
60.75
  0
POINT
  8
3
 10
101.94
 20
54.87
  0
POINT
  8
3
 10
102.24
 20
49.00
  0
POINT
  8
3
 10
102.53
 20
43.12
  0
POINT
  8
3
 10
102.79
 20
37.24
  0
TEXT
  8
14
 10
102.79
 20
37.24
 40
8.00
  1
# 131
  0
POINT
  8
3
 10
102.86
 20
8.00
  0
TEXT
  8
14
 10
102.86
 20
8.00
 40
8.00
  1
# 132
  0
POINT
  8
3
 10
102.79
 20
-21.24
  0
TEXT
  8
14
 10
102.79
 20
-21.24
 40
8.00
  1
# 133
  0
POINT
  8
3
 10
102.53
 20
-27.12
  0
POINT
  8
3
 10
102.24
 20
-33.00
  0
POINT
  8
3
 10
101.94
 20
-38.87
  0
POINT
  8
3
 10
101.61
 20
-44.75
  0
POINT
  8
3
 10
101.26
 20
-50.63
  0
POINT
  8
3
 10
100.89
 20
-56.50
  0
POINT
  8
3
 10
100.50
 20
-62.38
  0
POINT
  8
3
 10
100.09
 20
-68.25
  0
POINT
  8
3
 10
99.66
 20
-74.12
  0
POINT
  8
3
 10
99.21
 20
-79.99
  0
POINT
  8
3
 10
98.73
 20
-85.86
  0
POINT
  8
3
 10
98.24
 20
-91.72
  0
POINT
  8
3
 10
97.73
 20
-97.59
  0
POINT
  8
3
 10
97.19
 20
-103.45
  0
POINT
  8
3
 10
96.64
 20
-109.31
  0
POINT
  8
3
 10
96.06
 20
-115.17
  0
TEXT
  8
14
 10
96.06
 20
-115.17
 40
8.00
  1
# 134
  0
POINT
  8
3
 10
95.32
 20
-122.45
  0
POINT
  8
3
 10
94.56
 20
-129.72
  0
POINT
  8
3
 10
93.78
 20
-136.99
  0
POINT
  8
3
 10
92.98
 20
-144.26
  0
POINT
  8
3
 10
92.16
 20
-151.53
  0
POINT
  8
3
 10
91.32
 20
-158.79
  0
POINT
  8
3
 10
90.46
 20
-166.05
  0
POINT
  8
3
 10
89.57
 20
-173.31
  0
POINT
  8
3
 10
88.67
 20
-180.57
  0
POINT
  8
3
 10
87.75
 20
-187.83
  0
POINT
  8
3
 10
86.80
 20
-195.08
  0
POINT
  8
3
 10
85.84
 20
-202.33
  0
POINT
  8
3
 10
84.85
 20
-209.57
  0
POINT
  8
3
 10
83.84
 20
-216.82
  0
POINT
  8
3
 10
82.82
 20
-224.06
  0
POINT
  8
3
 10
81.77
 20
-231.30
  0
TEXT
  8
14
 10
81.77
 20
-231.30
 40
8.00
  1
# 135
  0
POINT
  8
3
 10
81.62
 20
-231.84
  0
POINT
  8
3
 10
81.45
 20
-232.38
  0
POINT
  8
3
 10
81.26
 20
-232.91
  0
POINT
  8
3
 10
81.04
 20
-233.43
  0
POINT
  8
3
 10
80.80
 20
-233.95
  0
POINT
  8
3
 10
80.54
 20
-234.45
  0
POINT
  8
3
 10
80.26
 20
-234.94
  0
POINT
  8
3
 10
79.96
 20
-235.42
  0
TEXT
  8
14
 10
79.96
 20
-235.42
 40
8.00
  1
# 136
  0
POINT
  8
3
 10
79.67
 20
-235.84
  0
POINT
  8
3
 10
79.36
 20
-236.25
  0
POINT
  8
3
 10
79.03
 20
-236.64
  0
POINT
  8
3
 10
78.68
 20
-237.02
  0
POINT
  8
3
 10
78.32
 20
-237.38
  0
POINT
  8
3
 10
77.94
 20
-237.72
  0
POINT
  8
3
 10
77.54
 20
-238.04
  0
POINT
  8
3
 10
77.13
 20
-238.35
  0
TEXT
  8
14
 10
77.13
 20
-238.35
 40
8.00
  1
# 137
  0
POINT
  8
3
 10
76.76
 20
-238.58
  0
POINT
  8
3
 10
76.38
 20
-238.78
  0
POINT
  8
3
 10
75.98
 20
-238.97
  0
POINT
  8
3
 10
75.58
 20
-239.13
  0
POINT
  8
3
 10
75.17
 20
-239.27
  0
POINT
  8
3
 10
74.75
 20
-239.38
  0
POINT
  8
3
 10
74.32
 20
-239.47
  0
POINT
  8
3
 10
73.89
 20
-239.54
  0
TEXT
  8
14
 10
73.89
 20
-239.54
 40
8.00
  1
# 138
  0
POINT
  8
3
 10
73.29
 20
-239.60
  0
POINT
  8
3
 10
72.69
 20
-239.65
  0
POINT
  8
3
 10
72.08
 20
-239.66
  0
POINT
  8
3
 10
71.47
 20
-239.66
  0
POINT
  8
3
 10
70.87
 20
-239.62
  0
POINT
  8
3
 10
70.26
 20
-239.57
  0
POINT
  8
3
 10
69.66
 20
-239.49
  0
POINT
  8
3
 10
69.06
 20
-239.38
  0
TEXT
  8
14
 10
69.06
 20
-239.38
 40
8.00
  1
# 139
  0
POINT
  8
3
 10
67.00
 20
-238.73
  0
TEXT
  8
14
 10
67.00
 20
-238.73
 40
8.00
  1
# 140
  0
POINT
  8
2
 10
64.94
 20
-238.07
  0
TEXT
  8
14
 10
64.94
 20
-238.07
 40
8.00
  1
# 141
  0
POINT
  8
2
 10
13.61
 20
-215.20
  0
TEXT
  8
14
 10
13.61
 20
-215.20
 40
8.00
  1
# 142
  0
POINT
  8
3
 10
14.89
 20
-211.37
  0
POINT
  8
3
 10
16.15
 20
-207.54
  0
POINT
  8
3
 10
17.40
 20
-203.70
  0
POINT
  8
3
 10
18.64
 20
-199.85
  0
POINT
  8
3
 10
19.86
 20
-196.01
  0
POINT
  8
3
 10
21.06
 20
-192.15
  0
POINT
  8
3
 10
22.25
 20
-188.29
  0
POINT
  8
3
 10
23.43
 20
-184.43
  0
TEXT
  8
14
 10
23.43
 20
-184.43
 40
8.00
  1
# 143
  0
POINT
  8
3
 10
24.21
 20
-181.82
  0
POINT
  8
3
 10
24.97
 20
-179.20
  0
POINT
  8
3
 10
25.72
 20
-176.58
  0
POINT
  8
3
 10
26.46
 20
-173.96
  0
POINT
  8
3
 10
27.18
 20
-171.33
  0
POINT
  8
3
 10
27.88
 20
-168.70
  0
POINT
  8
3
 10
28.57
 20
-166.06
  0
POINT
  8
3
 10
29.24
 20
-163.42
  0
TEXT
  8
14
 10
29.24
 20
-163.42
 40
8.00
  1
# 144
  0
POINT
  8
3
 10
30.67
 20
-158.34
  0
POINT
  8
3
 10
32.05
 20
-153.24
  0
POINT
  8
3
 10
33.36
 20
-148.12
  0
POINT
  8
3
 10
34.62
 20
-142.99
  0
POINT
  8
3
 10
35.82
 20
-137.84
  0
POINT
  8
3
 10
36.96
 20
-132.68
  0
POINT
  8
3
 10
38.04
 20
-127.51
  0
POINT
  8
3
 10
39.07
 20
-122.33
  0
TEXT
  8
14
 10
39.07
 20
-122.33
 40
8.00
  1
# 145
  0
POINT
  8
3
 10
40.28
 20
-115.85
  0
POINT
  8
3
 10
41.43
 20
-109.36
  0
POINT
  8
3
 10
42.52
 20
-102.86
  0
POINT
  8
3
 10
43.55
 20
-96.35
  0
POINT
  8
3
 10
44.53
 20
-89.83
  0
POINT
  8
3
 10
45.44
 20
-83.30
  0
POINT
  8
3
 10
46.30
 20
-76.76
  0
POINT
  8
3
 10
47.09
 20
-70.22
  0
TEXT
  8
14
 10
47.09
 20
-70.22
 40
8.00
  1
# 146
  0
POINT
  8
2
 10
49.21
 20
-47.39
  0
TEXT
  8
14
 10
49.21
 20
-47.39
 40
8.00
  1
# 147
  0
POINT
  8
2
 10
51.32
 20
-24.56
  0
TEXT
  8
14
 10
51.32
 20
-24.56
 40
8.00
  1
# 148
  0
POINT
  8
2
 10
52.09
 20
8.00
  0
TEXT
  8
14
 10
52.09
 20
8.00
 40
8.00
  1
# 115
  0
POLYLINE
  8
1
 10
0
 20
0
 66
1
 70
1
  0
VERTEX
  8
1
 10
41.08
 20
8.00
  0
VERTEX
  8
1
 10
40.33
 20
39.92
  0
VERTEX
  8
1
 10
40.00
 20
44.76
  0
VERTEX
  8
1
 10
39.63
 20
49.60
  0
VERTEX
  8
1
 10
39.24
 20
54.44
  0
VERTEX
  8
1
 10
38.83
 20
59.28
  0
VERTEX
  8
1
 10
38.38
 20
64.11
  0
VERTEX
  8
1
 10
37.91
 20
68.95
  0
VERTEX
  8
1
 10
37.41
 20
73.77
  0
VERTEX
  8
1
 10
36.88
 20
78.60
  0
VERTEX
  8
1
 10
36.32
 20
83.42
  0
VERTEX
  8
1
 10
35.74
 20
88.24
  0
VERTEX
  8
1
 10
35.13
 20
93.06
  0
VERTEX
  8
1
 10
34.49
 20
97.87
  0
VERTEX
  8
1
 10
33.83
 20
102.68
  0
VERTEX
  8
1
 10
33.13
 20
107.49
  0
VERTEX
  8
1
 10
32.41
 20
112.29
  0
VERTEX
  8
1
 10
31.66
 20
117.08
  0
VERTEX
  8
1
 10
31.05
 20
120.84
  0
VERTEX
  8
1
 10
30.41
 20
124.60
  0
VERTEX
  8
1
 10
29.75
 20
128.35
  0
VERTEX
  8
1
 10
29.05
 20
132.09
  0
VERTEX
  8
1
 10
28.33
 20
135.83
  0
VERTEX
  8
1
 10
27.59
 20
139.56
  0
VERTEX
  8
1
 10
26.81
 20
143.29
  0
VERTEX
  8
1
 10
26.01
 20
147.01
  0
VERTEX
  8
1
 10
25.18
 20
150.73
  0
VERTEX
  8
1
 10
24.32
 20
154.44
  0
VERTEX
  8
1
 10
23.44
 20
158.14
  0
VERTEX
  8
1
 10
22.53
 20
161.84
  0
VERTEX
  8
1
 10
21.59
 20
165.53
  0
VERTEX
  8
1
 10
20.63
 20
169.21
  0
VERTEX
  8
1
 10
19.64
 20
172.89
  0
VERTEX
  8
1
 10
18.62
 20
176.56
  0
VERTEX
  8
1
 10
17.96
 20
179.16
  0
VERTEX
  8
1
 10
17.28
 20
181.76
  0
VERTEX
  8
1
 10
16.59
 20
184.35
  0
VERTEX
  8
1
 10
15.88
 20
186.94
  0
VERTEX
  8
1
 10
15.15
 20
189.53
  0
VERTEX
  8
1
 10
14.42
 20
192.11
  0
VERTEX
  8
1
 10
13.66
 20
194.69
  0
VERTEX
  8
1
 10
12.89
 20
197.26
  0
VERTEX
  8
1
 10
11.73
 20
201.08
  0
VERTEX
  8
1
 10
10.55
 20
204.91
  0
VERTEX
  8
1
 10
9.36
 20
208.72
  0
VERTEX
  8
1
 10
8.15
 20
212.54
  0
VERTEX
  8
1
 10
6.93
 20
216.34
  0
VERTEX
  8
1
 10
5.69
 20
220.15
  0
VERTEX
  8
1
 10
4.43
 20
223.94
  0
VERTEX
  8
1
 10
3.17
 20
227.74
  0
VERTEX
  8
1
 10
0.02
 20
237.20
  0
VERTEX
  8
1
 10
9.13
 20
241.25
  0
VERTEX
  8
1
 10
60.46
 20
264.12
  0
VERTEX
  8
1
 10
61.02
 20
264.37
  0
VERTEX
  8
1
 10
61.60
 20
264.55
  0
VERTEX
  8
1
 10
62.17
 20
264.80
  0
VERTEX
  8
1
 10
62.74
 20
265.02
  0
VERTEX
  8
1
 10
63.31
 20
265.24
  0
VERTEX
  8
1
 10
63.89
 20
265.43
  0
VERTEX
  8
1
 10
64.48
 20
265.62
  0
VERTEX
  8
1
 10
65.07
 20
265.79
  0
VERTEX
  8
1
 10
65.66
 20
265.94
  0
VERTEX
  8
1
 10
66.26
 20
266.08
  0
VERTEX
  8
1
 10
66.86
 20
266.20
  0
VERTEX
  8
1
 10
67.46
 20
266.31
  0
VERTEX
  8
1
 10
68.07
 20
266.41
  0
VERTEX
  8
1
 10
68.67
 20
266.49
  0
VERTEX
  8
1
 10
69.28
 20
266.55
  0
VERTEX
  8
1
 10
69.89
 20
266.60
  0
VERTEX
  8
1
 10
70.51
 20
266.63
  0
VERTEX
  8
1
 10
71.12
 20
266.65
  0
VERTEX
  8
1
 10
71.73
 20
266.65
  0
VERTEX
  8
1
 10
72.35
 20
266.64
  0
VERTEX
  8
1
 10
72.97
 20
266.61
  0
VERTEX
  8
1
 10
73.58
 20
266.57
  0
VERTEX
  8
1
 10
74.19
 20
266.51
  0
VERTEX
  8
1
 10
74.81
 20
266.44
  0
VERTEX
  8
1
 10
75.41
 20
266.35
  0
VERTEX
  8
1
 10
76.02
 20
266.24
  0
VERTEX
  8
1
 10
76.63
 20
266.12
  0
VERTEX
  8
1
 10
77.23
 20
265.99
  0
VERTEX
  8
1
 10
77.83
 20
265.84
  0
VERTEX
  8
1
 10
78.42
 20
265.68
  0
VERTEX
  8
1
 10
79.01
 20
265.50
  0
VERTEX
  8
1
 10
79.59
 20
265.31
  0
VERTEX
  8
1
 10
80.17
 20
265.10
  0
VERTEX
  8
1
 10
80.75
 20
264.88
  0
VERTEX
  8
1
 10
81.27
 20
264.61
  0
VERTEX
  8
1
 10
81.78
 20
264.34
  0
VERTEX
  8
1
 10
82.28
 20
264.05
  0
VERTEX
  8
1
 10
82.78
 20
263.75
  0
VERTEX
  8
1
 10
83.26
 20
263.43
  0
VERTEX
  8
1
 10
83.74
 20
263.10
  0
VERTEX
  8
1
 10
84.21
 20
262.76
  0
VERTEX
  8
1
 10
84.67
 20
262.40
  0
VERTEX
  8
1
 10
85.12
 20
262.03
  0
VERTEX
  8
1
 10
85.55
 20
261.65
  0
VERTEX
  8
1
 10
85.98
 20
261.26
  0
VERTEX
  8
1
 10
86.40
 20
260.85
  0
VERTEX
  8
1
 10
86.80
 20
260.44
  0
VERTEX
  8
1
 10
87.20
 20
260.01
  0
VERTEX
  8
1
 10
87.58
 20
259.57
  0
VERTEX
  8
1
 10
87.95
 20
259.12
  0
VERTEX
  8
1
 10
88.32
 20
258.64
  0
VERTEX
  8
1
 10
88.69
 20
258.14
  0
VERTEX
  8
1
 10
89.04
 20
257.64
  0
VERTEX
  8
1
 10
89.38
 20
257.13
  0
VERTEX
  8
1
 10
89.70
 20
256.60
  0
VERTEX
  8
1
 10
90.01
 20
256.08
  0
VERTEX
  8
1
 10
90.31
 20
255.54
  0
VERTEX
  8
1
 10
90.59
 20
254.99
  0
VERTEX
  8
1
 10
90.86
 20
254.44
  0
VERTEX
  8
1
 10
91.11
 20
253.88
  0
VERTEX
  8
1
 10
91.35
 20
253.31
  0
VERTEX
  8
1
 10
91.58
 20
252.74
  0
VERTEX
  8
1
 10
91.79
 20
252.17
  0
VERTEX
  8
1
 10
91.98
 20
251.58
  0
VERTEX
  8
1
 10
92.16
 20
250.99
  0
VERTEX
  8
1
 10
92.32
 20
250.40
  0
VERTEX
  8
1
 10
92.54
 20
249.64
  0
VERTEX
  8
1
 10
92.66
 20
248.86
  0
VERTEX
  8
1
 10
93.71
 20
241.59
  0
VERTEX
  8
1
 10
94.74
 20
234.32
  0
VERTEX
  8
1
 10
95.75
 20
227.05
  0
VERTEX
  8
1
 10
96.74
 20
219.77
  0
VERTEX
  8
1
 10
97.71
 20
212.49
  0
VERTEX
  8
1
 10
98.66
 20
205.21
  0
VERTEX
  8
1
 10
99.59
 20
197.93
  0
VERTEX
  8
1
 10
100.50
 20
190.64
  0
VERTEX
  8
1
 10
101.38
 20
183.35
  0
VERTEX
  8
1
 10
102.25
 20
176.06
  0
VERTEX
  8
1
 10
103.09
 20
168.77
  0
VERTEX
  8
1
 10
103.92
 20
161.47
  0
VERTEX
  8
1
 10
104.72
 20
154.17
  0
VERTEX
  8
1
 10
105.50
 20
146.87
  0
VERTEX
  8
1
 10
106.27
 20
139.57
  0
VERTEX
  8
1
 10
107.01
 20
132.26
  0
VERTEX
  8
1
 10
107.59
 20
126.35
  0
VERTEX
  8
1
 10
108.15
 20
120.44
  0
VERTEX
  8
1
 10
108.69
 20
114.53
  0
VERTEX
  8
1
 10
109.20
 20
108.61
  0
VERTEX
  8
1
 10
109.70
 20
102.69
  0
VERTEX
  8
1
 10
110.18
 20
96.77
  0
VERTEX
  8
1
 10
110.63
 20
90.85
  0
VERTEX
  8
1
 10
111.07
 20
84.93
  0
VERTEX
  8
1
 10
111.48
 20
79.01
  0
VERTEX
  8
1
 10
111.87
 20
73.08
  0
VERTEX
  8
1
 10
112.24
 20
67.16
  0
VERTEX
  8
1
 10
112.60
 20
61.23
  0
VERTEX
  8
1
 10
112.93
 20
55.30
  0
VERTEX
  8
1
 10
113.23
 20
49.37
  0
VERTEX
  8
1
 10
113.52
 20
43.44
  0
VERTEX
  8
1
 10
113.79
 20
37.51
  0
VERTEX
  8
1
 10
113.86
 20
8.02
  0
VERTEX
  8
1
 10
113.79
 20
-21.51
  0
VERTEX
  8
1
 10
113.52
 20
-27.44
  0
VERTEX
  8
1
 10
113.24
 20
-33.37
  0
VERTEX
  8
1
 10
112.93
 20
-39.30
  0
VERTEX
  8
1
 10
112.60
 20
-45.23
  0
VERTEX
  8
1
 10
112.24
 20
-51.16
  0
VERTEX
  8
1
 10
111.87
 20
-57.08
  0
VERTEX
  8
1
 10
111.48
 20
-63.01
  0
VERTEX
  8
1
 10
111.07
 20
-68.93
  0
VERTEX
  8
1
 10
110.63
 20
-74.85
  0
VERTEX
  8
1
 10
110.18
 20
-80.77
  0
VERTEX
  8
1
 10
109.70
 20
-86.69
  0
VERTEX
  8
1
 10
109.20
 20
-92.61
  0
VERTEX
  8
1
 10
108.69
 20
-98.53
  0
VERTEX
  8
1
 10
108.15
 20
-104.44
  0
VERTEX
  8
1
 10
107.59
 20
-110.35
  0
VERTEX
  8
1
 10
107.01
 20
-116.26
  0
VERTEX
  8
1
 10
106.27
 20
-123.57
  0
VERTEX
  8
1
 10
105.50
 20
-130.87
  0
VERTEX
  8
1
 10
104.72
 20
-138.17
  0
VERTEX
  8
1
 10
103.92
 20
-145.47
  0
VERTEX
  8
1
 10
103.09
 20
-152.77
  0
VERTEX
  8
1
 10
102.25
 20
-160.06
  0
VERTEX
  8
1
 10
101.38
 20
-167.35
  0
VERTEX
  8
1
 10
100.50
 20
-174.64
  0
VERTEX
  8
1
 10
99.59
 20
-181.93
  0
VERTEX
  8
1
 10
98.66
 20
-189.21
  0
VERTEX
  8
1
 10
97.71
 20
-196.49
  0
VERTEX
  8
1
 10
96.74
 20
-203.77
  0
VERTEX
  8
1
 10
95.75
 20
-211.05
  0
VERTEX
  8
1
 10
94.74
 20
-218.32
  0
VERTEX
  8
1
 10
93.71
 20
-225.59
  0
VERTEX
  8
1
 10
92.66
 20
-232.86
  0
VERTEX
  8
1
 10
92.55
 20
-233.64
  0
VERTEX
  8
1
 10
92.32
 20
-234.40
  0
VERTEX
  8
1
 10
92.16
 20
-234.99
  0
VERTEX
  8
1
 10
91.98
 20
-235.58
  0
VERTEX
  8
1
 10
91.79
 20
-236.17
  0
VERTEX
  8
1
 10
91.58
 20
-236.74
  0
VERTEX
  8
1
 10
91.35
 20
-237.31
  0
VERTEX
  8
1
 10
91.11
 20
-237.88
  0
VERTEX
  8
1
 10
90.86
 20
-238.44
  0
VERTEX
  8
1
 10
90.59
 20
-238.99
  0
VERTEX
  8
1
 10
90.31
 20
-239.54
  0
VERTEX
  8
1
 10
90.01
 20
-240.08
  0
VERTEX
  8
1
 10
89.70
 20
-240.61
  0
VERTEX
  8
1
 10
89.38
 20
-241.13
  0
VERTEX
  8
1
 10
89.04
 20
-241.64
  0
VERTEX
  8
1
 10
88.69
 20
-242.14
  0
VERTEX
  8
1
 10
88.32
 20
-242.64
  0
VERTEX
  8
1
 10
87.95
 20
-243.12
  0
VERTEX
  8
1
 10
87.58
 20
-243.57
  0
VERTEX
  8
1
 10
87.20
 20
-244.01
  0
VERTEX
  8
1
 10
86.80
 20
-244.44
  0
VERTEX
  8
1
 10
86.40
 20
-244.85
  0
VERTEX
  8
1
 10
85.98
 20
-245.26
  0
VERTEX
  8
1
 10
85.55
 20
-245.65
  0
VERTEX
  8
1
 10
85.12
 20
-246.03
  0
VERTEX
  8
1
 10
84.67
 20
-246.40
  0
VERTEX
  8
1
 10
84.21
 20
-246.76
  0
VERTEX
  8
1
 10
83.74
 20
-247.10
  0
VERTEX
  8
1
 10
83.26
 20
-247.43
  0
VERTEX
  8
1
 10
82.78
 20
-247.75
  0
VERTEX
  8
1
 10
82.28
 20
-248.05
  0
VERTEX
  8
1
 10
81.78
 20
-248.34
  0
VERTEX
  8
1
 10
81.27
 20
-248.61
  0
VERTEX
  8
1
 10
80.75
 20
-248.88
  0
VERTEX
  8
1
 10
80.17
 20
-249.10
  0
VERTEX
  8
1
 10
79.59
 20
-249.31
  0
VERTEX
  8
1
 10
79.01
 20
-249.50
  0
VERTEX
  8
1
 10
78.42
 20
-249.68
  0
VERTEX
  8
1
 10
77.83
 20
-249.84
  0
VERTEX
  8
1
 10
77.23
 20
-249.99
  0
VERTEX
  8
1
 10
76.63
 20
-250.12
  0
VERTEX
  8
1
 10
76.02
 20
-250.24
  0
VERTEX
  8
1
 10
75.42
 20
-250.35
  0
VERTEX
  8
1
 10
74.81
 20
-250.44
  0
VERTEX
  8
1
 10
74.19
 20
-250.51
  0
VERTEX
  8
1
 10
73.58
 20
-250.57
  0
VERTEX
  8
1
 10
72.97
 20
-250.61
  0
VERTEX
  8
1
 10
72.35
 20
-250.64
  0
VERTEX
  8
1
 10
71.74
 20
-250.65
  0
VERTEX
  8
1
 10
71.12
 20
-250.65
  0
VERTEX
  8
1
 10
70.51
 20
-250.63
  0
VERTEX
  8
1
 10
69.89
 20
-250.60
  0
VERTEX
  8
1
 10
69.28
 20
-250.55
  0
VERTEX
  8
1
 10
68.67
 20
-250.49
  0
VERTEX
  8
1
 10
68.07
 20
-250.41
  0
VERTEX
  8
1
 10
67.46
 20
-250.31
  0
VERTEX
  8
1
 10
66.86
 20
-250.20
  0
VERTEX
  8
1
 10
66.26
 20
-250.08
  0
VERTEX
  8
1
 10
65.66
 20
-249.94
  0
VERTEX
  8
1
 10
65.07
 20
-249.79
  0
VERTEX
  8
1
 10
64.48
 20
-249.62
  0
VERTEX
  8
1
 10
63.89
 20
-249.43
  0
VERTEX
  8
1
 10
63.31
 20
-249.24
  0
VERTEX
  8
1
 10
62.74
 20
-249.02
  0
VERTEX
  8
1
 10
62.17
 20
-248.80
  0
VERTEX
  8
1
 10
61.60
 20
-248.55
  0
VERTEX
  8
1
 10
61.02
 20
-248.37
  0
VERTEX
  8
1
 10
60.46
 20
-248.12
  0
VERTEX
  8
1
 10
9.13
 20
-225.25
  0
VERTEX
  8
1
 10
0.03
 20
-221.20
  0
VERTEX
  8
1
 10
3.17
 20
-211.74
  0
VERTEX
  8
1
 10
4.43
 20
-207.94
  0
VERTEX
  8
1
 10
5.69
 20
-204.15
  0
VERTEX
  8
1
 10
6.93
 20
-200.34
  0
VERTEX
  8
1
 10
8.15
 20
-196.54
  0
VERTEX
  8
1
 10
9.36
 20
-192.72
  0
VERTEX
  8
1
 10
10.55
 20
-188.91
  0
VERTEX
  8
1
 10
11.73
 20
-185.08
  0
VERTEX
  8
1
 10
12.89
 20
-181.26
  0
VERTEX
  8
1
 10
13.66
 20
-178.69
  0
VERTEX
  8
1
 10
14.42
 20
-176.11
  0
VERTEX
  8
1
 10
15.16
 20
-173.53
  0
VERTEX
  8
1
 10
15.88
 20
-170.94
  0
VERTEX
  8
1
 10
16.59
 20
-168.35
  0
VERTEX
  8
1
 10
17.28
 20
-165.76
  0
VERTEX
  8
1
 10
17.96
 20
-163.16
  0
VERTEX
  8
1
 10
18.62
 20
-160.56
  0
VERTEX
  8
1
 10
19.64
 20
-156.89
  0
VERTEX
  8
1
 10
20.63
 20
-153.21
  0
VERTEX
  8
1
 10
21.59
 20
-149.53
  0
VERTEX
  8
1
 10
22.53
 20
-145.84
  0
VERTEX
  8
1
 10
23.44
 20
-142.14
  0
VERTEX
  8
1
 10
24.33
 20
-138.44
  0
VERTEX
  8
1
 10
25.18
 20
-134.73
  0
VERTEX
  8
1
 10
26.01
 20
-131.01
  0
VERTEX
  8
1
 10
26.81
 20
-127.29
  0
VERTEX
  8
1
 10
27.59
 20
-123.56
  0
VERTEX
  8
1
 10
28.33
 20
-119.83
  0
VERTEX
  8
1
 10
29.05
 20
-116.09
  0
VERTEX
  8
1
 10
29.75
 20
-112.35
  0
VERTEX
  8
1
 10
30.41
 20
-108.60
  0
VERTEX
  8
1
 10
31.05
 20
-104.84
  0
VERTEX
  8
1
 10
31.66
 20
-101.09
  0
VERTEX
  8
1
 10
32.41
 20
-96.29
  0
VERTEX
  8
1
 10
33.13
 20
-91.49
  0
VERTEX
  8
1
 10
33.83
 20
-86.68
  0
VERTEX
  8
1
 10
34.49
 20
-81.87
  0
VERTEX
  8
1
 10
35.13
 20
-77.06
  0
VERTEX
  8
1
 10
35.74
 20
-72.24
  0
VERTEX
  8
1
 10
36.32
 20
-67.42
  0
VERTEX
  8
1
 10
36.88
 20
-62.60
  0
VERTEX
  8
1
 10
37.41
 20
-57.77
  0
VERTEX
  8
1
 10
37.91
 20
-52.95
  0
VERTEX
  8
1
 10
38.38
 20
-48.11
  0
VERTEX
  8
1
 10
38.83
 20
-43.28
  0
VERTEX
  8
1
 10
39.24
 20
-38.44
  0
VERTEX
  8
1
 10
39.63
 20
-33.60
  0
VERTEX
  8
1
 10
40.00
 20
-28.76
  0
VERTEX
  8
1
 10
40.33
 20
-23.92
  0
SEQEND
  0
POINT
  8
2
 10
41.08
 20
8.00
  0
TEXT
  8
1
 10
41.08
 20
8.00
 40
8.00
  1
# 149
  0
POINT
  8
3
 10
40.33
 20
39.92
  0
TEXT
  8
1
 10
40.33
 20
39.92
 40
8.00
  1
# 150
  0
POINT
  8
3
 10
40.00
 20
44.76
  0
POINT
  8
3
 10
39.63
 20
49.60
  0
POINT
  8
3
 10
39.24
 20
54.44
  0
POINT
  8
3
 10
38.83
 20
59.28
  0
POINT
  8
3
 10
38.38
 20
64.11
  0
POINT
  8
3
 10
37.91
 20
68.95
  0
POINT
  8
3
 10
37.41
 20
73.77
  0
POINT
  8
3
 10
36.88
 20
78.60
  0
POINT
  8
3
 10
36.32
 20
83.42
  0
POINT
  8
3
 10
35.74
 20
88.24
  0
POINT
  8
3
 10
35.13
 20
93.06
  0
POINT
  8
3
 10
34.49
 20
97.87
  0
POINT
  8
3
 10
33.83
 20
102.68
  0
POINT
  8
3
 10
33.13
 20
107.49
  0
POINT
  8
3
 10
32.41
 20
112.29
  0
POINT
  8
3
 10
31.66
 20
117.08
  0
TEXT
  8
1
 10
31.66
 20
117.08
 40
8.00
  1
# 151
  0
POINT
  8
3
 10
31.05
 20
120.84
  0
POINT
  8
3
 10
30.41
 20
124.60
  0
POINT
  8
3
 10
29.75
 20
128.35
  0
POINT
  8
3
 10
29.05
 20
132.09
  0
POINT
  8
3
 10
28.33
 20
135.83
  0
POINT
  8
3
 10
27.59
 20
139.56
  0
POINT
  8
3
 10
26.81
 20
143.29
  0
POINT
  8
3
 10
26.01
 20
147.01
  0
POINT
  8
3
 10
25.18
 20
150.73
  0
POINT
  8
3
 10
24.32
 20
154.44
  0
POINT
  8
3
 10
23.44
 20
158.14
  0
POINT
  8
3
 10
22.53
 20
161.84
  0
POINT
  8
3
 10
21.59
 20
165.53
  0
POINT
  8
3
 10
20.63
 20
169.21
  0
POINT
  8
3
 10
19.64
 20
172.89
  0
POINT
  8
3
 10
18.62
 20
176.56
  0
TEXT
  8
1
 10
18.62
 20
176.56
 40
8.00
  1
# 152
  0
POINT
  8
3
 10
17.96
 20
179.16
  0
POINT
  8
3
 10
17.28
 20
181.76
  0
POINT
  8
3
 10
16.59
 20
184.35
  0
POINT
  8
3
 10
15.88
 20
186.94
  0
POINT
  8
3
 10
15.15
 20
189.53
  0
POINT
  8
3
 10
14.42
 20
192.11
  0
POINT
  8
3
 10
13.66
 20
194.69
  0
POINT
  8
3
 10
12.89
 20
197.26
  0
TEXT
  8
1
 10
12.89
 20
197.26
 40
8.00
  1
# 153
  0
POINT
  8
3
 10
11.73
 20
201.08
  0
POINT
  8
3
 10
10.55
 20
204.91
  0
POINT
  8
3
 10
9.36
 20
208.72
  0
POINT
  8
3
 10
8.15
 20
212.54
  0
POINT
  8
3
 10
6.93
 20
216.34
  0
POINT
  8
3
 10
5.69
 20
220.15
  0
POINT
  8
3
 10
4.43
 20
223.94
  0
POINT
  8
3
 10
3.17
 20
227.74
  0
TEXT
  8
1
 10
3.17
 20
227.74
 40
8.00
  1
# 154
  0
POINT
  8
2
 10
0.02
 20
237.20
  0
TEXT
  8
1
 10
0.02
 20
237.20
 40
8.00
  1
# 155
  0
POINT
  8
3
 10
9.13
 20
241.25
  0
TEXT
  8
1
 10
9.13
 20
241.25
 40
8.00
  1
# 156
  0
POINT
  8
3
 10
60.46
 20
264.12
  0
TEXT
  8
1
 10
60.46
 20
264.12
 40
8.00
  1
# 157
  0
POINT
  8
3
 10
61.02
 20
264.37
  0
TEXT
  8
1
 10
61.02
 20
264.37
 40
8.00
  1
# 158
  0
POINT
  8
3
 10
61.60
 20
264.55
  0
TEXT
  8
1
 10
61.60
 20
264.55
 40
8.00
  1
# 159
  0
POINT
  8
3
 10
62.17
 20
264.80
  0
POINT
  8
3
 10
62.74
 20
265.02
  0
POINT
  8
3
 10
63.31
 20
265.24
  0
POINT
  8
3
 10
63.89
 20
265.43
  0
POINT
  8
3
 10
64.48
 20
265.62
  0
POINT
  8
3
 10
65.07
 20
265.79
  0
POINT
  8
3
 10
65.66
 20
265.94
  0
POINT
  8
3
 10
66.26
 20
266.08
  0
POINT
  8
3
 10
66.86
 20
266.20
  0
POINT
  8
3
 10
67.46
 20
266.31
  0
POINT
  8
3
 10
68.07
 20
266.41
  0
POINT
  8
3
 10
68.67
 20
266.49
  0
POINT
  8
3
 10
69.28
 20
266.55
  0
POINT
  8
3
 10
69.89
 20
266.60
  0
POINT
  8
3
 10
70.51
 20
266.63
  0
POINT
  8
3
 10
71.12
 20
266.65
  0
TEXT
  8
1
 10
71.12
 20
266.65
 40
8.00
  1
# 160
  0
POINT
  8
3
 10
71.73
 20
266.65
  0
POINT
  8
3
 10
72.35
 20
266.64
  0
POINT
  8
3
 10
72.97
 20
266.61
  0
POINT
  8
3
 10
73.58
 20
266.57
  0
POINT
  8
3
 10
74.19
 20
266.51
  0
POINT
  8
3
 10
74.81
 20
266.44
  0
POINT
  8
3
 10
75.41
 20
266.35
  0
POINT
  8
3
 10
76.02
 20
266.24
  0
POINT
  8
3
 10
76.63
 20
266.12
  0
POINT
  8
3
 10
77.23
 20
265.99
  0
POINT
  8
3
 10
77.83
 20
265.84
  0
POINT
  8
3
 10
78.42
 20
265.68
  0
POINT
  8
3
 10
79.01
 20
265.50
  0
POINT
  8
3
 10
79.59
 20
265.31
  0
POINT
  8
3
 10
80.17
 20
265.10
  0
POINT
  8
3
 10
80.75
 20
264.88
  0
TEXT
  8
1
 10
80.75
 20
264.88
 40
8.00
  1
# 161
  0
POINT
  8
3
 10
81.27
 20
264.61
  0
POINT
  8
3
 10
81.78
 20
264.34
  0
POINT
  8
3
 10
82.28
 20
264.05
  0
POINT
  8
3
 10
82.78
 20
263.75
  0
POINT
  8
3
 10
83.26
 20
263.43
  0
POINT
  8
3
 10
83.74
 20
263.10
  0
POINT
  8
3
 10
84.21
 20
262.76
  0
POINT
  8
3
 10
84.67
 20
262.40
  0
POINT
  8
3
 10
85.12
 20
262.03
  0
POINT
  8
3
 10
85.55
 20
261.65
  0
POINT
  8
3
 10
85.98
 20
261.26
  0
POINT
  8
3
 10
86.40
 20
260.85
  0
POINT
  8
3
 10
86.80
 20
260.44
  0
POINT
  8
3
 10
87.20
 20
260.01
  0
POINT
  8
3
 10
87.58
 20
259.57
  0
POINT
  8
3
 10
87.95
 20
259.12
  0
TEXT
  8
1
 10
87.95
 20
259.12
 40
8.00
  1
# 162
  0
POINT
  8
3
 10
88.32
 20
258.64
  0
POINT
  8
3
 10
88.69
 20
258.14
  0
POINT
  8
3
 10
89.04
 20
257.64
  0
POINT
  8
3
 10
89.38
 20
257.13
  0
POINT
  8
3
 10
89.70
 20
256.60
  0
POINT
  8
3
 10
90.01
 20
256.08
  0
POINT
  8
3
 10
90.31
 20
255.54
  0
POINT
  8
3
 10
90.59
 20
254.99
  0
POINT
  8
3
 10
90.86
 20
254.44
  0
POINT
  8
3
 10
91.11
 20
253.88
  0
POINT
  8
3
 10
91.35
 20
253.31
  0
POINT
  8
3
 10
91.58
 20
252.74
  0
POINT
  8
3
 10
91.79
 20
252.17
  0
POINT
  8
3
 10
91.98
 20
251.58
  0
POINT
  8
3
 10
92.16
 20
250.99
  0
POINT
  8
3
 10
92.32
 20
250.40
  0
TEXT
  8
1
 10
92.32
 20
250.40
 40
8.00
  1
# 163
  0
POINT
  8
3
 10
92.54
 20
249.64
  0
TEXT
  8
1
 10
92.54
 20
249.64
 40
8.00
  1
# 164
  0
POINT
  8
3
 10
92.66
 20
248.86
  0
TEXT
  8
1
 10
92.66
 20
248.86
 40
8.00
  1
# 165
  0
POINT
  8
3
 10
93.71
 20
241.59
  0
POINT
  8
3
 10
94.74
 20
234.32
  0
POINT
  8
3
 10
95.75
 20
227.05
  0
POINT
  8
3
 10
96.74
 20
219.77
  0
POINT
  8
3
 10
97.71
 20
212.49
  0
POINT
  8
3
 10
98.66
 20
205.21
  0
POINT
  8
3
 10
99.59
 20
197.93
  0
POINT
  8
3
 10
100.50
 20
190.64
  0
POINT
  8
3
 10
101.38
 20
183.35
  0
POINT
  8
3
 10
102.25
 20
176.06
  0
POINT
  8
3
 10
103.09
 20
168.77
  0
POINT
  8
3
 10
103.92
 20
161.47
  0
POINT
  8
3
 10
104.72
 20
154.17
  0
POINT
  8
3
 10
105.50
 20
146.87
  0
POINT
  8
3
 10
106.27
 20
139.57
  0
POINT
  8
3
 10
107.01
 20
132.26
  0
TEXT
  8
1
 10
107.01
 20
132.26
 40
8.00
  1
# 166
  0
POINT
  8
3
 10
107.59
 20
126.35
  0
POINT
  8
3
 10
108.15
 20
120.44
  0
POINT
  8
3
 10
108.69
 20
114.53
  0
POINT
  8
3
 10
109.20
 20
108.61
  0
POINT
  8
3
 10
109.70
 20
102.69
  0
POINT
  8
3
 10
110.18
 20
96.77
  0
POINT
  8
3
 10
110.63
 20
90.85
  0
POINT
  8
3
 10
111.07
 20
84.93
  0
POINT
  8
3
 10
111.48
 20
79.01
  0
POINT
  8
3
 10
111.87
 20
73.08
  0
POINT
  8
3
 10
112.24
 20
67.16
  0
POINT
  8
3
 10
112.60
 20
61.23
  0
POINT
  8
3
 10
112.93
 20
55.30
  0
POINT
  8
3
 10
113.23
 20
49.37
  0
POINT
  8
3
 10
113.52
 20
43.44
  0
POINT
  8
3
 10
113.79
 20
37.51
  0
TEXT
  8
1
 10
113.79
 20
37.51
 40
8.00
  1
# 167
  0
POINT
  8
3
 10
113.86
 20
8.02
  0
TEXT
  8
1
 10
113.86
 20
8.02
 40
8.00
  1
# 168
  0
POINT
  8
3
 10
113.79
 20
-21.51
  0
TEXT
  8
1
 10
113.79
 20
-21.51
 40
8.00
  1
# 169
  0
POINT
  8
3
 10
113.52
 20
-27.44
  0
POINT
  8
3
 10
113.24
 20
-33.37
  0
POINT
  8
3
 10
112.93
 20
-39.30
  0
POINT
  8
3
 10
112.60
 20
-45.23
  0
POINT
  8
3
 10
112.24
 20
-51.16
  0
POINT
  8
3
 10
111.87
 20
-57.08
  0
POINT
  8
3
 10
111.48
 20
-63.01
  0
POINT
  8
3
 10
111.07
 20
-68.93
  0
POINT
  8
3
 10
110.63
 20
-74.85
  0
POINT
  8
3
 10
110.18
 20
-80.77
  0
POINT
  8
3
 10
109.70
 20
-86.69
  0
POINT
  8
3
 10
109.20
 20
-92.61
  0
POINT
  8
3
 10
108.69
 20
-98.53
  0
POINT
  8
3
 10
108.15
 20
-104.44
  0
POINT
  8
3
 10
107.59
 20
-110.35
  0
POINT
  8
3
 10
107.01
 20
-116.26
  0
TEXT
  8
1
 10
107.01
 20
-116.26
 40
8.00
  1
# 170
  0
POINT
  8
3
 10
106.27
 20
-123.57
  0
POINT
  8
3
 10
105.50
 20
-130.87
  0
POINT
  8
3
 10
104.72
 20
-138.17
  0
POINT
  8
3
 10
103.92
 20
-145.47
  0
POINT
  8
3
 10
103.09
 20
-152.77
  0
POINT
  8
3
 10
102.25
 20
-160.06
  0
POINT
  8
3
 10
101.38
 20
-167.35
  0
POINT
  8
3
 10
100.50
 20
-174.64
  0
POINT
  8
3
 10
99.59
 20
-181.93
  0
POINT
  8
3
 10
98.66
 20
-189.21
  0
POINT
  8
3
 10
97.71
 20
-196.49
  0
POINT
  8
3
 10
96.74
 20
-203.77
  0
POINT
  8
3
 10
95.75
 20
-211.05
  0
POINT
  8
3
 10
94.74
 20
-218.32
  0
POINT
  8
3
 10
93.71
 20
-225.59
  0
POINT
  8
3
 10
92.66
 20
-232.86
  0
TEXT
  8
1
 10
92.66
 20
-232.86
 40
8.00
  1
# 171
  0
POINT
  8
3
 10
92.55
 20
-233.64
  0
TEXT
  8
1
 10
92.55
 20
-233.64
 40
8.00
  1
# 172
  0
POINT
  8
3
 10
92.32
 20
-234.40
  0
TEXT
  8
1
 10
92.32
 20
-234.40
 40
8.00
  1
# 173
  0
POINT
  8
3
 10
92.16
 20
-234.99
  0
POINT
  8
3
 10
91.98
 20
-235.58
  0
POINT
  8
3
 10
91.79
 20
-236.17
  0
POINT
  8
3
 10
91.58
 20
-236.74
  0
POINT
  8
3
 10
91.35
 20
-237.31
  0
POINT
  8
3
 10
91.11
 20
-237.88
  0
POINT
  8
3
 10
90.86
 20
-238.44
  0
POINT
  8
3
 10
90.59
 20
-238.99
  0
POINT
  8
3
 10
90.31
 20
-239.54
  0
POINT
  8
3
 10
90.01
 20
-240.08
  0
POINT
  8
3
 10
89.70
 20
-240.61
  0
POINT
  8
3
 10
89.38
 20
-241.13
  0
POINT
  8
3
 10
89.04
 20
-241.64
  0
POINT
  8
3
 10
88.69
 20
-242.14
  0
POINT
  8
3
 10
88.32
 20
-242.64
  0
POINT
  8
3
 10
87.95
 20
-243.12
  0
TEXT
  8
1
 10
87.95
 20
-243.12
 40
8.00
  1
# 174
  0
POINT
  8
3
 10
87.58
 20
-243.57
  0
POINT
  8
3
 10
87.20
 20
-244.01
  0
POINT
  8
3
 10
86.80
 20
-244.44
  0
POINT
  8
3
 10
86.40
 20
-244.85
  0
POINT
  8
3
 10
85.98
 20
-245.26
  0
POINT
  8
3
 10
85.55
 20
-245.65
  0
POINT
  8
3
 10
85.12
 20
-246.03
  0
POINT
  8
3
 10
84.67
 20
-246.40
  0
POINT
  8
3
 10
84.21
 20
-246.76
  0
POINT
  8
3
 10
83.74
 20
-247.10
  0
POINT
  8
3
 10
83.26
 20
-247.43
  0
POINT
  8
3
 10
82.78
 20
-247.75
  0
POINT
  8
3
 10
82.28
 20
-248.05
  0
POINT
  8
3
 10
81.78
 20
-248.34
  0
POINT
  8
3
 10
81.27
 20
-248.61
  0
POINT
  8
3
 10
80.75
 20
-248.88
  0
TEXT
  8
1
 10
80.75
 20
-248.88
 40
8.00
  1
# 175
  0
POINT
  8
3
 10
80.17
 20
-249.10
  0
POINT
  8
3
 10
79.59
 20
-249.31
  0
POINT
  8
3
 10
79.01
 20
-249.50
  0
POINT
  8
3
 10
78.42
 20
-249.68
  0
POINT
  8
3
 10
77.83
 20
-249.84
  0
POINT
  8
3
 10
77.23
 20
-249.99
  0
POINT
  8
3
 10
76.63
 20
-250.12
  0
POINT
  8
3
 10
76.02
 20
-250.24
  0
POINT
  8
3
 10
75.42
 20
-250.35
  0
POINT
  8
3
 10
74.81
 20
-250.44
  0
POINT
  8
3
 10
74.19
 20
-250.51
  0
POINT
  8
3
 10
73.58
 20
-250.57
  0
POINT
  8
3
 10
72.97
 20
-250.61
  0
POINT
  8
3
 10
72.35
 20
-250.64
  0
POINT
  8
3
 10
71.74
 20
-250.65
  0
POINT
  8
3
 10
71.12
 20
-250.65
  0
TEXT
  8
1
 10
71.12
 20
-250.65
 40
8.00
  1
# 176
  0
POINT
  8
3
 10
70.51
 20
-250.63
  0
POINT
  8
3
 10
69.89
 20
-250.60
  0
POINT
  8
3
 10
69.28
 20
-250.55
  0
POINT
  8
3
 10
68.67
 20
-250.49
  0
POINT
  8
3
 10
68.07
 20
-250.41
  0
POINT
  8
3
 10
67.46
 20
-250.31
  0
POINT
  8
3
 10
66.86
 20
-250.20
  0
POINT
  8
3
 10
66.26
 20
-250.08
  0
POINT
  8
3
 10
65.66
 20
-249.94
  0
POINT
  8
3
 10
65.07
 20
-249.79
  0
POINT
  8
3
 10
64.48
 20
-249.62
  0
POINT
  8
3
 10
63.89
 20
-249.43
  0
POINT
  8
3
 10
63.31
 20
-249.24
  0
POINT
  8
3
 10
62.74
 20
-249.02
  0
POINT
  8
3
 10
62.17
 20
-248.80
  0
POINT
  8
3
 10
61.60
 20
-248.55
  0
TEXT
  8
1
 10
61.60
 20
-248.55
 40
8.00
  1
# 177
  0
POINT
  8
3
 10
61.02
 20
-248.37
  0
TEXT
  8
1
 10
61.02
 20
-248.37
 40
8.00
  1
# 178
  0
POINT
  8
3
 10
60.46
 20
-248.12
  0
TEXT
  8
1
 10
60.46
 20
-248.12
 40
8.00
  1
# 179
  0
POINT
  8
3
 10
9.13
 20
-225.25
  0
TEXT
  8
1
 10
9.13
 20
-225.25
 40
8.00
  1
# 180
  0
POINT
  8
2
 10
0.03
 20
-221.20
  0
TEXT
  8
1
 10
0.03
 20
-221.20
 40
8.00
  1
# 181
  0
POINT
  8
3
 10
3.17
 20
-211.74
  0
TEXT
  8
1
 10
3.17
 20
-211.74
 40
8.00
  1
# 182
  0
POINT
  8
3
 10
4.43
 20
-207.94
  0
POINT
  8
3
 10
5.69
 20
-204.15
  0
POINT
  8
3
 10
6.93
 20
-200.34
  0
POINT
  8
3
 10
8.15
 20
-196.54
  0
POINT
  8
3
 10
9.36
 20
-192.72
  0
POINT
  8
3
 10
10.55
 20
-188.91
  0
POINT
  8
3
 10
11.73
 20
-185.08
  0
POINT
  8
3
 10
12.89
 20
-181.26
  0
TEXT
  8
1
 10
12.89
 20
-181.26
 40
8.00
  1
# 183
  0
POINT
  8
3
 10
13.66
 20
-178.69
  0
POINT
  8
3
 10
14.42
 20
-176.11
  0
POINT
  8
3
 10
15.16
 20
-173.53
  0
POINT
  8
3
 10
15.88
 20
-170.94
  0
POINT
  8
3
 10
16.59
 20
-168.35
  0
POINT
  8
3
 10
17.28
 20
-165.76
  0
POINT
  8
3
 10
17.96
 20
-163.16
  0
POINT
  8
3
 10
18.62
 20
-160.56
  0
TEXT
  8
1
 10
18.62
 20
-160.56
 40
8.00
  1
# 184
  0
POINT
  8
3
 10
19.64
 20
-156.89
  0
POINT
  8
3
 10
20.63
 20
-153.21
  0
POINT
  8
3
 10
21.59
 20
-149.53
  0
POINT
  8
3
 10
22.53
 20
-145.84
  0
POINT
  8
3
 10
23.44
 20
-142.14
  0
POINT
  8
3
 10
24.33
 20
-138.44
  0
POINT
  8
3
 10
25.18
 20
-134.73
  0
POINT
  8
3
 10
26.01
 20
-131.01
  0
POINT
  8
3
 10
26.81
 20
-127.29
  0
POINT
  8
3
 10
27.59
 20
-123.56
  0
POINT
  8
3
 10
28.33
 20
-119.83
  0
POINT
  8
3
 10
29.05
 20
-116.09
  0
POINT
  8
3
 10
29.75
 20
-112.35
  0
POINT
  8
3
 10
30.41
 20
-108.60
  0
POINT
  8
3
 10
31.05
 20
-104.84
  0
POINT
  8
3
 10
31.66
 20
-101.09
  0
TEXT
  8
1
 10
31.66
 20
-101.09
 40
8.00
  1
# 185
  0
POINT
  8
3
 10
32.41
 20
-96.29
  0
POINT
  8
3
 10
33.13
 20
-91.49
  0
POINT
  8
3
 10
33.83
 20
-86.68
  0
POINT
  8
3
 10
34.49
 20
-81.87
  0
POINT
  8
3
 10
35.13
 20
-77.06
  0
POINT
  8
3
 10
35.74
 20
-72.24
  0
POINT
  8
3
 10
36.32
 20
-67.42
  0
POINT
  8
3
 10
36.88
 20
-62.60
  0
POINT
  8
3
 10
37.41
 20
-57.77
  0
POINT
  8
3
 10
37.91
 20
-52.95
  0
POINT
  8
3
 10
38.38
 20
-48.11
  0
POINT
  8
3
 10
38.83
 20
-43.28
  0
POINT
  8
3
 10
39.24
 20
-38.44
  0
POINT
  8
3
 10
39.63
 20
-33.60
  0
POINT
  8
3
 10
40.00
 20
-28.76
  0
POINT
  8
3
 10
40.33
 20
-23.92
  0
TEXT
  8
1
 10
40.33
 20
-23.92
 40
8.00
  1
# 186
  0
POINT
  8
2
 10
41.08
 20
8.00
  0
TEXT
  8
1
 10
41.08
 20
8.00
 40
8.00
  1
# 149
  0
TEXT
  8
19
 10
65.56
 20
-122.67
 40
4.00
  1
ALL RAW
 50
-96.71
 51
-0.00
  0
TEXT
  8
19
 10
59.92
 20
204.36
 40
4.00
  1
ALL RAW
 50
-76.71
 41
1.00
 51
-0.00
  0
TEXT
  8
4
 10
41.08
 20
8.00
 40
8.00
  1
# 187
  0
POINT
  8
4
 10
41.08
 20
8.00
 30
10.00
 50
-1.348578
  0
TEXT
  8
4
 10
113.86
 20
8.02
 40
8.00
  1
# 188
  0
POINT
  8
4
 10
113.86
 20
8.02
 30
10.00
 50
179.874102
  0
TEXT
  8
1
 10
0.02
 20
-270.65
 40
8.00
  1
Piece Name: CLR
  0
TEXT
  8
1
 10
0.02
 20
-280.65
 40
8.00
  1
Size: S
  0
TEXT
  8
1
 10
0.02
 20
-290.65
 40
8.00
  1
Annotation: ORFATTI PROD(4 FEB26)
  0
TEXT
  8
1
 10
0.02
 20
-300.65
 40
8.00
  1
Quantity: 1
  0
TEXT
  8
1
 10
0.02
 20
-310.65
 40
8.00
  1
Category: X 2
  0
ENDBLK
  0
BLOCK
  2
PKT_____S
  8
1
 10
0.00
 20
0.00
 70
64
  0
POLYLINE
  8
14
 10
0
 20
0
 66
1
 70
1
  0
VERTEX
  8
14
 10
23.84
 20
50.81
  0
VERTEX
  8
14
 10
98.87
 20
50.54
  0
VERTEX
  8
14
 10
238.01
 20
50.41
  0
VERTEX
  8
14
 10
239.09
 20
50.41
  0
VERTEX
  8
14
 10
243.42
 20
-69.94
  0
VERTEX
  8
14
 10
51.64
 20
-75.52
  0
VERTEX
  8
14
 10
50.23
 20
-71.53
  0
VERTEX
  8
14
 10
48.84
 20
-67.54
  0
VERTEX
  8
14
 10
47.49
 20
-63.53
  0
VERTEX
  8
14
 10
46.17
 20
-59.51
  0
VERTEX
  8
14
 10
44.89
 20
-55.48
  0
VERTEX
  8
14
 10
43.63
 20
-51.44
  0
VERTEX
  8
14
 10
42.41
 20
-47.38
  0
VERTEX
  8
14
 10
41.22
 20
-43.32
  0
VERTEX
  8
14
 10
40.07
 20
-39.25
  0
VERTEX
  8
14
 10
38.94
 20
-35.18
  0
VERTEX
  8
14
 10
37.85
 20
-31.09
  0
VERTEX
  8
14
 10
36.79
 20
-26.99
  0
VERTEX
  8
14
 10
35.77
 20
-22.89
  0
VERTEX
  8
14
 10
34.77
 20
-18.77
  0
VERTEX
  8
14
 10
33.81
 20
-14.65
  0
VERTEX
  8
14
 10
32.89
 20
-10.52
  0
VERTEX
  8
14
 10
32.07
 20
-6.74
  0
VERTEX
  8
14
 10
31.29
 20
-2.95
  0
VERTEX
  8
14
 10
30.54
 20
0.85
  0
VERTEX
  8
14
 10
29.82
 20
4.65
  0
VERTEX
  8
14
 10
29.14
 20
8.46
  0
VERTEX
  8
14
 10
28.49
 20
12.27
  0
VERTEX
  8
14
 10
27.87
 20
16.09
  0
VERTEX
  8
14
 10
27.29
 20
19.92
  0
VERTEX
  8
14
 10
26.74
 20
23.75
  0
VERTEX
  8
14
 10
26.23
 20
27.59
  0
VERTEX
  8
14
 10
25.75
 20
31.43
  0
VERTEX
  8
14
 10
25.30
 20
35.27
  0
VERTEX
  8
14
 10
24.88
 20
39.12
  0
VERTEX
  8
14
 10
24.50
 20
42.97
  0
VERTEX
  8
14
 10
24.16
 20
46.82
  0
VERTEX
  8
14
 10
23.84
 20
50.68
  0
SEQEND
  0
POINT
  8
2
 10
23.84
 20
50.81
  0
TEXT
  8
14
 10
23.84
 20
50.81
 40
8.00
  1
# 189
  0
POINT
  8
3
 10
98.87
 20
50.54
  0
TEXT
  8
14
 10
98.87
 20
50.54
 40
8.00
  1
# 190
  0
POINT
  8
3
 10
238.01
 20
50.41
  0
TEXT
  8
14
 10
238.01
 20
50.41
 40
8.00
  1
# 191
  0
POINT
  8
2
 10
239.09
 20
50.41
  0
TEXT
  8
14
 10
239.09
 20
50.41
 40
8.00
  1
# 192
  0
POINT
  8
2
 10
243.42
 20
-69.94
  0
TEXT
  8
14
 10
243.42
 20
-69.94
 40
8.00
  1
# 193
  0
POINT
  8
2
 10
51.64
 20
-75.52
  0
TEXT
  8
14
 10
51.64
 20
-75.52
 40
8.00
  1
# 194
  0
POINT
  8
3
 10
50.23
 20
-71.53
  0
POINT
  8
3
 10
48.84
 20
-67.54
  0
POINT
  8
3
 10
47.49
 20
-63.53
  0
POINT
  8
3
 10
46.17
 20
-59.51
  0
POINT
  8
3
 10
44.89
 20
-55.48
  0
POINT
  8
3
 10
43.63
 20
-51.44
  0
POINT
  8
3
 10
42.41
 20
-47.38
  0
POINT
  8
3
 10
41.22
 20
-43.32
  0
POINT
  8
3
 10
40.07
 20
-39.25
  0
POINT
  8
3
 10
38.94
 20
-35.18
  0
POINT
  8
3
 10
37.85
 20
-31.09
  0
POINT
  8
3
 10
36.79
 20
-26.99
  0
POINT
  8
3
 10
35.77
 20
-22.89
  0
POINT
  8
3
 10
34.77
 20
-18.77
  0
POINT
  8
3
 10
33.81
 20
-14.65
  0
POINT
  8
3
 10
32.89
 20
-10.52
  0
TEXT
  8
14
 10
32.89
 20
-10.52
 40
8.00
  1
# 195
  0
POINT
  8
3
 10
32.07
 20
-6.74
  0
POINT
  8
3
 10
31.29
 20
-2.95
  0
POINT
  8
3
 10
30.54
 20
0.85
  0
POINT
  8
3
 10
29.82
 20
4.65
  0
POINT
  8
3
 10
29.14
 20
8.46
  0
POINT
  8
3
 10
28.49
 20
12.27
  0
POINT
  8
3
 10
27.87
 20
16.09
  0
POINT
  8
3
 10
27.29
 20
19.92
  0
POINT
  8
3
 10
26.74
 20
23.75
  0
POINT
  8
3
 10
26.23
 20
27.59
  0
POINT
  8
3
 10
25.75
 20
31.43
  0
POINT
  8
3
 10
25.30
 20
35.27
  0
POINT
  8
3
 10
24.88
 20
39.12
  0
POINT
  8
3
 10
24.50
 20
42.97
  0
POINT
  8
3
 10
24.16
 20
46.82
  0
POINT
  8
3
 10
23.84
 20
50.68
  0
POINT
  8
2
 10
23.84
 20
50.81
  0
TEXT
  8
14
 10
23.84
 20
50.81
 40
8.00
  1
# 189
  0
POLYLINE
  8
1
 10
0
 20
0
 66
1
 70
1
  0
VERTEX
  8
1
 10
11.50
 20
66.85
  0
VERTEX
  8
1
 10
23.89
 20
66.81
  0
VERTEX
  8
1
 10
98.90
 20
66.54
  0
VERTEX
  8
1
 10
238.03
 20
66.41
  0
VERTEX
  8
1
 10
239.11
 20
66.41
  0
VERTEX
  8
1
 10
249.53
 20
66.40
  0
VERTEX
  8
1
 10
250.09
 20
50.81
  0
VERTEX
  8
1
 10
254.41
 20
-69.54
  0
VERTEX
  8
1
 10
254.81
 20
-80.62
  0
VERTEX
  8
1
 10
243.71
 20
-80.93
  0
VERTEX
  8
1
 10
51.96
 20
-86.52
  0
VERTEX
  8
1
 10
43.95
 20
-86.75
  0
VERTEX
  8
1
 10
41.27
 20
-79.20
  0
VERTEX
  8
1
 10
39.83
 20
-75.13
  0
VERTEX
  8
1
 10
38.42
 20
-71.05
  0
VERTEX
  8
1
 10
37.04
 20
-66.96
  0
VERTEX
  8
1
 10
35.70
 20
-62.86
  0
VERTEX
  8
1
 10
34.38
 20
-58.75
  0
VERTEX
  8
1
 10
33.10
 20
-54.63
  0
VERTEX
  8
1
 10
31.86
 20
-50.49
  0
VERTEX
  8
1
 10
30.64
 20
-46.35
  0
VERTEX
  8
1
 10
29.46
 20
-42.20
  0
VERTEX
  8
1
 10
28.32
 20
-38.04
  0
VERTEX
  8
1
 10
27.20
 20
-33.87
  0
VERTEX
  8
1
 10
26.13
 20
-29.69
  0
VERTEX
  8
1
 10
25.08
 20
-25.50
  0
VERTEX
  8
1
 10
24.07
 20
-21.30
  0
VERTEX
  8
1
 10
23.09
 20
-17.10
  0
VERTEX
  8
1
 10
22.14
 20
-12.89
  0
VERTEX
  8
1
 10
21.31
 20
-9.01
  0
VERTEX
  8
1
 10
20.51
 20
-5.13
  0
VERTEX
  8
1
 10
19.74
 20
-1.24
  0
VERTEX
  8
1
 10
19.01
 20
2.66
  0
VERTEX
  8
1
 10
18.31
 20
6.56
  0
VERTEX
  8
1
 10
17.64
 20
10.47
  0
VERTEX
  8
1
 10
17.01
 20
14.38
  0
VERTEX
  8
1
 10
16.42
 20
18.30
  0
VERTEX
  8
1
 10
15.85
 20
22.22
  0
VERTEX
  8
1
 10
15.33
 20
26.15
  0
VERTEX
  8
1
 10
14.83
 20
30.09
  0
VERTEX
  8
1
 10
14.37
 20
34.02
  0
VERTEX
  8
1
 10
13.95
 20
37.97
  0
VERTEX
  8
1
 10
13.56
 20
41.91
  0
VERTEX
  8
1
 10
13.20
 20
45.86
  0
VERTEX
  8
1
 10
12.88
 20
49.81
  0
VERTEX
  8
1
 10
12.87
 20
49.92
  0
SEQEND
  0
POINT
  8
2
 10
11.50
 20
66.85
  0
TEXT
  8
1
 10
11.50
 20
66.85
 40
8.00
  1
# 196
  0
POINT
  8
3
 10
23.89
 20
66.81
  0
TEXT
  8
1
 10
23.89
 20
66.81
 40
8.00
  1
# 197
  0
POINT
  8
3
 10
98.90
 20
66.54
  0
TEXT
  8
1
 10
98.90
 20
66.54
 40
8.00
  1
# 198
  0
POINT
  8
3
 10
238.03
 20
66.41
  0
TEXT
  8
1
 10
238.03
 20
66.41
 40
8.00
  1
# 199
  0
POINT
  8
3
 10
239.11
 20
66.41
  0
TEXT
  8
1
 10
239.11
 20
66.41
 40
8.00
  1
# 200
  0
POINT
  8
2
 10
249.53
 20
66.40
  0
TEXT
  8
1
 10
249.53
 20
66.40
 40
8.00
  1
# 201
  0
POINT
  8
3
 10
250.09
 20
50.81
  0
TEXT
  8
1
 10
250.09
 20
50.81
 40
8.00
  1
# 202
  0
POINT
  8
3
 10
254.41
 20
-69.54
  0
TEXT
  8
1
 10
254.41
 20
-69.54
 40
8.00
  1
# 203
  0
POINT
  8
2
 10
254.81
 20
-80.62
  0
TEXT
  8
1
 10
254.81
 20
-80.62
 40
8.00
  1
# 204
  0
POINT
  8
3
 10
243.71
 20
-80.93
  0
TEXT
  8
1
 10
243.71
 20
-80.93
 40
8.00
  1
# 205
  0
POINT
  8
3
 10
51.96
 20
-86.52
  0
TEXT
  8
1
 10
51.96
 20
-86.52
 40
8.00
  1
# 206
  0
POINT
  8
2
 10
43.95
 20
-86.75
  0
TEXT
  8
1
 10
43.95
 20
-86.75
 40
8.00
  1
# 207
  0
POINT
  8
3
 10
41.27
 20
-79.20
  0
TEXT
  8
1
 10
41.27
 20
-79.20
 40
8.00
  1
# 208
  0
POINT
  8
3
 10
39.83
 20
-75.13
  0
POINT
  8
3
 10
38.42
 20
-71.05
  0
POINT
  8
3
 10
37.04
 20
-66.96
  0
POINT
  8
3
 10
35.70
 20
-62.86
  0
POINT
  8
3
 10
34.38
 20
-58.75
  0
POINT
  8
3
 10
33.10
 20
-54.63
  0
POINT
  8
3
 10
31.86
 20
-50.49
  0
POINT
  8
3
 10
30.64
 20
-46.35
  0
POINT
  8
3
 10
29.46
 20
-42.20
  0
POINT
  8
3
 10
28.32
 20
-38.04
  0
POINT
  8
3
 10
27.20
 20
-33.87
  0
POINT
  8
3
 10
26.13
 20
-29.69
  0
POINT
  8
3
 10
25.08
 20
-25.50
  0
POINT
  8
3
 10
24.07
 20
-21.30
  0
POINT
  8
3
 10
23.09
 20
-17.10
  0
POINT
  8
3
 10
22.14
 20
-12.89
  0
TEXT
  8
1
 10
22.14
 20
-12.89
 40
8.00
  1
# 209
  0
POINT
  8
3
 10
21.31
 20
-9.01
  0
POINT
  8
3
 10
20.51
 20
-5.13
  0
POINT
  8
3
 10
19.74
 20
-1.24
  0
POINT
  8
3
 10
19.01
 20
2.66
  0
POINT
  8
3
 10
18.31
 20
6.56
  0
POINT
  8
3
 10
17.64
 20
10.47
  0
POINT
  8
3
 10
17.01
 20
14.38
  0
POINT
  8
3
 10
16.42
 20
18.30
  0
POINT
  8
3
 10
15.85
 20
22.22
  0
POINT
  8
3
 10
15.33
 20
26.15
  0
POINT
  8
3
 10
14.83
 20
30.09
  0
POINT
  8
3
 10
14.37
 20
34.02
  0
POINT
  8
3
 10
13.95
 20
37.97
  0
POINT
  8
3
 10
13.56
 20
41.91
  0
POINT
  8
3
 10
13.20
 20
45.86
  0
POINT
  8
3
 10
12.88
 20
49.81
  0
TEXT
  8
1
 10
12.88
 20
49.81
 40
8.00
  1
# 210
  0
POINT
  8
3
 10
12.87
 20
49.92
  0
POINT
  8
2
 10
11.50
 20
66.85
  0
TEXT
  8
1
 10
11.50
 20
66.85
 40
8.00
  1
# 196
  0
TEXT
  8
1
 10
11.50
 20
-106.75
 40
8.00
  1
Piece Name: PKT     
  0
TEXT
  8
1
 10
11.50
 20
-116.75
 40
8.00
  1
Size: S
  0
TEXT
  8
1
 10
11.50
 20
-126.75
 40
8.00
  1
Annotation: ORFATTI PROD(4 FEB26)
  0
TEXT
  8
1
 10
11.50
 20
-136.75
 40
8.00
  1
Quantity: 1
  0
TEXT
  8
1
 10
11.50
 20
-146.75
 40
8.00
  1
Category: X 2
  0
ENDBLK
  0
BLOCK
  2
CUFFS
  8
1
 10
0.00
 20
0.00
 70
64
  0
POLYLINE
  8
14
 10
0
 20
0
 66
1
 70
1
  0
VERTEX
  8
14
 10
265.08
 20
-25.00
  0
VERTEX
  8
14
 10
22.00
 20
-25.00
  0
VERTEX
  8
14
 10
22.00
 20
24.99
  0
VERTEX
  8
14
 10
42.11
 20
25.00
  0
VERTEX
  8
14
 10
163.61
 20
24.99
  0
VERTEX
  8
14
 10
265.08
 20
24.99
  0
SEQEND
  0
POINT
  8
2
 10
265.08
 20
-25.00
  0
TEXT
  8
14
 10
265.08
 20
-25.00
 40
8.00
  1
# 211
  0
POINT
  8
2
 10
22.00
 20
-25.00
  0
TEXT
  8
14
 10
22.00
 20
-25.00
 40
8.00
  1
# 212
  0
POINT
  8
2
 10
22.00
 20
24.99
  0
TEXT
  8
14
 10
22.00
 20
24.99
 40
8.00
  1
# 213
  0
POINT
  8
3
 10
42.11
 20
25.00
  0
TEXT
  8
14
 10
42.11
 20
25.00
 40
8.00
  1
# 214
  0
POINT
  8
3
 10
163.61
 20
24.99
  0
TEXT
  8
14
 10
163.61
 20
24.99
 40
8.00
  1
# 1
  0
POINT
  8
2
 10
265.08
 20
24.99
  0
TEXT
  8
14
 10
265.08
 20
24.99
 40
8.00
  1
# 215
  0
POINT
  8
2
 10
265.08
 20
-25.00
  0
TEXT
  8
14
 10
265.08
 20
-25.00
 40
8.00
  1
# 211
  0
POLYLINE
  8
1
 10
0
 20
0
 66
1
 70
1
  0
VERTEX
  8
1
 10
277.08
 20
-37.00
  0
VERTEX
  8
1
 10
265.08
 20
-37.00
  0
VERTEX
  8
1
 10
22.00
 20
-37.00
  0
VERTEX
  8
1
 10
10.00
 20
-37.00
  0
VERTEX
  8
1
 10
10.00
 20
-25.00
  0
VERTEX
  8
1
 10
10.00
 20
24.99
  0
VERTEX
  8
1
 10
10.00
 20
36.99
  0
VERTEX
  8
1
 10
22.00
 20
36.99
  0
VERTEX
  8
1
 10
42.11
 20
37.00
  0
VERTEX
  8
1
 10
163.61
 20
36.99
  0
VERTEX
  8
1
 10
265.08
 20
36.99
  0
VERTEX
  8
1
 10
277.08
 20
36.99
  0
VERTEX
  8
1
 10
277.08
 20
24.99
  0
VERTEX
  8
1
 10
277.08
 20
-25.00
  0
SEQEND
  0
POINT
  8
2
 10
277.08
 20
-37.00
  0
TEXT
  8
1
 10
277.08
 20
-37.00
 40
8.00
  1
# 216
  0
POINT
  8
3
 10
265.08
 20
-37.00
  0
TEXT
  8
1
 10
265.08
 20
-37.00
 40
8.00
  1
# 217
  0
POINT
  8
3
 10
22.00
 20
-37.00
  0
TEXT
  8
1
 10
22.00
 20
-37.00
 40
8.00
  1
# 218
  0
POINT
  8
2
 10
10.00
 20
-37.00
  0
TEXT
  8
1
 10
10.00
 20
-37.00
 40
8.00
  1
# 219
  0
POINT
  8
3
 10
10.00
 20
-25.00
  0
TEXT
  8
1
 10
10.00
 20
-25.00
 40
8.00
  1
# 220
  0
POINT
  8
3
 10
10.00
 20
24.99
  0
TEXT
  8
1
 10
10.00
 20
24.99
 40
8.00
  1
# 221
  0
POINT
  8
2
 10
10.00
 20
36.99
  0
TEXT
  8
1
 10
10.00
 20
36.99
 40
8.00
  1
# 222
  0
POINT
  8
3
 10
22.00
 20
36.99
  0
TEXT
  8
1
 10
22.00
 20
36.99
 40
8.00
  1
# 223
  0
POINT
  8
2
 10
42.11
 20
37.00
  0
TEXT
  8
1
 10
42.11
 20
37.00
 40
8.00
  1
# 224
  0
POINT
  8
2
 10
42.11
 20
37.00
  0
TEXT
  8
1
 10
42.11
 20
37.00
 40
8.00
  1
# 225
  0
POINT
  8
2
 10
163.61
 20
36.99
  0
TEXT
  8
1
 10
163.61
 20
36.99
 40
8.00
  1
# 226
  0
POINT
  8
2
 10
163.61
 20
36.99
  0
TEXT
  8
1
 10
163.61
 20
36.99
 40
8.00
  1
# 227
  0
POINT
  8
3
 10
265.08
 20
36.99
  0
TEXT
  8
1
 10
265.08
 20
36.99
 40
8.00
  1
# 228
  0
POINT
  8
2
 10
277.08
 20
36.99
  0
TEXT
  8
1
 10
277.08
 20
36.99
 40
8.00
  1
# 229
  0
POINT
  8
2
 10
277.08
 20
24.99
  0
TEXT
  8
1
 10
277.08
 20
24.99
 40
8.00
  1
# 230
  0
POINT
  8
2
 10
277.08
 20
-25.00
  0
TEXT
  8
1
 10
277.08
 20
-25.00
 40
8.00
  1
# 231
  0
POINT
  8
2
 10
277.08
 20
-37.00
  0
TEXT
  8
1
 10
277.08
 20
-37.00
 40
8.00
  1
# 216
  0
POINT
  8
8
 10
35.304077148438
 20
0.0073394775390589
  0
POINT
  8
2
 10
35.30
 20
0.01
  0
TEXT
  8
8
 10
35.30
 20
0.01
 40
8.00
  1
# 232
  0
POINT
  8
2
 10
35.30
 20
0.01
  0
TEXT
  8
8
 10
35.30
 20
0.01
 40
8.00
  1
# 233
  0
LINE
  8
8
 10
35.30
 20
0.01
 11
50.30
 21
0.00
  0
POINT
  8
2
 10
35.30
 20
0.01
  0
POINT
  8
2
 10
50.30
 20
0.00
  0
TEXT
  8
8
 10
50.30
 20
0.00
 40
8.00
  1
# 234
  0
POINT
  8
2
 10
50.30
 20
0.00
  0
POINT
  8
13
 10
35.30
 20
0.00
  0
TEXT
  8
13
 10
35.30
 20
0.00
 40
8.00
  1
# 235
  0
POINT
  8
13
 10
50.30
 20
0.00
  0
TEXT
  8
13
 10
50.30
 20
0.00
 40
8.00
  1
# 236
  0
POINT
  8
13
 10
42.35
 20
0.05
  0
TEXT
  8
13
 10
42.35
 20
0.05
 40
8.00
  1
# 237
  0
POINT
  8
13
 10
254.45
 20
-0.02
  0
TEXT
  8
13
 10
254.45
 20
-0.02
 40
8.00
  1
# 238
  0
TEXT
  8
19
 10
187.02
 20
8.59
 40
4.00
  1
ALL RAW
 50
-1.59
  0
TEXT
  8
4
 10
42.11
 20
37.00
 40
8.00
  1
# 239
  0
POINT
  8
4
 10
42.11
 20
37.00
 30
10.00
 50
-90.000205
  0
TEXT
  8
4
 10
163.61
 20
36.99
 40
8.00
  1
# 240
  0
POINT
  8
4
 10
163.61
 20
36.99
 30
10.00
 50
-90.001895
  0
TEXT
  8
1
 10
10.00
 20
-57.00
 40
8.00
  1
Piece Name: CUFF
  0
TEXT
  8
1
 10
10.00
 20
-67.00
 40
8.00
  1
Size: S
  0
TEXT
  8
1
 10
10.00
 20
-77.00
 40
8.00
  1
Annotation: ORFATTI PROD(4 FEB26)
  0
TEXT
  8
1
 10
10.00
 20
-87.00
 40
8.00
  1
Quantity: 1
  0
TEXT
  8
1
 10
10.00
 20
-97.00
 40
8.00
  1
Category: X 4
  0
ENDBLK
  0
BLOCK
  2
BK_SL_TOPS
  8
1
 10
0.00
 20
0.00
 70
64
  0
POLYLINE
  8
14
 10
0
 20
0
 66
1
 70
1
  0
VERTEX
  8
14
 10
207.52
 20
-116.35
  0
VERTEX
  8
14
 10
98.97
 20
-116.64
  0
VERTEX
  8
14
 10
71.92
 20
-116.71
  0
VERTEX
  8
14
 10
16.81
 20
-116.86
  0
VERTEX
  8
14
 10
16.32
 20
-99.52
  0
VERTEX
  8
14
 10
15.86
 20
-82.18
  0
VERTEX
  8
14
 10
15.44
 20
-64.85
  0
VERTEX
  8
14
 10
15.04
 20
-47.51
  0
VERTEX
  8
14
 10
14.56
 20
-25.18
  0
VERTEX
  8
14
 10
14.11
 20
-2.85
  0
VERTEX
  8
14
 10
13.69
 20
19.48
  0
VERTEX
  8
14
 10
13.30
 20
41.81
  0
VERTEX
  8
14
 10
12.22
 20
104.37
  0
VERTEX
  8
14
 10
15.50
 20
104.47
  0
VERTEX
  8
14
 10
18.79
 20
104.55
  0
VERTEX
  8
14
 10
22.08
 20
104.61
  0
VERTEX
  8
14
 10
25.36
 20
104.64
  0
VERTEX
  8
14
 10
28.65
 20
104.64
  0
VERTEX
  8
14
 10
31.94
 20
104.61
  0
VERTEX
  8
14
 10
35.22
 20
104.56
  0
VERTEX
  8
14
 10
38.51
 20
104.49
  0
VERTEX
  8
14
 10
41.79
 20
104.39
  0
VERTEX
  8
14
 10
45.08
 20
104.26
  0
VERTEX
  8
14
 10
48.36
 20
104.10
  0
VERTEX
  8
14
 10
51.64
 20
103.92
  0
VERTEX
  8
14
 10
54.92
 20
103.72
  0
VERTEX
  8
14
 10
58.20
 20
103.49
  0
VERTEX
  8
14
 10
61.48
 20
103.23
  0
VERTEX
  8
14
 10
64.75
 20
102.94
  0
VERTEX
  8
14
 10
68.94
 20
102.55
  0
VERTEX
  8
14
 10
73.12
 20
102.13
  0
VERTEX
  8
14
 10
77.31
 20
101.69
  0
VERTEX
  8
14
 10
81.48
 20
101.21
  0
VERTEX
  8
14
 10
85.66
 20
100.72
  0
VERTEX
  8
14
 10
89.83
 20
100.19
  0
VERTEX
  8
14
 10
94.00
 20
99.65
  0
VERTEX
  8
14
 10
98.17
 20
99.07
  0
VERTEX
  8
14
 10
102.33
 20
98.47
  0
VERTEX
  8
14
 10
106.49
 20
97.85
  0
VERTEX
  8
14
 10
110.65
 20
97.19
  0
VERTEX
  8
14
 10
114.80
 20
96.52
  0
VERTEX
  8
14
 10
118.95
 20
95.81
  0
VERTEX
  8
14
 10
123.09
 20
95.09
  0
VERTEX
  8
14
 10
127.23
 20
94.33
  0
VERTEX
  8
14
 10
131.36
 20
93.55
  0
VERTEX
  8
14
 10
134.70
 20
92.76
  0
VERTEX
  8
14
 10
138.04
 20
91.95
  0
VERTEX
  8
14
 10
141.38
 20
91.12
  0
VERTEX
  8
14
 10
144.71
 20
90.27
  0
VERTEX
  8
14
 10
148.03
 20
89.40
  0
VERTEX
  8
14
 10
151.35
 20
88.51
  0
VERTEX
  8
14
 10
154.67
 20
87.60
  0
VERTEX
  8
14
 10
157.98
 20
86.67
  0
VERTEX
  8
14
 10
162.02
 20
85.51
  0
VERTEX
  8
14
 10
166.05
 20
84.33
  0
VERTEX
  8
14
 10
170.07
 20
83.14
  0
VERTEX
  8
14
 10
174.09
 20
81.92
  0
VERTEX
  8
14
 10
178.11
 20
80.69
  0
VERTEX
  8
14
 10
182.12
 20
79.43
  0
VERTEX
  8
14
 10
186.12
 20
78.16
  0
VERTEX
  8
14
 10
190.11
 20
76.86
  0
VERTEX
  8
14
 10
231.95
 20
59.59
  0
VERTEX
  8
14
 10
227.65
 20
33.24
  0
VERTEX
  8
14
 10
224.33
 20
10.85
  0
VERTEX
  8
14
 10
221.02
 20
-11.53
  0
VERTEX
  8
14
 10
219.21
 20
-24.62
  0
VERTEX
  8
14
 10
217.43
 20
-37.71
  0
VERTEX
  8
14
 10
215.69
 20
-50.81
  0
VERTEX
  8
14
 10
213.98
 20
-63.91
  0
VERTEX
  8
14
 10
212.31
 20
-77.01
  0
VERTEX
  8
14
 10
210.68
 20
-90.12
  0
VERTEX
  8
14
 10
209.08
 20
-103.24
  0
SEQEND
  0
POINT
  8
2
 10
207.52
 20
-116.35
  0
TEXT
  8
14
 10
207.52
 20
-116.35
 40
8.00
  1
# 241
  0
POINT
  8
3
 10
98.97
 20
-116.64
  0
TEXT
  8
14
 10
98.97
 20
-116.64
 40
8.00
  1
# 242
  0
POINT
  8
3
 10
71.92
 20
-116.71
  0
TEXT
  8
14
 10
71.92
 20
-116.71
 40
8.00
  1
# 243
  0
POINT
  8
2
 10
16.81
 20
-116.86
  0
TEXT
  8
14
 10
16.81
 20
-116.86
 40
8.00
  1
# 244
  0
POINT
  8
3
 10
16.32
 20
-99.52
  0
POINT
  8
3
 10
15.86
 20
-82.18
  0
POINT
  8
3
 10
15.44
 20
-64.85
  0
POINT
  8
3
 10
15.04
 20
-47.51
  0
TEXT
  8
14
 10
15.04
 20
-47.51
 40
8.00
  1
# 245
  0
POINT
  8
3
 10
14.56
 20
-25.18
  0
POINT
  8
3
 10
14.11
 20
-2.85
  0
POINT
  8
3
 10
13.69
 20
19.48
  0
POINT
  8
3
 10
13.30
 20
41.81
  0
TEXT
  8
14
 10
13.30
 20
41.81
 40
8.00
  1
# 246
  0
POINT
  8
2
 10
12.22
 20
104.37
  0
TEXT
  8
14
 10
12.22
 20
104.37
 40
8.00
  1
# 247
  0
POINT
  8
3
 10
15.50
 20
104.47
  0
POINT
  8
3
 10
18.79
 20
104.55
  0
POINT
  8
3
 10
22.08
 20
104.61
  0
POINT
  8
3
 10
25.36
 20
104.64
  0
POINT
  8
3
 10
28.65
 20
104.64
  0
POINT
  8
3
 10
31.94
 20
104.61
  0
POINT
  8
3
 10
35.22
 20
104.56
  0
POINT
  8
3
 10
38.51
 20
104.49
  0
POINT
  8
3
 10
41.79
 20
104.39
  0
POINT
  8
3
 10
45.08
 20
104.26
  0
POINT
  8
3
 10
48.36
 20
104.10
  0
POINT
  8
3
 10
51.64
 20
103.92
  0
POINT
  8
3
 10
54.92
 20
103.72
  0
POINT
  8
3
 10
58.20
 20
103.49
  0
POINT
  8
3
 10
61.48
 20
103.23
  0
POINT
  8
3
 10
64.75
 20
102.94
  0
TEXT
  8
14
 10
64.75
 20
102.94
 40
8.00
  1
# 248
  0
POINT
  8
3
 10
68.94
 20
102.55
  0
POINT
  8
3
 10
73.12
 20
102.13
  0
POINT
  8
3
 10
77.31
 20
101.69
  0
POINT
  8
3
 10
81.48
 20
101.21
  0
POINT
  8
3
 10
85.66
 20
100.72
  0
POINT
  8
3
 10
89.83
 20
100.19
  0
POINT
  8
3
 10
94.00
 20
99.65
  0
POINT
  8
3
 10
98.17
 20
99.07
  0
POINT
  8
3
 10
102.33
 20
98.47
  0
POINT
  8
3
 10
106.49
 20
97.85
  0
POINT
  8
3
 10
110.65
 20
97.19
  0
POINT
  8
3
 10
114.80
 20
96.52
  0
POINT
  8
3
 10
118.95
 20
95.81
  0
POINT
  8
3
 10
123.09
 20
95.09
  0
POINT
  8
3
 10
127.23
 20
94.33
  0
POINT
  8
3
 10
131.36
 20
93.55
  0
TEXT
  8
14
 10
131.36
 20
93.55
 40
8.00
  1
# 249
  0
POINT
  8
3
 10
134.70
 20
92.76
  0
POINT
  8
3
 10
138.04
 20
91.95
  0
POINT
  8
3
 10
141.38
 20
91.12
  0
POINT
  8
3
 10
144.71
 20
90.27
  0
POINT
  8
3
 10
148.03
 20
89.40
  0
POINT
  8
3
 10
151.35
 20
88.51
  0
POINT
  8
3
 10
154.67
 20
87.60
  0
POINT
  8
3
 10
157.98
 20
86.67
  0
TEXT
  8
14
 10
157.98
 20
86.67
 40
8.00
  1
# 250
  0
POINT
  8
3
 10
162.02
 20
85.51
  0
POINT
  8
3
 10
166.05
 20
84.33
  0
POINT
  8
3
 10
170.07
 20
83.14
  0
POINT
  8
3
 10
174.09
 20
81.92
  0
POINT
  8
3
 10
178.11
 20
80.69
  0
POINT
  8
3
 10
182.12
 20
79.43
  0
POINT
  8
3
 10
186.12
 20
78.16
  0
POINT
  8
2
 10
190.11
 20
76.86
  0
TEXT
  8
14
 10
190.11
 20
76.86
 40
8.00
  1
# 251
  0
POINT
  8
2
 10
231.95
 20
59.59
  0
TEXT
  8
14
 10
231.95
 20
59.59
 40
8.00
  1
# 252
  0
POINT
  8
3
 10
227.65
 20
33.24
  0
TEXT
  8
14
 10
227.65
 20
33.24
 40
8.00
  1
# 253
  0
POINT
  8
3
 10
224.33
 20
10.85
  0
TEXT
  8
14
 10
224.33
 20
10.85
 40
8.00
  1
# 254
  0
POINT
  8
3
 10
221.02
 20
-11.53
  0
TEXT
  8
14
 10
221.02
 20
-11.53
 40
8.00
  1
# 255
  0
POINT
  8
3
 10
219.21
 20
-24.62
  0
POINT
  8
3
 10
217.43
 20
-37.71
  0
POINT
  8
3
 10
215.69
 20
-50.81
  0
POINT
  8
3
 10
213.98
 20
-63.91
  0
TEXT
  8
14
 10
213.98
 20
-63.91
 40
8.00
  1
# 256
  0
POINT
  8
3
 10
212.31
 20
-77.01
  0
POINT
  8
3
 10
210.68
 20
-90.12
  0
POINT
  8
3
 10
209.08
 20
-103.24
  0
POINT
  8
2
 10
207.52
 20
-116.35
  0
TEXT
  8
14
 10
207.52
 20
-116.35
 40
8.00
  1
# 241
  0
POLYLINE
  8
1
 10
0
 20
0
 66
1
 70
1
  0
VERTEX
  8
1
 10
218.19
 20
-128.33
  0
VERTEX
  8
1
 10
207.55
 20
-128.35
  0
VERTEX
  8
1
 10
99.00
 20
-128.64
  0
VERTEX
  8
1
 10
71.95
 20
-128.71
  0
VERTEX
  8
1
 10
16.84
 20
-128.86
  0
VERTEX
  8
1
 10
5.14
 20
-128.89
  0
VERTEX
  8
1
 10
4.81
 20
-117.19
  0
VERTEX
  8
1
 10
4.33
 20
-99.84
  0
VERTEX
  8
1
 10
3.87
 20
-82.48
  0
VERTEX
  8
1
 10
3.44
 20
-65.12
  0
VERTEX
  8
1
 10
3.04
 20
-47.76
  0
VERTEX
  8
1
 10
2.56
 20
-25.42
  0
VERTEX
  8
1
 10
2.11
 20
-3.08
  0
VERTEX
  8
1
 10
1.70
 20
19.26
  0
VERTEX
  8
1
 10
1.31
 20
41.60
  0
VERTEX
  8
1
 10
0.22
 20
104.16
  0
VERTEX
  8
1
 10
0.01
 20
116.03
  0
VERTEX
  8
1
 10
11.88
 20
116.36
  0
VERTEX
  8
1
 10
15.25
 20
116.47
  0
VERTEX
  8
1
 10
18.63
 20
116.55
  0
VERTEX
  8
1
 10
22.00
 20
116.61
  0
VERTEX
  8
1
 10
25.38
 20
116.64
  0
VERTEX
  8
1
 10
28.75
 20
116.64
  0
VERTEX
  8
1
 10
32.13
 20
116.61
  0
VERTEX
  8
1
 10
35.50
 20
116.56
  0
VERTEX
  8
1
 10
38.87
 20
116.48
  0
VERTEX
  8
1
 10
42.25
 20
116.38
  0
VERTEX
  8
1
 10
45.62
 20
116.25
  0
VERTEX
  8
1
 10
48.99
 20
116.09
  0
VERTEX
  8
1
 10
52.36
 20
115.90
  0
VERTEX
  8
1
 10
55.73
 20
115.69
  0
VERTEX
  8
1
 10
59.10
 20
115.45
  0
VERTEX
  8
1
 10
62.46
 20
115.19
  0
VERTEX
  8
1
 10
65.83
 20
114.89
  0
VERTEX
  8
1
 10
70.10
 20
114.49
  0
VERTEX
  8
1
 10
74.38
 20
114.06
  0
VERTEX
  8
1
 10
78.65
 20
113.61
  0
VERTEX
  8
1
 10
82.92
 20
113.13
  0
VERTEX
  8
1
 10
87.18
 20
112.62
  0
VERTEX
  8
1
 10
91.44
 20
112.09
  0
VERTEX
  8
1
 10
95.70
 20
111.53
  0
VERTEX
  8
1
 10
99.96
 20
110.94
  0
VERTEX
  8
1
 10
104.21
 20
110.32
  0
VERTEX
  8
1
 10
108.46
 20
109.68
  0
VERTEX
  8
1
 10
112.70
 20
109.02
  0
VERTEX
  8
1
 10
116.94
 20
108.32
  0
VERTEX
  8
1
 10
121.18
 20
107.60
  0
VERTEX
  8
1
 10
125.41
 20
106.86
  0
VERTEX
  8
1
 10
129.63
 20
106.09
  0
VERTEX
  8
1
 10
132.74
 20
105.50
  0
VERTEX
  8
1
 10
133.85
 20
105.29
  0
VERTEX
  8
1
 10
137.64
 20
104.40
  0
VERTEX
  8
1
 10
141.43
 20
103.48
  0
VERTEX
  8
1
 10
145.21
 20
102.55
  0
VERTEX
  8
1
 10
148.99
 20
101.59
  0
VERTEX
  8
1
 10
152.75
 20
100.60
  0
VERTEX
  8
1
 10
156.52
 20
99.60
  0
VERTEX
  8
1
 10
160.27
 20
98.57
  0
VERTEX
  8
1
 10
164.02
 20
97.52
  0
VERTEX
  8
1
 10
167.77
 20
96.44
  0
VERTEX
  8
1
 10
171.50
 20
95.35
  0
VERTEX
  8
1
 10
175.23
 20
94.23
  0
VERTEX
  8
1
 10
178.96
 20
93.09
  0
VERTEX
  8
1
 10
182.67
 20
91.92
  0
VERTEX
  8
1
 10
186.38
 20
90.73
  0
VERTEX
  8
1
 10
190.09
 20
89.52
  0
VERTEX
  8
1
 10
193.78
 20
88.29
  0
VERTEX
  8
1
 10
196.52
 20
87.36
  0
VERTEX
  8
1
 10
199.25
 20
86.40
  0
VERTEX
  8
1
 10
201.97
 20
85.42
  0
VERTEX
  8
1
 10
204.68
 20
84.42
  0
VERTEX
  8
1
 10
207.38
 20
83.39
  0
VERTEX
  8
1
 10
210.08
 20
82.35
  0
VERTEX
  8
1
 10
212.77
 20
81.28
  0
VERTEX
  8
1
 10
215.44
 20
80.19
  0
VERTEX
  8
1
 10
218.11
 20
79.08
  0
VERTEX
  8
1
 10
220.77
 20
77.94
  0
VERTEX
  8
1
 10
223.42
 20
76.79
  0
VERTEX
  8
1
 10
226.06
 20
75.61
  0
VERTEX
  8
1
 10
228.70
 20
74.41
  0
VERTEX
  8
1
 10
231.32
 20
73.19
  0
VERTEX
  8
1
 10
233.93
 20
71.95
  0
VERTEX
  8
1
 10
236.53
 20
70.69
  0
VERTEX
  8
1
 10
245.33
 20
67.05
  0
VERTEX
  8
1
 10
243.79
 20
57.66
  0
VERTEX
  8
1
 10
239.50
 20
31.39
  0
VERTEX
  8
1
 10
238.16
 20
22.56
  0
VERTEX
  8
1
 10
236.84
 20
13.73
  0
VERTEX
  8
1
 10
235.53
 20
4.90
  0
VERTEX
  8
1
 10
234.25
 20
-3.93
  0
VERTEX
  8
1
 10
232.99
 20
-12.77
  0
VERTEX
  8
1
 10
231.74
 20
-21.62
  0
VERTEX
  8
1
 10
230.52
 20
-30.46
  0
VERTEX
  8
1
 10
229.32
 20
-39.31
  0
VERTEX
  8
1
 10
228.01
 20
-49.11
  0
VERTEX
  8
1
 10
226.73
 20
-58.91
  0
VERTEX
  8
1
 10
225.46
 20
-68.71
  0
VERTEX
  8
1
 10
224.22
 20
-78.52
  0
VERTEX
  8
1
 10
222.99
 20
-88.33
  0
VERTEX
  8
1
 10
221.79
 20
-98.14
  0
VERTEX
  8
1
 10
220.60
 20
-107.96
  0
VERTEX
  8
1
 10
219.44
 20
-117.77
  0
SEQEND
  0
POINT
  8
2
 10
218.19
 20
-128.33
  0
TEXT
  8
1
 10
218.19
 20
-128.33
 40
8.00
  1
# 257
  0
POINT
  8
3
 10
207.55
 20
-128.35
  0
TEXT
  8
1
 10
207.55
 20
-128.35
 40
8.00
  1
# 258
  0
POINT
  8
2
 10
99.00
 20
-128.64
  0
TEXT
  8
1
 10
99.00
 20
-128.64
 40
8.00
  1
# 259
  0
POINT
  8
2
 10
99.00
 20
-128.64
  0
TEXT
  8
1
 10
99.00
 20
-128.64
 40
8.00
  1
# 260
  0
POINT
  8
2
 10
71.95
 20
-128.71
  0
TEXT
  8
1
 10
71.95
 20
-128.71
 40
8.00
  1
# 261
  0
POINT
  8
2
 10
71.95
 20
-128.71
  0
TEXT
  8
1
 10
71.95
 20
-128.71
 40
8.00
  1
# 262
  0
POINT
  8
3
 10
16.84
 20
-128.86
  0
TEXT
  8
1
 10
16.84
 20
-128.86
 40
8.00
  1
# 263
  0
POINT
  8
2
 10
5.14
 20
-128.89
  0
TEXT
  8
1
 10
5.14
 20
-128.89
 40
8.00
  1
# 264
  0
POINT
  8
3
 10
4.81
 20
-117.19
  0
TEXT
  8
1
 10
4.81
 20
-117.19
 40
8.00
  1
# 265
  0
POINT
  8
3
 10
4.33
 20
-99.84
  0
POINT
  8
3
 10
3.87
 20
-82.48
  0
POINT
  8
3
 10
3.44
 20
-65.12
  0
POINT
  8
3
 10
3.04
 20
-47.76
  0
TEXT
  8
1
 10
3.04
 20
-47.76
 40
8.00
  1
# 266
  0
POINT
  8
3
 10
2.56
 20
-25.42
  0
POINT
  8
3
 10
2.11
 20
-3.08
  0
POINT
  8
3
 10
1.70
 20
19.26
  0
POINT
  8
3
 10
1.31
 20
41.60
  0
TEXT
  8
1
 10
1.31
 20
41.60
 40
8.00
  1
# 267
  0
POINT
  8
3
 10
0.22
 20
104.16
  0
TEXT
  8
1
 10
0.22
 20
104.16
 40
8.00
  1
# 268
  0
POINT
  8
2
 10
0.01
 20
116.03
  0
TEXT
  8
1
 10
0.01
 20
116.03
 40
8.00
  1
# 269
  0
POINT
  8
3
 10
11.88
 20
116.36
  0
TEXT
  8
1
 10
11.88
 20
116.36
 40
8.00
  1
# 270
  0
POINT
  8
3
 10
15.25
 20
116.47
  0
POINT
  8
3
 10
18.63
 20
116.55
  0
POINT
  8
3
 10
22.00
 20
116.61
  0
POINT
  8
3
 10
25.38
 20
116.64
  0
POINT
  8
3
 10
28.75
 20
116.64
  0
POINT
  8
3
 10
32.13
 20
116.61
  0
POINT
  8
3
 10
35.50
 20
116.56
  0
POINT
  8
3
 10
38.87
 20
116.48
  0
POINT
  8
3
 10
42.25
 20
116.38
  0
POINT
  8
3
 10
45.62
 20
116.25
  0
POINT
  8
3
 10
48.99
 20
116.09
  0
POINT
  8
3
 10
52.36
 20
115.90
  0
POINT
  8
3
 10
55.73
 20
115.69
  0
POINT
  8
3
 10
59.10
 20
115.45
  0
POINT
  8
3
 10
62.46
 20
115.19
  0
POINT
  8
3
 10
65.83
 20
114.89
  0
TEXT
  8
1
 10
65.83
 20
114.89
 40
8.00
  1
# 271
  0
POINT
  8
3
 10
70.10
 20
114.49
  0
POINT
  8
3
 10
74.38
 20
114.06
  0
POINT
  8
3
 10
78.65
 20
113.61
  0
POINT
  8
3
 10
82.92
 20
113.13
  0
POINT
  8
3
 10
87.18
 20
112.62
  0
POINT
  8
3
 10
91.44
 20
112.09
  0
POINT
  8
3
 10
95.70
 20
111.53
  0
POINT
  8
3
 10
99.96
 20
110.94
  0
POINT
  8
3
 10
104.21
 20
110.32
  0
POINT
  8
3
 10
108.46
 20
109.68
  0
POINT
  8
3
 10
112.70
 20
109.02
  0
POINT
  8
3
 10
116.94
 20
108.32
  0
POINT
  8
3
 10
121.18
 20
107.60
  0
POINT
  8
3
 10
125.41
 20
106.86
  0
POINT
  8
3
 10
129.63
 20
106.09
  0
POINT
  8
3
 10
132.74
 20
105.50
  0
TEXT
  8
1
 10
132.74
 20
105.50
 40
8.00
  1
# 272
  0
POINT
  8
3
 10
133.85
 20
105.29
  0
TEXT
  8
1
 10
133.85
 20
105.29
 40
8.00
  1
# 273
  0
POINT
  8
3
 10
137.64
 20
104.40
  0
POINT
  8
3
 10
141.43
 20
103.48
  0
POINT
  8
3
 10
145.21
 20
102.55
  0
POINT
  8
3
 10
148.99
 20
101.59
  0
POINT
  8
3
 10
152.75
 20
100.60
  0
POINT
  8
3
 10
156.52
 20
99.60
  0
POINT
  8
3
 10
160.27
 20
98.57
  0
POINT
  8
3
 10
164.02
 20
97.52
  0
POINT
  8
3
 10
167.77
 20
96.44
  0
POINT
  8
3
 10
171.50
 20
95.35
  0
POINT
  8
3
 10
175.23
 20
94.23
  0
POINT
  8
3
 10
178.96
 20
93.09
  0
POINT
  8
3
 10
182.67
 20
91.92
  0
POINT
  8
3
 10
186.38
 20
90.73
  0
POINT
  8
3
 10
190.09
 20
89.52
  0
POINT
  8
3
 10
193.78
 20
88.29
  0
TEXT
  8
1
 10
193.78
 20
88.29
 40
8.00
  1
# 274
  0
POINT
  8
3
 10
196.52
 20
87.36
  0
POINT
  8
3
 10
199.25
 20
86.40
  0
POINT
  8
3
 10
201.97
 20
85.42
  0
POINT
  8
3
 10
204.68
 20
84.42
  0
POINT
  8
3
 10
207.38
 20
83.39
  0
POINT
  8
3
 10
210.08
 20
82.35
  0
POINT
  8
3
 10
212.77
 20
81.28
  0
POINT
  8
3
 10
215.44
 20
80.19
  0
POINT
  8
3
 10
218.11
 20
79.08
  0
POINT
  8
3
 10
220.77
 20
77.94
  0
POINT
  8
3
 10
223.42
 20
76.79
  0
POINT
  8
3
 10
226.06
 20
75.61
  0
POINT
  8
3
 10
228.70
 20
74.41
  0
POINT
  8
3
 10
231.32
 20
73.19
  0
POINT
  8
3
 10
233.93
 20
71.95
  0
POINT
  8
3
 10
236.53
 20
70.69
  0
TEXT
  8
1
 10
236.53
 20
70.69
 40
8.00
  1
# 275
  0
POINT
  8
2
 10
245.33
 20
67.05
  0
TEXT
  8
1
 10
245.33
 20
67.05
 40
8.00
  1
# 276
  0
POINT
  8
3
 10
243.79
 20
57.66
  0
TEXT
  8
1
 10
243.79
 20
57.66
 40
8.00
  1
# 277
  0
POINT
  8
3
 10
239.50
 20
31.39
  0
TEXT
  8
1
 10
239.50
 20
31.39
 40
8.00
  1
# 278
  0
POINT
  8
3
 10
238.16
 20
22.56
  0
POINT
  8
3
 10
236.84
 20
13.73
  0
POINT
  8
3
 10
235.53
 20
4.90
  0
POINT
  8
3
 10
234.25
 20
-3.93
  0
POINT
  8
3
 10
232.99
 20
-12.77
  0
POINT
  8
3
 10
231.74
 20
-21.62
  0
POINT
  8
3
 10
230.52
 20
-30.46
  0
POINT
  8
3
 10
229.32
 20
-39.31
  0
TEXT
  8
1
 10
229.32
 20
-39.31
 40
8.00
  1
# 279
  0
POINT
  8
3
 10
228.01
 20
-49.11
  0
POINT
  8
3
 10
226.73
 20
-58.91
  0
POINT
  8
3
 10
225.46
 20
-68.71
  0
POINT
  8
3
 10
224.22
 20
-78.52
  0
POINT
  8
3
 10
222.99
 20
-88.33
  0
POINT
  8
3
 10
221.79
 20
-98.14
  0
POINT
  8
3
 10
220.60
 20
-107.96
  0
POINT
  8
2
 10
219.44
 20
-117.77
  0
TEXT
  8
1
 10
219.44
 20
-117.77
 40
8.00
  1
# 280
  0
POINT
  8
2
 10
219.44
 20
-117.77
  0
TEXT
  8
1
 10
219.44
 20
-117.77
 40
8.00
  1
# 281
  0
POINT
  8
2
 10
218.19
 20
-128.33
  0
TEXT
  8
1
 10
218.19
 20
-128.33
 40
8.00
  1
# 257
  0
TEXT
  8
4
 10
99.00
 20
-128.64
 40
8.00
  1
# 282
  0
POINT
  8
4
 10
99.00
 20
-128.64
 30
10.00
 50
90.151826
  0
TEXT
  8
4
 10
71.95
 20
-128.71
 40
8.00
  1
# 283
  0
POINT
  8
4
 10
71.95
 20
-128.71
 30
10.00
 50
90.149082
  0
TEXT
  8
4
 10
132.74
 20
105.50
 40
8.00
  1
# 284
  0
POINT
  8
4
 10
132.74
 20
105.50
 30
10.00
 50
-96.601025
  0
TEXT
  8
1
 10
0.01
 20
-148.89
 40
8.00
  1
Piece Name: BK SL TOP
  0
TEXT
  8
1
 10
0.01
 20
-158.89
 40
8.00
  1
Size: S
  0
TEXT
  8
1
 10
0.01
 20
-168.89
 40
8.00
  1
Annotation: ORFATTI PROD(4 FEB26)
  0
TEXT
  8
1
 10
0.01
 20
-178.89
 40
8.00
  1
Quantity: 1
  0
TEXT
  8
1
 10
0.01
 20
-188.89
 40
8.00
  1
Category: X 2
  0
ENDBLK
  0
BLOCK
  2
BK_SL_J__S
  8
1
 10
0.00
 20
0.00
 70
64
  0
POLYLINE
  8
14
 10
0
 20
0
 66
1
 70
1
  0
VERTEX
  8
14
 10
174.87
 20
-110.94
  0
VERTEX
  8
14
 10
119.87
 20
-109.56
  0
VERTEX
  8
14
 10
94.90
 20
-112.32
  0
VERTEX
  8
14
 10
69.92
 20
-109.08
  0
VERTEX
  8
14
 10
23.77
 20
-108.04
  0
VERTEX
  8
14
 10
19.98
 20
-20.19
  0
VERTEX
  8
14
 10
13.49
 20
122.78
  0
VERTEX
  8
14
 10
68.60
 20
122.93
  0
VERTEX
  8
14
 10
95.65
 20
123.00
  0
VERTEX
  8
14
 10
204.20
 20
123.28
  0
SEQEND
  0
POINT
  8
2
 10
174.87
 20
-110.94
  0
TEXT
  8
14
 10
174.87
 20
-110.94
 40
8.00
  1
# 285
  0
POINT
  8
2
 10
119.87
 20
-109.56
  0
TEXT
  8
14
 10
119.87
 20
-109.56
 40
8.00
  1
# 286
  0
POINT
  8
2
 10
94.90
 20
-112.32
  0
TEXT
  8
14
 10
94.90
 20
-112.32
 40
8.00
  1
# 287
  0
POINT
  8
2
 10
69.92
 20
-109.08
  0
TEXT
  8
14
 10
69.92
 20
-109.08
 40
8.00
  1
# 288
  0
POINT
  8
2
 10
23.77
 20
-108.04
  0
TEXT
  8
14
 10
23.77
 20
-108.04
 40
8.00
  1
# 289
  0
POINT
  8
3
 10
19.98
 20
-20.19
  0
TEXT
  8
14
 10
19.98
 20
-20.19
 40
8.00
  1
# 290
  0
POINT
  8
2
 10
13.49
 20
122.78
  0
TEXT
  8
14
 10
13.49
 20
122.78
 40
8.00
  1
# 291
  0
POINT
  8
3
 10
68.60
 20
122.93
  0
TEXT
  8
14
 10
68.60
 20
122.93
 40
8.00
  1
# 292
  0
POINT
  8
3
 10
95.65
 20
123.00
  0
TEXT
  8
14
 10
95.65
 20
123.00
 40
8.00
  1
# 293
  0
POINT
  8
2
 10
204.20
 20
123.28
  0
TEXT
  8
14
 10
204.20
 20
123.28
 40
8.00
  1
# 294
  0
POINT
  8
2
 10
174.87
 20
-110.94
  0
TEXT
  8
14
 10
174.87
 20
-110.94
 40
8.00
  1
# 285
  0
POLYLINE
  8
1
 10
0
 20
0
 66
1
 70
1
  0
VERTEX
  8
1
 10
185.43
 20
-123.21
  0
VERTEX
  8
1
 10
174.57
 20
-122.94
  0
VERTEX
  8
1
 10
121.02
 20
-121.59
  0
VERTEX
  8
1
 10
120.38
 20
-121.58
  0
VERTEX
  8
1
 10
96.21
 20
-124.25
  0
VERTEX
  8
1
 10
95.50
 20
-124.31
  0
VERTEX
  8
1
 10
94.78
 20
-124.32
  0
VERTEX
  8
1
 10
94.07
 20
-124.29
  0
VERTEX
  8
1
 10
93.35
 20
-124.22
  0
VERTEX
  8
1
 10
69.60
 20
-121.14
  0
VERTEX
  8
1
 10
69.01
 20
-121.06
  0
VERTEX
  8
1
 10
23.50
 20
-120.04
  0
VERTEX
  8
1
 10
4.26
 20
-119.60
  0
VERTEX
  8
1
 10
3.79
 20
-108.90
  0
VERTEX
  8
1
 10
0.00
 20
-21.05
  0
VERTEX
  8
1
 10
7.99
 20
-20.73
  0
VERTEX
  8
1
 10
1.50
 20
122.24
  0
VERTEX
  8
1
 10
0.93
 20
134.75
  0
VERTEX
  8
1
 10
13.46
 20
134.78
  0
VERTEX
  8
1
 10
68.57
 20
134.93
  0
VERTEX
  8
1
 10
95.61
 20
135.00
  0
VERTEX
  8
1
 10
204.17
 20
135.28
  0
VERTEX
  8
1
 10
217.80
 20
135.32
  0
VERTEX
  8
1
 10
216.11
 20
121.79
  0
VERTEX
  8
1
 10
186.78
 20
-112.43
  0
SEQEND
  0
POINT
  8
2
 10
185.43
 20
-123.21
  0
TEXT
  8
1
 10
185.43
 20
-123.21
 40
8.00
  1
# 295
  0
POINT
  8
3
 10
174.57
 20
-122.94
  0
TEXT
  8
1
 10
174.57
 20
-122.94
 40
8.00
  1
# 296
  0
POINT
  8
3
 10
121.02
 20
-121.59
  0
TEXT
  8
1
 10
121.02
 20
-121.59
 40
8.00
  1
# 297
  0
POINT
  8
2
 10
120.38
 20
-121.58
  0
TEXT
  8
1
 10
120.38
 20
-121.58
 40
8.00
  1
# 298
  0
POINT
  8
3
 10
96.21
 20
-124.25
  0
POINT
  8
3
 10
95.50
 20
-124.31
  0
POINT
  8
3
 10
94.78
 20
-124.32
  0
TEXT
  8
1
 10
94.78
 20
-124.32
 40
8.00
  1
# 299
  0
POINT
  8
3
 10
94.07
 20
-124.29
  0
POINT
  8
3
 10
93.35
 20
-124.22
  0
POINT
  8
3
 10
69.60
 20
-121.14
  0
TEXT
  8
1
 10
69.60
 20
-121.14
 40
8.00
  1
# 300
  0
POINT
  8
2
 10
69.01
 20
-121.06
  0
TEXT
  8
1
 10
69.01
 20
-121.06
 40
8.00
  1
# 301
  0
POINT
  8
3
 10
23.50
 20
-120.04
  0
TEXT
  8
1
 10
23.50
 20
-120.04
 40
8.00
  1
# 302
  0
POINT
  8
2
 10
4.26
 20
-119.60
  0
TEXT
  8
1
 10
4.26
 20
-119.60
 40
8.00
  1
# 303
  0
POINT
  8
3
 10
3.79
 20
-108.90
  0
TEXT
  8
1
 10
3.79
 20
-108.90
 40
8.00
  1
# 304
  0
POINT
  8
2
 10
0.00
 20
-21.05
  0
TEXT
  8
1
 10
0.00
 20
-21.05
 40
8.00
  1
# 305
  0
POINT
  8
2
 10
7.99
 20
-20.73
  0
TEXT
  8
1
 10
7.99
 20
-20.73
 40
8.00
  1
# 306
  0
POINT
  8
3
 10
1.50
 20
122.24
  0
TEXT
  8
1
 10
1.50
 20
122.24
 40
8.00
  1
# 307
  0
POINT
  8
2
 10
0.93
 20
134.75
  0
TEXT
  8
1
 10
0.93
 20
134.75
 40
8.00
  1
# 308
  0
POINT
  8
3
 10
13.46
 20
134.78
  0
TEXT
  8
1
 10
13.46
 20
134.78
 40
8.00
  1
# 309
  0
POINT
  8
3
 10
68.57
 20
134.93
  0
TEXT
  8
1
 10
68.57
 20
134.93
 40
8.00
  1
# 310
  0
POINT
  8
3
 10
95.61
 20
135.00
  0
TEXT
  8
1
 10
95.61
 20
135.00
 40
8.00
  1
# 311
  0
POINT
  8
3
 10
204.17
 20
135.28
  0
TEXT
  8
1
 10
204.17
 20
135.28
 40
8.00
  1
# 312
  0
POINT
  8
2
 10
217.80
 20
135.32
  0
TEXT
  8
1
 10
217.80
 20
135.32
 40
8.00
  1
# 313
  0
POINT
  8
3
 10
216.11
 20
121.79
  0
TEXT
  8
1
 10
216.11
 20
121.79
 40
8.00
  1
# 314
  0
POINT
  8
3
 10
186.78
 20
-112.43
  0
TEXT
  8
1
 10
186.78
 20
-112.43
 40
8.00
  1
# 315
  0
POINT
  8
2
 10
185.43
 20
-123.21
  0
TEXT
  8
1
 10
185.43
 20
-123.21
 40
8.00
  1
# 295
  0
POINT
  8
8
 10
217.802734375
 20
135.31967544556
  0
POINT
  8
2
 10
217.80
 20
135.32
  0
TEXT
  8
8
 10
217.80
 20
135.32
 40
8.00
  1
# 316
  0
POINT
  8
2
 10
217.80
 20
135.32
  0
TEXT
  8
8
 10
217.80
 20
135.32
 40
8.00
  1
# 317
  0
POLYLINE
  8
8
 10
0
 20
0
 66
1
  0
VERTEX
  8
8
 10
217.80
 20
135.32
  0
VERTEX
  8
8
 10
216.11
 20
121.79
  0
VERTEX
  8
8
 10
186.78
 20
-112.43
  0
VERTEX
  8
8
 10
185.43
 20
-123.21
  0
SEQEND
  0
POINT
  8
2
 10
217.80
 20
135.32
  0
POINT
  8
3
 10
216.11
 20
121.79
  0
TEXT
  8
8
 10
216.11
 20
121.79
 40
8.00
  1
# 318
  0
POINT
  8
3
 10
186.78
 20
-112.43
  0
TEXT
  8
8
 10
186.78
 20
-112.43
 40
8.00
  1
# 319
  0
POINT
  8
2
 10
185.43
 20
-123.21
  0
TEXT
  8
8
 10
185.43
 20
-123.21
 40
8.00
  1
# 320
  0
POINT
  8
2
 10
185.43
 20
-123.21
  0
POINT
  8
8
 10
185.42956542969
 20
-123.20829391479
  0
POINT
  8
2
 10
185.43
 20
-123.21
  0
TEXT
  8
8
 10
185.43
 20
-123.21
 40
8.00
  1
# 321
  0
POINT
  8
2
 10
185.43
 20
-123.21
  0
TEXT
  8
8
 10
185.43
 20
-123.21
 40
8.00
  1
# 322
  0
POLYLINE
  8
8
 10
0
 20
0
 66
1
  0
VERTEX
  8
8
 10
185.43
 20
-123.21
  0
VERTEX
  8
8
 10
174.57
 20
-122.94
  0
VERTEX
  8
8
 10
120.38
 20
-121.58
  0
VERTEX
  8
8
 10
94.78
 20
-124.32
  0
VERTEX
  8
8
 10
69.01
 20
-121.06
  0
VERTEX
  8
8
 10
23.50
 20
-120.04
  0
VERTEX
  8
8
 10
4.26
 20
-119.60
  0
SEQEND
  0
POINT
  8
2
 10
185.43
 20
-123.21
  0
POINT
  8
3
 10
174.57
 20
-122.94
  0
TEXT
  8
8
 10
174.57
 20
-122.94
 40
8.00
  1
# 323
  0
POINT
  8
2
 10
120.38
 20
-121.58
  0
TEXT
  8
8
 10
120.38
 20
-121.58
 40
8.00
  1
# 324
  0
POINT
  8
2
 10
94.78
 20
-124.32
  0
TEXT
  8
8
 10
94.78
 20
-124.32
 40
8.00
  1
# 325
  0
POINT
  8
2
 10
69.01
 20
-121.06
  0
TEXT
  8
8
 10
69.01
 20
-121.06
 40
8.00
  1
# 326
  0
POINT
  8
3
 10
23.50
 20
-120.04
  0
TEXT
  8
8
 10
23.50
 20
-120.04
 40
8.00
  1
# 327
  0
POINT
  8
2
 10
4.26
 20
-119.60
  0
TEXT
  8
8
 10
4.26
 20
-119.60
 40
8.00
  1
# 328
  0
POINT
  8
2
 10
4.26
 20
-119.60
  0
POINT
  8
8
 10
4.2554321289063
 20
-119.60233688354
  0
POINT
  8
2
 10
4.26
 20
-119.60
  0
TEXT
  8
8
 10
4.26
 20
-119.60
 40
8.00
  1
# 329
  0
POINT
  8
2
 10
4.26
 20
-119.60
  0
TEXT
  8
8
 10
4.26
 20
-119.60
 40
8.00
  1
# 330
  0
POLYLINE
  8
8
 10
0
 20
0
 66
1
  0
VERTEX
  8
8
 10
4.26
 20
-119.60
  0
VERTEX
  8
8
 10
3.79
 20
-108.90
  0
VERTEX
  8
8
 10
0.00
 20
-21.05
  0
SEQEND
  0
POINT
  8
2
 10
4.26
 20
-119.60
  0
POINT
  8
3
 10
3.79
 20
-108.90
  0
TEXT
  8
8
 10
3.79
 20
-108.90
 40
8.00
  1
# 331
  0
POINT
  8
2
 10
0.00
 20
-21.05
  0
TEXT
  8
8
 10
0.00
 20
-21.05
 40
8.00
  1
# 332
  0
POINT
  8
2
 10
0.00
 20
-21.05
  0
POINT
  8
8
 10
0.93280029296883
 20
134.74945449829
  0
POINT
  8
2
 10
0.93
 20
134.75
  0
TEXT
  8
8
 10
0.93
 20
134.75
 40
8.00
  1
# 333
  0
POINT
  8
2
 10
0.93
 20
134.75
  0
TEXT
  8
8
 10
0.93
 20
134.75
 40
8.00
  1
# 334
  0
POLYLINE
  8
8
 10
0
 20
0
 66
1
  0
VERTEX
  8
8
 10
0.93
 20
134.75
  0
VERTEX
  8
8
 10
13.46
 20
134.78
  0
VERTEX
  8
8
 10
68.57
 20
134.93
  0
VERTEX
  8
8
 10
95.61
 20
135.00
  0
VERTEX
  8
8
 10
204.17
 20
135.28
  0
VERTEX
  8
8
 10
217.80
 20
135.32
  0
SEQEND
  0
POINT
  8
2
 10
0.93
 20
134.75
  0
POINT
  8
3
 10
13.46
 20
134.78
  0
TEXT
  8
8
 10
13.46
 20
134.78
 40
8.00
  1
# 335
  0
POINT
  8
3
 10
68.57
 20
134.93
  0
TEXT
  8
8
 10
68.57
 20
134.93
 40
8.00
  1
# 336
  0
POINT
  8
3
 10
95.61
 20
135.00
  0
TEXT
  8
8
 10
95.61
 20
135.00
 40
8.00
  1
# 337
  0
POINT
  8
3
 10
204.17
 20
135.28
  0
TEXT
  8
8
 10
204.17
 20
135.28
 40
8.00
  1
# 338
  0
POINT
  8
2
 10
217.80
 20
135.32
  0
TEXT
  8
8
 10
217.80
 20
135.32
 40
8.00
  1
# 339
  0
POINT
  8
2
 10
217.80
 20
135.32
  0
POINT
  8
8
 10
7.9937133789063
 20
-20.733623504639
  0
POINT
  8
2
 10
7.99
 20
-20.73
  0
TEXT
  8
8
 10
7.99
 20
-20.73
 40
8.00
  1
# 340
  0
POINT
  8
2
 10
7.99
 20
-20.73
  0
TEXT
  8
8
 10
7.99
 20
-20.73
 40
8.00
  1
# 341
  0
POLYLINE
  8
8
 10
0
 20
0
 66
1
  0
VERTEX
  8
8
 10
7.99
 20
-20.73
  0
VERTEX
  8
8
 10
1.50
 20
122.24
  0
VERTEX
  8
8
 10
0.93
 20
134.75
  0
SEQEND
  0
POINT
  8
2
 10
7.99
 20
-20.73
  0
POINT
  8
3
 10
1.50
 20
122.24
  0
TEXT
  8
8
 10
1.50
 20
122.24
 40
8.00
  1
# 342
  0
POINT
  8
2
 10
0.93
 20
134.75
  0
TEXT
  8
8
 10
0.93
 20
134.75
 40
8.00
  1
# 343
  0
POINT
  8
2
 10
0.93
 20
134.75
  0
TEXT
  8
4
 10
121.02
 20
-121.59
 40
8.00
  1
# 344
  0
POINT
  8
4
 10
121.02
 20
-121.59
 30
10.00
 50
95.455908
  0
TEXT
  8
4
 10
69.60
 20
-121.14
 40
8.00
  1
# 345
  0
POINT
  8
4
 10
69.60
 20
-121.14
 30
10.00
 50
88.458506
  0
TEXT
  8
4
 10
7.99
 20
-20.73
 40
8.00
  1
# 346
  0
POINT
  8
4
 10
7.99
 20
-20.73
 30
10.00
 50
2.50067
  0
TEXT
  8
4
 10
68.57
 20
134.93
 40
8.00
  1
# 347
  0
POINT
  8
4
 10
68.57
 20
134.93
 30
10.00
 50
-89.850918
  0
TEXT
  8
4
 10
95.61
 20
135.00
 40
8.00
  1
# 348
  0
POINT
  8
4
 10
95.61
 20
135.00
 30
10.00
 50
-89.848174
  0
TEXT
  8
1
 10
0.00
 20
-144.32
 40
8.00
  1
Piece Name: BK SL J  
  0
TEXT
  8
1
 10
0.00
 20
-154.32
 40
8.00
  1
Size: S
  0
TEXT
  8
1
 10
0.00
 20
-164.32
 40
8.00
  1
Annotation: ORFATTI PROD(4 FEB26)
  0
TEXT
  8
1
 10
0.00
 20
-174.32
 40
8.00
  1
Quantity: 1
  0
TEXT
  8
1
 10
0.00
 20
-184.32
 40
8.00
  1
Category: X 2
  0
ENDBLK
  0
BLOCK
  2
FR_SL_TOPS
  8
1
 10
0.00
 20
0.00
 70
64
  0
POLYLINE
  8
14
 10
0
 20
0
 66
1
 70
1
  0
VERTEX
  8
14
 10
231.01
 20
-114.22
  0
VERTEX
  8
14
 10
116.86
 20
-118.36
  0
VERTEX
  8
14
 10
70.29
 20
-120.13
  0
VERTEX
  8
14
 10
67.77
 20
-105.01
  0
VERTEX
  8
14
 10
65.22
 20
-89.89
  0
VERTEX
  8
14
 10
62.65
 20
-74.78
  0
VERTEX
  8
14
 10
60.05
 20
-59.67
  0
VERTEX
  8
14
 10
57.43
 20
-44.56
  0
VERTEX
  8
14
 10
54.78
 20
-29.46
  0
VERTEX
  8
14
 10
52.10
 20
-14.37
  0
VERTEX
  8
14
 10
49.40
 20
0.72
  0
VERTEX
  8
14
 10
48.64
 20
5.15
  0
VERTEX
  8
14
 10
47.84
 20
9.58
  0
VERTEX
  8
14
 10
47.00
 20
13.99
  0
VERTEX
  8
14
 10
46.12
 20
18.40
  0
VERTEX
  8
14
 10
44.27
 20
27.37
  0
VERTEX
  8
14
 10
42.37
 20
36.34
  0
VERTEX
  8
14
 10
40.44
 20
45.30
  0
VERTEX
  8
14
 10
38.47
 20
54.24
  0
VERTEX
  8
14
 10
40.93
 20
55.83
  0
VERTEX
  8
14
 10
43.41
 20
57.37
  0
VERTEX
  8
14
 10
45.93
 20
58.87
  0
VERTEX
  8
14
 10
48.47
 20
60.32
  0
VERTEX
  8
14
 10
51.04
 20
61.72
  0
VERTEX
  8
14
 10
53.63
 20
63.07
  0
VERTEX
  8
14
 10
56.25
 20
64.37
  0
VERTEX
  8
14
 10
58.89
 20
65.62
  0
VERTEX
  8
14
 10
63.32
 20
67.63
  0
VERTEX
  8
14
 10
67.76
 20
69.59
  0
VERTEX
  8
14
 10
72.23
 20
71.51
  0
VERTEX
  8
14
 10
76.72
 20
73.37
  0
VERTEX
  8
14
 10
81.23
 20
75.18
  0
VERTEX
  8
14
 10
85.76
 20
76.94
  0
VERTEX
  8
14
 10
90.31
 20
78.64
  0
VERTEX
  8
14
 10
94.87
 20
80.30
  0
VERTEX
  8
14
 10
97.68
 20
81.33
  0
VERTEX
  8
14
 10
100.50
 20
82.34
  0
VERTEX
  8
14
 10
103.33
 20
83.33
  0
VERTEX
  8
14
 10
106.16
 20
84.30
  0
VERTEX
  8
14
 10
109.00
 20
85.25
  0
VERTEX
  8
14
 10
111.84
 20
86.18
  0
VERTEX
  8
14
 10
114.69
 20
87.09
  0
VERTEX
  8
14
 10
117.55
 20
87.98
  0
VERTEX
  8
14
 10
119.78
 20
88.65
  0
VERTEX
  8
14
 10
122.01
 20
89.30
  0
VERTEX
  8
14
 10
124.26
 20
89.94
  0
VERTEX
  8
14
 10
126.50
 20
90.55
  0
VERTEX
  8
14
 10
128.75
 20
91.15
  0
VERTEX
  8
14
 10
131.01
 20
91.72
  0
VERTEX
  8
14
 10
133.27
 20
92.28
  0
VERTEX
  8
14
 10
135.54
 20
92.81
  0
VERTEX
  8
14
 10
189.44
 20
102.30
  0
VERTEX
  8
14
 10
223.99
 20
106.85
  0
VERTEX
  8
14
 10
226.19
 20
43.90
  0
SEQEND
  0
POINT
  8
2
 10
231.01
 20
-114.22
  0
TEXT
  8
14
 10
231.01
 20
-114.22
 40
8.00
  1
# 349
  0
POINT
  8
3
 10
116.86
 20
-118.36
  0
TEXT
  8
14
 10
116.86
 20
-118.36
 40
8.00
  1
# 350
  0
POINT
  8
2
 10
70.29
 20
-120.13
  0
TEXT
  8
14
 10
70.29
 20
-120.13
 40
8.00
  1
# 351
  0
POINT
  8
3
 10
67.77
 20
-105.01
  0
POINT
  8
3
 10
65.22
 20
-89.89
  0
POINT
  8
3
 10
62.65
 20
-74.78
  0
POINT
  8
3
 10
60.05
 20
-59.67
  0
TEXT
  8
14
 10
60.05
 20
-59.67
 40
8.00
  1
# 352
  0
POINT
  8
3
 10
57.43
 20
-44.56
  0
POINT
  8
3
 10
54.78
 20
-29.46
  0
POINT
  8
3
 10
52.10
 20
-14.37
  0
POINT
  8
3
 10
49.40
 20
0.72
  0
TEXT
  8
14
 10
49.40
 20
0.72
 40
8.00
  1
# 353
  0
POINT
  8
3
 10
48.64
 20
5.15
  0
POINT
  8
3
 10
47.84
 20
9.58
  0
POINT
  8
3
 10
47.00
 20
13.99
  0
POINT
  8
3
 10
46.12
 20
18.40
  0
TEXT
  8
14
 10
46.12
 20
18.40
 40
8.00
  1
# 354
  0
POINT
  8
3
 10
44.27
 20
27.37
  0
POINT
  8
3
 10
42.37
 20
36.34
  0
POINT
  8
3
 10
40.44
 20
45.30
  0
POINT
  8
2
 10
38.47
 20
54.24
  0
TEXT
  8
14
 10
38.47
 20
54.24
 40
8.00
  1
# 355
  0
POINT
  8
3
 10
40.93
 20
55.83
  0
POINT
  8
3
 10
43.41
 20
57.37
  0
POINT
  8
3
 10
45.93
 20
58.87
  0
POINT
  8
3
 10
48.47
 20
60.32
  0
POINT
  8
3
 10
51.04
 20
61.72
  0
POINT
  8
3
 10
53.63
 20
63.07
  0
POINT
  8
3
 10
56.25
 20
64.37
  0
POINT
  8
3
 10
58.89
 20
65.62
  0
TEXT
  8
14
 10
58.89
 20
65.62
 40
8.00
  1
# 356
  0
POINT
  8
3
 10
63.32
 20
67.63
  0
POINT
  8
3
 10
67.76
 20
69.59
  0
POINT
  8
3
 10
72.23
 20
71.51
  0
POINT
  8
3
 10
76.72
 20
73.37
  0
POINT
  8
3
 10
81.23
 20
75.18
  0
POINT
  8
3
 10
85.76
 20
76.94
  0
POINT
  8
3
 10
90.31
 20
78.64
  0
POINT
  8
3
 10
94.87
 20
80.30
  0
TEXT
  8
14
 10
94.87
 20
80.30
 40
8.00
  1
# 357
  0
POINT
  8
3
 10
97.68
 20
81.33
  0
POINT
  8
3
 10
100.50
 20
82.34
  0
POINT
  8
3
 10
103.33
 20
83.33
  0
POINT
  8
3
 10
106.16
 20
84.30
  0
POINT
  8
3
 10
109.00
 20
85.25
  0
POINT
  8
3
 10
111.84
 20
86.18
  0
POINT
  8
3
 10
114.69
 20
87.09
  0
POINT
  8
3
 10
117.55
 20
87.98
  0
TEXT
  8
14
 10
117.55
 20
87.98
 40
8.00
  1
# 358
  0
POINT
  8
3
 10
119.78
 20
88.65
  0
POINT
  8
3
 10
122.01
 20
89.30
  0
POINT
  8
3
 10
124.26
 20
89.94
  0
POINT
  8
3
 10
126.50
 20
90.55
  0
POINT
  8
3
 10
128.75
 20
91.15
  0
POINT
  8
3
 10
131.01
 20
91.72
  0
POINT
  8
3
 10
133.27
 20
92.28
  0
POINT
  8
2
 10
135.54
 20
92.81
  0
TEXT
  8
14
 10
135.54
 20
92.81
 40
8.00
  1
# 359
  0
POINT
  8
2
 10
189.44
 20
102.30
  0
TEXT
  8
14
 10
189.44
 20
102.30
 40
8.00
  1
# 360
  0
POINT
  8
2
 10
223.99
 20
106.85
  0
TEXT
  8
14
 10
223.99
 20
106.85
 40
8.00
  1
# 361
  0
POINT
  8
3
 10
226.19
 20
43.90
  0
TEXT
  8
14
 10
226.19
 20
43.90
 40
8.00
  1
# 362
  0
POINT
  8
2
 10
231.01
 20
-114.22
  0
TEXT
  8
14
 10
231.01
 20
-114.22
 40
8.00
  1
# 349
  0
POLYLINE
  8
1
 10
0
 20
0
 66
1
 70
1
  0
VERTEX
  8
1
 10
243.37
 20
-125.78
  0
VERTEX
  8
1
 10
231.45
 20
-126.21
  0
VERTEX
  8
1
 10
117.32
 20
-130.36
  0
VERTEX
  8
1
 10
70.75
 20
-132.12
  0
VERTEX
  8
1
 10
60.20
 20
-132.52
  0
VERTEX
  8
1
 10
58.46
 20
-122.11
  0
VERTEX
  8
1
 10
55.94
 20
-107.00
  0
VERTEX
  8
1
 10
53.40
 20
-91.90
  0
VERTEX
  8
1
 10
50.83
 20
-76.81
  0
VERTEX
  8
1
 10
48.23
 20
-61.71
  0
VERTEX
  8
1
 10
45.22
 20
-44.43
  0
VERTEX
  8
1
 10
42.19
 20
-27.14
  0
VERTEX
  8
1
 10
39.13
 20
-9.87
  0
VERTEX
  8
1
 10
36.04
 20
7.40
  0
VERTEX
  8
1
 10
35.19
 20
11.79
  0
VERTEX
  8
1
 10
34.32
 20
16.17
  0
VERTEX
  8
1
 10
33.43
 20
20.55
  0
VERTEX
  8
1
 10
32.52
 20
24.92
  0
VERTEX
  8
1
 10
31.11
 20
31.61
  0
VERTEX
  8
1
 10
29.67
 20
38.30
  0
VERTEX
  8
1
 10
28.22
 20
44.98
  0
VERTEX
  8
1
 10
26.75
 20
51.66
  0
VERTEX
  8
1
 10
24.96
 20
59.80
  0
VERTEX
  8
1
 10
31.95
 20
64.32
  0
VERTEX
  8
1
 10
34.59
 20
66.02
  0
VERTEX
  8
1
 10
37.25
 20
67.67
  0
VERTEX
  8
1
 10
39.95
 20
69.27
  0
VERTEX
  8
1
 10
42.67
 20
70.82
  0
VERTEX
  8
1
 10
45.42
 20
72.32
  0
VERTEX
  8
1
 10
48.20
 20
73.76
  0
VERTEX
  8
1
 10
51.01
 20
75.16
  0
VERTEX
  8
1
 10
53.84
 20
76.50
  0
VERTEX
  8
1
 10
58.38
 20
78.57
  0
VERTEX
  8
1
 10
62.94
 20
80.59
  0
VERTEX
  8
1
 10
67.53
 20
82.56
  0
VERTEX
  8
1
 10
72.14
 20
84.47
  0
VERTEX
  8
1
 10
76.77
 20
86.33
  0
VERTEX
  8
1
 10
81.42
 20
88.13
  0
VERTEX
  8
1
 10
86.09
 20
89.88
  0
VERTEX
  8
1
 10
90.79
 20
91.58
  0
VERTEX
  8
1
 10
93.67
 20
92.64
  0
VERTEX
  8
1
 10
96.56
 20
93.67
  0
VERTEX
  8
1
 10
99.45
 20
94.69
  0
VERTEX
  8
1
 10
102.35
 20
95.68
  0
VERTEX
  8
1
 10
105.26
 20
96.65
  0
VERTEX
  8
1
 10
108.18
 20
97.61
  0
VERTEX
  8
1
 10
111.10
 20
98.54
  0
VERTEX
  8
1
 10
114.03
 20
99.45
  0
VERTEX
  8
1
 10
116.40
 20
100.16
  0
VERTEX
  8
1
 10
118.76
 20
100.85
  0
VERTEX
  8
1
 10
121.14
 20
101.52
  0
VERTEX
  8
1
 10
123.52
 20
102.17
  0
VERTEX
  8
1
 10
125.91
 20
102.80
  0
VERTEX
  8
1
 10
128.30
 20
103.41
  0
VERTEX
  8
1
 10
130.69
 20
103.99
  0
VERTEX
  8
1
 10
132.95
 20
104.52
  0
VERTEX
  8
1
 10
133.10
 20
104.56
  0
VERTEX
  8
1
 10
187.61
 20
114.16
  0
VERTEX
  8
1
 10
222.42
 20
118.74
  0
VERTEX
  8
1
 10
235.52
 20
120.47
  0
VERTEX
  8
1
 10
235.98
 20
107.26
  0
VERTEX
  8
1
 10
238.18
 20
44.30
  0
VERTEX
  8
1
 10
243.00
 20
-113.85
  0
SEQEND
  0
POINT
  8
2
 10
243.37
 20
-125.78
  0
TEXT
  8
1
 10
243.37
 20
-125.78
 40
8.00
  1
# 363
  0
POINT
  8
3
 10
231.45
 20
-126.21
  0
TEXT
  8
1
 10
231.45
 20
-126.21
 40
8.00
  1
# 364
  0
POINT
  8
2
 10
117.32
 20
-130.36
  0
TEXT
  8
1
 10
117.32
 20
-130.36
 40
8.00
  1
# 365
  0
POINT
  8
2
 10
117.32
 20
-130.36
  0
TEXT
  8
1
 10
117.32
 20
-130.36
 40
8.00
  1
# 366
  0
POINT
  8
3
 10
70.75
 20
-132.12
  0
TEXT
  8
1
 10
70.75
 20
-132.12
 40
8.00
  1
# 367
  0
POINT
  8
2
 10
60.20
 20
-132.52
  0
TEXT
  8
1
 10
60.20
 20
-132.52
 40
8.00
  1
# 368
  0
POINT
  8
3
 10
58.46
 20
-122.11
  0
TEXT
  8
1
 10
58.46
 20
-122.11
 40
8.00
  1
# 369
  0
POINT
  8
3
 10
55.94
 20
-107.00
  0
POINT
  8
3
 10
53.40
 20
-91.90
  0
POINT
  8
3
 10
50.83
 20
-76.81
  0
POINT
  8
3
 10
48.23
 20
-61.71
  0
TEXT
  8
1
 10
48.23
 20
-61.71
 40
8.00
  1
# 370
  0
POINT
  8
3
 10
45.22
 20
-44.43
  0
POINT
  8
3
 10
42.19
 20
-27.14
  0
POINT
  8
3
 10
39.13
 20
-9.87
  0
POINT
  8
3
 10
36.04
 20
7.40
  0
TEXT
  8
1
 10
36.04
 20
7.40
 40
8.00
  1
# 371
  0
POINT
  8
3
 10
35.19
 20
11.79
  0
POINT
  8
3
 10
34.32
 20
16.17
  0
POINT
  8
3
 10
33.43
 20
20.55
  0
POINT
  8
3
 10
32.52
 20
24.92
  0
TEXT
  8
1
 10
32.52
 20
24.92
 40
8.00
  1
# 372
  0
POINT
  8
3
 10
31.11
 20
31.61
  0
POINT
  8
3
 10
29.67
 20
38.30
  0
POINT
  8
3
 10
28.22
 20
44.98
  0
POINT
  8
3
 10
26.75
 20
51.66
  0
TEXT
  8
1
 10
26.75
 20
51.66
 40
8.00
  1
# 373
  0
POINT
  8
2
 10
24.96
 20
59.80
  0
TEXT
  8
1
 10
24.96
 20
59.80
 40
8.00
  1
# 374
  0
POINT
  8
3
 10
31.95
 20
64.32
  0
TEXT
  8
1
 10
31.95
 20
64.32
 40
8.00
  1
# 375
  0
POINT
  8
3
 10
34.59
 20
66.02
  0
POINT
  8
3
 10
37.25
 20
67.67
  0
POINT
  8
3
 10
39.95
 20
69.27
  0
POINT
  8
3
 10
42.67
 20
70.82
  0
POINT
  8
3
 10
45.42
 20
72.32
  0
POINT
  8
3
 10
48.20
 20
73.76
  0
POINT
  8
3
 10
51.01
 20
75.16
  0
POINT
  8
3
 10
53.84
 20
76.50
  0
TEXT
  8
1
 10
53.84
 20
76.50
 40
8.00
  1
# 376
  0
POINT
  8
3
 10
58.38
 20
78.57
  0
POINT
  8
3
 10
62.94
 20
80.59
  0
POINT
  8
3
 10
67.53
 20
82.56
  0
POINT
  8
3
 10
72.14
 20
84.47
  0
POINT
  8
3
 10
76.77
 20
86.33
  0
POINT
  8
3
 10
81.42
 20
88.13
  0
POINT
  8
3
 10
86.09
 20
89.88
  0
POINT
  8
3
 10
90.79
 20
91.58
  0
TEXT
  8
1
 10
90.79
 20
91.58
 40
8.00
  1
# 377
  0
POINT
  8
3
 10
93.67
 20
92.64
  0
POINT
  8
3
 10
96.56
 20
93.67
  0
POINT
  8
3
 10
99.45
 20
94.69
  0
POINT
  8
3
 10
102.35
 20
95.68
  0
POINT
  8
3
 10
105.26
 20
96.65
  0
POINT
  8
3
 10
108.18
 20
97.61
  0
POINT
  8
3
 10
111.10
 20
98.54
  0
POINT
  8
3
 10
114.03
 20
99.45
  0
TEXT
  8
1
 10
114.03
 20
99.45
 40
8.00
  1
# 378
  0
POINT
  8
3
 10
116.40
 20
100.16
  0
POINT
  8
3
 10
118.76
 20
100.85
  0
POINT
  8
3
 10
121.14
 20
101.52
  0
POINT
  8
3
 10
123.52
 20
102.17
  0
POINT
  8
3
 10
125.91
 20
102.80
  0
POINT
  8
3
 10
128.30
 20
103.41
  0
POINT
  8
3
 10
130.69
 20
103.99
  0
POINT
  8
2
 10
132.95
 20
104.52
  0
TEXT
  8
1
 10
132.95
 20
104.52
 40
8.00
  1
# 379
  0
POINT
  8
2
 10
132.95
 20
104.52
  0
TEXT
  8
1
 10
132.95
 20
104.52
 40
8.00
  1
# 380
  0
POINT
  8
2
 10
133.10
 20
104.56
  0
POINT
  8
2
 10
187.61
 20
114.16
  0
TEXT
  8
1
 10
187.61
 20
114.16
 40
8.00
  1
# 381
  0
POINT
  8
3
 10
222.42
 20
118.74
  0
TEXT
  8
1
 10
222.42
 20
118.74
 40
8.00
  1
# 382
  0
POINT
  8
2
 10
235.52
 20
120.47
  0
TEXT
  8
1
 10
235.52
 20
120.47
 40
8.00
  1
# 383
  0
POINT
  8
3
 10
235.98
 20
107.26
  0
TEXT
  8
1
 10
235.98
 20
107.26
 40
8.00
  1
# 384
  0
POINT
  8
3
 10
238.18
 20
44.30
  0
TEXT
  8
1
 10
238.18
 20
44.30
 40
8.00
  1
# 385
  0
POINT
  8
3
 10
243.00
 20
-113.85
  0
TEXT
  8
1
 10
243.00
 20
-113.85
 40
8.00
  1
# 386
  0
POINT
  8
2
 10
243.37
 20
-125.78
  0
TEXT
  8
1
 10
243.37
 20
-125.78
 40
8.00
  1
# 363
  0
TEXT
  8
4
 10
117.32
 20
-130.36
 40
8.00
  1
# 387
  0
POINT
  8
4
 10
117.32
 20
-130.36
 30
10.00
 50
92.079785
  0
TEXT
  8
4
 10
132.95
 20
104.52
 40
8.00
  1
# 388
  0
POINT
  8
4
 10
132.95
 20
104.52
 30
10.00
 50
-77.535449
  0
TEXT
  8
1
 10
24.96
 20
-152.52
 40
8.00
  1
Piece Name: FR SL TOP
  0
TEXT
  8
1
 10
24.96
 20
-162.52
 40
8.00
  1
Size: S
  0
TEXT
  8
1
 10
24.96
 20
-172.52
 40
8.00
  1
Annotation: ORFATTI PROD(4 FEB26)
  0
TEXT
  8
1
 10
24.96
 20
-182.52
 40
8.00
  1
Quantity: 1
  0
TEXT
  8
1
 10
24.96
 20
-192.52
 40
8.00
  1
Category: X 2
  0
ENDBLK
  0
BLOCK
  2
FR_SL_J__S
  8
1
 10
0.00
 20
0.00
 70
64
  0
POLYLINE
  8
14
 10
0
 20
0
 66
1
 70
1
  0
VERTEX
  8
14
 10
198.37
 20
-106.02
  0
VERTEX
  8
14
 10
190.87
 20
-106.14
  0
VERTEX
  8
14
 10
183.37
 20
-106.31
  0
VERTEX
  8
14
 10
175.88
 20
-106.52
  0
VERTEX
  8
14
 10
168.38
 20
-106.78
  0
VERTEX
  8
14
 10
160.88
 20
-107.08
  0
VERTEX
  8
14
 10
153.39
 20
-107.43
  0
VERTEX
  8
14
 10
145.90
 20
-107.83
  0
VERTEX
  8
14
 10
138.41
 20
-108.27
  0
VERTEX
  8
14
 10
130.78
 20
-108.76
  0
VERTEX
  8
14
 10
123.16
 20
-109.30
  0
VERTEX
  8
14
 10
115.53
 20
-109.89
  0
VERTEX
  8
14
 10
107.92
 20
-110.52
  0
VERTEX
  8
14
 10
100.30
 20
-111.19
  0
VERTEX
  8
14
 10
92.69
 20
-111.92
  0
VERTEX
  8
14
 10
85.09
 20
-112.68
  0
VERTEX
  8
14
 10
77.49
 20
-113.49
  0
VERTEX
  8
14
 10
34.80
 20
119.16
  0
VERTEX
  8
14
 10
81.38
 20
120.92
  0
VERTEX
  8
14
 10
195.52
 20
125.06
  0
VERTEX
  8
14
 10
197.08
 20
-18.05
  0
SEQEND
  0
POINT
  8
2
 10
198.37
 20
-106.02
  0
TEXT
  8
14
 10
198.37
 20
-106.02
 40
8.00
  1
# 389
  0
POINT
  8
3
 10
190.87
 20
-106.14
  0
POINT
  8
3
 10
183.37
 20
-106.31
  0
POINT
  8
3
 10
175.88
 20
-106.52
  0
POINT
  8
3
 10
168.38
 20
-106.78
  0
POINT
  8
3
 10
160.88
 20
-107.08
  0
POINT
  8
3
 10
153.39
 20
-107.43
  0
POINT
  8
3
 10
145.90
 20
-107.83
  0
POINT
  8
3
 10
138.41
 20
-108.27
  0
TEXT
  8
14
 10
138.41
 20
-108.27
 40
8.00
  1
# 390
  0
POINT
  8
3
 10
130.78
 20
-108.76
  0
POINT
  8
3
 10
123.16
 20
-109.30
  0
POINT
  8
3
 10
115.53
 20
-109.89
  0
POINT
  8
3
 10
107.92
 20
-110.52
  0
POINT
  8
3
 10
100.30
 20
-111.19
  0
POINT
  8
3
 10
92.69
 20
-111.92
  0
POINT
  8
3
 10
85.09
 20
-112.68
  0
POINT
  8
2
 10
77.49
 20
-113.49
  0
TEXT
  8
14
 10
77.49
 20
-113.49
 40
8.00
  1
# 391
  0
POINT
  8
2
 10
34.80
 20
119.16
  0
TEXT
  8
14
 10
34.80
 20
119.16
 40
8.00
  1
# 392
  0
POINT
  8
3
 10
81.38
 20
120.92
  0
TEXT
  8
14
 10
81.38
 20
120.92
 40
8.00
  1
# 393
  0
POINT
  8
2
 10
195.52
 20
125.06
  0
TEXT
  8
14
 10
195.52
 20
125.06
 40
8.00
  1
# 394
  0
POINT
  8
3
 10
197.08
 20
-18.05
  0
TEXT
  8
14
 10
197.08
 20
-18.05
 40
8.00
  1
# 395
  0
POINT
  8
2
 10
198.37
 20
-106.02
  0
TEXT
  8
14
 10
198.37
 20
-106.02
 40
8.00
  1
# 389
  0
POLYLINE
  8
1
 10
0
 20
0
 66
1
 70
1
  0
VERTEX
  8
1
 10
218.55
 20
-117.69
  0
VERTEX
  8
1
 10
198.57
 20
-118.01
  0
VERTEX
  8
1
 10
191.11
 20
-118.14
  0
VERTEX
  8
1
 10
183.68
 20
-118.30
  0
VERTEX
  8
1
 10
176.25
 20
-118.51
  0
VERTEX
  8
1
 10
168.83
 20
-118.77
  0
VERTEX
  8
1
 10
161.41
 20
-119.07
  0
VERTEX
  8
1
 10
153.98
 20
-119.42
  0
VERTEX
  8
1
 10
146.57
 20
-119.81
  0
VERTEX
  8
1
 10
139.15
 20
-120.25
  0
VERTEX
  8
1
 10
131.59
 20
-120.74
  0
VERTEX
  8
1
 10
124.04
 20
-121.27
  0
VERTEX
  8
1
 10
116.49
 20
-121.85
  0
VERTEX
  8
1
 10
108.94
 20
-122.47
  0
VERTEX
  8
1
 10
101.40
 20
-123.14
  0
VERTEX
  8
1
 10
93.86
 20
-123.86
  0
VERTEX
  8
1
 10
86.33
 20
-124.62
  0
VERTEX
  8
1
 10
78.76
 20
-125.42
  0
VERTEX
  8
1
 10
67.69
 20
-126.61
  0
VERTEX
  8
1
 10
65.68
 20
-115.66
  0
VERTEX
  8
1
 10
23.00
 20
116.99
  0
VERTEX
  8
1
 10
20.50
 20
130.62
  0
VERTEX
  8
1
 10
34.35
 20
131.15
  0
VERTEX
  8
1
 10
80.92
 20
132.91
  0
VERTEX
  8
1
 10
195.09
 20
137.06
  0
VERTEX
  8
1
 10
207.39
 20
137.50
  0
VERTEX
  8
1
 10
207.52
 20
125.20
  0
VERTEX
  8
1
 10
209.08
 20
-17.92
  0
VERTEX
  8
1
 10
217.08
 20
-17.75
  0
VERTEX
  8
1
 10
218.37
 20
-105.72
  0
SEQEND
  0
POINT
  8
2
 10
218.55
 20
-117.69
  0
TEXT
  8
1
 10
218.55
 20
-117.69
 40
8.00
  1
# 396
  0
POINT
  8
3
 10
198.57
 20
-118.01
  0
TEXT
  8
1
 10
198.57
 20
-118.01
 40
8.00
  1
# 397
  0
POINT
  8
3
 10
191.11
 20
-118.14
  0
POINT
  8
3
 10
183.68
 20
-118.30
  0
POINT
  8
3
 10
176.25
 20
-118.51
  0
POINT
  8
3
 10
168.83
 20
-118.77
  0
POINT
  8
3
 10
161.41
 20
-119.07
  0
POINT
  8
3
 10
153.98
 20
-119.42
  0
POINT
  8
3
 10
146.57
 20
-119.81
  0
POINT
  8
3
 10
139.15
 20
-120.25
  0
TEXT
  8
1
 10
139.15
 20
-120.25
 40
8.00
  1
# 398
  0
POINT
  8
3
 10
131.59
 20
-120.74
  0
POINT
  8
3
 10
124.04
 20
-121.27
  0
POINT
  8
3
 10
116.49
 20
-121.85
  0
POINT
  8
3
 10
108.94
 20
-122.47
  0
POINT
  8
3
 10
101.40
 20
-123.14
  0
POINT
  8
3
 10
93.86
 20
-123.86
  0
POINT
  8
3
 10
86.33
 20
-124.62
  0
POINT
  8
3
 10
78.76
 20
-125.42
  0
TEXT
  8
1
 10
78.76
 20
-125.42
 40
8.00
  1
# 399
  0
POINT
  8
2
 10
67.69
 20
-126.61
  0
TEXT
  8
1
 10
67.69
 20
-126.61
 40
8.00
  1
# 400
  0
POINT
  8
3
 10
65.68
 20
-115.66
  0
TEXT
  8
1
 10
65.68
 20
-115.66
 40
8.00
  1
# 401
  0
POINT
  8
3
 10
23.00
 20
116.99
  0
TEXT
  8
1
 10
23.00
 20
116.99
 40
8.00
  1
# 402
  0
POINT
  8
2
 10
20.50
 20
130.62
  0
TEXT
  8
1
 10
20.50
 20
130.62
 40
8.00
  1
# 403
  0
POINT
  8
3
 10
34.35
 20
131.15
  0
TEXT
  8
1
 10
34.35
 20
131.15
 40
8.00
  1
# 404
  0
POINT
  8
3
 10
80.92
 20
132.91
  0
TEXT
  8
1
 10
80.92
 20
132.91
 40
8.00
  1
# 405
  0
POINT
  8
3
 10
195.09
 20
137.06
  0
TEXT
  8
1
 10
195.09
 20
137.06
 40
8.00
  1
# 406
  0
POINT
  8
2
 10
207.39
 20
137.50
  0
TEXT
  8
1
 10
207.39
 20
137.50
 40
8.00
  1
# 407
  0
POINT
  8
3
 10
207.52
 20
125.20
  0
TEXT
  8
1
 10
207.52
 20
125.20
 40
8.00
  1
# 408
  0
POINT
  8
2
 10
209.08
 20
-17.92
  0
TEXT
  8
1
 10
209.08
 20
-17.92
 40
8.00
  1
# 409
  0
POINT
  8
2
 10
217.08
 20
-17.75
  0
TEXT
  8
1
 10
217.08
 20
-17.75
 40
8.00
  1
# 410
  0
POINT
  8
3
 10
218.37
 20
-105.72
  0
TEXT
  8
1
 10
218.37
 20
-105.72
 40
8.00
  1
# 411
  0
POINT
  8
2
 10
218.55
 20
-117.69
  0
TEXT
  8
1
 10
218.55
 20
-117.69
 40
8.00
  1
# 396
  0
POINT
  8
8
 10
218.54809570313
 20
-117.68885040283
  0
POINT
  8
2
 10
218.55
 20
-117.69
  0
TEXT
  8
8
 10
218.55
 20
-117.69
 40
8.00
  1
# 412
  0
POINT
  8
2
 10
218.55
 20
-117.69
  0
TEXT
  8
8
 10
218.55
 20
-117.69
 40
8.00
  1
# 413
  0
POLYLINE
  8
8
 10
0
 20
0
 66
1
  0
VERTEX
  8
8
 10
218.55
 20
-117.69
  0
VERTEX
  8
8
 10
198.57
 20
-118.01
  0
VERTEX
  8
8
 10
191.14
 20
-118.14
  0
VERTEX
  8
8
 10
183.71
 20
-118.30
  0
VERTEX
  8
8
 10
176.28
 20
-118.51
  0
VERTEX
  8
8
 10
168.85
 20
-118.77
  0
VERTEX
  8
8
 10
161.42
 20
-119.07
  0
VERTEX
  8
8
 10
153.99
 20
-119.42
  0
VERTEX
  8
8
 10
146.57
 20
-119.81
  0
VERTEX
  8
8
 10
139.15
 20
-120.25
  0
VERTEX
  8
8
 10
131.59
 20
-120.74
  0
VERTEX
  8
8
 10
124.03
 20
-121.27
  0
VERTEX
  8
8
 10
116.48
 20
-121.85
  0
VERTEX
  8
8
 10
108.92
 20
-122.48
  0
VERTEX
  8
8
 10
101.38
 20
-123.15
  0
VERTEX
  8
8
 10
93.83
 20
-123.86
  0
VERTEX
  8
8
 10
86.29
 20
-124.62
  0
VERTEX
  8
8
 10
78.76
 20
-125.42
  0
VERTEX
  8
8
 10
67.69
 20
-126.61
  0
SEQEND
  0
POINT
  8
2
 10
218.55
 20
-117.69
  0
POINT
  8
3
 10
198.57
 20
-118.01
  0
TEXT
  8
8
 10
198.57
 20
-118.01
 40
8.00
  1
# 414
  0
POINT
  8
3
 10
191.14
 20
-118.14
  0
POINT
  8
3
 10
183.71
 20
-118.30
  0
POINT
  8
3
 10
176.28
 20
-118.51
  0
POINT
  8
3
 10
168.85
 20
-118.77
  0
POINT
  8
3
 10
161.42
 20
-119.07
  0
POINT
  8
3
 10
153.99
 20
-119.42
  0
POINT
  8
3
 10
146.57
 20
-119.81
  0
POINT
  8
3
 10
139.15
 20
-120.25
  0
TEXT
  8
8
 10
139.15
 20
-120.25
 40
8.00
  1
# 415
  0
POINT
  8
3
 10
131.59
 20
-120.74
  0
POINT
  8
3
 10
124.03
 20
-121.27
  0
POINT
  8
3
 10
116.48
 20
-121.85
  0
POINT
  8
3
 10
108.92
 20
-122.48
  0
POINT
  8
3
 10
101.38
 20
-123.15
  0
POINT
  8
3
 10
93.83
 20
-123.86
  0
POINT
  8
3
 10
86.29
 20
-124.62
  0
POINT
  8
3
 10
78.76
 20
-125.42
  0
TEXT
  8
8
 10
78.76
 20
-125.42
 40
8.00
  1
# 416
  0
POINT
  8
2
 10
67.69
 20
-126.61
  0
TEXT
  8
8
 10
67.69
 20
-126.61
 40
8.00
  1
# 417
  0
POINT
  8
2
 10
67.69
 20
-126.61
  0
POINT
  8
8
 10
67.692565917969
 20
-126.60663604736
  0
POINT
  8
2
 10
67.69
 20
-126.61
  0
TEXT
  8
8
 10
67.69
 20
-126.61
 40
8.00
  1
# 418
  0
POINT
  8
2
 10
67.69
 20
-126.61
  0
TEXT
  8
8
 10
67.69
 20
-126.61
 40
8.00
  1
# 419
  0
POLYLINE
  8
8
 10
0
 20
0
 66
1
  0
VERTEX
  8
8
 10
67.69
 20
-126.61
  0
VERTEX
  8
8
 10
65.68
 20
-115.66
  0
VERTEX
  8
8
 10
23.00
 20
116.99
  0
VERTEX
  8
8
 10
20.50
 20
130.62
  0
SEQEND
  0
POINT
  8
2
 10
67.69
 20
-126.61
  0
POINT
  8
3
 10
65.68
 20
-115.66
  0
TEXT
  8
8
 10
65.68
 20
-115.66
 40
8.00
  1
# 420
  0
POINT
  8
3
 10
23.00
 20
116.99
  0
TEXT
  8
8
 10
23.00
 20
116.99
 40
8.00
  1
# 421
  0
POINT
  8
2
 10
20.50
 20
130.62
  0
TEXT
  8
8
 10
20.50
 20
130.62
 40
8.00
  1
# 422
  0
POINT
  8
2
 10
20.50
 20
130.62
  0
POINT
  8
8
 10
217.07946777344
 20
-17.75220489502
  0
POINT
  8
2
 10
217.08
 20
-17.75
  0
TEXT
  8
8
 10
217.08
 20
-17.75
 40
8.00
  1
# 423
  0
POINT
  8
2
 10
217.08
 20
-17.75
  0
TEXT
  8
8
 10
217.08
 20
-17.75
 40
8.00
  1
# 424
  0
POLYLINE
  8
8
 10
0
 20
0
 66
1
  0
VERTEX
  8
8
 10
217.08
 20
-17.75
  0
VERTEX
  8
8
 10
218.37
 20
-105.72
  0
VERTEX
  8
8
 10
218.55
 20
-117.69
  0
SEQEND
  0
POINT
  8
2
 10
217.08
 20
-17.75
  0
POINT
  8
3
 10
218.37
 20
-105.72
  0
TEXT
  8
8
 10
218.37
 20
-105.72
 40
8.00
  1
# 425
  0
POINT
  8
2
 10
218.55
 20
-117.69
  0
TEXT
  8
8
 10
218.55
 20
-117.69
 40
8.00
  1
# 426
  0
POINT
  8
2
 10
218.55
 20
-117.69
  0
POINT
  8
8
 10
20.499938964844
 20
130.62200927734
  0
POINT
  8
2
 10
20.50
 20
130.62
  0
TEXT
  8
8
 10
20.50
 20
130.62
 40
8.00
  1
# 427
  0
POINT
  8
2
 10
20.50
 20
130.62
  0
TEXT
  8
8
 10
20.50
 20
130.62
 40
8.00
  1
# 428
  0
POLYLINE
  8
8
 10
0
 20
0
 66
1
  0
VERTEX
  8
8
 10
20.50
 20
130.62
  0
VERTEX
  8
8
 10
34.35
 20
131.15
  0
VERTEX
  8
8
 10
80.93
 20
132.91
  0
VERTEX
  8
8
 10
195.09
 20
137.06
  0
VERTEX
  8
8
 10
207.39
 20
137.50
  0
SEQEND
  0
POINT
  8
2
 10
20.50
 20
130.62
  0
POINT
  8
3
 10
34.35
 20
131.15
  0
TEXT
  8
8
 10
34.35
 20
131.15
 40
8.00
  1
# 429
  0
POINT
  8
3
 10
80.93
 20
132.91
  0
TEXT
  8
8
 10
80.93
 20
132.91
 40
8.00
  1
# 430
  0
POINT
  8
3
 10
195.09
 20
137.06
  0
TEXT
  8
8
 10
195.09
 20
137.06
 40
8.00
  1
# 431
  0
POINT
  8
2
 10
207.39
 20
137.50
  0
TEXT
  8
8
 10
207.39
 20
137.50
 40
8.00
  1
# 432
  0
POINT
  8
2
 10
207.39
 20
137.50
  0
POINT
  8
8
 10
207.38824462891
 20
137.50315856934
  0
POINT
  8
2
 10
207.39
 20
137.50
  0
TEXT
  8
8
 10
207.39
 20
137.50
 40
8.00
  1
# 433
  0
POINT
  8
2
 10
207.39
 20
137.50
  0
TEXT
  8
8
 10
207.39
 20
137.50
 40
8.00
  1
# 434
  0
POLYLINE
  8
8
 10
0
 20
0
 66
1
  0
VERTEX
  8
8
 10
207.39
 20
137.50
  0
VERTEX
  8
8
 10
207.52
 20
125.20
  0
VERTEX
  8
8
 10
209.08
 20
-17.92
  0
SEQEND
  0
POINT
  8
2
 10
207.39
 20
137.50
  0
POINT
  8
3
 10
207.52
 20
125.20
  0
TEXT
  8
8
 10
207.52
 20
125.20
 40
8.00
  1
# 435
  0
POINT
  8
2
 10
209.08
 20
-17.92
  0
TEXT
  8
8
 10
209.08
 20
-17.92
 40
8.00
  1
# 436
  0
POINT
  8
2
 10
209.08
 20
-17.92
  0
TEXT
  8
4
 10
80.92
 20
132.91
 40
8.00
  1
# 437
  0
POINT
  8
4
 10
80.92
 20
132.91
 30
10.00
 50
-87.920205
  0
TEXT
  8
4
 10
209.08
 20
-17.92
 40
8.00
  1
# 438
  0
POINT
  8
4
 10
209.08
 20
-17.92
 30
10.00
 50
-179.376016
  0
TEXT
  8
1
 10
20.50
 20
-146.61
 40
8.00
  1
Piece Name: FR SL J  
  0
TEXT
  8
1
 10
20.50
 20
-156.61
 40
8.00
  1
Size: S
  0
TEXT
  8
1
 10
20.50
 20
-166.61
 40
8.00
  1
Annotation: ORFATTI PROD(4 FEB26)
  0
TEXT
  8
1
 10
20.50
 20
-176.61
 40
8.00
  1
Quantity: 1
  0
TEXT
  8
1
 10
20.50
 20
-186.61
 40
8.00
  1
Category: X 2
  0
ENDBLK
  0
BLOCK
  2
BK_YK__S
  8
1
 10
0.00
 20
0.00
 70
64
  0
POLYLINE
  8
14
 10
0
 20
0
 66
1
 70
1
  0
VERTEX
  8
14
 10
49.23
 20
-118.12
  0
VERTEX
  8
14
 10
49.16
 20
-114.77
  0
VERTEX
  8
14
 10
49.03
 20
-111.42
  0
VERTEX
  8
14
 10
48.86
 20
-108.07
  0
VERTEX
  8
14
 10
48.64
 20
-104.72
  0
VERTEX
  8
14
 10
48.37
 20
-101.37
  0
VERTEX
  8
14
 10
48.06
 20
-98.04
  0
VERTEX
  8
14
 10
47.70
 20
-94.70
  0
VERTEX
  8
14
 10
47.29
 20
-91.37
  0
VERTEX
  8
14
 10
46.74
 20
-87.34
  0
VERTEX
  8
14
 10
46.15
 20
-83.32
  0
VERTEX
  8
14
 10
45.51
 20
-79.31
  0
VERTEX
  8
14
 10
44.82
 20
-75.30
  0
VERTEX
  8
14
 10
44.09
 20
-71.30
  0
VERTEX
  8
14
 10
43.31
 20
-67.31
  0
VERTEX
  8
14
 10
42.48
 20
-63.33
  0
VERTEX
  8
14
 10
41.61
 20
-59.36
  0
VERTEX
  8
14
 10
41.26
 20
-57.75
  0
VERTEX
  8
14
 10
40.89
 20
-56.15
  0
VERTEX
  8
14
 10
40.50
 20
-54.55
  0
VERTEX
  8
14
 10
40.09
 20
-52.96
  0
VERTEX
  8
14
 10
39.65
 20
-51.38
  0
VERTEX
  8
14
 10
39.20
 20
-49.80
  0
VERTEX
  8
14
 10
38.72
 20
-48.22
  0
VERTEX
  8
14
 10
38.22
 20
-46.66
  0
VERTEX
  8
14
 10
37.70
 20
-45.10
  0
VERTEX
  8
14
 10
37.15
 20
-43.54
  0
VERTEX
  8
14
 10
36.59
 20
-42.00
  0
VERTEX
  8
14
 10
36.00
 20
-40.46
  0
VERTEX
  8
14
 10
35.40
 20
-38.93
  0
VERTEX
  8
14
 10
34.77
 20
-37.41
  0
VERTEX
  8
14
 10
34.12
 20
-35.90
  0
VERTEX
  8
14
 10
33.45
 20
-34.40
  0
VERTEX
  8
14
 10
32.59
 20
-32.53
  0
VERTEX
  8
14
 10
31.71
 20
-30.66
  0
VERTEX
  8
14
 10
30.81
 20
-28.81
  0
VERTEX
  8
14
 10
29.88
 20
-26.96
  0
VERTEX
  8
14
 10
28.94
 20
-25.13
  0
VERTEX
  8
14
 10
27.98
 20
-23.31
  0
VERTEX
  8
14
 10
27.00
 20
-21.49
  0
VERTEX
  8
14
 10
25.99
 20
-19.69
  0
VERTEX
  8
14
 10
24.97
 20
-17.90
  0
VERTEX
  8
14
 10
23.93
 20
-16.12
  0
VERTEX
  8
14
 10
22.87
 20
-14.35
  0
VERTEX
  8
14
 10
21.79
 20
-12.60
  0
VERTEX
  8
14
 10
20.69
 20
-10.85
  0
VERTEX
  8
14
 10
19.57
 20
-9.12
  0
VERTEX
  8
14
 10
18.43
 20
-7.40
  0
VERTEX
  8
14
 10
17.28
 20
-5.69
  0
VERTEX
  8
14
 10
23.51
 20
-2.05
  0
VERTEX
  8
14
 10
29.75
 20
1.57
  0
VERTEX
  8
14
 10
36.01
 20
5.16
  0
VERTEX
  8
14
 10
42.28
 20
8.73
  0
VERTEX
  8
14
 10
48.57
 20
12.27
  0
VERTEX
  8
14
 10
54.87
 20
15.78
  0
VERTEX
  8
14
 10
61.18
 20
19.27
  0
VERTEX
  8
14
 10
67.51
 20
22.74
  0
VERTEX
  8
14
 10
73.86
 20
26.17
  0
VERTEX
  8
14
 10
80.21
 20
29.59
  0
VERTEX
  8
14
 10
86.58
 20
32.97
  0
VERTEX
  8
14
 10
92.97
 20
36.34
  0
VERTEX
  8
14
 10
99.37
 20
39.67
  0
VERTEX
  8
14
 10
105.78
 20
42.98
  0
VERTEX
  8
14
 10
112.20
 20
46.26
  0
VERTEX
  8
14
 10
118.64
 20
49.52
  0
VERTEX
  8
14
 10
125.10
 20
52.75
  0
VERTEX
  8
14
 10
131.56
 20
55.96
  0
VERTEX
  8
14
 10
138.04
 20
59.14
  0
VERTEX
  8
14
 10
144.53
 20
62.29
  0
VERTEX
  8
14
 10
151.04
 20
65.42
  0
VERTEX
  8
14
 10
157.56
 20
68.52
  0
VERTEX
  8
14
 10
164.09
 20
71.60
  0
VERTEX
  8
14
 10
170.63
 20
74.65
  0
VERTEX
  8
14
 10
177.18
 20
77.67
  0
VERTEX
  8
14
 10
183.75
 20
80.66
  0
VERTEX
  8
14
 10
190.33
 20
83.63
  0
VERTEX
  8
14
 10
196.92
 20
86.57
  0
VERTEX
  8
14
 10
203.52
 20
89.49
  0
VERTEX
  8
14
 10
210.14
 20
92.38
  0
VERTEX
  8
14
 10
216.76
 20
95.24
  0
VERTEX
  8
14
 10
223.40
 20
98.07
  0
VERTEX
  8
14
 10
224.18
 20
97.24
  0
VERTEX
  8
14
 10
224.98
 20
96.42
  0
VERTEX
  8
14
 10
225.79
 20
95.62
  0
VERTEX
  8
14
 10
226.61
 20
94.83
  0
VERTEX
  8
14
 10
227.45
 20
94.05
  0
VERTEX
  8
14
 10
228.30
 20
93.29
  0
VERTEX
  8
14
 10
229.17
 20
92.55
  0
VERTEX
  8
14
 10
230.05
 20
91.82
  0
VERTEX
  8
14
 10
230.94
 20
91.11
  0
VERTEX
  8
14
 10
231.84
 20
90.41
  0
VERTEX
  8
14
 10
232.76
 20
89.73
  0
VERTEX
  8
14
 10
233.68
 20
89.06
  0
VERTEX
  8
14
 10
234.62
 20
88.42
  0
VERTEX
  8
14
 10
235.57
 20
87.78
  0
VERTEX
  8
14
 10
236.54
 20
87.17
  0
VERTEX
  8
14
 10
237.51
 20
86.57
  0
VERTEX
  8
14
 10
238.49
 20
85.99
  0
VERTEX
  8
14
 10
239.48
 20
85.43
  0
VERTEX
  8
14
 10
240.49
 20
84.89
  0
VERTEX
  8
14
 10
241.50
 20
84.36
  0
VERTEX
  8
14
 10
242.52
 20
83.85
  0
VERTEX
  8
14
 10
243.55
 20
83.36
  0
VERTEX
  8
14
 10
244.59
 20
82.89
  0
VERTEX
  8
14
 10
245.64
 20
82.44
  0
VERTEX
  8
14
 10
246.69
 20
82.00
  0
VERTEX
  8
14
 10
247.76
 20
81.59
  0
VERTEX
  8
14
 10
248.83
 20
81.19
  0
VERTEX
  8
14
 10
249.90
 20
80.82
  0
VERTEX
  8
14
 10
250.99
 20
80.46
  0
VERTEX
  8
14
 10
252.08
 20
80.12
  0
VERTEX
  8
14
 10
253.17
 20
79.80
  0
VERTEX
  8
14
 10
254.28
 20
79.50
  0
VERTEX
  8
14
 10
256.52
 20
78.90
  0
VERTEX
  8
14
 10
258.78
 20
78.34
  0
VERTEX
  8
14
 10
261.05
 20
77.83
  0
VERTEX
  8
14
 10
263.33
 20
77.36
  0
VERTEX
  8
14
 10
265.62
 20
76.92
  0
VERTEX
  8
14
 10
267.91
 20
76.54
  0
VERTEX
  8
14
 10
270.21
 20
76.19
  0
VERTEX
  8
14
 10
272.52
 20
75.88
  0
VERTEX
  8
14
 10
275.03
 20
75.60
  0
VERTEX
  8
14
 10
277.54
 20
75.36
  0
VERTEX
  8
14
 10
280.05
 20
75.15
  0
VERTEX
  8
14
 10
282.57
 20
75.00
  0
VERTEX
  8
14
 10
285.09
 20
74.88
  0
VERTEX
  8
14
 10
287.62
 20
74.81
  0
VERTEX
  8
14
 10
290.14
 20
74.78
  0
VERTEX
  8
14
 10
292.66
 20
74.79
  0
VERTEX
  8
14
 10
295.36
 20
74.66
  0
VERTEX
  8
14
 10
298.05
 20
74.54
  0
VERTEX
  8
14
 10
300.74
 20
74.45
  0
VERTEX
  8
14
 10
303.43
 20
74.39
  0
VERTEX
  8
14
 10
305.96
 20
74.35
  0
VERTEX
  8
14
 10
308.50
 20
74.34
  0
VERTEX
  8
14
 10
311.03
 20
74.35
  0
VERTEX
  8
14
 10
313.56
 20
74.39
  0
VERTEX
  8
14
 10
313.55
 20
-46.63
  0
VERTEX
  8
14
 10
313.55
 20
-96.93
  0
VERTEX
  8
14
 10
293.56
 20
-96.80
  0
VERTEX
  8
14
 10
283.44
 20
-96.93
  0
VERTEX
  8
14
 10
273.32
 20
-97.12
  0
VERTEX
  8
14
 10
263.20
 20
-97.34
  0
VERTEX
  8
14
 10
253.08
 20
-97.62
  0
VERTEX
  8
14
 10
242.96
 20
-97.93
  0
VERTEX
  8
14
 10
232.84
 20
-98.30
  0
VERTEX
  8
14
 10
222.73
 20
-98.71
  0
VERTEX
  8
14
 10
212.61
 20
-99.16
  0
VERTEX
  8
14
 10
206.12
 20
-99.49
  0
VERTEX
  8
14
 10
199.62
 20
-99.87
  0
VERTEX
  8
14
 10
193.13
 20
-100.29
  0
VERTEX
  8
14
 10
186.64
 20
-100.75
  0
VERTEX
  8
14
 10
180.16
 20
-101.27
  0
VERTEX
  8
14
 10
173.68
 20
-101.82
  0
VERTEX
  8
14
 10
167.20
 20
-102.43
  0
VERTEX
  8
14
 10
160.73
 20
-103.08
  0
VERTEX
  8
14
 10
154.75
 20
-103.67
  0
VERTEX
  8
14
 10
148.78
 20
-104.30
  0
VERTEX
  8
14
 10
142.80
 20
-104.95
  0
VERTEX
  8
14
 10
136.84
 20
-105.63
  0
VERTEX
  8
14
 10
130.87
 20
-106.34
  0
VERTEX
  8
14
 10
124.91
 20
-107.08
  0
VERTEX
  8
14
 10
118.95
 20
-107.84
  0
VERTEX
  8
14
 10
112.99
 20
-108.63
  0
VERTEX
  8
14
 10
105.01
 20
-109.72
  0
VERTEX
  8
14
 10
97.03
 20
-110.84
  0
VERTEX
  8
14
 10
89.05
 20
-111.98
  0
VERTEX
  8
14
 10
81.08
 20
-113.16
  0
VERTEX
  8
14
 10
73.11
 20
-114.36
  0
VERTEX
  8
14
 10
65.15
 20
-115.58
  0
VERTEX
  8
14
 10
57.19
 20
-116.84
  0
SEQEND
  0
POINT
  8
2
 10
49.23
 20
-118.12
  0
TEXT
  8
14
 10
49.23
 20
-118.12
 40
8.00
  1
# 439
  0
POINT
  8
3
 10
49.16
 20
-114.77
  0
POINT
  8
3
 10
49.03
 20
-111.42
  0
POINT
  8
3
 10
48.86
 20
-108.07
  0
POINT
  8
3
 10
48.64
 20
-104.72
  0
POINT
  8
3
 10
48.37
 20
-101.37
  0
POINT
  8
3
 10
48.06
 20
-98.04
  0
POINT
  8
3
 10
47.70
 20
-94.70
  0
POINT
  8
3
 10
47.29
 20
-91.37
  0
TEXT
  8
14
 10
47.29
 20
-91.37
 40
8.00
  1
# 440
  0
POINT
  8
3
 10
46.74
 20
-87.34
  0
POINT
  8
3
 10
46.15
 20
-83.32
  0
POINT
  8
3
 10
45.51
 20
-79.31
  0
POINT
  8
3
 10
44.82
 20
-75.30
  0
POINT
  8
3
 10
44.09
 20
-71.30
  0
POINT
  8
3
 10
43.31
 20
-67.31
  0
POINT
  8
3
 10
42.48
 20
-63.33
  0
POINT
  8
3
 10
41.61
 20
-59.36
  0
TEXT
  8
14
 10
41.61
 20
-59.36
 40
8.00
  1
# 441
  0
POINT
  8
3
 10
41.26
 20
-57.75
  0
POINT
  8
3
 10
40.89
 20
-56.15
  0
POINT
  8
3
 10
40.50
 20
-54.55
  0
POINT
  8
3
 10
40.09
 20
-52.96
  0
POINT
  8
3
 10
39.65
 20
-51.38
  0
POINT
  8
3
 10
39.20
 20
-49.80
  0
POINT
  8
3
 10
38.72
 20
-48.22
  0
POINT
  8
3
 10
38.22
 20
-46.66
  0
POINT
  8
3
 10
37.70
 20
-45.10
  0
POINT
  8
3
 10
37.15
 20
-43.54
  0
POINT
  8
3
 10
36.59
 20
-42.00
  0
POINT
  8
3
 10
36.00
 20
-40.46
  0
POINT
  8
3
 10
35.40
 20
-38.93
  0
POINT
  8
3
 10
34.77
 20
-37.41
  0
POINT
  8
3
 10
34.12
 20
-35.90
  0
POINT
  8
3
 10
33.45
 20
-34.40
  0
TEXT
  8
14
 10
33.45
 20
-34.40
 40
8.00
  1
# 442
  0
POINT
  8
3
 10
32.59
 20
-32.53
  0
POINT
  8
3
 10
31.71
 20
-30.66
  0
POINT
  8
3
 10
30.81
 20
-28.81
  0
POINT
  8
3
 10
29.88
 20
-26.96
  0
POINT
  8
3
 10
28.94
 20
-25.13
  0
POINT
  8
3
 10
27.98
 20
-23.31
  0
POINT
  8
3
 10
27.00
 20
-21.49
  0
POINT
  8
3
 10
25.99
 20
-19.69
  0
POINT
  8
3
 10
24.97
 20
-17.90
  0
POINT
  8
3
 10
23.93
 20
-16.12
  0
POINT
  8
3
 10
22.87
 20
-14.35
  0
POINT
  8
3
 10
21.79
 20
-12.60
  0
POINT
  8
3
 10
20.69
 20
-10.85
  0
POINT
  8
3
 10
19.57
 20
-9.12
  0
POINT
  8
3
 10
18.43
 20
-7.40
  0
POINT
  8
2
 10
17.28
 20
-5.69
  0
TEXT
  8
14
 10
17.28
 20
-5.69
 40
8.00
  1
# 443
  0
POINT
  8
3
 10
23.51
 20
-2.05
  0
POINT
  8
3
 10
29.75
 20
1.57
  0
POINT
  8
3
 10
36.01
 20
5.16
  0
POINT
  8
3
 10
42.28
 20
8.73
  0
POINT
  8
3
 10
48.57
 20
12.27
  0
POINT
  8
3
 10
54.87
 20
15.78
  0
POINT
  8
3
 10
61.18
 20
19.27
  0
POINT
  8
3
 10
67.51
 20
22.74
  0
POINT
  8
3
 10
73.86
 20
26.17
  0
POINT
  8
3
 10
80.21
 20
29.59
  0
POINT
  8
3
 10
86.58
 20
32.97
  0
POINT
  8
3
 10
92.97
 20
36.34
  0
POINT
  8
3
 10
99.37
 20
39.67
  0
POINT
  8
3
 10
105.78
 20
42.98
  0
POINT
  8
3
 10
112.20
 20
46.26
  0
POINT
  8
3
 10
118.64
 20
49.52
  0
TEXT
  8
14
 10
118.64
 20
49.52
 40
8.00
  1
# 444
  0
POINT
  8
3
 10
125.10
 20
52.75
  0
POINT
  8
3
 10
131.56
 20
55.96
  0
POINT
  8
3
 10
138.04
 20
59.14
  0
POINT
  8
3
 10
144.53
 20
62.29
  0
POINT
  8
3
 10
151.04
 20
65.42
  0
POINT
  8
3
 10
157.56
 20
68.52
  0
POINT
  8
3
 10
164.09
 20
71.60
  0
POINT
  8
3
 10
170.63
 20
74.65
  0
POINT
  8
3
 10
177.18
 20
77.67
  0
POINT
  8
3
 10
183.75
 20
80.66
  0
POINT
  8
3
 10
190.33
 20
83.63
  0
POINT
  8
3
 10
196.92
 20
86.57
  0
POINT
  8
3
 10
203.52
 20
89.49
  0
POINT
  8
3
 10
210.14
 20
92.38
  0
POINT
  8
3
 10
216.76
 20
95.24
  0
POINT
  8
2
 10
223.40
 20
98.07
  0
TEXT
  8
14
 10
223.40
 20
98.07
 40
8.00
  1
# 445
  0
POINT
  8
3
 10
224.18
 20
97.24
  0
POINT
  8
3
 10
224.98
 20
96.42
  0
POINT
  8
3
 10
225.79
 20
95.62
  0
POINT
  8
3
 10
226.61
 20
94.83
  0
POINT
  8
3
 10
227.45
 20
94.05
  0
POINT
  8
3
 10
228.30
 20
93.29
  0
POINT
  8
3
 10
229.17
 20
92.55
  0
POINT
  8
3
 10
230.05
 20
91.82
  0
POINT
  8
3
 10
230.94
 20
91.11
  0
POINT
  8
3
 10
231.84
 20
90.41
  0
POINT
  8
3
 10
232.76
 20
89.73
  0
POINT
  8
3
 10
233.68
 20
89.06
  0
POINT
  8
3
 10
234.62
 20
88.42
  0
POINT
  8
3
 10
235.57
 20
87.78
  0
POINT
  8
3
 10
236.54
 20
87.17
  0
POINT
  8
3
 10
237.51
 20
86.57
  0
TEXT
  8
14
 10
237.51
 20
86.57
 40
8.00
  1
# 446
  0
POINT
  8
3
 10
238.49
 20
85.99
  0
POINT
  8
3
 10
239.48
 20
85.43
  0
POINT
  8
3
 10
240.49
 20
84.89
  0
POINT
  8
3
 10
241.50
 20
84.36
  0
POINT
  8
3
 10
242.52
 20
83.85
  0
POINT
  8
3
 10
243.55
 20
83.36
  0
POINT
  8
3
 10
244.59
 20
82.89
  0
POINT
  8
3
 10
245.64
 20
82.44
  0
POINT
  8
3
 10
246.69
 20
82.00
  0
POINT
  8
3
 10
247.76
 20
81.59
  0
POINT
  8
3
 10
248.83
 20
81.19
  0
POINT
  8
3
 10
249.90
 20
80.82
  0
POINT
  8
3
 10
250.99
 20
80.46
  0
POINT
  8
3
 10
252.08
 20
80.12
  0
POINT
  8
3
 10
253.17
 20
79.80
  0
POINT
  8
3
 10
254.28
 20
79.50
  0
TEXT
  8
14
 10
254.28
 20
79.50
 40
8.00
  1
# 447
  0
POINT
  8
3
 10
256.52
 20
78.90
  0
POINT
  8
3
 10
258.78
 20
78.34
  0
POINT
  8
3
 10
261.05
 20
77.83
  0
POINT
  8
3
 10
263.33
 20
77.36
  0
POINT
  8
3
 10
265.62
 20
76.92
  0
POINT
  8
3
 10
267.91
 20
76.54
  0
POINT
  8
3
 10
270.21
 20
76.19
  0
POINT
  8
3
 10
272.52
 20
75.88
  0
TEXT
  8
14
 10
272.52
 20
75.88
 40
8.00
  1
# 448
  0
POINT
  8
3
 10
275.03
 20
75.60
  0
POINT
  8
3
 10
277.54
 20
75.36
  0
POINT
  8
3
 10
280.05
 20
75.15
  0
POINT
  8
3
 10
282.57
 20
75.00
  0
POINT
  8
3
 10
285.09
 20
74.88
  0
POINT
  8
3
 10
287.62
 20
74.81
  0
POINT
  8
3
 10
290.14
 20
74.78
  0
POINT
  8
3
 10
292.66
 20
74.79
  0
TEXT
  8
14
 10
292.66
 20
74.79
 40
8.00
  1
# 449
  0
POINT
  8
3
 10
295.36
 20
74.66
  0
POINT
  8
3
 10
298.05
 20
74.54
  0
POINT
  8
3
 10
300.74
 20
74.45
  0
POINT
  8
3
 10
303.43
 20
74.39
  0
TEXT
  8
14
 10
303.43
 20
74.39
 40
8.00
  1
# 450
  0
POINT
  8
3
 10
305.96
 20
74.35
  0
POINT
  8
3
 10
308.50
 20
74.34
  0
POINT
  8
3
 10
311.03
 20
74.35
  0
POINT
  8
2
 10
313.56
 20
74.39
  0
TEXT
  8
14
 10
313.56
 20
74.39
 40
8.00
  1
# 451
  0
POINT
  8
3
 10
313.55
 20
-46.63
  0
TEXT
  8
14
 10
313.55
 20
-46.63
 40
8.00
  1
# 452
  0
POINT
  8
2
 10
313.55
 20
-96.93
  0
TEXT
  8
14
 10
313.55
 20
-96.93
 40
8.00
  1
# 453
  0
POINT
  8
3
 10
293.56
 20
-96.80
  0
TEXT
  8
14
 10
293.56
 20
-96.80
 40
8.00
  1
# 454
  0
POINT
  8
3
 10
283.44
 20
-96.93
  0
POINT
  8
3
 10
273.32
 20
-97.12
  0
POINT
  8
3
 10
263.20
 20
-97.34
  0
POINT
  8
3
 10
253.08
 20
-97.62
  0
POINT
  8
3
 10
242.96
 20
-97.93
  0
POINT
  8
3
 10
232.84
 20
-98.30
  0
POINT
  8
3
 10
222.73
 20
-98.71
  0
POINT
  8
3
 10
212.61
 20
-99.16
  0
TEXT
  8
14
 10
212.61
 20
-99.16
 40
8.00
  1
# 455
  0
POINT
  8
3
 10
206.12
 20
-99.49
  0
POINT
  8
3
 10
199.62
 20
-99.87
  0
POINT
  8
3
 10
193.13
 20
-100.29
  0
POINT
  8
3
 10
186.64
 20
-100.75
  0
POINT
  8
3
 10
180.16
 20
-101.27
  0
POINT
  8
3
 10
173.68
 20
-101.82
  0
POINT
  8
3
 10
167.20
 20
-102.43
  0
POINT
  8
3
 10
160.73
 20
-103.08
  0
TEXT
  8
14
 10
160.73
 20
-103.08
 40
8.00
  1
# 456
  0
POINT
  8
3
 10
154.75
 20
-103.67
  0
POINT
  8
3
 10
148.78
 20
-104.30
  0
POINT
  8
3
 10
142.80
 20
-104.95
  0
POINT
  8
3
 10
136.84
 20
-105.63
  0
POINT
  8
3
 10
130.87
 20
-106.34
  0
POINT
  8
3
 10
124.91
 20
-107.08
  0
POINT
  8
3
 10
118.95
 20
-107.84
  0
POINT
  8
3
 10
112.99
 20
-108.63
  0
TEXT
  8
14
 10
112.99
 20
-108.63
 40
8.00
  1
# 457
  0
POINT
  8
3
 10
105.01
 20
-109.72
  0
POINT
  8
3
 10
97.03
 20
-110.84
  0
POINT
  8
3
 10
89.05
 20
-111.98
  0
POINT
  8
3
 10
81.08
 20
-113.16
  0
POINT
  8
3
 10
73.11
 20
-114.36
  0
POINT
  8
3
 10
65.15
 20
-115.58
  0
POINT
  8
3
 10
57.19
 20
-116.84
  0
POINT
  8
2
 10
49.23
 20
-118.12
  0
TEXT
  8
14
 10
49.23
 20
-118.12
 40
8.00
  1
# 439
  0
POLYLINE
  8
1
 10
0
 20
0
 66
1
 70
1
  0
VERTEX
  8
1
 10
37.56
 20
-132.13
  0
VERTEX
  8
1
 10
37.24
 20
-118.40
  0
VERTEX
  8
1
 10
37.16
 20
-115.20
  0
VERTEX
  8
1
 10
37.05
 20
-112.01
  0
VERTEX
  8
1
 10
36.88
 20
-108.82
  0
VERTEX
  8
1
 10
36.68
 20
-105.63
  0
VERTEX
  8
1
 10
36.42
 20
-102.44
  0
VERTEX
  8
1
 10
36.12
 20
-99.26
  0
VERTEX
  8
1
 10
35.78
 20
-96.08
  0
VERTEX
  8
1
 10
35.39
 20
-92.91
  0
VERTEX
  8
1
 10
34.86
 20
-89.01
  0
VERTEX
  8
1
 10
34.28
 20
-85.12
  0
VERTEX
  8
1
 10
33.66
 20
-81.24
  0
VERTEX
  8
1
 10
33.00
 20
-77.37
  0
VERTEX
  8
1
 10
32.29
 20
-73.50
  0
VERTEX
  8
1
 10
31.53
 20
-69.64
  0
VERTEX
  8
1
 10
30.73
 20
-65.79
  0
VERTEX
  8
1
 10
29.89
 20
-61.95
  0
VERTEX
  8
1
 10
29.58
 20
-60.50
  0
VERTEX
  8
1
 10
29.25
 20
-59.05
  0
VERTEX
  8
1
 10
28.89
 20
-57.60
  0
VERTEX
  8
1
 10
28.52
 20
-56.15
  0
VERTEX
  8
1
 10
28.13
 20
-54.72
  0
VERTEX
  8
1
 10
27.72
 20
-53.29
  0
VERTEX
  8
1
 10
27.29
 20
-51.86
  0
VERTEX
  8
1
 10
26.84
 20
-50.44
  0
VERTEX
  8
1
 10
26.37
 20
-49.03
  0
VERTEX
  8
1
 10
25.87
 20
-47.62
  0
VERTEX
  8
1
 10
25.36
 20
-46.22
  0
VERTEX
  8
1
 10
24.83
 20
-44.83
  0
VERTEX
  8
1
 10
24.28
 20
-43.45
  0
VERTEX
  8
1
 10
23.71
 20
-42.07
  0
VERTEX
  8
1
 10
23.12
 20
-40.70
  0
VERTEX
  8
1
 10
22.52
 20
-39.34
  0
VERTEX
  8
1
 10
21.70
 20
-37.58
  0
VERTEX
  8
1
 10
20.87
 20
-35.83
  0
VERTEX
  8
1
 10
20.02
 20
-34.09
  0
VERTEX
  8
1
 10
19.15
 20
-32.36
  0
VERTEX
  8
1
 10
18.27
 20
-30.63
  0
VERTEX
  8
1
 10
17.36
 20
-28.92
  0
VERTEX
  8
1
 10
16.43
 20
-27.22
  0
VERTEX
  8
1
 10
15.49
 20
-25.52
  0
VERTEX
  8
1
 10
14.53
 20
-23.84
  0
VERTEX
  8
1
 10
13.55
 20
-22.17
  0
VERTEX
  8
1
 10
12.55
 20
-20.51
  0
VERTEX
  8
1
 10
11.54
 20
-18.86
  0
VERTEX
  8
1
 10
10.51
 20
-17.21
  0
VERTEX
  8
1
 10
9.46
 20
-15.59
  0
VERTEX
  8
1
 10
8.39
 20
-13.97
  0
VERTEX
  8
1
 10
7.30
 20
-12.36
  0
VERTEX
  8
1
 10
0.20
 20
-1.74
  0
VERTEX
  8
1
 10
11.24
 20
4.68
  0
VERTEX
  8
1
 10
17.51
 20
8.35
  0
VERTEX
  8
1
 10
23.79
 20
11.99
  0
VERTEX
  8
1
 10
30.09
 20
15.60
  0
VERTEX
  8
1
 10
36.40
 20
19.19
  0
VERTEX
  8
1
 10
42.73
 20
22.75
  0
VERTEX
  8
1
 10
49.07
 20
26.29
  0
VERTEX
  8
1
 10
55.42
 20
29.80
  0
VERTEX
  8
1
 10
61.79
 20
33.29
  0
VERTEX
  8
1
 10
68.18
 20
36.75
  0
VERTEX
  8
1
 10
74.57
 20
40.18
  0
VERTEX
  8
1
 10
80.99
 20
43.59
  0
VERTEX
  8
1
 10
87.41
 20
46.97
  0
VERTEX
  8
1
 10
93.85
 20
50.33
  0
VERTEX
  8
1
 10
100.30
 20
53.66
  0
VERTEX
  8
1
 10
106.77
 20
56.96
  0
VERTEX
  8
1
 10
113.25
 20
60.24
  0
VERTEX
  8
1
 10
119.74
 20
63.49
  0
VERTEX
  8
1
 10
126.25
 20
66.72
  0
VERTEX
  8
1
 10
132.77
 20
69.92
  0
VERTEX
  8
1
 10
139.30
 20
73.09
  0
VERTEX
  8
1
 10
145.85
 20
76.24
  0
VERTEX
  8
1
 10
152.41
 20
79.36
  0
VERTEX
  8
1
 10
158.98
 20
82.45
  0
VERTEX
  8
1
 10
165.56
 20
85.52
  0
VERTEX
  8
1
 10
172.16
 20
88.56
  0
VERTEX
  8
1
 10
178.77
 20
91.58
  0
VERTEX
  8
1
 10
185.39
 20
94.56
  0
VERTEX
  8
1
 10
192.02
 20
97.53
  0
VERTEX
  8
1
 10
198.66
 20
100.46
  0
VERTEX
  8
1
 10
205.32
 20
103.37
  0
VERTEX
  8
1
 10
211.99
 20
106.25
  0
VERTEX
  8
1
 10
218.67
 20
109.10
  0
VERTEX
  8
1
 10
226.33
 20
112.39
  0
VERTEX
  8
1
 10
232.08
 20
106.36
  0
VERTEX
  8
1
 10
233.22
 20
105.16
  0
VERTEX
  8
1
 10
234.39
 20
104.00
  0
VERTEX
  8
1
 10
235.60
 20
102.88
  0
VERTEX
  8
1
 10
236.84
 20
101.79
  0
VERTEX
  8
1
 10
238.11
 20
100.74
  0
VERTEX
  8
1
 10
239.42
 20
99.73
  0
VERTEX
  8
1
 10
240.76
 20
98.77
  0
VERTEX
  8
1
 10
242.12
 20
97.84
  0
VERTEX
  8
1
 10
243.50
 20
96.98
  0
VERTEX
  8
1
 10
244.89
 20
96.15
  0
VERTEX
  8
1
 10
246.32
 20
95.37
  0
VERTEX
  8
1
 10
247.77
 20
94.64
  0
VERTEX
  8
1
 10
249.24
 20
93.95
  0
VERTEX
  8
1
 10
250.73
 20
93.31
  0
VERTEX
  8
1
 10
252.24
 20
92.72
  0
VERTEX
  8
1
 10
253.77
 20
92.18
  0
VERTEX
  8
1
 10
255.99
 20
91.49
  0
VERTEX
  8
1
 10
258.23
 20
90.86
  0
VERTEX
  8
1
 10
260.48
 20
90.27
  0
VERTEX
  8
1
 10
262.74
 20
89.73
  0
VERTEX
  8
1
 10
265.02
 20
89.24
  0
VERTEX
  8
1
 10
267.30
 20
88.80
  0
VERTEX
  8
1
 10
269.59
 20
88.41
  0
VERTEX
  8
1
 10
271.89
 20
88.07
  0
VERTEX
  8
1
 10
274.50
 20
87.74
  0
VERTEX
  8
1
 10
277.12
 20
87.45
  0
VERTEX
  8
1
 10
279.75
 20
87.22
  0
VERTEX
  8
1
 10
282.38
 20
87.03
  0
VERTEX
  8
1
 10
285.01
 20
86.90
  0
VERTEX
  8
1
 10
287.64
 20
86.81
  0
VERTEX
  8
1
 10
290.28
 20
86.78
  0
VERTEX
  8
1
 10
292.91
 20
86.79
  0
VERTEX
  8
1
 10
295.60
 20
86.65
  0
VERTEX
  8
1
 10
298.29
 20
86.54
  0
VERTEX
  8
1
 10
300.97
 20
86.45
  0
VERTEX
  8
1
 10
303.66
 20
86.39
  0
VERTEX
  8
1
 10
306.11
 20
86.35
  0
VERTEX
  8
1
 10
308.55
 20
86.34
  0
VERTEX
  8
1
 10
311.00
 20
86.35
  0
VERTEX
  8
1
 10
313.44
 20
86.39
  0
VERTEX
  8
1
 10
325.56
 20
86.51
  0
VERTEX
  8
1
 10
325.56
 20
74.39
  0
VERTEX
  8
1
 10
325.55
 20
-46.63
  0
VERTEX
  8
1
 10
325.55
 20
-96.93
  0
VERTEX
  8
1
 10
325.55
 20
-109.01
  0
VERTEX
  8
1
 10
313.47
 20
-108.93
  0
VERTEX
  8
1
 10
293.61
 20
-108.80
  0
VERTEX
  8
1
 10
283.55
 20
-108.93
  0
VERTEX
  8
1
 10
273.49
 20
-109.11
  0
VERTEX
  8
1
 10
263.44
 20
-109.34
  0
VERTEX
  8
1
 10
253.39
 20
-109.61
  0
VERTEX
  8
1
 10
243.33
 20
-109.93
  0
VERTEX
  8
1
 10
233.28
 20
-110.29
  0
VERTEX
  8
1
 10
223.23
 20
-110.70
  0
VERTEX
  8
1
 10
213.19
 20
-111.15
  0
VERTEX
  8
1
 10
206.77
 20
-111.47
  0
VERTEX
  8
1
 10
200.36
 20
-111.84
  0
VERTEX
  8
1
 10
193.95
 20
-112.26
  0
VERTEX
  8
1
 10
187.54
 20
-112.72
  0
VERTEX
  8
1
 10
181.13
 20
-113.23
  0
VERTEX
  8
1
 10
174.73
 20
-113.78
  0
VERTEX
  8
1
 10
168.34
 20
-114.38
  0
VERTEX
  8
1
 10
161.94
 20
-115.02
  0
VERTEX
  8
1
 10
156.01
 20
-115.61
  0
VERTEX
  8
1
 10
150.09
 20
-116.23
  0
VERTEX
  8
1
 10
144.16
 20
-116.88
  0
VERTEX
  8
1
 10
138.24
 20
-117.55
  0
VERTEX
  8
1
 10
132.32
 20
-118.25
  0
VERTEX
  8
1
 10
126.41
 20
-118.98
  0
VERTEX
  8
1
 10
120.50
 20
-119.74
  0
VERTEX
  8
1
 10
114.59
 20
-120.52
  0
VERTEX
  8
1
 10
106.64
 20
-121.61
  0
VERTEX
  8
1
 10
98.70
 20
-122.72
  0
VERTEX
  8
1
 10
90.76
 20
-123.86
  0
VERTEX
  8
1
 10
82.82
 20
-125.03
  0
VERTEX
  8
1
 10
74.89
 20
-126.22
  0
VERTEX
  8
1
 10
66.96
 20
-127.45
  0
VERTEX
  8
1
 10
59.04
 20
-128.69
  0
VERTEX
  8
1
 10
51.12
 20
-129.97
  0
SEQEND
  0
POINT
  8
2
 10
37.56
 20
-132.13
  0
TEXT
  8
1
 10
37.56
 20
-132.13
 40
8.00
  1
# 458
  0
POINT
  8
3
 10
37.24
 20
-118.40
  0
TEXT
  8
1
 10
37.24
 20
-118.40
 40
8.00
  1
# 459
  0
POINT
  8
3
 10
37.16
 20
-115.20
  0
POINT
  8
3
 10
37.05
 20
-112.01
  0
POINT
  8
3
 10
36.88
 20
-108.82
  0
POINT
  8
3
 10
36.68
 20
-105.63
  0
POINT
  8
3
 10
36.42
 20
-102.44
  0
POINT
  8
3
 10
36.12
 20
-99.26
  0
POINT
  8
3
 10
35.78
 20
-96.08
  0
POINT
  8
3
 10
35.39
 20
-92.91
  0
TEXT
  8
1
 10
35.39
 20
-92.91
 40
8.00
  1
# 460
  0
POINT
  8
3
 10
34.86
 20
-89.01
  0
POINT
  8
3
 10
34.28
 20
-85.12
  0
POINT
  8
3
 10
33.66
 20
-81.24
  0
POINT
  8
3
 10
33.00
 20
-77.37
  0
POINT
  8
3
 10
32.29
 20
-73.50
  0
POINT
  8
3
 10
31.53
 20
-69.64
  0
POINT
  8
3
 10
30.73
 20
-65.79
  0
POINT
  8
3
 10
29.89
 20
-61.95
  0
TEXT
  8
1
 10
29.89
 20
-61.95
 40
8.00
  1
# 461
  0
POINT
  8
3
 10
29.58
 20
-60.50
  0
POINT
  8
3
 10
29.25
 20
-59.05
  0
POINT
  8
3
 10
28.89
 20
-57.60
  0
POINT
  8
3
 10
28.52
 20
-56.15
  0
POINT
  8
3
 10
28.13
 20
-54.72
  0
POINT
  8
3
 10
27.72
 20
-53.29
  0
POINT
  8
3
 10
27.29
 20
-51.86
  0
POINT
  8
3
 10
26.84
 20
-50.44
  0
POINT
  8
3
 10
26.37
 20
-49.03
  0
POINT
  8
3
 10
25.87
 20
-47.62
  0
POINT
  8
3
 10
25.36
 20
-46.22
  0
POINT
  8
3
 10
24.83
 20
-44.83
  0
POINT
  8
3
 10
24.28
 20
-43.45
  0
POINT
  8
3
 10
23.71
 20
-42.07
  0
POINT
  8
3
 10
23.12
 20
-40.70
  0
POINT
  8
3
 10
22.52
 20
-39.34
  0
TEXT
  8
1
 10
22.52
 20
-39.34
 40
8.00
  1
# 462
  0
POINT
  8
3
 10
21.70
 20
-37.58
  0
POINT
  8
3
 10
20.87
 20
-35.83
  0
POINT
  8
3
 10
20.02
 20
-34.09
  0
POINT
  8
3
 10
19.15
 20
-32.36
  0
POINT
  8
3
 10
18.27
 20
-30.63
  0
POINT
  8
3
 10
17.36
 20
-28.92
  0
POINT
  8
3
 10
16.43
 20
-27.22
  0
POINT
  8
3
 10
15.49
 20
-25.52
  0
POINT
  8
3
 10
14.53
 20
-23.84
  0
POINT
  8
3
 10
13.55
 20
-22.17
  0
POINT
  8
3
 10
12.55
 20
-20.51
  0
POINT
  8
3
 10
11.54
 20
-18.86
  0
POINT
  8
3
 10
10.51
 20
-17.21
  0
POINT
  8
3
 10
9.46
 20
-15.59
  0
POINT
  8
3
 10
8.39
 20
-13.97
  0
POINT
  8
3
 10
7.30
 20
-12.36
  0
TEXT
  8
1
 10
7.30
 20
-12.36
 40
8.00
  1
# 463
  0
POINT
  8
2
 10
0.20
 20
-1.74
  0
TEXT
  8
1
 10
0.20
 20
-1.74
 40
8.00
  1
# 464
  0
POINT
  8
3
 10
11.24
 20
4.68
  0
TEXT
  8
1
 10
11.24
 20
4.68
 40
8.00
  1
# 465
  0
POINT
  8
3
 10
17.51
 20
8.35
  0
POINT
  8
3
 10
23.79
 20
11.99
  0
POINT
  8
3
 10
30.09
 20
15.60
  0
POINT
  8
3
 10
36.40
 20
19.19
  0
POINT
  8
3
 10
42.73
 20
22.75
  0
POINT
  8
3
 10
49.07
 20
26.29
  0
POINT
  8
3
 10
55.42
 20
29.80
  0
POINT
  8
3
 10
61.79
 20
33.29
  0
POINT
  8
3
 10
68.18
 20
36.75
  0
POINT
  8
3
 10
74.57
 20
40.18
  0
POINT
  8
3
 10
80.99
 20
43.59
  0
POINT
  8
3
 10
87.41
 20
46.97
  0
POINT
  8
3
 10
93.85
 20
50.33
  0
POINT
  8
3
 10
100.30
 20
53.66
  0
POINT
  8
3
 10
106.77
 20
56.96
  0
POINT
  8
3
 10
113.25
 20
60.24
  0
TEXT
  8
1
 10
113.25
 20
60.24
 40
8.00
  1
# 466
  0
POINT
  8
3
 10
119.74
 20
63.49
  0
POINT
  8
3
 10
126.25
 20
66.72
  0
POINT
  8
3
 10
132.77
 20
69.92
  0
POINT
  8
3
 10
139.30
 20
73.09
  0
POINT
  8
3
 10
145.85
 20
76.24
  0
POINT
  8
3
 10
152.41
 20
79.36
  0
POINT
  8
3
 10
158.98
 20
82.45
  0
POINT
  8
3
 10
165.56
 20
85.52
  0
POINT
  8
3
 10
172.16
 20
88.56
  0
POINT
  8
3
 10
178.77
 20
91.58
  0
POINT
  8
3
 10
185.39
 20
94.56
  0
POINT
  8
3
 10
192.02
 20
97.53
  0
POINT
  8
3
 10
198.66
 20
100.46
  0
POINT
  8
3
 10
205.32
 20
103.37
  0
POINT
  8
3
 10
211.99
 20
106.25
  0
POINT
  8
3
 10
218.67
 20
109.10
  0
TEXT
  8
1
 10
218.67
 20
109.10
 40
8.00
  1
# 467
  0
POINT
  8
2
 10
226.33
 20
112.39
  0
TEXT
  8
1
 10
226.33
 20
112.39
 40
8.00
  1
# 468
  0
POINT
  8
3
 10
232.08
 20
106.36
  0
TEXT
  8
1
 10
232.08
 20
106.36
 40
8.00
  1
# 469
  0
POINT
  8
3
 10
233.22
 20
105.16
  0
POINT
  8
3
 10
234.39
 20
104.00
  0
POINT
  8
3
 10
235.60
 20
102.88
  0
POINT
  8
3
 10
236.84
 20
101.79
  0
POINT
  8
3
 10
238.11
 20
100.74
  0
POINT
  8
3
 10
239.42
 20
99.73
  0
POINT
  8
3
 10
240.76
 20
98.77
  0
POINT
  8
3
 10
242.12
 20
97.84
  0
TEXT
  8
1
 10
242.12
 20
97.84
 40
8.00
  1
# 470
  0
POINT
  8
3
 10
243.50
 20
96.98
  0
POINT
  8
3
 10
244.89
 20
96.15
  0
POINT
  8
3
 10
246.32
 20
95.37
  0
POINT
  8
3
 10
247.77
 20
94.64
  0
POINT
  8
3
 10
249.24
 20
93.95
  0
POINT
  8
3
 10
250.73
 20
93.31
  0
POINT
  8
3
 10
252.24
 20
92.72
  0
POINT
  8
3
 10
253.77
 20
92.18
  0
TEXT
  8
1
 10
253.77
 20
92.18
 40
8.00
  1
# 471
  0
POINT
  8
3
 10
255.99
 20
91.49
  0
POINT
  8
3
 10
258.23
 20
90.86
  0
POINT
  8
3
 10
260.48
 20
90.27
  0
POINT
  8
3
 10
262.74
 20
89.73
  0
POINT
  8
3
 10
265.02
 20
89.24
  0
POINT
  8
3
 10
267.30
 20
88.80
  0
POINT
  8
3
 10
269.59
 20
88.41
  0
POINT
  8
3
 10
271.89
 20
88.07
  0
TEXT
  8
1
 10
271.89
 20
88.07
 40
8.00
  1
# 472
  0
POINT
  8
3
 10
274.50
 20
87.74
  0
POINT
  8
3
 10
277.12
 20
87.45
  0
POINT
  8
3
 10
279.75
 20
87.22
  0
POINT
  8
3
 10
282.38
 20
87.03
  0
POINT
  8
3
 10
285.01
 20
86.90
  0
POINT
  8
3
 10
287.64
 20
86.81
  0
POINT
  8
3
 10
290.28
 20
86.78
  0
POINT
  8
3
 10
292.91
 20
86.79
  0
TEXT
  8
1
 10
292.91
 20
86.79
 40
8.00
  1
# 473
  0
POINT
  8
3
 10
295.60
 20
86.65
  0
POINT
  8
3
 10
298.29
 20
86.54
  0
POINT
  8
3
 10
300.97
 20
86.45
  0
POINT
  8
3
 10
303.66
 20
86.39
  0
TEXT
  8
1
 10
303.66
 20
86.39
 40
8.00
  1
# 474
  0
POINT
  8
3
 10
306.11
 20
86.35
  0
POINT
  8
3
 10
308.55
 20
86.34
  0
POINT
  8
3
 10
311.00
 20
86.35
  0
POINT
  8
3
 10
313.44
 20
86.39
  0
TEXT
  8
1
 10
313.44
 20
86.39
 40
8.00
  1
# 475
  0
POINT
  8
2
 10
325.56
 20
86.51
  0
TEXT
  8
1
 10
325.56
 20
86.51
 40
8.00
  1
# 476
  0
POINT
  8
3
 10
325.56
 20
74.39
  0
TEXT
  8
1
 10
325.56
 20
74.39
 40
8.00
  1
# 477
  0
POINT
  8
3
 10
325.55
 20
-46.63
  0
TEXT
  8
1
 10
325.55
 20
-46.63
 40
8.00
  1
# 478
  0
POINT
  8
3
 10
325.55
 20
-96.93
  0
TEXT
  8
1
 10
325.55
 20
-96.93
 40
8.00
  1
# 479
  0
POINT
  8
2
 10
325.55
 20
-109.01
  0
TEXT
  8
1
 10
325.55
 20
-109.01
 40
8.00
  1
# 480
  0
POINT
  8
3
 10
313.47
 20
-108.93
  0
TEXT
  8
1
 10
313.47
 20
-108.93
 40
8.00
  1
# 481
  0
POINT
  8
3
 10
293.61
 20
-108.80
  0
TEXT
  8
1
 10
293.61
 20
-108.80
 40
8.00
  1
# 482
  0
POINT
  8
3
 10
283.55
 20
-108.93
  0
POINT
  8
3
 10
273.49
 20
-109.11
  0
POINT
  8
3
 10
263.44
 20
-109.34
  0
POINT
  8
3
 10
253.39
 20
-109.61
  0
POINT
  8
3
 10
243.33
 20
-109.93
  0
POINT
  8
3
 10
233.28
 20
-110.29
  0
POINT
  8
3
 10
223.23
 20
-110.70
  0
POINT
  8
3
 10
213.19
 20
-111.15
  0
TEXT
  8
1
 10
213.19
 20
-111.15
 40
8.00
  1
# 483
  0
POINT
  8
3
 10
206.77
 20
-111.47
  0
POINT
  8
3
 10
200.36
 20
-111.84
  0
POINT
  8
3
 10
193.95
 20
-112.26
  0
POINT
  8
3
 10
187.54
 20
-112.72
  0
POINT
  8
3
 10
181.13
 20
-113.23
  0
POINT
  8
3
 10
174.73
 20
-113.78
  0
POINT
  8
3
 10
168.34
 20
-114.38
  0
POINT
  8
2
 10
161.94
 20
-115.02
  0
TEXT
  8
1
 10
161.94
 20
-115.02
 40
8.00
  1
# 484
  0
POINT
  8
2
 10
161.94
 20
-115.02
  0
TEXT
  8
1
 10
161.94
 20
-115.02
 40
8.00
  1
# 485
  0
POINT
  8
3
 10
156.01
 20
-115.61
  0
POINT
  8
3
 10
150.09
 20
-116.23
  0
POINT
  8
3
 10
144.16
 20
-116.88
  0
POINT
  8
3
 10
138.24
 20
-117.55
  0
POINT
  8
3
 10
132.32
 20
-118.25
  0
POINT
  8
3
 10
126.41
 20
-118.98
  0
POINT
  8
3
 10
120.50
 20
-119.74
  0
POINT
  8
3
 10
114.59
 20
-120.52
  0
TEXT
  8
1
 10
114.59
 20
-120.52
 40
8.00
  1
# 486
  0
POINT
  8
3
 10
106.64
 20
-121.61
  0
POINT
  8
3
 10
98.70
 20
-122.72
  0
POINT
  8
3
 10
90.76
 20
-123.86
  0
POINT
  8
3
 10
82.82
 20
-125.03
  0
POINT
  8
3
 10
74.89
 20
-126.22
  0
POINT
  8
3
 10
66.96
 20
-127.45
  0
POINT
  8
3
 10
59.04
 20
-128.69
  0
POINT
  8
3
 10
51.12
 20
-129.97
  0
TEXT
  8
1
 10
51.12
 20
-129.97
 40
8.00
  1
# 487
  0
POINT
  8
2
 10
37.56
 20
-132.13
  0
TEXT
  8
1
 10
37.56
 20
-132.13
 40
8.00
  1
# 458
  0
TEXT
  8
4
 10
293.61
 20
-108.80
 40
8.00
  1
# 488
  0
POINT
  8
4
 10
293.61
 20
-108.80
 30
10.00
 50
89.62876
  0
TEXT
  8
4
 10
161.94
 20
-115.02
 40
8.00
  1
# 489
  0
POINT
  8
4
 10
161.94
 20
-115.02
 30
10.00
 50
95.692314
  0
TEXT
  8
1
 10
0.20
 20
-152.13
 40
8.00
  1
Piece Name: BK YK  
  0
TEXT
  8
1
 10
0.20
 20
-162.13
 40
8.00
  1
Size: S
  0
TEXT
  8
1
 10
0.20
 20
-172.13
 40
8.00
  1
Annotation: ORFATTI PROD(4 FEB26)
  0
TEXT
  8
1
 10
0.20
 20
-182.13
 40
8.00
  1
Quantity: 1
  0
TEXT
  8
1
 10
0.20
 20
-192.13
 40
8.00
  1
Category: X 2
  0
ENDBLK
  0
BLOCK
  2
BK_CENTS
  8
1
 10
0.00
 20
0.00
 70
64
  0
POLYLINE
  8
14
 10
0
 20
0
 66
1
 70
1
  0
VERTEX
  8
14
 10
24.00
 20
21.51
  0
VERTEX
  8
14
 10
24.00
 20
133.60
  0
VERTEX
  8
14
 10
24.00
 20
155.35
  0
VERTEX
  8
14
 10
24.12
 20
189.55
  0
VERTEX
  8
14
 10
116.05
 20
192.39
  0
VERTEX
  8
14
 10
207.94
 20
195.51
  0
VERTEX
  8
14
 10
208.14
 20
190.11
  0
VERTEX
  8
14
 10
208.31
 20
184.72
  0
VERTEX
  8
14
 10
208.46
 20
179.33
  0
VERTEX
  8
14
 10
208.59
 20
173.93
  0
VERTEX
  8
14
 10
208.71
 20
168.54
  0
VERTEX
  8
14
 10
208.80
 20
163.14
  0
VERTEX
  8
14
 10
208.87
 20
157.74
  0
VERTEX
  8
14
 10
208.93
 20
152.35
  0
VERTEX
  8
14
 10
209.00
 20
141.13
  0
VERTEX
  8
14
 10
209.06
 20
129.91
  0
VERTEX
  8
14
 10
209.10
 20
118.70
  0
VERTEX
  8
14
 10
209.12
 20
107.48
  0
VERTEX
  8
14
 10
209.12
 20
96.26
  0
VERTEX
  8
14
 10
209.09
 20
85.05
  0
VERTEX
  8
14
 10
209.05
 20
73.83
  0
VERTEX
  8
14
 10
208.99
 20
62.61
  0
VERTEX
  8
14
 10
208.95
 20
41.51
  0
VERTEX
  8
14
 10
209.06
 20
21.51
  0
VERTEX
  8
14
 10
208.95
 20
1.51
  0
VERTEX
  8
14
 10
208.99
 20
-19.59
  0
VERTEX
  8
14
 10
209.05
 20
-30.81
  0
VERTEX
  8
14
 10
209.10
 20
-42.02
  0
VERTEX
  8
14
 10
209.12
 20
-53.24
  0
VERTEX
  8
14
 10
209.12
 20
-64.46
  0
VERTEX
  8
14
 10
209.10
 20
-75.67
  0
VERTEX
  8
14
 10
209.07
 20
-86.89
  0
VERTEX
  8
14
 10
209.01
 20
-98.11
  0
VERTEX
  8
14
 10
208.93
 20
-109.33
  0
VERTEX
  8
14
 10
208.88
 20
-114.72
  0
VERTEX
  8
14
 10
208.81
 20
-120.12
  0
VERTEX
  8
14
 10
208.71
 20
-125.51
  0
VERTEX
  8
14
 10
208.60
 20
-130.91
  0
VERTEX
  8
14
 10
208.47
 20
-136.30
  0
VERTEX
  8
14
 10
208.32
 20
-141.70
  0
VERTEX
  8
14
 10
208.14
 20
-147.09
  0
VERTEX
  8
14
 10
207.95
 20
-152.48
  0
VERTEX
  8
14
 10
116.00
 20
-149.19
  0
VERTEX
  8
14
 10
24.01
 20
-146.17
  0
VERTEX
  8
14
 10
24.01
 20
-112.33
  0
VERTEX
  8
14
 10
24.00
 20
-90.59
  0
SEQEND
  0
POINT
  8
2
 10
24.00
 20
21.51
  0
TEXT
  8
14
 10
24.00
 20
21.51
 40
8.00
  1
# 490
  0
POINT
  8
2
 10
24.00
 20
133.60
  0
TEXT
  8
14
 10
24.00
 20
133.60
 40
8.00
  1
# 491
  0
POINT
  8
3
 10
24.00
 20
155.35
  0
TEXT
  8
14
 10
24.00
 20
155.35
 40
8.00
  1
# 492
  0
POINT
  8
2
 10
24.12
 20
189.55
  0
TEXT
  8
14
 10
24.12
 20
189.55
 40
8.00
  1
# 493
  0
POINT
  8
3
 10
116.05
 20
192.39
  0
TEXT
  8
14
 10
116.05
 20
192.39
 40
8.00
  1
# 494
  0
POINT
  8
2
 10
207.94
 20
195.51
  0
TEXT
  8
14
 10
207.94
 20
195.51
 40
8.00
  1
# 1
  0
POINT
  8
3
 10
208.14
 20
190.11
  0
POINT
  8
3
 10
208.31
 20
184.72
  0
POINT
  8
3
 10
208.46
 20
179.33
  0
POINT
  8
3
 10
208.59
 20
173.93
  0
POINT
  8
3
 10
208.71
 20
168.54
  0
POINT
  8
3
 10
208.80
 20
163.14
  0
POINT
  8
3
 10
208.87
 20
157.74
  0
POINT
  8
3
 10
208.93
 20
152.35
  0
TEXT
  8
14
 10
208.93
 20
152.35
 40
8.00
  1
# 495
  0
POINT
  8
3
 10
209.00
 20
141.13
  0
POINT
  8
3
 10
209.06
 20
129.91
  0
POINT
  8
3
 10
209.10
 20
118.70
  0
POINT
  8
3
 10
209.12
 20
107.48
  0
POINT
  8
3
 10
209.12
 20
96.26
  0
POINT
  8
3
 10
209.09
 20
85.05
  0
POINT
  8
3
 10
209.05
 20
73.83
  0
POINT
  8
3
 10
208.99
 20
62.61
  0
TEXT
  8
14
 10
208.99
 20
62.61
 40
8.00
  1
# 496
  0
POINT
  8
3
 10
208.95
 20
41.51
  0
TEXT
  8
14
 10
208.95
 20
41.51
 40
8.00
  1
# 497
  0
POINT
  8
3
 10
209.06
 20
21.51
  0
TEXT
  8
14
 10
209.06
 20
21.51
 40
8.00
  1
# 498
  0
POINT
  8
3
 10
208.95
 20
1.51
  0
TEXT
  8
14
 10
208.95
 20
1.51
 40
8.00
  1
# 499
  0
POINT
  8
3
 10
208.99
 20
-19.59
  0
TEXT
  8
14
 10
208.99
 20
-19.59
 40
8.00
  1
# 500
  0
POINT
  8
3
 10
209.05
 20
-30.81
  0
POINT
  8
3
 10
209.10
 20
-42.02
  0
POINT
  8
3
 10
209.12
 20
-53.24
  0
POINT
  8
3
 10
209.12
 20
-64.46
  0
POINT
  8
3
 10
209.10
 20
-75.67
  0
POINT
  8
3
 10
209.07
 20
-86.89
  0
POINT
  8
3
 10
209.01
 20
-98.11
  0
POINT
  8
3
 10
208.93
 20
-109.33
  0
TEXT
  8
14
 10
208.93
 20
-109.33
 40
8.00
  1
# 501
  0
POINT
  8
3
 10
208.88
 20
-114.72
  0
POINT
  8
3
 10
208.81
 20
-120.12
  0
POINT
  8
3
 10
208.71
 20
-125.51
  0
POINT
  8
3
 10
208.60
 20
-130.91
  0
POINT
  8
3
 10
208.47
 20
-136.30
  0
POINT
  8
3
 10
208.32
 20
-141.70
  0
POINT
  8
3
 10
208.14
 20
-147.09
  0
POINT
  8
2
 10
207.95
 20
-152.48
  0
TEXT
  8
14
 10
207.95
 20
-152.48
 40
8.00
  1
# 502
  0
POINT
  8
3
 10
116.00
 20
-149.19
  0
TEXT
  8
14
 10
116.00
 20
-149.19
 40
8.00
  1
# 503
  0
POINT
  8
2
 10
24.01
 20
-146.17
  0
TEXT
  8
14
 10
24.01
 20
-146.17
 40
8.00
  1
# 504
  0
POINT
  8
3
 10
24.01
 20
-112.33
  0
TEXT
  8
14
 10
24.01
 20
-112.33
 40
8.00
  1
# 505
  0
POINT
  8
3
 10
24.00
 20
-90.59
  0
TEXT
  8
14
 10
24.00
 20
-90.59
 40
8.00
  1
# 506
  0
POINT
  8
2
 10
24.00
 20
21.51
  0
TEXT
  8
14
 10
24.00
 20
21.51
 40
8.00
  1
# 490
  0
POLYLINE
  8
1
 10
0
 20
0
 66
1
 70
1
  0
VERTEX
  8
1
 10
12.00
 20
21.51
  0
VERTEX
  8
1
 10
12.00
 20
133.60
  0
VERTEX
  8
1
 10
12.00
 20
155.37
  0
VERTEX
  8
1
 10
12.12
 20
189.59
  0
VERTEX
  8
1
 10
12.16
 20
201.18
  0
VERTEX
  8
1
 10
23.75
 20
201.54
  0
VERTEX
  8
1
 10
115.66
 20
204.38
  0
VERTEX
  8
1
 10
207.54
 20
207.50
  0
VERTEX
  8
1
 10
219.53
 20
207.91
  0
VERTEX
  8
1
 10
219.94
 20
195.91
  0
VERTEX
  8
1
 10
220.13
 20
190.48
  0
VERTEX
  8
1
 10
220.30
 20
185.05
  0
VERTEX
  8
1
 10
220.46
 20
179.62
  0
VERTEX
  8
1
 10
220.59
 20
174.19
  0
VERTEX
  8
1
 10
220.71
 20
168.75
  0
VERTEX
  8
1
 10
220.80
 20
163.32
  0
VERTEX
  8
1
 10
220.87
 20
157.89
  0
VERTEX
  8
1
 10
220.92
 20
152.45
  0
VERTEX
  8
1
 10
221.00
 20
141.22
  0
VERTEX
  8
1
 10
221.06
 20
129.98
  0
VERTEX
  8
1
 10
221.10
 20
118.74
  0
VERTEX
  8
1
 10
221.12
 20
107.51
  0
VERTEX
  8
1
 10
221.12
 20
96.27
  0
VERTEX
  8
1
 10
221.09
 20
85.03
  0
VERTEX
  8
1
 10
221.05
 20
73.79
  0
VERTEX
  8
1
 10
220.99
 20
62.56
  0
VERTEX
  8
1
 10
220.95
 20
41.58
  0
VERTEX
  8
1
 10
221.06
 20
21.58
  0
VERTEX
  8
1
 10
221.06
 20
21.45
  0
VERTEX
  8
1
 10
220.95
 20
1.45
  0
VERTEX
  8
1
 10
220.99
 20
-19.57
  0
VERTEX
  8
1
 10
221.05
 20
-30.80
  0
VERTEX
  8
1
 10
221.10
 20
-42.03
  0
VERTEX
  8
1
 10
221.12
 20
-53.27
  0
VERTEX
  8
1
 10
221.12
 20
-64.50
  0
VERTEX
  8
1
 10
221.10
 20
-75.73
  0
VERTEX
  8
1
 10
221.07
 20
-86.97
  0
VERTEX
  8
1
 10
221.01
 20
-98.20
  0
VERTEX
  8
1
 10
220.93
 20
-109.43
  0
VERTEX
  8
1
 10
220.88
 20
-114.86
  0
VERTEX
  8
1
 10
220.80
 20
-120.30
  0
VERTEX
  8
1
 10
220.71
 20
-125.73
  0
VERTEX
  8
1
 10
220.60
 20
-131.16
  0
VERTEX
  8
1
 10
220.46
 20
-136.60
  0
VERTEX
  8
1
 10
220.31
 20
-142.03
  0
VERTEX
  8
1
 10
220.14
 20
-147.46
  0
VERTEX
  8
1
 10
219.94
 20
-152.89
  0
VERTEX
  8
1
 10
219.54
 20
-164.91
  0
VERTEX
  8
1
 10
207.52
 20
-164.48
  0
VERTEX
  8
1
 10
115.58
 20
-161.18
  0
VERTEX
  8
1
 10
23.61
 20
-158.17
  0
VERTEX
  8
1
 10
12.01
 20
-157.79
  0
VERTEX
  8
1
 10
12.01
 20
-146.17
  0
VERTEX
  8
1
 10
12.01
 20
-112.33
  0
VERTEX
  8
1
 10
12.00
 20
-90.59
  0
SEQEND
  0
POINT
  8
2
 10
12.00
 20
21.51
  0
TEXT
  8
1
 10
12.00
 20
21.51
 40
8.00
  1
# 507
  0
POINT
  8
2
 10
12.00
 20
133.60
  0
TEXT
  8
1
 10
12.00
 20
133.60
 40
8.00
  1
# 508
  0
POINT
  8
2
 10
12.00
 20
133.60
  0
TEXT
  8
1
 10
12.00
 20
133.60
 40
8.00
  1
# 509
  0
POINT
  8
2
 10
12.00
 20
155.37
  0
TEXT
  8
1
 10
12.00
 20
155.37
 40
8.00
  1
# 510
  0
POINT
  8
2
 10
12.00
 20
155.37
  0
TEXT
  8
1
 10
12.00
 20
155.37
 40
8.00
  1
# 511
  0
POINT
  8
3
 10
12.12
 20
189.59
  0
TEXT
  8
1
 10
12.12
 20
189.59
 40
8.00
  1
# 512
  0
POINT
  8
2
 10
12.16
 20
201.18
  0
TEXT
  8
1
 10
12.16
 20
201.18
 40
8.00
  1
# 513
  0
POINT
  8
3
 10
23.75
 20
201.54
  0
TEXT
  8
1
 10
23.75
 20
201.54
 40
8.00
  1
# 514
  0
POINT
  8
3
 10
115.66
 20
204.38
  0
TEXT
  8
1
 10
115.66
 20
204.38
 40
8.00
  1
# 515
  0
POINT
  8
3
 10
207.54
 20
207.50
  0
TEXT
  8
1
 10
207.54
 20
207.50
 40
8.00
  1
# 516
  0
POINT
  8
2
 10
219.53
 20
207.91
  0
TEXT
  8
1
 10
219.53
 20
207.91
 40
8.00
  1
# 517
  0
POINT
  8
3
 10
219.94
 20
195.91
  0
TEXT
  8
1
 10
219.94
 20
195.91
 40
8.00
  1
# 518
  0
POINT
  8
3
 10
220.13
 20
190.48
  0
POINT
  8
3
 10
220.30
 20
185.05
  0
POINT
  8
3
 10
220.46
 20
179.62
  0
POINT
  8
3
 10
220.59
 20
174.19
  0
POINT
  8
3
 10
220.71
 20
168.75
  0
POINT
  8
3
 10
220.80
 20
163.32
  0
POINT
  8
3
 10
220.87
 20
157.89
  0
POINT
  8
3
 10
220.92
 20
152.45
  0
TEXT
  8
1
 10
220.92
 20
152.45
 40
8.00
  1
# 519
  0
POINT
  8
3
 10
221.00
 20
141.22
  0
POINT
  8
3
 10
221.06
 20
129.98
  0
POINT
  8
3
 10
221.10
 20
118.74
  0
POINT
  8
3
 10
221.12
 20
107.51
  0
POINT
  8
3
 10
221.12
 20
96.27
  0
POINT
  8
3
 10
221.09
 20
85.03
  0
POINT
  8
3
 10
221.05
 20
73.79
  0
POINT
  8
3
 10
220.99
 20
62.56
  0
TEXT
  8
1
 10
220.99
 20
62.56
 40
8.00
  1
# 520
  0
POINT
  8
3
 10
220.95
 20
41.58
  0
TEXT
  8
1
 10
220.95
 20
41.58
 40
8.00
  1
# 521
  0
POINT
  8
3
 10
221.06
 20
21.58
  0
TEXT
  8
1
 10
221.06
 20
21.58
 40
8.00
  1
# 522
  0
POINT
  8
3
 10
221.06
 20
21.45
  0
POINT
  8
3
 10
220.95
 20
1.45
  0
TEXT
  8
1
 10
220.95
 20
1.45
 40
8.00
  1
# 523
  0
POINT
  8
3
 10
220.99
 20
-19.57
  0
TEXT
  8
1
 10
220.99
 20
-19.57
 40
8.00
  1
# 524
  0
POINT
  8
3
 10
221.05
 20
-30.80
  0
POINT
  8
3
 10
221.10
 20
-42.03
  0
POINT
  8
3
 10
221.12
 20
-53.27
  0
POINT
  8
3
 10
221.12
 20
-64.50
  0
POINT
  8
3
 10
221.10
 20
-75.73
  0
POINT
  8
3
 10
221.07
 20
-86.97
  0
POINT
  8
3
 10
221.01
 20
-98.20
  0
POINT
  8
3
 10
220.93
 20
-109.43
  0
TEXT
  8
1
 10
220.93
 20
-109.43
 40
8.00
  1
# 525
  0
POINT
  8
3
 10
220.88
 20
-114.86
  0
POINT
  8
3
 10
220.80
 20
-120.30
  0
POINT
  8
3
 10
220.71
 20
-125.73
  0
POINT
  8
3
 10
220.60
 20
-131.16
  0
POINT
  8
3
 10
220.46
 20
-136.60
  0
POINT
  8
3
 10
220.31
 20
-142.03
  0
POINT
  8
3
 10
220.14
 20
-147.46
  0
POINT
  8
3
 10
219.94
 20
-152.89
  0
TEXT
  8
1
 10
219.94
 20
-152.89
 40
8.00
  1
# 526
  0
POINT
  8
2
 10
219.54
 20
-164.91
  0
TEXT
  8
1
 10
219.54
 20
-164.91
 40
8.00
  1
# 527
  0
POINT
  8
3
 10
207.52
 20
-164.48
  0
TEXT
  8
1
 10
207.52
 20
-164.48
 40
8.00
  1
# 528
  0
POINT
  8
3
 10
115.58
 20
-161.18
  0
TEXT
  8
1
 10
115.58
 20
-161.18
 40
8.00
  1
# 529
  0
POINT
  8
3
 10
23.61
 20
-158.17
  0
TEXT
  8
1
 10
23.61
 20
-158.17
 40
8.00
  1
# 530
  0
POINT
  8
2
 10
12.01
 20
-157.79
  0
TEXT
  8
1
 10
12.01
 20
-157.79
 40
8.00
  1
# 531
  0
POINT
  8
3
 10
12.01
 20
-146.17
  0
TEXT
  8
1
 10
12.01
 20
-146.17
 40
8.00
  1
# 532
  0
POINT
  8
3
 10
12.01
 20
-112.33
  0
TEXT
  8
1
 10
12.01
 20
-112.33
 40
8.00
  1
# 533
  0
POINT
  8
3
 10
12.00
 20
-90.59
  0
TEXT
  8
1
 10
12.00
 20
-90.59
 40
8.00
  1
# 534
  0
POINT
  8
2
 10
12.00
 20
21.51
  0
TEXT
  8
1
 10
12.00
 20
21.51
 40
8.00
  1
# 535
  0
POINT
  8
2
 10
12.00
 20
21.51
  0
TEXT
  8
1
 10
12.00
 20
21.51
 40
8.00
  1
# 507
  0
POINT
  8
8
 10
24
 20
21.50798034668
  0
POINT
  8
2
 10
24.00
 20
21.51
  0
TEXT
  8
8
 10
24.00
 20
21.51
 40
8.00
  1
# 536
  0
POINT
  8
2
 10
24.00
 20
21.51
  0
TEXT
  8
8
 10
24.00
 20
21.51
 40
8.00
  1
# 537
  0
LINE
  8
8
 10
24.00
 20
21.51
 11
209.06
 21
21.51
  0
POINT
  8
2
 10
24.00
 20
21.51
  0
POINT
  8
2
 10
209.06
 20
21.51
  0
TEXT
  8
8
 10
209.06
 20
21.51
 40
8.00
  1
# 538
  0
POINT
  8
2
 10
209.06
 20
21.51
  0
POINT
  8
8
 10
208.95462036133
 20
1.510871887207
  0
POINT
  8
2
 10
208.95
 20
1.51
  0
TEXT
  8
8
 10
208.95
 20
1.51
 40
8.00
  1
# 539
  0
POINT
  8
2
 10
208.95
 20
1.51
  0
TEXT
  8
8
 10
208.95
 20
1.51
 40
8.00
  1
# 540
  0
LINE
  8
8
 10
208.95
 20
1.51
 11
183.61
 21
1.37
  0
POINT
  8
2
 10
208.95
 20
1.51
  0
POINT
  8
2
 10
183.61
 20
1.37
  0
TEXT
  8
8
 10
183.61
 20
1.37
 40
8.00
  1
# 541
  0
POINT
  8
2
 10
183.61
 20
1.37
  0
POINT
  8
8
 10
208.95385742188
 20
41.512168884277
  0
POINT
  8
2
 10
208.95
 20
41.51
  0
TEXT
  8
8
 10
208.95
 20
41.51
 40
8.00
  1
# 542
  0
POINT
  8
2
 10
208.95
 20
41.51
  0
TEXT
  8
8
 10
208.95
 20
41.51
 40
8.00
  1
# 543
  0
LINE
  8
8
 10
208.95
 20
41.51
 11
183.61
 21
41.66
  0
POINT
  8
2
 10
208.95
 20
41.51
  0
POINT
  8
2
 10
183.61
 20
41.66
  0
TEXT
  8
8
 10
183.61
 20
41.66
 40
8.00
  1
# 544
  0
POINT
  8
2
 10
183.61
 20
41.66
  0
TEXT
  8
19
 10
163.46
 20
49.53
 40
4.00
  1
PLEAT
 50
-0.00
  0
TEXT
  8
4
 10
12.00
 20
133.60
 40
8.00
  1
# 546
  0
POINT
  8
4
 10
12.00
 20
133.60
 30
10.00
 50
-3e-6
  0
TEXT
  8
4
 10
12.00
 20
155.37
 40
8.00
  1
# 547
  0
POINT
  8
4
 10
12.00
 20
155.37
 30
10.00
 50
-0.196237
  0
TEXT
  8
4
 10
115.66
 20
204.38
 40
8.00
  1
# 548
  0
POINT
  8
4
 10
115.66
 20
204.38
 30
10.00
 50
-88.057148
  0
TEXT
  8
4
 10
220.99
 20
62.56
 40
8.00
  1
# 549
  0
POINT
  8
4
 10
220.99
 20
62.56
 30
10.00
 50
179.851582
  0
TEXT
  8
4
 10
220.95
 20
41.58
 40
8.00
  1
# 550
  0
POINT
  8
4
 10
220.95
 20
41.58
 30
10.00
 50
-179.659707
  0
TEXT
  8
4
 10
221.06
 20
21.58
 40
8.00
  1
# 551
  0
POINT
  8
4
 10
221.06
 20
21.58
 30
10.00
 50
-179.683535
  0
TEXT
  8
4
 10
220.95
 20
1.45
 40
8.00
  1
# 552
  0
POINT
  8
4
 10
220.95
 20
1.45
 30
10.00
 50
179.661914
  0
TEXT
  8
4
 10
220.99
 20
-19.57
 40
8.00
  1
# 553
  0
POINT
  8
4
 10
220.99
 20
-19.57
 30
10.00
 50
-179.849395
  0
TEXT
  8
4
 10
115.58
 20
-161.18
 40
8.00
  1
# 554
  0
POINT
  8
4
 10
115.58
 20
-161.18
 30
10.00
 50
87.327461
  0
TEXT
  8
4
 10
12.01
 20
-112.33
 40
8.00
  1
# 555
  0
POINT
  8
4
 10
12.01
 20
-112.33
 30
10.00
 50
0.002196
  0
TEXT
  8
4
 10
12.00
 20
-90.59
 40
8.00
  1
# 556
  0
POINT
  8
4
 10
12.00
 20
-90.59
 30
10.00
 50
0.002197
  0
TEXT
  8
4
 10
12.00
 20
21.51
 40
8.00
  1
# 557
  0
POINT
  8
4
 10
12.00
 20
21.51
 30
10.00
 50
-3e-6
  0
TEXT
  8
4
 10
12.00
 20
21.51
 40
8.00
  1
# 558
  0
POINT
  8
4
 10
12.00
 20
21.51
 30
10.00
 50
-3e-6
  0
TEXT
  8
1
 10
12.00
 20
-184.91
 40
8.00
  1
Piece Name: BK CENT
  0
TEXT
  8
1
 10
12.00
 20
-194.91
 40
8.00
  1
Size: S
  0
TEXT
  8
1
 10
12.00
 20
-204.91
 40
8.00
  1
Annotation: ORFATTI PROD(4 FEB26)
  0
TEXT
  8
1
 10
12.00
 20
-214.91
 40
8.00
  1
Quantity: 1
  0
TEXT
  8
1
 10
12.00
 20
-224.91
 40
8.00
  1
Category: X 1
  0
ENDBLK
  0
BLOCK
  2
BK_BTMS
  8
1
 10
0.00
 20
0.00
 70
64
  0
POLYLINE
  8
14
 10
0
 20
0
 66
1
 70
1
  0
VERTEX
  8
14
 10
32.42
 20
22.26
  0
VERTEX
  8
14
 10
34.33
 20
194.05
  0
VERTEX
  8
14
 10
170.71
 20
195.19
  0
VERTEX
  8
14
 10
228.65
 20
192.69
  0
VERTEX
  8
14
 10
320.03
 20
188.29
  0
VERTEX
  8
14
 10
320.03
 20
154.45
  0
VERTEX
  8
14
 10
320.03
 20
132.71
  0
VERTEX
  8
14
 10
320.03
 20
20.61
  0
VERTEX
  8
14
 10
318.70
 20
-91.48
  0
VERTEX
  8
14
 10
318.45
 20
-113.22
  0
VERTEX
  8
14
 10
318.00
 20
-147.06
  0
VERTEX
  8
14
 10
226.58
 20
-150.38
  0
VERTEX
  8
14
 10
168.64
 20
-152.19
  0
VERTEX
  8
14
 10
32.24
 20
-149.55
  0
SEQEND
  0
POINT
  8
2
 10
32.42
 20
22.26
  0
TEXT
  8
14
 10
32.42
 20
22.26
 40
8.00
  1
# 559
  0
POINT
  8
2
 10
34.33
 20
194.05
  0
TEXT
  8
14
 10
34.33
 20
194.05
 40
8.00
  1
# 560
  0
POINT
  8
2
 10
170.71
 20
195.19
  0
TEXT
  8
14
 10
170.71
 20
195.19
 40
8.00
  1
# 561
  0
POINT
  8
3
 10
228.65
 20
192.69
  0
TEXT
  8
14
 10
228.65
 20
192.69
 40
8.00
  1
# 562
  0
POINT
  8
2
 10
320.03
 20
188.29
  0
TEXT
  8
14
 10
320.03
 20
188.29
 40
8.00
  1
# 563
  0
POINT
  8
2
 10
320.03
 20
154.45
  0
TEXT
  8
14
 10
320.03
 20
154.45
 40
8.00
  1
# 564
  0
POINT
  8
2
 10
320.03
 20
132.71
  0
TEXT
  8
14
 10
320.03
 20
132.71
 40
8.00
  1
# 565
  0
POINT
  8
2
 10
320.03
 20
20.61
  0
TEXT
  8
14
 10
320.03
 20
20.61
 40
8.00
  1
# 566
  0
POINT
  8
3
 10
318.70
 20
-91.48
  0
TEXT
  8
14
 10
318.70
 20
-91.48
 40
8.00
  1
# 567
  0
POINT
  8
3
 10
318.45
 20
-113.22
  0
TEXT
  8
14
 10
318.45
 20
-113.22
 40
8.00
  1
# 568
  0
POINT
  8
2
 10
318.00
 20
-147.06
  0
TEXT
  8
14
 10
318.00
 20
-147.06
 40
8.00
  1
# 569
  0
POINT
  8
3
 10
226.58
 20
-150.38
  0
TEXT
  8
14
 10
226.58
 20
-150.38
 40
8.00
  1
# 570
  0
POINT
  8
2
 10
168.64
 20
-152.19
  0
TEXT
  8
14
 10
168.64
 20
-152.19
 40
8.00
  1
# 571
  0
POINT
  8
2
 10
32.24
 20
-149.55
  0
TEXT
  8
14
 10
32.24
 20
-149.55
 40
8.00
  1
# 572
  0
POINT
  8
2
 10
32.42
 20
22.26
  0
TEXT
  8
14
 10
32.42
 20
22.26
 40
8.00
  1
# 559
  0
POLYLINE
  8
1
 10
0
 20
0
 66
1
 70
1
  0
VERTEX
  8
1
 10
20.42
 20
22.27
  0
VERTEX
  8
1
 10
20.42
 20
22.39
  0
VERTEX
  8
1
 10
22.33
 20
194.19
  0
VERTEX
  8
1
 10
22.46
 20
205.95
  0
VERTEX
  8
1
 10
34.23
 20
206.05
  0
VERTEX
  8
1
 10
170.92
 20
207.19
  0
VERTEX
  8
1
 10
229.20
 20
204.68
  0
VERTEX
  8
1
 10
320.61
 20
200.28
  0
VERTEX
  8
1
 10
332.03
 20
199.73
  0
VERTEX
  8
1
 10
332.03
 20
188.29
  0
VERTEX
  8
1
 10
332.03
 20
154.45
  0
VERTEX
  8
1
 10
332.03
 20
132.71
  0
VERTEX
  8
1
 10
332.03
 20
20.61
  0
VERTEX
  8
1
 10
332.03
 20
20.47
  0
VERTEX
  8
1
 10
330.70
 20
-91.62
  0
VERTEX
  8
1
 10
330.45
 20
-113.37
  0
VERTEX
  8
1
 10
330.00
 20
-147.22
  0
VERTEX
  8
1
 10
329.85
 20
-158.64
  0
VERTEX
  8
1
 10
318.43
 20
-159.05
  0
VERTEX
  8
1
 10
227.00
 20
-162.37
  0
VERTEX
  8
1
 10
168.71
 20
-164.19
  0
VERTEX
  8
1
 10
32.01
 20
-161.55
  0
VERTEX
  8
1
 10
20.23
 20
-161.32
  0
VERTEX
  8
1
 10
20.24
 20
-149.54
  0
SEQEND
  0
POINT
  8
2
 10
20.42
 20
22.27
  0
TEXT
  8
1
 10
20.42
 20
22.27
 40
8.00
  1
# 573
  0
POINT
  8
3
 10
20.42
 20
22.39
  0
POINT
  8
3
 10
22.33
 20
194.19
  0
TEXT
  8
1
 10
22.33
 20
194.19
 40
8.00
  1
# 574
  0
POINT
  8
2
 10
22.46
 20
205.95
  0
TEXT
  8
1
 10
22.46
 20
205.95
 40
8.00
  1
# 575
  0
POINT
  8
3
 10
34.23
 20
206.05
  0
TEXT
  8
1
 10
34.23
 20
206.05
 40
8.00
  1
# 576
  0
POINT
  8
2
 10
170.92
 20
207.19
  0
TEXT
  8
1
 10
170.92
 20
207.19
 40
8.00
  1
# 577
  0
POINT
  8
2
 10
229.20
 20
204.68
  0
TEXT
  8
1
 10
229.20
 20
204.68
 40
8.00
  1
# 578
  0
POINT
  8
2
 10
229.20
 20
204.68
  0
TEXT
  8
1
 10
229.20
 20
204.68
 40
8.00
  1
# 579
  0
POINT
  8
3
 10
320.61
 20
200.28
  0
TEXT
  8
1
 10
320.61
 20
200.28
 40
8.00
  1
# 580
  0
POINT
  8
2
 10
332.03
 20
199.73
  0
TEXT
  8
1
 10
332.03
 20
199.73
 40
8.00
  1
# 581
  0
POINT
  8
2
 10
332.03
 20
188.29
  0
TEXT
  8
1
 10
332.03
 20
188.29
 40
8.00
  1
# 582
  0
POINT
  8
2
 10
332.03
 20
154.45
  0
TEXT
  8
1
 10
332.03
 20
154.45
 40
8.00
  1
# 583
  0
POINT
  8
2
 10
332.03
 20
132.71
  0
TEXT
  8
1
 10
332.03
 20
132.71
 40
8.00
  1
# 584
  0
POINT
  8
3
 10
332.03
 20
20.61
  0
TEXT
  8
1
 10
332.03
 20
20.61
 40
8.00
  1
# 585
  0
POINT
  8
3
 10
332.03
 20
20.47
  0
POINT
  8
3
 10
330.70
 20
-91.62
  0
TEXT
  8
1
 10
330.70
 20
-91.62
 40
8.00
  1
# 586
  0
POINT
  8
2
 10
330.45
 20
-113.37
  0
TEXT
  8
1
 10
330.45
 20
-113.37
 40
8.00
  1
# 587
  0
POINT
  8
2
 10
330.45
 20
-113.37
  0
TEXT
  8
1
 10
330.45
 20
-113.37
 40
8.00
  1
# 588
  0
POINT
  8
3
 10
330.00
 20
-147.22
  0
TEXT
  8
1
 10
330.00
 20
-147.22
 40
8.00
  1
# 589
  0
POINT
  8
2
 10
329.85
 20
-158.64
  0
TEXT
  8
1
 10
329.85
 20
-158.64
 40
8.00
  1
# 590
  0
POINT
  8
3
 10
318.43
 20
-159.05
  0
TEXT
  8
1
 10
318.43
 20
-159.05
 40
8.00
  1
# 591
  0
POINT
  8
2
 10
227.00
 20
-162.37
  0
TEXT
  8
1
 10
227.00
 20
-162.37
 40
8.00
  1
# 592
  0
POINT
  8
2
 10
227.00
 20
-162.37
  0
TEXT
  8
1
 10
227.00
 20
-162.37
 40
8.00
  1
# 593
  0
POINT
  8
2
 10
168.71
 20
-164.19
  0
TEXT
  8
1
 10
168.71
 20
-164.19
 40
8.00
  1
# 594
  0
POINT
  8
3
 10
32.01
 20
-161.55
  0
TEXT
  8
1
 10
32.01
 20
-161.55
 40
8.00
  1
# 595
  0
POINT
  8
2
 10
20.23
 20
-161.32
  0
TEXT
  8
1
 10
20.23
 20
-161.32
 40
8.00
  1
# 596
  0
POINT
  8
3
 10
20.24
 20
-149.54
  0
TEXT
  8
1
 10
20.24
 20
-149.54
 40
8.00
  1
# 597
  0
POINT
  8
2
 10
20.42
 20
22.27
  0
TEXT
  8
1
 10
20.42
 20
22.27
 40
8.00
  1
# 573
  0
POINT
  8
8
 10
320.03204345703
 20
20.610256195068
  0
POINT
  8
2
 10
320.03
 20
20.61
  0
TEXT
  8
8
 10
320.03
 20
20.61
 40
8.00
  1
# 598
  0
POINT
  8
2
 10
320.03
 20
20.61
  0
TEXT
  8
8
 10
320.03
 20
20.61
 40
8.00
  1
# 599
  0
LINE
  8
8
 10
320.03
 20
20.61
 11
32.42
 21
22.26
  0
POINT
  8
2
 10
320.03
 20
20.61
  0
POINT
  8
2
 10
32.42
 20
22.26
  0
TEXT
  8
8
 10
32.42
 20
22.26
 40
8.00
  1
# 600
  0
POINT
  8
2
 10
32.42
 20
22.26
  0
TEXT
  8
4
 10
229.20
 20
204.68
 40
8.00
  1
# 601
  0
POINT
  8
4
 10
229.20
 20
204.68
 30
10.00
 50
-92.758291
  0
TEXT
  8
4
 10
332.03
 20
154.45
 40
8.00
  1
# 602
  0
POINT
  8
4
 10
332.03
 20
154.45
 30
10.00
 50
180
  0
TEXT
  8
4
 10
332.03
 20
132.71
 40
8.00
  1
# 603
  0
POINT
  8
4
 10
332.03
 20
132.71
 30
10.00
 50
180
  0
TEXT
  8
4
 10
330.70
 20
-91.62
 40
8.00
  1
# 604
  0
POINT
  8
4
 10
330.70
 20
-91.62
 30
10.00
 50
179.321094
  0
TEXT
  8
4
 10
330.45
 20
-113.37
 40
8.00
  1
# 605
  0
POINT
  8
4
 10
330.45
 20
-113.37
 30
10.00
 50
179.240898
  0
TEXT
  8
4
 10
227.00
 20
-162.37
 40
8.00
  1
# 606
  0
POINT
  8
4
 10
227.00
 20
-162.37
 30
10.00
 50
92.079863
  0
TEXT
  8
1
 10
20.23
 20
-184.19
 40
8.00
  1
Piece Name: BK BTM
  0
TEXT
  8
1
 10
20.23
 20
-194.19
 40
8.00
  1
Size: S
  0
TEXT
  8
1
 10
20.23
 20
-204.19
 40
8.00
  1
Annotation: ORFATTI PROD(4 FEB26)
  0
TEXT
  8
1
 10
20.23
 20
-214.19
 40
8.00
  1
Quantity: 1
  0
TEXT
  8
1
 10
20.23
 20
-224.19
 40
8.00
  1
Category: X 1
  0
ENDBLK
  0
BLOCK
  2
FR_YKS
  8
1
 10
0.00
 20
0.00
 70
64
  0
POLYLINE
  8
14
 10
0
 20
0
 66
1
 70
1
  0
VERTEX
  8
14
 10
260.08
 20
-20.21
  0
VERTEX
  8
14
 10
258.37
 20
-23.15
  0
VERTEX
  8
14
 10
256.69
 20
-26.11
  0
VERTEX
  8
14
 10
255.03
 20
-29.08
  0
VERTEX
  8
14
 10
253.40
 20
-32.06
  0
VERTEX
  8
14
 10
251.79
 20
-35.06
  0
VERTEX
  8
14
 10
250.21
 20
-38.07
  0
VERTEX
  8
14
 10
248.65
 20
-41.09
  0
VERTEX
  8
14
 10
247.12
 20
-44.12
  0
VERTEX
  8
14
 10
246.02
 20
-46.38
  0
VERTEX
  8
14
 10
244.94
 20
-48.64
  0
VERTEX
  8
14
 10
243.88
 20
-50.92
  0
VERTEX
  8
14
 10
242.85
 20
-53.21
  0
VERTEX
  8
14
 10
241.85
 20
-55.51
  0
VERTEX
  8
14
 10
240.87
 20
-57.82
  0
VERTEX
  8
14
 10
239.93
 20
-60.15
  0
VERTEX
  8
14
 10
239.00
 20
-62.48
  0
VERTEX
  8
14
 10
238.28
 20
-64.78
  0
VERTEX
  8
14
 10
237.58
 20
-67.08
  0
VERTEX
  8
14
 10
236.92
 20
-69.40
  0
VERTEX
  8
14
 10
236.28
 20
-71.72
  0
VERTEX
  8
14
 10
235.68
 20
-74.05
  0
VERTEX
  8
14
 10
235.11
 20
-76.39
  0
VERTEX
  8
14
 10
234.57
 20
-78.73
  0
VERTEX
  8
14
 10
234.06
 20
-81.08
  0
VERTEX
  8
14
 10
233.52
 20
-83.70
  0
VERTEX
  8
14
 10
233.02
 20
-86.32
  0
VERTEX
  8
14
 10
232.55
 20
-88.95
  0
VERTEX
  8
14
 10
232.11
 20
-91.59
  0
VERTEX
  8
14
 10
231.70
 20
-94.23
  0
VERTEX
  8
14
 10
231.33
 20
-96.87
  0
VERTEX
  8
14
 10
230.98
 20
-99.52
  0
VERTEX
  8
14
 10
230.67
 20
-102.17
  0
VERTEX
  8
14
 10
115.57
 20
-34.44
  0
VERTEX
  8
14
 10
29.87
 20
13.73
  0
VERTEX
  8
14
 10
31.34
 20
15.68
  0
VERTEX
  8
14
 10
32.78
 20
17.67
  0
VERTEX
  8
14
 10
34.17
 20
19.68
  0
VERTEX
  8
14
 10
35.52
 20
21.72
  0
VERTEX
  8
14
 10
36.82
 20
23.79
  0
VERTEX
  8
14
 10
38.09
 20
25.89
  0
VERTEX
  8
14
 10
39.31
 20
28.01
  0
VERTEX
  8
14
 10
40.48
 20
30.15
  0
VERTEX
  8
14
 10
41.66
 20
32.41
  0
VERTEX
  8
14
 10
42.79
 20
34.69
  0
VERTEX
  8
14
 10
43.88
 20
36.99
  0
VERTEX
  8
14
 10
44.93
 20
39.31
  0
VERTEX
  8
14
 10
45.92
 20
41.65
  0
VERTEX
  8
14
 10
46.87
 20
44.02
  0
VERTEX
  8
14
 10
47.77
 20
46.39
  0
VERTEX
  8
14
 10
48.63
 20
48.79
  0
VERTEX
  8
14
 10
49.63
 20
51.53
  0
VERTEX
  8
14
 10
50.60
 20
54.28
  0
VERTEX
  8
14
 10
51.52
 20
57.04
  0
VERTEX
  8
14
 10
52.41
 20
59.82
  0
VERTEX
  8
14
 10
53.26
 20
62.61
  0
VERTEX
  8
14
 10
54.07
 20
65.41
  0
VERTEX
  8
14
 10
54.84
 20
68.22
  0
VERTEX
  8
14
 10
55.58
 20
71.04
  0
VERTEX
  8
14
 10
56.10
 20
73.21
  0
VERTEX
  8
14
 10
56.59
 20
75.39
  0
VERTEX
  8
14
 10
57.04
 20
77.58
  0
VERTEX
  8
14
 10
57.45
 20
79.77
  0
VERTEX
  8
14
 10
57.82
 20
81.98
  0
VERTEX
  8
14
 10
58.15
 20
84.18
  0
VERTEX
  8
14
 10
58.44
 20
86.40
  0
VERTEX
  8
14
 10
58.69
 20
88.62
  0
VERTEX
  8
14
 10
65.62
 20
85.39
  0
VERTEX
  8
14
 10
72.54
 20
82.13
  0
VERTEX
  8
14
 10
79.45
 20
78.85
  0
VERTEX
  8
14
 10
86.35
 20
75.54
  0
VERTEX
  8
14
 10
93.23
 20
72.21
  0
VERTEX
  8
14
 10
100.10
 20
68.85
  0
VERTEX
  8
14
 10
106.96
 20
65.46
  0
VERTEX
  8
14
 10
113.81
 20
62.05
  0
VERTEX
  8
14
 10
120.64
 20
58.60
  0
VERTEX
  8
14
 10
127.46
 20
55.14
  0
VERTEX
  8
14
 10
134.26
 20
51.64
  0
VERTEX
  8
14
 10
141.05
 20
48.13
  0
VERTEX
  8
14
 10
147.83
 20
44.58
  0
VERTEX
  8
14
 10
154.59
 20
41.01
  0
VERTEX
  8
14
 10
161.34
 20
37.41
  0
VERTEX
  8
14
 10
168.08
 20
33.79
  0
VERTEX
  8
14
 10
173.94
 20
30.60
  0
VERTEX
  8
14
 10
179.78
 20
27.39
  0
VERTEX
  8
14
 10
185.62
 20
24.16
  0
VERTEX
  8
14
 10
191.43
 20
20.90
  0
VERTEX
  8
14
 10
197.24
 20
17.61
  0
VERTEX
  8
14
 10
203.02
 20
14.30
  0
VERTEX
  8
14
 10
208.80
 20
10.96
  0
VERTEX
  8
14
 10
214.56
 20
7.60
  0
VERTEX
  8
14
 10
220.30
 20
4.21
  0
VERTEX
  8
14
 10
226.03
 20
0.80
  0
VERTEX
  8
14
 10
231.74
 20
-2.64
  0
VERTEX
  8
14
 10
237.44
 20
-6.11
  0
VERTEX
  8
14
 10
243.12
 20
-9.60
  0
VERTEX
  8
14
 10
248.79
 20
-13.11
  0
VERTEX
  8
14
 10
254.44
 20
-16.65
  0
SEQEND
  0
POINT
  8
2
 10
260.08
 20
-20.21
  0
TEXT
  8
14
 10
260.08
 20
-20.21
 40
8.00
  1
# 607
  0
POINT
  8
3
 10
258.37
 20
-23.15
  0
POINT
  8
3
 10
256.69
 20
-26.11
  0
POINT
  8
3
 10
255.03
 20
-29.08
  0
POINT
  8
3
 10
253.40
 20
-32.06
  0
POINT
  8
3
 10
251.79
 20
-35.06
  0
POINT
  8
3
 10
250.21
 20
-38.07
  0
POINT
  8
3
 10
248.65
 20
-41.09
  0
POINT
  8
3
 10
247.12
 20
-44.12
  0
TEXT
  8
14
 10
247.12
 20
-44.12
 40
8.00
  1
# 608
  0
POINT
  8
3
 10
246.02
 20
-46.38
  0
POINT
  8
3
 10
244.94
 20
-48.64
  0
POINT
  8
3
 10
243.88
 20
-50.92
  0
POINT
  8
3
 10
242.85
 20
-53.21
  0
POINT
  8
3
 10
241.85
 20
-55.51
  0
POINT
  8
3
 10
240.87
 20
-57.82
  0
POINT
  8
3
 10
239.93
 20
-60.15
  0
POINT
  8
3
 10
239.00
 20
-62.48
  0
TEXT
  8
14
 10
239.00
 20
-62.48
 40
8.00
  1
# 609
  0
POINT
  8
3
 10
238.28
 20
-64.78
  0
POINT
  8
3
 10
237.58
 20
-67.08
  0
POINT
  8
3
 10
236.92
 20
-69.40
  0
POINT
  8
3
 10
236.28
 20
-71.72
  0
POINT
  8
3
 10
235.68
 20
-74.05
  0
POINT
  8
3
 10
235.11
 20
-76.39
  0
POINT
  8
3
 10
234.57
 20
-78.73
  0
POINT
  8
3
 10
234.06
 20
-81.08
  0
TEXT
  8
14
 10
234.06
 20
-81.08
 40
8.00
  1
# 610
  0
POINT
  8
3
 10
233.52
 20
-83.70
  0
POINT
  8
3
 10
233.02
 20
-86.32
  0
POINT
  8
3
 10
232.55
 20
-88.95
  0
POINT
  8
3
 10
232.11
 20
-91.59
  0
POINT
  8
3
 10
231.70
 20
-94.23
  0
POINT
  8
3
 10
231.33
 20
-96.87
  0
POINT
  8
3
 10
230.98
 20
-99.52
  0
POINT
  8
2
 10
230.67
 20
-102.17
  0
TEXT
  8
14
 10
230.67
 20
-102.17
 40
8.00
  1
# 611
  0
POINT
  8
2
 10
115.57
 20
-34.44
  0
TEXT
  8
14
 10
115.57
 20
-34.44
 40
8.00
  1
# 612
  0
POINT
  8
2
 10
29.87
 20
13.73
  0
TEXT
  8
14
 10
29.87
 20
13.73
 40
8.00
  1
# 613
  0
POINT
  8
3
 10
31.34
 20
15.68
  0
POINT
  8
3
 10
32.78
 20
17.67
  0
POINT
  8
3
 10
34.17
 20
19.68
  0
POINT
  8
3
 10
35.52
 20
21.72
  0
POINT
  8
3
 10
36.82
 20
23.79
  0
POINT
  8
3
 10
38.09
 20
25.89
  0
POINT
  8
3
 10
39.31
 20
28.01
  0
POINT
  8
3
 10
40.48
 20
30.15
  0
TEXT
  8
14
 10
40.48
 20
30.15
 40
8.00
  1
# 614
  0
POINT
  8
3
 10
41.66
 20
32.41
  0
POINT
  8
3
 10
42.79
 20
34.69
  0
POINT
  8
3
 10
43.88
 20
36.99
  0
POINT
  8
3
 10
44.93
 20
39.31
  0
POINT
  8
3
 10
45.92
 20
41.65
  0
POINT
  8
3
 10
46.87
 20
44.02
  0
POINT
  8
3
 10
47.77
 20
46.39
  0
POINT
  8
3
 10
48.63
 20
48.79
  0
TEXT
  8
14
 10
48.63
 20
48.79
 40
8.00
  1
# 615
  0
POINT
  8
3
 10
49.63
 20
51.53
  0
POINT
  8
3
 10
50.60
 20
54.28
  0
POINT
  8
3
 10
51.52
 20
57.04
  0
POINT
  8
3
 10
52.41
 20
59.82
  0
POINT
  8
3
 10
53.26
 20
62.61
  0
POINT
  8
3
 10
54.07
 20
65.41
  0
POINT
  8
3
 10
54.84
 20
68.22
  0
POINT
  8
3
 10
55.58
 20
71.04
  0
TEXT
  8
14
 10
55.58
 20
71.04
 40
8.00
  1
# 616
  0
POINT
  8
3
 10
56.10
 20
73.21
  0
POINT
  8
3
 10
56.59
 20
75.39
  0
POINT
  8
3
 10
57.04
 20
77.58
  0
POINT
  8
3
 10
57.45
 20
79.77
  0
POINT
  8
3
 10
57.82
 20
81.98
  0
POINT
  8
3
 10
58.15
 20
84.18
  0
POINT
  8
3
 10
58.44
 20
86.40
  0
POINT
  8
2
 10
58.69
 20
88.62
  0
TEXT
  8
14
 10
58.69
 20
88.62
 40
8.00
  1
# 617
  0
POINT
  8
3
 10
65.62
 20
85.39
  0
POINT
  8
3
 10
72.54
 20
82.13
  0
POINT
  8
3
 10
79.45
 20
78.85
  0
POINT
  8
3
 10
86.35
 20
75.54
  0
POINT
  8
3
 10
93.23
 20
72.21
  0
POINT
  8
3
 10
100.10
 20
68.85
  0
POINT
  8
3
 10
106.96
 20
65.46
  0
POINT
  8
3
 10
113.81
 20
62.05
  0
POINT
  8
3
 10
120.64
 20
58.60
  0
POINT
  8
3
 10
127.46
 20
55.14
  0
POINT
  8
3
 10
134.26
 20
51.64
  0
POINT
  8
3
 10
141.05
 20
48.13
  0
POINT
  8
3
 10
147.83
 20
44.58
  0
POINT
  8
3
 10
154.59
 20
41.01
  0
POINT
  8
3
 10
161.34
 20
37.41
  0
POINT
  8
3
 10
168.08
 20
33.79
  0
TEXT
  8
14
 10
168.08
 20
33.79
 40
8.00
  1
# 618
  0
POINT
  8
3
 10
173.94
 20
30.60
  0
POINT
  8
3
 10
179.78
 20
27.39
  0
POINT
  8
3
 10
185.62
 20
24.16
  0
POINT
  8
3
 10
191.43
 20
20.90
  0
POINT
  8
3
 10
197.24
 20
17.61
  0
POINT
  8
3
 10
203.02
 20
14.30
  0
POINT
  8
3
 10
208.80
 20
10.96
  0
POINT
  8
3
 10
214.56
 20
7.60
  0
POINT
  8
3
 10
220.30
 20
4.21
  0
POINT
  8
3
 10
226.03
 20
0.80
  0
POINT
  8
3
 10
231.74
 20
-2.64
  0
POINT
  8
3
 10
237.44
 20
-6.11
  0
POINT
  8
3
 10
243.12
 20
-9.60
  0
POINT
  8
3
 10
248.79
 20
-13.11
  0
POINT
  8
3
 10
254.44
 20
-16.65
  0
POINT
  8
2
 10
260.08
 20
-20.21
  0
TEXT
  8
14
 10
260.08
 20
-20.21
 40
8.00
  1
# 607
  0
POLYLINE
  8
1
 10
0
 20
0
 66
1
 70
1
  0
VERTEX
  8
1
 10
276.23
 20
-16.20
  0
VERTEX
  8
1
 10
270.48
 20
-26.20
  0
VERTEX
  8
1
 10
268.82
 20
-29.06
  0
VERTEX
  8
1
 10
267.18
 20
-31.94
  0
VERTEX
  8
1
 10
265.57
 20
-34.82
  0
VERTEX
  8
1
 10
263.98
 20
-37.73
  0
VERTEX
  8
1
 10
262.42
 20
-40.64
  0
VERTEX
  8
1
 10
260.88
 20
-43.57
  0
VERTEX
  8
1
 10
259.36
 20
-46.51
  0
VERTEX
  8
1
 10
257.87
 20
-49.46
  0
VERTEX
  8
1
 10
256.84
 20
-51.56
  0
VERTEX
  8
1
 10
255.83
 20
-53.66
  0
VERTEX
  8
1
 10
254.85
 20
-55.78
  0
VERTEX
  8
1
 10
253.89
 20
-57.91
  0
VERTEX
  8
1
 10
252.96
 20
-60.05
  0
VERTEX
  8
1
 10
252.05
 20
-62.20
  0
VERTEX
  8
1
 10
251.17
 20
-64.36
  0
VERTEX
  8
1
 10
250.31
 20
-66.53
  0
VERTEX
  8
1
 10
249.65
 20
-68.63
  0
VERTEX
  8
1
 10
249.01
 20
-70.74
  0
VERTEX
  8
1
 10
248.40
 20
-72.86
  0
VERTEX
  8
1
 10
247.83
 20
-74.98
  0
VERTEX
  8
1
 10
247.28
 20
-77.12
  0
VERTEX
  8
1
 10
246.76
 20
-79.26
  0
VERTEX
  8
1
 10
246.26
 20
-81.40
  0
VERTEX
  8
1
 10
245.80
 20
-83.55
  0
VERTEX
  8
1
 10
245.30
 20
-86.04
  0
VERTEX
  8
1
 10
244.82
 20
-88.53
  0
VERTEX
  8
1
 10
244.38
 20
-91.03
  0
VERTEX
  8
1
 10
243.96
 20
-93.53
  0
VERTEX
  8
1
 10
243.57
 20
-96.04
  0
VERTEX
  8
1
 10
243.22
 20
-98.55
  0
VERTEX
  8
1
 10
242.89
 20
-101.06
  0
VERTEX
  8
1
 10
242.59
 20
-103.58
  0
VERTEX
  8
1
 10
240.43
 20
-121.84
  0
VERTEX
  8
1
 10
224.58
 20
-112.51
  0
VERTEX
  8
1
 10
109.69
 20
-44.90
  0
VERTEX
  8
1
 10
109.59
 20
-44.84
  0
VERTEX
  8
1
 10
23.99
 20
3.27
  0
VERTEX
  8
1
 10
12.03
 20
9.99
  0
VERTEX
  8
1
 10
20.29
 20
20.95
  0
VERTEX
  8
1
 10
21.46
 20
22.50
  0
VERTEX
  8
1
 10
22.60
 20
24.06
  0
VERTEX
  8
1
 10
23.72
 20
25.65
  0
VERTEX
  8
1
 10
24.80
 20
27.26
  0
VERTEX
  8
1
 10
25.86
 20
28.89
  0
VERTEX
  8
1
 10
26.88
 20
30.54
  0
VERTEX
  8
1
 10
27.88
 20
32.20
  0
VERTEX
  8
1
 10
28.84
 20
33.88
  0
VERTEX
  8
1
 10
29.81
 20
35.64
  0
VERTEX
  8
1
 10
30.75
 20
37.42
  0
VERTEX
  8
1
 10
31.65
 20
39.21
  0
VERTEX
  8
1
 10
32.52
 20
41.01
  0
VERTEX
  8
1
 10
33.36
 20
42.83
  0
VERTEX
  8
1
 10
34.17
 20
44.67
  0
VERTEX
  8
1
 10
34.95
 20
46.52
  0
VERTEX
  8
1
 10
35.69
 20
48.38
  0
VERTEX
  8
1
 10
36.78
 20
51.20
  0
VERTEX
  8
1
 10
37.83
 20
54.03
  0
VERTEX
  8
1
 10
38.84
 20
56.88
  0
VERTEX
  8
1
 10
39.80
 20
59.74
  0
VERTEX
  8
1
 10
40.73
 20
62.62
  0
VERTEX
  8
1
 10
41.61
 20
65.51
  0
VERTEX
  8
1
 10
42.45
 20
68.41
  0
VERTEX
  8
1
 10
43.25
 20
71.32
  0
VERTEX
  8
1
 10
43.84
 20
73.62
  0
VERTEX
  8
1
 10
44.39
 20
75.93
  0
VERTEX
  8
1
 10
44.89
 20
78.25
  0
VERTEX
  8
1
 10
45.35
 20
80.58
  0
VERTEX
  8
1
 10
45.77
 20
82.91
  0
VERTEX
  8
1
 10
46.14
 20
85.26
  0
VERTEX
  8
1
 10
46.48
 20
87.61
  0
VERTEX
  8
1
 10
46.76
 20
89.96
  0
VERTEX
  8
1
 10
48.64
 20
106.57
  0
VERTEX
  8
1
 10
63.77
 20
99.49
  0
VERTEX
  8
1
 10
70.75
 20
96.24
  0
VERTEX
  8
1
 10
77.71
 20
92.97
  0
VERTEX
  8
1
 10
84.66
 20
89.67
  0
VERTEX
  8
1
 10
91.59
 20
86.34
  0
VERTEX
  8
1
 10
98.52
 20
82.98
  0
VERTEX
  8
1
 10
105.43
 20
79.60
  0
VERTEX
  8
1
 10
112.32
 20
76.20
  0
VERTEX
  8
1
 10
119.21
 20
72.76
  0
VERTEX
  8
1
 10
126.08
 20
69.30
  0
VERTEX
  8
1
 10
132.93
 20
65.82
  0
VERTEX
  8
1
 10
139.78
 20
62.30
  0
VERTEX
  8
1
 10
146.61
 20
58.76
  0
VERTEX
  8
1
 10
153.42
 20
55.20
  0
VERTEX
  8
1
 10
160.22
 20
51.61
  0
VERTEX
  8
1
 10
167.01
 20
47.99
  0
VERTEX
  8
1
 10
173.79
 20
44.34
  0
VERTEX
  8
1
 10
179.69
 20
41.14
  0
VERTEX
  8
1
 10
185.58
 20
37.90
  0
VERTEX
  8
1
 10
191.45
 20
34.64
  0
VERTEX
  8
1
 10
197.31
 20
31.36
  0
VERTEX
  8
1
 10
203.16
 20
28.05
  0
VERTEX
  8
1
 10
208.99
 20
24.71
  0
VERTEX
  8
1
 10
214.81
 20
21.35
  0
VERTEX
  8
1
 10
220.61
 20
17.96
  0
VERTEX
  8
1
 10
226.40
 20
14.55
  0
VERTEX
  8
1
 10
232.17
 20
11.11
  0
VERTEX
  8
1
 10
237.92
 20
7.64
  0
VERTEX
  8
1
 10
243.66
 20
4.15
  0
VERTEX
  8
1
 10
249.39
 20
0.64
  0
VERTEX
  8
1
 10
255.10
 20
-2.90
  0
VERTEX
  8
1
 10
260.79
 20
-6.47
  0
VERTEX
  8
1
 10
266.47
 20
-10.06
  0
SEQEND
  0
POINT
  8
2
 10
276.23
 20
-16.20
  0
TEXT
  8
1
 10
276.23
 20
-16.20
 40
8.00
  1
# 619
  0
POINT
  8
3
 10
270.48
 20
-26.20
  0
TEXT
  8
1
 10
270.48
 20
-26.20
 40
8.00
  1
# 620
  0
POINT
  8
3
 10
268.82
 20
-29.06
  0
POINT
  8
3
 10
267.18
 20
-31.94
  0
POINT
  8
3
 10
265.57
 20
-34.82
  0
POINT
  8
3
 10
263.98
 20
-37.73
  0
POINT
  8
3
 10
262.42
 20
-40.64
  0
POINT
  8
3
 10
260.88
 20
-43.57
  0
POINT
  8
3
 10
259.36
 20
-46.51
  0
POINT
  8
3
 10
257.87
 20
-49.46
  0
TEXT
  8
1
 10
257.87
 20
-49.46
 40
8.00
  1
# 621
  0
POINT
  8
3
 10
256.84
 20
-51.56
  0
POINT
  8
3
 10
255.83
 20
-53.66
  0
POINT
  8
3
 10
254.85
 20
-55.78
  0
POINT
  8
3
 10
253.89
 20
-57.91
  0
POINT
  8
3
 10
252.96
 20
-60.05
  0
POINT
  8
3
 10
252.05
 20
-62.20
  0
POINT
  8
3
 10
251.17
 20
-64.36
  0
POINT
  8
3
 10
250.31
 20
-66.53
  0
TEXT
  8
1
 10
250.31
 20
-66.53
 40
8.00
  1
# 622
  0
POINT
  8
3
 10
249.65
 20
-68.63
  0
POINT
  8
3
 10
249.01
 20
-70.74
  0
POINT
  8
3
 10
248.40
 20
-72.86
  0
POINT
  8
3
 10
247.83
 20
-74.98
  0
POINT
  8
3
 10
247.28
 20
-77.12
  0
POINT
  8
3
 10
246.76
 20
-79.26
  0
POINT
  8
3
 10
246.26
 20
-81.40
  0
POINT
  8
3
 10
245.80
 20
-83.55
  0
TEXT
  8
1
 10
245.80
 20
-83.55
 40
8.00
  1
# 623
  0
POINT
  8
3
 10
245.30
 20
-86.04
  0
POINT
  8
3
 10
244.82
 20
-88.53
  0
POINT
  8
3
 10
244.38
 20
-91.03
  0
POINT
  8
3
 10
243.96
 20
-93.53
  0
POINT
  8
3
 10
243.57
 20
-96.04
  0
POINT
  8
3
 10
243.22
 20
-98.55
  0
POINT
  8
3
 10
242.89
 20
-101.06
  0
POINT
  8
3
 10
242.59
 20
-103.58
  0
TEXT
  8
1
 10
242.59
 20
-103.58
 40
8.00
  1
# 624
  0
POINT
  8
2
 10
240.43
 20
-121.84
  0
TEXT
  8
1
 10
240.43
 20
-121.84
 40
8.00
  1
# 625
  0
POINT
  8
3
 10
224.58
 20
-112.51
  0
TEXT
  8
1
 10
224.58
 20
-112.51
 40
8.00
  1
# 626
  0
POINT
  8
3
 10
109.69
 20
-44.90
  0
TEXT
  8
1
 10
109.69
 20
-44.90
 40
8.00
  1
# 627
  0
POINT
  8
3
 10
109.59
 20
-44.84
  0
POINT
  8
3
 10
23.99
 20
3.27
  0
TEXT
  8
1
 10
23.99
 20
3.27
 40
8.00
  1
# 628
  0
POINT
  8
2
 10
12.03
 20
9.99
  0
TEXT
  8
1
 10
12.03
 20
9.99
 40
8.00
  1
# 629
  0
POINT
  8
3
 10
20.29
 20
20.95
  0
TEXT
  8
1
 10
20.29
 20
20.95
 40
8.00
  1
# 630
  0
POINT
  8
3
 10
21.46
 20
22.50
  0
POINT
  8
3
 10
22.60
 20
24.06
  0
POINT
  8
3
 10
23.72
 20
25.65
  0
POINT
  8
3
 10
24.80
 20
27.26
  0
POINT
  8
3
 10
25.86
 20
28.89
  0
POINT
  8
3
 10
26.88
 20
30.54
  0
POINT
  8
3
 10
27.88
 20
32.20
  0
POINT
  8
3
 10
28.84
 20
33.88
  0
TEXT
  8
1
 10
28.84
 20
33.88
 40
8.00
  1
# 631
  0
POINT
  8
3
 10
29.81
 20
35.64
  0
POINT
  8
3
 10
30.75
 20
37.42
  0
POINT
  8
3
 10
31.65
 20
39.21
  0
POINT
  8
3
 10
32.52
 20
41.01
  0
POINT
  8
3
 10
33.36
 20
42.83
  0
POINT
  8
3
 10
34.17
 20
44.67
  0
POINT
  8
3
 10
34.95
 20
46.52
  0
POINT
  8
3
 10
35.69
 20
48.38
  0
TEXT
  8
1
 10
35.69
 20
48.38
 40
8.00
  1
# 632
  0
POINT
  8
3
 10
36.78
 20
51.20
  0
POINT
  8
3
 10
37.83
 20
54.03
  0
POINT
  8
3
 10
38.84
 20
56.88
  0
POINT
  8
3
 10
39.80
 20
59.74
  0
POINT
  8
3
 10
40.73
 20
62.62
  0
POINT
  8
3
 10
41.61
 20
65.51
  0
POINT
  8
3
 10
42.45
 20
68.41
  0
POINT
  8
3
 10
43.25
 20
71.32
  0
TEXT
  8
1
 10
43.25
 20
71.32
 40
8.00
  1
# 633
  0
POINT
  8
3
 10
43.84
 20
73.62
  0
POINT
  8
3
 10
44.39
 20
75.93
  0
POINT
  8
3
 10
44.89
 20
78.25
  0
POINT
  8
3
 10
45.35
 20
80.58
  0
POINT
  8
3
 10
45.77
 20
82.91
  0
POINT
  8
3
 10
46.14
 20
85.26
  0
POINT
  8
3
 10
46.48
 20
87.61
  0
POINT
  8
3
 10
46.76
 20
89.96
  0
TEXT
  8
1
 10
46.76
 20
89.96
 40
8.00
  1
# 634
  0
POINT
  8
2
 10
48.64
 20
106.57
  0
TEXT
  8
1
 10
48.64
 20
106.57
 40
8.00
  1
# 635
  0
POINT
  8
3
 10
63.77
 20
99.49
  0
TEXT
  8
1
 10
63.77
 20
99.49
 40
8.00
  1
# 636
  0
POINT
  8
3
 10
70.75
 20
96.24
  0
POINT
  8
3
 10
77.71
 20
92.97
  0
POINT
  8
3
 10
84.66
 20
89.67
  0
POINT
  8
3
 10
91.59
 20
86.34
  0
POINT
  8
3
 10
98.52
 20
82.98
  0
POINT
  8
3
 10
105.43
 20
79.60
  0
POINT
  8
3
 10
112.32
 20
76.20
  0
POINT
  8
3
 10
119.21
 20
72.76
  0
POINT
  8
3
 10
126.08
 20
69.30
  0
POINT
  8
3
 10
132.93
 20
65.82
  0
POINT
  8
3
 10
139.78
 20
62.30
  0
POINT
  8
3
 10
146.61
 20
58.76
  0
POINT
  8
3
 10
153.42
 20
55.20
  0
POINT
  8
3
 10
160.22
 20
51.61
  0
POINT
  8
3
 10
167.01
 20
47.99
  0
POINT
  8
3
 10
173.79
 20
44.34
  0
TEXT
  8
1
 10
173.79
 20
44.34
 40
8.00
  1
# 637
  0
POINT
  8
3
 10
179.69
 20
41.14
  0
POINT
  8
3
 10
185.58
 20
37.90
  0
POINT
  8
3
 10
191.45
 20
34.64
  0
POINT
  8
3
 10
197.31
 20
31.36
  0
POINT
  8
3
 10
203.16
 20
28.05
  0
POINT
  8
3
 10
208.99
 20
24.71
  0
POINT
  8
3
 10
214.81
 20
21.35
  0
POINT
  8
3
 10
220.61
 20
17.96
  0
POINT
  8
3
 10
226.40
 20
14.55
  0
POINT
  8
3
 10
232.17
 20
11.11
  0
POINT
  8
3
 10
237.92
 20
7.64
  0
POINT
  8
3
 10
243.66
 20
4.15
  0
POINT
  8
3
 10
249.39
 20
0.64
  0
POINT
  8
3
 10
255.10
 20
-2.90
  0
POINT
  8
3
 10
260.79
 20
-6.47
  0
POINT
  8
3
 10
266.47
 20
-10.06
  0
TEXT
  8
1
 10
266.47
 20
-10.06
 40
8.00
  1
# 638
  0
POINT
  8
2
 10
276.23
 20
-16.20
  0
TEXT
  8
1
 10
276.23
 20
-16.20
 40
8.00
  1
# 619
  0
TEXT
  8
4
 10
109.69
 20
-44.90
 40
8.00
  1
# 639
  0
POINT
  8
4
 10
109.69
 20
-44.90
 30
10.00
 50
60.663135
  0
TEXT
  8
1
 10
12.03
 20
-141.84
 40
8.00
  1
Piece Name: FR YK
  0
TEXT
  8
1
 10
12.03
 20
-151.84
 40
8.00
  1
Size: S
  0
TEXT
  8
1
 10
12.03
 20
-161.84
 40
8.00
  1
Annotation: ORFATTI PROD(4 FEB26)
  0
TEXT
  8
1
 10
12.03
 20
-171.84
 40
8.00
  1
Quantity: 1
  0
TEXT
  8
1
 10
12.03
 20
-181.84
 40
8.00
  1
Category: X 2
  0
ENDBLK
  0
BLOCK
  2
BK_SD_TOPS
  8
1
 10
0.00
 20
0.00
 70
64
  0
POLYLINE
  8
14
 10
0
 20
0
 66
1
 70
1
  0
VERTEX
  8
14
 10
111.59
 20
64.93
  0
VERTEX
  8
14
 10
112.55
 20
63.22
  0
VERTEX
  8
14
 10
113.56
 20
61.54
  0
VERTEX
  8
14
 10
114.62
 20
59.89
  0
VERTEX
  8
14
 10
115.71
 20
58.27
  0
VERTEX
  8
14
 10
116.58
 20
57.06
  0
VERTEX
  8
14
 10
117.49
 20
55.89
  0
VERTEX
  8
14
 10
118.43
 20
54.74
  0
VERTEX
  8
14
 10
119.42
 20
53.63
  0
VERTEX
  8
14
 10
120.18
 20
52.88
  0
VERTEX
  8
14
 10
120.96
 20
52.14
  0
VERTEX
  8
14
 10
121.75
 20
51.43
  0
VERTEX
  8
14
 10
122.57
 20
50.74
  0
VERTEX
  8
14
 10
123.40
 20
50.07
  0
VERTEX
  8
14
 10
124.25
 20
49.42
  0
VERTEX
  8
14
 10
125.12
 20
48.79
  0
VERTEX
  8
14
 10
126.00
 20
48.18
  0
VERTEX
  8
14
 10
127.23
 20
47.38
  0
VERTEX
  8
14
 10
128.48
 20
46.60
  0
VERTEX
  8
14
 10
129.74
 20
45.84
  0
VERTEX
  8
14
 10
131.02
 20
45.10
  0
VERTEX
  8
14
 10
132.31
 20
44.39
  0
VERTEX
  8
14
 10
133.61
 20
43.71
  0
VERTEX
  8
14
 10
134.93
 20
43.04
  0
VERTEX
  8
14
 10
136.25
 20
42.41
  0
VERTEX
  8
14
 10
144.84
 20
38.74
  0
VERTEX
  8
14
 10
146.15
 20
38.20
  0
VERTEX
  8
14
 10
147.46
 20
37.67
  0
VERTEX
  8
14
 10
148.79
 20
37.16
  0
VERTEX
  8
14
 10
150.12
 20
36.67
  0
VERTEX
  8
14
 10
151.45
 20
36.19
  0
VERTEX
  8
14
 10
152.79
 20
35.73
  0
VERTEX
  8
14
 10
154.14
 20
35.29
  0
VERTEX
  8
14
 10
155.50
 20
34.86
  0
VERTEX
  8
14
 10
156.99
 20
34.41
  0
VERTEX
  8
14
 10
158.50
 20
33.97
  0
VERTEX
  8
14
 10
160.00
 20
33.55
  0
VERTEX
  8
14
 10
161.52
 20
33.15
  0
VERTEX
  8
14
 10
163.03
 20
32.77
  0
VERTEX
  8
14
 10
164.55
 20
32.40
  0
VERTEX
  8
14
 10
166.08
 20
32.06
  0
VERTEX
  8
14
 10
167.61
 20
31.72
  0
VERTEX
  8
14
 10
169.77
 20
31.20
  0
VERTEX
  8
14
 10
171.94
 20
30.71
  0
VERTEX
  8
14
 10
174.12
 20
30.24
  0
VERTEX
  8
14
 10
176.30
 20
29.80
  0
VERTEX
  8
14
 10
178.48
 20
29.39
  0
VERTEX
  8
14
 10
180.68
 20
29.00
  0
VERTEX
  8
14
 10
182.87
 20
28.64
  0
VERTEX
  8
14
 10
185.07
 20
28.31
  0
VERTEX
  8
14
 10
187.46
 20
27.98
  0
VERTEX
  8
14
 10
189.84
 20
27.68
  0
VERTEX
  8
14
 10
192.23
 20
27.40
  0
VERTEX
  8
14
 10
194.63
 20
27.15
  0
VERTEX
  8
14
 10
197.02
 20
26.93
  0
VERTEX
  8
14
 10
199.42
 20
26.74
  0
VERTEX
  8
14
 10
201.82
 20
26.57
  0
VERTEX
  8
14
 10
204.22
 20
26.43
  0
VERTEX
  8
14
 10
204.69
 20
18.49
  0
VERTEX
  8
14
 10
205.13
 20
10.56
  0
VERTEX
  8
14
 10
205.55
 20
2.62
  0
VERTEX
  8
14
 10
205.94
 20
-5.32
  0
VERTEX
  8
14
 10
206.31
 20
-13.26
  0
VERTEX
  8
14
 10
206.65
 20
-21.20
  0
VERTEX
  8
14
 10
206.97
 20
-29.15
  0
VERTEX
  8
14
 10
207.27
 20
-37.09
  0
VERTEX
  8
14
 10
207.47
 20
-43.21
  0
VERTEX
  8
14
 10
207.65
 20
-49.32
  0
VERTEX
  8
14
 10
207.80
 20
-55.44
  0
VERTEX
  8
14
 10
207.93
 20
-61.56
  0
VERTEX
  8
14
 10
208.03
 20
-67.68
  0
VERTEX
  8
14
 10
208.11
 20
-73.80
  0
VERTEX
  8
14
 10
208.17
 20
-79.91
  0
VERTEX
  8
14
 10
208.19
 20
-86.03
  0
VERTEX
  8
14
 10
114.76
 20
-84.29
  0
VERTEX
  8
14
 10
79.76
 20
-82.95
  0
VERTEX
  8
14
 10
24.34
 20
-80.83
  0
VERTEX
  8
14
 10
27.02
 20
1.26
  0
VERTEX
  8
14
 10
27.54
 20
16.99
  0
VERTEX
  8
14
 10
29.46
 20
51.80
  0
VERTEX
  8
14
 10
78.36
 20
59.34
  0
SEQEND
  0
POINT
  8
2
 10
111.59
 20
64.93
  0
TEXT
  8
14
 10
111.59
 20
64.93
 40
8.00
  1
# 640
  0
POINT
  8
3
 10
112.55
 20
63.22
  0
POINT
  8
3
 10
113.56
 20
61.54
  0
POINT
  8
3
 10
114.62
 20
59.89
  0
POINT
  8
3
 10
115.71
 20
58.27
  0
TEXT
  8
14
 10
115.71
 20
58.27
 40
8.00
  1
# 641
  0
POINT
  8
3
 10
116.58
 20
57.06
  0
POINT
  8
3
 10
117.49
 20
55.89
  0
POINT
  8
3
 10
118.43
 20
54.74
  0
POINT
  8
3
 10
119.42
 20
53.63
  0
TEXT
  8
14
 10
119.42
 20
53.63
 40
8.00
  1
# 642
  0
POINT
  8
3
 10
120.18
 20
52.88
  0
POINT
  8
3
 10
120.96
 20
52.14
  0
POINT
  8
3
 10
121.75
 20
51.43
  0
POINT
  8
3
 10
122.57
 20
50.74
  0
POINT
  8
3
 10
123.40
 20
50.07
  0
POINT
  8
3
 10
124.25
 20
49.42
  0
POINT
  8
3
 10
125.12
 20
48.79
  0
POINT
  8
3
 10
126.00
 20
48.18
  0
TEXT
  8
14
 10
126.00
 20
48.18
 40
8.00
  1
# 643
  0
POINT
  8
3
 10
127.23
 20
47.38
  0
POINT
  8
3
 10
128.48
 20
46.60
  0
POINT
  8
3
 10
129.74
 20
45.84
  0
POINT
  8
3
 10
131.02
 20
45.10
  0
POINT
  8
3
 10
132.31
 20
44.39
  0
POINT
  8
3
 10
133.61
 20
43.71
  0
POINT
  8
3
 10
134.93
 20
43.04
  0
POINT
  8
3
 10
136.25
 20
42.41
  0
TEXT
  8
14
 10
136.25
 20
42.41
 40
8.00
  1
# 644
  0
POINT
  8
3
 10
144.84
 20
38.74
  0
TEXT
  8
14
 10
144.84
 20
38.74
 40
8.00
  1
# 645
  0
POINT
  8
3
 10
146.15
 20
38.20
  0
POINT
  8
3
 10
147.46
 20
37.67
  0
POINT
  8
3
 10
148.79
 20
37.16
  0
POINT
  8
3
 10
150.12
 20
36.67
  0
POINT
  8
3
 10
151.45
 20
36.19
  0
POINT
  8
3
 10
152.79
 20
35.73
  0
POINT
  8
3
 10
154.14
 20
35.29
  0
POINT
  8
3
 10
155.50
 20
34.86
  0
TEXT
  8
14
 10
155.50
 20
34.86
 40
8.00
  1
# 646
  0
POINT
  8
3
 10
156.99
 20
34.41
  0
POINT
  8
3
 10
158.50
 20
33.97
  0
POINT
  8
3
 10
160.00
 20
33.55
  0
POINT
  8
3
 10
161.52
 20
33.15
  0
POINT
  8
3
 10
163.03
 20
32.77
  0
POINT
  8
3
 10
164.55
 20
32.40
  0
POINT
  8
3
 10
166.08
 20
32.06
  0
POINT
  8
3
 10
167.61
 20
31.72
  0
TEXT
  8
14
 10
167.61
 20
31.72
 40
8.00
  1
# 647
  0
POINT
  8
3
 10
169.77
 20
31.20
  0
POINT
  8
3
 10
171.94
 20
30.71
  0
POINT
  8
3
 10
174.12
 20
30.24
  0
POINT
  8
3
 10
176.30
 20
29.80
  0
POINT
  8
3
 10
178.48
 20
29.39
  0
POINT
  8
3
 10
180.68
 20
29.00
  0
POINT
  8
3
 10
182.87
 20
28.64
  0
POINT
  8
3
 10
185.07
 20
28.31
  0
TEXT
  8
14
 10
185.07
 20
28.31
 40
8.00
  1
# 648
  0
POINT
  8
3
 10
187.46
 20
27.98
  0
POINT
  8
3
 10
189.84
 20
27.68
  0
POINT
  8
3
 10
192.23
 20
27.40
  0
POINT
  8
3
 10
194.63
 20
27.15
  0
POINT
  8
3
 10
197.02
 20
26.93
  0
POINT
  8
3
 10
199.42
 20
26.74
  0
POINT
  8
3
 10
201.82
 20
26.57
  0
POINT
  8
2
 10
204.22
 20
26.43
  0
TEXT
  8
14
 10
204.22
 20
26.43
 40
8.00
  1
# 1
  0
POINT
  8
3
 10
204.69
 20
18.49
  0
POINT
  8
3
 10
205.13
 20
10.56
  0
POINT
  8
3
 10
205.55
 20
2.62
  0
POINT
  8
3
 10
205.94
 20
-5.32
  0
POINT
  8
3
 10
206.31
 20
-13.26
  0
POINT
  8
3
 10
206.65
 20
-21.20
  0
POINT
  8
3
 10
206.97
 20
-29.15
  0
POINT
  8
3
 10
207.27
 20
-37.09
  0
TEXT
  8
14
 10
207.27
 20
-37.09
 40
8.00
  1
# 649
  0
POINT
  8
3
 10
207.47
 20
-43.21
  0
POINT
  8
3
 10
207.65
 20
-49.32
  0
POINT
  8
3
 10
207.80
 20
-55.44
  0
POINT
  8
3
 10
207.93
 20
-61.56
  0
POINT
  8
3
 10
208.03
 20
-67.68
  0
POINT
  8
3
 10
208.11
 20
-73.80
  0
POINT
  8
3
 10
208.17
 20
-79.91
  0
POINT
  8
2
 10
208.19
 20
-86.03
  0
TEXT
  8
14
 10
208.19
 20
-86.03
 40
8.00
  1
# 650
  0
POINT
  8
2
 10
114.76
 20
-84.29
  0
TEXT
  8
14
 10
114.76
 20
-84.29
 40
8.00
  1
# 651
  0
POINT
  8
3
 10
79.76
 20
-82.95
  0
TEXT
  8
14
 10
79.76
 20
-82.95
 40
8.00
  1
# 652
  0
POINT
  8
2
 10
24.34
 20
-80.83
  0
TEXT
  8
14
 10
24.34
 20
-80.83
 40
8.00
  1
# 653
  0
POINT
  8
3
 10
27.02
 20
1.26
  0
TEXT
  8
14
 10
27.02
 20
1.26
 40
8.00
  1
# 654
  0
POINT
  8
3
 10
27.54
 20
16.99
  0
TEXT
  8
14
 10
27.54
 20
16.99
 40
8.00
  1
# 655
  0
POINT
  8
2
 10
29.46
 20
51.80
  0
TEXT
  8
14
 10
29.46
 20
51.80
 40
8.00
  1
# 656
  0
POINT
  8
3
 10
78.36
 20
59.34
  0
TEXT
  8
14
 10
78.36
 20
59.34
 40
8.00
  1
# 657
  0
POINT
  8
2
 10
111.59
 20
64.93
  0
TEXT
  8
14
 10
111.59
 20
64.93
 40
8.00
  1
# 640
  0
POLYLINE
  8
1
 10
0
 20
0
 66
1
 70
1
  0
VERTEX
  8
1
 10
117.88
 20
78.16
  0
VERTEX
  8
1
 10
122.03
 20
70.84
  0
VERTEX
  8
1
 10
122.61
 20
69.74
  0
VERTEX
  8
1
 10
123.23
 20
68.66
  0
VERTEX
  8
1
 10
123.88
 20
67.59
  0
VERTEX
  8
1
 10
124.56
 20
66.54
  0
VERTEX
  8
1
 10
125.26
 20
65.51
  0
VERTEX
  8
1
 10
126.00
 20
64.51
  0
VERTEX
  8
1
 10
126.76
 20
63.52
  0
VERTEX
  8
1
 10
127.55
 20
62.55
  0
VERTEX
  8
1
 10
128.11
 20
61.91
  0
VERTEX
  8
1
 10
128.69
 20
61.29
  0
VERTEX
  8
1
 10
129.30
 20
60.70
  0
VERTEX
  8
1
 10
129.94
 20
60.14
  0
VERTEX
  8
1
 10
130.60
 20
59.60
  0
VERTEX
  8
1
 10
131.28
 20
59.08
  0
VERTEX
  8
1
 10
131.98
 20
58.60
  0
VERTEX
  8
1
 10
132.70
 20
58.15
  0
VERTEX
  8
1
 10
133.47
 20
57.63
  0
VERTEX
  8
1
 10
134.25
 20
57.12
  0
VERTEX
  8
1
 10
135.04
 20
56.62
  0
VERTEX
  8
1
 10
135.83
 20
56.15
  0
VERTEX
  8
1
 10
136.64
 20
55.68
  0
VERTEX
  8
1
 10
137.46
 20
55.23
  0
VERTEX
  8
1
 10
138.28
 20
54.80
  0
VERTEX
  8
1
 10
139.11
 20
54.37
  0
VERTEX
  8
1
 10
140.39
 20
53.75
  0
VERTEX
  8
1
 10
141.67
 20
53.14
  0
VERTEX
  8
1
 10
142.97
 20
52.54
  0
VERTEX
  8
1
 10
144.27
 20
51.96
  0
VERTEX
  8
1
 10
145.58
 20
51.40
  0
VERTEX
  8
1
 10
146.89
 20
50.85
  0
VERTEX
  8
1
 10
148.21
 20
50.31
  0
VERTEX
  8
1
 10
149.54
 20
49.80
  0
VERTEX
  8
1
 10
150.99
 20
49.18
  0
VERTEX
  8
1
 10
152.45
 20
48.60
  0
VERTEX
  8
1
 10
153.93
 20
48.04
  0
VERTEX
  8
1
 10
155.42
 20
47.52
  0
VERTEX
  8
1
 10
157.33
 20
46.88
  0
VERTEX
  8
1
 10
159.26
 20
46.27
  0
VERTEX
  8
1
 10
161.20
 20
45.69
  0
VERTEX
  8
1
 10
163.14
 20
45.14
  0
VERTEX
  8
1
 10
170.87
 20
43.36
  0
VERTEX
  8
1
 10
178.60
 20
41.58
  0
VERTEX
  8
1
 10
181.76
 20
41.00
  0
VERTEX
  8
1
 10
184.93
 20
40.47
  0
VERTEX
  8
1
 10
188.10
 20
40.00
  0
VERTEX
  8
1
 10
191.29
 20
39.59
  0
VERTEX
  8
1
 10
194.70
 20
39.21
  0
VERTEX
  8
1
 10
198.12
 20
38.88
  0
VERTEX
  8
1
 10
201.55
 20
38.62
  0
VERTEX
  8
1
 10
204.98
 20
38.41
  0
VERTEX
  8
1
 10
215.59
 20
37.73
  0
VERTEX
  8
1
 10
216.20
 20
27.12
  0
VERTEX
  8
1
 10
216.67
 20
19.15
  0
VERTEX
  8
1
 10
217.12
 20
11.18
  0
VERTEX
  8
1
 10
217.54
 20
3.21
  0
VERTEX
  8
1
 10
217.93
 20
-4.77
  0
VERTEX
  8
1
 10
218.30
 20
-12.74
  0
VERTEX
  8
1
 10
218.64
 20
-20.72
  0
VERTEX
  8
1
 10
218.96
 20
-28.70
  0
VERTEX
  8
1
 10
219.26
 20
-36.67
  0
VERTEX
  8
1
 10
219.46
 20
-42.83
  0
VERTEX
  8
1
 10
219.64
 20
-48.99
  0
VERTEX
  8
1
 10
219.80
 20
-55.15
  0
VERTEX
  8
1
 10
219.93
 20
-61.31
  0
VERTEX
  8
1
 10
220.03
 20
-67.47
  0
VERTEX
  8
1
 10
220.11
 20
-73.63
  0
VERTEX
  8
1
 10
220.17
 20
-79.79
  0
VERTEX
  8
1
 10
220.19
 20
-85.95
  0
VERTEX
  8
1
 10
220.28
 20
-98.26
  0
VERTEX
  8
1
 10
207.97
 20
-98.03
  0
VERTEX
  8
1
 10
114.42
 20
-96.28
  0
VERTEX
  8
1
 10
79.30
 20
-94.94
  0
VERTEX
  8
1
 10
23.88
 20
-92.82
  0
VERTEX
  8
1
 10
11.95
 20
-92.37
  0
VERTEX
  8
1
 10
12.34
 20
-80.44
  0
VERTEX
  8
1
 10
15.03
 20
1.65
  0
VERTEX
  8
1
 10
15.55
 20
17.51
  0
VERTEX
  8
1
 10
17.47
 20
52.46
  0
VERTEX
  8
1
 10
18.01
 20
62.18
  0
VERTEX
  8
1
 10
27.63
 20
63.66
  0
VERTEX
  8
1
 10
76.45
 20
71.18
  0
VERTEX
  8
1
 10
109.60
 20
76.76
  0
SEQEND
  0
POINT
  8
2
 10
117.88
 20
78.16
  0
TEXT
  8
1
 10
117.88
 20
78.16
 40
8.00
  1
# 658
  0
POINT
  8
3
 10
122.03
 20
70.84
  0
TEXT
  8
1
 10
122.03
 20
70.84
 40
8.00
  1
# 659
  0
POINT
  8
3
 10
122.61
 20
69.74
  0
POINT
  8
3
 10
123.23
 20
68.66
  0
POINT
  8
3
 10
123.88
 20
67.59
  0
POINT
  8
3
 10
124.56
 20
66.54
  0
POINT
  8
3
 10
125.26
 20
65.51
  0
POINT
  8
3
 10
126.00
 20
64.51
  0
POINT
  8
3
 10
126.76
 20
63.52
  0
POINT
  8
3
 10
127.55
 20
62.55
  0
TEXT
  8
1
 10
127.55
 20
62.55
 40
8.00
  1
# 660
  0
POINT
  8
3
 10
128.11
 20
61.91
  0
POINT
  8
3
 10
128.69
 20
61.29
  0
POINT
  8
3
 10
129.30
 20
60.70
  0
POINT
  8
3
 10
129.94
 20
60.14
  0
POINT
  8
3
 10
130.60
 20
59.60
  0
POINT
  8
3
 10
131.28
 20
59.08
  0
POINT
  8
3
 10
131.98
 20
58.60
  0
POINT
  8
3
 10
132.70
 20
58.15
  0
TEXT
  8
1
 10
132.70
 20
58.15
 40
8.00
  1
# 661
  0
POINT
  8
3
 10
133.47
 20
57.63
  0
POINT
  8
3
 10
134.25
 20
57.12
  0
POINT
  8
3
 10
135.04
 20
56.62
  0
POINT
  8
3
 10
135.83
 20
56.15
  0
POINT
  8
3
 10
136.64
 20
55.68
  0
POINT
  8
3
 10
137.46
 20
55.23
  0
POINT
  8
3
 10
138.28
 20
54.80
  0
POINT
  8
3
 10
139.11
 20
54.37
  0
TEXT
  8
1
 10
139.11
 20
54.37
 40
8.00
  1
# 662
  0
POINT
  8
3
 10
140.39
 20
53.75
  0
POINT
  8
3
 10
141.67
 20
53.14
  0
POINT
  8
3
 10
142.97
 20
52.54
  0
POINT
  8
3
 10
144.27
 20
51.96
  0
POINT
  8
3
 10
145.58
 20
51.40
  0
POINT
  8
3
 10
146.89
 20
50.85
  0
POINT
  8
3
 10
148.21
 20
50.31
  0
POINT
  8
3
 10
149.54
 20
49.80
  0
TEXT
  8
1
 10
149.54
 20
49.80
 40
8.00
  1
# 663
  0
POINT
  8
3
 10
150.99
 20
49.18
  0
POINT
  8
3
 10
152.45
 20
48.60
  0
POINT
  8
3
 10
153.93
 20
48.04
  0
POINT
  8
3
 10
155.42
 20
47.52
  0
TEXT
  8
1
 10
155.42
 20
47.52
 40
8.00
  1
# 664
  0
POINT
  8
3
 10
157.33
 20
46.88
  0
POINT
  8
3
 10
159.26
 20
46.27
  0
POINT
  8
3
 10
161.20
 20
45.69
  0
POINT
  8
3
 10
163.14
 20
45.14
  0
TEXT
  8
1
 10
163.14
 20
45.14
 40
8.00
  1
# 665
  0
POINT
  8
3
 10
170.87
 20
43.36
  0
TEXT
  8
1
 10
170.87
 20
43.36
 40
8.00
  1
# 666
  0
POINT
  8
3
 10
178.60
 20
41.58
  0
TEXT
  8
1
 10
178.60
 20
41.58
 40
8.00
  1
# 667
  0
POINT
  8
3
 10
181.76
 20
41.00
  0
POINT
  8
3
 10
184.93
 20
40.47
  0
POINT
  8
3
 10
188.10
 20
40.00
  0
POINT
  8
3
 10
191.29
 20
39.59
  0
TEXT
  8
1
 10
191.29
 20
39.59
 40
8.00
  1
# 668
  0
POINT
  8
3
 10
194.70
 20
39.21
  0
POINT
  8
3
 10
198.12
 20
38.88
  0
POINT
  8
3
 10
201.55
 20
38.62
  0
POINT
  8
3
 10
204.98
 20
38.41
  0
TEXT
  8
1
 10
204.98
 20
38.41
 40
8.00
  1
# 669
  0
POINT
  8
2
 10
215.59
 20
37.73
  0
TEXT
  8
1
 10
215.59
 20
37.73
 40
8.00
  1
# 1
  0
POINT
  8
3
 10
216.20
 20
27.12
  0
TEXT
  8
1
 10
216.20
 20
27.12
 40
8.00
  1
# 1
  0
POINT
  8
3
 10
216.67
 20
19.15
  0
POINT
  8
3
 10
217.12
 20
11.18
  0
POINT
  8
3
 10
217.54
 20
3.21
  0
POINT
  8
3
 10
217.93
 20
-4.77
  0
POINT
  8
3
 10
218.30
 20
-12.74
  0
POINT
  8
3
 10
218.64
 20
-20.72
  0
POINT
  8
3
 10
218.96
 20
-28.70
  0
POINT
  8
3
 10
219.26
 20
-36.67
  0
TEXT
  8
1
 10
219.26
 20
-36.67
 40
8.00
  1
# 670
  0
POINT
  8
3
 10
219.46
 20
-42.83
  0
POINT
  8
3
 10
219.64
 20
-48.99
  0
POINT
  8
3
 10
219.80
 20
-55.15
  0
POINT
  8
3
 10
219.93
 20
-61.31
  0
POINT
  8
3
 10
220.03
 20
-67.47
  0
POINT
  8
3
 10
220.11
 20
-73.63
  0
POINT
  8
3
 10
220.17
 20
-79.79
  0
POINT
  8
3
 10
220.19
 20
-85.95
  0
TEXT
  8
1
 10
220.19
 20
-85.95
 40
8.00
  1
# 671
  0
POINT
  8
2
 10
220.28
 20
-98.26
  0
TEXT
  8
1
 10
220.28
 20
-98.26
 40
8.00
  1
# 672
  0
POINT
  8
3
 10
207.97
 20
-98.03
  0
TEXT
  8
1
 10
207.97
 20
-98.03
 40
8.00
  1
# 673
  0
POINT
  8
2
 10
114.42
 20
-96.28
  0
TEXT
  8
1
 10
114.42
 20
-96.28
 40
8.00
  1
# 674
  0
POINT
  8
3
 10
79.30
 20
-94.94
  0
TEXT
  8
1
 10
79.30
 20
-94.94
 40
8.00
  1
# 675
  0
POINT
  8
3
 10
23.88
 20
-92.82
  0
TEXT
  8
1
 10
23.88
 20
-92.82
 40
8.00
  1
# 676
  0
POINT
  8
2
 10
11.95
 20
-92.37
  0
TEXT
  8
1
 10
11.95
 20
-92.37
 40
8.00
  1
# 677
  0
POINT
  8
3
 10
12.34
 20
-80.44
  0
TEXT
  8
1
 10
12.34
 20
-80.44
 40
8.00
  1
# 678
  0
POINT
  8
2
 10
15.03
 20
1.65
  0
TEXT
  8
1
 10
15.03
 20
1.65
 40
8.00
  1
# 679
  0
POINT
  8
2
 10
15.03
 20
1.65
  0
TEXT
  8
1
 10
15.03
 20
1.65
 40
8.00
  1
# 680
  0
POINT
  8
3
 10
15.55
 20
17.51
  0
TEXT
  8
1
 10
15.55
 20
17.51
 40
8.00
  1
# 681
  0
POINT
  8
3
 10
17.47
 20
52.46
  0
TEXT
  8
1
 10
17.47
 20
52.46
 40
8.00
  1
# 682
  0
POINT
  8
2
 10
18.01
 20
62.18
  0
TEXT
  8
1
 10
18.01
 20
62.18
 40
8.00
  1
# 683
  0
POINT
  8
3
 10
27.63
 20
63.66
  0
TEXT
  8
1
 10
27.63
 20
63.66
 40
8.00
  1
# 684
  0
POINT
  8
3
 10
76.45
 20
71.18
  0
TEXT
  8
1
 10
76.45
 20
71.18
 40
8.00
  1
# 685
  0
POINT
  8
3
 10
109.60
 20
76.76
  0
TEXT
  8
1
 10
109.60
 20
76.76
 40
8.00
  1
# 686
  0
POINT
  8
2
 10
117.88
 20
78.16
  0
TEXT
  8
1
 10
117.88
 20
78.16
 40
8.00
  1
# 658
  0
TEXT
  8
4
 10
114.42
 20
-96.28
 40
8.00
  1
# 687
  0
POINT
  8
4
 10
114.42
 20
-96.28
 30
10.00
 50
87.811787
  0
TEXT
  8
4
 10
15.03
 20
1.65
 40
8.00
  1
# 688
  0
POINT
  8
4
 10
15.03
 20
1.65
 30
10.00
 50
-1.895411
  0
TEXT
  8
4
 10
15.55
 20
17.51
 40
8.00
  1
# 689
  0
POINT
  8
4
 10
15.55
 20
17.51
 30
10.00
 50
-3.149099
  0
TEXT
  8
1
 10
11.95
 20
-118.26
 40
8.00
  1
Piece Name: BK SD TOP
  0
TEXT
  8
1
 10
11.95
 20
-128.26
 40
8.00
  1
Size: S
  0
TEXT
  8
1
 10
11.95
 20
-138.26
 40
8.00
  1
Annotation: ORFATTI PROD(4 FEB26)
  0
TEXT
  8
1
 10
11.95
 20
-148.26
 40
8.00
  1
Quantity: 1
  0
TEXT
  8
1
 10
11.95
 20
-158.26
 40
8.00
  1
Category: X 2
  0
ENDBLK
  0
BLOCK
  2
BK_SD_BTMS
  8
1
 10
0.00
 20
0.00
 70
64
  0
POLYLINE
  8
14
 10
0
 20
0
 66
1
 70
1
  0
VERTEX
  8
14
 10
33.67
 20
-84.68
  0
VERTEX
  8
14
 10
37.23
 20
-58.92
  0
VERTEX
  8
14
 10
37.56
 20
-57.27
  0
VERTEX
  8
14
 10
37.90
 20
-55.62
  0
VERTEX
  8
14
 10
38.27
 20
-53.98
  0
VERTEX
  8
14
 10
38.66
 20
-52.34
  0
VERTEX
  8
14
 10
39.06
 20
-50.71
  0
VERTEX
  8
14
 10
39.48
 20
-49.08
  0
VERTEX
  8
14
 10
39.92
 20
-47.46
  0
VERTEX
  8
14
 10
40.38
 20
-45.84
  0
VERTEX
  8
14
 10
40.86
 20
-44.23
  0
VERTEX
  8
14
 10
41.36
 20
-42.62
  0
VERTEX
  8
14
 10
41.87
 20
-41.02
  0
VERTEX
  8
14
 10
42.40
 20
-39.42
  0
VERTEX
  8
14
 10
42.95
 20
-37.84
  0
VERTEX
  8
14
 10
43.52
 20
-36.25
  0
VERTEX
  8
14
 10
44.11
 20
-34.68
  0
VERTEX
  8
14
 10
44.72
 20
-33.11
  0
VERTEX
  8
14
 10
45.34
 20
-31.55
  0
VERTEX
  8
14
 10
45.98
 20
-29.99
  0
VERTEX
  8
14
 10
46.64
 20
-28.45
  0
VERTEX
  8
14
 10
47.31
 20
-26.91
  0
VERTEX
  8
14
 10
48.01
 20
-25.37
  0
VERTEX
  8
14
 10
48.72
 20
-23.85
  0
VERTEX
  8
14
 10
49.45
 20
-22.34
  0
VERTEX
  8
14
 10
50.19
 20
-20.83
  0
VERTEX
  8
14
 10
50.96
 20
-19.33
  0
VERTEX
  8
14
 10
51.74
 20
-17.84
  0
VERTEX
  8
14
 10
52.53
 20
-16.36
  0
VERTEX
  8
14
 10
53.35
 20
-14.89
  0
VERTEX
  8
14
 10
54.18
 20
-13.43
  0
VERTEX
  8
14
 10
55.03
 20
-11.98
  0
VERTEX
  8
14
 10
55.89
 20
-10.54
  0
VERTEX
  8
14
 10
56.77
 20
-9.11
  0
VERTEX
  8
14
 10
57.64
 20
-7.67
  0
VERTEX
  8
14
 10
58.52
 20
-6.24
  0
VERTEX
  8
14
 10
59.42
 20
-4.82
  0
VERTEX
  8
14
 10
60.35
 20
-3.42
  0
VERTEX
  8
14
 10
61.29
 20
-2.03
  0
VERTEX
  8
14
 10
62.25
 20
-0.65
  0
VERTEX
  8
14
 10
63.22
 20
0.72
  0
VERTEX
  8
14
 10
64.22
 20
2.07
  0
VERTEX
  8
14
 10
65.23
 20
3.41
  0
VERTEX
  8
14
 10
66.26
 20
4.74
  0
VERTEX
  8
14
 10
67.31
 20
6.05
  0
VERTEX
  8
14
 10
68.37
 20
7.35
  0
VERTEX
  8
14
 10
69.46
 20
8.63
  0
VERTEX
  8
14
 10
70.56
 20
9.90
  0
VERTEX
  8
14
 10
71.67
 20
11.16
  0
VERTEX
  8
14
 10
72.80
 20
12.40
  0
VERTEX
  8
14
 10
73.98
 20
13.66
  0
VERTEX
  8
14
 10
75.17
 20
14.90
  0
VERTEX
  8
14
 10
76.38
 20
16.12
  0
VERTEX
  8
14
 10
77.61
 20
17.33
  0
VERTEX
  8
14
 10
78.85
 20
18.53
  0
VERTEX
  8
14
 10
80.10
 20
19.71
  0
VERTEX
  8
14
 10
81.37
 20
20.87
  0
VERTEX
  8
14
 10
82.66
 20
22.01
  0
VERTEX
  8
14
 10
83.96
 20
23.14
  0
VERTEX
  8
14
 10
85.27
 20
24.25
  0
VERTEX
  8
14
 10
86.60
 20
25.35
  0
VERTEX
  8
14
 10
87.94
 20
26.43
  0
VERTEX
  8
14
 10
89.30
 20
27.49
  0
VERTEX
  8
14
 10
90.67
 20
28.53
  0
VERTEX
  8
14
 10
92.05
 20
29.55
  0
VERTEX
  8
14
 10
93.45
 20
30.56
  0
VERTEX
  8
14
 10
94.84
 20
31.59
  0
VERTEX
  8
14
 10
96.25
 20
32.60
  0
VERTEX
  8
14
 10
97.67
 20
33.59
  0
VERTEX
  8
14
 10
99.11
 20
34.56
  0
VERTEX
  8
14
 10
100.56
 20
35.51
  0
VERTEX
  8
14
 10
102.02
 20
36.44
  0
VERTEX
  8
14
 10
103.50
 20
37.35
  0
VERTEX
  8
14
 10
104.98
 20
38.24
  0
VERTEX
  8
14
 10
106.48
 20
39.11
  0
VERTEX
  8
14
 10
108.00
 20
39.96
  0
VERTEX
  8
14
 10
109.52
 20
40.78
  0
VERTEX
  8
14
 10
111.06
 20
41.59
  0
VERTEX
  8
14
 10
112.60
 20
42.37
  0
VERTEX
  8
14
 10
114.16
 20
43.13
  0
VERTEX
  8
14
 10
115.73
 20
43.87
  0
VERTEX
  8
14
 10
117.30
 20
44.59
  0
VERTEX
  8
14
 10
120.49
 20
46.00
  0
VERTEX
  8
14
 10
123.68
 20
47.39
  0
VERTEX
  8
14
 10
126.88
 20
48.75
  0
VERTEX
  8
14
 10
130.09
 20
50.09
  0
VERTEX
  8
14
 10
133.31
 20
51.42
  0
VERTEX
  8
14
 10
136.54
 20
52.71
  0
VERTEX
  8
14
 10
139.78
 20
53.99
  0
VERTEX
  8
14
 10
143.02
 20
55.24
  0
VERTEX
  8
14
 10
146.28
 20
56.47
  0
VERTEX
  8
14
 10
149.54
 20
57.68
  0
VERTEX
  8
14
 10
152.82
 20
58.87
  0
VERTEX
  8
14
 10
156.10
 20
60.03
  0
VERTEX
  8
14
 10
159.38
 20
61.17
  0
VERTEX
  8
14
 10
162.68
 20
62.29
  0
VERTEX
  8
14
 10
165.98
 20
63.39
  0
VERTEX
  8
14
 10
169.30
 20
64.46
  0
VERTEX
  8
14
 10
174.11
 20
63.83
  0
VERTEX
  8
14
 10
178.92
 20
63.22
  0
VERTEX
  8
14
 10
183.73
 20
62.63
  0
VERTEX
  8
14
 10
188.55
 20
62.05
  0
VERTEX
  8
14
 10
193.37
 20
61.49
  0
VERTEX
  8
14
 10
198.19
 20
60.94
  0
VERTEX
  8
14
 10
203.01
 20
60.41
  0
VERTEX
  8
14
 10
207.83
 20
59.89
  0
VERTEX
  8
14
 10
212.66
 20
59.39
  0
VERTEX
  8
14
 10
217.49
 20
58.91
  0
VERTEX
  8
14
 10
222.31
 20
58.44
  0
VERTEX
  8
14
 10
227.14
 20
57.99
  0
VERTEX
  8
14
 10
231.98
 20
57.56
  0
VERTEX
  8
14
 10
236.81
 20
57.14
  0
VERTEX
  8
14
 10
241.64
 20
56.73
  0
VERTEX
  8
14
 10
246.48
 20
56.35
  0
VERTEX
  8
14
 10
251.30
 20
55.98
  0
VERTEX
  8
14
 10
256.13
 20
55.62
  0
VERTEX
  8
14
 10
260.95
 20
55.28
  0
VERTEX
  8
14
 10
265.78
 20
54.96
  0
VERTEX
  8
14
 10
270.61
 20
54.65
  0
VERTEX
  8
14
 10
275.44
 20
54.36
  0
VERTEX
  8
14
 10
280.27
 20
54.09
  0
VERTEX
  8
14
 10
285.10
 20
53.83
  0
VERTEX
  8
14
 10
289.93
 20
53.58
  0
VERTEX
  8
14
 10
294.76
 20
53.36
  0
VERTEX
  8
14
 10
299.60
 20
53.15
  0
VERTEX
  8
14
 10
304.43
 20
52.95
  0
VERTEX
  8
14
 10
309.27
 20
52.77
  0
VERTEX
  8
14
 10
314.10
 20
52.61
  0
VERTEX
  8
14
 10
318.94
 20
52.46
  0
VERTEX
  8
14
 10
323.77
 20
52.33
  0
VERTEX
  8
14
 10
322.52
 20
12.84
  0
VERTEX
  8
14
 10
322.00
 20
-2.89
  0
VERTEX
  8
14
 10
319.31
 20
-79.98
  0
VERTEX
  8
14
 10
229.09
 20
-81.89
  0
VERTEX
  8
14
 10
167.60
 20
-83.51
  0
SEQEND
  0
POINT
  8
2
 10
33.67
 20
-84.68
  0
TEXT
  8
14
 10
33.67
 20
-84.68
 40
8.00
  1
# 690
  0
POINT
  8
3
 10
37.23
 20
-58.92
  0
TEXT
  8
14
 10
37.23
 20
-58.92
 40
8.00
  1
# 691
  0
POINT
  8
3
 10
37.56
 20
-57.27
  0
POINT
  8
3
 10
37.90
 20
-55.62
  0
POINT
  8
3
 10
38.27
 20
-53.98
  0
POINT
  8
3
 10
38.66
 20
-52.34
  0
POINT
  8
3
 10
39.06
 20
-50.71
  0
POINT
  8
3
 10
39.48
 20
-49.08
  0
POINT
  8
3
 10
39.92
 20
-47.46
  0
POINT
  8
3
 10
40.38
 20
-45.84
  0
POINT
  8
3
 10
40.86
 20
-44.23
  0
POINT
  8
3
 10
41.36
 20
-42.62
  0
POINT
  8
3
 10
41.87
 20
-41.02
  0
POINT
  8
3
 10
42.40
 20
-39.42
  0
POINT
  8
3
 10
42.95
 20
-37.84
  0
POINT
  8
3
 10
43.52
 20
-36.25
  0
POINT
  8
3
 10
44.11
 20
-34.68
  0
POINT
  8
3
 10
44.72
 20
-33.11
  0
TEXT
  8
14
 10
44.72
 20
-33.11
 40
8.00
  1
# 692
  0
POINT
  8
3
 10
45.34
 20
-31.55
  0
POINT
  8
3
 10
45.98
 20
-29.99
  0
POINT
  8
3
 10
46.64
 20
-28.45
  0
POINT
  8
3
 10
47.31
 20
-26.91
  0
POINT
  8
3
 10
48.01
 20
-25.37
  0
POINT
  8
3
 10
48.72
 20
-23.85
  0
POINT
  8
3
 10
49.45
 20
-22.34
  0
POINT
  8
3
 10
50.19
 20
-20.83
  0
POINT
  8
3
 10
50.96
 20
-19.33
  0
POINT
  8
3
 10
51.74
 20
-17.84
  0
POINT
  8
3
 10
52.53
 20
-16.36
  0
POINT
  8
3
 10
53.35
 20
-14.89
  0
POINT
  8
3
 10
54.18
 20
-13.43
  0
POINT
  8
3
 10
55.03
 20
-11.98
  0
POINT
  8
3
 10
55.89
 20
-10.54
  0
POINT
  8
3
 10
56.77
 20
-9.11
  0
TEXT
  8
14
 10
56.77
 20
-9.11
 40
8.00
  1
# 693
  0
POINT
  8
3
 10
57.64
 20
-7.67
  0
POINT
  8
3
 10
58.52
 20
-6.24
  0
POINT
  8
3
 10
59.42
 20
-4.82
  0
POINT
  8
3
 10
60.35
 20
-3.42
  0
POINT
  8
3
 10
61.29
 20
-2.03
  0
POINT
  8
3
 10
62.25
 20
-0.65
  0
POINT
  8
3
 10
63.22
 20
0.72
  0
POINT
  8
3
 10
64.22
 20
2.07
  0
POINT
  8
3
 10
65.23
 20
3.41
  0
POINT
  8
3
 10
66.26
 20
4.74
  0
POINT
  8
3
 10
67.31
 20
6.05
  0
POINT
  8
3
 10
68.37
 20
7.35
  0
POINT
  8
3
 10
69.46
 20
8.63
  0
POINT
  8
3
 10
70.56
 20
9.90
  0
POINT
  8
3
 10
71.67
 20
11.16
  0
POINT
  8
3
 10
72.80
 20
12.40
  0
TEXT
  8
14
 10
72.80
 20
12.40
 40
8.00
  1
# 694
  0
POINT
  8
3
 10
73.98
 20
13.66
  0
POINT
  8
3
 10
75.17
 20
14.90
  0
POINT
  8
3
 10
76.38
 20
16.12
  0
POINT
  8
3
 10
77.61
 20
17.33
  0
POINT
  8
3
 10
78.85
 20
18.53
  0
POINT
  8
3
 10
80.10
 20
19.71
  0
POINT
  8
3
 10
81.37
 20
20.87
  0
POINT
  8
3
 10
82.66
 20
22.01
  0
POINT
  8
3
 10
83.96
 20
23.14
  0
POINT
  8
3
 10
85.27
 20
24.25
  0
POINT
  8
3
 10
86.60
 20
25.35
  0
POINT
  8
3
 10
87.94
 20
26.43
  0
POINT
  8
3
 10
89.30
 20
27.49
  0
POINT
  8
3
 10
90.67
 20
28.53
  0
POINT
  8
3
 10
92.05
 20
29.55
  0
POINT
  8
3
 10
93.45
 20
30.56
  0
TEXT
  8
14
 10
93.45
 20
30.56
 40
8.00
  1
# 695
  0
POINT
  8
3
 10
94.84
 20
31.59
  0
POINT
  8
3
 10
96.25
 20
32.60
  0
POINT
  8
3
 10
97.67
 20
33.59
  0
POINT
  8
3
 10
99.11
 20
34.56
  0
POINT
  8
3
 10
100.56
 20
35.51
  0
POINT
  8
3
 10
102.02
 20
36.44
  0
POINT
  8
3
 10
103.50
 20
37.35
  0
POINT
  8
3
 10
104.98
 20
38.24
  0
POINT
  8
3
 10
106.48
 20
39.11
  0
POINT
  8
3
 10
108.00
 20
39.96
  0
POINT
  8
3
 10
109.52
 20
40.78
  0
POINT
  8
3
 10
111.06
 20
41.59
  0
POINT
  8
3
 10
112.60
 20
42.37
  0
POINT
  8
3
 10
114.16
 20
43.13
  0
POINT
  8
3
 10
115.73
 20
43.87
  0
POINT
  8
3
 10
117.30
 20
44.59
  0
TEXT
  8
14
 10
117.30
 20
44.59
 40
8.00
  1
# 696
  0
POINT
  8
3
 10
120.49
 20
46.00
  0
POINT
  8
3
 10
123.68
 20
47.39
  0
POINT
  8
3
 10
126.88
 20
48.75
  0
POINT
  8
3
 10
130.09
 20
50.09
  0
POINT
  8
3
 10
133.31
 20
51.42
  0
POINT
  8
3
 10
136.54
 20
52.71
  0
POINT
  8
3
 10
139.78
 20
53.99
  0
POINT
  8
3
 10
143.02
 20
55.24
  0
POINT
  8
3
 10
146.28
 20
56.47
  0
POINT
  8
3
 10
149.54
 20
57.68
  0
POINT
  8
3
 10
152.82
 20
58.87
  0
POINT
  8
3
 10
156.10
 20
60.03
  0
POINT
  8
3
 10
159.38
 20
61.17
  0
POINT
  8
3
 10
162.68
 20
62.29
  0
POINT
  8
3
 10
165.98
 20
63.39
  0
POINT
  8
2
 10
169.30
 20
64.46
  0
TEXT
  8
14
 10
169.30
 20
64.46
 40
8.00
  1
# 697
  0
POINT
  8
3
 10
174.11
 20
63.83
  0
POINT
  8
3
 10
178.92
 20
63.22
  0
POINT
  8
3
 10
183.73
 20
62.63
  0
POINT
  8
3
 10
188.55
 20
62.05
  0
POINT
  8
3
 10
193.37
 20
61.49
  0
POINT
  8
3
 10
198.19
 20
60.94
  0
POINT
  8
3
 10
203.01
 20
60.41
  0
POINT
  8
3
 10
207.83
 20
59.89
  0
POINT
  8
3
 10
212.66
 20
59.39
  0
POINT
  8
3
 10
217.49
 20
58.91
  0
POINT
  8
3
 10
222.31
 20
58.44
  0
POINT
  8
3
 10
227.14
 20
57.99
  0
POINT
  8
3
 10
231.98
 20
57.56
  0
POINT
  8
3
 10
236.81
 20
57.14
  0
POINT
  8
3
 10
241.64
 20
56.73
  0
POINT
  8
3
 10
246.48
 20
56.35
  0
TEXT
  8
14
 10
246.48
 20
56.35
 40
8.00
  1
# 698
  0
POINT
  8
3
 10
251.30
 20
55.98
  0
POINT
  8
3
 10
256.13
 20
55.62
  0
POINT
  8
3
 10
260.95
 20
55.28
  0
POINT
  8
3
 10
265.78
 20
54.96
  0
POINT
  8
3
 10
270.61
 20
54.65
  0
POINT
  8
3
 10
275.44
 20
54.36
  0
POINT
  8
3
 10
280.27
 20
54.09
  0
POINT
  8
3
 10
285.10
 20
53.83
  0
POINT
  8
3
 10
289.93
 20
53.58
  0
POINT
  8
3
 10
294.76
 20
53.36
  0
POINT
  8
3
 10
299.60
 20
53.15
  0
POINT
  8
3
 10
304.43
 20
52.95
  0
POINT
  8
3
 10
309.27
 20
52.77
  0
POINT
  8
3
 10
314.10
 20
52.61
  0
POINT
  8
3
 10
318.94
 20
52.46
  0
POINT
  8
2
 10
323.77
 20
52.33
  0
TEXT
  8
14
 10
323.77
 20
52.33
 40
8.00
  1
# 699
  0
POINT
  8
3
 10
322.52
 20
12.84
  0
TEXT
  8
14
 10
322.52
 20
12.84
 40
8.00
  1
# 700
  0
POINT
  8
3
 10
322.00
 20
-2.89
  0
TEXT
  8
14
 10
322.00
 20
-2.89
 40
8.00
  1
# 701
  0
POINT
  8
2
 10
319.31
 20
-79.98
  0
TEXT
  8
14
 10
319.31
 20
-79.98
 40
8.00
  1
# 702
  0
POINT
  8
3
 10
229.09
 20
-81.89
  0
TEXT
  8
14
 10
229.09
 20
-81.89
 40
8.00
  1
# 703
  0
POINT
  8
2
 10
167.60
 20
-83.51
  0
TEXT
  8
14
 10
167.60
 20
-83.51
 40
8.00
  1
# 704
  0
POINT
  8
2
 10
33.67
 20
-84.68
  0
TEXT
  8
14
 10
33.67
 20
-84.68
 40
8.00
  1
# 690
  0
POLYLINE
  8
1
 10
0
 20
0
 66
1
 70
1
  0
VERTEX
  8
1
 10
19.88
 20
-96.80
  0
VERTEX
  8
1
 10
21.78
 20
-83.04
  0
VERTEX
  8
1
 10
25.40
 20
-56.89
  0
VERTEX
  8
1
 10
25.92
 20
-54.16
  0
VERTEX
  8
1
 10
26.50
 20
-51.44
  0
VERTEX
  8
1
 10
27.13
 20
-48.74
  0
VERTEX
  8
1
 10
27.82
 20
-46.04
  0
VERTEX
  8
1
 10
28.56
 20
-43.37
  0
VERTEX
  8
1
 10
29.35
 20
-40.70
  0
VERTEX
  8
1
 10
30.19
 20
-38.06
  0
VERTEX
  8
1
 10
31.09
 20
-35.43
  0
VERTEX
  8
1
 10
32.17
 20
-32.45
  0
VERTEX
  8
1
 10
33.30
 20
-29.50
  0
VERTEX
  8
1
 10
34.48
 20
-26.56
  0
VERTEX
  8
1
 10
35.71
 20
-23.64
  0
VERTEX
  8
1
 10
36.99
 20
-20.75
  0
VERTEX
  8
1
 10
38.32
 20
-17.88
  0
VERTEX
  8
1
 10
39.71
 20
-15.04
  0
VERTEX
  8
1
 10
41.14
 20
-12.21
  0
VERTEX
  8
1
 10
41.94
 20
-10.73
  0
VERTEX
  8
1
 10
42.76
 20
-9.25
  0
VERTEX
  8
1
 10
43.59
 20
-7.78
  0
VERTEX
  8
1
 10
44.43
 20
-6.31
  0
VERTEX
  8
1
 10
45.29
 20
-4.86
  0
VERTEX
  8
1
 10
46.16
 20
-3.41
  0
VERTEX
  8
1
 10
47.04
 20
-1.97
  0
VERTEX
  8
1
 10
47.94
 20
-0.54
  0
VERTEX
  8
1
 10
48.86
 20
0.88
  0
VERTEX
  8
1
 10
49.78
 20
2.29
  0
VERTEX
  8
1
 10
50.72
 20
3.70
  0
VERTEX
  8
1
 10
51.67
 20
5.09
  0
VERTEX
  8
1
 10
52.64
 20
6.48
  0
VERTEX
  8
1
 10
53.61
 20
7.86
  0
VERTEX
  8
1
 10
54.61
 20
9.23
  0
VERTEX
  8
1
 10
55.61
 20
10.58
  0
VERTEX
  8
1
 10
56.45
 20
11.70
  0
VERTEX
  8
1
 10
57.31
 20
12.81
  0
VERTEX
  8
1
 10
58.18
 20
13.91
  0
VERTEX
  8
1
 10
59.06
 20
15.00
  0
VERTEX
  8
1
 10
59.96
 20
16.07
  0
VERTEX
  8
1
 10
60.86
 20
17.14
  0
VERTEX
  8
1
 10
61.78
 20
18.20
  0
VERTEX
  8
1
 10
62.71
 20
19.25
  0
VERTEX
  8
1
 10
63.66
 20
20.28
  0
VERTEX
  8
1
 10
64.61
 20
21.31
  0
VERTEX
  8
1
 10
65.58
 20
22.32
  0
VERTEX
  8
1
 10
66.55
 20
23.33
  0
VERTEX
  8
1
 10
67.54
 20
24.32
  0
VERTEX
  8
1
 10
68.54
 20
25.30
  0
VERTEX
  8
1
 10
69.56
 20
26.27
  0
VERTEX
  8
1
 10
70.58
 20
27.23
  0
VERTEX
  8
1
 10
71.61
 20
28.21
  0
VERTEX
  8
1
 10
72.66
 20
29.18
  0
VERTEX
  8
1
 10
73.71
 20
30.14
  0
VERTEX
  8
1
 10
74.78
 20
31.09
  0
VERTEX
  8
1
 10
75.86
 20
32.02
  0
VERTEX
  8
1
 10
76.94
 20
32.95
  0
VERTEX
  8
1
 10
78.04
 20
33.86
  0
VERTEX
  8
1
 10
79.15
 20
34.76
  0
VERTEX
  8
1
 10
80.55
 20
35.87
  0
VERTEX
  8
1
 10
81.97
 20
36.98
  0
VERTEX
  8
1
 10
83.40
 20
38.07
  0
VERTEX
  8
1
 10
84.83
 20
39.15
  0
VERTEX
  8
1
 10
86.28
 20
40.22
  0
VERTEX
  8
1
 10
87.73
 20
41.27
  0
VERTEX
  8
1
 10
89.20
 20
42.31
  0
VERTEX
  8
1
 10
90.67
 20
43.34
  0
VERTEX
  8
1
 10
92.32
 20
44.48
  0
VERTEX
  8
1
 10
94.00
 20
45.59
  0
VERTEX
  8
1
 10
95.70
 20
46.66
  0
VERTEX
  8
1
 10
97.41
 20
47.70
  0
VERTEX
  8
1
 10
99.81
 20
49.08
  0
VERTEX
  8
1
 10
102.22
 20
50.44
  0
VERTEX
  8
1
 10
104.65
 20
51.76
  0
VERTEX
  8
1
 10
107.10
 20
53.04
  0
VERTEX
  8
1
 10
110.19
 20
54.49
  0
VERTEX
  8
1
 10
113.30
 20
55.92
  0
VERTEX
  8
1
 10
116.41
 20
57.32
  0
VERTEX
  8
1
 10
119.54
 20
58.69
  0
VERTEX
  8
1
 10
122.68
 20
60.04
  0
VERTEX
  8
1
 10
125.84
 20
61.35
  0
VERTEX
  8
1
 10
129.00
 20
62.64
  0
VERTEX
  8
1
 10
132.18
 20
63.89
  0
VERTEX
  8
1
 10
136.31
 20
65.49
  0
VERTEX
  8
1
 10
140.46
 20
67.06
  0
VERTEX
  8
1
 10
144.62
 20
68.60
  0
VERTEX
  8
1
 10
148.79
 20
70.11
  0
VERTEX
  8
1
 10
152.96
 20
71.59
  0
VERTEX
  8
1
 10
157.15
 20
73.04
  0
VERTEX
  8
1
 10
161.35
 20
74.47
  0
VERTEX
  8
1
 10
165.56
 20
75.86
  0
VERTEX
  8
1
 10
168.14
 20
76.71
  0
VERTEX
  8
1
 10
170.82
 20
76.36
  0
VERTEX
  8
1
 10
175.60
 20
75.74
  0
VERTEX
  8
1
 10
180.38
 20
75.13
  0
VERTEX
  8
1
 10
185.16
 20
74.54
  0
VERTEX
  8
1
 10
189.94
 20
73.97
  0
VERTEX
  8
1
 10
194.73
 20
73.41
  0
VERTEX
  8
1
 10
199.51
 20
72.87
  0
VERTEX
  8
1
 10
204.30
 20
72.34
  0
VERTEX
  8
1
 10
209.09
 20
71.83
  0
VERTEX
  8
1
 10
213.87
 20
71.33
  0
VERTEX
  8
1
 10
218.66
 20
70.85
  0
VERTEX
  8
1
 10
223.45
 20
70.39
  0
VERTEX
  8
1
 10
228.24
 20
69.94
  0
VERTEX
  8
1
 10
233.03
 20
69.51
  0
VERTEX
  8
1
 10
237.83
 20
69.09
  0
VERTEX
  8
1
 10
242.62
 20
68.69
  0
VERTEX
  8
1
 10
247.42
 20
68.31
  0
VERTEX
  8
1
 10
252.20
 20
67.94
  0
VERTEX
  8
1
 10
256.99
 20
67.59
  0
VERTEX
  8
1
 10
261.77
 20
67.25
  0
VERTEX
  8
1
 10
266.56
 20
66.93
  0
VERTEX
  8
1
 10
271.35
 20
66.63
  0
VERTEX
  8
1
 10
276.14
 20
66.34
  0
VERTEX
  8
1
 10
280.93
 20
66.07
  0
VERTEX
  8
1
 10
285.72
 20
65.81
  0
VERTEX
  8
1
 10
290.52
 20
65.57
  0
VERTEX
  8
1
 10
295.32
 20
65.34
  0
VERTEX
  8
1
 10
300.12
 20
65.13
  0
VERTEX
  8
1
 10
304.92
 20
64.94
  0
VERTEX
  8
1
 10
309.72
 20
64.76
  0
VERTEX
  8
1
 10
314.52
 20
64.60
  0
VERTEX
  8
1
 10
319.32
 20
64.45
  0
VERTEX
  8
1
 10
324.12
 20
64.32
  0
VERTEX
  8
1
 10
336.16
 20
63.98
  0
VERTEX
  8
1
 10
335.77
 20
51.94
  0
VERTEX
  8
1
 10
334.50
 20
12.45
  0
VERTEX
  8
1
 10
333.99
 20
-3.29
  0
VERTEX
  8
1
 10
331.31
 20
-80.39
  0
VERTEX
  8
1
 10
330.91
 20
-91.73
  0
VERTEX
  8
1
 10
319.57
 20
-91.97
  0
VERTEX
  8
1
 10
229.51
 20
-93.89
  0
VERTEX
  8
1
 10
229.38
 20
-93.89
  0
VERTEX
  8
1
 10
167.81
 20
-95.51
  0
VERTEX
  8
1
 10
33.77
 20
-96.68
  0
SEQEND
  0
POINT
  8
2
 10
19.88
 20
-96.80
  0
TEXT
  8
1
 10
19.88
 20
-96.80
 40
8.00
  1
# 705
  0
POINT
  8
3
 10
21.78
 20
-83.04
  0
TEXT
  8
1
 10
21.78
 20
-83.04
 40
8.00
  1
# 706
  0
POINT
  8
3
 10
25.40
 20
-56.89
  0
TEXT
  8
1
 10
25.40
 20
-56.89
 40
8.00
  1
# 707
  0
POINT
  8
3
 10
25.92
 20
-54.16
  0
POINT
  8
3
 10
26.50
 20
-51.44
  0
POINT
  8
3
 10
27.13
 20
-48.74
  0
POINT
  8
3
 10
27.82
 20
-46.04
  0
POINT
  8
3
 10
28.56
 20
-43.37
  0
POINT
  8
3
 10
29.35
 20
-40.70
  0
POINT
  8
3
 10
30.19
 20
-38.06
  0
POINT
  8
3
 10
31.09
 20
-35.43
  0
TEXT
  8
1
 10
31.09
 20
-35.43
 40
8.00
  1
# 708
  0
POINT
  8
3
 10
32.17
 20
-32.45
  0
POINT
  8
3
 10
33.30
 20
-29.50
  0
POINT
  8
3
 10
34.48
 20
-26.56
  0
POINT
  8
3
 10
35.71
 20
-23.64
  0
POINT
  8
3
 10
36.99
 20
-20.75
  0
POINT
  8
3
 10
38.32
 20
-17.88
  0
POINT
  8
3
 10
39.71
 20
-15.04
  0
POINT
  8
3
 10
41.14
 20
-12.21
  0
TEXT
  8
1
 10
41.14
 20
-12.21
 40
8.00
  1
# 709
  0
POINT
  8
3
 10
41.94
 20
-10.73
  0
POINT
  8
3
 10
42.76
 20
-9.25
  0
POINT
  8
3
 10
43.59
 20
-7.78
  0
POINT
  8
3
 10
44.43
 20
-6.31
  0
POINT
  8
3
 10
45.29
 20
-4.86
  0
POINT
  8
3
 10
46.16
 20
-3.41
  0
POINT
  8
3
 10
47.04
 20
-1.97
  0
POINT
  8
3
 10
47.94
 20
-0.54
  0
POINT
  8
3
 10
48.86
 20
0.88
  0
POINT
  8
3
 10
49.78
 20
2.29
  0
POINT
  8
3
 10
50.72
 20
3.70
  0
POINT
  8
3
 10
51.67
 20
5.09
  0
POINT
  8
3
 10
52.64
 20
6.48
  0
POINT
  8
3
 10
53.61
 20
7.86
  0
POINT
  8
3
 10
54.61
 20
9.23
  0
POINT
  8
3
 10
55.61
 20
10.58
  0
TEXT
  8
1
 10
55.61
 20
10.58
 40
8.00
  1
# 710
  0
POINT
  8
3
 10
56.45
 20
11.70
  0
POINT
  8
3
 10
57.31
 20
12.81
  0
POINT
  8
3
 10
58.18
 20
13.91
  0
POINT
  8
3
 10
59.06
 20
15.00
  0
POINT
  8
3
 10
59.96
 20
16.07
  0
POINT
  8
3
 10
60.86
 20
17.14
  0
POINT
  8
3
 10
61.78
 20
18.20
  0
POINT
  8
3
 10
62.71
 20
19.25
  0
POINT
  8
3
 10
63.66
 20
20.28
  0
POINT
  8
3
 10
64.61
 20
21.31
  0
POINT
  8
3
 10
65.58
 20
22.32
  0
POINT
  8
3
 10
66.55
 20
23.33
  0
POINT
  8
3
 10
67.54
 20
24.32
  0
POINT
  8
3
 10
68.54
 20
25.30
  0
POINT
  8
3
 10
69.56
 20
26.27
  0
POINT
  8
3
 10
70.58
 20
27.23
  0
TEXT
  8
1
 10
70.58
 20
27.23
 40
8.00
  1
# 711
  0
POINT
  8
3
 10
71.61
 20
28.21
  0
POINT
  8
3
 10
72.66
 20
29.18
  0
POINT
  8
3
 10
73.71
 20
30.14
  0
POINT
  8
3
 10
74.78
 20
31.09
  0
POINT
  8
3
 10
75.86
 20
32.02
  0
POINT
  8
3
 10
76.94
 20
32.95
  0
POINT
  8
3
 10
78.04
 20
33.86
  0
POINT
  8
3
 10
79.15
 20
34.76
  0
TEXT
  8
1
 10
79.15
 20
34.76
 40
8.00
  1
# 712
  0
POINT
  8
3
 10
80.55
 20
35.87
  0
POINT
  8
3
 10
81.97
 20
36.98
  0
POINT
  8
3
 10
83.40
 20
38.07
  0
POINT
  8
3
 10
84.83
 20
39.15
  0
POINT
  8
3
 10
86.28
 20
40.22
  0
POINT
  8
3
 10
87.73
 20
41.27
  0
POINT
  8
3
 10
89.20
 20
42.31
  0
POINT
  8
3
 10
90.67
 20
43.34
  0
TEXT
  8
1
 10
90.67
 20
43.34
 40
8.00
  1
# 713
  0
POINT
  8
3
 10
92.32
 20
44.48
  0
POINT
  8
3
 10
94.00
 20
45.59
  0
POINT
  8
3
 10
95.70
 20
46.66
  0
POINT
  8
3
 10
97.41
 20
47.70
  0
TEXT
  8
1
 10
97.41
 20
47.70
 40
8.00
  1
# 714
  0
POINT
  8
3
 10
99.81
 20
49.08
  0
POINT
  8
3
 10
102.22
 20
50.44
  0
POINT
  8
3
 10
104.65
 20
51.76
  0
POINT
  8
3
 10
107.10
 20
53.04
  0
TEXT
  8
1
 10
107.10
 20
53.04
 40
8.00
  1
# 715
  0
POINT
  8
3
 10
110.19
 20
54.49
  0
POINT
  8
3
 10
113.30
 20
55.92
  0
POINT
  8
3
 10
116.41
 20
57.32
  0
POINT
  8
3
 10
119.54
 20
58.69
  0
POINT
  8
3
 10
122.68
 20
60.04
  0
POINT
  8
3
 10
125.84
 20
61.35
  0
POINT
  8
3
 10
129.00
 20
62.64
  0
POINT
  8
3
 10
132.18
 20
63.89
  0
TEXT
  8
1
 10
132.18
 20
63.89
 40
8.00
  1
# 716
  0
POINT
  8
3
 10
136.31
 20
65.49
  0
POINT
  8
3
 10
140.46
 20
67.06
  0
POINT
  8
3
 10
144.62
 20
68.60
  0
POINT
  8
3
 10
148.79
 20
70.11
  0
POINT
  8
3
 10
152.96
 20
71.59
  0
POINT
  8
3
 10
157.15
 20
73.04
  0
POINT
  8
3
 10
161.35
 20
74.47
  0
POINT
  8
3
 10
165.56
 20
75.86
  0
TEXT
  8
1
 10
165.56
 20
75.86
 40
8.00
  1
# 717
  0
POINT
  8
2
 10
168.14
 20
76.71
  0
TEXT
  8
1
 10
168.14
 20
76.71
 40
8.00
  1
# 718
  0
POINT
  8
3
 10
170.82
 20
76.36
  0
TEXT
  8
1
 10
170.82
 20
76.36
 40
8.00
  1
# 719
  0
POINT
  8
3
 10
175.60
 20
75.74
  0
POINT
  8
3
 10
180.38
 20
75.13
  0
POINT
  8
3
 10
185.16
 20
74.54
  0
POINT
  8
3
 10
189.94
 20
73.97
  0
POINT
  8
3
 10
194.73
 20
73.41
  0
POINT
  8
3
 10
199.51
 20
72.87
  0
POINT
  8
3
 10
204.30
 20
72.34
  0
POINT
  8
3
 10
209.09
 20
71.83
  0
TEXT
  8
1
 10
209.09
 20
71.83
 40
8.00
  1
# 720
  0
POINT
  8
3
 10
213.87
 20
71.33
  0
POINT
  8
3
 10
218.66
 20
70.85
  0
POINT
  8
3
 10
223.45
 20
70.39
  0
POINT
  8
3
 10
228.24
 20
69.94
  0
POINT
  8
3
 10
233.03
 20
69.51
  0
POINT
  8
3
 10
237.83
 20
69.09
  0
POINT
  8
3
 10
242.62
 20
68.69
  0
POINT
  8
3
 10
247.42
 20
68.31
  0
TEXT
  8
1
 10
247.42
 20
68.31
 40
8.00
  1
# 721
  0
POINT
  8
3
 10
252.20
 20
67.94
  0
POINT
  8
3
 10
256.99
 20
67.59
  0
POINT
  8
3
 10
261.77
 20
67.25
  0
POINT
  8
3
 10
266.56
 20
66.93
  0
POINT
  8
3
 10
271.35
 20
66.63
  0
POINT
  8
3
 10
276.14
 20
66.34
  0
POINT
  8
3
 10
280.93
 20
66.07
  0
POINT
  8
3
 10
285.72
 20
65.81
  0
TEXT
  8
1
 10
285.72
 20
65.81
 40
8.00
  1
# 722
  0
POINT
  8
3
 10
290.52
 20
65.57
  0
POINT
  8
3
 10
295.32
 20
65.34
  0
POINT
  8
3
 10
300.12
 20
65.13
  0
POINT
  8
3
 10
304.92
 20
64.94
  0
POINT
  8
3
 10
309.72
 20
64.76
  0
POINT
  8
3
 10
314.52
 20
64.60
  0
POINT
  8
3
 10
319.32
 20
64.45
  0
POINT
  8
3
 10
324.12
 20
64.32
  0
TEXT
  8
1
 10
324.12
 20
64.32
 40
8.00
  1
# 723
  0
POINT
  8
2
 10
336.16
 20
63.98
  0
TEXT
  8
1
 10
336.16
 20
63.98
 40
8.00
  1
# 724
  0
POINT
  8
3
 10
335.77
 20
51.94
  0
TEXT
  8
1
 10
335.77
 20
51.94
 40
8.00
  1
# 725
  0
POINT
  8
2
 10
334.50
 20
12.45
  0
TEXT
  8
1
 10
334.50
 20
12.45
 40
8.00
  1
# 726
  0
POINT
  8
2
 10
334.50
 20
12.45
  0
TEXT
  8
1
 10
334.50
 20
12.45
 40
8.00
  1
# 727
  0
POINT
  8
3
 10
333.99
 20
-3.29
  0
TEXT
  8
1
 10
333.99
 20
-3.29
 40
8.00
  1
# 728
  0
POINT
  8
3
 10
331.31
 20
-80.39
  0
TEXT
  8
1
 10
331.31
 20
-80.39
 40
8.00
  1
# 729
  0
POINT
  8
2
 10
330.91
 20
-91.73
  0
TEXT
  8
1
 10
330.91
 20
-91.73
 40
8.00
  1
# 730
  0
POINT
  8
3
 10
319.57
 20
-91.97
  0
TEXT
  8
1
 10
319.57
 20
-91.97
 40
8.00
  1
# 731
  0
POINT
  8
3
 10
229.51
 20
-93.89
  0
TEXT
  8
1
 10
229.51
 20
-93.89
 40
8.00
  1
# 732
  0
POINT
  8
3
 10
229.38
 20
-93.89
  0
POINT
  8
2
 10
167.81
 20
-95.51
  0
TEXT
  8
1
 10
167.81
 20
-95.51
 40
8.00
  1
# 733
  0
POINT
  8
3
 10
33.77
 20
-96.68
  0
TEXT
  8
1
 10
33.77
 20
-96.68
 40
8.00
  1
# 734
  0
POINT
  8
2
 10
19.88
 20
-96.80
  0
TEXT
  8
1
 10
19.88
 20
-96.80
 40
8.00
  1
# 705
  0
POINT
  8
8
 10
167.63079833984
 20
-83.760841369629
  0
POINT
  8
2
 10
167.63
 20
-83.76
  0
TEXT
  8
8
 10
167.63
 20
-83.76
 40
8.00
  1
# 735
  0
POINT
  8
2
 10
167.63
 20
-83.76
  0
TEXT
  8
8
 10
167.63
 20
-83.76
 40
8.00
  1
# 736
  0
LINE
  8
8
 10
167.63
 20
-83.76
 11
169.30
 21
64.46
  0
POINT
  8
2
 10
167.63
 20
-83.76
  0
POINT
  8
2
 10
169.30
 20
64.46
  0
TEXT
  8
8
 10
169.30
 20
64.46
 40
8.00
  1
# 737
  0
POINT
  8
2
 10
169.30
 20
64.46
  0
TEXT
  8
4
 10
334.50
 20
12.45
 40
8.00
  1
# 738
  0
POINT
  8
4
 10
334.50
 20
12.45
 30
10.00
 50
178.070176
  0
TEXT
  8
4
 10
333.99
 20
-3.29
 40
8.00
  1
# 739
  0
POINT
  8
4
 10
333.99
 20
-3.29
 30
10.00
 50
178.006289
  0
TEXT
  8
4
 10
229.51
 20
-93.89
 40
8.00
  1
# 740
  0
POINT
  8
4
 10
229.51
 20
-93.89
 30
10.00
 50
91.981367
  0
TEXT
  8
1
 10
19.88
 20
-116.80
 40
8.00
  1
Piece Name: BK SD BTM
  0
TEXT
  8
1
 10
19.88
 20
-126.80
 40
8.00
  1
Size: S
  0
TEXT
  8
1
 10
19.88
 20
-136.80
 40
8.00
  1
Annotation: ORFATTI PROD(4 FEB26)
  0
TEXT
  8
1
 10
19.88
 20
-146.80
 40
8.00
  1
Quantity: 1
  0
TEXT
  8
1
 10
19.88
 20
-156.80
 40
8.00
  1
Category: X 2
  0
ENDBLK
  0
BLOCK
  2
FR_SD_TOPS
  8
1
 10
0.00
 20
0.00
 70
64
  0
POLYLINE
  8
14
 10
0
 20
0
 66
1
 70
1
  0
VERTEX
  8
14
 10
24.41
 20
66.35
  0
VERTEX
  8
14
 10
78.27
 20
68.06
  0
VERTEX
  8
14
 10
227.73
 20
70.60
  0
VERTEX
  8
14
 10
280.80
 20
73.97
  0
VERTEX
  8
14
 10
208.39
 20
-38.52
  0
VERTEX
  8
14
 10
206.90
 20
-38.25
  0
VERTEX
  8
14
 10
205.40
 20
-38.00
  0
VERTEX
  8
14
 10
203.90
 20
-37.76
  0
VERTEX
  8
14
 10
202.40
 20
-37.53
  0
VERTEX
  8
14
 10
200.90
 20
-37.32
  0
VERTEX
  8
14
 10
199.39
 20
-37.13
  0
VERTEX
  8
14
 10
197.89
 20
-36.95
  0
VERTEX
  8
14
 10
196.38
 20
-36.79
  0
VERTEX
  8
14
 10
194.87
 20
-36.65
  0
VERTEX
  8
14
 10
193.36
 20
-36.52
  0
VERTEX
  8
14
 10
191.84
 20
-36.40
  0
VERTEX
  8
14
 10
190.33
 20
-36.30
  0
VERTEX
  8
14
 10
188.81
 20
-36.22
  0
VERTEX
  8
14
 10
187.30
 20
-36.15
  0
VERTEX
  8
14
 10
185.78
 20
-36.10
  0
VERTEX
  8
14
 10
184.26
 20
-36.07
  0
VERTEX
  8
14
 10
182.27
 20
-36.04
  0
VERTEX
  8
14
 10
180.28
 20
-36.03
  0
VERTEX
  8
14
 10
178.28
 20
-36.03
  0
VERTEX
  8
14
 10
176.29
 20
-36.05
  0
VERTEX
  8
14
 10
174.30
 20
-36.08
  0
VERTEX
  8
14
 10
172.30
 20
-36.13
  0
VERTEX
  8
14
 10
170.31
 20
-36.20
  0
VERTEX
  8
14
 10
168.32
 20
-36.28
  0
VERTEX
  8
14
 10
166.33
 20
-36.38
  0
VERTEX
  8
14
 10
164.34
 20
-36.50
  0
VERTEX
  8
14
 10
162.35
 20
-36.63
  0
VERTEX
  8
14
 10
160.36
 20
-36.77
  0
VERTEX
  8
14
 10
158.37
 20
-36.93
  0
VERTEX
  8
14
 10
156.39
 20
-37.11
  0
VERTEX
  8
14
 10
154.40
 20
-37.30
  0
VERTEX
  8
14
 10
152.42
 20
-37.51
  0
VERTEX
  8
14
 10
150.76
 20
-37.64
  0
VERTEX
  8
14
 10
149.11
 20
-37.80
  0
VERTEX
  8
14
 10
147.46
 20
-38.00
  0
VERTEX
  8
14
 10
145.81
 20
-38.23
  0
VERTEX
  8
14
 10
144.17
 20
-38.49
  0
VERTEX
  8
14
 10
142.54
 20
-38.79
  0
VERTEX
  8
14
 10
140.91
 20
-39.12
  0
VERTEX
  8
14
 10
139.29
 20
-39.49
  0
VERTEX
  8
14
 10
137.68
 20
-39.89
  0
VERTEX
  8
14
 10
136.07
 20
-40.32
  0
VERTEX
  8
14
 10
134.48
 20
-40.79
  0
VERTEX
  8
14
 10
132.89
 20
-41.29
  0
VERTEX
  8
14
 10
131.32
 20
-41.82
  0
VERTEX
  8
14
 10
129.76
 20
-42.38
  0
VERTEX
  8
14
 10
128.21
 20
-42.98
  0
VERTEX
  8
14
 10
126.67
 20
-43.60
  0
VERTEX
  8
14
 10
125.54
 20
-44.09
  0
VERTEX
  8
14
 10
124.43
 20
-44.62
  0
VERTEX
  8
14
 10
123.33
 20
-45.17
  0
VERTEX
  8
14
 10
122.24
 20
-45.76
  0
VERTEX
  8
14
 10
121.18
 20
-46.37
  0
VERTEX
  8
14
 10
120.13
 20
-47.02
  0
VERTEX
  8
14
 10
119.10
 20
-47.69
  0
VERTEX
  8
14
 10
118.09
 20
-48.40
  0
VERTEX
  8
14
 10
117.10
 20
-49.13
  0
VERTEX
  8
14
 10
116.13
 20
-49.89
  0
VERTEX
  8
14
 10
115.19
 20
-50.67
  0
VERTEX
  8
14
 10
114.26
 20
-51.48
  0
VERTEX
  8
14
 10
113.36
 20
-52.32
  0
VERTEX
  8
14
 10
112.48
 20
-53.18
  0
VERTEX
  8
14
 10
111.63
 20
-54.07
  0
VERTEX
  8
14
 10
110.80
 20
-54.98
  0
VERTEX
  8
14
 10
107.41
 20
-54.62
  0
VERTEX
  8
14
 10
104.02
 20
-54.29
  0
VERTEX
  8
14
 10
100.62
 20
-53.98
  0
VERTEX
  8
14
 10
97.22
 20
-53.69
  0
VERTEX
  8
14
 10
93.96
 20
-53.43
  0
VERTEX
  8
14
 10
90.70
 20
-53.20
  0
VERTEX
  8
14
 10
87.44
 20
-53.00
  0
VERTEX
  8
14
 10
84.18
 20
-52.81
  0
VERTEX
  8
14
 10
76.76
 20
-52.33
  0
VERTEX
  8
14
 10
69.33
 20
-51.88
  0
VERTEX
  8
14
 10
61.91
 20
-51.47
  0
VERTEX
  8
14
 10
54.49
 20
-51.09
  0
VERTEX
  8
14
 10
48.12
 20
-50.80
  0
VERTEX
  8
14
 10
41.75
 20
-50.54
  0
VERTEX
  8
14
 10
35.37
 20
-50.32
  0
VERTEX
  8
14
 10
29.00
 20
-50.13
  0
VERTEX
  8
14
 10
27.35
 20
-5.09
  0
SEQEND
  0
POINT
  8
2
 10
24.41
 20
66.35
  0
TEXT
  8
14
 10
24.41
 20
66.35
 40
8.00
  1
# 741
  0
POINT
  8
2
 10
78.27
 20
68.06
  0
TEXT
  8
14
 10
78.27
 20
68.06
 40
8.00
  1
# 742
  0
POINT
  8
2
 10
227.73
 20
70.60
  0
TEXT
  8
14
 10
227.73
 20
70.60
 40
8.00
  1
# 743
  0
POINT
  8
2
 10
280.80
 20
73.97
  0
TEXT
  8
14
 10
280.80
 20
73.97
 40
8.00
  1
# 744
  0
POINT
  8
2
 10
208.39
 20
-38.52
  0
TEXT
  8
14
 10
208.39
 20
-38.52
 40
8.00
  1
# 745
  0
POINT
  8
3
 10
206.90
 20
-38.25
  0
POINT
  8
3
 10
205.40
 20
-38.00
  0
POINT
  8
3
 10
203.90
 20
-37.76
  0
POINT
  8
3
 10
202.40
 20
-37.53
  0
POINT
  8
3
 10
200.90
 20
-37.32
  0
POINT
  8
3
 10
199.39
 20
-37.13
  0
POINT
  8
3
 10
197.89
 20
-36.95
  0
POINT
  8
3
 10
196.38
 20
-36.79
  0
POINT
  8
3
 10
194.87
 20
-36.65
  0
POINT
  8
3
 10
193.36
 20
-36.52
  0
POINT
  8
3
 10
191.84
 20
-36.40
  0
POINT
  8
3
 10
190.33
 20
-36.30
  0
POINT
  8
3
 10
188.81
 20
-36.22
  0
POINT
  8
3
 10
187.30
 20
-36.15
  0
POINT
  8
3
 10
185.78
 20
-36.10
  0
POINT
  8
3
 10
184.26
 20
-36.07
  0
TEXT
  8
14
 10
184.26
 20
-36.07
 40
8.00
  1
# 746
  0
POINT
  8
3
 10
182.27
 20
-36.04
  0
POINT
  8
3
 10
180.28
 20
-36.03
  0
POINT
  8
3
 10
178.28
 20
-36.03
  0
POINT
  8
3
 10
176.29
 20
-36.05
  0
POINT
  8
3
 10
174.30
 20
-36.08
  0
POINT
  8
3
 10
172.30
 20
-36.13
  0
POINT
  8
3
 10
170.31
 20
-36.20
  0
POINT
  8
3
 10
168.32
 20
-36.28
  0
POINT
  8
3
 10
166.33
 20
-36.38
  0
POINT
  8
3
 10
164.34
 20
-36.50
  0
POINT
  8
3
 10
162.35
 20
-36.63
  0
POINT
  8
3
 10
160.36
 20
-36.77
  0
POINT
  8
3
 10
158.37
 20
-36.93
  0
POINT
  8
3
 10
156.39
 20
-37.11
  0
POINT
  8
3
 10
154.40
 20
-37.30
  0
POINT
  8
3
 10
152.42
 20
-37.51
  0
TEXT
  8
14
 10
152.42
 20
-37.51
 40
8.00
  1
# 747
  0
POINT
  8
3
 10
150.76
 20
-37.64
  0
POINT
  8
3
 10
149.11
 20
-37.80
  0
POINT
  8
3
 10
147.46
 20
-38.00
  0
POINT
  8
3
 10
145.81
 20
-38.23
  0
POINT
  8
3
 10
144.17
 20
-38.49
  0
POINT
  8
3
 10
142.54
 20
-38.79
  0
POINT
  8
3
 10
140.91
 20
-39.12
  0
POINT
  8
3
 10
139.29
 20
-39.49
  0
POINT
  8
3
 10
137.68
 20
-39.89
  0
POINT
  8
3
 10
136.07
 20
-40.32
  0
POINT
  8
3
 10
134.48
 20
-40.79
  0
POINT
  8
3
 10
132.89
 20
-41.29
  0
POINT
  8
3
 10
131.32
 20
-41.82
  0
POINT
  8
3
 10
129.76
 20
-42.38
  0
POINT
  8
3
 10
128.21
 20
-42.98
  0
POINT
  8
3
 10
126.67
 20
-43.60
  0
TEXT
  8
14
 10
126.67
 20
-43.60
 40
8.00
  1
# 748
  0
POINT
  8
3
 10
125.54
 20
-44.09
  0
POINT
  8
3
 10
124.43
 20
-44.62
  0
POINT
  8
3
 10
123.33
 20
-45.17
  0
POINT
  8
3
 10
122.24
 20
-45.76
  0
POINT
  8
3
 10
121.18
 20
-46.37
  0
POINT
  8
3
 10
120.13
 20
-47.02
  0
POINT
  8
3
 10
119.10
 20
-47.69
  0
POINT
  8
3
 10
118.09
 20
-48.40
  0
POINT
  8
3
 10
117.10
 20
-49.13
  0
POINT
  8
3
 10
116.13
 20
-49.89
  0
POINT
  8
3
 10
115.19
 20
-50.67
  0
POINT
  8
3
 10
114.26
 20
-51.48
  0
POINT
  8
3
 10
113.36
 20
-52.32
  0
POINT
  8
3
 10
112.48
 20
-53.18
  0
POINT
  8
3
 10
111.63
 20
-54.07
  0
POINT
  8
2
 10
110.80
 20
-54.98
  0
TEXT
  8
14
 10
110.80
 20
-54.98
 40
8.00
  1
# 749
  0
POINT
  8
3
 10
107.41
 20
-54.62
  0
POINT
  8
3
 10
104.02
 20
-54.29
  0
POINT
  8
3
 10
100.62
 20
-53.98
  0
POINT
  8
3
 10
97.22
 20
-53.69
  0
TEXT
  8
14
 10
97.22
 20
-53.69
 40
8.00
  1
# 750
  0
POINT
  8
3
 10
93.96
 20
-53.43
  0
POINT
  8
3
 10
90.70
 20
-53.20
  0
POINT
  8
3
 10
87.44
 20
-53.00
  0
POINT
  8
3
 10
84.18
 20
-52.81
  0
TEXT
  8
14
 10
84.18
 20
-52.81
 40
8.00
  1
# 751
  0
POINT
  8
3
 10
76.76
 20
-52.33
  0
POINT
  8
3
 10
69.33
 20
-51.88
  0
POINT
  8
3
 10
61.91
 20
-51.47
  0
POINT
  8
3
 10
54.49
 20
-51.09
  0
TEXT
  8
14
 10
54.49
 20
-51.09
 40
8.00
  1
# 752
  0
POINT
  8
3
 10
48.12
 20
-50.80
  0
POINT
  8
3
 10
41.75
 20
-50.54
  0
POINT
  8
3
 10
35.37
 20
-50.32
  0
POINT
  8
2
 10
29.00
 20
-50.13
  0
TEXT
  8
14
 10
29.00
 20
-50.13
 40
8.00
  1
# 753
  0
POINT
  8
3
 10
27.35
 20
-5.09
  0
TEXT
  8
14
 10
27.35
 20
-5.09
 40
8.00
  1
# 754
  0
POINT
  8
2
 10
24.41
 20
66.35
  0
TEXT
  8
14
 10
24.41
 20
66.35
 40
8.00
  1
# 741
  0
POLYLINE
  8
1
 10
0
 20
0
 66
1
 70
1
  0
VERTEX
  8
1
 10
11.92
 20
77.96
  0
VERTEX
  8
1
 10
24.03
 20
78.35
  0
VERTEX
  8
1
 10
77.98
 20
80.06
  0
VERTEX
  8
1
 10
226.97
 20
82.59
  0
VERTEX
  8
1
 10
227.25
 20
82.59
  0
VERTEX
  8
1
 10
280.04
 20
85.94
  0
VERTEX
  8
1
 10
303.75
 20
87.45
  0
VERTEX
  8
1
 10
290.89
 20
67.47
  0
VERTEX
  8
1
 10
218.48
 20
-45.02
  0
VERTEX
  8
1
 10
214.16
 20
-51.73
  0
VERTEX
  8
1
 10
206.31
 20
-50.34
  0
VERTEX
  8
1
 10
203.55
 20
-49.85
  0
VERTEX
  8
1
 10
200.78
 20
-49.42
  0
VERTEX
  8
1
 10
198.00
 20
-49.05
  0
VERTEX
  8
1
 10
195.22
 20
-48.73
  0
VERTEX
  8
1
 10
192.43
 20
-48.48
  0
VERTEX
  8
1
 10
189.63
 20
-48.28
  0
VERTEX
  8
1
 10
186.83
 20
-48.14
  0
VERTEX
  8
1
 10
184.03
 20
-48.07
  0
VERTEX
  8
1
 10
180.22
 20
-48.03
  0
VERTEX
  8
1
 10
176.41
 20
-48.05
  0
VERTEX
  8
1
 10
172.61
 20
-48.14
  0
VERTEX
  8
1
 10
168.80
 20
-48.28
  0
VERTEX
  8
1
 10
165.00
 20
-48.48
  0
VERTEX
  8
1
 10
161.19
 20
-48.74
  0
VERTEX
  8
1
 10
157.40
 20
-49.07
  0
VERTEX
  8
1
 10
153.61
 20
-49.44
  0
VERTEX
  8
1
 10
152.33
 20
-49.53
  0
VERTEX
  8
1
 10
151.05
 20
-49.64
  0
VERTEX
  8
1
 10
149.77
 20
-49.78
  0
VERTEX
  8
1
 10
148.49
 20
-49.94
  0
VERTEX
  8
1
 10
147.22
 20
-50.13
  0
VERTEX
  8
1
 10
145.95
 20
-50.35
  0
VERTEX
  8
1
 10
144.69
 20
-50.59
  0
VERTEX
  8
1
 10
143.43
 20
-50.86
  0
VERTEX
  8
1
 10
142.06
 20
-51.18
  0
VERTEX
  8
1
 10
140.70
 20
-51.52
  0
VERTEX
  8
1
 10
139.34
 20
-51.89
  0
VERTEX
  8
1
 10
138.00
 20
-52.28
  0
VERTEX
  8
1
 10
136.65
 20
-52.70
  0
VERTEX
  8
1
 10
135.32
 20
-53.15
  0
VERTEX
  8
1
 10
133.99
 20
-53.62
  0
VERTEX
  8
1
 10
132.68
 20
-54.11
  0
VERTEX
  8
1
 10
131.78
 20
-54.46
  0
VERTEX
  8
1
 10
130.88
 20
-54.83
  0
VERTEX
  8
1
 10
130.00
 20
-55.23
  0
VERTEX
  8
1
 10
129.14
 20
-55.66
  0
VERTEX
  8
1
 10
128.28
 20
-56.11
  0
VERTEX
  8
1
 10
127.45
 20
-56.59
  0
VERTEX
  8
1
 10
126.62
 20
-57.10
  0
VERTEX
  8
1
 10
125.82
 20
-57.64
  0
VERTEX
  8
1
 10
124.98
 20
-58.23
  0
VERTEX
  8
1
 10
124.17
 20
-58.85
  0
VERTEX
  8
1
 10
123.37
 20
-59.49
  0
VERTEX
  8
1
 10
122.59
 20
-60.16
  0
VERTEX
  8
1
 10
121.83
 20
-60.85
  0
VERTEX
  8
1
 10
121.09
 20
-61.56
  0
VERTEX
  8
1
 10
120.37
 20
-62.30
  0
VERTEX
  8
1
 10
119.68
 20
-63.05
  0
VERTEX
  8
1
 10
115.61
 20
-67.53
  0
VERTEX
  8
1
 10
109.58
 20
-66.92
  0
VERTEX
  8
1
 10
106.25
 20
-66.57
  0
VERTEX
  8
1
 10
102.92
 20
-66.24
  0
VERTEX
  8
1
 10
99.59
 20
-65.93
  0
VERTEX
  8
1
 10
96.25
 20
-65.65
  0
VERTEX
  8
1
 10
93.05
 20
-65.40
  0
VERTEX
  8
1
 10
89.84
 20
-65.17
  0
VERTEX
  8
1
 10
86.63
 20
-64.96
  0
VERTEX
  8
1
 10
83.43
 20
-64.77
  0
VERTEX
  8
1
 10
76.05
 20
-64.30
  0
VERTEX
  8
1
 10
68.67
 20
-63.86
  0
VERTEX
  8
1
 10
61.29
 20
-63.45
  0
VERTEX
  8
1
 10
53.91
 20
-63.08
  0
VERTEX
  8
1
 10
47.59
 20
-62.79
  0
VERTEX
  8
1
 10
41.28
 20
-62.54
  0
VERTEX
  8
1
 10
34.96
 20
-62.32
  0
VERTEX
  8
1
 10
28.65
 20
-62.13
  0
VERTEX
  8
1
 10
17.42
 20
-61.80
  0
VERTEX
  8
1
 10
17.01
 20
-50.57
  0
VERTEX
  8
1
 10
15.36
 20
-5.56
  0
VERTEX
  8
1
 10
12.42
 20
65.86
  0
SEQEND
  0
POINT
  8
2
 10
11.92
 20
77.96
  0
TEXT
  8
1
 10
11.92
 20
77.96
 40
8.00
  1
# 755
  0
POINT
  8
3
 10
24.03
 20
78.35
  0
TEXT
  8
1
 10
24.03
 20
78.35
 40
8.00
  1
# 756
  0
POINT
  8
2
 10
77.98
 20
80.06
  0
TEXT
  8
1
 10
77.98
 20
80.06
 40
8.00
  1
# 757
  0
POINT
  8
3
 10
226.97
 20
82.59
  0
TEXT
  8
1
 10
226.97
 20
82.59
 40
8.00
  1
# 758
  0
POINT
  8
2
 10
227.25
 20
82.59
  0
POINT
  8
3
 10
280.04
 20
85.94
  0
TEXT
  8
1
 10
280.04
 20
85.94
 40
8.00
  1
# 759
  0
POINT
  8
2
 10
303.75
 20
87.45
  0
TEXT
  8
1
 10
303.75
 20
87.45
 40
8.00
  1
# 760
  0
POINT
  8
3
 10
290.89
 20
67.47
  0
TEXT
  8
1
 10
290.89
 20
67.47
 40
8.00
  1
# 761
  0
POINT
  8
3
 10
218.48
 20
-45.02
  0
TEXT
  8
1
 10
218.48
 20
-45.02
 40
8.00
  1
# 762
  0
POINT
  8
2
 10
214.16
 20
-51.73
  0
TEXT
  8
1
 10
214.16
 20
-51.73
 40
8.00
  1
# 763
  0
POINT
  8
3
 10
206.31
 20
-50.34
  0
TEXT
  8
1
 10
206.31
 20
-50.34
 40
8.00
  1
# 764
  0
POINT
  8
3
 10
203.55
 20
-49.85
  0
POINT
  8
3
 10
200.78
 20
-49.42
  0
POINT
  8
3
 10
198.00
 20
-49.05
  0
POINT
  8
3
 10
195.22
 20
-48.73
  0
POINT
  8
3
 10
192.43
 20
-48.48
  0
POINT
  8
3
 10
189.63
 20
-48.28
  0
POINT
  8
3
 10
186.83
 20
-48.14
  0
POINT
  8
3
 10
184.03
 20
-48.07
  0
TEXT
  8
1
 10
184.03
 20
-48.07
 40
8.00
  1
# 765
  0
POINT
  8
3
 10
180.22
 20
-48.03
  0
POINT
  8
3
 10
176.41
 20
-48.05
  0
POINT
  8
3
 10
172.61
 20
-48.14
  0
POINT
  8
3
 10
168.80
 20
-48.28
  0
POINT
  8
3
 10
165.00
 20
-48.48
  0
POINT
  8
3
 10
161.19
 20
-48.74
  0
POINT
  8
3
 10
157.40
 20
-49.07
  0
POINT
  8
3
 10
153.61
 20
-49.44
  0
TEXT
  8
1
 10
153.61
 20
-49.44
 40
8.00
  1
# 766
  0
POINT
  8
3
 10
152.33
 20
-49.53
  0
POINT
  8
3
 10
151.05
 20
-49.64
  0
POINT
  8
3
 10
149.77
 20
-49.78
  0
POINT
  8
3
 10
148.49
 20
-49.94
  0
POINT
  8
3
 10
147.22
 20
-50.13
  0
POINT
  8
3
 10
145.95
 20
-50.35
  0
POINT
  8
3
 10
144.69
 20
-50.59
  0
POINT
  8
3
 10
143.43
 20
-50.86
  0
TEXT
  8
1
 10
143.43
 20
-50.86
 40
8.00
  1
# 767
  0
POINT
  8
3
 10
142.06
 20
-51.18
  0
POINT
  8
3
 10
140.70
 20
-51.52
  0
POINT
  8
3
 10
139.34
 20
-51.89
  0
POINT
  8
3
 10
138.00
 20
-52.28
  0
POINT
  8
3
 10
136.65
 20
-52.70
  0
POINT
  8
3
 10
135.32
 20
-53.15
  0
POINT
  8
3
 10
133.99
 20
-53.62
  0
POINT
  8
3
 10
132.68
 20
-54.11
  0
TEXT
  8
1
 10
132.68
 20
-54.11
 40
8.00
  1
# 768
  0
POINT
  8
3
 10
131.78
 20
-54.46
  0
POINT
  8
3
 10
130.88
 20
-54.83
  0
POINT
  8
3
 10
130.00
 20
-55.23
  0
POINT
  8
3
 10
129.14
 20
-55.66
  0
POINT
  8
3
 10
128.28
 20
-56.11
  0
POINT
  8
3
 10
127.45
 20
-56.59
  0
POINT
  8
3
 10
126.62
 20
-57.10
  0
POINT
  8
3
 10
125.82
 20
-57.64
  0
TEXT
  8
1
 10
125.82
 20
-57.64
 40
8.00
  1
# 769
  0
POINT
  8
3
 10
124.98
 20
-58.23
  0
POINT
  8
3
 10
124.17
 20
-58.85
  0
POINT
  8
3
 10
123.37
 20
-59.49
  0
POINT
  8
3
 10
122.59
 20
-60.16
  0
POINT
  8
3
 10
121.83
 20
-60.85
  0
POINT
  8
3
 10
121.09
 20
-61.56
  0
POINT
  8
3
 10
120.37
 20
-62.30
  0
POINT
  8
3
 10
119.68
 20
-63.05
  0
TEXT
  8
1
 10
119.68
 20
-63.05
 40
8.00
  1
# 770
  0
POINT
  8
2
 10
115.61
 20
-67.53
  0
TEXT
  8
1
 10
115.61
 20
-67.53
 40
8.00
  1
# 771
  0
POINT
  8
3
 10
109.58
 20
-66.92
  0
TEXT
  8
1
 10
109.58
 20
-66.92
 40
8.00
  1
# 772
  0
POINT
  8
3
 10
106.25
 20
-66.57
  0
POINT
  8
3
 10
102.92
 20
-66.24
  0
POINT
  8
3
 10
99.59
 20
-65.93
  0
POINT
  8
3
 10
96.25
 20
-65.65
  0
TEXT
  8
1
 10
96.25
 20
-65.65
 40
8.00
  1
# 773
  0
POINT
  8
3
 10
93.05
 20
-65.40
  0
POINT
  8
3
 10
89.84
 20
-65.17
  0
POINT
  8
3
 10
86.63
 20
-64.96
  0
POINT
  8
3
 10
83.43
 20
-64.77
  0
TEXT
  8
1
 10
83.43
 20
-64.77
 40
8.00
  1
# 774
  0
POINT
  8
3
 10
76.05
 20
-64.30
  0
POINT
  8
3
 10
68.67
 20
-63.86
  0
POINT
  8
3
 10
61.29
 20
-63.45
  0
POINT
  8
3
 10
53.91
 20
-63.08
  0
TEXT
  8
1
 10
53.91
 20
-63.08
 40
8.00
  1
# 775
  0
POINT
  8
3
 10
47.59
 20
-62.79
  0
POINT
  8
3
 10
41.28
 20
-62.54
  0
POINT
  8
3
 10
34.96
 20
-62.32
  0
POINT
  8
3
 10
28.65
 20
-62.13
  0
TEXT
  8
1
 10
28.65
 20
-62.13
 40
8.00
  1
# 776
  0
POINT
  8
2
 10
17.42
 20
-61.80
  0
TEXT
  8
1
 10
17.42
 20
-61.80
 40
8.00
  1
# 777
  0
POINT
  8
3
 10
17.01
 20
-50.57
  0
TEXT
  8
1
 10
17.01
 20
-50.57
 40
8.00
  1
# 778
  0
POINT
  8
2
 10
15.36
 20
-5.56
  0
TEXT
  8
1
 10
15.36
 20
-5.56
 40
8.00
  1
# 779
  0
POINT
  8
2
 10
15.36
 20
-5.56
  0
TEXT
  8
1
 10
15.36
 20
-5.56
 40
8.00
  1
# 780
  0
POINT
  8
3
 10
12.42
 20
65.86
  0
TEXT
  8
1
 10
12.42
 20
65.86
 40
8.00
  1
# 781
  0
POINT
  8
2
 10
11.92
 20
77.96
  0
TEXT
  8
1
 10
11.92
 20
77.96
 40
8.00
  1
# 755
  0
TEXT
  8
4
 10
226.97
 20
82.59
 40
8.00
  1
# 782
  0
POINT
  8
4
 10
226.97
 20
82.59
 30
10.00
 50
-86.366514
  0
TEXT
  8
4
 10
15.36
 20
-5.56
 40
8.00
  1
# 783
  0
POINT
  8
4
 10
15.36
 20
-5.56
 30
10.00
 50
2.353307
  0
TEXT
  8
1
 10
11.92
 20
-87.53
 40
8.00
  1
Piece Name: FR SD TOP
  0
TEXT
  8
1
 10
11.92
 20
-97.53
 40
8.00
  1
Size: S
  0
TEXT
  8
1
 10
11.92
 20
-107.53
 40
8.00
  1
Annotation: ORFATTI PROD(4 FEB26)
  0
TEXT
  8
1
 10
11.92
 20
-117.53
 40
8.00
  1
Quantity: 1
  0
TEXT
  8
1
 10
11.92
 20
-127.53
 40
8.00
  1
Category: X 2
  0
ENDBLK
  0
BLOCK
  2
FR_SD_BTMS
  8
1
 10
0.00
 20
0.00
 70
64
  0
POLYLINE
  8
14
 10
0
 20
0
 66
1
 70
1
  0
VERTEX
  8
14
 10
153.72
 20
-73.22
  0
VERTEX
  8
14
 10
150.54
 20
-72.25
  0
VERTEX
  8
14
 10
147.37
 20
-71.23
  0
VERTEX
  8
14
 10
144.21
 20
-70.15
  0
VERTEX
  8
14
 10
141.07
 20
-69.03
  0
VERTEX
  8
14
 10
137.96
 20
-67.86
  0
VERTEX
  8
14
 10
134.86
 20
-66.63
  0
VERTEX
  8
14
 10
131.78
 20
-65.36
  0
VERTEX
  8
14
 10
128.72
 20
-64.03
  0
VERTEX
  8
14
 10
125.69
 20
-62.66
  0
VERTEX
  8
14
 10
122.67
 20
-61.24
  0
VERTEX
  8
14
 10
119.68
 20
-59.76
  0
VERTEX
  8
14
 10
116.72
 20
-58.25
  0
VERTEX
  8
14
 10
113.78
 20
-56.68
  0
VERTEX
  8
14
 10
110.86
 20
-55.07
  0
VERTEX
  8
14
 10
107.97
 20
-53.40
  0
VERTEX
  8
14
 10
105.11
 20
-51.70
  0
VERTEX
  8
14
 10
103.03
 20
-50.40
  0
VERTEX
  8
14
 10
100.97
 20
-49.06
  0
VERTEX
  8
14
 10
98.94
 20
-47.67
  0
VERTEX
  8
14
 10
96.95
 20
-46.23
  0
VERTEX
  8
14
 10
94.99
 20
-44.76
  0
VERTEX
  8
14
 10
93.06
 20
-43.24
  0
VERTEX
  8
14
 10
91.16
 20
-41.67
  0
VERTEX
  8
14
 10
89.30
 20
-40.07
  0
VERTEX
  8
14
 10
87.47
 20
-38.43
  0
VERTEX
  8
14
 10
85.68
 20
-36.74
  0
VERTEX
  8
14
 10
83.93
 20
-35.02
  0
VERTEX
  8
14
 10
82.22
 20
-33.26
  0
VERTEX
  8
14
 10
80.54
 20
-31.46
  0
VERTEX
  8
14
 10
78.91
 20
-29.63
  0
VERTEX
  8
14
 10
77.32
 20
-27.76
  0
VERTEX
  8
14
 10
75.76
 20
-25.86
  0
VERTEX
  8
14
 10
73.95
 20
-23.42
  0
VERTEX
  8
14
 10
72.16
 20
-20.97
  0
VERTEX
  8
14
 10
70.41
 20
-18.49
  0
VERTEX
  8
14
 10
68.68
 20
-16.00
  0
VERTEX
  8
14
 10
66.98
 20
-13.48
  0
VERTEX
  8
14
 10
65.32
 20
-10.94
  0
VERTEX
  8
14
 10
63.68
 20
-8.38
  0
VERTEX
  8
14
 10
62.08
 20
-5.81
  0
VERTEX
  8
14
 10
60.51
 20
-3.21
  0
VERTEX
  8
14
 10
58.97
 20
-0.59
  0
VERTEX
  8
14
 10
57.46
 20
2.04
  0
VERTEX
  8
14
 10
55.98
 20
4.69
  0
VERTEX
  8
14
 10
54.54
 20
7.36
  0
VERTEX
  8
14
 10
53.13
 20
10.05
  0
VERTEX
  8
14
 10
51.75
 20
12.75
  0
VERTEX
  8
14
 10
50.40
 20
15.47
  0
VERTEX
  8
14
 10
49.15
 20
18.09
  0
VERTEX
  8
14
 10
47.92
 20
20.72
  0
VERTEX
  8
14
 10
46.74
 20
23.36
  0
VERTEX
  8
14
 10
45.58
 20
26.02
  0
VERTEX
  8
14
 10
44.46
 20
28.70
  0
VERTEX
  8
14
 10
43.38
 20
31.39
  0
VERTEX
  8
14
 10
42.32
 20
34.09
  0
VERTEX
  8
14
 10
41.31
 20
36.81
  0
VERTEX
  8
14
 10
40.32
 20
39.53
  0
VERTEX
  8
14
 10
39.38
 20
42.27
  0
VERTEX
  8
14
 10
38.46
 20
45.03
  0
VERTEX
  8
14
 10
37.58
 20
47.79
  0
VERTEX
  8
14
 10
36.74
 20
50.56
  0
VERTEX
  8
14
 10
35.93
 20
53.35
  0
VERTEX
  8
14
 10
35.16
 20
56.14
  0
VERTEX
  8
14
 10
34.42
 20
58.95
  0
VERTEX
  8
14
 10
116.86
 20
59.17
  0
VERTEX
  8
14
 10
110.99
 20
91.44
  0
VERTEX
  8
14
 10
137.92
 20
91.19
  0
VERTEX
  8
14
 10
164.85
 20
90.99
  0
VERTEX
  8
14
 10
191.78
 20
90.85
  0
VERTEX
  8
14
 10
218.72
 20
90.76
  0
VERTEX
  8
14
 10
239.66
 20
90.74
  0
VERTEX
  8
14
 10
260.61
 20
90.78
  0
VERTEX
  8
14
 10
281.55
 20
90.87
  0
VERTEX
  8
14
 10
302.50
 20
91.02
  0
VERTEX
  8
14
 10
303.30
 20
58.55
  0
VERTEX
  8
14
 10
306.39
 20
-13.13
  0
VERTEX
  8
14
 10
308.10
 20
-58.44
  0
VERTEX
  8
14
 10
297.20
 20
-59.22
  0
VERTEX
  8
14
 10
286.30
 20
-60.04
  0
VERTEX
  8
14
 10
275.40
 20
-60.89
  0
VERTEX
  8
14
 10
264.50
 20
-61.78
  0
VERTEX
  8
14
 10
253.61
 20
-62.70
  0
VERTEX
  8
14
 10
242.72
 20
-63.66
  0
VERTEX
  8
14
 10
231.83
 20
-64.65
  0
VERTEX
  8
14
 10
220.95
 20
-65.67
  0
VERTEX
  8
14
 10
212.53
 20
-66.49
  0
VERTEX
  8
14
 10
204.12
 20
-67.35
  0
VERTEX
  8
14
 10
195.71
 20
-68.24
  0
VERTEX
  8
14
 10
187.31
 20
-69.17
  0
VERTEX
  8
14
 10
178.90
 20
-70.13
  0
VERTEX
  8
14
 10
170.51
 20
-71.13
  0
VERTEX
  8
14
 10
162.11
 20
-72.16
  0
SEQEND
  0
POINT
  8
2
 10
153.72
 20
-73.22
  0
TEXT
  8
14
 10
153.72
 20
-73.22
 40
8.00
  1
# 784
  0
POINT
  8
3
 10
150.54
 20
-72.25
  0
POINT
  8
3
 10
147.37
 20
-71.23
  0
POINT
  8
3
 10
144.21
 20
-70.15
  0
POINT
  8
3
 10
141.07
 20
-69.03
  0
POINT
  8
3
 10
137.96
 20
-67.86
  0
POINT
  8
3
 10
134.86
 20
-66.63
  0
POINT
  8
3
 10
131.78
 20
-65.36
  0
POINT
  8
3
 10
128.72
 20
-64.03
  0
POINT
  8
3
 10
125.69
 20
-62.66
  0
POINT
  8
3
 10
122.67
 20
-61.24
  0
POINT
  8
3
 10
119.68
 20
-59.76
  0
POINT
  8
3
 10
116.72
 20
-58.25
  0
POINT
  8
3
 10
113.78
 20
-56.68
  0
POINT
  8
3
 10
110.86
 20
-55.07
  0
POINT
  8
3
 10
107.97
 20
-53.40
  0
POINT
  8
3
 10
105.11
 20
-51.70
  0
TEXT
  8
14
 10
105.11
 20
-51.70
 40
8.00
  1
# 785
  0
POINT
  8
3
 10
103.03
 20
-50.40
  0
POINT
  8
3
 10
100.97
 20
-49.06
  0
POINT
  8
3
 10
98.94
 20
-47.67
  0
POINT
  8
3
 10
96.95
 20
-46.23
  0
POINT
  8
3
 10
94.99
 20
-44.76
  0
POINT
  8
3
 10
93.06
 20
-43.24
  0
POINT
  8
3
 10
91.16
 20
-41.67
  0
POINT
  8
3
 10
89.30
 20
-40.07
  0
POINT
  8
3
 10
87.47
 20
-38.43
  0
POINT
  8
3
 10
85.68
 20
-36.74
  0
POINT
  8
3
 10
83.93
 20
-35.02
  0
POINT
  8
3
 10
82.22
 20
-33.26
  0
POINT
  8
3
 10
80.54
 20
-31.46
  0
POINT
  8
3
 10
78.91
 20
-29.63
  0
POINT
  8
3
 10
77.32
 20
-27.76
  0
POINT
  8
3
 10
75.76
 20
-25.86
  0
TEXT
  8
14
 10
75.76
 20
-25.86
 40
8.00
  1
# 786
  0
POINT
  8
3
 10
73.95
 20
-23.42
  0
POINT
  8
3
 10
72.16
 20
-20.97
  0
POINT
  8
3
 10
70.41
 20
-18.49
  0
POINT
  8
3
 10
68.68
 20
-16.00
  0
POINT
  8
3
 10
66.98
 20
-13.48
  0
POINT
  8
3
 10
65.32
 20
-10.94
  0
POINT
  8
3
 10
63.68
 20
-8.38
  0
POINT
  8
3
 10
62.08
 20
-5.81
  0
POINT
  8
3
 10
60.51
 20
-3.21
  0
POINT
  8
3
 10
58.97
 20
-0.59
  0
POINT
  8
3
 10
57.46
 20
2.04
  0
POINT
  8
3
 10
55.98
 20
4.69
  0
POINT
  8
3
 10
54.54
 20
7.36
  0
POINT
  8
3
 10
53.13
 20
10.05
  0
POINT
  8
3
 10
51.75
 20
12.75
  0
POINT
  8
3
 10
50.40
 20
15.47
  0
TEXT
  8
14
 10
50.40
 20
15.47
 40
8.00
  1
# 787
  0
POINT
  8
3
 10
49.15
 20
18.09
  0
POINT
  8
3
 10
47.92
 20
20.72
  0
POINT
  8
3
 10
46.74
 20
23.36
  0
POINT
  8
3
 10
45.58
 20
26.02
  0
POINT
  8
3
 10
44.46
 20
28.70
  0
POINT
  8
3
 10
43.38
 20
31.39
  0
POINT
  8
3
 10
42.32
 20
34.09
  0
POINT
  8
3
 10
41.31
 20
36.81
  0
POINT
  8
3
 10
40.32
 20
39.53
  0
POINT
  8
3
 10
39.38
 20
42.27
  0
POINT
  8
3
 10
38.46
 20
45.03
  0
POINT
  8
3
 10
37.58
 20
47.79
  0
POINT
  8
3
 10
36.74
 20
50.56
  0
POINT
  8
3
 10
35.93
 20
53.35
  0
POINT
  8
3
 10
35.16
 20
56.14
  0
POINT
  8
2
 10
34.42
 20
58.95
  0
TEXT
  8
14
 10
34.42
 20
58.95
 40
8.00
  1
# 788
  0
POINT
  8
2
 10
116.86
 20
59.17
  0
TEXT
  8
14
 10
116.86
 20
59.17
 40
8.00
  1
# 789
  0
POINT
  8
2
 10
110.99
 20
91.44
  0
TEXT
  8
14
 10
110.99
 20
91.44
 40
8.00
  1
# 790
  0
POINT
  8
3
 10
137.92
 20
91.19
  0
POINT
  8
3
 10
164.85
 20
90.99
  0
POINT
  8
3
 10
191.78
 20
90.85
  0
POINT
  8
3
 10
218.72
 20
90.76
  0
TEXT
  8
14
 10
218.72
 20
90.76
 40
8.00
  1
# 791
  0
POINT
  8
3
 10
239.66
 20
90.74
  0
POINT
  8
3
 10
260.61
 20
90.78
  0
POINT
  8
3
 10
281.55
 20
90.87
  0
POINT
  8
2
 10
302.50
 20
91.02
  0
TEXT
  8
14
 10
302.50
 20
91.02
 40
8.00
  1
# 792
  0
POINT
  8
3
 10
303.30
 20
58.55
  0
TEXT
  8
14
 10
303.30
 20
58.55
 40
8.00
  1
# 793
  0
POINT
  8
3
 10
306.39
 20
-13.13
  0
TEXT
  8
14
 10
306.39
 20
-13.13
 40
8.00
  1
# 794
  0
POINT
  8
2
 10
308.10
 20
-58.44
  0
TEXT
  8
14
 10
308.10
 20
-58.44
 40
8.00
  1
# 795
  0
POINT
  8
3
 10
297.20
 20
-59.22
  0
POINT
  8
3
 10
286.30
 20
-60.04
  0
POINT
  8
3
 10
275.40
 20
-60.89
  0
POINT
  8
3
 10
264.50
 20
-61.78
  0
POINT
  8
3
 10
253.61
 20
-62.70
  0
POINT
  8
3
 10
242.72
 20
-63.66
  0
POINT
  8
3
 10
231.83
 20
-64.65
  0
POINT
  8
3
 10
220.95
 20
-65.67
  0
TEXT
  8
14
 10
220.95
 20
-65.67
 40
8.00
  1
# 796
  0
POINT
  8
3
 10
212.53
 20
-66.49
  0
POINT
  8
3
 10
204.12
 20
-67.35
  0
POINT
  8
3
 10
195.71
 20
-68.24
  0
POINT
  8
3
 10
187.31
 20
-69.17
  0
POINT
  8
3
 10
178.90
 20
-70.13
  0
POINT
  8
3
 10
170.51
 20
-71.13
  0
POINT
  8
3
 10
162.11
 20
-72.16
  0
POINT
  8
2
 10
153.72
 20
-73.22
  0
TEXT
  8
14
 10
153.72
 20
-73.22
 40
8.00
  1
# 784
  0
POLYLINE
  8
1
 10
0
 20
0
 66
1
 70
1
  0
VERTEX
  8
1
 10
152.68
 20
-85.45
  0
VERTEX
  8
1
 10
150.23
 20
-84.70
  0
VERTEX
  8
1
 10
147.29
 20
-83.81
  0
VERTEX
  8
1
 10
144.36
 20
-82.87
  0
VERTEX
  8
1
 10
141.44
 20
-81.90
  0
VERTEX
  8
1
 10
138.55
 20
-80.88
  0
VERTEX
  8
1
 10
135.66
 20
-79.82
  0
VERTEX
  8
1
 10
132.79
 20
-78.72
  0
VERTEX
  8
1
 10
129.94
 20
-77.58
  0
VERTEX
  8
1
 10
127.10
 20
-76.41
  0
VERTEX
  8
1
 10
124.26
 20
-75.18
  0
VERTEX
  8
1
 10
121.43
 20
-73.91
  0
VERTEX
  8
1
 10
118.62
 20
-72.60
  0
VERTEX
  8
1
 10
115.84
 20
-71.25
  0
VERTEX
  8
1
 10
113.07
 20
-69.86
  0
VERTEX
  8
1
 10
110.32
 20
-68.44
  0
VERTEX
  8
1
 10
107.59
 20
-66.97
  0
VERTEX
  8
1
 10
104.88
 20
-65.47
  0
VERTEX
  8
1
 10
102.61
 20
-64.22
  0
VERTEX
  8
1
 10
100.37
 20
-62.93
  0
VERTEX
  8
1
 10
98.16
 20
-61.59
  0
VERTEX
  8
1
 10
95.98
 20
-60.20
  0
VERTEX
  8
1
 10
93.83
 20
-58.76
  0
VERTEX
  8
1
 10
91.71
 20
-57.28
  0
VERTEX
  8
1
 10
89.62
 20
-55.75
  0
VERTEX
  8
1
 10
87.56
 20
-54.18
  0
VERTEX
  8
1
 10
85.45
 20
-52.50
  0
VERTEX
  8
1
 10
83.37
 20
-50.77
  0
VERTEX
  8
1
 10
81.33
 20
-49.00
  0
VERTEX
  8
1
 10
79.32
 20
-47.19
  0
VERTEX
  8
1
 10
77.35
 20
-45.34
  0
VERTEX
  8
1
 10
75.42
 20
-43.45
  0
VERTEX
  8
1
 10
73.53
 20
-41.51
  0
VERTEX
  8
1
 10
71.67
 20
-39.54
  0
VERTEX
  8
1
 10
70.94
 20
-38.77
  0
VERTEX
  8
1
 10
70.22
 20
-37.98
  0
VERTEX
  8
1
 10
69.52
 20
-37.18
  0
VERTEX
  8
1
 10
68.82
 20
-36.37
  0
VERTEX
  8
1
 10
68.13
 20
-35.55
  0
VERTEX
  8
1
 10
67.46
 20
-34.72
  0
VERTEX
  8
1
 10
66.80
 20
-33.88
  0
VERTEX
  8
1
 10
66.15
 20
-33.03
  0
VERTEX
  8
1
 10
64.96
 20
-31.45
  0
VERTEX
  8
1
 10
63.79
 20
-29.86
  0
VERTEX
  8
1
 10
62.62
 20
-28.26
  0
VERTEX
  8
1
 10
61.47
 20
-26.65
  0
VERTEX
  8
1
 10
60.33
 20
-25.03
  0
VERTEX
  8
1
 10
59.21
 20
-23.40
  0
VERTEX
  8
1
 10
58.09
 20
-21.77
  0
VERTEX
  8
1
 10
56.99
 20
-20.12
  0
VERTEX
  8
1
 10
54.84
 20
-16.80
  0
VERTEX
  8
1
 10
52.73
 20
-13.45
  0
VERTEX
  8
1
 10
50.66
 20
-10.08
  0
VERTEX
  8
1
 10
48.63
 20
-6.68
  0
VERTEX
  8
1
 10
47.02
 20
-3.90
  0
VERTEX
  8
1
 10
45.45
 20
-1.09
  0
VERTEX
  8
1
 10
43.92
 20
1.74
  0
VERTEX
  8
1
 10
42.44
 20
4.60
  0
VERTEX
  8
1
 10
40.87
 20
7.67
  0
VERTEX
  8
1
 10
39.34
 20
10.78
  0
VERTEX
  8
1
 10
37.86
 20
13.90
  0
VERTEX
  8
1
 10
36.42
 20
17.04
  0
VERTEX
  8
1
 10
35.02
 20
20.20
  0
VERTEX
  8
1
 10
33.68
 20
23.39
  0
VERTEX
  8
1
 10
32.37
 20
26.59
  0
VERTEX
  8
1
 10
31.11
 20
29.81
  0
VERTEX
  8
1
 10
29.91
 20
33.01
  0
VERTEX
  8
1
 10
28.76
 20
36.24
  0
VERTEX
  8
1
 10
27.65
 20
39.48
  0
VERTEX
  8
1
 10
26.59
 20
42.73
  0
VERTEX
  8
1
 10
25.58
 20
46.00
  0
VERTEX
  8
1
 10
24.61
 20
49.29
  0
VERTEX
  8
1
 10
23.69
 20
52.59
  0
VERTEX
  8
1
 10
22.82
 20
55.90
  0
VERTEX
  8
1
 10
18.87
 20
70.91
  0
VERTEX
  8
1
 10
34.39
 20
70.95
  0
VERTEX
  8
1
 10
102.49
 20
71.13
  0
VERTEX
  8
1
 10
99.18
 20
89.30
  0
VERTEX
  8
1
 10
96.58
 20
103.58
  0
VERTEX
  8
1
 10
111.10
 20
103.44
  0
VERTEX
  8
1
 10
138.01
 20
103.19
  0
VERTEX
  8
1
 10
164.91
 20
102.99
  0
VERTEX
  8
1
 10
191.82
 20
102.85
  0
VERTEX
  8
1
 10
218.73
 20
102.76
  0
VERTEX
  8
1
 10
239.65
 20
102.74
  0
VERTEX
  8
1
 10
260.57
 20
102.78
  0
VERTEX
  8
1
 10
281.49
 20
102.87
  0
VERTEX
  8
1
 10
302.41
 20
103.02
  0
VERTEX
  8
1
 10
314.20
 20
103.10
  0
VERTEX
  8
1
 10
314.49
 20
91.32
  0
VERTEX
  8
1
 10
315.30
 20
58.85
  0
VERTEX
  8
1
 10
318.38
 20
-12.64
  0
VERTEX
  8
1
 10
320.09
 20
-57.98
  0
VERTEX
  8
1
 10
320.53
 20
-69.58
  0
VERTEX
  8
1
 10
308.96
 20
-70.41
  0
VERTEX
  8
1
 10
298.09
 20
-71.19
  0
VERTEX
  8
1
 10
287.23
 20
-72.00
  0
VERTEX
  8
1
 10
276.37
 20
-72.85
  0
VERTEX
  8
1
 10
265.51
 20
-73.74
  0
VERTEX
  8
1
 10
254.65
 20
-74.65
  0
VERTEX
  8
1
 10
243.79
 20
-75.61
  0
VERTEX
  8
1
 10
232.94
 20
-76.59
  0
VERTEX
  8
1
 10
222.10
 20
-77.62
  0
VERTEX
  8
1
 10
213.72
 20
-78.43
  0
VERTEX
  8
1
 10
205.36
 20
-79.29
  0
VERTEX
  8
1
 10
196.99
 20
-80.17
  0
VERTEX
  8
1
 10
188.63
 20
-81.10
  0
VERTEX
  8
1
 10
180.28
 20
-82.05
  0
VERTEX
  8
1
 10
171.93
 20
-83.04
  0
VERTEX
  8
1
 10
163.58
 20
-84.07
  0
VERTEX
  8
1
 10
155.23
 20
-85.13
  0
SEQEND
  0
POINT
  8
2
 10
152.68
 20
-85.45
  0
TEXT
  8
1
 10
152.68
 20
-85.45
 40
8.00
  1
# 797
  0
POINT
  8
3
 10
150.23
 20
-84.70
  0
TEXT
  8
1
 10
150.23
 20
-84.70
 40
8.00
  1
# 798
  0
POINT
  8
3
 10
147.29
 20
-83.81
  0
POINT
  8
3
 10
144.36
 20
-82.87
  0
POINT
  8
3
 10
141.44
 20
-81.90
  0
POINT
  8
3
 10
138.55
 20
-80.88
  0
POINT
  8
3
 10
135.66
 20
-79.82
  0
POINT
  8
3
 10
132.79
 20
-78.72
  0
POINT
  8
3
 10
129.94
 20
-77.58
  0
POINT
  8
3
 10
127.10
 20
-76.41
  0
TEXT
  8
1
 10
127.10
 20
-76.41
 40
8.00
  1
# 799
  0
POINT
  8
3
 10
124.26
 20
-75.18
  0
POINT
  8
3
 10
121.43
 20
-73.91
  0
POINT
  8
3
 10
118.62
 20
-72.60
  0
POINT
  8
3
 10
115.84
 20
-71.25
  0
POINT
  8
3
 10
113.07
 20
-69.86
  0
POINT
  8
3
 10
110.32
 20
-68.44
  0
POINT
  8
3
 10
107.59
 20
-66.97
  0
POINT
  8
3
 10
104.88
 20
-65.47
  0
TEXT
  8
1
 10
104.88
 20
-65.47
 40
8.00
  1
# 800
  0
POINT
  8
3
 10
102.61
 20
-64.22
  0
POINT
  8
3
 10
100.37
 20
-62.93
  0
POINT
  8
3
 10
98.16
 20
-61.59
  0
POINT
  8
3
 10
95.98
 20
-60.20
  0
POINT
  8
3
 10
93.83
 20
-58.76
  0
POINT
  8
3
 10
91.71
 20
-57.28
  0
POINT
  8
3
 10
89.62
 20
-55.75
  0
POINT
  8
3
 10
87.56
 20
-54.18
  0
TEXT
  8
1
 10
87.56
 20
-54.18
 40
8.00
  1
# 801
  0
POINT
  8
3
 10
85.45
 20
-52.50
  0
POINT
  8
3
 10
83.37
 20
-50.77
  0
POINT
  8
3
 10
81.33
 20
-49.00
  0
POINT
  8
3
 10
79.32
 20
-47.19
  0
POINT
  8
3
 10
77.35
 20
-45.34
  0
POINT
  8
3
 10
75.42
 20
-43.45
  0
POINT
  8
3
 10
73.53
 20
-41.51
  0
POINT
  8
3
 10
71.67
 20
-39.54
  0
TEXT
  8
1
 10
71.67
 20
-39.54
 40
8.00
  1
# 802
  0
POINT
  8
3
 10
70.94
 20
-38.77
  0
POINT
  8
3
 10
70.22
 20
-37.98
  0
POINT
  8
3
 10
69.52
 20
-37.18
  0
POINT
  8
3
 10
68.82
 20
-36.37
  0
POINT
  8
3
 10
68.13
 20
-35.55
  0
POINT
  8
3
 10
67.46
 20
-34.72
  0
POINT
  8
3
 10
66.80
 20
-33.88
  0
POINT
  8
3
 10
66.15
 20
-33.03
  0
TEXT
  8
1
 10
66.15
 20
-33.03
 40
8.00
  1
# 803
  0
POINT
  8
3
 10
64.96
 20
-31.45
  0
POINT
  8
3
 10
63.79
 20
-29.86
  0
POINT
  8
3
 10
62.62
 20
-28.26
  0
POINT
  8
3
 10
61.47
 20
-26.65
  0
POINT
  8
3
 10
60.33
 20
-25.03
  0
POINT
  8
3
 10
59.21
 20
-23.40
  0
POINT
  8
3
 10
58.09
 20
-21.77
  0
POINT
  8
3
 10
56.99
 20
-20.12
  0
TEXT
  8
1
 10
56.99
 20
-20.12
 40
8.00
  1
# 804
  0
POINT
  8
3
 10
54.84
 20
-16.80
  0
POINT
  8
3
 10
52.73
 20
-13.45
  0
POINT
  8
3
 10
50.66
 20
-10.08
  0
POINT
  8
3
 10
48.63
 20
-6.68
  0
TEXT
  8
1
 10
48.63
 20
-6.68
 40
8.00
  1
# 805
  0
POINT
  8
3
 10
47.02
 20
-3.90
  0
POINT
  8
3
 10
45.45
 20
-1.09
  0
POINT
  8
3
 10
43.92
 20
1.74
  0
POINT
  8
3
 10
42.44
 20
4.60
  0
TEXT
  8
1
 10
42.44
 20
4.60
 40
8.00
  1
# 806
  0
POINT
  8
3
 10
40.87
 20
7.67
  0
POINT
  8
3
 10
39.34
 20
10.78
  0
POINT
  8
3
 10
37.86
 20
13.90
  0
POINT
  8
3
 10
36.42
 20
17.04
  0
POINT
  8
3
 10
35.02
 20
20.20
  0
POINT
  8
3
 10
33.68
 20
23.39
  0
POINT
  8
3
 10
32.37
 20
26.59
  0
POINT
  8
3
 10
31.11
 20
29.81
  0
TEXT
  8
1
 10
31.11
 20
29.81
 40
8.00
  1
# 807
  0
POINT
  8
3
 10
29.91
 20
33.01
  0
POINT
  8
3
 10
28.76
 20
36.24
  0
POINT
  8
3
 10
27.65
 20
39.48
  0
POINT
  8
3
 10
26.59
 20
42.73
  0
POINT
  8
3
 10
25.58
 20
46.00
  0
POINT
  8
3
 10
24.61
 20
49.29
  0
POINT
  8
3
 10
23.69
 20
52.59
  0
POINT
  8
3
 10
22.82
 20
55.90
  0
TEXT
  8
1
 10
22.82
 20
55.90
 40
8.00
  1
# 808
  0
POINT
  8
2
 10
18.87
 20
70.91
  0
TEXT
  8
1
 10
18.87
 20
70.91
 40
8.00
  1
# 809
  0
POINT
  8
3
 10
34.39
 20
70.95
  0
TEXT
  8
1
 10
34.39
 20
70.95
 40
8.00
  1
# 810
  0
POINT
  8
2
 10
102.49
 20
71.13
  0
TEXT
  8
1
 10
102.49
 20
71.13
 40
8.00
  1
# 811
  0
POINT
  8
3
 10
99.18
 20
89.30
  0
TEXT
  8
1
 10
99.18
 20
89.30
 40
8.00
  1
# 812
  0
POINT
  8
2
 10
96.58
 20
103.58
  0
TEXT
  8
1
 10
96.58
 20
103.58
 40
8.00
  1
# 813
  0
POINT
  8
3
 10
111.10
 20
103.44
  0
TEXT
  8
1
 10
111.10
 20
103.44
 40
8.00
  1
# 814
  0
POINT
  8
3
 10
138.01
 20
103.19
  0
POINT
  8
3
 10
164.91
 20
102.99
  0
POINT
  8
3
 10
191.82
 20
102.85
  0
POINT
  8
3
 10
218.73
 20
102.76
  0
TEXT
  8
1
 10
218.73
 20
102.76
 40
8.00
  1
# 815
  0
POINT
  8
3
 10
239.65
 20
102.74
  0
POINT
  8
3
 10
260.57
 20
102.78
  0
POINT
  8
3
 10
281.49
 20
102.87
  0
POINT
  8
3
 10
302.41
 20
103.02
  0
TEXT
  8
1
 10
302.41
 20
103.02
 40
8.00
  1
# 816
  0
POINT
  8
2
 10
314.20
 20
103.10
  0
TEXT
  8
1
 10
314.20
 20
103.10
 40
8.00
  1
# 817
  0
POINT
  8
3
 10
314.49
 20
91.32
  0
TEXT
  8
1
 10
314.49
 20
91.32
 40
8.00
  1
# 818
  0
POINT
  8
3
 10
315.30
 20
58.85
  0
TEXT
  8
1
 10
315.30
 20
58.85
 40
8.00
  1
# 819
  0
POINT
  8
2
 10
318.38
 20
-12.64
  0
TEXT
  8
1
 10
318.38
 20
-12.64
 40
8.00
  1
# 820
  0
POINT
  8
2
 10
318.38
 20
-12.64
  0
TEXT
  8
1
 10
318.38
 20
-12.64
 40
8.00
  1
# 821
  0
POINT
  8
3
 10
320.09
 20
-57.98
  0
TEXT
  8
1
 10
320.09
 20
-57.98
 40
8.00
  1
# 822
  0
POINT
  8
2
 10
320.53
 20
-69.58
  0
TEXT
  8
1
 10
320.53
 20
-69.58
 40
8.00
  1
# 823
  0
POINT
  8
3
 10
308.96
 20
-70.41
  0
TEXT
  8
1
 10
308.96
 20
-70.41
 40
8.00
  1
# 824
  0
POINT
  8
3
 10
298.09
 20
-71.19
  0
POINT
  8
3
 10
287.23
 20
-72.00
  0
POINT
  8
3
 10
276.37
 20
-72.85
  0
POINT
  8
3
 10
265.51
 20
-73.74
  0
POINT
  8
3
 10
254.65
 20
-74.65
  0
POINT
  8
3
 10
243.79
 20
-75.61
  0
POINT
  8
3
 10
232.94
 20
-76.59
  0
POINT
  8
3
 10
222.10
 20
-77.62
  0
TEXT
  8
1
 10
222.10
 20
-77.62
 40
8.00
  1
# 825
  0
POINT
  8
3
 10
213.72
 20
-78.43
  0
POINT
  8
3
 10
205.36
 20
-79.29
  0
POINT
  8
3
 10
196.99
 20
-80.17
  0
POINT
  8
3
 10
188.63
 20
-81.10
  0
POINT
  8
3
 10
180.28
 20
-82.05
  0
POINT
  8
3
 10
171.93
 20
-83.04
  0
POINT
  8
3
 10
163.58
 20
-84.07
  0
POINT
  8
3
 10
155.23
 20
-85.13
  0
TEXT
  8
1
 10
155.23
 20
-85.13
 40
8.00
  1
# 826
  0
POINT
  8
2
 10
152.68
 20
-85.45
  0
TEXT
  8
1
 10
152.68
 20
-85.45
 40
8.00
  1
# 797
  0
POINT
  8
8
 10
116.86193847656
 20
59.172164916992
  0
POINT
  8
2
 10
116.86
 20
59.17
  0
TEXT
  8
8
 10
116.86
 20
59.17
 40
8.00
  1
# 827
  0
POINT
  8
2
 10
116.86
 20
59.17
  0
TEXT
  8
8
 10
116.86
 20
59.17
 40
8.00
  1
# 828
  0
LINE
  8
8
 10
116.86
 20
59.17
 11
303.30
 21
58.55
  0
POINT
  8
2
 10
116.86
 20
59.17
  0
POINT
  8
2
 10
303.30
 20
58.55
  0
TEXT
  8
8
 10
303.30
 20
58.55
 40
8.00
  1
# 829
  0
POINT
  8
2
 10
303.30
 20
58.55
  0
POINT
  8
8
 10
153.72415161133
 20
-73.221145629883
  0
POINT
  8
2
 10
153.72
 20
-73.22
  0
TEXT
  8
8
 10
153.72
 20
-73.22
 40
8.00
  1
# 830
  0
POINT
  8
2
 10
153.72
 20
-73.22
  0
TEXT
  8
8
 10
153.72
 20
-73.22
 40
8.00
  1
# 831
  0
LINE
  8
8
 10
153.72
 20
-73.22
 11
151.67
 21
59.06
  0
POINT
  8
2
 10
153.72
 20
-73.22
  0
POINT
  8
2
 10
151.67
 20
59.06
  0
TEXT
  8
8
 10
151.67
 20
59.06
 40
8.00
  1
# 832
  0
POINT
  8
2
 10
151.67
 20
59.06
  0
POINT
  8
13
 10
130.78
 20
59.14
  0
TEXT
  8
13
 10
130.78
 20
59.14
 40
8.00
  1
# 833
  0
TEXT
  8
4
 10
318.38
 20
-12.64
 40
8.00
  1
# 834
  0
POINT
  8
4
 10
318.38
 20
-12.64
 30
10.00
 50
-177.82998
  0
TEXT
  8
1
 10
18.87
 20
-105.45
 40
8.00
  1
Piece Name: FR SD BTM
  0
TEXT
  8
1
 10
18.87
 20
-115.45
 40
8.00
  1
Size: S
  0
TEXT
  8
1
 10
18.87
 20
-125.45
 40
8.00
  1
Annotation: ORFATTI PROD(4 FEB26)
  0
TEXT
  8
1
 10
18.87
 20
-135.45
 40
8.00
  1
Quantity: 1
  0
TEXT
  8
1
 10
18.87
 20
-145.45
 40
8.00
  1
Category: X 2
  0
ENDBLK
  0
BLOCK
  2
FR______S
  8
1
 10
0.00
 20
0.00
 70
64
  0
POLYLINE
  8
14
 10
0
 20
0
 66
1
 70
1
  0
VERTEX
  8
14
 10
23.36
 20
78.49
  0
VERTEX
  8
14
 10
305.68
 20
79.37
  0
VERTEX
  8
14
 10
305.68
 20
75.17
  0
VERTEX
  8
14
 10
305.74
 20
70.96
  0
VERTEX
  8
14
 10
305.84
 20
66.76
  0
VERTEX
  8
14
 10
306.00
 20
62.56
  0
VERTEX
  8
14
 10
306.21
 20
58.36
  0
VERTEX
  8
14
 10
306.48
 20
54.16
  0
VERTEX
  8
14
 10
306.80
 20
49.97
  0
VERTEX
  8
14
 10
307.17
 20
45.78
  0
VERTEX
  8
14
 10
307.35
 20
44.10
  0
VERTEX
  8
14
 10
307.59
 20
42.43
  0
VERTEX
  8
14
 10
307.88
 20
40.77
  0
VERTEX
  8
14
 10
308.23
 20
39.11
  0
VERTEX
  8
14
 10
308.62
 20
37.47
  0
VERTEX
  8
14
 10
309.07
 20
35.84
  0
VERTEX
  8
14
 10
309.56
 20
34.23
  0
VERTEX
  8
14
 10
310.11
 20
32.63
  0
VERTEX
  8
14
 10
310.54
 20
31.23
  0
VERTEX
  8
14
 10
311.00
 20
29.84
  0
VERTEX
  8
14
 10
311.48
 20
28.45
  0
VERTEX
  8
14
 10
311.97
 20
27.07
  0
VERTEX
  8
14
 10
312.50
 20
25.70
  0
VERTEX
  8
14
 10
313.04
 20
24.34
  0
VERTEX
  8
14
 10
313.60
 20
22.99
  0
VERTEX
  8
14
 10
314.19
 20
21.64
  0
VERTEX
  8
14
 10
314.80
 20
20.31
  0
VERTEX
  8
14
 10
315.42
 20
18.98
  0
VERTEX
  8
14
 10
316.07
 20
17.67
  0
VERTEX
  8
14
 10
316.74
 20
16.37
  0
VERTEX
  8
14
 10
317.43
 20
15.07
  0
VERTEX
  8
14
 10
318.15
 20
13.79
  0
VERTEX
  8
14
 10
318.88
 20
12.52
  0
VERTEX
  8
14
 10
319.63
 20
11.26
  0
VERTEX
  8
14
 10
320.40
 20
10.01
  0
VERTEX
  8
14
 10
321.19
 20
8.78
  0
VERTEX
  8
14
 10
322.00
 20
7.56
  0
VERTEX
  8
14
 10
322.83
 20
6.35
  0
VERTEX
  8
14
 10
323.68
 20
5.16
  0
VERTEX
  8
14
 10
324.55
 20
3.97
  0
VERTEX
  8
14
 10
325.44
 20
2.81
  0
VERTEX
  8
14
 10
326.34
 20
1.65
  0
VERTEX
  8
14
 10
327.27
 20
0.51
  0
VERTEX
  8
14
 10
328.21
 20
-0.61
  0
VERTEX
  8
14
 10
329.17
 20
-1.72
  0
VERTEX
  8
14
 10
330.14
 20
-2.81
  0
VERTEX
  8
14
 10
331.14
 20
-3.89
  0
VERTEX
  8
14
 10
332.15
 20
-4.95
  0
VERTEX
  8
14
 10
333.17
 20
-6.00
  0
VERTEX
  8
14
 10
334.22
 20
-7.03
  0
VERTEX
  8
14
 10
286.38
 20
-92.81
  0
VERTEX
  8
14
 10
233.39
 20
-93.51
  0
VERTEX
  8
14
 10
78.10
 20
-98.16
  0
VERTEX
  8
14
 10
29.93
 20
-99.17
  0
VERTEX
  8
14
 10
28.54
 20
-65.68
  0
SEQEND
  0
POINT
  8
2
 10
23.36
 20
78.49
  0
TEXT
  8
14
 10
23.36
 20
78.49
 40
8.00
  1
# 835
  0
POINT
  8
2
 10
305.68
 20
79.37
  0
TEXT
  8
14
 10
305.68
 20
79.37
 40
8.00
  1
# 836
  0
POINT
  8
3
 10
305.68
 20
75.17
  0
POINT
  8
3
 10
305.74
 20
70.96
  0
POINT
  8
3
 10
305.84
 20
66.76
  0
POINT
  8
3
 10
306.00
 20
62.56
  0
POINT
  8
3
 10
306.21
 20
58.36
  0
POINT
  8
3
 10
306.48
 20
54.16
  0
POINT
  8
3
 10
306.80
 20
49.97
  0
POINT
  8
3
 10
307.17
 20
45.78
  0
TEXT
  8
14
 10
307.17
 20
45.78
 40
8.00
  1
# 837
  0
POINT
  8
3
 10
307.35
 20
44.10
  0
POINT
  8
3
 10
307.59
 20
42.43
  0
POINT
  8
3
 10
307.88
 20
40.77
  0
POINT
  8
3
 10
308.23
 20
39.11
  0
POINT
  8
3
 10
308.62
 20
37.47
  0
POINT
  8
3
 10
309.07
 20
35.84
  0
POINT
  8
3
 10
309.56
 20
34.23
  0
POINT
  8
3
 10
310.11
 20
32.63
  0
TEXT
  8
14
 10
310.11
 20
32.63
 40
8.00
  1
# 838
  0
POINT
  8
3
 10
310.54
 20
31.23
  0
POINT
  8
3
 10
311.00
 20
29.84
  0
POINT
  8
3
 10
311.48
 20
28.45
  0
POINT
  8
3
 10
311.97
 20
27.07
  0
POINT
  8
3
 10
312.50
 20
25.70
  0
POINT
  8
3
 10
313.04
 20
24.34
  0
POINT
  8
3
 10
313.60
 20
22.99
  0
POINT
  8
3
 10
314.19
 20
21.64
  0
POINT
  8
3
 10
314.80
 20
20.31
  0
POINT
  8
3
 10
315.42
 20
18.98
  0
POINT
  8
3
 10
316.07
 20
17.67
  0
POINT
  8
3
 10
316.74
 20
16.37
  0
POINT
  8
3
 10
317.43
 20
15.07
  0
POINT
  8
3
 10
318.15
 20
13.79
  0
POINT
  8
3
 10
318.88
 20
12.52
  0
POINT
  8
3
 10
319.63
 20
11.26
  0
TEXT
  8
14
 10
319.63
 20
11.26
 40
8.00
  1
# 839
  0
POINT
  8
3
 10
320.40
 20
10.01
  0
POINT
  8
3
 10
321.19
 20
8.78
  0
POINT
  8
3
 10
322.00
 20
7.56
  0
POINT
  8
3
 10
322.83
 20
6.35
  0
POINT
  8
3
 10
323.68
 20
5.16
  0
POINT
  8
3
 10
324.55
 20
3.97
  0
POINT
  8
3
 10
325.44
 20
2.81
  0
POINT
  8
3
 10
326.34
 20
1.65
  0
POINT
  8
3
 10
327.27
 20
0.51
  0
POINT
  8
3
 10
328.21
 20
-0.61
  0
POINT
  8
3
 10
329.17
 20
-1.72
  0
POINT
  8
3
 10
330.14
 20
-2.81
  0
POINT
  8
3
 10
331.14
 20
-3.89
  0
POINT
  8
3
 10
332.15
 20
-4.95
  0
POINT
  8
3
 10
333.17
 20
-6.00
  0
POINT
  8
2
 10
334.22
 20
-7.03
  0
TEXT
  8
14
 10
334.22
 20
-7.03
 40
8.00
  1
# 840
  0
POINT
  8
2
 10
286.38
 20
-92.81
  0
TEXT
  8
14
 10
286.38
 20
-92.81
 40
8.00
  1
# 841
  0
POINT
  8
2
 10
233.39
 20
-93.51
  0
TEXT
  8
14
 10
233.39
 20
-93.51
 40
8.00
  1
# 842
  0
POINT
  8
3
 10
78.10
 20
-98.16
  0
TEXT
  8
14
 10
78.10
 20
-98.16
 40
8.00
  1
# 843
  0
POINT
  8
2
 10
29.93
 20
-99.17
  0
TEXT
  8
14
 10
29.93
 20
-99.17
 40
8.00
  1
# 844
  0
POINT
  8
3
 10
28.54
 20
-65.68
  0
TEXT
  8
14
 10
28.54
 20
-65.68
 40
8.00
  1
# 845
  0
POINT
  8
2
 10
23.36
 20
78.49
  0
TEXT
  8
14
 10
23.36
 20
78.49
 40
8.00
  1
# 835
  0
POLYLINE
  8
1
 10
0
 20
0
 66
1
 70
1
  0
VERTEX
  8
1
 10
11.96
 20
89.46
  0
VERTEX
  8
1
 10
23.33
 20
89.49
  0
VERTEX
  8
1
 10
305.64
 20
90.37
  0
VERTEX
  8
1
 10
316.67
 20
90.41
  0
VERTEX
  8
1
 10
316.68
 20
79.38
  0
VERTEX
  8
1
 10
316.66
 20
76.31
  0
VERTEX
  8
1
 10
316.68
 20
73.24
  0
VERTEX
  8
1
 10
316.74
 20
70.18
  0
VERTEX
  8
1
 10
316.84
 20
67.11
  0
VERTEX
  8
1
 10
317.01
 20
63.05
  0
VERTEX
  8
1
 10
317.22
 20
58.99
  0
VERTEX
  8
1
 10
317.47
 20
54.93
  0
VERTEX
  8
1
 10
317.76
 20
50.87
  0
VERTEX
  8
1
 10
317.85
 20
49.18
  0
VERTEX
  8
1
 10
318.00
 20
47.50
  0
VERTEX
  8
1
 10
318.20
 20
45.82
  0
VERTEX
  8
1
 10
318.46
 20
44.15
  0
VERTEX
  8
1
 10
318.77
 20
42.50
  0
VERTEX
  8
1
 10
319.13
 20
40.87
  0
VERTEX
  8
1
 10
319.55
 20
39.24
  0
VERTEX
  8
1
 10
320.03
 20
37.63
  0
VERTEX
  8
1
 10
320.43
 20
36.28
  0
VERTEX
  8
1
 10
320.86
 20
34.93
  0
VERTEX
  8
1
 10
321.31
 20
33.59
  0
VERTEX
  8
1
 10
321.78
 20
32.26
  0
VERTEX
  8
1
 10
322.27
 20
30.94
  0
VERTEX
  8
1
 10
322.79
 20
29.62
  0
VERTEX
  8
1
 10
323.32
 20
28.32
  0
VERTEX
  8
1
 10
323.88
 20
27.02
  0
VERTEX
  8
1
 10
324.45
 20
25.73
  0
VERTEX
  8
1
 10
325.04
 20
24.45
  0
VERTEX
  8
1
 10
325.66
 20
23.18
  0
VERTEX
  8
1
 10
326.29
 20
21.92
  0
VERTEX
  8
1
 10
326.95
 20
20.67
  0
VERTEX
  8
1
 10
327.62
 20
19.42
  0
VERTEX
  8
1
 10
328.32
 20
18.19
  0
VERTEX
  8
1
 10
329.03
 20
16.98
  0
VERTEX
  8
1
 10
329.71
 20
15.86
  0
VERTEX
  8
1
 10
330.40
 20
14.76
  0
VERTEX
  8
1
 10
331.12
 20
13.67
  0
VERTEX
  8
1
 10
331.85
 20
12.59
  0
VERTEX
  8
1
 10
332.60
 20
11.53
  0
VERTEX
  8
1
 10
333.37
 20
10.48
  0
VERTEX
  8
1
 10
334.16
 20
9.44
  0
VERTEX
  8
1
 10
334.96
 20
8.42
  0
VERTEX
  8
1
 10
335.78
 20
7.40
  0
VERTEX
  8
1
 10
336.62
 20
6.41
  0
VERTEX
  8
1
 10
337.48
 20
5.43
  0
VERTEX
  8
1
 10
338.35
 20
4.46
  0
VERTEX
  8
1
 10
339.24
 20
3.51
  0
VERTEX
  8
1
 10
340.14
 20
2.57
  0
VERTEX
  8
1
 10
341.07
 20
1.65
  0
VERTEX
  8
1
 10
342.00
 20
0.74
  0
VERTEX
  8
1
 10
347.87
 20
-5.13
  0
VERTEX
  8
1
 10
343.83
 20
-12.39
  0
VERTEX
  8
1
 10
295.99
 20
-98.17
  0
VERTEX
  8
1
 10
292.89
 20
-103.72
  0
VERTEX
  8
1
 10
286.52
 20
-103.81
  0
VERTEX
  8
1
 10
233.72
 20
-104.50
  0
VERTEX
  8
1
 10
78.39
 20
-109.16
  0
VERTEX
  8
1
 10
30.16
 20
-110.17
  0
VERTEX
  8
1
 10
19.39
 20
-110.39
  0
VERTEX
  8
1
 10
18.94
 20
-99.63
  0
VERTEX
  8
1
 10
17.55
 20
-66.11
  0
VERTEX
  8
1
 10
12.37
 20
78.10
  0
SEQEND
  0
POINT
  8
2
 10
11.96
 20
89.46
  0
TEXT
  8
1
 10
11.96
 20
89.46
 40
8.00
  1
# 846
  0
POINT
  8
3
 10
23.33
 20
89.49
  0
TEXT
  8
1
 10
23.33
 20
89.49
 40
8.00
  1
# 847
  0
POINT
  8
3
 10
305.64
 20
90.37
  0
TEXT
  8
1
 10
305.64
 20
90.37
 40
8.00
  1
# 848
  0
POINT
  8
2
 10
316.67
 20
90.41
  0
TEXT
  8
1
 10
316.67
 20
90.41
 40
8.00
  1
# 849
  0
POINT
  8
3
 10
316.68
 20
79.38
  0
TEXT
  8
1
 10
316.68
 20
79.38
 40
8.00
  1
# 850
  0
POINT
  8
3
 10
316.66
 20
76.31
  0
POINT
  8
3
 10
316.68
 20
73.24
  0
POINT
  8
3
 10
316.74
 20
70.18
  0
POINT
  8
3
 10
316.84
 20
67.11
  0
TEXT
  8
1
 10
316.84
 20
67.11
 40
8.00
  1
# 851
  0
POINT
  8
3
 10
317.01
 20
63.05
  0
POINT
  8
3
 10
317.22
 20
58.99
  0
POINT
  8
3
 10
317.47
 20
54.93
  0
POINT
  8
3
 10
317.76
 20
50.87
  0
TEXT
  8
1
 10
317.76
 20
50.87
 40
8.00
  1
# 852
  0
POINT
  8
3
 10
317.85
 20
49.18
  0
POINT
  8
3
 10
318.00
 20
47.50
  0
POINT
  8
3
 10
318.20
 20
45.82
  0
POINT
  8
3
 10
318.46
 20
44.15
  0
TEXT
  8
1
 10
318.46
 20
44.15
 40
8.00
  1
# 853
  0
POINT
  8
3
 10
318.77
 20
42.50
  0
POINT
  8
3
 10
319.13
 20
40.87
  0
POINT
  8
3
 10
319.55
 20
39.24
  0
POINT
  8
3
 10
320.03
 20
37.63
  0
TEXT
  8
1
 10
320.03
 20
37.63
 40
8.00
  1
# 854
  0
POINT
  8
3
 10
320.43
 20
36.28
  0
POINT
  8
3
 10
320.86
 20
34.93
  0
POINT
  8
3
 10
321.31
 20
33.59
  0
POINT
  8
3
 10
321.78
 20
32.26
  0
POINT
  8
3
 10
322.27
 20
30.94
  0
POINT
  8
3
 10
322.79
 20
29.62
  0
POINT
  8
3
 10
323.32
 20
28.32
  0
POINT
  8
3
 10
323.88
 20
27.02
  0
POINT
  8
3
 10
324.45
 20
25.73
  0
POINT
  8
3
 10
325.04
 20
24.45
  0
POINT
  8
3
 10
325.66
 20
23.18
  0
POINT
  8
3
 10
326.29
 20
21.92
  0
POINT
  8
3
 10
326.95
 20
20.67
  0
POINT
  8
3
 10
327.62
 20
19.42
  0
POINT
  8
3
 10
328.32
 20
18.19
  0
POINT
  8
3
 10
329.03
 20
16.98
  0
TEXT
  8
1
 10
329.03
 20
16.98
 40
8.00
  1
# 855
  0
POINT
  8
3
 10
329.71
 20
15.86
  0
POINT
  8
3
 10
330.40
 20
14.76
  0
POINT
  8
3
 10
331.12
 20
13.67
  0
POINT
  8
3
 10
331.85
 20
12.59
  0
POINT
  8
3
 10
332.60
 20
11.53
  0
POINT
  8
3
 10
333.37
 20
10.48
  0
POINT
  8
3
 10
334.16
 20
9.44
  0
POINT
  8
3
 10
334.96
 20
8.42
  0
POINT
  8
3
 10
335.78
 20
7.40
  0
POINT
  8
3
 10
336.62
 20
6.41
  0
POINT
  8
3
 10
337.48
 20
5.43
  0
POINT
  8
3
 10
338.35
 20
4.46
  0
POINT
  8
3
 10
339.24
 20
3.51
  0
POINT
  8
3
 10
340.14
 20
2.57
  0
POINT
  8
3
 10
341.07
 20
1.65
  0
POINT
  8
3
 10
342.00
 20
0.74
  0
TEXT
  8
1
 10
342.00
 20
0.74
 40
8.00
  1
# 856
  0
POINT
  8
2
 10
347.87
 20
-5.13
  0
TEXT
  8
1
 10
347.87
 20
-5.13
 40
8.00
  1
# 857
  0
POINT
  8
3
 10
343.83
 20
-12.39
  0
TEXT
  8
1
 10
343.83
 20
-12.39
 40
8.00
  1
# 858
  0
POINT
  8
3
 10
295.99
 20
-98.17
  0
TEXT
  8
1
 10
295.99
 20
-98.17
 40
8.00
  1
# 859
  0
POINT
  8
2
 10
292.89
 20
-103.72
  0
TEXT
  8
1
 10
292.89
 20
-103.72
 40
8.00
  1
# 860
  0
POINT
  8
3
 10
286.52
 20
-103.81
  0
TEXT
  8
1
 10
286.52
 20
-103.81
 40
8.00
  1
# 861
  0
POINT
  8
2
 10
233.72
 20
-104.50
  0
TEXT
  8
1
 10
233.72
 20
-104.50
 40
8.00
  1
# 862
  0
POINT
  8
3
 10
78.39
 20
-109.16
  0
TEXT
  8
1
 10
78.39
 20
-109.16
 40
8.00
  1
# 863
  0
POINT
  8
3
 10
30.16
 20
-110.17
  0
TEXT
  8
1
 10
30.16
 20
-110.17
 40
8.00
  1
# 864
  0
POINT
  8
2
 10
19.39
 20
-110.39
  0
TEXT
  8
1
 10
19.39
 20
-110.39
 40
8.00
  1
# 865
  0
POINT
  8
3
 10
18.94
 20
-99.63
  0
TEXT
  8
1
 10
18.94
 20
-99.63
 40
8.00
  1
# 866
  0
POINT
  8
3
 10
17.55
 20
-66.11
  0
TEXT
  8
1
 10
17.55
 20
-66.11
 40
8.00
  1
# 867
  0
POINT
  8
3
 10
12.37
 20
78.10
  0
TEXT
  8
1
 10
12.37
 20
78.10
 40
8.00
  1
# 868
  0
POINT
  8
2
 10
11.96
 20
89.46
  0
TEXT
  8
1
 10
11.96
 20
89.46
 40
8.00
  1
# 846
  0
POINT
  8
8
 10
23.407409667969
 20
63.493347167969
  0
POINT
  8
2
 10
23.41
 20
63.49
  0
TEXT
  8
8
 10
23.41
 20
63.49
 40
8.00
  1
# 869
  0
POINT
  8
2
 10
23.41
 20
63.49
  0
TEXT
  8
8
 10
23.41
 20
63.49
 40
8.00
  1
# 870
  0
LINE
  8
8
 10
23.41
 20
63.49
 11
305.73
 21
64.37
  0
POINT
  8
2
 10
23.41
 20
63.49
  0
POINT
  8
2
 10
305.73
 20
64.37
  0
TEXT
  8
8
 10
305.73
 20
64.37
 40
8.00
  1
# 871
  0
POINT
  8
2
 10
305.73
 20
64.37
  0
POINT
  8
8
 10
23.454162597656
 20
48.493408203125
  0
POINT
  8
2
 10
23.45
 20
48.49
  0
TEXT
  8
8
 10
23.45
 20
48.49
 40
8.00
  1
# 872
  0
POINT
  8
2
 10
23.45
 20
48.49
  0
TEXT
  8
8
 10
23.45
 20
48.49
 40
8.00
  1
# 873
  0
LINE
  8
8
 10
23.45
 20
48.49
 11
305.77
 21
49.37
  0
POINT
  8
2
 10
23.45
 20
48.49
  0
POINT
  8
2
 10
305.77
 20
49.37
  0
TEXT
  8
8
 10
305.77
 20
49.37
 40
8.00
  1
# 874
  0
POINT
  8
2
 10
305.77
 20
49.37
  0
POINT
  8
13
 10
275.72
 20
65.24
  0
TEXT
  8
13
 10
275.72
 20
65.24
 40
8.00
  1
# 875
  0
POINT
  8
13
 10
141.60
 20
64.71
  0
TEXT
  8
13
 10
141.60
 20
64.71
 40
8.00
  1
# 876
  0
TEXT
  8
4
 10
233.72
 20
-104.50
 40
8.00
  1
# 877
  0
POINT
  8
4
 10
233.72
 20
-104.50
 30
10.00
 50
91.715303
  0
TEXT
  8
4
 10
17.55
 20
-66.11
 40
8.00
  1
# 878
  0
POINT
  8
4
 10
17.55
 20
-66.11
 30
10.00
 50
2.058603
  0
TEXT
  8
1
 10
11.96
 20
-130.39
 40
8.00
  1
Piece Name: FR      
  0
TEXT
  8
1
 10
11.96
 20
-140.39
 40
8.00
  1
Size: S
  0
TEXT
  8
1
 10
11.96
 20
-150.39
 40
8.00
  1
Annotation: ORFATTI PROD(4 FEB26)
  0
TEXT
  8
1
 10
11.96
 20
-160.39
 40
8.00
  1
Quantity: 1
  0
TEXT
  8
1
 10
11.96
 20
-170.39
 40
8.00
  1
Category: X 2
  0
ENDBLK
  0
BLOCK
  2
FR_BTMS
  8
1
 10
0.00
 20
0.00
 70
64
  0
POLYLINE
  8
14
 10
0
 20
0
 66
1
 70
1
  0
VERTEX
  8
14
 10
32.10
 20
85.81
  0
VERTEX
  8
14
 10
66.88
 20
85.62
  0
VERTEX
  8
14
 10
101.65
 20
85.47
  0
VERTEX
  8
14
 10
136.43
 20
85.34
  0
VERTEX
  8
14
 10
171.20
 20
85.24
  0
VERTEX
  8
14
 10
205.98
 20
85.17
  0
VERTEX
  8
14
 10
240.75
 20
85.12
  0
VERTEX
  8
14
 10
275.53
 20
85.10
  0
VERTEX
  8
14
 10
310.30
 20
85.11
  0
VERTEX
  8
14
 10
315.48
 20
-59.07
  0
VERTEX
  8
14
 10
316.78
 20
-92.22
  0
VERTEX
  8
14
 10
146.83
 20
-102.91
  0
VERTEX
  8
14
 10
48.62
 20
-105.60
  0
VERTEX
  8
14
 10
47.59
 20
-101.21
  0
VERTEX
  8
14
 10
46.60
 20
-96.81
  0
VERTEX
  8
14
 10
45.65
 20
-92.40
  0
VERTEX
  8
14
 10
44.74
 20
-87.98
  0
VERTEX
  8
14
 10
43.87
 20
-83.56
  0
VERTEX
  8
14
 10
43.04
 20
-79.12
  0
VERTEX
  8
14
 10
42.26
 20
-74.68
  0
VERTEX
  8
14
 10
41.52
 20
-70.23
  0
VERTEX
  8
14
 10
40.82
 20
-65.78
  0
VERTEX
  8
14
 10
40.16
 20
-61.32
  0
VERTEX
  8
14
 10
39.54
 20
-56.85
  0
VERTEX
  8
14
 10
38.96
 20
-52.38
  0
VERTEX
  8
14
 10
38.43
 20
-47.90
  0
VERTEX
  8
14
 10
37.94
 20
-43.42
  0
VERTEX
  8
14
 10
37.49
 20
-38.93
  0
VERTEX
  8
14
 10
37.08
 20
-34.44
  0
VERTEX
  8
14
 10
36.45
 20
-26.94
  0
VERTEX
  8
14
 10
35.87
 20
-19.44
  0
VERTEX
  8
14
 10
35.33
 20
-11.93
  0
VERTEX
  8
14
 10
34.83
 20
-4.43
  0
VERTEX
  8
14
 10
34.37
 20
3.08
  0
VERTEX
  8
14
 10
33.95
 20
10.60
  0
VERTEX
  8
14
 10
33.58
 20
18.11
  0
VERTEX
  8
14
 10
33.25
 20
25.63
  0
VERTEX
  8
14
 10
32.96
 20
33.15
  0
VERTEX
  8
14
 10
32.71
 20
40.67
  0
VERTEX
  8
14
 10
32.50
 20
48.19
  0
VERTEX
  8
14
 10
32.34
 20
55.71
  0
VERTEX
  8
14
 10
32.22
 20
63.24
  0
VERTEX
  8
14
 10
32.14
 20
70.76
  0
VERTEX
  8
14
 10
32.10
 20
78.28
  0
SEQEND
  0
POINT
  8
2
 10
32.10
 20
85.81
  0
TEXT
  8
14
 10
32.10
 20
85.81
 40
8.00
  1
# 879
  0
POINT
  8
3
 10
66.88
 20
85.62
  0
POINT
  8
3
 10
101.65
 20
85.47
  0
POINT
  8
3
 10
136.43
 20
85.34
  0
POINT
  8
3
 10
171.20
 20
85.24
  0
TEXT
  8
14
 10
171.20
 20
85.24
 40
8.00
  1
# 880
  0
POINT
  8
3
 10
205.98
 20
85.17
  0
POINT
  8
3
 10
240.75
 20
85.12
  0
POINT
  8
3
 10
275.53
 20
85.10
  0
POINT
  8
2
 10
310.30
 20
85.11
  0
TEXT
  8
14
 10
310.30
 20
85.11
 40
8.00
  1
# 881
  0
POINT
  8
3
 10
315.48
 20
-59.07
  0
TEXT
  8
14
 10
315.48
 20
-59.07
 40
8.00
  1
# 882
  0
POINT
  8
2
 10
316.78
 20
-92.22
  0
TEXT
  8
14
 10
316.78
 20
-92.22
 40
8.00
  1
# 883
  0
POINT
  8
2
 10
146.83
 20
-102.91
  0
TEXT
  8
14
 10
146.83
 20
-102.91
 40
8.00
  1
# 884
  0
POINT
  8
2
 10
48.62
 20
-105.60
  0
TEXT
  8
14
 10
48.62
 20
-105.60
 40
8.00
  1
# 885
  0
POINT
  8
3
 10
47.59
 20
-101.21
  0
POINT
  8
3
 10
46.60
 20
-96.81
  0
POINT
  8
3
 10
45.65
 20
-92.40
  0
POINT
  8
3
 10
44.74
 20
-87.98
  0
POINT
  8
3
 10
43.87
 20
-83.56
  0
POINT
  8
3
 10
43.04
 20
-79.12
  0
POINT
  8
3
 10
42.26
 20
-74.68
  0
POINT
  8
3
 10
41.52
 20
-70.23
  0
POINT
  8
3
 10
40.82
 20
-65.78
  0
POINT
  8
3
 10
40.16
 20
-61.32
  0
POINT
  8
3
 10
39.54
 20
-56.85
  0
POINT
  8
3
 10
38.96
 20
-52.38
  0
POINT
  8
3
 10
38.43
 20
-47.90
  0
POINT
  8
3
 10
37.94
 20
-43.42
  0
POINT
  8
3
 10
37.49
 20
-38.93
  0
POINT
  8
3
 10
37.08
 20
-34.44
  0
TEXT
  8
14
 10
37.08
 20
-34.44
 40
8.00
  1
# 886
  0
POINT
  8
3
 10
36.45
 20
-26.94
  0
POINT
  8
3
 10
35.87
 20
-19.44
  0
POINT
  8
3
 10
35.33
 20
-11.93
  0
POINT
  8
3
 10
34.83
 20
-4.43
  0
POINT
  8
3
 10
34.37
 20
3.08
  0
POINT
  8
3
 10
33.95
 20
10.60
  0
POINT
  8
3
 10
33.58
 20
18.11
  0
POINT
  8
3
 10
33.25
 20
25.63
  0
POINT
  8
3
 10
32.96
 20
33.15
  0
POINT
  8
3
 10
32.71
 20
40.67
  0
POINT
  8
3
 10
32.50
 20
48.19
  0
POINT
  8
3
 10
32.34
 20
55.71
  0
POINT
  8
3
 10
32.22
 20
63.24
  0
POINT
  8
3
 10
32.14
 20
70.76
  0
POINT
  8
3
 10
32.10
 20
78.28
  0
POINT
  8
2
 10
32.10
 20
85.81
  0
TEXT
  8
14
 10
32.10
 20
85.81
 40
8.00
  1
# 879
  0
POLYLINE
  8
1
 10
0
 20
0
 66
1
 70
1
  0
VERTEX
  8
1
 10
20.11
 20
97.87
  0
VERTEX
  8
1
 10
32.17
 20
97.81
  0
VERTEX
  8
1
 10
58.24
 20
97.65
  0
VERTEX
  8
1
 10
84.31
 20
97.52
  0
VERTEX
  8
1
 10
110.39
 20
97.42
  0
VERTEX
  8
1
 10
136.46
 20
97.34
  0
VERTEX
  8
1
 10
223.38
 20
97.17
  0
VERTEX
  8
1
 10
310.30
 20
97.11
  0
VERTEX
  8
1
 10
321.88
 20
97.11
  0
VERTEX
  8
1
 10
322.29
 20
85.54
  0
VERTEX
  8
1
 10
327.47
 20
-58.62
  0
VERTEX
  8
1
 10
328.77
 20
-91.75
  0
VERTEX
  8
1
 10
329.23
 20
-103.46
  0
VERTEX
  8
1
 10
317.54
 20
-104.20
  0
VERTEX
  8
1
 10
147.58
 20
-114.89
  0
VERTEX
  8
1
 10
147.37
 20
-114.90
  0
VERTEX
  8
1
 10
147.15
 20
-114.91
  0
VERTEX
  8
1
 10
48.95
 20
-117.59
  0
VERTEX
  8
1
 10
39.17
 20
-117.86
  0
VERTEX
  8
1
 10
36.94
 20
-108.34
  0
VERTEX
  8
1
 10
35.88
 20
-103.85
  0
VERTEX
  8
1
 10
34.87
 20
-99.34
  0
VERTEX
  8
1
 10
33.90
 20
-94.83
  0
VERTEX
  8
1
 10
32.97
 20
-90.31
  0
VERTEX
  8
1
 10
32.08
 20
-85.77
  0
VERTEX
  8
1
 10
31.24
 20
-81.23
  0
VERTEX
  8
1
 10
30.44
 20
-76.69
  0
VERTEX
  8
1
 10
29.68
 20
-72.13
  0
VERTEX
  8
1
 10
28.96
 20
-67.57
  0
VERTEX
  8
1
 10
28.28
 20
-63.00
  0
VERTEX
  8
1
 10
27.65
 20
-58.43
  0
VERTEX
  8
1
 10
27.06
 20
-53.85
  0
VERTEX
  8
1
 10
26.51
 20
-49.26
  0
VERTEX
  8
1
 10
26.01
 20
-44.67
  0
VERTEX
  8
1
 10
25.54
 20
-40.08
  0
VERTEX
  8
1
 10
25.12
 20
-35.48
  0
VERTEX
  8
1
 10
24.49
 20
-27.92
  0
VERTEX
  8
1
 10
23.90
 20
-20.35
  0
VERTEX
  8
1
 10
23.35
 20
-12.78
  0
VERTEX
  8
1
 10
22.84
 20
-5.21
  0
VERTEX
  8
1
 10
22.38
 20
2.37
  0
VERTEX
  8
1
 10
21.96
 20
9.95
  0
VERTEX
  8
1
 10
21.58
 20
17.53
  0
VERTEX
  8
1
 10
21.25
 20
25.11
  0
VERTEX
  8
1
 10
20.95
 20
32.69
  0
VERTEX
  8
1
 10
20.70
 20
40.28
  0
VERTEX
  8
1
 10
20.50
 20
47.87
  0
VERTEX
  8
1
 10
20.33
 20
55.46
  0
VERTEX
  8
1
 10
20.21
 20
63.05
  0
VERTEX
  8
1
 10
20.13
 20
70.64
  0
VERTEX
  8
1
 10
20.10
 20
78.23
  0
VERTEX
  8
1
 10
20.10
 20
85.82
  0
SEQEND
  0
POINT
  8
2
 10
20.11
 20
97.87
  0
TEXT
  8
1
 10
20.11
 20
97.87
 40
8.00
  1
# 887
  0
POINT
  8
3
 10
32.17
 20
97.81
  0
TEXT
  8
1
 10
32.17
 20
97.81
 40
8.00
  1
# 888
  0
POINT
  8
3
 10
58.24
 20
97.65
  0
POINT
  8
3
 10
84.31
 20
97.52
  0
POINT
  8
3
 10
110.39
 20
97.42
  0
POINT
  8
3
 10
136.46
 20
97.34
  0
TEXT
  8
1
 10
136.46
 20
97.34
 40
8.00
  1
# 889
  0
POINT
  8
3
 10
223.38
 20
97.17
  0
POINT
  8
3
 10
310.30
 20
97.11
  0
TEXT
  8
1
 10
310.30
 20
97.11
 40
8.00
  1
# 890
  0
POINT
  8
2
 10
321.88
 20
97.11
  0
TEXT
  8
1
 10
321.88
 20
97.11
 40
8.00
  1
# 891
  0
POINT
  8
3
 10
322.29
 20
85.54
  0
TEXT
  8
1
 10
322.29
 20
85.54
 40
8.00
  1
# 892
  0
POINT
  8
2
 10
327.47
 20
-58.62
  0
TEXT
  8
1
 10
327.47
 20
-58.62
 40
8.00
  1
# 893
  0
POINT
  8
2
 10
327.47
 20
-58.62
  0
TEXT
  8
1
 10
327.47
 20
-58.62
 40
8.00
  1
# 894
  0
POINT
  8
3
 10
328.77
 20
-91.75
  0
TEXT
  8
1
 10
328.77
 20
-91.75
 40
8.00
  1
# 895
  0
POINT
  8
2
 10
329.23
 20
-103.46
  0
TEXT
  8
1
 10
329.23
 20
-103.46
 40
8.00
  1
# 896
  0
POINT
  8
3
 10
317.54
 20
-104.20
  0
TEXT
  8
1
 10
317.54
 20
-104.20
 40
8.00
  1
# 897
  0
POINT
  8
3
 10
147.58
 20
-114.89
  0
TEXT
  8
1
 10
147.58
 20
-114.89
 40
8.00
  1
# 898
  0
POINT
  8
3
 10
147.37
 20
-114.90
  0
POINT
  8
3
 10
147.15
 20
-114.91
  0
TEXT
  8
1
 10
147.15
 20
-114.91
 40
8.00
  1
# 899
  0
POINT
  8
3
 10
48.95
 20
-117.59
  0
TEXT
  8
1
 10
48.95
 20
-117.59
 40
8.00
  1
# 900
  0
POINT
  8
2
 10
39.17
 20
-117.86
  0
TEXT
  8
1
 10
39.17
 20
-117.86
 40
8.00
  1
# 901
  0
POINT
  8
3
 10
36.94
 20
-108.34
  0
TEXT
  8
1
 10
36.94
 20
-108.34
 40
8.00
  1
# 902
  0
POINT
  8
3
 10
35.88
 20
-103.85
  0
POINT
  8
3
 10
34.87
 20
-99.34
  0
POINT
  8
3
 10
33.90
 20
-94.83
  0
POINT
  8
3
 10
32.97
 20
-90.31
  0
POINT
  8
3
 10
32.08
 20
-85.77
  0
POINT
  8
3
 10
31.24
 20
-81.23
  0
POINT
  8
3
 10
30.44
 20
-76.69
  0
POINT
  8
3
 10
29.68
 20
-72.13
  0
POINT
  8
3
 10
28.96
 20
-67.57
  0
POINT
  8
3
 10
28.28
 20
-63.00
  0
POINT
  8
3
 10
27.65
 20
-58.43
  0
POINT
  8
3
 10
27.06
 20
-53.85
  0
POINT
  8
3
 10
26.51
 20
-49.26
  0
POINT
  8
3
 10
26.01
 20
-44.67
  0
POINT
  8
3
 10
25.54
 20
-40.08
  0
POINT
  8
3
 10
25.12
 20
-35.48
  0
TEXT
  8
1
 10
25.12
 20
-35.48
 40
8.00
  1
# 903
  0
POINT
  8
3
 10
24.49
 20
-27.92
  0
POINT
  8
3
 10
23.90
 20
-20.35
  0
POINT
  8
3
 10
23.35
 20
-12.78
  0
POINT
  8
3
 10
22.84
 20
-5.21
  0
POINT
  8
3
 10
22.38
 20
2.37
  0
POINT
  8
3
 10
21.96
 20
9.95
  0
POINT
  8
3
 10
21.58
 20
17.53
  0
POINT
  8
3
 10
21.25
 20
25.11
  0
POINT
  8
3
 10
20.95
 20
32.69
  0
POINT
  8
3
 10
20.70
 20
40.28
  0
POINT
  8
3
 10
20.50
 20
47.87
  0
POINT
  8
3
 10
20.33
 20
55.46
  0
POINT
  8
3
 10
20.21
 20
63.05
  0
POINT
  8
3
 10
20.13
 20
70.64
  0
POINT
  8
3
 10
20.10
 20
78.23
  0
POINT
  8
3
 10
20.10
 20
85.82
  0
TEXT
  8
1
 10
20.10
 20
85.82
 40
8.00
  1
# 904
  0
POINT
  8
2
 10
20.11
 20
97.87
  0
TEXT
  8
1
 10
20.11
 20
97.87
 40
8.00
  1
# 887
  0
POINT
  8
8
 10
311.37908935547
 20
55.108856201172
  0
POINT
  8
2
 10
311.38
 20
55.11
  0
TEXT
  8
8
 10
311.38
 20
55.11
 40
8.00
  1
# 905
  0
POINT
  8
2
 10
311.38
 20
55.11
  0
TEXT
  8
8
 10
311.38
 20
55.11
 40
8.00
  1
# 906
  0
POLYLINE
  8
8
 10
0
 20
0
 66
1
  0
VERTEX
  8
8
 10
311.38
 20
55.11
  0
VERTEX
  8
8
 10
310.30
 20
55.11
  0
VERTEX
  8
8
 10
275.51
 20
55.10
  0
VERTEX
  8
8
 10
240.72
 20
55.12
  0
VERTEX
  8
8
 10
205.94
 20
55.16
  0
VERTEX
  8
8
 10
171.15
 20
55.24
  0
VERTEX
  8
8
 10
136.35
 20
55.34
  0
VERTEX
  8
8
 10
101.55
 20
55.46
  0
VERTEX
  8
8
 10
66.74
 20
55.62
  0
VERTEX
  8
8
 10
31.94
 20
55.81
  0
SEQEND
  0
POINT
  8
2
 10
311.38
 20
55.11
  0
POINT
  8
3
 10
310.30
 20
55.11
  0
TEXT
  8
8
 10
310.30
 20
55.11
 40
8.00
  1
# 907
  0
POINT
  8
3
 10
275.51
 20
55.10
  0
POINT
  8
3
 10
240.72
 20
55.12
  0
POINT
  8
3
 10
205.94
 20
55.16
  0
POINT
  8
3
 10
171.15
 20
55.24
  0
TEXT
  8
8
 10
171.15
 20
55.24
 40
8.00
  1
# 908
  0
POINT
  8
3
 10
136.35
 20
55.34
  0
POINT
  8
3
 10
101.55
 20
55.46
  0
POINT
  8
3
 10
66.74
 20
55.62
  0
POINT
  8
2
 10
31.94
 20
55.81
  0
TEXT
  8
8
 10
31.94
 20
55.81
 40
8.00
  1
# 909
  0
POINT
  8
2
 10
31.94
 20
55.81
  0
POINT
  8
13
 10
294.42
 20
70.80
  0
TEXT
  8
13
 10
294.42
 20
70.80
 40
8.00
  1
# 910
  0
POINT
  8
13
 10
160.29
 20
70.28
  0
TEXT
  8
13
 10
160.29
 20
70.28
 40
8.00
  1
# 911
  0
TEXT
  8
19
 10
206.83
 20
-90.55
 40
4.00
  1
PKT OPEN
 50
2.49
  0
TEXT
  8
4
 10
327.47
 20
-58.62
 40
8.00
  1
# 912
  0
POINT
  8
4
 10
327.47
 20
-58.62
 30
10.00
 50
-177.755234
  0
TEXT
  8
4
 10
147.15
 20
-114.91
 40
8.00
  1
# 913
  0
POINT
  8
4
 10
147.15
 20
-114.91
 30
10.00
 50
91.567637
  0
TEXT
  8
1
 10
20.10
 20
-137.86
 40
8.00
  1
Piece Name: FR BTM
  0
TEXT
  8
1
 10
20.10
 20
-147.86
 40
8.00
  1
Size: S
  0
TEXT
  8
1
 10
20.10
 20
-157.86
 40
8.00
  1
Annotation: ORFATTI PROD(4 FEB26)
  0
TEXT
  8
1
 10
20.10
 20
-167.86
 40
8.00
  1
Quantity: 1
  0
TEXT
  8
1
 10
20.10
 20
-177.86
 40
8.00
  1
Category: X 2
  0
ENDBLK
  0
BLOCK
  2
PTY_IN_JOS
  8
1
 10
0.00
 20
0.00
 70
64
  0
POLYLINE
  8
14
 10
0
 20
0
 66
1
 70
1
  0
VERTEX
  8
14
 10
309.28
 20
7.77
  0
VERTEX
  8
14
 10
310.33
 20
-23.44
  0
VERTEX
  8
14
 10
31.33
 20
-23.52
  0
VERTEX
  8
14
 10
31.09
 20
8.47
  0
VERTEX
  8
14
 10
65.86
 20
8.28
  0
VERTEX
  8
14
 10
100.64
 20
8.13
  0
VERTEX
  8
14
 10
135.41
 20
8.00
  0
VERTEX
  8
14
 10
170.19
 20
7.90
  0
VERTEX
  8
14
 10
204.96
 20
7.83
  0
VERTEX
  8
14
 10
239.73
 20
7.78
  0
VERTEX
  8
14
 10
274.51
 20
7.76
  0
SEQEND
  0
POINT
  8
2
 10
309.28
 20
7.77
  0
TEXT
  8
14
 10
309.28
 20
7.77
 40
8.00
  1
# 914
  0
POINT
  8
2
 10
310.33
 20
-23.44
  0
TEXT
  8
14
 10
310.33
 20
-23.44
 40
8.00
  1
# 915
  0
POINT
  8
2
 10
31.33
 20
-23.52
  0
TEXT
  8
14
 10
31.33
 20
-23.52
 40
8.00
  1
# 916
  0
POINT
  8
2
 10
31.09
 20
8.47
  0
TEXT
  8
14
 10
31.09
 20
8.47
 40
8.00
  1
# 917
  0
POINT
  8
3
 10
65.86
 20
8.28
  0
POINT
  8
3
 10
100.64
 20
8.13
  0
POINT
  8
3
 10
135.41
 20
8.00
  0
POINT
  8
3
 10
170.19
 20
7.90
  0
TEXT
  8
14
 10
170.19
 20
7.90
 40
8.00
  1
# 918
  0
POINT
  8
3
 10
204.96
 20
7.83
  0
POINT
  8
3
 10
239.73
 20
7.78
  0
POINT
  8
3
 10
274.51
 20
7.76
  0
POINT
  8
2
 10
309.28
 20
7.77
  0
TEXT
  8
14
 10
309.28
 20
7.77
 40
8.00
  1
# 914
  0
POLYLINE
  8
1
 10
0
 20
0
 66
1
 70
1
  0
VERTEX
  8
1
 10
319.92
 20
18.77
  0
VERTEX
  8
1
 10
320.28
 20
8.14
  0
VERTEX
  8
1
 10
321.33
 20
-23.07
  0
VERTEX
  8
1
 10
321.71
 20
-34.44
  0
VERTEX
  8
1
 10
310.34
 20
-34.44
  0
VERTEX
  8
1
 10
31.34
 20
-34.52
  0
VERTEX
  8
1
 10
20.42
 20
-34.52
  0
VERTEX
  8
1
 10
20.33
 20
-23.61
  0
VERTEX
  8
1
 10
20.09
 20
8.38
  0
VERTEX
  8
1
 10
20.00
 20
19.53
  0
VERTEX
  8
1
 10
31.15
 20
19.47
  0
VERTEX
  8
1
 10
57.22
 20
19.31
  0
VERTEX
  8
1
 10
83.29
 20
19.18
  0
VERTEX
  8
1
 10
109.36
 20
19.08
  0
VERTEX
  8
1
 10
135.44
 20
19.00
  0
VERTEX
  8
1
 10
222.36
 20
18.84
  0
VERTEX
  8
1
 10
309.28
 20
18.77
  0
SEQEND
  0
POINT
  8
2
 10
319.92
 20
18.77
  0
TEXT
  8
1
 10
319.92
 20
18.77
 40
8.00
  1
# 919
  0
POINT
  8
3
 10
320.28
 20
8.14
  0
TEXT
  8
1
 10
320.28
 20
8.14
 40
8.00
  1
# 920
  0
POINT
  8
3
 10
321.33
 20
-23.07
  0
TEXT
  8
1
 10
321.33
 20
-23.07
 40
8.00
  1
# 921
  0
POINT
  8
2
 10
321.71
 20
-34.44
  0
TEXT
  8
1
 10
321.71
 20
-34.44
 40
8.00
  1
# 922
  0
POINT
  8
3
 10
310.34
 20
-34.44
  0
TEXT
  8
1
 10
310.34
 20
-34.44
 40
8.00
  1
# 923
  0
POINT
  8
3
 10
31.34
 20
-34.52
  0
TEXT
  8
1
 10
31.34
 20
-34.52
 40
8.00
  1
# 924
  0
POINT
  8
2
 10
20.42
 20
-34.52
  0
TEXT
  8
1
 10
20.42
 20
-34.52
 40
8.00
  1
# 925
  0
POINT
  8
3
 10
20.33
 20
-23.61
  0
TEXT
  8
1
 10
20.33
 20
-23.61
 40
8.00
  1
# 926
  0
POINT
  8
3
 10
20.09
 20
8.38
  0
TEXT
  8
1
 10
20.09
 20
8.38
 40
8.00
  1
# 927
  0
POINT
  8
2
 10
20.00
 20
19.53
  0
TEXT
  8
1
 10
20.00
 20
19.53
 40
8.00
  1
# 928
  0
POINT
  8
3
 10
31.15
 20
19.47
  0
TEXT
  8
1
 10
31.15
 20
19.47
 40
8.00
  1
# 929
  0
POINT
  8
3
 10
57.22
 20
19.31
  0
POINT
  8
3
 10
83.29
 20
19.18
  0
POINT
  8
3
 10
109.36
 20
19.08
  0
POINT
  8
3
 10
135.44
 20
19.00
  0
TEXT
  8
1
 10
135.44
 20
19.00
 40
8.00
  1
# 930
  0
POINT
  8
3
 10
222.36
 20
18.84
  0
POINT
  8
3
 10
309.28
 20
18.77
  0
TEXT
  8
1
 10
309.28
 20
18.77
 40
8.00
  1
# 931
  0
POINT
  8
2
 10
319.92
 20
18.77
  0
TEXT
  8
1
 10
319.92
 20
18.77
 40
8.00
  1
# 919
  0
POINT
  8
13
 10
159.28
 20
-7.06
  0
TEXT
  8
13
 10
159.28
 20
-7.06
 40
8.00
  1
# 932
  0
POINT
  8
13
 10
293.40
 20
-6.54
  0
TEXT
  8
13
 10
293.40
 20
-6.54
 40
8.00
  1
# 933
  0
TEXT
  8
19
 10
52.48
 20
-8.84
 40
4.00
  1
ALL RAW CUT
 50
0.22
 41
1.00
  0
TEXT
  8
1
 10
20.00
 20
-54.52
 40
8.00
  1
Piece Name: PTY IN JO
  0
TEXT
  8
1
 10
20.00
 20
-64.52
 40
8.00
  1
Size: S
  0
TEXT
  8
1
 10
20.00
 20
-74.52
 40
8.00
  1
Annotation: ORFATTI PROD(4 FEB26)
  0
TEXT
  8
1
 10
20.00
 20
-84.52
 40
8.00
  1
Quantity: 1
  0
TEXT
  8
1
 10
20.00
 20
-94.52
 40
8.00
  1
Category: X 2
  0
ENDBLK
  0
BLOCK
  2
PTY_IN_TO3S
  8
1
 10
0.00
 20
0.00
 70
64
  0
POLYLINE
  8
14
 10
0
 20
0
 66
1
 70
1
  0
VERTEX
  8
14
 10
306.83
 20
-23.47
  0
VERTEX
  8
14
 10
24.39
 20
-23.56
  0
VERTEX
  8
14
 10
23.34
 20
7.65
  0
VERTEX
  8
14
 10
305.65
 20
8.53
  0
SEQEND
  0
POINT
  8
2
 10
306.83
 20
-23.47
  0
TEXT
  8
14
 10
306.83
 20
-23.47
 40
8.00
  1
# 934
  0
POINT
  8
2
 10
24.39
 20
-23.56
  0
TEXT
  8
14
 10
24.39
 20
-23.56
 40
8.00
  1
# 935
  0
POINT
  8
2
 10
23.34
 20
7.65
  0
TEXT
  8
14
 10
23.34
 20
7.65
 40
8.00
  1
# 936
  0
POINT
  8
2
 10
305.65
 20
8.53
  0
TEXT
  8
14
 10
305.65
 20
8.53
 40
8.00
  1
# 937
  0
POINT
  8
2
 10
306.83
 20
-23.47
  0
TEXT
  8
14
 10
306.83
 20
-23.47
 40
8.00
  1
# 934
  0
POLYLINE
  8
1
 10
0
 20
0
 66
1
 70
1
  0
VERTEX
  8
1
 10
318.24
 20
-34.46
  0
VERTEX
  8
1
 10
306.83
 20
-34.47
  0
VERTEX
  8
1
 10
24.39
 20
-34.56
  0
VERTEX
  8
1
 10
13.75
 20
-34.56
  0
VERTEX
  8
1
 10
13.39
 20
-23.93
  0
VERTEX
  8
1
 10
12.34
 20
7.28
  0
VERTEX
  8
1
 10
11.96
 20
18.62
  0
VERTEX
  8
1
 10
23.30
 20
18.65
  0
VERTEX
  8
1
 10
305.62
 20
19.53
  0
VERTEX
  8
1
 10
316.26
 20
19.57
  0
VERTEX
  8
1
 10
316.65
 20
8.94
  0
VERTEX
  8
1
 10
317.82
 20
-23.07
  0
SEQEND
  0
POINT
  8
2
 10
318.24
 20
-34.46
  0
TEXT
  8
1
 10
318.24
 20
-34.46
 40
8.00
  1
# 938
  0
POINT
  8
3
 10
306.83
 20
-34.47
  0
TEXT
  8
1
 10
306.83
 20
-34.47
 40
8.00
  1
# 939
  0
POINT
  8
3
 10
24.39
 20
-34.56
  0
TEXT
  8
1
 10
24.39
 20
-34.56
 40
8.00
  1
# 940
  0
POINT
  8
2
 10
13.75
 20
-34.56
  0
TEXT
  8
1
 10
13.75
 20
-34.56
 40
8.00
  1
# 941
  0
POINT
  8
3
 10
13.39
 20
-23.93
  0
TEXT
  8
1
 10
13.39
 20
-23.93
 40
8.00
  1
# 942
  0
POINT
  8
3
 10
12.34
 20
7.28
  0
TEXT
  8
1
 10
12.34
 20
7.28
 40
8.00
  1
# 943
  0
POINT
  8
2
 10
11.96
 20
18.62
  0
TEXT
  8
1
 10
11.96
 20
18.62
 40
8.00
  1
# 944
  0
POINT
  8
3
 10
23.30
 20
18.65
  0
TEXT
  8
1
 10
23.30
 20
18.65
 40
8.00
  1
# 945
  0
POINT
  8
3
 10
305.62
 20
19.53
  0
TEXT
  8
1
 10
305.62
 20
19.53
 40
8.00
  1
# 946
  0
POINT
  8
2
 10
316.26
 20
19.57
  0
TEXT
  8
1
 10
316.26
 20
19.57
 40
8.00
  1
# 947
  0
POINT
  8
3
 10
316.65
 20
8.94
  0
TEXT
  8
1
 10
316.65
 20
8.94
 40
8.00
  1
# 948
  0
POINT
  8
3
 10
317.82
 20
-23.07
  0
TEXT
  8
1
 10
317.82
 20
-23.07
 40
8.00
  1
# 949
  0
POINT
  8
2
 10
318.24
 20
-34.46
  0
TEXT
  8
1
 10
318.24
 20
-34.46
 40
8.00
  1
# 938
  0
POINT
  8
13
 10
275.70
 20
-5.60
  0
TEXT
  8
13
 10
275.70
 20
-5.60
 40
8.00
  1
# 950
  0
POINT
  8
13
 10
141.57
 20
-6.13
  0
TEXT
  8
13
 10
141.57
 20
-6.13
 40
8.00
  1
# 951
  0
TEXT
  8
19
 10
53.43
 20
-8.00
 40
4.00
  1
ALL RAW CUT
 50
1.22
  0
TEXT
  8
1
 10
11.96
 20
-54.56
 40
8.00
  1
Piece Name: PTY IN TO3
  0
TEXT
  8
1
 10
11.96
 20
-64.56
 40
8.00
  1
Size: S
  0
TEXT
  8
1
 10
11.96
 20
-74.56
 40
8.00
  1
Annotation: ORFATTI PROD(4 FEB26)
  0
TEXT
  8
1
 10
11.96
 20
-84.56
 40
8.00
  1
Quantity: 1
  0
TEXT
  8
1
 10
11.96
 20
-94.56
 40
8.00
  1
Category: X 2
  0
ENDBLK
  0
ENDSEC
  0
SECTION
  2
ENTITIES
  0
INSERT
  8
1
  2
BTM_BONES
 10
0.00
 20
0.00
  0
INSERT
  8
1
  2
PKT_FCS
 10
100.00
 20
0.00
  0
INSERT
  8
1
  2
BINDS
 10
398.27
 20
0.00
  0
INSERT
  8
1
  2
CLRS
 10
563.17
 20
0.00
  0
INSERT
  8
1
  2
PKT_____S
 10
727.02
 20
0.00
  0
INSERT
  8
1
  2
CUFFS
 10
1034.82
 20
0.00
  0
INSERT
  8
1
  2
BK_SL_TOPS
 10
1371.89
 20
0.00
  0
INSERT
  8
1
  2
BK_SL_J__S
 10
1695.44
 20
0.00
  0
INSERT
  8
1
  2
FR_SL_TOPS
 10
1983.75
 20
0.00
  0
INSERT
  8
1
  2
FR_SL_J__S
 10
2277.13
 20
0.00
  0
INSERT
  8
1
  2
BK_YK__S
 10
2545.68
 20
0.00
  0
INSERT
  8
1
  2
BK_CENTS
 10
2941.23
 20
0.00
  0
INSERT
  8
1
  2
BK_BTMS
 10
3212.43
 20
0.00
  0
INSERT
  8
1
  2
FR_YKS
 10
3597.47
 20
0.00
  0
INSERT
  8
1
  2
BK_SD_TOPS
 10
3923.78
 20
0.00
  0
INSERT
  8
1
  2
BK_SD_BTMS
 10
4194.11
 20
0.00
  0
INSERT
  8
1
  2
FR_SD_TOPS
 10
4583.28
 20
0.00
  0
INSERT
  8
1
  2
FR_SD_BTMS
 10
4952.04
 20
0.00
  0
INSERT
  8
1
  2
FR______S
 10
5325.59
 20
0.00
  0
INSERT
  8
1
  2
FR_BTMS
 10
5743.70
 20
0.00
  0
INSERT
  8
1
  2
PTY_IN_JOS
 10
6125.94
 20
0.00
  0
INSERT
  8
1
  2
PTY_IN_TO3S
 10
6500.69
 20
0.00
  0
TEXT
  8
1
 10
0.00
 20
339.63
 40
8.00
  1
Style Name: SP-64803
  0
TEXT
  8
1
 10
0.00
 20
329.63
 40
8.00
  1
Creation Date: 2026-03-26
  0
TEXT
  8
1
 10
0.00
 20
319.63
 40
8.00
  1
Creation Time: 16:06:41
  0
TEXT
  8
1
 10
0.00
 20
309.63
 40
8.00
  1
Author: LECTRA (SA) CESTAS, FRANCE
  0
TEXT
  8
1
 10
0.00
 20
299.63
 40
8.00
  1
Sample Size: S
  0
TEXT
  8
1
 10
0.00
 20
289.63
 40
8.00
  1
Grade Rule Table: SP-64803
  0
TEXT
  8
1
 10
0.00
 20
279.63
 40
8.00
  1
Units: METRIC
  0
ENDSEC
  0
EOF
