  0
SECTION
  2
HEADER
  0
ENDSEC
  0
SECTION
  2
BLOCKS
  0
BLOCK
  8
0
  2
Inside Cuff Velvett_501
 70
64
 10
0.0000
 20
0.0000
  0
TEXT
  8
1
 10
-6182.5098
 20
2385.6299
 40
3.0000
 50
0.0000
  1
Piece Name: Inside Cuff Velvett
  7
STANDARD
  0
TEXT
  8
1
 10
-6182.5098
 20
2389.6299
 40
3.0000
 50
0.0000
  1
SAMPLE SIZE:50
  7
STANDARD
  0
TEXT
  8
1
 10
-6182.5098
 20
2393.6299
 40
3.0000
 50
0.0000
  1
ANNOTATION: Cut 2
  7
STANDARD
  0
TEXT
  8
1
 10
-6182.5098
 20
2397.6299
 40
3.0000
 50
0.0000
  1
MATERIAL: Leather
  7
STANDARD
  0
TEXT
  8
1
 10
-6182.5098
 20
2401.6299
 40
3.0000
 50
0.0000
  1
QUANTITY: 1
  7
STANDARD
  0
POLYLINE
  8
1
 66
1
 70
1
  0
VERTEX
  8
1
 10
-6136.7900
 20
2203.2800
  0
VERTEX
  8
1
 10
-6228.2500
 20
2203.2800
  0
VERTEX
  8
1
 10
-6228.2500
 20
2568.0000
  0
VERTEX
  8
1
 10
-6136.7900
 20
2568.0000
  0
VERTEX
  8
1
 10
-6136.7900
 20
2437.1899
  0
VERTEX
  8
1
 10
-6136.7900
 20
2247.0500
  0
VERTEX
  8
1
 10
-6136.7900
 20
2203.2800
  0
SEQEND
  0
POLYLINE
  8
84
 66
1
 70
1
  0
VERTEX
  8
84
 10
-6136.7900
 20
2203.2800
  0
VERTEX
  8
84
 10
-6228.2500
 20
2203.2800
  0
VERTEX
  8
84
 10
-6228.2500
 20
2568.0000
  0
VERTEX
  8
84
 10
-6136.7900
 20
2568.0000
  0
VERTEX
  8
84
 10
-6136.7900
 20
2437.1899
  0
VERTEX
  8
84
 10
-6136.7900
 20
2247.0500
  0
VERTEX
  8
84
 10
-6136.7900
 20
2203.2800
  0
SEQEND
  0
POINT
  8
2
 10
-6136.7900
 20
2203.2800
  0
TEXT
  8
1
 10
-6136.7900
 20
2203.2800
 40
3.0000
  1
# 1
  7
STANDARD
  0
POINT
  8
2
 10
-6228.2500
 20
2203.2800
  0
POINT
  8
2
 10
-6228.2500
 20
2568.0000
  0
POINT
  8
2
 10
-6136.7900
 20
2568.0000
  0
POINT
  8
2
 10
-6136.7900
 20
2437.1899
  0
POINT
  8
2
 10
-6136.7900
 20
2247.0500
  0
POINT
  8
4
 10
-6136.7900
 20
2437.1899
 30
5.0000
 50
180.0000
  0
POINT
  8
4
 10
-6136.7900
 20
2247.0500
 30
5.0000
 50
180.0000
  0
POLYLINE
  8
14
 66
1
 70
1
  0
VERTEX
  8
14
 10
-6146.7900
 20
2213.2800
  0
VERTEX
  8
14
 10
-6218.2500
 20
2213.2800
  0
VERTEX
  8
14
 10
-6218.2500
 20
2558.0000
  0
VERTEX
  8
14
 10
-6146.7900
 20
2558.0000
  0
VERTEX
  8
14
 10
-6146.7900
 20
2437.1899
  0
VERTEX
  8
14
 10
-6146.7900
 20
2247.0500
  0
VERTEX
  8
14
 10
-6146.7900
 20
2213.2800
  0
SEQEND
  0
POLYLINE
  8
87
 66
1
 70
1
  0
VERTEX
  8
87
 10
-6146.7900
 20
2213.2800
  0
VERTEX
  8
87
 10
-6218.2500
 20
2213.2800
  0
VERTEX
  8
87
 10
-6218.2500
 20
2558.0000
  0
VERTEX
  8
87
 10
-6146.7900
 20
2558.0000
  0
VERTEX
  8
87
 10
-6146.7900
 20
2437.1899
  0
VERTEX
  8
87
 10
-6146.7900
 20
2247.0500
  0
VERTEX
  8
87
 10
-6146.7900
 20
2213.2800
  0
SEQEND
  0
POINT
  8
2
 10
-6146.7900
 20
2213.2800
  0
TEXT
  8
14
 10
-6146.7900
 20
2213.2800
 40
3.0000
  1
# 2
  7
STANDARD
  0
POINT
  8
2
 10
-6218.2500
 20
2213.2800
  0
POINT
  8
2
 10
-6218.2500
 20
2558.0000
  0
POINT
  8
2
 10
-6146.7900
 20
2558.0000
  0
POINT
  8
2
 10
-6146.7900
 20
2437.1899
  0
POINT
  8
2
 10
-6146.7900
 20
2247.0500
  0
POINT
  8
4
 10
-6146.7900
 20
2437.1899
 30
5.0000
 50
180.0000
  0
POINT
  8
4
 10
-6146.7900
 20
2247.0500
 30
5.0000
 50
180.0000
  0
LINE
  8
7
 10
-6182.5200
 20
2495.0601
 11
-6182.5200
 21
2276.2200
  0
POINT
  8
2
 10
-6182.5200
 20
2495.0601
  0
TEXT
  8
7
 10
-6182.5200
 20
2495.0601
 40
3.0000
  1
# 3
  7
STANDARD
  0
POINT
  8
2
 10
-6182.5200
 20
2276.2200
  0
TEXT
  8
7
 10
-6182.5200
 20
2276.2200
 40
3.0000
  1
# 4
  7
STANDARD
  0
LINE
  8
5
 10
-6291.9399
 20
2385.6399
 11
-6073.1001
 21
2385.6399
  0
POINT
  8
2
 10
-6291.9399
 20
2385.6399
  0
POINT
  8
2
 10
-6073.1001
 20
2385.6399
  0
ENDBLK
  0
BLOCK
  8
0
  2
Top Cuff_502
 70
64
 10
0.0000
 20
0.0000
  0
TEXT
  8
1
 10
-5957.1201
 20
2405.2300
 40
3.0000
 50
0.0000
  1
Piece Name: Top Cuff
  7
STANDARD
  0
TEXT
  8
1
 10
-5957.1201
 20
2409.2300
 40
3.0000
 50
0.0000
  1
SAMPLE SIZE:50
  7
STANDARD
  0
TEXT
  8
1
 10
-5957.1201
 20
2413.2300
 40
3.0000
 50
0.0000
  1
ANNOTATION: Cut 2
  7
STANDARD
  0
TEXT
  8
1
 10
-5957.1201
 20
2417.2300
 40
3.0000
 50
0.0000
  1
MATERIAL: Leather
  7
STANDARD
  0
TEXT
  8
1
 10
-5957.1201
 20
2421.2300
 40
3.0000
 50
0.0000
  1
QUANTITY: 1
  7
STANDARD
  0
POLYLINE
  8
1
 66
1
 70
1
  0
VERTEX
  8
1
 10
-5911.3999
 20
2222.8799
  0
VERTEX
  8
1
 10
-6002.8599
 20
2222.8799
  0
VERTEX
  8
1
 10
-6002.8599
 20
2587.6001
  0
VERTEX
  8
1
 10
-5911.3999
 20
2587.6001
  0
VERTEX
  8
1
 10
-5911.3999
 20
2456.7900
  0
VERTEX
  8
1
 10
-5911.3999
 20
2266.6499
  0
VERTEX
  8
1
 10
-5911.3999
 20
2222.8799
  0
SEQEND
  0
POLYLINE
  8
84
 66
1
 70
1
  0
VERTEX
  8
84
 10
-5911.3999
 20
2222.8799
  0
VERTEX
  8
84
 10
-6002.8599
 20
2222.8799
  0
VERTEX
  8
84
 10
-6002.8599
 20
2587.6001
  0
VERTEX
  8
84
 10
-5911.3999
 20
2587.6001
  0
VERTEX
  8
84
 10
-5911.3999
 20
2456.7900
  0
VERTEX
  8
84
 10
-5911.3999
 20
2266.6499
  0
VERTEX
  8
84
 10
-5911.3999
 20
2222.8799
  0
SEQEND
  0
POINT
  8
2
 10
-5911.3999
 20
2222.8799
  0
POINT
  8
2
 10
-6002.8599
 20
2222.8799
  0
POINT
  8
2
 10
-6002.8599
 20
2587.6001
  0
POINT
  8
2
 10
-5911.3999
 20
2587.6001
  0
POINT
  8
2
 10
-5911.3999
 20
2456.7900
  0
POINT
  8
2
 10
-5911.3999
 20
2266.6499
  0
POINT
  8
4
 10
-5911.3999
 20
2456.7900
 30
5.0000
 50
180.0000
  0
POINT
  8
4
 10
-5911.3999
 20
2266.6499
 30
5.0000
 50
180.0000
  0
POLYLINE
  8
14
 66
1
 70
1
  0
VERTEX
  8
14
 10
-5921.3999
 20
2232.8799
  0
VERTEX
  8
14
 10
-5992.8599
 20
2232.8799
  0
VERTEX
  8
14
 10
-5992.8599
 20
2577.6001
  0
VERTEX
  8
14
 10
-5921.3999
 20
2577.6001
  0
VERTEX
  8
14
 10
-5921.3999
 20
2456.7900
  0
VERTEX
  8
14
 10
-5921.3999
 20
2266.6499
  0
VERTEX
  8
14
 10
-5921.3999
 20
2232.8799
  0
SEQEND
  0
POLYLINE
  8
87
 66
1
 70
1
  0
VERTEX
  8
87
 10
-5921.3999
 20
2232.8799
  0
VERTEX
  8
87
 10
-5992.8599
 20
2232.8799
  0
VERTEX
  8
87
 10
-5992.8599
 20
2577.6001
  0
VERTEX
  8
87
 10
-5921.3999
 20
2577.6001
  0
VERTEX
  8
87
 10
-5921.3999
 20
2456.7900
  0
VERTEX
  8
87
 10
-5921.3999
 20
2266.6499
  0
VERTEX
  8
87
 10
-5921.3999
 20
2232.8799
  0
SEQEND
  0
POINT
  8
2
 10
-5921.3999
 20
2232.8799
  0
TEXT
  8
14
 10
-5921.3999
 20
2232.8799
 40
3.0000
  1
# 5
  7
STANDARD
  0
POINT
  8
2
 10
-5992.8599
 20
2232.8799
  0
POINT
  8
2
 10
-5992.8599
 20
2577.6001
  0
POINT
  8
2
 10
-5921.3999
 20
2577.6001
  0
POINT
  8
2
 10
-5921.3999
 20
2456.7900
  0
POINT
  8
2
 10
-5921.3999
 20
2266.6499
  0
POINT
  8
4
 10
-5921.3999
 20
2456.7900
 30
5.0000
 50
180.0000
  0
POINT
  8
4
 10
-5921.3999
 20
2266.6499
 30
5.0000
 50
180.0000
  0
LINE
  8
7
 10
-5957.1299
 20
2514.6599
 11
-5957.1299
 21
2295.8201
  0
POINT
  8
2
 10
-5957.1299
 20
2514.6599
  0
TEXT
  8
7
 10
-5957.1299
 20
2514.6599
 40
3.0000
  1
# 6
  7
STANDARD
  0
POINT
  8
2
 10
-5957.1299
 20
2295.8201
  0
TEXT
  8
7
 10
-5957.1299
 20
2295.8201
 40
3.0000
  1
# 7
  7
STANDARD
  0
LINE
  8
5
 10
-6066.5498
 20
2405.2400
 11
-5847.7100
 21
2405.2400
  0
POINT
  8
2
 10
-6066.5498
 20
2405.2400
  0
POINT
  8
2
 10
-5847.7100
 20
2405.2400
  0
POINT
  8
13
 10
-5977.0098
 20
2551.4500
 30
10.0000
  0
TEXT
  8
13
 10
-5977.0098
 20
2551.4500
 40
3.0000
  1
# 8
  7
STANDARD
  0
POINT
  8
13
 10
-5977.4199
 20
2249.2500
 30
10.0000
  0
TEXT
  8
13
 10
-5977.4199
 20
2249.2500
 40
3.0000
  1
# 9
  7
STANDARD
  0
POINT
  8
13
 10
-5939.4199
 20
2248.7300
 30
10.0000
  0
TEXT
  8
13
 10
-5939.4199
 20
2248.7300
 40
3.0000
  1
# 10
  7
STANDARD
  0
POINT
  8
13
 10
-5939.8301
 20
2551.3501
 30
10.0000
  0
TEXT
  8
13
 10
-5939.8301
 20
2551.3501
 40
3.0000
  1
# 11
  7
STANDARD
  0
TEXT
  8
15
 10
-5936.1299
 20
2269.5701
 40
5
  50
270.0000
  1
SNAP
  7
STANDARD
  0
TEXT
  8
15
 10
-5973.0801
 20
2271.5601
 40
5
  50
270.0000
  1
SNAP
  7
STANDARD
  0
ENDBLK
  0
BLOCK
  8
0
  2
Front Sleeve_503
 70
64
 10
0.0000
 20
0.0000
  0
TEXT
  8
1
 10
-5491.6401
 20
2519.0100
 40
3.0000
 50
0.0000
  1
Piece Name: Front Sleeve
  7
STANDARD
  0
TEXT
  8
1
 10
-5491.6401
 20
2523.0100
 40
3.0000
 50
0.0000
  1
SAMPLE SIZE:50
  7
STANDARD
  0
TEXT
  8
1
 10
-5491.6401
 20
2527.0100
 40
3.0000
 50
0.0000
  1
ANNOTATION: Cut 2
  7
STANDARD
  0
TEXT
  8
1
 10
-5491.6401
 20
2531.0100
 40
3.0000
 50
0.0000
  1
MATERIAL: Leather
  7
STANDARD
  0
TEXT
  8
1
 10
-5491.6401
 20
2535.0100
 40
3.0000
 50
0.0000
  1
QUANTITY: 1
  7
STANDARD
  0
POLYLINE
  8
1
 66
1
 70
1
  0
VERTEX
  8
1
 10
-5679.1001
 20
2399.2800
  0
VERTEX
  8
1
 10
-5685.5898
 20
2369.3000
  0
VERTEX
  8
1
 10
-5797.9702
 20
2393.3999
  0
VERTEX
  8
1
 10
-5788.2100
 20
2434.1699
  0
VERTEX
  8
1
 10
-5788.0801
 20
2434.7000
  0
VERTEX
  8
1
 10
-5782.7202
 20
2482.2900
  0
VERTEX
  8
1
 10
-5777.2598
 20
2540.1001
  0
VERTEX
  8
1
 10
-5772.6201
 20
2594.8999
  0
VERTEX
  8
1
 10
-5769.9102
 20
2631.8501
  0
VERTEX
  8
1
 10
-5732.7300
 20
2633.5000
  0
VERTEX
  8
1
 10
-5705.7202
 20
2635.0300
  0
VERTEX
  8
1
 10
-5677.0698
 20
2637.0300
  0
VERTEX
  8
1
 10
-5649.3799
 20
2639.2600
  0
VERTEX
  8
1
 10
-5621.3701
 20
2641.8401
  0
VERTEX
  8
1
 10
-5593.6499
 20
2644.6599
  0
VERTEX
  8
1
 10
-5565.8701
 20
2647.7500
  0
VERTEX
  8
1
 10
-5537.8501
 20
2651.1101
  0
VERTEX
  8
1
 10
-5510.2998
 20
2654.6201
  0
VERTEX
  8
1
 10
-5482.4399
 20
2658.3701
  0
VERTEX
  8
1
 10
-5454.9600
 20
2662.2800
  0
VERTEX
  8
1
 10
-5426.4302
 20
2666.5701
  0
VERTEX
  8
1
 10
-5399.9502
 20
2670.8000
  0
VERTEX
  8
1
 10
-5372.2700
 20
2675.4800
  0
VERTEX
  8
1
 10
-5334.6099
 20
2682.1799
  0
VERTEX
  8
1
 10
-5330.1802
 20
2662.1201
  0
VERTEX
  8
1
 10
-5326.3101
 20
2651.8701
  0
VERTEX
  8
1
 10
-5321.0000
 20
2641.5500
  0
VERTEX
  8
1
 10
-5314.9199
 20
2631.9600
  0
VERTEX
  8
1
 10
-5307.6201
 20
2622.7900
  0
VERTEX
  8
1
 10
-5298.0200
 20
2613.2000
  0
VERTEX
  8
1
 10
-5285.6401
 20
2602.6001
  0
VERTEX
  8
1
 10
-5270.8901
 20
2590.7800
  0
VERTEX
  8
1
 10
-5270.2100
 20
2590.2300
  0
VERTEX
  8
1
 10
-5266.3101
 20
2587.0901
  0
VERTEX
  8
1
 10
-5262.7900
 20
2584.0701
  0
VERTEX
  8
1
 10
-5258.8799
 20
2580.6699
  0
VERTEX
  8
1
 10
-5254.8501
 20
2577.1499
  0
VERTEX
  8
1
 10
-5243.8198
 20
2567.6599
  0
VERTEX
  8
1
 10
-5235.1899
 20
2560.1599
  0
VERTEX
  8
1
 10
-5228.8301
 20
2554.2100
  0
VERTEX
  8
1
 10
-5222.9502
 20
2547.7000
  0
VERTEX
  8
1
 10
-5217.1299
 20
2540.4600
  0
VERTEX
  8
1
 10
-5211.6602
 20
2533.1101
  0
VERTEX
  8
1
 10
-5207.6201
 20
2527.1499
  0
VERTEX
  8
1
 10
-5205.7998
 20
2524.2800
  0
VERTEX
  8
1
 10
-5200.9399
 20
2515.9900
  0
VERTEX
  8
1
 10
-5197.7300
 20
2510.2800
  0
VERTEX
  8
1
 10
-5195.3799
 20
2505.1499
  0
VERTEX
  8
1
 10
-5193.0098
 20
2498.8501
  0
VERTEX
  8
1
 10
-5190.6401
 20
2491.6399
  0
VERTEX
  8
1
 10
-5188.5298
 20
2483.9199
  0
VERTEX
  8
1
 10
-5187.0898
 20
2476.2400
  0
VERTEX
  8
1
 10
-5186.5000
 20
2471.8000
  0
VERTEX
  8
1
 10
-5186.0898
 20
2468.9199
  0
VERTEX
  8
1
 10
-5185.9600
 20
2466.9399
  0
VERTEX
  8
1
 10
-5185.3398
 20
2453.6101
  0
VERTEX
  8
1
 10
-5185.6499
 20
2438.7500
  0
VERTEX
  8
1
 10
-5187.0898
 20
2425.3301
  0
VERTEX
  8
1
 10
-5189.5498
 20
2413.1201
  0
VERTEX
  8
1
 10
-5193.0601
 20
2402.2600
  0
VERTEX
  8
1
 10
-5196.6699
 20
2394.0000
  0
VERTEX
  8
1
 10
-5200.0098
 20
2387.5400
  0
VERTEX
  8
1
 10
-5202.9800
 20
2382.3501
  0
VERTEX
  8
1
 10
-5206.3301
 20
2377.2600
  0
VERTEX
  8
1
 10
-5209.4199
 20
2372.3899
  0
VERTEX
  8
1
 10
-5210.4102
 20
2370.7200
  0
VERTEX
  8
1
 10
-5210.0000
 20
2360.7200
  0
VERTEX
  8
1
 10
-5252.7700
 20
2358.9900
  0
VERTEX
  8
1
 10
-5285.6099
 20
2357.7400
  0
VERTEX
  8
1
 10
-5315.5098
 20
2356.8101
  0
VERTEX
  8
1
 10
-5346.9399
 20
2356.1101
  0
VERTEX
  8
1
 10
-5378.5200
 20
2355.8501
  0
VERTEX
  8
1
 10
-5410.1201
 20
2356.1001
  0
VERTEX
  8
1
 10
-5441.3501
 20
2357.0200
  0
VERTEX
  8
1
 10
-5473.7100
 20
2359.4800
  0
VERTEX
  8
1
 10
-5504.5898
 20
2363.3701
  0
VERTEX
  8
1
 10
-5536.0098
 20
2368.5601
  0
VERTEX
  8
1
 10
-5566.2900
 20
2374.4199
  0
VERTEX
  8
1
 10
-5598.0400
 20
2381.1599
  0
VERTEX
  8
1
 10
-5626.9502
 20
2387.5200
  0
VERTEX
  8
1
 10
-5658.6899
 20
2394.6001
  0
VERTEX
  8
1
 10
-5679.1001
 20
2399.2800
  0
SEQEND
  0
POLYLINE
  8
84
 66
1
 70
1
  0
VERTEX
  8
84
 10
-5679.1001
 20
2399.2800
  0
VERTEX
  8
84
 10
-5685.5898
 20
2369.3000
  0
VERTEX
  8
84
 10
-5797.9702
 20
2393.3999
  0
VERTEX
  8
84
 10
-5788.2100
 20
2434.1699
  0
VERTEX
  8
84
 10
-5788.0801
 20
2434.7000
  0
VERTEX
  8
84
 10
-5785.2900
 20
2458.4800
  0
VERTEX
  8
84
 10
-5782.7202
 20
2482.2900
  0
VERTEX
  8
84
 10
-5780.1699
 20
2508.1899
  0
VERTEX
  8
84
 10
-5777.2598
 20
2540.1001
  0
VERTEX
  8
84
 10
-5774.6699
 20
2569.8701
  0
VERTEX
  8
84
 10
-5772.6201
 20
2594.8999
  0
VERTEX
  8
84
 10
-5769.9102
 20
2631.8501
  0
VERTEX
  8
84
 10
-5751.3198
 20
2632.6101
  0
VERTEX
  8
84
 10
-5732.7300
 20
2633.5000
  0
VERTEX
  8
84
 10
-5705.7202
 20
2635.0300
  0
VERTEX
  8
84
 10
-5677.0698
 20
2637.0300
  0
VERTEX
  8
84
 10
-5649.3799
 20
2639.2600
  0
VERTEX
  8
84
 10
-5621.3701
 20
2641.8401
  0
VERTEX
  8
84
 10
-5593.6499
 20
2644.6599
  0
VERTEX
  8
84
 10
-5565.8701
 20
2647.7500
  0
VERTEX
  8
84
 10
-5537.8501
 20
2651.1101
  0
VERTEX
  8
84
 10
-5510.2998
 20
2654.6201
  0
VERTEX
  8
84
 10
-5482.4399
 20
2658.3701
  0
VERTEX
  8
84
 10
-5454.9600
 20
2662.2800
  0
VERTEX
  8
84
 10
-5426.4302
 20
2666.5701
  0
VERTEX
  8
84
 10
-5399.9502
 20
2670.8000
  0
VERTEX
  8
84
 10
-5372.2700
 20
2675.4800
  0
VERTEX
  8
84
 10
-5334.6099
 20
2682.1799
  0
VERTEX
  8
84
 10
-5333.8398
 20
2677.0701
  0
VERTEX
  8
84
 10
-5332.8398
 20
2672.0300
  0
VERTEX
  8
84
 10
-5331.6201
 20
2667.0400
  0
VERTEX
  8
84
 10
-5330.1802
 20
2662.1201
  0
VERTEX
  8
84
 10
-5328.3501
 20
2656.8301
  0
VERTEX
  8
84
 10
-5326.3101
 20
2651.8701
  0
VERTEX
  8
84
 10
-5323.9102
 20
2646.8799
  0
VERTEX
  8
84
 10
-5321.0000
 20
2641.5500
  0
VERTEX
  8
84
 10
-5317.9600
 20
2636.5100
  0
VERTEX
  8
84
 10
-5314.9199
 20
2631.9600
  0
VERTEX
  8
84
 10
-5311.3999
 20
2627.2700
  0
VERTEX
  8
84
 10
-5307.6201
 20
2622.7900
  0
VERTEX
  8
84
 10
-5303.1899
 20
2618.1201
  0
VERTEX
  8
84
 10
-5298.0200
 20
2613.2000
  0
VERTEX
  8
84
 10
-5292.5098
 20
2608.3401
  0
VERTEX
  8
84
 10
-5285.6401
 20
2602.6001
  0
VERTEX
  8
84
 10
-5278.2998
 20
2596.6499
  0
VERTEX
  8
84
 10
-5270.8901
 20
2590.7800
  0
VERTEX
  8
84
 10
-5270.2100
 20
2590.2300
  0
VERTEX
  8
84
 10
-5266.3101
 20
2587.0901
  0
VERTEX
  8
84
 10
-5262.7900
 20
2584.0701
  0
VERTEX
  8
84
 10
-5258.8799
 20
2580.6699
  0
VERTEX
  8
84
 10
-5254.8501
 20
2577.1499
  0
VERTEX
  8
84
 10
-5243.8198
 20
2567.6599
  0
VERTEX
  8
84
 10
-5235.1899
 20
2560.1599
  0
VERTEX
  8
84
 10
-5231.6401
 20
2556.9399
  0
VERTEX
  8
84
 10
-5228.8301
 20
2554.2100
  0
VERTEX
  8
84
 10
-5226.0000
 20
2551.2100
  0
VERTEX
  8
84
 10
-5222.9502
 20
2547.7000
  0
VERTEX
  8
84
 10
-5217.1299
 20
2540.4600
  0
VERTEX
  8
84
 10
-5211.6602
 20
2533.1101
  0
VERTEX
  8
84
 10
-5207.6201
 20
2527.1499
  0
VERTEX
  8
84
 10
-5205.7998
 20
2524.2800
  0
VERTEX
  8
84
 10
-5200.9399
 20
2515.9900
  0
VERTEX
  8
84
 10
-5197.7300
 20
2510.2800
  0
VERTEX
  8
84
 10
-5196.5400
 20
2507.8301
  0
VERTEX
  8
84
 10
-5195.3799
 20
2505.1499
  0
VERTEX
  8
84
 10
-5193.0098
 20
2498.8501
  0
VERTEX
  8
84
 10
-5190.6401
 20
2491.6399
  0
VERTEX
  8
84
 10
-5189.4600
 20
2487.5901
  0
VERTEX
  8
84
 10
-5188.5298
 20
2483.9199
  0
VERTEX
  8
84
 10
-5187.7300
 20
2480.1299
  0
VERTEX
  8
84
 10
-5187.0898
 20
2476.2400
  0
VERTEX
  8
84
 10
-5186.5000
 20
2471.8000
  0
VERTEX
  8
84
 10
-5186.0898
 20
2468.9199
  0
VERTEX
  8
84
 10
-5185.9600
 20
2466.9399
  0
VERTEX
  8
84
 10
-5185.5498
 20
2459.6499
  0
VERTEX
  8
84
 10
-5185.3398
 20
2453.6101
  0
VERTEX
  8
84
 10
-5185.3398
 20
2446.0701
  0
VERTEX
  8
84
 10
-5185.6499
 20
2438.7500
  0
VERTEX
  8
84
 10
-5186.2300
 20
2431.9900
  0
VERTEX
  8
84
 10
-5187.0898
 20
2425.3301
  0
VERTEX
  8
84
 10
-5188.2002
 20
2418.9700
  0
VERTEX
  8
84
 10
-5189.5498
 20
2413.1201
  0
VERTEX
  8
84
 10
-5191.1401
 20
2407.6599
  0
VERTEX
  8
84
 10
-5193.0601
 20
2402.2600
  0
VERTEX
  8
84
 10
-5194.7598
 20
2398.1499
  0
VERTEX
  8
84
 10
-5196.6699
 20
2394.0000
  0
VERTEX
  8
84
 10
-5200.0098
 20
2387.5400
  0
VERTEX
  8
84
 10
-5202.9800
 20
2382.3501
  0
VERTEX
  8
84
 10
-5206.3301
 20
2377.2600
  0
VERTEX
  8
84
 10
-5209.4199
 20
2372.3899
  0
VERTEX
  8
84
 10
-5210.4102
 20
2370.7200
  0
VERTEX
  8
84
 10
-5210.0000
 20
2360.7200
  0
VERTEX
  8
84
 10
-5252.7700
 20
2358.9900
  0
VERTEX
  8
84
 10
-5285.6099
 20
2357.7400
  0
VERTEX
  8
84
 10
-5315.5098
 20
2356.8101
  0
VERTEX
  8
84
 10
-5346.9399
 20
2356.1101
  0
VERTEX
  8
84
 10
-5362.8701
 20
2355.9199
  0
VERTEX
  8
84
 10
-5378.5200
 20
2355.8501
  0
VERTEX
  8
84
 10
-5394.2100
 20
2355.9099
  0
VERTEX
  8
84
 10
-5410.1201
 20
2356.1001
  0
VERTEX
  8
84
 10
-5427.1299
 20
2356.4700
  0
VERTEX
  8
84
 10
-5441.3501
 20
2357.0200
  0
VERTEX
  8
84
 10
-5449.4199
 20
2357.4700
  0
VERTEX
  8
84
 10
-5457.5098
 20
2358.0300
  0
VERTEX
  8
84
 10
-5465.6099
 20
2358.7000
  0
VERTEX
  8
84
 10
-5473.7100
 20
2359.4800
  0
VERTEX
  8
84
 10
-5488.8101
 20
2361.2100
  0
VERTEX
  8
84
 10
-5504.5898
 20
2363.3701
  0
VERTEX
  8
84
 10
-5519.8799
 20
2365.7600
  0
VERTEX
  8
84
 10
-5536.0098
 20
2368.5601
  0
VERTEX
  8
84
 10
-5550.7100
 20
2371.3201
  0
VERTEX
  8
84
 10
-5566.2900
 20
2374.4199
  0
VERTEX
  8
84
 10
-5580.8599
 20
2377.4600
  0
VERTEX
  8
84
 10
-5598.0400
 20
2381.1599
  0
VERTEX
  8
84
 10
-5626.9502
 20
2387.5200
  0
VERTEX
  8
84
 10
-5658.6899
 20
2394.6001
  0
VERTEX
  8
84
 10
-5679.1001
 20
2399.2800
  0
SEQEND
  0
POINT
  8
2
 10
-5679.1001
 20
2399.2800
  0
TEXT
  8
1
 10
-5679.1001
 20
2399.2800
 40
3.0000
  1
# 12
  7
STANDARD
  0
POINT
  8
2
 10
-5685.5898
 20
2369.3000
  0
TEXT
  8
1
 10
-5685.5898
 20
2369.3000
 40
3.0000
  1
# 13
  7
STANDARD
  0
POINT
  8
2
 10
-5797.9702
 20
2393.3999
  0
TEXT
  8
1
 10
-5797.9702
 20
2393.3999
 40
3.0000
  1
# 14
  7
STANDARD
  0
POINT
  8
2
 10
-5788.2100
 20
2434.1699
  0
TEXT
  8
1
 10
-5788.2100
 20
2434.1699
 40
3.0000
  1
# 15
  7
STANDARD
  0
POINT
  8
2
 10
-5788.0801
 20
2434.7000
  0
TEXT
  8
1
 10
-5788.0801
 20
2434.7000
 40
3.0000
  1
# 16
  7
STANDARD
  0
POINT
  8
3
 10
-5782.7202
 20
2482.2900
  0
POINT
  8
3
 10
-5777.2598
 20
2540.1001
  0
POINT
  8
3
 10
-5772.6201
 20
2594.8999
  0
POINT
  8
2
 10
-5769.9102
 20
2631.8501
  0
TEXT
  8
1
 10
-5769.9102
 20
2631.8501
 40
3.0000
  1
# 17
  7
STANDARD
  0
POINT
  8
3
 10
-5732.7300
 20
2633.5000
  0
POINT
  8
3
 10
-5705.7202
 20
2635.0300
  0
POINT
  8
3
 10
-5677.0698
 20
2637.0300
  0
POINT
  8
3
 10
-5649.3799
 20
2639.2600
  0
POINT
  8
3
 10
-5621.3701
 20
2641.8401
  0
POINT
  8
3
 10
-5593.6499
 20
2644.6599
  0
POINT
  8
3
 10
-5565.8701
 20
2647.7500
  0
POINT
  8
3
 10
-5537.8501
 20
2651.1101
  0
POINT
  8
3
 10
-5510.2998
 20
2654.6201
  0
POINT
  8
3
 10
-5482.4399
 20
2658.3701
  0
POINT
  8
3
 10
-5454.9600
 20
2662.2800
  0
POINT
  8
3
 10
-5426.4302
 20
2666.5701
  0
POINT
  8
3
 10
-5399.9502
 20
2670.8000
  0
POINT
  8
3
 10
-5372.2700
 20
2675.4800
  0
POINT
  8
2
 10
-5334.6099
 20
2682.1799
  0
TEXT
  8
1
 10
-5334.6099
 20
2682.1799
 40
3.0000
  1
# 18
  7
STANDARD
  0
POINT
  8
3
 10
-5330.1802
 20
2662.1201
  0
POINT
  8
3
 10
-5326.3101
 20
2651.8701
  0
POINT
  8
3
 10
-5321.0000
 20
2641.5500
  0
POINT
  8
3
 10
-5314.9199
 20
2631.9600
  0
POINT
  8
3
 10
-5307.6201
 20
2622.7900
  0
POINT
  8
3
 10
-5298.0200
 20
2613.2000
  0
POINT
  8
3
 10
-5285.6401
 20
2602.6001
  0
POINT
  8
2
 10
-5270.8901
 20
2590.7800
  0
TEXT
  8
1
 10
-5270.8901
 20
2590.7800
 40
3.0000
  1
# 19
  7
STANDARD
  0
POINT
  8
3
 10
-5270.2100
 20
2590.2300
  0
TEXT
  8
1
 10
-5270.2100
 20
2590.2300
 40
3.0000
  1
# 20
  7
STANDARD
  0
POINT
  8
3
 10
-5266.3101
 20
2587.0901
  0
POINT
  8
3
 10
-5262.7900
 20
2584.0701
  0
POINT
  8
3
 10
-5258.8799
 20
2580.6699
  0
POINT
  8
2
 10
-5254.8501
 20
2577.1499
  0
TEXT
  8
1
 10
-5254.8501
 20
2577.1499
 40
3.0000
  1
# 21
  7
STANDARD
  0
POINT
  8
3
 10
-5243.8198
 20
2567.6599
  0
POINT
  8
3
 10
-5235.1899
 20
2560.1599
  0
POINT
  8
3
 10
-5228.8301
 20
2554.2100
  0
POINT
  8
3
 10
-5222.9502
 20
2547.7000
  0
POINT
  8
3
 10
-5217.1299
 20
2540.4600
  0
POINT
  8
3
 10
-5211.6602
 20
2533.1101
  0
POINT
  8
3
 10
-5207.6201
 20
2527.1499
  0
POINT
  8
2
 10
-5205.7998
 20
2524.2800
  0
TEXT
  8
1
 10
-5205.7998
 20
2524.2800
 40
3.0000
  1
# 22
  7
STANDARD
  0
POINT
  8
3
 10
-5200.9399
 20
2515.9900
  0
POINT
  8
3
 10
-5197.7300
 20
2510.2800
  0
POINT
  8
3
 10
-5195.3799
 20
2505.1499
  0
POINT
  8
3
 10
-5193.0098
 20
2498.8501
  0
POINT
  8
3
 10
-5190.6401
 20
2491.6399
  0
POINT
  8
3
 10
-5188.5298
 20
2483.9199
  0
POINT
  8
3
 10
-5187.0898
 20
2476.2400
  0
POINT
  8
3
 10
-5186.5000
 20
2471.8000
  0
TEXT
  8
1
 10
-5186.5000
 20
2471.8000
 40
3.0000
  1
# 23
  7
STANDARD
  0
POINT
  8
2
 10
-5186.0898
 20
2468.9199
  0
TEXT
  8
1
 10
-5186.0898
 20
2468.9199
 40
3.0000
  1
# 24
  7
STANDARD
  0
POINT
  8
3
 10
-5185.9600
 20
2466.9399
  0
TEXT
  8
1
 10
-5185.9600
 20
2466.9399
 40
3.0000
  1
# 25
  7
STANDARD
  0
POINT
  8
3
 10
-5185.3398
 20
2453.6101
  0
POINT
  8
3
 10
-5185.6499
 20
2438.7500
  0
POINT
  8
3
 10
-5187.0898
 20
2425.3301
  0
POINT
  8
3
 10
-5189.5498
 20
2413.1201
  0
POINT
  8
3
 10
-5193.0601
 20
2402.2600
  0
POINT
  8
3
 10
-5196.6699
 20
2394.0000
  0
POINT
  8
3
 10
-5200.0098
 20
2387.5400
  0
POINT
  8
3
 10
-5202.9800
 20
2382.3501
  0
POINT
  8
3
 10
-5206.3301
 20
2377.2600
  0
POINT
  8
2
 10
-5209.4199
 20
2372.3899
  0
TEXT
  8
1
 10
-5209.4199
 20
2372.3899
 40
3.0000
  1
# 26
  7
STANDARD
  0
POINT
  8
2
 10
-5210.4102
 20
2370.7200
  0
TEXT
  8
1
 10
-5210.4102
 20
2370.7200
 40
3.0000
  1
# 27
  7
STANDARD
  0
POINT
  8
2
 10
-5210.0000
 20
2360.7200
  0
TEXT
  8
1
 10
-5210.0000
 20
2360.7200
 40
3.0000
  1
# 28
  7
STANDARD
  0
POINT
  8
3
 10
-5252.7700
 20
2358.9900
  0
POINT
  8
3
 10
-5285.6099
 20
2357.7400
  0
POINT
  8
3
 10
-5315.5098
 20
2356.8101
  0
POINT
  8
3
 10
-5346.9399
 20
2356.1101
  0
POINT
  8
3
 10
-5378.5200
 20
2355.8501
  0
POINT
  8
3
 10
-5410.1201
 20
2356.1001
  0
POINT
  8
3
 10
-5441.3501
 20
2357.0200
  0
POINT
  8
3
 10
-5473.7100
 20
2359.4800
  0
POINT
  8
3
 10
-5504.5898
 20
2363.3701
  0
POINT
  8
3
 10
-5536.0098
 20
2368.5601
  0
POINT
  8
3
 10
-5566.2900
 20
2374.4199
  0
POINT
  8
3
 10
-5598.0400
 20
2381.1599
  0
POINT
  8
3
 10
-5626.9502
 20
2387.5200
  0
POINT
  8
3
 10
-5658.6899
 20
2394.6001
  0
POINT
  8
4
 10
-5788.2100
 20
2434.1699
 30
5.0000
 50
355.9798
  0
POINT
  8
4
 10
-5270.2100
 20
2590.2300
 30
5.0000
 50
231.6625
  0
POINT
  8
4
 10
-5254.8501
 20
2577.1499
 30
5.0000
 50
228.4045
  0
POINT
  8
4
 10
-5205.7998
 20
2524.2800
 30
5.0000
 50
211.9081
  0
POINT
  8
4
 10
-5186.0898
 20
2468.9199
 30
5.0000
 50
185.8589
  0
POLYLINE
  8
14
 66
1
 70
1
  0
VERTEX
  8
14
 10
-5686.7300
 20
2411.2900
  0
VERTEX
  8
14
 10
-5693.2500
 20
2381.1699
  0
VERTEX
  8
14
 10
-5785.8501
 20
2401.0300
  0
VERTEX
  8
14
 10
-5778.2202
 20
2432.8899
  0
VERTEX
  8
14
 10
-5778.1499
 20
2433.4600
  0
VERTEX
  8
14
 10
-5772.7700
 20
2481.3401
  0
VERTEX
  8
14
 10
-5767.3799
 20
2538.3301
  0
VERTEX
  8
14
 10
-5762.7202
 20
2593.2700
  0
VERTEX
  8
14
 10
-5760.5898
 20
2622.2500
  0
VERTEX
  8
14
 10
-5732.5400
 20
2623.5000
  0
VERTEX
  8
14
 10
-5704.5000
 20
2625.0901
  0
VERTEX
  8
14
 10
-5676.4800
 20
2627.0400
  0
VERTEX
  8
14
 10
-5648.4902
 20
2629.3000
  0
VERTEX
  8
14
 10
-5620.5298
 20
2631.8701
  0
VERTEX
  8
14
 10
-5592.5898
 20
2634.7200
  0
VERTEX
  8
14
 10
-5564.6802
 20
2637.8201
  0
VERTEX
  8
14
 10
-5536.7998
 20
2641.1599
  0
VERTEX
  8
14
 10
-5508.9399
 20
2644.7100
  0
VERTEX
  8
14
 10
-5481.1099
 20
2648.4600
  0
VERTEX
  8
14
 10
-5453.3101
 20
2652.4099
  0
VERTEX
  8
14
 10
-5425.5400
 20
2656.5901
  0
VERTEX
  8
14
 10
-5397.8101
 20
2661.0200
  0
VERTEX
  8
14
 10
-5370.1201
 20
2665.7000
  0
VERTEX
  8
14
 10
-5342.4702
 20
2670.6201
  0
VERTEX
  8
14
 10
-5339.7402
 20
2659.1599
  0
VERTEX
  8
14
 10
-5335.4702
 20
2647.8501
  0
VERTEX
  8
14
 10
-5329.6299
 20
2636.4900
  0
VERTEX
  8
14
 10
-5323.0601
 20
2626.1499
  0
VERTEX
  8
14
 10
-5315.1201
 20
2616.1699
  0
VERTEX
  8
14
 10
-5304.8599
 20
2605.8999
  0
VERTEX
  8
14
 10
-5291.9502
 20
2594.8401
  0
VERTEX
  8
14
 10
-5276.8599
 20
2582.7500
  0
VERTEX
  8
14
 10
-5276.4102
 20
2582.3899
  0
VERTEX
  8
14
 10
-5272.7300
 20
2579.4199
  0
VERTEX
  8
14
 10
-5269.5898
 20
2576.7300
  0
VERTEX
  8
14
 10
-5265.4502
 20
2573.1299
  0
VERTEX
  8
14
 10
-5261.4902
 20
2569.6699
  0
VERTEX
  8
14
 10
-5250.8501
 20
2560.5200
  0
VERTEX
  8
14
 10
-5241.6299
 20
2552.5100
  0
VERTEX
  8
14
 10
-5236.0000
 20
2547.2400
  0
VERTEX
  8
14
 10
-5230.7100
 20
2541.3899
  0
VERTEX
  8
14
 10
-5225.0098
 20
2534.3000
  0
VERTEX
  8
14
 10
-5219.8599
 20
2527.3799
  0
VERTEX
  8
14
 10
-5215.9800
 20
2521.6599
  0
VERTEX
  8
14
 10
-5214.2900
 20
2518.9900
  0
VERTEX
  8
14
 10
-5209.7998
 20
2511.3401
  0
VERTEX
  8
14
 10
-5206.6401
 20
2505.7200
  0
VERTEX
  8
14
 10
-5204.5898
 20
2501.2500
  0
VERTEX
  8
14
 10
-5202.4702
 20
2495.5901
  0
VERTEX
  8
14
 10
-5200.2300
 20
2488.7800
  0
VERTEX
  8
14
 10
-5198.2598
 20
2481.5801
  0
VERTEX
  8
14
 10
-5196.9800
 20
2474.7600
  0
VERTEX
  8
14
 10
-5196.3398
 20
2469.9700
  0
VERTEX
  8
14
 10
-5196.0400
 20
2467.8999
  0
VERTEX
  8
14
 10
-5195.9102
 20
2465.8301
  0
VERTEX
  8
14
 10
-5195.3398
 20
2453.5500
  0
VERTEX
  8
14
 10
-5195.6299
 20
2439.3701
  0
VERTEX
  8
14
 10
-5196.9902
 20
2426.8000
  0
VERTEX
  8
14
 10
-5199.2598
 20
2415.5200
  0
VERTEX
  8
14
 10
-5202.4199
 20
2405.8000
  0
VERTEX
  8
14
 10
-5205.6899
 20
2398.3301
  0
VERTEX
  8
14
 10
-5208.7998
 20
2392.3201
  0
VERTEX
  8
14
 10
-5211.5200
 20
2387.5500
  0
VERTEX
  8
14
 10
-5214.7100
 20
2382.7100
  0
VERTEX
  8
14
 10
-5220.4502
 20
2373.3799
  0
VERTEX
  8
14
 10
-5222.3501
 20
2370.2300
  0
VERTEX
  8
14
 10
-5253.5698
 20
2368.9600
  0
VERTEX
  8
14
 10
-5284.7998
 20
2367.7800
  0
VERTEX
  8
14
 10
-5316.0400
 20
2366.8000
  0
VERTEX
  8
14
 10
-5347.2798
 20
2366.1101
  0
VERTEX
  8
14
 10
-5378.5298
 20
2365.8501
  0
VERTEX
  8
14
 10
-5409.7798
 20
2366.1001
  0
VERTEX
  8
14
 10
-5441.0098
 20
2367.0100
  0
VERTEX
  8
14
 10
-5472.1699
 20
2369.3701
  0
VERTEX
  8
14
 10
-5503.1699
 20
2373.2700
  0
VERTEX
  8
14
 10
-5534.0000
 20
2378.3601
  0
VERTEX
  8
14
 10
-5564.6802
 20
2384.3000
  0
VERTEX
  8
14
 10
-5595.2500
 20
2390.7900
  0
VERTEX
  8
14
 10
-5625.7700
 20
2397.5000
  0
VERTEX
  8
14
 10
-5656.2700
 20
2404.3101
  0
VERTEX
  8
14
 10
-5686.7300
 20
2411.2900
  0
SEQEND
  0
POLYLINE
  8
87
 66
1
 70
1
  0
VERTEX
  8
87
 10
-5686.7300
 20
2411.2900
  0
VERTEX
  8
87
 10
-5693.2500
 20
2381.1699
  0
VERTEX
  8
87
 10
-5785.8501
 20
2401.0300
  0
VERTEX
  8
87
 10
-5778.2202
 20
2432.8899
  0
VERTEX
  8
87
 10
-5778.1499
 20
2433.4600
  0
VERTEX
  8
87
 10
-5775.3799
 20
2457.0500
  0
VERTEX
  8
87
 10
-5772.7700
 20
2481.3401
  0
VERTEX
  8
87
 10
-5770.2598
 20
2506.9099
  0
VERTEX
  8
87
 10
-5767.3799
 20
2538.3301
  0
VERTEX
  8
87
 10
-5764.7500
 20
2568.3799
  0
VERTEX
  8
87
 10
-5762.7202
 20
2593.2700
  0
VERTEX
  8
87
 10
-5760.5898
 20
2622.2500
  0
VERTEX
  8
87
 10
-5732.5400
 20
2623.5000
  0
VERTEX
  8
87
 10
-5704.5000
 20
2625.0901
  0
VERTEX
  8
87
 10
-5676.4800
 20
2627.0400
  0
VERTEX
  8
87
 10
-5648.4902
 20
2629.3000
  0
VERTEX
  8
87
 10
-5620.5298
 20
2631.8701
  0
VERTEX
  8
87
 10
-5592.5898
 20
2634.7200
  0
VERTEX
  8
87
 10
-5564.6802
 20
2637.8201
  0
VERTEX
  8
87
 10
-5536.7998
 20
2641.1599
  0
VERTEX
  8
87
 10
-5508.9399
 20
2644.7100
  0
VERTEX
  8
87
 10
-5481.1099
 20
2648.4600
  0
VERTEX
  8
87
 10
-5453.3101
 20
2652.4099
  0
VERTEX
  8
87
 10
-5425.5400
 20
2656.5901
  0
VERTEX
  8
87
 10
-5397.8101
 20
2661.0200
  0
VERTEX
  8
87
 10
-5370.1201
 20
2665.7000
  0
VERTEX
  8
87
 10
-5342.4702
 20
2670.6201
  0
VERTEX
  8
87
 10
-5341.2900
 20
2664.8401
  0
VERTEX
  8
87
 10
-5339.7402
 20
2659.1599
  0
VERTEX
  8
87
 10
-5337.7998
 20
2653.5100
  0
VERTEX
  8
87
 10
-5335.4702
 20
2647.8501
  0
VERTEX
  8
87
 10
-5332.7900
 20
2642.2800
  0
VERTEX
  8
87
 10
-5329.6299
 20
2636.4900
  0
VERTEX
  8
87
 10
-5326.3701
 20
2631.1001
  0
VERTEX
  8
87
 10
-5323.0601
 20
2626.1499
  0
VERTEX
  8
87
 10
-5319.2300
 20
2621.0400
  0
VERTEX
  8
87
 10
-5315.1201
 20
2616.1699
  0
VERTEX
  8
87
 10
-5310.3701
 20
2611.1499
  0
VERTEX
  8
87
 10
-5304.8599
 20
2605.8999
  0
VERTEX
  8
87
 10
-5299.1099
 20
2600.8301
  0
VERTEX
  8
87
 10
-5291.9502
 20
2594.8401
  0
VERTEX
  8
87
 10
-5284.4399
 20
2588.7500
  0
VERTEX
  8
87
 10
-5276.8599
 20
2582.7500
  0
VERTEX
  8
87
 10
-5276.4102
 20
2582.3899
  0
VERTEX
  8
87
 10
-5272.7300
 20
2579.4199
  0
VERTEX
  8
87
 10
-5269.5898
 20
2576.7300
  0
VERTEX
  8
87
 10
-5265.4502
 20
2573.1299
  0
VERTEX
  8
87
 10
-5261.4902
 20
2569.6699
  0
VERTEX
  8
87
 10
-5250.8501
 20
2560.5200
  0
VERTEX
  8
87
 10
-5241.6299
 20
2552.5100
  0
VERTEX
  8
87
 10
-5238.4800
 20
2549.6499
  0
VERTEX
  8
87
 10
-5236.0000
 20
2547.2400
  0
VERTEX
  8
87
 10
-5233.4600
 20
2544.5500
  0
VERTEX
  8
87
 10
-5230.7100
 20
2541.3899
  0
VERTEX
  8
87
 10
-5225.0098
 20
2534.3000
  0
VERTEX
  8
87
 10
-5219.8599
 20
2527.3799
  0
VERTEX
  8
87
 10
-5215.9800
 20
2521.6599
  0
VERTEX
  8
87
 10
-5214.2900
 20
2518.9900
  0
VERTEX
  8
87
 10
-5209.7998
 20
2511.3401
  0
VERTEX
  8
87
 10
-5206.6401
 20
2505.7200
  0
VERTEX
  8
87
 10
-5204.5898
 20
2501.2500
  0
VERTEX
  8
87
 10
-5202.4702
 20
2495.5901
  0
VERTEX
  8
87
 10
-5200.2300
 20
2488.7800
  0
VERTEX
  8
87
 10
-5199.1201
 20
2484.9900
  0
VERTEX
  8
87
 10
-5198.2598
 20
2481.5801
  0
VERTEX
  8
87
 10
-5197.5601
 20
2478.2200
  0
VERTEX
  8
87
 10
-5196.9800
 20
2474.7600
  0
VERTEX
  8
87
 10
-5196.3398
 20
2469.9700
  0
VERTEX
  8
87
 10
-5196.0400
 20
2467.8999
  0
VERTEX
  8
87
 10
-5195.9102
 20
2465.8301
  0
VERTEX
  8
87
 10
-5195.5298
 20
2459.0000
  0
VERTEX
  8
87
 10
-5195.3398
 20
2453.5500
  0
VERTEX
  8
87
 10
-5195.3301
 20
2446.3501
  0
VERTEX
  8
87
 10
-5195.6299
 20
2439.3701
  0
VERTEX
  8
87
 10
-5196.1802
 20
2433.0701
  0
VERTEX
  8
87
 10
-5196.9902
 20
2426.8000
  0
VERTEX
  8
87
 10
-5198.0298
 20
2420.8799
  0
VERTEX
  8
87
 10
-5199.2598
 20
2415.5200
  0
VERTEX
  8
87
 10
-5200.6899
 20
2410.6499
  0
VERTEX
  8
87
 10
-5202.4199
 20
2405.8000
  0
VERTEX
  8
87
 10
-5203.9600
 20
2402.0701
  0
VERTEX
  8
87
 10
-5205.6899
 20
2398.3301
  0
VERTEX
  8
87
 10
-5208.7998
 20
2392.3201
  0
VERTEX
  8
87
 10
-5211.5200
 20
2387.5500
  0
VERTEX
  8
87
 10
-5214.7100
 20
2382.7100
  0
VERTEX
  8
87
 10
-5217.6602
 20
2378.1001
  0
VERTEX
  8
87
 10
-5220.4502
 20
2373.3799
  0
VERTEX
  8
87
 10
-5222.3501
 20
2370.2300
  0
VERTEX
  8
87
 10
-5253.5698
 20
2368.9600
  0
VERTEX
  8
87
 10
-5284.7998
 20
2367.7800
  0
VERTEX
  8
87
 10
-5316.0400
 20
2366.8000
  0
VERTEX
  8
87
 10
-5347.2798
 20
2366.1101
  0
VERTEX
  8
87
 10
-5363.1802
 20
2365.9199
  0
VERTEX
  8
87
 10
-5378.5298
 20
2365.8501
  0
VERTEX
  8
87
 10
-5393.8701
 20
2365.9099
  0
VERTEX
  8
87
 10
-5409.7798
 20
2366.1001
  0
VERTEX
  8
87
 10
-5426.8799
 20
2366.4700
  0
VERTEX
  8
87
 10
-5441.0098
 20
2367.0100
  0
VERTEX
  8
87
 10
-5448.7798
 20
2367.4399
  0
VERTEX
  8
87
 10
-5456.5601
 20
2367.9800
  0
VERTEX
  8
87
 10
-5464.3599
 20
2368.6201
  0
VERTEX
  8
87
 10
-5472.1699
 20
2369.3701
  0
VERTEX
  8
87
 10
-5487.2998
 20
2371.1001
  0
VERTEX
  8
87
 10
-5503.1699
 20
2373.2700
  0
VERTEX
  8
87
 10
-5518.1802
 20
2375.6201
  0
VERTEX
  8
87
 10
-5534.0000
 20
2378.3601
  0
VERTEX
  8
87
 10
-5548.8799
 20
2381.1499
  0
VERTEX
  8
87
 10
-5564.6802
 20
2384.3000
  0
VERTEX
  8
87
 10
-5595.2500
 20
2390.7900
  0
VERTEX
  8
87
 10
-5625.7700
 20
2397.5000
  0
VERTEX
  8
87
 10
-5656.2700
 20
2404.3101
  0
VERTEX
  8
87
 10
-5686.7300
 20
2411.2900
  0
SEQEND
  0
POINT
  8
2
 10
-5686.7300
 20
2411.2900
  0
TEXT
  8
14
 10
-5686.7300
 20
2411.2900
 40
3.0000
  1
# 29
  7
STANDARD
  0
POINT
  8
2
 10
-5693.2500
 20
2381.1699
  0
TEXT
  8
14
 10
-5693.2500
 20
2381.1699
 40
3.0000
  1
# 30
  7
STANDARD
  0
POINT
  8
2
 10
-5785.8501
 20
2401.0300
  0
TEXT
  8
14
 10
-5785.8501
 20
2401.0300
 40
3.0000
  1
# 31
  7
STANDARD
  0
POINT
  8
2
 10
-5778.2202
 20
2432.8899
  0
TEXT
  8
14
 10
-5778.2202
 20
2432.8899
 40
3.0000
  1
# 32
  7
STANDARD
  0
POINT
  8
3
 10
-5778.1499
 20
2433.4600
  0
TEXT
  8
14
 10
-5778.1499
 20
2433.4600
 40
3.0000
  1
# 33
  7
STANDARD
  0
POINT
  8
3
 10
-5772.7700
 20
2481.3401
  0
POINT
  8
3
 10
-5767.3799
 20
2538.3301
  0
POINT
  8
3
 10
-5762.7202
 20
2593.2700
  0
POINT
  8
2
 10
-5760.5898
 20
2622.2500
  0
TEXT
  8
14
 10
-5760.5898
 20
2622.2500
 40
3.0000
  1
# 34
  7
STANDARD
  0
POINT
  8
3
 10
-5732.5400
 20
2623.5000
  0
POINT
  8
3
 10
-5704.5000
 20
2625.0901
  0
POINT
  8
3
 10
-5676.4800
 20
2627.0400
  0
POINT
  8
3
 10
-5648.4902
 20
2629.3000
  0
POINT
  8
3
 10
-5620.5298
 20
2631.8701
  0
POINT
  8
3
 10
-5592.5898
 20
2634.7200
  0
POINT
  8
3
 10
-5564.6802
 20
2637.8201
  0
POINT
  8
3
 10
-5536.7998
 20
2641.1599
  0
POINT
  8
3
 10
-5508.9399
 20
2644.7100
  0
POINT
  8
3
 10
-5481.1099
 20
2648.4600
  0
POINT
  8
3
 10
-5453.3101
 20
2652.4099
  0
POINT
  8
3
 10
-5425.5400
 20
2656.5901
  0
POINT
  8
3
 10
-5397.8101
 20
2661.0200
  0
POINT
  8
3
 10
-5370.1201
 20
2665.7000
  0
POINT
  8
2
 10
-5342.4702
 20
2670.6201
  0
TEXT
  8
14
 10
-5342.4702
 20
2670.6201
 40
3.0000
  1
# 35
  7
STANDARD
  0
POINT
  8
3
 10
-5339.7402
 20
2659.1599
  0
POINT
  8
3
 10
-5335.4702
 20
2647.8501
  0
POINT
  8
3
 10
-5329.6299
 20
2636.4900
  0
POINT
  8
3
 10
-5323.0601
 20
2626.1499
  0
POINT
  8
3
 10
-5315.1201
 20
2616.1699
  0
POINT
  8
3
 10
-5304.8599
 20
2605.8999
  0
POINT
  8
3
 10
-5291.9502
 20
2594.8401
  0
POINT
  8
2
 10
-5276.8599
 20
2582.7500
  0
TEXT
  8
14
 10
-5276.8599
 20
2582.7500
 40
3.0000
  1
# 36
  7
STANDARD
  0
POINT
  8
3
 10
-5276.4102
 20
2582.3899
  0
TEXT
  8
14
 10
-5276.4102
 20
2582.3899
 40
3.0000
  1
# 37
  7
STANDARD
  0
POINT
  8
3
 10
-5272.7300
 20
2579.4199
  0
POINT
  8
3
 10
-5269.5898
 20
2576.7300
  0
POINT
  8
3
 10
-5265.4502
 20
2573.1299
  0
POINT
  8
2
 10
-5261.4902
 20
2569.6699
  0
TEXT
  8
14
 10
-5261.4902
 20
2569.6699
 40
3.0000
  1
# 38
  7
STANDARD
  0
POINT
  8
3
 10
-5250.8501
 20
2560.5200
  0
POINT
  8
3
 10
-5241.6299
 20
2552.5100
  0
POINT
  8
3
 10
-5236.0000
 20
2547.2400
  0
POINT
  8
3
 10
-5230.7100
 20
2541.3899
  0
POINT
  8
3
 10
-5225.0098
 20
2534.3000
  0
POINT
  8
3
 10
-5219.8599
 20
2527.3799
  0
POINT
  8
3
 10
-5215.9800
 20
2521.6599
  0
POINT
  8
2
 10
-5214.2900
 20
2518.9900
  0
TEXT
  8
14
 10
-5214.2900
 20
2518.9900
 40
3.0000
  1
# 39
  7
STANDARD
  0
POINT
  8
3
 10
-5209.7998
 20
2511.3401
  0
POINT
  8
3
 10
-5206.6401
 20
2505.7200
  0
POINT
  8
3
 10
-5204.5898
 20
2501.2500
  0
POINT
  8
3
 10
-5202.4702
 20
2495.5901
  0
POINT
  8
3
 10
-5200.2300
 20
2488.7800
  0
POINT
  8
3
 10
-5198.2598
 20
2481.5801
  0
POINT
  8
3
 10
-5196.9800
 20
2474.7600
  0
POINT
  8
3
 10
-5196.3398
 20
2469.9700
  0
TEXT
  8
14
 10
-5196.3398
 20
2469.9700
 40
3.0000
  1
# 40
  7
STANDARD
  0
POINT
  8
2
 10
-5196.0400
 20
2467.8999
  0
TEXT
  8
14
 10
-5196.0400
 20
2467.8999
 40
3.0000
  1
# 41
  7
STANDARD
  0
POINT
  8
3
 10
-5195.9102
 20
2465.8301
  0
TEXT
  8
14
 10
-5195.9102
 20
2465.8301
 40
3.0000
  1
# 42
  7
STANDARD
  0
POINT
  8
3
 10
-5195.3398
 20
2453.5500
  0
POINT
  8
3
 10
-5195.6299
 20
2439.3701
  0
POINT
  8
3
 10
-5196.9902
 20
2426.8000
  0
POINT
  8
3
 10
-5199.2598
 20
2415.5200
  0
POINT
  8
3
 10
-5202.4199
 20
2405.8000
  0
POINT
  8
3
 10
-5205.6899
 20
2398.3301
  0
POINT
  8
3
 10
-5208.7998
 20
2392.3201
  0
POINT
  8
3
 10
-5211.5200
 20
2387.5500
  0
POINT
  8
3
 10
-5214.7100
 20
2382.7100
  0
POINT
  8
2
 10
-5220.4502
 20
2373.3799
  0
TEXT
  8
14
 10
-5220.4502
 20
2373.3799
 40
3.0000
  1
# 43
  7
STANDARD
  0
POINT
  8
2
 10
-5222.3501
 20
2370.2300
  0
TEXT
  8
14
 10
-5222.3501
 20
2370.2300
 40
3.0000
  1
# 44
  7
STANDARD
  0
POINT
  8
3
 10
-5253.5698
 20
2368.9600
  0
POINT
  8
3
 10
-5284.7998
 20
2367.7800
  0
POINT
  8
3
 10
-5316.0400
 20
2366.8000
  0
POINT
  8
3
 10
-5347.2798
 20
2366.1101
  0
POINT
  8
3
 10
-5378.5298
 20
2365.8501
  0
POINT
  8
3
 10
-5409.7798
 20
2366.1001
  0
POINT
  8
3
 10
-5441.0098
 20
2367.0100
  0
POINT
  8
3
 10
-5472.1699
 20
2369.3701
  0
POINT
  8
3
 10
-5503.1699
 20
2373.2700
  0
POINT
  8
3
 10
-5534.0000
 20
2378.3601
  0
POINT
  8
3
 10
-5564.6802
 20
2384.3000
  0
POINT
  8
3
 10
-5595.2500
 20
2390.7900
  0
POINT
  8
3
 10
-5625.7700
 20
2397.5000
  0
POINT
  8
3
 10
-5656.2700
 20
2404.3101
  0
POINT
  8
4
 10
-5778.1499
 20
2433.4600
 30
5.0000
 50
355.9798
  0
POINT
  8
4
 10
-5276.4102
 20
2582.3899
 30
5.0000
 50
231.6625
  0
POINT
  8
4
 10
-5261.4902
 20
2569.6699
 30
5.0000
 50
228.4045
  0
POINT
  8
4
 10
-5214.2900
 20
2518.9900
 30
5.0000
 50
211.9081
  0
POINT
  8
4
 10
-5196.0400
 20
2467.8999
 30
5.0000
 50
185.8589
  0
LINE
  8
7
 10
-5663.1299
 20
2517.9399
 11
-5319.7700
 21
2517.9399
  0
LINE
  8
5
 10
-5663.1299
 20
2517.9399
 11
-5319.7700
 21
2517.9399
  0
POINT
  8
2
 10
-5663.1299
 20
2517.9399
  0
TEXT
  8
7
 10
-5663.1299
 20
2517.9399
 40
3.0000
  1
# 45
  7
STANDARD
  0
POINT
  8
2
 10
-5319.7700
 20
2517.9399
  0
TEXT
  8
7
 10
-5319.7700
 20
2517.9399
 40
3.0000
  1
# 46
  7
STANDARD
  0
POLYLINE
  8
8
 66
1
 70
0
  0
VERTEX
  8
8
 10
-5685.5898
 20
2411.2300
  0
VERTEX
  8
8
 10
-5777.8799
 20
2432.3401
  0
SEQEND
  0
POLYLINE
  8
85
 66
1
 70
0
  0
VERTEX
  8
85
 10
-5685.5898
 20
2411.2300
  0
VERTEX
  8
85
 10
-5777.8799
 20
2432.3401
  0
SEQEND
  0
POINT
  8
2
 10
-5685.5898
 20
2411.2300
  0
TEXT
  8
8
 10
-5685.5898
 20
2411.2300
 40
3.0000
  1
# 47
  7
STANDARD
  0
POINT
  8
2
 10
-5777.8799
 20
2432.3401
  0
TEXT
  8
8
 10
-5777.8799
 20
2432.3401
 40
3.0000
  1
# 48
  7
STANDARD
  0
TEXT
  8
15
 10
-5743.9902
 20
2428.1101
 40
9.52
  50
349.8000
  1
TO BEND
  7
STANDARD
  0
ENDBLK
  0
BLOCK
  8
0
  2
Back Sleeve_504
 70
64
 10
0.0000
 20
0.0000
  0
TEXT
  8
1
 10
-5534.8999
 20
2230.5901
 40
3.0000
 50
0.0000
  1
Piece Name: Back Sleeve
  7
STANDARD
  0
TEXT
  8
1
 10
-5534.8999
 20
2234.5901
 40
3.0000
 50
0.0000
  1
SAMPLE SIZE:50
  7
STANDARD
  0
TEXT
  8
1
 10
-5534.8999
 20
2238.5901
 40
3.0000
 50
0.0000
  1
ANNOTATION: Cut 2
  7
STANDARD
  0
TEXT
  8
1
 10
-5534.8999
 20
2242.5901
 40
3.0000
 50
0.0000
  1
MATERIAL: Leather
  7
STANDARD
  0
TEXT
  8
1
 10
-5534.8999
 20
2246.5901
 40
3.0000
 50
0.0000
  1
QUANTITY: 1
  7
STANDARD
  0
POLYLINE
  8
1
 66
1
 70
1
  0
VERTEX
  8
1
 10
-5809.7500
 20
2167.4700
  0
VERTEX
  8
1
 10
-5811.8701
 20
2201.6001
  0
VERTEX
  8
1
 10
-5814.7598
 20
2226.6899
  0
VERTEX
  8
1
 10
-5820.2300
 20
2260.5300
  0
VERTEX
  8
1
 10
-5828.9902
 20
2303.8799
  0
VERTEX
  8
1
 10
-5718.0400
 20
2328.5000
  0
VERTEX
  8
1
 10
-5711.2598
 20
2298.3701
  0
VERTEX
  8
1
 10
-5689.6001
 20
2302.9900
  0
VERTEX
  8
1
 10
-5658.3501
 20
2309.2300
  0
VERTEX
  8
1
 10
-5628.9502
 20
2314.6399
  0
VERTEX
  8
1
 10
-5597.4102
 20
2319.9199
  0
VERTEX
  8
1
 10
-5566.9502
 20
2324.2700
  0
VERTEX
  8
1
 10
-5535.0200
 20
2328.0500
  0
VERTEX
  8
1
 10
-5503.7900
 20
2330.6799
  0
VERTEX
  8
1
 10
-5471.8599
 20
2332.1899
  0
VERTEX
  8
1
 10
-5440.4302
 20
2332.4900
  0
VERTEX
  8
1
 10
-5409.4302
 20
2331.7700
  0
VERTEX
  8
1
 10
-5377.8999
 20
2330.2700
  0
VERTEX
  8
1
 10
-5347.2598
 20
2328.2100
  0
VERTEX
  8
1
 10
-5315.0498
 20
2325.7600
  0
VERTEX
  8
1
 10
-5283.8999
 20
2323.3101
  0
VERTEX
  8
1
 10
-5240.8301
 20
2320.0200
  0
VERTEX
  8
1
 10
-5241.5898
 20
2310.0500
  0
VERTEX
  8
1
 10
-5245.9902
 20
2304.3799
  0
VERTEX
  8
1
 10
-5260.5601
 20
2288.0901
  0
VERTEX
  8
1
 10
-5275.2500
 20
2273.1101
  0
VERTEX
  8
1
 10
-5277.8701
 20
2270.5901
  0
VERTEX
  8
1
 10
-5292.7402
 20
2256.6299
  0
VERTEX
  8
1
 10
-5310.5601
 20
2241.1001
  0
VERTEX
  8
1
 10
-5332.4702
 20
2222.6001
  0
VERTEX
  8
1
 10
-5341.3501
 20
2214.9099
  0
VERTEX
  8
1
 10
-5353.2598
 20
2204.6799
  0
VERTEX
  8
1
 10
-5357.9302
 20
2199.0400
  0
VERTEX
  8
1
 10
-5362.0601
 20
2192.2900
  0
VERTEX
  8
1
 10
-5365.1299
 20
2185.5100
  0
VERTEX
  8
1
 10
-5365.6802
 20
2183.3899
  0
VERTEX
  8
1
 10
-5365.9902
 20
2182.4700
  0
VERTEX
  8
1
 10
-5366.1602
 20
2181.9900
  0
VERTEX
  8
1
 10
-5369.0000
 20
2168.3101
  0
VERTEX
  8
1
 10
-5370.4502
 20
2154.3899
  0
VERTEX
  8
1
 10
-5371.6401
 20
2128.7100
  0
VERTEX
  8
1
 10
-5403.9502
 20
2134.3301
  0
VERTEX
  8
1
 10
-5426.1699
 20
2138.1001
  0
VERTEX
  8
1
 10
-5448.3101
 20
2141.7500
  0
VERTEX
  8
1
 10
-5470.2798
 20
2145.0601
  0
VERTEX
  8
1
 10
-5492.0498
 20
2147.9700
  0
VERTEX
  8
1
 10
-5514.0200
 20
2150.5701
  0
VERTEX
  8
1
 10
-5534.5400
 20
2152.4900
  0
VERTEX
  8
1
 10
-5557.1401
 20
2154.3501
  0
VERTEX
  8
1
 10
-5579.8301
 20
2156.4199
  0
VERTEX
  8
1
 10
-5601.4902
 20
2157.4500
  0
VERTEX
  8
1
 10
-5623.6499
 20
2158.8201
  0
VERTEX
  8
1
 10
-5646.1899
 20
2159.8601
  0
VERTEX
  8
1
 10
-5668.3599
 20
2160.8201
  0
VERTEX
  8
1
 10
-5690.0200
 20
2161.8401
  0
VERTEX
  8
1
 10
-5712.1499
 20
2162.9299
  0
VERTEX
  8
1
 10
-5734.2900
 20
2163.9700
  0
VERTEX
  8
1
 10
-5756.4199
 20
2164.9800
  0
VERTEX
  8
1
 10
-5778.5698
 20
2165.9900
  0
VERTEX
  8
1
 10
-5809.7500
 20
2167.4700
  0
SEQEND
  0
POLYLINE
  8
84
 66
1
 70
1
  0
VERTEX
  8
84
 10
-5809.7500
 20
2167.4700
  0
VERTEX
  8
84
 10
-5810.0801
 20
2176.0200
  0
VERTEX
  8
84
 10
-5810.5498
 20
2184.5601
  0
VERTEX
  8
84
 10
-5811.1401
 20
2193.0801
  0
VERTEX
  8
84
 10
-5811.8701
 20
2201.6001
  0
VERTEX
  8
84
 10
-5813.1699
 20
2214.0801
  0
VERTEX
  8
84
 10
-5814.7598
 20
2226.6899
  0
VERTEX
  8
84
 10
-5817.1699
 20
2242.7800
  0
VERTEX
  8
84
 10
-5820.2300
 20
2260.5300
  0
VERTEX
  8
84
 10
-5822.2598
 20
2271.3999
  0
VERTEX
  8
84
 10
-5824.3999
 20
2282.2500
  0
VERTEX
  8
84
 10
-5826.6401
 20
2293.0701
  0
VERTEX
  8
84
 10
-5828.9902
 20
2303.8799
  0
VERTEX
  8
84
 10
-5718.0400
 20
2328.5000
  0
VERTEX
  8
84
 10
-5711.2598
 20
2298.3701
  0
VERTEX
  8
84
 10
-5689.6001
 20
2302.9900
  0
VERTEX
  8
84
 10
-5673.9102
 20
2306.1899
  0
VERTEX
  8
84
 10
-5658.3501
 20
2309.2300
  0
VERTEX
  8
84
 10
-5643.8599
 20
2311.9500
  0
VERTEX
  8
84
 10
-5628.9502
 20
2314.6399
  0
VERTEX
  8
84
 10
-5612.2998
 20
2317.5100
  0
VERTEX
  8
84
 10
-5597.4102
 20
2319.9199
  0
VERTEX
  8
84
 10
-5582.6099
 20
2322.1201
  0
VERTEX
  8
84
 10
-5566.9502
 20
2324.2700
  0
VERTEX
  8
84
 10
-5550.2300
 20
2326.3701
  0
VERTEX
  8
84
 10
-5535.0200
 20
2328.0500
  0
VERTEX
  8
84
 10
-5519.4302
 20
2329.5100
  0
VERTEX
  8
84
 10
-5503.7900
 20
2330.6799
  0
VERTEX
  8
84
 10
-5487.7402
 20
2331.5901
  0
VERTEX
  8
84
 10
-5471.8599
 20
2332.1899
  0
VERTEX
  8
84
 10
-5456.2998
 20
2332.4800
  0
VERTEX
  8
84
 10
-5440.4302
 20
2332.4900
  0
VERTEX
  8
84
 10
-5425.4502
 20
2332.2500
  0
VERTEX
  8
84
 10
-5409.4302
 20
2331.7700
  0
VERTEX
  8
84
 10
-5393.6802
 20
2331.1101
  0
VERTEX
  8
84
 10
-5377.8999
 20
2330.2700
  0
VERTEX
  8
84
 10
-5363.8701
 20
2329.3799
  0
VERTEX
  8
84
 10
-5347.2598
 20
2328.2100
  0
VERTEX
  8
84
 10
-5315.0498
 20
2325.7600
  0
VERTEX
  8
84
 10
-5283.8999
 20
2323.3101
  0
VERTEX
  8
84
 10
-5240.8301
 20
2320.0200
  0
VERTEX
  8
84
 10
-5241.5898
 20
2310.0500
  0
VERTEX
  8
84
 10
-5245.9902
 20
2304.3799
  0
VERTEX
  8
84
 10
-5253.1802
 20
2296.1499
  0
VERTEX
  8
84
 10
-5260.5601
 20
2288.0901
  0
VERTEX
  8
84
 10
-5267.9702
 20
2280.3401
  0
VERTEX
  8
84
 10
-5275.2500
 20
2273.1101
  0
VERTEX
  8
84
 10
-5277.8701
 20
2270.5901
  0
VERTEX
  8
84
 10
-5286.0801
 20
2262.7900
  0
VERTEX
  8
84
 10
-5292.7402
 20
2256.6299
  0
VERTEX
  8
84
 10
-5301.0698
 20
2249.2300
  0
VERTEX
  8
84
 10
-5310.5601
 20
2241.1001
  0
VERTEX
  8
84
 10
-5324.9902
 20
2229.0100
  0
VERTEX
  8
84
 10
-5332.4702
 20
2222.6001
  0
VERTEX
  8
84
 10
-5341.3501
 20
2214.9099
  0
VERTEX
  8
84
 10
-5349.0298
 20
2208.6201
  0
VERTEX
  8
84
 10
-5351.2998
 20
2206.5901
  0
VERTEX
  8
84
 10
-5353.2598
 20
2204.6799
  0
VERTEX
  8
84
 10
-5355.7202
 20
2201.9399
  0
VERTEX
  8
84
 10
-5357.9302
 20
2199.0400
  0
VERTEX
  8
84
 10
-5359.8398
 20
2196.1101
  0
VERTEX
  8
84
 10
-5362.0601
 20
2192.2900
  0
VERTEX
  8
84
 10
-5364.0298
 20
2188.5100
  0
VERTEX
  8
84
 10
-5364.6602
 20
2186.9600
  0
VERTEX
  8
84
 10
-5365.1299
 20
2185.5100
  0
VERTEX
  8
84
 10
-5365.6802
 20
2183.3899
  0
VERTEX
  8
84
 10
-5365.9902
 20
2182.4700
  0
VERTEX
  8
84
 10
-5366.1602
 20
2181.9900
  0
VERTEX
  8
84
 10
-5367.0200
 20
2178.5901
  0
VERTEX
  8
84
 10
-5367.7798
 20
2175.1799
  0
VERTEX
  8
84
 10
-5368.4399
 20
2171.7500
  0
VERTEX
  8
84
 10
-5369.0000
 20
2168.3101
  0
VERTEX
  8
84
 10
-5369.7798
 20
2162.0200
  0
VERTEX
  8
84
 10
-5370.4502
 20
2154.3899
  0
VERTEX
  8
84
 10
-5371.2300
 20
2141.5601
  0
VERTEX
  8
84
 10
-5371.6401
 20
2128.7100
  0
VERTEX
  8
84
 10
-5403.9502
 20
2134.3301
  0
VERTEX
  8
84
 10
-5426.1699
 20
2138.1001
  0
VERTEX
  8
84
 10
-5448.3101
 20
2141.7500
  0
VERTEX
  8
84
 10
-5470.2798
 20
2145.0601
  0
VERTEX
  8
84
 10
-5492.0498
 20
2147.9700
  0
VERTEX
  8
84
 10
-5503.9102
 20
2149.4299
  0
VERTEX
  8
84
 10
-5514.0200
 20
2150.5701
  0
VERTEX
  8
84
 10
-5523.9399
 20
2151.5601
  0
VERTEX
  8
84
 10
-5534.5400
 20
2152.4900
  0
VERTEX
  8
84
 10
-5557.1401
 20
2154.3501
  0
VERTEX
  8
84
 10
-5572.0400
 20
2155.7900
  0
VERTEX
  8
84
 10
-5579.8301
 20
2156.4199
  0
VERTEX
  8
84
 10
-5586.5498
 20
2156.8000
  0
VERTEX
  8
84
 10
-5601.4902
 20
2157.4500
  0
VERTEX
  8
84
 10
-5623.6499
 20
2158.8201
  0
VERTEX
  8
84
 10
-5646.1899
 20
2159.8601
  0
VERTEX
  8
84
 10
-5668.3599
 20
2160.8201
  0
VERTEX
  8
84
 10
-5690.0200
 20
2161.8401
  0
VERTEX
  8
84
 10
-5712.1499
 20
2162.9299
  0
VERTEX
  8
84
 10
-5734.2900
 20
2163.9700
  0
VERTEX
  8
84
 10
-5756.4199
 20
2164.9800
  0
VERTEX
  8
84
 10
-5778.5698
 20
2165.9900
  0
VERTEX
  8
84
 10
-5809.7500
 20
2167.4700
  0
SEQEND
  0
POINT
  8
2
 10
-5809.7500
 20
2167.4700
  0
TEXT
  8
1
 10
-5809.7500
 20
2167.4700
 40
3.0000
  1
# 49
  7
STANDARD
  0
POINT
  8
3
 10
-5811.8701
 20
2201.6001
  0
POINT
  8
3
 10
-5814.7598
 20
2226.6899
  0
POINT
  8
3
 10
-5820.2300
 20
2260.5300
  0
POINT
  8
2
 10
-5828.9902
 20
2303.8799
  0
TEXT
  8
1
 10
-5828.9902
 20
2303.8799
 40
3.0000
  1
# 50
  7
STANDARD
  0
POINT
  8
2
 10
-5718.0400
 20
2328.5000
  0
TEXT
  8
1
 10
-5718.0400
 20
2328.5000
 40
3.0000
  1
# 51
  7
STANDARD
  0
POINT
  8
2
 10
-5711.2598
 20
2298.3701
  0
TEXT
  8
1
 10
-5711.2598
 20
2298.3701
 40
3.0000
  1
# 52
  7
STANDARD
  0
POINT
  8
3
 10
-5689.6001
 20
2302.9900
  0
POINT
  8
3
 10
-5658.3501
 20
2309.2300
  0
POINT
  8
3
 10
-5628.9502
 20
2314.6399
  0
POINT
  8
3
 10
-5597.4102
 20
2319.9199
  0
POINT
  8
3
 10
-5566.9502
 20
2324.2700
  0
POINT
  8
3
 10
-5535.0200
 20
2328.0500
  0
POINT
  8
3
 10
-5503.7900
 20
2330.6799
  0
POINT
  8
3
 10
-5471.8599
 20
2332.1899
  0
POINT
  8
3
 10
-5440.4302
 20
2332.4900
  0
POINT
  8
3
 10
-5409.4302
 20
2331.7700
  0
POINT
  8
3
 10
-5377.8999
 20
2330.2700
  0
POINT
  8
3
 10
-5347.2598
 20
2328.2100
  0
POINT
  8
3
 10
-5315.0498
 20
2325.7600
  0
POINT
  8
3
 10
-5283.8999
 20
2323.3101
  0
POINT
  8
2
 10
-5240.8301
 20
2320.0200
  0
TEXT
  8
1
 10
-5240.8301
 20
2320.0200
 40
3.0000
  1
# 53
  7
STANDARD
  0
POINT
  8
2
 10
-5241.5898
 20
2310.0500
  0
TEXT
  8
1
 10
-5241.5898
 20
2310.0500
 40
3.0000
  1
# 54
  7
STANDARD
  0
POINT
  8
2
 10
-5245.9902
 20
2304.3799
  0
TEXT
  8
1
 10
-5245.9902
 20
2304.3799
 40
3.0000
  1
# 55
  7
STANDARD
  0
POINT
  8
3
 10
-5260.5601
 20
2288.0901
  0
POINT
  8
3
 10
-5275.2500
 20
2273.1101
  0
POINT
  8
3
 10
-5277.8701
 20
2270.5901
  0
TEXT
  8
1
 10
-5277.8701
 20
2270.5901
 40
3.0000
  1
# 56
  7
STANDARD
  0
POINT
  8
3
 10
-5292.7402
 20
2256.6299
  0
POINT
  8
3
 10
-5310.5601
 20
2241.1001
  0
POINT
  8
3
 10
-5332.4702
 20
2222.6001
  0
POINT
  8
3
 10
-5341.3501
 20
2214.9099
  0
POINT
  8
3
 10
-5353.2598
 20
2204.6799
  0
POINT
  8
3
 10
-5357.9302
 20
2199.0400
  0
POINT
  8
3
 10
-5362.0601
 20
2192.2900
  0
POINT
  8
3
 10
-5365.1299
 20
2185.5100
  0
POINT
  8
3
 10
-5365.6802
 20
2183.3899
  0
POINT
  8
3
 10
-5365.9902
 20
2182.4700
  0
TEXT
  8
1
 10
-5365.9902
 20
2182.4700
 40
3.0000
  1
# 57
  7
STANDARD
  0
POINT
  8
2
 10
-5366.1602
 20
2181.9900
  0
TEXT
  8
1
 10
-5366.1602
 20
2181.9900
 40
3.0000
  1
# 58
  7
STANDARD
  0
POINT
  8
3
 10
-5369.0000
 20
2168.3101
  0
POINT
  8
3
 10
-5370.4502
 20
2154.3899
  0
POINT
  8
2
 10
-5371.6401
 20
2128.7100
  0
TEXT
  8
1
 10
-5371.6401
 20
2128.7100
 40
3.0000
  1
# 59
  7
STANDARD
  0
POINT
  8
3
 10
-5403.9502
 20
2134.3301
  0
POINT
  8
3
 10
-5426.1699
 20
2138.1001
  0
POINT
  8
3
 10
-5448.3101
 20
2141.7500
  0
POINT
  8
3
 10
-5470.2798
 20
2145.0601
  0
POINT
  8
3
 10
-5492.0498
 20
2147.9700
  0
POINT
  8
3
 10
-5514.0200
 20
2150.5701
  0
POINT
  8
3
 10
-5534.5400
 20
2152.4900
  0
POINT
  8
3
 10
-5557.1401
 20
2154.3501
  0
POINT
  8
3
 10
-5579.8301
 20
2156.4199
  0
POINT
  8
3
 10
-5601.4902
 20
2157.4500
  0
POINT
  8
3
 10
-5623.6499
 20
2158.8201
  0
POINT
  8
3
 10
-5646.1899
 20
2159.8601
  0
POINT
  8
3
 10
-5668.3599
 20
2160.8201
  0
POINT
  8
3
 10
-5690.0200
 20
2161.8401
  0
POINT
  8
3
 10
-5712.1499
 20
2162.9299
  0
POINT
  8
3
 10
-5734.2900
 20
2163.9700
  0
POINT
  8
3
 10
-5756.4199
 20
2164.9800
  0
POINT
  8
3
 10
-5778.5698
 20
2165.9900
  0
POINT
  8
4
 10
-5365.9902
 20
2182.4700
 30
5.0000
 50
167.7693
  0
POINT
  8
4
 10
-5277.8701
 20
2270.5901
 30
5.0000
 50
133.6226
  0
POLYLINE
  8
14
 66
1
 70
1
  0
VERTEX
  8
14
 10
-5800.2402
 20
2177.0300
  0
VERTEX
  8
14
 10
-5801.9199
 20
2202.6101
  0
VERTEX
  8
14
 10
-5804.8599
 20
2228.1299
  0
VERTEX
  8
14
 10
-5810.4199
 20
2262.4700
  0
VERTEX
  8
14
 10
-5817.1802
 20
2296.2600
  0
VERTEX
  8
14
 10
-5725.6099
 20
2316.5801
  0
VERTEX
  8
14
 10
-5718.8301
 20
2286.4700
  0
VERTEX
  8
14
 10
-5688.2900
 20
2293.0500
  0
VERTEX
  8
14
 10
-5657.6499
 20
2299.1799
  0
VERTEX
  8
14
 10
-5626.9302
 20
2304.8501
  0
VERTEX
  8
14
 10
-5596.1099
 20
2310.0000
  0
VERTEX
  8
14
 10
-5565.1899
 20
2314.4199
  0
VERTEX
  8
14
 10
-5534.1602
 20
2318.0801
  0
VERTEX
  8
14
 10
-5503.0298
 20
2320.7100
  0
VERTEX
  8
14
 10
-5471.8198
 20
2322.1899
  0
VERTEX
  8
14
 10
-5440.5801
 20
2322.4900
  0
VERTEX
  8
14
 10
-5409.3501
 20
2321.7600
  0
VERTEX
  8
14
 10
-5378.1401
 20
2320.2600
  0
VERTEX
  8
14
 10
-5346.9702
 20
2318.1599
  0
VERTEX
  8
14
 10
-5315.8198
 20
2315.7900
  0
VERTEX
  8
14
 10
-5284.6699
 20
2313.3401
  0
VERTEX
  8
14
 10
-5253.5200
 20
2310.9600
  0
VERTEX
  8
14
 10
-5267.6699
 20
2295.1299
  0
VERTEX
  8
14
 10
-5282.1602
 20
2280.3401
  0
VERTEX
  8
14
 10
-5284.7700
 20
2277.8301
  0
VERTEX
  8
14
 10
-5299.3701
 20
2264.1201
  0
VERTEX
  8
14
 10
-5317.4399
 20
2248.3701
  0
VERTEX
  8
14
 10
-5339.2900
 20
2229.9299
  0
VERTEX
  8
14
 10
-5347.8701
 20
2222.5000
  0
VERTEX
  8
14
 10
-5360.4702
 20
2211.6101
  0
VERTEX
  8
14
 10
-5366.1802
 20
2204.7100
  0
VERTEX
  8
14
 10
-5370.9302
 20
2196.9099
  0
VERTEX
  8
14
 10
-5374.7500
 20
2188.2600
  0
VERTEX
  8
14
 10
-5375.2598
 20
2186.2900
  0
VERTEX
  8
14
 10
-5375.8101
 20
2184.6001
  0
VERTEX
  8
14
 10
-5378.8799
 20
2169.8701
  0
VERTEX
  8
14
 10
-5380.4199
 20
2155.0801
  0
VERTEX
  8
14
 10
-5381.1602
 20
2140.5100
  0
VERTEX
  8
14
 10
-5403.0000
 20
2144.3101
  0
VERTEX
  8
14
 10
-5424.8501
 20
2148.0200
  0
VERTEX
  8
14
 10
-5446.7202
 20
2151.6201
  0
VERTEX
  8
14
 10
-5468.6401
 20
2154.9299
  0
VERTEX
  8
14
 10
-5490.6099
 20
2157.8601
  0
VERTEX
  8
14
 10
-5512.6201
 20
2160.4800
  0
VERTEX
  8
14
 10
-5534.6899
 20
2162.5400
  0
VERTEX
  8
14
 10
-5556.7798
 20
2164.3601
  0
VERTEX
  8
14
 10
-5578.8501
 20
2166.3799
  0
VERTEX
  8
14
 10
-5600.9902
 20
2167.4399
  0
VERTEX
  8
14
 10
-5623.1099
 20
2168.8101
  0
VERTEX
  8
14
 10
-5645.2500
 20
2169.8301
  0
VERTEX
  8
14
 10
-5667.3901
 20
2170.7900
  0
VERTEX
  8
14
 10
-5689.5400
 20
2171.8301
  0
VERTEX
  8
14
 10
-5711.6699
 20
2172.9199
  0
VERTEX
  8
14
 10
-5733.8198
 20
2173.9600
  0
VERTEX
  8
14
 10
-5755.9600
 20
2174.9700
  0
VERTEX
  8
14
 10
-5778.1001
 20
2175.9800
  0
VERTEX
  8
14
 10
-5800.2402
 20
2177.0300
  0
SEQEND
  0
POLYLINE
  8
87
 66
1
 70
1
  0
VERTEX
  8
87
 10
-5800.2402
 20
2177.0300
  0
VERTEX
  8
87
 10
-5800.9199
 20
2189.8301
  0
VERTEX
  8
87
 10
-5801.9199
 20
2202.6101
  0
VERTEX
  8
87
 10
-5803.2202
 20
2215.1399
  0
VERTEX
  8
87
 10
-5804.8599
 20
2228.1299
  0
VERTEX
  8
87
 10
-5807.3398
 20
2244.6499
  0
VERTEX
  8
87
 10
-5810.4199
 20
2262.4700
  0
VERTEX
  8
87
 10
-5813.6602
 20
2279.3899
  0
VERTEX
  8
87
 10
-5817.1802
 20
2296.2600
  0
VERTEX
  8
87
 10
-5725.6099
 20
2316.5801
  0
VERTEX
  8
87
 10
-5718.8301
 20
2286.4700
  0
VERTEX
  8
87
 10
-5703.5698
 20
2289.8201
  0
VERTEX
  8
87
 10
-5688.2900
 20
2293.0500
  0
VERTEX
  8
87
 10
-5672.9600
 20
2296.1799
  0
VERTEX
  8
87
 10
-5657.6499
 20
2299.1799
  0
VERTEX
  8
87
 10
-5642.2900
 20
2302.0801
  0
VERTEX
  8
87
 10
-5626.9302
 20
2304.8501
  0
VERTEX
  8
87
 10
-5610.8501
 20
2307.6201
  0
VERTEX
  8
87
 10
-5596.1099
 20
2310.0000
  0
VERTEX
  8
87
 10
-5580.9102
 20
2312.2700
  0
VERTEX
  8
87
 10
-5565.1899
 20
2314.4199
  0
VERTEX
  8
87
 10
-5549.0698
 20
2316.4299
  0
VERTEX
  8
87
 10
-5534.1602
 20
2318.0801
  0
VERTEX
  8
87
 10
-5518.5400
 20
2319.5400
  0
VERTEX
  8
87
 10
-5503.0298
 20
2320.7100
  0
VERTEX
  8
87
 10
-5487.3599
 20
2321.6001
  0
VERTEX
  8
87
 10
-5471.8198
 20
2322.1899
  0
VERTEX
  8
87
 10
-5456.3799
 20
2322.4800
  0
VERTEX
  8
87
 10
-5440.5801
 20
2322.4900
  0
VERTEX
  8
87
 10
-5425.4502
 20
2322.2500
  0
VERTEX
  8
87
 10
-5409.3501
 20
2321.7600
  0
VERTEX
  8
87
 10
-5393.8501
 20
2321.1001
  0
VERTEX
  8
87
 10
-5378.1401
 20
2320.2600
  0
VERTEX
  8
87
 10
-5363.8501
 20
2319.3501
  0
VERTEX
  8
87
 10
-5346.9702
 20
2318.1599
  0
VERTEX
  8
87
 10
-5315.8198
 20
2315.7900
  0
VERTEX
  8
87
 10
-5284.6699
 20
2313.3401
  0
VERTEX
  8
87
 10
-5253.5200
 20
2310.9600
  0
VERTEX
  8
87
 10
-5260.5098
 20
2302.9700
  0
VERTEX
  8
87
 10
-5267.6699
 20
2295.1299
  0
VERTEX
  8
87
 10
-5275.0000
 20
2287.4700
  0
VERTEX
  8
87
 10
-5282.1602
 20
2280.3401
  0
VERTEX
  8
87
 10
-5284.7700
 20
2277.8301
  0
VERTEX
  8
87
 10
-5292.8501
 20
2270.1599
  0
VERTEX
  8
87
 10
-5299.3701
 20
2264.1201
  0
VERTEX
  8
87
 10
-5307.7798
 20
2256.6299
  0
VERTEX
  8
87
 10
-5317.4399
 20
2248.3701
  0
VERTEX
  8
87
 10
-5331.8799
 20
2236.2700
  0
VERTEX
  8
87
 10
-5339.2900
 20
2229.9299
  0
VERTEX
  8
87
 10
-5347.8701
 20
2222.5000
  0
VERTEX
  8
87
 10
-5355.9800
 20
2215.8000
  0
VERTEX
  8
87
 10
-5358.3901
 20
2213.6399
  0
VERTEX
  8
87
 10
-5360.4702
 20
2211.6101
  0
VERTEX
  8
87
 10
-5363.4600
 20
2208.2800
  0
VERTEX
  8
87
 10
-5366.1802
 20
2204.7100
  0
VERTEX
  8
87
 10
-5368.4600
 20
2201.2100
  0
VERTEX
  8
87
 10
-5370.9302
 20
2196.9099
  0
VERTEX
  8
87
 10
-5372.3198
 20
2194.3000
  0
VERTEX
  8
87
 10
-5373.3398
 20
2192.1499
  0
VERTEX
  8
87
 10
-5374.1499
 20
2190.1499
  0
VERTEX
  8
87
 10
-5374.7500
 20
2188.2600
  0
VERTEX
  8
87
 10
-5375.2598
 20
2186.2900
  0
VERTEX
  8
87
 10
-5375.8101
 20
2184.6001
  0
VERTEX
  8
87
 10
-5376.7402
 20
2180.9399
  0
VERTEX
  8
87
 10
-5377.5601
 20
2177.2700
  0
VERTEX
  8
87
 10
-5378.2700
 20
2173.5801
  0
VERTEX
  8
87
 10
-5378.8799
 20
2169.8701
  0
VERTEX
  8
87
 10
-5379.7300
 20
2163.0500
  0
VERTEX
  8
87
 10
-5380.4199
 20
2155.0801
  0
VERTEX
  8
87
 10
-5380.8599
 20
2147.8000
  0
VERTEX
  8
87
 10
-5381.1602
 20
2140.5100
  0
VERTEX
  8
87
 10
-5403.0000
 20
2144.3101
  0
VERTEX
  8
87
 10
-5424.8501
 20
2148.0200
  0
VERTEX
  8
87
 10
-5446.7202
 20
2151.6201
  0
VERTEX
  8
87
 10
-5468.6401
 20
2154.9299
  0
VERTEX
  8
87
 10
-5490.6099
 20
2157.8601
  0
VERTEX
  8
87
 10
-5502.6499
 20
2159.3501
  0
VERTEX
  8
87
 10
-5512.6201
 20
2160.4800
  0
VERTEX
  8
87
 10
-5523.1802
 20
2161.5300
  0
VERTEX
  8
87
 10
-5534.6899
 20
2162.5400
  0
VERTEX
  8
87
 10
-5556.7798
 20
2164.3601
  0
VERTEX
  8
87
 10
-5571.2798
 20
2165.7600
  0
VERTEX
  8
87
 10
-5578.8501
 20
2166.3799
  0
VERTEX
  8
87
 10
-5585.7402
 20
2166.7700
  0
VERTEX
  8
87
 10
-5600.9902
 20
2167.4399
  0
VERTEX
  8
87
 10
-5623.1099
 20
2168.8101
  0
VERTEX
  8
87
 10
-5645.2500
 20
2169.8301
  0
VERTEX
  8
87
 10
-5667.3901
 20
2170.7900
  0
VERTEX
  8
87
 10
-5689.5400
 20
2171.8301
  0
VERTEX
  8
87
 10
-5711.6699
 20
2172.9199
  0
VERTEX
  8
87
 10
-5733.8198
 20
2173.9600
  0
VERTEX
  8
87
 10
-5755.9600
 20
2174.9700
  0
VERTEX
  8
87
 10
-5778.1001
 20
2175.9800
  0
VERTEX
  8
87
 10
-5800.2402
 20
2177.0300
  0
SEQEND
  0
POINT
  8
2
 10
-5800.2402
 20
2177.0300
  0
TEXT
  8
14
 10
-5800.2402
 20
2177.0300
 40
3.0000
  1
# 60
  7
STANDARD
  0
POINT
  8
3
 10
-5801.9199
 20
2202.6101
  0
POINT
  8
3
 10
-5804.8599
 20
2228.1299
  0
POINT
  8
3
 10
-5810.4199
 20
2262.4700
  0
POINT
  8
2
 10
-5817.1802
 20
2296.2600
  0
TEXT
  8
14
 10
-5817.1802
 20
2296.2600
 40
3.0000
  1
# 61
  7
STANDARD
  0
POINT
  8
2
 10
-5725.6099
 20
2316.5801
  0
TEXT
  8
14
 10
-5725.6099
 20
2316.5801
 40
3.0000
  1
# 62
  7
STANDARD
  0
POINT
  8
2
 10
-5718.8301
 20
2286.4700
  0
TEXT
  8
14
 10
-5718.8301
 20
2286.4700
 40
3.0000
  1
# 63
  7
STANDARD
  0
POINT
  8
3
 10
-5688.2900
 20
2293.0500
  0
POINT
  8
3
 10
-5657.6499
 20
2299.1799
  0
POINT
  8
3
 10
-5626.9302
 20
2304.8501
  0
POINT
  8
3
 10
-5596.1099
 20
2310.0000
  0
POINT
  8
3
 10
-5565.1899
 20
2314.4199
  0
POINT
  8
3
 10
-5534.1602
 20
2318.0801
  0
POINT
  8
3
 10
-5503.0298
 20
2320.7100
  0
POINT
  8
3
 10
-5471.8198
 20
2322.1899
  0
POINT
  8
3
 10
-5440.5801
 20
2322.4900
  0
POINT
  8
3
 10
-5409.3501
 20
2321.7600
  0
POINT
  8
3
 10
-5378.1401
 20
2320.2600
  0
POINT
  8
3
 10
-5346.9702
 20
2318.1599
  0
POINT
  8
3
 10
-5315.8198
 20
2315.7900
  0
POINT
  8
3
 10
-5284.6699
 20
2313.3401
  0
POINT
  8
2
 10
-5253.5200
 20
2310.9600
  0
TEXT
  8
14
 10
-5253.5200
 20
2310.9600
 40
3.0000
  1
# 64
  7
STANDARD
  0
POINT
  8
3
 10
-5267.6699
 20
2295.1299
  0
POINT
  8
3
 10
-5282.1602
 20
2280.3401
  0
POINT
  8
3
 10
-5284.7700
 20
2277.8301
  0
TEXT
  8
14
 10
-5284.7700
 20
2277.8301
 40
3.0000
  1
# 65
  7
STANDARD
  0
POINT
  8
3
 10
-5299.3701
 20
2264.1201
  0
POINT
  8
3
 10
-5317.4399
 20
2248.3701
  0
POINT
  8
3
 10
-5339.2900
 20
2229.9299
  0
POINT
  8
3
 10
-5347.8701
 20
2222.5000
  0
POINT
  8
3
 10
-5360.4702
 20
2211.6101
  0
POINT
  8
3
 10
-5366.1802
 20
2204.7100
  0
POINT
  8
3
 10
-5370.9302
 20
2196.9099
  0
POINT
  8
3
 10
-5374.7500
 20
2188.2600
  0
POINT
  8
3
 10
-5375.2598
 20
2186.2900
  0
POINT
  8
2
 10
-5375.8101
 20
2184.6001
  0
TEXT
  8
14
 10
-5375.8101
 20
2184.6001
 40
3.0000
  1
# 66
  7
STANDARD
  0
POINT
  8
3
 10
-5378.8799
 20
2169.8701
  0
POINT
  8
3
 10
-5380.4199
 20
2155.0801
  0
POINT
  8
2
 10
-5381.1602
 20
2140.5100
  0
TEXT
  8
14
 10
-5381.1602
 20
2140.5100
 40
3.0000
  1
# 67
  7
STANDARD
  0
POINT
  8
3
 10
-5403.0000
 20
2144.3101
  0
POINT
  8
3
 10
-5424.8501
 20
2148.0200
  0
POINT
  8
3
 10
-5446.7202
 20
2151.6201
  0
POINT
  8
3
 10
-5468.6401
 20
2154.9299
  0
POINT
  8
3
 10
-5490.6099
 20
2157.8601
  0
POINT
  8
3
 10
-5512.6201
 20
2160.4800
  0
POINT
  8
3
 10
-5534.6899
 20
2162.5400
  0
POINT
  8
3
 10
-5556.7798
 20
2164.3601
  0
POINT
  8
3
 10
-5578.8501
 20
2166.3799
  0
POINT
  8
3
 10
-5600.9902
 20
2167.4399
  0
POINT
  8
3
 10
-5623.1099
 20
2168.8101
  0
POINT
  8
3
 10
-5645.2500
 20
2169.8301
  0
POINT
  8
3
 10
-5667.3901
 20
2170.7900
  0
POINT
  8
3
 10
-5689.5400
 20
2171.8301
  0
POINT
  8
3
 10
-5711.6699
 20
2172.9199
  0
POINT
  8
3
 10
-5733.8198
 20
2173.9600
  0
POINT
  8
3
 10
-5755.9600
 20
2174.9700
  0
POINT
  8
3
 10
-5778.1001
 20
2175.9800
  0
POINT
  8
4
 10
-5375.8101
 20
2184.6001
 30
5.0000
 50
167.7693
  0
POINT
  8
4
 10
-5284.7700
 20
2277.8301
 30
5.0000
 50
133.6226
  0
LINE
  8
7
 10
-5715.9800
 20
2231.4399
 11
-5426.8799
 21
2231.4399
  0
LINE
  8
5
 10
-5715.9800
 20
2231.4399
 11
-5426.8799
 21
2231.4399
  0
POINT
  8
2
 10
-5715.9800
 20
2231.4399
  0
TEXT
  8
7
 10
-5715.9800
 20
2231.4399
 40
3.0000
  1
# 68
  7
STANDARD
  0
POINT
  8
2
 10
-5426.8799
 20
2231.4399
  0
TEXT
  8
7
 10
-5426.8799
 20
2231.4399
 40
3.0000
  1
# 69
  7
STANDARD
  0
POLYLINE
  8
8
 66
1
 70
0
  0
VERTEX
  8
8
 10
-5721.2300
 20
2285.2400
  0
VERTEX
  8
8
 10
-5809.7100
 20
2265.9800
  0
SEQEND
  0
POLYLINE
  8
85
 66
1
 70
0
  0
VERTEX
  8
85
 10
-5721.2300
 20
2285.2400
  0
VERTEX
  8
85
 10
-5809.7100
 20
2265.9800
  0
SEQEND
  0
POINT
  8
2
 10
-5721.2300
 20
2285.2400
  0
TEXT
  8
8
 10
-5721.2300
 20
2285.2400
 40
3.0000
  1
# 70
  7
STANDARD
  0
POINT
  8
2
 10
-5809.7100
 20
2265.9800
  0
TEXT
  8
8
 10
-5809.7100
 20
2265.9800
 40
3.0000
  1
# 71
  7
STANDARD
  0
TEXT
  8
15
 10
-5745.6401
 20
2275.8701
 40
7.16
  50
192.9000
  1
SUPPORT VENT
  7
STANDARD
  0
ENDBLK
  0
BLOCK
  8
0
  2
Back In Band_505
 70
64
 10
0.0000
 20
0.0000
  0
TEXT
  8
1
 10
-6052.6299
 20
300.4900
 40
3.0000
 50
0.0000
  1
Piece Name: Back In Band
  7
STANDARD
  0
TEXT
  8
1
 10
-6052.6299
 20
304.4900
 40
3.0000
 50
0.0000
  1
SAMPLE SIZE:50
  7
STANDARD
  0
TEXT
  8
1
 10
-6052.6299
 20
308.4900
 40
3.0000
 50
0.0000
  1
ANNOTATION: Cut 2
  7
STANDARD
  0
TEXT
  8
1
 10
-6052.6299
 20
312.4900
 40
3.0000
 50
0.0000
  1
MATERIAL: Leather
  7
STANDARD
  0
TEXT
  8
1
 10
-6052.6299
 20
316.4900
 40
3.0000
 50
0.0000
  1
QUANTITY: 1
  7
STANDARD
  0
POLYLINE
  8
1
 66
1
 70
1
  0
VERTEX
  8
1
 10
-6093.0098
 20
141.9300
  0
VERTEX
  8
1
 10
-6139.3701
 20
142.1400
  0
VERTEX
  8
1
 10
-6139.3701
 20
152.3300
  0
VERTEX
  8
1
 10
-6138.3398
 20
255.3300
  0
VERTEX
  8
1
 10
-6136.5698
 20
344.0200
  0
VERTEX
  8
1
 10
-6135.0298
 20
411.5900
  0
VERTEX
  8
1
 10
-6133.4800
 20
459.0700
  0
VERTEX
  8
1
 10
-5978.6802
 20
448.9700
  0
VERTEX
  8
1
 10
-5965.8999
 20
448.2500
  0
VERTEX
  8
1
 10
-5969.6099
 20
396.1400
  0
VERTEX
  8
1
 10
-6088.8901
 20
404.6800
  0
VERTEX
  8
1
 10
-6090.3301
 20
339.3800
  0
VERTEX
  8
1
 10
-6092.0801
 20
252.7600
  0
VERTEX
  8
1
 10
-6093.1099
 20
152.1300
  0
VERTEX
  8
1
 10
-6093.0098
 20
141.9300
  0
SEQEND
  0
POLYLINE
  8
84
 66
1
 70
1
  0
VERTEX
  8
84
 10
-6093.0098
 20
141.9300
  0
VERTEX
  8
84
 10
-6139.3701
 20
142.1400
  0
VERTEX
  8
84
 10
-6139.3701
 20
152.3300
  0
VERTEX
  8
84
 10
-6139.0098
 20
203.8300
  0
VERTEX
  8
84
 10
-6138.3398
 20
255.3300
  0
VERTEX
  8
84
 10
-6137.6299
 20
294.3400
  0
VERTEX
  8
84
 10
-6136.5698
 20
344.0200
  0
VERTEX
  8
84
 10
-6135.0298
 20
411.5900
  0
VERTEX
  8
84
 10
-6133.4800
 20
459.0700
  0
VERTEX
  8
84
 10
-5978.6802
 20
448.9700
  0
VERTEX
  8
84
 10
-5965.8999
 20
448.2500
  0
VERTEX
  8
84
 10
-5969.6099
 20
396.1400
  0
VERTEX
  8
84
 10
-6088.8901
 20
404.6800
  0
VERTEX
  8
84
 10
-6090.3301
 20
339.3800
  0
VERTEX
  8
84
 10
-6091.3999
 20
289.4200
  0
VERTEX
  8
84
 10
-6092.0801
 20
252.7600
  0
VERTEX
  8
84
 10
-6092.7500
 20
202.4500
  0
VERTEX
  8
84
 10
-6093.1099
 20
152.1300
  0
VERTEX
  8
84
 10
-6093.0098
 20
141.9300
  0
SEQEND
  0
POINT
  8
2
 10
-6093.0098
 20
141.9300
  0
TEXT
  8
1
 10
-6093.0098
 20
141.9300
 40
3.0000
  1
# 72
  7
STANDARD
  0
POINT
  8
2
 10
-6139.3701
 20
142.1400
  0
TEXT
  8
1
 10
-6139.3701
 20
142.1400
 40
3.0000
  1
# 73
  7
STANDARD
  0
POINT
  8
2
 10
-6139.3701
 20
152.3300
  0
TEXT
  8
1
 10
-6139.3701
 20
152.3300
 40
3.0000
  1
# 74
  7
STANDARD
  0
POINT
  8
3
 10
-6138.3398
 20
255.3300
  0
POINT
  8
3
 10
-6136.5698
 20
344.0200
  0
POINT
  8
2
 10
-6135.0298
 20
411.5900
  0
TEXT
  8
1
 10
-6135.0298
 20
411.5900
 40
3.0000
  1
# 75
  7
STANDARD
  0
POINT
  8
2
 10
-6133.4800
 20
459.0700
  0
TEXT
  8
1
 10
-6133.4800
 20
459.0700
 40
3.0000
  1
# 76
  7
STANDARD
  0
POINT
  8
2
 10
-5978.6802
 20
448.9700
  0
TEXT
  8
1
 10
-5978.6802
 20
448.9700
 40
3.0000
  1
# 77
  7
STANDARD
  0
POINT
  8
2
 10
-5965.8999
 20
448.2500
  0
TEXT
  8
1
 10
-5965.8999
 20
448.2500
 40
3.0000
  1
# 78
  7
STANDARD
  0
POINT
  8
2
 10
-5969.6099
 20
396.1400
  0
TEXT
  8
1
 10
-5969.6099
 20
396.1400
 40
3.0000
  1
# 79
  7
STANDARD
  0
POINT
  8
2
 10
-6088.8901
 20
404.6800
  0
TEXT
  8
1
 10
-6088.8901
 20
404.6800
 40
3.0000
  1
# 80
  7
STANDARD
  0
POINT
  8
3
 10
-6090.3301
 20
339.3800
  0
POINT
  8
3
 10
-6092.0801
 20
252.7600
  0
POINT
  8
2
 10
-6093.1099
 20
152.1300
  0
TEXT
  8
1
 10
-6093.1099
 20
152.1300
 40
3.0000
  1
# 81
  7
STANDARD
  0
POINT
  8
4
 10
-6139.3701
 20
152.3300
 30
5.0000
 50
359.7708
  0
POINT
  8
4
 10
-6135.0298
 20
411.5900
 30
5.0000
 50
358.3961
  0
POINT
  8
4
 10
-5978.6802
 20
448.9700
 30
5.0000
 50
267.5902
  0
POINT
  8
4
 10
-6093.1099
 20
152.1300
 30
5.0000
 50
179.8854
  0
POLYLINE
  8
14
 66
1
 70
1
  0
VERTEX
  8
14
 10
-6103.1099
 20
151.9700
  0
VERTEX
  8
14
 10
-6129.3701
 20
152.0900
  0
VERTEX
  8
14
 10
-6129.3701
 20
152.2900
  0
VERTEX
  8
14
 10
-6128.3398
 20
255.0300
  0
VERTEX
  8
14
 10
-6126.5698
 20
343.8000
  0
VERTEX
  8
14
 10
-6125.0298
 20
411.3100
  0
VERTEX
  8
14
 10
-6125.0098
 20
412.0400
  0
VERTEX
  8
14
 10
-6123.8301
 20
448.4200
  0
VERTEX
  8
14
 10
-5979.8999
 20
439.0300
  0
VERTEX
  8
14
 10
-5979.1001
 20
438.9800
  0
VERTEX
  8
14
 10
-5976.5898
 20
438.8400
  0
VERTEX
  8
14
 10
-5978.8701
 20
406.8200
  0
VERTEX
  8
14
 10
-6098.6602
 20
415.4000
  0
VERTEX
  8
14
 10
-6100.3301
 20
339.6000
  0
VERTEX
  8
14
 10
-6102.0801
 20
253.1000
  0
VERTEX
  8
14
 10
-6103.1099
 20
152.1500
  0
VERTEX
  8
14
 10
-6103.1099
 20
151.9700
  0
SEQEND
  0
POLYLINE
  8
87
 66
1
 70
1
  0
VERTEX
  8
87
 10
-6129.3701
 20
152.2900
  0
VERTEX
  8
87
 10
-6129.0200
 20
203.6600
  0
VERTEX
  8
87
 10
-6128.3398
 20
255.0300
  0
VERTEX
  8
87
 10
-6127.7002
 20
289.6500
  0
VERTEX
  8
87
 10
-6126.5698
 20
343.8000
  0
VERTEX
  8
87
 10
-6125.7100
 20
384.0300
  0
VERTEX
  8
87
 10
-6125.0298
 20
411.3100
  0
VERTEX
  8
87
 10
-6125.0098
 20
412.0400
  0
VERTEX
  8
87
 10
-6123.8301
 20
448.4200
  0
VERTEX
  8
87
 10
-5979.8999
 20
439.0300
  0
VERTEX
  8
87
 10
-5979.1001
 20
438.9800
  0
VERTEX
  8
87
 10
-5976.5898
 20
438.8400
  0
VERTEX
  8
87
 10
-5978.8701
 20
406.8200
  0
VERTEX
  8
87
 10
-6098.6602
 20
415.4000
  0
VERTEX
  8
87
 10
-6100.3301
 20
339.6000
  0
VERTEX
  8
87
 10
-6101.3999
 20
289.6300
  0
VERTEX
  8
87
 10
-6102.0801
 20
253.1000
  0
VERTEX
  8
87
 10
-6102.7598
 20
202.6300
  0
VERTEX
  8
87
 10
-6103.1099
 20
152.1500
  0
VERTEX
  8
87
 10
-6103.1099
 20
151.9700
  0
VERTEX
  8
87
 10
-6129.3701
 20
152.0900
  0
VERTEX
  8
87
 10
-6129.3701
 20
152.2900
  0
SEQEND
  0
POINT
  8
2
 10
-6103.1099
 20
151.9700
  0
TEXT
  8
14
 10
-6103.1099
 20
151.9700
 40
3.0000
  1
# 82
  7
STANDARD
  0
POINT
  8
2
 10
-6129.3701
 20
152.0900
  0
TEXT
  8
14
 10
-6129.3701
 20
152.0900
 40
3.0000
  1
# 83
  7
STANDARD
  0
POINT
  8
2
 10
-6129.3701
 20
152.2900
  0
TEXT
  8
14
 10
-6129.3701
 20
152.2900
 40
3.0000
  1
# 84
  7
STANDARD
  0
POINT
  8
3
 10
-6128.3398
 20
255.0300
  0
POINT
  8
3
 10
-6126.5698
 20
343.8000
  0
POINT
  8
3
 10
-6125.0298
 20
411.3100
  0
TEXT
  8
14
 10
-6125.0298
 20
411.3100
 40
3.0000
  1
# 85
  7
STANDARD
  0
POINT
  8
2
 10
-6125.0098
 20
412.0400
  0
TEXT
  8
14
 10
-6125.0098
 20
412.0400
 40
3.0000
  1
# 86
  7
STANDARD
  0
POINT
  8
2
 10
-6123.8301
 20
448.4200
  0
TEXT
  8
14
 10
-6123.8301
 20
448.4200
 40
3.0000
  1
# 87
  7
STANDARD
  0
POINT
  8
2
 10
-5979.8999
 20
439.0300
  0
TEXT
  8
14
 10
-5979.8999
 20
439.0300
 40
3.0000
  1
# 88
  7
STANDARD
  0
POINT
  8
2
 10
-5979.1001
 20
438.9800
  0
TEXT
  8
14
 10
-5979.1001
 20
438.9800
 40
3.0000
  1
# 89
  7
STANDARD
  0
POINT
  8
2
 10
-5976.5898
 20
438.8400
  0
TEXT
  8
14
 10
-5976.5898
 20
438.8400
 40
3.0000
  1
# 90
  7
STANDARD
  0
POINT
  8
2
 10
-5978.8701
 20
406.8200
  0
TEXT
  8
14
 10
-5978.8701
 20
406.8200
 40
3.0000
  1
# 91
  7
STANDARD
  0
POINT
  8
2
 10
-6098.6602
 20
415.4000
  0
TEXT
  8
14
 10
-6098.6602
 20
415.4000
 40
3.0000
  1
# 92
  7
STANDARD
  0
POINT
  8
3
 10
-6100.3301
 20
339.6000
  0
POINT
  8
3
 10
-6102.0801
 20
253.1000
  0
POINT
  8
2
 10
-6103.1099
 20
152.1500
  0
TEXT
  8
14
 10
-6103.1099
 20
152.1500
 40
3.0000
  1
# 93
  7
STANDARD
  0
POINT
  8
4
 10
-6129.3701
 20
152.2900
 30
5.0000
 50
359.7708
  0
POINT
  8
4
 10
-6125.0298
 20
411.3100
 30
5.0000
 50
358.3961
  0
POINT
  8
4
 10
-5979.1001
 20
438.9800
 30
5.0000
 50
267.5902
  0
POINT
  8
4
 10
-6103.1099
 20
152.1500
 30
5.0000
 50
179.8854
  0
LINE
  8
7
 10
-6112.5200
 20
205.2000
 11
-6112.5200
 21
394.6800
  0
POINT
  8
2
 10
-6112.5200
 20
205.2000
  0
TEXT
  8
7
 10
-6112.5200
 20
205.2000
 40
3.0000
  1
# 94
  7
STANDARD
  0
POINT
  8
2
 10
-6112.5200
 20
394.6800
  0
TEXT
  8
7
 10
-6112.5200
 20
394.6800
 40
3.0000
  1
# 95
  7
STANDARD
  0
LINE
  8
5
 10
-6207.2598
 20
299.9400
 11
-6017.7798
 21
299.9400
  0
POINT
  8
2
 10
-6207.2598
 20
299.9400
  0
POINT
  8
2
 10
-6017.7798
 20
299.9400
  0
TEXT
  8
15
 10
-6101.6602
 20
154.9100
 40
4.19
  50
180.0000
  1
BACK CENTER
  7
STANDARD
  0
ENDBLK
  0
BLOCK
  8
0
  2
Back_506
 70
64
 10
0.0000
 20
0.0000
  0
TEXT
  8
1
 10
-5686.4902
 20
327.6800
 40
3.0000
 50
0.0000
  1
Piece Name: Back
  7
STANDARD
  0
TEXT
  8
1
 10
-5686.4902
 20
331.6800
 40
3.0000
 50
0.0000
  1
SAMPLE SIZE:50
  7
STANDARD
  0
TEXT
  8
1
 10
-5686.4902
 20
335.6800
 40
3.0000
 50
0.0000
  1
ANNOTATION: Cut 2
  7
STANDARD
  0
TEXT
  8
1
 10
-5686.4902
 20
339.6800
 40
3.0000
 50
0.0000
  1
MATERIAL: Leather
  7
STANDARD
  0
TEXT
  8
1
 10
-5686.4902
 20
343.6800
 40
3.0000
 50
0.0000
  1
QUANTITY: 1
  7
STANDARD
  0
POLYLINE
  8
1
 66
1
 70
1
  0
VERTEX
  8
1
 10
-5407.6299
 20
178.3400
  0
VERTEX
  8
1
 10
-5407.6299
 20
167.8300
  0
VERTEX
  8
1
 10
-5432.8599
 20
167.2200
  0
VERTEX
  8
1
 10
-5473.0298
 20
166.3900
  0
VERTEX
  8
1
 10
-5532.5698
 20
166.0800
  0
VERTEX
  8
1
 10
-5609.3999
 20
167.0200
  0
VERTEX
  8
1
 10
-5697.1602
 20
168.8600
  0
VERTEX
  8
1
 10
-5788.2100
 20
170.7200
  0
VERTEX
  8
1
 10
-5877.9302
 20
171.9500
  0
VERTEX
  8
1
 10
-5965.3599
 20
172.3700
  0
VERTEX
  8
1
 10
-5965.3599
 20
182.5600
  0
VERTEX
  8
1
 10
-5964.3301
 20
285.5600
  0
VERTEX
  8
1
 10
-5962.5898
 20
374.2500
  0
VERTEX
  8
1
 10
-5961.0498
 20
441.8100
  0
VERTEX
  8
1
 10
-5959.5000
 20
489.3000
  0
VERTEX
  8
1
 10
-5804.6899
 20
479.2000
  0
VERTEX
  8
1
 10
-5767.7202
 20
476.2200
  0
VERTEX
  8
1
 10
-5712.7100
 20
473.7400
  0
VERTEX
  8
1
 10
-5663.1699
 20
472.7100
  0
VERTEX
  8
1
 10
-5615.1699
 20
472.6100
  0
VERTEX
  8
1
 10
-5574.2798
 20
472.8200
  0
VERTEX
  8
1
 10
-5545.9600
 20
473.5400
  0
VERTEX
  8
1
 10
-5528.4502
 20
474.0500
  0
VERTEX
  8
1
 10
-5525.2500
 20
466.6400
  0
VERTEX
  8
1
 10
-5521.0298
 20
458.7100
  0
VERTEX
  8
1
 10
-5515.6802
 20
450.6700
  0
VERTEX
  8
1
 10
-5508.0498
 20
442.7400
  0
VERTEX
  8
1
 10
-5498.1602
 20
435.5300
  0
VERTEX
  8
1
 10
-5486.8301
 20
429.9700
  0
VERTEX
  8
1
 10
-5473.7500
 20
426.1600
  0
VERTEX
  8
1
 10
-5459.4399
 20
423.6900
  0
VERTEX
  8
1
 10
-5445.4302
 20
421.9400
  0
VERTEX
  8
1
 10
-5433.0698
 20
420.9100
  0
VERTEX
  8
1
 10
-5422.6699
 20
420.8000
  0
VERTEX
  8
1
 10
-5413.5000
 20
420.9100
  0
VERTEX
  8
1
 10
-5411.3398
 20
330.7800
  0
VERTEX
  8
1
 10
-5407.6299
 20
178.3400
  0
SEQEND
  0
POLYLINE
  8
84
 66
1
 70
1
  0
VERTEX
  8
84
 10
-5407.6299
 20
178.3400
  0
VERTEX
  8
84
 10
-5407.6299
 20
167.8300
  0
VERTEX
  8
84
 10
-5432.8599
 20
167.2200
  0
VERTEX
  8
84
 10
-5473.0298
 20
166.3900
  0
VERTEX
  8
84
 10
-5502.0298
 20
166.1000
  0
VERTEX
  8
84
 10
-5532.5698
 20
166.0800
  0
VERTEX
  8
84
 10
-5568.0200
 20
166.3800
  0
VERTEX
  8
84
 10
-5609.3999
 20
167.0200
  0
VERTEX
  8
84
 10
-5697.1602
 20
168.8600
  0
VERTEX
  8
84
 10
-5788.2100
 20
170.7200
  0
VERTEX
  8
84
 10
-5833.9302
 20
171.4400
  0
VERTEX
  8
84
 10
-5877.9302
 20
171.9500
  0
VERTEX
  8
84
 10
-5921.6401
 20
172.2600
  0
VERTEX
  8
84
 10
-5965.3599
 20
172.3700
  0
VERTEX
  8
84
 10
-5965.3599
 20
182.5600
  0
VERTEX
  8
84
 10
-5965.0000
 20
234.0600
  0
VERTEX
  8
84
 10
-5964.3301
 20
285.5600
  0
VERTEX
  8
84
 10
-5963.6201
 20
325.1900
  0
VERTEX
  8
84
 10
-5962.5898
 20
374.2500
  0
VERTEX
  8
84
 10
-5961.0498
 20
441.8100
  0
VERTEX
  8
84
 10
-5959.5000
 20
489.3000
  0
VERTEX
  8
84
 10
-5804.6899
 20
479.2000
  0
VERTEX
  8
84
 10
-5786.2202
 20
477.5600
  0
VERTEX
  8
84
 10
-5767.7202
 20
476.2200
  0
VERTEX
  8
84
 10
-5755.3101
 20
475.4900
  0
VERTEX
  8
84
 10
-5742.1899
 20
474.8400
  0
VERTEX
  8
84
 10
-5728.1602
 20
474.2600
  0
VERTEX
  8
84
 10
-5712.7100
 20
473.7400
  0
VERTEX
  8
84
 10
-5687.1299
 20
473.0800
  0
VERTEX
  8
84
 10
-5663.1699
 20
472.7100
  0
VERTEX
  8
84
 10
-5644.3901
 20
472.6100
  0
VERTEX
  8
84
 10
-5615.1699
 20
472.6100
  0
VERTEX
  8
84
 10
-5590.8799
 20
472.6500
  0
VERTEX
  8
84
 10
-5574.2798
 20
472.8200
  0
VERTEX
  8
84
 10
-5545.9600
 20
473.5400
  0
VERTEX
  8
84
 10
-5528.4502
 20
474.0500
  0
VERTEX
  8
84
 10
-5526.9199
 20
470.3100
  0
VERTEX
  8
84
 10
-5525.2500
 20
466.6400
  0
VERTEX
  8
84
 10
-5523.2500
 20
462.6900
  0
VERTEX
  8
84
 10
-5521.0298
 20
458.7100
  0
VERTEX
  8
84
 10
-5518.2998
 20
454.3100
  0
VERTEX
  8
84
 10
-5515.6802
 20
450.6700
  0
VERTEX
  8
84
 10
-5514.0000
 20
448.6400
  0
VERTEX
  8
84
 10
-5512.1699
 20
446.6500
  0
VERTEX
  8
84
 10
-5510.1899
 20
444.6800
  0
VERTEX
  8
84
 10
-5508.0498
 20
442.7400
  0
VERTEX
  8
84
 10
-5505.7002
 20
440.7800
  0
VERTEX
  8
84
 10
-5503.2700
 20
438.9300
  0
VERTEX
  8
84
 10
-5500.7500
 20
437.1800
  0
VERTEX
  8
84
 10
-5498.1602
 20
435.5300
  0
VERTEX
  8
84
 10
-5495.4102
 20
433.9500
  0
VERTEX
  8
84
 10
-5492.6001
 20
432.4900
  0
VERTEX
  8
84
 10
-5489.7402
 20
431.1600
  0
VERTEX
  8
84
 10
-5486.8301
 20
429.9700
  0
VERTEX
  8
84
 10
-5483.8398
 20
428.9000
  0
VERTEX
  8
84
 10
-5480.6802
 20
427.9100
  0
VERTEX
  8
84
 10
-5477.3301
 20
427.0000
  0
VERTEX
  8
84
 10
-5473.7500
 20
426.1600
  0
VERTEX
  8
84
 10
-5467.2402
 20
424.9000
  0
VERTEX
  8
84
 10
-5459.4399
 20
423.6900
  0
VERTEX
  8
84
 10
-5452.5601
 20
422.7800
  0
VERTEX
  8
84
 10
-5445.4302
 20
421.9400
  0
VERTEX
  8
84
 10
-5438.6201
 20
421.2700
  0
VERTEX
  8
84
 10
-5433.0698
 20
420.9100
  0
VERTEX
  8
84
 10
-5428.5400
 20
420.8000
  0
VERTEX
  8
84
 10
-5422.6699
 20
420.8000
  0
VERTEX
  8
84
 10
-5413.5000
 20
420.9100
  0
VERTEX
  8
84
 10
-5411.3398
 20
330.7800
  0
VERTEX
  8
84
 10
-5407.6299
 20
178.3400
  0
SEQEND
  0
POINT
  8
2
 10
-5407.6299
 20
178.3400
  0
TEXT
  8
1
 10
-5407.6299
 20
178.3400
 40
3.0000
  1
# 96
  7
STANDARD
  0
POINT
  8
2
 10
-5407.6299
 20
167.8300
  0
TEXT
  8
1
 10
-5407.6299
 20
167.8300
 40
3.0000
  1
# 97
  7
STANDARD
  0
POINT
  8
3
 10
-5432.8599
 20
167.2200
  0
POINT
  8
3
 10
-5473.0298
 20
166.3900
  0
POINT
  8
3
 10
-5532.5698
 20
166.0800
  0
POINT
  8
3
 10
-5609.3999
 20
167.0200
  0
POINT
  8
3
 10
-5697.1602
 20
168.8600
  0
POINT
  8
3
 10
-5788.2100
 20
170.7200
  0
POINT
  8
3
 10
-5877.9302
 20
171.9500
  0
POINT
  8
2
 10
-5965.3599
 20
172.3700
  0
TEXT
  8
1
 10
-5965.3599
 20
172.3700
 40
3.0000
  1
# 98
  7
STANDARD
  0
POINT
  8
2
 10
-5965.3599
 20
182.5600
  0
TEXT
  8
1
 10
-5965.3599
 20
182.5600
 40
3.0000
  1
# 99
  7
STANDARD
  0
POINT
  8
3
 10
-5964.3301
 20
285.5600
  0
POINT
  8
3
 10
-5962.5898
 20
374.2500
  0
POINT
  8
2
 10
-5961.0498
 20
441.8100
  0
TEXT
  8
1
 10
-5961.0498
 20
441.8100
 40
3.0000
  1
# 100
  7
STANDARD
  0
POINT
  8
2
 10
-5959.5000
 20
489.3000
  0
TEXT
  8
1
 10
-5959.5000
 20
489.3000
 40
3.0000
  1
# 101
  7
STANDARD
  0
POINT
  8
2
 10
-5804.6899
 20
479.2000
  0
TEXT
  8
1
 10
-5804.6899
 20
479.2000
 40
3.0000
  1
# 102
  7
STANDARD
  0
POINT
  8
3
 10
-5767.7202
 20
476.2200
  0
POINT
  8
3
 10
-5712.7100
 20
473.7400
  0
POINT
  8
3
 10
-5663.1699
 20
472.7100
  0
POINT
  8
3
 10
-5615.1699
 20
472.6100
  0
POINT
  8
3
 10
-5574.2798
 20
472.8200
  0
POINT
  8
3
 10
-5545.9600
 20
473.5400
  0
POINT
  8
2
 10
-5528.4502
 20
474.0500
  0
TEXT
  8
1
 10
-5528.4502
 20
474.0500
 40
3.0000
  1
# 103
  7
STANDARD
  0
POINT
  8
3
 10
-5525.2500
 20
466.6400
  0
POINT
  8
3
 10
-5521.0298
 20
458.7100
  0
POINT
  8
3
 10
-5515.6802
 20
450.6700
  0
POINT
  8
3
 10
-5508.0498
 20
442.7400
  0
POINT
  8
3
 10
-5498.1602
 20
435.5300
  0
POINT
  8
3
 10
-5486.8301
 20
429.9700
  0
POINT
  8
3
 10
-5473.7500
 20
426.1600
  0
POINT
  8
3
 10
-5459.4399
 20
423.6900
  0
POINT
  8
3
 10
-5445.4302
 20
421.9400
  0
POINT
  8
3
 10
-5433.0698
 20
420.9100
  0
POINT
  8
3
 10
-5422.6699
 20
420.8000
  0
POINT
  8
2
 10
-5413.5000
 20
420.9100
  0
TEXT
  8
1
 10
-5413.5000
 20
420.9100
 40
3.0000
  1
# 104
  7
STANDARD
  0
POINT
  8
2
 10
-5411.3398
 20
330.7800
  0
TEXT
  8
1
 10
-5411.3398
 20
330.7800
 40
3.0000
  1
# 105
  7
STANDARD
  0
POINT
  8
4
 10
-5407.6299
 20
178.3400
 30
5.0000
 50
180.0000
  0
POINT
  8
4
 10
-5965.3599
 20
182.5600
 30
5.0000
 50
359.7708
  0
POINT
  8
4
 10
-5961.0498
 20
441.8100
 30
5.0000
 50
358.3961
  0
POINT
  8
4
 10
-5804.6899
 20
479.2000
 30
5.0000
 50
267.7094
  0
POINT
  8
4
 10
-5411.3398
 20
330.7800
 30
5.0000
 50
180.0000
  0
POLYLINE
  8
14
 66
1
 70
1
  0
VERTEX
  8
14
 10
-5417.6401
 20
178.3400
  0
VERTEX
  8
14
 10
-5417.6299
 20
177.5900
  0
VERTEX
  8
14
 10
-5433.2900
 20
177.2200
  0
VERTEX
  8
14
 10
-5473.3398
 20
176.3900
  0
VERTEX
  8
14
 10
-5532.5000
 20
176.0800
  0
VERTEX
  8
14
 10
-5609.0200
 20
177.0200
  0
VERTEX
  8
14
 10
-5696.9600
 20
178.8600
  0
VERTEX
  8
14
 10
-5787.8799
 20
180.7200
  0
VERTEX
  8
14
 10
-5877.7300
 20
181.9500
  0
VERTEX
  8
14
 10
-5955.3599
 20
182.3400
  0
VERTEX
  8
14
 10
-5955.3599
 20
182.5200
  0
VERTEX
  8
14
 10
-5954.3301
 20
285.2500
  0
VERTEX
  8
14
 10
-5952.5898
 20
374.0300
  0
VERTEX
  8
14
 10
-5951.0498
 20
441.5300
  0
VERTEX
  8
14
 10
-5951.0298
 20
442.2600
  0
VERTEX
  8
14
 10
-5949.8501
 20
478.6500
  0
VERTEX
  8
14
 10
-5805.0898
 20
469.2000
  0
VERTEX
  8
14
 10
-5768.2700
 20
466.2400
  0
VERTEX
  8
14
 10
-5712.0200
 20
463.7200
  0
VERTEX
  8
14
 10
-5663.3701
 20
462.7100
  0
VERTEX
  8
14
 10
-5615.1602
 20
462.6100
  0
VERTEX
  8
14
 10
-5573.9302
 20
462.8200
  0
VERTEX
  8
14
 10
-5545.6899
 20
463.5400
  0
VERTEX
  8
14
 10
-5534.9702
 20
463.8500
  0
VERTEX
  8
14
 10
-5534.2402
 20
462.2600
  0
VERTEX
  8
14
 10
-5529.6001
 20
453.5500
  0
VERTEX
  8
14
 10
-5523.6201
 20
444.5800
  0
VERTEX
  8
14
 10
-5514.6099
 20
435.1900
  0
VERTEX
  8
14
 10
-5503.2700
 20
426.9400
  0
VERTEX
  8
14
 10
-5490.4302
 20
420.6300
  0
VERTEX
  8
14
 10
-5475.8799
 20
416.3800
  0
VERTEX
  8
14
 10
-5460.9302
 20
413.8000
  0
VERTEX
  8
14
 10
-5446.5298
 20
412.0000
  0
VERTEX
  8
14
 10
-5433.4702
 20
410.9100
  0
VERTEX
  8
14
 10
-5428.0400
 20
410.8000
  0
VERTEX
  8
14
 10
-5423.2598
 20
410.8000
  0
VERTEX
  8
14
 10
-5421.3501
 20
330.7800
  0
VERTEX
  8
14
 10
-5417.6401
 20
178.3400
  0
SEQEND
  0
POLYLINE
  8
87
 66
1
 70
1
  0
VERTEX
  8
87
 10
-5417.6299
 20
177.5900
  0
VERTEX
  8
87
 10
-5433.2900
 20
177.2200
  0
VERTEX
  8
87
 10
-5473.3398
 20
176.3900
  0
VERTEX
  8
87
 10
-5502.1401
 20
176.0900
  0
VERTEX
  8
87
 10
-5532.5000
 20
176.0800
  0
VERTEX
  8
87
 10
-5567.7202
 20
176.3800
  0
VERTEX
  8
87
 10
-5609.0200
 20
177.0200
  0
VERTEX
  8
87
 10
-5696.9600
 20
178.8600
  0
VERTEX
  8
87
 10
-5787.8799
 20
180.7200
  0
VERTEX
  8
87
 10
-5833.7900
 20
181.4400
  0
VERTEX
  8
87
 10
-5877.7300
 20
181.9500
  0
VERTEX
  8
87
 10
-5916.5400
 20
182.2300
  0
VERTEX
  8
87
 10
-5955.3599
 20
182.3400
  0
VERTEX
  8
87
 10
-5955.3599
 20
182.5200
  0
VERTEX
  8
87
 10
-5955.0098
 20
233.8900
  0
VERTEX
  8
87
 10
-5954.3301
 20
285.2500
  0
VERTEX
  8
87
 10
-5953.6899
 20
320.8500
  0
VERTEX
  8
87
 10
-5952.5898
 20
374.0300
  0
VERTEX
  8
87
 10
-5951.7402
 20
413.8200
  0
VERTEX
  8
87
 10
-5951.0498
 20
441.5300
  0
VERTEX
  8
87
 10
-5951.0298
 20
442.2600
  0
VERTEX
  8
87
 10
-5949.8501
 20
478.6500
  0
VERTEX
  8
87
 10
-5805.0898
 20
469.2000
  0
VERTEX
  8
87
 10
-5786.6899
 20
467.5700
  0
VERTEX
  8
87
 10
-5768.2700
 20
466.2400
  0
VERTEX
  8
87
 10
-5755.6099
 20
465.4900
  0
VERTEX
  8
87
 10
-5742.2202
 20
464.8300
  0
VERTEX
  8
87
 10
-5727.8799
 20
464.2500
  0
VERTEX
  8
87
 10
-5712.0200
 20
463.7200
  0
VERTEX
  8
87
 10
-5686.7900
 20
463.0700
  0
VERTEX
  8
87
 10
-5663.3701
 20
462.7100
  0
VERTEX
  8
87
 10
-5644.6099
 20
462.6100
  0
VERTEX
  8
87
 10
-5615.1602
 20
462.6100
  0
VERTEX
  8
87
 10
-5590.6201
 20
462.6400
  0
VERTEX
  8
87
 10
-5573.9302
 20
462.8200
  0
VERTEX
  8
87
 10
-5545.6899
 20
463.5400
  0
VERTEX
  8
87
 10
-5534.9702
 20
463.8500
  0
VERTEX
  8
87
 10
-5534.2402
 20
462.2600
  0
VERTEX
  8
87
 10
-5532.1099
 20
458.0200
  0
VERTEX
  8
87
 10
-5529.6001
 20
453.5500
  0
VERTEX
  8
87
 10
-5526.5498
 20
448.6500
  0
VERTEX
  8
87
 10
-5523.6201
 20
444.5800
  0
VERTEX
  8
87
 10
-5521.6299
 20
442.1700
  0
VERTEX
  8
87
 10
-5519.4702
 20
439.8000
  0
VERTEX
  8
87
 10
-5517.1299
 20
437.4700
  0
VERTEX
  8
87
 10
-5514.6099
 20
435.1900
  0
VERTEX
  8
87
 10
-5511.9199
 20
432.9600
  0
VERTEX
  8
87
 10
-5509.1299
 20
430.8400
  0
VERTEX
  8
87
 10
-5506.2500
 20
428.8300
  0
VERTEX
  8
87
 10
-5503.2700
 20
426.9400
  0
VERTEX
  8
87
 10
-5500.1401
 20
425.1400
  0
VERTEX
  8
87
 10
-5496.9502
 20
423.4800
  0
VERTEX
  8
87
 10
-5493.7100
 20
421.9800
  0
VERTEX
  8
87
 10
-5490.4302
 20
420.6300
  0
VERTEX
  8
87
 10
-5487.0801
 20
419.4300
  0
VERTEX
  8
87
 10
-5483.5601
 20
418.3200
  0
VERTEX
  8
87
 10
-5479.8398
 20
417.3100
  0
VERTEX
  8
87
 10
-5475.8799
 20
416.3800
  0
VERTEX
  8
87
 10
-5469.0498
 20
415.0600
  0
VERTEX
  8
87
 10
-5460.9302
 20
413.8000
  0
VERTEX
  8
87
 10
-5453.9600
 20
412.8700
  0
VERTEX
  8
87
 10
-5446.5298
 20
412.0000
  0
VERTEX
  8
87
 10
-5439.2798
 20
411.2800
  0
VERTEX
  8
87
 10
-5433.4702
 20
410.9100
  0
VERTEX
  8
87
 10
-5428.0400
 20
410.8000
  0
VERTEX
  8
87
 10
-5423.2598
 20
410.8000
  0
VERTEX
  8
87
 10
-5421.3501
 20
330.7800
  0
VERTEX
  8
87
 10
-5417.6401
 20
178.3400
  0
VERTEX
  8
87
 10
-5417.6299
 20
177.5900
  0
SEQEND
  0
POINT
  8
2
 10
-5417.6401
 20
178.3400
  0
TEXT
  8
14
 10
-5417.6401
 20
178.3400
 40
3.0000
  1
# 106
  7
STANDARD
  0
POINT
  8
2
 10
-5417.6299
 20
177.5900
  0
TEXT
  8
14
 10
-5417.6299
 20
177.5900
 40
3.0000
  1
# 107
  7
STANDARD
  0
POINT
  8
3
 10
-5433.2900
 20
177.2200
  0
POINT
  8
3
 10
-5473.3398
 20
176.3900
  0
POINT
  8
3
 10
-5532.5000
 20
176.0800
  0
POINT
  8
3
 10
-5609.0200
 20
177.0200
  0
POINT
  8
3
 10
-5696.9600
 20
178.8600
  0
POINT
  8
3
 10
-5787.8799
 20
180.7200
  0
POINT
  8
3
 10
-5877.7300
 20
181.9500
  0
POINT
  8
2
 10
-5955.3599
 20
182.3400
  0
TEXT
  8
14
 10
-5955.3599
 20
182.3400
 40
3.0000
  1
# 108
  7
STANDARD
  0
POINT
  8
2
 10
-5955.3599
 20
182.5200
  0
TEXT
  8
14
 10
-5955.3599
 20
182.5200
 40
3.0000
  1
# 109
  7
STANDARD
  0
POINT
  8
3
 10
-5954.3301
 20
285.2500
  0
POINT
  8
3
 10
-5952.5898
 20
374.0300
  0
POINT
  8
3
 10
-5951.0498
 20
441.5300
  0
TEXT
  8
14
 10
-5951.0498
 20
441.5300
 40
3.0000
  1
# 110
  7
STANDARD
  0
POINT
  8
2
 10
-5951.0298
 20
442.2600
  0
TEXT
  8
14
 10
-5951.0298
 20
442.2600
 40
3.0000
  1
# 111
  7
STANDARD
  0
POINT
  8
2
 10
-5949.8501
 20
478.6500
  0
TEXT
  8
14
 10
-5949.8501
 20
478.6500
 40
3.0000
  1
# 112
  7
STANDARD
  0
POINT
  8
2
 10
-5805.0898
 20
469.2000
  0
TEXT
  8
14
 10
-5805.0898
 20
469.2000
 40
3.0000
  1
# 113
  7
STANDARD
  0
POINT
  8
3
 10
-5768.2700
 20
466.2400
  0
POINT
  8
3
 10
-5712.0200
 20
463.7200
  0
POINT
  8
3
 10
-5663.3701
 20
462.7100
  0
POINT
  8
3
 10
-5615.1602
 20
462.6100
  0
POINT
  8
3
 10
-5573.9302
 20
462.8200
  0
POINT
  8
3
 10
-5545.6899
 20
463.5400
  0
POINT
  8
2
 10
-5534.9702
 20
463.8500
  0
TEXT
  8
14
 10
-5534.9702
 20
463.8500
 40
3.0000
  1
# 114
  7
STANDARD
  0
POINT
  8
3
 10
-5534.2402
 20
462.2600
  0
POINT
  8
3
 10
-5529.6001
 20
453.5500
  0
POINT
  8
3
 10
-5523.6201
 20
444.5800
  0
POINT
  8
3
 10
-5514.6099
 20
435.1900
  0
POINT
  8
3
 10
-5503.2700
 20
426.9400
  0
POINT
  8
3
 10
-5490.4302
 20
420.6300
  0
POINT
  8
3
 10
-5475.8799
 20
416.3800
  0
POINT
  8
3
 10
-5460.9302
 20
413.8000
  0
POINT
  8
3
 10
-5446.5298
 20
412.0000
  0
POINT
  8
3
 10
-5433.4702
 20
410.9100
  0
POINT
  8
3
 10
-5428.0400
 20
410.8000
  0
POINT
  8
2
 10
-5423.2598
 20
410.8000
  0
TEXT
  8
14
 10
-5423.2598
 20
410.8000
 40
3.0000
  1
# 115
  7
STANDARD
  0
POINT
  8
2
 10
-5421.3501
 20
330.7800
  0
TEXT
  8
14
 10
-5421.3501
 20
330.7800
 40
3.0000
  1
# 116
  7
STANDARD
  0
POINT
  8
4
 10
-5417.6401
 20
178.3400
 30
5.0000
 50
180.0000
  0
POINT
  8
4
 10
-5955.3599
 20
182.5200
 30
5.0000
 50
359.7708
  0
POINT
  8
4
 10
-5951.0498
 20
441.5300
 30
5.0000
 50
358.3961
  0
POINT
  8
4
 10
-5805.0898
 20
469.2000
 30
5.0000
 50
267.7094
  0
POINT
  8
4
 10
-5421.3501
 20
330.7800
 30
5.0000
 50
180.0000
  0
LINE
  8
7
 10
-5853.0801
 20
327.6900
 11
-5521.7002
 21
327.6900
  0
LINE
  8
5
 10
-5853.0801
 20
327.6900
 11
-5521.7002
 21
327.6900
  0
POINT
  8
2
 10
-5853.0801
 20
327.6900
  0
TEXT
  8
7
 10
-5853.0801
 20
327.6900
 40
3.0000
  1
# 117
  7
STANDARD
  0
POINT
  8
2
 10
-5521.7002
 20
327.6900
  0
TEXT
  8
7
 10
-5521.7002
 20
327.6900
 40
3.0000
  1
# 118
  7
STANDARD
  0
POINT
  8
13
 10
-5879.2598
 20
456.3400
 30
10.0000
  0
TEXT
  8
13
 10
-5879.2598
 20
456.3400
 40
3.0000
  1
# 119
  7
STANDARD
  0
TEXT
  8
15
 10
-5888.3301
 20
463.0300
 40
7.65
  50
270.0000
  1
SNAP
  7
STANDARD
  0
TEXT
  8
15
 10
-5857.5298
 20
467.6700
 40
7.15
  50
0.0000
  1
VENT
  7
STANDARD
  0
ENDBLK
  0
BLOCK
  8
0
  2
Back Yoke_507
 70
64
 10
0.0000
 20
0.0000
  0
TEXT
  8
1
 10
-5249.6602
 20
196.8800
 40
3.0000
 50
0.0000
  1
Piece Name: Back Yoke
  7
STANDARD
  0
TEXT
  8
1
 10
-5249.6602
 20
200.8800
 40
3.0000
 50
0.0000
  1
SAMPLE SIZE:50
  7
STANDARD
  0
TEXT
  8
1
 10
-5249.6602
 20
204.8800
 40
3.0000
 50
0.0000
  1
ANNOTATION: Cut 1
  7
STANDARD
  0
TEXT
  8
1
 10
-5249.6602
 20
208.8800
 40
3.0000
 50
0.0000
  1
MATERIAL: Leather
  7
STANDARD
  0
TEXT
  8
1
 10
-5249.6602
 20
212.8800
 40
3.0000
 50
0.0000
  1
QUANTITY: 1
  7
STANDARD
  0
POLYLINE
  8
1
 66
1
 70
1
  0
VERTEX
  8
1
 10
-5362.6499
 20
439.8700
  0
VERTEX
  8
1
 10
-5341.5400
 20
439.3500
  0
VERTEX
  8
1
 10
-5328.0400
 20
439.9700
  0
VERTEX
  8
1
 10
-5307.0298
 20
441.4100
  0
VERTEX
  8
1
 10
-5283.6499
 20
444.3000
  0
VERTEX
  8
1
 10
-5260.3701
 20
448.1100
  0
VERTEX
  8
1
 10
-5238.7402
 20
452.5400
  0
VERTEX
  8
1
 10
-5221.2300
 20
456.4500
  0
VERTEX
  8
1
 10
-5208.6699
 20
459.6400
  0
VERTEX
  8
1
 10
-5199.8101
 20
462.0000
  0
VERTEX
  8
1
 10
-5177.3501
 20
398.7700
  0
VERTEX
  8
1
 10
-5156.3398
 20
340.2600
  0
VERTEX
  8
1
 10
-5136.6699
 20
286.8100
  0
VERTEX
  8
1
 10
-5146.4502
 20
281.3500
  0
VERTEX
  8
1
 10
-5154.8999
 20
274.0400
  0
VERTEX
  8
1
 10
-5161.4902
 20
264.2500
  0
VERTEX
  8
1
 10
-5166.4399
 20
252.5100
  0
VERTEX
  8
1
 10
-5169.4199
 20
240.0500
  0
VERTEX
  8
1
 10
-5171.0698
 20
228.5100
  0
VERTEX
  8
1
 10
-5171.8901
 20
219.5500
  0
VERTEX
  8
1
 10
-5172.3101
 20
212.9600
  0
VERTEX
  8
1
 10
-5172.3101
 20
207.5000
  0
VERTEX
  8
1
 10
-5172.3101
 20
196.8900
  0
VERTEX
  8
1
 10
-5172.3101
 20
186.2800
  0
VERTEX
  8
1
 10
-5172.3101
 20
180.8200
  0
VERTEX
  8
1
 10
-5171.8901
 20
174.2300
  0
VERTEX
  8
1
 10
-5171.0698
 20
165.2700
  0
VERTEX
  8
1
 10
-5169.4199
 20
153.7300
  0
VERTEX
  8
1
 10
-5166.4399
 20
141.2700
  0
VERTEX
  8
1
 10
-5161.4902
 20
129.5300
  0
VERTEX
  8
1
 10
-5154.8999
 20
119.7400
  0
VERTEX
  8
1
 10
-5146.4502
 20
112.4300
  0
VERTEX
  8
1
 10
-5136.6699
 20
106.9700
  0
VERTEX
  8
1
 10
-5156.3398
 20
53.5200
  0
VERTEX
  8
1
 10
-5177.3501
 20
-4.9900
  0
VERTEX
  8
1
 10
-5199.8101
 20
-68.2200
  0
VERTEX
  8
1
 10
-5208.6699
 20
-65.8600
  0
VERTEX
  8
1
 10
-5221.2300
 20
-62.6700
  0
VERTEX
  8
1
 10
-5238.7402
 20
-58.7600
  0
VERTEX
  8
1
 10
-5260.3701
 20
-54.3300
  0
VERTEX
  8
1
 10
-5283.6499
 20
-50.5200
  0
VERTEX
  8
1
 10
-5307.0298
 20
-47.6300
  0
VERTEX
  8
1
 10
-5328.0400
 20
-46.1900
  0
VERTEX
  8
1
 10
-5341.5400
 20
-45.5700
  0
VERTEX
  8
1
 10
-5362.6499
 20
-46.0900
  0
VERTEX
  8
1
 10
-5362.6499
 20
44.3500
  0
VERTEX
  8
1
 10
-5362.6499
 20
196.8900
  0
VERTEX
  8
1
 10
-5362.6499
 20
349.4300
  0
VERTEX
  8
1
 10
-5362.6499
 20
439.8700
  0
SEQEND
  0
POLYLINE
  8
84
 66
1
 70
1
  0
VERTEX
  8
84
 10
-5362.6499
 20
439.8700
  0
VERTEX
  8
84
 10
-5357.3701
 20
439.5500
  0
VERTEX
  8
84
 10
-5352.0898
 20
439.3600
  0
VERTEX
  8
84
 10
-5346.8198
 20
439.2900
  0
VERTEX
  8
84
 10
-5341.5400
 20
439.3500
  0
VERTEX
  8
84
 10
-5335.5400
 20
439.5600
  0
VERTEX
  8
84
 10
-5328.0400
 20
439.9700
  0
VERTEX
  8
84
 10
-5307.0298
 20
441.4100
  0
VERTEX
  8
84
 10
-5295.3301
 20
442.7500
  0
VERTEX
  8
84
 10
-5283.6499
 20
444.3000
  0
VERTEX
  8
84
 10
-5271.6699
 20
446.1300
  0
VERTEX
  8
84
 10
-5260.3701
 20
448.1100
  0
VERTEX
  8
84
 10
-5251.0400
 20
449.9500
  0
VERTEX
  8
84
 10
-5238.7402
 20
452.5400
  0
VERTEX
  8
84
 10
-5228.7300
 20
454.7200
  0
VERTEX
  8
84
 10
-5221.2300
 20
456.4500
  0
VERTEX
  8
84
 10
-5208.6699
 20
459.6400
  0
VERTEX
  8
84
 10
-5199.8101
 20
462.0000
  0
VERTEX
  8
84
 10
-5177.3501
 20
398.7700
  0
VERTEX
  8
84
 10
-5156.3398
 20
340.2600
  0
VERTEX
  8
84
 10
-5146.5601
 20
313.5100
  0
VERTEX
  8
84
 10
-5136.6699
 20
286.8100
  0
VERTEX
  8
84
 10
-5139.2100
 20
285.6100
  0
VERTEX
  8
84
 10
-5141.6899
 20
284.3000
  0
VERTEX
  8
84
 10
-5144.1001
 20
282.8800
  0
VERTEX
  8
84
 10
-5146.4502
 20
281.3500
  0
VERTEX
  8
84
 10
-5148.8701
 20
279.6000
  0
VERTEX
  8
84
 10
-5151.0801
 20
277.8000
  0
VERTEX
  8
84
 10
-5153.0898
 20
275.9500
  0
VERTEX
  8
84
 10
-5154.8999
 20
274.0400
  0
VERTEX
  8
84
 10
-5156.6299
 20
271.9400
  0
VERTEX
  8
84
 10
-5158.2998
 20
269.6300
  0
VERTEX
  8
84
 10
-5159.9102
 20
267.0700
  0
VERTEX
  8
84
 10
-5161.4902
 20
264.2500
  0
VERTEX
  8
84
 10
-5162.9302
 20
261.3800
  0
VERTEX
  8
84
 10
-5164.2402
 20
258.4600
  0
VERTEX
  8
84
 10
-5165.4102
 20
255.5000
  0
VERTEX
  8
84
 10
-5166.4399
 20
252.5100
  0
VERTEX
  8
84
 10
-5167.2700
 20
249.7100
  0
VERTEX
  8
84
 10
-5168.0400
 20
246.7300
  0
VERTEX
  8
84
 10
-5169.4199
 20
240.0500
  0
VERTEX
  8
84
 10
-5170.3301
 20
234.3800
  0
VERTEX
  8
84
 10
-5171.0698
 20
228.5100
  0
VERTEX
  8
84
 10
-5171.8901
 20
219.5500
  0
VERTEX
  8
84
 10
-5172.3101
 20
212.9600
  0
VERTEX
  8
84
 10
-5172.3101
 20
207.5000
  0
VERTEX
  8
84
 10
-5172.3101
 20
196.8900
  0
VERTEX
  8
84
 10
-5172.3101
 20
186.2800
  0
VERTEX
  8
84
 10
-5172.3101
 20
180.8200
  0
VERTEX
  8
84
 10
-5171.8901
 20
174.2300
  0
VERTEX
  8
84
 10
-5171.0698
 20
165.2700
  0
VERTEX
  8
84
 10
-5170.3301
 20
159.4000
  0
VERTEX
  8
84
 10
-5169.4199
 20
153.7300
  0
VERTEX
  8
84
 10
-5168.0400
 20
147.0500
  0
VERTEX
  8
84
 10
-5167.2700
 20
144.0700
  0
VERTEX
  8
84
 10
-5166.4399
 20
141.2700
  0
VERTEX
  8
84
 10
-5165.4102
 20
138.2800
  0
VERTEX
  8
84
 10
-5164.2402
 20
135.3200
  0
VERTEX
  8
84
 10
-5162.9302
 20
132.4000
  0
VERTEX
  8
84
 10
-5161.4902
 20
129.5300
  0
VERTEX
  8
84
 10
-5159.9102
 20
126.7100
  0
VERTEX
  8
84
 10
-5158.2998
 20
124.1500
  0
VERTEX
  8
84
 10
-5156.6299
 20
121.8400
  0
VERTEX
  8
84
 10
-5154.8999
 20
119.7400
  0
VERTEX
  8
84
 10
-5153.0898
 20
117.8300
  0
VERTEX
  8
84
 10
-5151.0801
 20
115.9800
  0
VERTEX
  8
84
 10
-5148.8701
 20
114.1800
  0
VERTEX
  8
84
 10
-5146.4502
 20
112.4300
  0
VERTEX
  8
84
 10
-5144.1001
 20
110.9000
  0
VERTEX
  8
84
 10
-5141.6899
 20
109.4800
  0
VERTEX
  8
84
 10
-5139.2100
 20
108.1700
  0
VERTEX
  8
84
 10
-5136.6699
 20
106.9700
  0
VERTEX
  8
84
 10
-5146.5601
 20
80.2700
  0
VERTEX
  8
84
 10
-5156.3398
 20
53.5200
  0
VERTEX
  8
84
 10
-5177.3501
 20
-4.9900
  0
VERTEX
  8
84
 10
-5199.8101
 20
-68.2200
  0
VERTEX
  8
84
 10
-5208.6699
 20
-65.8600
  0
VERTEX
  8
84
 10
-5221.2300
 20
-62.6700
  0
VERTEX
  8
84
 10
-5228.7300
 20
-60.9400
  0
VERTEX
  8
84
 10
-5238.7402
 20
-58.7600
  0
VERTEX
  8
84
 10
-5251.0400
 20
-56.1700
  0
VERTEX
  8
84
 10
-5260.3701
 20
-54.3300
  0
VERTEX
  8
84
 10
-5271.6699
 20
-52.3500
  0
VERTEX
  8
84
 10
-5283.6499
 20
-50.5200
  0
VERTEX
  8
84
 10
-5295.3301
 20
-48.9700
  0
VERTEX
  8
84
 10
-5307.0298
 20
-47.6300
  0
VERTEX
  8
84
 10
-5328.0400
 20
-46.1900
  0
VERTEX
  8
84
 10
-5335.5400
 20
-45.7800
  0
VERTEX
  8
84
 10
-5341.5400
 20
-45.5700
  0
VERTEX
  8
84
 10
-5346.8198
 20
-45.5100
  0
VERTEX
  8
84
 10
-5352.0898
 20
-45.5800
  0
VERTEX
  8
84
 10
-5357.3701
 20
-45.7700
  0
VERTEX
  8
84
 10
-5362.6499
 20
-46.0900
  0
VERTEX
  8
84
 10
-5362.6499
 20
44.3500
  0
VERTEX
  8
84
 10
-5362.6499
 20
196.8900
  0
VERTEX
  8
84
 10
-5362.6499
 20
349.4300
  0
VERTEX
  8
84
 10
-5362.6499
 20
439.8700
  0
SEQEND
  0
POINT
  8
2
 10
-5362.6499
 20
439.8700
  0
TEXT
  8
1
 10
-5362.6499
 20
439.8700
 40
3.0000
  1
# 120
  7
STANDARD
  0
POINT
  8
3
 10
-5341.5400
 20
439.3500
  0
POINT
  8
3
 10
-5328.0400
 20
439.9700
  0
POINT
  8
2
 10
-5307.0298
 20
441.4100
  0
TEXT
  8
1
 10
-5307.0298
 20
441.4100
 40
3.0000
  1
# 121
  7
STANDARD
  0
POINT
  8
3
 10
-5283.6499
 20
444.3000
  0
POINT
  8
3
 10
-5260.3701
 20
448.1100
  0
POINT
  8
3
 10
-5238.7402
 20
452.5400
  0
POINT
  8
3
 10
-5221.2300
 20
456.4500
  0
POINT
  8
3
 10
-5208.6699
 20
459.6400
  0
POINT
  8
2
 10
-5199.8101
 20
462.0000
  0
TEXT
  8
1
 10
-5199.8101
 20
462.0000
 40
3.0000
  1
# 122
  7
STANDARD
  0
POINT
  8
3
 10
-5177.3501
 20
398.7700
  0
POINT
  8
3
 10
-5156.3398
 20
340.2600
  0
POINT
  8
2
 10
-5136.6699
 20
286.8100
  0
TEXT
  8
1
 10
-5136.6699
 20
286.8100
 40
3.0000
  1
# 123
  7
STANDARD
  0
POINT
  8
3
 10
-5146.4502
 20
281.3500
  0
POINT
  8
3
 10
-5154.8999
 20
274.0400
  0
POINT
  8
3
 10
-5161.4902
 20
264.2500
  0
POINT
  8
3
 10
-5166.4399
 20
252.5100
  0
POINT
  8
3
 10
-5169.4199
 20
240.0500
  0
POINT
  8
3
 10
-5171.0698
 20
228.5100
  0
POINT
  8
3
 10
-5171.8901
 20
219.5500
  0
POINT
  8
3
 10
-5172.3101
 20
212.9600
  0
POINT
  8
2
 10
-5172.3101
 20
207.5000
  0
TEXT
  8
1
 10
-5172.3101
 20
207.5000
 40
3.0000
  1
# 124
  7
STANDARD
  0
POINT
  8
2
 10
-5172.3101
 20
196.8900
  0
TEXT
  8
1
 10
-5172.3101
 20
196.8900
 40
3.0000
  1
# 125
  7
STANDARD
  0
POINT
  8
2
 10
-5172.3101
 20
186.2800
  0
TEXT
  8
1
 10
-5172.3101
 20
186.2800
 40
3.0000
  1
# 126
  7
STANDARD
  0
POINT
  8
3
 10
-5172.3101
 20
180.8200
  0
POINT
  8
3
 10
-5171.8901
 20
174.2300
  0
POINT
  8
3
 10
-5171.0698
 20
165.2700
  0
POINT
  8
3
 10
-5169.4199
 20
153.7300
  0
POINT
  8
3
 10
-5166.4399
 20
141.2700
  0
POINT
  8
3
 10
-5161.4902
 20
129.5300
  0
POINT
  8
3
 10
-5154.8999
 20
119.7400
  0
POINT
  8
3
 10
-5146.4502
 20
112.4300
  0
POINT
  8
2
 10
-5136.6699
 20
106.9700
  0
TEXT
  8
1
 10
-5136.6699
 20
106.9700
 40
3.0000
  1
# 127
  7
STANDARD
  0
POINT
  8
3
 10
-5156.3398
 20
53.5200
  0
POINT
  8
3
 10
-5177.3501
 20
-4.9900
  0
POINT
  8
2
 10
-5199.8101
 20
-68.2200
  0
TEXT
  8
1
 10
-5199.8101
 20
-68.2200
 40
3.0000
  1
# 128
  7
STANDARD
  0
POINT
  8
3
 10
-5208.6699
 20
-65.8600
  0
POINT
  8
3
 10
-5221.2300
 20
-62.6700
  0
POINT
  8
3
 10
-5238.7402
 20
-58.7600
  0
POINT
  8
3
 10
-5260.3701
 20
-54.3300
  0
POINT
  8
3
 10
-5283.6499
 20
-50.5200
  0
POINT
  8
2
 10
-5307.0298
 20
-47.6300
  0
TEXT
  8
1
 10
-5307.0298
 20
-47.6300
 40
3.0000
  1
# 129
  7
STANDARD
  0
POINT
  8
3
 10
-5328.0400
 20
-46.1900
  0
POINT
  8
3
 10
-5341.5400
 20
-45.5700
  0
POINT
  8
2
 10
-5362.6499
 20
-46.0900
  0
TEXT
  8
1
 10
-5362.6499
 20
-46.0900
 40
3.0000
  1
# 130
  7
STANDARD
  0
POINT
  8
2
 10
-5362.6499
 20
44.3500
  0
TEXT
  8
1
 10
-5362.6499
 20
44.3500
 40
3.0000
  1
# 131
  7
STANDARD
  0
POINT
  8
2
 10
-5362.6499
 20
196.8900
  0
TEXT
  8
1
 10
-5362.6499
 20
196.8900
 40
3.0000
  1
# 132
  7
STANDARD
  0
POINT
  8
2
 10
-5362.6499
 20
349.4300
  0
TEXT
  8
1
 10
-5362.6499
 20
349.4300
 40
3.0000
  1
# 133
  7
STANDARD
  0
POINT
  8
4
 10
-5307.0298
 20
441.4100
 30
5.0000
 50
274.8208
  0
POINT
  8
4
 10
-5172.3101
 20
196.8900
 30
5.0000
 50
180.0000
  0
POINT
  8
4
 10
-5307.0298
 20
-47.6300
 30
5.0000
 50
85.0650
  0
POINT
  8
4
 10
-5362.6499
 20
44.3500
 30
5.0000
 50
0.0000
  0
POINT
  8
4
 10
-5362.6499
 20
196.8900
 30
5.0000
 50
0.0000
  0
POINT
  8
4
 10
-5362.6499
 20
349.4300
 30
5.0000
 50
0.0000
  0
POLYLINE
  8
14
 66
1
 70
1
  0
VERTEX
  8
14
 10
-5352.6499
 20
429.3800
  0
VERTEX
  8
14
 10
-5341.5000
 20
429.3500
  0
VERTEX
  8
14
 10
-5327.5698
 20
429.9800
  0
VERTEX
  8
14
 10
-5306.1899
 20
431.4400
  0
VERTEX
  8
14
 10
-5281.8799
 20
434.4500
  0
VERTEX
  8
14
 10
-5258.6699
 20
438.2600
  0
VERTEX
  8
14
 10
-5237.3701
 20
442.6000
  0
VERTEX
  8
14
 10
-5218.8398
 20
446.7400
  0
VERTEX
  8
14
 10
-5206.2700
 20
449.9400
  0
VERTEX
  8
14
 10
-5206.1499
 20
449.9700
  0
VERTEX
  8
14
 10
-5186.7002
 20
395.2200
  0
VERTEX
  8
14
 10
-5165.8398
 20
337.1400
  0
VERTEX
  8
14
 10
-5149.0898
 20
291.5500
  0
VERTEX
  8
14
 10
-5152.0400
 20
289.6500
  0
VERTEX
  8
14
 10
-5162.3999
 20
280.6700
  0
VERTEX
  8
14
 10
-5170.3501
 20
268.9000
  0
VERTEX
  8
14
 10
-5176.0000
 20
255.4500
  0
VERTEX
  8
14
 10
-5179.2500
 20
241.8700
  0
VERTEX
  8
14
 10
-5181.0200
 20
229.5000
  0
VERTEX
  8
14
 10
-5181.8599
 20
220.3600
  0
VERTEX
  8
14
 10
-5182.3101
 20
213.2900
  0
VERTEX
  8
14
 10
-5182.3101
 20
207.5000
  0
VERTEX
  8
14
 10
-5182.3101
 20
196.8900
  0
VERTEX
  8
14
 10
-5182.3101
 20
186.2800
  0
VERTEX
  8
14
 10
-5182.3101
 20
180.4900
  0
VERTEX
  8
14
 10
-5181.8599
 20
173.4200
  0
VERTEX
  8
14
 10
-5181.0200
 20
164.2800
  0
VERTEX
  8
14
 10
-5179.2500
 20
151.9100
  0
VERTEX
  8
14
 10
-5176.0000
 20
138.3300
  0
VERTEX
  8
14
 10
-5170.3501
 20
124.8800
  0
VERTEX
  8
14
 10
-5162.4102
 20
113.1200
  0
VERTEX
  8
14
 10
-5152.0400
 20
104.1400
  0
VERTEX
  8
14
 10
-5149.0898
 20
102.2300
  0
VERTEX
  8
14
 10
-5165.8398
 20
56.6400
  0
VERTEX
  8
14
 10
-5186.7002
 20
-1.4400
  0
VERTEX
  8
14
 10
-5206.1499
 20
-56.1900
  0
VERTEX
  8
14
 10
-5206.2700
 20
-56.1600
  0
VERTEX
  8
14
 10
-5218.8398
 20
-52.9600
  0
VERTEX
  8
14
 10
-5237.3301
 20
-48.8300
  0
VERTEX
  8
14
 10
-5258.6699
 20
-44.4800
  0
VERTEX
  8
14
 10
-5281.8799
 20
-40.6700
  0
VERTEX
  8
14
 10
-5306.1699
 20
-37.6600
  0
VERTEX
  8
14
 10
-5327.5698
 20
-36.2000
  0
VERTEX
  8
14
 10
-5341.5000
 20
-35.5700
  0
VERTEX
  8
14
 10
-5352.6499
 20
-35.6000
  0
VERTEX
  8
14
 10
-5352.6499
 20
44.3500
  0
VERTEX
  8
14
 10
-5352.6499
 20
196.8900
  0
VERTEX
  8
14
 10
-5352.6499
 20
349.4300
  0
VERTEX
  8
14
 10
-5352.6499
 20
429.3800
  0
SEQEND
  0
POLYLINE
  8
87
 66
1
 70
1
  0
VERTEX
  8
87
 10
-5352.6499
 20
429.3800
  0
VERTEX
  8
87
 10
-5347.0698
 20
429.3000
  0
VERTEX
  8
87
 10
-5341.5000
 20
429.3500
  0
VERTEX
  8
87
 10
-5335.3101
 20
429.5600
  0
VERTEX
  8
87
 10
-5327.5698
 20
429.9800
  0
VERTEX
  8
87
 10
-5306.1899
 20
431.4400
  0
VERTEX
  8
87
 10
-5294.0200
 20
432.8300
  0
VERTEX
  8
87
 10
-5281.8799
 20
434.4500
  0
VERTEX
  8
87
 10
-5269.9502
 20
436.2800
  0
VERTEX
  8
87
 10
-5258.6699
 20
438.2600
  0
VERTEX
  8
87
 10
-5249.5801
 20
440.0400
  0
VERTEX
  8
87
 10
-5237.3701
 20
442.6000
  0
VERTEX
  8
87
 10
-5226.7002
 20
444.9100
  0
VERTEX
  8
87
 10
-5218.8398
 20
446.7400
  0
VERTEX
  8
87
 10
-5206.2700
 20
449.9400
  0
VERTEX
  8
87
 10
-5206.1499
 20
449.9700
  0
VERTEX
  8
87
 10
-5186.7002
 20
395.2200
  0
VERTEX
  8
87
 10
-5165.8398
 20
337.1400
  0
VERTEX
  8
87
 10
-5149.0898
 20
291.5500
  0
VERTEX
  8
87
 10
-5152.0400
 20
289.6500
  0
VERTEX
  8
87
 10
-5154.9600
 20
287.5400
  0
VERTEX
  8
87
 10
-5157.6699
 20
285.3300
  0
VERTEX
  8
87
 10
-5160.1499
 20
283.0400
  0
VERTEX
  8
87
 10
-5162.3999
 20
280.6700
  0
VERTEX
  8
87
 10
-5164.5098
 20
278.1100
  0
VERTEX
  8
87
 10
-5166.5298
 20
275.3100
  0
VERTEX
  8
87
 10
-5168.4702
 20
272.2500
  0
VERTEX
  8
87
 10
-5170.3501
 20
268.9000
  0
VERTEX
  8
87
 10
-5172.0000
 20
265.6200
  0
VERTEX
  8
87
 10
-5173.4902
 20
262.2700
  0
VERTEX
  8
87
 10
-5174.8198
 20
258.8800
  0
VERTEX
  8
87
 10
-5176.0000
 20
255.4500
  0
VERTEX
  8
87
 10
-5176.9102
 20
252.3700
  0
VERTEX
  8
87
 10
-5177.7500
 20
249.1100
  0
VERTEX
  8
87
 10
-5178.5200
 20
245.6300
  0
VERTEX
  8
87
 10
-5179.2500
 20
241.8700
  0
VERTEX
  8
87
 10
-5180.2300
 20
235.8000
  0
VERTEX
  8
87
 10
-5181.0200
 20
229.5000
  0
VERTEX
  8
87
 10
-5181.8599
 20
220.3600
  0
VERTEX
  8
87
 10
-5182.3101
 20
213.2900
  0
VERTEX
  8
87
 10
-5182.3101
 20
207.5000
  0
VERTEX
  8
87
 10
-5182.3101
 20
196.8900
  0
VERTEX
  8
87
 10
-5182.3101
 20
186.2800
  0
VERTEX
  8
87
 10
-5182.3101
 20
180.4900
  0
VERTEX
  8
87
 10
-5181.8599
 20
173.4200
  0
VERTEX
  8
87
 10
-5181.0200
 20
164.2800
  0
VERTEX
  8
87
 10
-5180.2300
 20
157.9800
  0
VERTEX
  8
87
 10
-5179.2500
 20
151.9100
  0
VERTEX
  8
87
 10
-5178.5200
 20
148.1500
  0
VERTEX
  8
87
 10
-5177.7500
 20
144.6700
  0
VERTEX
  8
87
 10
-5176.9102
 20
141.4100
  0
VERTEX
  8
87
 10
-5176.0000
 20
138.3300
  0
VERTEX
  8
87
 10
-5174.8198
 20
134.9000
  0
VERTEX
  8
87
 10
-5173.4902
 20
131.5100
  0
VERTEX
  8
87
 10
-5172.0000
 20
128.1700
  0
VERTEX
  8
87
 10
-5170.3501
 20
124.8800
  0
VERTEX
  8
87
 10
-5168.4702
 20
121.5300
  0
VERTEX
  8
87
 10
-5166.5298
 20
118.4700
  0
VERTEX
  8
87
 10
-5164.5200
 20
115.6700
  0
VERTEX
  8
87
 10
-5162.4102
 20
113.1200
  0
VERTEX
  8
87
 10
-5160.1699
 20
110.7600
  0
VERTEX
  8
87
 10
-5157.6899
 20
108.4800
  0
VERTEX
  8
87
 10
-5154.9800
 20
106.2700
  0
VERTEX
  8
87
 10
-5152.0400
 20
104.1400
  0
VERTEX
  8
87
 10
-5149.0898
 20
102.2300
  0
VERTEX
  8
87
 10
-5165.8398
 20
56.6400
  0
VERTEX
  8
87
 10
-5186.7002
 20
-1.4400
  0
VERTEX
  8
87
 10
-5206.1499
 20
-56.1900
  0
VERTEX
  8
87
 10
-5206.2700
 20
-56.1600
  0
VERTEX
  8
87
 10
-5218.8398
 20
-52.9600
  0
VERTEX
  8
87
 10
-5226.6699
 20
-51.1300
  0
VERTEX
  8
87
 10
-5237.3301
 20
-48.8300
  0
VERTEX
  8
87
 10
-5249.5898
 20
-46.2600
  0
VERTEX
  8
87
 10
-5258.6699
 20
-44.4800
  0
VERTEX
  8
87
 10
-5269.9502
 20
-42.5000
  0
VERTEX
  8
87
 10
-5281.8799
 20
-40.6700
  0
VERTEX
  8
87
 10
-5294.0098
 20
-39.0500
  0
VERTEX
  8
87
 10
-5306.1699
 20
-37.6600
  0
VERTEX
  8
87
 10
-5327.5698
 20
-36.2000
  0
VERTEX
  8
87
 10
-5335.3101
 20
-35.7800
  0
VERTEX
  8
87
 10
-5341.5000
 20
-35.5700
  0
VERTEX
  8
87
 10
-5347.0698
 20
-35.5200
  0
VERTEX
  8
87
 10
-5352.6499
 20
-35.6000
  0
VERTEX
  8
87
 10
-5352.6499
 20
44.3500
  0
VERTEX
  8
87
 10
-5352.6499
 20
196.8900
  0
VERTEX
  8
87
 10
-5352.6499
 20
349.4300
  0
VERTEX
  8
87
 10
-5352.6499
 20
429.3800
  0
SEQEND
  0
POINT
  8
2
 10
-5352.6499
 20
429.3800
  0
TEXT
  8
14
 10
-5352.6499
 20
429.3800
 40
3.0000
  1
# 134
  7
STANDARD
  0
POINT
  8
3
 10
-5341.5000
 20
429.3500
  0
POINT
  8
3
 10
-5327.5698
 20
429.9800
  0
POINT
  8
2
 10
-5306.1899
 20
431.4400
  0
TEXT
  8
14
 10
-5306.1899
 20
431.4400
 40
3.0000
  1
# 135
  7
STANDARD
  0
POINT
  8
3
 10
-5281.8799
 20
434.4500
  0
POINT
  8
3
 10
-5258.6699
 20
438.2600
  0
POINT
  8
3
 10
-5237.3701
 20
442.6000
  0
POINT
  8
3
 10
-5218.8398
 20
446.7400
  0
POINT
  8
3
 10
-5206.2700
 20
449.9400
  0
POINT
  8
2
 10
-5206.1499
 20
449.9700
  0
TEXT
  8
14
 10
-5206.1499
 20
449.9700
 40
3.0000
  1
# 136
  7
STANDARD
  0
POINT
  8
3
 10
-5186.7002
 20
395.2200
  0
POINT
  8
3
 10
-5165.8398
 20
337.1400
  0
POINT
  8
2
 10
-5149.0898
 20
291.5500
  0
TEXT
  8
14
 10
-5149.0898
 20
291.5500
 40
3.0000
  1
# 137
  7
STANDARD
  0
POINT
  8
3
 10
-5152.0400
 20
289.6500
  0
POINT
  8
3
 10
-5162.3999
 20
280.6700
  0
POINT
  8
3
 10
-5170.3501
 20
268.9000
  0
POINT
  8
3
 10
-5176.0000
 20
255.4500
  0
POINT
  8
3
 10
-5179.2500
 20
241.8700
  0
POINT
  8
3
 10
-5181.0200
 20
229.5000
  0
POINT
  8
3
 10
-5181.8599
 20
220.3600
  0
POINT
  8
3
 10
-5182.3101
 20
213.2900
  0
POINT
  8
2
 10
-5182.3101
 20
207.5000
  0
TEXT
  8
14
 10
-5182.3101
 20
207.5000
 40
3.0000
  1
# 138
  7
STANDARD
  0
POINT
  8
2
 10
-5182.3101
 20
196.8900
  0
TEXT
  8
14
 10
-5182.3101
 20
196.8900
 40
3.0000
  1
# 139
  7
STANDARD
  0
POINT
  8
2
 10
-5182.3101
 20
186.2800
  0
TEXT
  8
14
 10
-5182.3101
 20
186.2800
 40
3.0000
  1
# 140
  7
STANDARD
  0
POINT
  8
3
 10
-5182.3101
 20
180.4900
  0
POINT
  8
3
 10
-5181.8599
 20
173.4200
  0
POINT
  8
3
 10
-5181.0200
 20
164.2800
  0
POINT
  8
3
 10
-5179.2500
 20
151.9100
  0
POINT
  8
3
 10
-5176.0000
 20
138.3300
  0
POINT
  8
3
 10
-5170.3501
 20
124.8800
  0
POINT
  8
3
 10
-5162.4102
 20
113.1200
  0
POINT
  8
3
 10
-5152.0400
 20
104.1400
  0
POINT
  8
2
 10
-5149.0898
 20
102.2300
  0
TEXT
  8
14
 10
-5149.0898
 20
102.2300
 40
3.0000
  1
# 141
  7
STANDARD
  0
POINT
  8
3
 10
-5165.8398
 20
56.6400
  0
POINT
  8
3
 10
-5186.7002
 20
-1.4400
  0
POINT
  8
2
 10
-5206.1499
 20
-56.1900
  0
TEXT
  8
14
 10
-5206.1499
 20
-56.1900
 40
3.0000
  1
# 142
  7
STANDARD
  0
POINT
  8
3
 10
-5206.2700
 20
-56.1600
  0
POINT
  8
3
 10
-5218.8398
 20
-52.9600
  0
POINT
  8
3
 10
-5237.3301
 20
-48.8300
  0
POINT
  8
3
 10
-5258.6699
 20
-44.4800
  0
POINT
  8
3
 10
-5281.8799
 20
-40.6700
  0
POINT
  8
2
 10
-5306.1699
 20
-37.6600
  0
TEXT
  8
14
 10
-5306.1699
 20
-37.6600
 40
3.0000
  1
# 143
  7
STANDARD
  0
POINT
  8
3
 10
-5327.5698
 20
-36.2000
  0
POINT
  8
3
 10
-5341.5000
 20
-35.5700
  0
POINT
  8
2
 10
-5352.6499
 20
-35.6000
  0
TEXT
  8
14
 10
-5352.6499
 20
-35.6000
 40
3.0000
  1
# 144
  7
STANDARD
  0
POINT
  8
2
 10
-5352.6499
 20
44.3500
  0
TEXT
  8
14
 10
-5352.6499
 20
44.3500
 40
3.0000
  1
# 145
  7
STANDARD
  0
POINT
  8
2
 10
-5352.6499
 20
196.8900
  0
TEXT
  8
14
 10
-5352.6499
 20
196.8900
 40
3.0000
  1
# 146
  7
STANDARD
  0
POINT
  8
2
 10
-5352.6499
 20
349.4300
  0
TEXT
  8
14
 10
-5352.6499
 20
349.4300
 40
3.0000
  1
# 147
  7
STANDARD
  0
POINT
  8
4
 10
-5306.1899
 20
431.4400
 30
5.0000
 50
274.8208
  0
POINT
  8
4
 10
-5182.3101
 20
196.8900
 30
5.0000
 50
180.0000
  0
POINT
  8
4
 10
-5306.1699
 20
-37.6600
 30
5.0000
 50
85.0650
  0
POINT
  8
4
 10
-5352.6499
 20
44.3500
 30
5.0000
 50
0.0000
  0
POINT
  8
4
 10
-5352.6499
 20
196.8900
 30
5.0000
 50
0.0000
  0
POINT
  8
4
 10
-5352.6499
 20
349.4300
 30
5.0000
 50
0.0000
  0
LINE
  8
7
 10
-5326.2998
 20
196.8800
 11
-5208.6602
 21
196.8800
  0
LINE
  8
5
 10
-5326.2998
 20
196.8800
 11
-5208.6602
 21
196.8800
  0
POINT
  8
2
 10
-5326.2998
 20
196.8800
  0
TEXT
  8
7
 10
-5326.2998
 20
196.8800
 40
3.0000
  1
# 148
  7
STANDARD
  0
POINT
  8
2
 10
-5208.6602
 20
196.8800
  0
TEXT
  8
7
 10
-5208.6602
 20
196.8800
 40
3.0000
  1
# 149
  7
STANDARD
  0
POLYLINE
  8
8
 66
1
 70
0
  0
VERTEX
  8
8
 10
-5172.3101
 20
196.8900
  0
VERTEX
  8
8
 10
-5362.6499
 20
196.8900
  0
SEQEND
  0
POLYLINE
  8
85
 66
1
 70
0
  0
VERTEX
  8
85
 10
-5172.3101
 20
196.8900
  0
VERTEX
  8
85
 10
-5362.6499
 20
196.8900
  0
SEQEND
  0
POINT
  8
2
 10
-5172.3101
 20
196.8900
  0
TEXT
  8
8
 10
-5172.3101
 20
196.8900
 40
3.0000
  1
# 125
  7
STANDARD
  0
POINT
  8
2
 10
-5362.6499
 20
196.8900
  0
TEXT
  8
8
 10
-5362.6499
 20
196.8900
 40
3.0000
  1
# 132
  7
STANDARD
  0
ENDBLK
  0
BLOCK
  8
0
  2
Front In Band_508
 70
64
 10
0.0000
 20
0.0000
  0
TEXT
  8
1
 10
-6091.3701
 20
787.5000
 40
3.0000
 50
0.0000
  1
Piece Name: Front In Band
  7
STANDARD
  0
TEXT
  8
1
 10
-6091.3701
 20
791.5000
 40
3.0000
 50
0.0000
  1
SAMPLE SIZE:50
  7
STANDARD
  0
TEXT
  8
1
 10
-6091.3701
 20
795.5000
 40
3.0000
 50
0.0000
  1
ANNOTATION: Cut 2
  7
STANDARD
  0
TEXT
  8
1
 10
-6091.3701
 20
799.5000
 40
3.0000
 50
0.0000
  1
MATERIAL: Leather
  7
STANDARD
  0
TEXT
  8
1
 10
-6091.3701
 20
803.5000
 40
3.0000
 50
0.0000
  1
QUANTITY: 1
  7
STANDARD
  0
POLYLINE
  8
1
 66
1
 70
1
  0
VERTEX
  8
1
 10
-6159.9902
 20
606.6300
  0
VERTEX
  8
1
 10
-6163.1802
 20
648.1400
  0
VERTEX
  8
1
 10
-6166.9902
 20
694.6000
  0
VERTEX
  8
1
 10
-6172.2500
 20
739.4000
  0
VERTEX
  8
1
 10
-6176.7798
 20
777.6100
  0
VERTEX
  8
1
 10
-6180.6001
 20
814.0700
  0
VERTEX
  8
1
 10
-6182.3398
 20
843.6400
  0
VERTEX
  8
1
 10
-6183.9902
 20
878.1400
  0
VERTEX
  8
1
 10
-6184.6099
 20
899.0400
  0
VERTEX
  8
1
 10
-6184.8198
 20
905.8500
  0
VERTEX
  8
1
 10
-6186.6802
 20
966.2300
  0
VERTEX
  8
1
 10
-6186.7500
 20
968.3800
  0
VERTEX
  8
1
 10
-6145.7300
 20
968.1700
  0
VERTEX
  8
1
 10
-6143.1001
 20
902.6500
  0
VERTEX
  8
1
 10
-6142.7900
 20
892.3400
  0
VERTEX
  8
1
 10
-6142.3799
 20
879.9800
  0
VERTEX
  8
1
 10
-6141.8599
 20
868.2500
  0
VERTEX
  8
1
 10
-6140.0098
 20
835.7000
  0
VERTEX
  8
1
 10
-6136.5098
 20
795.7400
  0
VERTEX
  8
1
 10
-6131.2500
 20
743.7300
  0
VERTEX
  8
1
 10
-6126.0000
 20
698.6100
  0
VERTEX
  8
1
 10
-6122.8101
 20
660.1900
  0
VERTEX
  8
1
 10
-5998.2798
 20
667.0000
  0
VERTEX
  8
1
 10
-5996.0098
 20
615.3900
  0
VERTEX
  8
1
 10
-6159.9902
 20
606.6300
  0
SEQEND
  0
POLYLINE
  8
84
 66
1
 70
1
  0
VERTEX
  8
84
 10
-6159.9902
 20
606.6300
  0
VERTEX
  8
84
 10
-6163.1802
 20
648.1400
  0
VERTEX
  8
84
 10
-6166.9902
 20
694.6000
  0
VERTEX
  8
84
 10
-6172.2500
 20
739.4000
  0
VERTEX
  8
84
 10
-6176.7798
 20
777.6100
  0
VERTEX
  8
84
 10
-6179.1602
 20
798.6000
  0
VERTEX
  8
84
 10
-6179.9600
 20
806.6700
  0
VERTEX
  8
84
 10
-6180.6001
 20
814.0700
  0
VERTEX
  8
84
 10
-6181.3999
 20
825.9600
  0
VERTEX
  8
84
 10
-6182.3398
 20
843.6400
  0
VERTEX
  8
84
 10
-6183.4302
 20
864.9000
  0
VERTEX
  8
84
 10
-6183.9902
 20
878.1400
  0
VERTEX
  8
84
 10
-6184.6099
 20
899.0400
  0
VERTEX
  8
84
 10
-6184.8198
 20
905.8500
  0
VERTEX
  8
84
 10
-6186.6802
 20
966.2300
  0
VERTEX
  8
84
 10
-6186.7500
 20
968.3800
  0
VERTEX
  8
84
 10
-6145.7300
 20
968.1700
  0
VERTEX
  8
84
 10
-6143.1001
 20
902.6500
  0
VERTEX
  8
84
 10
-6142.7900
 20
892.3400
  0
VERTEX
  8
84
 10
-6142.3799
 20
879.9800
  0
VERTEX
  8
84
 10
-6141.8599
 20
868.2500
  0
VERTEX
  8
84
 10
-6140.9600
 20
850.5500
  0
VERTEX
  8
84
 10
-6140.0098
 20
835.7000
  0
VERTEX
  8
84
 10
-6138.6602
 20
818.9300
  0
VERTEX
  8
84
 10
-6136.5098
 20
795.7400
  0
VERTEX
  8
84
 10
-6133.5698
 20
765.4200
  0
VERTEX
  8
84
 10
-6131.2500
 20
743.7300
  0
VERTEX
  8
84
 10
-6127.5000
 20
712.0600
  0
VERTEX
  8
84
 10
-6126.0000
 20
698.6100
  0
VERTEX
  8
84
 10
-6125.0498
 20
689.0200
  0
VERTEX
  8
84
 10
-6124.2002
 20
679.4200
  0
VERTEX
  8
84
 10
-6123.4502
 20
669.8100
  0
VERTEX
  8
84
 10
-6122.8101
 20
660.1900
  0
VERTEX
  8
84
 10
-5998.2798
 20
667.0000
  0
VERTEX
  8
84
 10
-5996.0098
 20
615.3900
  0
VERTEX
  8
84
 10
-6159.9902
 20
606.6300
  0
SEQEND
  0
POINT
  8
2
 10
-6159.9902
 20
606.6300
  0
TEXT
  8
1
 10
-6159.9902
 20
606.6300
 40
3.0000
  1
# 150
  7
STANDARD
  0
POINT
  8
2
 10
-6163.1802
 20
648.1400
  0
TEXT
  8
1
 10
-6163.1802
 20
648.1400
 40
3.0000
  1
# 151
  7
STANDARD
  0
POINT
  8
2
 10
-6166.9902
 20
694.6000
  0
TEXT
  8
1
 10
-6166.9902
 20
694.6000
 40
3.0000
  1
# 152
  7
STANDARD
  0
POINT
  8
2
 10
-6172.2500
 20
739.4000
  0
TEXT
  8
1
 10
-6172.2500
 20
739.4000
 40
3.0000
  1
# 153
  7
STANDARD
  0
POINT
  8
3
 10
-6176.7798
 20
777.6100
  0
POINT
  8
3
 10
-6180.6001
 20
814.0700
  0
POINT
  8
3
 10
-6182.3398
 20
843.6400
  0
POINT
  8
3
 10
-6183.9902
 20
878.1400
  0
POINT
  8
3
 10
-6184.6099
 20
899.0400
  0
POINT
  8
3
 10
-6184.8198
 20
905.8500
  0
POINT
  8
3
 10
-6186.6802
 20
966.2300
  0
POINT
  8
2
 10
-6186.7500
 20
968.3800
  0
TEXT
  8
1
 10
-6186.7500
 20
968.3800
 40
3.0000
  1
# 154
  7
STANDARD
  0
POINT
  8
2
 10
-6145.7300
 20
968.1700
  0
TEXT
  8
1
 10
-6145.7300
 20
968.1700
 40
3.0000
  1
# 155
  7
STANDARD
  0
POINT
  8
2
 10
-6143.1001
 20
902.6500
  0
TEXT
  8
1
 10
-6143.1001
 20
902.6500
 40
3.0000
  1
# 156
  7
STANDARD
  0
POINT
  8
3
 10
-6142.7900
 20
892.3400
  0
POINT
  8
2
 10
-6142.3799
 20
879.9800
  0
TEXT
  8
1
 10
-6142.3799
 20
879.9800
 40
3.0000
  1
# 157
  7
STANDARD
  0
POINT
  8
3
 10
-6141.8599
 20
868.2500
  0
POINT
  8
3
 10
-6140.0098
 20
835.7000
  0
POINT
  8
3
 10
-6136.5098
 20
795.7400
  0
POINT
  8
3
 10
-6131.2500
 20
743.7300
  0
POINT
  8
3
 10
-6126.0000
 20
698.6100
  0
POINT
  8
2
 10
-6122.8101
 20
660.1900
  0
TEXT
  8
1
 10
-6122.8101
 20
660.1900
 40
3.0000
  1
# 158
  7
STANDARD
  0
POINT
  8
2
 10
-5998.2798
 20
667.0000
  0
TEXT
  8
1
 10
-5998.2798
 20
667.0000
 40
3.0000
  1
# 159
  7
STANDARD
  0
POINT
  8
2
 10
-5996.0098
 20
615.3900
  0
TEXT
  8
1
 10
-5996.0098
 20
615.3900
 40
3.0000
  1
# 160
  7
STANDARD
  0
POINT
  8
4
 10
-6163.1802
 20
648.1400
 30
5.0000
 50
2.4098
  0
POINT
  8
4
 10
-6166.9902
 20
694.6000
 30
5.0000
 50
4.8112
  0
POINT
  8
4
 10
-6172.2500
 20
739.4000
 30
5.0000
 50
4.8112
  0
POLYLINE
  8
14
 66
1
 70
1
  0
VERTEX
  8
14
 10
-6150.7700
 20
617.1400
  0
VERTEX
  8
14
 10
-6153.1802
 20
648.5600
  0
VERTEX
  8
14
 10
-6153.2700
 20
649.7100
  0
VERTEX
  8
14
 10
-6157.0200
 20
695.4400
  0
VERTEX
  8
14
 10
-6162.2798
 20
740.2400
  0
VERTEX
  8
14
 10
-6166.7500
 20
777.9500
  0
VERTEX
  8
14
 10
-6170.6099
 20
814.5500
  0
VERTEX
  8
14
 10
-6172.3501
 20
844.1600
  0
VERTEX
  8
14
 10
-6173.9800
 20
878.0600
  0
VERTEX
  8
14
 10
-6174.6099
 20
899.3500
  0
VERTEX
  8
14
 10
-6174.8198
 20
906.1600
  0
VERTEX
  8
14
 10
-6176.3799
 20
956.5400
  0
VERTEX
  8
14
 10
-6176.4399
 20
958.3300
  0
VERTEX
  8
14
 10
-6155.3398
 20
958.2200
  0
VERTEX
  8
14
 10
-6153.1201
 20
902.9400
  0
VERTEX
  8
14
 10
-6152.7798
 20
892.0200
  0
VERTEX
  8
14
 10
-6152.3599
 20
879.2200
  0
VERTEX
  8
14
 10
-6151.8198
 20
867.2300
  0
VERTEX
  8
14
 10
-6149.9800
 20
834.8800
  0
VERTEX
  8
14
 10
-6146.5801
 20
796.0000
  0
VERTEX
  8
14
 10
-6141.1499
 20
742.3100
  0
VERTEX
  8
14
 10
-6135.9199
 20
697.3500
  0
VERTEX
  8
14
 10
-6132.1401
 20
649.6600
  0
VERTEX
  8
14
 10
-6007.8301
 20
656.4600
  0
VERTEX
  8
14
 10
-6006.4399
 20
624.8500
  0
VERTEX
  8
14
 10
-6150.7700
 20
617.1400
  0
SEQEND
  0
POLYLINE
  8
87
 66
1
 70
1
  0
VERTEX
  8
87
 10
-6162.2798
 20
740.2400
  0
VERTEX
  8
87
 10
-6166.7500
 20
777.9500
  0
VERTEX
  8
87
 10
-6169.1699
 20
799.0900
  0
VERTEX
  8
87
 10
-6169.9702
 20
807.1600
  0
VERTEX
  8
87
 10
-6170.6099
 20
814.5500
  0
VERTEX
  8
87
 10
-6171.4102
 20
826.4000
  0
VERTEX
  8
87
 10
-6172.3501
 20
844.1600
  0
VERTEX
  8
87
 10
-6173.4302
 20
865.1700
  0
VERTEX
  8
87
 10
-6173.9800
 20
878.0600
  0
VERTEX
  8
87
 10
-6174.6099
 20
899.3500
  0
VERTEX
  8
87
 10
-6174.8198
 20
906.1600
  0
VERTEX
  8
87
 10
-6176.3799
 20
956.5400
  0
VERTEX
  8
87
 10
-6176.4399
 20
958.3300
  0
VERTEX
  8
87
 10
-6155.3398
 20
958.2200
  0
VERTEX
  8
87
 10
-6153.1201
 20
902.9400
  0
VERTEX
  8
87
 10
-6152.7798
 20
892.0200
  0
VERTEX
  8
87
 10
-6152.3599
 20
879.2200
  0
VERTEX
  8
87
 10
-6151.8198
 20
867.2300
  0
VERTEX
  8
87
 10
-6150.9102
 20
849.5000
  0
VERTEX
  8
87
 10
-6149.9800
 20
834.8800
  0
VERTEX
  8
87
 10
-6148.6699
 20
818.5300
  0
VERTEX
  8
87
 10
-6146.5801
 20
796.0000
  0
VERTEX
  8
87
 10
-6143.5498
 20
764.7700
  0
VERTEX
  8
87
 10
-6141.1499
 20
742.3100
  0
VERTEX
  8
87
 10
-6137.4102
 20
710.7300
  0
VERTEX
  8
87
 10
-6135.9199
 20
697.3500
  0
VERTEX
  8
87
 10
-6134.7402
 20
685.4500
  0
VERTEX
  8
87
 10
-6133.7202
 20
673.5400
  0
VERTEX
  8
87
 10
-6132.8501
 20
661.6100
  0
VERTEX
  8
87
 10
-6132.1401
 20
649.6600
  0
VERTEX
  8
87
 10
-6007.8301
 20
656.4600
  0
VERTEX
  8
87
 10
-6006.4399
 20
624.8500
  0
VERTEX
  8
87
 10
-6150.7700
 20
617.1400
  0
VERTEX
  8
87
 10
-6153.1802
 20
648.5600
  0
VERTEX
  8
87
 10
-6153.2700
 20
649.7100
  0
VERTEX
  8
87
 10
-6157.0200
 20
695.4400
  0
VERTEX
  8
87
 10
-6162.2798
 20
740.2400
  0
SEQEND
  0
POINT
  8
2
 10
-6150.7700
 20
617.1400
  0
TEXT
  8
14
 10
-6150.7700
 20
617.1400
 40
3.0000
  1
# 161
  7
STANDARD
  0
POINT
  8
2
 10
-6153.1802
 20
648.5600
  0
TEXT
  8
14
 10
-6153.1802
 20
648.5600
 40
3.0000
  1
# 162
  7
STANDARD
  0
POINT
  8
2
 10
-6153.2700
 20
649.7100
  0
TEXT
  8
14
 10
-6153.2700
 20
649.7100
 40
3.0000
  1
# 163
  7
STANDARD
  0
POINT
  8
2
 10
-6157.0200
 20
695.4400
  0
TEXT
  8
14
 10
-6157.0200
 20
695.4400
 40
3.0000
  1
# 164
  7
STANDARD
  0
POINT
  8
2
 10
-6162.2798
 20
740.2400
  0
TEXT
  8
14
 10
-6162.2798
 20
740.2400
 40
3.0000
  1
# 165
  7
STANDARD
  0
POINT
  8
3
 10
-6166.7500
 20
777.9500
  0
POINT
  8
3
 10
-6170.6099
 20
814.5500
  0
POINT
  8
3
 10
-6172.3501
 20
844.1600
  0
POINT
  8
3
 10
-6173.9800
 20
878.0600
  0
POINT
  8
3
 10
-6174.6099
 20
899.3500
  0
POINT
  8
3
 10
-6174.8198
 20
906.1600
  0
POINT
  8
3
 10
-6176.3799
 20
956.5400
  0
POINT
  8
2
 10
-6176.4399
 20
958.3300
  0
TEXT
  8
14
 10
-6176.4399
 20
958.3300
 40
3.0000
  1
# 166
  7
STANDARD
  0
POINT
  8
2
 10
-6155.3398
 20
958.2200
  0
TEXT
  8
14
 10
-6155.3398
 20
958.2200
 40
3.0000
  1
# 167
  7
STANDARD
  0
POINT
  8
2
 10
-6153.1201
 20
902.9400
  0
TEXT
  8
14
 10
-6153.1201
 20
902.9400
 40
3.0000
  1
# 168
  7
STANDARD
  0
POINT
  8
3
 10
-6152.7798
 20
892.0200
  0
POINT
  8
2
 10
-6152.3599
 20
879.2200
  0
TEXT
  8
14
 10
-6152.3599
 20
879.2200
 40
3.0000
  1
# 169
  7
STANDARD
  0
POINT
  8
3
 10
-6151.8198
 20
867.2300
  0
POINT
  8
3
 10
-6149.9800
 20
834.8800
  0
POINT
  8
3
 10
-6146.5801
 20
796.0000
  0
POINT
  8
3
 10
-6141.1499
 20
742.3100
  0
POINT
  8
3
 10
-6135.9199
 20
697.3500
  0
POINT
  8
2
 10
-6132.1401
 20
649.6600
  0
TEXT
  8
14
 10
-6132.1401
 20
649.6600
 40
3.0000
  1
# 170
  7
STANDARD
  0
POINT
  8
2
 10
-6007.8301
 20
656.4600
  0
TEXT
  8
14
 10
-6007.8301
 20
656.4600
 40
3.0000
  1
# 171
  7
STANDARD
  0
POINT
  8
2
 10
-6006.4399
 20
624.8500
  0
TEXT
  8
14
 10
-6006.4399
 20
624.8500
 40
3.0000
  1
# 172
  7
STANDARD
  0
POINT
  8
4
 10
-6153.1802
 20
648.5600
 30
5.0000
 50
2.4098
  0
POINT
  8
4
 10
-6157.0200
 20
695.4400
 30
5.0000
 50
4.8112
  0
POINT
  8
4
 10
-6162.2798
 20
740.2400
 30
5.0000
 50
4.8112
  0
LINE
  8
7
 10
-6151.0801
 20
829.2200
 11
-6151.0801
 21
727.9600
  0
POINT
  8
2
 10
-6151.0801
 20
829.2200
  0
TEXT
  8
7
 10
-6151.0801
 20
829.2200
 40
3.0000
  1
# 173
  7
STANDARD
  0
POINT
  8
2
 10
-6151.0801
 20
727.9600
  0
TEXT
  8
7
 10
-6151.0801
 20
727.9600
 40
3.0000
  1
# 174
  7
STANDARD
  0
LINE
  8
5
 10
-6201.7100
 20
778.5900
 11
-6100.4502
 21
778.5900
  0
POINT
  8
2
 10
-6201.7100
 20
778.5900
  0
POINT
  8
2
 10
-6100.4502
 20
778.5900
  0
ENDBLK
  0
BLOCK
  8
0
  2
Left Front Bottom_509
 70
64
 10
0.0000
 20
0.0000
  0
TEXT
  8
1
 10
-5876.3701
 20
805.5100
 40
3.0000
 50
0.0000
  1
Piece Name: Left Front Bottom
  7
STANDARD
  0
TEXT
  8
1
 10
-5876.3701
 20
809.5100
 40
3.0000
 50
0.0000
  1
SAMPLE SIZE:50
  7
STANDARD
  0
TEXT
  8
1
 10
-5876.3701
 20
813.5100
 40
3.0000
 50
0.0000
  1
ANNOTATION: Cut 1
  7
STANDARD
  0
TEXT
  8
1
 10
-5876.3701
 20
817.5100
 40
3.0000
 50
0.0000
  1
MATERIAL: Leather
  7
STANDARD
  0
TEXT
  8
1
 10
-5876.3701
 20
821.5100
 40
3.0000
 50
0.0000
  1
QUANTITY: 1
  7
STANDARD
  0
POLYLINE
  8
1
 66
1
 70
1
  0
VERTEX
  8
1
 10
-5741.2998
 20
668.2200
  0
VERTEX
  8
1
 10
-5766.5298
 20
667.8100
  0
VERTEX
  8
1
 10
-5797.7402
 20
666.2600
  0
VERTEX
  8
1
 10
-5822.9702
 20
664.5100
  0
VERTEX
  8
1
 10
-5821.2202
 20
633.5100
  0
VERTEX
  8
1
 10
-5985.2002
 20
624.7500
  0
VERTEX
  8
1
 10
-5988.3901
 20
666.2600
  0
VERTEX
  8
1
 10
-5992.2002
 20
712.7300
  0
VERTEX
  8
1
 10
-5997.4600
 20
757.5200
  0
VERTEX
  8
1
 10
-6002.7100
 20
810.0500
  0
VERTEX
  8
1
 10
-6007.1401
 20
860.1100
  0
VERTEX
  8
1
 10
-6008.8901
 20
900.6800
  0
VERTEX
  8
1
 10
-6010.3301
 20
948.0700
  0
VERTEX
  8
1
 10
-6010.6401
 20
976.7100
  0
VERTEX
  8
1
 10
-6011.4600
 20
986.0800
  0
VERTEX
  8
1
 10
-5986.6401
 20
985.8700
  0
VERTEX
  8
1
 10
-5885.6001
 20
986.1800
  0
VERTEX
  8
1
 10
-5767.5601
 20
986.2900
  0
VERTEX
  8
1
 10
-5753.9600
 20
986.2900
  0
VERTEX
  8
1
 10
-5753.6602
 20
951.2700
  0
VERTEX
  8
1
 10
-5752.1099
 20
901.9300
  0
VERTEX
  8
1
 10
-5749.2402
 20
839.6100
  0
VERTEX
  8
1
 10
-5745.9302
 20
774.7200
  0
VERTEX
  8
1
 10
-5743.3599
 20
719.4100
  0
VERTEX
  8
1
 10
-5743.2500
 20
717.0400
  0
VERTEX
  8
1
 10
-5742.5400
 20
697.1600
  0
VERTEX
  8
1
 10
-5741.2998
 20
668.2200
  0
SEQEND
  0
POLYLINE
  8
84
 66
1
 70
1
  0
VERTEX
  8
84
 10
-5741.2998
 20
668.2200
  0
VERTEX
  8
84
 10
-5753.9199
 20
668.1200
  0
VERTEX
  8
84
 10
-5766.5298
 20
667.8100
  0
VERTEX
  8
84
 10
-5781.0801
 20
667.2000
  0
VERTEX
  8
84
 10
-5797.7402
 20
666.2600
  0
VERTEX
  8
84
 10
-5822.9702
 20
664.5100
  0
VERTEX
  8
84
 10
-5821.2202
 20
633.5100
  0
VERTEX
  8
84
 10
-5985.2002
 20
624.7500
  0
VERTEX
  8
84
 10
-5988.3901
 20
666.2600
  0
VERTEX
  8
84
 10
-5992.2002
 20
712.7300
  0
VERTEX
  8
84
 10
-5997.4600
 20
757.5200
  0
VERTEX
  8
84
 10
-6002.7100
 20
810.0500
  0
VERTEX
  8
84
 10
-6005.5400
 20
839.1500
  0
VERTEX
  8
84
 10
-6006.4502
 20
850.1000
  0
VERTEX
  8
84
 10
-6007.1401
 20
860.1100
  0
VERTEX
  8
84
 10
-6007.9199
 20
875.2500
  0
VERTEX
  8
84
 10
-6008.8901
 20
900.6800
  0
VERTEX
  8
84
 10
-6010.0098
 20
929.7900
  0
VERTEX
  8
84
 10
-6010.2402
 20
939.4000
  0
VERTEX
  8
84
 10
-6010.3301
 20
948.0700
  0
VERTEX
  8
84
 10
-6010.2998
 20
966.2200
  0
VERTEX
  8
84
 10
-6010.4199
 20
971.7500
  0
VERTEX
  8
84
 10
-6010.6401
 20
976.7100
  0
VERTEX
  8
84
 10
-6010.9800
 20
981.4000
  0
VERTEX
  8
84
 10
-6011.4600
 20
986.0800
  0
VERTEX
  8
84
 10
-5986.6401
 20
985.8700
  0
VERTEX
  8
84
 10
-5885.6001
 20
986.1800
  0
VERTEX
  8
84
 10
-5767.5601
 20
986.2900
  0
VERTEX
  8
84
 10
-5753.9600
 20
986.2900
  0
VERTEX
  8
84
 10
-5753.8999
 20
968.7800
  0
VERTEX
  8
84
 10
-5753.6602
 20
951.2700
  0
VERTEX
  8
84
 10
-5753.0698
 20
928.4300
  0
VERTEX
  8
84
 10
-5752.1099
 20
901.9300
  0
VERTEX
  8
84
 10
-5750.8599
 20
873.0600
  0
VERTEX
  8
84
 10
-5749.2402
 20
839.6100
  0
VERTEX
  8
84
 10
-5745.9302
 20
774.7200
  0
VERTEX
  8
84
 10
-5743.3599
 20
719.4100
  0
VERTEX
  8
84
 10
-5743.2500
 20
717.0400
  0
VERTEX
  8
84
 10
-5742.5400
 20
697.1600
  0
VERTEX
  8
84
 10
-5741.2998
 20
668.2200
  0
SEQEND
  0
POINT
  8
2
 10
-5741.2998
 20
668.2200
  0
TEXT
  8
1
 10
-5741.2998
 20
668.2200
 40
3.0000
  1
# 175
  7
STANDARD
  0
POINT
  8
3
 10
-5766.5298
 20
667.8100
  0
POINT
  8
3
 10
-5797.7402
 20
666.2600
  0
POINT
  8
2
 10
-5822.9702
 20
664.5100
  0
TEXT
  8
1
 10
-5822.9702
 20
664.5100
 40
3.0000
  1
# 176
  7
STANDARD
  0
POINT
  8
2
 10
-5821.2202
 20
633.5100
  0
TEXT
  8
1
 10
-5821.2202
 20
633.5100
 40
3.0000
  1
# 177
  7
STANDARD
  0
POINT
  8
2
 10
-5985.2002
 20
624.7500
  0
TEXT
  8
1
 10
-5985.2002
 20
624.7500
 40
3.0000
  1
# 178
  7
STANDARD
  0
POINT
  8
2
 10
-5988.3901
 20
666.2600
  0
TEXT
  8
1
 10
-5988.3901
 20
666.2600
 40
3.0000
  1
# 179
  7
STANDARD
  0
POINT
  8
2
 10
-5992.2002
 20
712.7300
  0
TEXT
  8
1
 10
-5992.2002
 20
712.7300
 40
3.0000
  1
# 180
  7
STANDARD
  0
POINT
  8
2
 10
-5997.4600
 20
757.5200
  0
TEXT
  8
1
 10
-5997.4600
 20
757.5200
 40
3.0000
  1
# 181
  7
STANDARD
  0
POINT
  8
3
 10
-6002.7100
 20
810.0500
  0
POINT
  8
3
 10
-6007.1401
 20
860.1100
  0
POINT
  8
3
 10
-6008.8901
 20
900.6800
  0
POINT
  8
3
 10
-6010.3301
 20
948.0700
  0
POINT
  8
3
 10
-6010.6401
 20
976.7100
  0
POINT
  8
2
 10
-6011.4600
 20
986.0800
  0
TEXT
  8
1
 10
-6011.4600
 20
986.0800
 40
3.0000
  1
# 182
  7
STANDARD
  0
POINT
  8
2
 10
-5986.6401
 20
985.8700
  0
TEXT
  8
1
 10
-5986.6401
 20
985.8700
 40
3.0000
  1
# 183
  7
STANDARD
  0
POINT
  8
3
 10
-5885.6001
 20
986.1800
  0
POINT
  8
3
 10
-5767.5601
 20
986.2900
  0
POINT
  8
2
 10
-5753.9600
 20
986.2900
  0
TEXT
  8
1
 10
-5753.9600
 20
986.2900
 40
3.0000
  1
# 184
  7
STANDARD
  0
POINT
  8
3
 10
-5753.6602
 20
951.2700
  0
POINT
  8
3
 10
-5752.1099
 20
901.9300
  0
POINT
  8
3
 10
-5749.2402
 20
839.6100
  0
POINT
  8
3
 10
-5745.9302
 20
774.7200
  0
POINT
  8
2
 10
-5743.3599
 20
719.4100
  0
TEXT
  8
1
 10
-5743.3599
 20
719.4100
 40
3.0000
  1
# 185
  7
STANDARD
  0
POINT
  8
3
 10
-5743.2500
 20
717.0400
  0
POINT
  8
2
 10
-5742.5400
 20
697.1600
  0
TEXT
  8
1
 10
-5742.5400
 20
697.1600
 40
3.0000
  1
# 186
  7
STANDARD
  0
POINT
  8
4
 10
-5988.3901
 20
666.2600
 30
5.0000
 50
2.4098
  0
POINT
  8
4
 10
-5992.2002
 20
712.7300
 30
5.0000
 50
4.8112
  0
POINT
  8
4
 10
-5997.4600
 20
757.5200
 30
5.0000
 50
4.8208
  0
POINT
  8
4
 10
-5986.6401
 20
985.8700
 30
5.0000
 50
270.0000
  0
POINT
  8
4
 10
-5743.3599
 20
719.4100
 30
5.0000
 50
182.5244
  0
POINT
  8
4
 10
-5742.5400
 20
697.1600
 30
5.0000
 50
180.0000
  0
POLYLINE
  8
14
 66
1
 70
1
  0
VERTEX
  8
14
 10
-5751.7402
 20
678.1400
  0
VERTEX
  8
14
 10
-5766.6099
 20
677.8100
  0
VERTEX
  8
14
 10
-5799.0098
 20
676.2000
  0
VERTEX
  8
14
 10
-5833.5098
 20
673.8100
  0
VERTEX
  8
14
 10
-5831.7700
 20
642.9600
  0
VERTEX
  8
14
 10
-5975.9800
 20
635.2600
  0
VERTEX
  8
14
 10
-5978.3901
 20
666.6800
  0
VERTEX
  8
14
 10
-5978.4800
 20
667.8200
  0
VERTEX
  8
14
 10
-5982.2300
 20
713.5700
  0
VERTEX
  8
14
 10
-5987.4902
 20
758.3600
  0
VERTEX
  8
14
 10
-5992.7598
 20
811.0300
  0
VERTEX
  8
14
 10
-5997.1602
 20
860.7600
  0
VERTEX
  8
14
 10
-5998.8999
 20
901.0600
  0
VERTEX
  8
14
 10
-6000.3301
 20
948.1500
  0
VERTEX
  8
14
 10
-6000.3599
 20
969.1100
  0
VERTEX
  8
14
 10
-6000.6001
 20
975.9900
  0
VERTEX
  8
14
 10
-5986.6401
 20
975.8700
  0
VERTEX
  8
14
 10
-5885.5801
 20
976.1800
  0
VERTEX
  8
14
 10
-5767.5601
 20
976.2900
  0
VERTEX
  8
14
 10
-5763.9302
 20
976.2900
  0
VERTEX
  8
14
 10
-5763.6602
 20
950.8700
  0
VERTEX
  8
14
 10
-5762.0801
 20
901.1300
  0
VERTEX
  8
14
 10
-5759.2002
 20
838.5400
  0
VERTEX
  8
14
 10
-5755.8901
 20
773.7000
  0
VERTEX
  8
14
 10
-5753.3501
 20
718.9700
  0
VERTEX
  8
14
 10
-5753.2202
 20
716.2500
  0
VERTEX
  8
14
 10
-5752.5498
 20
697.1600
  0
VERTEX
  8
14
 10
-5752.5200
 20
696.3900
  0
VERTEX
  8
14
 10
-5751.7402
 20
678.1400
  0
SEQEND
  0
POLYLINE
  8
87
 66
1
 70
1
  0
VERTEX
  8
87
 10
-5751.7402
 20
678.1400
  0
VERTEX
  8
87
 10
-5766.6099
 20
677.8100
  0
VERTEX
  8
87
 10
-5781.4302
 20
677.1900
  0
VERTEX
  8
87
 10
-5799.0098
 20
676.2000
  0
VERTEX
  8
87
 10
-5816.2598
 20
675.0700
  0
VERTEX
  8
87
 10
-5833.5098
 20
673.8100
  0
VERTEX
  8
87
 10
-5831.7700
 20
642.9600
  0
VERTEX
  8
87
 10
-5975.9800
 20
635.2600
  0
VERTEX
  8
87
 10
-5978.3901
 20
666.6800
  0
VERTEX
  8
87
 10
-5978.4800
 20
667.8200
  0
VERTEX
  8
87
 10
-5982.2300
 20
713.5700
  0
VERTEX
  8
87
 10
-5987.4902
 20
758.3600
  0
VERTEX
  8
87
 10
-5992.7598
 20
811.0300
  0
VERTEX
  8
87
 10
-5995.5698
 20
839.9200
  0
VERTEX
  8
87
 10
-5996.4702
 20
850.8100
  0
VERTEX
  8
87
 10
-5997.1602
 20
860.7600
  0
VERTEX
  8
87
 10
-5997.9399
 20
875.8500
  0
VERTEX
  8
87
 10
-5998.8999
 20
901.0600
  0
VERTEX
  8
87
 10
-6000.0098
 20
929.9700
  0
VERTEX
  8
87
 10
-6000.2402
 20
939.5300
  0
VERTEX
  8
87
 10
-6000.3301
 20
948.1500
  0
VERTEX
  8
87
 10
-6000.2900
 20
962.2400
  0
VERTEX
  8
87
 10
-6000.3599
 20
969.1100
  0
VERTEX
  8
87
 10
-6000.6001
 20
975.9900
  0
VERTEX
  8
87
 10
-5986.6401
 20
975.8700
  0
VERTEX
  8
87
 10
-5885.5801
 20
976.1800
  0
VERTEX
  8
87
 10
-5767.5601
 20
976.2900
  0
VERTEX
  8
87
 10
-5763.9302
 20
976.2900
  0
VERTEX
  8
87
 10
-5763.8501
 20
963.5800
  0
VERTEX
  8
87
 10
-5763.6602
 20
950.8700
  0
VERTEX
  8
87
 10
-5763.0698
 20
928.1300
  0
VERTEX
  8
87
 10
-5762.0801
 20
901.1300
  0
VERTEX
  8
87
 10
-5760.7998
 20
871.6900
  0
VERTEX
  8
87
 10
-5759.2002
 20
838.5400
  0
VERTEX
  8
87
 10
-5755.8901
 20
773.7000
  0
VERTEX
  8
87
 10
-5753.3501
 20
718.9700
  0
VERTEX
  8
87
 10
-5753.2202
 20
716.2500
  0
VERTEX
  8
87
 10
-5752.5498
 20
697.1600
  0
VERTEX
  8
87
 10
-5752.5200
 20
696.3900
  0
VERTEX
  8
87
 10
-5751.7402
 20
678.1400
  0
SEQEND
  0
POINT
  8
2
 10
-5751.7402
 20
678.1400
  0
TEXT
  8
14
 10
-5751.7402
 20
678.1400
 40
3.0000
  1
# 187
  7
STANDARD
  0
POINT
  8
3
 10
-5766.6099
 20
677.8100
  0
POINT
  8
3
 10
-5799.0098
 20
676.2000
  0
POINT
  8
2
 10
-5833.5098
 20
673.8100
  0
TEXT
  8
14
 10
-5833.5098
 20
673.8100
 40
3.0000
  1
# 188
  7
STANDARD
  0
POINT
  8
2
 10
-5831.7700
 20
642.9600
  0
TEXT
  8
14
 10
-5831.7700
 20
642.9600
 40
3.0000
  1
# 189
  7
STANDARD
  0
POINT
  8
2
 10
-5975.9800
 20
635.2600
  0
TEXT
  8
14
 10
-5975.9800
 20
635.2600
 40
3.0000
  1
# 190
  7
STANDARD
  0
POINT
  8
2
 10
-5978.3901
 20
666.6800
  0
TEXT
  8
14
 10
-5978.3901
 20
666.6800
 40
3.0000
  1
# 191
  7
STANDARD
  0
POINT
  8
2
 10
-5978.4800
 20
667.8200
  0
TEXT
  8
14
 10
-5978.4800
 20
667.8200
 40
3.0000
  1
# 192
  7
STANDARD
  0
POINT
  8
2
 10
-5982.2300
 20
713.5700
  0
TEXT
  8
14
 10
-5982.2300
 20
713.5700
 40
3.0000
  1
# 193
  7
STANDARD
  0
POINT
  8
2
 10
-5987.4902
 20
758.3600
  0
TEXT
  8
14
 10
-5987.4902
 20
758.3600
 40
3.0000
  1
# 194
  7
STANDARD
  0
POINT
  8
3
 10
-5992.7598
 20
811.0300
  0
POINT
  8
3
 10
-5997.1602
 20
860.7600
  0
POINT
  8
3
 10
-5998.8999
 20
901.0600
  0
POINT
  8
3
 10
-6000.3301
 20
948.1500
  0
POINT
  8
3
 10
-6000.3599
 20
969.1100
  0
POINT
  8
2
 10
-6000.6001
 20
975.9900
  0
TEXT
  8
14
 10
-6000.6001
 20
975.9900
 40
3.0000
  1
# 195
  7
STANDARD
  0
POINT
  8
2
 10
-5986.6401
 20
975.8700
  0
TEXT
  8
14
 10
-5986.6401
 20
975.8700
 40
3.0000
  1
# 196
  7
STANDARD
  0
POINT
  8
3
 10
-5885.5801
 20
976.1800
  0
POINT
  8
3
 10
-5767.5601
 20
976.2900
  0
POINT
  8
2
 10
-5763.9302
 20
976.2900
  0
TEXT
  8
14
 10
-5763.9302
 20
976.2900
 40
3.0000
  1
# 197
  7
STANDARD
  0
POINT
  8
3
 10
-5763.6602
 20
950.8700
  0
POINT
  8
3
 10
-5762.0801
 20
901.1300
  0
POINT
  8
3
 10
-5759.2002
 20
838.5400
  0
POINT
  8
3
 10
-5755.8901
 20
773.7000
  0
POINT
  8
2
 10
-5753.3501
 20
718.9700
  0
TEXT
  8
14
 10
-5753.3501
 20
718.9700
 40
3.0000
  1
# 198
  7
STANDARD
  0
POINT
  8
3
 10
-5753.2202
 20
716.2500
  0
POINT
  8
3
 10
-5752.5498
 20
697.1600
  0
TEXT
  8
14
 10
-5752.5498
 20
697.1600
 40
3.0000
  1
# 199
  7
STANDARD
  0
POINT
  8
2
 10
-5752.5200
 20
696.3900
  0
TEXT
  8
14
 10
-5752.5200
 20
696.3900
 40
3.0000
  1
# 200
  7
STANDARD
  0
POINT
  8
4
 10
-5978.3901
 20
666.6800
 30
5.0000
 50
2.4098
  0
POINT
  8
4
 10
-5982.2300
 20
713.5700
 30
5.0000
 50
4.8112
  0
POINT
  8
4
 10
-5987.4902
 20
758.3600
 30
5.0000
 50
4.8208
  0
POINT
  8
4
 10
-5986.6401
 20
975.8700
 30
5.0000
 50
270.0000
  0
POINT
  8
4
 10
-5753.3501
 20
718.9700
 30
5.0000
 50
182.5244
  0
POINT
  8
4
 10
-5752.5498
 20
697.1600
 30
5.0000
 50
180.0000
  0
LINE
  8
7
 10
-5953.6001
 20
805.5200
 11
-5796.1602
 21
805.5200
  0
LINE
  8
5
 10
-5953.6001
 20
805.5200
 11
-5796.1602
 21
805.5200
  0
POINT
  8
2
 10
-5953.6001
 20
805.5200
  0
TEXT
  8
7
 10
-5953.6001
 20
805.5200
 40
3.0000
  1
# 201
  7
STANDARD
  0
POINT
  8
2
 10
-5796.1602
 20
805.5200
  0
TEXT
  8
7
 10
-5796.1602
 20
805.5200
 40
3.0000
  1
# 202
  7
STANDARD
  0
POLYLINE
  8
8
 66
1
 70
0
  0
VERTEX
  8
8
 10
-5762.7202
 20
913.0400
  0
VERTEX
  8
8
 10
-5835.9502
 20
911.8200
  0
VERTEX
  8
8
 10
-5831.0098
 20
735.8900
  0
VERTEX
  8
8
 10
-5754.4800
 20
737.8500
  0
SEQEND
  0
POLYLINE
  8
85
 66
1
 70
0
  0
VERTEX
  8
85
 10
-5762.7202
 20
913.0400
  0
VERTEX
  8
85
 10
-5835.9502
 20
911.8200
  0
VERTEX
  8
85
 10
-5831.0098
 20
735.8900
  0
VERTEX
  8
85
 10
-5754.4800
 20
737.8500
  0
SEQEND
  0
POINT
  8
2
 10
-5762.7202
 20
913.0400
  0
TEXT
  8
8
 10
-5762.7202
 20
913.0400
 40
3.0000
  1
# 203
  7
STANDARD
  0
POINT
  8
2
 10
-5835.9502
 20
911.8200
  0
TEXT
  8
8
 10
-5835.9502
 20
911.8200
 40
3.0000
  1
# 204
  7
STANDARD
  0
POINT
  8
2
 10
-5831.0098
 20
735.8900
  0
TEXT
  8
8
 10
-5831.0098
 20
735.8900
 40
3.0000
  1
# 205
  7
STANDARD
  0
POINT
  8
2
 10
-5754.4800
 20
737.8500
  0
TEXT
  8
8
 10
-5754.4800
 20
737.8500
 40
3.0000
  1
# 206
  7
STANDARD
  0
POLYLINE
  8
8
 66
1
 70
1
  0
VERTEX
  8
8
 10
-5789.2900
 20
909.5500
  0
VERTEX
  8
8
 10
-5959.3501
 20
909.2400
  0
VERTEX
  8
8
 10
-5954.6099
 20
735.1700
  0
VERTEX
  8
8
 10
-5783.8301
 20
739.5000
  0
VERTEX
  8
8
 10
-5789.2900
 20
909.5500
  0
SEQEND
  0
POLYLINE
  8
85
 66
1
 70
1
  0
VERTEX
  8
85
 10
-5789.2900
 20
909.5500
  0
VERTEX
  8
85
 10
-5959.3501
 20
909.2400
  0
VERTEX
  8
85
 10
-5954.6099
 20
735.1700
  0
VERTEX
  8
85
 10
-5783.8301
 20
739.5000
  0
VERTEX
  8
85
 10
-5789.2900
 20
909.5500
  0
SEQEND
  0
POINT
  8
2
 10
-5789.2900
 20
909.5500
  0
TEXT
  8
8
 10
-5789.2900
 20
909.5500
 40
3.0000
  1
# 207
  7
STANDARD
  0
POINT
  8
2
 10
-5959.3501
 20
909.2400
  0
TEXT
  8
8
 10
-5959.3501
 20
909.2400
 40
3.0000
  1
# 208
  7
STANDARD
  0
POINT
  8
2
 10
-5954.6099
 20
735.1700
  0
TEXT
  8
8
 10
-5954.6099
 20
735.1700
 40
3.0000
  1
# 209
  7
STANDARD
  0
POINT
  8
2
 10
-5783.8301
 20
739.5000
  0
TEXT
  8
8
 10
-5783.8301
 20
739.5000
 40
3.0000
  1
# 210
  7
STANDARD
  0
POLYLINE
  8
8
 66
1
 70
0
  0
VERTEX
  8
8
 10
-5834.5098
 20
674.0900
  0
VERTEX
  8
8
 10
-5971.0898
 20
667.0900
  0
SEQEND
  0
POLYLINE
  8
85
 66
1
 70
0
  0
VERTEX
  8
85
 10
-5834.5098
 20
674.0900
  0
VERTEX
  8
85
 10
-5971.0898
 20
667.0900
  0
SEQEND
  0
POINT
  8
2
 10
-5834.5098
 20
674.0900
  0
TEXT
  8
8
 10
-5834.5098
 20
674.0900
 40
3.0000
  1
# 211
  7
STANDARD
  0
POINT
  8
2
 10
-5971.0898
 20
667.0900
  0
TEXT
  8
8
 10
-5971.0898
 20
667.0900
 40
3.0000
  1
# 212
  7
STANDARD
  0
POLYLINE
  8
8
 66
1
 70
0
  0
VERTEX
  8
8
 10
-5763.9600
 20
952.1900
  0
VERTEX
  8
8
 10
-5857.4800
 20
951.8800
  0
VERTEX
  8
8
 10
-6000.6499
 20
952.0900
  0
SEQEND
  0
POLYLINE
  8
85
 66
1
 70
0
  0
VERTEX
  8
85
 10
-5763.9600
 20
952.1900
  0
VERTEX
  8
85
 10
-5857.4800
 20
951.8800
  0
VERTEX
  8
85
 10
-5929.0601
 20
951.8800
  0
VERTEX
  8
85
 10
-6000.6499
 20
952.0900
  0
SEQEND
  0
POINT
  8
2
 10
-5763.9600
 20
952.1900
  0
TEXT
  8
8
 10
-5763.9600
 20
952.1900
 40
3.0000
  1
# 213
  7
STANDARD
  0
POINT
  8
3
 10
-5857.4800
 20
951.8800
  0
POINT
  8
2
 10
-6000.6499
 20
952.0900
  0
TEXT
  8
8
 10
-6000.6499
 20
952.0900
 40
3.0000
  1
# 214
  7
STANDARD
  0
POINT
  8
13
 10
-5793.0000
 20
906.7700
 30
10.0000
  0
TEXT
  8
13
 10
-5793.0000
 20
906.7700
 40
3.0000
  1
# 215
  7
STANDARD
  0
POINT
  8
13
 10
-5786.5098
 20
741.8700
 30
10.0000
  0
TEXT
  8
13
 10
-5786.5098
 20
741.8700
 40
3.0000
  1
# 216
  7
STANDARD
  0
POINT
  8
13
 10
-5956.5698
 20
907.0800
 30
10.0000
  0
TEXT
  8
13
 10
-5956.5698
 20
907.0800
 40
3.0000
  1
# 217
  7
STANDARD
  0
POINT
  8
13
 10
-5952.5498
 20
736.9200
 30
10.0000
  0
TEXT
  8
13
 10
-5952.5498
 20
736.9200
 40
3.0000
  1
# 218
  7
STANDARD
  0
POINT
  8
13
 10
-5785.1699
 20
952.6000
 30
10.0000
  0
TEXT
  8
13
 10
-5785.1699
 20
952.6000
 40
3.0000
  1
# 219
  7
STANDARD
  0
POINT
  8
13
 10
-5886.6299
 20
951.9900
 30
10.0000
  0
TEXT
  8
13
 10
-5886.6299
 20
951.9900
 40
3.0000
  1
# 220
  7
STANDARD
  0
POINT
  8
13
 10
-5984.6802
 20
952.6000
 30
10.0000
  0
TEXT
  8
13
 10
-5984.6802
 20
952.6000
 40
3.0000
  1
# 221
  7
STANDARD
  0
TEXT
  8
15
 10
-5782.7998
 20
823.3300
 40
4.26
  50
270.0000
  1
POCKET
  7
STANDARD
  0
TEXT
  8
15
 10
-5817.6201
 20
949.8200
 40
8.02
  50
180.0000
  1
SUPPORT FLAP FRONT
  7
STANDARD
  0
TEXT
  8
15
 10
-5879.7300
 20
671.5200
 40
9.5
  50
180.0000
  1
VENT
  7
STANDARD
  0
TEXT
  8
15
 10
-5929.4800
 20
973.8200
 40
11.33
  50
0.0000
  1
FRONT CENTER ZIP
  7
STANDARD
  0
ENDBLK
  0
BLOCK
  8
0
  2
Left Front Top_5010
 70
64
 10
0.0000
 20
0.0000
  0
TEXT
  8
1
 10
-5473.4702
 20
795.6700
 40
3.0000
 50
0.0000
  1
Piece Name: Left Front Top
  7
STANDARD
  0
TEXT
  8
1
 10
-5473.4702
 20
799.6700
 40
3.0000
 50
0.0000
  1
SAMPLE SIZE:50
  7
STANDARD
  0
TEXT
  8
1
 10
-5473.4702
 20
803.6700
 40
3.0000
 50
0.0000
  1
ANNOTATION: Cut 1
  7
STANDARD
  0
TEXT
  8
1
 10
-5473.4702
 20
807.6700
 40
3.0000
 50
0.0000
  1
MATERIAL: Leather
  7
STANDARD
  0
TEXT
  8
1
 10
-5473.4702
 20
811.6700
 40
3.0000
 50
0.0000
  1
QUANTITY: 1
  7
STANDARD
  0
POLYLINE
  8
1
 66
1
 70
1
  0
VERTEX
  8
1
 10
-5738.2598
 20
956.2700
  0
VERTEX
  8
1
 10
-5606.7900
 20
956.2700
  0
VERTEX
  8
1
 10
-5489.7798
 20
956.5700
  0
VERTEX
  8
1
 10
-5391.9502
 20
956.5700
  0
VERTEX
  8
1
 10
-5312.6201
 20
956.0700
  0
VERTEX
  8
1
 10
-5311.3799
 20
943.0600
  0
VERTEX
  8
1
 10
-5309.5098
 20
931.7400
  0
VERTEX
  8
1
 10
-5305.0898
 20
916.9200
  0
VERTEX
  8
1
 10
-5298.3701
 20
903.7100
  0
VERTEX
  8
1
 10
-5289.1401
 20
891.9900
  0
VERTEX
  8
1
 10
-5277.6602
 20
881.5500
  0
VERTEX
  8
1
 10
-5264.8398
 20
872.4200
  0
VERTEX
  8
1
 10
-5250.8999
 20
864.5000
  0
VERTEX
  8
1
 10
-5236.7300
 20
858.3700
  0
VERTEX
  8
1
 10
-5225.7900
 20
855.1500
  0
VERTEX
  8
1
 10
-5208.6899
 20
851.4600
  0
VERTEX
  8
1
 10
-5237.6802
 20
798.1500
  0
VERTEX
  8
1
 10
-5265.5498
 20
747.2900
  0
VERTEX
  8
1
 10
-5286.7700
 20
708.2400
  0
VERTEX
  8
1
 10
-5299.5400
 20
684.0600
  0
VERTEX
  8
1
 10
-5317.2202
 20
692.4700
  0
VERTEX
  8
1
 10
-5332.1201
 20
699.3700
  0
VERTEX
  8
1
 10
-5345.6602
 20
704.7900
  0
VERTEX
  8
1
 10
-5355.7598
 20
708.2000
  0
VERTEX
  8
1
 10
-5365.7500
 20
711.2200
  0
VERTEX
  8
1
 10
-5377.7402
 20
714.7700
  0
VERTEX
  8
1
 10
-5395.5898
 20
719.4500
  0
VERTEX
  8
1
 10
-5410.3999
 20
722.6700
  0
VERTEX
  8
1
 10
-5421.5898
 20
724.2100
  0
VERTEX
  8
1
 10
-5429.4800
 20
725.1300
  0
VERTEX
  8
1
 10
-5436.1299
 20
725.3400
  0
VERTEX
  8
1
 10
-5441.2900
 20
725.5400
  0
VERTEX
  8
1
 10
-5457.5298
 20
725.4500
  0
VERTEX
  8
1
 10
-5471.6201
 20
724.3100
  0
VERTEX
  8
1
 10
-5484.8999
 20
721.8400
  0
VERTEX
  8
1
 10
-5495.8101
 20
718.2600
  0
VERTEX
  8
1
 10
-5504.5898
 20
712.9200
  0
VERTEX
  8
1
 10
-5511.3398
 20
706.6600
  0
VERTEX
  8
1
 10
-5516.3599
 20
700.4000
  0
VERTEX
  8
1
 10
-5519.2202
 20
693.5900
  0
VERTEX
  8
1
 10
-5520.3901
 20
687.2800
  0
VERTEX
  8
1
 10
-5520.9902
 20
672.7300
  0
VERTEX
  8
1
 10
-5520.3701
 20
660.3700
  0
VERTEX
  8
1
 10
-5518.6602
 20
649.8300
  0
VERTEX
  8
1
 10
-5518.3398
 20
648.5800
  0
VERTEX
  8
1
 10
-5514.7500
 20
634.7200
  0
VERTEX
  8
1
 10
-5578.9399
 20
635.8400
  0
VERTEX
  8
1
 10
-5638.7202
 20
637.1700
  0
VERTEX
  8
1
 10
-5689.7402
 20
638.1100
  0
VERTEX
  8
1
 10
-5725.6499
 20
637.9400
  0
VERTEX
  8
1
 10
-5726.8799
 20
666.2700
  0
VERTEX
  8
1
 10
-5727.6099
 20
686.2900
  0
VERTEX
  8
1
 10
-5727.7100
 20
688.6900
  0
VERTEX
  8
1
 10
-5730.2900
 20
743.7900
  0
VERTEX
  8
1
 10
-5733.5801
 20
808.6900
  0
VERTEX
  8
1
 10
-5736.4600
 20
871.1100
  0
VERTEX
  8
1
 10
-5738.0098
 20
920.9500
  0
VERTEX
  8
1
 10
-5738.2598
 20
956.2700
  0
SEQEND
  0
POLYLINE
  8
84
 66
1
 70
1
  0
VERTEX
  8
84
 10
-5738.2598
 20
956.2700
  0
VERTEX
  8
84
 10
-5672.5200
 20
956.2100
  0
VERTEX
  8
84
 10
-5606.7900
 20
956.2700
  0
VERTEX
  8
84
 10
-5489.7798
 20
956.5700
  0
VERTEX
  8
84
 10
-5436.6602
 20
956.6300
  0
VERTEX
  8
84
 10
-5391.9502
 20
956.5700
  0
VERTEX
  8
84
 10
-5352.2798
 20
956.3800
  0
VERTEX
  8
84
 10
-5312.6201
 20
956.0700
  0
VERTEX
  8
84
 10
-5312.1001
 20
949.5500
  0
VERTEX
  8
84
 10
-5311.3799
 20
943.0600
  0
VERTEX
  8
84
 10
-5310.5098
 20
937.0800
  0
VERTEX
  8
84
 10
-5309.5098
 20
931.7400
  0
VERTEX
  8
84
 10
-5308.6099
 20
927.8600
  0
VERTEX
  8
84
 10
-5307.5698
 20
924.0900
  0
VERTEX
  8
84
 10
-5306.3901
 20
920.4500
  0
VERTEX
  8
84
 10
-5305.0898
 20
916.9200
  0
VERTEX
  8
84
 10
-5303.6201
 20
913.4300
  0
VERTEX
  8
84
 10
-5302.0000
 20
910.0700
  0
VERTEX
  8
84
 10
-5300.2500
 20
906.8200
  0
VERTEX
  8
84
 10
-5298.3701
 20
903.7100
  0
VERTEX
  8
84
 10
-5296.3398
 20
900.7100
  0
VERTEX
  8
84
 10
-5294.1201
 20
897.7500
  0
VERTEX
  8
84
 10
-5291.7202
 20
894.8400
  0
VERTEX
  8
84
 10
-5289.1401
 20
891.9900
  0
VERTEX
  8
84
 10
-5286.5601
 20
889.3700
  0
VERTEX
  8
84
 10
-5283.7998
 20
886.7600
  0
VERTEX
  8
84
 10
-5280.8398
 20
884.1600
  0
VERTEX
  8
84
 10
-5277.6602
 20
881.5500
  0
VERTEX
  8
84
 10
-5274.5898
 20
879.1700
  0
VERTEX
  8
84
 10
-5271.4302
 20
876.8600
  0
VERTEX
  8
84
 10
-5268.1802
 20
874.6000
  0
VERTEX
  8
84
 10
-5264.8398
 20
872.4200
  0
VERTEX
  8
84
 10
-5261.4600
 20
870.3300
  0
VERTEX
  8
84
 10
-5258.0000
 20
868.3100
  0
VERTEX
  8
84
 10
-5250.8999
 20
864.5000
  0
VERTEX
  8
84
 10
-5247.1499
 20
862.6700
  0
VERTEX
  8
84
 10
-5243.5698
 20
861.0500
  0
VERTEX
  8
84
 10
-5240.1001
 20
859.6200
  0
VERTEX
  8
84
 10
-5236.7300
 20
858.3700
  0
VERTEX
  8
84
 10
-5231.7002
 20
856.7600
  0
VERTEX
  8
84
 10
-5225.7900
 20
855.1500
  0
VERTEX
  8
84
 10
-5217.2700
 20
853.1500
  0
VERTEX
  8
84
 10
-5208.6899
 20
851.4600
  0
VERTEX
  8
84
 10
-5237.6802
 20
798.1500
  0
VERTEX
  8
84
 10
-5265.5498
 20
747.2900
  0
VERTEX
  8
84
 10
-5277.6201
 20
725.2000
  0
VERTEX
  8
84
 10
-5286.7700
 20
708.2400
  0
VERTEX
  8
84
 10
-5299.5400
 20
684.0600
  0
VERTEX
  8
84
 10
-5317.2202
 20
692.4700
  0
VERTEX
  8
84
 10
-5325.8198
 20
696.5300
  0
VERTEX
  8
84
 10
-5332.1201
 20
699.3700
  0
VERTEX
  8
84
 10
-5338.8901
 20
702.2000
  0
VERTEX
  8
84
 10
-5345.6602
 20
704.7900
  0
VERTEX
  8
84
 10
-5350.6899
 20
706.5500
  0
VERTEX
  8
84
 10
-5355.7598
 20
708.2000
  0
VERTEX
  8
84
 10
-5365.7500
 20
711.2200
  0
VERTEX
  8
84
 10
-5377.7402
 20
714.7700
  0
VERTEX
  8
84
 10
-5386.2598
 20
717.0900
  0
VERTEX
  8
84
 10
-5395.5898
 20
719.4500
  0
VERTEX
  8
84
 10
-5403.7300
 20
721.3500
  0
VERTEX
  8
84
 10
-5410.3999
 20
722.6700
  0
VERTEX
  8
84
 10
-5415.9800
 20
723.5500
  0
VERTEX
  8
84
 10
-5421.5898
 20
724.2100
  0
VERTEX
  8
84
 10
-5425.5298
 20
724.7800
  0
VERTEX
  8
84
 10
-5429.4800
 20
725.1300
  0
VERTEX
  8
84
 10
-5436.1299
 20
725.3400
  0
VERTEX
  8
84
 10
-5441.2900
 20
725.5400
  0
VERTEX
  8
84
 10
-5449.4102
 20
725.6400
  0
VERTEX
  8
84
 10
-5457.5298
 20
725.4500
  0
VERTEX
  8
84
 10
-5464.9302
 20
725.0100
  0
VERTEX
  8
84
 10
-5471.6201
 20
724.3100
  0
VERTEX
  8
84
 10
-5478.3101
 20
723.2600
  0
VERTEX
  8
84
 10
-5484.8999
 20
721.8400
  0
VERTEX
  8
84
 10
-5488.0801
 20
721.0100
  0
VERTEX
  8
84
 10
-5490.8901
 20
720.1600
  0
VERTEX
  8
84
 10
-5493.4502
 20
719.2500
  0
VERTEX
  8
84
 10
-5495.8101
 20
718.2600
  0
VERTEX
  8
84
 10
-5498.1001
 20
717.1400
  0
VERTEX
  8
84
 10
-5500.3301
 20
715.8700
  0
VERTEX
  8
84
 10
-5502.5000
 20
714.4600
  0
VERTEX
  8
84
 10
-5504.5898
 20
712.9200
  0
VERTEX
  8
84
 10
-5507.8398
 20
710.1300
  0
VERTEX
  8
84
 10
-5511.3398
 20
706.6600
  0
VERTEX
  8
84
 10
-5514.2998
 20
703.3200
  0
VERTEX
  8
84
 10
-5515.4199
 20
701.8400
  0
VERTEX
  8
84
 10
-5516.3599
 20
700.4000
  0
VERTEX
  8
84
 10
-5517.2002
 20
698.8700
  0
VERTEX
  8
84
 10
-5517.9600
 20
697.2300
  0
VERTEX
  8
84
 10
-5518.6299
 20
695.4700
  0
VERTEX
  8
84
 10
-5519.2202
 20
693.5900
  0
VERTEX
  8
84
 10
-5519.9502
 20
690.4600
  0
VERTEX
  8
84
 10
-5520.3901
 20
687.2800
  0
VERTEX
  8
84
 10
-5520.8599
 20
680.0100
  0
VERTEX
  8
84
 10
-5520.9902
 20
672.7300
  0
VERTEX
  8
84
 10
-5520.8198
 20
666.4200
  0
VERTEX
  8
84
 10
-5520.3701
 20
660.3700
  0
VERTEX
  8
84
 10
-5519.6499
 20
654.7300
  0
VERTEX
  8
84
 10
-5519.1899
 20
652.2100
  0
VERTEX
  8
84
 10
-5518.6602
 20
649.8300
  0
VERTEX
  8
84
 10
-5518.3398
 20
648.5800
  0
VERTEX
  8
84
 10
-5514.7500
 20
634.7200
  0
VERTEX
  8
84
 10
-5578.9399
 20
635.8400
  0
VERTEX
  8
84
 10
-5638.7202
 20
637.1700
  0
VERTEX
  8
84
 10
-5668.4600
 20
637.8300
  0
VERTEX
  8
84
 10
-5689.7402
 20
638.1100
  0
VERTEX
  8
84
 10
-5707.6899
 20
638.1300
  0
VERTEX
  8
84
 10
-5725.6499
 20
637.9400
  0
VERTEX
  8
84
 10
-5726.8799
 20
666.2700
  0
VERTEX
  8
84
 10
-5727.6099
 20
686.2900
  0
VERTEX
  8
84
 10
-5727.7100
 20
688.6900
  0
VERTEX
  8
84
 10
-5730.2900
 20
743.7900
  0
VERTEX
  8
84
 10
-5733.5801
 20
808.6900
  0
VERTEX
  8
84
 10
-5735.2202
 20
842.6100
  0
VERTEX
  8
84
 10
-5736.4600
 20
871.1100
  0
VERTEX
  8
84
 10
-5737.4302
 20
897.9000
  0
VERTEX
  8
84
 10
-5738.0098
 20
920.9500
  0
VERTEX
  8
84
 10
-5738.2402
 20
938.6100
  0
VERTEX
  8
84
 10
-5738.2598
 20
956.2700
  0
SEQEND
  0
POINT
  8
2
 10
-5738.2598
 20
956.2700
  0
TEXT
  8
1
 10
-5738.2598
 20
956.2700
 40
3.0000
  1
# 222
  7
STANDARD
  0
POINT
  8
3
 10
-5606.7900
 20
956.2700
  0
POINT
  8
3
 10
-5489.7798
 20
956.5700
  0
POINT
  8
3
 10
-5391.9502
 20
956.5700
  0
POINT
  8
2
 10
-5312.6201
 20
956.0700
  0
TEXT
  8
1
 10
-5312.6201
 20
956.0700
 40
3.0000
  1
# 223
  7
STANDARD
  0
POINT
  8
3
 10
-5311.3799
 20
943.0600
  0
POINT
  8
3
 10
-5309.5098
 20
931.7400
  0
POINT
  8
3
 10
-5305.0898
 20
916.9200
  0
POINT
  8
3
 10
-5298.3701
 20
903.7100
  0
POINT
  8
3
 10
-5289.1401
 20
891.9900
  0
POINT
  8
3
 10
-5277.6602
 20
881.5500
  0
POINT
  8
3
 10
-5264.8398
 20
872.4200
  0
POINT
  8
3
 10
-5250.8999
 20
864.5000
  0
POINT
  8
3
 10
-5236.7300
 20
858.3700
  0
POINT
  8
3
 10
-5225.7900
 20
855.1500
  0
POINT
  8
2
 10
-5208.6899
 20
851.4600
  0
TEXT
  8
1
 10
-5208.6899
 20
851.4600
 40
3.0000
  1
# 224
  7
STANDARD
  0
POINT
  8
3
 10
-5237.6802
 20
798.1500
  0
POINT
  8
3
 10
-5265.5498
 20
747.2900
  0
POINT
  8
3
 10
-5286.7700
 20
708.2400
  0
POINT
  8
2
 10
-5299.5400
 20
684.0600
  0
TEXT
  8
1
 10
-5299.5400
 20
684.0600
 40
3.0000
  1
# 225
  7
STANDARD
  0
POINT
  8
3
 10
-5317.2202
 20
692.4700
  0
POINT
  8
3
 10
-5332.1201
 20
699.3700
  0
POINT
  8
3
 10
-5345.6602
 20
704.7900
  0
POINT
  8
2
 10
-5355.7598
 20
708.2000
  0
TEXT
  8
1
 10
-5355.7598
 20
708.2000
 40
3.0000
  1
# 226
  7
STANDARD
  0
POINT
  8
3
 10
-5365.7500
 20
711.2200
  0
POINT
  8
3
 10
-5377.7402
 20
714.7700
  0
POINT
  8
3
 10
-5395.5898
 20
719.4500
  0
POINT
  8
3
 10
-5410.3999
 20
722.6700
  0
POINT
  8
2
 10
-5421.5898
 20
724.2100
  0
TEXT
  8
1
 10
-5421.5898
 20
724.2100
 40
3.0000
  1
# 227
  7
STANDARD
  0
POINT
  8
3
 10
-5429.4800
 20
725.1300
  0
POINT
  8
3
 10
-5436.1299
 20
725.3400
  0
POINT
  8
2
 10
-5441.2900
 20
725.5400
  0
TEXT
  8
1
 10
-5441.2900
 20
725.5400
 40
3.0000
  1
# 228
  7
STANDARD
  0
POINT
  8
3
 10
-5457.5298
 20
725.4500
  0
POINT
  8
3
 10
-5471.6201
 20
724.3100
  0
POINT
  8
3
 10
-5484.8999
 20
721.8400
  0
POINT
  8
3
 10
-5495.8101
 20
718.2600
  0
POINT
  8
3
 10
-5504.5898
 20
712.9200
  0
POINT
  8
3
 10
-5511.3398
 20
706.6600
  0
POINT
  8
3
 10
-5516.3599
 20
700.4000
  0
POINT
  8
3
 10
-5519.2202
 20
693.5900
  0
POINT
  8
2
 10
-5520.3901
 20
687.2800
  0
TEXT
  8
1
 10
-5520.3901
 20
687.2800
 40
3.0000
  1
# 229
  7
STANDARD
  0
POINT
  8
3
 10
-5520.9902
 20
672.7300
  0
POINT
  8
3
 10
-5520.3701
 20
660.3700
  0
POINT
  8
3
 10
-5518.6602
 20
649.8300
  0
POINT
  8
3
 10
-5518.3398
 20
648.5800
  0
POINT
  8
2
 10
-5514.7500
 20
634.7200
  0
TEXT
  8
1
 10
-5514.7500
 20
634.7200
 40
3.0000
  1
# 230
  7
STANDARD
  0
POINT
  8
3
 10
-5578.9399
 20
635.8400
  0
POINT
  8
3
 10
-5638.7202
 20
637.1700
  0
POINT
  8
3
 10
-5689.7402
 20
638.1100
  0
POINT
  8
2
 10
-5725.6499
 20
637.9400
  0
TEXT
  8
1
 10
-5725.6499
 20
637.9400
 40
3.0000
  1
# 231
  7
STANDARD
  0
POINT
  8
2
 10
-5726.8799
 20
666.2700
  0
TEXT
  8
1
 10
-5726.8799
 20
666.2700
 40
3.0000
  1
# 232
  7
STANDARD
  0
POINT
  8
3
 10
-5727.6099
 20
686.2900
  0
POINT
  8
2
 10
-5727.7100
 20
688.6900
  0
TEXT
  8
1
 10
-5727.7100
 20
688.6900
 40
3.0000
  1
# 233
  7
STANDARD
  0
POINT
  8
3
 10
-5730.2900
 20
743.7900
  0
POINT
  8
3
 10
-5733.5801
 20
808.6900
  0
POINT
  8
3
 10
-5736.4600
 20
871.1100
  0
POINT
  8
3
 10
-5738.0098
 20
920.9500
  0
POINT
  8
4
 10
-5355.7598
 20
708.2000
 30
5.0000
 50
71.5651
  0
POINT
  8
4
 10
-5421.5898
 20
724.2100
 30
5.0000
 50
82.8750
  0
POINT
  8
4
 10
-5441.2900
 20
725.5400
 30
5.0000
 50
91.0312
  0
POINT
  8
4
 10
-5520.3901
 20
687.2800
 30
5.0000
 50
171.3844
  0
POINT
  8
4
 10
-5726.8799
 20
666.2700
 30
5.0000
 50
3.3261
  0
POINT
  8
4
 10
-5727.7100
 20
688.6900
 30
5.0000
 50
1.7184
  0
POLYLINE
  8
14
 66
1
 70
1
  0
VERTEX
  8
14
 10
-5728.2202
 20
946.2600
  0
VERTEX
  8
14
 10
-5606.7700
 20
946.2700
  0
VERTEX
  8
14
 10
-5489.7598
 20
946.5700
  0
VERTEX
  8
14
 10
-5392.0200
 20
946.5700
  0
VERTEX
  8
14
 10
-5321.7100
 20
946.1400
  0
VERTEX
  8
14
 10
-5319.2500
 20
929.4800
  0
VERTEX
  8
14
 10
-5314.4302
 20
913.3500
  0
VERTEX
  8
14
 10
-5306.7998
 20
898.3300
  0
VERTEX
  8
14
 10
-5296.3901
 20
885.1000
  0
VERTEX
  8
14
 10
-5283.9399
 20
873.7600
  0
VERTEX
  8
14
 10
-5270.2100
 20
863.9800
  0
VERTEX
  8
14
 10
-5255.5698
 20
855.6500
  0
VERTEX
  8
14
 10
-5240.1099
 20
848.9600
  0
VERTEX
  8
14
 10
-5223.8599
 20
844.5000
  0
VERTEX
  8
14
 10
-5246.4600
 20
802.9400
  0
VERTEX
  8
14
 10
-5274.3198
 20
752.0900
  0
VERTEX
  8
14
 10
-5295.4702
 20
713.1800
  0
VERTEX
  8
14
 10
-5303.8999
 20
697.2100
  0
VERTEX
  8
14
 10
-5313.1699
 20
701.6200
  0
VERTEX
  8
14
 10
-5328.1802
 20
708.5600
  0
VERTEX
  8
14
 10
-5342.2900
 20
714.2000
  0
VERTEX
  8
14
 10
-5352.6001
 20
717.6900
  0
VERTEX
  8
14
 10
-5363.2100
 20
720.9000
  0
VERTEX
  8
14
 10
-5375.1401
 20
724.4300
  0
VERTEX
  8
14
 10
-5393.0498
 20
729.1300
  0
VERTEX
  8
14
 10
-5408.6802
 20
732.5200
  0
VERTEX
  8
14
 10
-5420.3501
 20
734.1300
  0
VERTEX
  8
14
 10
-5429.0298
 20
735.1300
  0
VERTEX
  8
14
 10
-5436.5498
 20
735.3600
  0
VERTEX
  8
14
 10
-5441.4702
 20
735.5500
  0
VERTEX
  8
14
 10
-5457.8198
 20
735.4500
  0
VERTEX
  8
14
 10
-5472.7998
 20
734.2400
  0
VERTEX
  8
14
 10
-5487.1499
 20
731.5800
  0
VERTEX
  8
14
 10
-5500.0601
 20
727.3200
  0
VERTEX
  8
14
 10
-5510.7402
 20
720.8100
  0
VERTEX
  8
14
 10
-5518.6001
 20
713.5500
  0
VERTEX
  8
14
 10
-5524.9702
 20
705.5000
  0
VERTEX
  8
14
 10
-5528.8999
 20
696.1400
  0
VERTEX
  8
14
 10
-5530.2998
 20
688.7800
  0
VERTEX
  8
14
 10
-5530.9902
 20
672.6300
  0
VERTEX
  8
14
 10
-5530.3198
 20
659.3500
  0
VERTEX
  8
14
 10
-5528.3799
 20
647.4600
  0
VERTEX
  8
14
 10
-5528.0200
 20
646.0700
  0
VERTEX
  8
14
 10
-5527.7300
 20
644.9500
  0
VERTEX
  8
14
 10
-5578.5698
 20
645.8400
  0
VERTEX
  8
14
 10
-5638.5000
 20
647.1700
  0
VERTEX
  8
14
 10
-5689.6699
 20
648.1100
  0
VERTEX
  8
14
 10
-5716.0801
 20
648.0200
  0
VERTEX
  8
14
 10
-5716.8999
 20
666.8500
  0
VERTEX
  8
14
 10
-5717.6401
 20
687.1000
  0
VERTEX
  8
14
 10
-5717.7202
 20
688.9900
  0
VERTEX
  8
14
 10
-5720.3198
 20
744.7700
  0
VERTEX
  8
14
 10
-5723.6201
 20
809.8200
  0
VERTEX
  8
14
 10
-5726.4902
 20
871.9500
  0
VERTEX
  8
14
 10
-5728.0098
 20
921.3100
  0
VERTEX
  8
14
 10
-5728.2202
 20
946.2600
  0
SEQEND
  0
POLYLINE
  8
87
 66
1
 70
1
  0
VERTEX
  8
87
 10
-5728.2202
 20
946.2600
  0
VERTEX
  8
87
 10
-5667.4902
 20
946.2100
  0
VERTEX
  8
87
 10
-5606.7700
 20
946.2700
  0
VERTEX
  8
87
 10
-5489.7598
 20
946.5700
  0
VERTEX
  8
87
 10
-5436.5400
 20
946.6400
  0
VERTEX
  8
87
 10
-5392.0200
 20
946.5700
  0
VERTEX
  8
87
 10
-5356.8599
 20
946.4100
  0
VERTEX
  8
87
 10
-5321.7100
 20
946.1400
  0
VERTEX
  8
87
 10
-5321.3101
 20
941.9400
  0
VERTEX
  8
87
 10
-5320.7598
 20
937.7600
  0
VERTEX
  8
87
 10
-5320.0801
 20
933.6100
  0
VERTEX
  8
87
 10
-5319.2500
 20
929.4800
  0
VERTEX
  8
87
 10
-5318.2402
 20
925.2200
  0
VERTEX
  8
87
 10
-5317.1001
 20
921.1100
  0
VERTEX
  8
87
 10
-5315.8301
 20
917.1600
  0
VERTEX
  8
87
 10
-5314.4302
 20
913.3500
  0
VERTEX
  8
87
 10
-5312.7700
 20
909.4000
  0
VERTEX
  8
87
 10
-5310.9399
 20
905.5800
  0
VERTEX
  8
87
 10
-5308.9502
 20
901.8800
  0
VERTEX
  8
87
 10
-5306.7998
 20
898.3300
  0
VERTEX
  8
87
 10
-5304.5000
 20
894.9300
  0
VERTEX
  8
87
 10
-5302.0000
 20
891.5900
  0
VERTEX
  8
87
 10
-5299.2900
 20
888.3100
  0
VERTEX
  8
87
 10
-5296.3901
 20
885.1000
  0
VERTEX
  8
87
 10
-5293.5801
 20
882.2400
  0
VERTEX
  8
87
 10
-5290.5698
 20
879.4000
  0
VERTEX
  8
87
 10
-5287.3599
 20
876.5800
  0
VERTEX
  8
87
 10
-5283.9399
 20
873.7600
  0
VERTEX
  8
87
 10
-5280.6602
 20
871.2200
  0
VERTEX
  8
87
 10
-5277.2798
 20
868.7400
  0
VERTEX
  8
87
 10
-5273.7998
 20
866.3300
  0
VERTEX
  8
87
 10
-5270.2100
 20
863.9800
  0
VERTEX
  8
87
 10
-5266.6099
 20
861.7500
  0
VERTEX
  8
87
 10
-5262.9800
 20
859.6200
  0
VERTEX
  8
87
 10
-5259.2900
 20
857.5900
  0
VERTEX
  8
87
 10
-5255.5698
 20
855.6500
  0
VERTEX
  8
87
 10
-5251.6001
 20
853.7200
  0
VERTEX
  8
87
 10
-5247.7002
 20
851.9600
  0
VERTEX
  8
87
 10
-5243.8799
 20
850.3800
  0
VERTEX
  8
87
 10
-5240.1099
 20
848.9600
  0
VERTEX
  8
87
 10
-5236.1201
 20
847.6200
  0
VERTEX
  8
87
 10
-5232.0801
 20
846.4300
  0
VERTEX
  8
87
 10
-5228.0000
 20
845.3900
  0
VERTEX
  8
87
 10
-5223.8599
 20
844.5000
  0
VERTEX
  8
87
 10
-5246.4600
 20
802.9400
  0
VERTEX
  8
87
 10
-5274.3198
 20
752.0900
  0
VERTEX
  8
87
 10
-5286.5400
 20
729.7400
  0
VERTEX
  8
87
 10
-5295.4702
 20
713.1800
  0
VERTEX
  8
87
 10
-5303.8999
 20
697.2100
  0
VERTEX
  8
87
 10
-5313.1699
 20
701.6200
  0
VERTEX
  8
87
 10
-5321.8101
 20
705.6900
  0
VERTEX
  8
87
 10
-5328.1802
 20
708.5600
  0
VERTEX
  8
87
 10
-5335.2100
 20
711.5000
  0
VERTEX
  8
87
 10
-5342.2900
 20
714.2000
  0
VERTEX
  8
87
 10
-5347.4199
 20
716.0000
  0
VERTEX
  8
87
 10
-5352.6001
 20
717.6900
  0
VERTEX
  8
87
 10
-5363.2100
 20
720.9000
  0
VERTEX
  8
87
 10
-5375.1401
 20
724.4300
  0
VERTEX
  8
87
 10
-5383.7300
 20
726.7800
  0
VERTEX
  8
87
 10
-5393.0498
 20
729.1300
  0
VERTEX
  8
87
 10
-5401.6099
 20
731.1200
  0
VERTEX
  8
87
 10
-5408.6802
 20
732.5200
  0
VERTEX
  8
87
 10
-5414.5000
 20
733.4400
  0
VERTEX
  8
87
 10
-5420.3501
 20
734.1300
  0
VERTEX
  8
87
 10
-5424.6802
 20
734.7500
  0
VERTEX
  8
87
 10
-5429.0298
 20
735.1300
  0
VERTEX
  8
87
 10
-5436.5498
 20
735.3600
  0
VERTEX
  8
87
 10
-5441.4702
 20
735.5500
  0
VERTEX
  8
87
 10
-5449.6499
 20
735.6400
  0
VERTEX
  8
87
 10
-5457.8198
 20
735.4500
  0
VERTEX
  8
87
 10
-5465.6602
 20
734.9800
  0
VERTEX
  8
87
 10
-5472.7998
 20
734.2400
  0
VERTEX
  8
87
 10
-5476.4302
 20
733.7200
  0
VERTEX
  8
87
 10
-5480.0298
 20
733.1000
  0
VERTEX
  8
87
 10
-5483.6001
 20
732.3900
  0
VERTEX
  8
87
 10
-5487.1499
 20
731.5800
  0
VERTEX
  8
87
 10
-5490.8599
 20
730.6100
  0
VERTEX
  8
87
 10
-5494.1899
 20
729.6000
  0
VERTEX
  8
87
 10
-5497.2402
 20
728.5100
  0
VERTEX
  8
87
 10
-5500.0601
 20
727.3200
  0
VERTEX
  8
87
 10
-5502.8301
 20
725.9600
  0
VERTEX
  8
87
 10
-5505.5400
 20
724.4100
  0
VERTEX
  8
87
 10
-5508.1899
 20
722.6900
  0
VERTEX
  8
87
 10
-5510.7402
 20
720.8100
  0
VERTEX
  8
87
 10
-5512.6699
 20
719.2300
  0
VERTEX
  8
87
 10
-5514.6099
 20
717.5100
  0
VERTEX
  8
87
 10
-5518.6001
 20
713.5500
  0
VERTEX
  8
87
 10
-5520.6099
 20
711.3500
  0
VERTEX
  8
87
 10
-5522.2900
 20
709.3400
  0
VERTEX
  8
87
 10
-5523.7300
 20
707.4000
  0
VERTEX
  8
87
 10
-5524.9702
 20
705.5000
  0
VERTEX
  8
87
 10
-5526.1401
 20
703.3800
  0
VERTEX
  8
87
 10
-5527.1899
 20
701.1100
  0
VERTEX
  8
87
 10
-5528.1099
 20
698.6900
  0
VERTEX
  8
87
 10
-5528.8999
 20
696.1400
  0
VERTEX
  8
87
 10
-5529.7500
 20
692.4900
  0
VERTEX
  8
87
 10
-5530.2998
 20
688.7800
  0
VERTEX
  8
87
 10
-5530.8398
 20
680.7100
  0
VERTEX
  8
87
 10
-5530.9902
 20
672.6300
  0
VERTEX
  8
87
 10
-5530.7998
 20
665.8700
  0
VERTEX
  8
87
 10
-5530.3198
 20
659.3500
  0
VERTEX
  8
87
 10
-5529.9502
 20
656.0200
  0
VERTEX
  8
87
 10
-5529.5098
 20
652.9800
  0
VERTEX
  8
87
 10
-5528.9902
 20
650.1400
  0
VERTEX
  8
87
 10
-5528.3799
 20
647.4600
  0
VERTEX
  8
87
 10
-5528.0200
 20
646.0700
  0
VERTEX
  8
87
 10
-5527.7300
 20
644.9500
  0
VERTEX
  8
87
 10
-5578.5698
 20
645.8400
  0
VERTEX
  8
87
 10
-5638.5000
 20
647.1700
  0
VERTEX
  8
87
 10
-5668.4302
 20
647.8400
  0
VERTEX
  8
87
 10
-5689.6699
 20
648.1100
  0
VERTEX
  8
87
 10
-5702.8701
 20
648.1300
  0
VERTEX
  8
87
 10
-5716.0801
 20
648.0200
  0
VERTEX
  8
87
 10
-5716.8999
 20
666.8500
  0
VERTEX
  8
87
 10
-5717.6401
 20
687.1000
  0
VERTEX
  8
87
 10
-5717.7202
 20
688.9900
  0
VERTEX
  8
87
 10
-5720.3198
 20
744.7700
  0
VERTEX
  8
87
 10
-5723.6201
 20
809.8200
  0
VERTEX
  8
87
 10
-5725.2500
 20
843.5300
  0
VERTEX
  8
87
 10
-5726.4902
 20
871.9500
  0
VERTEX
  8
87
 10
-5727.4600
 20
898.6300
  0
VERTEX
  8
87
 10
-5728.0098
 20
921.3100
  0
VERTEX
  8
87
 10
-5728.1699
 20
933.7800
  0
VERTEX
  8
87
 10
-5728.2202
 20
946.2600
  0
SEQEND
  0
POINT
  8
2
 10
-5728.2202
 20
946.2600
  0
TEXT
  8
14
 10
-5728.2202
 20
946.2600
 40
3.0000
  1
# 234
  7
STANDARD
  0
POINT
  8
3
 10
-5606.7700
 20
946.2700
  0
POINT
  8
3
 10
-5489.7598
 20
946.5700
  0
POINT
  8
3
 10
-5392.0200
 20
946.5700
  0
POINT
  8
2
 10
-5321.7100
 20
946.1400
  0
TEXT
  8
14
 10
-5321.7100
 20
946.1400
 40
3.0000
  1
# 235
  7
STANDARD
  0
POINT
  8
3
 10
-5319.2500
 20
929.4800
  0
POINT
  8
3
 10
-5314.4302
 20
913.3500
  0
POINT
  8
3
 10
-5306.7998
 20
898.3300
  0
POINT
  8
3
 10
-5296.3901
 20
885.1000
  0
POINT
  8
3
 10
-5283.9399
 20
873.7600
  0
POINT
  8
3
 10
-5270.2100
 20
863.9800
  0
POINT
  8
3
 10
-5255.5698
 20
855.6500
  0
POINT
  8
3
 10
-5240.1099
 20
848.9600
  0
POINT
  8
2
 10
-5223.8599
 20
844.5000
  0
TEXT
  8
14
 10
-5223.8599
 20
844.5000
 40
3.0000
  1
# 236
  7
STANDARD
  0
POINT
  8
3
 10
-5246.4600
 20
802.9400
  0
POINT
  8
3
 10
-5274.3198
 20
752.0900
  0
POINT
  8
3
 10
-5295.4702
 20
713.1800
  0
POINT
  8
2
 10
-5303.8999
 20
697.2100
  0
TEXT
  8
14
 10
-5303.8999
 20
697.2100
 40
3.0000
  1
# 237
  7
STANDARD
  0
POINT
  8
3
 10
-5313.1699
 20
701.6200
  0
POINT
  8
3
 10
-5328.1802
 20
708.5600
  0
POINT
  8
3
 10
-5342.2900
 20
714.2000
  0
POINT
  8
2
 10
-5352.6001
 20
717.6900
  0
TEXT
  8
14
 10
-5352.6001
 20
717.6900
 40
3.0000
  1
# 238
  7
STANDARD
  0
POINT
  8
3
 10
-5363.2100
 20
720.9000
  0
POINT
  8
3
 10
-5375.1401
 20
724.4300
  0
POINT
  8
3
 10
-5393.0498
 20
729.1300
  0
POINT
  8
3
 10
-5408.6802
 20
732.5200
  0
POINT
  8
2
 10
-5420.3501
 20
734.1300
  0
TEXT
  8
14
 10
-5420.3501
 20
734.1300
 40
3.0000
  1
# 239
  7
STANDARD
  0
POINT
  8
3
 10
-5429.0298
 20
735.1300
  0
POINT
  8
3
 10
-5436.5498
 20
735.3600
  0
POINT
  8
2
 10
-5441.4702
 20
735.5500
  0
TEXT
  8
14
 10
-5441.4702
 20
735.5500
 40
3.0000
  1
# 240
  7
STANDARD
  0
POINT
  8
3
 10
-5457.8198
 20
735.4500
  0
POINT
  8
3
 10
-5472.7998
 20
734.2400
  0
POINT
  8
3
 10
-5487.1499
 20
731.5800
  0
POINT
  8
3
 10
-5500.0601
 20
727.3200
  0
POINT
  8
3
 10
-5510.7402
 20
720.8100
  0
POINT
  8
3
 10
-5518.6001
 20
713.5500
  0
POINT
  8
3
 10
-5524.9702
 20
705.5000
  0
POINT
  8
3
 10
-5528.8999
 20
696.1400
  0
POINT
  8
2
 10
-5530.2998
 20
688.7800
  0
TEXT
  8
14
 10
-5530.2998
 20
688.7800
 40
3.0000
  1
# 241
  7
STANDARD
  0
POINT
  8
3
 10
-5530.9902
 20
672.6300
  0
POINT
  8
3
 10
-5530.3198
 20
659.3500
  0
POINT
  8
3
 10
-5528.3799
 20
647.4600
  0
POINT
  8
3
 10
-5528.0200
 20
646.0700
  0
POINT
  8
2
 10
-5527.7300
 20
644.9500
  0
TEXT
  8
14
 10
-5527.7300
 20
644.9500
 40
3.0000
  1
# 242
  7
STANDARD
  0
POINT
  8
3
 10
-5578.5698
 20
645.8400
  0
POINT
  8
3
 10
-5638.5000
 20
647.1700
  0
POINT
  8
3
 10
-5689.6699
 20
648.1100
  0
POINT
  8
2
 10
-5716.0801
 20
648.0200
  0
TEXT
  8
14
 10
-5716.0801
 20
648.0200
 40
3.0000
  1
# 243
  7
STANDARD
  0
POINT
  8
2
 10
-5716.8999
 20
666.8500
  0
TEXT
  8
14
 10
-5716.8999
 20
666.8500
 40
3.0000
  1
# 244
  7
STANDARD
  0
POINT
  8
3
 10
-5717.6401
 20
687.1000
  0
POINT
  8
2
 10
-5717.7202
 20
688.9900
  0
TEXT
  8
14
 10
-5717.7202
 20
688.9900
 40
3.0000
  1
# 245
  7
STANDARD
  0
POINT
  8
3
 10
-5720.3198
 20
744.7700
  0
POINT
  8
3
 10
-5723.6201
 20
809.8200
  0
POINT
  8
3
 10
-5726.4902
 20
871.9500
  0
POINT
  8
3
 10
-5728.0098
 20
921.3100
  0
POINT
  8
4
 10
-5352.6001
 20
717.6900
 30
5.0000
 50
71.5651
  0
POINT
  8
4
 10
-5420.3501
 20
734.1300
 30
5.0000
 50
82.8750
  0
POINT
  8
4
 10
-5441.4702
 20
735.5500
 30
5.0000
 50
91.0312
  0
POINT
  8
4
 10
-5530.2998
 20
688.7800
 30
5.0000
 50
171.3844
  0
POINT
  8
4
 10
-5716.8999
 20
666.8500
 30
5.0000
 50
3.3261
  0
POINT
  8
4
 10
-5717.7202
 20
688.9900
 30
5.0000
 50
1.7184
  0
LINE
  8
7
 10
-5633.7798
 20
795.6700
 11
-5337.4399
 21
795.6700
  0
LINE
  8
5
 10
-5633.7798
 20
795.6700
 11
-5337.4399
 21
795.6700
  0
POINT
  8
2
 10
-5633.7798
 20
795.6700
  0
TEXT
  8
7
 10
-5633.7798
 20
795.6700
 40
3.0000
  1
# 246
  7
STANDARD
  0
POINT
  8
2
 10
-5337.4399
 20
795.6700
  0
TEXT
  8
7
 10
-5337.4399
 20
795.6700
 40
3.0000
  1
# 247
  7
STANDARD
  0
POLYLINE
  8
8
 66
1
 70
1
  0
VERTEX
  8
8
 10
-5424.3701
 20
898.5900
  0
VERTEX
  8
8
 10
-5488.5400
 20
898.4900
  0
VERTEX
  8
8
 10
-5486.8999
 20
770.3500
  0
VERTEX
  8
8
 10
-5422.3101
 20
771.6900
  0
VERTEX
  8
8
 10
-5424.3701
 20
898.5900
  0
SEQEND
  0
POLYLINE
  8
85
 66
1
 70
1
  0
VERTEX
  8
85
 10
-5424.3701
 20
898.5900
  0
VERTEX
  8
85
 10
-5488.5400
 20
898.4900
  0
VERTEX
  8
85
 10
-5486.8999
 20
770.3500
  0
VERTEX
  8
85
 10
-5422.3101
 20
771.6900
  0
VERTEX
  8
85
 10
-5424.3701
 20
898.5900
  0
SEQEND
  0
POINT
  8
2
 10
-5424.3701
 20
898.5900
  0
TEXT
  8
8
 10
-5424.3701
 20
898.5900
 40
3.0000
  1
# 248
  7
STANDARD
  0
POINT
  8
2
 10
-5488.5400
 20
898.4900
  0
TEXT
  8
8
 10
-5488.5400
 20
898.4900
 40
3.0000
  1
# 249
  7
STANDARD
  0
POINT
  8
2
 10
-5486.8999
 20
770.3500
  0
TEXT
  8
8
 10
-5486.8999
 20
770.3500
 40
3.0000
  1
# 250
  7
STANDARD
  0
POINT
  8
2
 10
-5422.3101
 20
771.6900
  0
TEXT
  8
8
 10
-5422.3101
 20
771.6900
 40
3.0000
  1
# 251
  7
STANDARD
  0
POLYLINE
  8
8
 66
1
 70
1
  0
VERTEX
  8
8
 10
-5450.3301
 20
896.7300
  0
VERTEX
  8
8
 10
-5591.6499
 20
896.3200
  0
VERTEX
  8
8
 10
-5590.5098
 20
769.9400
  0
VERTEX
  8
8
 10
-5448.0601
 20
772.4100
  0
VERTEX
  8
8
 10
-5450.3301
 20
896.7300
  0
SEQEND
  0
POLYLINE
  8
85
 66
1
 70
1
  0
VERTEX
  8
85
 10
-5450.3301
 20
896.7300
  0
VERTEX
  8
85
 10
-5591.6499
 20
896.3200
  0
VERTEX
  8
85
 10
-5590.5098
 20
769.9400
  0
VERTEX
  8
85
 10
-5448.0601
 20
772.4100
  0
VERTEX
  8
85
 10
-5450.3301
 20
896.7300
  0
SEQEND
  0
POINT
  8
2
 10
-5450.3301
 20
896.7300
  0
TEXT
  8
8
 10
-5450.3301
 20
896.7300
 40
3.0000
  1
# 252
  7
STANDARD
  0
POINT
  8
2
 10
-5591.6499
 20
896.3200
  0
TEXT
  8
8
 10
-5591.6499
 20
896.3200
 40
3.0000
  1
# 253
  7
STANDARD
  0
POINT
  8
2
 10
-5590.5098
 20
769.9400
  0
TEXT
  8
8
 10
-5590.5098
 20
769.9400
 40
3.0000
  1
# 254
  7
STANDARD
  0
POINT
  8
2
 10
-5448.0601
 20
772.4100
  0
TEXT
  8
8
 10
-5448.0601
 20
772.4100
 40
3.0000
  1
# 255
  7
STANDARD
  0
POLYLINE
  8
8
 66
1
 70
0
  0
VERTEX
  8
8
 10
-5721.1201
 20
883.0300
  0
VERTEX
  8
8
 10
-5726.5801
 20
882.9300
  0
SEQEND
  0
POLYLINE
  8
85
 66
1
 70
0
  0
VERTEX
  8
85
 10
-5721.1201
 20
883.0300
  0
VERTEX
  8
85
 10
-5726.5801
 20
882.9300
  0
SEQEND
  0
POINT
  8
2
 10
-5721.1201
 20
883.0300
  0
TEXT
  8
8
 10
-5721.1201
 20
883.0300
 40
3.0000
  1
# 256
  7
STANDARD
  0
POINT
  8
2
 10
-5726.5801
 20
882.9300
  0
TEXT
  8
8
 10
-5726.5801
 20
882.9300
 40
3.0000
  1
# 257
  7
STANDARD
  0
POLYLINE
  8
8
 66
1
 70
0
  0
VERTEX
  8
8
 10
-5718.3398
 20
707.7300
  0
VERTEX
  8
8
 10
-5714.3198
 20
707.9400
  0
VERTEX
  8
8
 10
-5721.1201
 20
883.0300
  0
SEQEND
  0
POLYLINE
  8
85
 66
1
 70
0
  0
VERTEX
  8
85
 10
-5718.3398
 20
707.7300
  0
VERTEX
  8
85
 10
-5714.3198
 20
707.9400
  0
VERTEX
  8
85
 10
-5721.1201
 20
883.0300
  0
SEQEND
  0
POINT
  8
2
 10
-5718.3398
 20
707.7300
  0
TEXT
  8
8
 10
-5718.3398
 20
707.7300
 40
3.0000
  1
# 258
  7
STANDARD
  0
POINT
  8
2
 10
-5714.3198
 20
707.9400
  0
TEXT
  8
8
 10
-5714.3198
 20
707.9400
 40
3.0000
  1
# 259
  7
STANDARD
  0
POINT
  8
2
 10
-5721.1201
 20
883.0300
  0
TEXT
  8
8
 10
-5721.1201
 20
883.0300
 40
3.0000
  1
# 260
  7
STANDARD
  0
POLYLINE
  8
8
 66
1
 70
0
  0
VERTEX
  8
8
 10
-5317.6499
 20
923.0900
  0
VERTEX
  8
8
 10
-5497.1001
 20
922.7900
  0
VERTEX
  8
8
 10
-5666.2202
 20
922.2800
  0
VERTEX
  8
8
 10
-5727.8101
 20
922.0700
  0
SEQEND
  0
POLYLINE
  8
85
 66
1
 70
0
  0
VERTEX
  8
85
 10
-5317.6499
 20
923.0900
  0
VERTEX
  8
85
 10
-5497.1001
 20
922.7900
  0
VERTEX
  8
85
 10
-5666.2202
 20
922.2800
  0
VERTEX
  8
85
 10
-5727.8101
 20
922.0700
  0
SEQEND
  0
POINT
  8
2
 10
-5317.6499
 20
923.0900
  0
TEXT
  8
8
 10
-5317.6499
 20
923.0900
 40
3.0000
  1
# 261
  7
STANDARD
  0
POINT
  8
3
 10
-5497.1001
 20
922.7900
  0
POINT
  8
3
 10
-5666.2202
 20
922.2800
  0
POINT
  8
2
 10
-5727.8101
 20
922.0700
  0
TEXT
  8
8
 10
-5727.8101
 20
922.0700
 40
3.0000
  1
# 262
  7
STANDARD
  0
POINT
  8
13
 10
-5721.0200
 20
883.0300
 30
10.0000
  0
TEXT
  8
13
 10
-5721.0200
 20
883.0300
 40
3.0000
  1
# 263
  7
STANDARD
  0
POINT
  8
13
 10
-5714.3198
 20
707.8300
 30
10.0000
  0
TEXT
  8
13
 10
-5714.3198
 20
707.8300
 40
3.0000
  1
# 264
  7
STANDARD
  0
POINT
  8
13
 10
-5452.4902
 20
894.6700
 30
10.0000
  0
TEXT
  8
13
 10
-5452.4902
 20
894.6700
 40
3.0000
  1
# 265
  7
STANDARD
  0
POINT
  8
13
 10
-5424.2700
 20
898.5900
 30
10.0000
  0
TEXT
  8
13
 10
-5424.2700
 20
898.5900
 40
3.0000
  1
# 266
  7
STANDARD
  0
POINT
  8
13
 10
-5422.3101
 20
771.5900
 30
10.0000
  0
TEXT
  8
13
 10
-5422.3101
 20
771.5900
 40
3.0000
  1
# 267
  7
STANDARD
  0
POINT
  8
13
 10
-5449.8198
 20
774.0600
 30
10.0000
  0
TEXT
  8
13
 10
-5449.8198
 20
774.0600
 40
3.0000
  1
# 268
  7
STANDARD
  0
POINT
  8
13
 10
-5588.0400
 20
771.9000
 30
10.0000
  0
TEXT
  8
13
 10
-5588.0400
 20
771.9000
 40
3.0000
  1
# 269
  7
STANDARD
  0
POINT
  8
13
 10
-5588.9702
 20
893.5400
 30
10.0000
  0
TEXT
  8
13
 10
-5588.9702
 20
893.5400
 40
3.0000
  1
# 270
  7
STANDARD
  0
POINT
  8
13
 10
-5323.8599
 20
924.4400
 30
10.0000
  0
TEXT
  8
13
 10
-5323.8599
 20
924.4400
 40
3.0000
  1
# 271
  7
STANDARD
  0
POINT
  8
13
 10
-5481.0200
 20
922.6900
 30
10.0000
  0
TEXT
  8
13
 10
-5481.0200
 20
922.6900
 40
3.0000
  1
# 272
  7
STANDARD
  0
POINT
  8
13
 10
-5648.9199
 20
923.2100
 30
10.0000
  0
TEXT
  8
13
 10
-5648.9199
 20
923.2100
 40
3.0000
  1
# 273
  7
STANDARD
  0
TEXT
  8
15
 10
-5573.8301
 20
946.2800
 40
12.7
  50
0.0000
  1
FRONT CENETR  ZIP
  7
STANDARD
  0
TEXT
  8
15
 10
-5367.4199
 20
917.9500
 40
7.35
  50
180.0000
  1
SUPPORT FLAP FRONT
  7
STANDARD
  0
TEXT
  8
15
 10
-5419.0200
 20
844.9300
 40
3.14
  50
270.0000
  1
POCKET FLAP
  7
STANDARD
  0
TEXT
  8
15
 10
-5443.6401
 20
843.0700
 40
4.96
  50
270.0000
  1
POCKET
  7
STANDARD
  0
TEXT
  8
15
 10
-5712.1499
 20
804.4500
 40
5.16
  50
270.0000
  1
POCKET FLAP
  7
STANDARD
  0
ENDBLK
  0
BLOCK
  8
0
  2
Right Front Bottom_5011
 70
64
 10
0.0000
 20
0.0000
  0
TEXT
  8
1
 10
-5954.7700
 20
1686.7600
 40
3.0000
 50
0.0000
  1
Piece Name: Right Front Bottom
  7
STANDARD
  0
TEXT
  8
1
 10
-5954.7700
 20
1690.7600
 40
3.0000
 50
0.0000
  1
SAMPLE SIZE:50
  7
STANDARD
  0
TEXT
  8
1
 10
-5954.7700
 20
1694.7600
 40
3.0000
 50
0.0000
  1
ANNOTATION: Cut 1
  7
STANDARD
  0
TEXT
  8
1
 10
-5954.7700
 20
1698.7600
 40
3.0000
 50
0.0000
  1
MATERIAL: Leather
  7
STANDARD
  0
TEXT
  8
1
 10
-5954.7700
 20
1702.7600
 40
3.0000
 50
0.0000
  1
QUANTITY: 1
  7
STANDARD
  0
POLYLINE
  8
1
 66
1
 70
1
  0
VERTEX
  8
1
 10
-5819.7002
 20
1824.0699
  0
VERTEX
  8
1
 10
-5820.9399
 20
1795.1300
  0
VERTEX
  8
1
 10
-5821.6499
 20
1775.2500
  0
VERTEX
  8
1
 10
-5821.7598
 20
1772.8800
  0
VERTEX
  8
1
 10
-5824.3301
 20
1717.5699
  0
VERTEX
  8
1
 10
-5827.6401
 20
1652.6801
  0
VERTEX
  8
1
 10
-5830.5098
 20
1590.3600
  0
VERTEX
  8
1
 10
-5832.0601
 20
1541.0200
  0
VERTEX
  8
1
 10
-5832.3599
 20
1506.0000
  0
VERTEX
  8
1
 10
-5845.9600
 20
1506.0000
  0
VERTEX
  8
1
 10
-5964.0000
 20
1506.1100
  0
VERTEX
  8
1
 10
-6065.0400
 20
1506.4200
  0
VERTEX
  8
1
 10
-6089.8599
 20
1506.2100
  0
VERTEX
  8
1
 10
-6089.0400
 20
1515.5800
  0
VERTEX
  8
1
 10
-6088.7300
 20
1544.2200
  0
VERTEX
  8
1
 10
-6087.2900
 20
1591.6100
  0
VERTEX
  8
1
 10
-6085.5400
 20
1632.1801
  0
VERTEX
  8
1
 10
-6081.1099
 20
1682.2400
  0
VERTEX
  8
1
 10
-6075.8599
 20
1734.7700
  0
VERTEX
  8
1
 10
-6070.6001
 20
1779.5601
  0
VERTEX
  8
1
 10
-6066.7900
 20
1826.0300
  0
VERTEX
  8
1
 10
-6063.6001
 20
1867.5400
  0
VERTEX
  8
1
 10
-5899.6201
 20
1858.7800
  0
VERTEX
  8
1
 10
-5901.3701
 20
1827.7800
  0
VERTEX
  8
1
 10
-5876.1401
 20
1826.0300
  0
VERTEX
  8
1
 10
-5844.9302
 20
1824.4800
  0
VERTEX
  8
1
 10
-5819.7002
 20
1824.0699
  0
SEQEND
  0
POLYLINE
  8
84
 66
1
 70
1
  0
VERTEX
  8
84
 10
-5819.7002
 20
1824.0699
  0
VERTEX
  8
84
 10
-5820.9399
 20
1795.1300
  0
VERTEX
  8
84
 10
-5821.6499
 20
1775.2500
  0
VERTEX
  8
84
 10
-5821.7598
 20
1772.8800
  0
VERTEX
  8
84
 10
-5824.3301
 20
1717.5699
  0
VERTEX
  8
84
 10
-5827.6401
 20
1652.6801
  0
VERTEX
  8
84
 10
-5829.2598
 20
1619.2300
  0
VERTEX
  8
84
 10
-5830.5098
 20
1590.3600
  0
VERTEX
  8
84
 10
-5831.4702
 20
1563.8600
  0
VERTEX
  8
84
 10
-5832.0601
 20
1541.0200
  0
VERTEX
  8
84
 10
-5832.2998
 20
1523.5100
  0
VERTEX
  8
84
 10
-5832.3599
 20
1506.0000
  0
VERTEX
  8
84
 10
-5845.9600
 20
1506.0000
  0
VERTEX
  8
84
 10
-5964.0000
 20
1506.1100
  0
VERTEX
  8
84
 10
-6065.0400
 20
1506.4200
  0
VERTEX
  8
84
 10
-6089.8599
 20
1506.2100
  0
VERTEX
  8
84
 10
-6089.3799
 20
1510.8900
  0
VERTEX
  8
84
 10
-6089.0400
 20
1515.5800
  0
VERTEX
  8
84
 10
-6088.8198
 20
1520.5400
  0
VERTEX
  8
84
 10
-6088.7002
 20
1526.0699
  0
VERTEX
  8
84
 10
-6088.7300
 20
1544.2200
  0
VERTEX
  8
84
 10
-6088.6401
 20
1552.8900
  0
VERTEX
  8
84
 10
-6088.4102
 20
1562.5000
  0
VERTEX
  8
84
 10
-6087.2900
 20
1591.6100
  0
VERTEX
  8
84
 10
-6086.3198
 20
1617.0400
  0
VERTEX
  8
84
 10
-6085.5400
 20
1632.1801
  0
VERTEX
  8
84
 10
-6084.8501
 20
1642.1899
  0
VERTEX
  8
84
 10
-6083.9399
 20
1653.1400
  0
VERTEX
  8
84
 10
-6081.1099
 20
1682.2400
  0
VERTEX
  8
84
 10
-6075.8599
 20
1734.7700
  0
VERTEX
  8
84
 10
-6070.6001
 20
1779.5601
  0
VERTEX
  8
84
 10
-6066.7900
 20
1826.0300
  0
VERTEX
  8
84
 10
-6063.6001
 20
1867.5400
  0
VERTEX
  8
84
 10
-5899.6201
 20
1858.7800
  0
VERTEX
  8
84
 10
-5901.3701
 20
1827.7800
  0
VERTEX
  8
84
 10
-5876.1401
 20
1826.0300
  0
VERTEX
  8
84
 10
-5859.4800
 20
1825.0900
  0
VERTEX
  8
84
 10
-5844.9302
 20
1824.4800
  0
VERTEX
  8
84
 10
-5832.3198
 20
1824.1700
  0
VERTEX
  8
84
 10
-5819.7002
 20
1824.0699
  0
SEQEND
  0
POINT
  8
2
 10
-5819.7002
 20
1824.0699
  0
TEXT
  8
1
 10
-5819.7002
 20
1824.0699
 40
3.0000
  1
# 274
  7
STANDARD
  0
POINT
  8
2
 10
-5820.9399
 20
1795.1300
  0
TEXT
  8
1
 10
-5820.9399
 20
1795.1300
 40
3.0000
  1
# 275
  7
STANDARD
  0
POINT
  8
3
 10
-5821.6499
 20
1775.2500
  0
POINT
  8
2
 10
-5821.7598
 20
1772.8800
  0
TEXT
  8
1
 10
-5821.7598
 20
1772.8800
 40
3.0000
  1
# 276
  7
STANDARD
  0
POINT
  8
3
 10
-5824.3301
 20
1717.5699
  0
POINT
  8
3
 10
-5827.6401
 20
1652.6801
  0
POINT
  8
3
 10
-5830.5098
 20
1590.3600
  0
POINT
  8
3
 10
-5832.0601
 20
1541.0200
  0
POINT
  8
2
 10
-5832.3599
 20
1506.0000
  0
TEXT
  8
1
 10
-5832.3599
 20
1506.0000
 40
3.0000
  1
# 277
  7
STANDARD
  0
POINT
  8
3
 10
-5845.9600
 20
1506.0000
  0
POINT
  8
3
 10
-5964.0000
 20
1506.1100
  0
POINT
  8
2
 10
-6065.0400
 20
1506.4200
  0
TEXT
  8
1
 10
-6065.0400
 20
1506.4200
 40
3.0000
  1
# 278
  7
STANDARD
  0
POINT
  8
2
 10
-6089.8599
 20
1506.2100
  0
TEXT
  8
1
 10
-6089.8599
 20
1506.2100
 40
3.0000
  1
# 279
  7
STANDARD
  0
POINT
  8
3
 10
-6089.0400
 20
1515.5800
  0
POINT
  8
3
 10
-6088.7300
 20
1544.2200
  0
POINT
  8
3
 10
-6087.2900
 20
1591.6100
  0
POINT
  8
3
 10
-6085.5400
 20
1632.1801
  0
POINT
  8
3
 10
-6081.1099
 20
1682.2400
  0
POINT
  8
2
 10
-6075.8599
 20
1734.7700
  0
TEXT
  8
1
 10
-6075.8599
 20
1734.7700
 40
3.0000
  1
# 280
  7
STANDARD
  0
POINT
  8
2
 10
-6070.6001
 20
1779.5601
  0
TEXT
  8
1
 10
-6070.6001
 20
1779.5601
 40
3.0000
  1
# 281
  7
STANDARD
  0
POINT
  8
2
 10
-6066.7900
 20
1826.0300
  0
TEXT
  8
1
 10
-6066.7900
 20
1826.0300
 40
3.0000
  1
# 282
  7
STANDARD
  0
POINT
  8
2
 10
-6063.6001
 20
1867.5400
  0
TEXT
  8
1
 10
-6063.6001
 20
1867.5400
 40
3.0000
  1
# 283
  7
STANDARD
  0
POINT
  8
2
 10
-5899.6201
 20
1858.7800
  0
TEXT
  8
1
 10
-5899.6201
 20
1858.7800
 40
3.0000
  1
# 284
  7
STANDARD
  0
POINT
  8
2
 10
-5901.3701
 20
1827.7800
  0
TEXT
  8
1
 10
-5901.3701
 20
1827.7800
 40
3.0000
  1
# 285
  7
STANDARD
  0
POINT
  8
3
 10
-5876.1401
 20
1826.0300
  0
POINT
  8
3
 10
-5844.9302
 20
1824.4800
  0
POINT
  8
4
 10
-5820.9399
 20
1795.1300
 30
5.0000
 50
177.5950
  0
POINT
  8
4
 10
-5821.7598
 20
1772.8800
 30
5.0000
 50
177.5902
  0
POINT
  8
4
 10
-6065.0400
 20
1506.4200
 30
5.0000
 50
90.0000
  0
POINT
  8
4
 10
-6075.8599
 20
1734.7700
 30
5.0000
 50
355.1792
  0
POINT
  8
4
 10
-6070.6001
 20
1779.5601
 30
5.0000
 50
355.1888
  0
POINT
  8
4
 10
-6066.7900
 20
1826.0300
 30
5.0000
 50
355.2935
  0
POLYLINE
  8
14
 66
1
 70
1
  0
VERTEX
  8
14
 10
-5830.1299
 20
1814.1500
  0
VERTEX
  8
14
 10
-5830.9199
 20
1795.5500
  0
VERTEX
  8
14
 10
-5831.6201
 20
1776.0500
  0
VERTEX
  8
14
 10
-5831.7500
 20
1773.3000
  0
VERTEX
  8
14
 10
-5834.2900
 20
1718.5900
  0
VERTEX
  8
14
 10
-5837.6001
 20
1653.7400
  0
VERTEX
  8
14
 10
-5840.4800
 20
1591.1500
  0
VERTEX
  8
14
 10
-5842.0601
 20
1541.4200
  0
VERTEX
  8
14
 10
-5842.3301
 20
1516.0000
  0
VERTEX
  8
14
 10
-5845.9600
 20
1516.0000
  0
VERTEX
  8
14
 10
-5963.9800
 20
1516.1100
  0
VERTEX
  8
14
 10
-6065.0400
 20
1516.4200
  0
VERTEX
  8
14
 10
-6079.0000
 20
1516.3000
  0
VERTEX
  8
14
 10
-6078.7598
 20
1523.1801
  0
VERTEX
  8
14
 10
-6078.7300
 20
1544.1400
  0
VERTEX
  8
14
 10
-6077.2998
 20
1591.2300
  0
VERTEX
  8
14
 10
-6075.5601
 20
1631.5300
  0
VERTEX
  8
14
 10
-6071.1602
 20
1681.2600
  0
VERTEX
  8
14
 10
-6065.8901
 20
1733.9301
  0
VERTEX
  8
14
 10
-6060.6299
 20
1778.7200
  0
VERTEX
  8
14
 10
-6056.8799
 20
1824.4500
  0
VERTEX
  8
14
 10
-6056.8198
 20
1825.2100
  0
VERTEX
  8
14
 10
-6054.3799
 20
1857.0300
  0
VERTEX
  8
14
 10
-5910.1699
 20
1849.3300
  0
VERTEX
  8
14
 10
-5911.8999
 20
1818.4800
  0
VERTEX
  8
14
 10
-5877.3999
 20
1816.0900
  0
VERTEX
  8
14
 10
-5845.0098
 20
1814.4800
  0
VERTEX
  8
14
 10
-5830.1299
 20
1814.1500
  0
SEQEND
  0
POLYLINE
  8
87
 66
1
 70
1
  0
VERTEX
  8
87
 10
-5830.1299
 20
1814.1500
  0
VERTEX
  8
87
 10
-5830.9199
 20
1795.5500
  0
VERTEX
  8
87
 10
-5831.6201
 20
1776.0500
  0
VERTEX
  8
87
 10
-5831.7500
 20
1773.3000
  0
VERTEX
  8
87
 10
-5834.2900
 20
1718.5900
  0
VERTEX
  8
87
 10
-5837.6001
 20
1653.7400
  0
VERTEX
  8
87
 10
-5839.2002
 20
1620.5900
  0
VERTEX
  8
87
 10
-5840.4800
 20
1591.1500
  0
VERTEX
  8
87
 10
-5841.4702
 20
1564.1500
  0
VERTEX
  8
87
 10
-5842.0601
 20
1541.4200
  0
VERTEX
  8
87
 10
-5842.2500
 20
1528.7100
  0
VERTEX
  8
87
 10
-5842.3301
 20
1516.0000
  0
VERTEX
  8
87
 10
-5845.9600
 20
1516.0000
  0
VERTEX
  8
87
 10
-5963.9800
 20
1516.1100
  0
VERTEX
  8
87
 10
-6065.0400
 20
1516.4200
  0
VERTEX
  8
87
 10
-6079.0000
 20
1516.3000
  0
VERTEX
  8
87
 10
-6078.7598
 20
1523.1801
  0
VERTEX
  8
87
 10
-6078.6899
 20
1530.0500
  0
VERTEX
  8
87
 10
-6078.7300
 20
1544.1400
  0
VERTEX
  8
87
 10
-6078.6401
 20
1552.7600
  0
VERTEX
  8
87
 10
-6078.4102
 20
1562.3199
  0
VERTEX
  8
87
 10
-6077.2998
 20
1591.2300
  0
VERTEX
  8
87
 10
-6076.3398
 20
1616.4399
  0
VERTEX
  8
87
 10
-6075.5601
 20
1631.5300
  0
VERTEX
  8
87
 10
-6074.8701
 20
1641.4800
  0
VERTEX
  8
87
 10
-6073.9702
 20
1652.3700
  0
VERTEX
  8
87
 10
-6071.1602
 20
1681.2600
  0
VERTEX
  8
87
 10
-6065.8901
 20
1733.9301
  0
VERTEX
  8
87
 10
-6060.6299
 20
1778.7200
  0
VERTEX
  8
87
 10
-6056.8799
 20
1824.4500
  0
VERTEX
  8
87
 10
-6056.8198
 20
1825.2100
  0
VERTEX
  8
87
 10
-6054.3799
 20
1857.0300
  0
VERTEX
  8
87
 10
-5910.1699
 20
1849.3300
  0
VERTEX
  8
87
 10
-5911.8999
 20
1818.4800
  0
VERTEX
  8
87
 10
-5894.6499
 20
1817.2200
  0
VERTEX
  8
87
 10
-5877.3999
 20
1816.0900
  0
VERTEX
  8
87
 10
-5859.8198
 20
1815.1000
  0
VERTEX
  8
87
 10
-5845.0098
 20
1814.4800
  0
VERTEX
  8
87
 10
-5830.1299
 20
1814.1500
  0
SEQEND
  0
POINT
  8
2
 10
-5830.1299
 20
1814.1500
  0
TEXT
  8
14
 10
-5830.1299
 20
1814.1500
 40
3.0000
  1
# 286
  7
STANDARD
  0
POINT
  8
2
 10
-5830.9199
 20
1795.5500
  0
TEXT
  8
14
 10
-5830.9199
 20
1795.5500
 40
3.0000
  1
# 287
  7
STANDARD
  0
POINT
  8
3
 10
-5831.6201
 20
1776.0500
  0
POINT
  8
2
 10
-5831.7500
 20
1773.3000
  0
TEXT
  8
14
 10
-5831.7500
 20
1773.3000
 40
3.0000
  1
# 288
  7
STANDARD
  0
POINT
  8
3
 10
-5834.2900
 20
1718.5900
  0
POINT
  8
3
 10
-5837.6001
 20
1653.7400
  0
POINT
  8
3
 10
-5840.4800
 20
1591.1500
  0
POINT
  8
3
 10
-5842.0601
 20
1541.4200
  0
POINT
  8
2
 10
-5842.3301
 20
1516.0000
  0
TEXT
  8
14
 10
-5842.3301
 20
1516.0000
 40
3.0000
  1
# 289
  7
STANDARD
  0
POINT
  8
3
 10
-5845.9600
 20
1516.0000
  0
POINT
  8
3
 10
-5963.9800
 20
1516.1100
  0
POINT
  8
2
 10
-6065.0400
 20
1516.4200
  0
TEXT
  8
14
 10
-6065.0400
 20
1516.4200
 40
3.0000
  1
# 290
  7
STANDARD
  0
POINT
  8
2
 10
-6079.0000
 20
1516.3000
  0
TEXT
  8
14
 10
-6079.0000
 20
1516.3000
 40
3.0000
  1
# 291
  7
STANDARD
  0
POINT
  8
3
 10
-6078.7598
 20
1523.1801
  0
POINT
  8
3
 10
-6078.7300
 20
1544.1400
  0
POINT
  8
3
 10
-6077.2998
 20
1591.2300
  0
POINT
  8
3
 10
-6075.5601
 20
1631.5300
  0
POINT
  8
3
 10
-6071.1602
 20
1681.2600
  0
POINT
  8
2
 10
-6065.8901
 20
1733.9301
  0
TEXT
  8
14
 10
-6065.8901
 20
1733.9301
 40
3.0000
  1
# 292
  7
STANDARD
  0
POINT
  8
2
 10
-6060.6299
 20
1778.7200
  0
TEXT
  8
14
 10
-6060.6299
 20
1778.7200
 40
3.0000
  1
# 293
  7
STANDARD
  0
POINT
  8
2
 10
-6056.8799
 20
1824.4500
  0
TEXT
  8
14
 10
-6056.8799
 20
1824.4500
 40
3.0000
  1
# 294
  7
STANDARD
  0
POINT
  8
2
 10
-6056.8198
 20
1825.2100
  0
TEXT
  8
14
 10
-6056.8198
 20
1825.2100
 40
3.0000
  1
# 295
  7
STANDARD
  0
POINT
  8
2
 10
-6054.3799
 20
1857.0300
  0
TEXT
  8
14
 10
-6054.3799
 20
1857.0300
 40
3.0000
  1
# 296
  7
STANDARD
  0
POINT
  8
2
 10
-5910.1699
 20
1849.3300
  0
TEXT
  8
14
 10
-5910.1699
 20
1849.3300
 40
3.0000
  1
# 297
  7
STANDARD
  0
POINT
  8
2
 10
-5911.8999
 20
1818.4800
  0
TEXT
  8
14
 10
-5911.8999
 20
1818.4800
 40
3.0000
  1
# 298
  7
STANDARD
  0
POINT
  8
3
 10
-5877.3999
 20
1816.0900
  0
POINT
  8
3
 10
-5845.0098
 20
1814.4800
  0
POINT
  8
4
 10
-5830.9199
 20
1795.5500
 30
5.0000
 50
177.5950
  0
POINT
  8
4
 10
-5831.7500
 20
1773.3000
 30
5.0000
 50
177.5902
  0
POINT
  8
4
 10
-6065.0400
 20
1516.4200
 30
5.0000
 50
90.0000
  0
POINT
  8
4
 10
-6065.8901
 20
1733.9301
 30
5.0000
 50
355.1792
  0
POINT
  8
4
 10
-6060.6299
 20
1778.7200
 30
5.0000
 50
355.1888
  0
POINT
  8
4
 10
-6056.8198
 20
1825.2100
 30
5.0000
 50
355.2935
  0
LINE
  8
7
 10
-6029.7500
 20
1686.7600
 11
-5876.8901
 21
1686.7600
  0
LINE
  8
5
 10
-6029.7500
 20
1686.7600
 11
-5876.8901
 21
1686.7600
  0
POINT
  8
2
 10
-6029.7500
 20
1686.7600
  0
TEXT
  8
7
 10
-6029.7500
 20
1686.7600
 40
3.0000
  1
# 299
  7
STANDARD
  0
POINT
  8
2
 10
-5876.8901
 20
1686.7600
  0
TEXT
  8
7
 10
-5876.8901
 20
1686.7600
 40
3.0000
  1
# 300
  7
STANDARD
  0
POLYLINE
  8
8
 66
1
 70
0
  0
VERTEX
  8
8
 10
-5841.1201
 20
1579.2500
  0
VERTEX
  8
8
 10
-5914.3501
 20
1580.4700
  0
VERTEX
  8
8
 10
-5909.4102
 20
1756.4000
  0
VERTEX
  8
8
 10
-5832.8799
 20
1754.4399
  0
SEQEND
  0
POLYLINE
  8
85
 66
1
 70
0
  0
VERTEX
  8
85
 10
-5841.1201
 20
1579.2500
  0
VERTEX
  8
85
 10
-5914.3501
 20
1580.4700
  0
VERTEX
  8
85
 10
-5909.4102
 20
1756.4000
  0
VERTEX
  8
85
 10
-5832.8799
 20
1754.4399
  0
SEQEND
  0
POINT
  8
2
 10
-5841.1201
 20
1579.2500
  0
TEXT
  8
8
 10
-5841.1201
 20
1579.2500
 40
3.0000
  1
# 301
  7
STANDARD
  0
POINT
  8
2
 10
-5914.3501
 20
1580.4700
  0
TEXT
  8
8
 10
-5914.3501
 20
1580.4700
 40
3.0000
  1
# 302
  7
STANDARD
  0
POINT
  8
2
 10
-5909.4102
 20
1756.4000
  0
TEXT
  8
8
 10
-5909.4102
 20
1756.4000
 40
3.0000
  1
# 303
  7
STANDARD
  0
POINT
  8
2
 10
-5832.8799
 20
1754.4399
  0
TEXT
  8
8
 10
-5832.8799
 20
1754.4399
 40
3.0000
  1
# 304
  7
STANDARD
  0
POLYLINE
  8
8
 66
1
 70
1
  0
VERTEX
  8
8
 10
-5867.6899
 20
1582.7400
  0
VERTEX
  8
8
 10
-5862.2300
 20
1752.7900
  0
VERTEX
  8
8
 10
-6033.0098
 20
1757.1200
  0
VERTEX
  8
8
 10
-6037.7500
 20
1583.0500
  0
VERTEX
  8
8
 10
-5867.6899
 20
1582.7400
  0
SEQEND
  0
POLYLINE
  8
85
 66
1
 70
1
  0
VERTEX
  8
85
 10
-5867.6899
 20
1582.7400
  0
VERTEX
  8
85
 10
-5862.2300
 20
1752.7900
  0
VERTEX
  8
85
 10
-6033.0098
 20
1757.1200
  0
VERTEX
  8
85
 10
-6037.7500
 20
1583.0500
  0
VERTEX
  8
85
 10
-5867.6899
 20
1582.7400
  0
SEQEND
  0
POINT
  8
2
 10
-5867.6899
 20
1582.7400
  0
TEXT
  8
8
 10
-5867.6899
 20
1582.7400
 40
3.0000
  1
# 305
  7
STANDARD
  0
POINT
  8
2
 10
-5862.2300
 20
1752.7900
  0
TEXT
  8
8
 10
-5862.2300
 20
1752.7900
 40
3.0000
  1
# 306
  7
STANDARD
  0
POINT
  8
2
 10
-6033.0098
 20
1757.1200
  0
TEXT
  8
8
 10
-6033.0098
 20
1757.1200
 40
3.0000
  1
# 307
  7
STANDARD
  0
POINT
  8
2
 10
-6037.7500
 20
1583.0500
  0
TEXT
  8
8
 10
-6037.7500
 20
1583.0500
 40
3.0000
  1
# 308
  7
STANDARD
  0
POLYLINE
  8
8
 66
1
 70
0
  0
VERTEX
  8
8
 10
-5912.9102
 20
1818.2000
  0
VERTEX
  8
8
 10
-6049.4902
 20
1825.2000
  0
SEQEND
  0
POLYLINE
  8
85
 66
1
 70
0
  0
VERTEX
  8
85
 10
-5912.9102
 20
1818.2000
  0
VERTEX
  8
85
 10
-6049.4902
 20
1825.2000
  0
SEQEND
  0
POINT
  8
2
 10
-5912.9102
 20
1818.2000
  0
TEXT
  8
8
 10
-5912.9102
 20
1818.2000
 40
3.0000
  1
# 309
  7
STANDARD
  0
POINT
  8
2
 10
-6049.4902
 20
1825.2000
  0
TEXT
  8
8
 10
-6049.4902
 20
1825.2000
 40
3.0000
  1
# 310
  7
STANDARD
  0
POINT
  8
13
 10
-5871.3999
 20
1585.5200
 30
10.0000
  0
TEXT
  8
13
 10
-5871.3999
 20
1585.5200
 40
3.0000
  1
# 311
  7
STANDARD
  0
POINT
  8
13
 10
-5864.9102
 20
1750.4200
 30
10.0000
  0
TEXT
  8
13
 10
-5864.9102
 20
1750.4200
 40
3.0000
  1
# 312
  7
STANDARD
  0
POINT
  8
13
 10
-6034.9702
 20
1585.2100
 30
10.0000
  0
TEXT
  8
13
 10
-6034.9702
 20
1585.2100
 40
3.0000
  1
# 313
  7
STANDARD
  0
POINT
  8
13
 10
-6030.9502
 20
1755.3700
 30
10.0000
  0
TEXT
  8
13
 10
-6030.9502
 20
1755.3700
 40
3.0000
  1
# 314
  7
STANDARD
  0
TEXT
  8
15
 10
-5861.2002
 20
1682.1300
 40
4.26
  50
270.0000
  1
POCKET
  7
STANDARD
  0
TEXT
  8
15
 10
-5977.7002
 20
1820.7700
 40
9.5
  50
0.0000
  1
VENT
  7
STANDARD
  0
TEXT
  8
15
 10
-5914.4600
 20
1518.4700
 40
11.33
  50
180.0000
  1
FRONT CENTER ZIP
  7
STANDARD
  0
ENDBLK
  0
BLOCK
  8
0
  2
Right Front Top_5012
 70
64
 10
0.0000
 20
0.0000
  0
TEXT
  8
1
 10
-5510.1699
 20
1671.2700
 40
3.0000
 50
0.0000
  1
Piece Name: Right Front Top
  7
STANDARD
  0
TEXT
  8
1
 10
-5510.1699
 20
1675.2700
 40
3.0000
 50
0.0000
  1
SAMPLE SIZE:50
  7
STANDARD
  0
TEXT
  8
1
 10
-5510.1699
 20
1679.2700
 40
3.0000
 50
0.0000
  1
ANNOTATION: Cut 1
  7
STANDARD
  0
TEXT
  8
1
 10
-5510.1699
 20
1683.2700
 40
3.0000
 50
0.0000
  1
MATERIAL: Leather
  7
STANDARD
  0
TEXT
  8
1
 10
-5510.1699
 20
1687.2700
 40
3.0000
 50
0.0000
  1
QUANTITY: 1
  7
STANDARD
  0
POLYLINE
  8
1
 66
1
 70
1
  0
VERTEX
  8
1
 10
-5774.9702
 20
1510.6899
  0
VERTEX
  8
1
 10
-5774.7202
 20
1546.0200
  0
VERTEX
  8
1
 10
-5773.1802
 20
1595.8199
  0
VERTEX
  8
1
 10
-5770.2900
 20
1658.2800
  0
VERTEX
  8
1
 10
-5767.0000
 20
1723.1500
  0
VERTEX
  8
1
 10
-5764.4199
 20
1778.3900
  0
VERTEX
  8
1
 10
-5764.3101
 20
1780.7000
  0
VERTEX
  8
1
 10
-5763.5898
 20
1800.6100
  0
VERTEX
  8
1
 10
-5762.3599
 20
1829.0200
  0
VERTEX
  8
1
 10
-5726.4502
 20
1828.8500
  0
VERTEX
  8
1
 10
-5675.4302
 20
1829.7900
  0
VERTEX
  8
1
 10
-5615.6499
 20
1831.1200
  0
VERTEX
  8
1
 10
-5551.3999
 20
1832.2400
  0
VERTEX
  8
1
 10
-5555.0601
 20
1818.3600
  0
VERTEX
  8
1
 10
-5555.3501
 20
1817.2500
  0
VERTEX
  8
1
 10
-5557.0801
 20
1806.5800
  0
VERTEX
  8
1
 10
-5557.7100
 20
1794.2200
  0
VERTEX
  8
1
 10
-5557.1001
 20
1779.7400
  0
VERTEX
  8
1
 10
-5555.9502
 20
1773.4600
  0
VERTEX
  8
1
 10
-5553.0698
 20
1766.5601
  0
VERTEX
  8
1
 10
-5548.0498
 20
1760.2900
  0
VERTEX
  8
1
 10
-5541.3901
 20
1754.1100
  0
VERTEX
  8
1
 10
-5532.4902
 20
1748.6801
  0
VERTEX
  8
1
 10
-5521.3799
 20
1745.0699
  0
VERTEX
  8
1
 10
-5508.3101
 20
1742.6500
  0
VERTEX
  8
1
 10
-5494.2402
 20
1741.5100
  0
VERTEX
  8
1
 10
-5477.9399
 20
1741.4200
  0
VERTEX
  8
1
 10
-5473.5698
 20
1741.5900
  0
VERTEX
  8
1
 10
-5466.1802
 20
1741.8300
  0
VERTEX
  8
1
 10
-5458.3301
 20
1742.7500
  0
VERTEX
  8
1
 10
-5447.1201
 20
1744.2900
  0
VERTEX
  8
1
 10
-5431.7998
 20
1747.6200
  0
VERTEX
  8
1
 10
-5414.5801
 20
1752.1500
  0
VERTEX
  8
1
 10
-5402.7900
 20
1755.6400
  0
VERTEX
  8
1
 10
-5392.5698
 20
1758.7200
  0
VERTEX
  8
1
 10
-5382.5000
 20
1762.1300
  0
VERTEX
  8
1
 10
-5368.9600
 20
1767.5300
  0
VERTEX
  8
1
 10
-5355.2002
 20
1773.8900
  0
VERTEX
  8
1
 10
-5336.2500
 20
1782.9000
  0
VERTEX
  8
1
 10
-5323.4902
 20
1758.7300
  0
VERTEX
  8
1
 10
-5302.2598
 20
1719.6700
  0
VERTEX
  8
1
 10
-5274.3901
 20
1668.8101
  0
VERTEX
  8
1
 10
-5245.3901
 20
1615.4900
  0
VERTEX
  8
1
 10
-5262.4102
 20
1611.8300
  0
VERTEX
  8
1
 10
-5273.4502
 20
1608.5900
  0
VERTEX
  8
1
 10
-5287.7500
 20
1602.4000
  0
VERTEX
  8
1
 10
-5301.7202
 20
1594.4399
  0
VERTEX
  8
1
 10
-5314.3799
 20
1585.4100
  0
VERTEX
  8
1
 10
-5325.8501
 20
1574.9600
  0
VERTEX
  8
1
 10
-5335.0200
 20
1563.3199
  0
VERTEX
  8
1
 10
-5341.8398
 20
1549.9399
  0
VERTEX
  8
1
 10
-5346.2100
 20
1535.2800
  0
VERTEX
  8
1
 10
-5348.0898
 20
1523.9000
  0
VERTEX
  8
1
 10
-5349.3198
 20
1510.8900
  0
VERTEX
  8
1
 10
-5428.6602
 20
1510.3900
  0
VERTEX
  8
1
 10
-5526.4902
 20
1510.3900
  0
VERTEX
  8
1
 10
-5643.5000
 20
1510.6899
  0
VERTEX
  8
1
 10
-5774.9702
 20
1510.6899
  0
SEQEND
  0
POLYLINE
  8
84
 66
1
 70
1
  0
VERTEX
  8
84
 10
-5774.9702
 20
1510.6899
  0
VERTEX
  8
84
 10
-5774.9399
 20
1528.3600
  0
VERTEX
  8
84
 10
-5774.7202
 20
1546.0200
  0
VERTEX
  8
84
 10
-5774.1401
 20
1569.1400
  0
VERTEX
  8
84
 10
-5773.1802
 20
1595.8199
  0
VERTEX
  8
84
 10
-5771.9502
 20
1624.1500
  0
VERTEX
  8
84
 10
-5770.2900
 20
1658.2800
  0
VERTEX
  8
84
 10
-5767.0000
 20
1723.1500
  0
VERTEX
  8
84
 10
-5764.4199
 20
1778.3900
  0
VERTEX
  8
84
 10
-5764.3101
 20
1780.7000
  0
VERTEX
  8
84
 10
-5763.8999
 20
1790.6500
  0
VERTEX
  8
84
 10
-5763.5898
 20
1800.6100
  0
VERTEX
  8
84
 10
-5762.3599
 20
1829.0200
  0
VERTEX
  8
84
 10
-5744.3999
 20
1828.8300
  0
VERTEX
  8
84
 10
-5726.4502
 20
1828.8500
  0
VERTEX
  8
84
 10
-5705.1699
 20
1829.1300
  0
VERTEX
  8
84
 10
-5675.4302
 20
1829.7900
  0
VERTEX
  8
84
 10
-5615.6499
 20
1831.1200
  0
VERTEX
  8
84
 10
-5551.3999
 20
1832.2400
  0
VERTEX
  8
84
 10
-5555.0601
 20
1818.3600
  0
VERTEX
  8
84
 10
-5555.3501
 20
1817.2500
  0
VERTEX
  8
84
 10
-5555.8901
 20
1814.8800
  0
VERTEX
  8
84
 10
-5556.3501
 20
1812.3500
  0
VERTEX
  8
84
 10
-5557.0801
 20
1806.5800
  0
VERTEX
  8
84
 10
-5557.5298
 20
1800.4700
  0
VERTEX
  8
84
 10
-5557.7100
 20
1794.2200
  0
VERTEX
  8
84
 10
-5557.5801
 20
1786.9800
  0
VERTEX
  8
84
 10
-5557.1001
 20
1779.7400
  0
VERTEX
  8
84
 10
-5556.6699
 20
1776.5699
  0
VERTEX
  8
84
 10
-5555.9502
 20
1773.4600
  0
VERTEX
  8
84
 10
-5555.3599
 20
1771.5601
  0
VERTEX
  8
84
 10
-5554.6802
 20
1769.7700
  0
VERTEX
  8
84
 10
-5553.9199
 20
1768.1100
  0
VERTEX
  8
84
 10
-5553.0698
 20
1766.5601
  0
VERTEX
  8
84
 10
-5552.1201
 20
1765.1100
  0
VERTEX
  8
84
 10
-5551.0000
 20
1763.6300
  0
VERTEX
  8
84
 10
-5548.0498
 20
1760.2900
  0
VERTEX
  8
84
 10
-5544.6099
 20
1756.8700
  0
VERTEX
  8
84
 10
-5541.3901
 20
1754.1100
  0
VERTEX
  8
84
 10
-5539.2598
 20
1752.5400
  0
VERTEX
  8
84
 10
-5537.0601
 20
1751.1000
  0
VERTEX
  8
84
 10
-5534.7998
 20
1749.8101
  0
VERTEX
  8
84
 10
-5532.4902
 20
1748.6801
  0
VERTEX
  8
84
 10
-5530.1001
 20
1747.6801
  0
VERTEX
  8
84
 10
-5527.5000
 20
1746.7600
  0
VERTEX
  8
84
 10
-5524.6401
 20
1745.9100
  0
VERTEX
  8
84
 10
-5521.3799
 20
1745.0699
  0
VERTEX
  8
84
 10
-5514.8599
 20
1743.6801
  0
VERTEX
  8
84
 10
-5508.3101
 20
1742.6500
  0
VERTEX
  8
84
 10
-5501.6401
 20
1741.9500
  0
VERTEX
  8
84
 10
-5494.2402
 20
1741.5100
  0
VERTEX
  8
84
 10
-5486.0898
 20
1741.3199
  0
VERTEX
  8
84
 10
-5477.9399
 20
1741.4200
  0
VERTEX
  8
84
 10
-5473.5698
 20
1741.5900
  0
VERTEX
  8
84
 10
-5466.1802
 20
1741.8300
  0
VERTEX
  8
84
 10
-5462.2500
 20
1742.1801
  0
VERTEX
  8
84
 10
-5458.3301
 20
1742.7500
  0
VERTEX
  8
84
 10
-5452.7100
 20
1743.4100
  0
VERTEX
  8
84
 10
-5447.1201
 20
1744.2900
  0
VERTEX
  8
84
 10
-5440.2002
 20
1745.6600
  0
VERTEX
  8
84
 10
-5431.7998
 20
1747.6200
  0
VERTEX
  8
84
 10
-5422.8398
 20
1749.8900
  0
VERTEX
  8
84
 10
-5414.5801
 20
1752.1500
  0
VERTEX
  8
84
 10
-5402.7900
 20
1755.6400
  0
VERTEX
  8
84
 10
-5392.5698
 20
1758.7200
  0
VERTEX
  8
84
 10
-5387.5200
 20
1760.3700
  0
VERTEX
  8
84
 10
-5382.5000
 20
1762.1300
  0
VERTEX
  8
84
 10
-5375.6602
 20
1764.7400
  0
VERTEX
  8
84
 10
-5368.9600
 20
1767.5300
  0
VERTEX
  8
84
 10
-5363.1201
 20
1770.1600
  0
VERTEX
  8
84
 10
-5355.2002
 20
1773.8900
  0
VERTEX
  8
84
 10
-5336.2500
 20
1782.9000
  0
VERTEX
  8
84
 10
-5323.4902
 20
1758.7300
  0
VERTEX
  8
84
 10
-5314.3799
 20
1741.8400
  0
VERTEX
  8
84
 10
-5302.2598
 20
1719.6700
  0
VERTEX
  8
84
 10
-5274.3901
 20
1668.8101
  0
VERTEX
  8
84
 10
-5245.3901
 20
1615.4900
  0
VERTEX
  8
84
 10
-5253.9302
 20
1613.8199
  0
VERTEX
  8
84
 10
-5262.4102
 20
1611.8300
  0
VERTEX
  8
84
 10
-5268.3701
 20
1610.2100
  0
VERTEX
  8
84
 10
-5273.4502
 20
1608.5900
  0
VERTEX
  8
84
 10
-5276.8599
 20
1607.3300
  0
VERTEX
  8
84
 10
-5280.3599
 20
1605.8800
  0
VERTEX
  8
84
 10
-5283.9702
 20
1604.2500
  0
VERTEX
  8
84
 10
-5287.7500
 20
1602.4000
  0
VERTEX
  8
84
 10
-5294.8599
 20
1598.5800
  0
VERTEX
  8
84
 10
-5298.3198
 20
1596.5500
  0
VERTEX
  8
84
 10
-5301.7202
 20
1594.4399
  0
VERTEX
  8
84
 10
-5305.0200
 20
1592.2700
  0
VERTEX
  8
84
 10
-5308.2300
 20
1590.0400
  0
VERTEX
  8
84
 10
-5311.3501
 20
1587.7600
  0
VERTEX
  8
84
 10
-5314.3799
 20
1585.4100
  0
VERTEX
  8
84
 10
-5317.5498
 20
1582.8000
  0
VERTEX
  8
84
 10
-5320.5000
 20
1580.2000
  0
VERTEX
  8
84
 10
-5323.2700
 20
1577.5900
  0
VERTEX
  8
84
 10
-5325.8501
 20
1574.9600
  0
VERTEX
  8
84
 10
-5328.4102
 20
1572.1300
  0
VERTEX
  8
84
 10
-5330.7900
 20
1569.2400
  0
VERTEX
  8
84
 10
-5333.0000
 20
1566.3000
  0
VERTEX
  8
84
 10
-5335.0200
 20
1563.3199
  0
VERTEX
  8
84
 10
-5336.9399
 20
1560.1600
  0
VERTEX
  8
84
 10
-5338.7202
 20
1556.8700
  0
VERTEX
  8
84
 10
-5340.3501
 20
1553.4600
  0
VERTEX
  8
84
 10
-5341.8398
 20
1549.9399
  0
VERTEX
  8
84
 10
-5343.1299
 20
1546.4500
  0
VERTEX
  8
84
 10
-5344.2900
 20
1542.8500
  0
VERTEX
  8
84
 10
-5345.3101
 20
1539.1200
  0
VERTEX
  8
84
 10
-5346.2100
 20
1535.2800
  0
VERTEX
  8
84
 10
-5347.2202
 20
1529.9100
  0
VERTEX
  8
84
 10
-5348.0898
 20
1523.9000
  0
VERTEX
  8
84
 10
-5348.8101
 20
1517.4100
  0
VERTEX
  8
84
 10
-5349.3198
 20
1510.8900
  0
VERTEX
  8
84
 10
-5388.9902
 20
1510.5800
  0
VERTEX
  8
84
 10
-5428.6602
 20
1510.3900
  0
VERTEX
  8
84
 10
-5473.3701
 20
1510.3300
  0
VERTEX
  8
84
 10
-5526.4902
 20
1510.3900
  0
VERTEX
  8
84
 10
-5643.5000
 20
1510.6899
  0
VERTEX
  8
84
 10
-5709.2300
 20
1510.7500
  0
VERTEX
  8
84
 10
-5774.9702
 20
1510.6899
  0
SEQEND
  0
POINT
  8
2
 10
-5774.9702
 20
1510.6899
  0
TEXT
  8
1
 10
-5774.9702
 20
1510.6899
 40
3.0000
  1
# 315
  7
STANDARD
  0
POINT
  8
3
 10
-5774.7202
 20
1546.0200
  0
POINT
  8
3
 10
-5773.1802
 20
1595.8199
  0
POINT
  8
3
 10
-5770.2900
 20
1658.2800
  0
POINT
  8
3
 10
-5767.0000
 20
1723.1500
  0
POINT
  8
2
 10
-5764.4199
 20
1778.3900
  0
TEXT
  8
1
 10
-5764.4199
 20
1778.3900
 40
3.0000
  1
# 316
  7
STANDARD
  0
POINT
  8
3
 10
-5764.3101
 20
1780.7000
  0
POINT
  8
2
 10
-5763.5898
 20
1800.6100
  0
TEXT
  8
1
 10
-5763.5898
 20
1800.6100
 40
3.0000
  1
# 317
  7
STANDARD
  0
POINT
  8
2
 10
-5762.3599
 20
1829.0200
  0
TEXT
  8
1
 10
-5762.3599
 20
1829.0200
 40
3.0000
  1
# 318
  7
STANDARD
  0
POINT
  8
3
 10
-5726.4502
 20
1828.8500
  0
POINT
  8
3
 10
-5675.4302
 20
1829.7900
  0
POINT
  8
3
 10
-5615.6499
 20
1831.1200
  0
POINT
  8
2
 10
-5551.3999
 20
1832.2400
  0
TEXT
  8
1
 10
-5551.3999
 20
1832.2400
 40
3.0000
  1
# 319
  7
STANDARD
  0
POINT
  8
3
 10
-5555.0601
 20
1818.3600
  0
POINT
  8
3
 10
-5555.3501
 20
1817.2500
  0
POINT
  8
3
 10
-5557.0801
 20
1806.5800
  0
POINT
  8
3
 10
-5557.7100
 20
1794.2200
  0
POINT
  8
2
 10
-5557.1001
 20
1779.7400
  0
TEXT
  8
1
 10
-5557.1001
 20
1779.7400
 40
3.0000
  1
# 320
  7
STANDARD
  0
POINT
  8
3
 10
-5555.9502
 20
1773.4600
  0
POINT
  8
3
 10
-5553.0698
 20
1766.5601
  0
POINT
  8
3
 10
-5548.0498
 20
1760.2900
  0
POINT
  8
3
 10
-5541.3901
 20
1754.1100
  0
POINT
  8
3
 10
-5532.4902
 20
1748.6801
  0
POINT
  8
3
 10
-5521.3799
 20
1745.0699
  0
POINT
  8
3
 10
-5508.3101
 20
1742.6500
  0
POINT
  8
3
 10
-5494.2402
 20
1741.5100
  0
POINT
  8
2
 10
-5477.9399
 20
1741.4200
  0
TEXT
  8
1
 10
-5477.9399
 20
1741.4200
 40
3.0000
  1
# 321
  7
STANDARD
  0
POINT
  8
3
 10
-5473.5698
 20
1741.5900
  0
POINT
  8
3
 10
-5466.1802
 20
1741.8300
  0
POINT
  8
2
 10
-5458.3301
 20
1742.7500
  0
TEXT
  8
1
 10
-5458.3301
 20
1742.7500
 40
3.0000
  1
# 322
  7
STANDARD
  0
POINT
  8
3
 10
-5447.1201
 20
1744.2900
  0
POINT
  8
3
 10
-5431.7998
 20
1747.6200
  0
POINT
  8
3
 10
-5414.5801
 20
1752.1500
  0
POINT
  8
3
 10
-5402.7900
 20
1755.6400
  0
POINT
  8
2
 10
-5392.5698
 20
1758.7200
  0
TEXT
  8
1
 10
-5392.5698
 20
1758.7200
 40
3.0000
  1
# 323
  7
STANDARD
  0
POINT
  8
3
 10
-5382.5000
 20
1762.1300
  0
POINT
  8
3
 10
-5368.9600
 20
1767.5300
  0
POINT
  8
3
 10
-5355.2002
 20
1773.8900
  0
POINT
  8
2
 10
-5336.2500
 20
1782.9000
  0
TEXT
  8
1
 10
-5336.2500
 20
1782.9000
 40
3.0000
  1
# 324
  7
STANDARD
  0
POINT
  8
3
 10
-5323.4902
 20
1758.7300
  0
POINT
  8
3
 10
-5302.2598
 20
1719.6700
  0
POINT
  8
3
 10
-5274.3901
 20
1668.8101
  0
POINT
  8
2
 10
-5245.3901
 20
1615.4900
  0
TEXT
  8
1
 10
-5245.3901
 20
1615.4900
 40
3.0000
  1
# 325
  7
STANDARD
  0
POINT
  8
3
 10
-5262.4102
 20
1611.8300
  0
POINT
  8
3
 10
-5273.4502
 20
1608.5900
  0
POINT
  8
3
 10
-5287.7500
 20
1602.4000
  0
POINT
  8
3
 10
-5301.7202
 20
1594.4399
  0
POINT
  8
3
 10
-5314.3799
 20
1585.4100
  0
POINT
  8
3
 10
-5325.8501
 20
1574.9600
  0
POINT
  8
3
 10
-5335.0200
 20
1563.3199
  0
POINT
  8
3
 10
-5341.8398
 20
1549.9399
  0
POINT
  8
3
 10
-5346.2100
 20
1535.2800
  0
POINT
  8
3
 10
-5348.0898
 20
1523.9000
  0
POINT
  8
2
 10
-5349.3198
 20
1510.8900
  0
TEXT
  8
1
 10
-5349.3198
 20
1510.8900
 40
3.0000
  1
# 326
  7
STANDARD
  0
POINT
  8
3
 10
-5428.6602
 20
1510.3900
  0
POINT
  8
3
 10
-5526.4902
 20
1510.3900
  0
POINT
  8
3
 10
-5643.5000
 20
1510.6899
  0
POINT
  8
4
 10
-5764.4199
 20
1778.3900
 30
5.0000
 50
357.7048
  0
POINT
  8
4
 10
-5763.5898
 20
1800.6100
 30
5.0000
 50
357.2464
  0
POINT
  8
4
 10
-5557.1001
 20
1779.7400
 30
5.0000
 50
188.9726
  0
POINT
  8
4
 10
-5477.9399
 20
1741.4200
 30
5.0000
 50
268.5106
  0
POINT
  8
4
 10
-5458.3301
 20
1742.7500
 30
5.0000
 50
275.1633
  0
POINT
  8
4
 10
-5392.5698
 20
1758.7200
 30
5.0000
 50
286.8750
  0
POLYLINE
  8
14
 66
1
 70
1
  0
VERTEX
  8
14
 10
-5764.9302
 20
1520.7000
  0
VERTEX
  8
14
 10
-5764.7202
 20
1545.6500
  0
VERTEX
  8
14
 10
-5763.2100
 20
1595.0000
  0
VERTEX
  8
14
 10
-5760.3301
 20
1657.1300
  0
VERTEX
  8
14
 10
-5757.0298
 20
1722.1899
  0
VERTEX
  8
14
 10
-5754.4302
 20
1777.9900
  0
VERTEX
  8
14
 10
-5754.3398
 20
1779.8800
  0
VERTEX
  8
14
 10
-5753.6001
 20
1800.1300
  0
VERTEX
  8
14
 10
-5752.7900
 20
1818.9399
  0
VERTEX
  8
14
 10
-5726.3799
 20
1818.8500
  0
VERTEX
  8
14
 10
-5675.2100
 20
1819.7900
  0
VERTEX
  8
14
 10
-5615.2798
 20
1821.1200
  0
VERTEX
  8
14
 10
-5564.4399
 20
1822.0100
  0
VERTEX
  8
14
 10
-5564.7300
 20
1820.9100
  0
VERTEX
  8
14
 10
-5565.0801
 20
1819.5500
  0
VERTEX
  8
14
 10
-5567.0298
 20
1807.6100
  0
VERTEX
  8
14
 10
-5567.7100
 20
1794.3300
  0
VERTEX
  8
14
 10
-5567.0098
 20
1778.1801
  0
VERTEX
  8
14
 10
-5565.6099
 20
1770.8199
  0
VERTEX
  8
14
 10
-5561.6802
 20
1761.4500
  0
VERTEX
  8
14
 10
-5555.3101
 20
1753.4100
  0
VERTEX
  8
14
 10
-5547.4502
 20
1746.1500
  0
VERTEX
  8
14
 10
-5536.7598
 20
1739.6300
  0
VERTEX
  8
14
 10
-5523.8501
 20
1735.3800
  0
VERTEX
  8
14
 10
-5509.5000
 20
1732.7200
  0
VERTEX
  8
14
 10
-5494.5298
 20
1731.5100
  0
VERTEX
  8
14
 10
-5478.2002
 20
1731.4100
  0
VERTEX
  8
14
 10
-5473.2202
 20
1731.6000
  0
VERTEX
  8
14
 10
-5465.7402
 20
1731.8300
  0
VERTEX
  8
14
 10
-5457.4302
 20
1732.7800
  0
VERTEX
  8
14
 10
-5445.3901
 20
1734.4399
  0
VERTEX
  8
14
 10
-5429.7500
 20
1737.8300
  0
VERTEX
  8
14
 10
-5411.8599
 20
1742.5300
  0
VERTEX
  8
14
 10
-5399.9302
 20
1746.0601
  0
VERTEX
  8
14
 10
-5389.6699
 20
1749.1500
  0
VERTEX
  8
14
 10
-5379.0000
 20
1752.7600
  0
VERTEX
  8
14
 10
-5364.8999
 20
1758.3900
  0
VERTEX
  8
14
 10
-5349.8799
 20
1765.3400
  0
VERTEX
  8
14
 10
-5340.6099
 20
1769.7500
  0
VERTEX
  8
14
 10
-5332.1802
 20
1753.7800
  0
VERTEX
  8
14
 10
-5311.0298
 20
1714.8700
  0
VERTEX
  8
14
 10
-5283.1699
 20
1664.0200
  0
VERTEX
  8
14
 10
-5260.5698
 20
1622.4600
  0
VERTEX
  8
14
 10
-5276.8198
 20
1618.0000
  0
VERTEX
  8
14
 10
-5292.2798
 20
1611.3199
  0
VERTEX
  8
14
 10
-5306.9199
 20
1602.9800
  0
VERTEX
  8
14
 10
-5320.6499
 20
1593.2000
  0
VERTEX
  8
14
 10
-5333.1001
 20
1581.8500
  0
VERTEX
  8
14
 10
-5343.5000
 20
1568.6200
  0
VERTEX
  8
14
 10
-5351.1401
 20
1553.6100
  0
VERTEX
  8
14
 10
-5355.9600
 20
1537.4800
  0
VERTEX
  8
14
 10
-5358.4199
 20
1520.8199
  0
VERTEX
  8
14
 10
-5428.7300
 20
1520.3900
  0
VERTEX
  8
14
 10
-5526.4702
 20
1520.3900
  0
VERTEX
  8
14
 10
-5643.4800
 20
1520.6899
  0
VERTEX
  8
14
 10
-5764.9302
 20
1520.7000
  0
SEQEND
  0
POLYLINE
  8
87
 66
1
 70
1
  0
VERTEX
  8
87
 10
-5764.9302
 20
1520.7000
  0
VERTEX
  8
87
 10
-5764.8799
 20
1533.1801
  0
VERTEX
  8
87
 10
-5764.7202
 20
1545.6500
  0
VERTEX
  8
87
 10
-5764.1699
 20
1568.4301
  0
VERTEX
  8
87
 10
-5763.2100
 20
1595.0000
  0
VERTEX
  8
87
 10
-5761.9800
 20
1623.1400
  0
VERTEX
  8
87
 10
-5760.3301
 20
1657.1300
  0
VERTEX
  8
87
 10
-5757.0298
 20
1722.1899
  0
VERTEX
  8
87
 10
-5754.4302
 20
1777.9900
  0
VERTEX
  8
87
 10
-5754.3398
 20
1779.8800
  0
VERTEX
  8
87
 10
-5753.9199
 20
1790.0000
  0
VERTEX
  8
87
 10
-5753.6001
 20
1800.1300
  0
VERTEX
  8
87
 10
-5752.7900
 20
1818.9399
  0
VERTEX
  8
87
 10
-5739.5801
 20
1818.8300
  0
VERTEX
  8
87
 10
-5726.3799
 20
1818.8500
  0
VERTEX
  8
87
 10
-5705.1401
 20
1819.1200
  0
VERTEX
  8
87
 10
-5675.2100
 20
1819.7900
  0
VERTEX
  8
87
 10
-5615.2798
 20
1821.1200
  0
VERTEX
  8
87
 10
-5564.4399
 20
1822.0100
  0
VERTEX
  8
87
 10
-5564.7300
 20
1820.9100
  0
VERTEX
  8
87
 10
-5565.0801
 20
1819.5500
  0
VERTEX
  8
87
 10
-5565.6899
 20
1816.8500
  0
VERTEX
  8
87
 10
-5566.2100
 20
1813.9900
  0
VERTEX
  8
87
 10
-5566.6602
 20
1810.9301
  0
VERTEX
  8
87
 10
-5567.0298
 20
1807.6100
  0
VERTEX
  8
87
 10
-5567.5200
 20
1801.0800
  0
VERTEX
  8
87
 10
-5567.7100
 20
1794.3300
  0
VERTEX
  8
87
 10
-5567.6899
 20
1790.2900
  0
VERTEX
  8
87
 10
-5567.5601
 20
1786.2500
  0
VERTEX
  8
87
 10
-5567.3398
 20
1782.2200
  0
VERTEX
  8
87
 10
-5567.0098
 20
1778.1801
  0
VERTEX
  8
87
 10
-5566.4600
 20
1774.4700
  0
VERTEX
  8
87
 10
-5565.6099
 20
1770.8199
  0
VERTEX
  8
87
 10
-5564.8198
 20
1768.2600
  0
VERTEX
  8
87
 10
-5563.8999
 20
1765.8400
  0
VERTEX
  8
87
 10
-5562.8501
 20
1763.5699
  0
VERTEX
  8
87
 10
-5561.6802
 20
1761.4500
  0
VERTEX
  8
87
 10
-5560.4399
 20
1759.5500
  0
VERTEX
  8
87
 10
-5559.0000
 20
1757.6200
  0
VERTEX
  8
87
 10
-5557.3198
 20
1755.6100
  0
VERTEX
  8
87
 10
-5555.3101
 20
1753.4100
  0
VERTEX
  8
87
 10
-5551.3198
 20
1749.4500
  0
VERTEX
  8
87
 10
-5549.3799
 20
1747.7300
  0
VERTEX
  8
87
 10
-5547.4502
 20
1746.1500
  0
VERTEX
  8
87
 10
-5544.8901
 20
1744.2600
  0
VERTEX
  8
87
 10
-5542.2402
 20
1742.5400
  0
VERTEX
  8
87
 10
-5539.5298
 20
1740.9900
  0
VERTEX
  8
87
 10
-5536.7598
 20
1739.6300
  0
VERTEX
  8
87
 10
-5533.9399
 20
1738.4500
  0
VERTEX
  8
87
 10
-5530.8999
 20
1737.3600
  0
VERTEX
  8
87
 10
-5527.5698
 20
1736.3500
  0
VERTEX
  8
87
 10
-5523.8501
 20
1735.3800
  0
VERTEX
  8
87
 10
-5520.2998
 20
1734.5699
  0
VERTEX
  8
87
 10
-5516.7202
 20
1733.8500
  0
VERTEX
  8
87
 10
-5513.1201
 20
1733.2400
  0
VERTEX
  8
87
 10
-5509.5000
 20
1732.7200
  0
VERTEX
  8
87
 10
-5502.3701
 20
1731.9800
  0
VERTEX
  8
87
 10
-5494.5298
 20
1731.5100
  0
VERTEX
  8
87
 10
-5486.3701
 20
1731.3199
  0
VERTEX
  8
87
 10
-5478.2002
 20
1731.4100
  0
VERTEX
  8
87
 10
-5473.2202
 20
1731.6000
  0
VERTEX
  8
87
 10
-5465.7402
 20
1731.8300
  0
VERTEX
  8
87
 10
-5461.5801
 20
1732.1899
  0
VERTEX
  8
87
 10
-5457.4302
 20
1732.7800
  0
VERTEX
  8
87
 10
-5451.3901
 20
1733.5000
  0
VERTEX
  8
87
 10
-5445.3901
 20
1734.4399
  0
VERTEX
  8
87
 10
-5438.2900
 20
1735.8500
  0
VERTEX
  8
87
 10
-5429.7500
 20
1737.8300
  0
VERTEX
  8
87
 10
-5420.4800
 20
1740.1700
  0
VERTEX
  8
87
 10
-5411.8599
 20
1742.5300
  0
VERTEX
  8
87
 10
-5399.9302
 20
1746.0601
  0
VERTEX
  8
87
 10
-5389.6699
 20
1749.1500
  0
VERTEX
  8
87
 10
-5384.3101
 20
1750.8900
  0
VERTEX
  8
87
 10
-5379.0000
 20
1752.7600
  0
VERTEX
  8
87
 10
-5371.8999
 20
1755.4700
  0
VERTEX
  8
87
 10
-5364.8999
 20
1758.3900
  0
VERTEX
  8
87
 10
-5358.5498
 20
1761.2500
  0
VERTEX
  8
87
 10
-5349.8799
 20
1765.3400
  0
VERTEX
  8
87
 10
-5340.6099
 20
1769.7500
  0
VERTEX
  8
87
 10
-5332.1802
 20
1753.7800
  0
VERTEX
  8
87
 10
-5323.2500
 20
1737.2200
  0
VERTEX
  8
87
 10
-5311.0298
 20
1714.8700
  0
VERTEX
  8
87
 10
-5283.1699
 20
1664.0200
  0
VERTEX
  8
87
 10
-5260.5698
 20
1622.4600
  0
VERTEX
  8
87
 10
-5264.7002
 20
1621.5699
  0
VERTEX
  8
87
 10
-5268.7900
 20
1620.5200
  0
VERTEX
  8
87
 10
-5272.8301
 20
1619.3400
  0
VERTEX
  8
87
 10
-5276.8198
 20
1618.0000
  0
VERTEX
  8
87
 10
-5280.6001
 20
1616.5800
  0
VERTEX
  8
87
 10
-5284.4302
 20
1615.0000
  0
VERTEX
  8
87
 10
-5288.3198
 20
1613.2500
  0
VERTEX
  8
87
 10
-5292.2798
 20
1611.3199
  0
VERTEX
  8
87
 10
-5295.9902
 20
1609.3900
  0
VERTEX
  8
87
 10
-5299.6602
 20
1607.3600
  0
VERTEX
  8
87
 10
-5303.3101
 20
1605.2200
  0
VERTEX
  8
87
 10
-5306.9199
 20
1602.9800
  0
VERTEX
  8
87
 10
-5310.5200
 20
1600.6200
  0
VERTEX
  8
87
 10
-5314.0098
 20
1598.2100
  0
VERTEX
  8
87
 10
-5317.3799
 20
1595.7300
  0
VERTEX
  8
87
 10
-5320.6499
 20
1593.2000
  0
VERTEX
  8
87
 10
-5324.0698
 20
1590.3800
  0
VERTEX
  8
87
 10
-5327.2798
 20
1587.5601
  0
VERTEX
  8
87
 10
-5330.2798
 20
1584.7200
  0
VERTEX
  8
87
 10
-5333.1001
 20
1581.8500
  0
VERTEX
  8
87
 10
-5335.9902
 20
1578.6500
  0
VERTEX
  8
87
 10
-5338.6899
 20
1575.3700
  0
VERTEX
  8
87
 10
-5341.2002
 20
1572.0200
  0
VERTEX
  8
87
 10
-5343.5000
 20
1568.6200
  0
VERTEX
  8
87
 10
-5345.6602
 20
1565.0601
  0
VERTEX
  8
87
 10
-5347.6499
 20
1561.3600
  0
VERTEX
  8
87
 10
-5349.4800
 20
1557.5400
  0
VERTEX
  8
87
 10
-5351.1401
 20
1553.6100
  0
VERTEX
  8
87
 10
-5352.5400
 20
1549.8101
  0
VERTEX
  8
87
 10
-5353.8101
 20
1545.8600
  0
VERTEX
  8
87
 10
-5354.9502
 20
1541.7500
  0
VERTEX
  8
87
 10
-5355.9600
 20
1537.4800
  0
VERTEX
  8
87
 10
-5356.7900
 20
1533.3500
  0
VERTEX
  8
87
 10
-5357.4702
 20
1529.2000
  0
VERTEX
  8
87
 10
-5358.0200
 20
1525.0200
  0
VERTEX
  8
87
 10
-5358.4199
 20
1520.8199
  0
VERTEX
  8
87
 10
-5393.5698
 20
1520.5500
  0
VERTEX
  8
87
 10
-5428.7300
 20
1520.3900
  0
VERTEX
  8
87
 10
-5473.2500
 20
1520.3199
  0
VERTEX
  8
87
 10
-5526.4702
 20
1520.3900
  0
VERTEX
  8
87
 10
-5643.4800
 20
1520.6899
  0
VERTEX
  8
87
 10
-5704.2002
 20
1520.7500
  0
VERTEX
  8
87
 10
-5764.9302
 20
1520.7000
  0
SEQEND
  0
POINT
  8
2
 10
-5764.9302
 20
1520.7000
  0
TEXT
  8
14
 10
-5764.9302
 20
1520.7000
 40
3.0000
  1
# 327
  7
STANDARD
  0
POINT
  8
3
 10
-5764.7202
 20
1545.6500
  0
POINT
  8
3
 10
-5763.2100
 20
1595.0000
  0
POINT
  8
3
 10
-5760.3301
 20
1657.1300
  0
POINT
  8
3
 10
-5757.0298
 20
1722.1899
  0
POINT
  8
2
 10
-5754.4302
 20
1777.9900
  0
TEXT
  8
14
 10
-5754.4302
 20
1777.9900
 40
3.0000
  1
# 328
  7
STANDARD
  0
POINT
  8
3
 10
-5754.3398
 20
1779.8800
  0
POINT
  8
2
 10
-5753.6001
 20
1800.1300
  0
TEXT
  8
14
 10
-5753.6001
 20
1800.1300
 40
3.0000
  1
# 329
  7
STANDARD
  0
POINT
  8
2
 10
-5752.7900
 20
1818.9399
  0
TEXT
  8
14
 10
-5752.7900
 20
1818.9399
 40
3.0000
  1
# 330
  7
STANDARD
  0
POINT
  8
3
 10
-5726.3799
 20
1818.8500
  0
POINT
  8
3
 10
-5675.2100
 20
1819.7900
  0
POINT
  8
3
 10
-5615.2798
 20
1821.1200
  0
POINT
  8
2
 10
-5564.4399
 20
1822.0100
  0
TEXT
  8
14
 10
-5564.4399
 20
1822.0100
 40
3.0000
  1
# 331
  7
STANDARD
  0
POINT
  8
3
 10
-5564.7300
 20
1820.9100
  0
POINT
  8
3
 10
-5565.0801
 20
1819.5500
  0
POINT
  8
3
 10
-5567.0298
 20
1807.6100
  0
POINT
  8
3
 10
-5567.7100
 20
1794.3300
  0
POINT
  8
2
 10
-5567.0098
 20
1778.1801
  0
TEXT
  8
14
 10
-5567.0098
 20
1778.1801
 40
3.0000
  1
# 332
  7
STANDARD
  0
POINT
  8
3
 10
-5565.6099
 20
1770.8199
  0
POINT
  8
3
 10
-5561.6802
 20
1761.4500
  0
POINT
  8
3
 10
-5555.3101
 20
1753.4100
  0
POINT
  8
3
 10
-5547.4502
 20
1746.1500
  0
POINT
  8
3
 10
-5536.7598
 20
1739.6300
  0
POINT
  8
3
 10
-5523.8501
 20
1735.3800
  0
POINT
  8
3
 10
-5509.5000
 20
1732.7200
  0
POINT
  8
3
 10
-5494.5298
 20
1731.5100
  0
POINT
  8
2
 10
-5478.2002
 20
1731.4100
  0
TEXT
  8
14
 10
-5478.2002
 20
1731.4100
 40
3.0000
  1
# 333
  7
STANDARD
  0
POINT
  8
3
 10
-5473.2202
 20
1731.6000
  0
POINT
  8
3
 10
-5465.7402
 20
1731.8300
  0
POINT
  8
2
 10
-5457.4302
 20
1732.7800
  0
TEXT
  8
14
 10
-5457.4302
 20
1732.7800
 40
3.0000
  1
# 334
  7
STANDARD
  0
POINT
  8
3
 10
-5445.3901
 20
1734.4399
  0
POINT
  8
3
 10
-5429.7500
 20
1737.8300
  0
POINT
  8
3
 10
-5411.8599
 20
1742.5300
  0
POINT
  8
3
 10
-5399.9302
 20
1746.0601
  0
POINT
  8
2
 10
-5389.6699
 20
1749.1500
  0
TEXT
  8
14
 10
-5389.6699
 20
1749.1500
 40
3.0000
  1
# 335
  7
STANDARD
  0
POINT
  8
3
 10
-5379.0000
 20
1752.7600
  0
POINT
  8
3
 10
-5364.8999
 20
1758.3900
  0
POINT
  8
3
 10
-5349.8799
 20
1765.3400
  0
POINT
  8
2
 10
-5340.6099
 20
1769.7500
  0
TEXT
  8
14
 10
-5340.6099
 20
1769.7500
 40
3.0000
  1
# 336
  7
STANDARD
  0
POINT
  8
3
 10
-5332.1802
 20
1753.7800
  0
POINT
  8
3
 10
-5311.0298
 20
1714.8700
  0
POINT
  8
3
 10
-5283.1699
 20
1664.0200
  0
POINT
  8
2
 10
-5260.5698
 20
1622.4600
  0
TEXT
  8
14
 10
-5260.5698
 20
1622.4600
 40
3.0000
  1
# 337
  7
STANDARD
  0
POINT
  8
3
 10
-5276.8198
 20
1618.0000
  0
POINT
  8
3
 10
-5292.2798
 20
1611.3199
  0
POINT
  8
3
 10
-5306.9199
 20
1602.9800
  0
POINT
  8
3
 10
-5320.6499
 20
1593.2000
  0
POINT
  8
3
 10
-5333.1001
 20
1581.8500
  0
POINT
  8
3
 10
-5343.5000
 20
1568.6200
  0
POINT
  8
3
 10
-5351.1401
 20
1553.6100
  0
POINT
  8
3
 10
-5355.9600
 20
1537.4800
  0
POINT
  8
2
 10
-5358.4199
 20
1520.8199
  0
TEXT
  8
14
 10
-5358.4199
 20
1520.8199
 40
3.0000
  1
# 338
  7
STANDARD
  0
POINT
  8
3
 10
-5428.7300
 20
1520.3900
  0
POINT
  8
3
 10
-5526.4702
 20
1520.3900
  0
POINT
  8
3
 10
-5643.4800
 20
1520.6899
  0
POINT
  8
4
 10
-5754.4302
 20
1777.9900
 30
5.0000
 50
357.7048
  0
POINT
  8
4
 10
-5753.6001
 20
1800.1300
 30
5.0000
 50
357.2464
  0
POINT
  8
4
 10
-5567.0098
 20
1778.1801
 30
5.0000
 50
188.9726
  0
POINT
  8
4
 10
-5478.2002
 20
1731.4100
 30
5.0000
 50
268.5106
  0
POINT
  8
4
 10
-5457.4302
 20
1732.7800
 30
5.0000
 50
275.1633
  0
POINT
  8
4
 10
-5389.6699
 20
1749.1500
 30
5.0000
 50
286.8750
  0
LINE
  8
7
 10
-5670.4800
 20
1671.2800
 11
-5374.1401
 21
1671.2800
  0
LINE
  8
5
 10
-5670.4800
 20
1671.2800
 11
-5374.1401
 21
1671.2800
  0
POINT
  8
2
 10
-5670.4800
 20
1671.2800
  0
TEXT
  8
7
 10
-5670.4800
 20
1671.2800
 40
3.0000
  1
# 339
  7
STANDARD
  0
POINT
  8
2
 10
-5374.1401
 20
1671.2800
  0
TEXT
  8
7
 10
-5374.1401
 20
1671.2800
 40
3.0000
  1
# 340
  7
STANDARD
  0
POLYLINE
  8
8
 66
1
 70
1
  0
VERTEX
  8
8
 10
-5461.0801
 20
1568.3700
  0
VERTEX
  8
8
 10
-5459.0200
 20
1695.2700
  0
VERTEX
  8
8
 10
-5523.6099
 20
1696.6100
  0
VERTEX
  8
8
 10
-5525.2500
 20
1568.4700
  0
VERTEX
  8
8
 10
-5461.0801
 20
1568.3700
  0
SEQEND
  0
POLYLINE
  8
85
 66
1
 70
1
  0
VERTEX
  8
85
 10
-5461.0801
 20
1568.3700
  0
VERTEX
  8
85
 10
-5459.0200
 20
1695.2700
  0
VERTEX
  8
85
 10
-5523.6099
 20
1696.6100
  0
VERTEX
  8
85
 10
-5525.2500
 20
1568.4700
  0
VERTEX
  8
85
 10
-5461.0801
 20
1568.3700
  0
SEQEND
  0
POINT
  8
2
 10
-5461.0801
 20
1568.3700
  0
TEXT
  8
8
 10
-5461.0801
 20
1568.3700
 40
3.0000
  1
# 341
  7
STANDARD
  0
POINT
  8
2
 10
-5459.0200
 20
1695.2700
  0
TEXT
  8
8
 10
-5459.0200
 20
1695.2700
 40
3.0000
  1
# 342
  7
STANDARD
  0
POINT
  8
2
 10
-5523.6099
 20
1696.6100
  0
TEXT
  8
8
 10
-5523.6099
 20
1696.6100
 40
3.0000
  1
# 343
  7
STANDARD
  0
POINT
  8
2
 10
-5525.2500
 20
1568.4700
  0
TEXT
  8
8
 10
-5525.2500
 20
1568.4700
 40
3.0000
  1
# 344
  7
STANDARD
  0
POLYLINE
  8
8
 66
1
 70
1
  0
VERTEX
  8
8
 10
-5487.0400
 20
1570.2300
  0
VERTEX
  8
8
 10
-5484.7700
 20
1694.5500
  0
VERTEX
  8
8
 10
-5627.2202
 20
1697.0200
  0
VERTEX
  8
8
 10
-5628.3599
 20
1570.6400
  0
VERTEX
  8
8
 10
-5487.0400
 20
1570.2300
  0
SEQEND
  0
POLYLINE
  8
85
 66
1
 70
1
  0
VERTEX
  8
85
 10
-5487.0400
 20
1570.2300
  0
VERTEX
  8
85
 10
-5484.7700
 20
1694.5500
  0
VERTEX
  8
85
 10
-5627.2202
 20
1697.0200
  0
VERTEX
  8
85
 10
-5628.3599
 20
1570.6400
  0
VERTEX
  8
85
 10
-5487.0400
 20
1570.2300
  0
SEQEND
  0
POINT
  8
2
 10
-5487.0400
 20
1570.2300
  0
TEXT
  8
8
 10
-5487.0400
 20
1570.2300
 40
3.0000
  1
# 345
  7
STANDARD
  0
POINT
  8
2
 10
-5484.7700
 20
1694.5500
  0
TEXT
  8
8
 10
-5484.7700
 20
1694.5500
 40
3.0000
  1
# 346
  7
STANDARD
  0
POINT
  8
2
 10
-5627.2202
 20
1697.0200
  0
TEXT
  8
8
 10
-5627.2202
 20
1697.0200
 40
3.0000
  1
# 347
  7
STANDARD
  0
POINT
  8
2
 10
-5628.3599
 20
1570.6400
  0
TEXT
  8
8
 10
-5628.3599
 20
1570.6400
 40
3.0000
  1
# 348
  7
STANDARD
  0
POLYLINE
  8
8
 66
1
 70
0
  0
VERTEX
  8
8
 10
-5757.8301
 20
1583.9301
  0
VERTEX
  8
8
 10
-5763.2900
 20
1584.0300
  0
SEQEND
  0
POLYLINE
  8
85
 66
1
 70
0
  0
VERTEX
  8
85
 10
-5757.8301
 20
1583.9301
  0
VERTEX
  8
85
 10
-5763.2900
 20
1584.0300
  0
SEQEND
  0
POINT
  8
2
 10
-5757.8301
 20
1583.9301
  0
TEXT
  8
8
 10
-5757.8301
 20
1583.9301
 40
3.0000
  1
# 349
  7
STANDARD
  0
POINT
  8
2
 10
-5763.2900
 20
1584.0300
  0
TEXT
  8
8
 10
-5763.2900
 20
1584.0300
 40
3.0000
  1
# 350
  7
STANDARD
  0
POLYLINE
  8
8
 66
1
 70
0
  0
VERTEX
  8
8
 10
-5755.0498
 20
1759.2300
  0
VERTEX
  8
8
 10
-5751.0298
 20
1759.0200
  0
VERTEX
  8
8
 10
-5757.8301
 20
1583.9301
  0
SEQEND
  0
POLYLINE
  8
85
 66
1
 70
0
  0
VERTEX
  8
85
 10
-5755.0498
 20
1759.2300
  0
VERTEX
  8
85
 10
-5751.0298
 20
1759.0200
  0
VERTEX
  8
85
 10
-5757.8301
 20
1583.9301
  0
SEQEND
  0
POINT
  8
2
 10
-5755.0498
 20
1759.2300
  0
TEXT
  8
8
 10
-5755.0498
 20
1759.2300
 40
3.0000
  1
# 351
  7
STANDARD
  0
POINT
  8
2
 10
-5751.0298
 20
1759.0200
  0
TEXT
  8
8
 10
-5751.0298
 20
1759.0200
 40
3.0000
  1
# 352
  7
STANDARD
  0
POINT
  8
2
 10
-5757.8301
 20
1583.9301
  0
TEXT
  8
8
 10
-5757.8301
 20
1583.9301
 40
3.0000
  1
# 353
  7
STANDARD
  0
POINT
  8
13
 10
-5757.7300
 20
1583.9301
 30
10.0000
  0
TEXT
  8
13
 10
-5757.7300
 20
1583.9301
 40
3.0000
  1
# 354
  7
STANDARD
  0
POINT
  8
13
 10
-5751.0298
 20
1759.1300
 30
10.0000
  0
TEXT
  8
13
 10
-5751.0298
 20
1759.1300
 40
3.0000
  1
# 355
  7
STANDARD
  0
POINT
  8
13
 10
-5489.2002
 20
1572.2900
 30
10.0000
  0
TEXT
  8
13
 10
-5489.2002
 20
1572.2900
 40
3.0000
  1
# 356
  7
STANDARD
  0
POINT
  8
13
 10
-5460.9800
 20
1568.3700
 30
10.0000
  0
TEXT
  8
13
 10
-5460.9800
 20
1568.3700
 40
3.0000
  1
# 357
  7
STANDARD
  0
POINT
  8
13
 10
-5459.0200
 20
1695.3700
 30
10.0000
  0
TEXT
  8
13
 10
-5459.0200
 20
1695.3700
 40
3.0000
  1
# 358
  7
STANDARD
  0
POINT
  8
13
 10
-5486.5298
 20
1692.9000
 30
10.0000
  0
TEXT
  8
13
 10
-5486.5298
 20
1692.9000
 40
3.0000
  1
# 359
  7
STANDARD
  0
POINT
  8
13
 10
-5624.7500
 20
1695.0601
 30
10.0000
  0
TEXT
  8
13
 10
-5624.7500
 20
1695.0601
 40
3.0000
  1
# 360
  7
STANDARD
  0
POINT
  8
13
 10
-5625.6802
 20
1573.4200
 30
10.0000
  0
TEXT
  8
13
 10
-5625.6802
 20
1573.4200
 40
3.0000
  1
# 361
  7
STANDARD
  0
TEXT
  8
15
 10
-5499.3101
 20
1520.6801
 40
12.7
  50
180.0000
  1
FRONT CENETR  ZIP
  7
STANDARD
  0
TEXT
  8
15
 10
-5455.7300
 20
1639.8500
 40
3.14
  50
270.0000
  1
POCKET FLAP
  7
STANDARD
  0
TEXT
  8
15
 10
-5480.3501
 20
1639.2400
 40
4.96
  50
270.0000
  1
POCKET
  7
STANDARD
  0
TEXT
  8
15
 10
-5748.8599
 20
1691.7700
 40
5.16
  50
270.0000
  1
POCKET FLAP
  7
STANDARD
  0
ENDBLK
  0
BLOCK
  8
0
  2
Left Front Top Patti_5013
 70
64
 10
0.0000
 20
0.0000
  0
TEXT
  8
1
 10
-5739.3398
 20
1108.2000
 40
3.0000
 50
0.0000
  1
Piece Name: Left Front Top Patti
  7
STANDARD
  0
TEXT
  8
1
 10
-5739.3398
 20
1112.2000
 40
3.0000
 50
0.0000
  1
SAMPLE SIZE:50
  7
STANDARD
  0
TEXT
  8
1
 10
-5739.3398
 20
1116.2000
 40
3.0000
 50
0.0000
  1
ANNOTATION: Cut 1
  7
STANDARD
  0
TEXT
  8
1
 10
-5739.3398
 20
1120.2000
 40
3.0000
 50
0.0000
  1
MATERIAL: Leather
  7
STANDARD
  0
TEXT
  8
1
 10
-5739.3398
 20
1124.2000
 40
3.0000
 50
0.0000
  1
QUANTITY: 1
  7
STANDARD
  0
POLYLINE
  8
1
 66
1
 70
1
  0
VERTEX
  8
1
 10
-5364.1802
 20
1067.4700
  0
VERTEX
  8
1
 10
-6114.5200
 20
1067.4700
  0
VERTEX
  8
1
 10
-6114.5200
 20
1148.9399
  0
VERTEX
  8
1
 10
-5365.3101
 20
1148.9399
  0
VERTEX
  8
1
 10
-5365.1001
 20
1122.7800
  0
VERTEX
  8
1
 10
-5364.4902
 20
1095.5900
  0
VERTEX
  8
1
 10
-5364.1802
 20
1067.4700
  0
SEQEND
  0
POLYLINE
  8
84
 66
1
 70
1
  0
VERTEX
  8
84
 10
-5364.1802
 20
1067.4700
  0
VERTEX
  8
84
 10
-6114.5200
 20
1067.4700
  0
VERTEX
  8
84
 10
-6114.5200
 20
1148.9399
  0
VERTEX
  8
84
 10
-5365.3101
 20
1148.9399
  0
VERTEX
  8
84
 10
-5365.2700
 20
1135.8600
  0
VERTEX
  8
84
 10
-5365.1001
 20
1122.7800
  0
VERTEX
  8
84
 10
-5364.4902
 20
1095.5900
  0
VERTEX
  8
84
 10
-5364.2700
 20
1081.5300
  0
VERTEX
  8
84
 10
-5364.1802
 20
1067.4700
  0
SEQEND
  0
POINT
  8
2
 10
-5364.1802
 20
1067.4700
  0
TEXT
  8
1
 10
-5364.1802
 20
1067.4700
 40
3.0000
  1
# 362
  7
STANDARD
  0
POINT
  8
2
 10
-6114.5200
 20
1067.4700
  0
TEXT
  8
1
 10
-6114.5200
 20
1067.4700
 40
3.0000
  1
# 363
  7
STANDARD
  0
POINT
  8
2
 10
-6114.5200
 20
1148.9399
  0
TEXT
  8
1
 10
-6114.5200
 20
1148.9399
 40
3.0000
  1
# 364
  7
STANDARD
  0
POINT
  8
2
 10
-5365.3101
 20
1148.9399
  0
TEXT
  8
1
 10
-5365.3101
 20
1148.9399
 40
3.0000
  1
# 365
  7
STANDARD
  0
POINT
  8
3
 10
-5365.1001
 20
1122.7800
  0
POINT
  8
3
 10
-5364.4902
 20
1095.5900
  0
POLYLINE
  8
14
 66
1
 70
1
  0
VERTEX
  8
14
 10
-5374.2500
 20
1077.4700
  0
VERTEX
  8
14
 10
-6104.5200
 20
1077.4700
  0
VERTEX
  8
14
 10
-6104.5200
 20
1138.9399
  0
VERTEX
  8
14
 10
-5375.2798
 20
1138.9399
  0
VERTEX
  8
14
 10
-5375.1001
 20
1122.4399
  0
VERTEX
  8
14
 10
-5374.4902
 20
1095.2300
  0
VERTEX
  8
14
 10
-5374.2500
 20
1077.4700
  0
SEQEND
  0
POLYLINE
  8
87
 66
1
 70
1
  0
VERTEX
  8
87
 10
-5374.2500
 20
1077.4700
  0
VERTEX
  8
87
 10
-6104.5200
 20
1077.4700
  0
VERTEX
  8
87
 10
-6104.5200
 20
1138.9399
  0
VERTEX
  8
87
 10
-5375.2798
 20
1138.9399
  0
VERTEX
  8
87
 10
-5375.1001
 20
1122.4399
  0
VERTEX
  8
87
 10
-5374.4902
 20
1095.2300
  0
VERTEX
  8
87
 10
-5374.2500
 20
1077.4700
  0
SEQEND
  0
POINT
  8
2
 10
-5374.2500
 20
1077.4700
  0
TEXT
  8
14
 10
-5374.2500
 20
1077.4700
 40
3.0000
  1
# 366
  7
STANDARD
  0
POINT
  8
2
 10
-6104.5200
 20
1077.4700
  0
TEXT
  8
14
 10
-6104.5200
 20
1077.4700
 40
3.0000
  1
# 367
  7
STANDARD
  0
POINT
  8
2
 10
-6104.5200
 20
1138.9399
  0
TEXT
  8
14
 10
-6104.5200
 20
1138.9399
 40
3.0000
  1
# 368
  7
STANDARD
  0
POINT
  8
2
 10
-5375.2798
 20
1138.9399
  0
TEXT
  8
14
 10
-5375.2798
 20
1138.9399
 40
3.0000
  1
# 369
  7
STANDARD
  0
POINT
  8
3
 10
-5375.1001
 20
1122.4399
  0
POINT
  8
3
 10
-5374.4902
 20
1095.2300
  0
LINE
  8
7
 10
-5962.5601
 20
1108.2000
 11
-5506.7202
 21
1108.2000
  0
LINE
  8
5
 10
-5962.5601
 20
1108.2000
 11
-5506.7202
 21
1108.2000
  0
POINT
  8
2
 10
-5962.5601
 20
1108.2000
  0
TEXT
  8
7
 10
-5962.5601
 20
1108.2000
 40
3.0000
  1
# 370
  7
STANDARD
  0
POINT
  8
2
 10
-5506.7202
 20
1108.2000
  0
TEXT
  8
7
 10
-5506.7202
 20
1108.2000
 40
3.0000
  1
# 371
  7
STANDARD
  0
POINT
  8
13
 10
-6088.9800
 20
1125.6700
 30
10.0000
  0
TEXT
  8
13
 10
-6088.9800
 20
1125.6700
 40
3.0000
  1
# 372
  7
STANDARD
  0
POINT
  8
13
 10
-5925.9302
 20
1125.6700
 30
10.0000
  0
TEXT
  8
13
 10
-5925.9302
 20
1125.6700
 40
3.0000
  1
# 373
  7
STANDARD
  0
POINT
  8
13
 10
-5760.3101
 20
1125.6700
 30
10.0000
  0
TEXT
  8
13
 10
-5760.3101
 20
1125.6700
 40
3.0000
  1
# 374
  7
STANDARD
  0
POINT
  8
13
 10
-5599.6299
 20
1125.6700
 30
10.0000
  0
TEXT
  8
13
 10
-5599.6299
 20
1125.6700
 40
3.0000
  1
# 375
  7
STANDARD
  0
POINT
  8
13
 10
-5445.9600
 20
1125.6700
 30
10.0000
  0
TEXT
  8
13
 10
-5445.9600
 20
1125.6700
 40
3.0000
  1
# 376
  7
STANDARD
  0
POINT
  8
13
 10
-5393.9399
 20
1125.6700
 30
10.0000
  0
TEXT
  8
13
 10
-5393.9399
 20
1125.6700
 40
3.0000
  1
# 377
  7
STANDARD
  0
TEXT
  8
15
 10
-6099.1802
 20
1127.2100
 40
11
  50
270.0000
  1
SNAP
  7
STANDARD
  0
TEXT
  8
15
 10
-5936.7500
 20
1129.8900
 40
11
  50
270.0000
  1
SNAP
  7
STANDARD
  0
TEXT
  8
15
 10
-5768.5498
 20
1127.2100
 40
11
  50
270.0000
  1
SNAP
  7
STANDARD
  0
TEXT
  8
15
 10
-5609.0000
 20
1129.8900
 40
11
  50
270.0000
  1
SNAP
  7
STANDARD
  0
TEXT
  8
15
 10
-5455.8501
 20
1126.3900
 40
5
  50
270.0000
  1
SNAP
  7
STANDARD
  0
TEXT
  8
15
 10
-5402.8999
 20
1127.2100
 40
11
  50
270.0000
  1
SNAP
  7
STANDARD
  0
TEXT
  8
15
 10
-5377.3599
 20
1100.7400
 40
6.4
  50
270.0000
  1
HIGH
  7
STANDARD
  0
ENDBLK
  0
BLOCK
  8
0
  2
Left Front In Patti velvett_5014
 70
64
 10
0.0000
 20
0.0000
  0
TEXT
  8
1
 10
-5726.5298
 20
1264.1000
 40
3.0000
 50
0.0000
  1
Piece Name: Left Front In Patti velvett
  7
STANDARD
  0
TEXT
  8
1
 10
-5726.5298
 20
1268.1000
 40
3.0000
 50
0.0000
  1
SAMPLE SIZE:50
  7
STANDARD
  0
TEXT
  8
1
 10
-5726.5298
 20
1272.1000
 40
3.0000
 50
0.0000
  1
ANNOTATION: Cut 2
  7
STANDARD
  0
TEXT
  8
1
 10
-5726.5298
 20
1276.1000
 40
3.0000
 50
0.0000
  1
MATERIAL: Leather
  7
STANDARD
  0
TEXT
  8
1
 10
-5726.5298
 20
1280.1000
 40
3.0000
 50
0.0000
  1
QUANTITY: 1
  7
STANDARD
  0
POLYLINE
  8
1
 66
1
 70
1
  0
VERTEX
  8
1
 10
-5351.3701
 20
1304.8400
  0
VERTEX
  8
1
 10
-5351.6802
 20
1276.7200
  0
VERTEX
  8
1
 10
-5352.2900
 20
1249.5300
  0
VERTEX
  8
1
 10
-5352.5000
 20
1223.3700
  0
VERTEX
  8
1
 10
-6101.7100
 20
1223.3700
  0
VERTEX
  8
1
 10
-6101.7100
 20
1304.8400
  0
VERTEX
  8
1
 10
-5351.3701
 20
1304.8400
  0
SEQEND
  0
POLYLINE
  8
84
 66
1
 70
1
  0
VERTEX
  8
84
 10
-5351.3701
 20
1304.8400
  0
VERTEX
  8
84
 10
-5351.4600
 20
1290.7800
  0
VERTEX
  8
84
 10
-5351.6802
 20
1276.7200
  0
VERTEX
  8
84
 10
-5352.2900
 20
1249.5300
  0
VERTEX
  8
84
 10
-5352.4600
 20
1236.4500
  0
VERTEX
  8
84
 10
-5352.5000
 20
1223.3700
  0
VERTEX
  8
84
 10
-6101.7100
 20
1223.3700
  0
VERTEX
  8
84
 10
-6101.7100
 20
1304.8400
  0
VERTEX
  8
84
 10
-5351.3701
 20
1304.8400
  0
SEQEND
  0
POINT
  8
2
 10
-5351.3701
 20
1304.8400
  0
TEXT
  8
1
 10
-5351.3701
 20
1304.8400
 40
3.0000
  1
# 378
  7
STANDARD
  0
POINT
  8
3
 10
-5351.6802
 20
1276.7200
  0
POINT
  8
3
 10
-5352.2900
 20
1249.5300
  0
POINT
  8
2
 10
-5352.5000
 20
1223.3700
  0
TEXT
  8
1
 10
-5352.5000
 20
1223.3700
 40
3.0000
  1
# 379
  7
STANDARD
  0
POINT
  8
2
 10
-6101.7100
 20
1223.3700
  0
TEXT
  8
1
 10
-6101.7100
 20
1223.3700
 40
3.0000
  1
# 380
  7
STANDARD
  0
POINT
  8
2
 10
-6101.7100
 20
1304.8400
  0
TEXT
  8
1
 10
-6101.7100
 20
1304.8400
 40
3.0000
  1
# 381
  7
STANDARD
  0
POLYLINE
  8
14
 66
1
 70
1
  0
VERTEX
  8
14
 10
-5361.4399
 20
1294.8400
  0
VERTEX
  8
14
 10
-5361.6802
 20
1277.0800
  0
VERTEX
  8
14
 10
-5362.2900
 20
1249.8800
  0
VERTEX
  8
14
 10
-5362.4702
 20
1233.3700
  0
VERTEX
  8
14
 10
-6091.7100
 20
1233.3700
  0
VERTEX
  8
14
 10
-6091.7100
 20
1294.8400
  0
VERTEX
  8
14
 10
-5361.4399
 20
1294.8400
  0
SEQEND
  0
POLYLINE
  8
87
 66
1
 70
1
  0
VERTEX
  8
87
 10
-5361.4399
 20
1294.8400
  0
VERTEX
  8
87
 10
-5361.6802
 20
1277.0800
  0
VERTEX
  8
87
 10
-5362.2900
 20
1249.8800
  0
VERTEX
  8
87
 10
-5362.4702
 20
1233.3700
  0
VERTEX
  8
87
 10
-6091.7100
 20
1233.3700
  0
VERTEX
  8
87
 10
-6091.7100
 20
1294.8400
  0
VERTEX
  8
87
 10
-5361.4399
 20
1294.8400
  0
SEQEND
  0
POINT
  8
2
 10
-5361.4399
 20
1294.8400
  0
TEXT
  8
14
 10
-5361.4399
 20
1294.8400
 40
3.0000
  1
# 382
  7
STANDARD
  0
POINT
  8
3
 10
-5361.6802
 20
1277.0800
  0
POINT
  8
3
 10
-5362.2900
 20
1249.8800
  0
POINT
  8
2
 10
-5362.4702
 20
1233.3700
  0
TEXT
  8
14
 10
-5362.4702
 20
1233.3700
 40
3.0000
  1
# 383
  7
STANDARD
  0
POINT
  8
2
 10
-6091.7100
 20
1233.3700
  0
TEXT
  8
14
 10
-6091.7100
 20
1233.3700
 40
3.0000
  1
# 384
  7
STANDARD
  0
POINT
  8
2
 10
-6091.7100
 20
1294.8400
  0
TEXT
  8
14
 10
-6091.7100
 20
1294.8400
 40
3.0000
  1
# 385
  7
STANDARD
  0
LINE
  8
7
 10
-5959.7500
 20
1264.1000
 11
-5503.9102
 21
1264.1000
  0
LINE
  8
5
 10
-5959.7500
 20
1264.1000
 11
-5503.9102
 21
1264.1000
  0
POINT
  8
2
 10
-5959.7500
 20
1264.1000
  0
TEXT
  8
7
 10
-5959.7500
 20
1264.1000
 40
3.0000
  1
# 386
  7
STANDARD
  0
POINT
  8
2
 10
-5503.9102
 20
1264.1000
  0
TEXT
  8
7
 10
-5503.9102
 20
1264.1000
 40
3.0000
  1
# 387
  7
STANDARD
  0
TEXT
  8
15
 10
-5364.5498
 20
1284.7500
 40
6.4
  50
270.0000
  1
HIGH
  7
STANDARD
  0
TEXT
  8
15
 10
-5545.3799
 20
1283.4100
 40
5
  50
0.0000
  1
VELVETT
  7
STANDARD
  0
ENDBLK
  0
BLOCK
  8
0
  2
Right Front Patti velvett_5015
 70
64
 10
0.0000
 20
0.0000
  0
TEXT
  8
1
 10
-5718.0601
 20
1388.5200
 40
3.0000
 50
0.0000
  1
Piece Name: Right Front Patti velvett
  7
STANDARD
  0
TEXT
  8
1
 10
-5718.0601
 20
1392.5200
 40
3.0000
 50
0.0000
  1
SAMPLE SIZE:50
  7
STANDARD
  0
TEXT
  8
1
 10
-5718.0601
 20
1396.5200
 40
3.0000
 50
0.0000
  1
ANNOTATION: Cut 2
  7
STANDARD
  0
TEXT
  8
1
 10
-5718.0601
 20
1400.5200
 40
3.0000
 50
0.0000
  1
MATERIAL: Leather
  7
STANDARD
  0
TEXT
  8
1
 10
-5718.0601
 20
1404.5200
 40
3.0000
 50
0.0000
  1
QUANTITY: 1
  7
STANDARD
  0
POLYLINE
  8
1
 66
1
 70
1
  0
VERTEX
  8
1
 10
-5384.1001
 20
1416.8600
  0
VERTEX
  8
1
 10
-5384.1001
 20
1360.2000
  0
VERTEX
  8
1
 10
-6052.0400
 20
1360.2000
  0
VERTEX
  8
1
 10
-6052.0400
 20
1416.8600
  0
VERTEX
  8
1
 10
-5890.3301
 20
1416.8600
  0
VERTEX
  8
1
 10
-5384.1001
 20
1416.8600
  0
SEQEND
  0
POLYLINE
  8
84
 66
1
 70
1
  0
VERTEX
  8
84
 10
-5384.1001
 20
1416.8600
  0
VERTEX
  8
84
 10
-5384.1001
 20
1360.2000
  0
VERTEX
  8
84
 10
-6052.0400
 20
1360.2000
  0
VERTEX
  8
84
 10
-6052.0400
 20
1416.8600
  0
VERTEX
  8
84
 10
-5890.3301
 20
1416.8600
  0
VERTEX
  8
84
 10
-5384.1001
 20
1416.8600
  0
SEQEND
  0
POINT
  8
2
 10
-5384.1001
 20
1416.8600
  0
POINT
  8
2
 10
-5384.1001
 20
1360.2000
  0
POINT
  8
2
 10
-6052.0400
 20
1360.2000
  0
POINT
  8
2
 10
-6052.0400
 20
1416.8600
  0
POINT
  8
2
 10
-5890.3301
 20
1416.8600
  0
POINT
  8
4
 10
-5890.3301
 20
1416.8600
 30
5.0000
 50
270.0000
  0
POLYLINE
  8
14
 66
1
 70
1
  0
VERTEX
  8
14
 10
-5394.1001
 20
1406.8600
  0
VERTEX
  8
14
 10
-5394.1001
 20
1370.2000
  0
VERTEX
  8
14
 10
-6042.0400
 20
1370.2000
  0
VERTEX
  8
14
 10
-6042.0400
 20
1406.8600
  0
VERTEX
  8
14
 10
-5890.3301
 20
1406.8600
  0
VERTEX
  8
14
 10
-5394.1001
 20
1406.8600
  0
SEQEND
  0
POLYLINE
  8
87
 66
1
 70
1
  0
VERTEX
  8
87
 10
-5394.1001
 20
1406.8600
  0
VERTEX
  8
87
 10
-5394.1001
 20
1370.2000
  0
VERTEX
  8
87
 10
-6042.0400
 20
1370.2000
  0
VERTEX
  8
87
 10
-6042.0400
 20
1406.8600
  0
VERTEX
  8
87
 10
-5890.3301
 20
1406.8600
  0
VERTEX
  8
87
 10
-5394.1001
 20
1406.8600
  0
SEQEND
  0
POINT
  8
2
 10
-5394.1001
 20
1406.8600
  0
TEXT
  8
14
 10
-5394.1001
 20
1406.8600
 40
3.0000
  1
# 388
  7
STANDARD
  0
POINT
  8
2
 10
-5394.1001
 20
1370.2000
  0
POINT
  8
2
 10
-6042.0400
 20
1370.2000
  0
POINT
  8
2
 10
-6042.0400
 20
1406.8600
  0
POINT
  8
2
 10
-5890.3301
 20
1406.8600
  0
POINT
  8
4
 10
-5890.3301
 20
1406.8600
 30
5.0000
 50
270.0000
  0
LINE
  8
7
 10
-5916.4502
 20
1388.5200
 11
-5509.6899
 21
1388.5200
  0
LINE
  8
5
 10
-5916.4502
 20
1388.5200
 11
-5509.6899
 21
1388.5200
  0
POINT
  8
2
 10
-5916.4502
 20
1388.5200
  0
TEXT
  8
7
 10
-5916.4502
 20
1388.5200
 40
3.0000
  1
# 389
  7
STANDARD
  0
POINT
  8
2
 10
-5509.6899
 20
1388.5200
  0
TEXT
  8
7
 10
-5509.6899
 20
1388.5200
 40
3.0000
  1
# 390
  7
STANDARD
  0
TEXT
  8
15
 10
-5571.8101
 20
1392.7700
 40
5
  50
0.0000
  1
VELVETT
  7
STANDARD
  0
ENDBLK
  0
BLOCK
  8
0
  2
Chest Pocket_5016
 70
64
 10
0.0000
 20
0.0000
  0
TEXT
  8
1
 10
-6587.5400
 20
1012.2600
 40
3.0000
 50
0.0000
  1
Piece Name: Chest Pocket
  7
STANDARD
  0
TEXT
  8
1
 10
-6587.5400
 20
1016.2600
 40
3.0000
 50
0.0000
  1
SAMPLE SIZE:50
  7
STANDARD
  0
TEXT
  8
1
 10
-6587.5400
 20
1020.2600
 40
3.0000
 50
0.0000
  1
ANNOTATION: Cut 2
  7
STANDARD
  0
TEXT
  8
1
 10
-6587.5400
 20
1024.2600
 40
3.0000
 50
0.0000
  1
MATERIAL: Leather
  7
STANDARD
  0
TEXT
  8
1
 10
-6587.5400
 20
1028.2600
 40
3.0000
 50
0.0000
  1
QUANTITY: 1
  7
STANDARD
  0
POLYLINE
  8
1
 66
1
 70
1
  0
VERTEX
  8
1
 10
-6518.5898
 20
941.9200
  0
VERTEX
  8
1
 10
-6660.2202
 20
924.9400
  0
VERTEX
  8
1
 10
-6671.1299
 20
923.5900
  0
VERTEX
  8
1
 10
-6671.3398
 20
939.2400
  0
VERTEX
  8
1
 10
-6685.8599
 20
939.0400
  0
VERTEX
  8
1
 10
-6687.5000
 20
1085.3000
  0
VERTEX
  8
1
 10
-6672.9902
 20
1085.4000
  0
VERTEX
  8
1
 10
-6673.0898
 20
1100.9500
  0
VERTEX
  8
1
 10
-6662.2798
 20
1099.9200
  0
VERTEX
  8
1
 10
-6551.0400
 20
1089.4200
  0
VERTEX
  8
1
 10
-6521.0601
 20
1086.6400
  0
VERTEX
  8
1
 10
-6505.5098
 20
1088.5900
  0
VERTEX
  8
1
 10
-6490.1602
 20
1090.4500
  0
VERTEX
  8
1
 10
-6487.5898
 20
939.3500
  0
VERTEX
  8
1
 10
-6518.5898
 20
941.9200
  0
SEQEND
  0
POLYLINE
  8
84
 66
1
 70
1
  0
VERTEX
  8
84
 10
-6518.5898
 20
941.9200
  0
VERTEX
  8
84
 10
-6589.4199
 20
933.5500
  0
VERTEX
  8
84
 10
-6660.2202
 20
924.9400
  0
VERTEX
  8
84
 10
-6671.1299
 20
923.5900
  0
VERTEX
  8
84
 10
-6671.3398
 20
939.2400
  0
VERTEX
  8
84
 10
-6685.8599
 20
939.0400
  0
VERTEX
  8
84
 10
-6687.5000
 20
1085.3000
  0
VERTEX
  8
84
 10
-6672.9902
 20
1085.4000
  0
VERTEX
  8
84
 10
-6673.0898
 20
1100.9500
  0
VERTEX
  8
84
 10
-6662.2798
 20
1099.9200
  0
VERTEX
  8
84
 10
-6551.0400
 20
1089.4200
  0
VERTEX
  8
84
 10
-6521.0601
 20
1086.6400
  0
VERTEX
  8
84
 10
-6505.5098
 20
1088.5900
  0
VERTEX
  8
84
 10
-6490.1602
 20
1090.4500
  0
VERTEX
  8
84
 10
-6487.5898
 20
939.3500
  0
VERTEX
  8
84
 10
-6518.5898
 20
941.9200
  0
SEQEND
  0
POINT
  8
2
 10
-6518.5898
 20
941.9200
  0
TEXT
  8
1
 10
-6518.5898
 20
941.9200
 40
3.0000
  1
# 391
  7
STANDARD
  0
POINT
  8
3
 10
-6660.2202
 20
924.9400
  0
POINT
  8
2
 10
-6671.1299
 20
923.5900
  0
TEXT
  8
1
 10
-6671.1299
 20
923.5900
 40
3.0000
  1
# 392
  7
STANDARD
  0
POINT
  8
2
 10
-6671.3398
 20
939.2400
  0
TEXT
  8
1
 10
-6671.3398
 20
939.2400
 40
3.0000
  1
# 393
  7
STANDARD
  0
POINT
  8
2
 10
-6685.8599
 20
939.0400
  0
TEXT
  8
1
 10
-6685.8599
 20
939.0400
 40
3.0000
  1
# 394
  7
STANDARD
  0
POINT
  8
2
 10
-6687.5000
 20
1085.3000
  0
TEXT
  8
1
 10
-6687.5000
 20
1085.3000
 40
3.0000
  1
# 395
  7
STANDARD
  0
POINT
  8
2
 10
-6672.9902
 20
1085.4000
  0
TEXT
  8
1
 10
-6672.9902
 20
1085.4000
 40
3.0000
  1
# 396
  7
STANDARD
  0
POINT
  8
2
 10
-6673.0898
 20
1100.9500
  0
TEXT
  8
1
 10
-6673.0898
 20
1100.9500
 40
3.0000
  1
# 397
  7
STANDARD
  0
POINT
  8
3
 10
-6662.2798
 20
1099.9200
  0
POINT
  8
2
 10
-6551.0400
 20
1089.4200
  0
TEXT
  8
1
 10
-6551.0400
 20
1089.4200
 40
3.0000
  1
# 398
  7
STANDARD
  0
POINT
  8
2
 10
-6521.0601
 20
1086.6400
  0
TEXT
  8
1
 10
-6521.0601
 20
1086.6400
 40
3.0000
  1
# 399
  7
STANDARD
  0
POINT
  8
3
 10
-6505.5098
 20
1088.5900
  0
POINT
  8
2
 10
-6490.1602
 20
1090.4500
  0
TEXT
  8
1
 10
-6490.1602
 20
1090.4500
 40
3.0000
  1
# 400
  7
STANDARD
  0
POINT
  8
2
 10
-6487.5898
 20
939.3500
  0
TEXT
  8
1
 10
-6487.5898
 20
939.3500
 40
3.0000
  1
# 401
  7
STANDARD
  0
POINT
  8
4
 10
-6518.5898
 20
941.9200
 30
5.0000
 50
90.0000
  0
POINT
  8
4
 10
-6551.0400
 20
1089.4200
 30
5.0000
 50
265.2935
  0
POINT
  8
4
 10
-6521.0601
 20
1086.6400
 30
5.0000
 50
265.1792
  0
POLYLINE
  8
14
 66
1
 70
1
  0
VERTEX
  8
14
 10
-6518.5898
 20
951.9600
  0
VERTEX
  8
14
 10
-6651.0801
 20
936.1300
  0
VERTEX
  8
14
 10
-6661.2798
 20
934.8900
  0
VERTEX
  8
14
 10
-6661.4702
 20
949.3800
  0
VERTEX
  8
14
 10
-6675.9702
 20
949.1800
  0
VERTEX
  8
14
 10
-6677.3901
 20
1075.3700
  0
VERTEX
  8
14
 10
-6662.9302
 20
1075.4700
  0
VERTEX
  8
14
 10
-6663.0200
 20
1089.9500
  0
VERTEX
  8
14
 10
-6653.1802
 20
1089.0200
  0
VERTEX
  8
14
 10
-6551.8599
 20
1079.4500
  0
VERTEX
  8
14
 10
-6521.8999
 20
1076.6700
  0
VERTEX
  8
14
 10
-6520.9199
 20
1076.5800
  0
VERTEX
  8
14
 10
-6520.4199
 20
1076.6400
  0
VERTEX
  8
14
 10
-6519.9302
 20
1076.7000
  0
VERTEX
  8
14
 10
-6517.8101
 20
951.8900
  0
VERTEX
  8
14
 10
-6518.5898
 20
951.9600
  0
SEQEND
  0
POLYLINE
  8
87
 66
1
 70
1
  0
VERTEX
  8
87
 10
-6518.5898
 20
951.9600
  0
VERTEX
  8
87
 10
-6584.8398
 20
944.1100
  0
VERTEX
  8
87
 10
-6651.0801
 20
936.1300
  0
VERTEX
  8
87
 10
-6661.2798
 20
934.8900
  0
VERTEX
  8
87
 10
-6661.4702
 20
949.3800
  0
VERTEX
  8
87
 10
-6675.9702
 20
949.1800
  0
VERTEX
  8
87
 10
-6677.3901
 20
1075.3700
  0
VERTEX
  8
87
 10
-6662.9302
 20
1075.4700
  0
VERTEX
  8
87
 10
-6663.0200
 20
1089.9500
  0
VERTEX
  8
87
 10
-6653.1802
 20
1089.0200
  0
VERTEX
  8
87
 10
-6551.8599
 20
1079.4500
  0
VERTEX
  8
87
 10
-6521.8999
 20
1076.6700
  0
VERTEX
  8
87
 10
-6520.9199
 20
1076.5800
  0
VERTEX
  8
87
 10
-6520.4199
 20
1076.6400
  0
VERTEX
  8
87
 10
-6519.9302
 20
1076.7000
  0
VERTEX
  8
87
 10
-6517.8101
 20
951.8900
  0
VERTEX
  8
87
 10
-6518.5898
 20
951.9600
  0
SEQEND
  0
POINT
  8
2
 10
-6518.5898
 20
951.9600
  0
TEXT
  8
14
 10
-6518.5898
 20
951.9600
 40
3.0000
  1
# 402
  7
STANDARD
  0
POINT
  8
3
 10
-6651.0801
 20
936.1300
  0
POINT
  8
2
 10
-6661.2798
 20
934.8900
  0
TEXT
  8
14
 10
-6661.2798
 20
934.8900
 40
3.0000
  1
# 403
  7
STANDARD
  0
POINT
  8
2
 10
-6661.4702
 20
949.3800
  0
TEXT
  8
14
 10
-6661.4702
 20
949.3800
 40
3.0000
  1
# 404
  7
STANDARD
  0
POINT
  8
2
 10
-6675.9702
 20
949.1800
  0
TEXT
  8
14
 10
-6675.9702
 20
949.1800
 40
3.0000
  1
# 405
  7
STANDARD
  0
POINT
  8
2
 10
-6677.3901
 20
1075.3700
  0
TEXT
  8
14
 10
-6677.3901
 20
1075.3700
 40
3.0000
  1
# 406
  7
STANDARD
  0
POINT
  8
2
 10
-6662.9302
 20
1075.4700
  0
TEXT
  8
14
 10
-6662.9302
 20
1075.4700
 40
3.0000
  1
# 407
  7
STANDARD
  0
POINT
  8
2
 10
-6663.0200
 20
1089.9500
  0
TEXT
  8
14
 10
-6663.0200
 20
1089.9500
 40
3.0000
  1
# 408
  7
STANDARD
  0
POINT
  8
3
 10
-6653.1802
 20
1089.0200
  0
POINT
  8
2
 10
-6551.8599
 20
1079.4500
  0
TEXT
  8
14
 10
-6551.8599
 20
1079.4500
 40
3.0000
  1
# 409
  7
STANDARD
  0
POINT
  8
2
 10
-6521.8999
 20
1076.6700
  0
TEXT
  8
14
 10
-6521.8999
 20
1076.6700
 40
3.0000
  1
# 410
  7
STANDARD
  0
POINT
  8
2
 10
-6520.9199
 20
1076.5800
  0
TEXT
  8
14
 10
-6520.9199
 20
1076.5800
 40
3.0000
  1
# 411
  7
STANDARD
  0
POINT
  8
3
 10
-6520.4199
 20
1076.6400
  0
POINT
  8
2
 10
-6519.9302
 20
1076.7000
  0
TEXT
  8
14
 10
-6519.9302
 20
1076.7000
 40
3.0000
  1
# 412
  7
STANDARD
  0
POINT
  8
2
 10
-6517.8101
 20
951.8900
  0
TEXT
  8
14
 10
-6517.8101
 20
951.8900
 40
3.0000
  1
# 413
  7
STANDARD
  0
POINT
  8
4
 10
-6518.5898
 20
951.9600
 30
5.0000
 50
90.0000
  0
POINT
  8
4
 10
-6551.8599
 20
1079.4500
 30
5.0000
 50
265.2935
  0
POINT
  8
4
 10
-6521.8999
 20
1076.6700
 30
5.0000
 50
265.1792
  0
LINE
  8
7
 10
-6647.1099
 20
1012.2600
 11
-6528.3901
 21
1012.2600
  0
LINE
  8
5
 10
-6647.1099
 20
1012.2600
 11
-6528.3901
 21
1012.2600
  0
POINT
  8
2
 10
-6647.1099
 20
1012.2600
  0
TEXT
  8
7
 10
-6647.1099
 20
1012.2600
 40
3.0000
  1
# 414
  7
STANDARD
  0
POINT
  8
2
 10
-6528.3901
 20
1012.2600
  0
TEXT
  8
7
 10
-6528.3901
 20
1012.2600
 40
3.0000
  1
# 415
  7
STANDARD
  0
ENDBLK
  0
BLOCK
  8
0
  2
Top Flap_5017
 70
64
 10
0.0000
 20
0.0000
  0
TEXT
  8
1
 10
-6427.0098
 20
1052.2600
 40
3.0000
 50
0.0000
  1
Piece Name: Top Flap
  7
STANDARD
  0
TEXT
  8
1
 10
-6427.0098
 20
1056.2600
 40
3.0000
 50
0.0000
  1
SAMPLE SIZE:50
  7
STANDARD
  0
TEXT
  8
1
 10
-6427.0098
 20
1060.2600
 40
3.0000
 50
0.0000
  1
ANNOTATION: Cut 2
  7
STANDARD
  0
TEXT
  8
1
 10
-6427.0098
 20
1064.2600
 40
3.0000
 50
0.0000
  1
MATERIAL: Leather
  7
STANDARD
  0
TEXT
  8
1
 10
-6427.0098
 20
1068.2600
 40
3.0000
 50
0.0000
  1
QUANTITY: 1
  7
STANDARD
  0
POLYLINE
  8
1
 66
1
 70
1
  0
VERTEX
  8
1
 10
-6383.2998
 20
979.2400
  0
VERTEX
  8
1
 10
-6468.7900
 20
978.0100
  0
VERTEX
  8
1
 10
-6470.7402
 20
1126.3300
  0
VERTEX
  8
1
 10
-6386.0801
 20
1126.5200
  0
VERTEX
  8
1
 10
-6385.2500
 20
1085.3300
  0
VERTEX
  8
1
 10
-6383.2998
 20
979.2400
  0
SEQEND
  0
POLYLINE
  8
84
 66
1
 70
1
  0
VERTEX
  8
84
 10
-6383.2998
 20
979.2400
  0
VERTEX
  8
84
 10
-6468.7900
 20
978.0100
  0
VERTEX
  8
84
 10
-6470.7402
 20
1126.3300
  0
VERTEX
  8
84
 10
-6386.0801
 20
1126.5200
  0
VERTEX
  8
84
 10
-6385.2500
 20
1085.3300
  0
VERTEX
  8
84
 10
-6383.2998
 20
979.2400
  0
SEQEND
  0
POINT
  8
2
 10
-6383.2998
 20
979.2400
  0
TEXT
  8
1
 10
-6383.2998
 20
979.2400
 40
3.0000
  1
# 416
  7
STANDARD
  0
POINT
  8
2
 10
-6468.7900
 20
978.0100
  0
POINT
  8
2
 10
-6470.7402
 20
1126.3300
  0
POINT
  8
2
 10
-6386.0801
 20
1126.5200
  0
POINT
  8
2
 10
-6385.2500
 20
1085.3300
  0
POINT
  8
4
 10
-6385.2500
 20
1085.3300
 30
5.0000
 50
180.0000
  0
POLYLINE
  8
14
 66
1
 70
1
  0
VERTEX
  8
14
 10
-6393.4800
 20
989.0900
  0
VERTEX
  8
14
 10
-6458.9199
 20
988.1500
  0
VERTEX
  8
14
 10
-6460.6099
 20
1116.3500
  0
VERTEX
  8
14
 10
-6395.8799
 20
1116.5000
  0
VERTEX
  8
14
 10
-6395.2500
 20
1085.3300
  0
VERTEX
  8
14
 10
-6393.4800
 20
989.0900
  0
SEQEND
  0
POLYLINE
  8
87
 66
1
 70
1
  0
VERTEX
  8
87
 10
-6393.4800
 20
989.0900
  0
VERTEX
  8
87
 10
-6458.9199
 20
988.1500
  0
VERTEX
  8
87
 10
-6460.6099
 20
1116.3500
  0
VERTEX
  8
87
 10
-6395.8799
 20
1116.5000
  0
VERTEX
  8
87
 10
-6395.2500
 20
1085.3300
  0
VERTEX
  8
87
 10
-6393.4800
 20
989.0900
  0
SEQEND
  0
POINT
  8
2
 10
-6393.4800
 20
989.0900
  0
TEXT
  8
14
 10
-6393.4800
 20
989.0900
 40
3.0000
  1
# 417
  7
STANDARD
  0
POINT
  8
2
 10
-6458.9199
 20
988.1500
  0
POINT
  8
2
 10
-6460.6099
 20
1116.3500
  0
POINT
  8
2
 10
-6395.8799
 20
1116.5000
  0
POINT
  8
2
 10
-6395.2500
 20
1085.3300
  0
POINT
  8
4
 10
-6395.2500
 20
1085.3300
 30
5.0000
 50
180.0000
  0
LINE
  8
7
 10
-6427.0098
 20
1096.8500
 11
-6427.0098
 21
1008.1700
  0
POINT
  8
2
 10
-6427.0098
 20
1096.8500
  0
TEXT
  8
7
 10
-6427.0098
 20
1096.8500
 40
3.0000
  1
# 418
  7
STANDARD
  0
POINT
  8
2
 10
-6427.0098
 20
1008.1700
  0
TEXT
  8
7
 10
-6427.0098
 20
1008.1700
 40
3.0000
  1
# 419
  7
STANDARD
  0
LINE
  8
5
 10
-6471.3501
 20
1052.5100
 11
-6382.6699
 21
1052.5100
  0
POINT
  8
2
 10
-6471.3501
 20
1052.5100
  0
POINT
  8
2
 10
-6382.6699
 20
1052.5100
  0
POINT
  8
13
 10
-6442.3198
 20
1098.6200
 30
10.0000
  0
TEXT
  8
13
 10
-6442.3198
 20
1098.6200
 40
3.0000
  1
# 420
  7
STANDARD
  0
POINT
  8
13
 10
-6441.4902
 20
1006.5400
 30
10.0000
  0
TEXT
  8
13
 10
-6441.4902
 20
1006.5400
 40
3.0000
  1
# 421
  7
STANDARD
  0
TEXT
  8
15
 10
-6450.1401
 20
1099.4399
 40
7.5
  50
270.0000
  1
SNAP
  7
STANDARD
  0
TEXT
  8
15
 10
-6449.3301
 20
1018.8000
 40
5
  50
270.0000
  1
SNAP
  7
STANDARD
  0
ENDBLK
  0
BLOCK
  8
0
  2
Inside Flap velvett_5018
 70
64
 10
0.0000
 20
0.0000
  0
TEXT
  8
1
 10
-6317.3599
 20
1014.5300
 40
3.0000
 50
0.0000
  1
Piece Name: Inside Flap velvett
  7
STANDARD
  0
TEXT
  8
1
 10
-6317.3599
 20
1018.5300
 40
3.0000
 50
0.0000
  1
SAMPLE SIZE:50
  7
STANDARD
  0
TEXT
  8
1
 10
-6317.3599
 20
1022.5300
 40
3.0000
 50
0.0000
  1
ANNOTATION: Cut 2
  7
STANDARD
  0
TEXT
  8
1
 10
-6317.3599
 20
1026.5300
 40
3.0000
 50
0.0000
  1
MATERIAL: Leather
  7
STANDARD
  0
TEXT
  8
1
 10
-6317.3599
 20
1030.5300
 40
3.0000
 50
0.0000
  1
QUANTITY: 1
  7
STANDARD
  0
POLYLINE
  8
1
 66
1
 70
1
  0
VERTEX
  8
1
 10
-6273.6499
 20
941.5100
  0
VERTEX
  8
1
 10
-6359.1401
 20
940.2800
  0
VERTEX
  8
1
 10
-6361.0898
 20
1088.6000
  0
VERTEX
  8
1
 10
-6276.4302
 20
1088.7900
  0
VERTEX
  8
1
 10
-6275.6001
 20
1047.6000
  0
VERTEX
  8
1
 10
-6273.6499
 20
941.5100
  0
SEQEND
  0
POLYLINE
  8
84
 66
1
 70
1
  0
VERTEX
  8
84
 10
-6273.6499
 20
941.5100
  0
VERTEX
  8
84
 10
-6359.1401
 20
940.2800
  0
VERTEX
  8
84
 10
-6361.0898
 20
1088.6000
  0
VERTEX
  8
84
 10
-6276.4302
 20
1088.7900
  0
VERTEX
  8
84
 10
-6275.6001
 20
1047.6000
  0
VERTEX
  8
84
 10
-6273.6499
 20
941.5100
  0
SEQEND
  0
POINT
  8
2
 10
-6273.6499
 20
941.5100
  0
TEXT
  8
1
 10
-6273.6499
 20
941.5100
 40
3.0000
  1
# 422
  7
STANDARD
  0
POINT
  8
2
 10
-6359.1401
 20
940.2800
  0
POINT
  8
2
 10
-6361.0898
 20
1088.6000
  0
POINT
  8
2
 10
-6276.4302
 20
1088.7900
  0
POINT
  8
2
 10
-6275.6001
 20
1047.6000
  0
POINT
  8
4
 10
-6275.6001
 20
1047.6000
 30
5.0000
 50
180.0000
  0
POLYLINE
  8
14
 66
1
 70
1
  0
VERTEX
  8
14
 10
-6283.8301
 20
951.3600
  0
VERTEX
  8
14
 10
-6349.2700
 20
950.4200
  0
VERTEX
  8
14
 10
-6350.9600
 20
1078.6200
  0
VERTEX
  8
14
 10
-6286.2300
 20
1078.7700
  0
VERTEX
  8
14
 10
-6285.6001
 20
1047.6000
  0
VERTEX
  8
14
 10
-6283.8301
 20
951.3600
  0
SEQEND
  0
POLYLINE
  8
87
 66
1
 70
1
  0
VERTEX
  8
87
 10
-6283.8301
 20
951.3600
  0
VERTEX
  8
87
 10
-6349.2700
 20
950.4200
  0
VERTEX
  8
87
 10
-6350.9600
 20
1078.6200
  0
VERTEX
  8
87
 10
-6286.2300
 20
1078.7700
  0
VERTEX
  8
87
 10
-6285.6001
 20
1047.6000
  0
VERTEX
  8
87
 10
-6283.8301
 20
951.3600
  0
SEQEND
  0
POINT
  8
2
 10
-6283.8301
 20
951.3600
  0
TEXT
  8
14
 10
-6283.8301
 20
951.3600
 40
3.0000
  1
# 423
  7
STANDARD
  0
POINT
  8
2
 10
-6349.2700
 20
950.4200
  0
POINT
  8
2
 10
-6350.9600
 20
1078.6200
  0
POINT
  8
2
 10
-6286.2300
 20
1078.7700
  0
POINT
  8
2
 10
-6285.6001
 20
1047.6000
  0
POINT
  8
4
 10
-6285.6001
 20
1047.6000
 30
5.0000
 50
180.0000
  0
LINE
  8
7
 10
-6317.2002
 20
1059.1200
 11
-6317.2002
 21
970.4400
  0
POINT
  8
2
 10
-6317.2002
 20
1059.1200
  0
TEXT
  8
7
 10
-6317.2002
 20
1059.1200
 40
3.0000
  1
# 424
  7
STANDARD
  0
POINT
  8
2
 10
-6317.2002
 20
970.4400
  0
TEXT
  8
7
 10
-6317.2002
 20
970.4400
 40
3.0000
  1
# 425
  7
STANDARD
  0
LINE
  8
5
 10
-6361.5400
 20
1014.7800
 11
-6272.8599
 21
1014.7800
  0
POINT
  8
2
 10
-6361.5400
 20
1014.7800
  0
POINT
  8
2
 10
-6272.8599
 20
1014.7800
  0
ENDBLK
  0
BLOCK
  8
0
  2
Bottom Pocket_5019
 70
64
 10
0.0000
 20
0.0000
  0
TEXT
  8
1
 10
-6735.8301
 20
668.4400
 40
3.0000
 50
0.0000
  1
Piece Name: Bottom Pocket
  7
STANDARD
  0
TEXT
  8
1
 10
-6735.8301
 20
672.4400
 40
3.0000
 50
0.0000
  1
SAMPLE SIZE:50
  7
STANDARD
  0
TEXT
  8
1
 10
-6735.8301
 20
676.4400
 40
3.0000
 50
0.0000
  1
ANNOTATION: Cut 2
  7
STANDARD
  0
TEXT
  8
1
 10
-6735.8301
 20
680.4400
 40
3.0000
 50
0.0000
  1
MATERIAL: Leather
  7
STANDARD
  0
TEXT
  8
1
 10
-6735.8301
 20
684.4400
 40
3.0000
 50
0.0000
  1
QUANTITY: 1
  7
STANDARD
  0
POLYLINE
  8
1
 66
1
 70
1
  0
VERTEX
  8
1
 10
-6836.3198
 20
787.5200
  0
VERTEX
  8
1
 10
-6825.1899
 20
786.1800
  0
VERTEX
  8
1
 10
-6712.7202
 20
772.3800
  0
VERTEX
  8
1
 10
-6656.4800
 20
765.6800
  0
VERTEX
  8
1
 10
-6620.5298
 20
772.1700
  0
VERTEX
  8
1
 10
-6614.5601
 20
572.2500
  0
VERTEX
  8
1
 10
-6650.7100
 20
575.0400
  0
VERTEX
  8
1
 10
-6819.6299
 20
550.9300
  0
VERTEX
  8
1
 10
-6830.7500
 20
549.3800
  0
VERTEX
  8
1
 10
-6831.1699
 20
571.1100
  0
VERTEX
  8
1
 10
-6851.7700
 20
570.6000
  0
VERTEX
  8
1
 10
-6857.1201
 20
764.7600
  0
VERTEX
  8
1
 10
-6836.3198
 20
765.3700
  0
VERTEX
  8
1
 10
-6836.3198
 20
787.5200
  0
SEQEND
  0
POLYLINE
  8
84
 66
1
 70
1
  0
VERTEX
  8
84
 10
-6836.3198
 20
787.5200
  0
VERTEX
  8
84
 10
-6825.1899
 20
786.1800
  0
VERTEX
  8
84
 10
-6768.9502
 20
779.3400
  0
VERTEX
  8
84
 10
-6712.7202
 20
772.3800
  0
VERTEX
  8
84
 10
-6656.4800
 20
765.6800
  0
VERTEX
  8
84
 10
-6620.5298
 20
772.1700
  0
VERTEX
  8
84
 10
-6614.5601
 20
572.2500
  0
VERTEX
  8
84
 10
-6650.7100
 20
575.0400
  0
VERTEX
  8
84
 10
-6735.1499
 20
562.8600
  0
VERTEX
  8
84
 10
-6819.6299
 20
550.9300
  0
VERTEX
  8
84
 10
-6830.7500
 20
549.3800
  0
VERTEX
  8
84
 10
-6831.1699
 20
571.1100
  0
VERTEX
  8
84
 10
-6851.7700
 20
570.6000
  0
VERTEX
  8
84
 10
-6857.1201
 20
764.7600
  0
VERTEX
  8
84
 10
-6836.3198
 20
765.3700
  0
VERTEX
  8
84
 10
-6836.3198
 20
787.5200
  0
SEQEND
  0
POINT
  8
2
 10
-6836.3198
 20
787.5200
  0
TEXT
  8
1
 10
-6836.3198
 20
787.5200
 40
3.0000
  1
# 426
  7
STANDARD
  0
POINT
  8
3
 10
-6825.1899
 20
786.1800
  0
POINT
  8
2
 10
-6712.7202
 20
772.3800
  0
TEXT
  8
1
 10
-6712.7202
 20
772.3800
 40
3.0000
  1
# 427
  7
STANDARD
  0
POINT
  8
2
 10
-6656.4800
 20
765.6800
  0
TEXT
  8
1
 10
-6656.4800
 20
765.6800
 40
3.0000
  1
# 428
  7
STANDARD
  0
POINT
  8
2
 10
-6620.5298
 20
772.1700
  0
TEXT
  8
1
 10
-6620.5298
 20
772.1700
 40
3.0000
  1
# 429
  7
STANDARD
  0
POINT
  8
2
 10
-6614.5601
 20
572.2500
  0
TEXT
  8
1
 10
-6614.5601
 20
572.2500
 40
3.0000
  1
# 430
  7
STANDARD
  0
POINT
  8
2
 10
-6650.7100
 20
575.0400
  0
TEXT
  8
1
 10
-6650.7100
 20
575.0400
 40
3.0000
  1
# 431
  7
STANDARD
  0
POINT
  8
3
 10
-6819.6299
 20
550.9300
  0
POINT
  8
2
 10
-6830.7500
 20
549.3800
  0
TEXT
  8
1
 10
-6830.7500
 20
549.3800
 40
3.0000
  1
# 432
  7
STANDARD
  0
POINT
  8
2
 10
-6831.1699
 20
571.1100
  0
TEXT
  8
1
 10
-6831.1699
 20
571.1100
 40
3.0000
  1
# 433
  7
STANDARD
  0
POINT
  8
2
 10
-6851.7700
 20
570.6000
  0
TEXT
  8
1
 10
-6851.7700
 20
570.6000
 40
3.0000
  1
# 434
  7
STANDARD
  0
POINT
  8
2
 10
-6857.1201
 20
764.7600
  0
TEXT
  8
1
 10
-6857.1201
 20
764.7600
 40
3.0000
  1
# 435
  7
STANDARD
  0
POINT
  8
2
 10
-6836.3198
 20
765.3700
  0
TEXT
  8
1
 10
-6836.3198
 20
765.3700
 40
3.0000
  1
# 436
  7
STANDARD
  0
POINT
  8
4
 10
-6712.7202
 20
772.3800
 30
5.0000
 50
262.8750
  0
POINT
  8
4
 10
-6656.4800
 20
765.6800
 30
5.0000
 50
272.4050
  0
POINT
  8
4
 10
-6650.7100
 20
575.0400
 30
5.0000
 50
92.4050
  0
POLYLINE
  8
14
 66
1
 70
1
  0
VERTEX
  8
14
 10
-6826.3198
 20
776.2400
  0
VERTEX
  8
14
 10
-6816.1201
 20
775.0000
  0
VERTEX
  8
14
 10
-6713.9600
 20
762.4600
  0
VERTEX
  8
14
 10
-6713.0801
 20
762.3500
  0
VERTEX
  8
14
 10
-6656.0601
 20
755.5900
  0
VERTEX
  8
14
 10
-6653.0698
 20
756.1300
  0
VERTEX
  8
14
 10
-6647.9600
 20
584.8600
  0
VERTEX
  8
14
 10
-6651.1299
 20
585.0900
  0
VERTEX
  8
14
 10
-6737.9600
 20
572.5600
  0
VERTEX
  8
14
 10
-6820.9702
 20
560.8400
  0
VERTEX
  8
14
 10
-6821.3599
 20
581.3600
  0
VERTEX
  8
14
 10
-6842.0400
 20
580.8500
  0
VERTEX
  8
14
 10
-6846.8398
 20
755.0500
  0
VERTEX
  8
14
 10
-6826.3198
 20
755.6600
  0
VERTEX
  8
14
 10
-6826.3198
 20
776.2400
  0
SEQEND
  0
POLYLINE
  8
87
 66
1
 70
1
  0
VERTEX
  8
87
 10
-6826.3198
 20
776.2400
  0
VERTEX
  8
87
 10
-6816.1201
 20
775.0000
  0
VERTEX
  8
87
 10
-6713.9600
 20
762.4600
  0
VERTEX
  8
87
 10
-6713.0801
 20
762.3500
  0
VERTEX
  8
87
 10
-6656.0601
 20
755.5900
  0
VERTEX
  8
87
 10
-6653.0698
 20
756.1300
  0
VERTEX
  8
87
 10
-6647.9600
 20
584.8600
  0
VERTEX
  8
87
 10
-6651.1299
 20
585.0900
  0
VERTEX
  8
87
 10
-6737.9600
 20
572.5600
  0
VERTEX
  8
87
 10
-6820.9702
 20
560.8400
  0
VERTEX
  8
87
 10
-6821.3599
 20
581.3600
  0
VERTEX
  8
87
 10
-6842.0400
 20
580.8500
  0
VERTEX
  8
87
 10
-6846.8398
 20
755.0500
  0
VERTEX
  8
87
 10
-6826.3198
 20
755.6600
  0
VERTEX
  8
87
 10
-6826.3198
 20
776.2400
  0
SEQEND
  0
POINT
  8
2
 10
-6826.3198
 20
776.2400
  0
TEXT
  8
14
 10
-6826.3198
 20
776.2400
 40
3.0000
  1
# 437
  7
STANDARD
  0
POINT
  8
3
 10
-6816.1201
 20
775.0000
  0
POINT
  8
3
 10
-6713.9600
 20
762.4600
  0
TEXT
  8
14
 10
-6713.9600
 20
762.4600
 40
3.0000
  1
# 438
  7
STANDARD
  0
POINT
  8
2
 10
-6713.0801
 20
762.3500
  0
TEXT
  8
14
 10
-6713.0801
 20
762.3500
 40
3.0000
  1
# 439
  7
STANDARD
  0
POINT
  8
2
 10
-6656.0601
 20
755.5900
  0
TEXT
  8
14
 10
-6656.0601
 20
755.5900
 40
3.0000
  1
# 440
  7
STANDARD
  0
POINT
  8
2
 10
-6653.0698
 20
756.1300
  0
TEXT
  8
14
 10
-6653.0698
 20
756.1300
 40
3.0000
  1
# 441
  7
STANDARD
  0
POINT
  8
2
 10
-6647.9600
 20
584.8600
  0
TEXT
  8
14
 10
-6647.9600
 20
584.8600
 40
3.0000
  1
# 442
  7
STANDARD
  0
POINT
  8
2
 10
-6651.1299
 20
585.0900
  0
TEXT
  8
14
 10
-6651.1299
 20
585.0900
 40
3.0000
  1
# 443
  7
STANDARD
  0
POINT
  8
2
 10
-6737.9600
 20
572.5600
  0
POINT
  8
2
 10
-6820.9702
 20
560.8400
  0
TEXT
  8
14
 10
-6820.9702
 20
560.8400
 40
3.0000
  1
# 444
  7
STANDARD
  0
POINT
  8
2
 10
-6821.3599
 20
581.3600
  0
TEXT
  8
14
 10
-6821.3599
 20
581.3600
 40
3.0000
  1
# 445
  7
STANDARD
  0
POINT
  8
2
 10
-6842.0400
 20
580.8500
  0
TEXT
  8
14
 10
-6842.0400
 20
580.8500
 40
3.0000
  1
# 446
  7
STANDARD
  0
POINT
  8
2
 10
-6846.8398
 20
755.0500
  0
TEXT
  8
14
 10
-6846.8398
 20
755.0500
 40
3.0000
  1
# 447
  7
STANDARD
  0
POINT
  8
2
 10
-6826.3198
 20
755.6600
  0
TEXT
  8
14
 10
-6826.3198
 20
755.6600
 40
3.0000
  1
# 448
  7
STANDARD
  0
POINT
  8
4
 10
-6713.9600
 20
762.4600
 30
5.0000
 50
262.8750
  0
POINT
  8
4
 10
-6656.0601
 20
755.5900
 30
5.0000
 50
272.4050
  0
POINT
  8
4
 10
-6651.1299
 20
585.0900
 30
5.0000
 50
92.4050
  0
LINE
  8
7
 10
-6807.0498
 20
668.4400
 11
-6664.8301
 21
668.4400
  0
LINE
  8
5
 10
-6807.0498
 20
668.4400
 11
-6664.8301
 21
668.4400
  0
POINT
  8
2
 10
-6807.0498
 20
668.4400
  0
TEXT
  8
7
 10
-6807.0498
 20
668.4400
 40
3.0000
  1
# 449
  7
STANDARD
  0
POINT
  8
2
 10
-6664.8301
 20
668.4400
  0
TEXT
  8
7
 10
-6664.8301
 20
668.4400
 40
3.0000
  1
# 450
  7
STANDARD
  0
TEXT
  8
15
 10
-6762.0000
 20
777.7300
 40
10
  50
0.0000
  1
POCKET 2P
  7
STANDARD
  0
ENDBLK
  0
BLOCK
  8
0
  2
Bottom Pocket Top Flap_5020
 70
64
 10
0.0000
 20
0.0000
  0
TEXT
  8
1
 10
-6293.7500
 20
656.3000
 40
3.0000
 50
0.0000
  1
Piece Name: Bottom Pocket Top Flap
  7
STANDARD
  0
TEXT
  8
1
 10
-6293.7500
 20
660.3000
 40
3.0000
 50
0.0000
  1
SAMPLE SIZE:50
  7
STANDARD
  0
TEXT
  8
1
 10
-6293.7500
 20
664.3000
 40
3.0000
 50
0.0000
  1
ANNOTATION: Cut 2
  7
STANDARD
  0
TEXT
  8
1
 10
-6293.7500
 20
668.3000
 40
3.0000
 50
0.0000
  1
MATERIAL: Leather
  7
STANDARD
  0
TEXT
  8
1
 10
-6293.7500
 20
672.3000
 40
3.0000
 50
0.0000
  1
QUANTITY: 1
  7
STANDARD
  0
POLYLINE
  8
1
 66
1
 70
1
  0
VERTEX
  8
1
 10
-6240.8198
 20
560.7300
  0
VERTEX
  8
1
 10
-6341.4502
 20
557.6400
  0
VERTEX
  8
1
 10
-6346.7002
 20
754.9800
  0
VERTEX
  8
1
 10
-6247.9199
 20
754.9800
  0
VERTEX
  8
1
 10
-6240.8198
 20
560.7300
  0
SEQEND
  0
POLYLINE
  8
84
 66
1
 70
1
  0
VERTEX
  8
84
 10
-6240.8198
 20
560.7300
  0
VERTEX
  8
84
 10
-6341.4502
 20
557.6400
  0
VERTEX
  8
84
 10
-6346.7002
 20
754.9800
  0
VERTEX
  8
84
 10
-6247.9199
 20
754.9800
  0
VERTEX
  8
84
 10
-6240.8198
 20
560.7300
  0
SEQEND
  0
POINT
  8
2
 10
-6240.8198
 20
560.7300
  0
TEXT
  8
1
 10
-6240.8198
 20
560.7300
 40
3.0000
  1
# 451
  7
STANDARD
  0
POINT
  8
2
 10
-6341.4502
 20
557.6400
  0
TEXT
  8
1
 10
-6341.4502
 20
557.6400
 40
3.0000
  1
# 452
  7
STANDARD
  0
POINT
  8
2
 10
-6346.7002
 20
754.9800
  0
TEXT
  8
1
 10
-6346.7002
 20
754.9800
 40
3.0000
  1
# 453
  7
STANDARD
  0
POINT
  8
2
 10
-6247.9199
 20
754.9800
  0
TEXT
  8
1
 10
-6247.9199
 20
754.9800
 40
3.0000
  1
# 454
  7
STANDARD
  0
POLYLINE
  8
14
 66
1
 70
1
  0
VERTEX
  8
14
 10
-6251.1802
 20
570.4200
  0
VERTEX
  8
14
 10
-6331.7202
 20
567.9500
  0
VERTEX
  8
14
 10
-6336.4302
 20
744.9800
  0
VERTEX
  8
14
 10
-6257.5601
 20
744.9800
  0
VERTEX
  8
14
 10
-6251.1802
 20
570.4200
  0
SEQEND
  0
POLYLINE
  8
87
 66
1
 70
1
  0
VERTEX
  8
87
 10
-6251.1802
 20
570.4200
  0
VERTEX
  8
87
 10
-6331.7202
 20
567.9500
  0
VERTEX
  8
87
 10
-6336.4302
 20
744.9800
  0
VERTEX
  8
87
 10
-6257.5601
 20
744.9800
  0
VERTEX
  8
87
 10
-6251.1802
 20
570.4200
  0
SEQEND
  0
POINT
  8
2
 10
-6251.1802
 20
570.4200
  0
TEXT
  8
14
 10
-6251.1802
 20
570.4200
 40
3.0000
  1
# 455
  7
STANDARD
  0
POINT
  8
2
 10
-6331.7202
 20
567.9500
  0
TEXT
  8
14
 10
-6331.7202
 20
567.9500
 40
3.0000
  1
# 456
  7
STANDARD
  0
POINT
  8
2
 10
-6336.4302
 20
744.9800
  0
TEXT
  8
14
 10
-6336.4302
 20
744.9800
 40
3.0000
  1
# 457
  7
STANDARD
  0
POINT
  8
2
 10
-6257.5601
 20
744.9800
  0
TEXT
  8
14
 10
-6257.5601
 20
744.9800
 40
3.0000
  1
# 458
  7
STANDARD
  0
LINE
  8
7
 10
-6293.9199
 20
598.2500
 11
-6293.9199
 21
715.7900
  0
POINT
  8
2
 10
-6293.9199
 20
598.2500
  0
TEXT
  8
7
 10
-6293.9199
 20
598.2500
 40
3.0000
  1
# 459
  7
STANDARD
  0
POINT
  8
2
 10
-6293.9199
 20
715.7900
  0
TEXT
  8
7
 10
-6293.9199
 20
715.7900
 40
3.0000
  1
# 460
  7
STANDARD
  0
LINE
  8
5
 10
-6352.6899
 20
657.0200
 11
-6235.1499
 21
657.0200
  0
POINT
  8
2
 10
-6352.6899
 20
657.0200
  0
POINT
  8
2
 10
-6235.1499
 20
657.0200
  0
POINT
  8
13
 10
-6317.9702
 20
727.0700
 30
10.0000
  0
TEXT
  8
13
 10
-6317.9702
 20
727.0700
 40
3.0000
  1
# 461
  7
STANDARD
  0
POINT
  8
13
 10
-6313.7300
 20
586.0600
 30
10.0000
  0
TEXT
  8
13
 10
-6313.7300
 20
586.0600
 40
3.0000
  1
# 462
  7
STANDARD
  0
TEXT
  8
15
 10
-6326.0000
 20
728.8200
 40
10
  50
270.0000
  1
SNAP
  7
STANDARD
  0
TEXT
  8
15
 10
-6322.6001
 20
603.1600
 40
10
  50
270.0000
  1
SNAP
  7
STANDARD
  0
ENDBLK
  0
BLOCK
  8
0
  2
Bottom Pkt In Flap Velvett_5021
 70
64
 10
0.0000
 20
0.0000
  0
TEXT
  8
1
 10
-6460.3701
 20
628.0500
 40
3.0000
 50
0.0000
  1
Piece Name: Bottom Pkt In Flap Velvett
  7
STANDARD
  0
TEXT
  8
1
 10
-6460.3701
 20
632.0500
 40
3.0000
 50
0.0000
  1
SAMPLE SIZE:50
  7
STANDARD
  0
TEXT
  8
1
 10
-6460.3701
 20
636.0500
 40
3.0000
 50
0.0000
  1
ANNOTATION: Cut 2
  7
STANDARD
  0
TEXT
  8
1
 10
-6460.3701
 20
640.0500
 40
3.0000
 50
0.0000
  1
MATERIAL: Leather
  7
STANDARD
  0
TEXT
  8
1
 10
-6460.3701
 20
644.0500
 40
3.0000
 50
0.0000
  1
QUANTITY: 1
  7
STANDARD
  0
POLYLINE
  8
1
 66
1
 70
1
  0
VERTEX
  8
1
 10
-6407.4399
 20
532.4800
  0
VERTEX
  8
1
 10
-6508.0698
 20
529.3900
  0
VERTEX
  8
1
 10
-6513.3198
 20
726.7300
  0
VERTEX
  8
1
 10
-6414.5400
 20
726.7300
  0
VERTEX
  8
1
 10
-6407.4399
 20
532.4800
  0
SEQEND
  0
POLYLINE
  8
84
 66
1
 70
1
  0
VERTEX
  8
84
 10
-6407.4399
 20
532.4800
  0
VERTEX
  8
84
 10
-6508.0698
 20
529.3900
  0
VERTEX
  8
84
 10
-6513.3198
 20
726.7300
  0
VERTEX
  8
84
 10
-6414.5400
 20
726.7300
  0
VERTEX
  8
84
 10
-6407.4399
 20
532.4800
  0
SEQEND
  0
POINT
  8
2
 10
-6407.4399
 20
532.4800
  0
TEXT
  8
1
 10
-6407.4399
 20
532.4800
 40
3.0000
  1
# 463
  7
STANDARD
  0
POINT
  8
2
 10
-6508.0698
 20
529.3900
  0
TEXT
  8
1
 10
-6508.0698
 20
529.3900
 40
3.0000
  1
# 464
  7
STANDARD
  0
POINT
  8
2
 10
-6513.3198
 20
726.7300
  0
TEXT
  8
1
 10
-6513.3198
 20
726.7300
 40
3.0000
  1
# 465
  7
STANDARD
  0
POINT
  8
2
 10
-6414.5400
 20
726.7300
  0
TEXT
  8
1
 10
-6414.5400
 20
726.7300
 40
3.0000
  1
# 466
  7
STANDARD
  0
POLYLINE
  8
14
 66
1
 70
1
  0
VERTEX
  8
14
 10
-6417.7998
 20
542.1700
  0
VERTEX
  8
14
 10
-6498.3398
 20
539.7000
  0
VERTEX
  8
14
 10
-6503.0498
 20
716.7300
  0
VERTEX
  8
14
 10
-6424.1802
 20
716.7300
  0
VERTEX
  8
14
 10
-6417.7998
 20
542.1700
  0
SEQEND
  0
POLYLINE
  8
87
 66
1
 70
1
  0
VERTEX
  8
87
 10
-6417.7998
 20
542.1700
  0
VERTEX
  8
87
 10
-6498.3398
 20
539.7000
  0
VERTEX
  8
87
 10
-6503.0498
 20
716.7300
  0
VERTEX
  8
87
 10
-6424.1802
 20
716.7300
  0
VERTEX
  8
87
 10
-6417.7998
 20
542.1700
  0
SEQEND
  0
POINT
  8
2
 10
-6417.7998
 20
542.1700
  0
TEXT
  8
14
 10
-6417.7998
 20
542.1700
 40
3.0000
  1
# 467
  7
STANDARD
  0
POINT
  8
2
 10
-6498.3398
 20
539.7000
  0
TEXT
  8
14
 10
-6498.3398
 20
539.7000
 40
3.0000
  1
# 468
  7
STANDARD
  0
POINT
  8
2
 10
-6503.0498
 20
716.7300
  0
TEXT
  8
14
 10
-6503.0498
 20
716.7300
 40
3.0000
  1
# 469
  7
STANDARD
  0
POINT
  8
2
 10
-6424.1802
 20
716.7300
  0
TEXT
  8
14
 10
-6424.1802
 20
716.7300
 40
3.0000
  1
# 470
  7
STANDARD
  0
LINE
  8
7
 10
-6460.5400
 20
570.0000
 11
-6460.5400
 21
687.5400
  0
POINT
  8
2
 10
-6460.5400
 20
570.0000
  0
TEXT
  8
7
 10
-6460.5400
 20
570.0000
 40
3.0000
  1
# 471
  7
STANDARD
  0
POINT
  8
2
 10
-6460.5400
 20
687.5400
  0
TEXT
  8
7
 10
-6460.5400
 20
687.5400
 40
3.0000
  1
# 472
  7
STANDARD
  0
LINE
  8
5
 10
-6519.3101
 20
628.7700
 11
-6401.7700
 21
628.7700
  0
POINT
  8
2
 10
-6519.3101
 20
628.7700
  0
POINT
  8
2
 10
-6401.7700
 20
628.7700
  0
ENDBLK
  0
BLOCK
  8
0
  2
Lining Pocket Bone_5022
 70
64
 10
0.0000
 20
0.0000
  0
TEXT
  8
1
 10
-6273.2500
 20
297.1400
 40
3.0000
 50
0.0000
  1
Piece Name: Lining Pocket Bone
  7
STANDARD
  0
TEXT
  8
1
 10
-6273.2500
 20
301.1400
 40
3.0000
 50
0.0000
  1
SAMPLE SIZE:50
  7
STANDARD
  0
TEXT
  8
1
 10
-6273.2500
 20
305.1400
 40
3.0000
 50
0.0000
  1
ANNOTATION: Cut 4
  7
STANDARD
  0
TEXT
  8
1
 10
-6273.2500
 20
309.1400
 40
3.0000
 50
0.0000
  1
MATERIAL: Leather
  7
STANDARD
  0
TEXT
  8
1
 10
-6273.2500
 20
313.1400
 40
3.0000
 50
0.0000
  1
QUANTITY: 1
  7
STANDARD
  0
POLYLINE
  8
1
 66
1
 70
1
  0
VERTEX
  8
1
 10
-6255.2300
 20
388.5100
  0
VERTEX
  8
1
 10
-6255.2300
 20
367.9100
  0
VERTEX
  8
1
 10
-6255.2300
 20
226.3900
  0
VERTEX
  8
1
 10
-6255.2300
 20
205.7900
  0
VERTEX
  8
1
 10
-6273.7700
 20
205.7900
  0
VERTEX
  8
1
 10
-6291.2798
 20
205.7900
  0
VERTEX
  8
1
 10
-6291.2798
 20
226.3900
  0
VERTEX
  8
1
 10
-6291.2798
 20
367.9100
  0
VERTEX
  8
1
 10
-6291.2798
 20
388.5100
  0
VERTEX
  8
1
 10
-6273.7700
 20
388.5100
  0
VERTEX
  8
1
 10
-6255.2300
 20
388.5100
  0
SEQEND
  0
POLYLINE
  8
84
 66
1
 70
1
  0
VERTEX
  8
84
 10
-6255.2300
 20
388.5100
  0
VERTEX
  8
84
 10
-6255.2300
 20
367.9100
  0
VERTEX
  8
84
 10
-6255.2300
 20
226.3900
  0
VERTEX
  8
84
 10
-6255.2300
 20
205.7900
  0
VERTEX
  8
84
 10
-6273.7700
 20
205.7900
  0
VERTEX
  8
84
 10
-6291.2798
 20
205.7900
  0
VERTEX
  8
84
 10
-6291.2798
 20
226.3900
  0
VERTEX
  8
84
 10
-6291.2798
 20
367.9100
  0
VERTEX
  8
84
 10
-6291.2798
 20
388.5100
  0
VERTEX
  8
84
 10
-6273.7700
 20
388.5100
  0
VERTEX
  8
84
 10
-6255.2300
 20
388.5100
  0
SEQEND
  0
POINT
  8
2
 10
-6255.2300
 20
388.5100
  0
TEXT
  8
1
 10
-6255.2300
 20
388.5100
 40
3.0000
  1
# 473
  7
STANDARD
  0
POINT
  8
2
 10
-6255.2300
 20
367.9100
  0
POINT
  8
2
 10
-6255.2300
 20
226.3900
  0
POINT
  8
2
 10
-6255.2300
 20
205.7900
  0
POINT
  8
2
 10
-6273.7700
 20
205.7900
  0
POINT
  8
2
 10
-6291.2798
 20
205.7900
  0
POINT
  8
2
 10
-6291.2798
 20
226.3900
  0
POINT
  8
2
 10
-6291.2798
 20
367.9100
  0
POINT
  8
2
 10
-6291.2798
 20
388.5100
  0
POINT
  8
2
 10
-6273.7700
 20
388.5100
  0
POINT
  8
4
 10
-6255.2300
 20
367.9100
 30
5.0000
 50
180.0000
  0
POINT
  8
4
 10
-6255.2300
 20
226.3900
 30
5.0000
 50
180.0000
  0
POINT
  8
4
 10
-6273.7700
 20
205.7900
 30
5.0000
 50
90.0000
  0
POINT
  8
4
 10
-6291.2798
 20
226.3900
 30
5.0000
 50
0.0000
  0
POINT
  8
4
 10
-6291.2798
 20
367.9100
 30
5.0000
 50
0.0000
  0
POINT
  8
4
 10
-6273.7700
 20
388.5100
 30
5.0000
 50
270.0000
  0
POLYLINE
  8
14
 66
1
 70
1
  0
VERTEX
  8
14
 10
-6265.2300
 20
378.5100
  0
VERTEX
  8
14
 10
-6265.2300
 20
367.9100
  0
VERTEX
  8
14
 10
-6265.2300
 20
226.3900
  0
VERTEX
  8
14
 10
-6265.2300
 20
215.7900
  0
VERTEX
  8
14
 10
-6273.7700
 20
215.7900
  0
VERTEX
  8
14
 10
-6281.2798
 20
215.7900
  0
VERTEX
  8
14
 10
-6281.2798
 20
226.3900
  0
VERTEX
  8
14
 10
-6281.2798
 20
367.9100
  0
VERTEX
  8
14
 10
-6281.2798
 20
378.5100
  0
VERTEX
  8
14
 10
-6273.7700
 20
378.5100
  0
VERTEX
  8
14
 10
-6265.2300
 20
378.5100
  0
SEQEND
  0
POLYLINE
  8
87
 66
1
 70
1
  0
VERTEX
  8
87
 10
-6265.2300
 20
378.5100
  0
VERTEX
  8
87
 10
-6265.2300
 20
367.9100
  0
VERTEX
  8
87
 10
-6265.2300
 20
226.3900
  0
VERTEX
  8
87
 10
-6265.2300
 20
215.7900
  0
VERTEX
  8
87
 10
-6273.7700
 20
215.7900
  0
VERTEX
  8
87
 10
-6281.2798
 20
215.7900
  0
VERTEX
  8
87
 10
-6281.2798
 20
226.3900
  0
VERTEX
  8
87
 10
-6281.2798
 20
367.9100
  0
VERTEX
  8
87
 10
-6281.2798
 20
378.5100
  0
VERTEX
  8
87
 10
-6273.7700
 20
378.5100
  0
VERTEX
  8
87
 10
-6265.2300
 20
378.5100
  0
SEQEND
  0
POINT
  8
2
 10
-6265.2300
 20
378.5100
  0
TEXT
  8
14
 10
-6265.2300
 20
378.5100
 40
3.0000
  1
# 474
  7
STANDARD
  0
POINT
  8
2
 10
-6265.2300
 20
367.9100
  0
POINT
  8
2
 10
-6265.2300
 20
226.3900
  0
POINT
  8
2
 10
-6265.2300
 20
215.7900
  0
POINT
  8
2
 10
-6273.7700
 20
215.7900
  0
POINT
  8
2
 10
-6281.2798
 20
215.7900
  0
POINT
  8
2
 10
-6281.2798
 20
226.3900
  0
POINT
  8
2
 10
-6281.2798
 20
367.9100
  0
POINT
  8
2
 10
-6281.2798
 20
378.5100
  0
POINT
  8
2
 10
-6273.7700
 20
378.5100
  0
POINT
  8
4
 10
-6265.2300
 20
367.9100
 30
5.0000
 50
180.0000
  0
POINT
  8
4
 10
-6265.2300
 20
226.3900
 30
5.0000
 50
180.0000
  0
POINT
  8
4
 10
-6273.7700
 20
215.7900
 30
5.0000
 50
90.0000
  0
POINT
  8
4
 10
-6281.2798
 20
226.3900
 30
5.0000
 50
0.0000
  0
POINT
  8
4
 10
-6281.2798
 20
367.9100
 30
5.0000
 50
0.0000
  0
POINT
  8
4
 10
-6273.7700
 20
378.5100
 30
5.0000
 50
270.0000
  0
LINE
  8
7
 10
-6272.3599
 20
246.8900
 11
-6272.3599
 21
356.5300
  0
POINT
  8
2
 10
-6272.3599
 20
246.8900
  0
TEXT
  8
7
 10
-6272.3599
 20
246.8900
 40
3.0000
  1
# 475
  7
STANDARD
  0
POINT
  8
2
 10
-6272.3599
 20
356.5300
  0
TEXT
  8
7
 10
-6272.3599
 20
356.5300
 40
3.0000
  1
# 476
  7
STANDARD
  0
LINE
  8
5
 10
-6327.1802
 20
301.7100
 11
-6217.5400
 21
301.7100
  0
POINT
  8
2
 10
-6327.1802
 20
301.7100
  0
POINT
  8
2
 10
-6217.5400
 20
301.7100
  0
ENDBLK
  0
BLOCK
  8
0
  2
Lining Pocket In Bone_5023
 70
64
 10
0.0000
 20
0.0000
  0
TEXT
  8
1
 10
-6191.1299
 20
281.8700
 40
3.0000
 50
0.0000
  1
Piece Name: Lining Pocket In Bone
  7
STANDARD
  0
TEXT
  8
1
 10
-6191.1299
 20
285.8700
 40
3.0000
 50
0.0000
  1
SAMPLE SIZE:50
  7
STANDARD
  0
TEXT
  8
1
 10
-6191.1299
 20
289.8700
 40
3.0000
 50
0.0000
  1
ANNOTATION: Cut 2
  7
STANDARD
  0
TEXT
  8
1
 10
-6191.1299
 20
293.8700
 40
3.0000
 50
0.0000
  1
MATERIAL: Leather
  7
STANDARD
  0
TEXT
  8
1
 10
-6191.1299
 20
297.8700
 40
3.0000
 50
0.0000
  1
QUANTITY: 1
  7
STANDARD
  0
POLYLINE
  8
1
 66
1
 70
1
  0
VERTEX
  8
1
 10
-6224.6201
 20
374.2700
  0
VERTEX
  8
1
 10
-6157.8701
 20
374.3700
  0
VERTEX
  8
1
 10
-6157.6699
 20
352.5400
  0
VERTEX
  8
1
 10
-6157.6602
 20
212.3600
  0
VERTEX
  8
1
 10
-6157.6602
 20
189.3900
  0
VERTEX
  8
1
 10
-6224.6099
 20
189.3900
  0
VERTEX
  8
1
 10
-6224.6201
 20
302.1700
  0
VERTEX
  8
1
 10
-6224.6201
 20
374.2700
  0
SEQEND
  0
POLYLINE
  8
84
 66
1
 70
1
  0
VERTEX
  8
84
 10
-6224.6201
 20
374.2700
  0
VERTEX
  8
84
 10
-6157.8701
 20
374.3700
  0
VERTEX
  8
84
 10
-6157.6699
 20
352.5400
  0
VERTEX
  8
84
 10
-6157.6602
 20
212.3600
  0
VERTEX
  8
84
 10
-6157.6602
 20
189.3900
  0
VERTEX
  8
84
 10
-6224.6099
 20
189.3900
  0
VERTEX
  8
84
 10
-6224.6201
 20
302.1700
  0
VERTEX
  8
84
 10
-6224.6201
 20
374.2700
  0
SEQEND
  0
POINT
  8
2
 10
-6224.6201
 20
374.2700
  0
TEXT
  8
1
 10
-6224.6201
 20
374.2700
 40
3.0000
  1
# 477
  7
STANDARD
  0
POINT
  8
2
 10
-6157.8701
 20
374.3700
  0
POINT
  8
2
 10
-6157.6699
 20
352.5400
  0
POINT
  8
2
 10
-6157.6602
 20
212.3600
  0
POINT
  8
2
 10
-6157.6602
 20
189.3900
  0
POINT
  8
2
 10
-6224.6099
 20
189.3900
  0
POINT
  8
2
 10
-6224.6201
 20
302.1700
  0
POINT
  8
4
 10
-6157.6699
 20
352.5400
 30
5.0000
 50
180.0000
  0
POINT
  8
4
 10
-6157.6602
 20
212.3600
 30
5.0000
 50
180.0000
  0
POINT
  8
4
 10
-6224.6201
 20
302.1700
 30
5.0000
 50
0.0000
  0
POLYLINE
  8
14
 66
1
 70
1
  0
VERTEX
  8
14
 10
-6214.6201
 20
364.2900
  0
VERTEX
  8
14
 10
-6167.7798
 20
364.3600
  0
VERTEX
  8
14
 10
-6167.6699
 20
352.5400
  0
VERTEX
  8
14
 10
-6167.6602
 20
212.3600
  0
VERTEX
  8
14
 10
-6167.6602
 20
199.3900
  0
VERTEX
  8
14
 10
-6214.6099
 20
199.3900
  0
VERTEX
  8
14
 10
-6214.6201
 20
302.1700
  0
VERTEX
  8
14
 10
-6214.6201
 20
364.2900
  0
SEQEND
  0
POLYLINE
  8
87
 66
1
 70
1
  0
VERTEX
  8
87
 10
-6214.6201
 20
364.2900
  0
VERTEX
  8
87
 10
-6167.7798
 20
364.3600
  0
VERTEX
  8
87
 10
-6167.6699
 20
352.5400
  0
VERTEX
  8
87
 10
-6167.6602
 20
212.3600
  0
VERTEX
  8
87
 10
-6167.6602
 20
199.3900
  0
VERTEX
  8
87
 10
-6214.6099
 20
199.3900
  0
VERTEX
  8
87
 10
-6214.6201
 20
302.1700
  0
VERTEX
  8
87
 10
-6214.6201
 20
364.2900
  0
SEQEND
  0
POINT
  8
2
 10
-6214.6201
 20
364.2900
  0
TEXT
  8
14
 10
-6214.6201
 20
364.2900
 40
3.0000
  1
# 478
  7
STANDARD
  0
POINT
  8
2
 10
-6167.7798
 20
364.3600
  0
POINT
  8
2
 10
-6167.6699
 20
352.5400
  0
POINT
  8
2
 10
-6167.6602
 20
212.3600
  0
POINT
  8
2
 10
-6167.6602
 20
199.3900
  0
POINT
  8
2
 10
-6214.6099
 20
199.3900
  0
POINT
  8
2
 10
-6214.6201
 20
302.1700
  0
POINT
  8
4
 10
-6167.6699
 20
352.5400
 30
5.0000
 50
180.0000
  0
POINT
  8
4
 10
-6167.6602
 20
212.3600
 30
5.0000
 50
180.0000
  0
POINT
  8
4
 10
-6214.6201
 20
302.1700
 30
5.0000
 50
0.0000
  0
LINE
  8
7
 10
-6191.1499
 20
226.3700
 11
-6191.1299
 21
337.3300
  0
POINT
  8
2
 10
-6191.1499
 20
226.3700
  0
TEXT
  8
7
 10
-6191.1499
 20
226.3700
 40
3.0000
  1
# 479
  7
STANDARD
  0
POINT
  8
2
 10
-6191.1299
 20
337.3300
  0
TEXT
  8
7
 10
-6191.1299
 20
337.3300
 40
3.0000
  1
# 480
  7
STANDARD
  0
LINE
  8
5
 10
-6246.6201
 20
281.8500
 11
-6135.6602
 21
281.8500
  0
POINT
  8
2
 10
-6246.6201
 20
281.8500
  0
POINT
  8
2
 10
-6135.6602
 20
281.8500
  0
ENDBLK
  0
BLOCK
  8
0
  2
Top Collar_5024
 70
64
 10
0.0000
 20
0.0000
  0
TEXT
  8
1
 10
-5166.4302
 20
617.7700
 40
3.0000
 50
0.0000
  1
Piece Name: Top Collar
  7
STANDARD
  0
TEXT
  8
1
 10
-5166.4302
 20
621.7700
 40
3.0000
 50
0.0000
  1
SAMPLE SIZE:50
  7
STANDARD
  0
TEXT
  8
1
 10
-5166.4302
 20
625.7700
 40
3.0000
 50
0.0000
  1
ANNOTATION: Cut 1
  7
STANDARD
  0
TEXT
  8
1
 10
-5166.4302
 20
629.7700
 40
3.0000
 50
0.0000
  1
MATERIAL: Leather
  7
STANDARD
  0
TEXT
  8
1
 10
-5166.4302
 20
633.7700
 40
3.0000
 50
0.0000
  1
QUANTITY: 1
  7
STANDARD
  0
POLYLINE
  8
1
 66
1
 70
1
  0
VERTEX
  8
1
 10
-5233.0000
 20
617.7800
  0
VERTEX
  8
1
 10
-5233.0000
 20
641.0600
  0
VERTEX
  8
1
 10
-5232.0898
 20
664.7400
  0
VERTEX
  8
1
 10
-5231.3799
 20
685.7900
  0
VERTEX
  8
1
 10
-5230.3901
 20
703.7500
  0
VERTEX
  8
1
 10
-5229.7300
 20
715.1300
  0
VERTEX
  8
1
 10
-5228.9302
 20
723.2600
  0
VERTEX
  8
1
 10
-5227.7402
 20
741.2700
  0
VERTEX
  8
1
 10
-5225.1802
 20
764.9700
  0
VERTEX
  8
1
 10
-5220.1401
 20
796.8900
  0
VERTEX
  8
1
 10
-5213.3398
 20
830.5400
  0
VERTEX
  8
1
 10
-5208.2700
 20
853.1600
  0
VERTEX
  8
1
 10
-5206.0801
 20
862.2900
  0
VERTEX
  8
1
 10
-5204.6001
 20
868.1600
  0
VERTEX
  8
1
 10
-5200.4399
 20
884.5800
  0
VERTEX
  8
1
 10
-5116.5898
 20
863.9100
  0
VERTEX
  8
1
 10
-5099.8799
 20
859.4000
  0
VERTEX
  8
1
 10
-5103.8799
 20
843.1200
  0
VERTEX
  8
1
 10
-5106.2700
 20
833.3800
  0
VERTEX
  8
1
 10
-5111.6001
 20
810.0500
  0
VERTEX
  8
1
 10
-5115.0801
 20
793.3800
  0
VERTEX
  8
1
 10
-5118.3501
 20
776.0900
  0
VERTEX
  8
1
 10
-5121.2700
 20
757.6500
  0
VERTEX
  8
1
 10
-5123.7402
 20
738.6100
  0
VERTEX
  8
1
 10
-5125.6899
 20
719.3000
  0
VERTEX
  8
1
 10
-5127.1299
 20
699.8500
  0
VERTEX
  8
1
 10
-5128.0898
 20
682.2800
  0
VERTEX
  8
1
 10
-5128.5698
 20
665.8500
  0
VERTEX
  8
1
 10
-5128.7798
 20
640.9500
  0
VERTEX
  8
1
 10
-5128.6699
 20
617.7800
  0
VERTEX
  8
1
 10
-5128.7798
 20
594.6100
  0
VERTEX
  8
1
 10
-5128.5698
 20
569.7100
  0
VERTEX
  8
1
 10
-5128.0898
 20
553.2700
  0
VERTEX
  8
1
 10
-5127.1299
 20
535.7200
  0
VERTEX
  8
1
 10
-5125.6899
 20
516.2700
  0
VERTEX
  8
1
 10
-5123.7402
 20
496.9500
  0
VERTEX
  8
1
 10
-5121.2700
 20
477.9100
  0
VERTEX
  8
1
 10
-5118.3501
 20
459.4600
  0
VERTEX
  8
1
 10
-5115.0898
 20
442.2000
  0
VERTEX
  8
1
 10
-5111.6001
 20
425.5100
  0
VERTEX
  8
1
 10
-5106.2700
 20
402.2000
  0
VERTEX
  8
1
 10
-5103.8799
 20
392.4500
  0
VERTEX
  8
1
 10
-5099.8799
 20
376.1600
  0
VERTEX
  8
1
 10
-5116.6899
 20
371.6200
  0
VERTEX
  8
1
 10
-5200.4502
 20
350.9800
  0
VERTEX
  8
1
 10
-5204.6001
 20
367.4100
  0
VERTEX
  8
1
 10
-5206.0801
 20
373.2600
  0
VERTEX
  8
1
 10
-5208.2700
 20
382.4000
  0
VERTEX
  8
1
 10
-5213.3398
 20
405.0200
  0
VERTEX
  8
1
 10
-5220.1401
 20
438.6700
  0
VERTEX
  8
1
 10
-5225.1802
 20
470.5900
  0
VERTEX
  8
1
 10
-5227.7402
 20
494.2900
  0
VERTEX
  8
1
 10
-5228.9302
 20
512.3200
  0
VERTEX
  8
1
 10
-5229.7300
 20
520.4300
  0
VERTEX
  8
1
 10
-5230.3901
 20
531.7900
  0
VERTEX
  8
1
 10
-5231.3799
 20
549.7700
  0
VERTEX
  8
1
 10
-5232.0898
 20
570.8300
  0
VERTEX
  8
1
 10
-5233.0000
 20
594.5000
  0
VERTEX
  8
1
 10
-5233.0000
 20
617.7800
  0
SEQEND
  0
POLYLINE
  8
84
 66
1
 70
1
  0
VERTEX
  8
84
 10
-5233.0000
 20
641.0600
  0
VERTEX
  8
84
 10
-5232.0898
 20
664.7400
  0
VERTEX
  8
84
 10
-5231.3799
 20
685.7900
  0
VERTEX
  8
84
 10
-5230.3901
 20
703.7500
  0
VERTEX
  8
84
 10
-5229.7300
 20
715.1300
  0
VERTEX
  8
84
 10
-5228.9302
 20
723.2600
  0
VERTEX
  8
84
 10
-5228.4199
 20
732.2700
  0
VERTEX
  8
84
 10
-5227.7402
 20
741.2700
  0
VERTEX
  8
84
 10
-5226.6099
 20
753.0100
  0
VERTEX
  8
84
 10
-5225.1802
 20
764.9700
  0
VERTEX
  8
84
 10
-5224.1099
 20
772.7100
  0
VERTEX
  8
84
 10
-5222.9199
 20
780.5900
  0
VERTEX
  8
84
 10
-5221.6001
 20
788.6500
  0
VERTEX
  8
84
 10
-5220.1401
 20
796.8900
  0
VERTEX
  8
84
 10
-5217.1299
 20
812.4900
  0
VERTEX
  8
84
 10
-5213.3398
 20
830.5400
  0
VERTEX
  8
84
 10
-5208.2700
 20
853.1600
  0
VERTEX
  8
84
 10
-5206.0801
 20
862.2900
  0
VERTEX
  8
84
 10
-5204.6001
 20
868.1600
  0
VERTEX
  8
84
 10
-5200.4399
 20
884.5800
  0
VERTEX
  8
84
 10
-5116.5898
 20
863.9100
  0
VERTEX
  8
84
 10
-5099.8799
 20
859.4000
  0
VERTEX
  8
84
 10
-5103.8799
 20
843.1200
  0
VERTEX
  8
84
 10
-5106.2700
 20
833.3800
  0
VERTEX
  8
84
 10
-5108.9399
 20
822.0100
  0
VERTEX
  8
84
 10
-5111.6001
 20
810.0500
  0
VERTEX
  8
84
 10
-5115.0801
 20
793.3800
  0
VERTEX
  8
84
 10
-5116.8599
 20
784.2700
  0
VERTEX
  8
84
 10
-5118.3501
 20
776.0900
  0
VERTEX
  8
84
 10
-5119.8398
 20
767.1200
  0
VERTEX
  8
84
 10
-5121.2700
 20
757.6500
  0
VERTEX
  8
84
 10
-5122.5801
 20
748.0800
  0
VERTEX
  8
84
 10
-5123.7402
 20
738.6100
  0
VERTEX
  8
84
 10
-5124.7900
 20
728.9500
  0
VERTEX
  8
84
 10
-5125.6899
 20
719.3000
  0
VERTEX
  8
84
 10
-5126.4199
 20
710.1300
  0
VERTEX
  8
84
 10
-5127.1299
 20
699.8500
  0
VERTEX
  8
84
 10
-5128.0898
 20
682.2800
  0
VERTEX
  8
84
 10
-5128.5698
 20
665.8500
  0
VERTEX
  8
84
 10
-5128.7300
 20
654.1900
  0
VERTEX
  8
84
 10
-5128.7798
 20
640.9500
  0
VERTEX
  8
84
 10
-5128.6699
 20
617.7800
  0
VERTEX
  8
84
 10
-5128.7798
 20
594.6100
  0
VERTEX
  8
84
 10
-5128.7300
 20
581.3800
  0
VERTEX
  8
84
 10
-5128.5698
 20
569.7100
  0
VERTEX
  8
84
 10
-5128.0898
 20
553.2700
  0
VERTEX
  8
84
 10
-5127.1299
 20
535.7200
  0
VERTEX
  8
84
 10
-5126.4199
 20
525.4400
  0
VERTEX
  8
84
 10
-5125.6899
 20
516.2700
  0
VERTEX
  8
84
 10
-5124.7900
 20
506.6100
  0
VERTEX
  8
84
 10
-5123.7402
 20
496.9500
  0
VERTEX
  8
84
 10
-5122.5801
 20
487.4800
  0
VERTEX
  8
84
 10
-5121.2700
 20
477.9100
  0
VERTEX
  8
84
 10
-5119.8398
 20
468.4500
  0
VERTEX
  8
84
 10
-5118.3501
 20
459.4600
  0
VERTEX
  8
84
 10
-5116.8501
 20
451.2400
  0
VERTEX
  8
84
 10
-5115.0898
 20
442.2000
  0
VERTEX
  8
84
 10
-5111.6001
 20
425.5100
  0
VERTEX
  8
84
 10
-5108.9399
 20
413.5700
  0
VERTEX
  8
84
 10
-5106.2700
 20
402.2000
  0
VERTEX
  8
84
 10
-5103.8799
 20
392.4500
  0
VERTEX
  8
84
 10
-5099.8799
 20
376.1600
  0
VERTEX
  8
84
 10
-5116.6899
 20
371.6200
  0
VERTEX
  8
84
 10
-5200.4502
 20
350.9800
  0
VERTEX
  8
84
 10
-5204.6001
 20
367.4100
  0
VERTEX
  8
84
 10
-5206.0801
 20
373.2600
  0
VERTEX
  8
84
 10
-5208.2700
 20
382.4000
  0
VERTEX
  8
84
 10
-5213.3398
 20
405.0200
  0
VERTEX
  8
84
 10
-5217.1201
 20
423.0300
  0
VERTEX
  8
84
 10
-5220.1401
 20
438.6700
  0
VERTEX
  8
84
 10
-5221.6001
 20
446.9200
  0
VERTEX
  8
84
 10
-5222.9199
 20
454.9700
  0
VERTEX
  8
84
 10
-5224.1201
 20
462.8600
  0
VERTEX
  8
84
 10
-5225.1802
 20
470.5900
  0
VERTEX
  8
84
 10
-5226.6099
 20
482.5500
  0
VERTEX
  8
84
 10
-5227.7402
 20
494.2900
  0
VERTEX
  8
84
 10
-5228.4199
 20
503.3000
  0
VERTEX
  8
84
 10
-5228.9302
 20
512.3200
  0
VERTEX
  8
84
 10
-5229.7300
 20
520.4300
  0
VERTEX
  8
84
 10
-5230.3901
 20
531.7900
  0
VERTEX
  8
84
 10
-5231.3799
 20
549.7700
  0
VERTEX
  8
84
 10
-5232.0898
 20
570.8300
  0
VERTEX
  8
84
 10
-5233.0000
 20
594.5000
  0
VERTEX
  8
84
 10
-5233.0000
 20
617.7800
  0
VERTEX
  8
84
 10
-5233.0000
 20
641.0600
  0
SEQEND
  0
POINT
  8
2
 10
-5233.0000
 20
617.7800
  0
TEXT
  8
1
 10
-5233.0000
 20
617.7800
 40
3.0000
  1
# 481
  7
STANDARD
  0
POINT
  8
2
 10
-5233.0000
 20
641.0600
  0
TEXT
  8
1
 10
-5233.0000
 20
641.0600
 40
3.0000
  1
# 482
  7
STANDARD
  0
POINT
  8
3
 10
-5232.0898
 20
664.7400
  0
POINT
  8
3
 10
-5231.3799
 20
685.7900
  0
POINT
  8
3
 10
-5230.3901
 20
703.7500
  0
POINT
  8
3
 10
-5229.7300
 20
715.1300
  0
POINT
  8
2
 10
-5228.9302
 20
723.2600
  0
TEXT
  8
1
 10
-5228.9302
 20
723.2600
 40
3.0000
  1
# 483
  7
STANDARD
  0
POINT
  8
3
 10
-5227.7402
 20
741.2700
  0
POINT
  8
3
 10
-5225.1802
 20
764.9700
  0
POINT
  8
3
 10
-5220.1401
 20
796.8900
  0
POINT
  8
3
 10
-5213.3398
 20
830.5400
  0
POINT
  8
3
 10
-5208.2700
 20
853.1600
  0
POINT
  8
3
 10
-5206.0801
 20
862.2900
  0
POINT
  8
3
 10
-5204.6001
 20
868.1600
  0
POINT
  8
2
 10
-5200.4399
 20
884.5800
  0
TEXT
  8
1
 10
-5200.4399
 20
884.5800
 40
3.0000
  1
# 484
  7
STANDARD
  0
POINT
  8
2
 10
-5116.5898
 20
863.9100
  0
TEXT
  8
1
 10
-5116.5898
 20
863.9100
 40
3.0000
  1
# 485
  7
STANDARD
  0
POINT
  8
2
 10
-5099.8799
 20
859.4000
  0
TEXT
  8
1
 10
-5099.8799
 20
859.4000
 40
3.0000
  1
# 486
  7
STANDARD
  0
POINT
  8
3
 10
-5103.8799
 20
843.1200
  0
POINT
  8
3
 10
-5106.2700
 20
833.3800
  0
POINT
  8
3
 10
-5111.6001
 20
810.0500
  0
POINT
  8
3
 10
-5115.0801
 20
793.3800
  0
POINT
  8
3
 10
-5118.3501
 20
776.0900
  0
POINT
  8
3
 10
-5121.2700
 20
757.6500
  0
POINT
  8
3
 10
-5123.7402
 20
738.6100
  0
POINT
  8
3
 10
-5125.6899
 20
719.3000
  0
POINT
  8
3
 10
-5127.1299
 20
699.8500
  0
POINT
  8
3
 10
-5128.0898
 20
682.2800
  0
POINT
  8
3
 10
-5128.5698
 20
665.8500
  0
POINT
  8
3
 10
-5128.7798
 20
640.9500
  0
POINT
  8
2
 10
-5128.6699
 20
617.7800
  0
TEXT
  8
1
 10
-5128.6699
 20
617.7800
 40
3.0000
  1
# 487
  7
STANDARD
  0
POINT
  8
3
 10
-5128.7798
 20
594.6100
  0
POINT
  8
3
 10
-5128.5698
 20
569.7100
  0
POINT
  8
3
 10
-5128.0898
 20
553.2700
  0
POINT
  8
3
 10
-5127.1299
 20
535.7200
  0
POINT
  8
3
 10
-5125.6899
 20
516.2700
  0
POINT
  8
3
 10
-5123.7402
 20
496.9500
  0
POINT
  8
3
 10
-5121.2700
 20
477.9100
  0
POINT
  8
3
 10
-5118.3501
 20
459.4600
  0
POINT
  8
3
 10
-5115.0898
 20
442.2000
  0
POINT
  8
3
 10
-5111.6001
 20
425.5100
  0
POINT
  8
3
 10
-5106.2700
 20
402.2000
  0
POINT
  8
3
 10
-5103.8799
 20
392.4500
  0
POINT
  8
2
 10
-5099.8799
 20
376.1600
  0
TEXT
  8
1
 10
-5099.8799
 20
376.1600
 40
3.0000
  1
# 488
  7
STANDARD
  0
POINT
  8
2
 10
-5116.6899
 20
371.6200
  0
TEXT
  8
1
 10
-5116.6899
 20
371.6200
 40
3.0000
  1
# 489
  7
STANDARD
  0
POINT
  8
2
 10
-5200.4502
 20
350.9800
  0
TEXT
  8
1
 10
-5200.4502
 20
350.9800
 40
3.0000
  1
# 490
  7
STANDARD
  0
POINT
  8
3
 10
-5204.6001
 20
367.4100
  0
POINT
  8
3
 10
-5206.0801
 20
373.2600
  0
POINT
  8
3
 10
-5208.2700
 20
382.4000
  0
POINT
  8
3
 10
-5213.3398
 20
405.0200
  0
POINT
  8
3
 10
-5220.1401
 20
438.6700
  0
POINT
  8
3
 10
-5225.1802
 20
470.5900
  0
POINT
  8
3
 10
-5227.7402
 20
494.2900
  0
POINT
  8
2
 10
-5228.9302
 20
512.3200
  0
TEXT
  8
1
 10
-5228.9302
 20
512.3200
 40
3.0000
  1
# 491
  7
STANDARD
  0
POINT
  8
3
 10
-5229.7300
 20
520.4300
  0
POINT
  8
3
 10
-5230.3901
 20
531.7900
  0
POINT
  8
3
 10
-5231.3799
 20
549.7700
  0
POINT
  8
3
 10
-5232.0898
 20
570.8300
  0
POINT
  8
2
 10
-5233.0000
 20
594.5000
  0
TEXT
  8
1
 10
-5233.0000
 20
594.5000
 40
3.0000
  1
# 492
  7
STANDARD
  0
POINT
  8
4
 10
-5128.6699
 20
617.7800
 30
5.0000
 50
180.0000
  0
POINT
  8
4
 10
-5228.9302
 20
723.2600
 30
5.0000
 50
358.9688
  0
POINT
  8
4
 10
-5116.5898
 20
863.9100
 30
5.0000
 50
258.1054
  0
POINT
  8
4
 10
-5233.0000
 20
617.7800
 30
5.0000
 50
0.0000
  0
POINT
  8
4
 10
-5228.9302
 20
512.3200
 30
5.0000
 50
0.9167
  0
POINT
  8
4
 10
-5116.6899
 20
371.6200
 30
5.0000
 50
101.3099
  0
POLYLINE
  8
14
 66
1
 70
1
  0
VERTEX
  8
14
 10
-5223.0000
 20
617.7800
  0
VERTEX
  8
14
 10
-5223.0000
 20
640.9400
  0
VERTEX
  8
14
 10
-5222.1099
 20
664.0700
  0
VERTEX
  8
14
 10
-5221.3901
 20
685.3800
  0
VERTEX
  8
14
 10
-5220.4399
 20
702.7000
  0
VERTEX
  8
14
 10
-5219.7598
 20
714.3300
  0
VERTEX
  8
14
 10
-5218.8901
 20
723.0800
  0
VERTEX
  8
14
 10
-5217.7700
 20
740.4800
  0
VERTEX
  8
14
 10
-5215.2798
 20
763.5100
  0
VERTEX
  8
14
 10
-5210.2798
 20
795.1900
  0
VERTEX
  8
14
 10
-5203.5400
 20
828.5400
  0
VERTEX
  8
14
 10
-5198.5601
 20
850.7400
  0
VERTEX
  8
14
 10
-5196.1802
 20
860.6800
  0
VERTEX
  8
14
 10
-5194.9102
 20
865.7000
  0
VERTEX
  8
14
 10
-5193.1899
 20
872.4900
  0
VERTEX
  8
14
 10
-5118.6499
 20
854.1200
  0
VERTEX
  8
14
 10
-5111.9199
 20
852.3000
  0
VERTEX
  8
14
 10
-5113.5898
 20
845.5000
  0
VERTEX
  8
14
 10
-5116.1299
 20
835.1300
  0
VERTEX
  8
14
 10
-5121.4102
 20
812.0100
  0
VERTEX
  8
14
 10
-5124.8198
 20
795.6800
  0
VERTEX
  8
14
 10
-5128.1201
 20
778.3100
  0
VERTEX
  8
14
 10
-5131.1699
 20
759.0800
  0
VERTEX
  8
14
 10
-5133.6201
 20
740.2100
  0
VERTEX
  8
14
 10
-5135.6401
 20
720.3700
  0
VERTEX
  8
14
 10
-5137.1201
 20
700.3700
  0
VERTEX
  8
14
 10
-5138.0601
 20
683.2000
  0
VERTEX
  8
14
 10
-5138.5698
 20
666.2200
  0
VERTEX
  8
14
 10
-5138.7798
 20
640.9400
  0
VERTEX
  8
14
 10
-5138.6699
 20
617.7800
  0
VERTEX
  8
14
 10
-5138.7798
 20
594.6200
  0
VERTEX
  8
14
 10
-5138.5698
 20
569.3400
  0
VERTEX
  8
14
 10
-5138.0601
 20
552.3600
  0
VERTEX
  8
14
 10
-5137.1201
 20
535.1900
  0
VERTEX
  8
14
 10
-5135.6401
 20
515.1900
  0
VERTEX
  8
14
 10
-5133.6201
 20
495.3500
  0
VERTEX
  8
14
 10
-5131.1699
 20
476.4800
  0
VERTEX
  8
14
 10
-5128.1201
 20
457.2500
  0
VERTEX
  8
14
 10
-5124.8198
 20
439.8800
  0
VERTEX
  8
14
 10
-5121.4102
 20
423.5500
  0
VERTEX
  8
14
 10
-5116.1299
 20
400.4300
  0
VERTEX
  8
14
 10
-5113.5898
 20
390.0600
  0
VERTEX
  8
14
 10
-5111.9199
 20
383.2600
  0
VERTEX
  8
14
 10
-5118.6499
 20
381.4400
  0
VERTEX
  8
14
 10
-5193.1899
 20
363.0700
  0
VERTEX
  8
14
 10
-5194.9102
 20
369.8600
  0
VERTEX
  8
14
 10
-5196.1802
 20
374.8800
  0
VERTEX
  8
14
 10
-5198.5601
 20
384.8200
  0
VERTEX
  8
14
 10
-5203.5400
 20
407.0200
  0
VERTEX
  8
14
 10
-5210.2798
 20
440.3700
  0
VERTEX
  8
14
 10
-5215.2798
 20
472.0500
  0
VERTEX
  8
14
 10
-5217.7700
 20
495.0800
  0
VERTEX
  8
14
 10
-5218.8901
 20
512.4800
  0
VERTEX
  8
14
 10
-5219.7598
 20
521.2300
  0
VERTEX
  8
14
 10
-5220.4399
 20
532.8600
  0
VERTEX
  8
14
 10
-5221.3901
 20
550.1800
  0
VERTEX
  8
14
 10
-5222.1099
 20
571.4900
  0
VERTEX
  8
14
 10
-5223.0000
 20
594.6200
  0
VERTEX
  8
14
 10
-5223.0000
 20
617.7800
  0
SEQEND
  0
POLYLINE
  8
87
 66
1
 70
1
  0
VERTEX
  8
87
 10
-5223.0000
 20
617.7800
  0
VERTEX
  8
87
 10
-5223.0000
 20
640.9400
  0
VERTEX
  8
87
 10
-5222.1099
 20
664.0700
  0
VERTEX
  8
87
 10
-5221.3901
 20
685.3800
  0
VERTEX
  8
87
 10
-5220.4399
 20
702.7000
  0
VERTEX
  8
87
 10
-5219.7598
 20
714.3300
  0
VERTEX
  8
87
 10
-5219.3799
 20
718.7100
  0
VERTEX
  8
87
 10
-5218.8901
 20
723.0800
  0
VERTEX
  8
87
 10
-5218.4102
 20
731.7900
  0
VERTEX
  8
87
 10
-5217.7700
 20
740.4800
  0
VERTEX
  8
87
 10
-5216.6802
 20
751.8000
  0
VERTEX
  8
87
 10
-5215.2798
 20
763.5100
  0
VERTEX
  8
87
 10
-5214.2202
 20
771.2000
  0
VERTEX
  8
87
 10
-5213.0400
 20
779.0300
  0
VERTEX
  8
87
 10
-5210.2798
 20
795.1900
  0
VERTEX
  8
87
 10
-5207.2798
 20
810.7500
  0
VERTEX
  8
87
 10
-5203.5400
 20
828.5400
  0
VERTEX
  8
87
 10
-5198.5601
 20
850.7400
  0
VERTEX
  8
87
 10
-5196.1802
 20
860.6800
  0
VERTEX
  8
87
 10
-5194.9102
 20
865.7000
  0
VERTEX
  8
87
 10
-5193.1899
 20
872.4900
  0
VERTEX
  8
87
 10
-5118.6499
 20
854.1200
  0
VERTEX
  8
87
 10
-5111.9199
 20
852.3000
  0
VERTEX
  8
87
 10
-5113.5898
 20
845.5000
  0
VERTEX
  8
87
 10
-5116.1299
 20
835.1300
  0
VERTEX
  8
87
 10
-5118.7900
 20
823.7900
  0
VERTEX
  8
87
 10
-5121.4102
 20
812.0100
  0
VERTEX
  8
87
 10
-5124.8198
 20
795.6800
  0
VERTEX
  8
87
 10
-5126.6201
 20
786.4800
  0
VERTEX
  8
87
 10
-5128.1201
 20
778.3100
  0
VERTEX
  8
87
 10
-5129.6802
 20
768.9600
  0
VERTEX
  8
87
 10
-5131.1699
 20
759.0800
  0
VERTEX
  8
87
 10
-5132.4600
 20
749.6400
  0
VERTEX
  8
87
 10
-5133.6201
 20
740.2100
  0
VERTEX
  8
87
 10
-5134.7100
 20
730.2200
  0
VERTEX
  8
87
 10
-5135.6401
 20
720.3700
  0
VERTEX
  8
87
 10
-5136.3901
 20
710.9600
  0
VERTEX
  8
87
 10
-5137.1201
 20
700.3700
  0
VERTEX
  8
87
 10
-5138.0601
 20
683.2000
  0
VERTEX
  8
87
 10
-5138.3599
 20
675.0400
  0
VERTEX
  8
87
 10
-5138.5698
 20
666.2200
  0
VERTEX
  8
87
 10
-5138.7300
 20
654.4700
  0
VERTEX
  8
87
 10
-5138.7798
 20
640.9400
  0
VERTEX
  8
87
 10
-5138.6699
 20
617.7800
  0
VERTEX
  8
87
 10
-5138.7798
 20
594.6200
  0
VERTEX
  8
87
 10
-5138.7300
 20
581.0900
  0
VERTEX
  8
87
 10
-5138.5698
 20
569.3400
  0
VERTEX
  8
87
 10
-5138.3599
 20
560.5200
  0
VERTEX
  8
87
 10
-5138.0601
 20
552.3600
  0
VERTEX
  8
87
 10
-5137.1201
 20
535.1900
  0
VERTEX
  8
87
 10
-5136.3901
 20
524.6000
  0
VERTEX
  8
87
 10
-5135.6401
 20
515.1900
  0
VERTEX
  8
87
 10
-5134.7100
 20
505.3400
  0
VERTEX
  8
87
 10
-5133.6201
 20
495.3500
  0
VERTEX
  8
87
 10
-5132.4600
 20
485.9200
  0
VERTEX
  8
87
 10
-5131.1699
 20
476.4800
  0
VERTEX
  8
87
 10
-5129.6802
 20
466.6000
  0
VERTEX
  8
87
 10
-5128.1201
 20
457.2500
  0
VERTEX
  8
87
 10
-5126.6201
 20
449.0800
  0
VERTEX
  8
87
 10
-5124.8198
 20
439.8800
  0
VERTEX
  8
87
 10
-5121.4102
 20
423.5500
  0
VERTEX
  8
87
 10
-5118.7900
 20
411.7700
  0
VERTEX
  8
87
 10
-5116.1299
 20
400.4300
  0
VERTEX
  8
87
 10
-5113.5898
 20
390.0600
  0
VERTEX
  8
87
 10
-5111.9199
 20
383.2600
  0
VERTEX
  8
87
 10
-5118.6499
 20
381.4400
  0
VERTEX
  8
87
 10
-5193.1899
 20
363.0700
  0
VERTEX
  8
87
 10
-5194.9102
 20
369.8600
  0
VERTEX
  8
87
 10
-5196.1802
 20
374.8800
  0
VERTEX
  8
87
 10
-5198.5601
 20
384.8200
  0
VERTEX
  8
87
 10
-5203.5400
 20
407.0200
  0
VERTEX
  8
87
 10
-5207.2798
 20
424.8100
  0
VERTEX
  8
87
 10
-5210.2798
 20
440.3700
  0
VERTEX
  8
87
 10
-5213.0400
 20
456.5300
  0
VERTEX
  8
87
 10
-5214.2202
 20
464.3600
  0
VERTEX
  8
87
 10
-5215.2798
 20
472.0500
  0
VERTEX
  8
87
 10
-5216.6802
 20
483.7600
  0
VERTEX
  8
87
 10
-5217.7700
 20
495.0800
  0
VERTEX
  8
87
 10
-5218.4102
 20
503.7700
  0
VERTEX
  8
87
 10
-5218.8901
 20
512.4800
  0
VERTEX
  8
87
 10
-5219.3799
 20
516.8500
  0
VERTEX
  8
87
 10
-5219.7598
 20
521.2300
  0
VERTEX
  8
87
 10
-5220.4399
 20
532.8600
  0
VERTEX
  8
87
 10
-5221.3901
 20
550.1800
  0
VERTEX
  8
87
 10
-5222.1099
 20
571.4900
  0
VERTEX
  8
87
 10
-5223.0000
 20
594.6200
  0
VERTEX
  8
87
 10
-5223.0000
 20
617.7800
  0
SEQEND
  0
POINT
  8
2
 10
-5223.0000
 20
617.7800
  0
TEXT
  8
14
 10
-5223.0000
 20
617.7800
 40
3.0000
  1
# 493
  7
STANDARD
  0
POINT
  8
2
 10
-5223.0000
 20
640.9400
  0
TEXT
  8
14
 10
-5223.0000
 20
640.9400
 40
3.0000
  1
# 494
  7
STANDARD
  0
POINT
  8
3
 10
-5222.1099
 20
664.0700
  0
POINT
  8
3
 10
-5221.3901
 20
685.3800
  0
POINT
  8
3
 10
-5220.4399
 20
702.7000
  0
POINT
  8
3
 10
-5219.7598
 20
714.3300
  0
POINT
  8
2
 10
-5218.8901
 20
723.0800
  0
TEXT
  8
14
 10
-5218.8901
 20
723.0800
 40
3.0000
  1
# 495
  7
STANDARD
  0
POINT
  8
3
 10
-5217.7700
 20
740.4800
  0
POINT
  8
3
 10
-5215.2798
 20
763.5100
  0
POINT
  8
3
 10
-5210.2798
 20
795.1900
  0
POINT
  8
3
 10
-5203.5400
 20
828.5400
  0
POINT
  8
3
 10
-5198.5601
 20
850.7400
  0
POINT
  8
3
 10
-5196.1802
 20
860.6800
  0
POINT
  8
3
 10
-5194.9102
 20
865.7000
  0
POINT
  8
2
 10
-5193.1899
 20
872.4900
  0
TEXT
  8
14
 10
-5193.1899
 20
872.4900
 40
3.0000
  1
# 496
  7
STANDARD
  0
POINT
  8
2
 10
-5118.6499
 20
854.1200
  0
TEXT
  8
14
 10
-5118.6499
 20
854.1200
 40
3.0000
  1
# 497
  7
STANDARD
  0
POINT
  8
2
 10
-5111.9199
 20
852.3000
  0
TEXT
  8
14
 10
-5111.9199
 20
852.3000
 40
3.0000
  1
# 498
  7
STANDARD
  0
POINT
  8
3
 10
-5113.5898
 20
845.5000
  0
POINT
  8
3
 10
-5116.1299
 20
835.1300
  0
POINT
  8
3
 10
-5121.4102
 20
812.0100
  0
POINT
  8
3
 10
-5124.8198
 20
795.6800
  0
POINT
  8
3
 10
-5128.1201
 20
778.3100
  0
POINT
  8
3
 10
-5131.1699
 20
759.0800
  0
POINT
  8
3
 10
-5133.6201
 20
740.2100
  0
POINT
  8
3
 10
-5135.6401
 20
720.3700
  0
POINT
  8
3
 10
-5137.1201
 20
700.3700
  0
POINT
  8
3
 10
-5138.0601
 20
683.2000
  0
POINT
  8
3
 10
-5138.5698
 20
666.2200
  0
POINT
  8
3
 10
-5138.7798
 20
640.9400
  0
POINT
  8
2
 10
-5138.6699
 20
617.7800
  0
TEXT
  8
14
 10
-5138.6699
 20
617.7800
 40
3.0000
  1
# 499
  7
STANDARD
  0
POINT
  8
3
 10
-5138.7798
 20
594.6200
  0
POINT
  8
3
 10
-5138.5698
 20
569.3400
  0
POINT
  8
3
 10
-5138.0601
 20
552.3600
  0
POINT
  8
3
 10
-5137.1201
 20
535.1900
  0
POINT
  8
3
 10
-5135.6401
 20
515.1900
  0
POINT
  8
3
 10
-5133.6201
 20
495.3500
  0
POINT
  8
3
 10
-5131.1699
 20
476.4800
  0
POINT
  8
3
 10
-5128.1201
 20
457.2500
  0
POINT
  8
3
 10
-5124.8198
 20
439.8800
  0
POINT
  8
3
 10
-5121.4102
 20
423.5500
  0
POINT
  8
3
 10
-5116.1299
 20
400.4300
  0
POINT
  8
3
 10
-5113.5898
 20
390.0600
  0
POINT
  8
2
 10
-5111.9199
 20
383.2600
  0
TEXT
  8
14
 10
-5111.9199
 20
383.2600
 40
3.0000
  1
# 500
  7
STANDARD
  0
POINT
  8
2
 10
-5118.6499
 20
381.4400
  0
TEXT
  8
14
 10
-5118.6499
 20
381.4400
 40
3.0000
  1
# 501
  7
STANDARD
  0
POINT
  8
2
 10
-5193.1899
 20
363.0700
  0
TEXT
  8
14
 10
-5193.1899
 20
363.0700
 40
3.0000
  1
# 502
  7
STANDARD
  0
POINT
  8
3
 10
-5194.9102
 20
369.8600
  0
POINT
  8
3
 10
-5196.1802
 20
374.8800
  0
POINT
  8
3
 10
-5198.5601
 20
384.8200
  0
POINT
  8
3
 10
-5203.5400
 20
407.0200
  0
POINT
  8
3
 10
-5210.2798
 20
440.3700
  0
POINT
  8
3
 10
-5215.2798
 20
472.0500
  0
POINT
  8
3
 10
-5217.7700
 20
495.0800
  0
POINT
  8
2
 10
-5218.8901
 20
512.4800
  0
TEXT
  8
14
 10
-5218.8901
 20
512.4800
 40
3.0000
  1
# 503
  7
STANDARD
  0
POINT
  8
3
 10
-5219.7598
 20
521.2300
  0
POINT
  8
3
 10
-5220.4399
 20
532.8600
  0
POINT
  8
3
 10
-5221.3901
 20
550.1800
  0
POINT
  8
3
 10
-5222.1099
 20
571.4900
  0
POINT
  8
2
 10
-5223.0000
 20
594.6200
  0
TEXT
  8
14
 10
-5223.0000
 20
594.6200
 40
3.0000
  1
# 504
  7
STANDARD
  0
POINT
  8
4
 10
-5138.6699
 20
617.7800
 30
5.0000
 50
180.0000
  0
POINT
  8
4
 10
-5218.8901
 20
723.0800
 30
5.0000
 50
358.9688
  0
POINT
  8
4
 10
-5118.6499
 20
854.1200
 30
5.0000
 50
258.1054
  0
POINT
  8
4
 10
-5223.0000
 20
617.7800
 30
5.0000
 50
0.0000
  0
POINT
  8
4
 10
-5218.8901
 20
512.4800
 30
5.0000
 50
0.9167
  0
POINT
  8
4
 10
-5118.6499
 20
381.4400
 30
5.0000
 50
101.3099
  0
LINE
  8
7
 10
-5176.7300
 20
667.8300
 11
-5176.7300
 21
571.4900
  0
POINT
  8
2
 10
-5176.7300
 20
667.8300
  0
TEXT
  8
7
 10
-5176.7300
 20
667.8300
 40
3.0000
  1
# 505
  7
STANDARD
  0
POINT
  8
2
 10
-5176.7300
 20
571.4900
  0
TEXT
  8
7
 10
-5176.7300
 20
571.4900
 40
3.0000
  1
# 506
  7
STANDARD
  0
LINE
  8
5
 10
-5224.8999
 20
619.6600
 11
-5128.5601
 21
619.6600
  0
POINT
  8
2
 10
-5224.8999
 20
619.6600
  0
POINT
  8
2
 10
-5128.5601
 20
619.6600
  0
POLYLINE
  8
8
 66
1
 70
0
  0
VERTEX
  8
8
 10
-5117.2900
 20
829.7100
  0
VERTEX
  8
8
 10
-5198.8398
 20
848.7600
  0
SEQEND
  0
POLYLINE
  8
85
 66
1
 70
0
  0
VERTEX
  8
85
 10
-5117.2900
 20
829.7100
  0
VERTEX
  8
85
 10
-5198.8398
 20
848.7600
  0
SEQEND
  0
POINT
  8
2
 10
-5117.2900
 20
829.7100
  0
TEXT
  8
8
 10
-5117.2900
 20
829.7100
 40
3.0000
  1
# 507
  7
STANDARD
  0
POINT
  8
2
 10
-5198.8398
 20
848.7600
  0
TEXT
  8
8
 10
-5198.8398
 20
848.7600
 40
3.0000
  1
# 508
  7
STANDARD
  0
POINT
  8
13
 10
-5124.5898
 20
832.0000
 30
10.0000
  0
TEXT
  8
13
 10
-5124.5898
 20
832.0000
 40
3.0000
  1
# 509
  7
STANDARD
  0
POINT
  8
13
 10
-5179.0801
 20
844.2600
 30
10.0000
  0
TEXT
  8
13
 10
-5179.0801
 20
844.2600
 40
3.0000
  1
# 510
  7
STANDARD
  0
TEXT
  8
15
 10
-5168.6099
 20
861.1600
 40
5.45
  50
331.6000
  1
zip
  7
STANDARD
  0
TEXT
  8
15
 10
-5133.0298
 20
830.3500
 40
5.01
  50
165.9000
  1
SUPPORT FLAP FRONT
  7
STANDARD
  0
TEXT
  8
15
 10
-5163.2402
 20
377.3000
 40
5.45
  50
208.4000
  1
zip
  7
STANDARD
  0
POLYLINE
  8
8
 66
1
 70
0
  0
VERTEX
  8
8
 10
-5223.0000
 20
617.7800
  0
VERTEX
  8
8
 10
-5138.6699
 20
617.7800
  0
SEQEND
  0
POLYLINE
  8
85
 66
1
 70
0
  0
VERTEX
  8
85
 10
-5223.0000
 20
617.7800
  0
VERTEX
  8
85
 10
-5138.6699
 20
617.7800
  0
SEQEND
  0
POINT
  8
2
 10
-5223.0000
 20
617.7800
  0
TEXT
  8
8
 10
-5223.0000
 20
617.7800
 40
3.0000
  1
# 493
  7
STANDARD
  0
POINT
  8
2
 10
-5138.6699
 20
617.7800
  0
TEXT
  8
8
 10
-5138.6699
 20
617.7800
 40
3.0000
  1
# 499
  7
STANDARD
  0
ENDBLK
  0
BLOCK
  8
0
  2
Inside Collar Velvett_5025
 70
64
 10
0.0000
 20
0.0000
  0
TEXT
  8
1
 10
-5057.2998
 20
608.6600
 40
3.0000
 50
0.0000
  1
Piece Name: Inside Collar Velvett
  7
STANDARD
  0
TEXT
  8
1
 10
-5057.2998
 20
612.6600
 40
3.0000
 50
0.0000
  1
SAMPLE SIZE:50
  7
STANDARD
  0
TEXT
  8
1
 10
-5057.2998
 20
616.6600
 40
3.0000
 50
0.0000
  1
ANNOTATION: Cut 1
  7
STANDARD
  0
TEXT
  8
1
 10
-5057.2998
 20
620.6600
 40
3.0000
 50
0.0000
  1
MATERIAL: Leather
  7
STANDARD
  0
TEXT
  8
1
 10
-5057.2998
 20
624.6600
 40
3.0000
 50
0.0000
  1
QUANTITY: 1
  7
STANDARD
  0
POLYLINE
  8
1
 66
1
 70
1
  0
VERTEX
  8
1
 10
-5123.8701
 20
608.6800
  0
VERTEX
  8
1
 10
-5123.8701
 20
631.9500
  0
VERTEX
  8
1
 10
-5122.9600
 20
655.6300
  0
VERTEX
  8
1
 10
-5122.2500
 20
676.6800
  0
VERTEX
  8
1
 10
-5121.2598
 20
694.6400
  0
VERTEX
  8
1
 10
-5120.6001
 20
706.0200
  0
VERTEX
  8
1
 10
-5119.7998
 20
714.1500
  0
VERTEX
  8
1
 10
-5118.6099
 20
732.1600
  0
VERTEX
  8
1
 10
-5116.0498
 20
755.8600
  0
VERTEX
  8
1
 10
-5111.0098
 20
787.7800
  0
VERTEX
  8
1
 10
-5104.2100
 20
821.4300
  0
VERTEX
  8
1
 10
-5099.1401
 20
844.0500
  0
VERTEX
  8
1
 10
-5096.9502
 20
853.1800
  0
VERTEX
  8
1
 10
-5095.4702
 20
859.0500
  0
VERTEX
  8
1
 10
-5091.3101
 20
875.4700
  0
VERTEX
  8
1
 10
-5007.4600
 20
854.8000
  0
VERTEX
  8
1
 10
-4990.7500
 20
850.2900
  0
VERTEX
  8
1
 10
-4994.7500
 20
834.0100
  0
VERTEX
  8
1
 10
-4997.1401
 20
824.2700
  0
VERTEX
  8
1
 10
-5002.4702
 20
800.9400
  0
VERTEX
  8
1
 10
-5005.9502
 20
784.2700
  0
VERTEX
  8
1
 10
-5009.2202
 20
766.9800
  0
VERTEX
  8
1
 10
-5012.1401
 20
748.5400
  0
VERTEX
  8
1
 10
-5014.6099
 20
729.5000
  0
VERTEX
  8
1
 10
-5016.5601
 20
710.1900
  0
VERTEX
  8
1
 10
-5018.0000
 20
690.7400
  0
VERTEX
  8
1
 10
-5018.9600
 20
673.1700
  0
VERTEX
  8
1
 10
-5019.4399
 20
656.7400
  0
VERTEX
  8
1
 10
-5019.6499
 20
631.8400
  0
VERTEX
  8
1
 10
-5019.5400
 20
608.6600
  0
VERTEX
  8
1
 10
-5019.6499
 20
585.5000
  0
VERTEX
  8
1
 10
-5019.4399
 20
560.6000
  0
VERTEX
  8
1
 10
-5018.9600
 20
544.1600
  0
VERTEX
  8
1
 10
-5018.0000
 20
526.6100
  0
VERTEX
  8
1
 10
-5016.5601
 20
507.1600
  0
VERTEX
  8
1
 10
-5014.6099
 20
487.8400
  0
VERTEX
  8
1
 10
-5012.1401
 20
468.8000
  0
VERTEX
  8
1
 10
-5009.2202
 20
450.3500
  0
VERTEX
  8
1
 10
-5005.9600
 20
433.0900
  0
VERTEX
  8
1
 10
-5002.4702
 20
416.4000
  0
VERTEX
  8
1
 10
-4997.1401
 20
393.0900
  0
VERTEX
  8
1
 10
-4994.7500
 20
383.3400
  0
VERTEX
  8
1
 10
-4990.7500
 20
367.0500
  0
VERTEX
  8
1
 10
-5007.5601
 20
362.5100
  0
VERTEX
  8
1
 10
-5091.3198
 20
341.8700
  0
VERTEX
  8
1
 10
-5095.4702
 20
358.3000
  0
VERTEX
  8
1
 10
-5096.9502
 20
364.1500
  0
VERTEX
  8
1
 10
-5099.1401
 20
373.2900
  0
VERTEX
  8
1
 10
-5104.2100
 20
395.9100
  0
VERTEX
  8
1
 10
-5111.0098
 20
429.5600
  0
VERTEX
  8
1
 10
-5116.0498
 20
461.4800
  0
VERTEX
  8
1
 10
-5118.6099
 20
485.1800
  0
VERTEX
  8
1
 10
-5119.7998
 20
503.2100
  0
VERTEX
  8
1
 10
-5120.6001
 20
511.3200
  0
VERTEX
  8
1
 10
-5121.2598
 20
522.6800
  0
VERTEX
  8
1
 10
-5122.2500
 20
540.6600
  0
VERTEX
  8
1
 10
-5122.9600
 20
561.7200
  0
VERTEX
  8
1
 10
-5123.8701
 20
585.3900
  0
VERTEX
  8
1
 10
-5123.8701
 20
608.6800
  0
SEQEND
  0
POLYLINE
  8
84
 66
1
 70
1
  0
VERTEX
  8
84
 10
-5123.8701
 20
631.9500
  0
VERTEX
  8
84
 10
-5122.9600
 20
655.6300
  0
VERTEX
  8
84
 10
-5122.2500
 20
676.6800
  0
VERTEX
  8
84
 10
-5121.2598
 20
694.6400
  0
VERTEX
  8
84
 10
-5120.6001
 20
706.0200
  0
VERTEX
  8
84
 10
-5119.7998
 20
714.1500
  0
VERTEX
  8
84
 10
-5119.2900
 20
723.1600
  0
VERTEX
  8
84
 10
-5118.6099
 20
732.1600
  0
VERTEX
  8
84
 10
-5117.4800
 20
743.9000
  0
VERTEX
  8
84
 10
-5116.0498
 20
755.8600
  0
VERTEX
  8
84
 10
-5114.9800
 20
763.6000
  0
VERTEX
  8
84
 10
-5113.7900
 20
771.4800
  0
VERTEX
  8
84
 10
-5112.4702
 20
779.5400
  0
VERTEX
  8
84
 10
-5111.0098
 20
787.7800
  0
VERTEX
  8
84
 10
-5108.0000
 20
803.3800
  0
VERTEX
  8
84
 10
-5104.2100
 20
821.4300
  0
VERTEX
  8
84
 10
-5099.1401
 20
844.0500
  0
VERTEX
  8
84
 10
-5096.9502
 20
853.1800
  0
VERTEX
  8
84
 10
-5095.4702
 20
859.0500
  0
VERTEX
  8
84
 10
-5091.3101
 20
875.4700
  0
VERTEX
  8
84
 10
-5007.4600
 20
854.8000
  0
VERTEX
  8
84
 10
-4990.7500
 20
850.2900
  0
VERTEX
  8
84
 10
-4994.7500
 20
834.0100
  0
VERTEX
  8
84
 10
-4997.1401
 20
824.2700
  0
VERTEX
  8
84
 10
-4999.8101
 20
812.9000
  0
VERTEX
  8
84
 10
-5002.4702
 20
800.9400
  0
VERTEX
  8
84
 10
-5005.9502
 20
784.2700
  0
VERTEX
  8
84
 10
-5007.7300
 20
775.1600
  0
VERTEX
  8
84
 10
-5009.2202
 20
766.9800
  0
VERTEX
  8
84
 10
-5010.7100
 20
758.0100
  0
VERTEX
  8
84
 10
-5012.1401
 20
748.5400
  0
VERTEX
  8
84
 10
-5013.4502
 20
738.9700
  0
VERTEX
  8
84
 10
-5014.6099
 20
729.5000
  0
VERTEX
  8
84
 10
-5015.6602
 20
719.8400
  0
VERTEX
  8
84
 10
-5016.5601
 20
710.1900
  0
VERTEX
  8
84
 10
-5017.2900
 20
701.0200
  0
VERTEX
  8
84
 10
-5018.0000
 20
690.7400
  0
VERTEX
  8
84
 10
-5018.9600
 20
673.1700
  0
VERTEX
  8
84
 10
-5019.4399
 20
656.7400
  0
VERTEX
  8
84
 10
-5019.6001
 20
645.0800
  0
VERTEX
  8
84
 10
-5019.6499
 20
631.8400
  0
VERTEX
  8
84
 10
-5019.5400
 20
608.6600
  0
VERTEX
  8
84
 10
-5019.6499
 20
585.5000
  0
VERTEX
  8
84
 10
-5019.6001
 20
572.2700
  0
VERTEX
  8
84
 10
-5019.4399
 20
560.6000
  0
VERTEX
  8
84
 10
-5018.9600
 20
544.1600
  0
VERTEX
  8
84
 10
-5018.0000
 20
526.6100
  0
VERTEX
  8
84
 10
-5017.2900
 20
516.3300
  0
VERTEX
  8
84
 10
-5016.5601
 20
507.1600
  0
VERTEX
  8
84
 10
-5015.6602
 20
497.5000
  0
VERTEX
  8
84
 10
-5014.6099
 20
487.8400
  0
VERTEX
  8
84
 10
-5013.4502
 20
478.3700
  0
VERTEX
  8
84
 10
-5012.1401
 20
468.8000
  0
VERTEX
  8
84
 10
-5010.7100
 20
459.3400
  0
VERTEX
  8
84
 10
-5009.2202
 20
450.3500
  0
VERTEX
  8
84
 10
-5007.7202
 20
442.1300
  0
VERTEX
  8
84
 10
-5005.9600
 20
433.0900
  0
VERTEX
  8
84
 10
-5002.4702
 20
416.4000
  0
VERTEX
  8
84
 10
-4999.8101
 20
404.4600
  0
VERTEX
  8
84
 10
-4997.1401
 20
393.0900
  0
VERTEX
  8
84
 10
-4994.7500
 20
383.3400
  0
VERTEX
  8
84
 10
-4990.7500
 20
367.0500
  0
VERTEX
  8
84
 10
-5007.5601
 20
362.5100
  0
VERTEX
  8
84
 10
-5091.3198
 20
341.8700
  0
VERTEX
  8
84
 10
-5095.4702
 20
358.3000
  0
VERTEX
  8
84
 10
-5096.9502
 20
364.1500
  0
VERTEX
  8
84
 10
-5099.1401
 20
373.2900
  0
VERTEX
  8
84
 10
-5104.2100
 20
395.9100
  0
VERTEX
  8
84
 10
-5107.9902
 20
413.9200
  0
VERTEX
  8
84
 10
-5111.0098
 20
429.5600
  0
VERTEX
  8
84
 10
-5112.4702
 20
437.8100
  0
VERTEX
  8
84
 10
-5113.7900
 20
445.8600
  0
VERTEX
  8
84
 10
-5114.9902
 20
453.7500
  0
VERTEX
  8
84
 10
-5116.0498
 20
461.4800
  0
VERTEX
  8
84
 10
-5117.4800
 20
473.4400
  0
VERTEX
  8
84
 10
-5118.6099
 20
485.1800
  0
VERTEX
  8
84
 10
-5119.2900
 20
494.1900
  0
VERTEX
  8
84
 10
-5119.7998
 20
503.2100
  0
VERTEX
  8
84
 10
-5120.6001
 20
511.3200
  0
VERTEX
  8
84
 10
-5121.2598
 20
522.6800
  0
VERTEX
  8
84
 10
-5122.2500
 20
540.6600
  0
VERTEX
  8
84
 10
-5122.9600
 20
561.7200
  0
VERTEX
  8
84
 10
-5123.8701
 20
585.3900
  0
VERTEX
  8
84
 10
-5123.8701
 20
608.6800
  0
VERTEX
  8
84
 10
-5123.8701
 20
631.9500
  0
SEQEND
  0
POINT
  8
2
 10
-5123.8701
 20
608.6800
  0
TEXT
  8
1
 10
-5123.8701
 20
608.6800
 40
3.0000
  1
# 511
  7
STANDARD
  0
POINT
  8
2
 10
-5123.8701
 20
631.9500
  0
TEXT
  8
1
 10
-5123.8701
 20
631.9500
 40
3.0000
  1
# 512
  7
STANDARD
  0
POINT
  8
3
 10
-5122.9600
 20
655.6300
  0
POINT
  8
3
 10
-5122.2500
 20
676.6800
  0
POINT
  8
3
 10
-5121.2598
 20
694.6400
  0
POINT
  8
3
 10
-5120.6001
 20
706.0200
  0
POINT
  8
2
 10
-5119.7998
 20
714.1500
  0
TEXT
  8
1
 10
-5119.7998
 20
714.1500
 40
3.0000
  1
# 513
  7
STANDARD
  0
POINT
  8
3
 10
-5118.6099
 20
732.1600
  0
POINT
  8
3
 10
-5116.0498
 20
755.8600
  0
POINT
  8
3
 10
-5111.0098
 20
787.7800
  0
POINT
  8
3
 10
-5104.2100
 20
821.4300
  0
POINT
  8
3
 10
-5099.1401
 20
844.0500
  0
POINT
  8
3
 10
-5096.9502
 20
853.1800
  0
POINT
  8
3
 10
-5095.4702
 20
859.0500
  0
POINT
  8
2
 10
-5091.3101
 20
875.4700
  0
TEXT
  8
1
 10
-5091.3101
 20
875.4700
 40
3.0000
  1
# 514
  7
STANDARD
  0
POINT
  8
2
 10
-5007.4600
 20
854.8000
  0
TEXT
  8
1
 10
-5007.4600
 20
854.8000
 40
3.0000
  1
# 515
  7
STANDARD
  0
POINT
  8
2
 10
-4990.7500
 20
850.2900
  0
TEXT
  8
1
 10
-4990.7500
 20
850.2900
 40
3.0000
  1
# 516
  7
STANDARD
  0
POINT
  8
3
 10
-4994.7500
 20
834.0100
  0
POINT
  8
3
 10
-4997.1401
 20
824.2700
  0
POINT
  8
3
 10
-5002.4702
 20
800.9400
  0
POINT
  8
3
 10
-5005.9502
 20
784.2700
  0
POINT
  8
3
 10
-5009.2202
 20
766.9800
  0
POINT
  8
3
 10
-5012.1401
 20
748.5400
  0
POINT
  8
3
 10
-5014.6099
 20
729.5000
  0
POINT
  8
3
 10
-5016.5601
 20
710.1900
  0
POINT
  8
3
 10
-5018.0000
 20
690.7400
  0
POINT
  8
3
 10
-5018.9600
 20
673.1700
  0
POINT
  8
3
 10
-5019.4399
 20
656.7400
  0
POINT
  8
3
 10
-5019.6499
 20
631.8400
  0
POINT
  8
2
 10
-5019.5400
 20
608.6600
  0
TEXT
  8
1
 10
-5019.5400
 20
608.6600
 40
3.0000
  1
# 517
  7
STANDARD
  0
POINT
  8
3
 10
-5019.6499
 20
585.5000
  0
POINT
  8
3
 10
-5019.4399
 20
560.6000
  0
POINT
  8
3
 10
-5018.9600
 20
544.1600
  0
POINT
  8
3
 10
-5018.0000
 20
526.6100
  0
POINT
  8
3
 10
-5016.5601
 20
507.1600
  0
POINT
  8
3
 10
-5014.6099
 20
487.8400
  0
POINT
  8
3
 10
-5012.1401
 20
468.8000
  0
POINT
  8
3
 10
-5009.2202
 20
450.3500
  0
POINT
  8
3
 10
-5005.9600
 20
433.0900
  0
POINT
  8
3
 10
-5002.4702
 20
416.4000
  0
POINT
  8
3
 10
-4997.1401
 20
393.0900
  0
POINT
  8
3
 10
-4994.7500
 20
383.3400
  0
POINT
  8
2
 10
-4990.7500
 20
367.0500
  0
TEXT
  8
1
 10
-4990.7500
 20
367.0500
 40
3.0000
  1
# 518
  7
STANDARD
  0
POINT
  8
2
 10
-5007.5601
 20
362.5100
  0
TEXT
  8
1
 10
-5007.5601
 20
362.5100
 40
3.0000
  1
# 519
  7
STANDARD
  0
POINT
  8
2
 10
-5091.3198
 20
341.8700
  0
TEXT
  8
1
 10
-5091.3198
 20
341.8700
 40
3.0000
  1
# 520
  7
STANDARD
  0
POINT
  8
3
 10
-5095.4702
 20
358.3000
  0
POINT
  8
3
 10
-5096.9502
 20
364.1500
  0
POINT
  8
3
 10
-5099.1401
 20
373.2900
  0
POINT
  8
3
 10
-5104.2100
 20
395.9100
  0
POINT
  8
3
 10
-5111.0098
 20
429.5600
  0
POINT
  8
3
 10
-5116.0498
 20
461.4800
  0
POINT
  8
3
 10
-5118.6099
 20
485.1800
  0
POINT
  8
2
 10
-5119.7998
 20
503.2100
  0
TEXT
  8
1
 10
-5119.7998
 20
503.2100
 40
3.0000
  1
# 521
  7
STANDARD
  0
POINT
  8
3
 10
-5120.6001
 20
511.3200
  0
POINT
  8
3
 10
-5121.2598
 20
522.6800
  0
POINT
  8
3
 10
-5122.2500
 20
540.6600
  0
POINT
  8
3
 10
-5122.9600
 20
561.7200
  0
POINT
  8
2
 10
-5123.8701
 20
585.3900
  0
TEXT
  8
1
 10
-5123.8701
 20
585.3900
 40
3.0000
  1
# 522
  7
STANDARD
  0
POINT
  8
4
 10
-5019.5400
 20
608.6600
 30
5.0000
 50
180.0000
  0
POINT
  8
4
 10
-5119.7998
 20
714.1500
 30
5.0000
 50
358.9688
  0
POINT
  8
4
 10
-5007.4600
 20
854.8000
 30
5.0000
 50
258.1054
  0
POINT
  8
4
 10
-5123.8701
 20
608.6800
 30
5.0000
 50
0.0000
  0
POINT
  8
4
 10
-5119.7998
 20
503.2100
 30
5.0000
 50
0.9167
  0
POINT
  8
4
 10
-5007.5601
 20
362.5100
 30
5.0000
 50
101.3099
  0
POLYLINE
  8
14
 66
1
 70
1
  0
VERTEX
  8
14
 10
-5113.8701
 20
608.6800
  0
VERTEX
  8
14
 10
-5113.8701
 20
631.8300
  0
VERTEX
  8
14
 10
-5112.9800
 20
654.9600
  0
VERTEX
  8
14
 10
-5112.2598
 20
676.2700
  0
VERTEX
  8
14
 10
-5111.3101
 20
693.5900
  0
VERTEX
  8
14
 10
-5110.6299
 20
705.2200
  0
VERTEX
  8
14
 10
-5109.7598
 20
713.9700
  0
VERTEX
  8
14
 10
-5108.6401
 20
731.3700
  0
VERTEX
  8
14
 10
-5106.1499
 20
754.4000
  0
VERTEX
  8
14
 10
-5101.1499
 20
786.0800
  0
VERTEX
  8
14
 10
-5094.4102
 20
819.4300
  0
VERTEX
  8
14
 10
-5089.4302
 20
841.6300
  0
VERTEX
  8
14
 10
-5087.0498
 20
851.5700
  0
VERTEX
  8
14
 10
-5085.7798
 20
856.5900
  0
VERTEX
  8
14
 10
-5084.0601
 20
863.3800
  0
VERTEX
  8
14
 10
-5009.5200
 20
845.0100
  0
VERTEX
  8
14
 10
-5002.7900
 20
843.1900
  0
VERTEX
  8
14
 10
-5004.4600
 20
836.3900
  0
VERTEX
  8
14
 10
-5007.0000
 20
826.0200
  0
VERTEX
  8
14
 10
-5012.2798
 20
802.9000
  0
VERTEX
  8
14
 10
-5015.6899
 20
786.5700
  0
VERTEX
  8
14
 10
-5018.9902
 20
769.2000
  0
VERTEX
  8
14
 10
-5022.0400
 20
749.9700
  0
VERTEX
  8
14
 10
-5024.4902
 20
731.1000
  0
VERTEX
  8
14
 10
-5026.5098
 20
711.2600
  0
VERTEX
  8
14
 10
-5027.9902
 20
691.2600
  0
VERTEX
  8
14
 10
-5028.9302
 20
674.0900
  0
VERTEX
  8
14
 10
-5029.4399
 20
657.1100
  0
VERTEX
  8
14
 10
-5029.6499
 20
631.8300
  0
VERTEX
  8
14
 10
-5029.5400
 20
608.6600
  0
VERTEX
  8
14
 10
-5029.6499
 20
585.5100
  0
VERTEX
  8
14
 10
-5029.4399
 20
560.2300
  0
VERTEX
  8
14
 10
-5028.9302
 20
543.2500
  0
VERTEX
  8
14
 10
-5027.9902
 20
526.0800
  0
VERTEX
  8
14
 10
-5026.5098
 20
506.0800
  0
VERTEX
  8
14
 10
-5024.4902
 20
486.2400
  0
VERTEX
  8
14
 10
-5022.0400
 20
467.3700
  0
VERTEX
  8
14
 10
-5018.9902
 20
448.1400
  0
VERTEX
  8
14
 10
-5015.6899
 20
430.7700
  0
VERTEX
  8
14
 10
-5012.2798
 20
414.4400
  0
VERTEX
  8
14
 10
-5007.0000
 20
391.3200
  0
VERTEX
  8
14
 10
-5004.4600
 20
380.9500
  0
VERTEX
  8
14
 10
-5002.7900
 20
374.1500
  0
VERTEX
  8
14
 10
-5009.5200
 20
372.3300
  0
VERTEX
  8
14
 10
-5084.0601
 20
353.9600
  0
VERTEX
  8
14
 10
-5085.7798
 20
360.7500
  0
VERTEX
  8
14
 10
-5087.0498
 20
365.7700
  0
VERTEX
  8
14
 10
-5089.4302
 20
375.7100
  0
VERTEX
  8
14
 10
-5094.4102
 20
397.9100
  0
VERTEX
  8
14
 10
-5101.1499
 20
431.2600
  0
VERTEX
  8
14
 10
-5106.1499
 20
462.9400
  0
VERTEX
  8
14
 10
-5108.6401
 20
485.9700
  0
VERTEX
  8
14
 10
-5109.7598
 20
503.3700
  0
VERTEX
  8
14
 10
-5110.6299
 20
512.1200
  0
VERTEX
  8
14
 10
-5111.3101
 20
523.7500
  0
VERTEX
  8
14
 10
-5112.2598
 20
541.0700
  0
VERTEX
  8
14
 10
-5112.9800
 20
562.3800
  0
VERTEX
  8
14
 10
-5113.8701
 20
585.5100
  0
VERTEX
  8
14
 10
-5113.8701
 20
608.6800
  0
SEQEND
  0
POLYLINE
  8
87
 66
1
 70
1
  0
VERTEX
  8
87
 10
-5113.8701
 20
608.6800
  0
VERTEX
  8
87
 10
-5113.8701
 20
631.8300
  0
VERTEX
  8
87
 10
-5112.9800
 20
654.9600
  0
VERTEX
  8
87
 10
-5112.2598
 20
676.2700
  0
VERTEX
  8
87
 10
-5111.3101
 20
693.5900
  0
VERTEX
  8
87
 10
-5110.6299
 20
705.2200
  0
VERTEX
  8
87
 10
-5110.2500
 20
709.6000
  0
VERTEX
  8
87
 10
-5109.7598
 20
713.9700
  0
VERTEX
  8
87
 10
-5109.2798
 20
722.6800
  0
VERTEX
  8
87
 10
-5108.6401
 20
731.3700
  0
VERTEX
  8
87
 10
-5107.5498
 20
742.6900
  0
VERTEX
  8
87
 10
-5106.1499
 20
754.4000
  0
VERTEX
  8
87
 10
-5105.0898
 20
762.0900
  0
VERTEX
  8
87
 10
-5103.9102
 20
769.9200
  0
VERTEX
  8
87
 10
-5101.1499
 20
786.0800
  0
VERTEX
  8
87
 10
-5098.1499
 20
801.6400
  0
VERTEX
  8
87
 10
-5094.4102
 20
819.4300
  0
VERTEX
  8
87
 10
-5089.4302
 20
841.6300
  0
VERTEX
  8
87
 10
-5087.0498
 20
851.5700
  0
VERTEX
  8
87
 10
-5085.7798
 20
856.5900
  0
VERTEX
  8
87
 10
-5084.0601
 20
863.3800
  0
VERTEX
  8
87
 10
-5009.5200
 20
845.0100
  0
VERTEX
  8
87
 10
-5002.7900
 20
843.1900
  0
VERTEX
  8
87
 10
-5004.4600
 20
836.3900
  0
VERTEX
  8
87
 10
-5007.0000
 20
826.0200
  0
VERTEX
  8
87
 10
-5009.6602
 20
814.6800
  0
VERTEX
  8
87
 10
-5012.2798
 20
802.9000
  0
VERTEX
  8
87
 10
-5015.6899
 20
786.5700
  0
VERTEX
  8
87
 10
-5017.4902
 20
777.3700
  0
VERTEX
  8
87
 10
-5018.9902
 20
769.2000
  0
VERTEX
  8
87
 10
-5020.5498
 20
759.8500
  0
VERTEX
  8
87
 10
-5022.0400
 20
749.9700
  0
VERTEX
  8
87
 10
-5023.3301
 20
740.5300
  0
VERTEX
  8
87
 10
-5024.4902
 20
731.1000
  0
VERTEX
  8
87
 10
-5025.5801
 20
721.1100
  0
VERTEX
  8
87
 10
-5026.5098
 20
711.2600
  0
VERTEX
  8
87
 10
-5027.2598
 20
701.8500
  0
VERTEX
  8
87
 10
-5027.9902
 20
691.2600
  0
VERTEX
  8
87
 10
-5028.9302
 20
674.0900
  0
VERTEX
  8
87
 10
-5029.2300
 20
665.9300
  0
VERTEX
  8
87
 10
-5029.4399
 20
657.1100
  0
VERTEX
  8
87
 10
-5029.6001
 20
645.3600
  0
VERTEX
  8
87
 10
-5029.6499
 20
631.8300
  0
VERTEX
  8
87
 10
-5029.5400
 20
608.6600
  0
VERTEX
  8
87
 10
-5029.6499
 20
585.5100
  0
VERTEX
  8
87
 10
-5029.6001
 20
571.9800
  0
VERTEX
  8
87
 10
-5029.4399
 20
560.2300
  0
VERTEX
  8
87
 10
-5029.2300
 20
551.4100
  0
VERTEX
  8
87
 10
-5028.9302
 20
543.2500
  0
VERTEX
  8
87
 10
-5027.9902
 20
526.0800
  0
VERTEX
  8
87
 10
-5027.2598
 20
515.4900
  0
VERTEX
  8
87
 10
-5026.5098
 20
506.0800
  0
VERTEX
  8
87
 10
-5025.5801
 20
496.2300
  0
VERTEX
  8
87
 10
-5024.4902
 20
486.2400
  0
VERTEX
  8
87
 10
-5023.3301
 20
476.8100
  0
VERTEX
  8
87
 10
-5022.0400
 20
467.3700
  0
VERTEX
  8
87
 10
-5020.5498
 20
457.4900
  0
VERTEX
  8
87
 10
-5018.9902
 20
448.1400
  0
VERTEX
  8
87
 10
-5017.4902
 20
439.9700
  0
VERTEX
  8
87
 10
-5015.6899
 20
430.7700
  0
VERTEX
  8
87
 10
-5012.2798
 20
414.4400
  0
VERTEX
  8
87
 10
-5009.6602
 20
402.6600
  0
VERTEX
  8
87
 10
-5007.0000
 20
391.3200
  0
VERTEX
  8
87
 10
-5004.4600
 20
380.9500
  0
VERTEX
  8
87
 10
-5002.7900
 20
374.1500
  0
VERTEX
  8
87
 10
-5009.5200
 20
372.3300
  0
VERTEX
  8
87
 10
-5084.0601
 20
353.9600
  0
VERTEX
  8
87
 10
-5085.7798
 20
360.7500
  0
VERTEX
  8
87
 10
-5087.0498
 20
365.7700
  0
VERTEX
  8
87
 10
-5089.4302
 20
375.7100
  0
VERTEX
  8
87
 10
-5094.4102
 20
397.9100
  0
VERTEX
  8
87
 10
-5098.1499
 20
415.7000
  0
VERTEX
  8
87
 10
-5101.1499
 20
431.2600
  0
VERTEX
  8
87
 10
-5103.9102
 20
447.4200
  0
VERTEX
  8
87
 10
-5105.0898
 20
455.2500
  0
VERTEX
  8
87
 10
-5106.1499
 20
462.9400
  0
VERTEX
  8
87
 10
-5107.5498
 20
474.6500
  0
VERTEX
  8
87
 10
-5108.6401
 20
485.9700
  0
VERTEX
  8
87
 10
-5109.2798
 20
494.6600
  0
VERTEX
  8
87
 10
-5109.7598
 20
503.3700
  0
VERTEX
  8
87
 10
-5110.2500
 20
507.7400
  0
VERTEX
  8
87
 10
-5110.6299
 20
512.1200
  0
VERTEX
  8
87
 10
-5111.3101
 20
523.7500
  0
VERTEX
  8
87
 10
-5112.2598
 20
541.0700
  0
VERTEX
  8
87
 10
-5112.9800
 20
562.3800
  0
VERTEX
  8
87
 10
-5113.8701
 20
585.5100
  0
VERTEX
  8
87
 10
-5113.8701
 20
608.6800
  0
SEQEND
  0
POINT
  8
2
 10
-5113.8701
 20
608.6800
  0
TEXT
  8
14
 10
-5113.8701
 20
608.6800
 40
3.0000
  1
# 523
  7
STANDARD
  0
POINT
  8
2
 10
-5113.8701
 20
631.8300
  0
TEXT
  8
14
 10
-5113.8701
 20
631.8300
 40
3.0000
  1
# 524
  7
STANDARD
  0
POINT
  8
3
 10
-5112.9800
 20
654.9600
  0
POINT
  8
3
 10
-5112.2598
 20
676.2700
  0
POINT
  8
3
 10
-5111.3101
 20
693.5900
  0
POINT
  8
3
 10
-5110.6299
 20
705.2200
  0
POINT
  8
2
 10
-5109.7598
 20
713.9700
  0
TEXT
  8
14
 10
-5109.7598
 20
713.9700
 40
3.0000
  1
# 525
  7
STANDARD
  0
POINT
  8
3
 10
-5108.6401
 20
731.3700
  0
POINT
  8
3
 10
-5106.1499
 20
754.4000
  0
POINT
  8
3
 10
-5101.1499
 20
786.0800
  0
POINT
  8
3
 10
-5094.4102
 20
819.4300
  0
POINT
  8
3
 10
-5089.4302
 20
841.6300
  0
POINT
  8
3
 10
-5087.0498
 20
851.5700
  0
POINT
  8
3
 10
-5085.7798
 20
856.5900
  0
POINT
  8
2
 10
-5084.0601
 20
863.3800
  0
TEXT
  8
14
 10
-5084.0601
 20
863.3800
 40
3.0000
  1
# 526
  7
STANDARD
  0
POINT
  8
2
 10
-5009.5200
 20
845.0100
  0
TEXT
  8
14
 10
-5009.5200
 20
845.0100
 40
3.0000
  1
# 527
  7
STANDARD
  0
POINT
  8
2
 10
-5002.7900
 20
843.1900
  0
TEXT
  8
14
 10
-5002.7900
 20
843.1900
 40
3.0000
  1
# 528
  7
STANDARD
  0
POINT
  8
3
 10
-5004.4600
 20
836.3900
  0
POINT
  8
3
 10
-5007.0000
 20
826.0200
  0
POINT
  8
3
 10
-5012.2798
 20
802.9000
  0
POINT
  8
3
 10
-5015.6899
 20
786.5700
  0
POINT
  8
3
 10
-5018.9902
 20
769.2000
  0
POINT
  8
3
 10
-5022.0400
 20
749.9700
  0
POINT
  8
3
 10
-5024.4902
 20
731.1000
  0
POINT
  8
3
 10
-5026.5098
 20
711.2600
  0
POINT
  8
3
 10
-5027.9902
 20
691.2600
  0
POINT
  8
3
 10
-5028.9302
 20
674.0900
  0
POINT
  8
3
 10
-5029.4399
 20
657.1100
  0
POINT
  8
3
 10
-5029.6499
 20
631.8300
  0
POINT
  8
2
 10
-5029.5400
 20
608.6600
  0
TEXT
  8
14
 10
-5029.5400
 20
608.6600
 40
3.0000
  1
# 529
  7
STANDARD
  0
POINT
  8
3
 10
-5029.6499
 20
585.5100
  0
POINT
  8
3
 10
-5029.4399
 20
560.2300
  0
POINT
  8
3
 10
-5028.9302
 20
543.2500
  0
POINT
  8
3
 10
-5027.9902
 20
526.0800
  0
POINT
  8
3
 10
-5026.5098
 20
506.0800
  0
POINT
  8
3
 10
-5024.4902
 20
486.2400
  0
POINT
  8
3
 10
-5022.0400
 20
467.3700
  0
POINT
  8
3
 10
-5018.9902
 20
448.1400
  0
POINT
  8
3
 10
-5015.6899
 20
430.7700
  0
POINT
  8
3
 10
-5012.2798
 20
414.4400
  0
POINT
  8
3
 10
-5007.0000
 20
391.3200
  0
POINT
  8
3
 10
-5004.4600
 20
380.9500
  0
POINT
  8
2
 10
-5002.7900
 20
374.1500
  0
TEXT
  8
14
 10
-5002.7900
 20
374.1500
 40
3.0000
  1
# 530
  7
STANDARD
  0
POINT
  8
2
 10
-5009.5200
 20
372.3300
  0
TEXT
  8
14
 10
-5009.5200
 20
372.3300
 40
3.0000
  1
# 531
  7
STANDARD
  0
POINT
  8
2
 10
-5084.0601
 20
353.9600
  0
TEXT
  8
14
 10
-5084.0601
 20
353.9600
 40
3.0000
  1
# 532
  7
STANDARD
  0
POINT
  8
3
 10
-5085.7798
 20
360.7500
  0
POINT
  8
3
 10
-5087.0498
 20
365.7700
  0
POINT
  8
3
 10
-5089.4302
 20
375.7100
  0
POINT
  8
3
 10
-5094.4102
 20
397.9100
  0
POINT
  8
3
 10
-5101.1499
 20
431.2600
  0
POINT
  8
3
 10
-5106.1499
 20
462.9400
  0
POINT
  8
3
 10
-5108.6401
 20
485.9700
  0
POINT
  8
2
 10
-5109.7598
 20
503.3700
  0
TEXT
  8
14
 10
-5109.7598
 20
503.3700
 40
3.0000
  1
# 533
  7
STANDARD
  0
POINT
  8
3
 10
-5110.6299
 20
512.1200
  0
POINT
  8
3
 10
-5111.3101
 20
523.7500
  0
POINT
  8
3
 10
-5112.2598
 20
541.0700
  0
POINT
  8
3
 10
-5112.9800
 20
562.3800
  0
POINT
  8
2
 10
-5113.8701
 20
585.5100
  0
TEXT
  8
14
 10
-5113.8701
 20
585.5100
 40
3.0000
  1
# 534
  7
STANDARD
  0
POINT
  8
4
 10
-5029.5400
 20
608.6600
 30
5.0000
 50
180.0000
  0
POINT
  8
4
 10
-5109.7598
 20
713.9700
 30
5.0000
 50
358.9688
  0
POINT
  8
4
 10
-5009.5200
 20
845.0100
 30
5.0000
 50
258.1054
  0
POINT
  8
4
 10
-5113.8701
 20
608.6800
 30
5.0000
 50
0.0000
  0
POINT
  8
4
 10
-5109.7598
 20
503.3700
 30
5.0000
 50
0.9167
  0
POINT
  8
4
 10
-5009.5200
 20
372.3300
 30
5.0000
 50
101.3099
  0
LINE
  8
7
 10
-5067.6001
 20
658.7200
 11
-5067.6001
 21
562.3800
  0
POINT
  8
2
 10
-5067.6001
 20
658.7200
  0
TEXT
  8
7
 10
-5067.6001
 20
658.7200
 40
3.0000
  1
# 535
  7
STANDARD
  0
POINT
  8
2
 10
-5067.6001
 20
562.3800
  0
TEXT
  8
7
 10
-5067.6001
 20
562.3800
 40
3.0000
  1
# 536
  7
STANDARD
  0
LINE
  8
5
 10
-5115.7700
 20
610.5500
 11
-5019.4302
 21
610.5500
  0
POINT
  8
2
 10
-5115.7700
 20
610.5500
  0
POINT
  8
2
 10
-5019.4302
 20
610.5500
  0
TEXT
  8
15
 10
-5059.4800
 20
852.0500
 40
5.45
  50
331.6000
  1
zip
  7
STANDARD
  0
POINT
  8
13
 10
-5017.1499
 20
401.2400
 30
10.0000
  0
TEXT
  8
13
 10
-5017.1499
 20
401.2400
 40
3.0000
  1
# 537
  7
STANDARD
  0
POINT
  8
13
 10
-5071.6401
 20
388.9800
 30
10.0000
  0
TEXT
  8
13
 10
-5071.6401
 20
388.9800
 40
3.0000
  1
# 538
  7
STANDARD
  0
TEXT
  8
15
 10
-5054.1099
 20
368.1900
 40
5.45
  50
208.4000
  1
zip
  7
STANDARD
  0
TEXT
  8
15
 10
-5071.6602
 20
391.3200
 40
5.01
  50
14.1000
  1
SUPPORT FLAP FRONT
  7
STANDARD
  0
POLYLINE
  8
8
 66
1
 70
0
  0
VERTEX
  8
8
 10
-5005.1001
 20
404.6400
  0
VERTEX
  8
8
 10
-5095.0200
 20
383.6300
  0
SEQEND
  0
POLYLINE
  8
85
 66
1
 70
0
  0
VERTEX
  8
85
 10
-5005.1001
 20
404.6400
  0
VERTEX
  8
85
 10
-5095.0200
 20
383.6300
  0
SEQEND
  0
POINT
  8
2
 10
-5005.1001
 20
404.6400
  0
TEXT
  8
8
 10
-5005.1001
 20
404.6400
 40
3.0000
  1
# 539
  7
STANDARD
  0
POINT
  8
2
 10
-5095.0200
 20
383.6300
  0
TEXT
  8
8
 10
-5095.0200
 20
383.6300
 40
3.0000
  1
# 540
  7
STANDARD
  0
POLYLINE
  8
8
 66
1
 70
0
  0
VERTEX
  8
8
 10
-5113.8701
 20
608.6800
  0
VERTEX
  8
8
 10
-5029.5400
 20
608.6600
  0
SEQEND
  0
POLYLINE
  8
85
 66
1
 70
0
  0
VERTEX
  8
85
 10
-5113.8701
 20
608.6800
  0
VERTEX
  8
85
 10
-5029.5400
 20
608.6600
  0
SEQEND
  0
POINT
  8
2
 10
-5113.8701
 20
608.6800
  0
TEXT
  8
8
 10
-5113.8701
 20
608.6800
 40
3.0000
  1
# 523
  7
STANDARD
  0
POINT
  8
2
 10
-5029.5400
 20
608.6600
  0
TEXT
  8
8
 10
-5029.5400
 20
608.6600
 40
3.0000
  1
# 529
  7
STANDARD
  0
ENDBLK
  0
BLOCK
  8
0
  2
Left Lining Patch pocket_5026
 70
64
 10
0.0000
 20
0.0000
  0
TEXT
  8
1
 10
-6602.8999
 20
215.9300
 40
3.0000
 50
0.0000
  1
Piece Name: Left Lining Patch pocket
  7
STANDARD
  0
TEXT
  8
1
 10
-6602.8999
 20
219.9300
 40
3.0000
 50
0.0000
  1
SAMPLE SIZE:50
  7
STANDARD
  0
TEXT
  8
1
 10
-6602.8999
 20
223.9300
 40
3.0000
 50
0.0000
  1
ANNOTATION: Cut 1
  7
STANDARD
  0
TEXT
  8
1
 10
-6602.8999
 20
227.9300
 40
3.0000
 50
0.0000
  1
MATERIAL: Leather
  7
STANDARD
  0
TEXT
  8
1
 10
-6602.8999
 20
231.9300
 40
3.0000
 50
0.0000
  1
QUANTITY: 1
  7
STANDARD
  0
POLYLINE
  8
1
 66
1
 70
1
  0
VERTEX
  8
1
 10
-6700.4702
 20
290.9800
  0
VERTEX
  8
1
 10
-6505.3398
 20
290.9800
  0
VERTEX
  8
1
 10
-6505.3398
 20
140.8900
  0
VERTEX
  8
1
 10
-6700.4702
 20
140.8900
  0
VERTEX
  8
1
 10
-6700.4702
 20
290.9800
  0
SEQEND
  0
POLYLINE
  8
84
 66
1
 70
1
  0
VERTEX
  8
84
 10
-6700.4702
 20
290.9800
  0
VERTEX
  8
84
 10
-6505.3398
 20
290.9800
  0
VERTEX
  8
84
 10
-6505.3398
 20
140.8900
  0
VERTEX
  8
84
 10
-6700.4702
 20
140.8900
  0
VERTEX
  8
84
 10
-6700.4702
 20
290.9800
  0
SEQEND
  0
POINT
  8
2
 10
-6700.4702
 20
290.9800
  0
TEXT
  8
1
 10
-6700.4702
 20
290.9800
 40
3.0000
  1
# 541
  7
STANDARD
  0
POINT
  8
2
 10
-6505.3398
 20
290.9800
  0
TEXT
  8
1
 10
-6505.3398
 20
290.9800
 40
3.0000
  1
# 542
  7
STANDARD
  0
POINT
  8
2
 10
-6505.3398
 20
140.8900
  0
TEXT
  8
1
 10
-6505.3398
 20
140.8900
 40
3.0000
  1
# 543
  7
STANDARD
  0
POINT
  8
2
 10
-6700.4702
 20
140.8900
  0
TEXT
  8
1
 10
-6700.4702
 20
140.8900
 40
3.0000
  1
# 544
  7
STANDARD
  0
POLYLINE
  8
14
 66
1
 70
1
  0
VERTEX
  8
14
 10
-6690.4702
 20
280.9800
  0
VERTEX
  8
14
 10
-6545.3398
 20
280.9800
  0
VERTEX
  8
14
 10
-6545.3398
 20
150.8900
  0
VERTEX
  8
14
 10
-6690.4702
 20
150.8900
  0
VERTEX
  8
14
 10
-6690.4702
 20
280.9800
  0
SEQEND
  0
POLYLINE
  8
87
 66
1
 70
1
  0
VERTEX
  8
87
 10
-6690.4702
 20
280.9800
  0
VERTEX
  8
87
 10
-6545.3398
 20
280.9800
  0
VERTEX
  8
87
 10
-6545.3398
 20
150.8900
  0
VERTEX
  8
87
 10
-6690.4702
 20
150.8900
  0
VERTEX
  8
87
 10
-6690.4702
 20
280.9800
  0
SEQEND
  0
POINT
  8
2
 10
-6690.4702
 20
280.9800
  0
TEXT
  8
14
 10
-6690.4702
 20
280.9800
 40
3.0000
  1
# 545
  7
STANDARD
  0
POINT
  8
2
 10
-6545.3398
 20
280.9800
  0
TEXT
  8
14
 10
-6545.3398
 20
280.9800
 40
3.0000
  1
# 546
  7
STANDARD
  0
POINT
  8
2
 10
-6545.3398
 20
150.8900
  0
TEXT
  8
14
 10
-6545.3398
 20
150.8900
 40
3.0000
  1
# 547
  7
STANDARD
  0
POINT
  8
2
 10
-6690.4702
 20
150.8900
  0
TEXT
  8
14
 10
-6690.4702
 20
150.8900
 40
3.0000
  1
# 548
  7
STANDARD
  0
LINE
  8
7
 10
-6662.7598
 20
208.4400
 11
-6573.0601
 21
208.4400
  0
LINE
  8
5
 10
-6662.7598
 20
208.4400
 11
-6573.0601
 21
208.4400
  0
POINT
  8
2
 10
-6662.7598
 20
208.4400
  0
TEXT
  8
7
 10
-6662.7598
 20
208.4400
 40
3.0000
  1
# 549
  7
STANDARD
  0
POINT
  8
2
 10
-6573.0601
 20
208.4400
  0
TEXT
  8
7
 10
-6573.0601
 20
208.4400
 40
3.0000
  1
# 550
  7
STANDARD
  0
POLYLINE
  8
8
 66
1
 70
0
  0
VERTEX
  8
8
 10
-6575.3398
 20
150.8900
  0
VERTEX
  8
8
 10
-6575.3398
 20
280.9800
  0
SEQEND
  0
POLYLINE
  8
85
 66
1
 70
0
  0
VERTEX
  8
85
 10
-6575.3398
 20
150.8900
  0
VERTEX
  8
85
 10
-6575.3398
 20
280.9800
  0
SEQEND
  0
POINT
  8
2
 10
-6575.3398
 20
150.8900
  0
TEXT
  8
8
 10
-6575.3398
 20
150.8900
 40
3.0000
  1
# 551
  7
STANDARD
  0
POINT
  8
2
 10
-6575.3398
 20
280.9800
  0
TEXT
  8
8
 10
-6575.3398
 20
280.9800
 40
3.0000
  1
# 552
  7
STANDARD
  0
POLYLINE
  8
8
 66
1
 70
0
  0
VERTEX
  8
8
 10
-6565.3398
 20
215.9300
  0
VERTEX
  8
8
 10
-6555.3398
 20
215.9300
  0
SEQEND
  0
POLYLINE
  8
85
 66
1
 70
0
  0
VERTEX
  8
85
 10
-6565.3398
 20
215.9300
  0
VERTEX
  8
85
 10
-6555.3398
 20
215.9300
  0
SEQEND
  0
POINT
  8
2
 10
-6565.3398
 20
215.9300
  0
TEXT
  8
8
 10
-6565.3398
 20
215.9300
 40
3.0000
  1
# 553
  7
STANDARD
  0
POINT
  8
2
 10
-6555.3398
 20
215.9300
  0
TEXT
  8
8
 10
-6555.3398
 20
215.9300
 40
3.0000
  1
# 554
  7
STANDARD
  0
POLYLINE
  8
8
 66
1
 70
0
  0
VERTEX
  8
8
 10
-6565.3398
 20
217.9300
  0
VERTEX
  8
8
 10
-6555.3398
 20
217.9300
  0
SEQEND
  0
POLYLINE
  8
85
 66
1
 70
0
  0
VERTEX
  8
85
 10
-6565.3398
 20
217.9300
  0
VERTEX
  8
85
 10
-6555.3398
 20
217.9300
  0
SEQEND
  0
POINT
  8
2
 10
-6565.3398
 20
217.9300
  0
TEXT
  8
8
 10
-6565.3398
 20
217.9300
 40
3.0000
  1
# 555
  7
STANDARD
  0
POINT
  8
2
 10
-6555.3398
 20
217.9300
  0
TEXT
  8
8
 10
-6555.3398
 20
217.9300
 40
3.0000
  1
# 556
  7
STANDARD
  0
POLYLINE
  8
8
 66
1
 70
0
  0
VERTEX
  8
8
 10
-6565.3398
 20
213.9300
  0
VERTEX
  8
8
 10
-6555.3398
 20
213.9300
  0
SEQEND
  0
POLYLINE
  8
85
 66
1
 70
0
  0
VERTEX
  8
85
 10
-6565.3398
 20
213.9300
  0
VERTEX
  8
85
 10
-6555.3398
 20
213.9300
  0
SEQEND
  0
POINT
  8
2
 10
-6565.3398
 20
213.9300
  0
TEXT
  8
8
 10
-6565.3398
 20
213.9300
 40
3.0000
  1
# 557
  7
STANDARD
  0
POINT
  8
2
 10
-6555.3398
 20
213.9300
  0
TEXT
  8
8
 10
-6555.3398
 20
213.9300
 40
3.0000
  1
# 558
  7
STANDARD
  0
POLYLINE
  8
8
 66
1
 70
0
  0
VERTEX
  8
8
 10
-6555.3398
 20
213.9300
  0
VERTEX
  8
8
 10
-6555.3398
 20
217.9300
  0
SEQEND
  0
POLYLINE
  8
85
 66
1
 70
0
  0
VERTEX
  8
85
 10
-6555.3398
 20
213.9300
  0
VERTEX
  8
85
 10
-6555.3398
 20
217.9300
  0
SEQEND
  0
POINT
  8
2
 10
-6555.3398
 20
213.9300
  0
TEXT
  8
8
 10
-6555.3398
 20
213.9300
 40
3.0000
  1
# 558
  7
STANDARD
  0
POINT
  8
2
 10
-6555.3398
 20
217.9300
  0
TEXT
  8
8
 10
-6555.3398
 20
217.9300
 40
3.0000
  1
# 556
  7
STANDARD
  0
POLYLINE
  8
8
 66
1
 70
0
  0
VERTEX
  8
8
 10
-6565.3398
 20
213.9300
  0
VERTEX
  8
8
 10
-6565.3398
 20
217.9300
  0
SEQEND
  0
POLYLINE
  8
85
 66
1
 70
0
  0
VERTEX
  8
85
 10
-6565.3398
 20
213.9300
  0
VERTEX
  8
85
 10
-6565.3398
 20
217.9300
  0
SEQEND
  0
POINT
  8
2
 10
-6565.3398
 20
213.9300
  0
TEXT
  8
8
 10
-6565.3398
 20
213.9300
 40
3.0000
  1
# 557
  7
STANDARD
  0
POINT
  8
2
 10
-6565.3398
 20
217.9300
  0
TEXT
  8
8
 10
-6565.3398
 20
217.9300
 40
3.0000
  1
# 555
  7
STANDARD
  0
ENDBLK
  0
BLOCK
  8
0
  2
LACE COLLAR 2P_5027
 70
64
 10
0.0000
 20
0.0000
  0
TEXT
  8
1
 10
345.2500
 20
-272.7500
 40
3.0000
 50
0.0000
  1
Piece Name: LACE COLLAR 2P
  7
STANDARD
  0
TEXT
  8
1
 10
345.2500
 20
-268.7500
 40
3.0000
 50
0.0000
  1
SAMPLE SIZE:50
  7
STANDARD
  0
TEXT
  8
1
 10
345.2500
 20
-264.7500
 40
3.0000
 50
0.0000
  1
ANNOTATION:  LACE COLLAR 2P
  7
STANDARD
  0
TEXT
  8
1
 10
345.2500
 20
-260.7500
 40
3.0000
 50
0.0000
  1
MATERIAL: LEATHER
  7
STANDARD
  0
TEXT
  8
1
 10
345.2500
 20
-256.7500
 40
3.0000
 50
0.0000
  1
QUANTITY: 1
  7
STANDARD
  0
POLYLINE
  8
1
 66
1
 70
1
  0
VERTEX
  8
1
 10
377.3000
 20
-368.4500
  0
VERTEX
  8
1
 10
326.1000
 20
-361.7500
  0
VERTEX
  8
1
 10
294.8000
 20
-294.8500
  0
VERTEX
  8
1
 10
306.6000
 20
-256.4500
  0
VERTEX
  8
1
 10
317.3000
 20
-222.6500
  0
VERTEX
  8
1
 10
326.7000
 20
-193.2500
  0
VERTEX
  8
1
 10
395.7000
 20
-177.0500
  0
VERTEX
  8
1
 10
392.0000
 20
-209.7500
  0
VERTEX
  8
1
 10
387.9000
 20
-243.6500
  0
VERTEX
  8
1
 10
384.1000
 20
-277.6500
  0
VERTEX
  8
1
 10
381.2000
 20
-308.8400
  0
VERTEX
  8
1
 10
379.2000
 20
-334.3500
  0
VERTEX
  8
1
 10
378.1000
 20
-353.5500
  0
VERTEX
  8
1
 10
377.3000
 20
-368.4500
  0
SEQEND
  0
POLYLINE
  8
84
 66
1
 70
1
  0
VERTEX
  8
84
 10
377.3000
 20
-368.4500
  0
VERTEX
  8
84
 10
326.1000
 20
-361.7500
  0
VERTEX
  8
84
 10
294.8000
 20
-294.8500
  0
VERTEX
  8
84
 10
300.6500
 20
-275.6300
  0
VERTEX
  8
84
 10
306.6000
 20
-256.4500
  0
VERTEX
  8
84
 10
317.3000
 20
-222.6500
  0
VERTEX
  8
84
 10
326.7000
 20
-193.2500
  0
VERTEX
  8
84
 10
395.7000
 20
-177.0500
  0
VERTEX
  8
84
 10
392.0000
 20
-209.7500
  0
VERTEX
  8
84
 10
387.9000
 20
-243.6500
  0
VERTEX
  8
84
 10
385.8000
 20
-261.7500
  0
VERTEX
  8
84
 10
384.1000
 20
-277.6500
  0
VERTEX
  8
84
 10
382.7000
 20
-292.0800
  0
VERTEX
  8
84
 10
381.2000
 20
-308.8400
  0
VERTEX
  8
84
 10
380.0300
 20
-322.9600
  0
VERTEX
  8
84
 10
379.2000
 20
-334.3500
  0
VERTEX
  8
84
 10
378.1000
 20
-353.5500
  0
VERTEX
  8
84
 10
377.3000
 20
-368.4500
  0
SEQEND
  0
POINT
  8
2
 10
377.3000
 20
-368.4500
  0
TEXT
  8
1
 10
377.3000
 20
-368.4500
 40
3.0000
  1
# 559
  7
STANDARD
  0
POINT
  8
2
 10
326.1000
 20
-361.7500
  0
TEXT
  8
1
 10
326.1000
 20
-361.7500
 40
3.0000
  1
# 560
  7
STANDARD
  0
POINT
  8
2
 10
294.8000
 20
-294.8500
  0
TEXT
  8
1
 10
294.8000
 20
-294.8500
 40
3.0000
  1
# 561
  7
STANDARD
  0
POINT
  8
3
 10
306.6000
 20
-256.4500
  0
POINT
  8
3
 10
317.3000
 20
-222.6500
  0
POINT
  8
2
 10
326.7000
 20
-193.2500
  0
TEXT
  8
1
 10
326.7000
 20
-193.2500
 40
3.0000
  1
# 562
  7
STANDARD
  0
POINT
  8
2
 10
395.7000
 20
-177.0500
  0
TEXT
  8
1
 10
395.7000
 20
-177.0500
 40
3.0000
  1
# 563
  7
STANDARD
  0
POINT
  8
3
 10
392.0000
 20
-209.7500
  0
POINT
  8
3
 10
387.9000
 20
-243.6500
  0
POINT
  8
3
 10
384.1000
 20
-277.6500
  0
POINT
  8
3
 10
381.2000
 20
-308.8400
  0
POINT
  8
3
 10
379.2000
 20
-334.3500
  0
POINT
  8
3
 10
378.1000
 20
-353.5500
  0
POLYLINE
  8
14
 66
1
 70
1
  0
VERTEX
  8
14
 10
367.8900
 20
-357.1300
  0
VERTEX
  8
14
 10
332.8400
 20
-352.5400
  0
VERTEX
  8
14
 10
305.4900
 20
-294.0900
  0
VERTEX
  8
14
 10
316.2000
 20
-259.2600
  0
VERTEX
  8
14
 10
326.8700
 20
-225.5400
  0
VERTEX
  8
14
 10
334.4900
 20
-201.7000
  0
VERTEX
  8
14
 10
384.1700
 20
-190.0400
  0
VERTEX
  8
14
 10
382.0600
 20
-208.6700
  0
VERTEX
  8
14
 10
377.9700
 20
-242.4700
  0
VERTEX
  8
14
 10
374.1500
 20
-276.7200
  0
VERTEX
  8
14
 10
371.1700
 20
-308.7300
  0
VERTEX
  8
14
 10
369.2300
 20
-333.6700
  0
VERTEX
  8
14
 10
367.9900
 20
-355.1900
  0
VERTEX
  8
14
 10
367.8900
 20
-357.1300
  0
SEQEND
  0
POLYLINE
  8
87
 66
1
 70
1
  0
VERTEX
  8
87
 10
367.8900
 20
-357.1300
  0
VERTEX
  8
87
 10
332.8400
 20
-352.5400
  0
VERTEX
  8
87
 10
305.4900
 20
-294.0900
  0
VERTEX
  8
87
 10
316.2000
 20
-259.2600
  0
VERTEX
  8
87
 10
326.8700
 20
-225.5400
  0
VERTEX
  8
87
 10
334.4900
 20
-201.7000
  0
VERTEX
  8
87
 10
384.1700
 20
-190.0400
  0
VERTEX
  8
87
 10
382.0600
 20
-208.6700
  0
VERTEX
  8
87
 10
377.9700
 20
-242.4700
  0
VERTEX
  8
87
 10
375.9000
 20
-260.3600
  0
VERTEX
  8
87
 10
374.1500
 20
-276.7200
  0
VERTEX
  8
87
 10
372.6600
 20
-292.0100
  0
VERTEX
  8
87
 10
371.1700
 20
-308.7300
  0
VERTEX
  8
87
 10
370.0600
 20
-322.2300
  0
VERTEX
  8
87
 10
369.2300
 20
-333.6700
  0
VERTEX
  8
87
 10
367.9900
 20
-355.1900
  0
VERTEX
  8
87
 10
367.8900
 20
-357.1300
  0
SEQEND
  0
POINT
  8
2
 10
367.8900
 20
-357.1300
  0
TEXT
  8
14
 10
367.8900
 20
-357.1300
 40
3.0000
  1
# 564
  7
STANDARD
  0
POINT
  8
2
 10
332.8400
 20
-352.5400
  0
TEXT
  8
14
 10
332.8400
 20
-352.5400
 40
3.0000
  1
# 565
  7
STANDARD
  0
POINT
  8
2
 10
305.4900
 20
-294.0900
  0
TEXT
  8
14
 10
305.4900
 20
-294.0900
 40
3.0000
  1
# 566
  7
STANDARD
  0
POINT
  8
3
 10
316.2000
 20
-259.2600
  0
POINT
  8
3
 10
326.8700
 20
-225.5400
  0
POINT
  8
2
 10
334.4900
 20
-201.7000
  0
TEXT
  8
14
 10
334.4900
 20
-201.7000
 40
3.0000
  1
# 567
  7
STANDARD
  0
POINT
  8
2
 10
384.1700
 20
-190.0400
  0
TEXT
  8
14
 10
384.1700
 20
-190.0400
 40
3.0000
  1
# 568
  7
STANDARD
  0
POINT
  8
3
 10
382.0600
 20
-208.6700
  0
POINT
  8
3
 10
377.9700
 20
-242.4700
  0
POINT
  8
3
 10
374.1500
 20
-276.7200
  0
POINT
  8
3
 10
371.1700
 20
-308.7300
  0
POINT
  8
3
 10
369.2300
 20
-333.6700
  0
POINT
  8
3
 10
367.9900
 20
-355.1900
  0
LINE
  8
7
 10
333.9000
 20
-275.5500
 11
364.9000
 21
-275.5500
  0
LINE
  8
5
 10
333.9000
 20
-275.5500
 11
364.9000
 21
-275.5500
  0
POINT
  8
2
 10
333.9000
 20
-275.5500
  0
TEXT
  8
7
 10
333.9000
 20
-275.5500
 40
3.0000
  1
# 569
  7
STANDARD
  0
POINT
  8
2
 10
364.9000
 20
-275.5500
  0
TEXT
  8
7
 10
364.9000
 20
-275.5500
 40
3.0000
  1
# 570
  7
STANDARD
  0
POLYLINE
  8
8
 66
1
 70
1
  0
VERTEX
  8
8
 10
368.0000
 20
-357.1400
  0
VERTEX
  8
8
 10
332.8000
 20
-352.6400
  0
VERTEX
  8
8
 10
305.5000
 20
-294.1500
  0
VERTEX
  8
8
 10
316.1000
 20
-259.4500
  0
VERTEX
  8
8
 10
326.8000
 20
-225.6500
  0
VERTEX
  8
8
 10
334.4000
 20
-201.6500
  0
VERTEX
  8
8
 10
384.2000
 20
-190.0500
  0
VERTEX
  8
8
 10
382.1000
 20
-208.6500
  0
VERTEX
  8
8
 10
378.0000
 20
-242.5500
  0
VERTEX
  8
8
 10
374.2000
 20
-276.6500
  0
VERTEX
  8
8
 10
371.3000
 20
-308.0500
  0
VERTEX
  8
8
 10
369.3000
 20
-333.7500
  0
VERTEX
  8
8
 10
368.2000
 20
-353.0500
  0
VERTEX
  8
8
 10
368.0000
 20
-357.1400
  0
SEQEND
  0
POLYLINE
  8
85
 66
1
 70
1
  0
VERTEX
  8
85
 10
368.0000
 20
-357.1400
  0
VERTEX
  8
85
 10
332.8000
 20
-352.6400
  0
VERTEX
  8
85
 10
305.5000
 20
-294.1500
  0
VERTEX
  8
85
 10
310.7400
 20
-276.7800
  0
VERTEX
  8
85
 10
316.1000
 20
-259.4500
  0
VERTEX
  8
85
 10
326.8000
 20
-225.6500
  0
VERTEX
  8
85
 10
334.4000
 20
-201.6500
  0
VERTEX
  8
85
 10
384.2000
 20
-190.0500
  0
VERTEX
  8
85
 10
382.1000
 20
-208.6500
  0
VERTEX
  8
85
 10
378.0000
 20
-242.5500
  0
VERTEX
  8
85
 10
375.9200
 20
-260.5000
  0
VERTEX
  8
85
 10
374.2000
 20
-276.6500
  0
VERTEX
  8
85
 10
372.7800
 20
-291.3100
  0
VERTEX
  8
85
 10
371.3000
 20
-308.0500
  0
VERTEX
  8
85
 10
370.1400
 20
-322.1400
  0
VERTEX
  8
85
 10
369.3000
 20
-333.7500
  0
VERTEX
  8
85
 10
368.2000
 20
-353.0500
  0
VERTEX
  8
85
 10
368.0000
 20
-357.1400
  0
SEQEND
  0
POINT
  8
2
 10
368.0000
 20
-357.1400
  0
TEXT
  8
8
 10
368.0000
 20
-357.1400
 40
3.0000
  1
# 571
  7
STANDARD
  0
POINT
  8
2
 10
332.8000
 20
-352.6400
  0
TEXT
  8
8
 10
332.8000
 20
-352.6400
 40
3.0000
  1
# 572
  7
STANDARD
  0
POINT
  8
2
 10
305.5000
 20
-294.1500
  0
TEXT
  8
8
 10
305.5000
 20
-294.1500
 40
3.0000
  1
# 573
  7
STANDARD
  0
POINT
  8
3
 10
316.1000
 20
-259.4500
  0
POINT
  8
3
 10
326.8000
 20
-225.6500
  0
POINT
  8
2
 10
334.4000
 20
-201.6500
  0
TEXT
  8
8
 10
334.4000
 20
-201.6500
 40
3.0000
  1
# 574
  7
STANDARD
  0
POINT
  8
2
 10
384.2000
 20
-190.0500
  0
TEXT
  8
8
 10
384.2000
 20
-190.0500
 40
3.0000
  1
# 575
  7
STANDARD
  0
POINT
  8
3
 10
382.1000
 20
-208.6500
  0
POINT
  8
3
 10
378.0000
 20
-242.5500
  0
POINT
  8
3
 10
374.2000
 20
-276.6500
  0
POINT
  8
3
 10
371.3000
 20
-308.0500
  0
POINT
  8
3
 10
369.3000
 20
-333.7500
  0
POINT
  8
3
 10
368.2000
 20
-353.0500
  0
POLYLINE
  8
8
 66
1
 70
1
  0
VERTEX
  8
8
 10
368.0000
 20
-357.1400
  0
VERTEX
  8
8
 10
332.8000
 20
-352.6400
  0
VERTEX
  8
8
 10
305.5000
 20
-294.1500
  0
VERTEX
  8
8
 10
316.1000
 20
-259.4500
  0
VERTEX
  8
8
 10
326.8000
 20
-225.6500
  0
VERTEX
  8
8
 10
334.4000
 20
-201.6500
  0
VERTEX
  8
8
 10
384.2000
 20
-190.0500
  0
VERTEX
  8
8
 10
382.1000
 20
-208.6500
  0
VERTEX
  8
8
 10
378.0000
 20
-242.5500
  0
VERTEX
  8
8
 10
374.2000
 20
-276.6500
  0
VERTEX
  8
8
 10
371.3000
 20
-308.0500
  0
VERTEX
  8
8
 10
369.3000
 20
-333.7500
  0
VERTEX
  8
8
 10
368.2000
 20
-353.0500
  0
VERTEX
  8
8
 10
368.0000
 20
-357.1400
  0
SEQEND
  0
POLYLINE
  8
85
 66
1
 70
1
  0
VERTEX
  8
85
 10
368.0000
 20
-357.1400
  0
VERTEX
  8
85
 10
332.8000
 20
-352.6400
  0
VERTEX
  8
85
 10
305.5000
 20
-294.1500
  0
VERTEX
  8
85
 10
310.7400
 20
-276.7800
  0
VERTEX
  8
85
 10
316.1000
 20
-259.4500
  0
VERTEX
  8
85
 10
326.8000
 20
-225.6500
  0
VERTEX
  8
85
 10
334.4000
 20
-201.6500
  0
VERTEX
  8
85
 10
384.2000
 20
-190.0500
  0
VERTEX
  8
85
 10
382.1000
 20
-208.6500
  0
VERTEX
  8
85
 10
378.0000
 20
-242.5500
  0
VERTEX
  8
85
 10
375.9200
 20
-260.5000
  0
VERTEX
  8
85
 10
374.2000
 20
-276.6500
  0
VERTEX
  8
85
 10
372.7800
 20
-291.3100
  0
VERTEX
  8
85
 10
371.3000
 20
-308.0500
  0
VERTEX
  8
85
 10
370.1400
 20
-322.1400
  0
VERTEX
  8
85
 10
369.3000
 20
-333.7500
  0
VERTEX
  8
85
 10
368.2000
 20
-353.0500
  0
VERTEX
  8
85
 10
368.0000
 20
-357.1400
  0
SEQEND
  0
POINT
  8
2
 10
368.0000
 20
-357.1400
  0
TEXT
  8
8
 10
368.0000
 20
-357.1400
 40
3.0000
  1
# 576
  7
STANDARD
  0
POINT
  8
2
 10
332.8000
 20
-352.6400
  0
TEXT
  8
8
 10
332.8000
 20
-352.6400
 40
3.0000
  1
# 577
  7
STANDARD
  0
POINT
  8
2
 10
305.5000
 20
-294.1500
  0
TEXT
  8
8
 10
305.5000
 20
-294.1500
 40
3.0000
  1
# 578
  7
STANDARD
  0
POINT
  8
3
 10
316.1000
 20
-259.4500
  0
POINT
  8
3
 10
326.8000
 20
-225.6500
  0
POINT
  8
2
 10
334.4000
 20
-201.6500
  0
TEXT
  8
8
 10
334.4000
 20
-201.6500
 40
3.0000
  1
# 579
  7
STANDARD
  0
POINT
  8
2
 10
384.2000
 20
-190.0500
  0
TEXT
  8
8
 10
384.2000
 20
-190.0500
 40
3.0000
  1
# 580
  7
STANDARD
  0
POINT
  8
3
 10
382.1000
 20
-208.6500
  0
POINT
  8
3
 10
378.0000
 20
-242.5500
  0
POINT
  8
3
 10
374.2000
 20
-276.6500
  0
POINT
  8
3
 10
371.3000
 20
-308.0500
  0
POINT
  8
3
 10
369.3000
 20
-333.7500
  0
POINT
  8
3
 10
368.2000
 20
-353.0500
  0
POINT
  8
13
 10
367.0000
 20
-208.7500
 30
10.0000
  0
TEXT
  8
13
 10
367.0000
 20
-208.7500
 40
3.0000
  1
# 581
  7
STANDARD
  0
TEXT
  8
15
 10
359.5000
 20
-207.2500
 40
6.5
  50
270.0000
  1
SNAP
  7
STANDARD
  0
TEXT
  8
15
 10
322.4500
 20
-238.9500
 40
10
  50
0.0000
  1
LACE COLLAR 2P
  7
STANDARD
  0
ENDBLK
  0
BLOCK
  8
0
  2
Right Lining Patch Pocket_5028
 70
64
 10
0.0000
 20
0.0000
  0
TEXT
  8
1
 10
-8253.3496
 20
1730.2700
 40
3.0000
 50
0.0000
  1
Piece Name: Right Lining Patch Pocket
  7
STANDARD
  0
TEXT
  8
1
 10
-8253.3496
 20
1734.2700
 40
3.0000
 50
0.0000
  1
SAMPLE SIZE:50
  7
STANDARD
  0
TEXT
  8
1
 10
-8253.3496
 20
1738.2700
 40
3.0000
 50
0.0000
  1
ANNOTATION: Cut 1
  7
STANDARD
  0
TEXT
  8
1
 10
-8253.3496
 20
1742.2700
 40
3.0000
 50
0.0000
  1
MATERIAL: Lining
  7
STANDARD
  0
TEXT
  8
1
 10
-8253.3496
 20
1746.2700
 40
3.0000
 50
0.0000
  1
QUANTITY: 1
  7
STANDARD
  0
POLYLINE
  8
1
 66
1
 70
1
  0
VERTEX
  8
1
 10
-8350.9199
 20
1805.3199
  0
VERTEX
  8
1
 10
-8155.7900
 20
1805.3199
  0
VERTEX
  8
1
 10
-8155.7900
 20
1655.2300
  0
VERTEX
  8
1
 10
-8350.9199
 20
1655.2300
  0
VERTEX
  8
1
 10
-8350.9199
 20
1805.3199
  0
SEQEND
  0
POLYLINE
  8
84
 66
1
 70
1
  0
VERTEX
  8
84
 10
-8350.9199
 20
1805.3199
  0
VERTEX
  8
84
 10
-8155.7900
 20
1805.3199
  0
VERTEX
  8
84
 10
-8155.7900
 20
1655.2300
  0
VERTEX
  8
84
 10
-8350.9199
 20
1655.2300
  0
VERTEX
  8
84
 10
-8350.9199
 20
1805.3199
  0
SEQEND
  0
POINT
  8
2
 10
-8350.9199
 20
1805.3199
  0
TEXT
  8
1
 10
-8350.9199
 20
1805.3199
 40
3.0000
  1
# 582
  7
STANDARD
  0
POINT
  8
2
 10
-8155.7900
 20
1805.3199
  0
TEXT
  8
1
 10
-8155.7900
 20
1805.3199
 40
3.0000
  1
# 583
  7
STANDARD
  0
POINT
  8
2
 10
-8155.7900
 20
1655.2300
  0
TEXT
  8
1
 10
-8155.7900
 20
1655.2300
 40
3.0000
  1
# 584
  7
STANDARD
  0
POINT
  8
2
 10
-8350.9199
 20
1655.2300
  0
TEXT
  8
1
 10
-8350.9199
 20
1655.2300
 40
3.0000
  1
# 585
  7
STANDARD
  0
POLYLINE
  8
14
 66
1
 70
1
  0
VERTEX
  8
14
 10
-8340.9199
 20
1795.3199
  0
VERTEX
  8
14
 10
-8195.7900
 20
1795.3199
  0
VERTEX
  8
14
 10
-8195.7900
 20
1665.2300
  0
VERTEX
  8
14
 10
-8340.9199
 20
1665.2300
  0
VERTEX
  8
14
 10
-8340.9199
 20
1795.3199
  0
SEQEND
  0
POLYLINE
  8
87
 66
1
 70
1
  0
VERTEX
  8
87
 10
-8340.9199
 20
1795.3199
  0
VERTEX
  8
87
 10
-8195.7900
 20
1795.3199
  0
VERTEX
  8
87
 10
-8195.7900
 20
1665.2300
  0
VERTEX
  8
87
 10
-8340.9199
 20
1665.2300
  0
VERTEX
  8
87
 10
-8340.9199
 20
1795.3199
  0
SEQEND
  0
POINT
  8
2
 10
-8340.9199
 20
1795.3199
  0
TEXT
  8
14
 10
-8340.9199
 20
1795.3199
 40
3.0000
  1
# 586
  7
STANDARD
  0
POINT
  8
2
 10
-8195.7900
 20
1795.3199
  0
TEXT
  8
14
 10
-8195.7900
 20
1795.3199
 40
3.0000
  1
# 587
  7
STANDARD
  0
POINT
  8
2
 10
-8195.7900
 20
1665.2300
  0
TEXT
  8
14
 10
-8195.7900
 20
1665.2300
 40
3.0000
  1
# 588
  7
STANDARD
  0
POINT
  8
2
 10
-8340.9199
 20
1665.2300
  0
TEXT
  8
14
 10
-8340.9199
 20
1665.2300
 40
3.0000
  1
# 589
  7
STANDARD
  0
LINE
  8
7
 10
-8313.2100
 20
1722.7800
 11
-8223.5098
 21
1722.7800
  0
LINE
  8
5
 10
-8313.2100
 20
1722.7800
 11
-8223.5098
 21
1722.7800
  0
POINT
  8
2
 10
-8313.2100
 20
1722.7800
  0
TEXT
  8
7
 10
-8313.2100
 20
1722.7800
 40
3.0000
  1
# 590
  7
STANDARD
  0
POINT
  8
2
 10
-8223.5098
 20
1722.7800
  0
TEXT
  8
7
 10
-8223.5098
 20
1722.7800
 40
3.0000
  1
# 591
  7
STANDARD
  0
POLYLINE
  8
8
 66
1
 70
0
  0
VERTEX
  8
8
 10
-8225.7900
 20
1665.2300
  0
VERTEX
  8
8
 10
-8225.7900
 20
1795.3199
  0
SEQEND
  0
POLYLINE
  8
85
 66
1
 70
0
  0
VERTEX
  8
85
 10
-8225.7900
 20
1665.2300
  0
VERTEX
  8
85
 10
-8225.7900
 20
1795.3199
  0
SEQEND
  0
POINT
  8
2
 10
-8225.7900
 20
1665.2300
  0
TEXT
  8
8
 10
-8225.7900
 20
1665.2300
 40
3.0000
  1
# 592
  7
STANDARD
  0
POINT
  8
2
 10
-8225.7900
 20
1795.3199
  0
TEXT
  8
8
 10
-8225.7900
 20
1795.3199
 40
3.0000
  1
# 593
  7
STANDARD
  0
POLYLINE
  8
8
 66
1
 70
0
  0
VERTEX
  8
8
 10
-8215.7900
 20
1730.2700
  0
VERTEX
  8
8
 10
-8205.7900
 20
1730.2700
  0
SEQEND
  0
POLYLINE
  8
85
 66
1
 70
0
  0
VERTEX
  8
85
 10
-8215.7900
 20
1730.2700
  0
VERTEX
  8
85
 10
-8205.7900
 20
1730.2700
  0
SEQEND
  0
POINT
  8
2
 10
-8215.7900
 20
1730.2700
  0
TEXT
  8
8
 10
-8215.7900
 20
1730.2700
 40
3.0000
  1
# 594
  7
STANDARD
  0
POINT
  8
2
 10
-8205.7900
 20
1730.2700
  0
TEXT
  8
8
 10
-8205.7900
 20
1730.2700
 40
3.0000
  1
# 595
  7
STANDARD
  0
POLYLINE
  8
8
 66
1
 70
0
  0
VERTEX
  8
8
 10
-8215.7900
 20
1732.2700
  0
VERTEX
  8
8
 10
-8205.7900
 20
1732.2700
  0
SEQEND
  0
POLYLINE
  8
85
 66
1
 70
0
  0
VERTEX
  8
85
 10
-8215.7900
 20
1732.2700
  0
VERTEX
  8
85
 10
-8205.7900
 20
1732.2700
  0
SEQEND
  0
POINT
  8
2
 10
-8215.7900
 20
1732.2700
  0
TEXT
  8
8
 10
-8215.7900
 20
1732.2700
 40
3.0000
  1
# 596
  7
STANDARD
  0
POINT
  8
2
 10
-8205.7900
 20
1732.2700
  0
TEXT
  8
8
 10
-8205.7900
 20
1732.2700
 40
3.0000
  1
# 597
  7
STANDARD
  0
POLYLINE
  8
8
 66
1
 70
0
  0
VERTEX
  8
8
 10
-8215.7900
 20
1728.2700
  0
VERTEX
  8
8
 10
-8205.7900
 20
1728.2700
  0
SEQEND
  0
POLYLINE
  8
85
 66
1
 70
0
  0
VERTEX
  8
85
 10
-8215.7900
 20
1728.2700
  0
VERTEX
  8
85
 10
-8205.7900
 20
1728.2700
  0
SEQEND
  0
POINT
  8
2
 10
-8215.7900
 20
1728.2700
  0
TEXT
  8
8
 10
-8215.7900
 20
1728.2700
 40
3.0000
  1
# 598
  7
STANDARD
  0
POINT
  8
2
 10
-8205.7900
 20
1728.2700
  0
TEXT
  8
8
 10
-8205.7900
 20
1728.2700
 40
3.0000
  1
# 599
  7
STANDARD
  0
POLYLINE
  8
8
 66
1
 70
0
  0
VERTEX
  8
8
 10
-8205.7900
 20
1728.2700
  0
VERTEX
  8
8
 10
-8205.7900
 20
1732.2700
  0
SEQEND
  0
POLYLINE
  8
85
 66
1
 70
0
  0
VERTEX
  8
85
 10
-8205.7900
 20
1728.2700
  0
VERTEX
  8
85
 10
-8205.7900
 20
1732.2700
  0
SEQEND
  0
POINT
  8
2
 10
-8205.7900
 20
1728.2700
  0
TEXT
  8
8
 10
-8205.7900
 20
1728.2700
 40
3.0000
  1
# 599
  7
STANDARD
  0
POINT
  8
2
 10
-8205.7900
 20
1732.2700
  0
TEXT
  8
8
 10
-8205.7900
 20
1732.2700
 40
3.0000
  1
# 597
  7
STANDARD
  0
POLYLINE
  8
8
 66
1
 70
0
  0
VERTEX
  8
8
 10
-8215.7900
 20
1728.2700
  0
VERTEX
  8
8
 10
-8215.7900
 20
1732.2700
  0
SEQEND
  0
POLYLINE
  8
85
 66
1
 70
0
  0
VERTEX
  8
85
 10
-8215.7900
 20
1728.2700
  0
VERTEX
  8
85
 10
-8215.7900
 20
1732.2700
  0
SEQEND
  0
POINT
  8
2
 10
-8215.7900
 20
1728.2700
  0
TEXT
  8
8
 10
-8215.7900
 20
1728.2700
 40
3.0000
  1
# 598
  7
STANDARD
  0
POINT
  8
2
 10
-8215.7900
 20
1732.2700
  0
TEXT
  8
8
 10
-8215.7900
 20
1732.2700
 40
3.0000
  1
# 596
  7
STANDARD
  0
ENDBLK
  0
BLOCK
  8
0
  2
Chest Pocket Lining_5029
 70
64
 10
0.0000
 20
0.0000
  0
TEXT
  8
1
 10
-8106.7598
 20
1454.3300
 40
3.0000
 50
0.0000
  1
Piece Name: Chest Pocket Lining
  7
STANDARD
  0
TEXT
  8
1
 10
-8106.7598
 20
1458.3300
 40
3.0000
 50
0.0000
  1
SAMPLE SIZE:50
  7
STANDARD
  0
TEXT
  8
1
 10
-8106.7598
 20
1462.3300
 40
3.0000
 50
0.0000
  1
ANNOTATION: Cut 2
  7
STANDARD
  0
TEXT
  8
1
 10
-8106.7598
 20
1466.3300
 40
3.0000
 50
0.0000
  1
MATERIAL: Lining
  7
STANDARD
  0
TEXT
  8
1
 10
-8106.7598
 20
1470.3300
 40
3.0000
 50
0.0000
  1
QUANTITY: 1
  7
STANDARD
  0
POLYLINE
  8
1
 66
1
 70
1
  0
VERTEX
  8
1
 10
-8029.7202
 20
1387.0400
  0
VERTEX
  8
1
 10
-8168.0200
 20
1368.0400
  0
VERTEX
  8
1
 10
-8168.2202
 20
1383.4399
  0
VERTEX
  8
1
 10
-8182.2202
 20
1383.3400
  0
VERTEX
  8
1
 10
-8183.8198
 20
1525.2400
  0
VERTEX
  8
1
 10
-8169.7202
 20
1525.3400
  0
VERTEX
  8
1
 10
-8169.8198
 20
1540.6400
  0
VERTEX
  8
1
 10
-8159.1201
 20
1539.4399
  0
VERTEX
  8
1
 10
-8050.9199
 20
1527.2400
  0
VERTEX
  8
1
 10
-8032.2202
 20
1525.7400
  0
VERTEX
  8
1
 10
-8029.7202
 20
1387.0400
  0
SEQEND
  0
POLYLINE
  8
84
 66
1
 70
1
  0
VERTEX
  8
84
 10
-8029.7202
 20
1387.0400
  0
VERTEX
  8
84
 10
-8168.0200
 20
1368.0400
  0
VERTEX
  8
84
 10
-8168.2202
 20
1383.4399
  0
VERTEX
  8
84
 10
-8182.2202
 20
1383.3400
  0
VERTEX
  8
84
 10
-8183.8198
 20
1525.2400
  0
VERTEX
  8
84
 10
-8169.7202
 20
1525.3400
  0
VERTEX
  8
84
 10
-8169.8198
 20
1540.6400
  0
VERTEX
  8
84
 10
-8159.1201
 20
1539.4399
  0
VERTEX
  8
84
 10
-8050.9199
 20
1527.2400
  0
VERTEX
  8
84
 10
-8032.2202
 20
1525.7400
  0
VERTEX
  8
84
 10
-8029.7202
 20
1387.0400
  0
SEQEND
  0
POINT
  8
2
 10
-8029.7202
 20
1387.0400
  0
TEXT
  8
1
 10
-8029.7202
 20
1387.0400
 40
3.0000
  1
# 600
  7
STANDARD
  0
POINT
  8
2
 10
-8168.0200
 20
1368.0400
  0
TEXT
  8
1
 10
-8168.0200
 20
1368.0400
 40
3.0000
  1
# 601
  7
STANDARD
  0
POINT
  8
2
 10
-8168.2202
 20
1383.4399
  0
TEXT
  8
1
 10
-8168.2202
 20
1383.4399
 40
3.0000
  1
# 602
  7
STANDARD
  0
POINT
  8
2
 10
-8182.2202
 20
1383.3400
  0
TEXT
  8
1
 10
-8182.2202
 20
1383.3400
 40
3.0000
  1
# 603
  7
STANDARD
  0
POINT
  8
2
 10
-8183.8198
 20
1525.2400
  0
TEXT
  8
1
 10
-8183.8198
 20
1525.2400
 40
3.0000
  1
# 604
  7
STANDARD
  0
POINT
  8
2
 10
-8169.7202
 20
1525.3400
  0
TEXT
  8
1
 10
-8169.7202
 20
1525.3400
 40
3.0000
  1
# 605
  7
STANDARD
  0
POINT
  8
2
 10
-8169.8198
 20
1540.6400
  0
TEXT
  8
1
 10
-8169.8198
 20
1540.6400
 40
3.0000
  1
# 606
  7
STANDARD
  0
POINT
  8
3
 10
-8159.1201
 20
1539.4399
  0
POINT
  8
2
 10
-8050.9199
 20
1527.2400
  0
TEXT
  8
1
 10
-8050.9199
 20
1527.2400
 40
3.0000
  1
# 607
  7
STANDARD
  0
POINT
  8
2
 10
-8032.2202
 20
1525.7400
  0
TEXT
  8
1
 10
-8032.2202
 20
1525.7400
 40
3.0000
  1
# 608
  7
STANDARD
  0
POINT
  8
4
 10
-8050.9199
 20
1527.2400
 30
5.0000
 50
265.1888
  0
POLYLINE
  8
14
 66
1
 70
1
  0
VERTEX
  8
14
 10
-8039.8799
 20
1395.7400
  0
VERTEX
  8
14
 10
-8158.1699
 20
1379.4900
  0
VERTEX
  8
14
 10
-8158.3398
 20
1393.5100
  0
VERTEX
  8
14
 10
-8172.3301
 20
1393.4100
  0
VERTEX
  8
14
 10
-8173.7100
 20
1515.3101
  0
VERTEX
  8
14
 10
-8159.6499
 20
1515.4100
  0
VERTEX
  8
14
 10
-8159.7402
 20
1529.4399
  0
VERTEX
  8
14
 10
-8150.0400
 20
1528.3500
  0
VERTEX
  8
14
 10
-8051.7598
 20
1517.2700
  0
VERTEX
  8
14
 10
-8042.0601
 20
1516.4900
  0
VERTEX
  8
14
 10
-8039.8799
 20
1395.7400
  0
SEQEND
  0
POLYLINE
  8
87
 66
1
 70
1
  0
VERTEX
  8
87
 10
-8159.7402
 20
1529.4399
  0
VERTEX
  8
87
 10
-8150.0400
 20
1528.3500
  0
VERTEX
  8
87
 10
-8051.7598
 20
1517.2700
  0
VERTEX
  8
87
 10
-8042.0601
 20
1516.4900
  0
VERTEX
  8
87
 10
-8039.8799
 20
1395.7400
  0
VERTEX
  8
87
 10
-8158.1699
 20
1379.4900
  0
VERTEX
  8
87
 10
-8158.3398
 20
1393.5100
  0
VERTEX
  8
87
 10
-8172.3301
 20
1393.4100
  0
VERTEX
  8
87
 10
-8173.7100
 20
1515.3101
  0
VERTEX
  8
87
 10
-8159.6499
 20
1515.4100
  0
VERTEX
  8
87
 10
-8159.7402
 20
1529.4399
  0
SEQEND
  0
POINT
  8
2
 10
-8039.8799
 20
1395.7400
  0
TEXT
  8
14
 10
-8039.8799
 20
1395.7400
 40
3.0000
  1
# 609
  7
STANDARD
  0
POINT
  8
2
 10
-8158.1699
 20
1379.4900
  0
TEXT
  8
14
 10
-8158.1699
 20
1379.4900
 40
3.0000
  1
# 610
  7
STANDARD
  0
POINT
  8
2
 10
-8158.3398
 20
1393.5100
  0
TEXT
  8
14
 10
-8158.3398
 20
1393.5100
 40
3.0000
  1
# 611
  7
STANDARD
  0
POINT
  8
2
 10
-8172.3301
 20
1393.4100
  0
TEXT
  8
14
 10
-8172.3301
 20
1393.4100
 40
3.0000
  1
# 612
  7
STANDARD
  0
POINT
  8
2
 10
-8173.7100
 20
1515.3101
  0
TEXT
  8
14
 10
-8173.7100
 20
1515.3101
 40
3.0000
  1
# 613
  7
STANDARD
  0
POINT
  8
2
 10
-8159.6499
 20
1515.4100
  0
TEXT
  8
14
 10
-8159.6499
 20
1515.4100
 40
3.0000
  1
# 614
  7
STANDARD
  0
POINT
  8
2
 10
-8159.7402
 20
1529.4399
  0
TEXT
  8
14
 10
-8159.7402
 20
1529.4399
 40
3.0000
  1
# 615
  7
STANDARD
  0
POINT
  8
3
 10
-8150.0400
 20
1528.3500
  0
POINT
  8
2
 10
-8051.7598
 20
1517.2700
  0
TEXT
  8
14
 10
-8051.7598
 20
1517.2700
 40
3.0000
  1
# 616
  7
STANDARD
  0
POINT
  8
2
 10
-8042.0601
 20
1516.4900
  0
TEXT
  8
14
 10
-8042.0601
 20
1516.4900
 40
3.0000
  1
# 617
  7
STANDARD
  0
POINT
  8
4
 10
-8051.7598
 20
1517.2700
 30
5.0000
 50
265.1888
  0
LINE
  8
7
 10
-8132.9199
 20
1490.6400
 11
-8052.1201
 21
1490.6400
  0
LINE
  8
5
 10
-8132.9199
 20
1490.6400
 11
-8052.1201
 21
1490.6400
  0
POINT
  8
2
 10
-8132.9199
 20
1490.6400
  0
TEXT
  8
7
 10
-8132.9199
 20
1490.6400
 40
3.0000
  1
# 618
  7
STANDARD
  0
POINT
  8
2
 10
-8052.1201
 20
1490.6400
  0
TEXT
  8
7
 10
-8052.1201
 20
1490.6400
 40
3.0000
  1
# 619
  7
STANDARD
  0
TEXT
  8
15
 10
-8074.3198
 20
1511.3400
 40
11
  50
180.0000
  1
FR
  7
STANDARD
  0
ENDBLK
  0
BLOCK
  8
0
  2
Bottom Pocket Lining_5030
 70
64
 10
0.0000
 20
0.0000
  0
TEXT
  8
1
 10
-8309.3496
 20
1465.6801
 40
3.0000
 50
0.0000
  1
Piece Name: Bottom Pocket Lining
  7
STANDARD
  0
TEXT
  8
1
 10
-8309.3496
 20
1469.6801
 40
3.0000
 50
0.0000
  1
SAMPLE SIZE:50
  7
STANDARD
  0
TEXT
  8
1
 10
-8309.3496
 20
1473.6801
 40
3.0000
 50
0.0000
  1
ANNOTATION: Cut 2
  7
STANDARD
  0
TEXT
  8
1
 10
-8309.3496
 20
1477.6801
 40
3.0000
 50
0.0000
  1
MATERIAL: Lining
  7
STANDARD
  0
TEXT
  8
1
 10
-8309.3496
 20
1481.6801
 40
3.0000
 50
0.0000
  1
QUANTITY: 1
  7
STANDARD
  0
POLYLINE
  8
1
 66
1
 70
1
  0
VERTEX
  8
1
 10
-8216.6602
 20
1372.8900
  0
VERTEX
  8
1
 10
-8376.4600
 20
1350.0900
  0
VERTEX
  8
1
 10
-8376.8604
 20
1371.1899
  0
VERTEX
  8
1
 10
-8396.8604
 20
1370.6899
  0
VERTEX
  8
1
 10
-8402.0596
 20
1559.1899
  0
VERTEX
  8
1
 10
-8381.8604
 20
1559.7900
  0
VERTEX
  8
1
 10
-8381.8604
 20
1581.2900
  0
VERTEX
  8
1
 10
-8371.0596
 20
1579.9900
  0
VERTEX
  8
1
 10
-8261.8604
 20
1566.5900
  0
VERTEX
  8
1
 10
-8222.2598
 20
1561.8900
  0
VERTEX
  8
1
 10
-8216.6602
 20
1372.8900
  0
SEQEND
  0
POLYLINE
  8
84
 66
1
 70
1
  0
VERTEX
  8
84
 10
-8216.6602
 20
1372.8900
  0
VERTEX
  8
84
 10
-8376.4600
 20
1350.0900
  0
VERTEX
  8
84
 10
-8376.8604
 20
1371.1899
  0
VERTEX
  8
84
 10
-8396.8604
 20
1370.6899
  0
VERTEX
  8
84
 10
-8402.0596
 20
1559.1899
  0
VERTEX
  8
84
 10
-8381.8604
 20
1559.7900
  0
VERTEX
  8
84
 10
-8381.8604
 20
1581.2900
  0
VERTEX
  8
84
 10
-8371.0596
 20
1579.9900
  0
VERTEX
  8
84
 10
-8316.4502
 20
1573.3500
  0
VERTEX
  8
84
 10
-8261.8604
 20
1566.5900
  0
VERTEX
  8
84
 10
-8222.2598
 20
1561.8900
  0
VERTEX
  8
84
 10
-8216.6602
 20
1372.8900
  0
SEQEND
  0
POINT
  8
2
 10
-8216.6602
 20
1372.8900
  0
TEXT
  8
1
 10
-8216.6602
 20
1372.8900
 40
3.0000
  1
# 620
  7
STANDARD
  0
POINT
  8
2
 10
-8376.4600
 20
1350.0900
  0
TEXT
  8
1
 10
-8376.4600
 20
1350.0900
 40
3.0000
  1
# 621
  7
STANDARD
  0
POINT
  8
2
 10
-8376.8604
 20
1371.1899
  0
TEXT
  8
1
 10
-8376.8604
 20
1371.1899
 40
3.0000
  1
# 622
  7
STANDARD
  0
POINT
  8
2
 10
-8396.8604
 20
1370.6899
  0
TEXT
  8
1
 10
-8396.8604
 20
1370.6899
 40
3.0000
  1
# 623
  7
STANDARD
  0
POINT
  8
2
 10
-8402.0596
 20
1559.1899
  0
TEXT
  8
1
 10
-8402.0596
 20
1559.1899
 40
3.0000
  1
# 624
  7
STANDARD
  0
POINT
  8
2
 10
-8381.8604
 20
1559.7900
  0
TEXT
  8
1
 10
-8381.8604
 20
1559.7900
 40
3.0000
  1
# 625
  7
STANDARD
  0
POINT
  8
2
 10
-8381.8604
 20
1581.2900
  0
TEXT
  8
1
 10
-8381.8604
 20
1581.2900
 40
3.0000
  1
# 626
  7
STANDARD
  0
POINT
  8
3
 10
-8371.0596
 20
1579.9900
  0
POINT
  8
2
 10
-8261.8604
 20
1566.5900
  0
TEXT
  8
1
 10
-8261.8604
 20
1566.5900
 40
3.0000
  1
# 627
  7
STANDARD
  0
POINT
  8
2
 10
-8222.2598
 20
1561.8900
  0
TEXT
  8
1
 10
-8222.2598
 20
1561.8900
 40
3.0000
  1
# 628
  7
STANDARD
  0
POINT
  8
4
 10
-8261.8604
 20
1566.5900
 30
5.0000
 50
262.8750
  0
POLYLINE
  8
14
 66
1
 70
1
  0
VERTEX
  8
14
 10
-8226.9199
 20
1381.5300
  0
VERTEX
  8
14
 10
-8366.6699
 20
1361.5900
  0
VERTEX
  8
14
 10
-8367.0596
 20
1381.4399
  0
VERTEX
  8
14
 10
-8387.1396
 20
1380.9399
  0
VERTEX
  8
14
 10
-8391.7803
 20
1549.4900
  0
VERTEX
  8
14
 10
-8371.8604
 20
1550.0699
  0
VERTEX
  8
14
 10
-8371.8604
 20
1570.0100
  0
VERTEX
  8
14
 10
-8362.0000
 20
1568.8101
  0
VERTEX
  8
14
 10
-8263.0996
 20
1556.6700
  0
VERTEX
  8
14
 10
-8262.2998
 20
1556.5699
  0
VERTEX
  8
14
 10
-8232.0000
 20
1552.9800
  0
VERTEX
  8
14
 10
-8226.9199
 20
1381.5300
  0
SEQEND
  0
POLYLINE
  8
87
 66
1
 70
1
  0
VERTEX
  8
87
 10
-8371.8604
 20
1570.0100
  0
VERTEX
  8
87
 10
-8362.0000
 20
1568.8101
  0
VERTEX
  8
87
 10
-8263.0996
 20
1556.6700
  0
VERTEX
  8
87
 10
-8262.2998
 20
1556.5699
  0
VERTEX
  8
87
 10
-8232.0000
 20
1552.9800
  0
VERTEX
  8
87
 10
-8226.9199
 20
1381.5300
  0
VERTEX
  8
87
 10
-8366.6699
 20
1361.5900
  0
VERTEX
  8
87
 10
-8367.0596
 20
1381.4399
  0
VERTEX
  8
87
 10
-8387.1396
 20
1380.9399
  0
VERTEX
  8
87
 10
-8391.7803
 20
1549.4900
  0
VERTEX
  8
87
 10
-8371.8604
 20
1550.0699
  0
VERTEX
  8
87
 10
-8371.8604
 20
1570.0100
  0
SEQEND
  0
POINT
  8
2
 10
-8226.9199
 20
1381.5300
  0
TEXT
  8
14
 10
-8226.9199
 20
1381.5300
 40
3.0000
  1
# 629
  7
STANDARD
  0
POINT
  8
2
 10
-8366.6699
 20
1361.5900
  0
TEXT
  8
14
 10
-8366.6699
 20
1361.5900
 40
3.0000
  1
# 630
  7
STANDARD
  0
POINT
  8
2
 10
-8367.0596
 20
1381.4399
  0
TEXT
  8
14
 10
-8367.0596
 20
1381.4399
 40
3.0000
  1
# 631
  7
STANDARD
  0
POINT
  8
2
 10
-8387.1396
 20
1380.9399
  0
TEXT
  8
14
 10
-8387.1396
 20
1380.9399
 40
3.0000
  1
# 632
  7
STANDARD
  0
POINT
  8
2
 10
-8391.7803
 20
1549.4900
  0
TEXT
  8
14
 10
-8391.7803
 20
1549.4900
 40
3.0000
  1
# 633
  7
STANDARD
  0
POINT
  8
2
 10
-8371.8604
 20
1550.0699
  0
TEXT
  8
14
 10
-8371.8604
 20
1550.0699
 40
3.0000
  1
# 634
  7
STANDARD
  0
POINT
  8
2
 10
-8371.8604
 20
1570.0100
  0
TEXT
  8
14
 10
-8371.8604
 20
1570.0100
 40
3.0000
  1
# 635
  7
STANDARD
  0
POINT
  8
3
 10
-8362.0000
 20
1568.8101
  0
POINT
  8
3
 10
-8263.0996
 20
1556.6700
  0
TEXT
  8
14
 10
-8263.0996
 20
1556.6700
 40
3.0000
  1
# 636
  7
STANDARD
  0
POINT
  8
2
 10
-8262.2998
 20
1556.5699
  0
TEXT
  8
14
 10
-8262.2998
 20
1556.5699
 40
3.0000
  1
# 637
  7
STANDARD
  0
POINT
  8
2
 10
-8232.0000
 20
1552.9800
  0
TEXT
  8
14
 10
-8232.0000
 20
1552.9800
 40
3.0000
  1
# 638
  7
STANDARD
  0
POINT
  8
4
 10
-8263.0996
 20
1556.6700
 30
5.0000
 50
262.8750
  0
LINE
  8
7
 10
-8371.2598
 20
1521.8900
 11
-8255.3604
 21
1521.8900
  0
LINE
  8
5
 10
-8371.2598
 20
1521.8900
 11
-8255.3604
 21
1521.8900
  0
POINT
  8
2
 10
-8371.2598
 20
1521.8900
  0
TEXT
  8
7
 10
-8371.2598
 20
1521.8900
 40
3.0000
  1
# 639
  7
STANDARD
  0
POINT
  8
2
 10
-8255.3604
 20
1521.8900
  0
TEXT
  8
7
 10
-8255.3604
 20
1521.8900
 40
3.0000
  1
# 640
  7
STANDARD
  0
TEXT
  8
15
 10
-8345.4102
 20
1560.3900
 40
10
  50
0.0000
  1
LINING POCKET 2P
  7
STANDARD
  0
ENDBLK
  0
BLOCK
  8
0
  2
Lining Pocket Lining_5031
 70
64
 10
0.0000
 20
0.0000
  0
TEXT
  8
1
 10
-8212.2100
 20
640.7500
 40
3.0000
 50
0.0000
  1
Piece Name: Lining Pocket Lining
  7
STANDARD
  0
TEXT
  8
1
 10
-8212.2100
 20
644.7500
 40
3.0000
 50
0.0000
  1
SAMPLE SIZE:50
  7
STANDARD
  0
TEXT
  8
1
 10
-8212.2100
 20
648.7500
 40
3.0000
 50
0.0000
  1
ANNOTATION: Cut 2
  7
STANDARD
  0
TEXT
  8
1
 10
-8212.2100
 20
652.7500
 40
3.0000
 50
0.0000
  1
MATERIAL: Lining
  7
STANDARD
  0
TEXT
  8
1
 10
-8212.2100
 20
656.7500
 40
3.0000
 50
0.0000
  1
QUANTITY: 1
  7
STANDARD
  0
POLYLINE
  8
1
 66
1
 70
1
  0
VERTEX
  8
1
 10
-8024.4102
 20
550.9600
  0
VERTEX
  8
1
 10
-8189.7100
 20
550.9600
  0
VERTEX
  8
1
 10
-8400.0098
 20
550.9600
  0
VERTEX
  8
1
 10
-8400.0098
 20
573.2600
  0
VERTEX
  8
1
 10
-8400.0098
 20
709.3600
  0
VERTEX
  8
1
 10
-8399.8096
 20
730.5600
  0
VERTEX
  8
1
 10
-8189.7100
 20
730.2600
  0
VERTEX
  8
1
 10
-8024.4102
 20
730.2600
  0
VERTEX
  8
1
 10
-8024.4102
 20
660.2600
  0
VERTEX
  8
1
 10
-8024.4102
 20
550.9600
  0
SEQEND
  0
POLYLINE
  8
84
 66
1
 70
1
  0
VERTEX
  8
84
 10
-8024.4102
 20
550.9600
  0
VERTEX
  8
84
 10
-8189.7100
 20
550.9600
  0
VERTEX
  8
84
 10
-8400.0098
 20
550.9600
  0
VERTEX
  8
84
 10
-8400.0098
 20
573.2600
  0
VERTEX
  8
84
 10
-8400.0098
 20
709.3600
  0
VERTEX
  8
84
 10
-8399.8096
 20
730.5600
  0
VERTEX
  8
84
 10
-8189.7100
 20
730.2600
  0
VERTEX
  8
84
 10
-8024.4102
 20
730.2600
  0
VERTEX
  8
84
 10
-8024.4102
 20
660.2600
  0
VERTEX
  8
84
 10
-8024.4102
 20
550.9600
  0
SEQEND
  0
POINT
  8
2
 10
-8024.4102
 20
550.9600
  0
POINT
  8
2
 10
-8189.7100
 20
550.9600
  0
POINT
  8
2
 10
-8400.0098
 20
550.9600
  0
POINT
  8
2
 10
-8400.0098
 20
573.2600
  0
POINT
  8
2
 10
-8400.0098
 20
709.3600
  0
POINT
  8
2
 10
-8399.8096
 20
730.5600
  0
POINT
  8
2
 10
-8189.7100
 20
730.2600
  0
POINT
  8
2
 10
-8024.4102
 20
730.2600
  0
POINT
  8
2
 10
-8024.4102
 20
660.2600
  0
POINT
  8
4
 10
-8189.7100
 20
550.9600
 30
5.0000
 50
90.0000
  0
POINT
  8
4
 10
-8400.0098
 20
573.2600
 30
5.0000
 50
0.0000
  0
POINT
  8
4
 10
-8400.0098
 20
709.3600
 30
5.0000
 50
359.7708
  0
POINT
  8
4
 10
-8189.7100
 20
730.2600
 30
5.0000
 50
270.0000
  0
POINT
  8
4
 10
-8024.4102
 20
660.2600
 30
5.0000
 50
180.0000
  0
POLYLINE
  8
14
 66
1
 70
1
  0
VERTEX
  8
14
 10
-8034.4102
 20
560.9600
  0
VERTEX
  8
14
 10
-8189.7100
 20
560.9600
  0
VERTEX
  8
14
 10
-8390.0098
 20
560.9600
  0
VERTEX
  8
14
 10
-8390.0098
 20
573.2600
  0
VERTEX
  8
14
 10
-8390.0098
 20
709.3200
  0
VERTEX
  8
14
 10
-8389.9004
 20
720.5500
  0
VERTEX
  8
14
 10
-8189.7100
 20
720.2600
  0
VERTEX
  8
14
 10
-8034.4102
 20
720.2600
  0
VERTEX
  8
14
 10
-8034.4102
 20
660.2600
  0
VERTEX
  8
14
 10
-8034.4102
 20
560.9600
  0
SEQEND
  0
POLYLINE
  8
87
 66
1
 70
1
  0
VERTEX
  8
87
 10
-8034.4102
 20
560.9600
  0
VERTEX
  8
87
 10
-8189.7100
 20
560.9600
  0
VERTEX
  8
87
 10
-8390.0098
 20
560.9600
  0
VERTEX
  8
87
 10
-8390.0098
 20
573.2600
  0
VERTEX
  8
87
 10
-8390.0098
 20
709.3200
  0
VERTEX
  8
87
 10
-8389.9004
 20
720.5500
  0
VERTEX
  8
87
 10
-8189.7100
 20
720.2600
  0
VERTEX
  8
87
 10
-8034.4102
 20
720.2600
  0
VERTEX
  8
87
 10
-8034.4102
 20
660.2600
  0
VERTEX
  8
87
 10
-8034.4102
 20
560.9600
  0
SEQEND
  0
POINT
  8
2
 10
-8034.4102
 20
560.9600
  0
TEXT
  8
14
 10
-8034.4102
 20
560.9600
 40
3.0000
  1
# 641
  7
STANDARD
  0
POINT
  8
2
 10
-8189.7100
 20
560.9600
  0
POINT
  8
2
 10
-8390.0098
 20
560.9600
  0
POINT
  8
2
 10
-8390.0098
 20
573.2600
  0
POINT
  8
2
 10
-8390.0098
 20
709.3200
  0
POINT
  8
2
 10
-8389.9004
 20
720.5500
  0
POINT
  8
2
 10
-8189.7100
 20
720.2600
  0
POINT
  8
2
 10
-8034.4102
 20
720.2600
  0
POINT
  8
2
 10
-8034.4102
 20
660.2600
  0
POINT
  8
4
 10
-8189.7100
 20
560.9600
 30
5.0000
 50
90.0000
  0
POINT
  8
4
 10
-8390.0098
 20
573.2600
 30
5.0000
 50
0.0000
  0
POINT
  8
4
 10
-8390.0098
 20
709.3200
 30
5.0000
 50
359.7708
  0
POINT
  8
4
 10
-8189.7100
 20
720.2600
 30
5.0000
 50
270.0000
  0
POINT
  8
4
 10
-8034.4102
 20
660.2600
 30
5.0000
 50
180.0000
  0
LINE
  8
7
 10
-8311.8096
 20
671.0600
 11
-8041.5098
 21
671.0600
  0
LINE
  8
5
 10
-8311.8096
 20
671.0600
 11
-8041.5098
 21
671.0600
  0
POINT
  8
2
 10
-8311.8096
 20
671.0600
  0
TEXT
  8
7
 10
-8311.8096
 20
671.0600
 40
3.0000
  1
# 642
  7
STANDARD
  0
POINT
  8
2
 10
-8041.5098
 20
671.0600
  0
TEXT
  8
7
 10
-8041.5098
 20
671.0600
 40
3.0000
  1
# 643
  7
STANDARD
  0
POLYLINE
  8
8
 66
1
 70
0
  0
VERTEX
  8
8
 10
-8189.7100
 20
719.5600
  0
VERTEX
  8
8
 10
-8189.7100
 20
560.8600
  0
SEQEND
  0
POLYLINE
  8
85
 66
1
 70
0
  0
VERTEX
  8
85
 10
-8189.7100
 20
719.5600
  0
VERTEX
  8
85
 10
-8189.7100
 20
560.8600
  0
SEQEND
  0
POINT
  8
2
 10
-8189.7100
 20
719.5600
  0
TEXT
  8
8
 10
-8189.7100
 20
719.5600
 40
3.0000
  1
# 644
  7
STANDARD
  0
POINT
  8
2
 10
-8189.7100
 20
560.8600
  0
TEXT
  8
8
 10
-8189.7100
 20
560.8600
 40
3.0000
  1
# 645
  7
STANDARD
  0
TEXT
  8
15
 10
-8196.5596
 20
710.8600
 40
10
  50
0.0000
  1
LNN PKT INSIDE 2P
  7
STANDARD
  0
ENDBLK
  0
BLOCK
  8
0
  2
Back Lining_5032
 70
64
 10
0.0000
 20
0.0000
  0
TEXT
  8
1
 10
-7574.1602
 20
401.7800
 40
3.0000
 50
0.0000
  1
Piece Name: Back Lining
  7
STANDARD
  0
TEXT
  8
1
 10
-7574.1602
 20
405.7800
 40
3.0000
 50
0.0000
  1
SAMPLE SIZE:50
  7
STANDARD
  0
TEXT
  8
1
 10
-7574.1602
 20
409.7800
 40
3.0000
 50
0.0000
  1
ANNOTATION: Cut 1
  7
STANDARD
  0
TEXT
  8
1
 10
-7574.1602
 20
413.7800
 40
3.0000
 50
0.0000
  1
MATERIAL: Lining
  7
STANDARD
  0
TEXT
  8
1
 10
-7574.1602
 20
417.7800
 40
3.0000
 50
0.0000
  1
QUANTITY: 1
  7
STANDARD
  0
POLYLINE
  8
1
 66
1
 70
1
  0
VERTEX
  8
1
 10
-7243.0601
 20
401.7900
  0
VERTEX
  8
1
 10
-7243.0601
 20
391.4900
  0
VERTEX
  8
1
 10
-7242.5601
 20
382.4900
  0
VERTEX
  8
1
 10
-7241.6602
 20
370.4900
  0
VERTEX
  8
1
 10
-7240.0601
 20
359.3900
  0
VERTEX
  8
1
 10
-7238.9600
 20
353.6900
  0
VERTEX
  8
1
 10
-7237.2598
 20
347.7900
  0
VERTEX
  8
1
 10
-7235.1602
 20
342.0900
  0
VERTEX
  8
1
 10
-7232.7598
 20
336.7000
  0
VERTEX
  8
1
 10
-7229.7598
 20
331.5900
  0
VERTEX
  8
1
 10
-7226.5601
 20
327.2000
  0
VERTEX
  8
1
 10
-7222.7598
 20
323.3900
  0
VERTEX
  8
1
 10
-7218.9702
 20
320.3900
  0
VERTEX
  8
1
 10
-7215.0601
 20
317.6900
  0
VERTEX
  8
1
 10
-7208.4702
 20
314.3900
  0
VERTEX
  8
1
 10
-7227.9702
 20
260.1900
  0
VERTEX
  8
1
 10
-7248.4600
 20
203.4900
  0
VERTEX
  8
1
 10
-7269.8599
 20
144.4000
  0
VERTEX
  8
1
 10
-7278.5601
 20
146.6900
  0
VERTEX
  8
1
 10
-7290.6602
 20
149.8900
  0
VERTEX
  8
1
 10
-7307.7598
 20
153.6900
  0
VERTEX
  8
1
 10
-7328.7598
 20
157.9900
  0
VERTEX
  8
1
 10
-7351.2598
 20
161.6900
  0
VERTEX
  8
1
 10
-7374.0601
 20
164.4900
  0
VERTEX
  8
1
 10
-7394.3599
 20
165.8900
  0
VERTEX
  8
1
 10
-7407.4600
 20
166.4900
  0
VERTEX
  8
1
 10
-7423.0601
 20
166.0900
  0
VERTEX
  8
1
 10
-7438.9600
 20
164.4900
  0
VERTEX
  8
1
 10
-7453.7598
 20
162.3900
  0
VERTEX
  8
1
 10
-7466.7598
 20
159.7900
  0
VERTEX
  8
1
 10
-7478.8599
 20
155.7900
  0
VERTEX
  8
1
 10
-7489.8599
 20
150.0900
  0
VERTEX
  8
1
 10
-7499.2598
 20
142.9900
  0
VERTEX
  8
1
 10
-7506.5601
 20
134.9900
  0
VERTEX
  8
1
 10
-7511.5601
 20
127.0900
  0
VERTEX
  8
1
 10
-7515.5601
 20
119.4000
  0
VERTEX
  8
1
 10
-7518.3501
 20
111.9900
  0
VERTEX
  8
1
 10
-7535.3599
 20
112.5900
  0
VERTEX
  8
1
 10
-7562.7598
 20
113.4900
  0
VERTEX
  8
1
 10
-7602.4600
 20
114.0900
  0
VERTEX
  8
1
 10
-7649.0498
 20
114.2900
  0
VERTEX
  8
1
 10
-7697.1602
 20
113.7900
  0
VERTEX
  8
1
 10
-7750.4600
 20
111.6900
  0
VERTEX
  8
1
 10
-7798.2598
 20
108.0900
  0
VERTEX
  8
1
 10
-7799.7598
 20
133.9000
  0
VERTEX
  8
1
 10
-7928.8599
 20
124.4000
  0
VERTEX
  8
1
 10
-7933.4502
 20
210.6900
  0
VERTEX
  8
1
 10
-7937.2598
 20
287.3900
  0
VERTEX
  8
1
 10
-7939.6602
 20
350.3900
  0
VERTEX
  8
1
 10
-7939.8599
 20
359.1900
  0
VERTEX
  8
1
 10
-7939.8599
 20
401.7900
  0
VERTEX
  8
1
 10
-7939.8599
 20
444.3900
  0
VERTEX
  8
1
 10
-7939.6602
 20
453.1900
  0
VERTEX
  8
1
 10
-7937.2598
 20
516.1900
  0
VERTEX
  8
1
 10
-7933.4502
 20
592.8900
  0
VERTEX
  8
1
 10
-7928.8599
 20
679.1800
  0
VERTEX
  8
1
 10
-7799.7598
 20
669.6800
  0
VERTEX
  8
1
 10
-7798.2598
 20
695.4900
  0
VERTEX
  8
1
 10
-7750.4600
 20
691.8900
  0
VERTEX
  8
1
 10
-7697.1602
 20
689.7900
  0
VERTEX
  8
1
 10
-7649.0498
 20
689.2900
  0
VERTEX
  8
1
 10
-7602.4600
 20
689.4900
  0
VERTEX
  8
1
 10
-7562.7598
 20
690.0900
  0
VERTEX
  8
1
 10
-7535.3599
 20
690.9900
  0
VERTEX
  8
1
 10
-7518.3501
 20
691.5900
  0
VERTEX
  8
1
 10
-7515.5601
 20
684.1800
  0
VERTEX
  8
1
 10
-7511.5601
 20
676.4900
  0
VERTEX
  8
1
 10
-7506.5601
 20
668.5900
  0
VERTEX
  8
1
 10
-7499.2598
 20
660.5900
  0
VERTEX
  8
1
 10
-7489.8599
 20
653.4900
  0
VERTEX
  8
1
 10
-7478.8599
 20
647.7900
  0
VERTEX
  8
1
 10
-7466.7598
 20
643.7900
  0
VERTEX
  8
1
 10
-7453.7598
 20
641.1900
  0
VERTEX
  8
1
 10
-7438.9600
 20
639.0900
  0
VERTEX
  8
1
 10
-7423.0601
 20
637.4900
  0
VERTEX
  8
1
 10
-7407.4600
 20
637.0900
  0
VERTEX
  8
1
 10
-7394.3599
 20
637.6900
  0
VERTEX
  8
1
 10
-7374.0601
 20
639.0900
  0
VERTEX
  8
1
 10
-7351.2598
 20
641.8900
  0
VERTEX
  8
1
 10
-7328.7598
 20
645.5900
  0
VERTEX
  8
1
 10
-7307.7598
 20
649.8900
  0
VERTEX
  8
1
 10
-7290.6602
 20
653.6900
  0
VERTEX
  8
1
 10
-7278.5601
 20
656.8900
  0
VERTEX
  8
1
 10
-7269.8599
 20
659.1800
  0
VERTEX
  8
1
 10
-7248.4600
 20
600.0900
  0
VERTEX
  8
1
 10
-7227.9702
 20
543.3900
  0
VERTEX
  8
1
 10
-7208.4702
 20
489.1900
  0
VERTEX
  8
1
 10
-7215.0601
 20
485.8900
  0
VERTEX
  8
1
 10
-7218.9702
 20
483.1900
  0
VERTEX
  8
1
 10
-7222.7598
 20
480.1900
  0
VERTEX
  8
1
 10
-7226.5601
 20
476.3800
  0
VERTEX
  8
1
 10
-7229.7598
 20
471.9900
  0
VERTEX
  8
1
 10
-7232.7598
 20
466.8800
  0
VERTEX
  8
1
 10
-7235.1602
 20
461.4900
  0
VERTEX
  8
1
 10
-7237.2598
 20
455.7900
  0
VERTEX
  8
1
 10
-7238.9600
 20
449.8900
  0
VERTEX
  8
1
 10
-7240.0601
 20
444.1900
  0
VERTEX
  8
1
 10
-7241.6602
 20
433.0900
  0
VERTEX
  8
1
 10
-7242.5601
 20
421.0900
  0
VERTEX
  8
1
 10
-7243.0601
 20
412.0900
  0
VERTEX
  8
1
 10
-7243.0601
 20
401.7900
  0
SEQEND
  0
POLYLINE
  8
84
 66
1
 70
1
  0
VERTEX
  8
84
 10
-7243.0601
 20
401.7900
  0
VERTEX
  8
84
 10
-7243.0601
 20
391.4900
  0
VERTEX
  8
84
 10
-7242.5601
 20
382.4900
  0
VERTEX
  8
84
 10
-7242.1201
 20
375.6200
  0
VERTEX
  8
84
 10
-7241.6602
 20
370.4900
  0
VERTEX
  8
84
 10
-7241.0098
 20
365.4200
  0
VERTEX
  8
84
 10
-7240.0601
 20
359.3900
  0
VERTEX
  8
84
 10
-7238.9600
 20
353.6900
  0
VERTEX
  8
84
 10
-7238.2202
 20
350.8500
  0
VERTEX
  8
84
 10
-7237.2598
 20
347.7900
  0
VERTEX
  8
84
 10
-7235.1602
 20
342.0900
  0
VERTEX
  8
84
 10
-7233.9302
 20
339.1500
  0
VERTEX
  8
84
 10
-7232.7598
 20
336.7000
  0
VERTEX
  8
84
 10
-7231.4102
 20
334.2400
  0
VERTEX
  8
84
 10
-7229.7598
 20
331.5900
  0
VERTEX
  8
84
 10
-7228.1001
 20
329.1700
  0
VERTEX
  8
84
 10
-7226.5601
 20
327.2000
  0
VERTEX
  8
84
 10
-7224.7900
 20
325.2800
  0
VERTEX
  8
84
 10
-7222.7598
 20
323.3900
  0
VERTEX
  8
84
 10
-7218.9702
 20
320.3900
  0
VERTEX
  8
84
 10
-7215.0601
 20
317.6900
  0
VERTEX
  8
84
 10
-7211.8501
 20
315.8900
  0
VERTEX
  8
84
 10
-7208.4702
 20
314.3900
  0
VERTEX
  8
84
 10
-7227.9702
 20
260.1900
  0
VERTEX
  8
84
 10
-7248.4600
 20
203.4900
  0
VERTEX
  8
84
 10
-7269.8599
 20
144.4000
  0
VERTEX
  8
84
 10
-7278.5601
 20
146.6900
  0
VERTEX
  8
84
 10
-7290.6602
 20
149.8900
  0
VERTEX
  8
84
 10
-7297.6899
 20
151.5300
  0
VERTEX
  8
84
 10
-7307.7598
 20
153.6900
  0
VERTEX
  8
84
 10
-7320.2900
 20
156.3200
  0
VERTEX
  8
84
 10
-7328.7598
 20
157.9900
  0
VERTEX
  8
84
 10
-7339.7002
 20
159.9200
  0
VERTEX
  8
84
 10
-7351.2598
 20
161.6900
  0
VERTEX
  8
84
 10
-7362.6499
 20
163.2000
  0
VERTEX
  8
84
 10
-7374.0601
 20
164.4900
  0
VERTEX
  8
84
 10
-7394.3599
 20
165.8900
  0
VERTEX
  8
84
 10
-7401.7300
 20
166.3000
  0
VERTEX
  8
84
 10
-7407.4600
 20
166.4900
  0
VERTEX
  8
84
 10
-7415.1802
 20
166.4600
  0
VERTEX
  8
84
 10
-7423.0601
 20
166.0900
  0
VERTEX
  8
84
 10
-7430.3999
 20
165.4600
  0
VERTEX
  8
84
 10
-7438.9600
 20
164.4900
  0
VERTEX
  8
84
 10
-7446.6899
 20
163.4600
  0
VERTEX
  8
84
 10
-7453.7598
 20
162.3900
  0
VERTEX
  8
84
 10
-7460.8501
 20
161.1200
  0
VERTEX
  8
84
 10
-7466.7598
 20
159.7900
  0
VERTEX
  8
84
 10
-7469.9399
 20
158.9200
  0
VERTEX
  8
84
 10
-7473.0098
 20
157.9700
  0
VERTEX
  8
84
 10
-7475.9902
 20
156.9200
  0
VERTEX
  8
84
 10
-7478.8599
 20
155.7900
  0
VERTEX
  8
84
 10
-7481.7100
 20
154.5300
  0
VERTEX
  8
84
 10
-7484.5000
 20
153.1600
  0
VERTEX
  8
84
 10
-7487.2202
 20
151.6700
  0
VERTEX
  8
84
 10
-7489.8599
 20
150.0900
  0
VERTEX
  8
84
 10
-7492.3701
 20
148.4400
  0
VERTEX
  8
84
 10
-7494.7700
 20
146.7000
  0
VERTEX
  8
84
 10
-7497.0698
 20
144.8800
  0
VERTEX
  8
84
 10
-7499.2598
 20
142.9900
  0
VERTEX
  8
84
 10
-7501.2900
 20
141.0600
  0
VERTEX
  8
84
 10
-7503.1899
 20
139.0800
  0
VERTEX
  8
84
 10
-7504.9502
 20
137.0600
  0
VERTEX
  8
84
 10
-7506.5601
 20
134.9900
  0
VERTEX
  8
84
 10
-7508.9199
 20
131.5200
  0
VERTEX
  8
84
 10
-7511.5601
 20
127.0900
  0
VERTEX
  8
84
 10
-7513.8301
 20
122.9400
  0
VERTEX
  8
84
 10
-7515.5601
 20
119.4000
  0
VERTEX
  8
84
 10
-7517.0698
 20
115.7500
  0
VERTEX
  8
84
 10
-7518.3501
 20
111.9900
  0
VERTEX
  8
84
 10
-7535.3599
 20
112.5900
  0
VERTEX
  8
84
 10
-7562.7598
 20
113.4900
  0
VERTEX
  8
84
 10
-7580.3101
 20
113.8400
  0
VERTEX
  8
84
 10
-7602.4600
 20
114.0900
  0
VERTEX
  8
84
 10
-7627.2700
 20
114.2500
  0
VERTEX
  8
84
 10
-7649.0498
 20
114.2900
  0
VERTEX
  8
84
 10
-7674.5298
 20
114.1500
  0
VERTEX
  8
84
 10
-7697.1602
 20
113.7900
  0
VERTEX
  8
84
 10
-7710.8301
 20
113.4300
  0
VERTEX
  8
84
 10
-7724.2598
 20
112.9600
  0
VERTEX
  8
84
 10
-7737.4600
 20
112.3800
  0
VERTEX
  8
84
 10
-7750.4600
 20
111.6900
  0
VERTEX
  8
84
 10
-7762.4199
 20
110.9500
  0
VERTEX
  8
84
 10
-7774.3701
 20
110.1000
  0
VERTEX
  8
84
 10
-7786.3198
 20
109.1500
  0
VERTEX
  8
84
 10
-7798.2598
 20
108.0900
  0
VERTEX
  8
84
 10
-7799.7598
 20
133.9000
  0
VERTEX
  8
84
 10
-7928.8599
 20
124.4000
  0
VERTEX
  8
84
 10
-7933.4502
 20
210.6900
  0
VERTEX
  8
84
 10
-7935.5898
 20
252.6900
  0
VERTEX
  8
84
 10
-7937.2598
 20
287.3900
  0
VERTEX
  8
84
 10
-7938.7598
 20
322.2300
  0
VERTEX
  8
84
 10
-7939.6602
 20
350.3900
  0
VERTEX
  8
84
 10
-7939.8599
 20
359.1900
  0
VERTEX
  8
84
 10
-7939.8599
 20
401.7900
  0
VERTEX
  8
84
 10
-7939.8599
 20
444.3900
  0
VERTEX
  8
84
 10
-7939.6602
 20
453.1900
  0
VERTEX
  8
84
 10
-7938.7598
 20
481.3500
  0
VERTEX
  8
84
 10
-7937.2598
 20
516.1900
  0
VERTEX
  8
84
 10
-7935.5898
 20
550.8900
  0
VERTEX
  8
84
 10
-7933.4502
 20
592.8900
  0
VERTEX
  8
84
 10
-7928.8599
 20
679.1800
  0
VERTEX
  8
84
 10
-7799.7598
 20
669.6800
  0
VERTEX
  8
84
 10
-7798.2598
 20
695.4900
  0
VERTEX
  8
84
 10
-7786.3198
 20
694.4300
  0
VERTEX
  8
84
 10
-7774.3701
 20
693.4800
  0
VERTEX
  8
84
 10
-7762.4199
 20
692.6300
  0
VERTEX
  8
84
 10
-7750.4600
 20
691.8900
  0
VERTEX
  8
84
 10
-7737.4600
 20
691.2000
  0
VERTEX
  8
84
 10
-7724.2598
 20
690.6200
  0
VERTEX
  8
84
 10
-7710.8301
 20
690.1500
  0
VERTEX
  8
84
 10
-7697.1602
 20
689.7900
  0
VERTEX
  8
84
 10
-7674.5298
 20
689.4300
  0
VERTEX
  8
84
 10
-7649.0498
 20
689.2900
  0
VERTEX
  8
84
 10
-7627.2700
 20
689.3300
  0
VERTEX
  8
84
 10
-7602.4600
 20
689.4900
  0
VERTEX
  8
84
 10
-7580.3101
 20
689.7400
  0
VERTEX
  8
84
 10
-7562.7598
 20
690.0900
  0
VERTEX
  8
84
 10
-7535.3599
 20
690.9900
  0
VERTEX
  8
84
 10
-7518.3501
 20
691.5900
  0
VERTEX
  8
84
 10
-7517.0698
 20
687.8300
  0
VERTEX
  8
84
 10
-7515.5601
 20
684.1800
  0
VERTEX
  8
84
 10
-7513.8301
 20
680.6400
  0
VERTEX
  8
84
 10
-7511.5601
 20
676.4900
  0
VERTEX
  8
84
 10
-7508.9199
 20
672.0600
  0
VERTEX
  8
84
 10
-7506.5601
 20
668.5900
  0
VERTEX
  8
84
 10
-7504.9502
 20
666.5200
  0
VERTEX
  8
84
 10
-7503.1899
 20
664.5000
  0
VERTEX
  8
84
 10
-7501.2900
 20
662.5200
  0
VERTEX
  8
84
 10
-7499.2598
 20
660.5900
  0
VERTEX
  8
84
 10
-7497.0698
 20
658.7000
  0
VERTEX
  8
84
 10
-7494.7700
 20
656.8800
  0
VERTEX
  8
84
 10
-7492.3701
 20
655.1400
  0
VERTEX
  8
84
 10
-7489.8599
 20
653.4900
  0
VERTEX
  8
84
 10
-7487.2202
 20
651.9100
  0
VERTEX
  8
84
 10
-7484.5000
 20
650.4200
  0
VERTEX
  8
84
 10
-7481.7100
 20
649.0500
  0
VERTEX
  8
84
 10
-7478.8599
 20
647.7900
  0
VERTEX
  8
84
 10
-7475.9902
 20
646.6600
  0
VERTEX
  8
84
 10
-7473.0098
 20
645.6100
  0
VERTEX
  8
84
 10
-7469.9399
 20
644.6600
  0
VERTEX
  8
84
 10
-7466.7598
 20
643.7900
  0
VERTEX
  8
84
 10
-7460.8501
 20
642.4600
  0
VERTEX
  8
84
 10
-7453.7598
 20
641.1900
  0
VERTEX
  8
84
 10
-7446.6899
 20
640.1200
  0
VERTEX
  8
84
 10
-7438.9600
 20
639.0900
  0
VERTEX
  8
84
 10
-7430.3999
 20
638.1200
  0
VERTEX
  8
84
 10
-7423.0601
 20
637.4900
  0
VERTEX
  8
84
 10
-7415.1802
 20
637.1200
  0
VERTEX
  8
84
 10
-7407.4600
 20
637.0900
  0
VERTEX
  8
84
 10
-7401.7300
 20
637.2800
  0
VERTEX
  8
84
 10
-7394.3599
 20
637.6900
  0
VERTEX
  8
84
 10
-7374.0601
 20
639.0900
  0
VERTEX
  8
84
 10
-7362.6499
 20
640.3800
  0
VERTEX
  8
84
 10
-7351.2598
 20
641.8900
  0
VERTEX
  8
84
 10
-7339.7002
 20
643.6600
  0
VERTEX
  8
84
 10
-7328.7598
 20
645.5900
  0
VERTEX
  8
84
 10
-7320.2900
 20
647.2600
  0
VERTEX
  8
84
 10
-7307.7598
 20
649.8900
  0
VERTEX
  8
84
 10
-7297.6899
 20
652.0500
  0
VERTEX
  8
84
 10
-7290.6602
 20
653.6900
  0
VERTEX
  8
84
 10
-7278.5601
 20
656.8900
  0
VERTEX
  8
84
 10
-7269.8599
 20
659.1800
  0
VERTEX
  8
84
 10
-7248.4600
 20
600.0900
  0
VERTEX
  8
84
 10
-7227.9702
 20
543.3900
  0
VERTEX
  8
84
 10
-7208.4702
 20
489.1900
  0
VERTEX
  8
84
 10
-7211.8501
 20
487.6900
  0
VERTEX
  8
84
 10
-7215.0601
 20
485.8900
  0
VERTEX
  8
84
 10
-7218.9702
 20
483.1900
  0
VERTEX
  8
84
 10
-7222.7598
 20
480.1900
  0
VERTEX
  8
84
 10
-7224.7900
 20
478.3000
  0
VERTEX
  8
84
 10
-7226.5601
 20
476.3800
  0
VERTEX
  8
84
 10
-7228.1001
 20
474.4100
  0
VERTEX
  8
84
 10
-7229.7598
 20
471.9900
  0
VERTEX
  8
84
 10
-7231.4102
 20
469.3400
  0
VERTEX
  8
84
 10
-7232.7598
 20
466.8800
  0
VERTEX
  8
84
 10
-7233.9302
 20
464.4300
  0
VERTEX
  8
84
 10
-7235.1602
 20
461.4900
  0
VERTEX
  8
84
 10
-7237.2598
 20
455.7900
  0
VERTEX
  8
84
 10
-7238.2202
 20
452.7300
  0
VERTEX
  8
84
 10
-7238.9600
 20
449.8900
  0
VERTEX
  8
84
 10
-7240.0601
 20
444.1900
  0
VERTEX
  8
84
 10
-7241.0098
 20
438.1600
  0
VERTEX
  8
84
 10
-7241.6602
 20
433.0900
  0
VERTEX
  8
84
 10
-7242.1201
 20
427.9600
  0
VERTEX
  8
84
 10
-7242.5601
 20
421.0900
  0
VERTEX
  8
84
 10
-7243.0601
 20
412.0900
  0
VERTEX
  8
84
 10
-7243.0601
 20
401.7900
  0
SEQEND
  0
POINT
  8
2
 10
-7243.0601
 20
401.7900
  0
TEXT
  8
1
 10
-7243.0601
 20
401.7900
 40
3.0000
  1
# 646
  7
STANDARD
  0
POINT
  8
2
 10
-7243.0601
 20
391.4900
  0
TEXT
  8
1
 10
-7243.0601
 20
391.4900
 40
3.0000
  1
# 647
  7
STANDARD
  0
POINT
  8
3
 10
-7242.5601
 20
382.4900
  0
POINT
  8
3
 10
-7241.6602
 20
370.4900
  0
POINT
  8
3
 10
-7240.0601
 20
359.3900
  0
POINT
  8
3
 10
-7238.9600
 20
353.6900
  0
POINT
  8
3
 10
-7237.2598
 20
347.7900
  0
POINT
  8
3
 10
-7235.1602
 20
342.0900
  0
POINT
  8
3
 10
-7232.7598
 20
336.7000
  0
POINT
  8
3
 10
-7229.7598
 20
331.5900
  0
POINT
  8
3
 10
-7226.5601
 20
327.2000
  0
POINT
  8
3
 10
-7222.7598
 20
323.3900
  0
POINT
  8
3
 10
-7218.9702
 20
320.3900
  0
POINT
  8
3
 10
-7215.0601
 20
317.6900
  0
POINT
  8
2
 10
-7208.4702
 20
314.3900
  0
TEXT
  8
1
 10
-7208.4702
 20
314.3900
 40
3.0000
  1
# 648
  7
STANDARD
  0
POINT
  8
3
 10
-7227.9702
 20
260.1900
  0
POINT
  8
3
 10
-7248.4600
 20
203.4900
  0
POINT
  8
2
 10
-7269.8599
 20
144.4000
  0
TEXT
  8
1
 10
-7269.8599
 20
144.4000
 40
3.0000
  1
# 649
  7
STANDARD
  0
POINT
  8
3
 10
-7278.5601
 20
146.6900
  0
POINT
  8
3
 10
-7290.6602
 20
149.8900
  0
POINT
  8
3
 10
-7307.7598
 20
153.6900
  0
POINT
  8
3
 10
-7328.7598
 20
157.9900
  0
POINT
  8
3
 10
-7351.2598
 20
161.6900
  0
POINT
  8
2
 10
-7374.0601
 20
164.4900
  0
TEXT
  8
1
 10
-7374.0601
 20
164.4900
 40
3.0000
  1
# 650
  7
STANDARD
  0
POINT
  8
3
 10
-7394.3599
 20
165.8900
  0
POINT
  8
3
 10
-7407.4600
 20
166.4900
  0
POINT
  8
3
 10
-7423.0601
 20
166.0900
  0
POINT
  8
3
 10
-7438.9600
 20
164.4900
  0
POINT
  8
3
 10
-7453.7598
 20
162.3900
  0
POINT
  8
3
 10
-7466.7598
 20
159.7900
  0
POINT
  8
3
 10
-7478.8599
 20
155.7900
  0
POINT
  8
3
 10
-7489.8599
 20
150.0900
  0
POINT
  8
3
 10
-7499.2598
 20
142.9900
  0
POINT
  8
3
 10
-7506.5601
 20
134.9900
  0
POINT
  8
3
 10
-7511.5601
 20
127.0900
  0
POINT
  8
3
 10
-7515.5601
 20
119.4000
  0
POINT
  8
2
 10
-7518.3501
 20
111.9900
  0
TEXT
  8
1
 10
-7518.3501
 20
111.9900
 40
3.0000
  1
# 651
  7
STANDARD
  0
POINT
  8
3
 10
-7535.3599
 20
112.5900
  0
POINT
  8
3
 10
-7562.7598
 20
113.4900
  0
POINT
  8
3
 10
-7602.4600
 20
114.0900
  0
POINT
  8
3
 10
-7649.0498
 20
114.2900
  0
POINT
  8
3
 10
-7697.1602
 20
113.7900
  0
POINT
  8
3
 10
-7750.4600
 20
111.6900
  0
POINT
  8
2
 10
-7798.2598
 20
108.0900
  0
TEXT
  8
1
 10
-7798.2598
 20
108.0900
 40
3.0000
  1
# 652
  7
STANDARD
  0
POINT
  8
2
 10
-7799.7598
 20
133.9000
  0
TEXT
  8
1
 10
-7799.7598
 20
133.9000
 40
3.0000
  1
# 653
  7
STANDARD
  0
POINT
  8
2
 10
-7928.8599
 20
124.4000
  0
TEXT
  8
1
 10
-7928.8599
 20
124.4000
 40
3.0000
  1
# 654
  7
STANDARD
  0
POINT
  8
3
 10
-7933.4502
 20
210.6900
  0
POINT
  8
3
 10
-7937.2598
 20
287.3900
  0
POINT
  8
3
 10
-7939.6602
 20
350.3900
  0
POINT
  8
2
 10
-7939.8599
 20
359.1900
  0
TEXT
  8
1
 10
-7939.8599
 20
359.1900
 40
3.0000
  1
# 655
  7
STANDARD
  0
POINT
  8
2
 10
-7939.8599
 20
401.7900
  0
TEXT
  8
1
 10
-7939.8599
 20
401.7900
 40
3.0000
  1
# 656
  7
STANDARD
  0
POINT
  8
2
 10
-7939.8599
 20
444.3900
  0
TEXT
  8
1
 10
-7939.8599
 20
444.3900
 40
3.0000
  1
# 657
  7
STANDARD
  0
POINT
  8
3
 10
-7939.6602
 20
453.1900
  0
POINT
  8
3
 10
-7937.2598
 20
516.1900
  0
POINT
  8
3
 10
-7933.4502
 20
592.8900
  0
POINT
  8
2
 10
-7928.8599
 20
679.1800
  0
TEXT
  8
1
 10
-7928.8599
 20
679.1800
 40
3.0000
  1
# 658
  7
STANDARD
  0
POINT
  8
2
 10
-7799.7598
 20
669.6800
  0
TEXT
  8
1
 10
-7799.7598
 20
669.6800
 40
3.0000
  1
# 659
  7
STANDARD
  0
POINT
  8
2
 10
-7798.2598
 20
695.4900
  0
TEXT
  8
1
 10
-7798.2598
 20
695.4900
 40
3.0000
  1
# 660
  7
STANDARD
  0
POINT
  8
3
 10
-7750.4600
 20
691.8900
  0
POINT
  8
3
 10
-7697.1602
 20
689.7900
  0
POINT
  8
3
 10
-7649.0498
 20
689.2900
  0
POINT
  8
3
 10
-7602.4600
 20
689.4900
  0
POINT
  8
3
 10
-7562.7598
 20
690.0900
  0
POINT
  8
3
 10
-7535.3599
 20
690.9900
  0
POINT
  8
2
 10
-7518.3501
 20
691.5900
  0
TEXT
  8
1
 10
-7518.3501
 20
691.5900
 40
3.0000
  1
# 661
  7
STANDARD
  0
POINT
  8
3
 10
-7515.5601
 20
684.1800
  0
POINT
  8
3
 10
-7511.5601
 20
676.4900
  0
POINT
  8
3
 10
-7506.5601
 20
668.5900
  0
POINT
  8
3
 10
-7499.2598
 20
660.5900
  0
POINT
  8
3
 10
-7489.8599
 20
653.4900
  0
POINT
  8
3
 10
-7478.8599
 20
647.7900
  0
POINT
  8
3
 10
-7466.7598
 20
643.7900
  0
POINT
  8
3
 10
-7453.7598
 20
641.1900
  0
POINT
  8
3
 10
-7438.9600
 20
639.0900
  0
POINT
  8
3
 10
-7423.0601
 20
637.4900
  0
POINT
  8
3
 10
-7407.4600
 20
637.0900
  0
POINT
  8
3
 10
-7394.3599
 20
637.6900
  0
POINT
  8
2
 10
-7374.0601
 20
639.0900
  0
TEXT
  8
1
 10
-7374.0601
 20
639.0900
 40
3.0000
  1
# 662
  7
STANDARD
  0
POINT
  8
3
 10
-7351.2598
 20
641.8900
  0
POINT
  8
3
 10
-7328.7598
 20
645.5900
  0
POINT
  8
3
 10
-7307.7598
 20
649.8900
  0
POINT
  8
3
 10
-7290.6602
 20
653.6900
  0
POINT
  8
3
 10
-7278.5601
 20
656.8900
  0
POINT
  8
2
 10
-7269.8599
 20
659.1800
  0
TEXT
  8
1
 10
-7269.8599
 20
659.1800
 40
3.0000
  1
# 663
  7
STANDARD
  0
POINT
  8
3
 10
-7248.4600
 20
600.0900
  0
POINT
  8
3
 10
-7227.9702
 20
543.3900
  0
POINT
  8
2
 10
-7208.4702
 20
489.1900
  0
TEXT
  8
1
 10
-7208.4702
 20
489.1900
 40
3.0000
  1
# 664
  7
STANDARD
  0
POINT
  8
3
 10
-7215.0601
 20
485.8900
  0
POINT
  8
3
 10
-7218.9702
 20
483.1900
  0
POINT
  8
3
 10
-7222.7598
 20
480.1900
  0
POINT
  8
3
 10
-7226.5601
 20
476.3800
  0
POINT
  8
3
 10
-7229.7598
 20
471.9900
  0
POINT
  8
3
 10
-7232.7598
 20
466.8800
  0
POINT
  8
3
 10
-7235.1602
 20
461.4900
  0
POINT
  8
3
 10
-7237.2598
 20
455.7900
  0
POINT
  8
3
 10
-7238.9600
 20
449.8900
  0
POINT
  8
3
 10
-7240.0601
 20
444.1900
  0
POINT
  8
3
 10
-7241.6602
 20
433.0900
  0
POINT
  8
3
 10
-7242.5601
 20
421.0900
  0
POINT
  8
2
 10
-7243.0601
 20
412.0900
  0
TEXT
  8
1
 10
-7243.0601
 20
412.0900
 40
3.0000
  1
# 665
  7
STANDARD
  0
POINT
  8
4
 10
-7243.0601
 20
401.7900
 30
5.0000
 50
180.0000
  0
POINT
  8
4
 10
-7374.0601
 20
164.4900
 30
5.0000
 50
85.1792
  0
POINT
  8
4
 10
-7374.0601
 20
639.0900
 30
5.0000
 50
274.8208
  0
POLYLINE
  8
14
 66
1
 70
1
  0
VERTEX
  8
14
 10
-7253.0601
 20
401.7900
  0
VERTEX
  8
14
 10
-7253.0601
 20
391.3000
  0
VERTEX
  8
14
 10
-7252.5000
 20
381.2600
  0
VERTEX
  8
14
 10
-7251.6001
 20
369.3800
  0
VERTEX
  8
14
 10
-7249.9199
 20
357.7200
  0
VERTEX
  8
14
 10
-7248.7100
 20
351.4400
  0
VERTEX
  8
14
 10
-7246.7300
 20
344.5600
  0
VERTEX
  8
14
 10
-7244.4102
 20
338.2800
  0
VERTEX
  8
14
 10
-7241.6099
 20
332.0400
  0
VERTEX
  8
14
 10
-7238.1201
 20
326.0900
  0
VERTEX
  8
14
 10
-7234.2100
 20
320.7400
  0
VERTEX
  8
14
 10
-7229.2500
 20
315.7700
  0
VERTEX
  8
14
 10
-7224.9399
 20
312.3600
  0
VERTEX
  8
14
 10
-7223.3398
 20
311.2500
  0
VERTEX
  8
14
 10
-7220.8501
 20
309.5300
  0
VERTEX
  8
14
 10
-7237.3799
 20
263.5900
  0
VERTEX
  8
14
 10
-7257.8599
 20
206.9000
  0
VERTEX
  8
14
 10
-7276.1499
 20
156.4000
  0
VERTEX
  8
14
 10
-7281.2100
 20
157.7400
  0
VERTEX
  8
14
 10
-7288.2500
 20
159.6000
  0
VERTEX
  8
14
 10
-7305.5601
 20
163.4500
  0
VERTEX
  8
14
 10
-7327.1401
 20
167.8600
  0
VERTEX
  8
14
 10
-7349.9199
 20
171.6000
  0
VERTEX
  8
14
 10
-7373.2202
 20
174.4600
  0
VERTEX
  8
14
 10
-7393.1201
 20
175.8300
  0
VERTEX
  8
14
 10
-7407.4502
 20
176.4900
  0
VERTEX
  8
14
 10
-7423.6201
 20
176.0800
  0
VERTEX
  8
14
 10
-7439.8501
 20
174.4600
  0
VERTEX
  8
14
 10
-7455.1299
 20
172.3000
  0
VERTEX
  8
14
 10
-7469.1802
 20
169.5000
  0
VERTEX
  8
14
 10
-7482.8999
 20
164.9400
  0
VERTEX
  8
14
 10
-7495.1699
 20
158.5700
  0
VERTEX
  8
14
 10
-7506.0498
 20
150.3400
  0
VERTEX
  8
14
 10
-7514.6602
 20
140.8600
  0
VERTEX
  8
14
 10
-7520.2100
 20
132.1100
  0
VERTEX
  8
14
 10
-7524.7002
 20
123.4700
  0
VERTEX
  8
14
 10
-7525.2100
 20
122.2300
  0
VERTEX
  8
14
 10
-7535.0200
 20
122.5800
  0
VERTEX
  8
14
 10
-7563.0000
 20
123.5000
  0
VERTEX
  8
14
 10
-7602.2798
 20
124.0900
  0
VERTEX
  8
14
 10
-7649.0801
 20
124.2900
  0
VERTEX
  8
14
 10
-7697.5698
 20
123.7900
  0
VERTEX
  8
14
 10
-7750.4800
 20
121.7100
  0
VERTEX
  8
14
 10
-7788.8799
 20
118.9600
  0
VERTEX
  8
14
 10
-7790.3701
 20
144.6100
  0
VERTEX
  8
14
 10
-7919.4102
 20
135.1200
  0
VERTEX
  8
14
 10
-7923.4600
 20
211.2100
  0
VERTEX
  8
14
 10
-7927.2900
 20
288.3000
  0
VERTEX
  8
14
 10
-7929.6401
 20
349.8600
  0
VERTEX
  8
14
 10
-7929.8599
 20
359.3000
  0
VERTEX
  8
14
 10
-7929.8599
 20
359.4200
  0
VERTEX
  8
14
 10
-7929.8599
 20
401.7900
  0
VERTEX
  8
14
 10
-7929.8599
 20
444.1600
  0
VERTEX
  8
14
 10
-7929.8599
 20
444.2800
  0
VERTEX
  8
14
 10
-7929.6401
 20
453.7300
  0
VERTEX
  8
14
 10
-7927.2900
 20
515.2900
  0
VERTEX
  8
14
 10
-7923.4600
 20
592.3700
  0
VERTEX
  8
14
 10
-7919.4102
 20
668.4600
  0
VERTEX
  8
14
 10
-7790.3701
 20
658.9700
  0
VERTEX
  8
14
 10
-7788.8799
 20
684.6200
  0
VERTEX
  8
14
 10
-7750.5000
 20
681.8700
  0
VERTEX
  8
14
 10
-7697.5698
 20
679.7900
  0
VERTEX
  8
14
 10
-7649.0801
 20
679.2900
  0
VERTEX
  8
14
 10
-7602.2798
 20
679.4900
  0
VERTEX
  8
14
 10
-7563.0098
 20
680.0800
  0
VERTEX
  8
14
 10
-7535.0200
 20
681.0000
  0
VERTEX
  8
14
 10
-7525.2100
 20
681.3500
  0
VERTEX
  8
14
 10
-7524.7002
 20
680.1100
  0
VERTEX
  8
14
 10
-7520.2100
 20
671.4700
  0
VERTEX
  8
14
 10
-7514.6602
 20
662.7200
  0
VERTEX
  8
14
 10
-7506.0498
 20
653.2400
  0
VERTEX
  8
14
 10
-7495.1699
 20
645.0100
  0
VERTEX
  8
14
 10
-7482.8901
 20
638.6400
  0
VERTEX
  8
14
 10
-7469.1802
 20
634.0800
  0
VERTEX
  8
14
 10
-7455.1299
 20
631.2800
  0
VERTEX
  8
14
 10
-7439.8501
 20
629.1200
  0
VERTEX
  8
14
 10
-7423.6201
 20
627.5000
  0
VERTEX
  8
14
 10
-7407.4399
 20
627.0900
  0
VERTEX
  8
14
 10
-7393.1001
 20
627.7500
  0
VERTEX
  8
14
 10
-7373.2202
 20
629.1200
  0
VERTEX
  8
14
 10
-7349.9199
 20
631.9800
  0
VERTEX
  8
14
 10
-7327.1401
 20
635.7200
  0
VERTEX
  8
14
 10
-7305.5601
 20
640.1300
  0
VERTEX
  8
14
 10
-7288.2500
 20
643.9800
  0
VERTEX
  8
14
 10
-7281.2100
 20
645.8400
  0
VERTEX
  8
14
 10
-7276.1499
 20
647.1800
  0
VERTEX
  8
14
 10
-7257.8599
 20
596.6900
  0
VERTEX
  8
14
 10
-7237.3799
 20
540.0000
  0
VERTEX
  8
14
 10
-7220.8501
 20
494.0500
  0
VERTEX
  8
14
 10
-7223.3398
 20
492.3300
  0
VERTEX
  8
14
 10
-7224.9399
 20
491.2200
  0
VERTEX
  8
14
 10
-7229.2500
 20
487.8100
  0
VERTEX
  8
14
 10
-7234.2100
 20
482.8400
  0
VERTEX
  8
14
 10
-7238.1099
 20
477.5000
  0
VERTEX
  8
14
 10
-7241.6201
 20
471.5300
  0
VERTEX
  8
14
 10
-7244.4102
 20
465.3000
  0
VERTEX
  8
14
 10
-7246.7202
 20
459.0200
  0
VERTEX
  8
14
 10
-7248.7100
 20
452.1400
  0
VERTEX
  8
14
 10
-7249.9199
 20
445.8500
  0
VERTEX
  8
14
 10
-7251.6001
 20
434.2100
  0
VERTEX
  8
14
 10
-7252.5000
 20
422.2800
  0
VERTEX
  8
14
 10
-7253.0601
 20
412.2800
  0
VERTEX
  8
14
 10
-7253.0601
 20
401.7900
  0
SEQEND
  0
POLYLINE
  8
87
 66
1
 70
1
  0
VERTEX
  8
87
 10
-7253.0601
 20
391.3000
  0
VERTEX
  8
87
 10
-7252.5000
 20
381.2600
  0
VERTEX
  8
87
 10
-7252.0601
 20
374.4900
  0
VERTEX
  8
87
 10
-7251.6001
 20
369.3800
  0
VERTEX
  8
87
 10
-7250.9199
 20
364.0600
  0
VERTEX
  8
87
 10
-7249.9199
 20
357.7200
  0
VERTEX
  8
87
 10
-7248.7100
 20
351.4400
  0
VERTEX
  8
87
 10
-7247.8501
 20
348.1300
  0
VERTEX
  8
87
 10
-7246.7300
 20
344.5600
  0
VERTEX
  8
87
 10
-7244.4102
 20
338.2800
  0
VERTEX
  8
87
 10
-7242.9902
 20
334.9100
  0
VERTEX
  8
87
 10
-7241.6099
 20
332.0400
  0
VERTEX
  8
87
 10
-7240.0200
 20
329.1500
  0
VERTEX
  8
87
 10
-7238.1201
 20
326.0900
  0
VERTEX
  8
87
 10
-7236.1099
 20
323.1700
  0
VERTEX
  8
87
 10
-7234.2100
 20
320.7400
  0
VERTEX
  8
87
 10
-7231.9302
 20
318.2600
  0
VERTEX
  8
87
 10
-7229.2500
 20
315.7700
  0
VERTEX
  8
87
 10
-7227.1001
 20
313.9900
  0
VERTEX
  8
87
 10
-7224.9399
 20
312.3600
  0
VERTEX
  8
87
 10
-7223.3398
 20
311.2500
  0
VERTEX
  8
87
 10
-7220.8501
 20
309.5300
  0
VERTEX
  8
87
 10
-7237.3799
 20
263.5900
  0
VERTEX
  8
87
 10
-7257.8599
 20
206.9000
  0
VERTEX
  8
87
 10
-7276.1499
 20
156.4000
  0
VERTEX
  8
87
 10
-7281.2100
 20
157.7400
  0
VERTEX
  8
87
 10
-7288.2500
 20
159.6000
  0
VERTEX
  8
87
 10
-7295.3198
 20
161.2700
  0
VERTEX
  8
87
 10
-7305.5601
 20
163.4500
  0
VERTEX
  8
87
 10
-7318.6602
 20
166.1900
  0
VERTEX
  8
87
 10
-7327.1401
 20
167.8600
  0
VERTEX
  8
87
 10
-7338.2002
 20
169.8100
  0
VERTEX
  8
87
 10
-7349.9199
 20
171.6000
  0
VERTEX
  8
87
 10
-7361.5601
 20
173.1400
  0
VERTEX
  8
87
 10
-7373.2202
 20
174.4600
  0
VERTEX
  8
87
 10
-7393.1201
 20
175.8300
  0
VERTEX
  8
87
 10
-7401.1802
 20
176.2800
  0
VERTEX
  8
87
 10
-7407.4502
 20
176.4900
  0
VERTEX
  8
87
 10
-7415.4702
 20
176.4600
  0
VERTEX
  8
87
 10
-7423.6201
 20
176.0800
  0
VERTEX
  8
87
 10
-7431.1401
 20
175.4400
  0
VERTEX
  8
87
 10
-7439.8501
 20
174.4600
  0
VERTEX
  8
87
 10
-7447.7798
 20
173.4100
  0
VERTEX
  8
87
 10
-7455.1299
 20
172.3000
  0
VERTEX
  8
87
 10
-7462.7900
 20
170.9400
  0
VERTEX
  8
87
 10
-7469.1802
 20
169.5000
  0
VERTEX
  8
87
 10
-7472.7598
 20
168.5200
  0
VERTEX
  8
87
 10
-7476.2402
 20
167.4400
  0
VERTEX
  8
87
 10
-7479.6201
 20
166.2400
  0
VERTEX
  8
87
 10
-7482.8999
 20
164.9400
  0
VERTEX
  8
87
 10
-7486.0898
 20
163.5200
  0
VERTEX
  8
87
 10
-7489.2002
 20
161.9900
  0
VERTEX
  8
87
 10
-7492.2300
 20
160.3400
  0
VERTEX
  8
87
 10
-7495.1699
 20
158.5700
  0
VERTEX
  8
87
 10
-7498.0601
 20
156.6600
  0
VERTEX
  8
87
 10
-7500.8398
 20
154.6500
  0
VERTEX
  8
87
 10
-7503.5098
 20
152.5500
  0
VERTEX
  8
87
 10
-7506.0498
 20
150.3400
  0
VERTEX
  8
87
 10
-7508.4502
 20
148.0500
  0
VERTEX
  8
87
 10
-7510.6899
 20
145.7100
  0
VERTEX
  8
87
 10
-7512.7598
 20
143.3100
  0
VERTEX
  8
87
 10
-7514.6602
 20
140.8600
  0
VERTEX
  8
87
 10
-7517.2402
 20
137.0600
  0
VERTEX
  8
87
 10
-7520.2100
 20
132.1100
  0
VERTEX
  8
87
 10
-7522.8599
 20
127.3400
  0
VERTEX
  8
87
 10
-7524.7002
 20
123.4700
  0
VERTEX
  8
87
 10
-7525.2100
 20
122.2300
  0
VERTEX
  8
87
 10
-7535.0200
 20
122.5800
  0
VERTEX
  8
87
 10
-7563.0000
 20
123.5000
  0
VERTEX
  8
87
 10
-7580.3599
 20
123.8500
  0
VERTEX
  8
87
 10
-7602.2798
 20
124.0900
  0
VERTEX
  8
87
 10
-7627.1499
 20
124.2500
  0
VERTEX
  8
87
 10
-7649.0801
 20
124.2900
  0
VERTEX
  8
87
 10
-7674.8101
 20
124.1500
  0
VERTEX
  8
87
 10
-7697.5698
 20
123.7900
  0
VERTEX
  8
87
 10
-7711.1299
 20
123.4300
  0
VERTEX
  8
87
 10
-7724.4600
 20
122.9700
  0
VERTEX
  8
87
 10
-7737.5698
 20
122.3900
  0
VERTEX
  8
87
 10
-7750.4800
 20
121.7100
  0
VERTEX
  8
87
 10
-7769.6899
 20
120.4700
  0
VERTEX
  8
87
 10
-7788.8799
 20
118.9600
  0
VERTEX
  8
87
 10
-7790.3701
 20
144.6100
  0
VERTEX
  8
87
 10
-7919.4102
 20
135.1200
  0
VERTEX
  8
87
 10
-7923.4600
 20
211.2100
  0
VERTEX
  8
87
 10
-7925.6099
 20
253.4200
  0
VERTEX
  8
87
 10
-7927.2900
 20
288.3000
  0
VERTEX
  8
87
 10
-7928.7402
 20
322.2400
  0
VERTEX
  8
87
 10
-7929.6401
 20
349.8600
  0
VERTEX
  8
87
 10
-7929.8599
 20
359.3000
  0
VERTEX
  8
87
 10
-7929.8599
 20
359.4200
  0
VERTEX
  8
87
 10
-7929.8599
 20
401.7900
  0
VERTEX
  8
87
 10
-7929.8599
 20
444.1600
  0
VERTEX
  8
87
 10
-7929.8599
 20
444.2800
  0
VERTEX
  8
87
 10
-7929.6401
 20
453.7300
  0
VERTEX
  8
87
 10
-7928.7402
 20
481.3500
  0
VERTEX
  8
87
 10
-7927.2900
 20
515.2900
  0
VERTEX
  8
87
 10
-7925.6099
 20
550.1600
  0
VERTEX
  8
87
 10
-7923.4600
 20
592.3700
  0
VERTEX
  8
87
 10
-7919.4102
 20
668.4600
  0
VERTEX
  8
87
 10
-7790.3701
 20
658.9700
  0
VERTEX
  8
87
 10
-7788.8799
 20
684.6200
  0
VERTEX
  8
87
 10
-7769.7002
 20
683.1100
  0
VERTEX
  8
87
 10
-7750.5000
 20
681.8700
  0
VERTEX
  8
87
 10
-7737.5898
 20
681.1900
  0
VERTEX
  8
87
 10
-7724.4800
 20
680.6100
  0
VERTEX
  8
87
 10
-7711.1401
 20
680.1500
  0
VERTEX
  8
87
 10
-7697.5698
 20
679.7900
  0
VERTEX
  8
87
 10
-7674.7998
 20
679.4300
  0
VERTEX
  8
87
 10
-7649.0801
 20
679.2900
  0
VERTEX
  8
87
 10
-7627.1499
 20
679.3300
  0
VERTEX
  8
87
 10
-7602.2798
 20
679.4900
  0
VERTEX
  8
87
 10
-7580.3701
 20
679.7300
  0
VERTEX
  8
87
 10
-7563.0098
 20
680.0800
  0
VERTEX
  8
87
 10
-7535.0200
 20
681.0000
  0
VERTEX
  8
87
 10
-7525.2100
 20
681.3500
  0
VERTEX
  8
87
 10
-7524.7002
 20
680.1100
  0
VERTEX
  8
87
 10
-7522.8599
 20
676.2400
  0
VERTEX
  8
87
 10
-7520.2100
 20
671.4700
  0
VERTEX
  8
87
 10
-7517.2402
 20
666.5200
  0
VERTEX
  8
87
 10
-7514.6602
 20
662.7200
  0
VERTEX
  8
87
 10
-7512.7598
 20
660.2700
  0
VERTEX
  8
87
 10
-7510.6899
 20
657.8700
  0
VERTEX
  8
87
 10
-7508.4502
 20
655.5300
  0
VERTEX
  8
87
 10
-7506.0498
 20
653.2400
  0
VERTEX
  8
87
 10
-7503.5098
 20
651.0300
  0
VERTEX
  8
87
 10
-7500.8398
 20
648.9200
  0
VERTEX
  8
87
 10
-7498.0601
 20
646.9100
  0
VERTEX
  8
87
 10
-7495.1699
 20
645.0100
  0
VERTEX
  8
87
 10
-7492.2300
 20
643.2500
  0
VERTEX
  8
87
 10
-7489.2002
 20
641.6000
  0
VERTEX
  8
87
 10
-7486.0801
 20
640.0600
  0
VERTEX
  8
87
 10
-7482.8901
 20
638.6400
  0
VERTEX
  8
87
 10
-7479.6099
 20
637.3300
  0
VERTEX
  8
87
 10
-7476.2300
 20
636.1400
  0
VERTEX
  8
87
 10
-7472.7500
 20
635.0500
  0
VERTEX
  8
87
 10
-7469.1802
 20
634.0800
  0
VERTEX
  8
87
 10
-7462.7900
 20
632.6400
  0
VERTEX
  8
87
 10
-7455.1299
 20
631.2800
  0
VERTEX
  8
87
 10
-7447.7798
 20
630.1700
  0
VERTEX
  8
87
 10
-7439.8501
 20
629.1200
  0
VERTEX
  8
87
 10
-7431.1401
 20
628.1400
  0
VERTEX
  8
87
 10
-7423.6201
 20
627.5000
  0
VERTEX
  8
87
 10
-7415.4702
 20
627.1200
  0
VERTEX
  8
87
 10
-7407.4399
 20
627.0900
  0
VERTEX
  8
87
 10
-7401.1699
 20
627.3000
  0
VERTEX
  8
87
 10
-7393.1001
 20
627.7500
  0
VERTEX
  8
87
 10
-7373.2202
 20
629.1200
  0
VERTEX
  8
87
 10
-7361.5601
 20
630.4400
  0
VERTEX
  8
87
 10
-7349.9199
 20
631.9800
  0
VERTEX
  8
87
 10
-7338.2002
 20
633.7700
  0
VERTEX
  8
87
 10
-7327.1401
 20
635.7200
  0
VERTEX
  8
87
 10
-7318.6602
 20
637.3900
  0
VERTEX
  8
87
 10
-7305.5601
 20
640.1300
  0
VERTEX
  8
87
 10
-7295.3198
 20
642.3100
  0
VERTEX
  8
87
 10
-7288.2500
 20
643.9800
  0
VERTEX
  8
87
 10
-7281.2100
 20
645.8400
  0
VERTEX
  8
87
 10
-7276.1499
 20
647.1800
  0
VERTEX
  8
87
 10
-7257.8599
 20
596.6900
  0
VERTEX
  8
87
 10
-7237.3799
 20
540.0000
  0
VERTEX
  8
87
 10
-7220.8501
 20
494.0500
  0
VERTEX
  8
87
 10
-7223.3398
 20
492.3300
  0
VERTEX
  8
87
 10
-7224.9399
 20
491.2200
  0
VERTEX
  8
87
 10
-7227.1001
 20
489.6000
  0
VERTEX
  8
87
 10
-7229.2500
 20
487.8100
  0
VERTEX
  8
87
 10
-7231.9302
 20
485.3100
  0
VERTEX
  8
87
 10
-7234.2100
 20
482.8400
  0
VERTEX
  8
87
 10
-7236.1001
 20
480.4300
  0
VERTEX
  8
87
 10
-7238.1099
 20
477.5000
  0
VERTEX
  8
87
 10
-7240.0298
 20
474.4100
  0
VERTEX
  8
87
 10
-7241.6201
 20
471.5300
  0
VERTEX
  8
87
 10
-7242.9902
 20
468.6600
  0
VERTEX
  8
87
 10
-7244.4102
 20
465.3000
  0
VERTEX
  8
87
 10
-7246.7202
 20
459.0200
  0
VERTEX
  8
87
 10
-7247.8501
 20
455.4200
  0
VERTEX
  8
87
 10
-7248.7100
 20
452.1400
  0
VERTEX
  8
87
 10
-7249.2900
 20
449.4000
  0
VERTEX
  8
87
 10
-7249.9199
 20
445.8500
  0
VERTEX
  8
87
 10
-7250.9302
 20
439.4800
  0
VERTEX
  8
87
 10
-7251.6001
 20
434.2100
  0
VERTEX
  8
87
 10
-7252.0601
 20
429.1000
  0
VERTEX
  8
87
 10
-7252.5000
 20
422.2800
  0
VERTEX
  8
87
 10
-7253.0601
 20
412.2800
  0
VERTEX
  8
87
 10
-7253.0601
 20
401.7900
  0
VERTEX
  8
87
 10
-7253.0601
 20
391.3000
  0
SEQEND
  0
POINT
  8
2
 10
-7253.0601
 20
401.7900
  0
TEXT
  8
14
 10
-7253.0601
 20
401.7900
 40
3.0000
  1
# 666
  7
STANDARD
  0
POINT
  8
2
 10
-7253.0601
 20
391.3000
  0
TEXT
  8
14
 10
-7253.0601
 20
391.3000
 40
3.0000
  1
# 667
  7
STANDARD
  0
POINT
  8
3
 10
-7252.5000
 20
381.2600
  0
POINT
  8
3
 10
-7251.6001
 20
369.3800
  0
POINT
  8
3
 10
-7249.9199
 20
357.7200
  0
POINT
  8
3
 10
-7248.7100
 20
351.4400
  0
POINT
  8
3
 10
-7246.7300
 20
344.5600
  0
POINT
  8
3
 10
-7244.4102
 20
338.2800
  0
POINT
  8
3
 10
-7241.6099
 20
332.0400
  0
POINT
  8
3
 10
-7238.1201
 20
326.0900
  0
POINT
  8
3
 10
-7234.2100
 20
320.7400
  0
POINT
  8
3
 10
-7229.2500
 20
315.7700
  0
POINT
  8
3
 10
-7224.9399
 20
312.3600
  0
POINT
  8
3
 10
-7223.3398
 20
311.2500
  0
POINT
  8
2
 10
-7220.8501
 20
309.5300
  0
TEXT
  8
14
 10
-7220.8501
 20
309.5300
 40
3.0000
  1
# 668
  7
STANDARD
  0
POINT
  8
3
 10
-7237.3799
 20
263.5900
  0
POINT
  8
3
 10
-7257.8599
 20
206.9000
  0
POINT
  8
2
 10
-7276.1499
 20
156.4000
  0
TEXT
  8
14
 10
-7276.1499
 20
156.4000
 40
3.0000
  1
# 669
  7
STANDARD
  0
POINT
  8
3
 10
-7281.2100
 20
157.7400
  0
POINT
  8
3
 10
-7288.2500
 20
159.6000
  0
POINT
  8
3
 10
-7305.5601
 20
163.4500
  0
POINT
  8
3
 10
-7327.1401
 20
167.8600
  0
POINT
  8
3
 10
-7349.9199
 20
171.6000
  0
POINT
  8
2
 10
-7373.2202
 20
174.4600
  0
TEXT
  8
14
 10
-7373.2202
 20
174.4600
 40
3.0000
  1
# 670
  7
STANDARD
  0
POINT
  8
3
 10
-7393.1201
 20
175.8300
  0
POINT
  8
3
 10
-7407.4502
 20
176.4900
  0
POINT
  8
3
 10
-7423.6201
 20
176.0800
  0
POINT
  8
3
 10
-7439.8501
 20
174.4600
  0
POINT
  8
3
 10
-7455.1299
 20
172.3000
  0
POINT
  8
3
 10
-7469.1802
 20
169.5000
  0
POINT
  8
3
 10
-7482.8999
 20
164.9400
  0
POINT
  8
3
 10
-7495.1699
 20
158.5700
  0
POINT
  8
3
 10
-7506.0498
 20
150.3400
  0
POINT
  8
3
 10
-7514.6602
 20
140.8600
  0
POINT
  8
3
 10
-7520.2100
 20
132.1100
  0
POINT
  8
3
 10
-7524.7002
 20
123.4700
  0
POINT
  8
2
 10
-7525.2100
 20
122.2300
  0
TEXT
  8
14
 10
-7525.2100
 20
122.2300
 40
3.0000
  1
# 671
  7
STANDARD
  0
POINT
  8
3
 10
-7535.0200
 20
122.5800
  0
POINT
  8
3
 10
-7563.0000
 20
123.5000
  0
POINT
  8
3
 10
-7602.2798
 20
124.0900
  0
POINT
  8
3
 10
-7649.0801
 20
124.2900
  0
POINT
  8
3
 10
-7697.5698
 20
123.7900
  0
POINT
  8
3
 10
-7750.4800
 20
121.7100
  0
POINT
  8
2
 10
-7788.8799
 20
118.9600
  0
TEXT
  8
14
 10
-7788.8799
 20
118.9600
 40
3.0000
  1
# 672
  7
STANDARD
  0
POINT
  8
2
 10
-7790.3701
 20
144.6100
  0
TEXT
  8
14
 10
-7790.3701
 20
144.6100
 40
3.0000
  1
# 673
  7
STANDARD
  0
POINT
  8
2
 10
-7919.4102
 20
135.1200
  0
TEXT
  8
14
 10
-7919.4102
 20
135.1200
 40
3.0000
  1
# 674
  7
STANDARD
  0
POINT
  8
3
 10
-7923.4600
 20
211.2100
  0
POINT
  8
3
 10
-7927.2900
 20
288.3000
  0
POINT
  8
3
 10
-7929.6401
 20
349.8600
  0
POINT
  8
2
 10
-7929.8599
 20
359.3000
  0
TEXT
  8
14
 10
-7929.8599
 20
359.3000
 40
3.0000
  1
# 675
  7
STANDARD
  0
POINT
  8
2
 10
-7929.8599
 20
359.4200
  0
POINT
  8
2
 10
-7929.8599
 20
401.7900
  0
TEXT
  8
14
 10
-7929.8599
 20
401.7900
 40
3.0000
  1
# 676
  7
STANDARD
  0
POINT
  8
2
 10
-7929.8599
 20
444.1600
  0
POINT
  8
2
 10
-7929.8599
 20
444.2800
  0
TEXT
  8
14
 10
-7929.8599
 20
444.2800
 40
3.0000
  1
# 677
  7
STANDARD
  0
POINT
  8
3
 10
-7929.6401
 20
453.7300
  0
POINT
  8
3
 10
-7927.2900
 20
515.2900
  0
POINT
  8
3
 10
-7923.4600
 20
592.3700
  0
POINT
  8
2
 10
-7919.4102
 20
668.4600
  0
TEXT
  8
14
 10
-7919.4102
 20
668.4600
 40
3.0000
  1
# 678
  7
STANDARD
  0
POINT
  8
2
 10
-7790.3701
 20
658.9700
  0
TEXT
  8
14
 10
-7790.3701
 20
658.9700
 40
3.0000
  1
# 679
  7
STANDARD
  0
POINT
  8
2
 10
-7788.8799
 20
684.6200
  0
TEXT
  8
14
 10
-7788.8799
 20
684.6200
 40
3.0000
  1
# 680
  7
STANDARD
  0
POINT
  8
3
 10
-7750.5000
 20
681.8700
  0
POINT
  8
3
 10
-7697.5698
 20
679.7900
  0
POINT
  8
3
 10
-7649.0801
 20
679.2900
  0
POINT
  8
3
 10
-7602.2798
 20
679.4900
  0
POINT
  8
3
 10
-7563.0098
 20
680.0800
  0
POINT
  8
3
 10
-7535.0200
 20
681.0000
  0
POINT
  8
2
 10
-7525.2100
 20
681.3500
  0
TEXT
  8
14
 10
-7525.2100
 20
681.3500
 40
3.0000
  1
# 681
  7
STANDARD
  0
POINT
  8
3
 10
-7524.7002
 20
680.1100
  0
POINT
  8
3
 10
-7520.2100
 20
671.4700
  0
POINT
  8
3
 10
-7514.6602
 20
662.7200
  0
POINT
  8
3
 10
-7506.0498
 20
653.2400
  0
POINT
  8
3
 10
-7495.1699
 20
645.0100
  0
POINT
  8
3
 10
-7482.8901
 20
638.6400
  0
POINT
  8
3
 10
-7469.1802
 20
634.0800
  0
POINT
  8
3
 10
-7455.1299
 20
631.2800
  0
POINT
  8
3
 10
-7439.8501
 20
629.1200
  0
POINT
  8
3
 10
-7423.6201
 20
627.5000
  0
POINT
  8
3
 10
-7407.4399
 20
627.0900
  0
POINT
  8
3
 10
-7393.1001
 20
627.7500
  0
POINT
  8
2
 10
-7373.2202
 20
629.1200
  0
TEXT
  8
14
 10
-7373.2202
 20
629.1200
 40
3.0000
  1
# 682
  7
STANDARD
  0
POINT
  8
3
 10
-7349.9199
 20
631.9800
  0
POINT
  8
3
 10
-7327.1401
 20
635.7200
  0
POINT
  8
3
 10
-7305.5601
 20
640.1300
  0
POINT
  8
3
 10
-7288.2500
 20
643.9800
  0
POINT
  8
3
 10
-7281.2100
 20
645.8400
  0
POINT
  8
2
 10
-7276.1499
 20
647.1800
  0
TEXT
  8
14
 10
-7276.1499
 20
647.1800
 40
3.0000
  1
# 683
  7
STANDARD
  0
POINT
  8
3
 10
-7257.8599
 20
596.6900
  0
POINT
  8
3
 10
-7237.3799
 20
540.0000
  0
POINT
  8
2
 10
-7220.8501
 20
494.0500
  0
TEXT
  8
14
 10
-7220.8501
 20
494.0500
 40
3.0000
  1
# 684
  7
STANDARD
  0
POINT
  8
3
 10
-7223.3398
 20
492.3300
  0
POINT
  8
3
 10
-7224.9399
 20
491.2200
  0
POINT
  8
3
 10
-7229.2500
 20
487.8100
  0
POINT
  8
3
 10
-7234.2100
 20
482.8400
  0
POINT
  8
3
 10
-7238.1099
 20
477.5000
  0
POINT
  8
3
 10
-7241.6201
 20
471.5300
  0
POINT
  8
3
 10
-7244.4102
 20
465.3000
  0
POINT
  8
3
 10
-7246.7202
 20
459.0200
  0
POINT
  8
3
 10
-7248.7100
 20
452.1400
  0
POINT
  8
3
 10
-7249.9199
 20
445.8500
  0
POINT
  8
3
 10
-7251.6001
 20
434.2100
  0
POINT
  8
3
 10
-7252.5000
 20
422.2800
  0
POINT
  8
2
 10
-7253.0601
 20
412.2800
  0
TEXT
  8
14
 10
-7253.0601
 20
412.2800
 40
3.0000
  1
# 685
  7
STANDARD
  0
POINT
  8
4
 10
-7253.0601
 20
401.7900
 30
5.0000
 50
180.0000
  0
POINT
  8
4
 10
-7373.2202
 20
174.4600
 30
5.0000
 50
85.1792
  0
POINT
  8
4
 10
-7373.2202
 20
629.1200
 30
5.0000
 50
274.8208
  0
LINE
  8
7
 10
-7939.7598
 20
401.7900
 11
-7243.1602
 21
401.7900
  0
LINE
  8
5
 10
-7939.7598
 20
401.7900
 11
-7243.1602
 21
401.7900
  0
POINT
  8
2
 10
-7939.7598
 20
401.7900
  0
TEXT
  8
7
 10
-7939.7598
 20
401.7900
 40
3.0000
  1
# 686
  7
STANDARD
  0
POINT
  8
2
 10
-7243.1602
 20
401.7900
  0
TEXT
  8
7
 10
-7243.1602
 20
401.7900
 40
3.0000
  1
# 687
  7
STANDARD
  0
ENDBLK
  0
BLOCK
  8
0
  2
Front Lining_5033
 70
64
 10
0.0000
 20
0.0000
  0
TEXT
  8
1
 10
-7557.2500
 20
888.5800
 40
3.0000
 50
0.0000
  1
Piece Name: Front Lining
  7
STANDARD
  0
TEXT
  8
1
 10
-7557.2500
 20
892.5800
 40
3.0000
 50
0.0000
  1
SAMPLE SIZE:50
  7
STANDARD
  0
TEXT
  8
1
 10
-7557.2500
 20
896.5800
 40
3.0000
 50
0.0000
  1
ANNOTATION: Cut 2
  7
STANDARD
  0
TEXT
  8
1
 10
-7557.2500
 20
900.5800
 40
3.0000
 50
0.0000
  1
MATERIAL: Lining
  7
STANDARD
  0
TEXT
  8
1
 10
-7557.2500
 20
904.5800
 40
3.0000
 50
0.0000
  1
QUANTITY: 1
  7
STANDARD
  0
POLYLINE
  8
1
 66
1
 70
1
  0
VERTEX
  8
1
 10
-7275.4302
 20
784.0000
  0
VERTEX
  8
1
 10
-7291.7798
 20
792.1400
  0
VERTEX
  8
1
 10
-7306.2500
 20
798.9100
  0
VERTEX
  8
1
 10
-7319.5898
 20
804.0500
  0
VERTEX
  8
1
 10
-7330.0400
 20
807.4600
  0
VERTEX
  8
1
 10
-7350.5601
 20
813.4700
  0
VERTEX
  8
1
 10
-7367.4399
 20
818.0700
  0
VERTEX
  8
1
 10
-7382.1602
 20
821.2700
  0
VERTEX
  8
1
 10
-7393.9600
 20
822.9900
  0
VERTEX
  8
1
 10
-7400.7402
 20
823.8800
  0
VERTEX
  8
1
 10
-7408.5498
 20
824.1000
  0
VERTEX
  8
1
 10
-7413.4399
 20
824.2700
  0
VERTEX
  8
1
 10
-7428.3398
 20
824.2800
  0
VERTEX
  8
1
 10
-7442.0000
 20
823.0700
  0
VERTEX
  8
1
 10
-7454.8398
 20
820.6800
  0
VERTEX
  8
1
 10
-7465.7300
 20
817.2800
  0
VERTEX
  8
1
 10
-7474.2900
 20
812.3300
  0
VERTEX
  8
1
 10
-7481.1401
 20
805.6900
  0
VERTEX
  8
1
 10
-7486.0498
 20
798.6100
  0
VERTEX
  8
1
 10
-7488.6401
 20
792.6500
  0
VERTEX
  8
1
 10
-7489.7598
 20
787.3900
  0
VERTEX
  8
1
 10
-7489.7998
 20
786.6800
  0
VERTEX
  8
1
 10
-7490.3599
 20
772.8000
  0
VERTEX
  8
1
 10
-7489.8599
 20
760.0500
  0
VERTEX
  8
1
 10
-7488.2202
 20
750.5900
  0
VERTEX
  8
1
 10
-7487.9600
 20
749.6800
  0
VERTEX
  8
1
 10
-7484.1699
 20
736.0900
  0
VERTEX
  8
1
 10
-7547.0601
 20
737.2700
  0
VERTEX
  8
1
 10
-7608.5601
 20
738.4700
  0
VERTEX
  8
1
 10
-7663.0200
 20
738.7700
  0
VERTEX
  8
1
 10
-7707.1099
 20
737.8700
  0
VERTEX
  8
1
 10
-7795.4199
 20
732.8700
  0
VERTEX
  8
1
 10
-7903.2300
 20
726.7600
  0
VERTEX
  8
1
 10
-7910.3799
 20
803.1300
  0
VERTEX
  8
1
 10
-7913.3599
 20
828.6800
  0
VERTEX
  8
1
 10
-7918.5698
 20
879.5900
  0
VERTEX
  8
1
 10
-7921.7002
 20
915.9600
  0
VERTEX
  8
1
 10
-7924.6201
 20
946.2400
  0
VERTEX
  8
1
 10
-7926.7500
 20
976.3000
  0
VERTEX
  8
1
 10
-7927.6299
 20
1012.9000
  0
VERTEX
  8
1
 10
-7927.6401
 20
1033.0200
  0
VERTEX
  8
1
 10
-7928.2202
 20
1049.7700
  0
VERTEX
  8
1
 10
-7898.5298
 20
1049.5699
  0
VERTEX
  8
1
 10
-7802.0298
 20
1049.8900
  0
VERTEX
  8
1
 10
-7688.1401
 20
1050.0100
  0
VERTEX
  8
1
 10
-7570.1299
 20
1050.0200
  0
VERTEX
  8
1
 10
-7459.0400
 20
1050.3400
  0
VERTEX
  8
1
 10
-7361.8301
 20
1050.3600
  0
VERTEX
  8
1
 10
-7276.1899
 20
1049.8700
  0
VERTEX
  8
1
 10
-7276.6401
 20
1037.3600
  0
VERTEX
  8
1
 10
-7276.5601
 20
1034.5000
  0
VERTEX
  8
1
 10
-7275.8301
 20
1027.6700
  0
VERTEX
  8
1
 10
-7273.4502
 20
1017.8400
  0
VERTEX
  8
1
 10
-7270.3901
 20
1008.6000
  0
VERTEX
  8
1
 10
-7263.8599
 20
996.1800
  0
VERTEX
  8
1
 10
-7257.9102
 20
987.9400
  0
VERTEX
  8
1
 10
-7249.8198
 20
979.0700
  0
VERTEX
  8
1
 10
-7233.1401
 20
966.3900
  0
VERTEX
  8
1
 10
-7221.6001
 20
960.1200
  0
VERTEX
  8
1
 10
-7204.9102
 20
952.7200
  0
VERTEX
  8
1
 10
-7201.1401
 20
951.6400
  0
VERTEX
  8
1
 10
-7186.2998
 20
948.0800
  0
VERTEX
  8
1
 10
-7207.1299
 20
909.4600
  0
VERTEX
  8
1
 10
-7210.5298
 20
903.2600
  0
VERTEX
  8
1
 10
-7215.4600
 20
894.1700
  0
VERTEX
  8
1
 10
-7244.4702
 20
841.0300
  0
VERTEX
  8
1
 10
-7269.1602
 20
796.4700
  0
VERTEX
  8
1
 10
-7275.4302
 20
784.0000
  0
SEQEND
  0
POLYLINE
  8
84
 66
1
 70
1
  0
VERTEX
  8
84
 10
-7275.4302
 20
784.0000
  0
VERTEX
  8
84
 10
-7291.7798
 20
792.1400
  0
VERTEX
  8
84
 10
-7299.9102
 20
796.0600
  0
VERTEX
  8
84
 10
-7306.2500
 20
798.9100
  0
VERTEX
  8
84
 10
-7312.6299
 20
801.5000
  0
VERTEX
  8
84
 10
-7319.5898
 20
804.0500
  0
VERTEX
  8
84
 10
-7324.7998
 20
805.8100
  0
VERTEX
  8
84
 10
-7330.0400
 20
807.4600
  0
VERTEX
  8
84
 10
-7350.5601
 20
813.4700
  0
VERTEX
  8
84
 10
-7359.9502
 20
816.1100
  0
VERTEX
  8
84
 10
-7367.4399
 20
818.0700
  0
VERTEX
  8
84
 10
-7375.0698
 20
819.8600
  0
VERTEX
  8
84
 10
-7382.1602
 20
821.2700
  0
VERTEX
  8
84
 10
-7388.0400
 20
822.2300
  0
VERTEX
  8
84
 10
-7393.9600
 20
822.9900
  0
VERTEX
  8
84
 10
-7397.3398
 20
823.5400
  0
VERTEX
  8
84
 10
-7400.7402
 20
823.8800
  0
VERTEX
  8
84
 10
-7403.6201
 20
824.0100
  0
VERTEX
  8
84
 10
-7408.5498
 20
824.1000
  0
VERTEX
  8
84
 10
-7413.4399
 20
824.2700
  0
VERTEX
  8
84
 10
-7420.8901
 20
824.4400
  0
VERTEX
  8
84
 10
-7428.3398
 20
824.2800
  0
VERTEX
  8
84
 10
-7435.3101
 20
823.8200
  0
VERTEX
  8
84
 10
-7442.0000
 20
823.0700
  0
VERTEX
  8
84
 10
-7448.4302
 20
822.0300
  0
VERTEX
  8
84
 10
-7454.8398
 20
820.6800
  0
VERTEX
  8
84
 10
-7458.0298
 20
819.8800
  0
VERTEX
  8
84
 10
-7460.8301
 20
819.0700
  0
VERTEX
  8
84
 10
-7463.3799
 20
818.2100
  0
VERTEX
  8
84
 10
-7465.7300
 20
817.2800
  0
VERTEX
  8
84
 10
-7468.0298
 20
816.2200
  0
VERTEX
  8
84
 10
-7470.2300
 20
815.0300
  0
VERTEX
  8
84
 10
-7472.3198
 20
813.7300
  0
VERTEX
  8
84
 10
-7474.2900
 20
812.3300
  0
VERTEX
  8
84
 10
-7476.0601
 20
810.8900
  0
VERTEX
  8
84
 10
-7477.7900
 20
809.3100
  0
VERTEX
  8
84
 10
-7479.4800
 20
807.5700
  0
VERTEX
  8
84
 10
-7481.1401
 20
805.6900
  0
VERTEX
  8
84
 10
-7482.5498
 20
803.9300
  0
VERTEX
  8
84
 10
-7483.8301
 20
802.1700
  0
VERTEX
  8
84
 10
-7485.0000
 20
800.4000
  0
VERTEX
  8
84
 10
-7486.0498
 20
798.6100
  0
VERTEX
  8
84
 10
-7487.5298
 20
795.6200
  0
VERTEX
  8
84
 10
-7488.6401
 20
792.6500
  0
VERTEX
  8
84
 10
-7489.3198
 20
790.0500
  0
VERTEX
  8
84
 10
-7489.7598
 20
787.3900
  0
VERTEX
  8
84
 10
-7489.7998
 20
786.6800
  0
VERTEX
  8
84
 10
-7490.2002
 20
778.7400
  0
VERTEX
  8
84
 10
-7490.3599
 20
772.8000
  0
VERTEX
  8
84
 10
-7490.2700
 20
766.1600
  0
VERTEX
  8
84
 10
-7489.8599
 20
760.0500
  0
VERTEX
  8
84
 10
-7489.1899
 20
754.9500
  0
VERTEX
  8
84
 10
-7488.7402
 20
752.7000
  0
VERTEX
  8
84
 10
-7488.2202
 20
750.5900
  0
VERTEX
  8
84
 10
-7487.9600
 20
749.6800
  0
VERTEX
  8
84
 10
-7484.1699
 20
736.0900
  0
VERTEX
  8
84
 10
-7547.0601
 20
737.2700
  0
VERTEX
  8
84
 10
-7608.5601
 20
738.4700
  0
VERTEX
  8
84
 10
-7637.4600
 20
738.7800
  0
VERTEX
  8
84
 10
-7663.0200
 20
738.7700
  0
VERTEX
  8
84
 10
-7685.7002
 20
738.4700
  0
VERTEX
  8
84
 10
-7707.1099
 20
737.8700
  0
VERTEX
  8
84
 10
-7723.7500
 20
737.1800
  0
VERTEX
  8
84
 10
-7742.1299
 20
736.2100
  0
VERTEX
  8
84
 10
-7761.7900
 20
735.0300
  0
VERTEX
  8
84
 10
-7795.4199
 20
732.8700
  0
VERTEX
  8
84
 10
-7849.3198
 20
729.6200
  0
VERTEX
  8
84
 10
-7903.2300
 20
726.7600
  0
VERTEX
  8
84
 10
-7904.7300
 20
745.8800
  0
VERTEX
  8
84
 10
-7906.4199
 20
764.9900
  0
VERTEX
  8
84
 10
-7908.2998
 20
784.0700
  0
VERTEX
  8
84
 10
-7910.3799
 20
803.1300
  0
VERTEX
  8
84
 10
-7913.3599
 20
828.6800
  0
VERTEX
  8
84
 10
-7916.2100
 20
854.8300
  0
VERTEX
  8
84
 10
-7918.5698
 20
879.5900
  0
VERTEX
  8
84
 10
-7921.7002
 20
915.9600
  0
VERTEX
  8
84
 10
-7924.6201
 20
946.2400
  0
VERTEX
  8
84
 10
-7925.8198
 20
961.2600
  0
VERTEX
  8
84
 10
-7926.7500
 20
976.3000
  0
VERTEX
  8
84
 10
-7927.1299
 20
985.4500
  0
VERTEX
  8
84
 10
-7927.3999
 20
994.6000
  0
VERTEX
  8
84
 10
-7927.5698
 20
1003.7500
  0
VERTEX
  8
84
 10
-7927.6299
 20
1012.9000
  0
VERTEX
  8
84
 10
-7927.6401
 20
1033.0200
  0
VERTEX
  8
84
 10
-7927.8398
 20
1041.4000
  0
VERTEX
  8
84
 10
-7928.2202
 20
1049.7700
  0
VERTEX
  8
84
 10
-7898.5298
 20
1049.5699
  0
VERTEX
  8
84
 10
-7802.0298
 20
1049.8900
  0
VERTEX
  8
84
 10
-7688.1401
 20
1050.0100
  0
VERTEX
  8
84
 10
-7570.1299
 20
1050.0200
  0
VERTEX
  8
84
 10
-7459.0400
 20
1050.3400
  0
VERTEX
  8
84
 10
-7407.7300
 20
1050.4100
  0
VERTEX
  8
84
 10
-7361.8301
 20
1050.3600
  0
VERTEX
  8
84
 10
-7319.0098
 20
1050.1801
  0
VERTEX
  8
84
 10
-7276.1899
 20
1049.8700
  0
VERTEX
  8
84
 10
-7276.5801
 20
1043.6200
  0
VERTEX
  8
84
 10
-7276.6401
 20
1037.3600
  0
VERTEX
  8
84
 10
-7276.5601
 20
1034.5000
  0
VERTEX
  8
84
 10
-7276.2998
 20
1031.0699
  0
VERTEX
  8
84
 10
-7275.8301
 20
1027.6700
  0
VERTEX
  8
84
 10
-7274.9102
 20
1023.2600
  0
VERTEX
  8
84
 10
-7273.4502
 20
1017.8400
  0
VERTEX
  8
84
 10
-7271.8799
 20
1012.7000
  0
VERTEX
  8
84
 10
-7270.3901
 20
1008.6000
  0
VERTEX
  8
84
 10
-7269.0698
 20
1005.5500
  0
VERTEX
  8
84
 10
-7267.5498
 20
1002.4700
  0
VERTEX
  8
84
 10
-7265.8101
 20
999.3500
  0
VERTEX
  8
84
 10
-7263.8599
 20
996.1800
  0
VERTEX
  8
84
 10
-7261.0098
 20
992.0100
  0
VERTEX
  8
84
 10
-7257.9102
 20
987.9400
  0
VERTEX
  8
84
 10
-7253.9502
 20
983.3100
  0
VERTEX
  8
84
 10
-7249.8198
 20
979.0700
  0
VERTEX
  8
84
 10
-7246.0200
 20
975.6300
  0
VERTEX
  8
84
 10
-7241.9600
 20
972.3600
  0
VERTEX
  8
84
 10
-7237.6602
 20
969.2700
  0
VERTEX
  8
84
 10
-7233.1401
 20
966.3900
  0
VERTEX
  8
84
 10
-7228.2598
 20
963.6100
  0
VERTEX
  8
84
 10
-7221.6001
 20
960.1200
  0
VERTEX
  8
84
 10
-7216.2100
 20
957.4000
  0
VERTEX
  8
84
 10
-7212.1499
 20
955.5000
  0
VERTEX
  8
84
 10
-7208.4102
 20
953.9400
  0
VERTEX
  8
84
 10
-7204.9102
 20
952.7200
  0
VERTEX
  8
84
 10
-7201.1401
 20
951.6400
  0
VERTEX
  8
84
 10
-7193.7402
 20
949.7600
  0
VERTEX
  8
84
 10
-7186.2998
 20
948.0800
  0
VERTEX
  8
84
 10
-7196.6602
 20
928.7400
  0
VERTEX
  8
84
 10
-7207.1299
 20
909.4600
  0
VERTEX
  8
84
 10
-7210.5298
 20
903.2600
  0
VERTEX
  8
84
 10
-7215.4600
 20
894.1700
  0
VERTEX
  8
84
 10
-7233.1299
 20
861.5500
  0
VERTEX
  8
84
 10
-7244.4702
 20
841.0300
  0
VERTEX
  8
84
 10
-7260.2900
 20
812.9300
  0
VERTEX
  8
84
 10
-7265.0200
 20
804.2900
  0
VERTEX
  8
84
 10
-7269.1602
 20
796.4700
  0
VERTEX
  8
84
 10
-7275.4302
 20
784.0000
  0
SEQEND
  0
POINT
  8
2
 10
-7275.4302
 20
784.0000
  0
TEXT
  8
1
 10
-7275.4302
 20
784.0000
 40
3.0000
  1
# 688
  7
STANDARD
  0
POINT
  8
3
 10
-7291.7798
 20
792.1400
  0
POINT
  8
3
 10
-7306.2500
 20
798.9100
  0
POINT
  8
3
 10
-7319.5898
 20
804.0500
  0
POINT
  8
2
 10
-7330.0400
 20
807.4600
  0
TEXT
  8
1
 10
-7330.0400
 20
807.4600
 40
3.0000
  1
# 689
  7
STANDARD
  0
POINT
  8
3
 10
-7350.5601
 20
813.4700
  0
POINT
  8
3
 10
-7367.4399
 20
818.0700
  0
POINT
  8
3
 10
-7382.1602
 20
821.2700
  0
POINT
  8
2
 10
-7393.9600
 20
822.9900
  0
TEXT
  8
1
 10
-7393.9600
 20
822.9900
 40
3.0000
  1
# 690
  7
STANDARD
  0
POINT
  8
3
 10
-7400.7402
 20
823.8800
  0
POINT
  8
3
 10
-7408.5498
 20
824.1000
  0
POINT
  8
2
 10
-7413.4399
 20
824.2700
  0
TEXT
  8
1
 10
-7413.4399
 20
824.2700
 40
3.0000
  1
# 691
  7
STANDARD
  0
POINT
  8
3
 10
-7428.3398
 20
824.2800
  0
POINT
  8
3
 10
-7442.0000
 20
823.0700
  0
POINT
  8
3
 10
-7454.8398
 20
820.6800
  0
POINT
  8
3
 10
-7465.7300
 20
817.2800
  0
POINT
  8
3
 10
-7474.2900
 20
812.3300
  0
POINT
  8
3
 10
-7481.1401
 20
805.6900
  0
POINT
  8
3
 10
-7486.0498
 20
798.6100
  0
POINT
  8
3
 10
-7488.6401
 20
792.6500
  0
POINT
  8
2
 10
-7489.7598
 20
787.3900
  0
TEXT
  8
1
 10
-7489.7598
 20
787.3900
 40
3.0000
  1
# 692
  7
STANDARD
  0
POINT
  8
3
 10
-7489.7998
 20
786.6800
  0
TEXT
  8
1
 10
-7489.7998
 20
786.6800
 40
3.0000
  1
# 693
  7
STANDARD
  0
POINT
  8
3
 10
-7490.3599
 20
772.8000
  0
POINT
  8
3
 10
-7489.8599
 20
760.0500
  0
POINT
  8
3
 10
-7488.2202
 20
750.5900
  0
POINT
  8
3
 10
-7487.9600
 20
749.6800
  0
POINT
  8
2
 10
-7484.1699
 20
736.0900
  0
TEXT
  8
1
 10
-7484.1699
 20
736.0900
 40
3.0000
  1
# 694
  7
STANDARD
  0
POINT
  8
3
 10
-7547.0601
 20
737.2700
  0
POINT
  8
3
 10
-7608.5601
 20
738.4700
  0
POINT
  8
3
 10
-7663.0200
 20
738.7700
  0
POINT
  8
3
 10
-7707.1099
 20
737.8700
  0
POINT
  8
3
 10
-7795.4199
 20
732.8700
  0
POINT
  8
2
 10
-7903.2300
 20
726.7600
  0
TEXT
  8
1
 10
-7903.2300
 20
726.7600
 40
3.0000
  1
# 695
  7
STANDARD
  0
POINT
  8
3
 10
-7910.3799
 20
803.1300
  0
POINT
  8
3
 10
-7913.3599
 20
828.6800
  0
POINT
  8
3
 10
-7918.5698
 20
879.5900
  0
POINT
  8
3
 10
-7921.7002
 20
915.9600
  0
POINT
  8
3
 10
-7924.6201
 20
946.2400
  0
POINT
  8
2
 10
-7926.7500
 20
976.3000
  0
TEXT
  8
1
 10
-7926.7500
 20
976.3000
 40
3.0000
  1
# 696
  7
STANDARD
  0
POINT
  8
3
 10
-7927.6299
 20
1012.9000
  0
POINT
  8
3
 10
-7927.6401
 20
1033.0200
  0
POINT
  8
2
 10
-7928.2202
 20
1049.7700
  0
TEXT
  8
1
 10
-7928.2202
 20
1049.7700
 40
3.0000
  1
# 697
  7
STANDARD
  0
POINT
  8
2
 10
-7898.5298
 20
1049.5699
  0
TEXT
  8
1
 10
-7898.5298
 20
1049.5699
 40
3.0000
  1
# 698
  7
STANDARD
  0
POINT
  8
3
 10
-7802.0298
 20
1049.8900
  0
POINT
  8
3
 10
-7688.1401
 20
1050.0100
  0
POINT
  8
3
 10
-7570.1299
 20
1050.0200
  0
POINT
  8
3
 10
-7459.0400
 20
1050.3400
  0
POINT
  8
3
 10
-7361.8301
 20
1050.3600
  0
POINT
  8
2
 10
-7276.1899
 20
1049.8700
  0
TEXT
  8
1
 10
-7276.1899
 20
1049.8700
 40
3.0000
  1
# 699
  7
STANDARD
  0
POINT
  8
3
 10
-7276.6401
 20
1037.3600
  0
POINT
  8
2
 10
-7276.5601
 20
1034.5000
  0
TEXT
  8
1
 10
-7276.5601
 20
1034.5000
 40
3.0000
  1
# 700
  7
STANDARD
  0
POINT
  8
3
 10
-7275.8301
 20
1027.6700
  0
POINT
  8
3
 10
-7273.4502
 20
1017.8400
  0
POINT
  8
3
 10
-7270.3901
 20
1008.6000
  0
POINT
  8
3
 10
-7263.8599
 20
996.1800
  0
POINT
  8
3
 10
-7257.9102
 20
987.9400
  0
POINT
  8
3
 10
-7249.8198
 20
979.0700
  0
POINT
  8
3
 10
-7233.1401
 20
966.3900
  0
POINT
  8
3
 10
-7221.6001
 20
960.1200
  0
POINT
  8
3
 10
-7204.9102
 20
952.7200
  0
POINT
  8
3
 10
-7201.1401
 20
951.6400
  0
POINT
  8
2
 10
-7186.2998
 20
948.0800
  0
TEXT
  8
1
 10
-7186.2998
 20
948.0800
 40
3.0000
  1
# 701
  7
STANDARD
  0
POINT
  8
3
 10
-7207.1299
 20
909.4600
  0
POINT
  8
2
 10
-7210.5298
 20
903.2600
  0
TEXT
  8
1
 10
-7210.5298
 20
903.2600
 40
3.0000
  1
# 702
  7
STANDARD
  0
POINT
  8
3
 10
-7215.4600
 20
894.1700
  0
POINT
  8
3
 10
-7244.4702
 20
841.0300
  0
POINT
  8
3
 10
-7269.1602
 20
796.4700
  0
POINT
  8
4
 10
-7330.0400
 20
807.4600
 30
5.0000
 50
73.2678
  0
POINT
  8
4
 10
-7393.9600
 20
822.9900
 30
5.0000
 50
82.2917
  0
POINT
  8
4
 10
-7413.4399
 20
824.2700
 30
5.0000
 50
88.3961
  0
POINT
  8
4
 10
-7489.7998
 20
786.6800
 30
5.0000
 50
168.9371
  0
POINT
  8
4
 10
-7898.5298
 20
1049.5699
 30
5.0000
 50
270.0000
  0
POLYLINE
  8
14
 66
1
 70
1
  0
VERTEX
  8
14
 10
-7279.8901
 20
797.3900
  0
VERTEX
  8
14
 10
-7287.4600
 20
801.1600
  0
VERTEX
  8
14
 10
-7302.1802
 20
808.0500
  0
VERTEX
  8
14
 10
-7316.1099
 20
813.4300
  0
VERTEX
  8
14
 10
-7327.1602
 20
817.0400
  0
VERTEX
  8
14
 10
-7347.6802
 20
823.0500
  0
VERTEX
  8
14
 10
-7365.3398
 20
827.8500
  0
VERTEX
  8
14
 10
-7380.2798
 20
831.1000
  0
VERTEX
  8
14
 10
-7392.6201
 20
832.9000
  0
VERTEX
  8
14
 10
-7400.0898
 20
833.8600
  0
VERTEX
  8
14
 10
-7408.6201
 20
834.1100
  0
VERTEX
  8
14
 10
-7413.1602
 20
834.2700
  0
VERTEX
  8
14
 10
-7428.7900
 20
834.2700
  0
VERTEX
  8
14
 10
-7443.2402
 20
832.9900
  0
VERTEX
  8
14
 10
-7457.0400
 20
830.4400
  0
VERTEX
  8
14
 10
-7469.6001
 20
826.5100
  0
VERTEX
  8
14
 10
-7480.3901
 20
820.2600
  0
VERTEX
  8
14
 10
-7488.7202
 20
812.2200
  0
VERTEX
  8
14
 10
-7494.7598
 20
803.5300
  0
VERTEX
  8
14
 10
-7498.2202
 20
795.5400
  0
VERTEX
  8
14
 10
-7499.6899
 20
788.6100
  0
VERTEX
  8
14
 10
-7500.3599
 20
772.8900
  0
VERTEX
  8
14
 10
-7499.8198
 20
759.1000
  0
VERTEX
  8
14
 10
-7497.7798
 20
747.6400
  0
VERTEX
  8
14
 10
-7497.5801
 20
746.9400
  0
VERTEX
  8
14
 10
-7497.4102
 20
746.3400
  0
VERTEX
  8
14
 10
-7546.8599
 20
747.2700
  0
VERTEX
  8
14
 10
-7608.2500
 20
748.4700
  0
VERTEX
  8
14
 10
-7663.0898
 20
748.7700
  0
VERTEX
  8
14
 10
-7707.1001
 20
747.8800
  0
VERTEX
  8
14
 10
-7796.6899
 20
742.8100
  0
VERTEX
  8
14
 10
-7894.0498
 20
737.2700
  0
VERTEX
  8
14
 10
-7900.4102
 20
803.9700
  0
VERTEX
  8
14
 10
-7903.4102
 20
829.6700
  0
VERTEX
  8
14
 10
-7908.6001
 20
880.3000
  0
VERTEX
  8
14
 10
-7911.7402
 20
916.7800
  0
VERTEX
  8
14
 10
-7914.6299
 20
946.7600
  0
VERTEX
  8
14
 10
-7916.7598
 20
976.8000
  0
VERTEX
  8
14
 10
-7917.6299
 20
1012.8900
  0
VERTEX
  8
14
 10
-7917.6401
 20
1033.0699
  0
VERTEX
  8
14
 10
-7917.8701
 20
1039.7000
  0
VERTEX
  8
14
 10
-7898.5298
 20
1039.5699
  0
VERTEX
  8
14
 10
-7802.0098
 20
1039.8900
  0
VERTEX
  8
14
 10
-7688.1299
 20
1040.0100
  0
VERTEX
  8
14
 10
-7570.1001
 20
1040.0200
  0
VERTEX
  8
14
 10
-7459.0098
 20
1040.3400
  0
VERTEX
  8
14
 10
-7361.8799
 20
1040.3600
  0
VERTEX
  8
14
 10
-7286.5498
 20
1039.9399
  0
VERTEX
  8
14
 10
-7286.6401
 20
1037.2800
  0
VERTEX
  8
14
 10
-7286.5601
 20
1034.1400
  0
VERTEX
  8
14
 10
-7285.7002
 20
1025.9900
  0
VERTEX
  8
14
 10
-7283.0801
 20
1015.1400
  0
VERTEX
  8
14
 10
-7279.6401
 20
1004.8000
  0
VERTEX
  8
14
 10
-7272.3398
 20
990.8700
  0
VERTEX
  8
14
 10
-7265.8101
 20
981.8000
  0
VERTEX
  8
14
 10
-7256.6099
 20
971.7200
  0
VERTEX
  8
14
 10
-7238.3701
 20
957.8600
  0
VERTEX
  8
14
 10
-7226.1699
 20
951.2200
  0
VERTEX
  8
14
 10
-7208.0801
 20
943.2300
  0
VERTEX
  8
14
 10
-7203.6401
 20
941.9600
  0
VERTEX
  8
14
 10
-7201.2700
 20
941.3900
  0
VERTEX
  8
14
 10
-7216.1001
 20
913.9000
  0
VERTEX
  8
14
 10
-7219.3101
 20
908.0400
  0
VERTEX
  8
14
 10
-7224.2500
 20
898.9300
  0
VERTEX
  8
14
 10
-7253.4399
 20
845.4700
  0
VERTEX
  8
14
 10
-7278.1499
 20
800.8400
  0
VERTEX
  8
14
 10
-7279.8901
 20
797.3900
  0
SEQEND
  0
POLYLINE
  8
87
 66
1
 70
1
  0
VERTEX
  8
87
 10
-7279.8901
 20
797.3900
  0
VERTEX
  8
87
 10
-7287.4600
 20
801.1600
  0
VERTEX
  8
87
 10
-7295.6099
 20
805.0900
  0
VERTEX
  8
87
 10
-7302.1802
 20
808.0500
  0
VERTEX
  8
87
 10
-7308.8501
 20
810.7600
  0
VERTEX
  8
87
 10
-7316.1099
 20
813.4300
  0
VERTEX
  8
87
 10
-7321.6201
 20
815.2900
  0
VERTEX
  8
87
 10
-7327.1602
 20
817.0400
  0
VERTEX
  8
87
 10
-7347.6802
 20
823.0500
  0
VERTEX
  8
87
 10
-7357.4702
 20
825.7900
  0
VERTEX
  8
87
 10
-7365.3398
 20
827.8500
  0
VERTEX
  8
87
 10
-7373.1001
 20
829.6700
  0
VERTEX
  8
87
 10
-7380.2798
 20
831.1000
  0
VERTEX
  8
87
 10
-7386.4302
 20
832.1000
  0
VERTEX
  8
87
 10
-7392.6201
 20
832.9000
  0
VERTEX
  8
87
 10
-7396.3501
 20
833.4900
  0
VERTEX
  8
87
 10
-7400.0898
 20
833.8600
  0
VERTEX
  8
87
 10
-7403.2002
 20
834.0000
  0
VERTEX
  8
87
 10
-7408.6201
 20
834.1100
  0
VERTEX
  8
87
 10
-7413.1602
 20
834.2700
  0
VERTEX
  8
87
 10
-7420.9800
 20
834.4400
  0
VERTEX
  8
87
 10
-7428.7900
 20
834.2700
  0
VERTEX
  8
87
 10
-7436.1299
 20
833.7800
  0
VERTEX
  8
87
 10
-7443.2402
 20
832.9900
  0
VERTEX
  8
87
 10
-7450.1899
 20
831.8800
  0
VERTEX
  8
87
 10
-7457.0400
 20
830.4400
  0
VERTEX
  8
87
 10
-7460.6602
 20
829.5300
  0
VERTEX
  8
87
 10
-7463.8901
 20
828.5900
  0
VERTEX
  8
87
 10
-7466.8501
 20
827.5900
  0
VERTEX
  8
87
 10
-7469.6001
 20
826.5100
  0
VERTEX
  8
87
 10
-7472.4800
 20
825.1800
  0
VERTEX
  8
87
 10
-7475.2500
 20
823.6900
  0
VERTEX
  8
87
 10
-7477.8901
 20
822.0500
  0
VERTEX
  8
87
 10
-7480.3901
 20
820.2600
  0
VERTEX
  8
87
 10
-7482.5601
 20
818.5000
  0
VERTEX
  8
87
 10
-7484.6699
 20
816.5700
  0
VERTEX
  8
87
 10
-7486.7202
 20
814.4800
  0
VERTEX
  8
87
 10
-7488.7202
 20
812.2200
  0
VERTEX
  8
87
 10
-7490.4399
 20
810.0900
  0
VERTEX
  8
87
 10
-7492.0200
 20
807.9300
  0
VERTEX
  8
87
 10
-7493.4600
 20
805.7400
  0
VERTEX
  8
87
 10
-7494.7598
 20
803.5300
  0
VERTEX
  8
87
 10
-7495.7998
 20
801.5400
  0
VERTEX
  8
87
 10
-7496.7300
 20
799.5400
  0
VERTEX
  8
87
 10
-7497.5400
 20
797.5400
  0
VERTEX
  8
87
 10
-7498.2202
 20
795.5400
  0
VERTEX
  8
87
 10
-7499.1099
 20
792.1200
  0
VERTEX
  8
87
 10
-7499.6899
 20
788.6100
  0
VERTEX
  8
87
 10
-7500.1699
 20
780.7500
  0
VERTEX
  8
87
 10
-7500.3599
 20
772.8900
  0
VERTEX
  8
87
 10
-7500.2500
 20
765.5600
  0
VERTEX
  8
87
 10
-7499.8198
 20
759.1000
  0
VERTEX
  8
87
 10
-7499.4600
 20
755.9500
  0
VERTEX
  8
87
 10
-7499.0000
 20
753.0100
  0
VERTEX
  8
87
 10
-7498.4399
 20
750.2500
  0
VERTEX
  8
87
 10
-7497.7798
 20
747.6400
  0
VERTEX
  8
87
 10
-7497.5801
 20
746.9400
  0
VERTEX
  8
87
 10
-7497.4102
 20
746.3400
  0
VERTEX
  8
87
 10
-7546.8599
 20
747.2700
  0
VERTEX
  8
87
 10
-7608.2500
 20
748.4700
  0
VERTEX
  8
87
 10
-7637.2700
 20
748.7800
  0
VERTEX
  8
87
 10
-7663.0898
 20
748.7700
  0
VERTEX
  8
87
 10
-7685.7598
 20
748.4700
  0
VERTEX
  8
87
 10
-7707.1001
 20
747.8800
  0
VERTEX
  8
87
 10
-7723.9102
 20
747.1800
  0
VERTEX
  8
87
 10
-7742.4902
 20
746.2100
  0
VERTEX
  8
87
 10
-7762.2900
 20
745.0200
  0
VERTEX
  8
87
 10
-7796.6899
 20
742.8100
  0
VERTEX
  8
87
 10
-7845.3599
 20
739.8700
  0
VERTEX
  8
87
 10
-7894.0498
 20
737.2700
  0
VERTEX
  8
87
 10
-7895.4102
 20
753.9700
  0
VERTEX
  8
87
 10
-7896.9302
 20
770.6500
  0
VERTEX
  8
87
 10
-7898.5898
 20
787.3200
  0
VERTEX
  8
87
 10
-7900.4102
 20
803.9700
  0
VERTEX
  8
87
 10
-7903.4102
 20
829.6700
  0
VERTEX
  8
87
 10
-7906.2500
 20
855.7000
  0
VERTEX
  8
87
 10
-7908.6001
 20
880.3000
  0
VERTEX
  8
87
 10
-7911.7402
 20
916.7800
  0
VERTEX
  8
87
 10
-7914.6299
 20
946.7600
  0
VERTEX
  8
87
 10
-7915.8301
 20
961.7700
  0
VERTEX
  8
87
 10
-7916.7598
 20
976.8000
  0
VERTEX
  8
87
 10
-7917.1602
 20
985.8200
  0
VERTEX
  8
87
 10
-7917.4399
 20
994.8400
  0
VERTEX
  8
87
 10
-7917.5898
 20
1003.8600
  0
VERTEX
  8
87
 10
-7917.6299
 20
1012.8900
  0
VERTEX
  8
87
 10
-7917.5698
 20
1025.8300
  0
VERTEX
  8
87
 10
-7917.6401
 20
1033.0699
  0
VERTEX
  8
87
 10
-7917.8701
 20
1039.7000
  0
VERTEX
  8
87
 10
-7898.5298
 20
1039.5699
  0
VERTEX
  8
87
 10
-7802.0098
 20
1039.8900
  0
VERTEX
  8
87
 10
-7688.1299
 20
1040.0100
  0
VERTEX
  8
87
 10
-7570.1001
 20
1040.0200
  0
VERTEX
  8
87
 10
-7459.0098
 20
1040.3400
  0
VERTEX
  8
87
 10
-7407.5098
 20
1040.4200
  0
VERTEX
  8
87
 10
-7361.8799
 20
1040.3600
  0
VERTEX
  8
87
 10
-7324.2100
 20
1040.2000
  0
VERTEX
  8
87
 10
-7286.5498
 20
1039.9399
  0
VERTEX
  8
87
 10
-7286.6401
 20
1037.2800
  0
VERTEX
  8
87
 10
-7286.5601
 20
1034.1400
  0
VERTEX
  8
87
 10
-7286.2598
 20
1030.0400
  0
VERTEX
  8
87
 10
-7285.7002
 20
1025.9900
  0
VERTEX
  8
87
 10
-7284.6699
 20
1021.0700
  0
VERTEX
  8
87
 10
-7283.0801
 20
1015.1400
  0
VERTEX
  8
87
 10
-7281.3301
 20
1009.4300
  0
VERTEX
  8
87
 10
-7279.6401
 20
1004.8000
  0
VERTEX
  8
87
 10
-7278.1602
 20
1001.3600
  0
VERTEX
  8
87
 10
-7276.4502
 20
997.9000
  0
VERTEX
  8
87
 10
-7274.5098
 20
994.4100
  0
VERTEX
  8
87
 10
-7272.3398
 20
990.8700
  0
VERTEX
  8
87
 10
-7269.2202
 20
986.2800
  0
VERTEX
  8
87
 10
-7265.8101
 20
981.8000
  0
VERTEX
  8
87
 10
-7263.5898
 20
979.1200
  0
VERTEX
  8
87
 10
-7261.3198
 20
976.5400
  0
VERTEX
  8
87
 10
-7258.9902
 20
974.0800
  0
VERTEX
  8
87
 10
-7256.6099
 20
971.7200
  0
VERTEX
  8
87
 10
-7252.4399
 20
967.9500
  0
VERTEX
  8
87
 10
-7247.9902
 20
964.3800
  0
VERTEX
  8
87
 10
-7243.2998
 20
961.0100
  0
VERTEX
  8
87
 10
-7238.3701
 20
957.8600
  0
VERTEX
  8
87
 10
-7233.1001
 20
954.8500
  0
VERTEX
  8
87
 10
-7226.1699
 20
951.2200
  0
VERTEX
  8
87
 10
-7220.4800
 20
948.3700
  0
VERTEX
  8
87
 10
-7216.0200
 20
946.2900
  0
VERTEX
  8
87
 10
-7211.9199
 20
944.5900
  0
VERTEX
  8
87
 10
-7208.0801
 20
943.2300
  0
VERTEX
  8
87
 10
-7203.6401
 20
941.9600
  0
VERTEX
  8
87
 10
-7201.2700
 20
941.3900
  0
VERTEX
  8
87
 10
-7216.1001
 20
913.9000
  0
VERTEX
  8
87
 10
-7219.3101
 20
908.0400
  0
VERTEX
  8
87
 10
-7224.2500
 20
898.9300
  0
VERTEX
  8
87
 10
-7242.1001
 20
865.9500
  0
VERTEX
  8
87
 10
-7253.4399
 20
845.4700
  0
VERTEX
  8
87
 10
-7269.2202
 20
817.5600
  0
VERTEX
  8
87
 10
-7274.0000
 20
808.7900
  0
VERTEX
  8
87
 10
-7278.1499
 20
800.8400
  0
VERTEX
  8
87
 10
-7279.8901
 20
797.3900
  0
SEQEND
  0
POINT
  8
2
 10
-7279.8901
 20
797.3900
  0
TEXT
  8
14
 10
-7279.8901
 20
797.3900
 40
3.0000
  1
# 703
  7
STANDARD
  0
POINT
  8
3
 10
-7287.4600
 20
801.1600
  0
POINT
  8
3
 10
-7302.1802
 20
808.0500
  0
POINT
  8
3
 10
-7316.1099
 20
813.4300
  0
POINT
  8
2
 10
-7327.1602
 20
817.0400
  0
TEXT
  8
14
 10
-7327.1602
 20
817.0400
 40
3.0000
  1
# 704
  7
STANDARD
  0
POINT
  8
3
 10
-7347.6802
 20
823.0500
  0
POINT
  8
3
 10
-7365.3398
 20
827.8500
  0
POINT
  8
3
 10
-7380.2798
 20
831.1000
  0
POINT
  8
2
 10
-7392.6201
 20
832.9000
  0
TEXT
  8
14
 10
-7392.6201
 20
832.9000
 40
3.0000
  1
# 705
  7
STANDARD
  0
POINT
  8
3
 10
-7400.0898
 20
833.8600
  0
POINT
  8
3
 10
-7408.6201
 20
834.1100
  0
POINT
  8
2
 10
-7413.1602
 20
834.2700
  0
TEXT
  8
14
 10
-7413.1602
 20
834.2700
 40
3.0000
  1
# 706
  7
STANDARD
  0
POINT
  8
3
 10
-7428.7900
 20
834.2700
  0
POINT
  8
3
 10
-7443.2402
 20
832.9900
  0
POINT
  8
3
 10
-7457.0400
 20
830.4400
  0
POINT
  8
3
 10
-7469.6001
 20
826.5100
  0
POINT
  8
3
 10
-7480.3901
 20
820.2600
  0
POINT
  8
3
 10
-7488.7202
 20
812.2200
  0
POINT
  8
3
 10
-7494.7598
 20
803.5300
  0
POINT
  8
3
 10
-7498.2202
 20
795.5400
  0
POINT
  8
2
 10
-7499.6899
 20
788.6100
  0
TEXT
  8
14
 10
-7499.6899
 20
788.6100
 40
3.0000
  1
# 707
  7
STANDARD
  0
POINT
  8
3
 10
-7500.3599
 20
772.8900
  0
POINT
  8
3
 10
-7499.8198
 20
759.1000
  0
POINT
  8
3
 10
-7497.7798
 20
747.6400
  0
POINT
  8
3
 10
-7497.5801
 20
746.9400
  0
POINT
  8
2
 10
-7497.4102
 20
746.3400
  0
TEXT
  8
14
 10
-7497.4102
 20
746.3400
 40
3.0000
  1
# 708
  7
STANDARD
  0
POINT
  8
3
 10
-7546.8599
 20
747.2700
  0
POINT
  8
3
 10
-7608.2500
 20
748.4700
  0
POINT
  8
3
 10
-7663.0898
 20
748.7700
  0
POINT
  8
3
 10
-7707.1001
 20
747.8800
  0
POINT
  8
3
 10
-7796.6899
 20
742.8100
  0
POINT
  8
2
 10
-7894.0498
 20
737.2700
  0
TEXT
  8
14
 10
-7894.0498
 20
737.2700
 40
3.0000
  1
# 709
  7
STANDARD
  0
POINT
  8
3
 10
-7900.4102
 20
803.9700
  0
POINT
  8
3
 10
-7903.4102
 20
829.6700
  0
POINT
  8
3
 10
-7908.6001
 20
880.3000
  0
POINT
  8
3
 10
-7911.7402
 20
916.7800
  0
POINT
  8
3
 10
-7914.6299
 20
946.7600
  0
POINT
  8
2
 10
-7916.7598
 20
976.8000
  0
TEXT
  8
14
 10
-7916.7598
 20
976.8000
 40
3.0000
  1
# 710
  7
STANDARD
  0
POINT
  8
3
 10
-7917.6299
 20
1012.8900
  0
POINT
  8
3
 10
-7917.6401
 20
1033.0699
  0
POINT
  8
2
 10
-7917.8701
 20
1039.7000
  0
TEXT
  8
14
 10
-7917.8701
 20
1039.7000
 40
3.0000
  1
# 711
  7
STANDARD
  0
POINT
  8
2
 10
-7898.5298
 20
1039.5699
  0
TEXT
  8
14
 10
-7898.5298
 20
1039.5699
 40
3.0000
  1
# 712
  7
STANDARD
  0
POINT
  8
3
 10
-7802.0098
 20
1039.8900
  0
POINT
  8
3
 10
-7688.1299
 20
1040.0100
  0
POINT
  8
3
 10
-7570.1001
 20
1040.0200
  0
POINT
  8
3
 10
-7459.0098
 20
1040.3400
  0
POINT
  8
3
 10
-7361.8799
 20
1040.3600
  0
POINT
  8
2
 10
-7286.5498
 20
1039.9399
  0
TEXT
  8
14
 10
-7286.5498
 20
1039.9399
 40
3.0000
  1
# 713
  7
STANDARD
  0
POINT
  8
3
 10
-7286.6401
 20
1037.2800
  0
POINT
  8
2
 10
-7286.5601
 20
1034.1400
  0
TEXT
  8
14
 10
-7286.5601
 20
1034.1400
 40
3.0000
  1
# 714
  7
STANDARD
  0
POINT
  8
3
 10
-7285.7002
 20
1025.9900
  0
POINT
  8
3
 10
-7283.0801
 20
1015.1400
  0
POINT
  8
3
 10
-7279.6401
 20
1004.8000
  0
POINT
  8
3
 10
-7272.3398
 20
990.8700
  0
POINT
  8
3
 10
-7265.8101
 20
981.8000
  0
POINT
  8
3
 10
-7256.6099
 20
971.7200
  0
POINT
  8
3
 10
-7238.3701
 20
957.8600
  0
POINT
  8
3
 10
-7226.1699
 20
951.2200
  0
POINT
  8
3
 10
-7208.0801
 20
943.2300
  0
POINT
  8
3
 10
-7203.6401
 20
941.9600
  0
POINT
  8
2
 10
-7201.2700
 20
941.3900
  0
TEXT
  8
14
 10
-7201.2700
 20
941.3900
 40
3.0000
  1
# 715
  7
STANDARD
  0
POINT
  8
3
 10
-7216.1001
 20
913.9000
  0
POINT
  8
2
 10
-7219.3101
 20
908.0400
  0
TEXT
  8
14
 10
-7219.3101
 20
908.0400
 40
3.0000
  1
# 716
  7
STANDARD
  0
POINT
  8
3
 10
-7224.2500
 20
898.9300
  0
POINT
  8
3
 10
-7253.4399
 20
845.4700
  0
POINT
  8
3
 10
-7278.1499
 20
800.8400
  0
POINT
  8
4
 10
-7327.1602
 20
817.0400
 30
5.0000
 50
73.2678
  0
POINT
  8
4
 10
-7392.6201
 20
832.9000
 30
5.0000
 50
82.2917
  0
POINT
  8
4
 10
-7413.1602
 20
834.2700
 30
5.0000
 50
88.3961
  0
POINT
  8
4
 10
-7499.6899
 20
788.6100
 30
5.0000
 50
168.9371
  0
POINT
  8
4
 10
-7898.5298
 20
1039.5699
 30
5.0000
 50
270.0000
  0
LINE
  8
7
 10
-7779.5298
 20
888.8400
 11
-7359.5098
 21
888.8400
  0
LINE
  8
5
 10
-7779.5298
 20
888.8400
 11
-7359.5098
 21
888.8400
  0
POINT
  8
2
 10
-7779.5298
 20
888.8400
  0
TEXT
  8
7
 10
-7779.5298
 20
888.8400
 40
3.0000
  1
# 717
  7
STANDARD
  0
POINT
  8
2
 10
-7359.5098
 20
888.8400
  0
TEXT
  8
7
 10
-7359.5098
 20
888.8400
 40
3.0000
  1
# 718
  7
STANDARD
  0
POLYLINE
  8
8
 66
1
 70
0
  0
VERTEX
  8
8
 10
-7551.6602
 20
936.6700
  0
VERTEX
  8
8
 10
-7585.0601
 20
936.2700
  0
VERTEX
  8
8
 10
-7597.7598
 20
871.3700
  0
VERTEX
  8
8
 10
-7584.7598
 20
807.6800
  0
VERTEX
  8
8
 10
-7551.1602
 20
807.4700
  0
SEQEND
  0
POLYLINE
  8
85
 66
1
 70
0
  0
VERTEX
  8
85
 10
-7551.6602
 20
936.6700
  0
VERTEX
  8
85
 10
-7585.0601
 20
936.2700
  0
VERTEX
  8
85
 10
-7597.7598
 20
871.3700
  0
VERTEX
  8
85
 10
-7584.7598
 20
807.6800
  0
VERTEX
  8
85
 10
-7551.1602
 20
807.4700
  0
SEQEND
  0
POINT
  8
2
 10
-7551.6602
 20
936.6700
  0
TEXT
  8
8
 10
-7551.6602
 20
936.6700
 40
3.0000
  1
# 719
  7
STANDARD
  0
POINT
  8
2
 10
-7585.0601
 20
936.2700
  0
POINT
  8
2
 10
-7597.7598
 20
871.3700
  0
POINT
  8
2
 10
-7584.7598
 20
807.6800
  0
POINT
  8
2
 10
-7551.1602
 20
807.4700
  0
TEXT
  8
8
 10
-7551.1602
 20
807.4700
 40
3.0000
  1
# 720
  7
STANDARD
  0
POLYLINE
  8
8
 66
1
 70
1
  0
VERTEX
  8
8
 10
-7541.2598
 20
937.1700
  0
VERTEX
  8
8
 10
-7551.3599
 20
937.1700
  0
VERTEX
  8
8
 10
-7551.1602
 20
807.3700
  0
VERTEX
  8
8
 10
-7541.1602
 20
807.3700
  0
VERTEX
  8
8
 10
-7541.2598
 20
937.1700
  0
SEQEND
  0
POLYLINE
  8
85
 66
1
 70
1
  0
VERTEX
  8
85
 10
-7541.2598
 20
937.1700
  0
VERTEX
  8
85
 10
-7551.3599
 20
937.1700
  0
VERTEX
  8
85
 10
-7551.1602
 20
807.3700
  0
VERTEX
  8
85
 10
-7541.1602
 20
807.3700
  0
VERTEX
  8
85
 10
-7541.2598
 20
937.1700
  0
SEQEND
  0
POINT
  8
2
 10
-7541.2598
 20
937.1700
  0
TEXT
  8
8
 10
-7541.2598
 20
937.1700
 40
3.0000
  1
# 721
  7
STANDARD
  0
POINT
  8
2
 10
-7551.3599
 20
937.1700
  0
TEXT
  8
8
 10
-7551.3599
 20
937.1700
 40
3.0000
  1
# 722
  7
STANDARD
  0
POINT
  8
2
 10
-7551.1602
 20
807.3700
  0
TEXT
  8
8
 10
-7551.1602
 20
807.3700
 40
3.0000
  1
# 723
  7
STANDARD
  0
POINT
  8
2
 10
-7541.1602
 20
807.3700
  0
TEXT
  8
8
 10
-7541.1602
 20
807.3700
 40
3.0000
  1
# 724
  7
STANDARD
  0
POLYLINE
  8
8
 66
1
 70
0
  0
VERTEX
  8
8
 10
-7546.5601
 20
934.8700
  0
VERTEX
  8
8
 10
-7546.5601
 20
811.2700
  0
SEQEND
  0
POLYLINE
  8
85
 66
1
 70
0
  0
VERTEX
  8
85
 10
-7546.5601
 20
934.8700
  0
VERTEX
  8
85
 10
-7546.5601
 20
811.2700
  0
SEQEND
  0
POINT
  8
2
 10
-7546.5601
 20
934.8700
  0
TEXT
  8
8
 10
-7546.5601
 20
934.8700
 40
3.0000
  1
# 725
  7
STANDARD
  0
POINT
  8
2
 10
-7546.5601
 20
811.2700
  0
TEXT
  8
8
 10
-7546.5601
 20
811.2700
 40
3.0000
  1
# 726
  7
STANDARD
  0
POINT
  8
13
 10
-7546.4600
 20
934.8700
 30
10.0000
  0
TEXT
  8
13
 10
-7546.4600
 20
934.8700
 40
3.0000
  1
# 727
  7
STANDARD
  0
POINT
  8
13
 10
-7546.5601
 20
808.3700
 30
10.0000
  0
TEXT
  8
13
 10
-7546.5601
 20
808.3700
 40
3.0000
  1
# 728
  7
STANDARD
  0
POINT
  8
13
 10
-7679.1602
 20
828.5700
 30
10.0000
  0
TEXT
  8
13
 10
-7679.1602
 20
828.5700
 40
3.0000
  1
# 729
  7
STANDARD
  0
TEXT
  8
15
 10
-7537.4800
 20
1042.4301
 40
10
  50
0.0000
  1
VELLUTO FACING INSIDE 2P
  7
STANDARD
  0
POLYLINE
  8
8
 66
1
 70
0
  0
VERTEX
  8
8
 10
-7677.4600
 20
912.7700
  0
VERTEX
  8
8
 10
-7677.4600
 20
937.1700
  0
SEQEND
  0
POLYLINE
  8
85
 66
1
 70
0
  0
VERTEX
  8
85
 10
-7677.4600
 20
912.7700
  0
VERTEX
  8
85
 10
-7677.4600
 20
937.1700
  0
SEQEND
  0
POINT
  8
2
 10
-7677.4600
 20
912.7700
  0
TEXT
  8
8
 10
-7677.4600
 20
912.7700
 40
3.0000
  1
# 730
  7
STANDARD
  0
POINT
  8
2
 10
-7677.4600
 20
937.1700
  0
TEXT
  8
8
 10
-7677.4600
 20
937.1700
 40
3.0000
  1
# 731
  7
STANDARD
  0
POLYLINE
  8
8
 66
1
 70
1
  0
VERTEX
  8
8
 10
-7822.5898
 20
937.1700
  0
VERTEX
  8
8
 10
-7677.4600
 20
937.1700
  0
VERTEX
  8
8
 10
-7677.4600
 20
807.0800
  0
VERTEX
  8
8
 10
-7822.5898
 20
807.0800
  0
VERTEX
  8
8
 10
-7822.5898
 20
937.1700
  0
SEQEND
  0
POLYLINE
  8
85
 66
1
 70
1
  0
VERTEX
  8
85
 10
-7822.5898
 20
937.1700
  0
VERTEX
  8
85
 10
-7677.4600
 20
937.1700
  0
VERTEX
  8
85
 10
-7677.4600
 20
807.0800
  0
VERTEX
  8
85
 10
-7822.5898
 20
807.0800
  0
VERTEX
  8
85
 10
-7822.5898
 20
937.1700
  0
SEQEND
  0
POINT
  8
2
 10
-7822.5898
 20
937.1700
  0
TEXT
  8
8
 10
-7822.5898
 20
937.1700
 40
3.0000
  1
# 732
  7
STANDARD
  0
POINT
  8
2
 10
-7677.4600
 20
937.1700
  0
TEXT
  8
8
 10
-7677.4600
 20
937.1700
 40
3.0000
  1
# 733
  7
STANDARD
  0
POINT
  8
2
 10
-7677.4600
 20
807.0800
  0
TEXT
  8
8
 10
-7677.4600
 20
807.0800
 40
3.0000
  1
# 734
  7
STANDARD
  0
POINT
  8
2
 10
-7822.5898
 20
807.0800
  0
TEXT
  8
8
 10
-7822.5898
 20
807.0800
 40
3.0000
  1
# 735
  7
STANDARD
  0
POLYLINE
  8
8
 66
1
 70
0
  0
VERTEX
  8
8
 10
-7707.4600
 20
807.0800
  0
VERTEX
  8
8
 10
-7707.4600
 20
937.1700
  0
SEQEND
  0
POLYLINE
  8
85
 66
1
 70
0
  0
VERTEX
  8
85
 10
-7707.4600
 20
807.0800
  0
VERTEX
  8
85
 10
-7707.4600
 20
937.1700
  0
SEQEND
  0
POINT
  8
2
 10
-7707.4600
 20
807.0800
  0
TEXT
  8
8
 10
-7707.4600
 20
807.0800
 40
3.0000
  1
# 736
  7
STANDARD
  0
POINT
  8
2
 10
-7707.4600
 20
937.1700
  0
TEXT
  8
8
 10
-7707.4600
 20
937.1700
 40
3.0000
  1
# 737
  7
STANDARD
  0
POLYLINE
  8
8
 66
1
 70
0
  0
VERTEX
  8
8
 10
-7697.4600
 20
872.1200
  0
VERTEX
  8
8
 10
-7687.4600
 20
872.1200
  0
SEQEND
  0
POLYLINE
  8
85
 66
1
 70
0
  0
VERTEX
  8
85
 10
-7697.4600
 20
872.1200
  0
VERTEX
  8
85
 10
-7687.4600
 20
872.1200
  0
SEQEND
  0
POINT
  8
2
 10
-7697.4600
 20
872.1200
  0
TEXT
  8
8
 10
-7697.4600
 20
872.1200
 40
3.0000
  1
# 738
  7
STANDARD
  0
POINT
  8
2
 10
-7687.4600
 20
872.1200
  0
TEXT
  8
8
 10
-7687.4600
 20
872.1200
 40
3.0000
  1
# 739
  7
STANDARD
  0
POLYLINE
  8
8
 66
1
 70
0
  0
VERTEX
  8
8
 10
-7697.4600
 20
874.1200
  0
VERTEX
  8
8
 10
-7687.4600
 20
874.1200
  0
SEQEND
  0
POLYLINE
  8
85
 66
1
 70
0
  0
VERTEX
  8
85
 10
-7697.4600
 20
874.1200
  0
VERTEX
  8
85
 10
-7687.4600
 20
874.1200
  0
SEQEND
  0
POINT
  8
2
 10
-7697.4600
 20
874.1200
  0
TEXT
  8
8
 10
-7697.4600
 20
874.1200
 40
3.0000
  1
# 740
  7
STANDARD
  0
POINT
  8
2
 10
-7687.4600
 20
874.1200
  0
TEXT
  8
8
 10
-7687.4600
 20
874.1200
 40
3.0000
  1
# 741
  7
STANDARD
  0
POLYLINE
  8
8
 66
1
 70
0
  0
VERTEX
  8
8
 10
-7697.4600
 20
870.1200
  0
VERTEX
  8
8
 10
-7687.4600
 20
870.1200
  0
SEQEND
  0
POLYLINE
  8
85
 66
1
 70
0
  0
VERTEX
  8
85
 10
-7697.4600
 20
870.1200
  0
VERTEX
  8
85
 10
-7687.4600
 20
870.1200
  0
SEQEND
  0
POINT
  8
2
 10
-7697.4600
 20
870.1200
  0
TEXT
  8
8
 10
-7697.4600
 20
870.1200
 40
3.0000
  1
# 742
  7
STANDARD
  0
POINT
  8
2
 10
-7687.4600
 20
870.1200
  0
TEXT
  8
8
 10
-7687.4600
 20
870.1200
 40
3.0000
  1
# 743
  7
STANDARD
  0
POLYLINE
  8
8
 66
1
 70
0
  0
VERTEX
  8
8
 10
-7687.4600
 20
870.1200
  0
VERTEX
  8
8
 10
-7687.4600
 20
874.1200
  0
SEQEND
  0
POLYLINE
  8
85
 66
1
 70
0
  0
VERTEX
  8
85
 10
-7687.4600
 20
870.1200
  0
VERTEX
  8
85
 10
-7687.4600
 20
874.1200
  0
SEQEND
  0
POINT
  8
2
 10
-7687.4600
 20
870.1200
  0
TEXT
  8
8
 10
-7687.4600
 20
870.1200
 40
3.0000
  1
# 743
  7
STANDARD
  0
POINT
  8
2
 10
-7687.4600
 20
874.1200
  0
TEXT
  8
8
 10
-7687.4600
 20
874.1200
 40
3.0000
  1
# 741
  7
STANDARD
  0
POLYLINE
  8
8
 66
1
 70
0
  0
VERTEX
  8
8
 10
-7697.4600
 20
870.1200
  0
VERTEX
  8
8
 10
-7697.4600
 20
874.1200
  0
SEQEND
  0
POLYLINE
  8
85
 66
1
 70
0
  0
VERTEX
  8
85
 10
-7697.4600
 20
870.1200
  0
VERTEX
  8
85
 10
-7697.4600
 20
874.1200
  0
SEQEND
  0
POINT
  8
2
 10
-7697.4600
 20
870.1200
  0
TEXT
  8
8
 10
-7697.4600
 20
870.1200
 40
3.0000
  1
# 742
  7
STANDARD
  0
POINT
  8
2
 10
-7697.4600
 20
874.1200
  0
TEXT
  8
8
 10
-7697.4600
 20
874.1200
 40
3.0000
  1
# 740
  7
STANDARD
  0
ENDBLK
  0
BLOCK
  8
0
  2
Front Sleeve Lining_5034
 70
64
 10
0.0000
 20
0.0000
  0
TEXT
  8
1
 10
-7652.5801
 20
1715.6400
 40
3.0000
 50
0.0000
  1
Piece Name: Front Sleeve Lining
  7
STANDARD
  0
TEXT
  8
1
 10
-7652.5801
 20
1719.6400
 40
3.0000
 50
0.0000
  1
SAMPLE SIZE:50
  7
STANDARD
  0
TEXT
  8
1
 10
-7652.5801
 20
1723.6400
 40
3.0000
 50
0.0000
  1
ANNOTATION: Cut 2
  7
STANDARD
  0
TEXT
  8
1
 10
-7652.5801
 20
1727.6400
 40
3.0000
 50
0.0000
  1
MATERIAL: Lining
  7
STANDARD
  0
TEXT
  8
1
 10
-7652.5801
 20
1731.6400
 40
3.0000
 50
0.0000
  1
QUANTITY: 1
  7
STANDARD
  0
POLYLINE
  8
1
 66
1
 70
1
  0
VERTEX
  8
1
 10
-7972.1401
 20
1658.9000
  0
VERTEX
  8
1
 10
-7966.5400
 20
1696.3000
  0
VERTEX
  8
1
 10
-7961.2402
 20
1741.6000
  0
VERTEX
  8
1
 10
-7957.1401
 20
1788.0000
  0
VERTEX
  8
1
 10
-7954.1401
 20
1830.5000
  0
VERTEX
  8
1
 10
-7900.1401
 20
1831.4000
  0
VERTEX
  8
1
 10
-7841.7300
 20
1833.6000
  0
VERTEX
  8
1
 10
-7778.3398
 20
1837.3000
  0
VERTEX
  8
1
 10
-7712.5298
 20
1842.1000
  0
VERTEX
  8
1
 10
-7648.0400
 20
1848.2000
  0
VERTEX
  8
1
 10
-7586.6401
 20
1856.0000
  0
VERTEX
  8
1
 10
-7527.7402
 20
1865.8000
  0
VERTEX
  8
1
 10
-7469.7402
 20
1877.3000
  0
VERTEX
  8
1
 10
-7468.0400
 20
1867.2000
  0
VERTEX
  8
1
 10
-7466.1401
 20
1857.5000
  0
VERTEX
  8
1
 10
-7462.8398
 20
1847.5000
  0
VERTEX
  8
1
 10
-7458.0400
 20
1837.2000
  0
VERTEX
  8
1
 10
-7452.4399
 20
1827.7000
  0
VERTEX
  8
1
 10
-7445.8398
 20
1818.7000
  0
VERTEX
  8
1
 10
-7436.8398
 20
1808.9000
  0
VERTEX
  8
1
 10
-7424.8398
 20
1797.8000
  0
VERTEX
  8
1
 10
-7410.7402
 20
1785.5000
  0
VERTEX
  8
1
 10
-7407.2402
 20
1782.5000
  0
VERTEX
  8
1
 10
-7403.8398
 20
1779.4000
  0
VERTEX
  8
1
 10
-7400.0400
 20
1775.8000
  0
VERTEX
  8
1
 10
-7396.3398
 20
1772.3000
  0
VERTEX
  8
1
 10
-7386.0400
 20
1762.6000
  0
VERTEX
  8
1
 10
-7377.8398
 20
1755.0000
  0
VERTEX
  8
1
 10
-7371.9399
 20
1749.0000
  0
VERTEX
  8
1
 10
-7366.5400
 20
1742.6000
  0
VERTEX
  8
1
 10
-7361.1401
 20
1735.2000
  0
VERTEX
  8
1
 10
-7356.1401
 20
1727.9000
  0
VERTEX
  8
1
 10
-7352.3398
 20
1721.9000
  0
VERTEX
  8
1
 10
-7349.5400
 20
1716.9900
  0
VERTEX
  8
1
 10
-7346.4399
 20
1710.9000
  0
VERTEX
  8
1
 10
-7343.5400
 20
1705.3000
  0
VERTEX
  8
1
 10
-7341.3398
 20
1700.0000
  0
VERTEX
  8
1
 10
-7339.3398
 20
1694.0000
  0
VERTEX
  8
1
 10
-7337.3398
 20
1687.0000
  0
VERTEX
  8
1
 10
-7335.5400
 20
1679.3000
  0
VERTEX
  8
1
 10
-7334.4399
 20
1671.7000
  0
VERTEX
  8
1
 10
-7333.7402
 20
1664.2900
  0
VERTEX
  8
1
 10
-7333.0400
 20
1649.7000
  0
VERTEX
  8
1
 10
-7333.3398
 20
1635.4000
  0
VERTEX
  8
1
 10
-7334.7402
 20
1622.3000
  0
VERTEX
  8
1
 10
-7337.1401
 20
1610.4000
  0
VERTEX
  8
1
 10
-7340.5400
 20
1599.9000
  0
VERTEX
  8
1
 10
-7344.1401
 20
1591.7000
  0
VERTEX
  8
1
 10
-7347.2402
 20
1585.7000
  0
VERTEX
  8
1
 10
-7350.1401
 20
1580.6000
  0
VERTEX
  8
1
 10
-7353.6401
 20
1575.3101
  0
VERTEX
  8
1
 10
-7357.6401
 20
1569.6000
  0
VERTEX
  8
1
 10
-7357.1401
 20
1559.6000
  0
VERTEX
  8
1
 10
-7389.4399
 20
1558.2000
  0
VERTEX
  8
1
 10
-7441.3398
 20
1556.2000
  0
VERTEX
  8
1
 10
-7512.4399
 20
1554.0000
  0
VERTEX
  8
1
 10
-7559.7402
 20
1555.2000
  0
VERTEX
  8
1
 10
-7605.2402
 20
1557.1000
  0
VERTEX
  8
1
 10
-7639.2402
 20
1559.8000
  0
VERTEX
  8
1
 10
-7666.1401
 20
1562.9000
  0
VERTEX
  8
1
 10
-7693.8398
 20
1567.2000
  0
VERTEX
  8
1
 10
-7730.3398
 20
1574.3101
  0
VERTEX
  8
1
 10
-7777.9399
 20
1584.7000
  0
VERTEX
  8
1
 10
-7831.8398
 20
1597.0000
  0
VERTEX
  8
1
 10
-7860.9399
 20
1604.0000
  0
VERTEX
  8
1
 10
-7854.0400
 20
1631.3000
  0
VERTEX
  8
1
 10
-7972.1401
 20
1658.9000
  0
SEQEND
  0
POLYLINE
  8
84
 66
1
 70
1
  0
VERTEX
  8
84
 10
-7972.1401
 20
1658.9000
  0
VERTEX
  8
84
 10
-7969.2002
 20
1677.5800
  0
VERTEX
  8
84
 10
-7966.5400
 20
1696.3000
  0
VERTEX
  8
84
 10
-7963.7500
 20
1718.5000
  0
VERTEX
  8
84
 10
-7961.2402
 20
1741.6000
  0
VERTEX
  8
84
 10
-7959.1602
 20
1763.6500
  0
VERTEX
  8
84
 10
-7957.1401
 20
1788.0000
  0
VERTEX
  8
84
 10
-7955.5601
 20
1809.2400
  0
VERTEX
  8
84
 10
-7954.1401
 20
1830.5000
  0
VERTEX
  8
84
 10
-7927.1401
 20
1830.8101
  0
VERTEX
  8
84
 10
-7900.1401
 20
1831.4000
  0
VERTEX
  8
84
 10
-7870.8999
 20
1832.3400
  0
VERTEX
  8
84
 10
-7841.7300
 20
1833.6000
  0
VERTEX
  8
84
 10
-7812.1401
 20
1835.1899
  0
VERTEX
  8
84
 10
-7778.3398
 20
1837.3000
  0
VERTEX
  8
84
 10
-7743.5498
 20
1839.7000
  0
VERTEX
  8
84
 10
-7712.5298
 20
1842.1000
  0
VERTEX
  8
84
 10
-7695.4902
 20
1843.5500
  0
VERTEX
  8
84
 10
-7679.1401
 20
1845.0400
  0
VERTEX
  8
84
 10
-7663.3501
 20
1846.5900
  0
VERTEX
  8
84
 10
-7648.0400
 20
1848.2000
  0
VERTEX
  8
84
 10
-7632.0000
 20
1850.0200
  0
VERTEX
  8
84
 10
-7616.4600
 20
1851.9200
  0
VERTEX
  8
84
 10
-7601.3501
 20
1853.9100
  0
VERTEX
  8
84
 10
-7586.6401
 20
1856.0000
  0
VERTEX
  8
84
 10
-7572.5400
 20
1858.1500
  0
VERTEX
  8
84
 10
-7558.0601
 20
1860.4900
  0
VERTEX
  8
84
 10
-7543.1602
 20
1863.0300
  0
VERTEX
  8
84
 10
-7527.7402
 20
1865.8000
  0
VERTEX
  8
84
 10
-7513.2100
 20
1868.5200
  0
VERTEX
  8
84
 10
-7498.7002
 20
1871.3400
  0
VERTEX
  8
84
 10
-7484.2100
 20
1874.2700
  0
VERTEX
  8
84
 10
-7469.7402
 20
1877.3000
  0
VERTEX
  8
84
 10
-7468.0400
 20
1867.2000
  0
VERTEX
  8
84
 10
-7467.0400
 20
1861.5800
  0
VERTEX
  8
84
 10
-7466.1401
 20
1857.5000
  0
VERTEX
  8
84
 10
-7464.7202
 20
1852.6200
  0
VERTEX
  8
84
 10
-7462.8398
 20
1847.5000
  0
VERTEX
  8
84
 10
-7460.6201
 20
1842.3900
  0
VERTEX
  8
84
 10
-7458.0400
 20
1837.2000
  0
VERTEX
  8
84
 10
-7455.3301
 20
1832.3400
  0
VERTEX
  8
84
 10
-7452.4399
 20
1827.7000
  0
VERTEX
  8
84
 10
-7449.2300
 20
1823.0800
  0
VERTEX
  8
84
 10
-7445.8398
 20
1818.7000
  0
VERTEX
  8
84
 10
-7441.6602
 20
1813.9000
  0
VERTEX
  8
84
 10
-7436.8398
 20
1808.9000
  0
VERTEX
  8
84
 10
-7431.6201
 20
1803.9100
  0
VERTEX
  8
84
 10
-7424.8398
 20
1797.8000
  0
VERTEX
  8
84
 10
-7410.7402
 20
1785.5000
  0
VERTEX
  8
84
 10
-7407.2402
 20
1782.5000
  0
VERTEX
  8
84
 10
-7403.8398
 20
1779.4000
  0
VERTEX
  8
84
 10
-7400.0400
 20
1775.8000
  0
VERTEX
  8
84
 10
-7396.3398
 20
1772.3000
  0
VERTEX
  8
84
 10
-7386.0400
 20
1762.6000
  0
VERTEX
  8
84
 10
-7377.8398
 20
1755.0000
  0
VERTEX
  8
84
 10
-7374.7002
 20
1751.9000
  0
VERTEX
  8
84
 10
-7371.9399
 20
1749.0000
  0
VERTEX
  8
84
 10
-7369.1899
 20
1745.8700
  0
VERTEX
  8
84
 10
-7366.5400
 20
1742.6000
  0
VERTEX
  8
84
 10
-7364.1099
 20
1739.3600
  0
VERTEX
  8
84
 10
-7361.1401
 20
1735.2000
  0
VERTEX
  8
84
 10
-7356.1401
 20
1727.9000
  0
VERTEX
  8
84
 10
-7352.3398
 20
1721.9000
  0
VERTEX
  8
84
 10
-7349.5400
 20
1716.9900
  0
VERTEX
  8
84
 10
-7346.4399
 20
1710.9000
  0
VERTEX
  8
84
 10
-7343.5400
 20
1705.3000
  0
VERTEX
  8
84
 10
-7342.4302
 20
1702.7900
  0
VERTEX
  8
84
 10
-7341.3398
 20
1700.0000
  0
VERTEX
  8
84
 10
-7339.3398
 20
1694.0000
  0
VERTEX
  8
84
 10
-7337.3398
 20
1687.0000
  0
VERTEX
  8
84
 10
-7336.2900
 20
1682.8500
  0
VERTEX
  8
84
 10
-7335.5400
 20
1679.3000
  0
VERTEX
  8
84
 10
-7334.9600
 20
1675.8101
  0
VERTEX
  8
84
 10
-7334.4399
 20
1671.7000
  0
VERTEX
  8
84
 10
-7333.7402
 20
1664.2900
  0
VERTEX
  8
84
 10
-7333.2700
 20
1657.0000
  0
VERTEX
  8
84
 10
-7333.0400
 20
1649.7000
  0
VERTEX
  8
84
 10
-7333.0498
 20
1642.3101
  0
VERTEX
  8
84
 10
-7333.3398
 20
1635.4000
  0
VERTEX
  8
84
 10
-7333.8999
 20
1628.8199
  0
VERTEX
  8
84
 10
-7334.7402
 20
1622.3000
  0
VERTEX
  8
84
 10
-7335.8301
 20
1616.1000
  0
VERTEX
  8
84
 10
-7337.1401
 20
1610.4000
  0
VERTEX
  8
84
 10
-7338.6899
 20
1605.1100
  0
VERTEX
  8
84
 10
-7340.5400
 20
1599.9000
  0
VERTEX
  8
84
 10
-7342.2202
 20
1595.8400
  0
VERTEX
  8
84
 10
-7344.1401
 20
1591.7000
  0
VERTEX
  8
84
 10
-7347.2402
 20
1585.7000
  0
VERTEX
  8
84
 10
-7350.1401
 20
1580.6000
  0
VERTEX
  8
84
 10
-7353.6401
 20
1575.3101
  0
VERTEX
  8
84
 10
-7357.6401
 20
1569.6000
  0
VERTEX
  8
84
 10
-7357.1401
 20
1559.6000
  0
VERTEX
  8
84
 10
-7389.4399
 20
1558.2000
  0
VERTEX
  8
84
 10
-7441.3398
 20
1556.2000
  0
VERTEX
  8
84
 10
-7476.8901
 20
1555.0200
  0
VERTEX
  8
84
 10
-7512.4399
 20
1554.0000
  0
VERTEX
  8
84
 10
-7536.0898
 20
1554.5400
  0
VERTEX
  8
84
 10
-7559.7402
 20
1555.2000
  0
VERTEX
  8
84
 10
-7585.0298
 20
1556.0800
  0
VERTEX
  8
84
 10
-7605.2402
 20
1557.1000
  0
VERTEX
  8
84
 10
-7622.2100
 20
1558.2900
  0
VERTEX
  8
84
 10
-7639.2402
 20
1559.8000
  0
VERTEX
  8
84
 10
-7653.0898
 20
1561.2700
  0
VERTEX
  8
84
 10
-7666.1401
 20
1562.9000
  0
VERTEX
  8
84
 10
-7679.8101
 20
1564.8800
  0
VERTEX
  8
84
 10
-7693.8398
 20
1567.2000
  0
VERTEX
  8
84
 10
-7710.7598
 20
1570.3400
  0
VERTEX
  8
84
 10
-7730.3398
 20
1574.3101
  0
VERTEX
  8
84
 10
-7751.3301
 20
1578.8000
  0
VERTEX
  8
84
 10
-7777.9399
 20
1584.7000
  0
VERTEX
  8
84
 10
-7807.7202
 20
1591.4200
  0
VERTEX
  8
84
 10
-7831.8398
 20
1597.0000
  0
VERTEX
  8
84
 10
-7860.9399
 20
1604.0000
  0
VERTEX
  8
84
 10
-7854.0400
 20
1631.3000
  0
VERTEX
  8
84
 10
-7972.1401
 20
1658.9000
  0
SEQEND
  0
POINT
  8
2
 10
-7972.1401
 20
1658.9000
  0
TEXT
  8
1
 10
-7972.1401
 20
1658.9000
 40
3.0000
  1
# 744
  7
STANDARD
  0
POINT
  8
3
 10
-7966.5400
 20
1696.3000
  0
POINT
  8
3
 10
-7961.2402
 20
1741.6000
  0
POINT
  8
3
 10
-7957.1401
 20
1788.0000
  0
POINT
  8
2
 10
-7954.1401
 20
1830.5000
  0
TEXT
  8
1
 10
-7954.1401
 20
1830.5000
 40
3.0000
  1
# 745
  7
STANDARD
  0
POINT
  8
3
 10
-7900.1401
 20
1831.4000
  0
POINT
  8
3
 10
-7841.7300
 20
1833.6000
  0
POINT
  8
3
 10
-7778.3398
 20
1837.3000
  0
POINT
  8
3
 10
-7712.5298
 20
1842.1000
  0
POINT
  8
3
 10
-7648.0400
 20
1848.2000
  0
POINT
  8
3
 10
-7586.6401
 20
1856.0000
  0
POINT
  8
3
 10
-7527.7402
 20
1865.8000
  0
POINT
  8
2
 10
-7469.7402
 20
1877.3000
  0
TEXT
  8
1
 10
-7469.7402
 20
1877.3000
 40
3.0000
  1
# 746
  7
STANDARD
  0
POINT
  8
3
 10
-7468.0400
 20
1867.2000
  0
POINT
  8
3
 10
-7466.1401
 20
1857.5000
  0
POINT
  8
3
 10
-7462.8398
 20
1847.5000
  0
POINT
  8
3
 10
-7458.0400
 20
1837.2000
  0
POINT
  8
3
 10
-7452.4399
 20
1827.7000
  0
POINT
  8
3
 10
-7445.8398
 20
1818.7000
  0
POINT
  8
3
 10
-7436.8398
 20
1808.9000
  0
POINT
  8
3
 10
-7424.8398
 20
1797.8000
  0
POINT
  8
2
 10
-7410.7402
 20
1785.5000
  0
TEXT
  8
1
 10
-7410.7402
 20
1785.5000
 40
3.0000
  1
# 747
  7
STANDARD
  0
POINT
  8
3
 10
-7407.2402
 20
1782.5000
  0
POINT
  8
3
 10
-7403.8398
 20
1779.4000
  0
POINT
  8
3
 10
-7400.0400
 20
1775.8000
  0
POINT
  8
2
 10
-7396.3398
 20
1772.3000
  0
TEXT
  8
1
 10
-7396.3398
 20
1772.3000
 40
3.0000
  1
# 748
  7
STANDARD
  0
POINT
  8
3
 10
-7386.0400
 20
1762.6000
  0
POINT
  8
3
 10
-7377.8398
 20
1755.0000
  0
POINT
  8
3
 10
-7371.9399
 20
1749.0000
  0
POINT
  8
3
 10
-7366.5400
 20
1742.6000
  0
POINT
  8
3
 10
-7361.1401
 20
1735.2000
  0
POINT
  8
3
 10
-7356.1401
 20
1727.9000
  0
POINT
  8
3
 10
-7352.3398
 20
1721.9000
  0
POINT
  8
2
 10
-7349.5400
 20
1716.9900
  0
TEXT
  8
1
 10
-7349.5400
 20
1716.9900
 40
3.0000
  1
# 749
  7
STANDARD
  0
POINT
  8
3
 10
-7346.4399
 20
1710.9000
  0
POINT
  8
3
 10
-7343.5400
 20
1705.3000
  0
POINT
  8
3
 10
-7341.3398
 20
1700.0000
  0
POINT
  8
3
 10
-7339.3398
 20
1694.0000
  0
POINT
  8
3
 10
-7337.3398
 20
1687.0000
  0
POINT
  8
3
 10
-7335.5400
 20
1679.3000
  0
POINT
  8
3
 10
-7334.4399
 20
1671.7000
  0
POINT
  8
2
 10
-7333.7402
 20
1664.2900
  0
TEXT
  8
1
 10
-7333.7402
 20
1664.2900
 40
3.0000
  1
# 750
  7
STANDARD
  0
POINT
  8
3
 10
-7333.0400
 20
1649.7000
  0
POINT
  8
3
 10
-7333.3398
 20
1635.4000
  0
POINT
  8
3
 10
-7334.7402
 20
1622.3000
  0
POINT
  8
3
 10
-7337.1401
 20
1610.4000
  0
POINT
  8
3
 10
-7340.5400
 20
1599.9000
  0
POINT
  8
3
 10
-7344.1401
 20
1591.7000
  0
POINT
  8
3
 10
-7347.2402
 20
1585.7000
  0
POINT
  8
3
 10
-7350.1401
 20
1580.6000
  0
POINT
  8
3
 10
-7353.6401
 20
1575.3101
  0
POINT
  8
2
 10
-7357.6401
 20
1569.6000
  0
TEXT
  8
1
 10
-7357.6401
 20
1569.6000
 40
3.0000
  1
# 751
  7
STANDARD
  0
POINT
  8
2
 10
-7357.1401
 20
1559.6000
  0
TEXT
  8
1
 10
-7357.1401
 20
1559.6000
 40
3.0000
  1
# 752
  7
STANDARD
  0
POINT
  8
3
 10
-7389.4399
 20
1558.2000
  0
POINT
  8
3
 10
-7441.3398
 20
1556.2000
  0
POINT
  8
2
 10
-7512.4399
 20
1554.0000
  0
TEXT
  8
1
 10
-7512.4399
 20
1554.0000
 40
3.0000
  1
# 753
  7
STANDARD
  0
POINT
  8
3
 10
-7559.7402
 20
1555.2000
  0
POINT
  8
3
 10
-7605.2402
 20
1557.1000
  0
POINT
  8
3
 10
-7639.2402
 20
1559.8000
  0
POINT
  8
3
 10
-7666.1401
 20
1562.9000
  0
POINT
  8
3
 10
-7693.8398
 20
1567.2000
  0
POINT
  8
3
 10
-7730.3398
 20
1574.3101
  0
POINT
  8
3
 10
-7777.9399
 20
1584.7000
  0
POINT
  8
3
 10
-7831.8398
 20
1597.0000
  0
POINT
  8
2
 10
-7860.9399
 20
1604.0000
  0
TEXT
  8
1
 10
-7860.9399
 20
1604.0000
 40
3.0000
  1
# 754
  7
STANDARD
  0
POINT
  8
2
 10
-7854.0400
 20
1631.3000
  0
TEXT
  8
1
 10
-7854.0400
 20
1631.3000
 40
3.0000
  1
# 755
  7
STANDARD
  0
POINT
  8
4
 10
-7410.7402
 20
1785.5000
 30
5.0000
 50
228.4045
  0
POINT
  8
4
 10
-7396.3398
 20
1772.3000
 30
5.0000
 50
226.7014
  0
POINT
  8
4
 10
-7349.5400
 20
1716.9900
 30
5.0000
 50
209.7449
  0
POINT
  8
4
 10
-7333.7402
 20
1664.2900
 30
5.0000
 50
184.7065
  0
POINT
  8
4
 10
-7512.4399
 20
1554.0000
 30
5.0000
 50
90.0000
  0
POLYLINE
  8
14
 66
1
 70
1
  0
VERTEX
  8
14
 10
-7960.8198
 20
1666.5300
  0
VERTEX
  8
14
 10
-7956.6401
 20
1694.8800
  0
VERTEX
  8
14
 10
-7951.2500
 20
1740.9900
  0
VERTEX
  8
14
 10
-7947.2402
 20
1786.3800
  0
VERTEX
  8
14
 10
-7944.7798
 20
1820.6100
  0
VERTEX
  8
14
 10
-7900.5898
 20
1821.3900
  0
VERTEX
  8
14
 10
-7840.7300
 20
1823.6300
  0
VERTEX
  8
14
 10
-7776.9902
 20
1827.3700
  0
VERTEX
  8
14
 10
-7712.1699
 20
1832.1000
  0
VERTEX
  8
14
 10
-7647.1099
 20
1838.2400
  0
VERTEX
  8
14
 10
-7584.7100
 20
1846.1700
  0
VERTEX
  8
14
 10
-7525.5698
 20
1856.0300
  0
VERTEX
  8
14
 10
-7477.8701
 20
1865.3800
  0
VERTEX
  8
14
 10
-7477.7900
 20
1864.9100
  0
VERTEX
  8
14
 10
-7475.8599
 20
1855.1200
  0
VERTEX
  8
14
 10
-7472.1699
 20
1843.9000
  0
VERTEX
  8
14
 10
-7466.8701
 20
1832.5100
  0
VERTEX
  8
14
 10
-7460.8301
 20
1822.2400
  0
VERTEX
  8
14
 10
-7453.5698
 20
1812.3500
  0
VERTEX
  8
14
 10
-7443.8799
 20
1801.8000
  0
VERTEX
  8
14
 10
-7431.3398
 20
1790.2000
  0
VERTEX
  8
14
 10
-7417.3799
 20
1778.0200
  0
VERTEX
  8
14
 10
-7413.9302
 20
1775.0601
  0
VERTEX
  8
14
 10
-7410.6499
 20
1772.0699
  0
VERTEX
  8
14
 10
-7406.9199
 20
1768.5400
  0
VERTEX
  8
14
 10
-7403.2002
 20
1765.0200
  0
VERTEX
  8
14
 10
-7393.2700
 20
1755.6700
  0
VERTEX
  8
14
 10
-7384.9199
 20
1747.9301
  0
VERTEX
  8
14
 10
-7379.3799
 20
1742.3199
  0
VERTEX
  8
14
 10
-7374.3799
 20
1736.3800
  0
VERTEX
  8
14
 10
-7369.2900
 20
1729.4000
  0
VERTEX
  8
14
 10
-7364.5200
 20
1722.4399
  0
VERTEX
  8
14
 10
-7360.9102
 20
1716.7400
  0
VERTEX
  8
14
 10
-7358.2402
 20
1712.0200
  0
VERTEX
  8
14
 10
-7355.2798
 20
1706.2200
  0
VERTEX
  8
14
 10
-7352.5698
 20
1700.9900
  0
VERTEX
  8
14
 10
-7350.7900
 20
1696.7100
  0
VERTEX
  8
14
 10
-7348.9199
 20
1691.1100
  0
VERTEX
  8
14
 10
-7346.9102
 20
1684.0699
  0
VERTEX
  8
14
 10
-7345.3599
 20
1677.4200
  0
VERTEX
  8
14
 10
-7344.3999
 20
1670.7400
  0
VERTEX
  8
14
 10
-7343.7100
 20
1663.4700
  0
VERTEX
  8
14
 10
-7343.0400
 20
1649.4000
  0
VERTEX
  8
14
 10
-7343.3198
 20
1635.9700
  0
VERTEX
  8
14
 10
-7344.6299
 20
1623.7700
  0
VERTEX
  8
14
 10
-7346.8301
 20
1612.9100
  0
VERTEX
  8
14
 10
-7349.8701
 20
1603.4900
  0
VERTEX
  8
14
 10
-7353.1499
 20
1596.0300
  0
VERTEX
  8
14
 10
-7356.0298
 20
1590.4700
  0
VERTEX
  8
14
 10
-7358.6299
 20
1585.9000
  0
VERTEX
  8
14
 10
-7361.9102
 20
1580.9301
  0
VERTEX
  8
14
 10
-7367.7998
 20
1572.5300
  0
VERTEX
  8
14
 10
-7367.6299
 20
1569.1500
  0
VERTEX
  8
14
 10
-7390.2002
 20
1568.1801
  0
VERTEX
  8
14
 10
-7442.1001
 20
1566.1801
  0
VERTEX
  8
14
 10
-7512.4399
 20
1564.0100
  0
VERTEX
  8
14
 10
-7560.5801
 20
1565.2300
  0
VERTEX
  8
14
 10
-7604.6401
 20
1567.0900
  0
VERTEX
  8
14
 10
-7638.4102
 20
1569.7600
  0
VERTEX
  8
14
 10
-7664.5298
 20
1572.7700
  0
VERTEX
  8
14
 10
-7692.4399
 20
1577.1100
  0
VERTEX
  8
14
 10
-7728.2202
 20
1584.0800
  0
VERTEX
  8
14
 10
-7776.0200
 20
1594.5100
  0
VERTEX
  8
14
 10
-7829.4102
 20
1606.7000
  0
VERTEX
  8
14
 10
-7848.7598
 20
1611.3500
  0
VERTEX
  8
14
 10
-7841.8501
 20
1638.7200
  0
VERTEX
  8
14
 10
-7960.8198
 20
1666.5300
  0
SEQEND
  0
POLYLINE
  8
87
 66
1
 70
1
  0
VERTEX
  8
87
 10
-7960.8198
 20
1666.5300
  0
VERTEX
  8
87
 10
-7958.6401
 20
1680.6899
  0
VERTEX
  8
87
 10
-7956.6401
 20
1694.8800
  0
VERTEX
  8
87
 10
-7955.2002
 20
1705.9600
  0
VERTEX
  8
87
 10
-7953.8198
 20
1717.3101
  0
VERTEX
  8
87
 10
-7951.2500
 20
1740.9900
  0
VERTEX
  8
87
 10
-7949.2100
 20
1762.6899
  0
VERTEX
  8
87
 10
-7947.2402
 20
1786.3800
  0
VERTEX
  8
87
 10
-7945.9600
 20
1803.4900
  0
VERTEX
  8
87
 10
-7944.7798
 20
1820.6100
  0
VERTEX
  8
87
 10
-7922.6802
 20
1820.9100
  0
VERTEX
  8
87
 10
-7900.5898
 20
1821.3900
  0
VERTEX
  8
87
 10
-7870.6299
 20
1822.3400
  0
VERTEX
  8
87
 10
-7840.7300
 20
1823.6300
  0
VERTEX
  8
87
 10
-7811.0698
 20
1825.2300
  0
VERTEX
  8
87
 10
-7776.9902
 20
1827.3700
  0
VERTEX
  8
87
 10
-7742.6699
 20
1829.7500
  0
VERTEX
  8
87
 10
-7712.1699
 20
1832.1000
  0
VERTEX
  8
87
 10
-7694.9702
 20
1833.5601
  0
VERTEX
  8
87
 10
-7678.4702
 20
1835.0601
  0
VERTEX
  8
87
 10
-7662.5400
 20
1836.6200
  0
VERTEX
  8
87
 10
-7647.1099
 20
1838.2400
  0
VERTEX
  8
87
 10
-7630.7998
 20
1840.0900
  0
VERTEX
  8
87
 10
-7615.0098
 20
1842.0200
  0
VERTEX
  8
87
 10
-7599.6602
 20
1844.0500
  0
VERTEX
  8
87
 10
-7584.7100
 20
1846.1700
  0
VERTEX
  8
87
 10
-7570.5498
 20
1848.3300
  0
VERTEX
  8
87
 10
-7556.0098
 20
1850.6899
  0
VERTEX
  8
87
 10
-7541.0400
 20
1853.2500
  0
VERTEX
  8
87
 10
-7525.5698
 20
1856.0300
  0
VERTEX
  8
87
 10
-7501.6899
 20
1860.5699
  0
VERTEX
  8
87
 10
-7477.8701
 20
1865.3800
  0
VERTEX
  8
87
 10
-7477.7900
 20
1864.9100
  0
VERTEX
  8
87
 10
-7476.7798
 20
1859.2900
  0
VERTEX
  8
87
 10
-7475.8599
 20
1855.1200
  0
VERTEX
  8
87
 10
-7475.1299
 20
1852.4200
  0
VERTEX
  8
87
 10
-7474.2798
 20
1849.6500
  0
VERTEX
  8
87
 10
-7472.1699
 20
1843.9000
  0
VERTEX
  8
87
 10
-7469.7202
 20
1838.2400
  0
VERTEX
  8
87
 10
-7466.8701
 20
1832.5100
  0
VERTEX
  8
87
 10
-7463.9302
 20
1827.2400
  0
VERTEX
  8
87
 10
-7460.8301
 20
1822.2400
  0
VERTEX
  8
87
 10
-7457.3198
 20
1817.1801
  0
VERTEX
  8
87
 10
-7453.5698
 20
1812.3500
  0
VERTEX
  8
87
 10
-7449.0498
 20
1807.1600
  0
VERTEX
  8
87
 10
-7443.8799
 20
1801.8000
  0
VERTEX
  8
87
 10
-7438.4102
 20
1796.5800
  0
VERTEX
  8
87
 10
-7431.3398
 20
1790.2000
  0
VERTEX
  8
87
 10
-7417.3799
 20
1778.0200
  0
VERTEX
  8
87
 10
-7413.9302
 20
1775.0601
  0
VERTEX
  8
87
 10
-7410.6499
 20
1772.0699
  0
VERTEX
  8
87
 10
-7406.9199
 20
1768.5400
  0
VERTEX
  8
87
 10
-7403.2002
 20
1765.0200
  0
VERTEX
  8
87
 10
-7393.2700
 20
1755.6700
  0
VERTEX
  8
87
 10
-7384.9199
 20
1747.9301
  0
VERTEX
  8
87
 10
-7381.9199
 20
1744.9900
  0
VERTEX
  8
87
 10
-7379.3799
 20
1742.3199
  0
VERTEX
  8
87
 10
-7376.8599
 20
1739.4500
  0
VERTEX
  8
87
 10
-7374.3799
 20
1736.3800
  0
VERTEX
  8
87
 10
-7372.0898
 20
1733.3300
  0
VERTEX
  8
87
 10
-7369.2900
 20
1729.4000
  0
VERTEX
  8
87
 10
-7364.5200
 20
1722.4399
  0
VERTEX
  8
87
 10
-7360.9102
 20
1716.7400
  0
VERTEX
  8
87
 10
-7358.2402
 20
1712.0200
  0
VERTEX
  8
87
 10
-7355.2798
 20
1706.2200
  0
VERTEX
  8
87
 10
-7352.5698
 20
1700.9900
  0
VERTEX
  8
87
 10
-7350.7900
 20
1696.7100
  0
VERTEX
  8
87
 10
-7348.9199
 20
1691.1100
  0
VERTEX
  8
87
 10
-7346.9102
 20
1684.0699
  0
VERTEX
  8
87
 10
-7346.0098
 20
1680.4700
  0
VERTEX
  8
87
 10
-7345.3599
 20
1677.4200
  0
VERTEX
  8
87
 10
-7344.8599
 20
1674.3800
  0
VERTEX
  8
87
 10
-7344.3999
 20
1670.7400
  0
VERTEX
  8
87
 10
-7343.7100
 20
1663.4700
  0
VERTEX
  8
87
 10
-7343.2598
 20
1656.4399
  0
VERTEX
  8
87
 10
-7343.0400
 20
1649.4000
  0
VERTEX
  8
87
 10
-7343.0498
 20
1642.4399
  0
VERTEX
  8
87
 10
-7343.3198
 20
1635.9700
  0
VERTEX
  8
87
 10
-7343.8398
 20
1629.8400
  0
VERTEX
  8
87
 10
-7344.6299
 20
1623.7700
  0
VERTEX
  8
87
 10
-7345.6299
 20
1618.1200
  0
VERTEX
  8
87
 10
-7346.8301
 20
1612.9100
  0
VERTEX
  8
87
 10
-7348.2202
 20
1608.1400
  0
VERTEX
  8
87
 10
-7349.8701
 20
1603.4900
  0
VERTEX
  8
87
 10
-7351.3901
 20
1599.8101
  0
VERTEX
  8
87
 10
-7353.1499
 20
1596.0300
  0
VERTEX
  8
87
 10
-7356.0298
 20
1590.4700
  0
VERTEX
  8
87
 10
-7358.6299
 20
1585.9000
  0
VERTEX
  8
87
 10
-7361.9102
 20
1580.9301
  0
VERTEX
  8
87
 10
-7367.7998
 20
1572.5300
  0
VERTEX
  8
87
 10
-7367.6299
 20
1569.1500
  0
VERTEX
  8
87
 10
-7390.2002
 20
1568.1801
  0
VERTEX
  8
87
 10
-7442.1001
 20
1566.1801
  0
VERTEX
  8
87
 10
-7477.2700
 20
1565.0200
  0
VERTEX
  8
87
 10
-7512.4399
 20
1564.0100
  0
VERTEX
  8
87
 10
-7536.5098
 20
1564.5500
  0
VERTEX
  8
87
 10
-7560.5801
 20
1565.2300
  0
VERTEX
  8
87
 10
-7584.9600
 20
1566.1000
  0
VERTEX
  8
87
 10
-7604.6401
 20
1567.0900
  0
VERTEX
  8
87
 10
-7621.5801
 20
1568.2700
  0
VERTEX
  8
87
 10
-7638.4102
 20
1569.7600
  0
VERTEX
  8
87
 10
-7651.8301
 20
1571.1899
  0
VERTEX
  8
87
 10
-7664.5298
 20
1572.7700
  0
VERTEX
  8
87
 10
-7678.2798
 20
1574.7600
  0
VERTEX
  8
87
 10
-7692.4399
 20
1577.1100
  0
VERTEX
  8
87
 10
-7709.0601
 20
1580.2000
  0
VERTEX
  8
87
 10
-7728.2202
 20
1584.0800
  0
VERTEX
  8
87
 10
-7749.1602
 20
1588.5601
  0
VERTEX
  8
87
 10
-7776.0200
 20
1594.5100
  0
VERTEX
  8
87
 10
-7805.8398
 20
1601.2300
  0
VERTEX
  8
87
 10
-7829.4102
 20
1606.7000
  0
VERTEX
  8
87
 10
-7848.7598
 20
1611.3500
  0
VERTEX
  8
87
 10
-7841.8501
 20
1638.7200
  0
VERTEX
  8
87
 10
-7960.8198
 20
1666.5300
  0
SEQEND
  0
POINT
  8
2
 10
-7960.8198
 20
1666.5300
  0
TEXT
  8
14
 10
-7960.8198
 20
1666.5300
 40
3.0000
  1
# 756
  7
STANDARD
  0
POINT
  8
3
 10
-7956.6401
 20
1694.8800
  0
POINT
  8
3
 10
-7951.2500
 20
1740.9900
  0
POINT
  8
3
 10
-7947.2402
 20
1786.3800
  0
POINT
  8
2
 10
-7944.7798
 20
1820.6100
  0
TEXT
  8
14
 10
-7944.7798
 20
1820.6100
 40
3.0000
  1
# 757
  7
STANDARD
  0
POINT
  8
3
 10
-7900.5898
 20
1821.3900
  0
POINT
  8
3
 10
-7840.7300
 20
1823.6300
  0
POINT
  8
3
 10
-7776.9902
 20
1827.3700
  0
POINT
  8
3
 10
-7712.1699
 20
1832.1000
  0
POINT
  8
3
 10
-7647.1099
 20
1838.2400
  0
POINT
  8
3
 10
-7584.7100
 20
1846.1700
  0
POINT
  8
3
 10
-7525.5698
 20
1856.0300
  0
POINT
  8
2
 10
-7477.8701
 20
1865.3800
  0
TEXT
  8
14
 10
-7477.8701
 20
1865.3800
 40
3.0000
  1
# 758
  7
STANDARD
  0
POINT
  8
3
 10
-7477.7900
 20
1864.9100
  0
POINT
  8
3
 10
-7475.8599
 20
1855.1200
  0
POINT
  8
3
 10
-7472.1699
 20
1843.9000
  0
POINT
  8
3
 10
-7466.8701
 20
1832.5100
  0
POINT
  8
3
 10
-7460.8301
 20
1822.2400
  0
POINT
  8
3
 10
-7453.5698
 20
1812.3500
  0
POINT
  8
3
 10
-7443.8799
 20
1801.8000
  0
POINT
  8
3
 10
-7431.3398
 20
1790.2000
  0
POINT
  8
2
 10
-7417.3799
 20
1778.0200
  0
TEXT
  8
14
 10
-7417.3799
 20
1778.0200
 40
3.0000
  1
# 759
  7
STANDARD
  0
POINT
  8
3
 10
-7413.9302
 20
1775.0601
  0
POINT
  8
3
 10
-7410.6499
 20
1772.0699
  0
POINT
  8
3
 10
-7406.9199
 20
1768.5400
  0
POINT
  8
2
 10
-7403.2002
 20
1765.0200
  0
TEXT
  8
14
 10
-7403.2002
 20
1765.0200
 40
3.0000
  1
# 760
  7
STANDARD
  0
POINT
  8
3
 10
-7393.2700
 20
1755.6700
  0
POINT
  8
3
 10
-7384.9199
 20
1747.9301
  0
POINT
  8
3
 10
-7379.3799
 20
1742.3199
  0
POINT
  8
3
 10
-7374.3799
 20
1736.3800
  0
POINT
  8
3
 10
-7369.2900
 20
1729.4000
  0
POINT
  8
3
 10
-7364.5200
 20
1722.4399
  0
POINT
  8
3
 10
-7360.9102
 20
1716.7400
  0
POINT
  8
2
 10
-7358.2402
 20
1712.0200
  0
TEXT
  8
14
 10
-7358.2402
 20
1712.0200
 40
3.0000
  1
# 761
  7
STANDARD
  0
POINT
  8
3
 10
-7355.2798
 20
1706.2200
  0
POINT
  8
3
 10
-7352.5698
 20
1700.9900
  0
POINT
  8
3
 10
-7350.7900
 20
1696.7100
  0
POINT
  8
3
 10
-7348.9199
 20
1691.1100
  0
POINT
  8
3
 10
-7346.9102
 20
1684.0699
  0
POINT
  8
3
 10
-7345.3599
 20
1677.4200
  0
POINT
  8
3
 10
-7344.3999
 20
1670.7400
  0
POINT
  8
2
 10
-7343.7100
 20
1663.4700
  0
TEXT
  8
14
 10
-7343.7100
 20
1663.4700
 40
3.0000
  1
# 762
  7
STANDARD
  0
POINT
  8
3
 10
-7343.0400
 20
1649.4000
  0
POINT
  8
3
 10
-7343.3198
 20
1635.9700
  0
POINT
  8
3
 10
-7344.6299
 20
1623.7700
  0
POINT
  8
3
 10
-7346.8301
 20
1612.9100
  0
POINT
  8
3
 10
-7349.8701
 20
1603.4900
  0
POINT
  8
3
 10
-7353.1499
 20
1596.0300
  0
POINT
  8
3
 10
-7356.0298
 20
1590.4700
  0
POINT
  8
3
 10
-7358.6299
 20
1585.9000
  0
POINT
  8
3
 10
-7361.9102
 20
1580.9301
  0
POINT
  8
2
 10
-7367.7998
 20
1572.5300
  0
TEXT
  8
14
 10
-7367.7998
 20
1572.5300
 40
3.0000
  1
# 763
  7
STANDARD
  0
POINT
  8
2
 10
-7367.6299
 20
1569.1500
  0
TEXT
  8
14
 10
-7367.6299
 20
1569.1500
 40
3.0000
  1
# 764
  7
STANDARD
  0
POINT
  8
3
 10
-7390.2002
 20
1568.1801
  0
POINT
  8
3
 10
-7442.1001
 20
1566.1801
  0
POINT
  8
2
 10
-7512.4399
 20
1564.0100
  0
TEXT
  8
14
 10
-7512.4399
 20
1564.0100
 40
3.0000
  1
# 765
  7
STANDARD
  0
POINT
  8
3
 10
-7560.5801
 20
1565.2300
  0
POINT
  8
3
 10
-7604.6401
 20
1567.0900
  0
POINT
  8
3
 10
-7638.4102
 20
1569.7600
  0
POINT
  8
3
 10
-7664.5298
 20
1572.7700
  0
POINT
  8
3
 10
-7692.4399
 20
1577.1100
  0
POINT
  8
3
 10
-7728.2202
 20
1584.0800
  0
POINT
  8
3
 10
-7776.0200
 20
1594.5100
  0
POINT
  8
3
 10
-7829.4102
 20
1606.7000
  0
POINT
  8
2
 10
-7848.7598
 20
1611.3500
  0
TEXT
  8
14
 10
-7848.7598
 20
1611.3500
 40
3.0000
  1
# 766
  7
STANDARD
  0
POINT
  8
2
 10
-7841.8501
 20
1638.7200
  0
TEXT
  8
14
 10
-7841.8501
 20
1638.7200
 40
3.0000
  1
# 767
  7
STANDARD
  0
POINT
  8
4
 10
-7417.3799
 20
1778.0200
 30
5.0000
 50
228.4045
  0
POINT
  8
4
 10
-7403.2002
 20
1765.0200
 30
5.0000
 50
226.7014
  0
POINT
  8
4
 10
-7358.2402
 20
1712.0200
 30
5.0000
 50
209.7449
  0
POINT
  8
4
 10
-7343.7100
 20
1663.4700
 30
5.0000
 50
184.7065
  0
POINT
  8
4
 10
-7512.4399
 20
1564.0100
 30
5.0000
 50
90.0000
  0
LINE
  8
7
 10
-7668.6401
 20
1647.5000
 11
-7400.5400
 21
1647.5000
  0
LINE
  8
5
 10
-7668.6401
 20
1647.5000
 11
-7400.5400
 21
1647.5000
  0
POINT
  8
2
 10
-7668.6401
 20
1647.5000
  0
TEXT
  8
7
 10
-7668.6401
 20
1647.5000
 40
3.0000
  1
# 768
  7
STANDARD
  0
POINT
  8
2
 10
-7400.5400
 20
1647.5000
  0
TEXT
  8
7
 10
-7400.5400
 20
1647.5000
 40
3.0000
  1
# 769
  7
STANDARD
  0
TEXT
  8
15
 10
-7571.5898
 20
1682.5000
 40
10
  50
0.0000
  1
LINING UP SLEEVE 2P
  7
STANDARD
  0
ENDBLK
  0
BLOCK
  8
0
  2
Back Sleeve Lining_5035
 70
64
 10
0.0000
 20
0.0000
  0
TEXT
  8
1
 10
-7648.2700
 20
1417.4600
 40
3.0000
 50
0.0000
  1
Piece Name: Back Sleeve Lining
  7
STANDARD
  0
TEXT
  8
1
 10
-7648.2700
 20
1421.4600
 40
3.0000
 50
0.0000
  1
SAMPLE SIZE:50
  7
STANDARD
  0
TEXT
  8
1
 10
-7648.2700
 20
1425.4600
 40
3.0000
 50
0.0000
  1
ANNOTATION: Cut 2
  7
STANDARD
  0
TEXT
  8
1
 10
-7648.2700
 20
1429.4600
 40
3.0000
 50
0.0000
  1
MATERIAL: Lining
  7
STANDARD
  0
TEXT
  8
1
 10
-7648.2700
 20
1433.4600
 40
3.0000
 50
0.0000
  1
QUANTITY: 1
  7
STANDARD
  0
POLYLINE
  8
1
 66
1
 70
1
  0
VERTEX
  8
1
 10
-7942.0298
 20
1351.7700
  0
VERTEX
  8
1
 10
-7942.5298
 20
1360.8700
  0
VERTEX
  8
1
 10
-7944.1299
 20
1385.2800
  0
VERTEX
  8
1
 10
-7946.9302
 20
1409.6700
  0
VERTEX
  8
1
 10
-7952.2300
 20
1442.3700
  0
VERTEX
  8
1
 10
-7958.7300
 20
1474.8700
  0
VERTEX
  8
1
 10
-7960.7300
 20
1484.5699
  0
VERTEX
  8
1
 10
-7828.7300
 20
1513.8700
  0
VERTEX
  8
1
 10
-7822.0298
 20
1484.5699
  0
VERTEX
  8
1
 10
-7770.7300
 20
1495.3700
  0
VERTEX
  8
1
 10
-7724.6299
 20
1504.1600
  0
VERTEX
  8
1
 10
-7689.6299
 20
1509.7700
  0
VERTEX
  8
1
 10
-7670.0298
 20
1512.4700
  0
VERTEX
  8
1
 10
-7650.3301
 20
1514.6700
  0
VERTEX
  8
1
 10
-7630.2300
 20
1516.4700
  0
VERTEX
  8
1
 10
-7579.2300
 20
1518.5699
  0
VERTEX
  8
1
 10
-7530.9302
 20
1519.1700
  0
VERTEX
  8
1
 10
-7491.2300
 20
1518.6700
  0
VERTEX
  8
1
 10
-7467.7300
 20
1517.4700
  0
VERTEX
  8
1
 10
-7426.4302
 20
1514.2700
  0
VERTEX
  8
1
 10
-7348.2402
 20
1508.1700
  0
VERTEX
  8
1
 10
-7335.8301
 20
1507.1700
  0
VERTEX
  8
1
 10
-7336.6299
 20
1497.2700
  0
VERTEX
  8
1
 10
-7341.1299
 20
1491.5699
  0
VERTEX
  8
1
 10
-7354.0298
 20
1475.5601
  0
VERTEX
  8
1
 10
-7367.7300
 20
1460.2700
  0
VERTEX
  8
1
 10
-7384.1299
 20
1443.4700
  0
VERTEX
  8
1
 10
-7401.1299
 20
1427.0800
  0
VERTEX
  8
1
 10
-7420.8301
 20
1408.8700
  0
VERTEX
  8
1
 10
-7429.4302
 20
1400.7800
  0
VERTEX
  8
1
 10
-7440.4302
 20
1390.3700
  0
VERTEX
  8
1
 10
-7444.8301
 20
1384.4700
  0
VERTEX
  8
1
 10
-7448.4399
 20
1377.7700
  0
VERTEX
  8
1
 10
-7451.1299
 20
1371.1700
  0
VERTEX
  8
1
 10
-7451.9399
 20
1367.8700
  0
VERTEX
  8
1
 10
-7454.0298
 20
1354.3700
  0
VERTEX
  8
1
 10
-7454.8301
 20
1340.9700
  0
VERTEX
  8
1
 10
-7454.9399
 20
1327.4700
  0
VERTEX
  8
1
 10
-7454.7300
 20
1315.7700
  0
VERTEX
  8
1
 10
-7513.0298
 20
1325.7700
  0
VERTEX
  8
1
 10
-7567.3398
 20
1334.4700
  0
VERTEX
  8
1
 10
-7616.6299
 20
1340.6700
  0
VERTEX
  8
1
 10
-7662.4302
 20
1344.2700
  0
VERTEX
  8
1
 10
-7708.0298
 20
1345.8700
  0
VERTEX
  8
1
 10
-7755.4302
 20
1346.9700
  0
VERTEX
  8
1
 10
-7804.3301
 20
1348.3700
  0
VERTEX
  8
1
 10
-7852.7300
 20
1349.9700
  0
VERTEX
  8
1
 10
-7898.6299
 20
1351.0699
  0
VERTEX
  8
1
 10
-7942.0298
 20
1351.7700
  0
SEQEND
  0
POLYLINE
  8
84
 66
1
 70
1
  0
VERTEX
  8
84
 10
-7942.0298
 20
1351.7700
  0
VERTEX
  8
84
 10
-7942.5298
 20
1360.8700
  0
VERTEX
  8
84
 10
-7943.3501
 20
1374.9800
  0
VERTEX
  8
84
 10
-7944.1299
 20
1385.2800
  0
VERTEX
  8
84
 10
-7945.3101
 20
1396.9301
  0
VERTEX
  8
84
 10
-7946.9302
 20
1409.6700
  0
VERTEX
  8
84
 10
-7949.3701
 20
1425.8900
  0
VERTEX
  8
84
 10
-7952.2300
 20
1442.3700
  0
VERTEX
  8
84
 10
-7954.8301
 20
1455.8400
  0
VERTEX
  8
84
 10
-7958.7300
 20
1474.8700
  0
VERTEX
  8
84
 10
-7960.7300
 20
1484.5699
  0
VERTEX
  8
84
 10
-7828.7300
 20
1513.8700
  0
VERTEX
  8
84
 10
-7822.0298
 20
1484.5699
  0
VERTEX
  8
84
 10
-7796.3999
 20
1490.0699
  0
VERTEX
  8
84
 10
-7770.7300
 20
1495.3700
  0
VERTEX
  8
84
 10
-7745.8901
 20
1500.2700
  0
VERTEX
  8
84
 10
-7724.6299
 20
1504.1600
  0
VERTEX
  8
84
 10
-7707.5601
 20
1507.0100
  0
VERTEX
  8
84
 10
-7689.6299
 20
1509.7700
  0
VERTEX
  8
84
 10
-7679.1499
 20
1511.2700
  0
VERTEX
  8
84
 10
-7670.0298
 20
1512.4700
  0
VERTEX
  8
84
 10
-7660.7402
 20
1513.5699
  0
VERTEX
  8
84
 10
-7650.3301
 20
1514.6700
  0
VERTEX
  8
84
 10
-7639.6299
 20
1515.7000
  0
VERTEX
  8
84
 10
-7630.2300
 20
1516.4700
  0
VERTEX
  8
84
 10
-7619.4902
 20
1517.1700
  0
VERTEX
  8
84
 10
-7607.8599
 20
1517.7300
  0
VERTEX
  8
84
 10
-7595.0400
 20
1518.1801
  0
VERTEX
  8
84
 10
-7579.2300
 20
1518.5699
  0
VERTEX
  8
84
 10
-7553.2900
 20
1519.0200
  0
VERTEX
  8
84
 10
-7530.9302
 20
1519.1700
  0
VERTEX
  8
84
 10
-7511.0801
 20
1519.0500
  0
VERTEX
  8
84
 10
-7491.2300
 20
1518.6700
  0
VERTEX
  8
84
 10
-7479.4800
 20
1518.1500
  0
VERTEX
  8
84
 10
-7467.7300
 20
1517.4700
  0
VERTEX
  8
84
 10
-7451.6099
 20
1516.3199
  0
VERTEX
  8
84
 10
-7426.4302
 20
1514.2700
  0
VERTEX
  8
84
 10
-7348.2402
 20
1508.1700
  0
VERTEX
  8
84
 10
-7335.8301
 20
1507.1700
  0
VERTEX
  8
84
 10
-7336.6299
 20
1497.2700
  0
VERTEX
  8
84
 10
-7341.1299
 20
1491.5699
  0
VERTEX
  8
84
 10
-7348.6001
 20
1482.1600
  0
VERTEX
  8
84
 10
-7354.0298
 20
1475.5601
  0
VERTEX
  8
84
 10
-7360.4399
 20
1468.2000
  0
VERTEX
  8
84
 10
-7367.7300
 20
1460.2700
  0
VERTEX
  8
84
 10
-7375.5098
 20
1452.1600
  0
VERTEX
  8
84
 10
-7384.1299
 20
1443.4700
  0
VERTEX
  8
84
 10
-7392.8301
 20
1434.9600
  0
VERTEX
  8
84
 10
-7401.1299
 20
1427.0800
  0
VERTEX
  8
84
 10
-7420.8301
 20
1408.8700
  0
VERTEX
  8
84
 10
-7429.4302
 20
1400.7800
  0
VERTEX
  8
84
 10
-7436.4600
 20
1394.4600
  0
VERTEX
  8
84
 10
-7438.6001
 20
1392.3500
  0
VERTEX
  8
84
 10
-7440.4302
 20
1390.3700
  0
VERTEX
  8
84
 10
-7442.7500
 20
1387.5000
  0
VERTEX
  8
84
 10
-7444.8301
 20
1384.4700
  0
VERTEX
  8
84
 10
-7446.5898
 20
1381.4301
  0
VERTEX
  8
84
 10
-7448.4399
 20
1377.7700
  0
VERTEX
  8
84
 10
-7450.0400
 20
1374.1899
  0
VERTEX
  8
84
 10
-7451.1299
 20
1371.1700
  0
VERTEX
  8
84
 10
-7451.9399
 20
1367.8700
  0
VERTEX
  8
84
 10
-7453.1602
 20
1361.1400
  0
VERTEX
  8
84
 10
-7454.0298
 20
1354.3700
  0
VERTEX
  8
84
 10
-7454.5298
 20
1348.1000
  0
VERTEX
  8
84
 10
-7454.8301
 20
1340.9700
  0
VERTEX
  8
84
 10
-7454.9399
 20
1334.5699
  0
VERTEX
  8
84
 10
-7454.9399
 20
1327.4700
  0
VERTEX
  8
84
 10
-7454.7300
 20
1315.7700
  0
VERTEX
  8
84
 10
-7513.0298
 20
1325.7700
  0
VERTEX
  8
84
 10
-7543.4502
 20
1330.8000
  0
VERTEX
  8
84
 10
-7567.3398
 20
1334.4700
  0
VERTEX
  8
84
 10
-7580.2202
 20
1336.2900
  0
VERTEX
  8
84
 10
-7592.7002
 20
1337.9301
  0
VERTEX
  8
84
 10
-7604.8198
 20
1339.3800
  0
VERTEX
  8
84
 10
-7616.6299
 20
1340.6700
  0
VERTEX
  8
84
 10
-7628.2202
 20
1341.7900
  0
VERTEX
  8
84
 10
-7639.7202
 20
1342.7700
  0
VERTEX
  8
84
 10
-7651.1201
 20
1343.5900
  0
VERTEX
  8
84
 10
-7662.4302
 20
1344.2700
  0
VERTEX
  8
84
 10
-7682.4302
 20
1345.1400
  0
VERTEX
  8
84
 10
-7708.0298
 20
1345.8700
  0
VERTEX
  8
84
 10
-7755.4302
 20
1346.9700
  0
VERTEX
  8
84
 10
-7804.3301
 20
1348.3700
  0
VERTEX
  8
84
 10
-7852.7300
 20
1349.9700
  0
VERTEX
  8
84
 10
-7874.4399
 20
1350.5500
  0
VERTEX
  8
84
 10
-7898.6299
 20
1351.0699
  0
VERTEX
  8
84
 10
-7942.0298
 20
1351.7700
  0
SEQEND
  0
POINT
  8
2
 10
-7942.0298
 20
1351.7700
  0
TEXT
  8
1
 10
-7942.0298
 20
1351.7700
 40
3.0000
  1
# 770
  7
STANDARD
  0
POINT
  8
3
 10
-7942.5298
 20
1360.8700
  0
POINT
  8
3
 10
-7944.1299
 20
1385.2800
  0
POINT
  8
3
 10
-7946.9302
 20
1409.6700
  0
POINT
  8
3
 10
-7952.2300
 20
1442.3700
  0
POINT
  8
3
 10
-7958.7300
 20
1474.8700
  0
POINT
  8
2
 10
-7960.7300
 20
1484.5699
  0
TEXT
  8
1
 10
-7960.7300
 20
1484.5699
 40
3.0000
  1
# 771
  7
STANDARD
  0
POINT
  8
2
 10
-7828.7300
 20
1513.8700
  0
TEXT
  8
1
 10
-7828.7300
 20
1513.8700
 40
3.0000
  1
# 772
  7
STANDARD
  0
POINT
  8
2
 10
-7822.0298
 20
1484.5699
  0
TEXT
  8
1
 10
-7822.0298
 20
1484.5699
 40
3.0000
  1
# 773
  7
STANDARD
  0
POINT
  8
3
 10
-7770.7300
 20
1495.3700
  0
POINT
  8
3
 10
-7724.6299
 20
1504.1600
  0
POINT
  8
3
 10
-7689.6299
 20
1509.7700
  0
POINT
  8
3
 10
-7670.0298
 20
1512.4700
  0
POINT
  8
3
 10
-7650.3301
 20
1514.6700
  0
POINT
  8
3
 10
-7630.2300
 20
1516.4700
  0
POINT
  8
3
 10
-7579.2300
 20
1518.5699
  0
POINT
  8
3
 10
-7530.9302
 20
1519.1700
  0
POINT
  8
2
 10
-7491.2300
 20
1518.6700
  0
TEXT
  8
1
 10
-7491.2300
 20
1518.6700
 40
3.0000
  1
# 774
  7
STANDARD
  0
POINT
  8
3
 10
-7467.7300
 20
1517.4700
  0
POINT
  8
3
 10
-7426.4302
 20
1514.2700
  0
POINT
  8
3
 10
-7348.2402
 20
1508.1700
  0
POINT
  8
2
 10
-7335.8301
 20
1507.1700
  0
TEXT
  8
1
 10
-7335.8301
 20
1507.1700
 40
3.0000
  1
# 775
  7
STANDARD
  0
POINT
  8
2
 10
-7336.6299
 20
1497.2700
  0
TEXT
  8
1
 10
-7336.6299
 20
1497.2700
 40
3.0000
  1
# 776
  7
STANDARD
  0
POINT
  8
3
 10
-7341.1299
 20
1491.5699
  0
POINT
  8
3
 10
-7354.0298
 20
1475.5601
  0
POINT
  8
3
 10
-7367.7300
 20
1460.2700
  0
POINT
  8
3
 10
-7384.1299
 20
1443.4700
  0
POINT
  8
3
 10
-7401.1299
 20
1427.0800
  0
POINT
  8
3
 10
-7420.8301
 20
1408.8700
  0
POINT
  8
3
 10
-7429.4302
 20
1400.7800
  0
POINT
  8
3
 10
-7440.4302
 20
1390.3700
  0
POINT
  8
3
 10
-7444.8301
 20
1384.4700
  0
POINT
  8
3
 10
-7448.4399
 20
1377.7700
  0
POINT
  8
3
 10
-7451.1299
 20
1371.1700
  0
POINT
  8
2
 10
-7451.9399
 20
1367.8700
  0
TEXT
  8
1
 10
-7451.9399
 20
1367.8700
 40
3.0000
  1
# 777
  7
STANDARD
  0
POINT
  8
3
 10
-7454.0298
 20
1354.3700
  0
POINT
  8
3
 10
-7454.8301
 20
1340.9700
  0
POINT
  8
3
 10
-7454.9399
 20
1327.4700
  0
POINT
  8
2
 10
-7454.7300
 20
1315.7700
  0
TEXT
  8
1
 10
-7454.7300
 20
1315.7700
 40
3.0000
  1
# 778
  7
STANDARD
  0
POINT
  8
3
 10
-7513.0298
 20
1325.7700
  0
POINT
  8
3
 10
-7567.3398
 20
1334.4700
  0
POINT
  8
3
 10
-7616.6299
 20
1340.6700
  0
POINT
  8
3
 10
-7662.4302
 20
1344.2700
  0
POINT
  8
3
 10
-7708.0298
 20
1345.8700
  0
POINT
  8
3
 10
-7755.4302
 20
1346.9700
  0
POINT
  8
3
 10
-7804.3301
 20
1348.3700
  0
POINT
  8
3
 10
-7852.7300
 20
1349.9700
  0
POINT
  8
3
 10
-7898.6299
 20
1351.0699
  0
POINT
  8
4
 10
-7491.2300
 20
1518.6700
 30
5.0000
 50
270.0000
  0
POINT
  8
4
 10
-7451.9399
 20
1367.8700
 30
5.0000
 50
170.5565
  0
POLYLINE
  8
14
 66
1
 70
1
  0
VERTEX
  8
14
 10
-7932.5601
 20
1361.6200
  0
VERTEX
  8
14
 10
-7932.5801
 20
1361.9700
  0
VERTEX
  8
14
 10
-7934.1802
 20
1386.2500
  0
VERTEX
  8
14
 10
-7937.0298
 20
1411.1300
  0
VERTEX
  8
14
 10
-7942.4399
 20
1444.4200
  0
VERTEX
  8
14
 10
-7948.9502
 20
1476.9399
  0
VERTEX
  8
14
 10
-7836.2700
 20
1501.9600
  0
VERTEX
  8
14
 10
-7829.5801
 20
1472.7200
  0
VERTEX
  8
14
 10
-7769.1699
 20
1485.4900
  0
VERTEX
  8
14
 10
-7722.5098
 20
1494.3800
  0
VERTEX
  8
14
 10
-7688.6401
 20
1499.8101
  0
VERTEX
  8
14
 10
-7669.1602
 20
1502.5000
  0
VERTEX
  8
14
 10
-7649.4199
 20
1504.7200
  0
VERTEX
  8
14
 10
-7629.3501
 20
1506.5100
  0
VERTEX
  8
14
 10
-7578.7998
 20
1508.5699
  0
VERTEX
  8
14
 10
-7530.9199
 20
1509.1700
  0
VERTEX
  8
14
 10
-7491.2300
 20
1508.6600
  0
VERTEX
  8
14
 10
-7468.2598
 20
1507.4900
  0
VERTEX
  8
14
 10
-7427.9199
 20
1504.3600
  0
VERTEX
  8
14
 10
-7349.0298
 20
1498.2000
  0
VERTEX
  8
14
 10
-7348.6602
 20
1498.1700
  0
VERTEX
  8
14
 10
-7348.8398
 20
1497.9399
  0
VERTEX
  8
14
 10
-7348.9702
 20
1497.7800
  0
VERTEX
  8
14
 10
-7361.5498
 20
1482.1500
  0
VERTEX
  8
14
 10
-7375.0000
 20
1467.1400
  0
VERTEX
  8
14
 10
-7391.1499
 20
1450.5900
  0
VERTEX
  8
14
 10
-7408.1201
 20
1434.2300
  0
VERTEX
  8
14
 10
-7427.4102
 20
1416.4100
  0
VERTEX
  8
14
 10
-7435.8999
 20
1408.4200
  0
VERTEX
  8
14
 10
-7448.0498
 20
1396.8500
  0
VERTEX
  8
14
 10
-7453.2900
 20
1389.8199
  0
VERTEX
  8
14
 10
-7457.5098
 20
1381.9700
  0
VERTEX
  8
14
 10
-7460.7002
 20
1374.1100
  0
VERTEX
  8
14
 10
-7461.7998
 20
1369.5100
  0
VERTEX
  8
14
 10
-7463.9800
 20
1355.4000
  0
VERTEX
  8
14
 10
-7464.8301
 20
1341.1600
  0
VERTEX
  8
14
 10
-7464.9399
 20
1333.9301
  0
VERTEX
  8
14
 10
-7464.9399
 20
1327.6700
  0
VERTEX
  8
14
 10
-7511.3501
 20
1335.6300
  0
VERTEX
  8
14
 10
-7566.0698
 20
1344.3900
  0
VERTEX
  8
14
 10
-7615.3398
 20
1350.5900
  0
VERTEX
  8
14
 10
-7661.9902
 20
1354.2600
  0
VERTEX
  8
14
 10
-7707.4702
 20
1355.8600
  0
VERTEX
  8
14
 10
-7754.8799
 20
1356.9600
  0
VERTEX
  8
14
 10
-7806.0200
 20
1358.4301
  0
VERTEX
  8
14
 10
-7853.7402
 20
1360.0000
  0
VERTEX
  8
14
 10
-7898.2700
 20
1361.0699
  0
VERTEX
  8
14
 10
-7932.5601
 20
1361.6200
  0
SEQEND
  0
POLYLINE
  8
87
 66
1
 70
1
  0
VERTEX
  8
87
 10
-7932.5601
 20
1361.6200
  0
VERTEX
  8
87
 10
-7932.5801
 20
1361.9700
  0
VERTEX
  8
87
 10
-7933.4302
 20
1376.2800
  0
VERTEX
  8
87
 10
-7934.1802
 20
1386.2500
  0
VERTEX
  8
87
 10
-7935.3799
 20
1398.2000
  0
VERTEX
  8
87
 10
-7937.0298
 20
1411.1300
  0
VERTEX
  8
87
 10
-7939.4502
 20
1427.1899
  0
VERTEX
  8
87
 10
-7942.4399
 20
1444.4200
  0
VERTEX
  8
87
 10
-7945.5601
 20
1460.7100
  0
VERTEX
  8
87
 10
-7948.9502
 20
1476.9399
  0
VERTEX
  8
87
 10
-7836.2700
 20
1501.9600
  0
VERTEX
  8
87
 10
-7829.5801
 20
1472.7200
  0
VERTEX
  8
87
 10
-7799.3999
 20
1479.2400
  0
VERTEX
  8
87
 10
-7769.1699
 20
1485.4900
  0
VERTEX
  8
87
 10
-7743.9600
 20
1490.4600
  0
VERTEX
  8
87
 10
-7722.5098
 20
1494.3800
  0
VERTEX
  8
87
 10
-7705.9600
 20
1497.1500
  0
VERTEX
  8
87
 10
-7688.6401
 20
1499.8101
  0
VERTEX
  8
87
 10
-7678.2700
 20
1501.3000
  0
VERTEX
  8
87
 10
-7669.1602
 20
1502.5000
  0
VERTEX
  8
87
 10
-7659.7300
 20
1503.6200
  0
VERTEX
  8
87
 10
-7649.4199
 20
1504.7200
  0
VERTEX
  8
87
 10
-7638.8101
 20
1505.7400
  0
VERTEX
  8
87
 10
-7629.3501
 20
1506.5100
  0
VERTEX
  8
87
 10
-7618.7300
 20
1507.2000
  0
VERTEX
  8
87
 10
-7607.2300
 20
1507.7500
  0
VERTEX
  8
87
 10
-7594.5400
 20
1508.1801
  0
VERTEX
  8
87
 10
-7578.7998
 20
1508.5699
  0
VERTEX
  8
87
 10
-7552.9600
 20
1509.0200
  0
VERTEX
  8
87
 10
-7530.9199
 20
1509.1700
  0
VERTEX
  8
87
 10
-7511.0801
 20
1509.0400
  0
VERTEX
  8
87
 10
-7491.2300
 20
1508.6600
  0
VERTEX
  8
87
 10
-7479.7402
 20
1508.1500
  0
VERTEX
  8
87
 10
-7468.2598
 20
1507.4900
  0
VERTEX
  8
87
 10
-7452.6201
 20
1506.3700
  0
VERTEX
  8
87
 10
-7427.9199
 20
1504.3600
  0
VERTEX
  8
87
 10
-7349.0298
 20
1498.2000
  0
VERTEX
  8
87
 10
-7348.6602
 20
1498.1700
  0
VERTEX
  8
87
 10
-7348.8398
 20
1497.9399
  0
VERTEX
  8
87
 10
-7348.9702
 20
1497.7800
  0
VERTEX
  8
87
 10
-7357.7700
 20
1486.7700
  0
VERTEX
  8
87
 10
-7361.5498
 20
1482.1500
  0
VERTEX
  8
87
 10
-7367.6802
 20
1475.0800
  0
VERTEX
  8
87
 10
-7375.0000
 20
1467.1400
  0
VERTEX
  8
87
 10
-7382.7700
 20
1459.0400
  0
VERTEX
  8
87
 10
-7391.1499
 20
1450.5900
  0
VERTEX
  8
87
 10
-7399.7798
 20
1442.1400
  0
VERTEX
  8
87
 10
-7408.1201
 20
1434.2300
  0
VERTEX
  8
87
 10
-7427.4102
 20
1416.4100
  0
VERTEX
  8
87
 10
-7435.8999
 20
1408.4200
  0
VERTEX
  8
87
 10
-7443.6499
 20
1401.3900
  0
VERTEX
  8
87
 10
-7446.0098
 20
1399.0500
  0
VERTEX
  8
87
 10
-7448.0498
 20
1396.8500
  0
VERTEX
  8
87
 10
-7450.8101
 20
1393.4399
  0
VERTEX
  8
87
 10
-7453.2900
 20
1389.8199
  0
VERTEX
  8
87
 10
-7455.3599
 20
1386.2400
  0
VERTEX
  8
87
 10
-7457.5098
 20
1381.9700
  0
VERTEX
  8
87
 10
-7459.3999
 20
1377.7200
  0
VERTEX
  8
87
 10
-7460.7002
 20
1374.1100
  0
VERTEX
  8
87
 10
-7461.3198
 20
1371.8300
  0
VERTEX
  8
87
 10
-7461.7998
 20
1369.5100
  0
VERTEX
  8
87
 10
-7463.0698
 20
1362.4800
  0
VERTEX
  8
87
 10
-7463.9800
 20
1355.4000
  0
VERTEX
  8
87
 10
-7464.5200
 20
1348.7000
  0
VERTEX
  8
87
 10
-7464.8301
 20
1341.1600
  0
VERTEX
  8
87
 10
-7464.9399
 20
1333.9301
  0
VERTEX
  8
87
 10
-7464.9399
 20
1327.6700
  0
VERTEX
  8
87
 10
-7511.3501
 20
1335.6300
  0
VERTEX
  8
87
 10
-7541.8398
 20
1340.6700
  0
VERTEX
  8
87
 10
-7566.0698
 20
1344.3900
  0
VERTEX
  8
87
 10
-7578.9600
 20
1346.2100
  0
VERTEX
  8
87
 10
-7591.4302
 20
1347.8400
  0
VERTEX
  8
87
 10
-7603.5400
 20
1349.3000
  0
VERTEX
  8
87
 10
-7615.3398
 20
1350.5900
  0
VERTEX
  8
87
 10
-7627.1401
 20
1351.7400
  0
VERTEX
  8
87
 10
-7638.8501
 20
1352.7300
  0
VERTEX
  8
87
 10
-7650.4702
 20
1353.5699
  0
VERTEX
  8
87
 10
-7661.9902
 20
1354.2600
  0
VERTEX
  8
87
 10
-7681.9800
 20
1355.1300
  0
VERTEX
  8
87
 10
-7707.4702
 20
1355.8600
  0
VERTEX
  8
87
 10
-7754.8799
 20
1356.9600
  0
VERTEX
  8
87
 10
-7780.2402
 20
1357.6400
  0
VERTEX
  8
87
 10
-7806.0200
 20
1358.4301
  0
VERTEX
  8
87
 10
-7853.7402
 20
1360.0000
  0
VERTEX
  8
87
 10
-7875.2202
 20
1360.5699
  0
VERTEX
  8
87
 10
-7898.2700
 20
1361.0699
  0
VERTEX
  8
87
 10
-7932.5601
 20
1361.6200
  0
SEQEND
  0
POINT
  8
2
 10
-7932.5601
 20
1361.6200
  0
TEXT
  8
14
 10
-7932.5601
 20
1361.6200
 40
3.0000
  1
# 779
  7
STANDARD
  0
POINT
  8
3
 10
-7932.5801
 20
1361.9700
  0
POINT
  8
3
 10
-7934.1802
 20
1386.2500
  0
POINT
  8
3
 10
-7937.0298
 20
1411.1300
  0
POINT
  8
3
 10
-7942.4399
 20
1444.4200
  0
POINT
  8
2
 10
-7948.9502
 20
1476.9399
  0
TEXT
  8
14
 10
-7948.9502
 20
1476.9399
 40
3.0000
  1
# 780
  7
STANDARD
  0
POINT
  8
2
 10
-7836.2700
 20
1501.9600
  0
TEXT
  8
14
 10
-7836.2700
 20
1501.9600
 40
3.0000
  1
# 781
  7
STANDARD
  0
POINT
  8
2
 10
-7829.5801
 20
1472.7200
  0
TEXT
  8
14
 10
-7829.5801
 20
1472.7200
 40
3.0000
  1
# 782
  7
STANDARD
  0
POINT
  8
3
 10
-7769.1699
 20
1485.4900
  0
POINT
  8
3
 10
-7722.5098
 20
1494.3800
  0
POINT
  8
3
 10
-7688.6401
 20
1499.8101
  0
POINT
  8
3
 10
-7669.1602
 20
1502.5000
  0
POINT
  8
3
 10
-7649.4199
 20
1504.7200
  0
POINT
  8
3
 10
-7629.3501
 20
1506.5100
  0
POINT
  8
3
 10
-7578.7998
 20
1508.5699
  0
POINT
  8
3
 10
-7530.9199
 20
1509.1700
  0
POINT
  8
2
 10
-7491.2300
 20
1508.6600
  0
TEXT
  8
14
 10
-7491.2300
 20
1508.6600
 40
3.0000
  1
# 783
  7
STANDARD
  0
POINT
  8
3
 10
-7468.2598
 20
1507.4900
  0
POINT
  8
3
 10
-7427.9199
 20
1504.3600
  0
POINT
  8
3
 10
-7349.0298
 20
1498.2000
  0
POINT
  8
2
 10
-7348.6602
 20
1498.1700
  0
TEXT
  8
14
 10
-7348.6602
 20
1498.1700
 40
3.0000
  1
# 784
  7
STANDARD
  0
POINT
  8
2
 10
-7348.8398
 20
1497.9399
  0
TEXT
  8
14
 10
-7348.8398
 20
1497.9399
 40
3.0000
  1
# 785
  7
STANDARD
  0
POINT
  8
3
 10
-7348.9702
 20
1497.7800
  0
POINT
  8
3
 10
-7361.5498
 20
1482.1500
  0
POINT
  8
3
 10
-7375.0000
 20
1467.1400
  0
POINT
  8
3
 10
-7391.1499
 20
1450.5900
  0
POINT
  8
3
 10
-7408.1201
 20
1434.2300
  0
POINT
  8
3
 10
-7427.4102
 20
1416.4100
  0
POINT
  8
3
 10
-7435.8999
 20
1408.4200
  0
POINT
  8
3
 10
-7448.0498
 20
1396.8500
  0
POINT
  8
3
 10
-7453.2900
 20
1389.8199
  0
POINT
  8
3
 10
-7457.5098
 20
1381.9700
  0
POINT
  8
3
 10
-7460.7002
 20
1374.1100
  0
POINT
  8
2
 10
-7461.7998
 20
1369.5100
  0
TEXT
  8
14
 10
-7461.7998
 20
1369.5100
 40
3.0000
  1
# 786
  7
STANDARD
  0
POINT
  8
3
 10
-7463.9800
 20
1355.4000
  0
POINT
  8
3
 10
-7464.8301
 20
1341.1600
  0
POINT
  8
3
 10
-7464.9399
 20
1333.9301
  0
POINT
  8
2
 10
-7464.9399
 20
1327.6700
  0
TEXT
  8
14
 10
-7464.9399
 20
1327.6700
 40
3.0000
  1
# 787
  7
STANDARD
  0
POINT
  8
3
 10
-7511.3501
 20
1335.6300
  0
POINT
  8
3
 10
-7566.0698
 20
1344.3900
  0
POINT
  8
3
 10
-7615.3398
 20
1350.5900
  0
POINT
  8
3
 10
-7661.9902
 20
1354.2600
  0
POINT
  8
3
 10
-7707.4702
 20
1355.8600
  0
POINT
  8
3
 10
-7754.8799
 20
1356.9600
  0
POINT
  8
3
 10
-7806.0200
 20
1358.4301
  0
POINT
  8
3
 10
-7853.7402
 20
1360.0000
  0
POINT
  8
3
 10
-7898.2700
 20
1361.0699
  0
POINT
  8
4
 10
-7491.2300
 20
1508.6600
 30
5.0000
 50
270.0000
  0
POINT
  8
4
 10
-7461.7998
 20
1369.5100
 30
5.0000
 50
170.5565
  0
LINE
  8
7
 10
-7702.3301
 20
1467.9700
 11
-7446.0298
 21
1467.9700
  0
LINE
  8
5
 10
-7702.3301
 20
1467.9700
 11
-7446.0298
 21
1467.9700
  0
POINT
  8
2
 10
-7702.3301
 20
1467.9700
  0
TEXT
  8
7
 10
-7702.3301
 20
1467.9700
 40
3.0000
  1
# 788
  7
STANDARD
  0
POINT
  8
2
 10
-7446.0298
 20
1467.9700
  0
TEXT
  8
7
 10
-7446.0298
 20
1467.9700
 40
3.0000
  1
# 789
  7
STANDARD
  0
POLYLINE
  8
8
 66
1
 70
0
  0
VERTEX
  8
8
 10
-7831.7300
 20
1471.8700
  0
VERTEX
  8
8
 10
-7942.0298
 20
1447.6700
  0
SEQEND
  0
POLYLINE
  8
85
 66
1
 70
0
  0
VERTEX
  8
85
 10
-7831.7300
 20
1471.8700
  0
VERTEX
  8
85
 10
-7942.0298
 20
1447.6700
  0
SEQEND
  0
POINT
  8
2
 10
-7831.7300
 20
1471.8700
  0
TEXT
  8
8
 10
-7831.7300
 20
1471.8700
 40
3.0000
  1
# 790
  7
STANDARD
  0
POINT
  8
2
 10
-7942.0298
 20
1447.6700
  0
TEXT
  8
8
 10
-7942.0298
 20
1447.6700
 40
3.0000
  1
# 791
  7
STANDARD
  0
TEXT
  8
15
 10
-7601.8799
 20
1502.4700
 40
10
  50
0.0000
  1
LINING UNDER SLEEVE 2P
  7
STANDARD
  0
ENDBLK
  0
BLOCK
  8
0
  2
Lining Patch Pocket Lining_5036
 70
64
 10
0.0000
 20
0.0000
  0
TEXT
  8
1
 10
-8258.3203
 20
1921.3000
 40
3.0000
 50
0.0000
  1
Piece Name: Lining Patch Pocket Lining
  7
STANDARD
  0
TEXT
  8
1
 10
-8258.3203
 20
1925.3000
 40
3.0000
 50
0.0000
  1
SAMPLE SIZE:50
  7
STANDARD
  0
TEXT
  8
1
 10
-8258.3203
 20
1929.3000
 40
3.0000
 50
0.0000
  1
ANNOTATION: Cut 2
  7
STANDARD
  0
TEXT
  8
1
 10
-8258.3203
 20
1933.3000
 40
3.0000
 50
0.0000
  1
MATERIAL: Lining
  7
STANDARD
  0
TEXT
  8
1
 10
-8258.3203
 20
1937.3000
 40
3.0000
 50
0.0000
  1
QUANTITY: 1
  7
STANDARD
  0
POLYLINE
  8
1
 66
1
 70
1
  0
VERTEX
  8
1
 10
-8328.1396
 20
1996.3500
  0
VERTEX
  8
1
 10
-8188.5098
 20
1996.3500
  0
VERTEX
  8
1
 10
-8188.5098
 20
1846.2600
  0
VERTEX
  8
1
 10
-8328.1396
 20
1846.2600
  0
VERTEX
  8
1
 10
-8328.1396
 20
1996.3500
  0
SEQEND
  0
POLYLINE
  8
84
 66
1
 70
1
  0
VERTEX
  8
84
 10
-8328.1396
 20
1996.3500
  0
VERTEX
  8
84
 10
-8188.5098
 20
1996.3500
  0
VERTEX
  8
84
 10
-8188.5098
 20
1846.2600
  0
VERTEX
  8
84
 10
-8328.1396
 20
1846.2600
  0
VERTEX
  8
84
 10
-8328.1396
 20
1996.3500
  0
SEQEND
  0
POINT
  8
2
 10
-8328.1396
 20
1996.3500
  0
TEXT
  8
1
 10
-8328.1396
 20
1996.3500
 40
3.0000
  1
# 792
  7
STANDARD
  0
POINT
  8
2
 10
-8188.5098
 20
1996.3500
  0
TEXT
  8
1
 10
-8188.5098
 20
1996.3500
 40
3.0000
  1
# 793
  7
STANDARD
  0
POINT
  8
2
 10
-8188.5098
 20
1846.2600
  0
TEXT
  8
1
 10
-8188.5098
 20
1846.2600
 40
3.0000
  1
# 794
  7
STANDARD
  0
POINT
  8
2
 10
-8328.1396
 20
1846.2600
  0
TEXT
  8
1
 10
-8328.1396
 20
1846.2600
 40
3.0000
  1
# 795
  7
STANDARD
  0
POLYLINE
  8
14
 66
1
 70
1
  0
VERTEX
  8
14
 10
-8318.1396
 20
1986.3500
  0
VERTEX
  8
14
 10
-8198.5098
 20
1986.3500
  0
VERTEX
  8
14
 10
-8198.5098
 20
1856.2600
  0
VERTEX
  8
14
 10
-8318.1396
 20
1856.2600
  0
VERTEX
  8
14
 10
-8318.1396
 20
1986.3500
  0
SEQEND
  0
POLYLINE
  8
87
 66
1
 70
1
  0
VERTEX
  8
87
 10
-8318.1396
 20
1986.3500
  0
VERTEX
  8
87
 10
-8198.5098
 20
1986.3500
  0
VERTEX
  8
87
 10
-8198.5098
 20
1856.2600
  0
VERTEX
  8
87
 10
-8318.1396
 20
1856.2600
  0
VERTEX
  8
87
 10
-8318.1396
 20
1986.3500
  0
SEQEND
  0
POINT
  8
2
 10
-8318.1396
 20
1986.3500
  0
TEXT
  8
14
 10
-8318.1396
 20
1986.3500
 40
3.0000
  1
# 796
  7
STANDARD
  0
POINT
  8
2
 10
-8198.5098
 20
1986.3500
  0
TEXT
  8
14
 10
-8198.5098
 20
1986.3500
 40
3.0000
  1
# 797
  7
STANDARD
  0
POINT
  8
2
 10
-8198.5098
 20
1856.2600
  0
TEXT
  8
14
 10
-8198.5098
 20
1856.2600
 40
3.0000
  1
# 798
  7
STANDARD
  0
POINT
  8
2
 10
-8318.1396
 20
1856.2600
  0
TEXT
  8
14
 10
-8318.1396
 20
1856.2600
 40
3.0000
  1
# 799
  7
STANDARD
  0
LINE
  8
7
 10
-8290.4297
 20
1913.8101
 11
-8200.7305
 21
1913.8101
  0
LINE
  8
5
 10
-8290.4297
 20
1913.8101
 11
-8200.7305
 21
1913.8101
  0
POINT
  8
2
 10
-8290.4297
 20
1913.8101
  0
TEXT
  8
7
 10
-8290.4297
 20
1913.8101
 40
3.0000
  1
# 800
  7
STANDARD
  0
POINT
  8
2
 10
-8200.7305
 20
1913.8101
  0
TEXT
  8
7
 10
-8200.7305
 20
1913.8101
 40
3.0000
  1
# 801
  7
STANDARD
  0
ENDBLK
  0
BLOCK
  8
0
  2
FIG TEST CM 20 X CM 20_5037
 70
64
 10
0.0000
 20
0.0000
  0
TEXT
  8
1
 10
16.2500
 20
-71.7000
 40
3.0000
 50
0.0000
  1
Piece Name: FIG TEST CM 20 X CM 20
  7
STANDARD
  0
TEXT
  8
1
 10
16.2500
 20
-67.7000
 40
3.0000
 50
0.0000
  1
SAMPLE SIZE:50
  7
STANDARD
  0
TEXT
  8
1
 10
16.2500
 20
-63.7000
 40
3.0000
 50
0.0000
  1
ANNOTATION:  FIG TEST CM 20 X CM 20
  7
STANDARD
  0
TEXT
  8
1
 10
16.2500
 20
-59.7000
 40
3.0000
 50
0.0000
  1
MATERIAL: {Non Definito}
  7
STANDARD
  0
TEXT
  8
1
 10
16.2500
 20
-55.7000
 40
3.0000
 50
0.0000
  1
QUANTITY: 1
  7
STANDARD
  0
POLYLINE
  8
1
 66
1
 70
1
  0
VERTEX
  8
1
 10
116.2500
 20
20.0000
  0
VERTEX
  8
1
 10
116.2500
 20
-180.0000
  0
VERTEX
  8
1
 10
-83.7500
 20
-180.0000
  0
VERTEX
  8
1
 10
-83.7500
 20
20.0000
  0
VERTEX
  8
1
 10
116.2500
 20
20.0000
  0
SEQEND
  0
POLYLINE
  8
84
 66
1
 70
1
  0
VERTEX
  8
84
 10
116.2500
 20
20.0000
  0
VERTEX
  8
84
 10
116.2500
 20
-180.0000
  0
VERTEX
  8
84
 10
-83.7500
 20
-180.0000
  0
VERTEX
  8
84
 10
-83.7500
 20
20.0000
  0
VERTEX
  8
84
 10
116.2500
 20
20.0000
  0
SEQEND
  0
POINT
  8
2
 10
116.2500
 20
20.0000
  0
TEXT
  8
1
 10
116.2500
 20
20.0000
 40
3.0000
  1
# 802
  7
STANDARD
  0
POINT
  8
2
 10
116.2500
 20
-180.0000
  0
TEXT
  8
1
 10
116.2500
 20
-180.0000
 40
3.0000
  1
# 803
  7
STANDARD
  0
POINT
  8
2
 10
-83.7500
 20
-180.0000
  0
TEXT
  8
1
 10
-83.7500
 20
-180.0000
 40
3.0000
  1
# 804
  7
STANDARD
  0
POINT
  8
2
 10
-83.7500
 20
20.0000
  0
TEXT
  8
1
 10
-83.7500
 20
20.0000
 40
3.0000
  1
# 805
  7
STANDARD
  0
LINE
  8
7
 10
-22.3500
 20
0.0000
 11
85.2500
 21
0.0000
  0
LINE
  8
5
 10
-22.3500
 20
0.0000
 11
85.2500
 21
0.0000
  0
POINT
  8
2
 10
-22.3500
 20
0.0000
  0
TEXT
  8
7
 10
-22.3500
 20
0.0000
 40
3.0000
  1
# 806
  7
STANDARD
  0
POINT
  8
2
 10
85.2500
 20
0.0000
  0
TEXT
  8
7
 10
85.2500
 20
0.0000
 40
3.0000
  1
# 807
  7
STANDARD
  0
POLYLINE
  8
8
 66
1
 70
1
  0
VERTEX
  8
8
 10
106.2500
 20
10.0000
  0
VERTEX
  8
8
 10
106.2500
 20
-170.0000
  0
VERTEX
  8
8
 10
-73.7500
 20
-170.0000
  0
VERTEX
  8
8
 10
-73.7500
 20
10.0000
  0
VERTEX
  8
8
 10
106.2500
 20
10.0000
  0
SEQEND
  0
POLYLINE
  8
85
 66
1
 70
1
  0
VERTEX
  8
85
 10
106.2500
 20
10.0000
  0
VERTEX
  8
85
 10
106.2500
 20
-170.0000
  0
VERTEX
  8
85
 10
-73.7500
 20
-170.0000
  0
VERTEX
  8
85
 10
-73.7500
 20
10.0000
  0
VERTEX
  8
85
 10
106.2500
 20
10.0000
  0
SEQEND
  0
POINT
  8
2
 10
106.2500
 20
10.0000
  0
TEXT
  8
8
 10
106.2500
 20
10.0000
 40
3.0000
  1
# 808
  7
STANDARD
  0
POINT
  8
2
 10
106.2500
 20
-170.0000
  0
TEXT
  8
8
 10
106.2500
 20
-170.0000
 40
3.0000
  1
# 809
  7
STANDARD
  0
POINT
  8
2
 10
-73.7500
 20
-170.0000
  0
TEXT
  8
8
 10
-73.7500
 20
-170.0000
 40
3.0000
  1
# 810
  7
STANDARD
  0
POINT
  8
2
 10
-73.7500
 20
10.0000
  0
TEXT
  8
8
 10
-73.7500
 20
10.0000
 40
3.0000
  1
# 811
  7
STANDARD
  0
POLYLINE
  8
8
 66
1
 70
1
  0
VERTEX
  8
8
 10
106.2500
 20
10.0000
  0
VERTEX
  8
8
 10
106.2500
 20
-170.0000
  0
VERTEX
  8
8
 10
-73.7500
 20
-170.0000
  0
VERTEX
  8
8
 10
-73.7500
 20
10.0000
  0
VERTEX
  8
8
 10
106.2500
 20
10.0000
  0
SEQEND
  0
POLYLINE
  8
85
 66
1
 70
1
  0
VERTEX
  8
85
 10
106.2500
 20
10.0000
  0
VERTEX
  8
85
 10
106.2500
 20
-170.0000
  0
VERTEX
  8
85
 10
-73.7500
 20
-170.0000
  0
VERTEX
  8
85
 10
-73.7500
 20
10.0000
  0
VERTEX
  8
85
 10
106.2500
 20
10.0000
  0
SEQEND
  0
POINT
  8
2
 10
106.2500
 20
10.0000
  0
TEXT
  8
8
 10
106.2500
 20
10.0000
 40
3.0000
  1
# 812
  7
STANDARD
  0
POINT
  8
2
 10
106.2500
 20
-170.0000
  0
TEXT
  8
8
 10
106.2500
 20
-170.0000
 40
3.0000
  1
# 813
  7
STANDARD
  0
POINT
  8
2
 10
-73.7500
 20
-170.0000
  0
TEXT
  8
8
 10
-73.7500
 20
-170.0000
 40
3.0000
  1
# 814
  7
STANDARD
  0
POINT
  8
2
 10
-73.7500
 20
10.0000
  0
TEXT
  8
8
 10
-73.7500
 20
10.0000
 40
3.0000
  1
# 815
  7
STANDARD
  0
TEXT
  8
15
 10
4.5000
 20
36.6000
 40
10
  50
0.0000
  1
FIG TEST CM 20 X CM 20
  7
STANDARD
  0
ENDBLK
  0
BLOCK
  8
0
  2
Top Cuff_5038
 70
64
 10
0.0000
 20
0.0000
  0
TEXT
  8
1
 10
-4367.7798
 20
2005.8700
 40
3.0000
 50
0.0000
  1
Piece Name: Top Cuff
  7
STANDARD
  0
TEXT
  8
1
 10
-4367.7798
 20
2009.8700
 40
3.0000
 50
0.0000
  1
SAMPLE SIZE:50
  7
STANDARD
  0
TEXT
  8
1
 10
-4367.7798
 20
2013.8700
 40
3.0000
 50
0.0000
  1
ANNOTATION: Ready
  7
STANDARD
  0
TEXT
  8
1
 10
-4367.7798
 20
2017.8700
 40
3.0000
 50
0.0000
  1
MATERIAL: Ready
  7
STANDARD
  0
TEXT
  8
1
 10
-4367.7798
 20
2021.8700
 40
3.0000
 50
0.0000
  1
QUANTITY: 1
  7
STANDARD
  0
POLYLINE
  8
1
 66
1
 70
1
  0
VERTEX
  8
1
 10
-4332.0601
 20
1833.5200
  0
VERTEX
  8
1
 10
-4403.5200
 20
1833.5200
  0
VERTEX
  8
1
 10
-4403.5200
 20
2178.2400
  0
VERTEX
  8
1
 10
-4332.0601
 20
2178.2400
  0
VERTEX
  8
1
 10
-4332.0601
 20
2057.4299
  0
VERTEX
  8
1
 10
-4332.0601
 20
1867.2900
  0
VERTEX
  8
1
 10
-4332.0601
 20
1833.5200
  0
SEQEND
  0
POLYLINE
  8
84
 66
1
 70
1
  0
VERTEX
  8
84
 10
-4332.0601
 20
1833.5200
  0
VERTEX
  8
84
 10
-4403.5200
 20
1833.5200
  0
VERTEX
  8
84
 10
-4403.5200
 20
2178.2400
  0
VERTEX
  8
84
 10
-4332.0601
 20
2178.2400
  0
VERTEX
  8
84
 10
-4332.0601
 20
2057.4299
  0
VERTEX
  8
84
 10
-4332.0601
 20
1867.2900
  0
VERTEX
  8
84
 10
-4332.0601
 20
1833.5200
  0
SEQEND
  0
POINT
  8
2
 10
-4332.0601
 20
1833.5200
  0
POINT
  8
2
 10
-4403.5200
 20
1833.5200
  0
POINT
  8
2
 10
-4403.5200
 20
2178.2400
  0
POINT
  8
2
 10
-4332.0601
 20
2178.2400
  0
POINT
  8
2
 10
-4332.0601
 20
2057.4299
  0
POINT
  8
2
 10
-4332.0601
 20
1867.2900
  0
POINT
  8
4
 10
-4332.0601
 20
2057.4299
 30
5.0000
 50
180.0000
  0
POINT
  8
4
 10
-4332.0601
 20
1867.2900
 30
5.0000
 50
180.0000
  0
LINE
  8
7
 10
-4367.7900
 20
2115.3000
 11
-4367.7900
 21
1896.4600
  0
POINT
  8
2
 10
-4367.7900
 20
2115.3000
  0
TEXT
  8
7
 10
-4367.7900
 20
2115.3000
 40
3.0000
  1
# 816
  7
STANDARD
  0
POINT
  8
2
 10
-4367.7900
 20
1896.4600
  0
TEXT
  8
7
 10
-4367.7900
 20
1896.4600
 40
3.0000
  1
# 817
  7
STANDARD
  0
LINE
  8
5
 10
-4477.2100
 20
2005.8800
 11
-4258.3701
 21
2005.8800
  0
POINT
  8
2
 10
-4477.2100
 20
2005.8800
  0
POINT
  8
2
 10
-4258.3701
 20
2005.8800
  0
POINT
  8
13
 10
-4387.6699
 20
2152.0901
 30
10.0000
  0
TEXT
  8
13
 10
-4387.6699
 20
2152.0901
 40
3.0000
  1
# 818
  7
STANDARD
  0
POINT
  8
13
 10
-4388.0801
 20
1849.8900
 30
10.0000
  0
TEXT
  8
13
 10
-4388.0801
 20
1849.8900
 40
3.0000
  1
# 819
  7
STANDARD
  0
POINT
  8
13
 10
-4350.0801
 20
1849.3700
 30
10.0000
  0
TEXT
  8
13
 10
-4350.0801
 20
1849.3700
 40
3.0000
  1
# 820
  7
STANDARD
  0
POINT
  8
13
 10
-4350.4902
 20
2151.9900
 30
10.0000
  0
TEXT
  8
13
 10
-4350.4902
 20
2151.9900
 40
3.0000
  1
# 821
  7
STANDARD
  0
TEXT
  8
15
 10
-4346.7900
 20
1870.2100
 40
5
  50
270.0000
  1
SNAP
  7
STANDARD
  0
TEXT
  8
15
 10
-4383.7402
 20
1872.2000
 40
5
  50
270.0000
  1
SNAP
  7
STANDARD
  0
ENDBLK
  0
BLOCK
  8
0
  2
Front Sleeve_5039
 70
64
 10
0.0000
 20
0.0000
  0
TEXT
  8
1
 10
-3690.1399
 20
2198.5901
 40
3.0000
 50
0.0000
  1
Piece Name: Front Sleeve
  7
STANDARD
  0
TEXT
  8
1
 10
-3690.1399
 20
2202.5901
 40
3.0000
 50
0.0000
  1
SAMPLE SIZE:50
  7
STANDARD
  0
TEXT
  8
1
 10
-3690.1399
 20
2206.5901
 40
3.0000
 50
0.0000
  1
ANNOTATION: Ready
  7
STANDARD
  0
TEXT
  8
1
 10
-3690.1399
 20
2210.5901
 40
3.0000
 50
0.0000
  1
MATERIAL: Ready
  7
STANDARD
  0
TEXT
  8
1
 10
-3690.1399
 20
2214.5901
 40
3.0000
 50
0.0000
  1
QUANTITY: 1
  7
STANDARD
  0
POLYLINE
  8
1
 66
1
 70
1
  0
VERTEX
  8
1
 10
-3886.2900
 20
2091.6499
  0
VERTEX
  8
1
 10
-3892.8101
 20
2061.5300
  0
VERTEX
  8
1
 10
-3985.4099
 20
2081.3899
  0
VERTEX
  8
1
 10
-3977.7800
 20
2113.2500
  0
VERTEX
  8
1
 10
-3977.7100
 20
2113.8201
  0
VERTEX
  8
1
 10
-3972.3301
 20
2161.7000
  0
VERTEX
  8
1
 10
-3966.9399
 20
2218.6899
  0
VERTEX
  8
1
 10
-3962.2800
 20
2273.6299
  0
VERTEX
  8
1
 10
-3960.1499
 20
2302.6101
  0
VERTEX
  8
1
 10
-3932.1001
 20
2303.8601
  0
VERTEX
  8
1
 10
-3904.0601
 20
2305.4500
  0
VERTEX
  8
1
 10
-3876.0400
 20
2307.3999
  0
VERTEX
  8
1
 10
-3848.0500
 20
2309.6599
  0
VERTEX
  8
1
 10
-3820.0901
 20
2312.2300
  0
VERTEX
  8
1
 10
-3792.1499
 20
2315.0801
  0
VERTEX
  8
1
 10
-3764.2400
 20
2318.1799
  0
VERTEX
  8
1
 10
-3736.3601
 20
2321.5200
  0
VERTEX
  8
1
 10
-3708.5000
 20
2325.0701
  0
VERTEX
  8
1
 10
-3680.6699
 20
2328.8201
  0
VERTEX
  8
1
 10
-3652.8701
 20
2332.7700
  0
VERTEX
  8
1
 10
-3625.1001
 20
2336.9500
  0
VERTEX
  8
1
 10
-3597.3701
 20
2341.3799
  0
VERTEX
  8
1
 10
-3569.6799
 20
2346.0601
  0
VERTEX
  8
1
 10
-3542.0300
 20
2350.9800
  0
VERTEX
  8
1
 10
-3539.3000
 20
2339.5200
  0
VERTEX
  8
1
 10
-3535.0300
 20
2328.2100
  0
VERTEX
  8
1
 10
-3529.1899
 20
2316.8501
  0
VERTEX
  8
1
 10
-3522.6201
 20
2306.5100
  0
VERTEX
  8
1
 10
-3514.6799
 20
2296.5300
  0
VERTEX
  8
1
 10
-3504.4199
 20
2286.2600
  0
VERTEX
  8
1
 10
-3491.5100
 20
2275.2000
  0
VERTEX
  8
1
 10
-3476.4199
 20
2263.1101
  0
VERTEX
  8
1
 10
-3475.9700
 20
2262.7500
  0
VERTEX
  8
1
 10
-3472.2900
 20
2259.7800
  0
VERTEX
  8
1
 10
-3469.1499
 20
2257.0901
  0
VERTEX
  8
1
 10
-3465.0100
 20
2253.4900
  0
VERTEX
  8
1
 10
-3461.0500
 20
2250.0300
  0
VERTEX
  8
1
 10
-3450.4099
 20
2240.8799
  0
VERTEX
  8
1
 10
-3441.1899
 20
2232.8701
  0
VERTEX
  8
1
 10
-3435.5601
 20
2227.6001
  0
VERTEX
  8
1
 10
-3430.2700
 20
2221.7500
  0
VERTEX
  8
1
 10
-3424.5701
 20
2214.6599
  0
VERTEX
  8
1
 10
-3419.4199
 20
2207.7400
  0
VERTEX
  8
1
 10
-3415.5400
 20
2202.0200
  0
VERTEX
  8
1
 10
-3413.8501
 20
2199.3501
  0
VERTEX
  8
1
 10
-3409.3601
 20
2191.7000
  0
VERTEX
  8
1
 10
-3406.2000
 20
2186.0801
  0
VERTEX
  8
1
 10
-3404.1499
 20
2181.6101
  0
VERTEX
  8
1
 10
-3402.0300
 20
2175.9500
  0
VERTEX
  8
1
 10
-3399.7900
 20
2169.1399
  0
VERTEX
  8
1
 10
-3397.8201
 20
2161.9399
  0
VERTEX
  8
1
 10
-3396.5400
 20
2155.1201
  0
VERTEX
  8
1
 10
-3395.8999
 20
2150.3301
  0
VERTEX
  8
1
 10
-3395.6001
 20
2148.2600
  0
VERTEX
  8
1
 10
-3395.4700
 20
2146.1899
  0
VERTEX
  8
1
 10
-3394.8999
 20
2133.9099
  0
VERTEX
  8
1
 10
-3395.1899
 20
2119.7300
  0
VERTEX
  8
1
 10
-3396.5500
 20
2107.1599
  0
VERTEX
  8
1
 10
-3398.8201
 20
2095.8799
  0
VERTEX
  8
1
 10
-3401.9800
 20
2086.1599
  0
VERTEX
  8
1
 10
-3405.2500
 20
2078.6899
  0
VERTEX
  8
1
 10
-3408.3601
 20
2072.6799
  0
VERTEX
  8
1
 10
-3411.0801
 20
2067.9099
  0
VERTEX
  8
1
 10
-3414.2700
 20
2063.0701
  0
VERTEX
  8
1
 10
-3420.0100
 20
2053.7400
  0
VERTEX
  8
1
 10
-3421.9099
 20
2050.5901
  0
VERTEX
  8
1
 10
-3453.1299
 20
2049.3201
  0
VERTEX
  8
1
 10
-3484.3601
 20
2048.1399
  0
VERTEX
  8
1
 10
-3515.6001
 20
2047.1600
  0
VERTEX
  8
1
 10
-3546.8401
 20
2046.4700
  0
VERTEX
  8
1
 10
-3578.0901
 20
2046.2100
  0
VERTEX
  8
1
 10
-3609.3401
 20
2046.4600
  0
VERTEX
  8
1
 10
-3640.5701
 20
2047.3700
  0
VERTEX
  8
1
 10
-3671.7300
 20
2049.7300
  0
VERTEX
  8
1
 10
-3702.7300
 20
2053.6299
  0
VERTEX
  8
1
 10
-3733.5601
 20
2058.7200
  0
VERTEX
  8
1
 10
-3764.2400
 20
2064.6599
  0
VERTEX
  8
1
 10
-3794.8101
 20
2071.1499
  0
VERTEX
  8
1
 10
-3825.3301
 20
2077.8601
  0
VERTEX
  8
1
 10
-3855.8301
 20
2084.6699
  0
VERTEX
  8
1
 10
-3886.2900
 20
2091.6499
  0
SEQEND
  0
POLYLINE
  8
84
 66
1
 70
1
  0
VERTEX
  8
84
 10
-3886.2900
 20
2091.6499
  0
VERTEX
  8
84
 10
-3892.8101
 20
2061.5300
  0
VERTEX
  8
84
 10
-3985.4099
 20
2081.3899
  0
VERTEX
  8
84
 10
-3977.7800
 20
2113.2500
  0
VERTEX
  8
84
 10
-3977.7100
 20
2113.8201
  0
VERTEX
  8
84
 10
-3974.9399
 20
2137.4099
  0
VERTEX
  8
84
 10
-3972.3301
 20
2161.7000
  0
VERTEX
  8
84
 10
-3969.8201
 20
2187.2700
  0
VERTEX
  8
84
 10
-3966.9399
 20
2218.6899
  0
VERTEX
  8
84
 10
-3964.3101
 20
2248.7400
  0
VERTEX
  8
84
 10
-3962.2800
 20
2273.6299
  0
VERTEX
  8
84
 10
-3960.1499
 20
2302.6101
  0
VERTEX
  8
84
 10
-3932.1001
 20
2303.8601
  0
VERTEX
  8
84
 10
-3904.0601
 20
2305.4500
  0
VERTEX
  8
84
 10
-3876.0400
 20
2307.3999
  0
VERTEX
  8
84
 10
-3848.0500
 20
2309.6599
  0
VERTEX
  8
84
 10
-3820.0901
 20
2312.2300
  0
VERTEX
  8
84
 10
-3792.1499
 20
2315.0801
  0
VERTEX
  8
84
 10
-3764.2400
 20
2318.1799
  0
VERTEX
  8
84
 10
-3736.3601
 20
2321.5200
  0
VERTEX
  8
84
 10
-3708.5000
 20
2325.0701
  0
VERTEX
  8
84
 10
-3680.6699
 20
2328.8201
  0
VERTEX
  8
84
 10
-3652.8701
 20
2332.7700
  0
VERTEX
  8
84
 10
-3625.1001
 20
2336.9500
  0
VERTEX
  8
84
 10
-3597.3701
 20
2341.3799
  0
VERTEX
  8
84
 10
-3569.6799
 20
2346.0601
  0
VERTEX
  8
84
 10
-3542.0300
 20
2350.9800
  0
VERTEX
  8
84
 10
-3540.8501
 20
2345.2000
  0
VERTEX
  8
84
 10
-3539.3000
 20
2339.5200
  0
VERTEX
  8
84
 10
-3537.3601
 20
2333.8701
  0
VERTEX
  8
84
 10
-3535.0300
 20
2328.2100
  0
VERTEX
  8
84
 10
-3532.3501
 20
2322.6399
  0
VERTEX
  8
84
 10
-3529.1899
 20
2316.8501
  0
VERTEX
  8
84
 10
-3525.9299
 20
2311.4600
  0
VERTEX
  8
84
 10
-3522.6201
 20
2306.5100
  0
VERTEX
  8
84
 10
-3518.7900
 20
2301.3999
  0
VERTEX
  8
84
 10
-3514.6799
 20
2296.5300
  0
VERTEX
  8
84
 10
-3509.9299
 20
2291.5100
  0
VERTEX
  8
84
 10
-3504.4199
 20
2286.2600
  0
VERTEX
  8
84
 10
-3498.6699
 20
2281.1899
  0
VERTEX
  8
84
 10
-3491.5100
 20
2275.2000
  0
VERTEX
  8
84
 10
-3484.0000
 20
2269.1101
  0
VERTEX
  8
84
 10
-3476.4199
 20
2263.1101
  0
VERTEX
  8
84
 10
-3475.9700
 20
2262.7500
  0
VERTEX
  8
84
 10
-3472.2900
 20
2259.7800
  0
VERTEX
  8
84
 10
-3469.1499
 20
2257.0901
  0
VERTEX
  8
84
 10
-3465.0100
 20
2253.4900
  0
VERTEX
  8
84
 10
-3461.0500
 20
2250.0300
  0
VERTEX
  8
84
 10
-3450.4099
 20
2240.8799
  0
VERTEX
  8
84
 10
-3441.1899
 20
2232.8701
  0
VERTEX
  8
84
 10
-3438.0400
 20
2230.0100
  0
VERTEX
  8
84
 10
-3435.5601
 20
2227.6001
  0
VERTEX
  8
84
 10
-3433.0200
 20
2224.9099
  0
VERTEX
  8
84
 10
-3430.2700
 20
2221.7500
  0
VERTEX
  8
84
 10
-3424.5701
 20
2214.6599
  0
VERTEX
  8
84
 10
-3419.4199
 20
2207.7400
  0
VERTEX
  8
84
 10
-3415.5400
 20
2202.0200
  0
VERTEX
  8
84
 10
-3413.8501
 20
2199.3501
  0
VERTEX
  8
84
 10
-3409.3601
 20
2191.7000
  0
VERTEX
  8
84
 10
-3406.2000
 20
2186.0801
  0
VERTEX
  8
84
 10
-3404.1499
 20
2181.6101
  0
VERTEX
  8
84
 10
-3402.0300
 20
2175.9500
  0
VERTEX
  8
84
 10
-3399.7900
 20
2169.1399
  0
VERTEX
  8
84
 10
-3398.6799
 20
2165.3501
  0
VERTEX
  8
84
 10
-3397.8201
 20
2161.9399
  0
VERTEX
  8
84
 10
-3397.1201
 20
2158.5801
  0
VERTEX
  8
84
 10
-3396.5400
 20
2155.1201
  0
VERTEX
  8
84
 10
-3395.8999
 20
2150.3301
  0
VERTEX
  8
84
 10
-3395.6001
 20
2148.2600
  0
VERTEX
  8
84
 10
-3395.4700
 20
2146.1899
  0
VERTEX
  8
84
 10
-3395.0901
 20
2139.3601
  0
VERTEX
  8
84
 10
-3394.8999
 20
2133.9099
  0
VERTEX
  8
84
 10
-3394.8899
 20
2126.7100
  0
VERTEX
  8
84
 10
-3395.1899
 20
2119.7300
  0
VERTEX
  8
84
 10
-3395.7400
 20
2113.4299
  0
VERTEX
  8
84
 10
-3396.5500
 20
2107.1599
  0
VERTEX
  8
84
 10
-3397.5901
 20
2101.2400
  0
VERTEX
  8
84
 10
-3398.8201
 20
2095.8799
  0
VERTEX
  8
84
 10
-3400.2500
 20
2091.0100
  0
VERTEX
  8
84
 10
-3401.9800
 20
2086.1599
  0
VERTEX
  8
84
 10
-3403.5200
 20
2082.4299
  0
VERTEX
  8
84
 10
-3405.2500
 20
2078.6899
  0
VERTEX
  8
84
 10
-3408.3601
 20
2072.6799
  0
VERTEX
  8
84
 10
-3411.0801
 20
2067.9099
  0
VERTEX
  8
84
 10
-3414.2700
 20
2063.0701
  0
VERTEX
  8
84
 10
-3417.2200
 20
2058.4600
  0
VERTEX
  8
84
 10
-3420.0100
 20
2053.7400
  0
VERTEX
  8
84
 10
-3421.9099
 20
2050.5901
  0
VERTEX
  8
84
 10
-3453.1299
 20
2049.3201
  0
VERTEX
  8
84
 10
-3484.3601
 20
2048.1399
  0
VERTEX
  8
84
 10
-3515.6001
 20
2047.1600
  0
VERTEX
  8
84
 10
-3546.8401
 20
2046.4700
  0
VERTEX
  8
84
 10
-3562.7400
 20
2046.2800
  0
VERTEX
  8
84
 10
-3578.0901
 20
2046.2100
  0
VERTEX
  8
84
 10
-3593.4299
 20
2046.2700
  0
VERTEX
  8
84
 10
-3609.3401
 20
2046.4600
  0
VERTEX
  8
84
 10
-3626.4399
 20
2046.8300
  0
VERTEX
  8
84
 10
-3640.5701
 20
2047.3700
  0
VERTEX
  8
84
 10
-3648.3401
 20
2047.8000
  0
VERTEX
  8
84
 10
-3656.1201
 20
2048.3401
  0
VERTEX
  8
84
 10
-3663.9199
 20
2048.9800
  0
VERTEX
  8
84
 10
-3671.7300
 20
2049.7300
  0
VERTEX
  8
84
 10
-3686.8601
 20
2051.4600
  0
VERTEX
  8
84
 10
-3702.7300
 20
2053.6299
  0
VERTEX
  8
84
 10
-3717.7400
 20
2055.9800
  0
VERTEX
  8
84
 10
-3733.5601
 20
2058.7200
  0
VERTEX
  8
84
 10
-3748.4399
 20
2061.5100
  0
VERTEX
  8
84
 10
-3764.2400
 20
2064.6599
  0
VERTEX
  8
84
 10
-3794.8101
 20
2071.1499
  0
VERTEX
  8
84
 10
-3825.3301
 20
2077.8601
  0
VERTEX
  8
84
 10
-3855.8301
 20
2084.6699
  0
VERTEX
  8
84
 10
-3886.2900
 20
2091.6499
  0
SEQEND
  0
POINT
  8
2
 10
-3886.2900
 20
2091.6499
  0
TEXT
  8
1
 10
-3886.2900
 20
2091.6499
 40
3.0000
  1
# 822
  7
STANDARD
  0
POINT
  8
2
 10
-3892.8101
 20
2061.5300
  0
TEXT
  8
1
 10
-3892.8101
 20
2061.5300
 40
3.0000
  1
# 823
  7
STANDARD
  0
POINT
  8
2
 10
-3985.4099
 20
2081.3899
  0
TEXT
  8
1
 10
-3985.4099
 20
2081.3899
 40
3.0000
  1
# 824
  7
STANDARD
  0
POINT
  8
2
 10
-3977.7800
 20
2113.2500
  0
TEXT
  8
1
 10
-3977.7800
 20
2113.2500
 40
3.0000
  1
# 825
  7
STANDARD
  0
POINT
  8
3
 10
-3977.7100
 20
2113.8201
  0
TEXT
  8
1
 10
-3977.7100
 20
2113.8201
 40
3.0000
  1
# 826
  7
STANDARD
  0
POINT
  8
3
 10
-3972.3301
 20
2161.7000
  0
POINT
  8
3
 10
-3966.9399
 20
2218.6899
  0
POINT
  8
3
 10
-3962.2800
 20
2273.6299
  0
POINT
  8
2
 10
-3960.1499
 20
2302.6101
  0
TEXT
  8
1
 10
-3960.1499
 20
2302.6101
 40
3.0000
  1
# 827
  7
STANDARD
  0
POINT
  8
3
 10
-3932.1001
 20
2303.8601
  0
POINT
  8
3
 10
-3904.0601
 20
2305.4500
  0
POINT
  8
3
 10
-3876.0400
 20
2307.3999
  0
POINT
  8
3
 10
-3848.0500
 20
2309.6599
  0
POINT
  8
3
 10
-3820.0901
 20
2312.2300
  0
POINT
  8
3
 10
-3792.1499
 20
2315.0801
  0
POINT
  8
3
 10
-3764.2400
 20
2318.1799
  0
POINT
  8
3
 10
-3736.3601
 20
2321.5200
  0
POINT
  8
3
 10
-3708.5000
 20
2325.0701
  0
POINT
  8
3
 10
-3680.6699
 20
2328.8201
  0
POINT
  8
3
 10
-3652.8701
 20
2332.7700
  0
POINT
  8
3
 10
-3625.1001
 20
2336.9500
  0
POINT
  8
3
 10
-3597.3701
 20
2341.3799
  0
POINT
  8
3
 10
-3569.6799
 20
2346.0601
  0
POINT
  8
2
 10
-3542.0300
 20
2350.9800
  0
TEXT
  8
1
 10
-3542.0300
 20
2350.9800
 40
3.0000
  1
# 828
  7
STANDARD
  0
POINT
  8
3
 10
-3539.3000
 20
2339.5200
  0
POINT
  8
3
 10
-3535.0300
 20
2328.2100
  0
POINT
  8
3
 10
-3529.1899
 20
2316.8501
  0
POINT
  8
3
 10
-3522.6201
 20
2306.5100
  0
POINT
  8
3
 10
-3514.6799
 20
2296.5300
  0
POINT
  8
3
 10
-3504.4199
 20
2286.2600
  0
POINT
  8
3
 10
-3491.5100
 20
2275.2000
  0
POINT
  8
2
 10
-3476.4199
 20
2263.1101
  0
TEXT
  8
1
 10
-3476.4199
 20
2263.1101
 40
3.0000
  1
# 829
  7
STANDARD
  0
POINT
  8
3
 10
-3475.9700
 20
2262.7500
  0
TEXT
  8
1
 10
-3475.9700
 20
2262.7500
 40
3.0000
  1
# 830
  7
STANDARD
  0
POINT
  8
3
 10
-3472.2900
 20
2259.7800
  0
POINT
  8
3
 10
-3469.1499
 20
2257.0901
  0
POINT
  8
3
 10
-3465.0100
 20
2253.4900
  0
POINT
  8
2
 10
-3461.0500
 20
2250.0300
  0
TEXT
  8
1
 10
-3461.0500
 20
2250.0300
 40
3.0000
  1
# 831
  7
STANDARD
  0
POINT
  8
3
 10
-3450.4099
 20
2240.8799
  0
POINT
  8
3
 10
-3441.1899
 20
2232.8701
  0
POINT
  8
3
 10
-3435.5601
 20
2227.6001
  0
POINT
  8
3
 10
-3430.2700
 20
2221.7500
  0
POINT
  8
3
 10
-3424.5701
 20
2214.6599
  0
POINT
  8
3
 10
-3419.4199
 20
2207.7400
  0
POINT
  8
3
 10
-3415.5400
 20
2202.0200
  0
POINT
  8
2
 10
-3413.8501
 20
2199.3501
  0
TEXT
  8
1
 10
-3413.8501
 20
2199.3501
 40
3.0000
  1
# 832
  7
STANDARD
  0
POINT
  8
3
 10
-3409.3601
 20
2191.7000
  0
POINT
  8
3
 10
-3406.2000
 20
2186.0801
  0
POINT
  8
3
 10
-3404.1499
 20
2181.6101
  0
POINT
  8
3
 10
-3402.0300
 20
2175.9500
  0
POINT
  8
3
 10
-3399.7900
 20
2169.1399
  0
POINT
  8
3
 10
-3397.8201
 20
2161.9399
  0
POINT
  8
3
 10
-3396.5400
 20
2155.1201
  0
POINT
  8
3
 10
-3395.8999
 20
2150.3301
  0
TEXT
  8
1
 10
-3395.8999
 20
2150.3301
 40
3.0000
  1
# 833
  7
STANDARD
  0
POINT
  8
2
 10
-3395.6001
 20
2148.2600
  0
TEXT
  8
1
 10
-3395.6001
 20
2148.2600
 40
3.0000
  1
# 834
  7
STANDARD
  0
POINT
  8
3
 10
-3395.4700
 20
2146.1899
  0
TEXT
  8
1
 10
-3395.4700
 20
2146.1899
 40
3.0000
  1
# 835
  7
STANDARD
  0
POINT
  8
3
 10
-3394.8999
 20
2133.9099
  0
POINT
  8
3
 10
-3395.1899
 20
2119.7300
  0
POINT
  8
3
 10
-3396.5500
 20
2107.1599
  0
POINT
  8
3
 10
-3398.8201
 20
2095.8799
  0
POINT
  8
3
 10
-3401.9800
 20
2086.1599
  0
POINT
  8
3
 10
-3405.2500
 20
2078.6899
  0
POINT
  8
3
 10
-3408.3601
 20
2072.6799
  0
POINT
  8
3
 10
-3411.0801
 20
2067.9099
  0
POINT
  8
3
 10
-3414.2700
 20
2063.0701
  0
POINT
  8
2
 10
-3420.0100
 20
2053.7400
  0
TEXT
  8
1
 10
-3420.0100
 20
2053.7400
 40
3.0000
  1
# 836
  7
STANDARD
  0
POINT
  8
2
 10
-3421.9099
 20
2050.5901
  0
TEXT
  8
1
 10
-3421.9099
 20
2050.5901
 40
3.0000
  1
# 837
  7
STANDARD
  0
POINT
  8
3
 10
-3453.1299
 20
2049.3201
  0
POINT
  8
3
 10
-3484.3601
 20
2048.1399
  0
POINT
  8
3
 10
-3515.6001
 20
2047.1600
  0
POINT
  8
3
 10
-3546.8401
 20
2046.4700
  0
POINT
  8
3
 10
-3578.0901
 20
2046.2100
  0
POINT
  8
3
 10
-3609.3401
 20
2046.4600
  0
POINT
  8
3
 10
-3640.5701
 20
2047.3700
  0
POINT
  8
3
 10
-3671.7300
 20
2049.7300
  0
POINT
  8
3
 10
-3702.7300
 20
2053.6299
  0
POINT
  8
3
 10
-3733.5601
 20
2058.7200
  0
POINT
  8
3
 10
-3764.2400
 20
2064.6599
  0
POINT
  8
3
 10
-3794.8101
 20
2071.1499
  0
POINT
  8
3
 10
-3825.3301
 20
2077.8601
  0
POINT
  8
3
 10
-3855.8301
 20
2084.6699
  0
POINT
  8
4
 10
-3977.7100
 20
2113.8201
 30
5.0000
 50
355.9798
  0
POINT
  8
4
 10
-3475.9700
 20
2262.7500
 30
5.0000
 50
231.6625
  0
POINT
  8
4
 10
-3461.0500
 20
2250.0300
 30
5.0000
 50
228.4045
  0
POINT
  8
4
 10
-3413.8501
 20
2199.3501
 30
5.0000
 50
211.9081
  0
POINT
  8
4
 10
-3395.6001
 20
2148.2600
 30
5.0000
 50
185.8589
  0
LINE
  8
7
 10
-3862.6899
 20
2198.3000
 11
-3519.3301
 21
2198.3000
  0
LINE
  8
5
 10
-3862.6899
 20
2198.3000
 11
-3519.3301
 21
2198.3000
  0
POINT
  8
2
 10
-3862.6899
 20
2198.3000
  0
TEXT
  8
7
 10
-3862.6899
 20
2198.3000
 40
3.0000
  1
# 838
  7
STANDARD
  0
POINT
  8
2
 10
-3519.3301
 20
2198.3000
  0
TEXT
  8
7
 10
-3519.3301
 20
2198.3000
 40
3.0000
  1
# 839
  7
STANDARD
  0
POLYLINE
  8
8
 66
1
 70
0
  0
VERTEX
  8
8
 10
-3885.1499
 20
2091.5901
  0
VERTEX
  8
8
 10
-3977.4399
 20
2112.7000
  0
SEQEND
  0
POLYLINE
  8
85
 66
1
 70
0
  0
VERTEX
  8
85
 10
-3885.1499
 20
2091.5901
  0
VERTEX
  8
85
 10
-3977.4399
 20
2112.7000
  0
SEQEND
  0
POINT
  8
2
 10
-3885.1499
 20
2091.5901
  0
TEXT
  8
8
 10
-3885.1499
 20
2091.5901
 40
3.0000
  1
# 840
  7
STANDARD
  0
POINT
  8
2
 10
-3977.4399
 20
2112.7000
  0
TEXT
  8
8
 10
-3977.4399
 20
2112.7000
 40
3.0000
  1
# 841
  7
STANDARD
  0
TEXT
  8
15
 10
-3943.5500
 20
2108.4700
 40
9.52
  50
349.8000
  1
TO BEND
  7
STANDARD
  0
ENDBLK
  0
BLOCK
  8
0
  2
Back Sleeve_5040
 70
64
 10
0.0000
 20
0.0000
  0
TEXT
  8
1
 10
-3734.8999
 20
1911.8500
 40
3.0000
 50
0.0000
  1
Piece Name: Back Sleeve
  7
STANDARD
  0
TEXT
  8
1
 10
-3734.8999
 20
1915.8500
 40
3.0000
 50
0.0000
  1
SAMPLE SIZE:50
  7
STANDARD
  0
TEXT
  8
1
 10
-3734.8999
 20
1919.8500
 40
3.0000
 50
0.0000
  1
ANNOTATION: Ready
  7
STANDARD
  0
TEXT
  8
1
 10
-3734.8999
 20
1923.8500
 40
3.0000
 50
0.0000
  1
MATERIAL: Ready
  7
STANDARD
  0
TEXT
  8
1
 10
-3734.8999
 20
1927.8500
 40
3.0000
 50
0.0000
  1
QUANTITY: 1
  7
STANDARD
  0
POLYLINE
  8
1
 66
1
 70
1
  0
VERTEX
  8
1
 10
-3999.8000
 20
1857.3900
  0
VERTEX
  8
1
 10
-4001.4800
 20
1882.9700
  0
VERTEX
  8
1
 10
-4004.4199
 20
1908.4900
  0
VERTEX
  8
1
 10
-4009.9800
 20
1942.8300
  0
VERTEX
  8
1
 10
-4016.7400
 20
1976.6200
  0
VERTEX
  8
1
 10
-3925.1699
 20
1996.9399
  0
VERTEX
  8
1
 10
-3918.3899
 20
1966.8300
  0
VERTEX
  8
1
 10
-3887.8501
 20
1973.4100
  0
VERTEX
  8
1
 10
-3857.2100
 20
1979.5400
  0
VERTEX
  8
1
 10
-3826.4900
 20
1985.2100
  0
VERTEX
  8
1
 10
-3795.6699
 20
1990.3600
  0
VERTEX
  8
1
 10
-3764.7500
 20
1994.7800
  0
VERTEX
  8
1
 10
-3733.7200
 20
1998.4399
  0
VERTEX
  8
1
 10
-3702.5901
 20
2001.0699
  0
VERTEX
  8
1
 10
-3671.3799
 20
2002.5500
  0
VERTEX
  8
1
 10
-3640.1399
 20
2002.8500
  0
VERTEX
  8
1
 10
-3608.9099
 20
2002.1200
  0
VERTEX
  8
1
 10
-3577.7000
 20
2000.6200
  0
VERTEX
  8
1
 10
-3546.5300
 20
1998.5200
  0
VERTEX
  8
1
 10
-3515.3799
 20
1996.1500
  0
VERTEX
  8
1
 10
-3484.2300
 20
1993.7000
  0
VERTEX
  8
1
 10
-3453.0801
 20
1991.3199
  0
VERTEX
  8
1
 10
-3467.2300
 20
1975.4900
  0
VERTEX
  8
1
 10
-3481.7200
 20
1960.7000
  0
VERTEX
  8
1
 10
-3484.3301
 20
1958.1899
  0
VERTEX
  8
1
 10
-3498.9299
 20
1944.4800
  0
VERTEX
  8
1
 10
-3517.0000
 20
1928.7300
  0
VERTEX
  8
1
 10
-3538.8501
 20
1910.2900
  0
VERTEX
  8
1
 10
-3547.4299
 20
1902.8600
  0
VERTEX
  8
1
 10
-3560.0300
 20
1891.9700
  0
VERTEX
  8
1
 10
-3565.7400
 20
1885.0699
  0
VERTEX
  8
1
 10
-3570.4900
 20
1877.2700
  0
VERTEX
  8
1
 10
-3574.3101
 20
1868.6200
  0
VERTEX
  8
1
 10
-3574.8201
 20
1866.6500
  0
VERTEX
  8
1
 10
-3575.3701
 20
1864.9600
  0
VERTEX
  8
1
 10
-3578.4399
 20
1850.2300
  0
VERTEX
  8
1
 10
-3579.9800
 20
1835.4399
  0
VERTEX
  8
1
 10
-3580.7200
 20
1820.8700
  0
VERTEX
  8
1
 10
-3602.5601
 20
1824.6700
  0
VERTEX
  8
1
 10
-3624.4099
 20
1828.3800
  0
VERTEX
  8
1
 10
-3646.2800
 20
1831.9800
  0
VERTEX
  8
1
 10
-3668.2000
 20
1835.2900
  0
VERTEX
  8
1
 10
-3690.1699
 20
1838.2200
  0
VERTEX
  8
1
 10
-3712.1799
 20
1840.8400
  0
VERTEX
  8
1
 10
-3734.2500
 20
1842.9000
  0
VERTEX
  8
1
 10
-3756.3401
 20
1844.7200
  0
VERTEX
  8
1
 10
-3778.4099
 20
1846.7400
  0
VERTEX
  8
1
 10
-3800.5500
 20
1847.8000
  0
VERTEX
  8
1
 10
-3822.6699
 20
1849.1700
  0
VERTEX
  8
1
 10
-3844.8101
 20
1850.1899
  0
VERTEX
  8
1
 10
-3866.9500
 20
1851.1500
  0
VERTEX
  8
1
 10
-3889.1001
 20
1852.1899
  0
VERTEX
  8
1
 10
-3911.2300
 20
1853.2800
  0
VERTEX
  8
1
 10
-3933.3799
 20
1854.3199
  0
VERTEX
  8
1
 10
-3955.5200
 20
1855.3300
  0
VERTEX
  8
1
 10
-3977.6599
 20
1856.3400
  0
VERTEX
  8
1
 10
-3999.8000
 20
1857.3900
  0
SEQEND
  0
POLYLINE
  8
84
 66
1
 70
1
  0
VERTEX
  8
84
 10
-3999.8000
 20
1857.3900
  0
VERTEX
  8
84
 10
-4000.4800
 20
1870.1899
  0
VERTEX
  8
84
 10
-4001.4800
 20
1882.9700
  0
VERTEX
  8
84
 10
-4002.7800
 20
1895.5000
  0
VERTEX
  8
84
 10
-4004.4199
 20
1908.4900
  0
VERTEX
  8
84
 10
-4006.8999
 20
1925.0100
  0
VERTEX
  8
84
 10
-4009.9800
 20
1942.8300
  0
VERTEX
  8
84
 10
-4013.2200
 20
1959.7500
  0
VERTEX
  8
84
 10
-4016.7400
 20
1976.6200
  0
VERTEX
  8
84
 10
-3925.1699
 20
1996.9399
  0
VERTEX
  8
84
 10
-3918.3899
 20
1966.8300
  0
VERTEX
  8
84
 10
-3903.1299
 20
1970.1801
  0
VERTEX
  8
84
 10
-3887.8501
 20
1973.4100
  0
VERTEX
  8
84
 10
-3872.5200
 20
1976.5400
  0
VERTEX
  8
84
 10
-3857.2100
 20
1979.5400
  0
VERTEX
  8
84
 10
-3841.8501
 20
1982.4399
  0
VERTEX
  8
84
 10
-3826.4900
 20
1985.2100
  0
VERTEX
  8
84
 10
-3810.4099
 20
1987.9800
  0
VERTEX
  8
84
 10
-3795.6699
 20
1990.3600
  0
VERTEX
  8
84
 10
-3780.4700
 20
1992.6300
  0
VERTEX
  8
84
 10
-3764.7500
 20
1994.7800
  0
VERTEX
  8
84
 10
-3748.6299
 20
1996.7900
  0
VERTEX
  8
84
 10
-3733.7200
 20
1998.4399
  0
VERTEX
  8
84
 10
-3718.1001
 20
1999.9000
  0
VERTEX
  8
84
 10
-3702.5901
 20
2001.0699
  0
VERTEX
  8
84
 10
-3686.9199
 20
2001.9600
  0
VERTEX
  8
84
 10
-3671.3799
 20
2002.5500
  0
VERTEX
  8
84
 10
-3655.9399
 20
2002.8400
  0
VERTEX
  8
84
 10
-3640.1399
 20
2002.8500
  0
VERTEX
  8
84
 10
-3625.0100
 20
2002.6100
  0
VERTEX
  8
84
 10
-3608.9099
 20
2002.1200
  0
VERTEX
  8
84
 10
-3593.4099
 20
2001.4600
  0
VERTEX
  8
84
 10
-3577.7000
 20
2000.6200
  0
VERTEX
  8
84
 10
-3563.4099
 20
1999.7100
  0
VERTEX
  8
84
 10
-3546.5300
 20
1998.5200
  0
VERTEX
  8
84
 10
-3515.3799
 20
1996.1500
  0
VERTEX
  8
84
 10
-3484.2300
 20
1993.7000
  0
VERTEX
  8
84
 10
-3453.0801
 20
1991.3199
  0
VERTEX
  8
84
 10
-3460.0701
 20
1983.3300
  0
VERTEX
  8
84
 10
-3467.2300
 20
1975.4900
  0
VERTEX
  8
84
 10
-3474.5601
 20
1967.8300
  0
VERTEX
  8
84
 10
-3481.7200
 20
1960.7000
  0
VERTEX
  8
84
 10
-3484.3301
 20
1958.1899
  0
VERTEX
  8
84
 10
-3492.4099
 20
1950.5200
  0
VERTEX
  8
84
 10
-3498.9299
 20
1944.4800
  0
VERTEX
  8
84
 10
-3507.3401
 20
1936.9900
  0
VERTEX
  8
84
 10
-3517.0000
 20
1928.7300
  0
VERTEX
  8
84
 10
-3531.4399
 20
1916.6300
  0
VERTEX
  8
84
 10
-3538.8501
 20
1910.2900
  0
VERTEX
  8
84
 10
-3547.4299
 20
1902.8600
  0
VERTEX
  8
84
 10
-3555.5400
 20
1896.1600
  0
VERTEX
  8
84
 10
-3557.9500
 20
1894.0000
  0
VERTEX
  8
84
 10
-3560.0300
 20
1891.9700
  0
VERTEX
  8
84
 10
-3563.0200
 20
1888.6400
  0
VERTEX
  8
84
 10
-3565.7400
 20
1885.0699
  0
VERTEX
  8
84
 10
-3568.0200
 20
1881.5699
  0
VERTEX
  8
84
 10
-3570.4900
 20
1877.2700
  0
VERTEX
  8
84
 10
-3571.8799
 20
1874.6600
  0
VERTEX
  8
84
 10
-3572.8999
 20
1872.5100
  0
VERTEX
  8
84
 10
-3573.7100
 20
1870.5100
  0
VERTEX
  8
84
 10
-3574.3101
 20
1868.6200
  0
VERTEX
  8
84
 10
-3574.8201
 20
1866.6500
  0
VERTEX
  8
84
 10
-3575.3701
 20
1864.9600
  0
VERTEX
  8
84
 10
-3576.3000
 20
1861.3000
  0
VERTEX
  8
84
 10
-3577.1201
 20
1857.6300
  0
VERTEX
  8
84
 10
-3577.8301
 20
1853.9399
  0
VERTEX
  8
84
 10
-3578.4399
 20
1850.2300
  0
VERTEX
  8
84
 10
-3579.2900
 20
1843.4100
  0
VERTEX
  8
84
 10
-3579.9800
 20
1835.4399
  0
VERTEX
  8
84
 10
-3580.4199
 20
1828.1600
  0
VERTEX
  8
84
 10
-3580.7200
 20
1820.8700
  0
VERTEX
  8
84
 10
-3602.5601
 20
1824.6700
  0
VERTEX
  8
84
 10
-3624.4099
 20
1828.3800
  0
VERTEX
  8
84
 10
-3646.2800
 20
1831.9800
  0
VERTEX
  8
84
 10
-3668.2000
 20
1835.2900
  0
VERTEX
  8
84
 10
-3690.1699
 20
1838.2200
  0
VERTEX
  8
84
 10
-3702.2100
 20
1839.7100
  0
VERTEX
  8
84
 10
-3712.1799
 20
1840.8400
  0
VERTEX
  8
84
 10
-3722.7400
 20
1841.8900
  0
VERTEX
  8
84
 10
-3734.2500
 20
1842.9000
  0
VERTEX
  8
84
 10
-3756.3401
 20
1844.7200
  0
VERTEX
  8
84
 10
-3770.8401
 20
1846.1200
  0
VERTEX
  8
84
 10
-3778.4099
 20
1846.7400
  0
VERTEX
  8
84
 10
-3785.3000
 20
1847.1300
  0
VERTEX
  8
84
 10
-3800.5500
 20
1847.8000
  0
VERTEX
  8
84
 10
-3822.6699
 20
1849.1700
  0
VERTEX
  8
84
 10
-3844.8101
 20
1850.1899
  0
VERTEX
  8
84
 10
-3866.9500
 20
1851.1500
  0
VERTEX
  8
84
 10
-3889.1001
 20
1852.1899
  0
VERTEX
  8
84
 10
-3911.2300
 20
1853.2800
  0
VERTEX
  8
84
 10
-3933.3799
 20
1854.3199
  0
VERTEX
  8
84
 10
-3955.5200
 20
1855.3300
  0
VERTEX
  8
84
 10
-3977.6599
 20
1856.3400
  0
VERTEX
  8
84
 10
-3999.8000
 20
1857.3900
  0
SEQEND
  0
POINT
  8
2
 10
-3999.8000
 20
1857.3900
  0
TEXT
  8
1
 10
-3999.8000
 20
1857.3900
 40
3.0000
  1
# 842
  7
STANDARD
  0
POINT
  8
3
 10
-4001.4800
 20
1882.9700
  0
POINT
  8
3
 10
-4004.4199
 20
1908.4900
  0
POINT
  8
3
 10
-4009.9800
 20
1942.8300
  0
POINT
  8
2
 10
-4016.7400
 20
1976.6200
  0
TEXT
  8
1
 10
-4016.7400
 20
1976.6200
 40
3.0000
  1
# 843
  7
STANDARD
  0
POINT
  8
2
 10
-3925.1699
 20
1996.9399
  0
TEXT
  8
1
 10
-3925.1699
 20
1996.9399
 40
3.0000
  1
# 844
  7
STANDARD
  0
POINT
  8
2
 10
-3918.3899
 20
1966.8300
  0
TEXT
  8
1
 10
-3918.3899
 20
1966.8300
 40
3.0000
  1
# 845
  7
STANDARD
  0
POINT
  8
3
 10
-3887.8501
 20
1973.4100
  0
POINT
  8
3
 10
-3857.2100
 20
1979.5400
  0
POINT
  8
3
 10
-3826.4900
 20
1985.2100
  0
POINT
  8
3
 10
-3795.6699
 20
1990.3600
  0
POINT
  8
3
 10
-3764.7500
 20
1994.7800
  0
POINT
  8
3
 10
-3733.7200
 20
1998.4399
  0
POINT
  8
3
 10
-3702.5901
 20
2001.0699
  0
POINT
  8
3
 10
-3671.3799
 20
2002.5500
  0
POINT
  8
3
 10
-3640.1399
 20
2002.8500
  0
POINT
  8
3
 10
-3608.9099
 20
2002.1200
  0
POINT
  8
3
 10
-3577.7000
 20
2000.6200
  0
POINT
  8
3
 10
-3546.5300
 20
1998.5200
  0
POINT
  8
3
 10
-3515.3799
 20
1996.1500
  0
POINT
  8
3
 10
-3484.2300
 20
1993.7000
  0
POINT
  8
2
 10
-3453.0801
 20
1991.3199
  0
TEXT
  8
1
 10
-3453.0801
 20
1991.3199
 40
3.0000
  1
# 846
  7
STANDARD
  0
POINT
  8
3
 10
-3467.2300
 20
1975.4900
  0
POINT
  8
3
 10
-3481.7200
 20
1960.7000
  0
POINT
  8
3
 10
-3484.3301
 20
1958.1899
  0
TEXT
  8
1
 10
-3484.3301
 20
1958.1899
 40
3.0000
  1
# 847
  7
STANDARD
  0
POINT
  8
3
 10
-3498.9299
 20
1944.4800
  0
POINT
  8
3
 10
-3517.0000
 20
1928.7300
  0
POINT
  8
3
 10
-3538.8501
 20
1910.2900
  0
POINT
  8
3
 10
-3547.4299
 20
1902.8600
  0
POINT
  8
3
 10
-3560.0300
 20
1891.9700
  0
POINT
  8
3
 10
-3565.7400
 20
1885.0699
  0
POINT
  8
3
 10
-3570.4900
 20
1877.2700
  0
POINT
  8
3
 10
-3574.3101
 20
1868.6200
  0
POINT
  8
3
 10
-3574.8201
 20
1866.6500
  0
POINT
  8
2
 10
-3575.3701
 20
1864.9600
  0
TEXT
  8
1
 10
-3575.3701
 20
1864.9600
 40
3.0000
  1
# 848
  7
STANDARD
  0
POINT
  8
3
 10
-3578.4399
 20
1850.2300
  0
POINT
  8
3
 10
-3579.9800
 20
1835.4399
  0
POINT
  8
2
 10
-3580.7200
 20
1820.8700
  0
TEXT
  8
1
 10
-3580.7200
 20
1820.8700
 40
3.0000
  1
# 849
  7
STANDARD
  0
POINT
  8
3
 10
-3602.5601
 20
1824.6700
  0
POINT
  8
3
 10
-3624.4099
 20
1828.3800
  0
POINT
  8
3
 10
-3646.2800
 20
1831.9800
  0
POINT
  8
3
 10
-3668.2000
 20
1835.2900
  0
POINT
  8
3
 10
-3690.1699
 20
1838.2200
  0
POINT
  8
3
 10
-3712.1799
 20
1840.8400
  0
POINT
  8
3
 10
-3734.2500
 20
1842.9000
  0
POINT
  8
3
 10
-3756.3401
 20
1844.7200
  0
POINT
  8
3
 10
-3778.4099
 20
1846.7400
  0
POINT
  8
3
 10
-3800.5500
 20
1847.8000
  0
POINT
  8
3
 10
-3822.6699
 20
1849.1700
  0
POINT
  8
3
 10
-3844.8101
 20
1850.1899
  0
POINT
  8
3
 10
-3866.9500
 20
1851.1500
  0
POINT
  8
3
 10
-3889.1001
 20
1852.1899
  0
POINT
  8
3
 10
-3911.2300
 20
1853.2800
  0
POINT
  8
3
 10
-3933.3799
 20
1854.3199
  0
POINT
  8
3
 10
-3955.5200
 20
1855.3300
  0
POINT
  8
3
 10
-3977.6599
 20
1856.3400
  0
POINT
  8
4
 10
-3575.3701
 20
1864.9600
 30
5.0000
 50
167.7693
  0
LINE
  8
7
 10
-3915.5400
 20
1911.8000
 11
-3626.4399
 21
1911.8000
  0
LINE
  8
5
 10
-3915.5400
 20
1911.8000
 11
-3626.4399
 21
1911.8000
  0
POINT
  8
2
 10
-3915.5400
 20
1911.8000
  0
TEXT
  8
7
 10
-3915.5400
 20
1911.8000
 40
3.0000
  1
# 850
  7
STANDARD
  0
POINT
  8
2
 10
-3626.4399
 20
1911.8000
  0
TEXT
  8
7
 10
-3626.4399
 20
1911.8000
 40
3.0000
  1
# 851
  7
STANDARD
  0
POLYLINE
  8
8
 66
1
 70
0
  0
VERTEX
  8
8
 10
-3920.7900
 20
1965.6000
  0
VERTEX
  8
8
 10
-4009.2700
 20
1946.3400
  0
SEQEND
  0
POLYLINE
  8
85
 66
1
 70
0
  0
VERTEX
  8
85
 10
-3920.7900
 20
1965.6000
  0
VERTEX
  8
85
 10
-4009.2700
 20
1946.3400
  0
SEQEND
  0
POINT
  8
2
 10
-3920.7900
 20
1965.6000
  0
TEXT
  8
8
 10
-3920.7900
 20
1965.6000
 40
3.0000
  1
# 852
  7
STANDARD
  0
POINT
  8
2
 10
-4009.2700
 20
1946.3400
  0
TEXT
  8
8
 10
-4009.2700
 20
1946.3400
 40
3.0000
  1
# 853
  7
STANDARD
  0
TEXT
  8
15
 10
-3945.2000
 20
1956.2300
 40
7.16
  50
192.9000
  1
SUPPORT VENT
  7
STANDARD
  0
ENDBLK
  0
BLOCK
  8
0
  2
Back In Band_5041
 70
64
 10
0.0000
 20
0.0000
  0
TEXT
  8
1
 10
-4103.0698
 20
93.5300
 40
3.0000
 50
0.0000
  1
Piece Name: Back In Band
  7
STANDARD
  0
TEXT
  8
1
 10
-4103.0698
 20
97.5300
 40
3.0000
 50
0.0000
  1
SAMPLE SIZE:50
  7
STANDARD
  0
TEXT
  8
1
 10
-4103.0698
 20
101.5300
 40
3.0000
 50
0.0000
  1
ANNOTATION: Ready
  7
STANDARD
  0
TEXT
  8
1
 10
-4103.0698
 20
105.5300
 40
3.0000
 50
0.0000
  1
MATERIAL: Ready
  7
STANDARD
  0
TEXT
  8
1
 10
-4103.0698
 20
109.5300
 40
3.0000
 50
0.0000
  1
QUANTITY: 1
  7
STANDARD
  0
POLYLINE
  8
1
 66
1
 70
1
  0
VERTEX
  8
1
 10
-4179.4702
 20
-53.7400
  0
VERTEX
  8
1
 10
-4178.4399
 20
49.1700
  0
VERTEX
  8
1
 10
-4176.6699
 20
137.9400
  0
VERTEX
  8
1
 10
-4175.1099
 20
206.1800
  0
VERTEX
  8
1
 10
-4173.9302
 20
242.5600
  0
VERTEX
  8
1
 10
-4030.0000
 20
233.1700
  0
VERTEX
  8
1
 10
-4029.2000
 20
233.1200
  0
VERTEX
  8
1
 10
-4026.6899
 20
232.9800
  0
VERTEX
  8
1
 10
-4028.9700
 20
200.9600
  0
VERTEX
  8
1
 10
-4148.7598
 20
209.5400
  0
VERTEX
  8
1
 10
-4150.4302
 20
133.7400
  0
VERTEX
  8
1
 10
-4152.1802
 20
47.2400
  0
VERTEX
  8
1
 10
-4153.2100
 20
-53.7100
  0
VERTEX
  8
1
 10
-4179.4702
 20
-53.7400
  0
SEQEND
  0
POLYLINE
  8
84
 66
1
 70
1
  0
VERTEX
  8
84
 10
-4179.4702
 20
-53.7400
  0
VERTEX
  8
84
 10
-4179.1099
 20
-2.2800
  0
VERTEX
  8
84
 10
-4178.4399
 20
49.1700
  0
VERTEX
  8
84
 10
-4177.7300
 20
88.3400
  0
VERTEX
  8
84
 10
-4176.6699
 20
137.9400
  0
VERTEX
  8
84
 10
-4175.1099
 20
206.1800
  0
VERTEX
  8
84
 10
-4173.9302
 20
242.5600
  0
VERTEX
  8
84
 10
-4030.0000
 20
233.1700
  0
VERTEX
  8
84
 10
-4029.2000
 20
233.1200
  0
VERTEX
  8
84
 10
-4026.6899
 20
232.9800
  0
VERTEX
  8
84
 10
-4028.9700
 20
200.9600
  0
VERTEX
  8
84
 10
-4148.7598
 20
209.5400
  0
VERTEX
  8
84
 10
-4150.4302
 20
133.7400
  0
VERTEX
  8
84
 10
-4151.5000
 20
83.7700
  0
VERTEX
  8
84
 10
-4152.1802
 20
47.2400
  0
VERTEX
  8
84
 10
-4152.8599
 20
-3.2300
  0
VERTEX
  8
84
 10
-4153.2100
 20
-53.7100
  0
VERTEX
  8
84
 10
-4179.4702
 20
-53.7400
  0
SEQEND
  0
POINT
  8
2
 10
-4179.4702
 20
-53.7400
  0
TEXT
  8
1
 10
-4179.4702
 20
-53.7400
 40
3.0000
  1
# 854
  7
STANDARD
  0
POINT
  8
3
 10
-4178.4399
 20
49.1700
  0
POINT
  8
3
 10
-4176.6699
 20
137.9400
  0
POINT
  8
2
 10
-4175.1099
 20
206.1800
  0
TEXT
  8
1
 10
-4175.1099
 20
206.1800
 40
3.0000
  1
# 855
  7
STANDARD
  0
POINT
  8
2
 10
-4173.9302
 20
242.5600
  0
TEXT
  8
1
 10
-4173.9302
 20
242.5600
 40
3.0000
  1
# 856
  7
STANDARD
  0
POINT
  8
2
 10
-4030.0000
 20
233.1700
  0
TEXT
  8
1
 10
-4030.0000
 20
233.1700
 40
3.0000
  1
# 857
  7
STANDARD
  0
POINT
  8
2
 10
-4029.2000
 20
233.1200
  0
TEXT
  8
1
 10
-4029.2000
 20
233.1200
 40
3.0000
  1
# 858
  7
STANDARD
  0
POINT
  8
2
 10
-4026.6899
 20
232.9800
  0
TEXT
  8
1
 10
-4026.6899
 20
232.9800
 40
3.0000
  1
# 859
  7
STANDARD
  0
POINT
  8
2
 10
-4028.9700
 20
200.9600
  0
TEXT
  8
1
 10
-4028.9700
 20
200.9600
 40
3.0000
  1
# 860
  7
STANDARD
  0
POINT
  8
2
 10
-4148.7598
 20
209.5400
  0
TEXT
  8
1
 10
-4148.7598
 20
209.5400
 40
3.0000
  1
# 861
  7
STANDARD
  0
POINT
  8
3
 10
-4150.4302
 20
133.7400
  0
POINT
  8
3
 10
-4152.1802
 20
47.2400
  0
POINT
  8
2
 10
-4153.2100
 20
-53.7100
  0
TEXT
  8
1
 10
-4153.2100
 20
-53.7100
 40
3.0000
  1
# 862
  7
STANDARD
  0
POINT
  8
4
 10
-4179.4702
 20
-53.7400
 30
5.0000
 50
0.1146
  0
POINT
  8
4
 10
-4029.2000
 20
233.1200
 30
5.0000
 50
267.5902
  0
POINT
  8
4
 10
-4153.2100
 20
-53.7100
 30
5.0000
 50
179.8856
  0
LINE
  8
7
 10
-4162.6201
 20
-0.6600
 11
-4162.6201
 21
188.8200
  0
POINT
  8
2
 10
-4162.6201
 20
-0.6600
  0
TEXT
  8
7
 10
-4162.6201
 20
-0.6600
 40
3.0000
  1
# 863
  7
STANDARD
  0
POINT
  8
2
 10
-4162.6201
 20
188.8200
  0
TEXT
  8
7
 10
-4162.6201
 20
188.8200
 40
3.0000
  1
# 864
  7
STANDARD
  0
LINE
  8
5
 10
-4257.3599
 20
94.0800
 11
-4067.8799
 21
94.0800
  0
POINT
  8
2
 10
-4257.3599
 20
94.0800
  0
POINT
  8
2
 10
-4067.8799
 20
94.0800
  0
TEXT
  8
15
 10
-4151.7598
 20
-50.9500
 40
4.19
  50
180.0000
  1
BACK CENTER
  7
STANDARD
  0
ENDBLK
  0
BLOCK
  8
0
  2
Back_5042
 70
64
 10
0.0000
 20
0.0000
  0
TEXT
  8
1
 10
-3693.6899
 20
98.4000
 40
3.0000
 50
0.0000
  1
Piece Name: Back
  7
STANDARD
  0
TEXT
  8
1
 10
-3693.6899
 20
102.4000
 40
3.0000
 50
0.0000
  1
SAMPLE SIZE:50
  7
STANDARD
  0
TEXT
  8
1
 10
-3693.6899
 20
106.4000
 40
3.0000
 50
0.0000
  1
ANNOTATION: Ready
  7
STANDARD
  0
TEXT
  8
1
 10
-3693.6899
 20
110.4000
 40
3.0000
 50
0.0000
  1
MATERIAL: Ready
  7
STANDARD
  0
TEXT
  8
1
 10
-3693.6899
 20
114.4000
 40
3.0000
 50
0.0000
  1
QUANTITY: 1
  7
STANDARD
  0
POLYLINE
  8
1
 66
1
 70
1
  0
VERTEX
  8
1
 10
-3424.8301
 20
-51.3700
  0
VERTEX
  8
1
 10
-3440.4900
 20
-51.7400
  0
VERTEX
  8
1
 10
-3480.5400
 20
-52.5700
  0
VERTEX
  8
1
 10
-3539.7000
 20
-52.8800
  0
VERTEX
  8
1
 10
-3616.2200
 20
-51.9400
  0
VERTEX
  8
1
 10
-3704.1599
 20
-50.1000
  0
VERTEX
  8
1
 10
-3795.0801
 20
-48.2400
  0
VERTEX
  8
1
 10
-3884.9299
 20
-47.0100
  0
VERTEX
  8
1
 10
-3962.5601
 20
-46.5900
  0
VERTEX
  8
1
 10
-3961.5300
 20
56.2900
  0
VERTEX
  8
1
 10
-3959.7900
 20
145.0700
  0
VERTEX
  8
1
 10
-3958.2300
 20
213.3000
  0
VERTEX
  8
1
 10
-3957.0500
 20
249.6900
  0
VERTEX
  8
1
 10
-3812.2900
 20
240.2400
  0
VERTEX
  8
1
 10
-3775.4700
 20
237.2800
  0
VERTEX
  8
1
 10
-3730.5200
 20
235.1400
  0
VERTEX
  8
1
 10
-3719.2200
 20
234.7600
  0
VERTEX
  8
1
 10
-3670.5701
 20
233.7500
  0
VERTEX
  8
1
 10
-3622.3601
 20
233.6500
  0
VERTEX
  8
1
 10
-3581.1299
 20
233.8600
  0
VERTEX
  8
1
 10
-3552.8899
 20
234.5800
  0
VERTEX
  8
1
 10
-3542.1699
 20
234.8900
  0
VERTEX
  8
1
 10
-3541.4399
 20
233.3000
  0
VERTEX
  8
1
 10
-3536.8000
 20
224.5900
  0
VERTEX
  8
1
 10
-3530.8201
 20
215.6200
  0
VERTEX
  8
1
 10
-3521.8101
 20
206.2300
  0
VERTEX
  8
1
 10
-3510.4700
 20
197.9800
  0
VERTEX
  8
1
 10
-3497.6299
 20
191.6700
  0
VERTEX
  8
1
 10
-3483.0801
 20
187.4200
  0
VERTEX
  8
1
 10
-3468.1299
 20
184.8400
  0
VERTEX
  8
1
 10
-3453.7300
 20
183.0400
  0
VERTEX
  8
1
 10
-3440.6699
 20
181.9500
  0
VERTEX
  8
1
 10
-3435.2400
 20
181.8400
  0
VERTEX
  8
1
 10
-3430.4600
 20
181.8400
  0
VERTEX
  8
1
 10
-3424.8301
 20
-51.3700
  0
SEQEND
  0
POLYLINE
  8
84
 66
1
 70
1
  0
VERTEX
  8
84
 10
-3424.8301
 20
-51.3700
  0
VERTEX
  8
84
 10
-3440.4900
 20
-51.7400
  0
VERTEX
  8
84
 10
-3480.5400
 20
-52.5700
  0
VERTEX
  8
84
 10
-3509.3401
 20
-52.8700
  0
VERTEX
  8
84
 10
-3539.7000
 20
-52.8800
  0
VERTEX
  8
84
 10
-3574.9199
 20
-52.5800
  0
VERTEX
  8
84
 10
-3616.2200
 20
-51.9400
  0
VERTEX
  8
84
 10
-3704.1599
 20
-50.1000
  0
VERTEX
  8
84
 10
-3795.0801
 20
-48.2400
  0
VERTEX
  8
84
 10
-3840.7100
 20
-47.5200
  0
VERTEX
  8
84
 10
-3884.9299
 20
-47.0100
  0
VERTEX
  8
84
 10
-3923.7400
 20
-46.7200
  0
VERTEX
  8
84
 10
-3962.5601
 20
-46.5900
  0
VERTEX
  8
84
 10
-3962.2000
 20
4.8500
  0
VERTEX
  8
84
 10
-3961.5300
 20
56.2900
  0
VERTEX
  8
84
 10
-3960.8201
 20
96.0800
  0
VERTEX
  8
84
 10
-3959.7900
 20
145.0700
  0
VERTEX
  8
84
 10
-3958.2300
 20
213.3000
  0
VERTEX
  8
84
 10
-3957.0500
 20
249.6900
  0
VERTEX
  8
84
 10
-3812.2900
 20
240.2400
  0
VERTEX
  8
84
 10
-3793.8899
 20
238.6100
  0
VERTEX
  8
84
 10
-3775.4700
 20
237.2800
  0
VERTEX
  8
84
 10
-3754.6499
 20
236.1300
  0
VERTEX
  8
84
 10
-3730.5200
 20
235.1400
  0
VERTEX
  8
84
 10
-3719.2200
 20
234.7600
  0
VERTEX
  8
84
 10
-3694.4700
 20
234.1100
  0
VERTEX
  8
84
 10
-3670.5701
 20
233.7500
  0
VERTEX
  8
84
 10
-3651.7800
 20
233.6500
  0
VERTEX
  8
84
 10
-3622.3601
 20
233.6500
  0
VERTEX
  8
84
 10
-3597.8601
 20
233.6800
  0
VERTEX
  8
84
 10
-3581.1299
 20
233.8600
  0
VERTEX
  8
84
 10
-3552.8899
 20
234.5800
  0
VERTEX
  8
84
 10
-3542.1699
 20
234.8900
  0
VERTEX
  8
84
 10
-3541.4399
 20
233.3000
  0
VERTEX
  8
84
 10
-3539.3101
 20
229.0600
  0
VERTEX
  8
84
 10
-3536.8000
 20
224.5900
  0
VERTEX
  8
84
 10
-3533.7500
 20
219.6900
  0
VERTEX
  8
84
 10
-3530.8201
 20
215.6200
  0
VERTEX
  8
84
 10
-3528.8301
 20
213.2100
  0
VERTEX
  8
84
 10
-3526.6699
 20
210.8400
  0
VERTEX
  8
84
 10
-3524.3301
 20
208.5100
  0
VERTEX
  8
84
 10
-3521.8101
 20
206.2300
  0
VERTEX
  8
84
 10
-3519.1201
 20
204.0000
  0
VERTEX
  8
84
 10
-3516.3301
 20
201.8800
  0
VERTEX
  8
84
 10
-3513.4500
 20
199.8700
  0
VERTEX
  8
84
 10
-3510.4700
 20
197.9800
  0
VERTEX
  8
84
 10
-3507.3401
 20
196.1800
  0
VERTEX
  8
84
 10
-3504.1499
 20
194.5200
  0
VERTEX
  8
84
 10
-3500.9099
 20
193.0200
  0
VERTEX
  8
84
 10
-3497.6299
 20
191.6700
  0
VERTEX
  8
84
 10
-3494.2800
 20
190.4700
  0
VERTEX
  8
84
 10
-3490.7600
 20
189.3600
  0
VERTEX
  8
84
 10
-3487.0400
 20
188.3500
  0
VERTEX
  8
84
 10
-3483.0801
 20
187.4200
  0
VERTEX
  8
84
 10
-3476.2500
 20
186.1000
  0
VERTEX
  8
84
 10
-3468.1299
 20
184.8400
  0
VERTEX
  8
84
 10
-3461.1599
 20
183.9100
  0
VERTEX
  8
84
 10
-3453.7300
 20
183.0400
  0
VERTEX
  8
84
 10
-3446.4800
 20
182.3200
  0
VERTEX
  8
84
 10
-3440.6699
 20
181.9500
  0
VERTEX
  8
84
 10
-3435.2400
 20
181.8400
  0
VERTEX
  8
84
 10
-3430.4600
 20
181.8400
  0
VERTEX
  8
84
 10
-3424.8301
 20
-51.3700
  0
SEQEND
  0
POINT
  8
2
 10
-3424.8301
 20
-51.3700
  0
TEXT
  8
1
 10
-3424.8301
 20
-51.3700
 40
3.0000
  1
# 865
  7
STANDARD
  0
POINT
  8
3
 10
-3440.4900
 20
-51.7400
  0
POINT
  8
3
 10
-3480.5400
 20
-52.5700
  0
POINT
  8
3
 10
-3539.7000
 20
-52.8800
  0
POINT
  8
3
 10
-3616.2200
 20
-51.9400
  0
POINT
  8
3
 10
-3704.1599
 20
-50.1000
  0
POINT
  8
3
 10
-3795.0801
 20
-48.2400
  0
POINT
  8
3
 10
-3884.9299
 20
-47.0100
  0
POINT
  8
2
 10
-3962.5601
 20
-46.5900
  0
TEXT
  8
1
 10
-3962.5601
 20
-46.5900
 40
3.0000
  1
# 866
  7
STANDARD
  0
POINT
  8
3
 10
-3961.5300
 20
56.2900
  0
POINT
  8
3
 10
-3959.7900
 20
145.0700
  0
POINT
  8
2
 10
-3958.2300
 20
213.3000
  0
TEXT
  8
1
 10
-3958.2300
 20
213.3000
 40
3.0000
  1
# 867
  7
STANDARD
  0
POINT
  8
2
 10
-3957.0500
 20
249.6900
  0
TEXT
  8
1
 10
-3957.0500
 20
249.6900
 40
3.0000
  1
# 868
  7
STANDARD
  0
POINT
  8
2
 10
-3812.2900
 20
240.2400
  0
TEXT
  8
1
 10
-3812.2900
 20
240.2400
 40
3.0000
  1
# 869
  7
STANDARD
  0
POINT
  8
3
 10
-3775.4700
 20
237.2800
  0
POINT
  8
3
 10
-3730.5200
 20
235.1400
  0
TEXT
  8
1
 10
-3730.5200
 20
235.1400
 40
3.0000
  1
# 870
  7
STANDARD
  0
POINT
  8
3
 10
-3719.2200
 20
234.7600
  0
POINT
  8
3
 10
-3670.5701
 20
233.7500
  0
POINT
  8
3
 10
-3622.3601
 20
233.6500
  0
POINT
  8
3
 10
-3581.1299
 20
233.8600
  0
POINT
  8
3
 10
-3552.8899
 20
234.5800
  0
POINT
  8
2
 10
-3542.1699
 20
234.8900
  0
TEXT
  8
1
 10
-3542.1699
 20
234.8900
 40
3.0000
  1
# 871
  7
STANDARD
  0
POINT
  8
3
 10
-3541.4399
 20
233.3000
  0
POINT
  8
3
 10
-3536.8000
 20
224.5900
  0
POINT
  8
3
 10
-3530.8201
 20
215.6200
  0
POINT
  8
3
 10
-3521.8101
 20
206.2300
  0
POINT
  8
3
 10
-3510.4700
 20
197.9800
  0
POINT
  8
3
 10
-3497.6299
 20
191.6700
  0
POINT
  8
3
 10
-3483.0801
 20
187.4200
  0
POINT
  8
3
 10
-3468.1299
 20
184.8400
  0
POINT
  8
3
 10
-3453.7300
 20
183.0400
  0
POINT
  8
3
 10
-3440.6699
 20
181.9500
  0
POINT
  8
3
 10
-3435.2400
 20
181.8400
  0
POINT
  8
2
 10
-3430.4600
 20
181.8400
  0
TEXT
  8
1
 10
-3430.4600
 20
181.8400
 40
3.0000
  1
# 872
  7
STANDARD
  0
POINT
  8
4
 10
-3962.5601
 20
-46.5900
 30
5.0000
 50
359.8854
  0
POINT
  8
4
 10
-3812.2900
 20
240.2400
 30
5.0000
 50
267.3610
  0
POINT
  8
4
 10
-3730.5200
 20
235.1400
 30
5.0000
 50
267.8238
  0
POINT
  8
4
 10
-3430.4600
 20
181.8400
 30
5.0000
 50
225.7293
  0
LINE
  8
7
 10
-3860.2800
 20
98.7300
 11
-3528.8999
 21
98.7300
  0
LINE
  8
5
 10
-3860.2800
 20
98.7300
 11
-3528.8999
 21
98.7300
  0
POINT
  8
2
 10
-3860.2800
 20
98.7300
  0
TEXT
  8
7
 10
-3860.2800
 20
98.7300
 40
3.0000
  1
# 873
  7
STANDARD
  0
POINT
  8
2
 10
-3528.8999
 20
98.7300
  0
TEXT
  8
7
 10
-3528.8999
 20
98.7300
 40
3.0000
  1
# 874
  7
STANDARD
  0
POINT
  8
13
 10
-3886.4600
 20
227.3800
 30
10.0000
  0
TEXT
  8
13
 10
-3886.4600
 20
227.3800
 40
3.0000
  1
# 875
  7
STANDARD
  0
TEXT
  8
15
 10
-3895.5300
 20
234.0700
 40
7.65
  50
270.0000
  1
SNAP
  7
STANDARD
  0
TEXT
  8
15
 10
-3864.7300
 20
238.7100
 40
7.15
  50
0.0000
  1
VENT
  7
STANDARD
  0
ENDBLK
  0
BLOCK
  8
0
  2
Back Yoke_5043
 70
64
 10
0.0000
 20
0.0000
  0
TEXT
  8
1
 10
-3267.0601
 20
94.1500
 40
3.0000
 50
0.0000
  1
Piece Name: Back Yoke
  7
STANDARD
  0
TEXT
  8
1
 10
-3267.0601
 20
98.1500
 40
3.0000
 50
0.0000
  1
SAMPLE SIZE:50
  7
STANDARD
  0
TEXT
  8
1
 10
-3267.0601
 20
102.1500
 40
3.0000
 50
0.0000
  1
ANNOTATION: Ready
  7
STANDARD
  0
TEXT
  8
1
 10
-3267.0601
 20
106.1500
 40
3.0000
 50
0.0000
  1
MATERIAL: Ready
  7
STANDARD
  0
TEXT
  8
1
 10
-3267.0601
 20
110.1500
 40
3.0000
 50
0.0000
  1
QUANTITY: 1
  7
STANDARD
  0
POLYLINE
  8
1
 66
1
 70
1
  0
VERTEX
  8
1
 10
-3368.8401
 20
326.6500
  0
VERTEX
  8
1
 10
-3357.6899
 20
326.6200
  0
VERTEX
  8
1
 10
-3343.7600
 20
327.2500
  0
VERTEX
  8
1
 10
-3323.3201
 20
328.6500
  0
VERTEX
  8
1
 10
-3298.0701
 20
331.7200
  0
VERTEX
  8
1
 10
-3274.8601
 20
335.5300
  0
VERTEX
  8
1
 10
-3253.5601
 20
339.8700
  0
VERTEX
  8
1
 10
-3235.0300
 20
344.0100
  0
VERTEX
  8
1
 10
-3222.3401
 20
347.2400
  0
VERTEX
  8
1
 10
-3202.8899
 20
292.4900
  0
VERTEX
  8
1
 10
-3182.0300
 20
234.4100
  0
VERTEX
  8
1
 10
-3165.2800
 20
188.8200
  0
VERTEX
  8
1
 10
-3168.2300
 20
186.9200
  0
VERTEX
  8
1
 10
-3178.5901
 20
177.9400
  0
VERTEX
  8
1
 10
-3186.5400
 20
166.1700
  0
VERTEX
  8
1
 10
-3192.1899
 20
152.7200
  0
VERTEX
  8
1
 10
-3195.4399
 20
139.1400
  0
VERTEX
  8
1
 10
-3197.2100
 20
126.7700
  0
VERTEX
  8
1
 10
-3198.0500
 20
117.6300
  0
VERTEX
  8
1
 10
-3198.5000
 20
110.5600
  0
VERTEX
  8
1
 10
-3198.5000
 20
104.7700
  0
VERTEX
  8
1
 10
-3198.5000
 20
94.1600
  0
VERTEX
  8
1
 10
-3198.5000
 20
83.5500
  0
VERTEX
  8
1
 10
-3198.5000
 20
77.7600
  0
VERTEX
  8
1
 10
-3198.0500
 20
70.6900
  0
VERTEX
  8
1
 10
-3197.2100
 20
61.5500
  0
VERTEX
  8
1
 10
-3195.4399
 20
49.1800
  0
VERTEX
  8
1
 10
-3192.1899
 20
35.6000
  0
VERTEX
  8
1
 10
-3186.5400
 20
22.1500
  0
VERTEX
  8
1
 10
-3178.6001
 20
10.3900
  0
VERTEX
  8
1
 10
-3168.2300
 20
1.4100
  0
VERTEX
  8
1
 10
-3165.2800
 20
-0.5000
  0
VERTEX
  8
1
 10
-3182.0300
 20
-46.0900
  0
VERTEX
  8
1
 10
-3202.8899
 20
-104.1700
  0
VERTEX
  8
1
 10
-3222.3401
 20
-158.9200
  0
VERTEX
  8
1
 10
-3235.0300
 20
-155.6900
  0
VERTEX
  8
1
 10
-3253.5200
 20
-151.5600
  0
VERTEX
  8
1
 10
-3274.8601
 20
-147.2100
  0
VERTEX
  8
1
 10
-3298.0701
 20
-143.4000
  0
VERTEX
  8
1
 10
-3323.4199
 20
-140.3200
  0
VERTEX
  8
1
 10
-3343.7600
 20
-138.9300
  0
VERTEX
  8
1
 10
-3357.6899
 20
-138.3000
  0
VERTEX
  8
1
 10
-3368.8401
 20
-138.3300
  0
VERTEX
  8
1
 10
-3368.8401
 20
94.1600
  0
VERTEX
  8
1
 10
-3368.8401
 20
326.6500
  0
SEQEND
  0
POLYLINE
  8
84
 66
1
 70
1
  0
VERTEX
  8
84
 10
-3368.8401
 20
326.6500
  0
VERTEX
  8
84
 10
-3363.2600
 20
326.5700
  0
VERTEX
  8
84
 10
-3357.6899
 20
326.6200
  0
VERTEX
  8
84
 10
-3351.4800
 20
326.8300
  0
VERTEX
  8
84
 10
-3343.7600
 20
327.2500
  0
VERTEX
  8
84
 10
-3323.3201
 20
328.6500
  0
VERTEX
  8
84
 10
-3310.6799
 20
330.0500
  0
VERTEX
  8
84
 10
-3298.0701
 20
331.7200
  0
VERTEX
  8
84
 10
-3286.2400
 20
333.5300
  0
VERTEX
  8
84
 10
-3274.8601
 20
335.5300
  0
VERTEX
  8
84
 10
-3265.4299
 20
337.3800
  0
VERTEX
  8
84
 10
-3253.5601
 20
339.8700
  0
VERTEX
  8
84
 10
-3243.1899
 20
342.1300
  0
VERTEX
  8
84
 10
-3235.0300
 20
344.0100
  0
VERTEX
  8
84
 10
-3222.3401
 20
347.2400
  0
VERTEX
  8
84
 10
-3202.8899
 20
292.4900
  0
VERTEX
  8
84
 10
-3182.0300
 20
234.4100
  0
VERTEX
  8
84
 10
-3165.2800
 20
188.8200
  0
VERTEX
  8
84
 10
-3168.2300
 20
186.9200
  0
VERTEX
  8
84
 10
-3171.1499
 20
184.8100
  0
VERTEX
  8
84
 10
-3173.8601
 20
182.6000
  0
VERTEX
  8
84
 10
-3176.3401
 20
180.3100
  0
VERTEX
  8
84
 10
-3178.5901
 20
177.9400
  0
VERTEX
  8
84
 10
-3180.7000
 20
175.3800
  0
VERTEX
  8
84
 10
-3182.7200
 20
172.5800
  0
VERTEX
  8
84
 10
-3184.6599
 20
169.5200
  0
VERTEX
  8
84
 10
-3186.5400
 20
166.1700
  0
VERTEX
  8
84
 10
-3188.1899
 20
162.8900
  0
VERTEX
  8
84
 10
-3189.6799
 20
159.5400
  0
VERTEX
  8
84
 10
-3191.0100
 20
156.1500
  0
VERTEX
  8
84
 10
-3192.1899
 20
152.7200
  0
VERTEX
  8
84
 10
-3193.1001
 20
149.6400
  0
VERTEX
  8
84
 10
-3193.9399
 20
146.3800
  0
VERTEX
  8
84
 10
-3194.7100
 20
142.9000
  0
VERTEX
  8
84
 10
-3195.4399
 20
139.1400
  0
VERTEX
  8
84
 10
-3196.4199
 20
133.0700
  0
VERTEX
  8
84
 10
-3197.2100
 20
126.7700
  0
VERTEX
  8
84
 10
-3198.0500
 20
117.6300
  0
VERTEX
  8
84
 10
-3198.5000
 20
110.5600
  0
VERTEX
  8
84
 10
-3198.5000
 20
104.7700
  0
VERTEX
  8
84
 10
-3198.5000
 20
94.1600
  0
VERTEX
  8
84
 10
-3198.5000
 20
83.5500
  0
VERTEX
  8
84
 10
-3198.5000
 20
77.7600
  0
VERTEX
  8
84
 10
-3198.0500
 20
70.6900
  0
VERTEX
  8
84
 10
-3197.2100
 20
61.5500
  0
VERTEX
  8
84
 10
-3196.4199
 20
55.2500
  0
VERTEX
  8
84
 10
-3195.4399
 20
49.1800
  0
VERTEX
  8
84
 10
-3194.7100
 20
45.4200
  0
VERTEX
  8
84
 10
-3193.9399
 20
41.9400
  0
VERTEX
  8
84
 10
-3193.1001
 20
38.6800
  0
VERTEX
  8
84
 10
-3192.1899
 20
35.6000
  0
VERTEX
  8
84
 10
-3191.0100
 20
32.1700
  0
VERTEX
  8
84
 10
-3189.6799
 20
28.7800
  0
VERTEX
  8
84
 10
-3188.1899
 20
25.4400
  0
VERTEX
  8
84
 10
-3186.5400
 20
22.1500
  0
VERTEX
  8
84
 10
-3184.6599
 20
18.8000
  0
VERTEX
  8
84
 10
-3182.7200
 20
15.7400
  0
VERTEX
  8
84
 10
-3180.7100
 20
12.9400
  0
VERTEX
  8
84
 10
-3178.6001
 20
10.3900
  0
VERTEX
  8
84
 10
-3176.3601
 20
8.0300
  0
VERTEX
  8
84
 10
-3173.8799
 20
5.7500
  0
VERTEX
  8
84
 10
-3171.1699
 20
3.5400
  0
VERTEX
  8
84
 10
-3168.2300
 20
1.4100
  0
VERTEX
  8
84
 10
-3165.2800
 20
-0.5000
  0
VERTEX
  8
84
 10
-3182.0300
 20
-46.0900
  0
VERTEX
  8
84
 10
-3202.8899
 20
-104.1700
  0
VERTEX
  8
84
 10
-3222.3401
 20
-158.9200
  0
VERTEX
  8
84
 10
-3235.0300
 20
-155.6900
  0
VERTEX
  8
84
 10
-3243.1499
 20
-153.8200
  0
VERTEX
  8
84
 10
-3253.5200
 20
-151.5600
  0
VERTEX
  8
84
 10
-3265.4299
 20
-149.0600
  0
VERTEX
  8
84
 10
-3274.8601
 20
-147.2100
  0
VERTEX
  8
84
 10
-3286.2300
 20
-145.2100
  0
VERTEX
  8
84
 10
-3298.0701
 20
-143.4000
  0
VERTEX
  8
84
 10
-3310.7300
 20
-141.7300
  0
VERTEX
  8
84
 10
-3323.4199
 20
-140.3200
  0
VERTEX
  8
84
 10
-3343.7600
 20
-138.9300
  0
VERTEX
  8
84
 10
-3351.4900
 20
-138.5100
  0
VERTEX
  8
84
 10
-3357.6899
 20
-138.3000
  0
VERTEX
  8
84
 10
-3363.2600
 20
-138.2500
  0
VERTEX
  8
84
 10
-3368.8401
 20
-138.3300
  0
VERTEX
  8
84
 10
-3368.8401
 20
94.1600
  0
VERTEX
  8
84
 10
-3368.8401
 20
326.6500
  0
SEQEND
  0
POINT
  8
2
 10
-3368.8401
 20
326.6500
  0
TEXT
  8
1
 10
-3368.8401
 20
326.6500
 40
3.0000
  1
# 876
  7
STANDARD
  0
POINT
  8
3
 10
-3357.6899
 20
326.6200
  0
POINT
  8
3
 10
-3343.7600
 20
327.2500
  0
POINT
  8
2
 10
-3323.3201
 20
328.6500
  0
TEXT
  8
1
 10
-3323.3201
 20
328.6500
 40
3.0000
  1
# 877
  7
STANDARD
  0
POINT
  8
3
 10
-3298.0701
 20
331.7200
  0
POINT
  8
3
 10
-3274.8601
 20
335.5300
  0
POINT
  8
3
 10
-3253.5601
 20
339.8700
  0
POINT
  8
3
 10
-3235.0300
 20
344.0100
  0
POINT
  8
2
 10
-3222.3401
 20
347.2400
  0
TEXT
  8
1
 10
-3222.3401
 20
347.2400
 40
3.0000
  1
# 878
  7
STANDARD
  0
POINT
  8
3
 10
-3202.8899
 20
292.4900
  0
POINT
  8
3
 10
-3182.0300
 20
234.4100
  0
POINT
  8
2
 10
-3165.2800
 20
188.8200
  0
TEXT
  8
1
 10
-3165.2800
 20
188.8200
 40
3.0000
  1
# 879
  7
STANDARD
  0
POINT
  8
3
 10
-3168.2300
 20
186.9200
  0
POINT
  8
3
 10
-3178.5901
 20
177.9400
  0
POINT
  8
3
 10
-3186.5400
 20
166.1700
  0
POINT
  8
3
 10
-3192.1899
 20
152.7200
  0
POINT
  8
3
 10
-3195.4399
 20
139.1400
  0
POINT
  8
3
 10
-3197.2100
 20
126.7700
  0
POINT
  8
3
 10
-3198.0500
 20
117.6300
  0
POINT
  8
3
 10
-3198.5000
 20
110.5600
  0
POINT
  8
2
 10
-3198.5000
 20
104.7700
  0
TEXT
  8
1
 10
-3198.5000
 20
104.7700
 40
3.0000
  1
# 880
  7
STANDARD
  0
POINT
  8
2
 10
-3198.5000
 20
94.1600
  0
TEXT
  8
1
 10
-3198.5000
 20
94.1600
 40
3.0000
  1
# 881
  7
STANDARD
  0
POINT
  8
2
 10
-3198.5000
 20
83.5500
  0
TEXT
  8
1
 10
-3198.5000
 20
83.5500
 40
3.0000
  1
# 882
  7
STANDARD
  0
POINT
  8
3
 10
-3198.5000
 20
77.7600
  0
POINT
  8
3
 10
-3198.0500
 20
70.6900
  0
POINT
  8
3
 10
-3197.2100
 20
61.5500
  0
POINT
  8
3
 10
-3195.4399
 20
49.1800
  0
POINT
  8
3
 10
-3192.1899
 20
35.6000
  0
POINT
  8
3
 10
-3186.5400
 20
22.1500
  0
POINT
  8
3
 10
-3178.6001
 20
10.3900
  0
POINT
  8
3
 10
-3168.2300
 20
1.4100
  0
POINT
  8
2
 10
-3165.2800
 20
-0.5000
  0
TEXT
  8
1
 10
-3165.2800
 20
-0.5000
 40
3.0000
  1
# 883
  7
STANDARD
  0
POINT
  8
3
 10
-3182.0300
 20
-46.0900
  0
POINT
  8
3
 10
-3202.8899
 20
-104.1700
  0
POINT
  8
2
 10
-3222.3401
 20
-158.9200
  0
TEXT
  8
1
 10
-3222.3401
 20
-158.9200
 40
3.0000
  1
# 884
  7
STANDARD
  0
POINT
  8
3
 10
-3235.0300
 20
-155.6900
  0
POINT
  8
3
 10
-3253.5200
 20
-151.5600
  0
POINT
  8
3
 10
-3274.8601
 20
-147.2100
  0
POINT
  8
3
 10
-3298.0701
 20
-143.4000
  0
POINT
  8
2
 10
-3323.4199
 20
-140.3200
  0
TEXT
  8
1
 10
-3323.4199
 20
-140.3200
 40
3.0000
  1
# 885
  7
STANDARD
  0
POINT
  8
3
 10
-3343.7600
 20
-138.9300
  0
POINT
  8
3
 10
-3357.6899
 20
-138.3000
  0
POINT
  8
2
 10
-3368.8401
 20
-138.3300
  0
TEXT
  8
1
 10
-3368.8401
 20
-138.3300
 40
3.0000
  1
# 886
  7
STANDARD
  0
POINT
  8
2
 10
-3368.8401
 20
94.1600
  0
TEXT
  8
1
 10
-3368.8401
 20
94.1600
 40
3.0000
  1
# 887
  7
STANDARD
  0
POINT
  8
4
 10
-3198.5000
 20
94.1600
 30
5.0000
 50
180.0000
  0
POINT
  8
4
 10
-3323.4199
 20
-140.3200
 30
5.0000
 50
85.4078
  0
POINT
  8
4
 10
-3368.8401
 20
94.1600
 30
5.0000
 50
0.0000
  0
POINT
  8
4
 10
-3323.3201
 20
328.6500
 30
5.0000
 50
275.0492
  0
LINE
  8
7
 10
-3342.4900
 20
94.1500
 11
-3224.8501
 21
94.1500
  0
LINE
  8
5
 10
-3342.4900
 20
94.1500
 11
-3224.8501
 21
94.1500
  0
POINT
  8
2
 10
-3342.4900
 20
94.1500
  0
TEXT
  8
7
 10
-3342.4900
 20
94.1500
 40
3.0000
  1
# 888
  7
STANDARD
  0
POINT
  8
2
 10
-3224.8501
 20
94.1500
  0
TEXT
  8
7
 10
-3224.8501
 20
94.1500
 40
3.0000
  1
# 889
  7
STANDARD
  0
POLYLINE
  8
8
 66
1
 70
0
  0
VERTEX
  8
8
 10
-3198.5000
 20
94.1600
  0
VERTEX
  8
8
 10
-3368.8401
 20
94.1600
  0
SEQEND
  0
POLYLINE
  8
85
 66
1
 70
0
  0
VERTEX
  8
85
 10
-3198.5000
 20
94.1600
  0
VERTEX
  8
85
 10
-3368.8401
 20
94.1600
  0
SEQEND
  0
POINT
  8
2
 10
-3198.5000
 20
94.1600
  0
TEXT
  8
8
 10
-3198.5000
 20
94.1600
 40
3.0000
  1
# 881
  7
STANDARD
  0
POINT
  8
2
 10
-3368.8401
 20
94.1600
  0
TEXT
  8
8
 10
-3368.8401
 20
94.1600
 40
3.0000
  1
# 887
  7
STANDARD
  0
ENDBLK
  0
BLOCK
  8
0
  2
Front In Band_5044
 70
64
 10
0.0000
 20
0.0000
  0
TEXT
  8
1
 10
-4141.5298
 20
581.8700
 40
3.0000
 50
0.0000
  1
Piece Name: Front In Band
  7
STANDARD
  0
TEXT
  8
1
 10
-4141.5298
 20
585.8700
 40
3.0000
 50
0.0000
  1
SAMPLE SIZE:50
  7
STANDARD
  0
TEXT
  8
1
 10
-4141.5298
 20
589.8700
 40
3.0000
 50
0.0000
  1
ANNOTATION: Ready
  7
STANDARD
  0
TEXT
  8
1
 10
-4141.5298
 20
593.8700
 40
3.0000
 50
0.0000
  1
MATERIAL: Ready
  7
STANDARD
  0
TEXT
  8
1
 10
-4141.5298
 20
597.8700
 40
3.0000
 50
0.0000
  1
QUANTITY: 1
  7
STANDARD
  0
POLYLINE
  8
1
 66
1
 70
1
  0
VERTEX
  8
1
 10
-4200.8701
 20
411.2800
  0
VERTEX
  8
1
 10
-4203.2798
 20
442.7000
  0
VERTEX
  8
1
 10
-4203.3701
 20
443.8500
  0
VERTEX
  8
1
 10
-4207.1201
 20
489.5800
  0
VERTEX
  8
1
 10
-4212.4199
 20
534.7200
  0
VERTEX
  8
1
 10
-4216.8501
 20
572.0900
  0
VERTEX
  8
1
 10
-4220.7100
 20
608.6900
  0
VERTEX
  8
1
 10
-4222.4502
 20
638.3000
  0
VERTEX
  8
1
 10
-4224.0801
 20
672.2000
  0
VERTEX
  8
1
 10
-4224.7100
 20
693.4900
  0
VERTEX
  8
1
 10
-4224.9199
 20
700.3000
  0
VERTEX
  8
1
 10
-4226.4702
 20
750.6800
  0
VERTEX
  8
1
 10
-4226.5298
 20
752.4700
  0
VERTEX
  8
1
 10
-4205.4399
 20
752.3600
  0
VERTEX
  8
1
 10
-4203.2202
 20
697.0800
  0
VERTEX
  8
1
 10
-4202.8799
 20
686.1600
  0
VERTEX
  8
1
 10
-4202.4600
 20
673.3600
  0
VERTEX
  8
1
 10
-4201.9199
 20
661.3700
  0
VERTEX
  8
1
 10
-4200.0801
 20
629.0200
  0
VERTEX
  8
1
 10
-4196.6802
 20
590.1400
  0
VERTEX
  8
1
 10
-4191.2500
 20
536.4500
  0
VERTEX
  8
1
 10
-4186.0200
 20
491.4900
  0
VERTEX
  8
1
 10
-4182.2402
 20
443.8000
  0
VERTEX
  8
1
 10
-4057.9299
 20
450.6000
  0
VERTEX
  8
1
 10
-4056.5400
 20
418.9900
  0
VERTEX
  8
1
 10
-4200.8701
 20
411.2800
  0
SEQEND
  0
POLYLINE
  8
84
 66
1
 70
1
  0
VERTEX
  8
84
 10
-4200.8701
 20
411.2800
  0
VERTEX
  8
84
 10
-4203.2798
 20
442.7000
  0
VERTEX
  8
84
 10
-4203.3701
 20
443.8500
  0
VERTEX
  8
84
 10
-4207.1201
 20
489.5800
  0
VERTEX
  8
84
 10
-4212.4199
 20
534.7200
  0
VERTEX
  8
84
 10
-4216.8501
 20
572.0900
  0
VERTEX
  8
84
 10
-4219.2700
 20
593.2300
  0
VERTEX
  8
84
 10
-4220.0698
 20
601.3000
  0
VERTEX
  8
84
 10
-4220.7100
 20
608.6900
  0
VERTEX
  8
84
 10
-4221.5098
 20
620.5300
  0
VERTEX
  8
84
 10
-4222.4502
 20
638.3000
  0
VERTEX
  8
84
 10
-4223.5298
 20
659.3100
  0
VERTEX
  8
84
 10
-4224.0801
 20
672.2000
  0
VERTEX
  8
84
 10
-4224.7100
 20
693.4900
  0
VERTEX
  8
84
 10
-4224.9199
 20
700.3000
  0
VERTEX
  8
84
 10
-4226.4702
 20
750.6800
  0
VERTEX
  8
84
 10
-4226.5298
 20
752.4700
  0
VERTEX
  8
84
 10
-4205.4399
 20
752.3600
  0
VERTEX
  8
84
 10
-4203.2202
 20
697.0800
  0
VERTEX
  8
84
 10
-4202.8799
 20
686.1600
  0
VERTEX
  8
84
 10
-4202.4600
 20
673.3600
  0
VERTEX
  8
84
 10
-4201.9199
 20
661.3700
  0
VERTEX
  8
84
 10
-4201.0098
 20
643.6400
  0
VERTEX
  8
84
 10
-4200.0801
 20
629.0200
  0
VERTEX
  8
84
 10
-4198.7700
 20
612.6700
  0
VERTEX
  8
84
 10
-4196.6802
 20
590.1400
  0
VERTEX
  8
84
 10
-4193.6499
 20
558.9100
  0
VERTEX
  8
84
 10
-4191.2500
 20
536.4500
  0
VERTEX
  8
84
 10
-4187.5098
 20
504.8700
  0
VERTEX
  8
84
 10
-4186.0200
 20
491.4900
  0
VERTEX
  8
84
 10
-4184.8398
 20
479.5900
  0
VERTEX
  8
84
 10
-4183.8198
 20
467.6800
  0
VERTEX
  8
84
 10
-4182.9502
 20
455.7500
  0
VERTEX
  8
84
 10
-4182.2402
 20
443.8000
  0
VERTEX
  8
84
 10
-4057.9299
 20
450.6000
  0
VERTEX
  8
84
 10
-4056.5400
 20
418.9900
  0
VERTEX
  8
84
 10
-4200.8701
 20
411.2800
  0
SEQEND
  0
POINT
  8
2
 10
-4200.8701
 20
411.2800
  0
TEXT
  8
1
 10
-4200.8701
 20
411.2800
 40
3.0000
  1
# 890
  7
STANDARD
  0
POINT
  8
2
 10
-4203.2798
 20
442.7000
  0
TEXT
  8
1
 10
-4203.2798
 20
442.7000
 40
3.0000
  1
# 891
  7
STANDARD
  0
POINT
  8
2
 10
-4203.3701
 20
443.8500
  0
TEXT
  8
1
 10
-4203.3701
 20
443.8500
 40
3.0000
  1
# 892
  7
STANDARD
  0
POINT
  8
2
 10
-4207.1201
 20
489.5800
  0
TEXT
  8
1
 10
-4207.1201
 20
489.5800
 40
3.0000
  1
# 893
  7
STANDARD
  0
POINT
  8
2
 10
-4212.4199
 20
534.7200
  0
TEXT
  8
1
 10
-4212.4199
 20
534.7200
 40
3.0000
  1
# 894
  7
STANDARD
  0
POINT
  8
3
 10
-4216.8501
 20
572.0900
  0
POINT
  8
3
 10
-4220.7100
 20
608.6900
  0
POINT
  8
3
 10
-4222.4502
 20
638.3000
  0
POINT
  8
3
 10
-4224.0801
 20
672.2000
  0
POINT
  8
3
 10
-4224.7100
 20
693.4900
  0
POINT
  8
3
 10
-4224.9199
 20
700.3000
  0
POINT
  8
3
 10
-4226.4702
 20
750.6800
  0
POINT
  8
2
 10
-4226.5298
 20
752.4700
  0
TEXT
  8
1
 10
-4226.5298
 20
752.4700
 40
3.0000
  1
# 895
  7
STANDARD
  0
POINT
  8
2
 10
-4205.4399
 20
752.3600
  0
TEXT
  8
1
 10
-4205.4399
 20
752.3600
 40
3.0000
  1
# 896
  7
STANDARD
  0
POINT
  8
2
 10
-4203.2202
 20
697.0800
  0
TEXT
  8
1
 10
-4203.2202
 20
697.0800
 40
3.0000
  1
# 897
  7
STANDARD
  0
POINT
  8
3
 10
-4202.8799
 20
686.1600
  0
POINT
  8
2
 10
-4202.4600
 20
673.3600
  0
TEXT
  8
1
 10
-4202.4600
 20
673.3600
 40
3.0000
  1
# 898
  7
STANDARD
  0
POINT
  8
3
 10
-4201.9199
 20
661.3700
  0
POINT
  8
3
 10
-4200.0801
 20
629.0200
  0
POINT
  8
3
 10
-4196.6802
 20
590.1400
  0
POINT
  8
3
 10
-4191.2500
 20
536.4500
  0
POINT
  8
3
 10
-4186.0200
 20
491.4900
  0
POINT
  8
2
 10
-4182.2402
 20
443.8000
  0
TEXT
  8
1
 10
-4182.2402
 20
443.8000
 40
3.0000
  1
# 899
  7
STANDARD
  0
POINT
  8
2
 10
-4057.9299
 20
450.6000
  0
TEXT
  8
1
 10
-4057.9299
 20
450.6000
 40
3.0000
  1
# 900
  7
STANDARD
  0
POINT
  8
2
 10
-4056.5400
 20
418.9900
  0
TEXT
  8
1
 10
-4056.5400
 20
418.9900
 40
3.0000
  1
# 901
  7
STANDARD
  0
POINT
  8
4
 10
-4203.2798
 20
442.7000
 30
5.0000
 50
2.4098
  0
POINT
  8
4
 10
-4207.1201
 20
489.5800
 30
5.0000
 50
4.8112
  0
POINT
  8
4
 10
-4212.3799
 20
534.3700
 30
5.0000
 50
4.5830
  0
LINE
  8
7
 10
-4201.1802
 20
623.3600
 11
-4201.1802
 21
522.1000
  0
POINT
  8
2
 10
-4201.1802
 20
623.3600
  0
TEXT
  8
7
 10
-4201.1802
 20
623.3600
 40
3.0000
  1
# 902
  7
STANDARD
  0
POINT
  8
2
 10
-4201.1802
 20
522.1000
  0
TEXT
  8
7
 10
-4201.1802
 20
522.1000
 40
3.0000
  1
# 903
  7
STANDARD
  0
LINE
  8
5
 10
-4251.8101
 20
572.7300
 11
-4150.5498
 21
572.7300
  0
POINT
  8
2
 10
-4251.8101
 20
572.7300
  0
POINT
  8
2
 10
-4150.5498
 20
572.7300
  0
ENDBLK
  0
BLOCK
  8
0
  2
Left Front Bottom_5045
 70
64
 10
0.0000
 20
0.0000
  0
TEXT
  8
1
 10
-3926.2900
 20
599.9100
 40
3.0000
 50
0.0000
  1
Piece Name: Left Front Bottom
  7
STANDARD
  0
TEXT
  8
1
 10
-3926.2900
 20
603.9100
 40
3.0000
 50
0.0000
  1
SAMPLE SIZE:50
  7
STANDARD
  0
TEXT
  8
1
 10
-3926.2900
 20
607.9100
 40
3.0000
 50
0.0000
  1
ANNOTATION: Ready
  7
STANDARD
  0
TEXT
  8
1
 10
-3926.2900
 20
611.9100
 40
3.0000
 50
0.0000
  1
MATERIAL: Ready
  7
STANDARD
  0
TEXT
  8
1
 10
-3926.2900
 20
615.9100
 40
3.0000
 50
0.0000
  1
QUANTITY: 1
  7
STANDARD
  0
POLYLINE
  8
1
 66
1
 70
1
  0
VERTEX
  8
1
 10
-3801.8401
 20
472.2800
  0
VERTEX
  8
1
 10
-3816.7100
 20
471.9500
  0
VERTEX
  8
1
 10
-3849.1101
 20
470.3400
  0
VERTEX
  8
1
 10
-3883.6101
 20
467.9500
  0
VERTEX
  8
1
 10
-3881.8701
 20
437.1000
  0
VERTEX
  8
1
 10
-4026.0801
 20
429.4000
  0
VERTEX
  8
1
 10
-4028.4900
 20
460.8200
  0
VERTEX
  8
1
 10
-4028.5801
 20
461.9600
  0
VERTEX
  8
1
 10
-4032.3301
 20
507.7100
  0
VERTEX
  8
1
 10
-4037.6201
 20
552.7200
  0
VERTEX
  8
1
 10
-4042.8601
 20
605.1700
  0
VERTEX
  8
1
 10
-4047.2600
 20
654.9000
  0
VERTEX
  8
1
 10
-4049.0000
 20
695.2000
  0
VERTEX
  8
1
 10
-4050.4299
 20
742.2900
  0
VERTEX
  8
1
 10
-4050.4600
 20
763.2500
  0
VERTEX
  8
1
 10
-4050.7000
 20
770.1300
  0
VERTEX
  8
1
 10
-4036.7400
 20
770.0100
  0
VERTEX
  8
1
 10
-3935.6799
 20
770.3200
  0
VERTEX
  8
1
 10
-3817.6499
 20
770.4300
  0
VERTEX
  8
1
 10
-3814.0300
 20
770.4300
  0
VERTEX
  8
1
 10
-3813.7600
 20
745.0100
  0
VERTEX
  8
1
 10
-3812.1799
 20
695.2700
  0
VERTEX
  8
1
 10
-3809.3000
 20
632.6800
  0
VERTEX
  8
1
 10
-3805.9900
 20
567.8400
  0
VERTEX
  8
1
 10
-3803.4500
 20
513.1100
  0
VERTEX
  8
1
 10
-3803.3201
 20
510.3900
  0
VERTEX
  8
1
 10
-3802.6201
 20
490.5300
  0
VERTEX
  8
1
 10
-3801.8401
 20
472.2800
  0
SEQEND
  0
POLYLINE
  8
84
 66
1
 70
1
  0
VERTEX
  8
84
 10
-3801.8401
 20
472.2800
  0
VERTEX
  8
84
 10
-3816.7100
 20
471.9500
  0
VERTEX
  8
84
 10
-3831.5300
 20
471.3300
  0
VERTEX
  8
84
 10
-3849.1101
 20
470.3400
  0
VERTEX
  8
84
 10
-3866.3601
 20
469.2100
  0
VERTEX
  8
84
 10
-3883.6101
 20
467.9500
  0
VERTEX
  8
84
 10
-3881.8701
 20
437.1000
  0
VERTEX
  8
84
 10
-4026.0801
 20
429.4000
  0
VERTEX
  8
84
 10
-4028.4900
 20
460.8200
  0
VERTEX
  8
84
 10
-4028.5801
 20
461.9600
  0
VERTEX
  8
84
 10
-4032.3301
 20
507.7100
  0
VERTEX
  8
84
 10
-4037.6201
 20
552.7200
  0
VERTEX
  8
84
 10
-4042.8601
 20
605.1700
  0
VERTEX
  8
84
 10
-4045.6699
 20
634.0800
  0
VERTEX
  8
84
 10
-4046.5701
 20
644.9600
  0
VERTEX
  8
84
 10
-4047.2600
 20
654.9000
  0
VERTEX
  8
84
 10
-4048.0400
 20
669.9900
  0
VERTEX
  8
84
 10
-4049.0000
 20
695.2000
  0
VERTEX
  8
84
 10
-4050.1101
 20
724.1200
  0
VERTEX
  8
84
 10
-4050.3401
 20
733.6700
  0
VERTEX
  8
84
 10
-4050.4299
 20
742.2900
  0
VERTEX
  8
84
 10
-4050.3899
 20
756.3800
  0
VERTEX
  8
84
 10
-4050.4600
 20
763.2500
  0
VERTEX
  8
84
 10
-4050.7000
 20
770.1300
  0
VERTEX
  8
84
 10
-4036.7400
 20
770.0100
  0
VERTEX
  8
84
 10
-3935.6799
 20
770.3200
  0
VERTEX
  8
84
 10
-3817.6499
 20
770.4300
  0
VERTEX
  8
84
 10
-3814.0300
 20
770.4300
  0
VERTEX
  8
84
 10
-3813.9500
 20
757.7200
  0
VERTEX
  8
84
 10
-3813.7600
 20
745.0100
  0
VERTEX
  8
84
 10
-3813.1699
 20
722.2700
  0
VERTEX
  8
84
 10
-3812.1799
 20
695.2700
  0
VERTEX
  8
84
 10
-3810.8999
 20
665.8300
  0
VERTEX
  8
84
 10
-3809.3000
 20
632.6800
  0
VERTEX
  8
84
 10
-3805.9900
 20
567.8400
  0
VERTEX
  8
84
 10
-3803.4500
 20
513.1100
  0
VERTEX
  8
84
 10
-3803.3201
 20
510.3900
  0
VERTEX
  8
84
 10
-3802.9199
 20
500.4600
  0
VERTEX
  8
84
 10
-3802.6201
 20
490.5300
  0
VERTEX
  8
84
 10
-3801.8401
 20
472.2800
  0
SEQEND
  0
POINT
  8
2
 10
-3801.8401
 20
472.2800
  0
TEXT
  8
1
 10
-3801.8401
 20
472.2800
 40
3.0000
  1
# 904
  7
STANDARD
  0
POINT
  8
3
 10
-3816.7100
 20
471.9500
  0
POINT
  8
3
 10
-3849.1101
 20
470.3400
  0
POINT
  8
2
 10
-3883.6101
 20
467.9500
  0
TEXT
  8
1
 10
-3883.6101
 20
467.9500
 40
3.0000
  1
# 905
  7
STANDARD
  0
POINT
  8
2
 10
-3881.8701
 20
437.1000
  0
TEXT
  8
1
 10
-3881.8701
 20
437.1000
 40
3.0000
  1
# 906
  7
STANDARD
  0
POINT
  8
2
 10
-4026.0801
 20
429.4000
  0
TEXT
  8
1
 10
-4026.0801
 20
429.4000
 40
3.0000
  1
# 907
  7
STANDARD
  0
POINT
  8
2
 10
-4028.4900
 20
460.8200
  0
TEXT
  8
1
 10
-4028.4900
 20
460.8200
 40
3.0000
  1
# 908
  7
STANDARD
  0
POINT
  8
2
 10
-4028.5801
 20
461.9600
  0
TEXT
  8
1
 10
-4028.5801
 20
461.9600
 40
3.0000
  1
# 909
  7
STANDARD
  0
POINT
  8
2
 10
-4032.3301
 20
507.7100
  0
TEXT
  8
1
 10
-4032.3301
 20
507.7100
 40
3.0000
  1
# 910
  7
STANDARD
  0
POINT
  8
2
 10
-4037.6201
 20
552.7200
  0
TEXT
  8
1
 10
-4037.6201
 20
552.7200
 40
3.0000
  1
# 911
  7
STANDARD
  0
POINT
  8
3
 10
-4042.8601
 20
605.1700
  0
POINT
  8
3
 10
-4047.2600
 20
654.9000
  0
POINT
  8
3
 10
-4049.0000
 20
695.2000
  0
POINT
  8
3
 10
-4050.4299
 20
742.2900
  0
POINT
  8
3
 10
-4050.4600
 20
763.2500
  0
POINT
  8
2
 10
-4050.7000
 20
770.1300
  0
TEXT
  8
1
 10
-4050.7000
 20
770.1300
 40
3.0000
  1
# 912
  7
STANDARD
  0
POINT
  8
2
 10
-4036.7400
 20
770.0100
  0
TEXT
  8
1
 10
-4036.7400
 20
770.0100
 40
3.0000
  1
# 913
  7
STANDARD
  0
POINT
  8
3
 10
-3935.6799
 20
770.3200
  0
POINT
  8
3
 10
-3817.6499
 20
770.4300
  0
POINT
  8
2
 10
-3814.0300
 20
770.4300
  0
TEXT
  8
1
 10
-3814.0300
 20
770.4300
 40
3.0000
  1
# 914
  7
STANDARD
  0
POINT
  8
3
 10
-3813.7600
 20
745.0100
  0
POINT
  8
3
 10
-3812.1799
 20
695.2700
  0
POINT
  8
3
 10
-3809.3000
 20
632.6800
  0
POINT
  8
3
 10
-3805.9900
 20
567.8400
  0
POINT
  8
2
 10
-3803.4500
 20
513.1100
  0
TEXT
  8
1
 10
-3803.4500
 20
513.1100
 40
3.0000
  1
# 915
  7
STANDARD
  0
POINT
  8
3
 10
-3803.3201
 20
510.3900
  0
POINT
  8
2
 10
-3802.6201
 20
490.5300
  0
TEXT
  8
1
 10
-3802.6201
 20
490.5300
 40
3.0000
  1
# 916
  7
STANDARD
  0
POINT
  8
4
 10
-4028.4900
 20
460.8200
 30
5.0000
 50
2.4098
  0
POINT
  8
4
 10
-4032.3301
 20
507.7100
 30
5.0000
 50
4.8112
  0
POINT
  8
4
 10
-4036.7400
 20
770.0100
 30
5.0000
 50
270.0000
  0
POINT
  8
4
 10
-3803.4500
 20
513.1100
 30
5.0000
 50
182.5244
  0
POINT
  8
4
 10
-3802.6201
 20
490.5300
 30
5.0000
 50
182.0618
  0
LINE
  8
7
 10
-4003.7000
 20
599.6600
 11
-3846.2600
 21
599.6600
  0
LINE
  8
5
 10
-4003.7000
 20
599.6600
 11
-3846.2600
 21
599.6600
  0
POINT
  8
2
 10
-4003.7000
 20
599.6600
  0
TEXT
  8
7
 10
-4003.7000
 20
599.6600
 40
3.0000
  1
# 917
  7
STANDARD
  0
POINT
  8
2
 10
-3846.2600
 20
599.6600
  0
TEXT
  8
7
 10
-3846.2600
 20
599.6600
 40
3.0000
  1
# 918
  7
STANDARD
  0
POLYLINE
  8
8
 66
1
 70
0
  0
VERTEX
  8
8
 10
-3812.8201
 20
707.1800
  0
VERTEX
  8
8
 10
-3886.0500
 20
705.9600
  0
VERTEX
  8
8
 10
-3881.1101
 20
530.0300
  0
VERTEX
  8
8
 10
-3804.5801
 20
531.9900
  0
SEQEND
  0
POLYLINE
  8
85
 66
1
 70
0
  0
VERTEX
  8
85
 10
-3812.8201
 20
707.1800
  0
VERTEX
  8
85
 10
-3886.0500
 20
705.9600
  0
VERTEX
  8
85
 10
-3881.1101
 20
530.0300
  0
VERTEX
  8
85
 10
-3804.5801
 20
531.9900
  0
SEQEND
  0
POINT
  8
2
 10
-3812.8201
 20
707.1800
  0
TEXT
  8
8
 10
-3812.8201
 20
707.1800
 40
3.0000
  1
# 919
  7
STANDARD
  0
POINT
  8
2
 10
-3886.0500
 20
705.9600
  0
TEXT
  8
8
 10
-3886.0500
 20
705.9600
 40
3.0000
  1
# 920
  7
STANDARD
  0
POINT
  8
2
 10
-3881.1101
 20
530.0300
  0
TEXT
  8
8
 10
-3881.1101
 20
530.0300
 40
3.0000
  1
# 921
  7
STANDARD
  0
POINT
  8
2
 10
-3804.5801
 20
531.9900
  0
TEXT
  8
8
 10
-3804.5801
 20
531.9900
 40
3.0000
  1
# 922
  7
STANDARD
  0
POLYLINE
  8
8
 66
1
 70
1
  0
VERTEX
  8
8
 10
-3839.3899
 20
703.6900
  0
VERTEX
  8
8
 10
-4009.4500
 20
703.3800
  0
VERTEX
  8
8
 10
-4004.7100
 20
529.3100
  0
VERTEX
  8
8
 10
-3833.9299
 20
533.6400
  0
VERTEX
  8
8
 10
-3839.3899
 20
703.6900
  0
SEQEND
  0
POLYLINE
  8
85
 66
1
 70
1
  0
VERTEX
  8
85
 10
-3839.3899
 20
703.6900
  0
VERTEX
  8
85
 10
-4009.4500
 20
703.3800
  0
VERTEX
  8
85
 10
-4004.7100
 20
529.3100
  0
VERTEX
  8
85
 10
-3833.9299
 20
533.6400
  0
VERTEX
  8
85
 10
-3839.3899
 20
703.6900
  0
SEQEND
  0
POINT
  8
2
 10
-3839.3899
 20
703.6900
  0
TEXT
  8
8
 10
-3839.3899
 20
703.6900
 40
3.0000
  1
# 923
  7
STANDARD
  0
POINT
  8
2
 10
-4009.4500
 20
703.3800
  0
TEXT
  8
8
 10
-4009.4500
 20
703.3800
 40
3.0000
  1
# 924
  7
STANDARD
  0
POINT
  8
2
 10
-4004.7100
 20
529.3100
  0
TEXT
  8
8
 10
-4004.7100
 20
529.3100
 40
3.0000
  1
# 925
  7
STANDARD
  0
POINT
  8
2
 10
-3833.9299
 20
533.6400
  0
TEXT
  8
8
 10
-3833.9299
 20
533.6400
 40
3.0000
  1
# 926
  7
STANDARD
  0
POLYLINE
  8
8
 66
1
 70
0
  0
VERTEX
  8
8
 10
-3884.6101
 20
468.2300
  0
VERTEX
  8
8
 10
-4021.1899
 20
461.2300
  0
SEQEND
  0
POLYLINE
  8
85
 66
1
 70
0
  0
VERTEX
  8
85
 10
-3884.6101
 20
468.2300
  0
VERTEX
  8
85
 10
-4021.1899
 20
461.2300
  0
SEQEND
  0
POINT
  8
2
 10
-3884.6101
 20
468.2300
  0
TEXT
  8
8
 10
-3884.6101
 20
468.2300
 40
3.0000
  1
# 927
  7
STANDARD
  0
POINT
  8
2
 10
-4021.1899
 20
461.2300
  0
TEXT
  8
8
 10
-4021.1899
 20
461.2300
 40
3.0000
  1
# 928
  7
STANDARD
  0
POLYLINE
  8
8
 66
1
 70
0
  0
VERTEX
  8
8
 10
-3814.0601
 20
746.3300
  0
VERTEX
  8
8
 10
-3907.5801
 20
746.0200
  0
VERTEX
  8
8
 10
-4050.7500
 20
746.2300
  0
SEQEND
  0
POLYLINE
  8
85
 66
1
 70
0
  0
VERTEX
  8
85
 10
-3814.0601
 20
746.3300
  0
VERTEX
  8
85
 10
-3907.5801
 20
746.0200
  0
VERTEX
  8
85
 10
-3979.1599
 20
746.0200
  0
VERTEX
  8
85
 10
-4050.7500
 20
746.2300
  0
SEQEND
  0
POINT
  8
2
 10
-3814.0601
 20
746.3300
  0
TEXT
  8
8
 10
-3814.0601
 20
746.3300
 40
3.0000
  1
# 929
  7
STANDARD
  0
POINT
  8
3
 10
-3907.5801
 20
746.0200
  0
POINT
  8
2
 10
-4050.7500
 20
746.2300
  0
TEXT
  8
8
 10
-4050.7500
 20
746.2300
 40
3.0000
  1
# 930
  7
STANDARD
  0
POINT
  8
13
 10
-3843.1001
 20
700.9100
 30
10.0000
  0
TEXT
  8
13
 10
-3843.1001
 20
700.9100
 40
3.0000
  1
# 931
  7
STANDARD
  0
POINT
  8
13
 10
-3836.6101
 20
536.0100
 30
10.0000
  0
TEXT
  8
13
 10
-3836.6101
 20
536.0100
 40
3.0000
  1
# 932
  7
STANDARD
  0
POINT
  8
13
 10
-4006.6699
 20
701.2200
 30
10.0000
  0
TEXT
  8
13
 10
-4006.6699
 20
701.2200
 40
3.0000
  1
# 933
  7
STANDARD
  0
POINT
  8
13
 10
-4002.6499
 20
531.0600
 30
10.0000
  0
TEXT
  8
13
 10
-4002.6499
 20
531.0600
 40
3.0000
  1
# 934
  7
STANDARD
  0
POINT
  8
13
 10
-3835.2700
 20
746.7400
 30
10.0000
  0
TEXT
  8
13
 10
-3835.2700
 20
746.7400
 40
3.0000
  1
# 935
  7
STANDARD
  0
POINT
  8
13
 10
-3936.7300
 20
746.1300
 30
10.0000
  0
TEXT
  8
13
 10
-3936.7300
 20
746.1300
 40
3.0000
  1
# 936
  7
STANDARD
  0
POINT
  8
13
 10
-4034.7800
 20
746.7400
 30
10.0000
  0
TEXT
  8
13
 10
-4034.7800
 20
746.7400
 40
3.0000
  1
# 937
  7
STANDARD
  0
TEXT
  8
15
 10
-3832.8999
 20
617.4700
 40
4.26
  50
270.0000
  1
POCKET
  7
STANDARD
  0
TEXT
  8
15
 10
-3867.7200
 20
743.9600
 40
8.02
  50
180.0000
  1
SUPPORT FLAP FRONT
  7
STANDARD
  0
TEXT
  8
15
 10
-3929.8301
 20
465.6600
 40
9.5
  50
180.0000
  1
VENT
  7
STANDARD
  0
TEXT
  8
15
 10
-3979.5801
 20
767.9600
 40
11.33
  50
0.0000
  1
FRONT CENTER ZIP
  7
STANDARD
  0
ENDBLK
  0
BLOCK
  8
0
  2
Left Front Top_5046
 70
64
 10
0.0000
 20
0.0000
  0
TEXT
  8
1
 10
-3561.8401
 20
619.9600
 40
3.0000
 50
0.0000
  1
Piece Name: Left Front Top
  7
STANDARD
  0
TEXT
  8
1
 10
-3561.8401
 20
623.9600
 40
3.0000
 50
0.0000
  1
SAMPLE SIZE:50
  7
STANDARD
  0
TEXT
  8
1
 10
-3561.8401
 20
627.9600
 40
3.0000
 50
0.0000
  1
ANNOTATION: Ready
  7
STANDARD
  0
TEXT
  8
1
 10
-3561.8401
 20
631.9600
 40
3.0000
 50
0.0000
  1
MATERIAL: Ready
  7
STANDARD
  0
TEXT
  8
1
 10
-3561.8401
 20
635.9600
 40
3.0000
 50
0.0000
  1
QUANTITY: 1
  7
STANDARD
  0
POLYLINE
  8
1
 66
1
 70
1
  0
VERTEX
  8
1
 10
-3814.0300
 20
770.4300
  0
VERTEX
  8
1
 10
-3692.5801
 20
770.4400
  0
VERTEX
  8
1
 10
-3575.5701
 20
770.7400
  0
VERTEX
  8
1
 10
-3477.8301
 20
770.7400
  0
VERTEX
  8
1
 10
-3407.5200
 20
770.3100
  0
VERTEX
  8
1
 10
-3405.0601
 20
753.6500
  0
VERTEX
  8
1
 10
-3400.2400
 20
737.5200
  0
VERTEX
  8
1
 10
-3392.6101
 20
722.5000
  0
VERTEX
  8
1
 10
-3382.2000
 20
709.2700
  0
VERTEX
  8
1
 10
-3369.7500
 20
697.9300
  0
VERTEX
  8
1
 10
-3356.0200
 20
688.1500
  0
VERTEX
  8
1
 10
-3341.3799
 20
679.8200
  0
VERTEX
  8
1
 10
-3325.9199
 20
673.1300
  0
VERTEX
  8
1
 10
-3309.6699
 20
668.6700
  0
VERTEX
  8
1
 10
-3332.2700
 20
627.1100
  0
VERTEX
  8
1
 10
-3360.1299
 20
576.2600
  0
VERTEX
  8
1
 10
-3381.2800
 20
537.3500
  0
VERTEX
  8
1
 10
-3389.7100
 20
521.3800
  0
VERTEX
  8
1
 10
-3398.9800
 20
525.7900
  0
VERTEX
  8
1
 10
-3413.9900
 20
532.7300
  0
VERTEX
  8
1
 10
-3428.1001
 20
538.3700
  0
VERTEX
  8
1
 10
-3438.4099
 20
541.8600
  0
VERTEX
  8
1
 10
-3449.0200
 20
545.0700
  0
VERTEX
  8
1
 10
-3460.9500
 20
548.6000
  0
VERTEX
  8
1
 10
-3478.8601
 20
553.3000
  0
VERTEX
  8
1
 10
-3494.4900
 20
556.6900
  0
VERTEX
  8
1
 10
-3506.2400
 20
558.3100
  0
VERTEX
  8
1
 10
-3514.8401
 20
559.3000
  0
VERTEX
  8
1
 10
-3522.3601
 20
559.5300
  0
VERTEX
  8
1
 10
-3527.2800
 20
559.7200
  0
VERTEX
  8
1
 10
-3543.6299
 20
559.6200
  0
VERTEX
  8
1
 10
-3558.6101
 20
558.4100
  0
VERTEX
  8
1
 10
-3572.9600
 20
555.7500
  0
VERTEX
  8
1
 10
-3585.8701
 20
551.4900
  0
VERTEX
  8
1
 10
-3596.5500
 20
544.9800
  0
VERTEX
  8
1
 10
-3604.4099
 20
537.7200
  0
VERTEX
  8
1
 10
-3610.7800
 20
529.6700
  0
VERTEX
  8
1
 10
-3614.7100
 20
520.3100
  0
VERTEX
  8
1
 10
-3616.1299
 20
512.8000
  0
VERTEX
  8
1
 10
-3616.8000
 20
496.8000
  0
VERTEX
  8
1
 10
-3616.1299
 20
483.5200
  0
VERTEX
  8
1
 10
-3614.1899
 20
471.6300
  0
VERTEX
  8
1
 10
-3613.8301
 20
470.2400
  0
VERTEX
  8
1
 10
-3613.5400
 20
469.1200
  0
VERTEX
  8
1
 10
-3664.3799
 20
470.0100
  0
VERTEX
  8
1
 10
-3724.3101
 20
471.3400
  0
VERTEX
  8
1
 10
-3775.4800
 20
472.2800
  0
VERTEX
  8
1
 10
-3801.8899
 20
472.1900
  0
VERTEX
  8
1
 10
-3802.7100
 20
491.0200
  0
VERTEX
  8
1
 10
-3803.4500
 20
511.2700
  0
VERTEX
  8
1
 10
-3803.5400
 20
513.4700
  0
VERTEX
  8
1
 10
-3806.1299
 20
568.9400
  0
VERTEX
  8
1
 10
-3809.4299
 20
633.9900
  0
VERTEX
  8
1
 10
-3812.3000
 20
696.1200
  0
VERTEX
  8
1
 10
-3813.8201
 20
745.4800
  0
VERTEX
  8
1
 10
-3814.0300
 20
770.4300
  0
SEQEND
  0
POLYLINE
  8
84
 66
1
 70
1
  0
VERTEX
  8
84
 10
-3814.0300
 20
770.4300
  0
VERTEX
  8
84
 10
-3753.3000
 20
770.3800
  0
VERTEX
  8
84
 10
-3692.5801
 20
770.4400
  0
VERTEX
  8
84
 10
-3575.5701
 20
770.7400
  0
VERTEX
  8
84
 10
-3522.3501
 20
770.8100
  0
VERTEX
  8
84
 10
-3477.8301
 20
770.7400
  0
VERTEX
  8
84
 10
-3442.6699
 20
770.5800
  0
VERTEX
  8
84
 10
-3407.5200
 20
770.3100
  0
VERTEX
  8
84
 10
-3407.1201
 20
766.1100
  0
VERTEX
  8
84
 10
-3406.5701
 20
761.9300
  0
VERTEX
  8
84
 10
-3405.8899
 20
757.7800
  0
VERTEX
  8
84
 10
-3405.0601
 20
753.6500
  0
VERTEX
  8
84
 10
-3404.0500
 20
749.3900
  0
VERTEX
  8
84
 10
-3402.9099
 20
745.2800
  0
VERTEX
  8
84
 10
-3401.6399
 20
741.3300
  0
VERTEX
  8
84
 10
-3400.2400
 20
737.5200
  0
VERTEX
  8
84
 10
-3398.5801
 20
733.5700
  0
VERTEX
  8
84
 10
-3396.7500
 20
729.7500
  0
VERTEX
  8
84
 10
-3394.7600
 20
726.0500
  0
VERTEX
  8
84
 10
-3392.6101
 20
722.5000
  0
VERTEX
  8
84
 10
-3390.3101
 20
719.1000
  0
VERTEX
  8
84
 10
-3387.8101
 20
715.7600
  0
VERTEX
  8
84
 10
-3385.1001
 20
712.4800
  0
VERTEX
  8
84
 10
-3382.2000
 20
709.2700
  0
VERTEX
  8
84
 10
-3379.3899
 20
706.4100
  0
VERTEX
  8
84
 10
-3376.3799
 20
703.5700
  0
VERTEX
  8
84
 10
-3373.1699
 20
700.7500
  0
VERTEX
  8
84
 10
-3369.7500
 20
697.9300
  0
VERTEX
  8
84
 10
-3366.4700
 20
695.3900
  0
VERTEX
  8
84
 10
-3363.0901
 20
692.9100
  0
VERTEX
  8
84
 10
-3359.6101
 20
690.5000
  0
VERTEX
  8
84
 10
-3356.0200
 20
688.1500
  0
VERTEX
  8
84
 10
-3352.4199
 20
685.9200
  0
VERTEX
  8
84
 10
-3348.7900
 20
683.7900
  0
VERTEX
  8
84
 10
-3345.1001
 20
681.7600
  0
VERTEX
  8
84
 10
-3341.3799
 20
679.8200
  0
VERTEX
  8
84
 10
-3337.4099
 20
677.8900
  0
VERTEX
  8
84
 10
-3333.5100
 20
676.1300
  0
VERTEX
  8
84
 10
-3329.6899
 20
674.5500
  0
VERTEX
  8
84
 10
-3325.9199
 20
673.1300
  0
VERTEX
  8
84
 10
-3321.9299
 20
671.7900
  0
VERTEX
  8
84
 10
-3317.8899
 20
670.6000
  0
VERTEX
  8
84
 10
-3313.8101
 20
669.5600
  0
VERTEX
  8
84
 10
-3309.6699
 20
668.6700
  0
VERTEX
  8
84
 10
-3332.2700
 20
627.1100
  0
VERTEX
  8
84
 10
-3360.1299
 20
576.2600
  0
VERTEX
  8
84
 10
-3372.3501
 20
553.9100
  0
VERTEX
  8
84
 10
-3381.2800
 20
537.3500
  0
VERTEX
  8
84
 10
-3389.7100
 20
521.3800
  0
VERTEX
  8
84
 10
-3398.9800
 20
525.7900
  0
VERTEX
  8
84
 10
-3407.6201
 20
529.8600
  0
VERTEX
  8
84
 10
-3413.9900
 20
532.7300
  0
VERTEX
  8
84
 10
-3421.0200
 20
535.6700
  0
VERTEX
  8
84
 10
-3428.1001
 20
538.3700
  0
VERTEX
  8
84
 10
-3433.2300
 20
540.1700
  0
VERTEX
  8
84
 10
-3438.4099
 20
541.8600
  0
VERTEX
  8
84
 10
-3449.0200
 20
545.0700
  0
VERTEX
  8
84
 10
-3460.9500
 20
548.6000
  0
VERTEX
  8
84
 10
-3469.5400
 20
550.9500
  0
VERTEX
  8
84
 10
-3478.8601
 20
553.3000
  0
VERTEX
  8
84
 10
-3487.4199
 20
555.2900
  0
VERTEX
  8
84
 10
-3494.4900
 20
556.6900
  0
VERTEX
  8
84
 10
-3500.3501
 20
557.6100
  0
VERTEX
  8
84
 10
-3506.2400
 20
558.3100
  0
VERTEX
  8
84
 10
-3510.5300
 20
558.9300
  0
VERTEX
  8
84
 10
-3514.8401
 20
559.3000
  0
VERTEX
  8
84
 10
-3522.3601
 20
559.5300
  0
VERTEX
  8
84
 10
-3527.2800
 20
559.7200
  0
VERTEX
  8
84
 10
-3535.4600
 20
559.8100
  0
VERTEX
  8
84
 10
-3543.6299
 20
559.6200
  0
VERTEX
  8
84
 10
-3551.4700
 20
559.1500
  0
VERTEX
  8
84
 10
-3558.6101
 20
558.4100
  0
VERTEX
  8
84
 10
-3562.2400
 20
557.8900
  0
VERTEX
  8
84
 10
-3565.8401
 20
557.2700
  0
VERTEX
  8
84
 10
-3569.4099
 20
556.5600
  0
VERTEX
  8
84
 10
-3572.9600
 20
555.7500
  0
VERTEX
  8
84
 10
-3576.6699
 20
554.7800
  0
VERTEX
  8
84
 10
-3580.0000
 20
553.7700
  0
VERTEX
  8
84
 10
-3583.0500
 20
552.6800
  0
VERTEX
  8
84
 10
-3585.8701
 20
551.4900
  0
VERTEX
  8
84
 10
-3588.6399
 20
550.1300
  0
VERTEX
  8
84
 10
-3591.3501
 20
548.5800
  0
VERTEX
  8
84
 10
-3594.0000
 20
546.8600
  0
VERTEX
  8
84
 10
-3596.5500
 20
544.9800
  0
VERTEX
  8
84
 10
-3598.4800
 20
543.4000
  0
VERTEX
  8
84
 10
-3600.4199
 20
541.6800
  0
VERTEX
  8
84
 10
-3604.4099
 20
537.7200
  0
VERTEX
  8
84
 10
-3606.4199
 20
535.5200
  0
VERTEX
  8
84
 10
-3608.1001
 20
533.5100
  0
VERTEX
  8
84
 10
-3609.5400
 20
531.5700
  0
VERTEX
  8
84
 10
-3610.7800
 20
529.6700
  0
VERTEX
  8
84
 10
-3611.9500
 20
527.5500
  0
VERTEX
  8
84
 10
-3613.0000
 20
525.2800
  0
VERTEX
  8
84
 10
-3613.9199
 20
522.8600
  0
VERTEX
  8
84
 10
-3614.7100
 20
520.3100
  0
VERTEX
  8
84
 10
-3615.5801
 20
516.5900
  0
VERTEX
  8
84
 10
-3616.1299
 20
512.8000
  0
VERTEX
  8
84
 10
-3616.6599
 20
504.8000
  0
VERTEX
  8
84
 10
-3616.8000
 20
496.8000
  0
VERTEX
  8
84
 10
-3616.6101
 20
490.0400
  0
VERTEX
  8
84
 10
-3616.1299
 20
483.5200
  0
VERTEX
  8
84
 10
-3615.7600
 20
480.1900
  0
VERTEX
  8
84
 10
-3615.3201
 20
477.1500
  0
VERTEX
  8
84
 10
-3614.8000
 20
474.3100
  0
VERTEX
  8
84
 10
-3614.1899
 20
471.6300
  0
VERTEX
  8
84
 10
-3613.8301
 20
470.2400
  0
VERTEX
  8
84
 10
-3613.5400
 20
469.1200
  0
VERTEX
  8
84
 10
-3664.3799
 20
470.0100
  0
VERTEX
  8
84
 10
-3724.3101
 20
471.3400
  0
VERTEX
  8
84
 10
-3754.2400
 20
472.0100
  0
VERTEX
  8
84
 10
-3775.4800
 20
472.2800
  0
VERTEX
  8
84
 10
-3788.6799
 20
472.3000
  0
VERTEX
  8
84
 10
-3801.8899
 20
472.1900
  0
VERTEX
  8
84
 10
-3802.7100
 20
491.0200
  0
VERTEX
  8
84
 10
-3803.4500
 20
511.2700
  0
VERTEX
  8
84
 10
-3803.5400
 20
513.4700
  0
VERTEX
  8
84
 10
-3806.1299
 20
568.9400
  0
VERTEX
  8
84
 10
-3809.4299
 20
633.9900
  0
VERTEX
  8
84
 10
-3811.0601
 20
667.7100
  0
VERTEX
  8
84
 10
-3812.3000
 20
696.1200
  0
VERTEX
  8
84
 10
-3813.2700
 20
722.8000
  0
VERTEX
  8
84
 10
-3813.8201
 20
745.4800
  0
VERTEX
  8
84
 10
-3813.9800
 20
757.9500
  0
VERTEX
  8
84
 10
-3814.0300
 20
770.4300
  0
SEQEND
  0
POINT
  8
2
 10
-3814.0300
 20
770.4300
  0
TEXT
  8
1
 10
-3814.0300
 20
770.4300
 40
3.0000
  1
# 938
  7
STANDARD
  0
POINT
  8
3
 10
-3692.5801
 20
770.4400
  0
POINT
  8
3
 10
-3575.5701
 20
770.7400
  0
POINT
  8
3
 10
-3477.8301
 20
770.7400
  0
POINT
  8
2
 10
-3407.5200
 20
770.3100
  0
TEXT
  8
1
 10
-3407.5200
 20
770.3100
 40
3.0000
  1
# 939
  7
STANDARD
  0
POINT
  8
3
 10
-3405.0601
 20
753.6500
  0
POINT
  8
3
 10
-3400.2400
 20
737.5200
  0
POINT
  8
3
 10
-3392.6101
 20
722.5000
  0
POINT
  8
3
 10
-3382.2000
 20
709.2700
  0
POINT
  8
3
 10
-3369.7500
 20
697.9300
  0
POINT
  8
3
 10
-3356.0200
 20
688.1500
  0
POINT
  8
3
 10
-3341.3799
 20
679.8200
  0
POINT
  8
3
 10
-3325.9199
 20
673.1300
  0
POINT
  8
2
 10
-3309.6699
 20
668.6700
  0
TEXT
  8
1
 10
-3309.6699
 20
668.6700
 40
3.0000
  1
# 940
  7
STANDARD
  0
POINT
  8
3
 10
-3332.2700
 20
627.1100
  0
POINT
  8
3
 10
-3360.1299
 20
576.2600
  0
POINT
  8
3
 10
-3381.2800
 20
537.3500
  0
POINT
  8
2
 10
-3389.7100
 20
521.3800
  0
TEXT
  8
1
 10
-3389.7100
 20
521.3800
 40
3.0000
  1
# 941
  7
STANDARD
  0
POINT
  8
3
 10
-3398.9800
 20
525.7900
  0
POINT
  8
3
 10
-3413.9900
 20
532.7300
  0
POINT
  8
3
 10
-3428.1001
 20
538.3700
  0
POINT
  8
2
 10
-3438.4099
 20
541.8600
  0
TEXT
  8
1
 10
-3438.4099
 20
541.8600
 40
3.0000
  1
# 942
  7
STANDARD
  0
POINT
  8
3
 10
-3449.0200
 20
545.0700
  0
POINT
  8
3
 10
-3460.9500
 20
548.6000
  0
POINT
  8
3
 10
-3478.8601
 20
553.3000
  0
POINT
  8
3
 10
-3494.4900
 20
556.6900
  0
POINT
  8
2
 10
-3506.2400
 20
558.3100
  0
TEXT
  8
1
 10
-3506.2400
 20
558.3100
 40
3.0000
  1
# 943
  7
STANDARD
  0
POINT
  8
3
 10
-3514.8401
 20
559.3000
  0
POINT
  8
3
 10
-3522.3601
 20
559.5300
  0
POINT
  8
2
 10
-3527.2800
 20
559.7200
  0
TEXT
  8
1
 10
-3527.2800
 20
559.7200
 40
3.0000
  1
# 944
  7
STANDARD
  0
POINT
  8
3
 10
-3543.6299
 20
559.6200
  0
POINT
  8
3
 10
-3558.6101
 20
558.4100
  0
POINT
  8
3
 10
-3572.9600
 20
555.7500
  0
POINT
  8
3
 10
-3585.8701
 20
551.4900
  0
POINT
  8
3
 10
-3596.5500
 20
544.9800
  0
POINT
  8
3
 10
-3604.4099
 20
537.7200
  0
POINT
  8
3
 10
-3610.7800
 20
529.6700
  0
POINT
  8
3
 10
-3614.7100
 20
520.3100
  0
POINT
  8
2
 10
-3616.1299
 20
512.8000
  0
TEXT
  8
1
 10
-3616.1299
 20
512.8000
 40
3.0000
  1
# 945
  7
STANDARD
  0
POINT
  8
3
 10
-3616.8000
 20
496.8000
  0
POINT
  8
3
 10
-3616.1299
 20
483.5200
  0
POINT
  8
3
 10
-3614.1899
 20
471.6300
  0
POINT
  8
3
 10
-3613.8301
 20
470.2400
  0
POINT
  8
2
 10
-3613.5400
 20
469.1200
  0
TEXT
  8
1
 10
-3613.5400
 20
469.1200
 40
3.0000
  1
# 946
  7
STANDARD
  0
POINT
  8
3
 10
-3664.3799
 20
470.0100
  0
POINT
  8
3
 10
-3724.3101
 20
471.3400
  0
POINT
  8
3
 10
-3775.4800
 20
472.2800
  0
POINT
  8
2
 10
-3801.8899
 20
472.1900
  0
TEXT
  8
1
 10
-3801.8899
 20
472.1900
 40
3.0000
  1
# 947
  7
STANDARD
  0
POINT
  8
2
 10
-3802.7100
 20
491.0200
  0
TEXT
  8
1
 10
-3802.7100
 20
491.0200
 40
3.0000
  1
# 948
  7
STANDARD
  0
POINT
  8
3
 10
-3803.4500
 20
511.2700
  0
POINT
  8
2
 10
-3803.5400
 20
513.4700
  0
TEXT
  8
1
 10
-3803.5400
 20
513.4700
 40
3.0000
  1
# 949
  7
STANDARD
  0
POINT
  8
3
 10
-3806.1299
 20
568.9400
  0
POINT
  8
3
 10
-3809.4299
 20
633.9900
  0
POINT
  8
3
 10
-3812.3000
 20
696.1200
  0
POINT
  8
3
 10
-3813.8201
 20
745.4800
  0
POINT
  8
4
 10
-3438.4099
 20
541.8600
 30
5.0000
 50
71.5651
  0
POINT
  8
4
 10
-3527.2800
 20
559.7200
 30
5.0000
 50
91.0312
  0
POINT
  8
4
 10
-3802.7100
 20
491.0200
 30
5.0000
 50
3.3261
  0
LINE
  8
7
 10
-3719.5901
 20
619.8400
 11
-3423.2500
 21
619.8400
  0
LINE
  8
5
 10
-3719.5901
 20
619.8400
 11
-3423.2500
 21
619.8400
  0
POINT
  8
2
 10
-3719.5901
 20
619.8400
  0
TEXT
  8
7
 10
-3719.5901
 20
619.8400
 40
3.0000
  1
# 950
  7
STANDARD
  0
POINT
  8
2
 10
-3423.2500
 20
619.8400
  0
TEXT
  8
7
 10
-3423.2500
 20
619.8400
 40
3.0000
  1
# 951
  7
STANDARD
  0
POLYLINE
  8
8
 66
1
 70
1
  0
VERTEX
  8
8
 10
-3510.1799
 20
722.7600
  0
VERTEX
  8
8
 10
-3574.3501
 20
722.6600
  0
VERTEX
  8
8
 10
-3572.7100
 20
594.5200
  0
VERTEX
  8
8
 10
-3508.1201
 20
595.8600
  0
VERTEX
  8
8
 10
-3510.1799
 20
722.7600
  0
SEQEND
  0
POLYLINE
  8
85
 66
1
 70
1
  0
VERTEX
  8
85
 10
-3510.1799
 20
722.7600
  0
VERTEX
  8
85
 10
-3574.3501
 20
722.6600
  0
VERTEX
  8
85
 10
-3572.7100
 20
594.5200
  0
VERTEX
  8
85
 10
-3508.1201
 20
595.8600
  0
VERTEX
  8
85
 10
-3510.1799
 20
722.7600
  0
SEQEND
  0
POINT
  8
2
 10
-3510.1799
 20
722.7600
  0
TEXT
  8
8
 10
-3510.1799
 20
722.7600
 40
3.0000
  1
# 952
  7
STANDARD
  0
POINT
  8
2
 10
-3574.3501
 20
722.6600
  0
TEXT
  8
8
 10
-3574.3501
 20
722.6600
 40
3.0000
  1
# 953
  7
STANDARD
  0
POINT
  8
2
 10
-3572.7100
 20
594.5200
  0
TEXT
  8
8
 10
-3572.7100
 20
594.5200
 40
3.0000
  1
# 954
  7
STANDARD
  0
POINT
  8
2
 10
-3508.1201
 20
595.8600
  0
TEXT
  8
8
 10
-3508.1201
 20
595.8600
 40
3.0000
  1
# 955
  7
STANDARD
  0
POLYLINE
  8
8
 66
1
 70
1
  0
VERTEX
  8
8
 10
-3536.1399
 20
720.9000
  0
VERTEX
  8
8
 10
-3677.4600
 20
720.4900
  0
VERTEX
  8
8
 10
-3676.3201
 20
594.1100
  0
VERTEX
  8
8
 10
-3533.8701
 20
596.5800
  0
VERTEX
  8
8
 10
-3536.1399
 20
720.9000
  0
SEQEND
  0
POLYLINE
  8
85
 66
1
 70
1
  0
VERTEX
  8
85
 10
-3536.1399
 20
720.9000
  0
VERTEX
  8
85
 10
-3677.4600
 20
720.4900
  0
VERTEX
  8
85
 10
-3676.3201
 20
594.1100
  0
VERTEX
  8
85
 10
-3533.8701
 20
596.5800
  0
VERTEX
  8
85
 10
-3536.1399
 20
720.9000
  0
SEQEND
  0
POINT
  8
2
 10
-3536.1399
 20
720.9000
  0
TEXT
  8
8
 10
-3536.1399
 20
720.9000
 40
3.0000
  1
# 956
  7
STANDARD
  0
POINT
  8
2
 10
-3677.4600
 20
720.4900
  0
TEXT
  8
8
 10
-3677.4600
 20
720.4900
 40
3.0000
  1
# 957
  7
STANDARD
  0
POINT
  8
2
 10
-3676.3201
 20
594.1100
  0
TEXT
  8
8
 10
-3676.3201
 20
594.1100
 40
3.0000
  1
# 958
  7
STANDARD
  0
POINT
  8
2
 10
-3533.8701
 20
596.5800
  0
TEXT
  8
8
 10
-3533.8701
 20
596.5800
 40
3.0000
  1
# 959
  7
STANDARD
  0
POLYLINE
  8
8
 66
1
 70
0
  0
VERTEX
  8
8
 10
-3806.9299
 20
707.2000
  0
VERTEX
  8
8
 10
-3812.3899
 20
707.1000
  0
SEQEND
  0
POLYLINE
  8
85
 66
1
 70
0
  0
VERTEX
  8
85
 10
-3806.9299
 20
707.2000
  0
VERTEX
  8
85
 10
-3812.3899
 20
707.1000
  0
SEQEND
  0
POINT
  8
2
 10
-3806.9299
 20
707.2000
  0
TEXT
  8
8
 10
-3806.9299
 20
707.2000
 40
3.0000
  1
# 960
  7
STANDARD
  0
POINT
  8
2
 10
-3812.3899
 20
707.1000
  0
TEXT
  8
8
 10
-3812.3899
 20
707.1000
 40
3.0000
  1
# 961
  7
STANDARD
  0
POLYLINE
  8
8
 66
1
 70
0
  0
VERTEX
  8
8
 10
-3804.1499
 20
531.9000
  0
VERTEX
  8
8
 10
-3800.1299
 20
532.1100
  0
VERTEX
  8
8
 10
-3806.9299
 20
707.2000
  0
SEQEND
  0
POLYLINE
  8
85
 66
1
 70
0
  0
VERTEX
  8
85
 10
-3804.1499
 20
531.9000
  0
VERTEX
  8
85
 10
-3800.1299
 20
532.1100
  0
VERTEX
  8
85
 10
-3806.9299
 20
707.2000
  0
SEQEND
  0
POINT
  8
2
 10
-3804.1499
 20
531.9000
  0
TEXT
  8
8
 10
-3804.1499
 20
531.9000
 40
3.0000
  1
# 962
  7
STANDARD
  0
POINT
  8
2
 10
-3800.1299
 20
532.1100
  0
TEXT
  8
8
 10
-3800.1299
 20
532.1100
 40
3.0000
  1
# 963
  7
STANDARD
  0
POINT
  8
2
 10
-3806.9299
 20
707.2000
  0
TEXT
  8
8
 10
-3806.9299
 20
707.2000
 40
3.0000
  1
# 964
  7
STANDARD
  0
POLYLINE
  8
8
 66
1
 70
0
  0
VERTEX
  8
8
 10
-3403.4600
 20
747.2600
  0
VERTEX
  8
8
 10
-3582.9099
 20
746.9600
  0
VERTEX
  8
8
 10
-3752.0300
 20
746.4500
  0
VERTEX
  8
8
 10
-3813.6201
 20
746.2400
  0
SEQEND
  0
POLYLINE
  8
85
 66
1
 70
0
  0
VERTEX
  8
85
 10
-3403.4600
 20
747.2600
  0
VERTEX
  8
85
 10
-3582.9099
 20
746.9600
  0
VERTEX
  8
85
 10
-3752.0300
 20
746.4500
  0
VERTEX
  8
85
 10
-3813.6201
 20
746.2400
  0
SEQEND
  0
POINT
  8
2
 10
-3403.4600
 20
747.2600
  0
TEXT
  8
8
 10
-3403.4600
 20
747.2600
 40
3.0000
  1
# 965
  7
STANDARD
  0
POINT
  8
3
 10
-3582.9099
 20
746.9600
  0
POINT
  8
3
 10
-3752.0300
 20
746.4500
  0
POINT
  8
2
 10
-3813.6201
 20
746.2400
  0
TEXT
  8
8
 10
-3813.6201
 20
746.2400
 40
3.0000
  1
# 966
  7
STANDARD
  0
POINT
  8
13
 10
-3806.8301
 20
707.2000
 30
10.0000
  0
TEXT
  8
13
 10
-3806.8301
 20
707.2000
 40
3.0000
  1
# 967
  7
STANDARD
  0
POINT
  8
13
 10
-3800.1299
 20
532.0000
 30
10.0000
  0
TEXT
  8
13
 10
-3800.1299
 20
532.0000
 40
3.0000
  1
# 968
  7
STANDARD
  0
POINT
  8
13
 10
-3538.3000
 20
718.8400
 30
10.0000
  0
TEXT
  8
13
 10
-3538.3000
 20
718.8400
 40
3.0000
  1
# 969
  7
STANDARD
  0
POINT
  8
13
 10
-3510.0801
 20
722.7600
 30
10.0000
  0
TEXT
  8
13
 10
-3510.0801
 20
722.7600
 40
3.0000
  1
# 970
  7
STANDARD
  0
POINT
  8
13
 10
-3508.1201
 20
595.7600
 30
10.0000
  0
TEXT
  8
13
 10
-3508.1201
 20
595.7600
 40
3.0000
  1
# 971
  7
STANDARD
  0
POINT
  8
13
 10
-3535.6299
 20
598.2300
 30
10.0000
  0
TEXT
  8
13
 10
-3535.6299
 20
598.2300
 40
3.0000
  1
# 972
  7
STANDARD
  0
POINT
  8
13
 10
-3673.8501
 20
596.0700
 30
10.0000
  0
TEXT
  8
13
 10
-3673.8501
 20
596.0700
 40
3.0000
  1
# 973
  7
STANDARD
  0
POINT
  8
13
 10
-3674.7800
 20
717.7100
 30
10.0000
  0
TEXT
  8
13
 10
-3674.7800
 20
717.7100
 40
3.0000
  1
# 974
  7
STANDARD
  0
POINT
  8
13
 10
-3409.6699
 20
748.6100
 30
10.0000
  0
TEXT
  8
13
 10
-3409.6699
 20
748.6100
 40
3.0000
  1
# 975
  7
STANDARD
  0
POINT
  8
13
 10
-3566.8301
 20
746.8600
 30
10.0000
  0
TEXT
  8
13
 10
-3566.8301
 20
746.8600
 40
3.0000
  1
# 976
  7
STANDARD
  0
POINT
  8
13
 10
-3734.7300
 20
747.3800
 30
10.0000
  0
TEXT
  8
13
 10
-3734.7300
 20
747.3800
 40
3.0000
  1
# 977
  7
STANDARD
  0
TEXT
  8
15
 10
-3659.6399
 20
770.4500
 40
12.7
  50
0.0000
  1
FRONT CENETR  ZIP
  7
STANDARD
  0
TEXT
  8
15
 10
-3453.2300
 20
742.1200
 40
7.35
  50
180.0000
  1
SUPPORT FLAP FRONT
  7
STANDARD
  0
TEXT
  8
15
 10
-3504.8301
 20
669.1000
 40
3.14
  50
270.0000
  1
POCKET FLAP
  7
STANDARD
  0
TEXT
  8
15
 10
-3529.4500
 20
667.2400
 40
4.96
  50
270.0000
  1
POCKET
  7
STANDARD
  0
TEXT
  8
15
 10
-3797.9600
 20
628.6200
 40
5.16
  50
270.0000
  1
POCKET FLAP
  7
STANDARD
  0
ENDBLK
  0
BLOCK
  8
0
  2
Right Front Bottom_5047
 70
64
 10
0.0000
 20
0.0000
  0
TEXT
  8
1
 10
-4070.0000
 20
1439.3900
 40
3.0000
 50
0.0000
  1
Piece Name: Right Front Bottom
  7
STANDARD
  0
TEXT
  8
1
 10
-4070.0000
 20
1443.3900
 40
3.0000
 50
0.0000
  1
SAMPLE SIZE:50
  7
STANDARD
  0
TEXT
  8
1
 10
-4070.0000
 20
1447.3900
 40
3.0000
 50
0.0000
  1
ANNOTATION: Ready
  7
STANDARD
  0
TEXT
  8
1
 10
-4070.0000
 20
1451.3900
 40
3.0000
 50
0.0000
  1
MATERIAL: Ready
  7
STANDARD
  0
TEXT
  8
1
 10
-4070.0000
 20
1455.3900
 40
3.0000
 50
0.0000
  1
QUANTITY: 1
  7
STANDARD
  0
POLYLINE
  8
1
 66
1
 70
1
  0
VERTEX
  8
1
 10
-3945.5701
 20
1567.0300
  0
VERTEX
  8
1
 10
-3946.3601
 20
1548.4301
  0
VERTEX
  8
1
 10
-3947.0601
 20
1528.9301
  0
VERTEX
  8
1
 10
-3947.1899
 20
1526.1801
  0
VERTEX
  8
1
 10
-3949.7300
 20
1471.4700
  0
VERTEX
  8
1
 10
-3953.0400
 20
1406.6200
  0
VERTEX
  8
1
 10
-3955.9199
 20
1344.0300
  0
VERTEX
  8
1
 10
-3957.5000
 20
1294.3000
  0
VERTEX
  8
1
 10
-3957.7700
 20
1268.8800
  0
VERTEX
  8
1
 10
-3961.3899
 20
1268.8800
  0
VERTEX
  8
1
 10
-4079.4199
 20
1268.9900
  0
VERTEX
  8
1
 10
-4180.4800
 20
1269.3000
  0
VERTEX
  8
1
 10
-4194.4399
 20
1269.1801
  0
VERTEX
  8
1
 10
-4194.2002
 20
1276.0601
  0
VERTEX
  8
1
 10
-4194.1699
 20
1297.0200
  0
VERTEX
  8
1
 10
-4192.7402
 20
1344.1100
  0
VERTEX
  8
1
 10
-4191.0000
 20
1384.4100
  0
VERTEX
  8
1
 10
-4186.6001
 20
1434.1400
  0
VERTEX
  8
1
 10
-4181.3301
 20
1486.8101
  0
VERTEX
  8
1
 10
-4176.0698
 20
1531.6000
  0
VERTEX
  8
1
 10
-4172.3198
 20
1577.3300
  0
VERTEX
  8
1
 10
-4172.2598
 20
1578.0900
  0
VERTEX
  8
1
 10
-4169.8198
 20
1609.9100
  0
VERTEX
  8
1
 10
-4025.6101
 20
1602.2100
  0
VERTEX
  8
1
 10
-4027.3401
 20
1571.3600
  0
VERTEX
  8
1
 10
-3992.8401
 20
1568.9700
  0
VERTEX
  8
1
 10
-3960.4500
 20
1567.3600
  0
VERTEX
  8
1
 10
-3945.5701
 20
1567.0300
  0
SEQEND
  0
POLYLINE
  8
84
 66
1
 70
1
  0
VERTEX
  8
84
 10
-3945.5701
 20
1567.0300
  0
VERTEX
  8
84
 10
-3946.3601
 20
1548.4301
  0
VERTEX
  8
84
 10
-3947.0601
 20
1528.9301
  0
VERTEX
  8
84
 10
-3947.1899
 20
1526.1801
  0
VERTEX
  8
84
 10
-3949.7300
 20
1471.4700
  0
VERTEX
  8
84
 10
-3953.0400
 20
1406.6200
  0
VERTEX
  8
84
 10
-3954.6399
 20
1373.4700
  0
VERTEX
  8
84
 10
-3955.9199
 20
1344.0300
  0
VERTEX
  8
84
 10
-3956.9099
 20
1317.0300
  0
VERTEX
  8
84
 10
-3957.5000
 20
1294.3000
  0
VERTEX
  8
84
 10
-3957.6899
 20
1281.5900
  0
VERTEX
  8
84
 10
-3957.7700
 20
1268.8800
  0
VERTEX
  8
84
 10
-3961.3899
 20
1268.8800
  0
VERTEX
  8
84
 10
-4079.4199
 20
1268.9900
  0
VERTEX
  8
84
 10
-4180.4800
 20
1269.3000
  0
VERTEX
  8
84
 10
-4194.4399
 20
1269.1801
  0
VERTEX
  8
84
 10
-4194.2002
 20
1276.0601
  0
VERTEX
  8
84
 10
-4194.1299
 20
1282.9301
  0
VERTEX
  8
84
 10
-4194.1699
 20
1297.0200
  0
VERTEX
  8
84
 10
-4194.0801
 20
1305.6400
  0
VERTEX
  8
84
 10
-4193.8501
 20
1315.2000
  0
VERTEX
  8
84
 10
-4192.7402
 20
1344.1100
  0
VERTEX
  8
84
 10
-4191.7798
 20
1369.3199
  0
VERTEX
  8
84
 10
-4191.0000
 20
1384.4100
  0
VERTEX
  8
84
 10
-4190.3101
 20
1394.3600
  0
VERTEX
  8
84
 10
-4189.4102
 20
1405.2500
  0
VERTEX
  8
84
 10
-4186.6001
 20
1434.1400
  0
VERTEX
  8
84
 10
-4181.3301
 20
1486.8101
  0
VERTEX
  8
84
 10
-4176.0698
 20
1531.6000
  0
VERTEX
  8
84
 10
-4172.3198
 20
1577.3300
  0
VERTEX
  8
84
 10
-4172.2598
 20
1578.0900
  0
VERTEX
  8
84
 10
-4169.8198
 20
1609.9100
  0
VERTEX
  8
84
 10
-4025.6101
 20
1602.2100
  0
VERTEX
  8
84
 10
-4027.3401
 20
1571.3600
  0
VERTEX
  8
84
 10
-4010.0901
 20
1570.1000
  0
VERTEX
  8
84
 10
-3992.8401
 20
1568.9700
  0
VERTEX
  8
84
 10
-3975.2600
 20
1567.9800
  0
VERTEX
  8
84
 10
-3960.4500
 20
1567.3600
  0
VERTEX
  8
84
 10
-3945.5701
 20
1567.0300
  0
SEQEND
  0
POINT
  8
2
 10
-3945.5701
 20
1567.0300
  0
TEXT
  8
1
 10
-3945.5701
 20
1567.0300
 40
3.0000
  1
# 978
  7
STANDARD
  0
POINT
  8
2
 10
-3946.3601
 20
1548.4301
  0
TEXT
  8
1
 10
-3946.3601
 20
1548.4301
 40
3.0000
  1
# 979
  7
STANDARD
  0
POINT
  8
3
 10
-3947.0601
 20
1528.9301
  0
POINT
  8
2
 10
-3947.1899
 20
1526.1801
  0
TEXT
  8
1
 10
-3947.1899
 20
1526.1801
 40
3.0000
  1
# 980
  7
STANDARD
  0
POINT
  8
3
 10
-3949.7300
 20
1471.4700
  0
POINT
  8
3
 10
-3953.0400
 20
1406.6200
  0
POINT
  8
3
 10
-3955.9199
 20
1344.0300
  0
POINT
  8
3
 10
-3957.5000
 20
1294.3000
  0
POINT
  8
2
 10
-3957.7700
 20
1268.8800
  0
TEXT
  8
1
 10
-3957.7700
 20
1268.8800
 40
3.0000
  1
# 981
  7
STANDARD
  0
POINT
  8
3
 10
-3961.3899
 20
1268.8800
  0
POINT
  8
3
 10
-4079.4199
 20
1268.9900
  0
POINT
  8
2
 10
-4180.4800
 20
1269.3000
  0
TEXT
  8
1
 10
-4180.4800
 20
1269.3000
 40
3.0000
  1
# 982
  7
STANDARD
  0
POINT
  8
2
 10
-4194.4399
 20
1269.1801
  0
TEXT
  8
1
 10
-4194.4399
 20
1269.1801
 40
3.0000
  1
# 983
  7
STANDARD
  0
POINT
  8
3
 10
-4194.2002
 20
1276.0601
  0
POINT
  8
3
 10
-4194.1699
 20
1297.0200
  0
POINT
  8
3
 10
-4192.7402
 20
1344.1100
  0
POINT
  8
3
 10
-4191.0000
 20
1384.4100
  0
POINT
  8
3
 10
-4186.6001
 20
1434.1400
  0
POINT
  8
2
 10
-4181.3301
 20
1486.8101
  0
TEXT
  8
1
 10
-4181.3301
 20
1486.8101
 40
3.0000
  1
# 984
  7
STANDARD
  0
POINT
  8
2
 10
-4176.0698
 20
1531.6000
  0
TEXT
  8
1
 10
-4176.0698
 20
1531.6000
 40
3.0000
  1
# 985
  7
STANDARD
  0
POINT
  8
2
 10
-4172.3198
 20
1577.3300
  0
TEXT
  8
1
 10
-4172.3198
 20
1577.3300
 40
3.0000
  1
# 986
  7
STANDARD
  0
POINT
  8
2
 10
-4172.2598
 20
1578.0900
  0
TEXT
  8
1
 10
-4172.2598
 20
1578.0900
 40
3.0000
  1
# 987
  7
STANDARD
  0
POINT
  8
2
 10
-4169.8198
 20
1609.9100
  0
TEXT
  8
1
 10
-4169.8198
 20
1609.9100
 40
3.0000
  1
# 988
  7
STANDARD
  0
POINT
  8
2
 10
-4025.6101
 20
1602.2100
  0
TEXT
  8
1
 10
-4025.6101
 20
1602.2100
 40
3.0000
  1
# 989
  7
STANDARD
  0
POINT
  8
2
 10
-4027.3401
 20
1571.3600
  0
TEXT
  8
1
 10
-4027.3401
 20
1571.3600
 40
3.0000
  1
# 990
  7
STANDARD
  0
POINT
  8
3
 10
-3992.8401
 20
1568.9700
  0
POINT
  8
3
 10
-3960.4500
 20
1567.3600
  0
POINT
  8
4
 10
-3946.3601
 20
1548.4301
 30
5.0000
 50
177.9382
  0
POINT
  8
4
 10
-3947.1899
 20
1526.1801
 30
5.0000
 50
177.5902
  0
POINT
  8
4
 10
-4180.4800
 20
1269.3000
 30
5.0000
 50
90.0000
  0
POINT
  8
4
 10
-4181.3301
 20
1486.8101
 30
5.0000
 50
354.1411
  0
POINT
  8
4
 10
-4176.0698
 20
1531.6000
 30
5.0000
 50
355.1888
  0
POINT
  8
4
 10
-4172.2598
 20
1578.0900
 30
5.0000
 50
355.2935
  0
LINE
  8
7
 10
-4145.1899
 20
1439.6400
 11
-3992.3301
 21
1439.6400
  0
LINE
  8
5
 10
-4145.1899
 20
1439.6400
 11
-3992.3301
 21
1439.6400
  0
POINT
  8
2
 10
-4145.1899
 20
1439.6400
  0
TEXT
  8
7
 10
-4145.1899
 20
1439.6400
 40
3.0000
  1
# 991
  7
STANDARD
  0
POINT
  8
2
 10
-3992.3301
 20
1439.6400
  0
TEXT
  8
7
 10
-3992.3301
 20
1439.6400
 40
3.0000
  1
# 992
  7
STANDARD
  0
POLYLINE
  8
8
 66
1
 70
0
  0
VERTEX
  8
8
 10
-3956.5601
 20
1332.1300
  0
VERTEX
  8
8
 10
-4029.7900
 20
1333.3500
  0
VERTEX
  8
8
 10
-4024.8501
 20
1509.2800
  0
VERTEX
  8
8
 10
-3948.3201
 20
1507.3199
  0
SEQEND
  0
POLYLINE
  8
85
 66
1
 70
0
  0
VERTEX
  8
85
 10
-3956.5601
 20
1332.1300
  0
VERTEX
  8
85
 10
-4029.7900
 20
1333.3500
  0
VERTEX
  8
85
 10
-4024.8501
 20
1509.2800
  0
VERTEX
  8
85
 10
-3948.3201
 20
1507.3199
  0
SEQEND
  0
POINT
  8
2
 10
-3956.5601
 20
1332.1300
  0
TEXT
  8
8
 10
-3956.5601
 20
1332.1300
 40
3.0000
  1
# 993
  7
STANDARD
  0
POINT
  8
2
 10
-4029.7900
 20
1333.3500
  0
TEXT
  8
8
 10
-4029.7900
 20
1333.3500
 40
3.0000
  1
# 994
  7
STANDARD
  0
POINT
  8
2
 10
-4024.8501
 20
1509.2800
  0
TEXT
  8
8
 10
-4024.8501
 20
1509.2800
 40
3.0000
  1
# 995
  7
STANDARD
  0
POINT
  8
2
 10
-3948.3201
 20
1507.3199
  0
TEXT
  8
8
 10
-3948.3201
 20
1507.3199
 40
3.0000
  1
# 996
  7
STANDARD
  0
POLYLINE
  8
8
 66
1
 70
1
  0
VERTEX
  8
8
 10
-3983.1299
 20
1335.6200
  0
VERTEX
  8
8
 10
-3977.6699
 20
1505.6700
  0
VERTEX
  8
8
 10
-4148.4502
 20
1510.0000
  0
VERTEX
  8
8
 10
-4153.1899
 20
1335.9301
  0
VERTEX
  8
8
 10
-3983.1299
 20
1335.6200
  0
SEQEND
  0
POLYLINE
  8
85
 66
1
 70
1
  0
VERTEX
  8
85
 10
-3983.1299
 20
1335.6200
  0
VERTEX
  8
85
 10
-3977.6699
 20
1505.6700
  0
VERTEX
  8
85
 10
-4148.4502
 20
1510.0000
  0
VERTEX
  8
85
 10
-4153.1899
 20
1335.9301
  0
VERTEX
  8
85
 10
-3983.1299
 20
1335.6200
  0
SEQEND
  0
POINT
  8
2
 10
-3983.1299
 20
1335.6200
  0
TEXT
  8
8
 10
-3983.1299
 20
1335.6200
 40
3.0000
  1
# 997
  7
STANDARD
  0
POINT
  8
2
 10
-3977.6699
 20
1505.6700
  0
TEXT
  8
8
 10
-3977.6699
 20
1505.6700
 40
3.0000
  1
# 998
  7
STANDARD
  0
POINT
  8
2
 10
-4148.4502
 20
1510.0000
  0
TEXT
  8
8
 10
-4148.4502
 20
1510.0000
 40
3.0000
  1
# 999
  7
STANDARD
  0
POINT
  8
2
 10
-4153.1899
 20
1335.9301
  0
TEXT
  8
8
 10
-4153.1899
 20
1335.9301
 40
3.0000
  1
# 1000
  7
STANDARD
  0
POLYLINE
  8
8
 66
1
 70
0
  0
VERTEX
  8
8
 10
-4028.3501
 20
1571.0800
  0
VERTEX
  8
8
 10
-4164.9302
 20
1578.0800
  0
SEQEND
  0
POLYLINE
  8
85
 66
1
 70
0
  0
VERTEX
  8
85
 10
-4028.3501
 20
1571.0800
  0
VERTEX
  8
85
 10
-4164.9302
 20
1578.0800
  0
SEQEND
  0
POINT
  8
2
 10
-4028.3501
 20
1571.0800
  0
TEXT
  8
8
 10
-4028.3501
 20
1571.0800
 40
3.0000
  1
# 1001
  7
STANDARD
  0
POINT
  8
2
 10
-4164.9302
 20
1578.0800
  0
TEXT
  8
8
 10
-4164.9302
 20
1578.0800
 40
3.0000
  1
# 1002
  7
STANDARD
  0
POINT
  8
13
 10
-3986.8401
 20
1338.4000
 30
10.0000
  0
TEXT
  8
13
 10
-3986.8401
 20
1338.4000
 40
3.0000
  1
# 1003
  7
STANDARD
  0
POINT
  8
13
 10
-3980.3501
 20
1503.3000
 30
10.0000
  0
TEXT
  8
13
 10
-3980.3501
 20
1503.3000
 40
3.0000
  1
# 1004
  7
STANDARD
  0
POINT
  8
13
 10
-4150.4102
 20
1338.0900
 30
10.0000
  0
TEXT
  8
13
 10
-4150.4102
 20
1338.0900
 40
3.0000
  1
# 1005
  7
STANDARD
  0
POINT
  8
13
 10
-4146.3901
 20
1508.2500
 30
10.0000
  0
TEXT
  8
13
 10
-4146.3901
 20
1508.2500
 40
3.0000
  1
# 1006
  7
STANDARD
  0
TEXT
  8
15
 10
-3976.6399
 20
1435.0100
 40
4.26
  50
270.0000
  1
POCKET
  7
STANDARD
  0
TEXT
  8
15
 10
-4093.1399
 20
1573.6500
 40
9.5
  50
0.0000
  1
VENT
  7
STANDARD
  0
TEXT
  8
15
 10
-4029.8999
 20
1271.3500
 40
11.33
  50
180.0000
  1
FRONT CENTER ZIP
  7
STANDARD
  0
ENDBLK
  0
BLOCK
  8
0
  2
Right Front Top_5048
 70
64
 10
0.0000
 20
0.0000
  0
TEXT
  8
1
 10
-3705.5801
 20
1419.3400
 40
3.0000
 50
0.0000
  1
Piece Name: Right Front Top
  7
STANDARD
  0
TEXT
  8
1
 10
-3705.5801
 20
1423.3400
 40
3.0000
 50
0.0000
  1
SAMPLE SIZE:50
  7
STANDARD
  0
TEXT
  8
1
 10
-3705.5801
 20
1427.3400
 40
3.0000
 50
0.0000
  1
ANNOTATION: Ready
  7
STANDARD
  0
TEXT
  8
1
 10
-3705.5801
 20
1431.3400
 40
3.0000
 50
0.0000
  1
MATERIAL: Ready
  7
STANDARD
  0
TEXT
  8
1
 10
-3705.5801
 20
1435.3400
 40
3.0000
 50
0.0000
  1
QUANTITY: 1
  7
STANDARD
  0
POLYLINE
  8
1
 66
1
 70
1
  0
VERTEX
  8
1
 10
-3957.7700
 20
1268.8800
  0
VERTEX
  8
1
 10
-3957.5601
 20
1293.8300
  0
VERTEX
  8
1
 10
-3956.0500
 20
1343.1801
  0
VERTEX
  8
1
 10
-3953.1699
 20
1405.3101
  0
VERTEX
  8
1
 10
-3949.8701
 20
1470.3700
  0
VERTEX
  8
1
 10
-3947.2700
 20
1526.1700
  0
VERTEX
  8
1
 10
-3947.1799
 20
1528.0601
  0
VERTEX
  8
1
 10
-3946.4399
 20
1548.3101
  0
VERTEX
  8
1
 10
-3945.6299
 20
1567.1200
  0
VERTEX
  8
1
 10
-3919.2200
 20
1567.0300
  0
VERTEX
  8
1
 10
-3868.0500
 20
1567.9700
  0
VERTEX
  8
1
 10
-3808.1201
 20
1569.3000
  0
VERTEX
  8
1
 10
-3757.2800
 20
1570.1899
  0
VERTEX
  8
1
 10
-3757.5701
 20
1569.0900
  0
VERTEX
  8
1
 10
-3757.9199
 20
1567.7300
  0
VERTEX
  8
1
 10
-3759.8701
 20
1555.7900
  0
VERTEX
  8
1
 10
-3760.5500
 20
1542.5100
  0
VERTEX
  8
1
 10
-3759.8501
 20
1526.3600
  0
VERTEX
  8
1
 10
-3758.4500
 20
1519.0000
  0
VERTEX
  8
1
 10
-3754.5200
 20
1509.6300
  0
VERTEX
  8
1
 10
-3748.1499
 20
1501.5900
  0
VERTEX
  8
1
 10
-3740.2900
 20
1494.3300
  0
VERTEX
  8
1
 10
-3729.6001
 20
1487.8101
  0
VERTEX
  8
1
 10
-3716.6899
 20
1483.5601
  0
VERTEX
  8
1
 10
-3702.3401
 20
1480.9000
  0
VERTEX
  8
1
 10
-3687.3701
 20
1479.6899
  0
VERTEX
  8
1
 10
-3670.8601
 20
1479.5900
  0
VERTEX
  8
1
 10
-3666.0601
 20
1479.7800
  0
VERTEX
  8
1
 10
-3658.5801
 20
1480.0100
  0
VERTEX
  8
1
 10
-3650.2700
 20
1480.9600
  0
VERTEX
  8
1
 10
-3638.2300
 20
1482.6200
  0
VERTEX
  8
1
 10
-3622.5901
 20
1486.0100
  0
VERTEX
  8
1
 10
-3604.7000
 20
1490.7100
  0
VERTEX
  8
1
 10
-3592.7700
 20
1494.2400
  0
VERTEX
  8
1
 10
-3582.0601
 20
1497.4700
  0
VERTEX
  8
1
 10
-3571.8401
 20
1500.9399
  0
VERTEX
  8
1
 10
-3557.7400
 20
1506.5699
  0
VERTEX
  8
1
 10
-3542.7200
 20
1513.5200
  0
VERTEX
  8
1
 10
-3533.4500
 20
1517.9301
  0
VERTEX
  8
1
 10
-3525.0200
 20
1501.9600
  0
VERTEX
  8
1
 10
-3503.8701
 20
1463.0500
  0
VERTEX
  8
1
 10
-3476.0100
 20
1412.2000
  0
VERTEX
  8
1
 10
-3453.4099
 20
1370.6400
  0
VERTEX
  8
1
 10
-3469.6599
 20
1366.1801
  0
VERTEX
  8
1
 10
-3485.1201
 20
1359.5000
  0
VERTEX
  8
1
 10
-3499.7600
 20
1351.1600
  0
VERTEX
  8
1
 10
-3513.4900
 20
1341.3800
  0
VERTEX
  8
1
 10
-3525.9399
 20
1330.0300
  0
VERTEX
  8
1
 10
-3536.3401
 20
1316.8000
  0
VERTEX
  8
1
 10
-3543.9800
 20
1301.7900
  0
VERTEX
  8
1
 10
-3548.8000
 20
1285.6600
  0
VERTEX
  8
1
 10
-3551.2600
 20
1269.0000
  0
VERTEX
  8
1
 10
-3621.5701
 20
1268.5699
  0
VERTEX
  8
1
 10
-3719.3101
 20
1268.5699
  0
VERTEX
  8
1
 10
-3836.3201
 20
1268.8700
  0
VERTEX
  8
1
 10
-3957.7700
 20
1268.8800
  0
SEQEND
  0
POLYLINE
  8
84
 66
1
 70
1
  0
VERTEX
  8
84
 10
-3957.7700
 20
1268.8800
  0
VERTEX
  8
84
 10
-3957.7200
 20
1281.3600
  0
VERTEX
  8
84
 10
-3957.5601
 20
1293.8300
  0
VERTEX
  8
84
 10
-3957.0100
 20
1316.6100
  0
VERTEX
  8
84
 10
-3956.0500
 20
1343.1801
  0
VERTEX
  8
84
 10
-3954.8201
 20
1371.3199
  0
VERTEX
  8
84
 10
-3953.1699
 20
1405.3101
  0
VERTEX
  8
84
 10
-3949.8701
 20
1470.3700
  0
VERTEX
  8
84
 10
-3947.2700
 20
1526.1700
  0
VERTEX
  8
84
 10
-3947.1799
 20
1528.0601
  0
VERTEX
  8
84
 10
-3946.7600
 20
1538.1801
  0
VERTEX
  8
84
 10
-3946.4399
 20
1548.3101
  0
VERTEX
  8
84
 10
-3945.6299
 20
1567.1200
  0
VERTEX
  8
84
 10
-3932.4199
 20
1567.0100
  0
VERTEX
  8
84
 10
-3919.2200
 20
1567.0300
  0
VERTEX
  8
84
 10
-3897.9800
 20
1567.3000
  0
VERTEX
  8
84
 10
-3868.0500
 20
1567.9700
  0
VERTEX
  8
84
 10
-3808.1201
 20
1569.3000
  0
VERTEX
  8
84
 10
-3757.2800
 20
1570.1899
  0
VERTEX
  8
84
 10
-3757.5701
 20
1569.0900
  0
VERTEX
  8
84
 10
-3757.9199
 20
1567.7300
  0
VERTEX
  8
84
 10
-3758.5300
 20
1565.0300
  0
VERTEX
  8
84
 10
-3759.0500
 20
1562.1700
  0
VERTEX
  8
84
 10
-3759.5000
 20
1559.1100
  0
VERTEX
  8
84
 10
-3759.8701
 20
1555.7900
  0
VERTEX
  8
84
 10
-3760.3601
 20
1549.2600
  0
VERTEX
  8
84
 10
-3760.5500
 20
1542.5100
  0
VERTEX
  8
84
 10
-3760.5300
 20
1538.4700
  0
VERTEX
  8
84
 10
-3760.3999
 20
1534.4301
  0
VERTEX
  8
84
 10
-3760.1799
 20
1530.4000
  0
VERTEX
  8
84
 10
-3759.8501
 20
1526.3600
  0
VERTEX
  8
84
 10
-3759.3000
 20
1522.6500
  0
VERTEX
  8
84
 10
-3758.4500
 20
1519.0000
  0
VERTEX
  8
84
 10
-3757.6599
 20
1516.4399
  0
VERTEX
  8
84
 10
-3756.7400
 20
1514.0200
  0
VERTEX
  8
84
 10
-3755.6899
 20
1511.7500
  0
VERTEX
  8
84
 10
-3754.5200
 20
1509.6300
  0
VERTEX
  8
84
 10
-3753.2800
 20
1507.7300
  0
VERTEX
  8
84
 10
-3751.8401
 20
1505.8000
  0
VERTEX
  8
84
 10
-3750.1599
 20
1503.7900
  0
VERTEX
  8
84
 10
-3748.1499
 20
1501.5900
  0
VERTEX
  8
84
 10
-3744.1599
 20
1497.6300
  0
VERTEX
  8
84
 10
-3742.2200
 20
1495.9100
  0
VERTEX
  8
84
 10
-3740.2900
 20
1494.3300
  0
VERTEX
  8
84
 10
-3737.7300
 20
1492.4399
  0
VERTEX
  8
84
 10
-3735.0801
 20
1490.7200
  0
VERTEX
  8
84
 10
-3732.3701
 20
1489.1700
  0
VERTEX
  8
84
 10
-3729.6001
 20
1487.8101
  0
VERTEX
  8
84
 10
-3726.7800
 20
1486.6300
  0
VERTEX
  8
84
 10
-3723.7400
 20
1485.5400
  0
VERTEX
  8
84
 10
-3720.4099
 20
1484.5300
  0
VERTEX
  8
84
 10
-3716.6899
 20
1483.5601
  0
VERTEX
  8
84
 10
-3713.1399
 20
1482.7500
  0
VERTEX
  8
84
 10
-3709.5601
 20
1482.0300
  0
VERTEX
  8
84
 10
-3705.9600
 20
1481.4200
  0
VERTEX
  8
84
 10
-3702.3401
 20
1480.9000
  0
VERTEX
  8
84
 10
-3695.2100
 20
1480.1600
  0
VERTEX
  8
84
 10
-3687.3701
 20
1479.6899
  0
VERTEX
  8
84
 10
-3679.1201
 20
1479.5000
  0
VERTEX
  8
84
 10
-3670.8601
 20
1479.5900
  0
VERTEX
  8
84
 10
-3666.0601
 20
1479.7800
  0
VERTEX
  8
84
 10
-3658.5801
 20
1480.0100
  0
VERTEX
  8
84
 10
-3654.4199
 20
1480.3700
  0
VERTEX
  8
84
 10
-3650.2700
 20
1480.9600
  0
VERTEX
  8
84
 10
-3644.2300
 20
1481.6801
  0
VERTEX
  8
84
 10
-3638.2300
 20
1482.6200
  0
VERTEX
  8
84
 10
-3631.1299
 20
1484.0300
  0
VERTEX
  8
84
 10
-3622.5901
 20
1486.0100
  0
VERTEX
  8
84
 10
-3613.3201
 20
1488.3500
  0
VERTEX
  8
84
 10
-3604.7000
 20
1490.7100
  0
VERTEX
  8
84
 10
-3592.7700
 20
1494.2400
  0
VERTEX
  8
84
 10
-3582.0601
 20
1497.4700
  0
VERTEX
  8
84
 10
-3576.9299
 20
1499.1500
  0
VERTEX
  8
84
 10
-3571.8401
 20
1500.9399
  0
VERTEX
  8
84
 10
-3564.7400
 20
1503.6500
  0
VERTEX
  8
84
 10
-3557.7400
 20
1506.5699
  0
VERTEX
  8
84
 10
-3551.3899
 20
1509.4301
  0
VERTEX
  8
84
 10
-3542.7200
 20
1513.5200
  0
VERTEX
  8
84
 10
-3533.4500
 20
1517.9301
  0
VERTEX
  8
84
 10
-3525.0200
 20
1501.9600
  0
VERTEX
  8
84
 10
-3516.0901
 20
1485.4000
  0
VERTEX
  8
84
 10
-3503.8701
 20
1463.0500
  0
VERTEX
  8
84
 10
-3476.0100
 20
1412.2000
  0
VERTEX
  8
84
 10
-3453.4099
 20
1370.6400
  0
VERTEX
  8
84
 10
-3457.5400
 20
1369.7500
  0
VERTEX
  8
84
 10
-3461.6299
 20
1368.7000
  0
VERTEX
  8
84
 10
-3465.6699
 20
1367.5200
  0
VERTEX
  8
84
 10
-3469.6599
 20
1366.1801
  0
VERTEX
  8
84
 10
-3473.4399
 20
1364.7600
  0
VERTEX
  8
84
 10
-3477.2700
 20
1363.1801
  0
VERTEX
  8
84
 10
-3481.1599
 20
1361.4301
  0
VERTEX
  8
84
 10
-3485.1201
 20
1359.5000
  0
VERTEX
  8
84
 10
-3488.8301
 20
1357.5699
  0
VERTEX
  8
84
 10
-3492.5000
 20
1355.5400
  0
VERTEX
  8
84
 10
-3496.1499
 20
1353.4000
  0
VERTEX
  8
84
 10
-3499.7600
 20
1351.1600
  0
VERTEX
  8
84
 10
-3503.3601
 20
1348.8000
  0
VERTEX
  8
84
 10
-3506.8501
 20
1346.3900
  0
VERTEX
  8
84
 10
-3510.2200
 20
1343.9100
  0
VERTEX
  8
84
 10
-3513.4900
 20
1341.3800
  0
VERTEX
  8
84
 10
-3516.9099
 20
1338.5601
  0
VERTEX
  8
84
 10
-3520.1201
 20
1335.7400
  0
VERTEX
  8
84
 10
-3523.1201
 20
1332.9000
  0
VERTEX
  8
84
 10
-3525.9399
 20
1330.0300
  0
VERTEX
  8
84
 10
-3528.8301
 20
1326.8300
  0
VERTEX
  8
84
 10
-3531.5300
 20
1323.5500
  0
VERTEX
  8
84
 10
-3534.0400
 20
1320.2000
  0
VERTEX
  8
84
 10
-3536.3401
 20
1316.8000
  0
VERTEX
  8
84
 10
-3538.5000
 20
1313.2400
  0
VERTEX
  8
84
 10
-3540.4900
 20
1309.5400
  0
VERTEX
  8
84
 10
-3542.3201
 20
1305.7200
  0
VERTEX
  8
84
 10
-3543.9800
 20
1301.7900
  0
VERTEX
  8
84
 10
-3545.3799
 20
1297.9900
  0
VERTEX
  8
84
 10
-3546.6499
 20
1294.0400
  0
VERTEX
  8
84
 10
-3547.7900
 20
1289.9301
  0
VERTEX
  8
84
 10
-3548.8000
 20
1285.6600
  0
VERTEX
  8
84
 10
-3549.6299
 20
1281.5300
  0
VERTEX
  8
84
 10
-3550.3101
 20
1277.3800
  0
VERTEX
  8
84
 10
-3550.8601
 20
1273.2000
  0
VERTEX
  8
84
 10
-3551.2600
 20
1269.0000
  0
VERTEX
  8
84
 10
-3586.4099
 20
1268.7300
  0
VERTEX
  8
84
 10
-3621.5701
 20
1268.5699
  0
VERTEX
  8
84
 10
-3666.0901
 20
1268.5000
  0
VERTEX
  8
84
 10
-3719.3101
 20
1268.5699
  0
VERTEX
  8
84
 10
-3836.3201
 20
1268.8700
  0
VERTEX
  8
84
 10
-3897.0400
 20
1268.9301
  0
VERTEX
  8
84
 10
-3957.7700
 20
1268.8800
  0
SEQEND
  0
POINT
  8
2
 10
-3957.7700
 20
1268.8800
  0
TEXT
  8
1
 10
-3957.7700
 20
1268.8800
 40
3.0000
  1
# 1007
  7
STANDARD
  0
POINT
  8
3
 10
-3957.5601
 20
1293.8300
  0
POINT
  8
3
 10
-3956.0500
 20
1343.1801
  0
POINT
  8
3
 10
-3953.1699
 20
1405.3101
  0
POINT
  8
3
 10
-3949.8701
 20
1470.3700
  0
POINT
  8
2
 10
-3947.2700
 20
1526.1700
  0
TEXT
  8
1
 10
-3947.2700
 20
1526.1700
 40
3.0000
  1
# 1008
  7
STANDARD
  0
POINT
  8
3
 10
-3947.1799
 20
1528.0601
  0
POINT
  8
2
 10
-3946.4399
 20
1548.3101
  0
TEXT
  8
1
 10
-3946.4399
 20
1548.3101
 40
3.0000
  1
# 1009
  7
STANDARD
  0
POINT
  8
2
 10
-3945.6299
 20
1567.1200
  0
TEXT
  8
1
 10
-3945.6299
 20
1567.1200
 40
3.0000
  1
# 1010
  7
STANDARD
  0
POINT
  8
3
 10
-3919.2200
 20
1567.0300
  0
POINT
  8
3
 10
-3868.0500
 20
1567.9700
  0
POINT
  8
3
 10
-3808.1201
 20
1569.3000
  0
POINT
  8
2
 10
-3757.2800
 20
1570.1899
  0
TEXT
  8
1
 10
-3757.2800
 20
1570.1899
 40
3.0000
  1
# 1011
  7
STANDARD
  0
POINT
  8
3
 10
-3757.5701
 20
1569.0900
  0
POINT
  8
3
 10
-3757.9199
 20
1567.7300
  0
POINT
  8
3
 10
-3759.8701
 20
1555.7900
  0
POINT
  8
3
 10
-3760.5500
 20
1542.5100
  0
POINT
  8
2
 10
-3759.8501
 20
1526.3600
  0
TEXT
  8
1
 10
-3759.8501
 20
1526.3600
 40
3.0000
  1
# 1012
  7
STANDARD
  0
POINT
  8
3
 10
-3758.4500
 20
1519.0000
  0
POINT
  8
3
 10
-3754.5200
 20
1509.6300
  0
POINT
  8
3
 10
-3748.1499
 20
1501.5900
  0
POINT
  8
3
 10
-3740.2900
 20
1494.3300
  0
POINT
  8
3
 10
-3729.6001
 20
1487.8101
  0
POINT
  8
3
 10
-3716.6899
 20
1483.5601
  0
POINT
  8
3
 10
-3702.3401
 20
1480.9000
  0
POINT
  8
3
 10
-3687.3701
 20
1479.6899
  0
POINT
  8
2
 10
-3670.8601
 20
1479.5900
  0
TEXT
  8
1
 10
-3670.8601
 20
1479.5900
 40
3.0000
  1
# 1013
  7
STANDARD
  0
POINT
  8
3
 10
-3666.0601
 20
1479.7800
  0
POINT
  8
3
 10
-3658.5801
 20
1480.0100
  0
POINT
  8
2
 10
-3650.2700
 20
1480.9600
  0
TEXT
  8
1
 10
-3650.2700
 20
1480.9600
 40
3.0000
  1
# 1014
  7
STANDARD
  0
POINT
  8
3
 10
-3638.2300
 20
1482.6200
  0
POINT
  8
3
 10
-3622.5901
 20
1486.0100
  0
POINT
  8
3
 10
-3604.7000
 20
1490.7100
  0
POINT
  8
3
 10
-3592.7700
 20
1494.2400
  0
POINT
  8
2
 10
-3582.0601
 20
1497.4700
  0
TEXT
  8
1
 10
-3582.0601
 20
1497.4700
 40
3.0000
  1
# 1015
  7
STANDARD
  0
POINT
  8
3
 10
-3571.8401
 20
1500.9399
  0
POINT
  8
3
 10
-3557.7400
 20
1506.5699
  0
POINT
  8
3
 10
-3542.7200
 20
1513.5200
  0
POINT
  8
2
 10
-3533.4500
 20
1517.9301
  0
TEXT
  8
1
 10
-3533.4500
 20
1517.9301
 40
3.0000
  1
# 1016
  7
STANDARD
  0
POINT
  8
3
 10
-3525.0200
 20
1501.9600
  0
POINT
  8
3
 10
-3503.8701
 20
1463.0500
  0
POINT
  8
3
 10
-3476.0100
 20
1412.2000
  0
POINT
  8
2
 10
-3453.4099
 20
1370.6400
  0
TEXT
  8
1
 10
-3453.4099
 20
1370.6400
 40
3.0000
  1
# 1017
  7
STANDARD
  0
POINT
  8
3
 10
-3469.6599
 20
1366.1801
  0
POINT
  8
3
 10
-3485.1201
 20
1359.5000
  0
POINT
  8
3
 10
-3499.7600
 20
1351.1600
  0
POINT
  8
3
 10
-3513.4900
 20
1341.3800
  0
POINT
  8
3
 10
-3525.9399
 20
1330.0300
  0
POINT
  8
3
 10
-3536.3401
 20
1316.8000
  0
POINT
  8
3
 10
-3543.9800
 20
1301.7900
  0
POINT
  8
3
 10
-3548.8000
 20
1285.6600
  0
POINT
  8
2
 10
-3551.2600
 20
1269.0000
  0
TEXT
  8
1
 10
-3551.2600
 20
1269.0000
 40
3.0000
  1
# 1018
  7
STANDARD
  0
POINT
  8
3
 10
-3621.5701
 20
1268.5699
  0
POINT
  8
3
 10
-3719.3101
 20
1268.5699
  0
POINT
  8
3
 10
-3836.3201
 20
1268.8700
  0
POINT
  8
4
 10
-3947.2700
 20
1526.1700
 30
5.0000
 50
357.7048
  0
POINT
  8
4
 10
-3946.4399
 20
1548.3101
 30
5.0000
 50
357.2464
  0
POINT
  8
4
 10
-3759.8501
 20
1526.3600
 30
5.0000
 50
188.9726
  0
POINT
  8
4
 10
-3650.2700
 20
1480.9600
 30
5.0000
 50
275.1633
  0
LINE
  8
7
 10
-3863.3201
 20
1419.4600
 11
-3566.9800
 21
1419.4600
  0
LINE
  8
5
 10
-3863.3201
 20
1419.4600
 11
-3566.9800
 21
1419.4600
  0
POINT
  8
2
 10
-3863.3201
 20
1419.4600
  0
TEXT
  8
7
 10
-3863.3201
 20
1419.4600
 40
3.0000
  1
# 1019
  7
STANDARD
  0
POINT
  8
2
 10
-3566.9800
 20
1419.4600
  0
TEXT
  8
7
 10
-3566.9800
 20
1419.4600
 40
3.0000
  1
# 1020
  7
STANDARD
  0
POLYLINE
  8
8
 66
1
 70
1
  0
VERTEX
  8
8
 10
-3653.9199
 20
1316.5500
  0
VERTEX
  8
8
 10
-3651.8601
 20
1443.4500
  0
VERTEX
  8
8
 10
-3716.4500
 20
1444.7900
  0
VERTEX
  8
8
 10
-3718.0901
 20
1316.6500
  0
VERTEX
  8
8
 10
-3653.9199
 20
1316.5500
  0
SEQEND
  0
POLYLINE
  8
85
 66
1
 70
1
  0
VERTEX
  8
85
 10
-3653.9199
 20
1316.5500
  0
VERTEX
  8
85
 10
-3651.8601
 20
1443.4500
  0
VERTEX
  8
85
 10
-3716.4500
 20
1444.7900
  0
VERTEX
  8
85
 10
-3718.0901
 20
1316.6500
  0
VERTEX
  8
85
 10
-3653.9199
 20
1316.5500
  0
SEQEND
  0
POINT
  8
2
 10
-3653.9199
 20
1316.5500
  0
TEXT
  8
8
 10
-3653.9199
 20
1316.5500
 40
3.0000
  1
# 1021
  7
STANDARD
  0
POINT
  8
2
 10
-3651.8601
 20
1443.4500
  0
TEXT
  8
8
 10
-3651.8601
 20
1443.4500
 40
3.0000
  1
# 1022
  7
STANDARD
  0
POINT
  8
2
 10
-3716.4500
 20
1444.7900
  0
TEXT
  8
8
 10
-3716.4500
 20
1444.7900
 40
3.0000
  1
# 1023
  7
STANDARD
  0
POINT
  8
2
 10
-3718.0901
 20
1316.6500
  0
TEXT
  8
8
 10
-3718.0901
 20
1316.6500
 40
3.0000
  1
# 1024
  7
STANDARD
  0
POLYLINE
  8
8
 66
1
 70
1
  0
VERTEX
  8
8
 10
-3679.8799
 20
1318.4100
  0
VERTEX
  8
8
 10
-3677.6101
 20
1442.7300
  0
VERTEX
  8
8
 10
-3820.0601
 20
1445.2000
  0
VERTEX
  8
8
 10
-3821.2000
 20
1318.8199
  0
VERTEX
  8
8
 10
-3679.8799
 20
1318.4100
  0
SEQEND
  0
POLYLINE
  8
85
 66
1
 70
1
  0
VERTEX
  8
85
 10
-3679.8799
 20
1318.4100
  0
VERTEX
  8
85
 10
-3677.6101
 20
1442.7300
  0
VERTEX
  8
85
 10
-3820.0601
 20
1445.2000
  0
VERTEX
  8
85
 10
-3821.2000
 20
1318.8199
  0
VERTEX
  8
85
 10
-3679.8799
 20
1318.4100
  0
SEQEND
  0
POINT
  8
2
 10
-3679.8799
 20
1318.4100
  0
TEXT
  8
8
 10
-3679.8799
 20
1318.4100
 40
3.0000
  1
# 1025
  7
STANDARD
  0
POINT
  8
2
 10
-3677.6101
 20
1442.7300
  0
TEXT
  8
8
 10
-3677.6101
 20
1442.7300
 40
3.0000
  1
# 1026
  7
STANDARD
  0
POINT
  8
2
 10
-3820.0601
 20
1445.2000
  0
TEXT
  8
8
 10
-3820.0601
 20
1445.2000
 40
3.0000
  1
# 1027
  7
STANDARD
  0
POINT
  8
2
 10
-3821.2000
 20
1318.8199
  0
TEXT
  8
8
 10
-3821.2000
 20
1318.8199
 40
3.0000
  1
# 1028
  7
STANDARD
  0
POLYLINE
  8
8
 66
1
 70
0
  0
VERTEX
  8
8
 10
-3950.6699
 20
1332.1100
  0
VERTEX
  8
8
 10
-3956.1299
 20
1332.2100
  0
SEQEND
  0
POLYLINE
  8
85
 66
1
 70
0
  0
VERTEX
  8
85
 10
-3950.6699
 20
1332.1100
  0
VERTEX
  8
85
 10
-3956.1299
 20
1332.2100
  0
SEQEND
  0
POINT
  8
2
 10
-3950.6699
 20
1332.1100
  0
TEXT
  8
8
 10
-3950.6699
 20
1332.1100
 40
3.0000
  1
# 1029
  7
STANDARD
  0
POINT
  8
2
 10
-3956.1299
 20
1332.2100
  0
TEXT
  8
8
 10
-3956.1299
 20
1332.2100
 40
3.0000
  1
# 1030
  7
STANDARD
  0
POLYLINE
  8
8
 66
1
 70
0
  0
VERTEX
  8
8
 10
-3947.8899
 20
1507.4100
  0
VERTEX
  8
8
 10
-3943.8701
 20
1507.2000
  0
VERTEX
  8
8
 10
-3950.6699
 20
1332.1100
  0
SEQEND
  0
POLYLINE
  8
85
 66
1
 70
0
  0
VERTEX
  8
85
 10
-3947.8899
 20
1507.4100
  0
VERTEX
  8
85
 10
-3943.8701
 20
1507.2000
  0
VERTEX
  8
85
 10
-3950.6699
 20
1332.1100
  0
SEQEND
  0
POINT
  8
2
 10
-3947.8899
 20
1507.4100
  0
TEXT
  8
8
 10
-3947.8899
 20
1507.4100
 40
3.0000
  1
# 1031
  7
STANDARD
  0
POINT
  8
2
 10
-3943.8701
 20
1507.2000
  0
TEXT
  8
8
 10
-3943.8701
 20
1507.2000
 40
3.0000
  1
# 1032
  7
STANDARD
  0
POINT
  8
2
 10
-3950.6699
 20
1332.1100
  0
TEXT
  8
8
 10
-3950.6699
 20
1332.1100
 40
3.0000
  1
# 1033
  7
STANDARD
  0
POINT
  8
13
 10
-3950.5701
 20
1332.1100
 30
10.0000
  0
TEXT
  8
13
 10
-3950.5701
 20
1332.1100
 40
3.0000
  1
# 1034
  7
STANDARD
  0
POINT
  8
13
 10
-3943.8701
 20
1507.3101
 30
10.0000
  0
TEXT
  8
13
 10
-3943.8701
 20
1507.3101
 40
3.0000
  1
# 1035
  7
STANDARD
  0
POINT
  8
13
 10
-3682.0400
 20
1320.4700
 30
10.0000
  0
TEXT
  8
13
 10
-3682.0400
 20
1320.4700
 40
3.0000
  1
# 1036
  7
STANDARD
  0
POINT
  8
13
 10
-3653.8201
 20
1316.5500
 30
10.0000
  0
TEXT
  8
13
 10
-3653.8201
 20
1316.5500
 40
3.0000
  1
# 1037
  7
STANDARD
  0
POINT
  8
13
 10
-3651.8601
 20
1443.5500
 30
10.0000
  0
TEXT
  8
13
 10
-3651.8601
 20
1443.5500
 40
3.0000
  1
# 1038
  7
STANDARD
  0
POINT
  8
13
 10
-3679.3701
 20
1441.0800
 30
10.0000
  0
TEXT
  8
13
 10
-3679.3701
 20
1441.0800
 40
3.0000
  1
# 1039
  7
STANDARD
  0
POINT
  8
13
 10
-3817.5901
 20
1443.2400
 30
10.0000
  0
TEXT
  8
13
 10
-3817.5901
 20
1443.2400
 40
3.0000
  1
# 1040
  7
STANDARD
  0
POINT
  8
13
 10
-3818.5200
 20
1321.6000
 30
10.0000
  0
TEXT
  8
13
 10
-3818.5200
 20
1321.6000
 40
3.0000
  1
# 1041
  7
STANDARD
  0
TEXT
  8
15
 10
-3692.1499
 20
1268.8600
 40
12.7
  50
180.0000
  1
FRONT CENETR  ZIP
  7
STANDARD
  0
TEXT
  8
15
 10
-3648.5701
 20
1388.0300
 40
3.14
  50
270.0000
  1
POCKET FLAP
  7
STANDARD
  0
TEXT
  8
15
 10
-3673.1899
 20
1387.4200
 40
4.96
  50
270.0000
  1
POCKET
  7
STANDARD
  0
TEXT
  8
15
 10
-3941.7000
 20
1439.9500
 40
5.16
  50
270.0000
  1
POCKET FLAP
  7
STANDARD
  0
ENDBLK
  0
BLOCK
  8
0
  2
Left Front Top Patti_5049
 70
64
 10
0.0000
 20
0.0000
  0
TEXT
  8
1
 10
-3663.2200
 20
901.2800
 40
3.0000
 50
0.0000
  1
Piece Name: Left Front Top Patti
  7
STANDARD
  0
TEXT
  8
1
 10
-3663.2200
 20
905.2800
 40
3.0000
 50
0.0000
  1
SAMPLE SIZE:50
  7
STANDARD
  0
TEXT
  8
1
 10
-3663.2200
 20
909.2800
 40
3.0000
 50
0.0000
  1
ANNOTATION: Ready
  7
STANDARD
  0
TEXT
  8
1
 10
-3663.2200
 20
913.2800
 40
3.0000
 50
0.0000
  1
MATERIAL: Ready
  7
STANDARD
  0
TEXT
  8
1
 10
-3663.2200
 20
917.2800
 40
3.0000
 50
0.0000
  1
QUANTITY: 1
  7
STANDARD
  0
POLYLINE
  8
1
 66
1
 70
1
  0
VERTEX
  8
1
 10
-3298.0901
 20
870.5500
  0
VERTEX
  8
1
 10
-4028.3601
 20
870.5500
  0
VERTEX
  8
1
 10
-4028.3601
 20
932.0200
  0
VERTEX
  8
1
 10
-3299.1201
 20
932.0200
  0
VERTEX
  8
1
 10
-3298.9399
 20
915.5200
  0
VERTEX
  8
1
 10
-3298.3301
 20
888.3100
  0
VERTEX
  8
1
 10
-3298.0901
 20
870.5500
  0
SEQEND
  0
POLYLINE
  8
84
 66
1
 70
1
  0
VERTEX
  8
84
 10
-3298.0901
 20
870.5500
  0
VERTEX
  8
84
 10
-4028.3601
 20
870.5500
  0
VERTEX
  8
84
 10
-4028.3601
 20
932.0200
  0
VERTEX
  8
84
 10
-3299.1201
 20
932.0200
  0
VERTEX
  8
84
 10
-3298.9399
 20
915.5200
  0
VERTEX
  8
84
 10
-3298.3301
 20
888.3100
  0
VERTEX
  8
84
 10
-3298.0901
 20
870.5500
  0
SEQEND
  0
POINT
  8
2
 10
-3298.0901
 20
870.5500
  0
TEXT
  8
1
 10
-3298.0901
 20
870.5500
 40
3.0000
  1
# 1042
  7
STANDARD
  0
POINT
  8
2
 10
-4028.3601
 20
870.5500
  0
TEXT
  8
1
 10
-4028.3601
 20
870.5500
 40
3.0000
  1
# 1043
  7
STANDARD
  0
POINT
  8
2
 10
-4028.3601
 20
932.0200
  0
TEXT
  8
1
 10
-4028.3601
 20
932.0200
 40
3.0000
  1
# 1044
  7
STANDARD
  0
POINT
  8
2
 10
-3299.1201
 20
932.0200
  0
TEXT
  8
1
 10
-3299.1201
 20
932.0200
 40
3.0000
  1
# 1045
  7
STANDARD
  0
POINT
  8
3
 10
-3298.9399
 20
915.5200
  0
POINT
  8
3
 10
-3298.3301
 20
888.3100
  0
LINE
  8
7
 10
-3886.3999
 20
901.2800
 11
-3430.5601
 21
901.2800
  0
LINE
  8
5
 10
-3886.3999
 20
901.2800
 11
-3430.5601
 21
901.2800
  0
POINT
  8
2
 10
-3886.3999
 20
901.2800
  0
TEXT
  8
7
 10
-3886.3999
 20
901.2800
 40
3.0000
  1
# 1046
  7
STANDARD
  0
POINT
  8
2
 10
-3430.5601
 20
901.2800
  0
TEXT
  8
7
 10
-3430.5601
 20
901.2800
 40
3.0000
  1
# 1047
  7
STANDARD
  0
POINT
  8
13
 10
-4012.8201
 20
918.7500
 30
10.0000
  0
TEXT
  8
13
 10
-4012.8201
 20
918.7500
 40
3.0000
  1
# 1048
  7
STANDARD
  0
POINT
  8
13
 10
-3852.2700
 20
918.7500
 30
10.0000
  0
TEXT
  8
13
 10
-3852.2700
 20
918.7500
 40
3.0000
  1
# 1049
  7
STANDARD
  0
POINT
  8
13
 10
-3691.3501
 20
918.7500
 30
10.0000
  0
TEXT
  8
13
 10
-3691.3501
 20
918.7500
 40
3.0000
  1
# 1050
  7
STANDARD
  0
POINT
  8
13
 10
-3530.1699
 20
918.7500
 30
10.0000
  0
TEXT
  8
13
 10
-3530.1699
 20
918.7500
 40
3.0000
  1
# 1051
  7
STANDARD
  0
POINT
  8
13
 10
-3369.8000
 20
918.7500
 30
10.0000
  0
TEXT
  8
13
 10
-3369.8000
 20
918.7500
 40
3.0000
  1
# 1052
  7
STANDARD
  0
POINT
  8
13
 10
-3317.7800
 20
918.7500
 30
10.0000
  0
TEXT
  8
13
 10
-3317.7800
 20
918.7500
 40
3.0000
  1
# 1053
  7
STANDARD
  0
TEXT
  8
15
 10
-4006.9900
 20
914.8800
 40
5
  50
270.0000
  1
SNAP
  7
STANDARD
  0
TEXT
  8
15
 10
-3860.5901
 20
922.9700
 40
5
  50
270.0000
  1
SNAP
  7
STANDARD
  0
TEXT
  8
15
 10
-3692.3899
 20
920.2900
 40
5
  50
270.0000
  1
SNAP
  7
STANDARD
  0
TEXT
  8
15
 10
-3529.5400
 20
922.9700
 40
5
  50
270.0000
  1
SNAP
  7
STANDARD
  0
TEXT
  8
15
 10
-3379.6899
 20
919.4700
 40
5
  50
270.0000
  1
SNAP
  7
STANDARD
  0
TEXT
  8
15
 10
-3326.7400
 20
920.2900
 40
5
  50
270.0000
  1
SNAP
  7
STANDARD
  0
POLYLINE
  8
8
 66
1
 70
0
  0
VERTEX
  8
8
 10
-4012.8201
 20
918.7500
  0
VERTEX
  8
8
 10
-3369.8000
 20
918.7500
  0
SEQEND
  0
POLYLINE
  8
85
 66
1
 70
0
  0
VERTEX
  8
85
 10
-4012.8201
 20
918.7500
  0
VERTEX
  8
85
 10
-3369.8000
 20
918.7500
  0
SEQEND
  0
POINT
  8
2
 10
-4012.8201
 20
918.7500
  0
TEXT
  8
8
 10
-4012.8201
 20
918.7500
 40
3.0000
  1
# 1048
  7
STANDARD
  0
POINT
  8
2
 10
-3369.8000
 20
918.7500
  0
TEXT
  8
8
 10
-3369.8000
 20
918.7500
 40
3.0000
  1
# 1052
  7
STANDARD
  0
ENDBLK
  0
BLOCK
  8
0
  2
Right Front Patti velvett_5050
 70
64
 10
0.0000
 20
0.0000
  0
TEXT
  8
1
 10
-3870.2200
 20
1250.6600
 40
3.0000
 50
0.0000
  1
Piece Name: Right Front Patti velvett
  7
STANDARD
  0
TEXT
  8
1
 10
-3870.2200
 20
1254.6600
 40
3.0000
 50
0.0000
  1
SAMPLE SIZE:50
  7
STANDARD
  0
TEXT
  8
1
 10
-3870.2200
 20
1258.6600
 40
3.0000
 50
0.0000
  1
ANNOTATION: Ready
  7
STANDARD
  0
TEXT
  8
1
 10
-3870.2200
 20
1262.6600
 40
3.0000
 50
0.0000
  1
MATERIAL: Ready
  7
STANDARD
  0
TEXT
  8
1
 10
-3870.2200
 20
1266.6600
 40
3.0000
 50
0.0000
  1
QUANTITY: 1
  7
STANDARD
  0
POLYLINE
  8
1
 66
1
 70
1
  0
VERTEX
  8
1
 10
-3551.2600
 20
1269.0000
  0
VERTEX
  8
1
 10
-3551.2600
 20
1232.3400
  0
VERTEX
  8
1
 10
-4189.2002
 20
1232.3400
  0
VERTEX
  8
1
 10
-4189.2002
 20
1269.0000
  0
VERTEX
  8
1
 10
-4057.4900
 20
1269.0000
  0
VERTEX
  8
1
 10
-4037.4900
 20
1269.0000
  0
VERTEX
  8
1
 10
-3551.2600
 20
1269.0000
  0
SEQEND
  0
POLYLINE
  8
84
 66
1
 70
1
  0
VERTEX
  8
84
 10
-3551.2600
 20
1269.0000
  0
VERTEX
  8
84
 10
-3551.2600
 20
1232.3400
  0
VERTEX
  8
84
 10
-4189.2002
 20
1232.3400
  0
VERTEX
  8
84
 10
-4189.2002
 20
1269.0000
  0
VERTEX
  8
84
 10
-4057.4900
 20
1269.0000
  0
VERTEX
  8
84
 10
-4037.4900
 20
1269.0000
  0
VERTEX
  8
84
 10
-3551.2600
 20
1269.0000
  0
SEQEND
  0
POINT
  8
2
 10
-3551.2600
 20
1269.0000
  0
POINT
  8
2
 10
-3551.2600
 20
1232.3400
  0
POINT
  8
2
 10
-4189.2002
 20
1232.3400
  0
POINT
  8
2
 10
-4189.2002
 20
1269.0000
  0
POINT
  8
2
 10
-4057.4900
 20
1269.0000
  0
POINT
  8
2
 10
-4037.4900
 20
1269.0000
  0
TEXT
  8
1
 10
-4037.4900
 20
1269.0000
 40
3.0000
  1
# 1054
  7
STANDARD
  0
POINT
  8
4
 10
-4037.4900
 20
1269.0000
 30
5.0000
 50
270.0000
  0
LINE
  8
7
 10
-4083.6101
 20
1250.6600
 11
-3676.8501
 21
1250.6600
  0
LINE
  8
5
 10
-4083.6101
 20
1250.6600
 11
-3676.8501
 21
1250.6600
  0
POINT
  8
2
 10
-4083.6101
 20
1250.6600
  0
TEXT
  8
7
 10
-4083.6101
 20
1250.6600
 40
3.0000
  1
# 1055
  7
STANDARD
  0
POINT
  8
2
 10
-3676.8501
 20
1250.6600
  0
TEXT
  8
7
 10
-3676.8501
 20
1250.6600
 40
3.0000
  1
# 1056
  7
STANDARD
  0
TEXT
  8
15
 10
-3738.9700
 20
1254.9100
 40
5
  50
0.0000
  1
VELVETT
  7
STANDARD
  0
ENDBLK
  0
BLOCK
  8
0
  2
Top Flap_5051
 70
64
 10
0.0000
 20
0.0000
  0
TEXT
  8
1
 10
-4368.2798
 20
803.5700
 40
3.0000
 50
0.0000
  1
Piece Name: Top Flap
  7
STANDARD
  0
TEXT
  8
1
 10
-4368.2798
 20
807.5700
 40
3.0000
 50
0.0000
  1
SAMPLE SIZE:50
  7
STANDARD
  0
TEXT
  8
1
 10
-4368.2798
 20
811.5700
 40
3.0000
 50
0.0000
  1
ANNOTATION: Ready
  7
STANDARD
  0
TEXT
  8
1
 10
-4368.2798
 20
815.5700
 40
3.0000
 50
0.0000
  1
MATERIAL: Ready
  7
STANDARD
  0
TEXT
  8
1
 10
-4368.2798
 20
819.5700
 40
3.0000
 50
0.0000
  1
QUANTITY: 1
  7
STANDARD
  0
POLYLINE
  8
1
 66
1
 70
1
  0
VERTEX
  8
1
 10
-4334.7202
 20
740.3400
  0
VERTEX
  8
1
 10
-4400.1602
 20
739.4000
  0
VERTEX
  8
1
 10
-4401.8501
 20
867.6000
  0
VERTEX
  8
1
 10
-4337.1201
 20
867.7500
  0
VERTEX
  8
1
 10
-4336.4902
 20
836.5800
  0
VERTEX
  8
1
 10
-4334.7202
 20
740.3400
  0
SEQEND
  0
POLYLINE
  8
84
 66
1
 70
1
  0
VERTEX
  8
84
 10
-4334.7202
 20
740.3400
  0
VERTEX
  8
84
 10
-4400.1602
 20
739.4000
  0
VERTEX
  8
84
 10
-4401.8501
 20
867.6000
  0
VERTEX
  8
84
 10
-4337.1201
 20
867.7500
  0
VERTEX
  8
84
 10
-4336.4902
 20
836.5800
  0
VERTEX
  8
84
 10
-4334.7202
 20
740.3400
  0
SEQEND
  0
POINT
  8
2
 10
-4334.7202
 20
740.3400
  0
POINT
  8
2
 10
-4400.1602
 20
739.4000
  0
POINT
  8
2
 10
-4401.8501
 20
867.6000
  0
POINT
  8
2
 10
-4337.1201
 20
867.7500
  0
POINT
  8
2
 10
-4336.4902
 20
836.5800
  0
POINT
  8
4
 10
-4336.4902
 20
836.5800
 30
5.0000
 50
178.8542
  0
LINE
  8
7
 10
-4368.2500
 20
848.1000
 11
-4368.2500
 21
759.4200
  0
POINT
  8
2
 10
-4368.2500
 20
848.1000
  0
TEXT
  8
7
 10
-4368.2500
 20
848.1000
 40
3.0000
  1
# 1057
  7
STANDARD
  0
POINT
  8
2
 10
-4368.2500
 20
759.4200
  0
TEXT
  8
7
 10
-4368.2500
 20
759.4200
 40
3.0000
  1
# 1058
  7
STANDARD
  0
LINE
  8
5
 10
-4412.5898
 20
803.7600
 11
-4323.9102
 21
803.7600
  0
POINT
  8
2
 10
-4412.5898
 20
803.7600
  0
POINT
  8
2
 10
-4323.9102
 20
803.7600
  0
POINT
  8
13
 10
-4383.5601
 20
849.8700
 30
10.0000
  0
TEXT
  8
13
 10
-4383.5601
 20
849.8700
 40
3.0000
  1
# 1059
  7
STANDARD
  0
POINT
  8
13
 10
-4382.7300
 20
757.7900
 30
10.0000
  0
TEXT
  8
13
 10
-4382.7300
 20
757.7900
 40
3.0000
  1
# 1060
  7
STANDARD
  0
TEXT
  8
15
 10
-4391.3799
 20
850.6900
 40
7.5
  50
270.0000
  1
SNAP
  7
STANDARD
  0
TEXT
  8
15
 10
-4390.5698
 20
770.0500
 40
5
  50
270.0000
  1
SNAP
  7
STANDARD
  0
ENDBLK
  0
BLOCK
  8
0
  2
Chest Pocket_5052
 70
64
 10
0.0000
 20
0.0000
  0
TEXT
  8
1
 10
-4523.8198
 20
793.0800
 40
3.0000
 50
0.0000
  1
Piece Name: Chest Pocket
  7
STANDARD
  0
TEXT
  8
1
 10
-4523.8198
 20
797.0800
 40
3.0000
 50
0.0000
  1
SAMPLE SIZE:50
  7
STANDARD
  0
TEXT
  8
1
 10
-4523.8198
 20
801.0800
 40
3.0000
 50
0.0000
  1
ANNOTATION: Ready
  7
STANDARD
  0
TEXT
  8
1
 10
-4523.8198
 20
805.0800
 40
3.0000
 50
0.0000
  1
MATERIAL: Ready
  7
STANDARD
  0
TEXT
  8
1
 10
-4523.8198
 20
809.0800
 40
3.0000
 50
0.0000
  1
QUANTITY: 1
  7
STANDARD
  0
POLYLINE
  8
1
 66
1
 70
1
  0
VERTEX
  8
1
 10
-4587.5098
 20
715.5500
  0
VERTEX
  8
1
 10
-4587.7002
 20
730.0500
  0
VERTEX
  8
1
 10
-4602.2002
 20
729.8500
  0
VERTEX
  8
1
 10
-4603.6201
 20
856.0400
  0
VERTEX
  8
1
 10
-4589.1602
 20
856.1400
  0
VERTEX
  8
1
 10
-4589.2500
 20
870.6200
  0
VERTEX
  8
1
 10
-4579.4102
 20
869.6900
  0
VERTEX
  8
1
 10
-4478.0898
 20
860.1200
  0
VERTEX
  8
1
 10
-4446.1602
 20
857.3700
  0
VERTEX
  8
1
 10
-4444.0400
 20
732.5600
  0
VERTEX
  8
1
 10
-4577.3101
 20
716.7900
  0
VERTEX
  8
1
 10
-4587.5098
 20
715.5500
  0
SEQEND
  0
POLYLINE
  8
84
 66
1
 70
1
  0
VERTEX
  8
84
 10
-4587.5098
 20
715.5500
  0
VERTEX
  8
84
 10
-4587.7002
 20
730.0500
  0
VERTEX
  8
84
 10
-4602.2002
 20
729.8500
  0
VERTEX
  8
84
 10
-4603.6201
 20
856.0400
  0
VERTEX
  8
84
 10
-4589.1602
 20
856.1400
  0
VERTEX
  8
84
 10
-4589.2500
 20
870.6200
  0
VERTEX
  8
84
 10
-4579.4102
 20
869.6900
  0
VERTEX
  8
84
 10
-4478.0898
 20
860.1200
  0
VERTEX
  8
84
 10
-4446.1602
 20
857.3700
  0
VERTEX
  8
84
 10
-4444.0400
 20
732.5600
  0
VERTEX
  8
84
 10
-4510.6899
 20
724.7700
  0
VERTEX
  8
84
 10
-4577.3101
 20
716.7900
  0
VERTEX
  8
84
 10
-4587.5098
 20
715.5500
  0
SEQEND
  0
POINT
  8
2
 10
-4587.5098
 20
715.5500
  0
TEXT
  8
1
 10
-4587.5098
 20
715.5500
 40
3.0000
  1
# 1061
  7
STANDARD
  0
POINT
  8
2
 10
-4587.7002
 20
730.0500
  0
TEXT
  8
1
 10
-4587.7002
 20
730.0500
 40
3.0000
  1
# 1062
  7
STANDARD
  0
POINT
  8
2
 10
-4602.2002
 20
729.8500
  0
TEXT
  8
1
 10
-4602.2002
 20
729.8500
 40
3.0000
  1
# 1063
  7
STANDARD
  0
POINT
  8
2
 10
-4603.6201
 20
856.0400
  0
TEXT
  8
1
 10
-4603.6201
 20
856.0400
 40
3.0000
  1
# 1064
  7
STANDARD
  0
POINT
  8
2
 10
-4589.1602
 20
856.1400
  0
TEXT
  8
1
 10
-4589.1602
 20
856.1400
 40
3.0000
  1
# 1065
  7
STANDARD
  0
POINT
  8
2
 10
-4589.2500
 20
870.6200
  0
TEXT
  8
1
 10
-4589.2500
 20
870.6200
 40
3.0000
  1
# 1066
  7
STANDARD
  0
POINT
  8
3
 10
-4579.4102
 20
869.6900
  0
POINT
  8
2
 10
-4478.0898
 20
860.1200
  0
TEXT
  8
1
 10
-4478.0898
 20
860.1200
 40
3.0000
  1
# 1067
  7
STANDARD
  0
POINT
  8
2
 10
-4446.1602
 20
857.3700
  0
TEXT
  8
1
 10
-4446.1602
 20
857.3700
 40
3.0000
  1
# 1068
  7
STANDARD
  0
POINT
  8
2
 10
-4444.0400
 20
732.5600
  0
TEXT
  8
1
 10
-4444.0400
 20
732.5600
 40
3.0000
  1
# 1069
  7
STANDARD
  0
POINT
  8
3
 10
-4577.3101
 20
716.7900
  0
LINE
  8
7
 10
-4573.3398
 20
792.9300
 11
-4454.6201
 21
792.9300
  0
LINE
  8
5
 10
-4573.3398
 20
792.9300
 11
-4454.6201
 21
792.9300
  0
POINT
  8
2
 10
-4573.3398
 20
792.9300
  0
TEXT
  8
7
 10
-4573.3398
 20
792.9300
 40
3.0000
  1
# 1070
  7
STANDARD
  0
POINT
  8
2
 10
-4454.6201
 20
792.9300
  0
TEXT
  8
7
 10
-4454.6201
 20
792.9300
 40
3.0000
  1
# 1071
  7
STANDARD
  0
ENDBLK
  0
BLOCK
  8
0
  2
Bottom Pocket Top Flap_5053
 70
64
 10
0.0000
 20
0.0000
  0
TEXT
  8
1
 10
-4343.8999
 20
450.6000
 40
3.0000
 50
0.0000
  1
Piece Name: Bottom Pocket Top Flap
  7
STANDARD
  0
TEXT
  8
1
 10
-4343.8999
 20
454.6000
 40
3.0000
 50
0.0000
  1
SAMPLE SIZE:50
  7
STANDARD
  0
TEXT
  8
1
 10
-4343.8999
 20
458.6000
 40
3.0000
 50
0.0000
  1
ANNOTATION: Ready
  7
STANDARD
  0
TEXT
  8
1
 10
-4343.8999
 20
462.6000
 40
3.0000
 50
0.0000
  1
MATERIAL: Ready
  7
STANDARD
  0
TEXT
  8
1
 10
-4343.8999
 20
466.6000
 40
3.0000
 50
0.0000
  1
QUANTITY: 1
  7
STANDARD
  0
POLYLINE
  8
1
 66
1
 70
1
  0
VERTEX
  8
1
 10
-4301.2798
 20
364.5600
  0
VERTEX
  8
1
 10
-4381.8198
 20
362.0900
  0
VERTEX
  8
1
 10
-4386.5298
 20
539.1200
  0
VERTEX
  8
1
 10
-4307.6602
 20
539.1200
  0
VERTEX
  8
1
 10
-4301.2798
 20
364.5600
  0
SEQEND
  0
POLYLINE
  8
84
 66
1
 70
1
  0
VERTEX
  8
84
 10
-4301.2798
 20
364.5600
  0
VERTEX
  8
84
 10
-4381.8198
 20
362.0900
  0
VERTEX
  8
84
 10
-4386.5298
 20
539.1200
  0
VERTEX
  8
84
 10
-4307.6602
 20
539.1200
  0
VERTEX
  8
84
 10
-4301.2798
 20
364.5600
  0
SEQEND
  0
POINT
  8
2
 10
-4301.2798
 20
364.5600
  0
TEXT
  8
1
 10
-4301.2798
 20
364.5600
 40
3.0000
  1
# 1072
  7
STANDARD
  0
POINT
  8
2
 10
-4381.8198
 20
362.0900
  0
TEXT
  8
1
 10
-4381.8198
 20
362.0900
 40
3.0000
  1
# 1073
  7
STANDARD
  0
POINT
  8
2
 10
-4386.5298
 20
539.1200
  0
TEXT
  8
1
 10
-4386.5298
 20
539.1200
 40
3.0000
  1
# 1074
  7
STANDARD
  0
POINT
  8
2
 10
-4307.6602
 20
539.1200
  0
TEXT
  8
1
 10
-4307.6602
 20
539.1200
 40
3.0000
  1
# 1075
  7
STANDARD
  0
LINE
  8
7
 10
-4344.0200
 20
392.3900
 11
-4344.0200
 21
509.9300
  0
POINT
  8
2
 10
-4344.0200
 20
392.3900
  0
TEXT
  8
7
 10
-4344.0200
 20
392.3900
 40
3.0000
  1
# 1076
  7
STANDARD
  0
POINT
  8
2
 10
-4344.0200
 20
509.9300
  0
TEXT
  8
7
 10
-4344.0200
 20
509.9300
 40
3.0000
  1
# 1077
  7
STANDARD
  0
LINE
  8
5
 10
-4402.7900
 20
451.1600
 11
-4285.2500
 21
451.1600
  0
POINT
  8
2
 10
-4402.7900
 20
451.1600
  0
POINT
  8
2
 10
-4285.2500
 20
451.1600
  0
POINT
  8
13
 10
-4368.0698
 20
521.2100
 30
10.0000
  0
TEXT
  8
13
 10
-4368.0698
 20
521.2100
 40
3.0000
  1
# 1078
  7
STANDARD
  0
POINT
  8
13
 10
-4363.8301
 20
380.2000
 30
10.0000
  0
TEXT
  8
13
 10
-4363.8301
 20
380.2000
 40
3.0000
  1
# 1079
  7
STANDARD
  0
TEXT
  8
15
 10
-4376.1001
 20
522.9600
 40
10
  50
270.0000
  1
SNAP
  7
STANDARD
  0
TEXT
  8
15
 10
-4372.7002
 20
397.3000
 40
10
  50
270.0000
  1
SNAP
  7
STANDARD
  0
ENDBLK
  0
BLOCK
  8
0
  2
Bottom Pocket_5054
 70
64
 10
0.0000
 20
0.0000
  0
TEXT
  8
1
 10
-4557.8398
 20
441.8800
 40
3.0000
 50
0.0000
  1
Piece Name: Bottom Pocket
  7
STANDARD
  0
TEXT
  8
1
 10
-4557.8398
 20
445.8800
 40
3.0000
 50
0.0000
  1
SAMPLE SIZE:50
  7
STANDARD
  0
TEXT
  8
1
 10
-4557.8398
 20
449.8800
 40
3.0000
 50
0.0000
  1
ANNOTATION: Ready
  7
STANDARD
  0
TEXT
  8
1
 10
-4557.8398
 20
453.8800
 40
3.0000
 50
0.0000
  1
MATERIAL: Ready
  7
STANDARD
  0
TEXT
  8
1
 10
-4557.8398
 20
457.8800
 40
3.0000
 50
0.0000
  1
QUANTITY: 1
  7
STANDARD
  0
POLYLINE
  8
1
 66
1
 70
1
  0
VERTEX
  8
1
 10
-4636.7700
 20
548.8400
  0
VERTEX
  8
1
 10
-4626.5698
 20
547.6000
  0
VERTEX
  8
1
 10
-4524.4102
 20
535.0600
  0
VERTEX
  8
1
 10
-4523.5298
 20
534.9500
  0
VERTEX
  8
1
 10
-4466.6299
 20
528.1700
  0
VERTEX
  8
1
 10
-4463.5200
 20
528.7300
  0
VERTEX
  8
1
 10
-4458.4102
 20
357.4600
  0
VERTEX
  8
1
 10
-4461.5098
 20
357.7000
  0
VERTEX
  8
1
 10
-4548.4102
 20
345.1600
  0
VERTEX
  8
1
 10
-4631.4199
 20
333.4400
  0
VERTEX
  8
1
 10
-4631.8101
 20
353.9600
  0
VERTEX
  8
1
 10
-4652.4902
 20
353.4500
  0
VERTEX
  8
1
 10
-4657.2900
 20
527.6500
  0
VERTEX
  8
1
 10
-4636.7700
 20
528.2600
  0
VERTEX
  8
1
 10
-4636.7700
 20
548.8400
  0
SEQEND
  0
POLYLINE
  8
84
 66
1
 70
1
  0
VERTEX
  8
84
 10
-4636.7700
 20
548.8400
  0
VERTEX
  8
84
 10
-4626.5698
 20
547.6000
  0
VERTEX
  8
84
 10
-4524.4102
 20
535.0600
  0
VERTEX
  8
84
 10
-4523.5298
 20
534.9500
  0
VERTEX
  8
84
 10
-4466.6299
 20
528.1700
  0
VERTEX
  8
84
 10
-4463.5200
 20
528.7300
  0
VERTEX
  8
84
 10
-4458.4102
 20
357.4600
  0
VERTEX
  8
84
 10
-4461.5098
 20
357.7000
  0
VERTEX
  8
84
 10
-4548.4102
 20
345.1600
  0
VERTEX
  8
84
 10
-4631.4199
 20
333.4400
  0
VERTEX
  8
84
 10
-4631.8101
 20
353.9600
  0
VERTEX
  8
84
 10
-4652.4902
 20
353.4500
  0
VERTEX
  8
84
 10
-4657.2900
 20
527.6500
  0
VERTEX
  8
84
 10
-4636.7700
 20
528.2600
  0
VERTEX
  8
84
 10
-4636.7700
 20
548.8400
  0
SEQEND
  0
POINT
  8
2
 10
-4636.7700
 20
548.8400
  0
TEXT
  8
1
 10
-4636.7700
 20
548.8400
 40
3.0000
  1
# 1080
  7
STANDARD
  0
POINT
  8
3
 10
-4626.5698
 20
547.6000
  0
POINT
  8
3
 10
-4524.4102
 20
535.0600
  0
TEXT
  8
1
 10
-4524.4102
 20
535.0600
 40
3.0000
  1
# 1081
  7
STANDARD
  0
POINT
  8
2
 10
-4523.5298
 20
534.9500
  0
TEXT
  8
1
 10
-4523.5298
 20
534.9500
 40
3.0000
  1
# 1082
  7
STANDARD
  0
POINT
  8
2
 10
-4466.6299
 20
528.1700
  0
TEXT
  8
1
 10
-4466.6299
 20
528.1700
 40
3.0000
  1
# 1083
  7
STANDARD
  0
POINT
  8
2
 10
-4463.5200
 20
528.7300
  0
TEXT
  8
1
 10
-4463.5200
 20
528.7300
 40
3.0000
  1
# 1084
  7
STANDARD
  0
POINT
  8
2
 10
-4458.4102
 20
357.4600
  0
TEXT
  8
1
 10
-4458.4102
 20
357.4600
 40
3.0000
  1
# 1085
  7
STANDARD
  0
POINT
  8
2
 10
-4461.5098
 20
357.7000
  0
TEXT
  8
1
 10
-4461.5098
 20
357.7000
 40
3.0000
  1
# 1086
  7
STANDARD
  0
POINT
  8
3
 10
-4548.4102
 20
345.1600
  0
POINT
  8
2
 10
-4631.4199
 20
333.4400
  0
TEXT
  8
1
 10
-4631.4199
 20
333.4400
 40
3.0000
  1
# 1087
  7
STANDARD
  0
POINT
  8
2
 10
-4631.8101
 20
353.9600
  0
TEXT
  8
1
 10
-4631.8101
 20
353.9600
 40
3.0000
  1
# 1088
  7
STANDARD
  0
POINT
  8
2
 10
-4652.4902
 20
353.4500
  0
TEXT
  8
1
 10
-4652.4902
 20
353.4500
 40
3.0000
  1
# 1089
  7
STANDARD
  0
POINT
  8
2
 10
-4657.2900
 20
527.6500
  0
TEXT
  8
1
 10
-4657.2900
 20
527.6500
 40
3.0000
  1
# 1090
  7
STANDARD
  0
POINT
  8
2
 10
-4636.7700
 20
528.2600
  0
TEXT
  8
1
 10
-4636.7700
 20
528.2600
 40
3.0000
  1
# 1091
  7
STANDARD
  0
POINT
  8
4
 10
-4524.4102
 20
535.0600
 30
5.0000
 50
262.6476
  0
LINE
  8
7
 10
-4617.5000
 20
441.0400
 11
-4475.2798
 21
441.0400
  0
LINE
  8
5
 10
-4617.5000
 20
441.0400
 11
-4475.2798
 21
441.0400
  0
POINT
  8
2
 10
-4617.5000
 20
441.0400
  0
TEXT
  8
7
 10
-4617.5000
 20
441.0400
 40
3.0000
  1
# 1092
  7
STANDARD
  0
POINT
  8
2
 10
-4475.2798
 20
441.0400
  0
TEXT
  8
7
 10
-4475.2798
 20
441.0400
 40
3.0000
  1
# 1093
  7
STANDARD
  0
TEXT
  8
15
 10
-4572.4502
 20
550.3300
 40
10
  50
0.0000
  1
POCKET 2P
  7
STANDARD
  0
ENDBLK
  0
BLOCK
  8
0
  2
Top Collar_5055
 70
64
 10
0.0000
 20
0.0000
  0
TEXT
  8
1
 10
-3082.7600
 20
406.4300
 40
3.0000
 50
0.0000
  1
Piece Name: Top Collar
  7
STANDARD
  0
TEXT
  8
1
 10
-3082.7600
 20
410.4300
 40
3.0000
 50
0.0000
  1
SAMPLE SIZE:50
  7
STANDARD
  0
TEXT
  8
1
 10
-3082.7600
 20
414.4300
 40
3.0000
 50
0.0000
  1
ANNOTATION: Ready
  7
STANDARD
  0
TEXT
  8
1
 10
-3082.7600
 20
418.4300
 40
3.0000
 50
0.0000
  1
MATERIAL: Ready
  7
STANDARD
  0
TEXT
  8
1
 10
-3082.7600
 20
422.4300
 40
3.0000
 50
0.0000
  1
QUANTITY: 1
  7
STANDARD
  0
POLYLINE
  8
1
 66
1
 70
1
  0
VERTEX
  8
1
 10
-3138.3000
 20
406.4400
  0
VERTEX
  8
1
 10
-3138.3000
 20
429.6000
  0
VERTEX
  8
1
 10
-3137.4099
 20
452.7300
  0
VERTEX
  8
1
 10
-3136.6899
 20
474.0400
  0
VERTEX
  8
1
 10
-3135.7400
 20
491.3600
  0
VERTEX
  8
1
 10
-3135.0601
 20
502.9900
  0
VERTEX
  8
1
 10
-3134.1899
 20
511.7400
  0
VERTEX
  8
1
 10
-3133.0701
 20
529.1400
  0
VERTEX
  8
1
 10
-3130.5801
 20
552.1700
  0
VERTEX
  8
1
 10
-3125.5801
 20
583.8500
  0
VERTEX
  8
1
 10
-3118.8401
 20
617.2000
  0
VERTEX
  8
1
 10
-3113.8601
 20
639.4000
  0
VERTEX
  8
1
 10
-3111.4800
 20
649.3400
  0
VERTEX
  8
1
 10
-3110.2100
 20
654.3600
  0
VERTEX
  8
1
 10
-3108.4900
 20
661.1500
  0
VERTEX
  8
1
 10
-3033.9500
 20
642.7800
  0
VERTEX
  8
1
 10
-3027.2200
 20
640.9600
  0
VERTEX
  8
1
 10
-3028.8899
 20
634.1600
  0
VERTEX
  8
1
 10
-3031.4299
 20
623.7900
  0
VERTEX
  8
1
 10
-3036.7100
 20
600.6700
  0
VERTEX
  8
1
 10
-3040.1201
 20
584.3400
  0
VERTEX
  8
1
 10
-3043.4199
 20
566.9700
  0
VERTEX
  8
1
 10
-3046.4700
 20
547.7400
  0
VERTEX
  8
1
 10
-3048.9199
 20
528.8700
  0
VERTEX
  8
1
 10
-3050.9399
 20
509.0300
  0
VERTEX
  8
1
 10
-3052.4199
 20
489.0300
  0
VERTEX
  8
1
 10
-3053.3601
 20
471.8600
  0
VERTEX
  8
1
 10
-3053.8701
 20
454.8800
  0
VERTEX
  8
1
 10
-3054.0801
 20
429.6000
  0
VERTEX
  8
1
 10
-3053.9700
 20
406.4400
  0
VERTEX
  8
1
 10
-3054.0801
 20
383.2800
  0
VERTEX
  8
1
 10
-3053.8701
 20
358.0000
  0
VERTEX
  8
1
 10
-3053.3601
 20
341.0200
  0
VERTEX
  8
1
 10
-3052.4199
 20
323.8500
  0
VERTEX
  8
1
 10
-3050.9399
 20
303.8500
  0
VERTEX
  8
1
 10
-3048.9199
 20
284.0100
  0
VERTEX
  8
1
 10
-3046.4700
 20
265.1400
  0
VERTEX
  8
1
 10
-3043.4199
 20
245.9100
  0
VERTEX
  8
1
 10
-3040.1201
 20
228.5400
  0
VERTEX
  8
1
 10
-3036.7100
 20
212.2100
  0
VERTEX
  8
1
 10
-3031.4299
 20
189.0900
  0
VERTEX
  8
1
 10
-3028.8899
 20
178.7200
  0
VERTEX
  8
1
 10
-3027.2200
 20
171.9200
  0
VERTEX
  8
1
 10
-3033.9500
 20
170.1000
  0
VERTEX
  8
1
 10
-3108.4900
 20
151.7300
  0
VERTEX
  8
1
 10
-3110.2100
 20
158.5200
  0
VERTEX
  8
1
 10
-3111.4800
 20
163.5400
  0
VERTEX
  8
1
 10
-3113.8601
 20
173.4800
  0
VERTEX
  8
1
 10
-3118.8401
 20
195.6800
  0
VERTEX
  8
1
 10
-3125.5801
 20
229.0300
  0
VERTEX
  8
1
 10
-3130.5801
 20
260.7100
  0
VERTEX
  8
1
 10
-3133.0701
 20
283.7400
  0
VERTEX
  8
1
 10
-3134.1899
 20
301.1400
  0
VERTEX
  8
1
 10
-3135.0601
 20
309.8900
  0
VERTEX
  8
1
 10
-3135.7400
 20
321.5200
  0
VERTEX
  8
1
 10
-3136.6899
 20
338.8400
  0
VERTEX
  8
1
 10
-3137.4099
 20
360.1500
  0
VERTEX
  8
1
 10
-3138.3000
 20
383.2800
  0
VERTEX
  8
1
 10
-3138.3000
 20
406.4400
  0
SEQEND
  0
POLYLINE
  8
84
 66
1
 70
1
  0
VERTEX
  8
84
 10
-3138.3000
 20
406.4400
  0
VERTEX
  8
84
 10
-3138.3000
 20
429.6000
  0
VERTEX
  8
84
 10
-3137.4099
 20
452.7300
  0
VERTEX
  8
84
 10
-3136.6899
 20
474.0400
  0
VERTEX
  8
84
 10
-3135.7400
 20
491.3600
  0
VERTEX
  8
84
 10
-3135.0601
 20
502.9900
  0
VERTEX
  8
84
 10
-3134.6799
 20
507.3700
  0
VERTEX
  8
84
 10
-3134.1899
 20
511.7400
  0
VERTEX
  8
84
 10
-3133.7100
 20
520.4500
  0
VERTEX
  8
84
 10
-3133.0701
 20
529.1400
  0
VERTEX
  8
84
 10
-3131.9800
 20
540.4600
  0
VERTEX
  8
84
 10
-3130.5801
 20
552.1700
  0
VERTEX
  8
84
 10
-3129.5200
 20
559.8600
  0
VERTEX
  8
84
 10
-3128.3401
 20
567.6900
  0
VERTEX
  8
84
 10
-3125.5801
 20
583.8500
  0
VERTEX
  8
84
 10
-3122.5801
 20
599.4100
  0
VERTEX
  8
84
 10
-3118.8401
 20
617.2000
  0
VERTEX
  8
84
 10
-3113.8601
 20
639.4000
  0
VERTEX
  8
84
 10
-3111.4800
 20
649.3400
  0
VERTEX
  8
84
 10
-3110.2100
 20
654.3600
  0
VERTEX
  8
84
 10
-3108.4900
 20
661.1500
  0
VERTEX
  8
84
 10
-3033.9500
 20
642.7800
  0
VERTEX
  8
84
 10
-3027.2200
 20
640.9600
  0
VERTEX
  8
84
 10
-3028.8899
 20
634.1600
  0
VERTEX
  8
84
 10
-3031.4299
 20
623.7900
  0
VERTEX
  8
84
 10
-3034.0901
 20
612.4500
  0
VERTEX
  8
84
 10
-3036.7100
 20
600.6700
  0
VERTEX
  8
84
 10
-3040.1201
 20
584.3400
  0
VERTEX
  8
84
 10
-3041.9199
 20
575.1400
  0
VERTEX
  8
84
 10
-3043.4199
 20
566.9700
  0
VERTEX
  8
84
 10
-3044.9800
 20
557.6200
  0
VERTEX
  8
84
 10
-3046.4700
 20
547.7400
  0
VERTEX
  8
84
 10
-3047.7600
 20
538.3000
  0
VERTEX
  8
84
 10
-3048.9199
 20
528.8700
  0
VERTEX
  8
84
 10
-3050.0100
 20
518.8800
  0
VERTEX
  8
84
 10
-3050.9399
 20
509.0300
  0
VERTEX
  8
84
 10
-3051.6899
 20
499.6200
  0
VERTEX
  8
84
 10
-3052.4199
 20
489.0300
  0
VERTEX
  8
84
 10
-3053.3601
 20
471.8600
  0
VERTEX
  8
84
 10
-3053.6599
 20
463.7000
  0
VERTEX
  8
84
 10
-3053.8701
 20
454.8800
  0
VERTEX
  8
84
 10
-3054.0300
 20
443.1300
  0
VERTEX
  8
84
 10
-3054.0801
 20
429.6000
  0
VERTEX
  8
84
 10
-3053.9700
 20
406.4400
  0
VERTEX
  8
84
 10
-3054.0801
 20
383.2800
  0
VERTEX
  8
84
 10
-3054.0300
 20
369.7500
  0
VERTEX
  8
84
 10
-3053.8701
 20
358.0000
  0
VERTEX
  8
84
 10
-3053.6599
 20
349.1800
  0
VERTEX
  8
84
 10
-3053.3601
 20
341.0200
  0
VERTEX
  8
84
 10
-3052.4199
 20
323.8500
  0
VERTEX
  8
84
 10
-3051.6899
 20
313.2600
  0
VERTEX
  8
84
 10
-3050.9399
 20
303.8500
  0
VERTEX
  8
84
 10
-3050.0100
 20
294.0000
  0
VERTEX
  8
84
 10
-3048.9199
 20
284.0100
  0
VERTEX
  8
84
 10
-3047.7600
 20
274.5800
  0
VERTEX
  8
84
 10
-3046.4700
 20
265.1400
  0
VERTEX
  8
84
 10
-3044.9800
 20
255.2600
  0
VERTEX
  8
84
 10
-3043.4199
 20
245.9100
  0
VERTEX
  8
84
 10
-3041.9199
 20
237.7400
  0
VERTEX
  8
84
 10
-3040.1201
 20
228.5400
  0
VERTEX
  8
84
 10
-3036.7100
 20
212.2100
  0
VERTEX
  8
84
 10
-3034.0901
 20
200.4300
  0
VERTEX
  8
84
 10
-3031.4299
 20
189.0900
  0
VERTEX
  8
84
 10
-3028.8899
 20
178.7200
  0
VERTEX
  8
84
 10
-3027.2200
 20
171.9200
  0
VERTEX
  8
84
 10
-3033.9500
 20
170.1000
  0
VERTEX
  8
84
 10
-3108.4900
 20
151.7300
  0
VERTEX
  8
84
 10
-3110.2100
 20
158.5200
  0
VERTEX
  8
84
 10
-3111.4800
 20
163.5400
  0
VERTEX
  8
84
 10
-3113.8601
 20
173.4800
  0
VERTEX
  8
84
 10
-3118.8401
 20
195.6800
  0
VERTEX
  8
84
 10
-3122.5801
 20
213.4700
  0
VERTEX
  8
84
 10
-3125.5801
 20
229.0300
  0
VERTEX
  8
84
 10
-3128.3401
 20
245.1900
  0
VERTEX
  8
84
 10
-3129.5200
 20
253.0200
  0
VERTEX
  8
84
 10
-3130.5801
 20
260.7100
  0
VERTEX
  8
84
 10
-3131.9800
 20
272.4200
  0
VERTEX
  8
84
 10
-3133.0701
 20
283.7400
  0
VERTEX
  8
84
 10
-3133.7100
 20
292.4300
  0
VERTEX
  8
84
 10
-3134.1899
 20
301.1400
  0
VERTEX
  8
84
 10
-3134.6799
 20
305.5100
  0
VERTEX
  8
84
 10
-3135.0601
 20
309.8900
  0
VERTEX
  8
84
 10
-3135.7400
 20
321.5200
  0
VERTEX
  8
84
 10
-3136.6899
 20
338.8400
  0
VERTEX
  8
84
 10
-3137.4099
 20
360.1500
  0
VERTEX
  8
84
 10
-3138.3000
 20
383.2800
  0
VERTEX
  8
84
 10
-3138.3000
 20
406.4400
  0
SEQEND
  0
POINT
  8
2
 10
-3138.3000
 20
406.4400
  0
TEXT
  8
1
 10
-3138.3000
 20
406.4400
 40
3.0000
  1
# 1094
  7
STANDARD
  0
POINT
  8
2
 10
-3138.3000
 20
429.6000
  0
TEXT
  8
1
 10
-3138.3000
 20
429.6000
 40
3.0000
  1
# 1095
  7
STANDARD
  0
POINT
  8
3
 10
-3137.4099
 20
452.7300
  0
POINT
  8
3
 10
-3136.6899
 20
474.0400
  0
POINT
  8
3
 10
-3135.7400
 20
491.3600
  0
POINT
  8
3
 10
-3135.0601
 20
502.9900
  0
POINT
  8
2
 10
-3134.1899
 20
511.7400
  0
TEXT
  8
1
 10
-3134.1899
 20
511.7400
 40
3.0000
  1
# 1096
  7
STANDARD
  0
POINT
  8
3
 10
-3133.0701
 20
529.1400
  0
POINT
  8
3
 10
-3130.5801
 20
552.1700
  0
POINT
  8
3
 10
-3125.5801
 20
583.8500
  0
POINT
  8
3
 10
-3118.8401
 20
617.2000
  0
POINT
  8
3
 10
-3113.8601
 20
639.4000
  0
POINT
  8
3
 10
-3111.4800
 20
649.3400
  0
POINT
  8
3
 10
-3110.2100
 20
654.3600
  0
POINT
  8
2
 10
-3108.4900
 20
661.1500
  0
TEXT
  8
1
 10
-3108.4900
 20
661.1500
 40
3.0000
  1
# 1097
  7
STANDARD
  0
POINT
  8
2
 10
-3033.9500
 20
642.7800
  0
TEXT
  8
1
 10
-3033.9500
 20
642.7800
 40
3.0000
  1
# 1098
  7
STANDARD
  0
POINT
  8
2
 10
-3027.2200
 20
640.9600
  0
TEXT
  8
1
 10
-3027.2200
 20
640.9600
 40
3.0000
  1
# 1099
  7
STANDARD
  0
POINT
  8
3
 10
-3028.8899
 20
634.1600
  0
POINT
  8
3
 10
-3031.4299
 20
623.7900
  0
POINT
  8
3
 10
-3036.7100
 20
600.6700
  0
POINT
  8
3
 10
-3040.1201
 20
584.3400
  0
POINT
  8
3
 10
-3043.4199
 20
566.9700
  0
POINT
  8
3
 10
-3046.4700
 20
547.7400
  0
POINT
  8
3
 10
-3048.9199
 20
528.8700
  0
POINT
  8
3
 10
-3050.9399
 20
509.0300
  0
POINT
  8
3
 10
-3052.4199
 20
489.0300
  0
POINT
  8
3
 10
-3053.3601
 20
471.8600
  0
POINT
  8
3
 10
-3053.8701
 20
454.8800
  0
POINT
  8
3
 10
-3054.0801
 20
429.6000
  0
POINT
  8
2
 10
-3053.9700
 20
406.4400
  0
TEXT
  8
1
 10
-3053.9700
 20
406.4400
 40
3.0000
  1
# 1100
  7
STANDARD
  0
POINT
  8
3
 10
-3054.0801
 20
383.2800
  0
POINT
  8
3
 10
-3053.8701
 20
358.0000
  0
POINT
  8
3
 10
-3053.3601
 20
341.0200
  0
POINT
  8
3
 10
-3052.4199
 20
323.8500
  0
POINT
  8
3
 10
-3050.9399
 20
303.8500
  0
POINT
  8
3
 10
-3048.9199
 20
284.0100
  0
POINT
  8
3
 10
-3046.4700
 20
265.1400
  0
POINT
  8
3
 10
-3043.4199
 20
245.9100
  0
POINT
  8
3
 10
-3040.1201
 20
228.5400
  0
POINT
  8
3
 10
-3036.7100
 20
212.2100
  0
POINT
  8
3
 10
-3031.4299
 20
189.0900
  0
POINT
  8
3
 10
-3028.8899
 20
178.7200
  0
POINT
  8
2
 10
-3027.2200
 20
171.9200
  0
TEXT
  8
1
 10
-3027.2200
 20
171.9200
 40
3.0000
  1
# 1101
  7
STANDARD
  0
POINT
  8
2
 10
-3033.9500
 20
170.1000
  0
TEXT
  8
1
 10
-3033.9500
 20
170.1000
 40
3.0000
  1
# 1102
  7
STANDARD
  0
POINT
  8
2
 10
-3108.4900
 20
151.7300
  0
TEXT
  8
1
 10
-3108.4900
 20
151.7300
 40
3.0000
  1
# 1103
  7
STANDARD
  0
POINT
  8
3
 10
-3110.2100
 20
158.5200
  0
POINT
  8
3
 10
-3111.4800
 20
163.5400
  0
POINT
  8
3
 10
-3113.8601
 20
173.4800
  0
POINT
  8
3
 10
-3118.8401
 20
195.6800
  0
POINT
  8
3
 10
-3125.5801
 20
229.0300
  0
POINT
  8
3
 10
-3130.5801
 20
260.7100
  0
POINT
  8
3
 10
-3133.0701
 20
283.7400
  0
POINT
  8
2
 10
-3134.1899
 20
301.1400
  0
TEXT
  8
1
 10
-3134.1899
 20
301.1400
 40
3.0000
  1
# 1104
  7
STANDARD
  0
POINT
  8
3
 10
-3135.0601
 20
309.8900
  0
POINT
  8
3
 10
-3135.7400
 20
321.5200
  0
POINT
  8
3
 10
-3136.6899
 20
338.8400
  0
POINT
  8
3
 10
-3137.4099
 20
360.1500
  0
POINT
  8
2
 10
-3138.3000
 20
383.2800
  0
TEXT
  8
1
 10
-3138.3000
 20
383.2800
 40
3.0000
  1
# 1105
  7
STANDARD
  0
POINT
  8
4
 10
-3053.9700
 20
406.4400
 30
5.0000
 50
180.0000
  0
POINT
  8
4
 10
-3134.1899
 20
511.7400
 30
5.0000
 50
358.9688
  0
POINT
  8
4
 10
-3033.9500
 20
642.7800
 30
5.0000
 50
258.1054
  0
POINT
  8
4
 10
-3138.3000
 20
406.4400
 30
5.0000
 50
0.0000
  0
POINT
  8
4
 10
-3134.1899
 20
301.1400
 30
5.0000
 50
0.9167
  0
POINT
  8
4
 10
-3033.9500
 20
170.1000
 30
5.0000
 50
101.3099
  0
LINE
  8
7
 10
-3092.0300
 20
456.4900
 11
-3092.0300
 21
360.1500
  0
POINT
  8
2
 10
-3092.0300
 20
456.4900
  0
TEXT
  8
7
 10
-3092.0300
 20
456.4900
 40
3.0000
  1
# 1106
  7
STANDARD
  0
POINT
  8
2
 10
-3092.0300
 20
360.1500
  0
TEXT
  8
7
 10
-3092.0300
 20
360.1500
 40
3.0000
  1
# 1107
  7
STANDARD
  0
LINE
  8
5
 10
-3140.2000
 20
408.3200
 11
-3043.8601
 21
408.3200
  0
POINT
  8
2
 10
-3140.2000
 20
408.3200
  0
POINT
  8
2
 10
-3043.8601
 20
408.3200
  0
POLYLINE
  8
8
 66
1
 70
0
  0
VERTEX
  8
8
 10
-3032.5901
 20
618.3700
  0
VERTEX
  8
8
 10
-3114.1399
 20
637.4200
  0
SEQEND
  0
POLYLINE
  8
85
 66
1
 70
0
  0
VERTEX
  8
85
 10
-3032.5901
 20
618.3700
  0
VERTEX
  8
85
 10
-3114.1399
 20
637.4200
  0
SEQEND
  0
POINT
  8
2
 10
-3032.5901
 20
618.3700
  0
TEXT
  8
8
 10
-3032.5901
 20
618.3700
 40
3.0000
  1
# 1108
  7
STANDARD
  0
POINT
  8
2
 10
-3114.1399
 20
637.4200
  0
TEXT
  8
8
 10
-3114.1399
 20
637.4200
 40
3.0000
  1
# 1109
  7
STANDARD
  0
POINT
  8
13
 10
-3039.8899
 20
620.6600
 30
10.0000
  0
TEXT
  8
13
 10
-3039.8899
 20
620.6600
 40
3.0000
  1
# 1110
  7
STANDARD
  0
POINT
  8
13
 10
-3094.3799
 20
632.9200
 30
10.0000
  0
TEXT
  8
13
 10
-3094.3799
 20
632.9200
 40
3.0000
  1
# 1111
  7
STANDARD
  0
TEXT
  8
15
 10
-3083.9099
 20
649.8200
 40
5.45
  50
331.6000
  1
zip
  7
STANDARD
  0
TEXT
  8
15
 10
-3048.3301
 20
619.0100
 40
5.01
  50
165.9000
  1
SUPPORT FLAP FRONT
  7
STANDARD
  0
POINT
  8
13
 10
-3041.5801
 20
199.0100
 30
10.0000
  0
TEXT
  8
13
 10
-3041.5801
 20
199.0100
 40
3.0000
  1
# 1112
  7
STANDARD
  0
POINT
  8
13
 10
-3096.0701
 20
186.7500
 30
10.0000
  0
TEXT
  8
13
 10
-3096.0701
 20
186.7500
 40
3.0000
  1
# 1113
  7
STANDARD
  0
TEXT
  8
15
 10
-3078.5400
 20
165.9600
 40
5.45
  50
208.4000
  1
zip
  7
STANDARD
  0
TEXT
  8
15
 10
-3096.0901
 20
189.0900
 40
5.01
  50
14.1000
  1
SUPPORT FLAP FRONT
  7
STANDARD
  0
POLYLINE
  8
8
 66
1
 70
0
  0
VERTEX
  8
8
 10
-3029.5300
 20
202.4100
  0
VERTEX
  8
8
 10
-3119.4500
 20
181.4000
  0
SEQEND
  0
POLYLINE
  8
85
 66
1
 70
0
  0
VERTEX
  8
85
 10
-3029.5300
 20
202.4100
  0
VERTEX
  8
85
 10
-3119.4500
 20
181.4000
  0
SEQEND
  0
POINT
  8
2
 10
-3029.5300
 20
202.4100
  0
TEXT
  8
8
 10
-3029.5300
 20
202.4100
 40
3.0000
  1
# 1114
  7
STANDARD
  0
POINT
  8
2
 10
-3119.4500
 20
181.4000
  0
TEXT
  8
8
 10
-3119.4500
 20
181.4000
 40
3.0000
  1
# 1115
  7
STANDARD
  0
POLYLINE
  8
8
 66
1
 70
0
  0
VERTEX
  8
8
 10
-3138.3000
 20
406.4400
  0
VERTEX
  8
8
 10
-3053.9700
 20
406.4400
  0
SEQEND
  0
POLYLINE
  8
85
 66
1
 70
0
  0
VERTEX
  8
85
 10
-3138.3000
 20
406.4400
  0
VERTEX
  8
85
 10
-3053.9700
 20
406.4400
  0
SEQEND
  0
POINT
  8
2
 10
-3138.3000
 20
406.4400
  0
TEXT
  8
8
 10
-3138.3000
 20
406.4400
 40
3.0000
  1
# 1094
  7
STANDARD
  0
POINT
  8
2
 10
-3053.9700
 20
406.4400
  0
TEXT
  8
8
 10
-3053.9700
 20
406.4400
 40
3.0000
  1
# 1100
  7
STANDARD
  0
ENDBLK
  0
BLOCK
  8
0
  2
Lining Patch Pocket _5056
 70
64
 10
0.0000
 20
0.0000
  0
TEXT
  8
1
 10
-4470.6401
 20
72.8400
 40
3.0000
 50
0.0000
  1
Piece Name: Lining Patch Pocket 
  7
STANDARD
  0
TEXT
  8
1
 10
-4470.6401
 20
76.8400
 40
3.0000
 50
0.0000
  1
SAMPLE SIZE:50
  7
STANDARD
  0
TEXT
  8
1
 10
-4470.6401
 20
80.8400
 40
3.0000
 50
0.0000
  1
ANNOTATION: Ready
  7
STANDARD
  0
TEXT
  8
1
 10
-4470.6401
 20
84.8400
 40
3.0000
 50
0.0000
  1
MATERIAL: Ready
  7
STANDARD
  0
TEXT
  8
1
 10
-4470.6401
 20
88.8400
 40
3.0000
 50
0.0000
  1
QUANTITY: 1
  7
STANDARD
  0
POLYLINE
  8
1
 66
1
 70
1
  0
VERTEX
  8
1
 10
-4543.2100
 20
137.8900
  0
VERTEX
  8
1
 10
-4398.0801
 20
137.8900
  0
VERTEX
  8
1
 10
-4398.0801
 20
7.8000
  0
VERTEX
  8
1
 10
-4543.2100
 20
7.8000
  0
VERTEX
  8
1
 10
-4543.2100
 20
137.8900
  0
SEQEND
  0
POLYLINE
  8
84
 66
1
 70
1
  0
VERTEX
  8
84
 10
-4543.2100
 20
137.8900
  0
VERTEX
  8
84
 10
-4398.0801
 20
137.8900
  0
VERTEX
  8
84
 10
-4398.0801
 20
7.8000
  0
VERTEX
  8
84
 10
-4543.2100
 20
7.8000
  0
VERTEX
  8
84
 10
-4543.2100
 20
137.8900
  0
SEQEND
  0
POINT
  8
2
 10
-4543.2100
 20
137.8900
  0
TEXT
  8
1
 10
-4543.2100
 20
137.8900
 40
3.0000
  1
# 1116
  7
STANDARD
  0
POINT
  8
2
 10
-4398.0801
 20
137.8900
  0
TEXT
  8
1
 10
-4398.0801
 20
137.8900
 40
3.0000
  1
# 1117
  7
STANDARD
  0
POINT
  8
2
 10
-4398.0801
 20
7.8000
  0
TEXT
  8
1
 10
-4398.0801
 20
7.8000
 40
3.0000
  1
# 1118
  7
STANDARD
  0
POINT
  8
2
 10
-4543.2100
 20
7.8000
  0
TEXT
  8
1
 10
-4543.2100
 20
7.8000
 40
3.0000
  1
# 1119
  7
STANDARD
  0
LINE
  8
7
 10
-4515.5000
 20
65.3500
 11
-4425.7998
 21
65.3500
  0
LINE
  8
5
 10
-4515.5000
 20
65.3500
 11
-4425.7998
 21
65.3500
  0
POINT
  8
2
 10
-4515.5000
 20
65.3500
  0
TEXT
  8
7
 10
-4515.5000
 20
65.3500
 40
3.0000
  1
# 1120
  7
STANDARD
  0
POINT
  8
2
 10
-4425.7998
 20
65.3500
  0
TEXT
  8
7
 10
-4425.7998
 20
65.3500
 40
3.0000
  1
# 1121
  7
STANDARD
  0
POLYLINE
  8
8
 66
1
 70
0
  0
VERTEX
  8
8
 10
-4428.0801
 20
7.8000
  0
VERTEX
  8
8
 10
-4428.0801
 20
137.8900
  0
SEQEND
  0
POLYLINE
  8
85
 66
1
 70
0
  0
VERTEX
  8
85
 10
-4428.0801
 20
7.8000
  0
VERTEX
  8
85
 10
-4428.0801
 20
137.8900
  0
SEQEND
  0
POINT
  8
2
 10
-4428.0801
 20
7.8000
  0
TEXT
  8
8
 10
-4428.0801
 20
7.8000
 40
3.0000
  1
# 1122
  7
STANDARD
  0
POINT
  8
2
 10
-4428.0801
 20
137.8900
  0
TEXT
  8
8
 10
-4428.0801
 20
137.8900
 40
3.0000
  1
# 1123
  7
STANDARD
  0
POLYLINE
  8
8
 66
1
 70
0
  0
VERTEX
  8
8
 10
-4418.0801
 20
72.8400
  0
VERTEX
  8
8
 10
-4408.0801
 20
72.8400
  0
SEQEND
  0
POLYLINE
  8
85
 66
1
 70
0
  0
VERTEX
  8
85
 10
-4418.0801
 20
72.8400
  0
VERTEX
  8
85
 10
-4408.0801
 20
72.8400
  0
SEQEND
  0
POINT
  8
2
 10
-4418.0801
 20
72.8400
  0
TEXT
  8
8
 10
-4418.0801
 20
72.8400
 40
3.0000
  1
# 1124
  7
STANDARD
  0
POINT
  8
2
 10
-4408.0801
 20
72.8400
  0
TEXT
  8
8
 10
-4408.0801
 20
72.8400
 40
3.0000
  1
# 1125
  7
STANDARD
  0
POLYLINE
  8
8
 66
1
 70
0
  0
VERTEX
  8
8
 10
-4418.0801
 20
74.8400
  0
VERTEX
  8
8
 10
-4408.0801
 20
74.8400
  0
SEQEND
  0
POLYLINE
  8
85
 66
1
 70
0
  0
VERTEX
  8
85
 10
-4418.0801
 20
74.8400
  0
VERTEX
  8
85
 10
-4408.0801
 20
74.8400
  0
SEQEND
  0
POINT
  8
2
 10
-4418.0801
 20
74.8400
  0
TEXT
  8
8
 10
-4418.0801
 20
74.8400
 40
3.0000
  1
# 1126
  7
STANDARD
  0
POINT
  8
2
 10
-4408.0801
 20
74.8400
  0
TEXT
  8
8
 10
-4408.0801
 20
74.8400
 40
3.0000
  1
# 1127
  7
STANDARD
  0
POLYLINE
  8
8
 66
1
 70
0
  0
VERTEX
  8
8
 10
-4418.0801
 20
70.8400
  0
VERTEX
  8
8
 10
-4408.0801
 20
70.8400
  0
SEQEND
  0
POLYLINE
  8
85
 66
1
 70
0
  0
VERTEX
  8
85
 10
-4418.0801
 20
70.8400
  0
VERTEX
  8
85
 10
-4408.0801
 20
70.8400
  0
SEQEND
  0
POINT
  8
2
 10
-4418.0801
 20
70.8400
  0
TEXT
  8
8
 10
-4418.0801
 20
70.8400
 40
3.0000
  1
# 1128
  7
STANDARD
  0
POINT
  8
2
 10
-4408.0801
 20
70.8400
  0
TEXT
  8
8
 10
-4408.0801
 20
70.8400
 40
3.0000
  1
# 1129
  7
STANDARD
  0
POLYLINE
  8
8
 66
1
 70
0
  0
VERTEX
  8
8
 10
-4408.0801
 20
70.8400
  0
VERTEX
  8
8
 10
-4408.0801
 20
74.8400
  0
SEQEND
  0
POLYLINE
  8
85
 66
1
 70
0
  0
VERTEX
  8
85
 10
-4408.0801
 20
70.8400
  0
VERTEX
  8
85
 10
-4408.0801
 20
74.8400
  0
SEQEND
  0
POINT
  8
2
 10
-4408.0801
 20
70.8400
  0
TEXT
  8
8
 10
-4408.0801
 20
70.8400
 40
3.0000
  1
# 1129
  7
STANDARD
  0
POINT
  8
2
 10
-4408.0801
 20
74.8400
  0
TEXT
  8
8
 10
-4408.0801
 20
74.8400
 40
3.0000
  1
# 1127
  7
STANDARD
  0
POLYLINE
  8
8
 66
1
 70
0
  0
VERTEX
  8
8
 10
-4418.0801
 20
70.8400
  0
VERTEX
  8
8
 10
-4418.0801
 20
74.8400
  0
SEQEND
  0
POLYLINE
  8
85
 66
1
 70
0
  0
VERTEX
  8
85
 10
-4418.0801
 20
70.8400
  0
VERTEX
  8
85
 10
-4418.0801
 20
74.8400
  0
SEQEND
  0
POINT
  8
2
 10
-4418.0801
 20
70.8400
  0
TEXT
  8
8
 10
-4418.0801
 20
70.8400
 40
3.0000
  1
# 1128
  7
STANDARD
  0
POINT
  8
2
 10
-4418.0801
 20
74.8400
  0
TEXT
  8
8
 10
-4418.0801
 20
74.8400
 40
3.0000
  1
# 1126
  7
STANDARD
  0
ENDBLK
  0
ENDSEC
  0
SECTION
  2
ENTITIES
  0
TEXT
  8
1
 10
0.0000
 20
0.0000
 40
3.0000
 50
0.0000
  1
Style Name: # TOWER + JUMPER  SMS
  7
STANDARD
  0
TEXT
  8
1
 10
0.0000
 20
4.0000
 40
3.0000
 50
0.0000
  1
Creation Date: 12-11-2025
  7
STANDARD
  0
TEXT
  8
1
 10
0.0000
 20
8.0000
 40
3.0000
 50
0.0000
  1
Creation Time: 18:38:34
  7
STANDARD
  0
TEXT
  8
1
 10
0.0000
 20
12.0000
 40
3.0000
 50
0.0000
  1
Author: RICHPEACE TECHNOLOGY
  7
STANDARD
  0
TEXT
  8
1
 10
0.0000
 20
16.0000
 40
3.0000
 50
0.0000
  1
PRODUCT: RP_Design
  7
STANDARD
  0
TEXT
  8
1
 10
0.0000
 20
20.0000
 40
3.0000
 50
0.0000
  1
VERSION: V9.0
  7
STANDARD
  0
TEXT
  8
1
 10
0.0000
 20
24.0000
 40
3.0000
 50
0.0000
  1
Sample Size: 50
  7
STANDARD
  0
TEXT
  8
1
 10
0.0000
 20
28.0000
 40
3.0000
 50
0.0000
  1
Grade Rule Table: 
  7
STANDARD
  0
TEXT
  8
1
 10
127.0000
 20
32.0000
 40
3.0000
 50
0.0000
  1
Units: METRIC
  7
STANDARD
  0
TEXT
  8
1
 10
127.0000
 20
36.0000
 40
3.0000
 50
0.0000
  1
TOLERANCE: .0001
  7
STANDARD
  0
INSERT
  8
1
  2
Inside Cuff Velvett_501
 10
0.0000
 20
0.0000
  0
INSERT
  8
1
  2
Top Cuff_502
 10
0.0000
 20
0.0000
  0
INSERT
  8
1
  2
Front Sleeve_503
 10
0.0000
 20
0.0000
  0
INSERT
  8
1
  2
Back Sleeve_504
 10
0.0000
 20
0.0000
  0
INSERT
  8
1
  2
Back In Band_505
 10
0.0000
 20
0.0000
  0
INSERT
  8
1
  2
Back_506
 10
0.0000
 20
0.0000
  0
INSERT
  8
1
  2
Back Yoke_507
 10
0.0000
 20
0.0000
  0
INSERT
  8
1
  2
Front In Band_508
 10
0.0000
 20
0.0000
  0
INSERT
  8
1
  2
Left Front Bottom_509
 10
0.0000
 20
0.0000
  0
INSERT
  8
1
  2
Left Front Top_5010
 10
0.0000
 20
0.0000
  0
INSERT
  8
1
  2
Right Front Bottom_5011
 10
0.0000
 20
0.0000
  0
INSERT
  8
1
  2
Right Front Top_5012
 10
0.0000
 20
0.0000
  0
INSERT
  8
1
  2
Left Front Top Patti_5013
 10
0.0000
 20
0.0000
  0
INSERT
  8
1
  2
Left Front In Patti velvett_5014
 10
0.0000
 20
0.0000
  0
INSERT
  8
1
  2
Right Front Patti velvett_5015
 10
0.0000
 20
0.0000
  0
INSERT
  8
1
  2
Chest Pocket_5016
 10
0.0000
 20
0.0000
  0
INSERT
  8
1
  2
Top Flap_5017
 10
0.0000
 20
0.0000
  0
INSERT
  8
1
  2
Inside Flap velvett_5018
 10
0.0000
 20
0.0000
  0
INSERT
  8
1
  2
Bottom Pocket_5019
 10
0.0000
 20
0.0000
  0
INSERT
  8
1
  2
Bottom Pocket Top Flap_5020
 10
0.0000
 20
0.0000
  0
INSERT
  8
1
  2
Bottom Pkt In Flap Velvett_5021
 10
0.0000
 20
0.0000
  0
INSERT
  8
1
  2
Lining Pocket Bone_5022
 10
0.0000
 20
0.0000
  0
INSERT
  8
1
  2
Lining Pocket In Bone_5023
 10
0.0000
 20
0.0000
  0
INSERT
  8
1
  2
Top Collar_5024
 10
0.0000
 20
0.0000
  0
INSERT
  8
1
  2
Inside Collar Velvett_5025
 10
0.0000
 20
0.0000
  0
INSERT
  8
1
  2
Left Lining Patch pocket_5026
 10
0.0000
 20
0.0000
  0
INSERT
  8
1
  2
LACE COLLAR 2P_5027
 10
0.0000
 20
0.0000
  0
INSERT
  8
1
  2
Right Lining Patch Pocket_5028
 10
0.0000
 20
0.0000
  0
INSERT
  8
1
  2
Chest Pocket Lining_5029
 10
0.0000
 20
0.0000
  0
INSERT
  8
1
  2
Bottom Pocket Lining_5030
 10
0.0000
 20
0.0000
  0
INSERT
  8
1
  2
Lining Pocket Lining_5031
 10
0.0000
 20
0.0000
  0
INSERT
  8
1
  2
Back Lining_5032
 10
0.0000
 20
0.0000
  0
INSERT
  8
1
  2
Front Lining_5033
 10
0.0000
 20
0.0000
  0
INSERT
  8
1
  2
Front Sleeve Lining_5034
 10
0.0000
 20
0.0000
  0
INSERT
  8
1
  2
Back Sleeve Lining_5035
 10
0.0000
 20
0.0000
  0
INSERT
  8
1
  2
Lining Patch Pocket Lining_5036
 10
0.0000
 20
0.0000
  0
INSERT
  8
1
  2
FIG TEST CM 20 X CM 20_5037
 10
0.0000
 20
0.0000
  0
INSERT
  8
1
  2
Top Cuff_5038
 10
0.0000
 20
0.0000
  0
INSERT
  8
1
  2
Front Sleeve_5039
 10
0.0000
 20
0.0000
  0
INSERT
  8
1
  2
Back Sleeve_5040
 10
0.0000
 20
0.0000
  0
INSERT
  8
1
  2
Back In Band_5041
 10
0.0000
 20
0.0000
  0
INSERT
  8
1
  2
Back_5042
 10
0.0000
 20
0.0000
  0
INSERT
  8
1
  2
Back Yoke_5043
 10
0.0000
 20
0.0000
  0
INSERT
  8
1
  2
Front In Band_5044
 10
0.0000
 20
0.0000
  0
INSERT
  8
1
  2
Left Front Bottom_5045
 10
0.0000
 20
0.0000
  0
INSERT
  8
1
  2
Left Front Top_5046
 10
0.0000
 20
0.0000
  0
INSERT
  8
1
  2
Right Front Bottom_5047
 10
0.0000
 20
0.0000
  0
INSERT
  8
1
  2
Right Front Top_5048
 10
0.0000
 20
0.0000
  0
INSERT
  8
1
  2
Left Front Top Patti_5049
 10
0.0000
 20
0.0000
  0
INSERT
  8
1
  2
Right Front Patti velvett_5050
 10
0.0000
 20
0.0000
  0
INSERT
  8
1
  2
Top Flap_5051
 10
0.0000
 20
0.0000
  0
INSERT
  8
1
  2
Chest Pocket_5052
 10
0.0000
 20
0.0000
  0
INSERT
  8
1
  2
Bottom Pocket Top Flap_5053
 10
0.0000
 20
0.0000
  0
INSERT
  8
1
  2
Bottom Pocket_5054
 10
0.0000
 20
0.0000
  0
INSERT
  8
1
  2
Top Collar_5055
 10
0.0000
 20
0.0000
  0
INSERT
  8
1
  2
Lining Patch Pocket _5056
 10
0.0000
 20
0.0000
  0
ENDSEC
  0
EOF
