  0
SECTION
  2
BLOCKS
  0
BLOCK
  8
1
  2
SHOULDER BK 1P
 70
     0
 10
0.00
 20
0.00
  0
POLYLINE
  8
84
 66
     1
 70
     1
  0
VERTEX
  8
84
 10
11.400000
 20
374.850000
  0
VERTEX
  8
84
 10
21.400000
 20
375.550000
  0
VERTEX
  8
84
 10
33.800000
 20
376.350000
  0
VERTEX
  8
84
 10
48.700000
 20
377.650000
  0
VERTEX
  8
84
 10
69.600000
 20
379.450000
  0
VERTEX
  8
84
 10
90.800000
 20
381.350000
  0
VERTEX
  8
84
 10
113.500000
 20
384.050000
  0
VERTEX
  8
84
 10
137.500000
 20
386.850000
  0
VERTEX
  8
84
 10
147.400000
 20
355.250000
  0
VERTEX
  8
84
 10
160.800000
 20
314.850000
  0
VERTEX
  8
84
 10
171.300000
 20
282.550000
  0
VERTEX
  8
84
 10
178.500000
 20
260.250000
  0
VERTEX
  8
84
 10
183.200000
 20
245.150000
  0
VERTEX
  8
84
 10
193.400000
 20
209.650000
  0
VERTEX
  8
84
 10
187.200000
 20
207.650000
  0
VERTEX
  8
84
 10
180.200000
 20
205.050000
  0
VERTEX
  8
84
 10
172.800000
 20
201.950000
  0
VERTEX
  8
84
 10
166.500000
 20
198.950000
  0
VERTEX
  8
84
 10
161.700000
 20
195.550000
  0
VERTEX
  8
84
 10
157.900000
 20
190.050000
  0
VERTEX
  8
84
 10
154.100000
 20
181.950000
  0
VERTEX
  8
84
 10
150.300000
 20
172.050000
  0
VERTEX
  8
84
 10
147.200000
 20
161.950000
  0
VERTEX
  8
84
 10
145.300000
 20
152.350000
  0
VERTEX
  8
84
 10
144.500000
 20
143.950000
  0
VERTEX
  8
84
 10
144.200000
 20
133.950000
  0
VERTEX
  8
84
 10
144.200000
 20
126.850000
  0
VERTEX
  8
84
 10
144.200000
 20
123.050000
  0
VERTEX
  8
84
 10
144.200000
 20
119.250000
  0
VERTEX
  8
84
 10
144.200000
 20
112.150000
  0
VERTEX
  8
84
 10
144.500000
 20
102.150000
  0
VERTEX
  8
84
 10
145.300000
 20
93.750000
  0
VERTEX
  8
84
 10
147.200000
 20
84.150000
  0
VERTEX
  8
84
 10
150.300000
 20
74.050000
  0
VERTEX
  8
84
 10
154.100000
 20
64.150000
  0
VERTEX
  8
84
 10
157.900000
 20
56.050000
  0
VERTEX
  8
84
 10
161.700000
 20
50.550000
  0
VERTEX
  8
84
 10
166.500000
 20
47.150000
  0
VERTEX
  8
84
 10
172.800000
 20
44.150000
  0
VERTEX
  8
84
 10
180.200000
 20
41.050000
  0
VERTEX
  8
84
 10
187.200000
 20
38.450000
  0
VERTEX
  8
84
 10
193.400000
 20
36.450000
  0
VERTEX
  8
84
 10
183.200000
 20
0.950000
  0
VERTEX
  8
84
 10
178.500000
 20
-14.150000
  0
VERTEX
  8
84
 10
171.300000
 20
-36.450000
  0
VERTEX
  8
84
 10
160.800000
 20
-68.750000
  0
VERTEX
  8
84
 10
147.400000
 20
-109.150000
  0
VERTEX
  8
84
 10
137.500000
 20
-140.750000
  0
VERTEX
  8
84
 10
113.500000
 20
-137.950000
  0
VERTEX
  8
84
 10
90.800000
 20
-135.250000
  0
VERTEX
  8
84
 10
69.600000
 20
-133.350000
  0
VERTEX
  8
84
 10
48.700000
 20
-131.550000
  0
VERTEX
  8
84
 10
33.800000
 20
-130.250000
  0
VERTEX
  8
84
 10
21.400000
 20
-129.450000
  0
VERTEX
  8
84
 10
11.400000
 20
-128.750000
  0
VERTEX
  8
84
 10
11.400000
 20
-50.850000
  0
VERTEX
  8
84
 10
11.300000
 20
-30.050000
  0
VERTEX
  8
84
 10
11.100000
 20
21.350000
  0
VERTEX
  8
84
 10
10.400000
 20
85.850000
  0
VERTEX
  8
84
 10
10.400000
 20
123.050000
  0
VERTEX
  8
84
 10
10.400000
 20
160.250000
  0
VERTEX
  8
84
 10
11.100000
 20
224.750000
  0
VERTEX
  8
84
 10
11.300000
 20
276.150000
  0
VERTEX
  8
84
 10
11.400000
 20
296.950000
  0
VERTEX
  8
84
 10
11.400000
 20
374.850000
  0
SEQEND
  0
POLYLINE
  8
1
 66
     1
 70
     1
  0
VERTEX
  8
1
 10
11.400000
 20
374.850000
  0
VERTEX
  8
1
 10
21.400000
 20
375.550000
  0
VERTEX
  8
1
 10
33.800000
 20
376.350000
  0
VERTEX
  8
1
 10
48.700000
 20
377.650000
  0
VERTEX
  8
1
 10
69.600000
 20
379.450000
  0
VERTEX
  8
1
 10
90.800000
 20
381.350000
  0
VERTEX
  8
1
 10
113.500000
 20
384.050000
  0
VERTEX
  8
1
 10
137.500000
 20
386.850000
  0
VERTEX
  8
1
 10
147.400000
 20
355.250000
  0
VERTEX
  8
1
 10
160.800000
 20
314.850000
  0
VERTEX
  8
1
 10
171.300000
 20
282.550000
  0
VERTEX
  8
1
 10
178.500000
 20
260.250000
  0
VERTEX
  8
1
 10
183.200000
 20
245.150000
  0
VERTEX
  8
1
 10
193.400000
 20
209.650000
  0
VERTEX
  8
1
 10
187.200000
 20
207.650000
  0
VERTEX
  8
1
 10
180.200000
 20
205.050000
  0
VERTEX
  8
1
 10
172.800000
 20
201.950000
  0
VERTEX
  8
1
 10
166.500000
 20
198.950000
  0
VERTEX
  8
1
 10
161.700000
 20
195.550000
  0
VERTEX
  8
1
 10
157.900000
 20
190.050000
  0
VERTEX
  8
1
 10
154.100000
 20
181.950000
  0
VERTEX
  8
1
 10
150.300000
 20
172.050000
  0
VERTEX
  8
1
 10
147.200000
 20
161.950000
  0
VERTEX
  8
1
 10
145.300000
 20
152.350000
  0
VERTEX
  8
1
 10
144.500000
 20
143.950000
  0
VERTEX
  8
1
 10
144.200000
 20
133.950000
  0
VERTEX
  8
1
 10
144.200000
 20
126.850000
  0
VERTEX
  8
1
 10
144.200000
 20
123.050000
  0
VERTEX
  8
1
 10
144.200000
 20
119.250000
  0
VERTEX
  8
1
 10
144.200000
 20
112.150000
  0
VERTEX
  8
1
 10
144.500000
 20
102.150000
  0
VERTEX
  8
1
 10
145.300000
 20
93.750000
  0
VERTEX
  8
1
 10
147.200000
 20
84.150000
  0
VERTEX
  8
1
 10
150.300000
 20
74.050000
  0
VERTEX
  8
1
 10
154.100000
 20
64.150000
  0
VERTEX
  8
1
 10
157.900000
 20
56.050000
  0
VERTEX
  8
1
 10
161.700000
 20
50.550000
  0
VERTEX
  8
1
 10
166.500000
 20
47.150000
  0
VERTEX
  8
1
 10
172.800000
 20
44.150000
  0
VERTEX
  8
1
 10
180.200000
 20
41.050000
  0
VERTEX
  8
1
 10
187.200000
 20
38.450000
  0
VERTEX
  8
1
 10
193.400000
 20
36.450000
  0
VERTEX
  8
1
 10
183.200000
 20
0.950000
  0
VERTEX
  8
1
 10
178.500000
 20
-14.150000
  0
VERTEX
  8
1
 10
171.300000
 20
-36.450000
  0
VERTEX
  8
1
 10
160.800000
 20
-68.750000
  0
VERTEX
  8
1
 10
147.400000
 20
-109.150000
  0
VERTEX
  8
1
 10
137.500000
 20
-140.750000
  0
VERTEX
  8
1
 10
113.500000
 20
-137.950000
  0
VERTEX
  8
1
 10
90.800000
 20
-135.250000
  0
VERTEX
  8
1
 10
69.600000
 20
-133.350000
  0
VERTEX
  8
1
 10
48.700000
 20
-131.550000
  0
VERTEX
  8
1
 10
33.800000
 20
-130.250000
  0
VERTEX
  8
1
 10
21.400000
 20
-129.450000
  0
VERTEX
  8
1
 10
11.400000
 20
-128.750000
  0
VERTEX
  8
1
 10
11.400000
 20
-50.850000
  0
VERTEX
  8
1
 10
11.300000
 20
-30.050000
  0
VERTEX
  8
1
 10
11.100000
 20
21.350000
  0
VERTEX
  8
1
 10
10.400000
 20
85.850000
  0
VERTEX
  8
1
 10
10.400000
 20
123.050000
  0
VERTEX
  8
1
 10
10.400000
 20
160.250000
  0
VERTEX
  8
1
 10
11.100000
 20
224.750000
  0
VERTEX
  8
1
 10
11.300000
 20
276.150000
  0
VERTEX
  8
1
 10
11.400000
 20
296.950000
  0
VERTEX
  8
1
 10
11.400000
 20
374.850000
  0
SEQEND
  0
POLYLINE
  8
87
 66
     1
  0
VERTEX
  8
87
 10
21.400000
 20
365.550000
  0
VERTEX
  8
87
 10
34.500000
 20
366.450000
  0
VERTEX
  8
87
 10
49.500000
 20
367.750000
  0
VERTEX
  8
87
 10
70.400000
 20
369.550000
  0
VERTEX
  8
87
 10
91.700000
 20
371.450000
  0
VERTEX
  8
87
 10
114.600000
 20
374.150000
  0
VERTEX
  8
87
 10
130.400000
 20
375.950000
  0
VERTEX
  8
87
 10
137.900000
 20
352.250000
  0
VERTEX
  8
87
 10
151.300000
 20
311.750000
  0
VERTEX
  8
87
 10
161.800000
 20
279.550000
  0
VERTEX
  8
87
 10
169.000000
 20
257.250000
  0
VERTEX
  8
87
 10
173.600000
 20
242.350000
  0
VERTEX
  8
87
 10
181.100000
 20
216.050000
  0
VERTEX
  8
87
 10
176.600000
 20
214.250000
  0
VERTEX
  8
87
 10
168.800000
 20
211.050000
  0
VERTEX
  8
87
 10
161.500000
 20
207.450000
  0
VERTEX
  8
87
 10
154.700000
 20
202.350000
  0
VERTEX
  8
87
 10
149.300000
 20
194.950000
  0
VERTEX
  8
87
 10
144.900000
 20
185.750000
  0
VERTEX
  8
87
 10
140.900000
 20
175.250000
  0
VERTEX
  8
87
 10
137.500000
 20
164.350000
  0
VERTEX
  8
87
 10
135.400000
 20
153.750000
  0
VERTEX
  8
87
 10
134.600000
 20
144.450000
  0
VERTEX
  8
87
 10
134.200000
 20
134.050000
  0
VERTEX
  8
87
 10
134.200000
 20
126.850000
  0
VERTEX
  8
87
 10
134.200000
 20
123.050000
  0
VERTEX
  8
87
 10
134.200000
 20
119.250000
  0
VERTEX
  8
87
 10
134.200000
 20
112.050000
  0
VERTEX
  8
87
 10
134.600000
 20
101.650000
  0
VERTEX
  8
87
 10
135.400000
 20
92.350000
  0
VERTEX
  8
87
 10
137.500000
 20
81.750000
  0
VERTEX
  8
87
 10
140.900000
 20
70.850000
  0
VERTEX
  8
87
 10
144.900000
 20
60.350000
  0
VERTEX
  8
87
 10
149.300000
 20
51.150000
  0
VERTEX
  8
87
 10
154.700000
 20
43.750000
  0
VERTEX
  8
87
 10
161.500000
 20
38.650000
  0
VERTEX
  8
87
 10
168.800000
 20
35.050000
  0
VERTEX
  8
87
 10
176.600000
 20
31.850000
  0
VERTEX
  8
87
 10
181.100000
 20
30.150000
  0
VERTEX
  8
87
 10
173.500000
 20
3.350000
  0
VERTEX
  8
87
 10
169.000000
 20
-11.150000
  0
VERTEX
  8
87
 10
161.800000
 20
-33.450000
  0
VERTEX
  8
87
 10
151.300000
 20
-65.650000
  0
VERTEX
  8
87
 10
137.900000
 20
-106.150000
  0
VERTEX
  8
87
 10
130.500000
 20
-129.850000
  0
VERTEX
  8
87
 10
114.600000
 20
-128.050000
  0
VERTEX
  8
87
 10
91.700000
 20
-125.350000
  0
VERTEX
  8
87
 10
70.400000
 20
-123.450000
  0
VERTEX
  8
87
 10
49.500000
 20
-121.650000
  0
VERTEX
  8
87
 10
34.500000
 20
-120.350000
  0
VERTEX
  8
87
 10
22.000000
 20
-119.550000
  0
VERTEX
  8
87
 10
21.400000
 20
-50.850000
  0
VERTEX
  8
87
 10
21.200000
 20
-30.050000
  0
VERTEX
  8
87
 10
21.000000
 20
21.450000
  0
VERTEX
  8
87
 10
20.400000
 20
85.950000
  0
VERTEX
  8
87
 10
20.400000
 20
123.050000
  0
VERTEX
  8
87
 10
20.400000
 20
160.150000
  0
VERTEX
  8
87
 10
21.000000
 20
224.650000
  0
VERTEX
  8
87
 10
21.200000
 20
276.150000
  0
VERTEX
  8
87
 10
21.400000
 20
296.950000
  0
VERTEX
  8
87
 10
21.400000
 20
365.550000
  0
SEQEND
  0
POLYLINE
  8
14
 66
     1
  0
VERTEX
  8
14
 10
21.400000
 20
365.550000
  0
VERTEX
  8
14
 10
34.500000
 20
366.450000
  0
VERTEX
  8
14
 10
49.500000
 20
367.750000
  0
VERTEX
  8
14
 10
70.400000
 20
369.550000
  0
VERTEX
  8
14
 10
91.700000
 20
371.450000
  0
VERTEX
  8
14
 10
114.600000
 20
374.150000
  0
VERTEX
  8
14
 10
130.400000
 20
375.950000
  0
VERTEX
  8
14
 10
137.900000
 20
352.250000
  0
VERTEX
  8
14
 10
151.300000
 20
311.750000
  0
VERTEX
  8
14
 10
161.800000
 20
279.550000
  0
VERTEX
  8
14
 10
169.000000
 20
257.250000
  0
VERTEX
  8
14
 10
173.600000
 20
242.350000
  0
VERTEX
  8
14
 10
181.100000
 20
216.050000
  0
VERTEX
  8
14
 10
176.600000
 20
214.250000
  0
VERTEX
  8
14
 10
168.800000
 20
211.050000
  0
VERTEX
  8
14
 10
161.500000
 20
207.450000
  0
VERTEX
  8
14
 10
154.700000
 20
202.350000
  0
VERTEX
  8
14
 10
149.300000
 20
194.950000
  0
VERTEX
  8
14
 10
144.900000
 20
185.750000
  0
VERTEX
  8
14
 10
140.900000
 20
175.250000
  0
VERTEX
  8
14
 10
137.500000
 20
164.350000
  0
VERTEX
  8
14
 10
135.400000
 20
153.750000
  0
VERTEX
  8
14
 10
134.600000
 20
144.450000
  0
VERTEX
  8
14
 10
134.200000
 20
134.050000
  0
VERTEX
  8
14
 10
134.200000
 20
126.850000
  0
VERTEX
  8
14
 10
134.200000
 20
123.050000
  0
VERTEX
  8
14
 10
134.200000
 20
119.250000
  0
VERTEX
  8
14
 10
134.200000
 20
112.050000
  0
VERTEX
  8
14
 10
134.600000
 20
101.650000
  0
VERTEX
  8
14
 10
135.400000
 20
92.350000
  0
VERTEX
  8
14
 10
137.500000
 20
81.750000
  0
VERTEX
  8
14
 10
140.900000
 20
70.850000
  0
VERTEX
  8
14
 10
144.900000
 20
60.350000
  0
VERTEX
  8
14
 10
149.300000
 20
51.150000
  0
VERTEX
  8
14
 10
154.700000
 20
43.750000
  0
VERTEX
  8
14
 10
161.500000
 20
38.650000
  0
VERTEX
  8
14
 10
168.800000
 20
35.050000
  0
VERTEX
  8
14
 10
176.600000
 20
31.850000
  0
VERTEX
  8
14
 10
181.100000
 20
30.150000
  0
VERTEX
  8
14
 10
173.500000
 20
3.350000
  0
VERTEX
  8
14
 10
169.000000
 20
-11.150000
  0
VERTEX
  8
14
 10
161.800000
 20
-33.450000
  0
VERTEX
  8
14
 10
151.300000
 20
-65.650000
  0
VERTEX
  8
14
 10
137.900000
 20
-106.150000
  0
VERTEX
  8
14
 10
130.500000
 20
-129.850000
  0
VERTEX
  8
14
 10
114.600000
 20
-128.050000
  0
VERTEX
  8
14
 10
91.700000
 20
-125.350000
  0
VERTEX
  8
14
 10
70.400000
 20
-123.450000
  0
VERTEX
  8
14
 10
49.500000
 20
-121.650000
  0
VERTEX
  8
14
 10
34.500000
 20
-120.350000
  0
VERTEX
  8
14
 10
22.000000
 20
-119.550000
  0
VERTEX
  8
14
 10
21.400000
 20
-50.850000
  0
VERTEX
  8
14
 10
21.200000
 20
-30.050000
  0
VERTEX
  8
14
 10
21.000000
 20
21.450000
  0
VERTEX
  8
14
 10
20.400000
 20
85.950000
  0
VERTEX
  8
14
 10
20.400000
 20
123.050000
  0
VERTEX
  8
14
 10
20.400000
 20
160.150000
  0
VERTEX
  8
14
 10
21.000000
 20
224.650000
  0
VERTEX
  8
14
 10
21.200000
 20
276.150000
  0
VERTEX
  8
14
 10
21.400000
 20
296.950000
  0
VERTEX
  8
14
 10
21.400000
 20
365.550000
  0
SEQEND
  0
POINT
  8
2
 10
11.400000
 20
374.850000
  0
TEXT
  8
2
 10
11.400000
 20
374.850000
 40
0.250000
 50
0.000000
  1
#1
  0
POINT
  8
3
 10
21.400000
 20
375.550000
  0
POINT
  8
3
 10
33.800000
 20
376.350000
  0
POINT
  8
2
 10
48.700000
 20
377.650000
  0
TEXT
  8
2
 10
48.700000
 20
377.650000
 40
0.250000
 50
0.000000
  1
#1
  0
POINT
  8
3
 10
69.600000
 20
379.450000
  0
POINT
  8
3
 10
90.800000
 20
381.350000
  0
POINT
  8
3
 10
113.500000
 20
384.050000
  0
POINT
  8
2
 10
137.500000
 20
386.850000
  0
TEXT
  8
2
 10
137.500000
 20
386.850000
 40
0.250000
 50
0.000000
  1
#2
  0
POINT
  8
2
 10
147.400000
 20
355.250000
  0
POINT
  8
3
 10
160.800000
 20
314.850000
  0
POINT
  8
3
 10
171.300000
 20
282.550000
  0
POINT
  8
3
 10
178.500000
 20
260.250000
  0
POINT
  8
2
 10
183.200000
 20
245.150000
  0
POINT
  8
2
 10
193.400000
 20
209.650000
  0
TEXT
  8
2
 10
193.400000
 20
209.650000
 40
0.250000
 50
0.000000
  1
#3
  0
POINT
  8
3
 10
187.200000
 20
207.650000
  0
POINT
  8
3
 10
180.200000
 20
205.050000
  0
POINT
  8
3
 10
172.800000
 20
201.950000
  0
POINT
  8
3
 10
166.500000
 20
198.950000
  0
POINT
  8
3
 10
161.700000
 20
195.550000
  0
POINT
  8
3
 10
157.900000
 20
190.050000
  0
POINT
  8
3
 10
154.100000
 20
181.950000
  0
POINT
  8
3
 10
150.300000
 20
172.050000
  0
POINT
  8
3
 10
147.200000
 20
161.950000
  0
POINT
  8
3
 10
145.300000
 20
152.350000
  0
POINT
  8
3
 10
144.500000
 20
143.950000
  0
POINT
  8
2
 10
144.200000
 20
133.950000
  0
TEXT
  8
2
 10
144.200000
 20
133.950000
 40
0.250000
 50
0.000000
  1
#4
  0
POINT
  8
2
 10
144.200000
 20
126.850000
  0
TEXT
  8
2
 10
144.200000
 20
126.850000
 40
0.250000
 50
0.000000
  1
#4
  0
POINT
  8
2
 10
144.200000
 20
123.050000
  0
TEXT
  8
2
 10
144.200000
 20
123.050000
 40
0.250000
 50
0.000000
  1
#4
  0
POINT
  8
2
 10
144.200000
 20
119.250000
  0
TEXT
  8
2
 10
144.200000
 20
119.250000
 40
0.250000
 50
0.000000
  1
#4
  0
POINT
  8
2
 10
144.200000
 20
112.150000
  0
TEXT
  8
2
 10
144.200000
 20
112.150000
 40
0.250000
 50
0.000000
  1
#4
  0
POINT
  8
3
 10
144.500000
 20
102.150000
  0
POINT
  8
3
 10
145.300000
 20
93.750000
  0
POINT
  8
3
 10
147.200000
 20
84.150000
  0
POINT
  8
3
 10
150.300000
 20
74.050000
  0
POINT
  8
3
 10
154.100000
 20
64.150000
  0
POINT
  8
3
 10
157.900000
 20
56.050000
  0
POINT
  8
3
 10
161.700000
 20
50.550000
  0
POINT
  8
3
 10
166.500000
 20
47.150000
  0
POINT
  8
3
 10
172.800000
 20
44.150000
  0
POINT
  8
3
 10
180.200000
 20
41.050000
  0
POINT
  8
3
 10
187.200000
 20
38.450000
  0
POINT
  8
2
 10
193.400000
 20
36.450000
  0
TEXT
  8
2
 10
193.400000
 20
36.450000
 40
0.250000
 50
0.000000
  1
#5
  0
POINT
  8
2
 10
183.200000
 20
0.950000
  0
POINT
  8
3
 10
178.500000
 20
-14.150000
  0
POINT
  8
3
 10
171.300000
 20
-36.450000
  0
POINT
  8
3
 10
160.800000
 20
-68.750000
  0
POINT
  8
2
 10
147.400000
 20
-109.150000
  0
POINT
  8
2
 10
137.500000
 20
-140.750000
  0
TEXT
  8
2
 10
137.500000
 20
-140.750000
 40
0.250000
 50
0.000000
  1
#6
  0
POINT
  8
3
 10
113.500000
 20
-137.950000
  0
POINT
  8
3
 10
90.800000
 20
-135.250000
  0
POINT
  8
3
 10
69.600000
 20
-133.350000
  0
POINT
  8
2
 10
48.700000
 20
-131.550000
  0
TEXT
  8
2
 10
48.700000
 20
-131.550000
 40
0.250000
 50
0.000000
  1
#7
  0
POINT
  8
3
 10
33.800000
 20
-130.250000
  0
POINT
  8
3
 10
21.400000
 20
-129.450000
  0
POINT
  8
2
 10
11.400000
 20
-128.750000
  0
TEXT
  8
2
 10
11.400000
 20
-128.750000
 40
0.250000
 50
0.000000
  1
#7
  0
POINT
  8
3
 10
11.400000
 20
-50.850000
  0
POINT
  8
2
 10
11.300000
 20
-30.050000
  0
TEXT
  8
2
 10
11.300000
 20
-30.050000
 40
0.250000
 50
0.000000
  1
#8
  0
POINT
  8
3
 10
11.100000
 20
21.350000
  0
POINT
  8
2
 10
10.400000
 20
85.850000
  0
TEXT
  8
2
 10
10.400000
 20
85.850000
 40
0.250000
 50
0.000000
  1
#8
  0
POINT
  8
2
 10
10.400000
 20
123.050000
  0
TEXT
  8
2
 10
10.400000
 20
123.050000
 40
0.250000
 50
0.000000
  1
#8
  0
POINT
  8
2
 10
10.400000
 20
160.250000
  0
TEXT
  8
2
 10
10.400000
 20
160.250000
 40
0.250000
 50
0.000000
  1
#8
  0
POINT
  8
3
 10
11.100000
 20
224.750000
  0
POINT
  8
2
 10
11.300000
 20
276.150000
  0
TEXT
  8
2
 10
11.300000
 20
276.150000
 40
0.250000
 50
0.000000
  1
#8
  0
POINT
  8
3
 10
11.400000
 20
296.950000
  0
POINT
  8
2
 10
11.400000
 20
374.850000
  0
POINT
  8
2
 10
48.700000
 20
377.650000
 39
2.500000
 50
274.763600
  0
POINT
  8
2
 10
147.400000
 20
355.250000
 39
2.500000
 50
196.927500
  0
POINT
  8
2
 10
183.200000
 20
245.150000
 39
2.500000
 50
196.927500
  0
POINT
  8
2
 10
144.200000
 20
123.050000
 39
2.500000
 50
180.000000
  0
POINT
  8
2
 10
183.200000
 20
0.950000
 39
2.500000
 50
165.963800
  0
POINT
  8
2
 10
147.400000
 20
-109.150000
 39
2.500000
 50
163.072500
  0
POINT
  8
2
 10
48.700000
 20
-131.550000
 39
2.500000
 50
85.236360
  0
POINT
  8
2
 10
11.300000
 20
-30.050000
 39
2.500000
  0
POINT
  8
2
 10
10.400000
 20
123.050000
 39
2.500000
  0
POINT
  8
2
 10
11.300000
 20
276.150000
 39
2.500000
  0
POINT
  8
2
 10
21.400000
 20
365.550000
  0
POINT
  8
3
 10
34.500000
 20
366.450000
  0
POINT
  8
2
 10
49.500000
 20
367.750000
  0
POINT
  8
3
 10
70.400000
 20
369.550000
  0
POINT
  8
3
 10
91.700000
 20
371.450000
  0
POINT
  8
3
 10
114.600000
 20
374.150000
  0
POINT
  8
2
 10
130.400000
 20
375.950000
  0
POINT
  8
2
 10
137.900000
 20
352.250000
  0
POINT
  8
3
 10
151.300000
 20
311.750000
  0
POINT
  8
3
 10
161.800000
 20
279.550000
  0
POINT
  8
3
 10
169.000000
 20
257.250000
  0
POINT
  8
2
 10
173.600000
 20
242.350000
  0
POINT
  8
2
 10
181.100000
 20
216.050000
  0
POINT
  8
3
 10
176.600000
 20
214.250000
  0
POINT
  8
3
 10
168.800000
 20
211.050000
  0
POINT
  8
3
 10
161.500000
 20
207.450000
  0
POINT
  8
3
 10
154.700000
 20
202.350000
  0
POINT
  8
3
 10
149.300000
 20
194.950000
  0
POINT
  8
3
 10
144.900000
 20
185.750000
  0
POINT
  8
3
 10
140.900000
 20
175.250000
  0
POINT
  8
3
 10
137.500000
 20
164.350000
  0
POINT
  8
3
 10
135.400000
 20
153.750000
  0
POINT
  8
3
 10
134.600000
 20
144.450000
  0
POINT
  8
2
 10
134.200000
 20
134.050000
  0
POINT
  8
2
 10
134.200000
 20
126.850000
  0
POINT
  8
2
 10
134.200000
 20
123.050000
  0
POINT
  8
2
 10
134.200000
 20
119.250000
  0
POINT
  8
2
 10
134.200000
 20
112.050000
  0
POINT
  8
3
 10
134.600000
 20
101.650000
  0
POINT
  8
3
 10
135.400000
 20
92.350000
  0
POINT
  8
3
 10
137.500000
 20
81.750000
  0
POINT
  8
3
 10
140.900000
 20
70.850000
  0
POINT
  8
3
 10
144.900000
 20
60.350000
  0
POINT
  8
3
 10
149.300000
 20
51.150000
  0
POINT
  8
3
 10
154.700000
 20
43.750000
  0
POINT
  8
3
 10
161.500000
 20
38.650000
  0
POINT
  8
3
 10
168.800000
 20
35.050000
  0
POINT
  8
3
 10
176.600000
 20
31.850000
  0
POINT
  8
2
 10
181.100000
 20
30.150000
  0
POINT
  8
2
 10
173.500000
 20
3.350000
  0
POINT
  8
3
 10
169.000000
 20
-11.150000
  0
POINT
  8
3
 10
161.800000
 20
-33.450000
  0
POINT
  8
3
 10
151.300000
 20
-65.650000
  0
POINT
  8
2
 10
137.900000
 20
-106.150000
  0
POINT
  8
2
 10
130.500000
 20
-129.850000
  0
POINT
  8
3
 10
114.600000
 20
-128.050000
  0
POINT
  8
3
 10
91.700000
 20
-125.350000
  0
POINT
  8
3
 10
70.400000
 20
-123.450000
  0
POINT
  8
2
 10
49.500000
 20
-121.650000
  0
POINT
  8
3
 10
34.500000
 20
-120.350000
  0
POINT
  8
2
 10
22.000000
 20
-119.550000
  0
POINT
  8
3
 10
21.400000
 20
-50.850000
  0
POINT
  8
2
 10
21.200000
 20
-30.050000
  0
POINT
  8
3
 10
21.000000
 20
21.450000
  0
POINT
  8
2
 10
20.400000
 20
85.950000
  0
POINT
  8
2
 10
20.400000
 20
123.050000
  0
POINT
  8
2
 10
20.400000
 20
160.150000
  0
POINT
  8
3
 10
21.000000
 20
224.650000
  0
POINT
  8
2
 10
21.200000
 20
276.150000
  0
POINT
  8
3
 10
21.400000
 20
296.950000
  0
POINT
  8
2
 10
21.400000
 20
365.550000
  0
POINT
  8
4
 10
48.700000
 20
377.650000
 30
2.500000
 50
274.763600
  0
POINT
  8
4
 10
147.400000
 20
355.250000
 30
2.500000
 50
196.927500
  0
POINT
  8
4
 10
183.200000
 20
245.150000
 30
2.500000
 50
196.927500
  0
POINT
  8
4
 10
144.200000
 20
123.050000
 30
2.500000
 50
180.000000
  0
POINT
  8
4
 10
183.200000
 20
0.950000
 30
2.500000
 50
165.963800
  0
POINT
  8
4
 10
147.400000
 20
-109.150000
 30
2.500000
 50
163.072500
  0
POINT
  8
4
 10
48.700000
 20
-131.550000
 30
2.500000
 50
85.236360
  0
POINT
  8
4
 10
11.300000
 20
-30.050000
 30
2.500000
  0
POINT
  8
4
 10
10.400000
 20
123.050000
 30
2.500000
  0
POINT
  8
4
 10
11.300000
 20
276.150000
 30
2.500000
  0
LINE
  8
5
 10
144.100000
 20
123.050000
 11
10.500000
 21
123.050000
  0
LINE
  8
7
 10
144.100000
 20
123.050000
 11
10.500000
 21
123.050000
  0
TEXT
  8
1
 10
5.600000
 20
-110.400000
 40
10.000000
 50
0.000000
  1
Piece Name: SHOULDER BK 1P
  0
TEXT
  8
1
 10
5.600000
 20
-99.400000
 40
10.000000
 50
0.000000
  1
Size: 50
  0
TEXT
  8
1
 10
5.600000
 20
-88.400000
 40
10.000000
 50
0.000000
  1
Annotation: SHOULDER BK 1P
  0
TEXT
  8
1
 10
5.600000
 20
-77.400000
 40
10.000000
 50
0.000000
  1
Quantity: 1
  0
TEXT
  8
1
 10
5.600000
 20
-66.400000
 40
10.000000
 50
0.000000
  1
Material: LEATHER
  0
ENDBLK
  0
BLOCK
  8
1
  2
BACK 2P
 70
     0
 10
0.00
 20
0.00
  0
POLYLINE
  8
84
 66
     1
 70
     1
  0
VERTEX
  8
84
 10
-107.200000
 20
366.250000
  0
VERTEX
  8
84
 10
-74.000000
 20
366.450000
  0
VERTEX
  8
84
 10
-4.200000
 20
366.150000
  0
VERTEX
  8
84
 10
87.500000
 20
365.450000
  0
VERTEX
  8
84
 10
90.000000
 20
350.850000
  0
VERTEX
  8
84
 10
93.500000
 20
341.550000
  0
VERTEX
  8
84
 10
98.800000
 20
333.250000
  0
VERTEX
  8
84
 10
104.400000
 20
327.050000
  0
VERTEX
  8
84
 10
109.900000
 20
322.450000
  0
VERTEX
  8
84
 10
115.900000
 20
318.350000
  0
VERTEX
  8
84
 10
123.200000
 20
314.450000
  0
VERTEX
  8
84
 10
131.800000
 20
311.750000
  0
VERTEX
  8
84
 10
140.700000
 20
309.650000
  0
VERTEX
  8
84
 10
149.800000
 20
308.050000
  0
VERTEX
  8
84
 10
160.300000
 20
306.650000
  0
VERTEX
  8
84
 10
172.400000
 20
305.950000
  0
VERTEX
  8
84
 10
185.400000
 20
305.550000
  0
VERTEX
  8
84
 10
199.200000
 20
305.850000
  0
VERTEX
  8
84
 10
214.400000
 20
306.350000
  0
VERTEX
  8
84
 10
230.200000
 20
307.850000
  0
VERTEX
  8
84
 10
245.600000
 20
309.450000
  0
VERTEX
  8
84
 10
259.000000
 20
311.050000
  0
VERTEX
  8
84
 10
263.500000
 20
231.950000
  0
VERTEX
  8
84
 10
264.600000
 20
211.150000
  0
VERTEX
  8
84
 10
267.700000
 20
159.850000
  0
VERTEX
  8
84
 10
271.500000
 20
95.550000
  0
VERTEX
  8
84
 10
273.600000
 20
58.350000
  0
VERTEX
  8
84
 10
274.100000
 20
48.850000
  0
VERTEX
  8
84
 10
254.300000
 20
47.650000
  0
VERTEX
  8
84
 10
241.300000
 20
47.350000
  0
VERTEX
  8
84
 10
215.900000
 20
47.150000
  0
VERTEX
  8
84
 10
163.600000
 20
47.150000
  0
VERTEX
  8
84
 10
78.400000
 20
47.950000
  0
VERTEX
  8
84
 10
-29.400000
 20
49.150000
  0
VERTEX
  8
84
 10
-93.200000
 20
49.650000
  0
VERTEX
  8
84
 10
-103.200000
 20
49.650000
  0
VERTEX
  8
84
 10
-103.200000
 20
59.350000
  0
VERTEX
  8
84
 10
-103.200000
 20
106.450000
  0
VERTEX
  8
84
 10
-103.300000
 20
169.150000
  0
VERTEX
  8
84
 10
-104.100000
 20
236.750000
  0
VERTEX
  8
84
 10
-104.300000
 20
241.350000
  0
VERTEX
  8
84
 10
-105.100000
 20
276.350000
  0
VERTEX
  8
84
 10
-105.800000
 20
305.150000
  0
VERTEX
  8
84
 10
-107.200000
 20
366.250000
  0
SEQEND
  0
POLYLINE
  8
1
 66
     1
 70
     1
  0
VERTEX
  8
1
 10
-107.200000
 20
366.250000
  0
VERTEX
  8
1
 10
-74.000000
 20
366.450000
  0
VERTEX
  8
1
 10
-4.200000
 20
366.150000
  0
VERTEX
  8
1
 10
87.500000
 20
365.450000
  0
VERTEX
  8
1
 10
90.000000
 20
350.850000
  0
VERTEX
  8
1
 10
93.500000
 20
341.550000
  0
VERTEX
  8
1
 10
98.800000
 20
333.250000
  0
VERTEX
  8
1
 10
104.400000
 20
327.050000
  0
VERTEX
  8
1
 10
109.900000
 20
322.450000
  0
VERTEX
  8
1
 10
115.900000
 20
318.350000
  0
VERTEX
  8
1
 10
123.200000
 20
314.450000
  0
VERTEX
  8
1
 10
131.800000
 20
311.750000
  0
VERTEX
  8
1
 10
140.700000
 20
309.650000
  0
VERTEX
  8
1
 10
149.800000
 20
308.050000
  0
VERTEX
  8
1
 10
160.300000
 20
306.650000
  0
VERTEX
  8
1
 10
172.400000
 20
305.950000
  0
VERTEX
  8
1
 10
185.400000
 20
305.550000
  0
VERTEX
  8
1
 10
199.200000
 20
305.850000
  0
VERTEX
  8
1
 10
214.400000
 20
306.350000
  0
VERTEX
  8
1
 10
230.200000
 20
307.850000
  0
VERTEX
  8
1
 10
245.600000
 20
309.450000
  0
VERTEX
  8
1
 10
259.000000
 20
311.050000
  0
VERTEX
  8
1
 10
263.500000
 20
231.950000
  0
VERTEX
  8
1
 10
264.600000
 20
211.150000
  0
VERTEX
  8
1
 10
267.700000
 20
159.850000
  0
VERTEX
  8
1
 10
271.500000
 20
95.550000
  0
VERTEX
  8
1
 10
273.600000
 20
58.350000
  0
VERTEX
  8
1
 10
274.100000
 20
48.850000
  0
VERTEX
  8
1
 10
254.300000
 20
47.650000
  0
VERTEX
  8
1
 10
241.300000
 20
47.350000
  0
VERTEX
  8
1
 10
215.900000
 20
47.150000
  0
VERTEX
  8
1
 10
163.600000
 20
47.150000
  0
VERTEX
  8
1
 10
78.400000
 20
47.950000
  0
VERTEX
  8
1
 10
-29.400000
 20
49.150000
  0
VERTEX
  8
1
 10
-93.200000
 20
49.650000
  0
VERTEX
  8
1
 10
-103.200000
 20
49.650000
  0
VERTEX
  8
1
 10
-103.200000
 20
59.350000
  0
VERTEX
  8
1
 10
-103.200000
 20
106.450000
  0
VERTEX
  8
1
 10
-103.300000
 20
169.150000
  0
VERTEX
  8
1
 10
-104.100000
 20
236.750000
  0
VERTEX
  8
1
 10
-104.300000
 20
241.350000
  0
VERTEX
  8
1
 10
-105.100000
 20
276.350000
  0
VERTEX
  8
1
 10
-105.800000
 20
305.150000
  0
VERTEX
  8
1
 10
-107.200000
 20
366.250000
  0
SEQEND
  0
POLYLINE
  8
85
 66
     1
  0
VERTEX
  8
85
 10
-74.000000
 20
352.750000
  0
VERTEX
  8
85
 10
-73.900000
 20
260.150000
  0
VERTEX
  8
85
 10
-94.800000
 20
241.550000
  0
SEQEND
  0
POLYLINE
  8
8
 66
     1
  0
VERTEX
  8
8
 10
-74.000000
 20
352.750000
  0
VERTEX
  8
8
 10
-73.900000
 20
260.150000
  0
VERTEX
  8
8
 10
-94.800000
 20
241.550000
  0
SEQEND
  0
POLYLINE
  8
87
 66
     1
  0
VERTEX
  8
87
 10
-97.000000
 20
356.350000
  0
VERTEX
  8
87
 10
-74.000000
 20
356.550000
  0
VERTEX
  8
87
 10
-4.200000
 20
356.250000
  0
VERTEX
  8
87
 10
79.100000
 20
355.650000
  0
VERTEX
  8
87
 10
80.400000
 20
348.250000
  0
VERTEX
  8
87
 10
84.600000
 20
337.150000
  0
VERTEX
  8
87
 10
90.900000
 20
327.250000
  0
VERTEX
  8
87
 10
97.500000
 20
319.850000
  0
VERTEX
  8
87
 10
103.900000
 20
314.550000
  0
VERTEX
  8
87
 10
110.700000
 20
309.850000
  0
VERTEX
  8
87
 10
119.400000
 20
305.250000
  0
VERTEX
  8
87
 10
129.200000
 20
302.150000
  0
VERTEX
  8
87
 10
138.700000
 20
299.850000
  0
VERTEX
  8
87
 10
148.300000
 20
298.150000
  0
VERTEX
  8
87
 10
159.400000
 20
296.750000
  0
VERTEX
  8
87
 10
172.000000
 20
296.050000
  0
VERTEX
  8
87
 10
185.300000
 20
295.650000
  0
VERTEX
  8
87
 10
199.400000
 20
295.950000
  0
VERTEX
  8
87
 10
215.000000
 20
296.450000
  0
VERTEX
  8
87
 10
231.100000
 20
297.950000
  0
VERTEX
  8
87
 10
246.600000
 20
299.550000
  0
VERTEX
  8
87
 10
249.700000
 20
299.850000
  0
VERTEX
  8
87
 10
253.600000
 20
231.450000
  0
VERTEX
  8
87
 10
254.700000
 20
210.850000
  0
VERTEX
  8
87
 10
257.800000
 20
159.250000
  0
VERTEX
  8
87
 10
261.600000
 20
95.050000
  0
VERTEX
  8
87
 10
263.700000
 20
57.850000
  0
VERTEX
  8
87
 10
253.900000
 20
57.550000
  0
VERTEX
  8
87
 10
241.200000
 20
57.250000
  0
VERTEX
  8
87
 10
215.900000
 20
57.150000
  0
VERTEX
  8
87
 10
163.600000
 20
57.150000
  0
VERTEX
  8
87
 10
78.400000
 20
57.850000
  0
VERTEX
  8
87
 10
-29.300000
 20
59.050000
  0
VERTEX
  8
87
 10
-61.300000
 20
59.350000
  0
VERTEX
  8
87
 10
-93.200000
 20
59.650000
  0
VERTEX
  8
87
 10
-93.200000
 20
106.450000
  0
VERTEX
  8
87
 10
-93.400000
 20
169.150000
  0
VERTEX
  8
87
 10
-94.200000
 20
236.950000
  0
VERTEX
  8
87
 10
-94.400000
 20
241.650000
  0
VERTEX
  8
87
 10
-95.200000
 20
276.550000
  0
VERTEX
  8
87
 10
-95.900000
 20
305.350000
  0
VERTEX
  8
87
 10
-97.000000
 20
356.350000
  0
SEQEND
  0
POLYLINE
  8
14
 66
     1
  0
VERTEX
  8
14
 10
-97.000000
 20
356.350000
  0
VERTEX
  8
14
 10
-74.000000
 20
356.550000
  0
VERTEX
  8
14
 10
-4.200000
 20
356.250000
  0
VERTEX
  8
14
 10
79.100000
 20
355.650000
  0
VERTEX
  8
14
 10
80.400000
 20
348.250000
  0
VERTEX
  8
14
 10
84.600000
 20
337.150000
  0
VERTEX
  8
14
 10
90.900000
 20
327.250000
  0
VERTEX
  8
14
 10
97.500000
 20
319.850000
  0
VERTEX
  8
14
 10
103.900000
 20
314.550000
  0
VERTEX
  8
14
 10
110.700000
 20
309.850000
  0
VERTEX
  8
14
 10
119.400000
 20
305.250000
  0
VERTEX
  8
14
 10
129.200000
 20
302.150000
  0
VERTEX
  8
14
 10
138.700000
 20
299.850000
  0
VERTEX
  8
14
 10
148.300000
 20
298.150000
  0
VERTEX
  8
14
 10
159.400000
 20
296.750000
  0
VERTEX
  8
14
 10
172.000000
 20
296.050000
  0
VERTEX
  8
14
 10
185.300000
 20
295.650000
  0
VERTEX
  8
14
 10
199.400000
 20
295.950000
  0
VERTEX
  8
14
 10
215.000000
 20
296.450000
  0
VERTEX
  8
14
 10
231.100000
 20
297.950000
  0
VERTEX
  8
14
 10
246.600000
 20
299.550000
  0
VERTEX
  8
14
 10
249.700000
 20
299.850000
  0
VERTEX
  8
14
 10
253.600000
 20
231.450000
  0
VERTEX
  8
14
 10
254.700000
 20
210.850000
  0
VERTEX
  8
14
 10
257.800000
 20
159.250000
  0
VERTEX
  8
14
 10
261.600000
 20
95.050000
  0
VERTEX
  8
14
 10
263.700000
 20
57.850000
  0
VERTEX
  8
14
 10
253.900000
 20
57.550000
  0
VERTEX
  8
14
 10
241.200000
 20
57.250000
  0
VERTEX
  8
14
 10
215.900000
 20
57.150000
  0
VERTEX
  8
14
 10
163.600000
 20
57.150000
  0
VERTEX
  8
14
 10
78.400000
 20
57.850000
  0
VERTEX
  8
14
 10
-29.300000
 20
59.050000
  0
VERTEX
  8
14
 10
-61.300000
 20
59.350000
  0
VERTEX
  8
14
 10
-93.200000
 20
59.650000
  0
VERTEX
  8
14
 10
-93.200000
 20
106.450000
  0
VERTEX
  8
14
 10
-93.400000
 20
169.150000
  0
VERTEX
  8
14
 10
-94.200000
 20
236.950000
  0
VERTEX
  8
14
 10
-94.400000
 20
241.650000
  0
VERTEX
  8
14
 10
-95.200000
 20
276.550000
  0
VERTEX
  8
14
 10
-95.900000
 20
305.350000
  0
VERTEX
  8
14
 10
-97.000000
 20
356.350000
  0
SEQEND
  0
POINT
  8
2
 10
-107.200000
 20
366.250000
  0
TEXT
  8
2
 10
-107.200000
 20
366.250000
 40
0.250000
 50
0.000000
  1
#9
  0
POINT
  8
2
 10
-74.000000
 20
366.450000
  0
TEXT
  8
2
 10
-74.000000
 20
366.450000
 40
0.250000
 50
0.000000
  1
#9
  0
POINT
  8
3
 10
-4.200000
 20
366.150000
  0
POINT
  8
2
 10
87.500000
 20
365.450000
  0
TEXT
  8
2
 10
87.500000
 20
365.450000
 40
0.250000
 50
0.000000
  1
#10
  0
POINT
  8
3
 10
90.000000
 20
350.850000
  0
POINT
  8
3
 10
93.500000
 20
341.550000
  0
POINT
  8
3
 10
98.800000
 20
333.250000
  0
POINT
  8
3
 10
104.400000
 20
327.050000
  0
POINT
  8
3
 10
109.900000
 20
322.450000
  0
POINT
  8
3
 10
115.900000
 20
318.350000
  0
POINT
  8
2
 10
123.200000
 20
314.450000
  0
TEXT
  8
2
 10
123.200000
 20
314.450000
 40
0.250000
 50
0.000000
  1
#11
  0
POINT
  8
3
 10
131.800000
 20
311.750000
  0
POINT
  8
3
 10
140.700000
 20
309.650000
  0
POINT
  8
3
 10
149.800000
 20
308.050000
  0
POINT
  8
3
 10
160.300000
 20
306.650000
  0
POINT
  8
3
 10
172.400000
 20
305.950000
  0
POINT
  8
3
 10
185.400000
 20
305.550000
  0
POINT
  8
3
 10
199.200000
 20
305.850000
  0
POINT
  8
3
 10
214.400000
 20
306.350000
  0
POINT
  8
3
 10
230.200000
 20
307.850000
  0
POINT
  8
3
 10
245.600000
 20
309.450000
  0
POINT
  8
2
 10
259.000000
 20
311.050000
  0
TEXT
  8
2
 10
259.000000
 20
311.050000
 40
0.250000
 50
0.000000
  1
#1
  0
POINT
  8
3
 10
263.500000
 20
231.950000
  0
POINT
  8
2
 10
264.600000
 20
211.150000
  0
TEXT
  8
2
 10
264.600000
 20
211.150000
 40
0.250000
 50
0.000000
  1
#8
  0
POINT
  8
3
 10
267.700000
 20
159.850000
  0
POINT
  8
3
 10
271.500000
 20
95.550000
  0
POINT
  8
2
 10
273.600000
 20
58.350000
  0
TEXT
  8
2
 10
273.600000
 20
58.350000
 40
0.250000
 50
0.000000
  1
#8
  0
POINT
  8
2
 10
274.100000
 20
48.850000
  0
TEXT
  8
2
 10
274.100000
 20
48.850000
 40
0.250000
 50
0.000000
  1
#8
  0
POINT
  8
3
 10
254.300000
 20
47.650000
  0
POINT
  8
3
 10
241.300000
 20
47.350000
  0
POINT
  8
3
 10
215.900000
 20
47.150000
  0
POINT
  8
3
 10
163.600000
 20
47.150000
  0
POINT
  8
3
 10
78.400000
 20
47.950000
  0
POINT
  8
3
 10
-29.400000
 20
49.150000
  0
POINT
  8
2
 10
-93.200000
 20
49.650000
  0
TEXT
  8
2
 10
-93.200000
 20
49.650000
 40
0.250000
 50
0.000000
  1
#12
  0
POINT
  8
2
 10
-103.200000
 20
49.650000
  0
TEXT
  8
2
 10
-103.200000
 20
49.650000
 40
0.250000
 50
0.000000
  1
#12
  0
POINT
  8
2
 10
-103.200000
 20
59.350000
  0
TEXT
  8
2
 10
-103.200000
 20
59.350000
 40
0.250000
 50
0.000000
  1
#12
  0
POINT
  8
2
 10
-103.200000
 20
106.450000
  0
TEXT
  8
2
 10
-103.200000
 20
106.450000
 40
0.250000
 50
0.000000
  1
#12
  0
POINT
  8
3
 10
-103.300000
 20
169.150000
  0
POINT
  8
3
 10
-104.100000
 20
236.750000
  0
POINT
  8
2
 10
-104.300000
 20
241.350000
  0
TEXT
  8
2
 10
-104.300000
 20
241.350000
 40
0.250000
 50
0.000000
  1
#9
  0
POINT
  8
2
 10
-105.100000
 20
276.350000
  0
TEXT
  8
2
 10
-105.100000
 20
276.350000
 40
0.250000
 50
0.000000
  1
#9
  0
POINT
  8
3
 10
-105.800000
 20
305.150000
  0
POINT
  8
2
 10
-107.200000
 20
366.250000
  0
POINT
  8
2
 10
-74.000000
 20
352.750000
  0
TEXT
  8
2
 10
-74.000000
 20
352.750000
 40
0.250000
 50
0.000000
  1
#9
  0
POINT
  8
2
 10
-73.900000
 20
260.150000
  0
TEXT
  8
2
 10
-73.900000
 20
260.150000
 40
0.250000
 50
0.000000
  1
#9
  0
POINT
  8
2
 10
-94.800000
 20
241.550000
  0
TEXT
  8
2
 10
-94.800000
 20
241.550000
 40
0.250000
 50
0.000000
  1
#9
  0
POINT
  8
2
 10
-74.000000
 20
366.450000
 39
2.500000
 50
270.000000
  0
POINT
  8
2
 10
123.200000
 20
314.450000
 39
2.500000
 50
248.629400
  0
POINT
  8
2
 10
264.600000
 20
211.150000
 39
2.500000
 50
182.385900
  0
POINT
  8
2
 10
273.600000
 20
58.350000
 39
2.500000
 50
182.385900
  0
POINT
  8
2
 10
-103.200000
 20
59.350000
 39
2.500000
  0
POINT
  8
2
 10
-104.300000
 20
241.350000
 39
2.500000
 50
2.385944
  0
POINT
  8
2
 10
-105.100000
 20
276.350000
 39
2.500000
  0
POINT
  8
2
 10
-97.000000
 20
356.350000
  0
POINT
  8
2
 10
-74.000000
 20
356.550000
  0
POINT
  8
3
 10
-4.200000
 20
356.250000
  0
POINT
  8
2
 10
79.100000
 20
355.650000
  0
POINT
  8
3
 10
80.400000
 20
348.250000
  0
POINT
  8
3
 10
84.600000
 20
337.150000
  0
POINT
  8
3
 10
90.900000
 20
327.250000
  0
POINT
  8
3
 10
97.500000
 20
319.850000
  0
POINT
  8
3
 10
103.900000
 20
314.550000
  0
POINT
  8
3
 10
110.700000
 20
309.850000
  0
POINT
  8
2
 10
119.400000
 20
305.250000
  0
POINT
  8
3
 10
129.200000
 20
302.150000
  0
POINT
  8
3
 10
138.700000
 20
299.850000
  0
POINT
  8
3
 10
148.300000
 20
298.150000
  0
POINT
  8
3
 10
159.400000
 20
296.750000
  0
POINT
  8
3
 10
172.000000
 20
296.050000
  0
POINT
  8
3
 10
185.300000
 20
295.650000
  0
POINT
  8
3
 10
199.400000
 20
295.950000
  0
POINT
  8
3
 10
215.000000
 20
296.450000
  0
POINT
  8
3
 10
231.100000
 20
297.950000
  0
POINT
  8
3
 10
246.600000
 20
299.550000
  0
POINT
  8
2
 10
249.700000
 20
299.850000
  0
POINT
  8
3
 10
253.600000
 20
231.450000
  0
POINT
  8
2
 10
254.700000
 20
210.850000
  0
POINT
  8
3
 10
257.800000
 20
159.250000
  0
POINT
  8
3
 10
261.600000
 20
95.050000
  0
POINT
  8
2
 10
263.700000
 20
57.850000
  0
POINT
  8
3
 10
253.900000
 20
57.550000
  0
POINT
  8
3
 10
241.200000
 20
57.250000
  0
POINT
  8
3
 10
215.900000
 20
57.150000
  0
POINT
  8
3
 10
163.600000
 20
57.150000
  0
POINT
  8
3
 10
78.400000
 20
57.850000
  0
POINT
  8
3
 10
-29.300000
 20
59.050000
  0
POINT
  8
3
 10
-61.300000
 20
59.350000
  0
POINT
  8
2
 10
-93.200000
 20
59.650000
  0
POINT
  8
2
 10
-93.200000
 20
106.450000
  0
POINT
  8
3
 10
-93.400000
 20
169.150000
  0
POINT
  8
3
 10
-94.200000
 20
236.950000
  0
POINT
  8
2
 10
-94.400000
 20
241.650000
  0
POINT
  8
2
 10
-95.200000
 20
276.550000
  0
POINT
  8
3
 10
-95.900000
 20
305.350000
  0
POINT
  8
2
 10
-97.000000
 20
356.350000
  0
POINT
  8
4
 10
-74.000000
 20
366.450000
 30
2.500000
 50
270.000000
  0
POINT
  8
4
 10
123.200000
 20
314.450000
 30
2.500000
 50
248.629400
  0
POINT
  8
4
 10
264.600000
 20
211.150000
 30
2.500000
 50
182.385900
  0
POINT
  8
4
 10
273.600000
 20
58.350000
 30
2.500000
 50
182.385900
  0
POINT
  8
4
 10
-103.200000
 20
59.350000
 30
2.500000
  0
POINT
  8
4
 10
-104.300000
 20
241.350000
 30
2.500000
 50
2.385944
  0
POINT
  8
4
 10
-105.100000
 20
276.350000
 30
2.500000
  0
LINE
  8
5
 10
166.700000
 20
123.050000
 11
-12.200000
 21
123.050000
  0
LINE
  8
7
 10
174.800000
 20
121.950000
 11
-25.200000
 21
121.950000
  0
TEXT
  8
15
 10
-88.000000
 20
277.450000
 40
6.116576
 50
355.780900
  1
SNAP
  0
TEXT
  8
15
 10
-89.200000
 20
241.650000
 40
6.700187
 50
359.572400
  1
snap
  0
TEXT
  8
15
 10
-89.600000
 20
353.150000
 40
7.802564
 50
358.531200
  1
LACE
  0
TEXT
  8
15
 10
149.300000
 20
59.250000
 40
12.309090
 50
180.000000
  1
BACK CENTER
  0
TEXT
  8
1
 10
5.600000
 20
-110.400000
 40
10.000000
 50
0.000000
  1
Piece Name: BACK 2P
  0
TEXT
  8
1
 10
5.600000
 20
-99.400000
 40
10.000000
 50
0.000000
  1
Size: 50
  0
TEXT
  8
1
 10
5.600000
 20
-88.400000
 40
10.000000
 50
0.000000
  1
Annotation: BACK 2P
  0
TEXT
  8
1
 10
5.600000
 20
-77.400000
 40
10.000000
 50
0.000000
  1
Quantity: 1
  0
TEXT
  8
1
 10
5.600000
 20
-66.400000
 40
10.000000
 50
0.000000
  1
Material: LEATHER
  0
ENDBLK
  0
BLOCK
  8
1
  2
BTTM BK 2P
 70
     0
 10
0.00
 20
0.00
  0
POLYLINE
  8
84
 66
     1
 70
     1
  0
VERTEX
  8
84
 10
220.600000
 20
49.650000
  0
VERTEX
  8
84
 10
210.600000
 20
49.650000
  0
VERTEX
  8
84
 10
165.000000
 20
50.050000
  0
VERTEX
  8
84
 10
68.300000
 20
50.450000
  0
VERTEX
  8
84
 10
-14.600000
 20
50.250000
  0
VERTEX
  8
84
 10
-55.900000
 20
50.650000
  0
VERTEX
  8
84
 10
-55.900000
 20
60.650000
  0
VERTEX
  8
84
 10
-55.900000
 20
106.850000
  0
VERTEX
  8
84
 10
-56.600000
 20
169.350000
  0
VERTEX
  8
84
 10
-58.300000
 20
266.950000
  0
VERTEX
  8
84
 10
-60.200000
 20
333.450000
  0
VERTEX
  8
84
 10
-61.700000
 20
366.950000
  0
VERTEX
  8
84
 10
-21.600000
 20
366.950000
  0
VERTEX
  8
84
 10
77.600000
 20
366.850000
  0
VERTEX
  8
84
 10
186.500000
 20
366.550000
  0
VERTEX
  8
84
 10
216.300000
 20
366.350000
  0
VERTEX
  8
84
 10
217.800000
 20
305.550000
  0
VERTEX
  8
84
 10
218.500000
 20
276.750000
  0
VERTEX
  8
84
 10
219.300000
 20
241.950000
  0
VERTEX
  8
84
 10
219.500000
 20
237.250000
  0
VERTEX
  8
84
 10
220.400000
 20
169.250000
  0
VERTEX
  8
84
 10
220.600000
 20
106.450000
  0
VERTEX
  8
84
 10
220.600000
 20
59.350000
  0
VERTEX
  8
84
 10
220.600000
 20
49.650000
  0
SEQEND
  0
POLYLINE
  8
1
 66
     1
 70
     1
  0
VERTEX
  8
1
 10
220.600000
 20
49.650000
  0
VERTEX
  8
1
 10
210.600000
 20
49.650000
  0
VERTEX
  8
1
 10
165.000000
 20
50.050000
  0
VERTEX
  8
1
 10
68.300000
 20
50.450000
  0
VERTEX
  8
1
 10
-14.600000
 20
50.250000
  0
VERTEX
  8
1
 10
-55.900000
 20
50.650000
  0
VERTEX
  8
1
 10
-55.900000
 20
60.650000
  0
VERTEX
  8
1
 10
-55.900000
 20
106.850000
  0
VERTEX
  8
1
 10
-56.600000
 20
169.350000
  0
VERTEX
  8
1
 10
-58.300000
 20
266.950000
  0
VERTEX
  8
1
 10
-60.200000
 20
333.450000
  0
VERTEX
  8
1
 10
-61.700000
 20
366.950000
  0
VERTEX
  8
1
 10
-21.600000
 20
366.950000
  0
VERTEX
  8
1
 10
77.600000
 20
366.850000
  0
VERTEX
  8
1
 10
186.500000
 20
366.550000
  0
VERTEX
  8
1
 10
216.300000
 20
366.350000
  0
VERTEX
  8
1
 10
217.800000
 20
305.550000
  0
VERTEX
  8
1
 10
218.500000
 20
276.750000
  0
VERTEX
  8
1
 10
219.300000
 20
241.950000
  0
VERTEX
  8
1
 10
219.500000
 20
237.250000
  0
VERTEX
  8
1
 10
220.400000
 20
169.250000
  0
VERTEX
  8
1
 10
220.600000
 20
106.450000
  0
VERTEX
  8
1
 10
220.600000
 20
59.350000
  0
VERTEX
  8
1
 10
220.600000
 20
49.650000
  0
SEQEND
  0
POLYLINE
  8
85
 66
     1
  0
VERTEX
  8
85
 10
209.000000
 20
241.550000
  0
VERTEX
  8
85
 10
186.500000
 20
259.050000
  0
VERTEX
  8
85
 10
186.500000
 20
352.750000
  0
SEQEND
  0
POLYLINE
  8
8
 66
     1
  0
VERTEX
  8
8
 10
209.000000
 20
241.550000
  0
VERTEX
  8
8
 10
186.500000
 20
259.050000
  0
VERTEX
  8
8
 10
186.500000
 20
352.750000
  0
SEQEND
  0
POLYLINE
  8
87
 66
     1
  0
VERTEX
  8
87
 10
210.600000
 20
59.650000
  0
VERTEX
  8
87
 10
165.000000
 20
59.950000
  0
VERTEX
  8
87
 10
68.300000
 20
60.350000
  0
VERTEX
  8
87
 10
-14.600000
 20
60.150000
  0
VERTEX
  8
87
 10
-15.900000
 20
60.650000
  0
VERTEX
  8
87
 10
-15.900000
 20
107.050000
  0
VERTEX
  8
87
 10
-16.700000
 20
169.850000
  0
VERTEX
  8
87
 10
-18.400000
 20
267.750000
  0
VERTEX
  8
87
 10
-20.300000
 20
334.850000
  0
VERTEX
  8
87
 10
-21.200000
 20
356.950000
  0
VERTEX
  8
87
 10
77.600000
 20
356.950000
  0
VERTEX
  8
87
 10
186.500000
 20
356.650000
  0
VERTEX
  8
87
 10
206.600000
 20
356.550000
  0
VERTEX
  8
87
 10
207.900000
 20
305.350000
  0
VERTEX
  8
87
 10
208.600000
 20
276.550000
  0
VERTEX
  8
87
 10
209.400000
 20
241.950000
  0
VERTEX
  8
87
 10
209.600000
 20
236.950000
  0
VERTEX
  8
87
 10
210.500000
 20
169.150000
  0
VERTEX
  8
87
 10
210.600000
 20
106.450000
  0
VERTEX
  8
87
 10
210.600000
 20
59.650000
  0
SEQEND
  0
POLYLINE
  8
14
 66
     1
  0
VERTEX
  8
14
 10
210.600000
 20
59.650000
  0
VERTEX
  8
14
 10
165.000000
 20
59.950000
  0
VERTEX
  8
14
 10
68.300000
 20
60.350000
  0
VERTEX
  8
14
 10
-14.600000
 20
60.150000
  0
VERTEX
  8
14
 10
-15.900000
 20
60.650000
  0
VERTEX
  8
14
 10
-15.900000
 20
107.050000
  0
VERTEX
  8
14
 10
-16.700000
 20
169.850000
  0
VERTEX
  8
14
 10
-18.400000
 20
267.750000
  0
VERTEX
  8
14
 10
-20.300000
 20
334.850000
  0
VERTEX
  8
14
 10
-21.200000
 20
356.950000
  0
VERTEX
  8
14
 10
77.600000
 20
356.950000
  0
VERTEX
  8
14
 10
186.500000
 20
356.650000
  0
VERTEX
  8
14
 10
206.600000
 20
356.550000
  0
VERTEX
  8
14
 10
207.900000
 20
305.350000
  0
VERTEX
  8
14
 10
208.600000
 20
276.550000
  0
VERTEX
  8
14
 10
209.400000
 20
241.950000
  0
VERTEX
  8
14
 10
209.600000
 20
236.950000
  0
VERTEX
  8
14
 10
210.500000
 20
169.150000
  0
VERTEX
  8
14
 10
210.600000
 20
106.450000
  0
VERTEX
  8
14
 10
210.600000
 20
59.650000
  0
SEQEND
  0
POINT
  8
2
 10
220.600000
 20
49.650000
  0
POINT
  8
2
 10
210.600000
 20
49.650000
  0
POINT
  8
3
 10
165.000000
 20
50.050000
  0
POINT
  8
3
 10
68.300000
 20
50.450000
  0
POINT
  8
2
 10
-14.600000
 20
50.250000
  0
TEXT
  8
2
 10
-14.600000
 20
50.250000
 40
0.250000
 50
0.000000
  1
#13
  0
POINT
  8
2
 10
-55.900000
 20
50.650000
  0
TEXT
  8
2
 10
-55.900000
 20
50.650000
 40
0.250000
 50
0.000000
  1
#13
  0
POINT
  8
2
 10
-55.900000
 20
60.650000
  0
TEXT
  8
2
 10
-55.900000
 20
60.650000
 40
0.250000
 50
0.000000
  1
#13
  0
POINT
  8
2
 10
-55.900000
 20
106.850000
  0
TEXT
  8
2
 10
-55.900000
 20
106.850000
 40
0.250000
 50
0.000000
  1
#13
  0
POINT
  8
3
 10
-56.600000
 20
169.350000
  0
POINT
  8
3
 10
-58.300000
 20
266.950000
  0
POINT
  8
3
 10
-60.200000
 20
333.450000
  0
POINT
  8
2
 10
-61.700000
 20
366.950000
  0
TEXT
  8
2
 10
-61.700000
 20
366.950000
 40
0.250000
 50
0.000000
  1
#14
  0
POINT
  8
2
 10
-21.600000
 20
366.950000
  0
TEXT
  8
2
 10
-21.600000
 20
366.950000
 40
0.250000
 50
0.000000
  1
#14
  0
POINT
  8
3
 10
77.600000
 20
366.850000
  0
POINT
  8
2
 10
186.500000
 20
366.550000
  0
TEXT
  8
2
 10
186.500000
 20
366.550000
 40
0.250000
 50
0.000000
  1
#10
  0
POINT
  8
2
 10
216.300000
 20
366.350000
  0
TEXT
  8
2
 10
216.300000
 20
366.350000
 40
0.250000
 50
0.000000
  1
#10
  0
POINT
  8
3
 10
217.800000
 20
305.550000
  0
POINT
  8
2
 10
218.500000
 20
276.750000
  0
TEXT
  8
2
 10
218.500000
 20
276.750000
 40
0.250000
 50
0.000000
  1
#10
  0
POINT
  8
2
 10
219.300000
 20
241.950000
  0
TEXT
  8
2
 10
219.300000
 20
241.950000
 40
0.250000
 50
0.000000
  1
#10
  0
POINT
  8
3
 10
219.500000
 20
237.250000
  0
POINT
  8
3
 10
220.400000
 20
169.250000
  0
POINT
  8
2
 10
220.600000
 20
106.450000
  0
POINT
  8
2
 10
220.600000
 20
59.350000
  0
POINT
  8
2
 10
220.600000
 20
49.650000
  0
POINT
  8
2
 10
209.000000
 20
241.550000
  0
TEXT
  8
2
 10
209.000000
 20
241.550000
 40
0.250000
 50
0.000000
  1
#10
  0
POINT
  8
2
 10
186.500000
 20
259.050000
  0
TEXT
  8
2
 10
186.500000
 20
259.050000
 40
0.250000
 50
0.000000
  1
#10
  0
POINT
  8
2
 10
186.500000
 20
352.750000
  0
TEXT
  8
2
 10
186.500000
 20
352.750000
 40
0.250000
 50
0.000000
  1
#10
  0
POINT
  8
2
 10
-14.600000
 20
50.250000
 39
2.500000
 50
90.000000
  0
POINT
  8
2
 10
-55.900000
 20
60.650000
 39
2.500000
  0
POINT
  8
2
 10
-21.600000
 20
366.950000
 39
2.500000
 50
270.000000
  0
POINT
  8
2
 10
186.500000
 20
366.550000
 39
2.500000
 50
270.000000
  0
POINT
  8
2
 10
218.500000
 20
276.750000
 39
2.500000
 50
180.000000
  0
POINT
  8
2
 10
219.300000
 20
241.950000
 39
2.500000
 50
180.000000
  0
POINT
  8
2
 10
220.600000
 20
59.350000
 39
2.500000
 50
180.000000
  0
POINT
  8
2
 10
210.600000
 20
59.650000
  0
POINT
  8
3
 10
165.000000
 20
59.950000
  0
POINT
  8
3
 10
68.300000
 20
60.350000
  0
POINT
  8
2
 10
-14.600000
 20
60.150000
  0
POINT
  8
2
 10
-15.900000
 20
60.650000
  0
POINT
  8
2
 10
-15.900000
 20
107.050000
  0
POINT
  8
3
 10
-16.700000
 20
169.850000
  0
POINT
  8
3
 10
-18.400000
 20
267.750000
  0
POINT
  8
3
 10
-20.300000
 20
334.850000
  0
POINT
  8
2
 10
-21.200000
 20
356.950000
  0
POINT
  8
3
 10
77.600000
 20
356.950000
  0
POINT
  8
2
 10
186.500000
 20
356.650000
  0
POINT
  8
2
 10
206.600000
 20
356.550000
  0
POINT
  8
3
 10
207.900000
 20
305.350000
  0
POINT
  8
2
 10
208.600000
 20
276.550000
  0
POINT
  8
2
 10
209.400000
 20
241.950000
  0
POINT
  8
3
 10
209.600000
 20
236.950000
  0
POINT
  8
3
 10
210.500000
 20
169.150000
  0
POINT
  8
2
 10
210.600000
 20
106.450000
  0
POINT
  8
2
 10
210.600000
 20
59.650000
  0
POINT
  8
4
 10
-14.600000
 20
50.250000
 30
2.500000
 50
90.000000
  0
POINT
  8
4
 10
-55.900000
 20
60.650000
 30
2.500000
  0
POINT
  8
4
 10
-21.600000
 20
366.950000
 30
2.500000
 50
270.000000
  0
POINT
  8
4
 10
186.500000
 20
366.550000
 30
2.500000
 50
270.000000
  0
POINT
  8
4
 10
218.500000
 20
276.750000
 30
2.500000
 50
180.000000
  0
POINT
  8
4
 10
219.300000
 20
241.950000
 30
2.500000
 50
180.000000
  0
POINT
  8
4
 10
220.600000
 20
59.350000
 30
2.500000
 50
180.000000
  0
LINE
  8
5
 10
143.900000
 20
123.050000
 11
10.600000
 21
123.050000
  0
LINE
  8
7
 10
143.900000
 20
121.950000
 11
10.600000
 21
121.950000
  0
TEXT
  8
15
 10
201.400000
 20
276.350000
 40
7.150700
 50
179.198700
  1
SNAP
  0
TEXT
  8
15
 10
201.800000
 20
241.650000
 40
7.350170
 50
180.389800
  1
SNAP
  0
TEXT
  8
15
 10
184.900000
 20
351.450000
 40
8.250000
 50
0.000000
  1
LACE
  0
TEXT
  8
15
 10
203.000000
 20
175.250000
 40
7.400000
 50
270.000000
  1
HIGH
  0
TEXT
  8
15
 10
146.100000
 20
65.050000
 40
9.290909
 50
180.000000
  1
BACK CENTER
  0
TEXT
  8
1
 10
5.600000
 20
-110.400000
 40
10.000000
 50
0.000000
  1
Piece Name: BTTM BK 2P
  0
TEXT
  8
1
 10
5.600000
 20
-99.400000
 40
10.000000
 50
0.000000
  1
Size: 50
  0
TEXT
  8
1
 10
5.600000
 20
-88.400000
 40
10.000000
 50
0.000000
  1
Annotation: BTTM BK 2P
  0
TEXT
  8
1
 10
5.600000
 20
-77.400000
 40
10.000000
 50
0.000000
  1
Quantity: 1
  0
TEXT
  8
1
 10
5.600000
 20
-66.400000
 40
10.000000
 50
0.000000
  1
Material: LEATHER
  0
ENDBLK
  0
BLOCK
  8
1
  2
OUTSIDE LACE BK 2P
 70
     0
 10
0.00
 20
0.00
  0
POLYLINE
  8
84
 66
     1
 70
     1
  0
VERTEX
  8
84
 10
108.600000
 20
47.150000
  0
VERTEX
  8
84
 10
77.500000
 20
20.050000
  0
VERTEX
  8
84
 10
47.100000
 20
45.750000
  0
VERTEX
  8
84
 10
46.600000
 20
154.250000
  0
VERTEX
  8
84
 10
109.700000
 20
152.750000
  0
VERTEX
  8
84
 10
108.600000
 20
47.150000
  0
SEQEND
  0
POLYLINE
  8
1
 66
     1
 70
     1
  0
VERTEX
  8
1
 10
108.600000
 20
47.150000
  0
VERTEX
  8
1
 10
77.500000
 20
20.050000
  0
VERTEX
  8
1
 10
47.100000
 20
45.750000
  0
VERTEX
  8
1
 10
46.600000
 20
154.250000
  0
VERTEX
  8
1
 10
109.700000
 20
152.750000
  0
VERTEX
  8
1
 10
108.600000
 20
47.150000
  0
SEQEND
  0
POLYLINE
  8
87
 66
     1
  0
VERTEX
  8
87
 10
98.800000
 20
51.750000
  0
VERTEX
  8
87
 10
77.500000
 20
33.150000
  0
VERTEX
  8
87
 10
57.000000
 20
50.350000
  0
VERTEX
  8
87
 10
56.600000
 20
144.050000
  0
VERTEX
  8
87
 10
99.600000
 20
143.150000
  0
VERTEX
  8
87
 10
98.800000
 20
51.750000
  0
SEQEND
  0
POLYLINE
  8
14
 66
     1
  0
VERTEX
  8
14
 10
98.800000
 20
51.750000
  0
VERTEX
  8
14
 10
77.500000
 20
33.150000
  0
VERTEX
  8
14
 10
57.000000
 20
50.350000
  0
VERTEX
  8
14
 10
56.600000
 20
144.050000
  0
VERTEX
  8
14
 10
99.600000
 20
143.150000
  0
VERTEX
  8
14
 10
98.800000
 20
51.750000
  0
SEQEND
  0
POINT
  8
2
 10
108.600000
 20
47.150000
  0
POINT
  8
2
 10
77.500000
 20
20.050000
  0
POINT
  8
2
 10
47.100000
 20
45.750000
  0
POINT
  8
2
 10
46.600000
 20
154.250000
  0
POINT
  8
2
 10
109.700000
 20
152.750000
  0
POINT
  8
2
 10
108.600000
 20
47.150000
  0
POINT
  8
2
 10
77.700000
 20
66.150000
  0
TEXT
  8
2
 10
77.700000
 20
66.150000
 40
0.250000
 50
0.000000
  1
#8
  0
POINT
  8
2
 10
98.800000
 20
51.750000
  0
POINT
  8
2
 10
77.500000
 20
33.150000
  0
POINT
  8
2
 10
57.000000
 20
50.350000
  0
POINT
  8
2
 10
56.600000
 20
144.050000
  0
POINT
  8
2
 10
99.600000
 20
143.150000
  0
POINT
  8
2
 10
98.800000
 20
51.750000
  0
POINT
  8
13
 10
77.700000
 20
66.150000
 30
3.000000
  0
TEXT
  8
13
 10
77.700000
 20
66.150000
 40
0.250000
 50
0.000000
  1
#8
  0
LINE
  8
5
 10
89.500000
 20
123.050000
 11
65.100000
 21
123.050000
  0
LINE
  8
7
 10
89.500000
 20
123.050000
 11
65.100000
 21
123.050000
  0
TEXT
  8
15
 10
70.100000
 20
61.050000
 40
6.950000
 50
270.000000
  1
SNAP
  0
TEXT
  8
1
 10
5.600000
 20
-110.400000
 40
10.000000
 50
0.000000
  1
Piece Name: OUTSIDE LACE BK 2P
  0
TEXT
  8
1
 10
5.600000
 20
-99.400000
 40
10.000000
 50
0.000000
  1
Size: 50
  0
TEXT
  8
1
 10
5.600000
 20
-88.400000
 40
10.000000
 50
0.000000
  1
Annotation: OUTSIDE LACE BK 2P
  0
TEXT
  8
1
 10
5.600000
 20
-77.400000
 40
10.000000
 50
0.000000
  1
Quantity: 1
  0
TEXT
  8
1
 10
5.600000
 20
-66.400000
 40
10.000000
 50
0.000000
  1
Material: LEATHER
  0
ENDBLK
  0
BLOCK
  8
1
  2
VELLUTO INSIDE LACE BK 2P
 70
     0
 10
0.00
 20
0.00
  0
POLYLINE
  8
84
 66
     1
 70
     1
  0
VERTEX
  8
84
 10
108.600000
 20
47.150000
  0
VERTEX
  8
84
 10
77.500000
 20
20.050000
  0
VERTEX
  8
84
 10
47.100000
 20
45.750000
  0
VERTEX
  8
84
 10
46.600000
 20
154.250000
  0
VERTEX
  8
84
 10
109.700000
 20
152.750000
  0
VERTEX
  8
84
 10
108.600000
 20
47.150000
  0
SEQEND
  0
POLYLINE
  8
1
 66
     1
 70
     1
  0
VERTEX
  8
1
 10
108.600000
 20
47.150000
  0
VERTEX
  8
1
 10
77.500000
 20
20.050000
  0
VERTEX
  8
1
 10
47.100000
 20
45.750000
  0
VERTEX
  8
1
 10
46.600000
 20
154.250000
  0
VERTEX
  8
1
 10
109.700000
 20
152.750000
  0
VERTEX
  8
1
 10
108.600000
 20
47.150000
  0
SEQEND
  0
POLYLINE
  8
87
 66
     1
  0
VERTEX
  8
87
 10
98.800000
 20
51.750000
  0
VERTEX
  8
87
 10
77.500000
 20
33.150000
  0
VERTEX
  8
87
 10
57.000000
 20
50.350000
  0
VERTEX
  8
87
 10
56.600000
 20
144.050000
  0
VERTEX
  8
87
 10
99.600000
 20
143.150000
  0
VERTEX
  8
87
 10
98.800000
 20
51.750000
  0
SEQEND
  0
POLYLINE
  8
14
 66
     1
  0
VERTEX
  8
14
 10
98.800000
 20
51.750000
  0
VERTEX
  8
14
 10
77.500000
 20
33.150000
  0
VERTEX
  8
14
 10
57.000000
 20
50.350000
  0
VERTEX
  8
14
 10
56.600000
 20
144.050000
  0
VERTEX
  8
14
 10
99.600000
 20
143.150000
  0
VERTEX
  8
14
 10
98.800000
 20
51.750000
  0
SEQEND
  0
POINT
  8
2
 10
108.600000
 20
47.150000
  0
POINT
  8
2
 10
77.500000
 20
20.050000
  0
POINT
  8
2
 10
47.100000
 20
45.750000
  0
POINT
  8
2
 10
46.600000
 20
154.250000
  0
POINT
  8
2
 10
109.700000
 20
152.750000
  0
POINT
  8
2
 10
108.600000
 20
47.150000
  0
POINT
  8
2
 10
98.800000
 20
51.750000
  0
POINT
  8
2
 10
77.500000
 20
33.150000
  0
POINT
  8
2
 10
57.000000
 20
50.350000
  0
POINT
  8
2
 10
56.600000
 20
144.050000
  0
POINT
  8
2
 10
99.600000
 20
143.150000
  0
POINT
  8
2
 10
98.800000
 20
51.750000
  0
LINE
  8
5
 10
89.500000
 20
123.050000
 11
65.100000
 21
123.050000
  0
LINE
  8
7
 10
89.500000
 20
123.050000
 11
65.100000
 21
123.050000
  0
TEXT
  8
1
 10
5.600000
 20
-110.400000
 40
10.000000
 50
0.000000
  1
Piece Name: VELLUTO INSIDE LACE BK 2P
  0
TEXT
  8
1
 10
5.600000
 20
-99.400000
 40
10.000000
 50
0.000000
  1
Size: 50
  0
TEXT
  8
1
 10
5.600000
 20
-88.400000
 40
10.000000
 50
0.000000
  1
Annotation: VELLUTO INSIDE LACE BK 2P
  0
TEXT
  8
1
 10
5.600000
 20
-77.400000
 40
10.000000
 50
0.000000
  1
Quantity: 1
  0
TEXT
  8
1
 10
5.600000
 20
-66.400000
 40
10.000000
 50
0.000000
  1
Material: VELLUTO
  0
ENDBLK
  0
BLOCK
  8
1
  2
SHOULDER FRONT 2P
 70
     0
 10
0.00
 20
0.00
  0
POLYLINE
  8
84
 66
     1
 70
     1
  0
VERTEX
  8
84
 10
65.800000
 20
179.550000
  0
VERTEX
  8
84
 10
72.600000
 20
174.550000
  0
VERTEX
  8
84
 10
80.200000
 20
169.450000
  0
VERTEX
  8
84
 10
89.900000
 20
163.450000
  0
VERTEX
  8
84
 10
101.200000
 20
156.850000
  0
VERTEX
  8
84
 10
112.200000
 20
150.950000
  0
VERTEX
  8
84
 10
121.600000
 20
146.450000
  0
VERTEX
  8
84
 10
129.100000
 20
142.950000
  0
VERTEX
  8
84
 10
135.400000
 20
139.550000
  0
VERTEX
  8
84
 10
117.900000
 20
108.150000
  0
VERTEX
  8
84
 10
93.400000
 20
59.250000
  0
VERTEX
  8
84
 10
76.300000
 20
25.350000
  0
VERTEX
  8
84
 10
70.800000
 20
14.650000
  0
VERTEX
  8
84
 10
66.100000
 20
5.350000
  0
VERTEX
  8
84
 10
56.700000
 20
-10.250000
  0
VERTEX
  8
84
 10
48.200000
 20
-24.250000
  0
VERTEX
  8
84
 10
22.500000
 20
-12.650000
  0
VERTEX
  8
84
 10
1.800000
 20
-3.650000
  0
VERTEX
  8
84
 10
-12.900000
 20
2.250000
  0
VERTEX
  8
84
 10
-23.400000
 20
5.950000
  0
VERTEX
  8
84
 10
-3.400000
 20
44.950000
  0
VERTEX
  8
84
 10
4.600000
 20
60.750000
  0
VERTEX
  8
84
 10
12.900000
 20
76.950000
  0
VERTEX
  8
84
 10
35.400000
 20
120.850000
  0
VERTEX
  8
84
 10
65.800000
 20
179.550000
  0
SEQEND
  0
POLYLINE
  8
1
 66
     1
 70
     1
  0
VERTEX
  8
1
 10
65.800000
 20
179.550000
  0
VERTEX
  8
1
 10
72.600000
 20
174.550000
  0
VERTEX
  8
1
 10
80.200000
 20
169.450000
  0
VERTEX
  8
1
 10
89.900000
 20
163.450000
  0
VERTEX
  8
1
 10
101.200000
 20
156.850000
  0
VERTEX
  8
1
 10
112.200000
 20
150.950000
  0
VERTEX
  8
1
 10
121.600000
 20
146.450000
  0
VERTEX
  8
1
 10
129.100000
 20
142.950000
  0
VERTEX
  8
1
 10
135.400000
 20
139.550000
  0
VERTEX
  8
1
 10
117.900000
 20
108.150000
  0
VERTEX
  8
1
 10
93.400000
 20
59.250000
  0
VERTEX
  8
1
 10
76.300000
 20
25.350000
  0
VERTEX
  8
1
 10
70.800000
 20
14.650000
  0
VERTEX
  8
1
 10
66.100000
 20
5.350000
  0
VERTEX
  8
1
 10
56.700000
 20
-10.250000
  0
VERTEX
  8
1
 10
48.200000
 20
-24.250000
  0
VERTEX
  8
1
 10
22.500000
 20
-12.650000
  0
VERTEX
  8
1
 10
1.800000
 20
-3.650000
  0
VERTEX
  8
1
 10
-12.900000
 20
2.250000
  0
VERTEX
  8
1
 10
-23.400000
 20
5.950000
  0
VERTEX
  8
1
 10
-3.400000
 20
44.950000
  0
VERTEX
  8
1
 10
4.600000
 20
60.750000
  0
VERTEX
  8
1
 10
12.900000
 20
76.950000
  0
VERTEX
  8
1
 10
35.400000
 20
120.850000
  0
VERTEX
  8
1
 10
65.800000
 20
179.550000
  0
SEQEND
  0
POLYLINE
  8
87
 66
     1
  0
VERTEX
  8
87
 10
69.200000
 20
164.850000
  0
VERTEX
  8
87
 10
74.900000
 20
161.050000
  0
VERTEX
  8
87
 10
84.800000
 20
154.850000
  0
VERTEX
  8
87
 10
96.300000
 20
148.150000
  0
VERTEX
  8
87
 10
107.700000
 20
142.050000
  0
VERTEX
  8
87
 10
117.300000
 20
137.450000
  0
VERTEX
  8
87
 10
121.800000
 20
135.550000
  0
VERTEX
  8
87
 10
109.300000
 20
113.050000
  0
VERTEX
  8
87
 10
84.500000
 20
63.750000
  0
VERTEX
  8
87
 10
67.500000
 20
29.850000
  0
VERTEX
  8
87
 10
62.000000
 20
19.150000
  0
VERTEX
  8
87
 10
57.400000
 20
10.150000
  0
VERTEX
  8
87
 10
48.200000
 20
-5.150000
  0
VERTEX
  8
87
 10
44.400000
 20
-11.450000
  0
VERTEX
  8
87
 10
26.500000
 20
-3.550000
  0
VERTEX
  8
87
 10
5.600000
 20
5.550000
  0
VERTEX
  8
87
 10
-9.400001
 20
11.550000
  0
VERTEX
  8
87
 10
5.500000
 20
40.450000
  0
VERTEX
  8
87
 10
13.500000
 20
56.250000
  0
VERTEX
  8
87
 10
21.700000
 20
72.450000
  0
VERTEX
  8
87
 10
44.200000
 20
116.350000
  0
VERTEX
  8
87
 10
69.200000
 20
164.850000
  0
SEQEND
  0
POLYLINE
  8
14
 66
     1
  0
VERTEX
  8
14
 10
69.200000
 20
164.850000
  0
VERTEX
  8
14
 10
74.900000
 20
161.050000
  0
VERTEX
  8
14
 10
84.800000
 20
154.850000
  0
VERTEX
  8
14
 10
96.300000
 20
148.150000
  0
VERTEX
  8
14
 10
107.700000
 20
142.050000
  0
VERTEX
  8
14
 10
117.300000
 20
137.450000
  0
VERTEX
  8
14
 10
121.800000
 20
135.550000
  0
VERTEX
  8
14
 10
109.300000
 20
113.050000
  0
VERTEX
  8
14
 10
84.500000
 20
63.750000
  0
VERTEX
  8
14
 10
67.500000
 20
29.850000
  0
VERTEX
  8
14
 10
62.000000
 20
19.150000
  0
VERTEX
  8
14
 10
57.400000
 20
10.150000
  0
VERTEX
  8
14
 10
48.200000
 20
-5.150000
  0
VERTEX
  8
14
 10
44.400000
 20
-11.450000
  0
VERTEX
  8
14
 10
26.500000
 20
-3.550000
  0
VERTEX
  8
14
 10
5.600000
 20
5.550000
  0
VERTEX
  8
14
 10
-9.400001
 20
11.550000
  0
VERTEX
  8
14
 10
5.500000
 20
40.450000
  0
VERTEX
  8
14
 10
13.500000
 20
56.250000
  0
VERTEX
  8
14
 10
21.700000
 20
72.450000
  0
VERTEX
  8
14
 10
44.200000
 20
116.350000
  0
VERTEX
  8
14
 10
69.200000
 20
164.850000
  0
SEQEND
  0
POINT
  8
2
 10
65.800000
 20
179.550000
  0
TEXT
  8
2
 10
65.800000
 20
179.550000
 40
0.250000
 50
0.000000
  1
#15
  0
POINT
  8
3
 10
72.600000
 20
174.550000
  0
POINT
  8
3
 10
80.200000
 20
169.450000
  0
POINT
  8
3
 10
89.900000
 20
163.450000
  0
POINT
  8
3
 10
101.200000
 20
156.850000
  0
POINT
  8
3
 10
112.200000
 20
150.950000
  0
POINT
  8
3
 10
121.600000
 20
146.450000
  0
POINT
  8
3
 10
129.100000
 20
142.950000
  0
POINT
  8
2
 10
135.400000
 20
139.550000
  0
TEXT
  8
2
 10
135.400000
 20
139.550000
 40
0.250000
 50
0.000000
  1
#5
  0
POINT
  8
2
 10
117.900000
 20
108.150000
  0
POINT
  8
3
 10
93.400000
 20
59.250000
  0
POINT
  8
3
 10
76.300000
 20
25.350000
  0
POINT
  8
3
 10
70.800000
 20
14.650000
  0
POINT
  8
2
 10
66.100000
 20
5.350000
  0
POINT
  8
3
 10
56.700000
 20
-10.250000
  0
POINT
  8
2
 10
48.200000
 20
-24.250000
  0
TEXT
  8
2
 10
48.200000
 20
-24.250000
 40
0.250000
 50
0.000000
  1
#6
  0
POINT
  8
3
 10
22.500000
 20
-12.650000
  0
POINT
  8
3
 10
1.800000
 20
-3.650000
  0
POINT
  8
3
 10
-12.900000
 20
2.250000
  0
POINT
  8
2
 10
-23.400000
 20
5.950000
  0
TEXT
  8
2
 10
-23.400000
 20
5.950000
 40
0.250000
 50
0.000000
  1
#7
  0
POINT
  8
3
 10
-3.400000
 20
44.950000
  0
POINT
  8
2
 10
4.600000
 20
60.750000
  0
POINT
  8
2
 10
12.900000
 20
76.950000
  0
POINT
  8
3
 10
35.400000
 20
120.850000
  0
POINT
  8
2
 10
65.800000
 20
179.550000
  0
POINT
  8
2
 10
117.900000
 20
108.150000
 39
2.500000
 50
150.255100
  0
POINT
  8
2
 10
66.100000
 20
5.350000
 39
2.500000
 50
150.255100
  0
POINT
  8
2
 10
4.600000
 20
60.750000
 39
2.500000
 50
333.434900
  0
POINT
  8
2
 10
12.900000
 20
76.950000
 39
2.500000
 50
333.434900
  0
POINT
  8
2
 10
69.200000
 20
164.850000
  0
POINT
  8
3
 10
74.900000
 20
161.050000
  0
POINT
  8
3
 10
84.800000
 20
154.850000
  0
POINT
  8
3
 10
96.300000
 20
148.150000
  0
POINT
  8
3
 10
107.700000
 20
142.050000
  0
POINT
  8
3
 10
117.300000
 20
137.450000
  0
POINT
  8
2
 10
121.800000
 20
135.550000
  0
POINT
  8
2
 10
109.300000
 20
113.050000
  0
POINT
  8
3
 10
84.500000
 20
63.750000
  0
POINT
  8
3
 10
67.500000
 20
29.850000
  0
POINT
  8
3
 10
62.000000
 20
19.150000
  0
POINT
  8
2
 10
57.400000
 20
10.150000
  0
POINT
  8
3
 10
48.200000
 20
-5.150000
  0
POINT
  8
2
 10
44.400000
 20
-11.450000
  0
POINT
  8
3
 10
26.500000
 20
-3.550000
  0
POINT
  8
3
 10
5.600000
 20
5.550000
  0
POINT
  8
2
 10
-9.400001
 20
11.550000
  0
POINT
  8
3
 10
5.500000
 20
40.450000
  0
POINT
  8
2
 10
13.500000
 20
56.250000
  0
POINT
  8
2
 10
21.700000
 20
72.450000
  0
POINT
  8
3
 10
44.200000
 20
116.350000
  0
POINT
  8
2
 10
69.200000
 20
164.850000
  0
POINT
  8
4
 10
117.900000
 20
108.150000
 30
2.500000
 50
150.255100
  0
POINT
  8
4
 10
66.100000
 20
5.350000
 30
2.500000
 50
150.255100
  0
POINT
  8
4
 10
4.600000
 20
60.750000
 30
2.500000
 50
333.434900
  0
POINT
  8
4
 10
12.900000
 20
76.950000
 30
2.500000
 50
333.434900
  0
LINE
  8
5
 10
97.900000
 20
123.050000
 11
56.700000
 21
123.050000
  0
LINE
  8
7
 10
109.000000
 20
121.950000
 11
57.400000
 21
121.950000
  0
TEXT
  8
15
 10
78.600000
 20
150.650000
 40
7.668931
 50
325.895500
  1
NECK
  0
TEXT
  8
1
 10
5.600000
 20
-110.400000
 40
10.000000
 50
0.000000
  1
Piece Name: SHOULDER FRONT 2P
  0
TEXT
  8
1
 10
5.600000
 20
-99.400000
 40
10.000000
 50
0.000000
  1
Size: 50
  0
TEXT
  8
1
 10
5.600000
 20
-88.400000
 40
10.000000
 50
0.000000
  1
Annotation: SHOULDER FRONT 2P
  0
TEXT
  8
1
 10
5.600000
 20
-77.400000
 40
10.000000
 50
0.000000
  1
Quantity: 1
  0
TEXT
  8
1
 10
5.600000
 20
-66.400000
 40
10.000000
 50
0.000000
  1
Material: LEATHER
  0
ENDBLK
  0
BLOCK
  8
1
  2
LEFT FRONT 1P
 70
     0
 10
0.00
 20
0.00
  0
POLYLINE
  8
84
 66
     1
 70
     1
  0
VERTEX
  8
84
 10
-59.800000
 20
394.650000
  0
VERTEX
  8
84
 10
15.300000
 20
396.850000
  0
VERTEX
  8
84
 10
76.700000
 20
397.750000
  0
VERTEX
  8
84
 10
133.400000
 20
397.850000
  0
VERTEX
  8
84
 10
180.200000
 20
397.050000
  0
VERTEX
  8
84
 10
214.200000
 20
395.850000
  0
VERTEX
  8
84
 10
236.100000
 20
395.150000
  0
VERTEX
  8
84
 10
250.200000
 20
395.250000
  0
VERTEX
  8
84
 10
287.200000
 20
393.350000
  0
VERTEX
  8
84
 10
321.200000
 20
391.250000
  0
VERTEX
  8
84
 10
349.800000
 20
389.550000
  0
VERTEX
  8
84
 10
373.500000
 20
388.550000
  0
VERTEX
  8
84
 10
372.200000
 20
371.850000
  0
VERTEX
  8
84
 10
371.900000
 20
357.150000
  0
VERTEX
  8
84
 10
372.500000
 20
344.950000
  0
VERTEX
  8
84
 10
374.100000
 20
334.650000
  0
VERTEX
  8
84
 10
376.800000
 20
325.750000
  0
VERTEX
  8
84
 10
381.200000
 20
317.250000
  0
VERTEX
  8
84
 10
387.100000
 20
309.250000
  0
VERTEX
  8
84
 10
394.200000
 20
302.150000
  0
VERTEX
  8
84
 10
398.700000
 20
298.850000
  0
VERTEX
  8
84
 10
406.900000
 20
292.950000
  0
VERTEX
  8
84
 10
377.700000
 20
236.950000
  0
VERTEX
  8
84
 10
355.200000
 20
193.150000
  0
VERTEX
  8
84
 10
347.000000
 20
177.050000
  0
VERTEX
  8
84
 10
339.000000
 20
161.250000
  0
VERTEX
  8
84
 10
320.000000
 20
124.250000
  0
VERTEX
  8
84
 10
310.700000
 20
127.750000
  0
VERTEX
  8
84
 10
303.400000
 20
130.550000
  0
VERTEX
  8
84
 10
291.100000
 20
134.150000
  0
VERTEX
  8
84
 10
282.200000
 20
136.250000
  0
VERTEX
  8
84
 10
275.600000
 20
137.650000
  0
VERTEX
  8
84
 10
269.600000
 20
138.550000
  0
VERTEX
  8
84
 10
264.800000
 20
138.950000
  0
VERTEX
  8
84
 10
254.800000
 20
139.350000
  0
VERTEX
  8
84
 10
247.500000
 20
139.250000
  0
VERTEX
  8
84
 10
240.700000
 20
139.150000
  0
VERTEX
  8
84
 10
235.100000
 20
138.350000
  0
VERTEX
  8
84
 10
223.400000
 20
136.350000
  0
VERTEX
  8
84
 10
212.800000
 20
132.850000
  0
VERTEX
  8
84
 10
202.700000
 20
128.450000
  0
VERTEX
  8
84
 10
193.900000
 20
122.850000
  0
VERTEX
  8
84
 10
186.200000
 20
116.350000
  0
VERTEX
  8
84
 10
180.500000
 20
109.150000
  0
VERTEX
  8
84
 10
176.600000
 20
101.150000
  0
VERTEX
  8
84
 10
173.800000
 20
92.950000
  0
VERTEX
  8
84
 10
171.800000
 20
85.550000
  0
VERTEX
  8
84
 10
171.200000
 20
79.650000
  0
VERTEX
  8
84
 10
171.700000
 20
73.450000
  0
VERTEX
  8
84
 10
172.900000
 20
66.850000
  0
VERTEX
  8
84
 10
175.100000
 20
58.550000
  0
VERTEX
  8
84
 10
13.200000
 20
46.050000
  0
VERTEX
  8
84
 10
-22.000000
 20
43.350000
  0
VERTEX
  8
84
 10
-32.000000
 20
119.450000
  0
VERTEX
  8
84
 10
-33.300000
 20
128.950000
  0
VERTEX
  8
84
 10
-41.600000
 20
195.250000
  0
VERTEX
  8
84
 10
-50.300000
 20
269.450000
  0
VERTEX
  8
84
 10
-52.400000
 20
290.650000
  0
VERTEX
  8
84
 10
-56.200000
 20
331.350000
  0
VERTEX
  8
84
 10
-58.700000
 20
365.950000
  0
VERTEX
  8
84
 10
-59.800000
 20
394.650000
  0
SEQEND
  0
POLYLINE
  8
1
 66
     1
 70
     1
  0
VERTEX
  8
1
 10
-59.800000
 20
394.650000
  0
VERTEX
  8
1
 10
15.300000
 20
396.850000
  0
VERTEX
  8
1
 10
76.700000
 20
397.750000
  0
VERTEX
  8
1
 10
133.400000
 20
397.850000
  0
VERTEX
  8
1
 10
180.200000
 20
397.050000
  0
VERTEX
  8
1
 10
214.200000
 20
395.850000
  0
VERTEX
  8
1
 10
236.100000
 20
395.150000
  0
VERTEX
  8
1
 10
250.200000
 20
395.250000
  0
VERTEX
  8
1
 10
287.200000
 20
393.350000
  0
VERTEX
  8
1
 10
321.200000
 20
391.250000
  0
VERTEX
  8
1
 10
349.800000
 20
389.550000
  0
VERTEX
  8
1
 10
373.500000
 20
388.550000
  0
VERTEX
  8
1
 10
372.200000
 20
371.850000
  0
VERTEX
  8
1
 10
371.900000
 20
357.150000
  0
VERTEX
  8
1
 10
372.500000
 20
344.950000
  0
VERTEX
  8
1
 10
374.100000
 20
334.650000
  0
VERTEX
  8
1
 10
376.800000
 20
325.750000
  0
VERTEX
  8
1
 10
381.200000
 20
317.250000
  0
VERTEX
  8
1
 10
387.100000
 20
309.250000
  0
VERTEX
  8
1
 10
394.200000
 20
302.150000
  0
VERTEX
  8
1
 10
398.700000
 20
298.850000
  0
VERTEX
  8
1
 10
406.900000
 20
292.950000
  0
VERTEX
  8
1
 10
377.700000
 20
236.950000
  0
VERTEX
  8
1
 10
355.200000
 20
193.150000
  0
VERTEX
  8
1
 10
347.000000
 20
177.050000
  0
VERTEX
  8
1
 10
339.000000
 20
161.250000
  0
VERTEX
  8
1
 10
320.000000
 20
124.250000
  0
VERTEX
  8
1
 10
310.700000
 20
127.750000
  0
VERTEX
  8
1
 10
303.400000
 20
130.550000
  0
VERTEX
  8
1
 10
291.100000
 20
134.150000
  0
VERTEX
  8
1
 10
282.200000
 20
136.250000
  0
VERTEX
  8
1
 10
275.600000
 20
137.650000
  0
VERTEX
  8
1
 10
269.600000
 20
138.550000
  0
VERTEX
  8
1
 10
264.800000
 20
138.950000
  0
VERTEX
  8
1
 10
254.800000
 20
139.350000
  0
VERTEX
  8
1
 10
247.500000
 20
139.250000
  0
VERTEX
  8
1
 10
240.700000
 20
139.150000
  0
VERTEX
  8
1
 10
235.100000
 20
138.350000
  0
VERTEX
  8
1
 10
223.400000
 20
136.350000
  0
VERTEX
  8
1
 10
212.800000
 20
132.850000
  0
VERTEX
  8
1
 10
202.700000
 20
128.450000
  0
VERTEX
  8
1
 10
193.900000
 20
122.850000
  0
VERTEX
  8
1
 10
186.200000
 20
116.350000
  0
VERTEX
  8
1
 10
180.500000
 20
109.150000
  0
VERTEX
  8
1
 10
176.600000
 20
101.150000
  0
VERTEX
  8
1
 10
173.800000
 20
92.950000
  0
VERTEX
  8
1
 10
171.800000
 20
85.550000
  0
VERTEX
  8
1
 10
171.200000
 20
79.650000
  0
VERTEX
  8
1
 10
171.700000
 20
73.450000
  0
VERTEX
  8
1
 10
172.900000
 20
66.850000
  0
VERTEX
  8
1
 10
175.100000
 20
58.550000
  0
VERTEX
  8
1
 10
13.200000
 20
46.050000
  0
VERTEX
  8
1
 10
-22.000000
 20
43.350000
  0
VERTEX
  8
1
 10
-32.000000
 20
119.450000
  0
VERTEX
  8
1
 10
-33.300000
 20
128.950000
  0
VERTEX
  8
1
 10
-41.600000
 20
195.250000
  0
VERTEX
  8
1
 10
-50.300000
 20
269.450000
  0
VERTEX
  8
1
 10
-52.400000
 20
290.650000
  0
VERTEX
  8
1
 10
-56.200000
 20
331.350000
  0
VERTEX
  8
1
 10
-58.700000
 20
365.950000
  0
VERTEX
  8
1
 10
-59.800000
 20
394.650000
  0
SEQEND
  0
POLYLINE
  8
85
 66
     1
  0
VERTEX
  8
85
 10
359.700000
 20
356.150000
  0
VERTEX
  8
85
 10
328.800000
 20
356.950000
  0
VERTEX
  8
85
 10
296.900000
 20
358.450000
  0
VERTEX
  8
85
 10
264.100000
 20
360.550000
  0
VERTEX
  8
85
 10
229.800000
 20
362.050000
  0
VERTEX
  8
85
 10
192.300000
 20
362.650000
  0
VERTEX
  8
85
 10
150.000000
 20
363.050000
  0
VERTEX
  8
85
 10
102.400000
 20
363.150000
  0
VERTEX
  8
85
 10
51.100000
 20
362.750000
  0
VERTEX
  8
85
 10
-1.200000
 20
361.350000
  0
VERTEX
  8
85
 10
-48.200000
 20
359.250000
  0
SEQEND
  0
POLYLINE
  8
8
 66
     1
  0
VERTEX
  8
8
 10
359.700000
 20
356.150000
  0
VERTEX
  8
8
 10
328.800000
 20
356.950000
  0
VERTEX
  8
8
 10
296.900000
 20
358.450000
  0
VERTEX
  8
8
 10
264.100000
 20
360.550000
  0
VERTEX
  8
8
 10
229.800000
 20
362.050000
  0
VERTEX
  8
8
 10
192.300000
 20
362.650000
  0
VERTEX
  8
8
 10
150.000000
 20
363.050000
  0
VERTEX
  8
8
 10
102.400000
 20
363.150000
  0
VERTEX
  8
8
 10
51.100000
 20
362.750000
  0
VERTEX
  8
8
 10
-1.200000
 20
361.350000
  0
VERTEX
  8
8
 10
-48.200000
 20
359.250000
  0
SEQEND
  0
POLYLINE
  8
85
 66
     1
  0
VERTEX
  8
85
 10
211.100000
 20
305.850000
  0
VERTEX
  8
85
 10
115.900000
 20
306.250000
  0
VERTEX
  8
85
 10
110.600000
 20
306.050000
  0
VERTEX
  8
85
 10
105.600000
 20
305.250000
  0
VERTEX
  8
85
 10
100.500000
 20
304.150000
  0
VERTEX
  8
85
 10
95.400000
 20
302.250000
  0
VERTEX
  8
85
 10
91.100000
 20
299.850000
  0
VERTEX
  8
85
 10
87.400000
 20
296.250000
  0
VERTEX
  8
85
 10
84.700000
 20
291.750000
  0
VERTEX
  8
85
 10
83.600000
 20
286.850000
  0
VERTEX
  8
85
 10
83.700000
 20
281.050000
  0
VERTEX
  8
85
 10
90.500000
 20
196.650000
  0
VERTEX
  8
85
 10
90.700000
 20
194.750000
  0
VERTEX
  8
85
 10
91.600000
 20
191.050000
  0
VERTEX
  8
85
 10
92.500000
 20
188.250000
  0
VERTEX
  8
85
 10
94.900000
 20
184.350000
  0
VERTEX
  8
85
 10
98.800000
 20
181.450000
  0
VERTEX
  8
85
 10
103.100000
 20
179.350000
  0
VERTEX
  8
85
 10
107.000000
 20
178.750000
  0
VERTEX
  8
85
 10
111.300000
 20
178.350000
  0
VERTEX
  8
85
 10
118.700000
 20
178.650000
  0
VERTEX
  8
85
 10
218.600000
 20
181.350000
  0
VERTEX
  8
85
 10
211.100000
 20
305.850000
  0
SEQEND
  0
POLYLINE
  8
8
 66
     1
  0
VERTEX
  8
8
 10
211.100000
 20
305.850000
  0
VERTEX
  8
8
 10
115.900000
 20
306.250000
  0
VERTEX
  8
8
 10
110.600000
 20
306.050000
  0
VERTEX
  8
8
 10
105.600000
 20
305.250000
  0
VERTEX
  8
8
 10
100.500000
 20
304.150000
  0
VERTEX
  8
8
 10
95.400000
 20
302.250000
  0
VERTEX
  8
8
 10
91.100000
 20
299.850000
  0
VERTEX
  8
8
 10
87.400000
 20
296.250000
  0
VERTEX
  8
8
 10
84.700000
 20
291.750000
  0
VERTEX
  8
8
 10
83.600000
 20
286.850000
  0
VERTEX
  8
8
 10
83.700000
 20
281.050000
  0
VERTEX
  8
8
 10
90.500000
 20
196.650000
  0
VERTEX
  8
8
 10
90.700000
 20
194.750000
  0
VERTEX
  8
8
 10
91.600000
 20
191.050000
  0
VERTEX
  8
8
 10
92.500000
 20
188.250000
  0
VERTEX
  8
8
 10
94.900000
 20
184.350000
  0
VERTEX
  8
8
 10
98.800000
 20
181.450000
  0
VERTEX
  8
8
 10
103.100000
 20
179.350000
  0
VERTEX
  8
8
 10
107.000000
 20
178.750000
  0
VERTEX
  8
8
 10
111.300000
 20
178.350000
  0
VERTEX
  8
8
 10
118.700000
 20
178.650000
  0
VERTEX
  8
8
 10
218.600000
 20
181.350000
  0
VERTEX
  8
8
 10
211.100000
 20
305.850000
  0
SEQEND
  0
POLYLINE
  8
85
 66
     1
  0
VERTEX
  8
85
 10
-46.500000
 20
335.050000
  0
VERTEX
  8
85
 10
11.300000
 20
336.850000
  0
VERTEX
  8
85
 10
75.000000
 20
337.850000
  0
VERTEX
  8
85
 10
130.700000
 20
337.950000
  0
VERTEX
  8
85
 10
174.600000
 20
337.150000
  0
VERTEX
  8
85
 10
207.400000
 20
336.150000
  0
VERTEX
  8
85
 10
233.900000
 20
335.450000
  0
VERTEX
  8
85
 10
259.700000
 20
334.850000
  0
VERTEX
  8
85
 10
287.200000
 20
333.450000
  0
VERTEX
  8
85
 10
315.100000
 20
331.450000
  0
VERTEX
  8
85
 10
340.600000
 20
329.950000
  0
VERTEX
  8
85
 10
363.300000
 20
329.050000
  0
SEQEND
  0
POLYLINE
  8
8
 66
     1
  0
VERTEX
  8
8
 10
-46.500000
 20
335.050000
  0
VERTEX
  8
8
 10
11.300000
 20
336.850000
  0
VERTEX
  8
8
 10
75.000000
 20
337.850000
  0
VERTEX
  8
8
 10
130.700000
 20
337.950000
  0
VERTEX
  8
8
 10
174.600000
 20
337.150000
  0
VERTEX
  8
8
 10
207.400000
 20
336.150000
  0
VERTEX
  8
8
 10
233.900000
 20
335.450000
  0
VERTEX
  8
8
 10
259.700000
 20
334.850000
  0
VERTEX
  8
8
 10
287.200000
 20
333.450000
  0
VERTEX
  8
8
 10
315.100000
 20
331.450000
  0
VERTEX
  8
8
 10
340.600000
 20
329.950000
  0
VERTEX
  8
8
 10
363.300000
 20
329.050000
  0
SEQEND
  0
POLYLINE
  8
85
 66
     1
  0
VERTEX
  8
85
 10
-46.000000
 20
329.150000
  0
VERTEX
  8
85
 10
11.400000
 20
330.850000
  0
VERTEX
  8
85
 10
75.100000
 20
331.850000
  0
VERTEX
  8
85
 10
130.800000
 20
331.950000
  0
VERTEX
  8
85
 10
174.600000
 20
331.150000
  0
VERTEX
  8
85
 10
207.300000
 20
330.150000
  0
VERTEX
  8
85
 10
233.700000
 20
329.450000
  0
VERTEX
  8
85
 10
259.400000
 20
328.850000
  0
VERTEX
  8
85
 10
286.900000
 20
327.450000
  0
VERTEX
  8
85
 10
314.900000
 20
325.450000
  0
VERTEX
  8
85
 10
341.000000
 20
323.850000
  0
VERTEX
  8
85
 10
364.500000
 20
322.950000
  0
SEQEND
  0
POLYLINE
  8
8
 66
     1
  0
VERTEX
  8
8
 10
-46.000000
 20
329.150000
  0
VERTEX
  8
8
 10
11.400000
 20
330.850000
  0
VERTEX
  8
8
 10
75.100000
 20
331.850000
  0
VERTEX
  8
8
 10
130.800000
 20
331.950000
  0
VERTEX
  8
8
 10
174.600000
 20
331.150000
  0
VERTEX
  8
8
 10
207.300000
 20
330.150000
  0
VERTEX
  8
8
 10
233.700000
 20
329.450000
  0
VERTEX
  8
8
 10
259.400000
 20
328.850000
  0
VERTEX
  8
8
 10
286.900000
 20
327.450000
  0
VERTEX
  8
8
 10
314.900000
 20
325.450000
  0
VERTEX
  8
8
 10
341.000000
 20
323.850000
  0
VERTEX
  8
8
 10
364.500000
 20
322.950000
  0
SEQEND
  0
POLYLINE
  8
85
 66
     1
  0
VERTEX
  8
85
 10
227.500000
 20
306.850000
  0
VERTEX
  8
85
 10
205.700000
 20
306.250000
  0
VERTEX
  8
85
 10
182.100000
 20
305.650000
  0
VERTEX
  8
85
 10
167.700000
 20
239.750000
  0
VERTEX
  8
85
 10
187.900000
 20
178.950000
  0
VERTEX
  8
85
 10
233.500000
 20
181.150000
  0
VERTEX
  8
85
 10
227.500000
 20
306.850000
  0
SEQEND
  0
POLYLINE
  8
8
 66
     1
  0
VERTEX
  8
8
 10
227.500000
 20
306.850000
  0
VERTEX
  8
8
 10
205.700000
 20
306.250000
  0
VERTEX
  8
8
 10
182.100000
 20
305.650000
  0
VERTEX
  8
8
 10
167.700000
 20
239.750000
  0
VERTEX
  8
8
 10
187.900000
 20
178.950000
  0
VERTEX
  8
8
 10
233.500000
 20
181.150000
  0
VERTEX
  8
8
 10
227.500000
 20
306.850000
  0
SEQEND
  0
POLYLINE
  8
87
 66
     1
  0
VERTEX
  8
87
 10
-49.500000
 20
384.950000
  0
VERTEX
  8
87
 10
15.500000
 20
386.950000
  0
VERTEX
  8
87
 10
76.800000
 20
387.850000
  0
VERTEX
  8
87
 10
133.300000
 20
387.950000
  0
VERTEX
  8
87
 10
180.000000
 20
387.150000
  0
VERTEX
  8
87
 10
213.900000
 20
385.950000
  0
VERTEX
  8
87
 10
235.900000
 20
385.250000
  0
VERTEX
  8
87
 10
249.900000
 20
385.350000
  0
VERTEX
  8
87
 10
286.600000
 20
383.450000
  0
VERTEX
  8
87
 10
320.600000
 20
381.350000
  0
VERTEX
  8
87
 10
349.300000
 20
379.650000
  0
VERTEX
  8
87
 10
362.800000
 20
379.150000
  0
VERTEX
  8
87
 10
362.300000
 20
372.250000
  0
VERTEX
  8
87
 10
362.000000
 20
357.050000
  0
VERTEX
  8
87
 10
362.600000
 20
343.950000
  0
VERTEX
  8
87
 10
364.400000
 20
332.450000
  0
VERTEX
  8
87
 10
367.600000
 20
322.050000
  0
VERTEX
  8
87
 10
372.800000
 20
312.050000
  0
VERTEX
  8
87
 10
379.600000
 20
302.750000
  0
VERTEX
  8
87
 10
387.700000
 20
294.650000
  0
VERTEX
  8
87
 10
392.800000
 20
290.750000
  0
VERTEX
  8
87
 10
394.100000
 20
289.950000
  0
VERTEX
  8
87
 10
368.900000
 20
241.450000
  0
VERTEX
  8
87
 10
346.300000
 20
197.650000
  0
VERTEX
  8
87
 10
338.100000
 20
181.550000
  0
VERTEX
  8
87
 10
330.100000
 20
165.750000
  0
VERTEX
  8
87
 10
315.300000
 20
136.750000
  0
VERTEX
  8
87
 10
314.200000
 20
137.050000
  0
VERTEX
  8
87
 10
306.500000
 20
139.950000
  0
VERTEX
  8
87
 10
293.600000
 20
143.750000
  0
VERTEX
  8
87
 10
284.300000
 20
145.950000
  0
VERTEX
  8
87
 10
277.300000
 20
147.350000
  0
VERTEX
  8
87
 10
270.700000
 20
148.350000
  0
VERTEX
  8
87
 10
265.600000
 20
148.750000
  0
VERTEX
  8
87
 10
254.900000
 20
149.250000
  0
VERTEX
  8
87
 10
247.400000
 20
149.150000
  0
VERTEX
  8
87
 10
239.900000
 20
148.950000
  0
VERTEX
  8
87
 10
233.900000
 20
148.150000
  0
VERTEX
  8
87
 10
221.000000
 20
145.950000
  0
VERTEX
  8
87
 10
209.300000
 20
142.050000
  0
VERTEX
  8
87
 10
198.100000
 20
137.150000
  0
VERTEX
  8
87
 10
188.000000
 20
130.850000
  0
VERTEX
  8
87
 10
179.100000
 20
123.250000
  0
VERTEX
  8
87
 10
172.100000
 20
114.450000
  0
VERTEX
  8
87
 10
167.400000
 20
104.950000
  0
VERTEX
  8
87
 10
164.300000
 20
95.850000
  0
VERTEX
  8
87
 10
162.000000
 20
87.350000
  0
VERTEX
  8
87
 10
161.300000
 20
79.750000
  0
VERTEX
  8
87
 10
161.800000
 20
72.250000
  0
VERTEX
  8
87
 10
162.600000
 20
67.550000
  0
VERTEX
  8
87
 10
12.500000
 20
55.950000
  0
VERTEX
  8
87
 10
-13.300000
 20
54.050000
  0
VERTEX
  8
87
 10
-22.100000
 20
120.750000
  0
VERTEX
  8
87
 10
-23.400000
 20
130.150000
  0
VERTEX
  8
87
 10
-31.700000
 20
196.350000
  0
VERTEX
  8
87
 10
-40.400000
 20
270.450000
  0
VERTEX
  8
87
 10
-42.500000
 20
291.550000
  0
VERTEX
  8
87
 10
-46.300000
 20
332.150000
  0
VERTEX
  8
87
 10
-48.800000
 20
366.450000
  0
VERTEX
  8
87
 10
-49.500000
 20
384.950000
  0
SEQEND
  0
POLYLINE
  8
14
 66
     1
  0
VERTEX
  8
14
 10
-49.500000
 20
384.950000
  0
VERTEX
  8
14
 10
15.500000
 20
386.950000
  0
VERTEX
  8
14
 10
76.800000
 20
387.850000
  0
VERTEX
  8
14
 10
133.300000
 20
387.950000
  0
VERTEX
  8
14
 10
180.000000
 20
387.150000
  0
VERTEX
  8
14
 10
213.900000
 20
385.950000
  0
VERTEX
  8
14
 10
235.900000
 20
385.250000
  0
VERTEX
  8
14
 10
249.900000
 20
385.350000
  0
VERTEX
  8
14
 10
286.600000
 20
383.450000
  0
VERTEX
  8
14
 10
320.600000
 20
381.350000
  0
VERTEX
  8
14
 10
349.300000
 20
379.650000
  0
VERTEX
  8
14
 10
362.800000
 20
379.150000
  0
VERTEX
  8
14
 10
362.300000
 20
372.250000
  0
VERTEX
  8
14
 10
362.000000
 20
357.050000
  0
VERTEX
  8
14
 10
362.600000
 20
343.950000
  0
VERTEX
  8
14
 10
364.400000
 20
332.450000
  0
VERTEX
  8
14
 10
367.600000
 20
322.050000
  0
VERTEX
  8
14
 10
372.800000
 20
312.050000
  0
VERTEX
  8
14
 10
379.600000
 20
302.750000
  0
VERTEX
  8
14
 10
387.700000
 20
294.650000
  0
VERTEX
  8
14
 10
392.800000
 20
290.750000
  0
VERTEX
  8
14
 10
394.100000
 20
289.950000
  0
VERTEX
  8
14
 10
368.900000
 20
241.450000
  0
VERTEX
  8
14
 10
346.300000
 20
197.650000
  0
VERTEX
  8
14
 10
338.100000
 20
181.550000
  0
VERTEX
  8
14
 10
330.100000
 20
165.750000
  0
VERTEX
  8
14
 10
315.300000
 20
136.750000
  0
VERTEX
  8
14
 10
314.200000
 20
137.050000
  0
VERTEX
  8
14
 10
306.500000
 20
139.950000
  0
VERTEX
  8
14
 10
293.600000
 20
143.750000
  0
VERTEX
  8
14
 10
284.300000
 20
145.950000
  0
VERTEX
  8
14
 10
277.300000
 20
147.350000
  0
VERTEX
  8
14
 10
270.700000
 20
148.350000
  0
VERTEX
  8
14
 10
265.600000
 20
148.750000
  0
VERTEX
  8
14
 10
254.900000
 20
149.250000
  0
VERTEX
  8
14
 10
247.400000
 20
149.150000
  0
VERTEX
  8
14
 10
239.900000
 20
148.950000
  0
VERTEX
  8
14
 10
233.900000
 20
148.150000
  0
VERTEX
  8
14
 10
221.000000
 20
145.950000
  0
VERTEX
  8
14
 10
209.300000
 20
142.050000
  0
VERTEX
  8
14
 10
198.100000
 20
137.150000
  0
VERTEX
  8
14
 10
188.000000
 20
130.850000
  0
VERTEX
  8
14
 10
179.100000
 20
123.250000
  0
VERTEX
  8
14
 10
172.100000
 20
114.450000
  0
VERTEX
  8
14
 10
167.400000
 20
104.950000
  0
VERTEX
  8
14
 10
164.300000
 20
95.850000
  0
VERTEX
  8
14
 10
162.000000
 20
87.350000
  0
VERTEX
  8
14
 10
161.300000
 20
79.750000
  0
VERTEX
  8
14
 10
161.800000
 20
72.250000
  0
VERTEX
  8
14
 10
162.600000
 20
67.550000
  0
VERTEX
  8
14
 10
12.500000
 20
55.950000
  0
VERTEX
  8
14
 10
-13.300000
 20
54.050000
  0
VERTEX
  8
14
 10
-22.100000
 20
120.750000
  0
VERTEX
  8
14
 10
-23.400000
 20
130.150000
  0
VERTEX
  8
14
 10
-31.700000
 20
196.350000
  0
VERTEX
  8
14
 10
-40.400000
 20
270.450000
  0
VERTEX
  8
14
 10
-42.500000
 20
291.550000
  0
VERTEX
  8
14
 10
-46.300000
 20
332.150000
  0
VERTEX
  8
14
 10
-48.800000
 20
366.450000
  0
VERTEX
  8
14
 10
-49.500000
 20
384.950000
  0
SEQEND
  0
POINT
  8
2
 10
-59.800000
 20
394.650000
  0
TEXT
  8
2
 10
-59.800000
 20
394.650000
 40
0.250000
 50
0.000000
  1
#12
  0
POINT
  8
2
 10
15.300000
 20
396.850000
  0
TEXT
  8
2
 10
15.300000
 20
396.850000
 40
0.250000
 50
0.000000
  1
#8
  0
POINT
  8
3
 10
76.700000
 20
397.750000
  0
POINT
  8
3
 10
133.400000
 20
397.850000
  0
POINT
  8
3
 10
180.200000
 20
397.050000
  0
POINT
  8
3
 10
214.200000
 20
395.850000
  0
POINT
  8
3
 10
236.100000
 20
395.150000
  0
POINT
  8
2
 10
250.200000
 20
395.250000
  0
TEXT
  8
2
 10
250.200000
 20
395.250000
 40
0.250000
 50
0.000000
  1
#8
  0
POINT
  8
3
 10
287.200000
 20
393.350000
  0
POINT
  8
3
 10
321.200000
 20
391.250000
  0
POINT
  8
3
 10
349.800000
 20
389.550000
  0
POINT
  8
2
 10
373.500000
 20
388.550000
  0
TEXT
  8
2
 10
373.500000
 20
388.550000
 40
0.250000
 50
0.000000
  1
#15
  0
POINT
  8
3
 10
372.200000
 20
371.850000
  0
POINT
  8
3
 10
371.900000
 20
357.150000
  0
POINT
  8
3
 10
372.500000
 20
344.950000
  0
POINT
  8
3
 10
374.100000
 20
334.650000
  0
POINT
  8
3
 10
376.800000
 20
325.750000
  0
POINT
  8
3
 10
381.200000
 20
317.250000
  0
POINT
  8
3
 10
387.100000
 20
309.250000
  0
POINT
  8
3
 10
394.200000
 20
302.150000
  0
POINT
  8
2
 10
398.700000
 20
298.850000
  0
TEXT
  8
2
 10
398.700000
 20
298.850000
 40
0.250000
 50
0.000000
  1
#15
  0
POINT
  8
2
 10
406.900000
 20
292.950000
  0
TEXT
  8
2
 10
406.900000
 20
292.950000
 40
0.250000
 50
0.000000
  1
#15
  0
POINT
  8
3
 10
377.700000
 20
236.950000
  0
POINT
  8
2
 10
355.200000
 20
193.150000
  0
POINT
  8
2
 10
347.000000
 20
177.050000
  0
POINT
  8
3
 10
339.000000
 20
161.250000
  0
POINT
  8
2
 10
320.000000
 20
124.250000
  0
TEXT
  8
2
 10
320.000000
 20
124.250000
 40
0.250000
 50
0.000000
  1
#7
  0
POINT
  8
2
 10
310.700000
 20
127.750000
  0
TEXT
  8
2
 10
310.700000
 20
127.750000
 40
0.250000
 50
0.000000
  1
#7
  0
POINT
  8
3
 10
303.400000
 20
130.550000
  0
POINT
  8
3
 10
291.100000
 20
134.150000
  0
POINT
  8
3
 10
282.200000
 20
136.250000
  0
POINT
  8
3
 10
275.600000
 20
137.650000
  0
POINT
  8
3
 10
269.600000
 20
138.550000
  0
POINT
  8
2
 10
264.800000
 20
138.950000
  0
TEXT
  8
2
 10
264.800000
 20
138.950000
 40
0.250000
 50
0.000000
  1
#16
  0
POINT
  8
3
 10
254.800000
 20
139.350000
  0
POINT
  8
3
 10
247.500000
 20
139.250000
  0
POINT
  8
3
 10
240.700000
 20
139.150000
  0
POINT
  8
2
 10
235.100000
 20
138.350000
  0
TEXT
  8
2
 10
235.100000
 20
138.350000
 40
0.250000
 50
0.000000
  1
#16
  0
POINT
  8
3
 10
223.400000
 20
136.350000
  0
POINT
  8
3
 10
212.800000
 20
132.850000
  0
TEXT
  8
3
 10
212.800000
 20
132.850000
 40
0.250000
 50
0.000000
  1
#16
  0
POINT
  8
3
 10
202.700000
 20
128.450000
  0
POINT
  8
3
 10
193.900000
 20
122.850000
  0
POINT
  8
3
 10
186.200000
 20
116.350000
  0
POINT
  8
3
 10
180.500000
 20
109.150000
  0
POINT
  8
3
 10
176.600000
 20
101.150000
  0
POINT
  8
3
 10
173.800000
 20
92.950000
  0
POINT
  8
3
 10
171.800000
 20
85.550000
  0
POINT
  8
2
 10
171.200000
 20
79.650000
  0
TEXT
  8
2
 10
171.200000
 20
79.650000
 40
0.250000
 50
0.000000
  1
#17
  0
POINT
  8
3
 10
171.700000
 20
73.450000
  0
POINT
  8
3
 10
172.900000
 20
66.850000
  0
POINT
  8
2
 10
175.100000
 20
58.550000
  0
TEXT
  8
2
 10
175.100000
 20
58.550000
 40
0.250000
 50
0.000000
  1
#17
  0
POINT
  8
3
 10
13.200000
 20
46.050000
  0
POINT
  8
2
 10
-22.000000
 20
43.350000
  0
TEXT
  8
2
 10
-22.000000
 20
43.350000
 40
0.250000
 50
0.000000
  1
#18
  0
POINT
  8
3
 10
-32.000000
 20
119.450000
  0
POINT
  8
2
 10
-33.300000
 20
128.950000
  0
TEXT
  8
2
 10
-33.300000
 20
128.950000
 40
0.250000
 50
0.000000
  1
#12
  0
POINT
  8
3
 10
-41.600000
 20
195.250000
  0
POINT
  8
3
 10
-50.300000
 20
269.450000
  0
POINT
  8
2
 10
-52.400000
 20
290.650000
  0
TEXT
  8
2
 10
-52.400000
 20
290.650000
 40
0.250000
 50
0.000000
  1
#12
  0
POINT
  8
3
 10
-56.200000
 20
331.350000
  0
POINT
  8
3
 10
-58.700000
 20
365.950000
  0
POINT
  8
2
 10
-59.800000
 20
394.650000
  0
POINT
  8
2
 10
359.700000
 20
356.150000
  0
TEXT
  8
2
 10
359.700000
 20
356.150000
 40
0.250000
 50
0.000000
  1
#15
  0
POINT
  8
3
 10
328.800000
 20
356.950000
  0
POINT
  8
3
 10
296.900000
 20
358.450000
  0
POINT
  8
3
 10
264.100000
 20
360.550000
  0
POINT
  8
3
 10
229.800000
 20
362.050000
  0
POINT
  8
3
 10
192.300000
 20
362.650000
  0
POINT
  8
3
 10
150.000000
 20
363.050000
  0
POINT
  8
3
 10
102.400000
 20
363.150000
  0
POINT
  8
3
 10
51.100000
 20
362.750000
  0
POINT
  8
3
 10
-1.200000
 20
361.350000
  0
POINT
  8
2
 10
-48.200000
 20
359.250000
  0
TEXT
  8
2
 10
-48.200000
 20
359.250000
 40
0.250000
 50
0.000000
  1
#12
  0
POINT
  8
2
 10
211.100000
 20
305.850000
  0
POINT
  8
2
 10
115.900000
 20
306.250000
  0
POINT
  8
3
 10
110.600000
 20
306.050000
  0
POINT
  8
3
 10
105.600000
 20
305.250000
  0
POINT
  8
3
 10
100.500000
 20
304.150000
  0
POINT
  8
3
 10
95.400000
 20
302.250000
  0
POINT
  8
3
 10
91.100000
 20
299.850000
  0
POINT
  8
3
 10
87.400000
 20
296.250000
  0
POINT
  8
3
 10
84.700000
 20
291.750000
  0
POINT
  8
3
 10
83.600000
 20
286.850000
  0
POINT
  8
2
 10
83.700000
 20
281.050000
  0
POINT
  8
2
 10
90.500000
 20
196.650000
  0
POINT
  8
3
 10
90.700000
 20
194.750000
  0
POINT
  8
3
 10
91.600000
 20
191.050000
  0
POINT
  8
3
 10
92.500000
 20
188.250000
  0
POINT
  8
3
 10
94.900000
 20
184.350000
  0
POINT
  8
3
 10
98.800000
 20
181.450000
  0
POINT
  8
3
 10
103.100000
 20
179.350000
  0
POINT
  8
3
 10
107.000000
 20
178.750000
  0
POINT
  8
3
 10
111.300000
 20
178.350000
  0
POINT
  8
2
 10
118.700000
 20
178.650000
  0
POINT
  8
2
 10
218.600000
 20
181.350000
  0
POINT
  8
2
 10
211.100000
 20
305.850000
  0
POINT
  8
2
 10
-46.500000
 20
335.050000
  0
TEXT
  8
2
 10
-46.500000
 20
335.050000
 40
0.250000
 50
0.000000
  1
#12
  0
POINT
  8
3
 10
11.300000
 20
336.850000
  0
POINT
  8
3
 10
75.000000
 20
337.850000
  0
POINT
  8
3
 10
130.700000
 20
337.950000
  0
POINT
  8
3
 10
174.600000
 20
337.150000
  0
POINT
  8
3
 10
207.400000
 20
336.150000
  0
POINT
  8
3
 10
233.900000
 20
335.450000
  0
POINT
  8
3
 10
259.700000
 20
334.850000
  0
POINT
  8
3
 10
287.200000
 20
333.450000
  0
POINT
  8
3
 10
315.100000
 20
331.450000
  0
POINT
  8
3
 10
340.600000
 20
329.950000
  0
POINT
  8
2
 10
363.300000
 20
329.050000
  0
TEXT
  8
2
 10
363.300000
 20
329.050000
 40
0.250000
 50
0.000000
  1
#15
  0
POINT
  8
2
 10
-46.000000
 20
329.150000
  0
TEXT
  8
2
 10
-46.000000
 20
329.150000
 40
0.250000
 50
0.000000
  1
#12
  0
POINT
  8
3
 10
11.400000
 20
330.850000
  0
POINT
  8
3
 10
75.100000
 20
331.850000
  0
POINT
  8
3
 10
130.800000
 20
331.950000
  0
POINT
  8
3
 10
174.600000
 20
331.150000
  0
POINT
  8
3
 10
207.300000
 20
330.150000
  0
POINT
  8
3
 10
233.700000
 20
329.450000
  0
POINT
  8
3
 10
259.400000
 20
328.850000
  0
POINT
  8
3
 10
286.900000
 20
327.450000
  0
POINT
  8
3
 10
314.900000
 20
325.450000
  0
POINT
  8
3
 10
341.000000
 20
323.850000
  0
POINT
  8
2
 10
364.500000
 20
322.950000
  0
TEXT
  8
2
 10
364.500000
 20
322.950000
 40
0.250000
 50
0.000000
  1
#15
  0
POINT
  8
2
 10
227.500000
 20
306.850000
  0
POINT
  8
2
 10
205.700000
 20
306.250000
  0
POINT
  8
2
 10
182.100000
 20
305.650000
  0
POINT
  8
2
 10
167.700000
 20
239.750000
  0
POINT
  8
2
 10
187.900000
 20
178.950000
  0
POINT
  8
2
 10
233.500000
 20
181.150000
  0
POINT
  8
2
 10
227.500000
 20
306.850000
  0
POINT
  8
2
 10
15.300000
 20
396.850000
 39
2.500000
 50
270.000000
  0
POINT
  8
2
 10
250.200000
 20
395.250000
 39
2.500000
 50
267.614100
  0
POINT
  8
2
 10
355.200000
 20
193.150000
 39
2.500000
 50
153.435000
  0
POINT
  8
2
 10
347.000000
 20
177.050000
 39
2.500000
 50
153.435000
  0
POINT
  8
2
 10
264.800000
 20
138.950000
 39
2.500000
 50
85.236360
  0
POINT
  8
2
 10
235.100000
 20
138.350000
 39
2.500000
 50
97.125020
  0
POINT
  8
2
 10
171.200000
 20
79.650000
 39
2.500000
 50
180.000000
  0
POINT
  8
2
 10
-33.300000
 20
128.950000
 39
2.500000
 50
7.125016
  0
POINT
  8
2
 10
-52.400000
 20
290.650000
 39
2.500000
 50
4.763642
  0
POINT
  8
2
 10
46.900000
 20
362.850000
  0
TEXT
  8
2
 10
46.900000
 20
362.850000
 40
0.250000
 50
0.000000
  1
#8
  0
POINT
  8
2
 10
193.900000
 20
362.950000
  0
TEXT
  8
2
 10
193.900000
 20
362.950000
 40
0.250000
 50
0.000000
  1
#19
  0
POINT
  8
2
 10
343.100000
 20
356.750000
  0
TEXT
  8
2
 10
343.100000
 20
356.750000
 40
0.250000
 50
0.000000
  1
#15
  0
POINT
  8
2
 10
227.500000
 20
307.150000
  0
TEXT
  8
2
 10
227.500000
 20
307.150000
 40
0.250000
 50
0.000000
  1
#8
  0
POINT
  8
2
 10
233.500000
 20
180.850000
  0
TEXT
  8
2
 10
233.500000
 20
180.850000
 40
0.250000
 50
0.000000
  1
#8
  0
POINT
  8
2
 10
209.600000
 20
303.250000
  0
TEXT
  8
2
 10
209.600000
 20
303.250000
 40
0.250000
 50
0.000000
  1
#8
  0
POINT
  8
2
 10
216.400000
 20
182.950000
  0
TEXT
  8
2
 10
216.400000
 20
182.950000
 40
0.250000
 50
0.000000
  1
#8
  0
POINT
  8
2
 10
114.200000
 20
179.250000
  0
TEXT
  8
2
 10
114.200000
 20
179.250000
 40
0.250000
 50
0.000000
  1
#8
  0
POINT
  8
2
 10
109.500000
 20
303.650000
  0
TEXT
  8
2
 10
109.500000
 20
303.650000
 40
0.250000
 50
0.000000
  1
#8
  0
POINT
  8
2
 10
87.600000
 20
238.850000
  0
TEXT
  8
2
 10
87.600000
 20
238.850000
 40
0.250000
 50
0.000000
  1
#8
  0
POINT
  8
2
 10
-49.500000
 20
384.950000
  0
POINT
  8
2
 10
15.500000
 20
386.950000
  0
POINT
  8
3
 10
76.800000
 20
387.850000
  0
POINT
  8
3
 10
133.300000
 20
387.950000
  0
POINT
  8
3
 10
180.000000
 20
387.150000
  0
POINT
  8
3
 10
213.900000
 20
385.950000
  0
POINT
  8
3
 10
235.900000
 20
385.250000
  0
POINT
  8
2
 10
249.900000
 20
385.350000
  0
POINT
  8
3
 10
286.600000
 20
383.450000
  0
POINT
  8
3
 10
320.600000
 20
381.350000
  0
POINT
  8
3
 10
349.300000
 20
379.650000
  0
POINT
  8
2
 10
362.800000
 20
379.150000
  0
POINT
  8
3
 10
362.300000
 20
372.250000
  0
POINT
  8
3
 10
362.000000
 20
357.050000
  0
POINT
  8
3
 10
362.600000
 20
343.950000
  0
POINT
  8
3
 10
364.400000
 20
332.450000
  0
POINT
  8
3
 10
367.600000
 20
322.050000
  0
POINT
  8
3
 10
372.800000
 20
312.050000
  0
POINT
  8
3
 10
379.600000
 20
302.750000
  0
POINT
  8
3
 10
387.700000
 20
294.650000
  0
POINT
  8
2
 10
392.800000
 20
290.750000
  0
POINT
  8
2
 10
394.100000
 20
289.950000
  0
POINT
  8
3
 10
368.900000
 20
241.450000
  0
POINT
  8
2
 10
346.300000
 20
197.650000
  0
POINT
  8
2
 10
338.100000
 20
181.550000
  0
POINT
  8
3
 10
330.100000
 20
165.750000
  0
POINT
  8
2
 10
315.300000
 20
136.750000
  0
POINT
  8
2
 10
314.200000
 20
137.050000
  0
POINT
  8
3
 10
306.500000
 20
139.950000
  0
POINT
  8
3
 10
293.600000
 20
143.750000
  0
POINT
  8
3
 10
284.300000
 20
145.950000
  0
POINT
  8
3
 10
277.300000
 20
147.350000
  0
POINT
  8
3
 10
270.700000
 20
148.350000
  0
POINT
  8
2
 10
265.600000
 20
148.750000
  0
POINT
  8
3
 10
254.900000
 20
149.250000
  0
POINT
  8
3
 10
247.400000
 20
149.150000
  0
POINT
  8
3
 10
239.900000
 20
148.950000
  0
POINT
  8
2
 10
233.900000
 20
148.150000
  0
POINT
  8
3
 10
221.000000
 20
145.950000
  0
POINT
  8
3
 10
209.300000
 20
142.050000
  0
POINT
  8
3
 10
198.100000
 20
137.150000
  0
POINT
  8
3
 10
188.000000
 20
130.850000
  0
POINT
  8
3
 10
179.100000
 20
123.250000
  0
POINT
  8
3
 10
172.100000
 20
114.450000
  0
POINT
  8
3
 10
167.400000
 20
104.950000
  0
POINT
  8
3
 10
164.300000
 20
95.850000
  0
POINT
  8
3
 10
162.000000
 20
87.350000
  0
POINT
  8
2
 10
161.300000
 20
79.750000
  0
POINT
  8
3
 10
161.800000
 20
72.250000
  0
POINT
  8
2
 10
162.600000
 20
67.550000
  0
POINT
  8
3
 10
12.500000
 20
55.950000
  0
POINT
  8
2
 10
-13.300000
 20
54.050000
  0
POINT
  8
3
 10
-22.100000
 20
120.750000
  0
POINT
  8
2
 10
-23.400000
 20
130.150000
  0
POINT
  8
3
 10
-31.700000
 20
196.350000
  0
POINT
  8
3
 10
-40.400000
 20
270.450000
  0
POINT
  8
2
 10
-42.500000
 20
291.550000
  0
POINT
  8
3
 10
-46.300000
 20
332.150000
  0
POINT
  8
3
 10
-48.800000
 20
366.450000
  0
POINT
  8
2
 10
-49.500000
 20
384.950000
  0
POINT
  8
4
 10
15.300000
 20
396.850000
 30
2.500000
 50
270.000000
  0
POINT
  8
4
 10
250.200000
 20
395.250000
 30
2.500000
 50
267.614100
  0
POINT
  8
4
 10
355.200000
 20
193.150000
 30
2.500000
 50
153.435000
  0
POINT
  8
4
 10
347.000000
 20
177.050000
 30
2.500000
 50
153.435000
  0
POINT
  8
4
 10
264.800000
 20
138.950000
 30
2.500000
 50
85.236360
  0
POINT
  8
4
 10
235.100000
 20
138.350000
 30
2.500000
 50
97.125020
  0
POINT
  8
4
 10
171.200000
 20
79.650000
 30
2.500000
 50
180.000000
  0
POINT
  8
4
 10
-33.300000
 20
128.950000
 30
2.500000
 50
7.125016
  0
POINT
  8
4
 10
-52.400000
 20
290.650000
 30
2.500000
 50
4.763642
  0
POINT
  8
13
 10
46.900000
 20
362.850000
 30
3.000000
  0
TEXT
  8
13
 10
46.900000
 20
362.850000
 40
0.250000
 50
0.000000
  1
#8
  0
POINT
  8
13
 10
193.900000
 20
362.950000
 30
3.000000
  0
TEXT
  8
13
 10
193.900000
 20
362.950000
 40
0.250000
 50
0.000000
  1
#19
  0
POINT
  8
13
 10
343.100000
 20
356.750000
 30
3.000000
  0
TEXT
  8
13
 10
343.100000
 20
356.750000
 40
0.250000
 50
0.000000
  1
#15
  0
POINT
  8
13
 10
227.500000
 20
307.150000
 30
3.000000
  0
TEXT
  8
13
 10
227.500000
 20
307.150000
 40
0.250000
 50
0.000000
  1
#8
  0
POINT
  8
13
 10
233.500000
 20
180.850000
 30
3.000000
  0
TEXT
  8
13
 10
233.500000
 20
180.850000
 40
0.250000
 50
0.000000
  1
#8
  0
POINT
  8
13
 10
209.600000
 20
303.250000
 30
3.000000
  0
TEXT
  8
13
 10
209.600000
 20
303.250000
 40
0.250000
 50
0.000000
  1
#8
  0
POINT
  8
13
 10
216.400000
 20
182.950000
 30
3.000000
  0
TEXT
  8
13
 10
216.400000
 20
182.950000
 40
0.250000
 50
0.000000
  1
#8
  0
POINT
  8
13
 10
114.200000
 20
179.250000
 30
3.000000
  0
TEXT
  8
13
 10
114.200000
 20
179.250000
 40
0.250000
 50
0.000000
  1
#8
  0
POINT
  8
13
 10
109.500000
 20
303.650000
 30
3.000000
  0
TEXT
  8
13
 10
109.500000
 20
303.650000
 40
0.250000
 50
0.000000
  1
#8
  0
POINT
  8
13
 10
87.600000
 20
238.850000
 30
3.000000
  0
TEXT
  8
13
 10
87.600000
 20
238.850000
 40
0.250000
 50
0.000000
  1
#8
  0
LINE
  8
5
 10
142.000000
 20
123.050000
 11
12.500000
 21
123.050000
  0
LINE
  8
7
 10
157.300000
 20
124.350000
 11
13.800000
 21
124.350000
  0
TEXT
  8
15
 10
-30.800000
 20
233.850000
 40
7.533946
 50
278.325700
  1
POCKET FLAP
  0
TEXT
  8
15
 10
260.800000
 20
364.750000
 40
7.219438
 50
358.412500
  1
FRONT CENTER
  0
TEXT
  8
15
 10
335.500000
 20
361.450000
 40
4.440000
 50
270.000000
  1
AUTOM
  0
TEXT
  8
15
 10
183.600000
 20
370.950000
 40
4.800000
 50
270.000000
  1
AUTOM
  0
TEXT
  8
15
 10
34.700000
 20
371.350000
 40
8.080001
 50
270.000000
  1
AUTOM
  0
TEXT
  8
15
 10
154.900000
 20
328.050000
 40
7.800000
 50
180.000000
  1
BACK STITCH
  0
TEXT
  8
15
 10
235.300000
 20
253.850000
 40
5.254546
 50
270.000000
  1
POCKET FLAP
  0
TEXT
  8
15
 10
216.700000
 20
249.250000
 40
4.666667
 50
270.000000
  1
POCKET
  0
TEXT
  8
1
 10
5.600000
 20
-110.400000
 40
10.000000
 50
0.000000
  1
Piece Name: LEFT FRONT 1P
  0
TEXT
  8
1
 10
5.600000
 20
-99.400000
 40
10.000000
 50
0.000000
  1
Size: 50
  0
TEXT
  8
1
 10
5.600000
 20
-88.400000
 40
10.000000
 50
0.000000
  1
Annotation: LEFT FRONT 1P
  0
TEXT
  8
1
 10
5.600000
 20
-77.400000
 40
10.000000
 50
0.000000
  1
Quantity: 1
  0
TEXT
  8
1
 10
5.600000
 20
-66.400000
 40
10.000000
 50
0.000000
  1
Material: LEATHER
  0
ENDBLK
  0
BLOCK
  8
1
  2
LEFT BTTM FRONT 1P
 70
     0
 10
0.00
 20
0.00
  0
POLYLINE
  8
84
 66
     1
 70
     1
  0
VERTEX
  8
84
 10
250.100000
 20
-133.550000
  0
VERTEX
  8
84
 10
202.000000
 20
-137.050000
  0
VERTEX
  8
84
 10
117.700000
 20
-143.450000
  0
VERTEX
  8
84
 10
13.100000
 20
-151.450000
  0
VERTEX
  8
84
 10
-27.000000
 20
-156.250000
  0
VERTEX
  8
84
 10
-31.800000
 20
-115.950000
  0
VERTEX
  8
84
 10
-37.800000
 20
-67.950000
  0
VERTEX
  8
84
 10
-45.400000
 20
-7.750000
  0
VERTEX
  8
84
 10
-52.400000
 20
49.650000
  0
VERTEX
  8
84
 10
-57.100000
 20
93.350000
  0
VERTEX
  8
84
 10
-60.000000
 20
123.450000
  0
VERTEX
  8
84
 10
-29.700000
 20
126.050000
  0
VERTEX
  8
84
 10
-27.800000
 20
142.950000
  0
VERTEX
  8
84
 10
-25.000000
 20
156.850000
  0
VERTEX
  8
84
 10
-21.400000
 20
166.750000
  0
VERTEX
  8
84
 10
-17.400000
 20
173.450000
  0
VERTEX
  8
84
 10
-12.800000
 20
178.350000
  0
VERTEX
  8
84
 10
-7.400000
 20
182.350000
  0
VERTEX
  8
84
 10
-1.300000
 20
186.350000
  0
VERTEX
  8
84
 10
6.000000
 20
190.550000
  0
VERTEX
  8
84
 10
14.700000
 20
195.050000
  0
VERTEX
  8
84
 10
23.900000
 20
198.950000
  0
VERTEX
  8
84
 10
31.500000
 20
201.550000
  0
VERTEX
  8
84
 10
36.200000
 20
202.950000
  0
VERTEX
  8
84
 10
40.400000
 20
204.050000
  0
VERTEX
  8
84
 10
46.600000
 20
205.350000
  0
VERTEX
  8
84
 10
54.500000
 20
206.750000
  0
VERTEX
  8
84
 10
63.400000
 20
208.050000
  0
VERTEX
  8
84
 10
72.100000
 20
209.150000
  0
VERTEX
  8
84
 10
87.000000
 20
210.650000
  0
VERTEX
  8
84
 10
105.100000
 20
212.350000
  0
VERTEX
  8
84
 10
145.100000
 20
214.650000
  0
VERTEX
  8
84
 10
187.500000
 20
216.050000
  0
VERTEX
  8
84
 10
212.200000
 20
216.750000
  0
VERTEX
  8
84
 10
213.400000
 20
188.550000
  0
VERTEX
  8
84
 10
215.900000
 20
154.450000
  0
VERTEX
  8
84
 10
219.700000
 20
113.950000
  0
VERTEX
  8
84
 10
221.800000
 20
92.950000
  0
VERTEX
  8
84
 10
230.500000
 20
19.050000
  0
VERTEX
  8
84
 10
238.800000
 20
-47.050000
  0
VERTEX
  8
84
 10
240.100000
 20
-56.550000
  0
VERTEX
  8
84
 10
250.100000
 20
-133.550000
  0
SEQEND
  0
POLYLINE
  8
1
 66
     1
 70
     1
  0
VERTEX
  8
1
 10
250.100000
 20
-133.550000
  0
VERTEX
  8
1
 10
202.000000
 20
-137.050000
  0
VERTEX
  8
1
 10
117.700000
 20
-143.450000
  0
VERTEX
  8
1
 10
13.100000
 20
-151.450000
  0
VERTEX
  8
1
 10
-27.000000
 20
-156.250000
  0
VERTEX
  8
1
 10
-31.800000
 20
-115.950000
  0
VERTEX
  8
1
 10
-37.800000
 20
-67.950000
  0
VERTEX
  8
1
 10
-45.400000
 20
-7.750000
  0
VERTEX
  8
1
 10
-52.400000
 20
49.650000
  0
VERTEX
  8
1
 10
-57.100000
 20
93.350000
  0
VERTEX
  8
1
 10
-60.000000
 20
123.450000
  0
VERTEX
  8
1
 10
-29.700000
 20
126.050000
  0
VERTEX
  8
1
 10
-27.800000
 20
142.950000
  0
VERTEX
  8
1
 10
-25.000000
 20
156.850000
  0
VERTEX
  8
1
 10
-21.400000
 20
166.750000
  0
VERTEX
  8
1
 10
-17.400000
 20
173.450000
  0
VERTEX
  8
1
 10
-12.800000
 20
178.350000
  0
VERTEX
  8
1
 10
-7.400000
 20
182.350000
  0
VERTEX
  8
1
 10
-1.300000
 20
186.350000
  0
VERTEX
  8
1
 10
6.000000
 20
190.550000
  0
VERTEX
  8
1
 10
14.700000
 20
195.050000
  0
VERTEX
  8
1
 10
23.900000
 20
198.950000
  0
VERTEX
  8
1
 10
31.500000
 20
201.550000
  0
VERTEX
  8
1
 10
36.200000
 20
202.950000
  0
VERTEX
  8
1
 10
40.400000
 20
204.050000
  0
VERTEX
  8
1
 10
46.600000
 20
205.350000
  0
VERTEX
  8
1
 10
54.500000
 20
206.750000
  0
VERTEX
  8
1
 10
63.400000
 20
208.050000
  0
VERTEX
  8
1
 10
72.100000
 20
209.150000
  0
VERTEX
  8
1
 10
87.000000
 20
210.650000
  0
VERTEX
  8
1
 10
105.100000
 20
212.350000
  0
VERTEX
  8
1
 10
145.100000
 20
214.650000
  0
VERTEX
  8
1
 10
187.500000
 20
216.050000
  0
VERTEX
  8
1
 10
212.200000
 20
216.750000
  0
VERTEX
  8
1
 10
213.400000
 20
188.550000
  0
VERTEX
  8
1
 10
215.900000
 20
154.450000
  0
VERTEX
  8
1
 10
219.700000
 20
113.950000
  0
VERTEX
  8
1
 10
221.800000
 20
92.950000
  0
VERTEX
  8
1
 10
230.500000
 20
19.050000
  0
VERTEX
  8
1
 10
238.800000
 20
-47.050000
  0
VERTEX
  8
1
 10
240.100000
 20
-56.550000
  0
VERTEX
  8
1
 10
250.100000
 20
-133.550000
  0
SEQEND
  0
POLYLINE
  8
85
 66
     1
  0
VERTEX
  8
85
 10
204.000000
 20
180.850000
  0
VERTEX
  8
85
 10
201.100000
 20
180.650000
  0
VERTEX
  8
85
 10
154.500000
 20
178.850000
  0
VERTEX
  8
85
 10
110.600000
 20
177.650000
  0
SEQEND
  0
POLYLINE
  8
8
 66
     1
  0
VERTEX
  8
8
 10
204.000000
 20
180.850000
  0
VERTEX
  8
8
 10
201.100000
 20
180.650000
  0
VERTEX
  8
8
 10
154.500000
 20
178.850000
  0
VERTEX
  8
8
 10
110.600000
 20
177.650000
  0
SEQEND
  0
POLYLINE
  8
85
 66
     1
  0
VERTEX
  8
85
 10
188.000000
 20
110.850000
  0
VERTEX
  8
85
 10
66.600000
 20
104.350000
  0
VERTEX
  8
85
 10
60.100000
 20
103.650000
  0
VERTEX
  8
85
 10
52.600000
 20
102.850000
  0
VERTEX
  8
85
 10
44.600000
 20
100.950000
  0
VERTEX
  8
85
 10
37.600000
 20
97.950000
  0
VERTEX
  8
85
 10
32.200000
 20
94.050000
  0
VERTEX
  8
85
 10
28.100000
 20
89.850000
  0
VERTEX
  8
85
 10
24.900000
 20
85.250000
  0
VERTEX
  8
85
 10
23.000000
 20
79.350000
  0
VERTEX
  8
85
 10
22.500000
 20
72.250000
  0
VERTEX
  8
85
 10
22.700000
 20
64.650000
  0
VERTEX
  8
85
 10
35.400000
 20
-34.650000
  0
VERTEX
  8
85
 10
36.300000
 20
-42.750000
  0
VERTEX
  8
85
 10
37.900000
 20
-49.550000
  0
VERTEX
  8
85
 10
40.000000
 20
-54.450000
  0
VERTEX
  8
85
 10
42.700000
 20
-57.950000
  0
VERTEX
  8
85
 10
45.800000
 20
-60.650000
  0
VERTEX
  8
85
 10
49.400000
 20
-62.350000
  0
VERTEX
  8
85
 10
54.300000
 20
-63.450000
  0
VERTEX
  8
85
 10
61.200000
 20
-63.350000
  0
VERTEX
  8
85
 10
64.500000
 20
-62.950000
  0
VERTEX
  8
85
 10
206.400000
 20
-50.150000
  0
VERTEX
  8
85
 10
188.000000
 20
110.850000
  0
SEQEND
  0
POLYLINE
  8
8
 66
     1
  0
VERTEX
  8
8
 10
188.000000
 20
110.850000
  0
VERTEX
  8
8
 10
66.600000
 20
104.350000
  0
VERTEX
  8
8
 10
60.100000
 20
103.650000
  0
VERTEX
  8
8
 10
52.600000
 20
102.850000
  0
VERTEX
  8
8
 10
44.600000
 20
100.950000
  0
VERTEX
  8
8
 10
37.600000
 20
97.950000
  0
VERTEX
  8
8
 10
32.200000
 20
94.050000
  0
VERTEX
  8
8
 10
28.100000
 20
89.850000
  0
VERTEX
  8
8
 10
24.900000
 20
85.250000
  0
VERTEX
  8
8
 10
23.000000
 20
79.350000
  0
VERTEX
  8
8
 10
22.500000
 20
72.250000
  0
VERTEX
  8
8
 10
22.700000
 20
64.650000
  0
VERTEX
  8
8
 10
35.400000
 20
-34.650000
  0
VERTEX
  8
8
 10
36.300000
 20
-42.750000
  0
VERTEX
  8
8
 10
37.900000
 20
-49.550000
  0
VERTEX
  8
8
 10
40.000000
 20
-54.450000
  0
VERTEX
  8
8
 10
42.700000
 20
-57.950000
  0
VERTEX
  8
8
 10
45.800000
 20
-60.650000
  0
VERTEX
  8
8
 10
49.400000
 20
-62.350000
  0
VERTEX
  8
8
 10
54.300000
 20
-63.450000
  0
VERTEX
  8
8
 10
61.200000
 20
-63.350000
  0
VERTEX
  8
8
 10
64.500000
 20
-62.950000
  0
VERTEX
  8
8
 10
206.400000
 20
-50.150000
  0
VERTEX
  8
8
 10
188.000000
 20
110.850000
  0
SEQEND
  0
POLYLINE
  8
85
 66
     1
  0
VERTEX
  8
85
 10
79.000000
 20
143.750000
  0
VERTEX
  8
85
 10
78.400000
 20
149.950000
  0
VERTEX
  8
85
 10
92.000000
 20
151.350000
  0
VERTEX
  8
85
 10
112.600000
 20
152.850000
  0
VERTEX
  8
85
 10
148.000000
 20
154.650000
  0
VERTEX
  8
85
 10
200.400000
 20
156.450000
  0
VERTEX
  8
85
 10
205.700000
 20
156.650000
  0
SEQEND
  0
POLYLINE
  8
8
 66
     1
  0
VERTEX
  8
8
 10
79.000000
 20
143.750000
  0
VERTEX
  8
8
 10
78.400000
 20
149.950000
  0
VERTEX
  8
8
 10
92.000000
 20
151.350000
  0
VERTEX
  8
8
 10
112.600000
 20
152.850000
  0
VERTEX
  8
8
 10
148.000000
 20
154.650000
  0
VERTEX
  8
8
 10
200.400000
 20
156.450000
  0
VERTEX
  8
8
 10
205.700000
 20
156.650000
  0
SEQEND
  0
POLYLINE
  8
85
 66
     1
  0
VERTEX
  8
85
 10
79.000000
 20
143.650000
  0
VERTEX
  8
85
 10
92.300000
 20
145.050000
  0
VERTEX
  8
85
 10
112.800000
 20
146.750000
  0
VERTEX
  8
85
 10
148.100000
 20
148.650000
  0
VERTEX
  8
85
 10
200.500000
 20
150.550000
  0
VERTEX
  8
85
 10
206.200000
 20
150.750000
  0
SEQEND
  0
POLYLINE
  8
8
 66
     1
  0
VERTEX
  8
8
 10
79.000000
 20
143.650000
  0
VERTEX
  8
8
 10
92.300000
 20
145.050000
  0
VERTEX
  8
8
 10
112.800000
 20
146.750000
  0
VERTEX
  8
8
 10
148.100000
 20
148.650000
  0
VERTEX
  8
8
 10
200.500000
 20
150.550000
  0
VERTEX
  8
8
 10
206.200000
 20
150.750000
  0
SEQEND
  0
POLYLINE
  8
85
 66
     1
  0
VERTEX
  8
85
 10
206.600000
 20
113.150000
  0
VERTEX
  8
85
 10
158.700000
 20
110.950000
  0
VERTEX
  8
85
 10
148.500000
 20
27.250000
  0
VERTEX
  8
85
 10
172.200000
 20
-53.950000
  0
VERTEX
  8
85
 10
225.400000
 20
-48.650000
  0
SEQEND
  0
POLYLINE
  8
8
 66
     1
  0
VERTEX
  8
8
 10
206.600000
 20
113.150000
  0
VERTEX
  8
8
 10
158.700000
 20
110.950000
  0
VERTEX
  8
8
 10
148.500000
 20
27.250000
  0
VERTEX
  8
8
 10
172.200000
 20
-53.950000
  0
VERTEX
  8
8
 10
225.400000
 20
-48.650000
  0
SEQEND
  0
POLYLINE
  8
87
 66
     1
  0
VERTEX
  8
87
 10
-20.000000
 20
124.350000
  0
VERTEX
  8
87
 10
-17.900000
 20
141.450000
  0
VERTEX
  8
87
 10
-15.400000
 20
154.150000
  0
VERTEX
  8
87
 10
-12.500000
 20
162.450000
  0
VERTEX
  8
87
 10
-9.500000
 20
167.450000
  0
VERTEX
  8
87
 10
-6.200000
 20
170.950000
  0
VERTEX
  8
87
 10
-1.700000
 20
174.150000
  0
VERTEX
  8
87
 10
3.900000
 20
177.850000
  0
VERTEX
  8
87
 10
10.700000
 20
181.850000
  0
VERTEX
  8
87
 10
18.900000
 20
186.050000
  0
VERTEX
  8
87
 10
27.500000
 20
189.650000
  0
VERTEX
  8
87
 10
34.500000
 20
192.050000
  0
VERTEX
  8
87
 10
38.900000
 20
193.350000
  0
VERTEX
  8
87
 10
42.700000
 20
194.350000
  0
VERTEX
  8
87
 10
48.500000
 20
195.550000
  0
VERTEX
  8
87
 10
56.100000
 20
196.950000
  0
VERTEX
  8
87
 10
64.700000
 20
198.150000
  0
VERTEX
  8
87
 10
73.200000
 20
199.250000
  0
VERTEX
  8
87
 10
87.900000
 20
200.750000
  0
VERTEX
  8
87
 10
105.800000
 20
202.450000
  0
VERTEX
  8
87
 10
145.500000
 20
204.750000
  0
VERTEX
  8
87
 10
187.700000
 20
206.150000
  0
VERTEX
  8
87
 10
202.700000
 20
206.550000
  0
VERTEX
  8
87
 10
203.500000
 20
187.950000
  0
VERTEX
  8
87
 10
206.000000
 20
153.650000
  0
VERTEX
  8
87
 10
209.800000
 20
113.050000
  0
VERTEX
  8
87
 10
211.900000
 20
91.950000
  0
VERTEX
  8
87
 10
220.600000
 20
17.950000
  0
VERTEX
  8
87
 10
228.900000
 20
-48.250000
  0
VERTEX
  8
87
 10
230.200000
 20
-57.750000
  0
VERTEX
  8
87
 10
238.800000
 20
-124.350000
  0
VERTEX
  8
87
 10
201.300000
 20
-127.150000
  0
VERTEX
  8
87
 10
117.000000
 20
-133.550000
  0
VERTEX
  8
87
 10
12.800000
 20
-141.550000
  0
VERTEX
  8
87
 10
7.900000
 20
-111.150000
  0
VERTEX
  8
87
 10
1.800000
 20
-62.950000
  0
VERTEX
  8
87
 10
-5.700000
 20
-2.850000
  0
VERTEX
  8
87
 10
-12.700000
 20
54.150000
  0
VERTEX
  8
87
 10
-17.300000
 20
97.350000
  0
VERTEX
  8
87
 10
-20.000000
 20
124.350000
  0
SEQEND
  0
POLYLINE
  8
14
 66
     1
  0
VERTEX
  8
14
 10
-20.000000
 20
124.350000
  0
VERTEX
  8
14
 10
-17.900000
 20
141.450000
  0
VERTEX
  8
14
 10
-15.400000
 20
154.150000
  0
VERTEX
  8
14
 10
-12.500000
 20
162.450000
  0
VERTEX
  8
14
 10
-9.500000
 20
167.450000
  0
VERTEX
  8
14
 10
-6.200000
 20
170.950000
  0
VERTEX
  8
14
 10
-1.700000
 20
174.150000
  0
VERTEX
  8
14
 10
3.900000
 20
177.850000
  0
VERTEX
  8
14
 10
10.700000
 20
181.850000
  0
VERTEX
  8
14
 10
18.900000
 20
186.050000
  0
VERTEX
  8
14
 10
27.500000
 20
189.650000
  0
VERTEX
  8
14
 10
34.500000
 20
192.050000
  0
VERTEX
  8
14
 10
38.900000
 20
193.350000
  0
VERTEX
  8
14
 10
42.700000
 20
194.350000
  0
VERTEX
  8
14
 10
48.500000
 20
195.550000
  0
VERTEX
  8
14
 10
56.100000
 20
196.950000
  0
VERTEX
  8
14
 10
64.700000
 20
198.150000
  0
VERTEX
  8
14
 10
73.200000
 20
199.250000
  0
VERTEX
  8
14
 10
87.900000
 20
200.750000
  0
VERTEX
  8
14
 10
105.800000
 20
202.450000
  0
VERTEX
  8
14
 10
145.500000
 20
204.750000
  0
VERTEX
  8
14
 10
187.700000
 20
206.150000
  0
VERTEX
  8
14
 10
202.700000
 20
206.550000
  0
VERTEX
  8
14
 10
203.500000
 20
187.950000
  0
VERTEX
  8
14
 10
206.000000
 20
153.650000
  0
VERTEX
  8
14
 10
209.800000
 20
113.050000
  0
VERTEX
  8
14
 10
211.900000
 20
91.950000
  0
VERTEX
  8
14
 10
220.600000
 20
17.950000
  0
VERTEX
  8
14
 10
228.900000
 20
-48.250000
  0
VERTEX
  8
14
 10
230.200000
 20
-57.750000
  0
VERTEX
  8
14
 10
238.800000
 20
-124.350000
  0
VERTEX
  8
14
 10
201.300000
 20
-127.150000
  0
VERTEX
  8
14
 10
117.000000
 20
-133.550000
  0
VERTEX
  8
14
 10
12.800000
 20
-141.550000
  0
VERTEX
  8
14
 10
7.900000
 20
-111.150000
  0
VERTEX
  8
14
 10
1.800000
 20
-62.950000
  0
VERTEX
  8
14
 10
-5.700000
 20
-2.850000
  0
VERTEX
  8
14
 10
-12.700000
 20
54.150000
  0
VERTEX
  8
14
 10
-17.300000
 20
97.350000
  0
VERTEX
  8
14
 10
-20.000000
 20
124.350000
  0
SEQEND
  0
POINT
  8
2
 10
250.100000
 20
-133.550000
  0
TEXT
  8
2
 10
250.100000
 20
-133.550000
 40
0.250000
 50
0.000000
  1
#17
  0
POINT
  8
3
 10
202.000000
 20
-137.050000
  0
POINT
  8
3
 10
117.700000
 20
-143.450000
  0
POINT
  8
2
 10
13.100000
 20
-151.450000
  0
TEXT
  8
2
 10
13.100000
 20
-151.450000
 40
0.250000
 50
0.000000
  1
#20
  0
POINT
  8
2
 10
-27.000000
 20
-156.250000
  0
TEXT
  8
2
 10
-27.000000
 20
-156.250000
 40
0.250000
 50
0.000000
  1
#20
  0
POINT
  8
3
 10
-31.800000
 20
-115.950000
  0
POINT
  8
3
 10
-37.800000
 20
-67.950000
  0
POINT
  8
3
 10
-45.400000
 20
-7.750000
  0
POINT
  8
3
 10
-52.400000
 20
49.650000
  0
POINT
  8
3
 10
-57.100000
 20
93.350000
  0
POINT
  8
2
 10
-60.000000
 20
123.450000
  0
TEXT
  8
2
 10
-60.000000
 20
123.450000
 40
0.250000
 50
0.000000
  1
#13
  0
POINT
  8
2
 10
-29.700000
 20
126.050000
  0
TEXT
  8
2
 10
-29.700000
 20
126.050000
 40
0.250000
 50
0.000000
  1
#13
  0
POINT
  8
3
 10
-27.800000
 20
142.950000
  0
POINT
  8
3
 10
-25.000000
 20
156.850000
  0
POINT
  8
3
 10
-21.400000
 20
166.750000
  0
POINT
  8
3
 10
-17.400000
 20
173.450000
  0
POINT
  8
3
 10
-12.800000
 20
178.350000
  0
POINT
  8
3
 10
-7.400000
 20
182.350000
  0
POINT
  8
3
 10
-1.300000
 20
186.350000
  0
POINT
  8
3
 10
6.000000
 20
190.550000
  0
POINT
  8
3
 10
14.700000
 20
195.050000
  0
POINT
  8
3
 10
23.900000
 20
198.950000
  0
POINT
  8
3
 10
31.500000
 20
201.550000
  0
POINT
  8
3
 10
36.200000
 20
202.950000
  0
POINT
  8
3
 10
40.400000
 20
204.050000
  0
POINT
  8
2
 10
46.600000
 20
205.350000
  0
TEXT
  8
2
 10
46.600000
 20
205.350000
 40
0.250000
 50
0.000000
  1
#13
  0
POINT
  8
3
 10
54.500000
 20
206.750000
  0
POINT
  8
3
 10
63.400000
 20
208.050000
  0
POINT
  8
3
 10
72.100000
 20
209.150000
  0
POINT
  8
3
 10
87.000000
 20
210.650000
  0
POINT
  8
3
 10
105.100000
 20
212.350000
  0
POINT
  8
3
 10
145.100000
 20
214.650000
  0
POINT
  8
2
 10
187.500000
 20
216.050000
  0
TEXT
  8
2
 10
187.500000
 20
216.050000
 40
0.250000
 50
0.000000
  1
#8
  0
POINT
  8
2
 10
212.200000
 20
216.750000
  0
TEXT
  8
2
 10
212.200000
 20
216.750000
 40
0.250000
 50
0.000000
  1
#8
  0
POINT
  8
3
 10
213.400000
 20
188.550000
  0
POINT
  8
3
 10
215.900000
 20
154.450000
  0
POINT
  8
2
 10
219.700000
 20
113.950000
  0
TEXT
  8
2
 10
219.700000
 20
113.950000
 40
0.250000
 50
0.000000
  1
#8
  0
POINT
  8
3
 10
221.800000
 20
92.950000
  0
POINT
  8
3
 10
230.500000
 20
19.050000
  0
POINT
  8
2
 10
238.800000
 20
-47.050000
  0
TEXT
  8
2
 10
238.800000
 20
-47.050000
 40
0.250000
 50
0.000000
  1
#8
  0
POINT
  8
3
 10
240.100000
 20
-56.550000
  0
POINT
  8
2
 10
250.100000
 20
-133.550000
  0
POINT
  8
2
 10
204.000000
 20
180.850000
  0
POINT
  8
3
 10
201.100000
 20
180.650000
  0
POINT
  8
3
 10
154.500000
 20
178.850000
  0
POINT
  8
2
 10
110.600000
 20
177.650000
  0
TEXT
  8
2
 10
110.600000
 20
177.650000
 40
0.250000
 50
0.000000
  1
#13
  0
POINT
  8
2
 10
188.000000
 20
110.850000
  0
POINT
  8
2
 10
66.600000
 20
104.350000
  0
POINT
  8
3
 10
60.100000
 20
103.650000
  0
POINT
  8
3
 10
52.600000
 20
102.850000
  0
POINT
  8
3
 10
44.600000
 20
100.950000
  0
POINT
  8
3
 10
37.600000
 20
97.950000
  0
POINT
  8
3
 10
32.200000
 20
94.050000
  0
POINT
  8
3
 10
28.100000
 20
89.850000
  0
POINT
  8
3
 10
24.900000
 20
85.250000
  0
POINT
  8
3
 10
23.000000
 20
79.350000
  0
POINT
  8
3
 10
22.500000
 20
72.250000
  0
POINT
  8
2
 10
22.700000
 20
64.650000
  0
POINT
  8
2
 10
35.400000
 20
-34.650000
  0
POINT
  8
3
 10
36.300000
 20
-42.750000
  0
POINT
  8
3
 10
37.900000
 20
-49.550000
  0
POINT
  8
3
 10
40.000000
 20
-54.450000
  0
POINT
  8
3
 10
42.700000
 20
-57.950000
  0
POINT
  8
3
 10
45.800000
 20
-60.650000
  0
POINT
  8
3
 10
49.400000
 20
-62.350000
  0
POINT
  8
3
 10
54.300000
 20
-63.450000
  0
POINT
  8
3
 10
61.200000
 20
-63.350000
  0
POINT
  8
2
 10
64.500000
 20
-62.950000
  0
POINT
  8
2
 10
206.400000
 20
-50.150000
  0
POINT
  8
2
 10
188.000000
 20
110.850000
  0
POINT
  8
2
 10
79.000000
 20
143.750000
  0
TEXT
  8
2
 10
79.000000
 20
143.750000
 40
0.250000
 50
0.000000
  1
#13
  0
POINT
  8
2
 10
78.400000
 20
149.950000
  0
TEXT
  8
2
 10
78.400000
 20
149.950000
 40
0.250000
 50
0.000000
  1
#13
  0
POINT
  8
3
 10
92.000000
 20
151.350000
  0
POINT
  8
3
 10
112.600000
 20
152.850000
  0
POINT
  8
3
 10
148.000000
 20
154.650000
  0
POINT
  8
3
 10
200.400000
 20
156.450000
  0
POINT
  8
2
 10
205.700000
 20
156.650000
  0
POINT
  8
2
 10
79.000000
 20
143.650000
  0
TEXT
  8
2
 10
79.000000
 20
143.650000
 40
0.250000
 50
0.000000
  1
#13
  0
POINT
  8
3
 10
92.300000
 20
145.050000
  0
POINT
  8
3
 10
112.800000
 20
146.750000
  0
POINT
  8
3
 10
148.100000
 20
148.650000
  0
POINT
  8
3
 10
200.500000
 20
150.550000
  0
POINT
  8
2
 10
206.200000
 20
150.750000
  0
POINT
  8
2
 10
206.600000
 20
113.150000
  0
POINT
  8
2
 10
158.700000
 20
110.950000
  0
POINT
  8
2
 10
148.500000
 20
27.250000
  0
POINT
  8
2
 10
172.200000
 20
-53.950000
  0
POINT
  8
2
 10
225.400000
 20
-48.650000
  0
POINT
  8
2
 10
13.100000
 20
-151.450000
 39
2.500000
 50
92.385940
  0
POINT
  8
2
 10
46.600000
 20
205.350000
 39
2.500000
 50
281.768300
  0
POINT
  8
2
 10
219.700000
 20
113.950000
 39
2.500000
 50
184.763600
  0
POINT
  8
2
 10
238.800000
 20
-47.050000
 39
2.500000
 50
187.125000
  0
POINT
  8
2
 10
149.300000
 20
179.050000
  0
TEXT
  8
2
 10
149.300000
 20
179.050000
 40
0.250000
 50
0.000000
  1
#19
  0
POINT
  8
2
 10
186.000000
 20
107.650000
  0
TEXT
  8
2
 10
186.000000
 20
107.650000
 40
0.250000
 50
0.000000
  1
#8
  0
POINT
  8
2
 10
204.300000
 20
-48.950000
  0
TEXT
  8
2
 10
204.300000
 20
-48.950000
 40
0.250000
 50
0.000000
  1
#8
  0
POINT
  8
2
 10
69.700000
 20
101.550000
  0
TEXT
  8
2
 10
69.700000
 20
101.550000
 40
0.250000
 50
0.000000
  1
#8
  0
POINT
  8
2
 10
24.500000
 20
60.550000
  0
TEXT
  8
2
 10
24.500000
 20
60.550000
 40
0.250000
 50
0.000000
  1
#8
  0
POINT
  8
2
 10
36.900000
 20
-38.850000
  0
TEXT
  8
2
 10
36.900000
 20
-38.850000
 40
0.250000
 50
0.000000
  1
#8
  0
POINT
  8
2
 10
66.400000
 20
-61.150000
  0
TEXT
  8
2
 10
66.400000
 20
-61.150000
 40
0.250000
 50
0.000000
  1
#8
  0
POINT
  8
2
 10
-20.000000
 20
124.350000
  0
POINT
  8
3
 10
-17.900000
 20
141.450000
  0
POINT
  8
3
 10
-15.400000
 20
154.150000
  0
POINT
  8
3
 10
-12.500000
 20
162.450000
  0
POINT
  8
3
 10
-9.500000
 20
167.450000
  0
POINT
  8
3
 10
-6.200000
 20
170.950000
  0
POINT
  8
3
 10
-1.700000
 20
174.150000
  0
POINT
  8
3
 10
3.900000
 20
177.850000
  0
POINT
  8
3
 10
10.700000
 20
181.850000
  0
POINT
  8
3
 10
18.900000
 20
186.050000
  0
POINT
  8
3
 10
27.500000
 20
189.650000
  0
POINT
  8
3
 10
34.500000
 20
192.050000
  0
POINT
  8
3
 10
38.900000
 20
193.350000
  0
POINT
  8
3
 10
42.700000
 20
194.350000
  0
POINT
  8
2
 10
48.500000
 20
195.550000
  0
POINT
  8
3
 10
56.100000
 20
196.950000
  0
POINT
  8
3
 10
64.700000
 20
198.150000
  0
POINT
  8
3
 10
73.200000
 20
199.250000
  0
POINT
  8
3
 10
87.900000
 20
200.750000
  0
POINT
  8
3
 10
105.800000
 20
202.450000
  0
POINT
  8
3
 10
145.500000
 20
204.750000
  0
POINT
  8
2
 10
187.700000
 20
206.150000
  0
POINT
  8
2
 10
202.700000
 20
206.550000
  0
POINT
  8
3
 10
203.500000
 20
187.950000
  0
POINT
  8
3
 10
206.000000
 20
153.650000
  0
POINT
  8
2
 10
209.800000
 20
113.050000
  0
POINT
  8
3
 10
211.900000
 20
91.950000
  0
POINT
  8
3
 10
220.600000
 20
17.950000
  0
POINT
  8
2
 10
228.900000
 20
-48.250000
  0
POINT
  8
3
 10
230.200000
 20
-57.750000
  0
POINT
  8
2
 10
238.800000
 20
-124.350000
  0
POINT
  8
3
 10
201.300000
 20
-127.150000
  0
POINT
  8
3
 10
117.000000
 20
-133.550000
  0
POINT
  8
2
 10
12.800000
 20
-141.550000
  0
POINT
  8
3
 10
7.900000
 20
-111.150000
  0
POINT
  8
3
 10
1.800000
 20
-62.950000
  0
POINT
  8
3
 10
-5.700000
 20
-2.850000
  0
POINT
  8
3
 10
-12.700000
 20
54.150000
  0
POINT
  8
3
 10
-17.300000
 20
97.350000
  0
POINT
  8
2
 10
-20.000000
 20
124.350000
  0
POINT
  8
4
 10
13.100000
 20
-151.450000
 30
2.500000
 50
92.385940
  0
POINT
  8
4
 10
46.600000
 20
205.350000
 30
2.500000
 50
281.768300
  0
POINT
  8
4
 10
219.700000
 20
113.950000
 30
2.500000
 50
184.763600
  0
POINT
  8
4
 10
238.800000
 20
-47.050000
 30
2.500000
 50
187.125000
  0
POINT
  8
13
 10
149.300000
 20
179.050000
 30
3.000000
  0
TEXT
  8
13
 10
149.300000
 20
179.050000
 40
0.250000
 50
0.000000
  1
#19
  0
POINT
  8
13
 10
186.000000
 20
107.650000
 30
3.000000
  0
TEXT
  8
13
 10
186.000000
 20
107.650000
 40
0.250000
 50
0.000000
  1
#8
  0
POINT
  8
13
 10
204.300000
 20
-48.950000
 30
3.000000
  0
TEXT
  8
13
 10
204.300000
 20
-48.950000
 40
0.250000
 50
0.000000
  1
#8
  0
POINT
  8
13
 10
69.700000
 20
101.550000
 30
3.000000
  0
TEXT
  8
13
 10
69.700000
 20
101.550000
 40
0.250000
 50
0.000000
  1
#8
  0
POINT
  8
13
 10
24.500000
 20
60.550000
 30
3.000000
  0
TEXT
  8
13
 10
24.500000
 20
60.550000
 40
0.250000
 50
0.000000
  1
#8
  0
POINT
  8
13
 10
36.900000
 20
-38.850000
 30
3.000000
  0
TEXT
  8
13
 10
36.900000
 20
-38.850000
 40
0.250000
 50
0.000000
  1
#8
  0
POINT
  8
13
 10
66.400000
 20
-61.150000
 30
3.000000
  0
TEXT
  8
13
 10
66.400000
 20
-61.150000
 40
0.250000
 50
0.000000
  1
#8
  0
LINE
  8
5
 10
128.400000
 20
123.050000
 11
26.100000
 21
123.050000
  0
LINE
  8
7
 10
145.800000
 20
122.750000
 11
2.200000
 21
122.750000
  0
TEXT
  8
15
 10
200.100000
 20
27.550000
 40
5.254099
 50
275.095700
  1
POCKET
  0
TEXT
  8
15
 10
140.400000
 20
184.150000
 40
7.080000
 50
270.000000
  1
AUTOM
  0
TEXT
  8
15
 10
171.700000
 20
146.750000
 40
5.618182
 50
180.000000
  1
BACK STITCH
  0
TEXT
  8
1
 10
5.600000
 20
-110.400000
 40
10.000000
 50
0.000000
  1
Piece Name: LEFT BTTM FRONT 1P
  0
TEXT
  8
1
 10
5.600000
 20
-99.400000
 40
10.000000
 50
0.000000
  1
Size: 50
  0
TEXT
  8
1
 10
5.600000
 20
-88.400000
 40
10.000000
 50
0.000000
  1
Annotation: LEFT BTTM FRONT 1P
  0
TEXT
  8
1
 10
5.600000
 20
-77.400000
 40
10.000000
 50
0.000000
  1
Quantity: 1
  0
TEXT
  8
1
 10
5.600000
 20
-66.400000
 40
10.000000
 50
0.000000
  1
Material: LEATHER
  0
ENDBLK
  0
BLOCK
  8
1
  2
UP HIGH POCKET FLAP 2P
 70
     0
 10
0.00
 20
0.00
  0
POLYLINE
  8
84
 66
     1
 70
     1
  0
VERTEX
  8
84
 10
108.000000
 20
149.250000
  0
VERTEX
  8
84
 10
108.000000
 20
3.850000
  0
VERTEX
  8
84
 10
44.800000
 20
3.850000
  0
VERTEX
  8
84
 10
24.700000
 20
75.550000
  0
VERTEX
  8
84
 10
45.100000
 20
150.750000
  0
VERTEX
  8
84
 10
76.400000
 20
150.050000
  0
VERTEX
  8
84
 10
108.000000
 20
149.250000
  0
SEQEND
  0
POLYLINE
  8
1
 66
     1
 70
     1
  0
VERTEX
  8
1
 10
108.000000
 20
149.250000
  0
VERTEX
  8
1
 10
108.000000
 20
3.850000
  0
VERTEX
  8
1
 10
44.800000
 20
3.850000
  0
VERTEX
  8
1
 10
24.700000
 20
75.550000
  0
VERTEX
  8
1
 10
45.100000
 20
150.750000
  0
VERTEX
  8
1
 10
76.400000
 20
150.050000
  0
VERTEX
  8
1
 10
108.000000
 20
149.250000
  0
SEQEND
  0
POLYLINE
  8
87
 66
     1
  0
VERTEX
  8
87
 10
98.000000
 20
139.650000
  0
VERTEX
  8
87
 10
98.000000
 20
13.850000
  0
VERTEX
  8
87
 10
52.400000
 20
13.850000
  0
VERTEX
  8
87
 10
35.100000
 20
75.550000
  0
VERTEX
  8
87
 10
52.600000
 20
140.650000
  0
VERTEX
  8
87
 10
76.200000
 20
140.150000
  0
VERTEX
  8
87
 10
98.000000
 20
139.650000
  0
SEQEND
  0
POLYLINE
  8
14
 66
     1
  0
VERTEX
  8
14
 10
98.000000
 20
139.650000
  0
VERTEX
  8
14
 10
98.000000
 20
13.850000
  0
VERTEX
  8
14
 10
52.400000
 20
13.850000
  0
VERTEX
  8
14
 10
35.100000
 20
75.550000
  0
VERTEX
  8
14
 10
52.600000
 20
140.650000
  0
VERTEX
  8
14
 10
76.200000
 20
140.150000
  0
VERTEX
  8
14
 10
98.000000
 20
139.650000
  0
SEQEND
  0
POINT
  8
2
 10
108.000000
 20
149.250000
  0
POINT
  8
2
 10
108.000000
 20
3.850000
  0
POINT
  8
2
 10
44.800000
 20
3.850000
  0
POINT
  8
2
 10
24.700000
 20
75.550000
  0
POINT
  8
2
 10
45.100000
 20
150.750000
  0
POINT
  8
2
 10
76.400000
 20
150.050000
  0
POINT
  8
2
 10
108.000000
 20
149.250000
  0
POINT
  8
2
 10
76.400000
 20
150.050000
 39
2.500000
 50
270.000000
  0
POINT
  8
2
 10
59.100000
 20
75.450000
  0
TEXT
  8
2
 10
59.100000
 20
75.450000
 40
0.250000
 50
0.000000
  1
#8
  0
POINT
  8
2
 10
98.000000
 20
139.650000
  0
POINT
  8
2
 10
98.000000
 20
13.850000
  0
POINT
  8
2
 10
52.400000
 20
13.850000
  0
POINT
  8
2
 10
35.100000
 20
75.550000
  0
POINT
  8
2
 10
52.600000
 20
140.650000
  0
POINT
  8
2
 10
76.200000
 20
140.150000
  0
POINT
  8
2
 10
98.000000
 20
139.650000
  0
POINT
  8
4
 10
76.400000
 20
150.050000
 30
2.500000
 50
270.000000
  0
POINT
  8
13
 10
59.100000
 20
75.450000
 30
3.000000
  0
TEXT
  8
13
 10
59.100000
 20
75.450000
 40
0.250000
 50
0.000000
  1
#8
  0
LINE
  8
5
 10
90.100000
 20
123.150000
 11
64.500000
 21
122.950000
  0
LINE
  8
7
 10
98.000000
 20
123.250000
 11
59.100000
 21
123.350000
  0
TEXT
  8
15
 10
67.500000
 20
137.250000
 40
5.720140
 50
0.400663
  1
FRONT
  0
TEXT
  8
15
 10
51.700000
 20
79.050000
 40
7.150000
 50
270.000000
  1
SNAP
  0
TEXT
  8
1
 10
5.600000
 20
-110.400000
 40
10.000000
 50
0.000000
  1
Piece Name: UP HIGH POCKET FLAP 2P
  0
TEXT
  8
1
 10
5.600000
 20
-99.400000
 40
10.000000
 50
0.000000
  1
Size: 50
  0
TEXT
  8
1
 10
5.600000
 20
-88.400000
 40
10.000000
 50
0.000000
  1
Annotation: UP HIGH POCKET FLAP 2P
  0
TEXT
  8
1
 10
5.600000
 20
-77.400000
 40
10.000000
 50
0.000000
  1
Quantity: 1
  0
TEXT
  8
1
 10
5.600000
 20
-66.400000
 40
10.000000
 50
0.000000
  1
Material: LEATHER
  0
ENDBLK
  0
BLOCK
  8
1
  2
VELLUTO UNDER HIGH POCKET FLAP 2P
 70
     0
 10
0.00
 20
0.00
  0
POLYLINE
  8
84
 66
     1
 70
     1
  0
VERTEX
  8
84
 10
108.000000
 20
149.250000
  0
VERTEX
  8
84
 10
108.000000
 20
3.850000
  0
VERTEX
  8
84
 10
44.800000
 20
3.850000
  0
VERTEX
  8
84
 10
24.700000
 20
75.550000
  0
VERTEX
  8
84
 10
45.100000
 20
150.750000
  0
VERTEX
  8
84
 10
76.400000
 20
150.050000
  0
VERTEX
  8
84
 10
108.000000
 20
149.250000
  0
SEQEND
  0
POLYLINE
  8
1
 66
     1
 70
     1
  0
VERTEX
  8
1
 10
108.000000
 20
149.250000
  0
VERTEX
  8
1
 10
108.000000
 20
3.850000
  0
VERTEX
  8
1
 10
44.800000
 20
3.850000
  0
VERTEX
  8
1
 10
24.700000
 20
75.550000
  0
VERTEX
  8
1
 10
45.100000
 20
150.750000
  0
VERTEX
  8
1
 10
76.400000
 20
150.050000
  0
VERTEX
  8
1
 10
108.000000
 20
149.250000
  0
SEQEND
  0
POLYLINE
  8
87
 66
     1
  0
VERTEX
  8
87
 10
98.000000
 20
139.650000
  0
VERTEX
  8
87
 10
98.000000
 20
13.850000
  0
VERTEX
  8
87
 10
52.400000
 20
13.850000
  0
VERTEX
  8
87
 10
35.100000
 20
75.550000
  0
VERTEX
  8
87
 10
52.600000
 20
140.650000
  0
VERTEX
  8
87
 10
76.200000
 20
140.150000
  0
VERTEX
  8
87
 10
98.000000
 20
139.650000
  0
SEQEND
  0
POLYLINE
  8
14
 66
     1
  0
VERTEX
  8
14
 10
98.000000
 20
139.650000
  0
VERTEX
  8
14
 10
98.000000
 20
13.850000
  0
VERTEX
  8
14
 10
52.400000
 20
13.850000
  0
VERTEX
  8
14
 10
35.100000
 20
75.550000
  0
VERTEX
  8
14
 10
52.600000
 20
140.650000
  0
VERTEX
  8
14
 10
76.200000
 20
140.150000
  0
VERTEX
  8
14
 10
98.000000
 20
139.650000
  0
SEQEND
  0
POINT
  8
2
 10
108.000000
 20
149.250000
  0
POINT
  8
2
 10
108.000000
 20
3.850000
  0
POINT
  8
2
 10
44.800000
 20
3.850000
  0
POINT
  8
2
 10
24.700000
 20
75.550000
  0
POINT
  8
2
 10
45.100000
 20
150.750000
  0
POINT
  8
2
 10
76.400000
 20
150.050000
  0
POINT
  8
2
 10
108.000000
 20
149.250000
  0
POINT
  8
2
 10
76.400000
 20
150.050000
 39
2.500000
 50
270.000000
  0
POINT
  8
2
 10
98.000000
 20
139.650000
  0
POINT
  8
2
 10
98.000000
 20
13.850000
  0
POINT
  8
2
 10
52.400000
 20
13.850000
  0
POINT
  8
2
 10
35.100000
 20
75.550000
  0
POINT
  8
2
 10
52.600000
 20
140.650000
  0
POINT
  8
2
 10
76.200000
 20
140.150000
  0
POINT
  8
2
 10
98.000000
 20
139.650000
  0
POINT
  8
4
 10
76.400000
 20
150.050000
 30
2.500000
 50
270.000000
  0
LINE
  8
5
 10
90.100000
 20
123.150000
 11
64.500000
 21
122.950000
  0
LINE
  8
7
 10
98.000000
 20
123.250000
 11
59.100000
 21
123.350000
  0
TEXT
  8
15
 10
67.500000
 20
137.250000
 40
5.720140
 50
0.400663
  1
FRONT
  0
TEXT
  8
1
 10
5.600000
 20
-110.400000
 40
10.000000
 50
0.000000
  1
Piece Name: VELLUTO UNDER HIGH POCKET FLAP 2P
  0
TEXT
  8
1
 10
5.600000
 20
-99.400000
 40
10.000000
 50
0.000000
  1
Size: 50
  0
TEXT
  8
1
 10
5.600000
 20
-88.400000
 40
10.000000
 50
0.000000
  1
Annotation: VELLUTO UNDER HIGH POCKET FLAP 2P
  0
TEXT
  8
1
 10
5.600000
 20
-77.400000
 40
10.000000
 50
0.000000
  1
Quantity: 1
  0
TEXT
  8
1
 10
5.600000
 20
-66.400000
 40
10.000000
 50
0.000000
  1
Material: VELLUTO
  0
ENDBLK
  0
BLOCK
  8
1
  2
HIGH POCKET 2P
 70
     0
 10
0.00
 20
0.00
  0
POLYLINE
  8
84
 66
     1
 70
     1
  0
VERTEX
  8
84
 10
161.000000
 20
166.150000
  0
VERTEX
  8
84
 10
162.500000
 20
13.050000
  0
VERTEX
  8
84
 10
130.600000
 20
15.750000
  0
VERTEX
  8
84
 10
85.700000
 20
12.050000
  0
VERTEX
  8
84
 10
52.100000
 20
9.350000
  0
VERTEX
  8
84
 10
28.700000
 20
7.550000
  0
VERTEX
  8
84
 10
21.600000
 20
7.050000
  0
VERTEX
  8
84
 10
15.700000
 20
6.950000
  0
VERTEX
  8
84
 10
11.200000
 20
7.250000
  0
VERTEX
  8
84
 10
7.600000
 20
8.150001
  0
VERTEX
  8
84
 10
5.000000
 20
9.050000
  0
VERTEX
  8
84
 10
2.500000
 20
10.150000
  0
VERTEX
  8
84
 10
-0.400000
 20
11.750000
  0
VERTEX
  8
84
 10
-8.400001
 20
16.350000
  0
VERTEX
  8
84
 10
-11.600000
 20
23.050000
  0
VERTEX
  8
84
 10
-14.800000
 20
28.050000
  0
VERTEX
  8
84
 10
-17.100000
 20
32.950000
  0
VERTEX
  8
84
 10
-18.700000
 20
37.550000
  0
VERTEX
  8
84
 10
-19.800000
 20
42.950000
  0
VERTEX
  8
84
 10
-20.100000
 20
48.550000
  0
VERTEX
  8
84
 10
-20.400000
 20
53.950000
  0
VERTEX
  8
84
 10
-20.400000
 20
130.350000
  0
VERTEX
  8
84
 10
-19.800000
 20
139.150000
  0
VERTEX
  8
84
 10
-18.900000
 20
145.750000
  0
VERTEX
  8
84
 10
-17.700000
 20
149.950000
  0
VERTEX
  8
84
 10
-16.600000
 20
152.350000
  0
VERTEX
  8
84
 10
-15.200000
 20
154.550000
  0
VERTEX
  8
84
 10
-13.600000
 20
157.250000
  0
VERTEX
  8
84
 10
-8.600000
 20
163.950000
  0
VERTEX
  8
84
 10
-0.300000
 20
168.150000
  0
VERTEX
  8
84
 10
3.800000
 20
170.850000
  0
VERTEX
  8
84
 10
9.700000
 20
172.850000
  0
VERTEX
  8
84
 10
15.200000
 20
173.550000
  0
VERTEX
  8
84
 10
21.900000
 20
173.050000
  0
VERTEX
  8
84
 10
27.800000
 20
172.550000
  0
VERTEX
  8
84
 10
32.500000
 20
171.950000
  0
VERTEX
  8
84
 10
129.100000
 20
161.250000
  0
VERTEX
  8
84
 10
161.000000
 20
166.150000
  0
SEQEND
  0
POLYLINE
  8
1
 66
     1
 70
     1
  0
VERTEX
  8
1
 10
161.000000
 20
166.150000
  0
VERTEX
  8
1
 10
162.500000
 20
13.050000
  0
VERTEX
  8
1
 10
130.600000
 20
15.750000
  0
VERTEX
  8
1
 10
85.700000
 20
12.050000
  0
VERTEX
  8
1
 10
52.100000
 20
9.350000
  0
VERTEX
  8
1
 10
28.700000
 20
7.550000
  0
VERTEX
  8
1
 10
21.600000
 20
7.050000
  0
VERTEX
  8
1
 10
15.700000
 20
6.950000
  0
VERTEX
  8
1
 10
11.200000
 20
7.250000
  0
VERTEX
  8
1
 10
7.600000
 20
8.150001
  0
VERTEX
  8
1
 10
5.000000
 20
9.050000
  0
VERTEX
  8
1
 10
2.500000
 20
10.150000
  0
VERTEX
  8
1
 10
-0.400000
 20
11.750000
  0
VERTEX
  8
1
 10
-8.400001
 20
16.350000
  0
VERTEX
  8
1
 10
-11.600000
 20
23.050000
  0
VERTEX
  8
1
 10
-14.800000
 20
28.050000
  0
VERTEX
  8
1
 10
-17.100000
 20
32.950000
  0
VERTEX
  8
1
 10
-18.700000
 20
37.550000
  0
VERTEX
  8
1
 10
-19.800000
 20
42.950000
  0
VERTEX
  8
1
 10
-20.100000
 20
48.550000
  0
VERTEX
  8
1
 10
-20.400000
 20
53.950000
  0
VERTEX
  8
1
 10
-20.400000
 20
130.350000
  0
VERTEX
  8
1
 10
-19.800000
 20
139.150000
  0
VERTEX
  8
1
 10
-18.900000
 20
145.750000
  0
VERTEX
  8
1
 10
-17.700000
 20
149.950000
  0
VERTEX
  8
1
 10
-16.600000
 20
152.350000
  0
VERTEX
  8
1
 10
-15.200000
 20
154.550000
  0
VERTEX
  8
1
 10
-13.600000
 20
157.250000
  0
VERTEX
  8
1
 10
-8.600000
 20
163.950000
  0
VERTEX
  8
1
 10
-0.300000
 20
168.150000
  0
VERTEX
  8
1
 10
3.800000
 20
170.850000
  0
VERTEX
  8
1
 10
9.700000
 20
172.850000
  0
VERTEX
  8
1
 10
15.200000
 20
173.550000
  0
VERTEX
  8
1
 10
21.900000
 20
173.050000
  0
VERTEX
  8
1
 10
27.800000
 20
172.550000
  0
VERTEX
  8
1
 10
32.500000
 20
171.950000
  0
VERTEX
  8
1
 10
129.100000
 20
161.250000
  0
VERTEX
  8
1
 10
161.000000
 20
166.150000
  0
SEQEND
  0
POLYLINE
  8
85
 66
     1
  0
VERTEX
  8
85
 10
6.200000
 20
159.350000
  0
VERTEX
  8
85
 10
18.500000
 20
136.250000
  0
VERTEX
  8
85
 10
-5.500000
 20
150.850000
  0
SEQEND
  0
POLYLINE
  8
8
 66
     1
  0
VERTEX
  8
8
 10
6.200000
 20
159.350000
  0
VERTEX
  8
8
 10
18.500000
 20
136.250000
  0
VERTEX
  8
8
 10
-5.500000
 20
150.850000
  0
SEQEND
  0
POLYLINE
  8
85
 66
     1
  0
VERTEX
  8
85
 10
-5.200000
 20
29.850000
  0
VERTEX
  8
85
 10
20.100000
 20
43.350000
  0
VERTEX
  8
85
 10
8.400001
 20
21.250000
  0
SEQEND
  0
POLYLINE
  8
8
 66
     1
  0
VERTEX
  8
8
 10
-5.200000
 20
29.850000
  0
VERTEX
  8
8
 10
20.100000
 20
43.350000
  0
VERTEX
  8
8
 10
8.400001
 20
21.250000
  0
SEQEND
  0
POLYLINE
  8
85
 66
     1
  0
VERTEX
  8
85
 10
111.000000
 20
23.050000
  0
VERTEX
  8
85
 10
109.300000
 20
150.850000
  0
SEQEND
  0
POLYLINE
  8
8
 66
     1
  0
VERTEX
  8
8
 10
111.000000
 20
23.050000
  0
VERTEX
  8
8
 10
109.300000
 20
150.850000
  0
SEQEND
  0
POLYLINE
  8
87
 66
     1
  0
VERTEX
  8
87
 10
129.300000
 20
151.250000
  0
VERTEX
  8
87
 10
130.400000
 20
25.750000
  0
VERTEX
  8
87
 10
84.900000
 20
21.950000
  0
VERTEX
  8
87
 10
51.400000
 20
19.250000
  0
VERTEX
  8
87
 10
28.000000
 20
17.450000
  0
VERTEX
  8
87
 10
21.200000
 20
16.950000
  0
VERTEX
  8
87
 10
16.000000
 20
16.850000
  0
VERTEX
  8
87
 10
12.700000
 20
17.050000
  0
VERTEX
  8
87
 10
10.400000
 20
17.750000
  0
VERTEX
  8
87
 10
8.600000
 20
18.350000
  0
VERTEX
  8
87
 10
6.900000
 20
19.050000
  0
VERTEX
  8
87
 10
4.500000
 20
20.450000
  0
VERTEX
  8
87
 10
-0.600000
 20
23.250000
  0
VERTEX
  8
87
 10
-2.900000
 20
27.850000
  0
VERTEX
  8
87
 10
-6.100000
 20
32.850000
  0
VERTEX
  8
87
 10
-7.900000
 20
36.650000
  0
VERTEX
  8
87
 10
-9.100000
 20
40.150000
  0
VERTEX
  8
87
 10
-10.000000
 20
44.150000
  0
VERTEX
  8
87
 10
-10.200000
 20
49.050000
  0
VERTEX
  8
87
 10
-10.400000
 20
54.250000
  0
VERTEX
  8
87
 10
-10.400000
 20
130.050000
  0
VERTEX
  8
87
 10
-9.900001
 20
138.150000
  0
VERTEX
  8
87
 10
-9.100000
 20
143.750000
  0
VERTEX
  8
87
 10
-8.400001
 20
146.550000
  0
VERTEX
  8
87
 10
-7.900000
 20
147.650000
  0
VERTEX
  8
87
 10
-6.700000
 20
149.350000
  0
VERTEX
  8
87
 10
-5.200000
 20
152.050000
  0
VERTEX
  8
87
 10
-2.300000
 20
156.550000
  0
VERTEX
  8
87
 10
4.700000
 20
159.550000
  0
VERTEX
  8
87
 10
8.100000
 20
161.950000
  0
VERTEX
  8
87
 10
11.900000
 20
163.150000
  0
VERTEX
  8
87
 10
15.500000
 20
163.650000
  0
VERTEX
  8
87
 10
21.200000
 20
163.150000
  0
VERTEX
  8
87
 10
26.800000
 20
162.650000
  0
VERTEX
  8
87
 10
31.400000
 20
162.050000
  0
VERTEX
  8
87
 10
128.300000
 20
151.450000
  0
VERTEX
  8
87
 10
129.300000
 20
151.250000
  0
SEQEND
  0
POLYLINE
  8
14
 66
     1
  0
VERTEX
  8
14
 10
129.300000
 20
151.250000
  0
VERTEX
  8
14
 10
130.400000
 20
25.750000
  0
VERTEX
  8
14
 10
84.900000
 20
21.950000
  0
VERTEX
  8
14
 10
51.400000
 20
19.250000
  0
VERTEX
  8
14
 10
28.000000
 20
17.450000
  0
VERTEX
  8
14
 10
21.200000
 20
16.950000
  0
VERTEX
  8
14
 10
16.000000
 20
16.850000
  0
VERTEX
  8
14
 10
12.700000
 20
17.050000
  0
VERTEX
  8
14
 10
10.400000
 20
17.750000
  0
VERTEX
  8
14
 10
8.600000
 20
18.350000
  0
VERTEX
  8
14
 10
6.900000
 20
19.050000
  0
VERTEX
  8
14
 10
4.500000
 20
20.450000
  0
VERTEX
  8
14
 10
-0.600000
 20
23.250000
  0
VERTEX
  8
14
 10
-2.900000
 20
27.850000
  0
VERTEX
  8
14
 10
-6.100000
 20
32.850000
  0
VERTEX
  8
14
 10
-7.900000
 20
36.650000
  0
VERTEX
  8
14
 10
-9.100000
 20
40.150000
  0
VERTEX
  8
14
 10
-10.000000
 20
44.150000
  0
VERTEX
  8
14
 10
-10.200000
 20
49.050000
  0
VERTEX
  8
14
 10
-10.400000
 20
54.250000
  0
VERTEX
  8
14
 10
-10.400000
 20
130.050000
  0
VERTEX
  8
14
 10
-9.900001
 20
138.150000
  0
VERTEX
  8
14
 10
-9.100000
 20
143.750000
  0
VERTEX
  8
14
 10
-8.400001
 20
146.550000
  0
VERTEX
  8
14
 10
-7.900000
 20
147.650000
  0
VERTEX
  8
14
 10
-6.700000
 20
149.350000
  0
VERTEX
  8
14
 10
-5.200000
 20
152.050000
  0
VERTEX
  8
14
 10
-2.300000
 20
156.550000
  0
VERTEX
  8
14
 10
4.700000
 20
159.550000
  0
VERTEX
  8
14
 10
8.100000
 20
161.950000
  0
VERTEX
  8
14
 10
11.900000
 20
163.150000
  0
VERTEX
  8
14
 10
15.500000
 20
163.650000
  0
VERTEX
  8
14
 10
21.200000
 20
163.150000
  0
VERTEX
  8
14
 10
26.800000
 20
162.650000
  0
VERTEX
  8
14
 10
31.400000
 20
162.050000
  0
VERTEX
  8
14
 10
128.300000
 20
151.450000
  0
VERTEX
  8
14
 10
129.300000
 20
151.250000
  0
SEQEND
  0
POINT
  8
2
 10
161.000000
 20
166.150000
  0
POINT
  8
2
 10
162.500000
 20
13.050000
  0
POINT
  8
2
 10
130.600000
 20
15.750000
  0
POINT
  8
3
 10
85.700000
 20
12.050000
  0
POINT
  8
3
 10
52.100000
 20
9.350000
  0
POINT
  8
2
 10
28.700000
 20
7.550000
  0
POINT
  8
3
 10
21.600000
 20
7.050000
  0
POINT
  8
3
 10
15.700000
 20
6.950000
  0
POINT
  8
3
 10
11.200000
 20
7.250000
  0
POINT
  8
3
 10
7.600000
 20
8.150001
  0
POINT
  8
3
 10
5.000000
 20
9.050000
  0
POINT
  8
3
 10
2.500000
 20
10.150000
  0
POINT
  8
2
 10
-0.400000
 20
11.750000
  0
POINT
  8
2
 10
-8.400001
 20
16.350000
  0
POINT
  8
2
 10
-11.600000
 20
23.050000
  0
POINT
  8
3
 10
-14.800000
 20
28.050000
  0
POINT
  8
3
 10
-17.100000
 20
32.950000
  0
POINT
  8
3
 10
-18.700000
 20
37.550000
  0
POINT
  8
3
 10
-19.800000
 20
42.950000
  0
POINT
  8
3
 10
-20.100000
 20
48.550000
  0
POINT
  8
2
 10
-20.400000
 20
53.950000
  0
POINT
  8
2
 10
-20.400000
 20
130.350000
  0
POINT
  8
3
 10
-19.800000
 20
139.150000
  0
POINT
  8
3
 10
-18.900000
 20
145.750000
  0
POINT
  8
3
 10
-17.700000
 20
149.950000
  0
POINT
  8
3
 10
-16.600000
 20
152.350000
  0
POINT
  8
3
 10
-15.200000
 20
154.550000
  0
POINT
  8
2
 10
-13.600000
 20
157.250000
  0
POINT
  8
2
 10
-8.600000
 20
163.950000
  0
POINT
  8
2
 10
-0.300000
 20
168.150000
  0
POINT
  8
3
 10
3.800000
 20
170.850000
  0
POINT
  8
3
 10
9.700000
 20
172.850000
  0
POINT
  8
3
 10
15.200000
 20
173.550000
  0
POINT
  8
3
 10
21.900000
 20
173.050000
  0
POINT
  8
3
 10
27.800000
 20
172.550000
  0
POINT
  8
2
 10
32.500000
 20
171.950000
  0
POINT
  8
2
 10
129.100000
 20
161.250000
  0
POINT
  8
2
 10
161.000000
 20
166.150000
  0
POINT
  8
2
 10
6.200000
 20
159.350000
  0
POINT
  8
2
 10
18.500000
 20
136.250000
  0
POINT
  8
2
 10
-5.500000
 20
150.850000
  0
POINT
  8
2
 10
-5.200000
 20
29.850000
  0
POINT
  8
2
 10
20.100000
 20
43.350000
  0
POINT
  8
2
 10
8.400001
 20
21.250000
  0
POINT
  8
2
 10
111.000000
 20
23.050000
  0
POINT
  8
2
 10
109.300000
 20
150.850000
  0
POINT
  8
2
 10
130.600000
 20
15.750000
 39
2.500000
 50
90.000000
  0
POINT
  8
2
 10
-0.400000
 20
11.750000
 39
2.500000
 50
60.255120
  0
POINT
  8
2
 10
-11.600000
 20
23.050000
 39
2.500000
 50
28.610460
  0
POINT
  8
2
 10
-13.600000
 20
157.250000
 39
2.500000
 50
328.240500
  0
POINT
  8
2
 10
-0.300000
 20
168.150000
 39
2.500000
 50
299.744900
  0
POINT
  8
2
 10
129.100000
 20
161.250000
 39
2.500000
 50
265.236400
  0
POINT
  8
2
 10
111.000000
 20
88.650000
  0
TEXT
  8
2
 10
111.000000
 20
88.650000
 40
0.250000
 50
0.000000
  1
#8
  0
POINT
  8
2
 10
18.500000
 20
136.250000
  0
TEXT
  8
2
 10
18.500000
 20
136.250000
 40
0.250000
 50
0.000000
  1
#8
  0
POINT
  8
2
 10
20.100000
 20
43.350000
  0
TEXT
  8
2
 10
20.100000
 20
43.350000
 40
0.250000
 50
0.000000
  1
#8
  0
POINT
  8
2
 10
129.300000
 20
151.250000
  0
POINT
  8
2
 10
130.400000
 20
25.750000
  0
POINT
  8
3
 10
84.900000
 20
21.950000
  0
POINT
  8
3
 10
51.400000
 20
19.250000
  0
POINT
  8
2
 10
28.000000
 20
17.450000
  0
POINT
  8
3
 10
21.200000
 20
16.950000
  0
POINT
  8
3
 10
16.000000
 20
16.850000
  0
POINT
  8
3
 10
12.700000
 20
17.050000
  0
POINT
  8
3
 10
10.400000
 20
17.750000
  0
POINT
  8
3
 10
8.600000
 20
18.350000
  0
POINT
  8
3
 10
6.900000
 20
19.050000
  0
POINT
  8
2
 10
4.500000
 20
20.450000
  0
POINT
  8
2
 10
-0.600000
 20
23.250000
  0
POINT
  8
2
 10
-2.900000
 20
27.850000
  0
POINT
  8
3
 10
-6.100000
 20
32.850000
  0
POINT
  8
3
 10
-7.900000
 20
36.650000
  0
POINT
  8
3
 10
-9.100000
 20
40.150000
  0
POINT
  8
3
 10
-10.000000
 20
44.150000
  0
POINT
  8
3
 10
-10.200000
 20
49.050000
  0
POINT
  8
2
 10
-10.400000
 20
54.250000
  0
POINT
  8
2
 10
-10.400000
 20
130.050000
  0
POINT
  8
3
 10
-9.900001
 20
138.150000
  0
POINT
  8
3
 10
-9.100000
 20
143.750000
  0
POINT
  8
3
 10
-8.400001
 20
146.550000
  0
POINT
  8
3
 10
-7.900000
 20
147.650000
  0
POINT
  8
3
 10
-6.700000
 20
149.350000
  0
POINT
  8
2
 10
-5.200000
 20
152.050000
  0
POINT
  8
2
 10
-2.300000
 20
156.550000
  0
POINT
  8
2
 10
4.700000
 20
159.550000
  0
POINT
  8
3
 10
8.100000
 20
161.950000
  0
POINT
  8
3
 10
11.900000
 20
163.150000
  0
POINT
  8
3
 10
15.500000
 20
163.650000
  0
POINT
  8
3
 10
21.200000
 20
163.150000
  0
POINT
  8
3
 10
26.800000
 20
162.650000
  0
POINT
  8
2
 10
31.400000
 20
162.050000
  0
POINT
  8
3
 10
128.300000
 20
151.450000
  0
POINT
  8
2
 10
129.300000
 20
151.250000
  0
POINT
  8
4
 10
130.600000
 20
15.750000
 30
2.500000
 50
90.000000
  0
POINT
  8
4
 10
-0.400000
 20
11.750000
 30
2.500000
 50
60.255120
  0
POINT
  8
4
 10
-11.600000
 20
23.050000
 30
2.500000
 50
28.610460
  0
POINT
  8
4
 10
-13.600000
 20
157.250000
 30
2.500000
 50
328.240500
  0
POINT
  8
4
 10
-0.300000
 20
168.150000
 30
2.500000
 50
299.744900
  0
POINT
  8
4
 10
129.100000
 20
161.250000
 30
2.500000
 50
265.236400
  0
POINT
  8
13
 10
111.000000
 20
88.650000
 30
3.000000
  0
TEXT
  8
13
 10
111.000000
 20
88.650000
 40
0.250000
 50
0.000000
  1
#8
  0
POINT
  8
13
 10
18.500000
 20
136.250000
 30
3.000000
  0
TEXT
  8
13
 10
18.500000
 20
136.250000
 40
0.250000
 50
0.000000
  1
#8
  0
POINT
  8
13
 10
20.100000
 20
43.350000
 30
3.000000
  0
TEXT
  8
13
 10
20.100000
 20
43.350000
 40
0.250000
 50
0.000000
  1
#8
  0
LINE
  8
5
 10
111.100000
 20
123.050000
 11
43.400000
 21
123.050000
  0
LINE
  8
7
 10
91.300000
 20
122.950000
 11
32.600000
 21
122.950000
  0
TEXT
  8
15
 10
106.600000
 20
90.950000
 40
7.350000
 50
270.000000
  1
SNAP
  0
TEXT
  8
15
 10
111.500000
 20
43.350000
 40
5.400000
 50
270.000000
  1
BACKSTITCH
  0
TEXT
  8
15
 10
131.000000
 20
144.250000
 40
3.971429
 50
270.000000
  1
TO BEND
  0
TEXT
  8
1
 10
5.600000
 20
-110.400000
 40
10.000000
 50
0.000000
  1
Piece Name: HIGH POCKET 2P
  0
TEXT
  8
1
 10
5.600000
 20
-99.400000
 40
10.000000
 50
0.000000
  1
Size: 50
  0
TEXT
  8
1
 10
5.600000
 20
-88.400000
 40
10.000000
 50
0.000000
  1
Annotation: HIGH POCKET 2P
  0
TEXT
  8
1
 10
5.600000
 20
-77.400000
 40
10.000000
 50
0.000000
  1
Quantity: 1
  0
TEXT
  8
1
 10
5.600000
 20
-66.400000
 40
10.000000
 50
0.000000
  1
Material: LEATHER
  0
ENDBLK
  0
BLOCK
  8
1
  2
LINING HIGH POCKET 2P
 70
     0
 10
0.00
 20
0.00
  0
POLYLINE
  8
84
 66
     1
 70
     1
  0
VERTEX
  8
84
 10
120.800000
 20
15.050000
  0
VERTEX
  8
84
 10
85.700000
 20
12.050000
  0
VERTEX
  8
84
 10
52.100000
 20
9.350000
  0
VERTEX
  8
84
 10
28.700000
 20
7.550000
  0
VERTEX
  8
84
 10
21.600000
 20
7.050000
  0
VERTEX
  8
84
 10
15.700000
 20
6.950000
  0
VERTEX
  8
84
 10
11.200000
 20
7.250000
  0
VERTEX
  8
84
 10
7.600000
 20
8.150001
  0
VERTEX
  8
84
 10
5.000000
 20
9.050000
  0
VERTEX
  8
84
 10
2.500000
 20
10.150000
  0
VERTEX
  8
84
 10
-0.400000
 20
11.750000
  0
VERTEX
  8
84
 10
-8.400001
 20
16.350000
  0
VERTEX
  8
84
 10
-11.600000
 20
23.050000
  0
VERTEX
  8
84
 10
-14.800000
 20
28.050000
  0
VERTEX
  8
84
 10
-17.100000
 20
32.950000
  0
VERTEX
  8
84
 10
-18.700000
 20
37.550000
  0
VERTEX
  8
84
 10
-19.800000
 20
42.950000
  0
VERTEX
  8
84
 10
-20.100000
 20
48.550000
  0
VERTEX
  8
84
 10
-20.400000
 20
53.950000
  0
VERTEX
  8
84
 10
-20.400000
 20
130.350000
  0
VERTEX
  8
84
 10
-19.800000
 20
139.150000
  0
VERTEX
  8
84
 10
-18.900000
 20
145.750000
  0
VERTEX
  8
84
 10
-17.700000
 20
149.950000
  0
VERTEX
  8
84
 10
-16.600000
 20
152.350000
  0
VERTEX
  8
84
 10
-15.200000
 20
154.550000
  0
VERTEX
  8
84
 10
-13.600000
 20
157.250000
  0
VERTEX
  8
84
 10
-8.600000
 20
163.950000
  0
VERTEX
  8
84
 10
-0.300000
 20
168.150000
  0
VERTEX
  8
84
 10
3.800000
 20
170.850000
  0
VERTEX
  8
84
 10
9.700000
 20
172.850000
  0
VERTEX
  8
84
 10
15.200000
 20
173.550000
  0
VERTEX
  8
84
 10
21.900000
 20
173.050000
  0
VERTEX
  8
84
 10
27.800000
 20
172.550000
  0
VERTEX
  8
84
 10
32.500000
 20
171.950000
  0
VERTEX
  8
84
 10
119.300000
 20
162.450000
  0
VERTEX
  8
84
 10
120.800000
 20
15.050000
  0
SEQEND
  0
POLYLINE
  8
1
 66
     1
 70
     1
  0
VERTEX
  8
1
 10
120.800000
 20
15.050000
  0
VERTEX
  8
1
 10
85.700000
 20
12.050000
  0
VERTEX
  8
1
 10
52.100000
 20
9.350000
  0
VERTEX
  8
1
 10
28.700000
 20
7.550000
  0
VERTEX
  8
1
 10
21.600000
 20
7.050000
  0
VERTEX
  8
1
 10
15.700000
 20
6.950000
  0
VERTEX
  8
1
 10
11.200000
 20
7.250000
  0
VERTEX
  8
1
 10
7.600000
 20
8.150001
  0
VERTEX
  8
1
 10
5.000000
 20
9.050000
  0
VERTEX
  8
1
 10
2.500000
 20
10.150000
  0
VERTEX
  8
1
 10
-0.400000
 20
11.750000
  0
VERTEX
  8
1
 10
-8.400001
 20
16.350000
  0
VERTEX
  8
1
 10
-11.600000
 20
23.050000
  0
VERTEX
  8
1
 10
-14.800000
 20
28.050000
  0
VERTEX
  8
1
 10
-17.100000
 20
32.950000
  0
VERTEX
  8
1
 10
-18.700000
 20
37.550000
  0
VERTEX
  8
1
 10
-19.800000
 20
42.950000
  0
VERTEX
  8
1
 10
-20.100000
 20
48.550000
  0
VERTEX
  8
1
 10
-20.400000
 20
53.950000
  0
VERTEX
  8
1
 10
-20.400000
 20
130.350000
  0
VERTEX
  8
1
 10
-19.800000
 20
139.150000
  0
VERTEX
  8
1
 10
-18.900000
 20
145.750000
  0
VERTEX
  8
1
 10
-17.700000
 20
149.950000
  0
VERTEX
  8
1
 10
-16.600000
 20
152.350000
  0
VERTEX
  8
1
 10
-15.200000
 20
154.550000
  0
VERTEX
  8
1
 10
-13.600000
 20
157.250000
  0
VERTEX
  8
1
 10
-8.600000
 20
163.950000
  0
VERTEX
  8
1
 10
-0.300000
 20
168.150000
  0
VERTEX
  8
1
 10
3.800000
 20
170.850000
  0
VERTEX
  8
1
 10
9.700000
 20
172.850000
  0
VERTEX
  8
1
 10
15.200000
 20
173.550000
  0
VERTEX
  8
1
 10
21.900000
 20
173.050000
  0
VERTEX
  8
1
 10
27.800000
 20
172.550000
  0
VERTEX
  8
1
 10
32.500000
 20
171.950000
  0
VERTEX
  8
1
 10
119.300000
 20
162.450000
  0
VERTEX
  8
1
 10
120.800000
 20
15.050000
  0
SEQEND
  0
POLYLINE
  8
85
 66
     1
  0
VERTEX
  8
85
 10
6.200000
 20
159.350000
  0
VERTEX
  8
85
 10
18.500000
 20
136.250000
  0
VERTEX
  8
85
 10
-5.500000
 20
150.850000
  0
SEQEND
  0
POLYLINE
  8
8
 66
     1
  0
VERTEX
  8
8
 10
6.200000
 20
159.350000
  0
VERTEX
  8
8
 10
18.500000
 20
136.250000
  0
VERTEX
  8
8
 10
-5.500000
 20
150.850000
  0
SEQEND
  0
POLYLINE
  8
85
 66
     1
  0
VERTEX
  8
85
 10
-5.200000
 20
29.850000
  0
VERTEX
  8
85
 10
20.100000
 20
43.350000
  0
VERTEX
  8
85
 10
8.400001
 20
21.250000
  0
SEQEND
  0
POLYLINE
  8
8
 66
     1
  0
VERTEX
  8
8
 10
-5.200000
 20
29.850000
  0
VERTEX
  8
8
 10
20.100000
 20
43.350000
  0
VERTEX
  8
8
 10
8.400001
 20
21.250000
  0
SEQEND
  0
POLYLINE
  8
87
 66
     1
  0
VERTEX
  8
87
 10
110.800000
 20
24.250000
  0
VERTEX
  8
87
 10
84.900000
 20
21.950000
  0
VERTEX
  8
87
 10
51.400000
 20
19.250000
  0
VERTEX
  8
87
 10
28.000000
 20
17.450000
  0
VERTEX
  8
87
 10
21.200000
 20
16.950000
  0
VERTEX
  8
87
 10
16.000000
 20
16.850000
  0
VERTEX
  8
87
 10
12.700000
 20
17.050000
  0
VERTEX
  8
87
 10
10.400000
 20
17.750000
  0
VERTEX
  8
87
 10
8.600000
 20
18.350000
  0
VERTEX
  8
87
 10
6.900000
 20
19.050000
  0
VERTEX
  8
87
 10
4.500000
 20
20.450000
  0
VERTEX
  8
87
 10
-0.600000
 20
23.250000
  0
VERTEX
  8
87
 10
-2.900000
 20
27.850000
  0
VERTEX
  8
87
 10
-6.100000
 20
32.850000
  0
VERTEX
  8
87
 10
-7.900000
 20
36.650000
  0
VERTEX
  8
87
 10
-9.100000
 20
40.150000
  0
VERTEX
  8
87
 10
-10.000000
 20
44.150000
  0
VERTEX
  8
87
 10
-10.200000
 20
49.050000
  0
VERTEX
  8
87
 10
-10.400000
 20
54.250000
  0
VERTEX
  8
87
 10
-10.400000
 20
130.050000
  0
VERTEX
  8
87
 10
-9.900001
 20
138.150000
  0
VERTEX
  8
87
 10
-9.100000
 20
143.750000
  0
VERTEX
  8
87
 10
-8.400001
 20
146.550000
  0
VERTEX
  8
87
 10
-7.900000
 20
147.650000
  0
VERTEX
  8
87
 10
-6.700000
 20
149.350000
  0
VERTEX
  8
87
 10
-5.200000
 20
152.050000
  0
VERTEX
  8
87
 10
-2.300000
 20
156.550000
  0
VERTEX
  8
87
 10
4.700000
 20
159.550000
  0
VERTEX
  8
87
 10
8.100000
 20
161.950000
  0
VERTEX
  8
87
 10
11.900000
 20
163.150000
  0
VERTEX
  8
87
 10
15.500000
 20
163.650000
  0
VERTEX
  8
87
 10
21.200000
 20
163.150000
  0
VERTEX
  8
87
 10
26.800000
 20
162.650000
  0
VERTEX
  8
87
 10
31.400000
 20
162.050000
  0
VERTEX
  8
87
 10
109.400000
 20
153.550000
  0
VERTEX
  8
87
 10
110.800000
 20
24.250000
  0
SEQEND
  0
POLYLINE
  8
14
 66
     1
  0
VERTEX
  8
14
 10
110.800000
 20
24.250000
  0
VERTEX
  8
14
 10
84.900000
 20
21.950000
  0
VERTEX
  8
14
 10
51.400000
 20
19.250000
  0
VERTEX
  8
14
 10
28.000000
 20
17.450000
  0
VERTEX
  8
14
 10
21.200000
 20
16.950000
  0
VERTEX
  8
14
 10
16.000000
 20
16.850000
  0
VERTEX
  8
14
 10
12.700000
 20
17.050000
  0
VERTEX
  8
14
 10
10.400000
 20
17.750000
  0
VERTEX
  8
14
 10
8.600000
 20
18.350000
  0
VERTEX
  8
14
 10
6.900000
 20
19.050000
  0
VERTEX
  8
14
 10
4.500000
 20
20.450000
  0
VERTEX
  8
14
 10
-0.600000
 20
23.250000
  0
VERTEX
  8
14
 10
-2.900000
 20
27.850000
  0
VERTEX
  8
14
 10
-6.100000
 20
32.850000
  0
VERTEX
  8
14
 10
-7.900000
 20
36.650000
  0
VERTEX
  8
14
 10
-9.100000
 20
40.150000
  0
VERTEX
  8
14
 10
-10.000000
 20
44.150000
  0
VERTEX
  8
14
 10
-10.200000
 20
49.050000
  0
VERTEX
  8
14
 10
-10.400000
 20
54.250000
  0
VERTEX
  8
14
 10
-10.400000
 20
130.050000
  0
VERTEX
  8
14
 10
-9.900001
 20
138.150000
  0
VERTEX
  8
14
 10
-9.100000
 20
143.750000
  0
VERTEX
  8
14
 10
-8.400001
 20
146.550000
  0
VERTEX
  8
14
 10
-7.900000
 20
147.650000
  0
VERTEX
  8
14
 10
-6.700000
 20
149.350000
  0
VERTEX
  8
14
 10
-5.200000
 20
152.050000
  0
VERTEX
  8
14
 10
-2.300000
 20
156.550000
  0
VERTEX
  8
14
 10
4.700000
 20
159.550000
  0
VERTEX
  8
14
 10
8.100000
 20
161.950000
  0
VERTEX
  8
14
 10
11.900000
 20
163.150000
  0
VERTEX
  8
14
 10
15.500000
 20
163.650000
  0
VERTEX
  8
14
 10
21.200000
 20
163.150000
  0
VERTEX
  8
14
 10
26.800000
 20
162.650000
  0
VERTEX
  8
14
 10
31.400000
 20
162.050000
  0
VERTEX
  8
14
 10
109.400000
 20
153.550000
  0
VERTEX
  8
14
 10
110.800000
 20
24.250000
  0
SEQEND
  0
POINT
  8
2
 10
120.800000
 20
15.050000
  0
POINT
  8
3
 10
85.700000
 20
12.050000
  0
POINT
  8
3
 10
52.100000
 20
9.350000
  0
POINT
  8
2
 10
28.700000
 20
7.550000
  0
POINT
  8
3
 10
21.600000
 20
7.050000
  0
POINT
  8
3
 10
15.700000
 20
6.950000
  0
POINT
  8
3
 10
11.200000
 20
7.250000
  0
POINT
  8
3
 10
7.600000
 20
8.150001
  0
POINT
  8
3
 10
5.000000
 20
9.050000
  0
POINT
  8
3
 10
2.500000
 20
10.150000
  0
POINT
  8
2
 10
-0.400000
 20
11.750000
  0
POINT
  8
2
 10
-8.400001
 20
16.350000
  0
POINT
  8
2
 10
-11.600000
 20
23.050000
  0
POINT
  8
3
 10
-14.800000
 20
28.050000
  0
POINT
  8
3
 10
-17.100000
 20
32.950000
  0
POINT
  8
3
 10
-18.700000
 20
37.550000
  0
POINT
  8
3
 10
-19.800000
 20
42.950000
  0
POINT
  8
3
 10
-20.100000
 20
48.550000
  0
POINT
  8
2
 10
-20.400000
 20
53.950000
  0
POINT
  8
2
 10
-20.400000
 20
130.350000
  0
POINT
  8
3
 10
-19.800000
 20
139.150000
  0
POINT
  8
3
 10
-18.900000
 20
145.750000
  0
POINT
  8
3
 10
-17.700000
 20
149.950000
  0
POINT
  8
3
 10
-16.600000
 20
152.350000
  0
POINT
  8
3
 10
-15.200000
 20
154.550000
  0
POINT
  8
2
 10
-13.600000
 20
157.250000
  0
POINT
  8
2
 10
-8.600000
 20
163.950000
  0
POINT
  8
2
 10
-0.300000
 20
168.150000
  0
POINT
  8
3
 10
3.800000
 20
170.850000
  0
POINT
  8
3
 10
9.700000
 20
172.850000
  0
POINT
  8
3
 10
15.200000
 20
173.550000
  0
POINT
  8
3
 10
21.900000
 20
173.050000
  0
POINT
  8
3
 10
27.800000
 20
172.550000
  0
POINT
  8
2
 10
32.500000
 20
171.950000
  0
POINT
  8
2
 10
119.300000
 20
162.450000
  0
POINT
  8
2
 10
120.800000
 20
15.050000
  0
POINT
  8
2
 10
6.200000
 20
159.350000
  0
POINT
  8
2
 10
18.500000
 20
136.250000
  0
POINT
  8
2
 10
-5.500000
 20
150.850000
  0
POINT
  8
2
 10
-5.200000
 20
29.850000
  0
POINT
  8
2
 10
20.100000
 20
43.350000
  0
POINT
  8
2
 10
8.400001
 20
21.250000
  0
POINT
  8
2
 10
-0.400000
 20
11.750000
 39
2.500000
 50
60.255120
  0
POINT
  8
2
 10
-11.600000
 20
23.050000
 39
2.500000
 50
28.610460
  0
POINT
  8
2
 10
-13.600000
 20
157.250000
 39
2.500000
 50
328.240500
  0
POINT
  8
2
 10
-0.300000
 20
168.150000
 39
2.500000
 50
299.744900
  0
POINT
  8
2
 10
18.500000
 20
136.250000
  0
TEXT
  8
2
 10
18.500000
 20
136.250000
 40
0.250000
 50
0.000000
  1
#8
  0
POINT
  8
2
 10
20.100000
 20
43.350000
  0
TEXT
  8
2
 10
20.100000
 20
43.350000
 40
0.250000
 50
0.000000
  1
#8
  0
POINT
  8
2
 10
110.800000
 20
24.250000
  0
POINT
  8
3
 10
84.900000
 20
21.950000
  0
POINT
  8
3
 10
51.400000
 20
19.250000
  0
POINT
  8
2
 10
28.000000
 20
17.450000
  0
POINT
  8
3
 10
21.200000
 20
16.950000
  0
POINT
  8
3
 10
16.000000
 20
16.850000
  0
POINT
  8
3
 10
12.700000
 20
17.050000
  0
POINT
  8
3
 10
10.400000
 20
17.750000
  0
POINT
  8
3
 10
8.600000
 20
18.350000
  0
POINT
  8
3
 10
6.900000
 20
19.050000
  0
POINT
  8
2
 10
4.500000
 20
20.450000
  0
POINT
  8
2
 10
-0.600000
 20
23.250000
  0
POINT
  8
2
 10
-2.900000
 20
27.850000
  0
POINT
  8
3
 10
-6.100000
 20
32.850000
  0
POINT
  8
3
 10
-7.900000
 20
36.650000
  0
POINT
  8
3
 10
-9.100000
 20
40.150000
  0
POINT
  8
3
 10
-10.000000
 20
44.150000
  0
POINT
  8
3
 10
-10.200000
 20
49.050000
  0
POINT
  8
2
 10
-10.400000
 20
54.250000
  0
POINT
  8
2
 10
-10.400000
 20
130.050000
  0
POINT
  8
3
 10
-9.900001
 20
138.150000
  0
POINT
  8
3
 10
-9.100000
 20
143.750000
  0
POINT
  8
3
 10
-8.400001
 20
146.550000
  0
POINT
  8
3
 10
-7.900000
 20
147.650000
  0
POINT
  8
3
 10
-6.700000
 20
149.350000
  0
POINT
  8
2
 10
-5.200000
 20
152.050000
  0
POINT
  8
2
 10
-2.300000
 20
156.550000
  0
POINT
  8
2
 10
4.700000
 20
159.550000
  0
POINT
  8
3
 10
8.100000
 20
161.950000
  0
POINT
  8
3
 10
11.900000
 20
163.150000
  0
POINT
  8
3
 10
15.500000
 20
163.650000
  0
POINT
  8
3
 10
21.200000
 20
163.150000
  0
POINT
  8
3
 10
26.800000
 20
162.650000
  0
POINT
  8
2
 10
31.400000
 20
162.050000
  0
POINT
  8
2
 10
109.400000
 20
153.550000
  0
POINT
  8
2
 10
110.800000
 20
24.250000
  0
POINT
  8
4
 10
-0.400000
 20
11.750000
 30
2.500000
 50
60.255120
  0
POINT
  8
4
 10
-11.600000
 20
23.050000
 30
2.500000
 50
28.610460
  0
POINT
  8
4
 10
-13.600000
 20
157.250000
 30
2.500000
 50
328.240500
  0
POINT
  8
4
 10
-0.300000
 20
168.150000
 30
2.500000
 50
299.744900
  0
POINT
  8
13
 10
18.500000
 20
136.250000
 30
3.000000
  0
TEXT
  8
13
 10
18.500000
 20
136.250000
 40
0.250000
 50
0.000000
  1
#8
  0
POINT
  8
13
 10
20.100000
 20
43.350000
 30
3.000000
  0
TEXT
  8
13
 10
20.100000
 20
43.350000
 40
0.250000
 50
0.000000
  1
#8
  0
LINE
  8
5
 10
69.000000
 20
123.050000
 11
9.400001
 21
123.050000
  0
LINE
  8
7
 10
91.300000
 20
122.950000
 11
32.600000
 21
122.950000
  0
TEXT
  8
1
 10
5.600000
 20
-110.400000
 40
10.000000
 50
0.000000
  1
Piece Name: LINING HIGH POCKET 2P
  0
TEXT
  8
1
 10
5.600000
 20
-99.400000
 40
10.000000
 50
0.000000
  1
Size: 50
  0
TEXT
  8
1
 10
5.600000
 20
-88.400000
 40
10.000000
 50
0.000000
  1
Annotation: LINING HIGH POCKET 2P
  0
TEXT
  8
1
 10
5.600000
 20
-77.400000
 40
10.000000
 50
0.000000
  1
Quantity: 1
  0
TEXT
  8
1
 10
5.600000
 20
-66.400000
 40
10.000000
 50
0.000000
  1
Material: LINING
  0
ENDBLK
  0
BLOCK
  8
1
  2
UP POCKET FLAP 2P
 70
     0
 10
0.00
 20
0.00
  0
POLYLINE
  8
84
 66
     1
 70
     1
  0
VERTEX
  8
84
 10
121.900000
 20
164.450000
  0
VERTEX
  8
84
 10
122.000000
 20
-17.450000
  0
VERTEX
  8
84
 10
47.200000
 20
-17.050000
  0
VERTEX
  8
84
 10
31.600000
 20
76.450000
  0
VERTEX
  8
84
 10
52.700000
 20
166.850000
  0
VERTEX
  8
84
 10
88.700000
 20
165.650000
  0
VERTEX
  8
84
 10
121.900000
 20
164.450000
  0
SEQEND
  0
POLYLINE
  8
1
 66
     1
 70
     1
  0
VERTEX
  8
1
 10
121.900000
 20
164.450000
  0
VERTEX
  8
1
 10
122.000000
 20
-17.450000
  0
VERTEX
  8
1
 10
47.200000
 20
-17.050000
  0
VERTEX
  8
1
 10
31.600000
 20
76.450000
  0
VERTEX
  8
1
 10
52.700000
 20
166.850000
  0
VERTEX
  8
1
 10
88.700000
 20
165.650000
  0
VERTEX
  8
1
 10
121.900000
 20
164.450000
  0
SEQEND
  0
POLYLINE
  8
87
 66
     1
  0
VERTEX
  8
87
 10
112.000000
 20
154.950000
  0
VERTEX
  8
87
 10
112.000000
 20
-7.450000
  0
VERTEX
  8
87
 10
55.700000
 20
-7.250000
  0
VERTEX
  8
87
 10
41.400000
 20
76.150000
  0
VERTEX
  8
87
 10
60.500000
 20
156.650000
  0
VERTEX
  8
87
 10
88.700000
 20
155.750000
  0
VERTEX
  8
87
 10
112.000000
 20
154.950000
  0
SEQEND
  0
POLYLINE
  8
14
 66
     1
  0
VERTEX
  8
14
 10
112.000000
 20
154.950000
  0
VERTEX
  8
14
 10
112.000000
 20
-7.450000
  0
VERTEX
  8
14
 10
55.700000
 20
-7.250000
  0
VERTEX
  8
14
 10
41.400000
 20
76.150000
  0
VERTEX
  8
14
 10
60.500000
 20
156.650000
  0
VERTEX
  8
14
 10
88.700000
 20
155.750000
  0
VERTEX
  8
14
 10
112.000000
 20
154.950000
  0
SEQEND
  0
POINT
  8
2
 10
121.900000
 20
164.450000
  0
POINT
  8
2
 10
122.000000
 20
-17.450000
  0
POINT
  8
2
 10
47.200000
 20
-17.050000
  0
POINT
  8
2
 10
31.600000
 20
76.450000
  0
POINT
  8
2
 10
52.700000
 20
166.850000
  0
POINT
  8
2
 10
88.700000
 20
165.650000
  0
POINT
  8
2
 10
121.900000
 20
164.450000
  0
POINT
  8
2
 10
88.700000
 20
165.650000
 39
2.500000
 50
270.000000
  0
POINT
  8
2
 10
67.300000
 20
75.650000
  0
TEXT
  8
2
 10
67.300000
 20
75.650000
 40
0.250000
 50
0.000000
  1
#8
  0
POINT
  8
2
 10
112.000000
 20
154.950000
  0
POINT
  8
2
 10
112.000000
 20
-7.450000
  0
POINT
  8
2
 10
55.700000
 20
-7.250000
  0
POINT
  8
2
 10
41.400000
 20
76.150000
  0
POINT
  8
2
 10
60.500000
 20
156.650000
  0
POINT
  8
2
 10
88.700000
 20
155.750000
  0
POINT
  8
2
 10
112.000000
 20
154.950000
  0
POINT
  8
4
 10
88.700000
 20
165.650000
 30
2.500000
 50
270.000000
  0
POINT
  8
13
 10
67.300000
 20
75.650000
 30
3.000000
  0
TEXT
  8
13
 10
67.300000
 20
75.650000
 40
0.250000
 50
0.000000
  1
#8
  0
LINE
  8
5
 10
92.900000
 20
123.050000
 11
61.800000
 21
123.150000
  0
LINE
  8
7
 10
102.900000
 20
123.550000
 11
63.800000
 21
123.650000
  0
TEXT
  8
15
 10
57.000000
 20
81.250000
 40
9.150137
 50
270.313100
  1
SNAP
  0
TEXT
  8
1
 10
5.600000
 20
-110.400000
 40
10.000000
 50
0.000000
  1
Piece Name: UP POCKET FLAP 2P
  0
TEXT
  8
1
 10
5.600000
 20
-99.400000
 40
10.000000
 50
0.000000
  1
Size: 50
  0
TEXT
  8
1
 10
5.600000
 20
-88.400000
 40
10.000000
 50
0.000000
  1
Annotation: UP POCKET FLAP 2P
  0
TEXT
  8
1
 10
5.600000
 20
-77.400000
 40
10.000000
 50
0.000000
  1
Quantity: 1
  0
TEXT
  8
1
 10
5.600000
 20
-66.400000
 40
10.000000
 50
0.000000
  1
Material: LEATHER
  0
ENDBLK
  0
BLOCK
  8
1
  2
VELLUTO UNDER POCKET FLAP 2P
 70
     0
 10
0.00
 20
0.00
  0
POLYLINE
  8
84
 66
     1
 70
     1
  0
VERTEX
  8
84
 10
121.900000
 20
164.450000
  0
VERTEX
  8
84
 10
122.000000
 20
-17.450000
  0
VERTEX
  8
84
 10
47.200000
 20
-17.050000
  0
VERTEX
  8
84
 10
31.600000
 20
76.450000
  0
VERTEX
  8
84
 10
52.700000
 20
166.850000
  0
VERTEX
  8
84
 10
88.700000
 20
165.650000
  0
VERTEX
  8
84
 10
121.900000
 20
164.450000
  0
SEQEND
  0
POLYLINE
  8
1
 66
     1
 70
     1
  0
VERTEX
  8
1
 10
121.900000
 20
164.450000
  0
VERTEX
  8
1
 10
122.000000
 20
-17.450000
  0
VERTEX
  8
1
 10
47.200000
 20
-17.050000
  0
VERTEX
  8
1
 10
31.600000
 20
76.450000
  0
VERTEX
  8
1
 10
52.700000
 20
166.850000
  0
VERTEX
  8
1
 10
88.700000
 20
165.650000
  0
VERTEX
  8
1
 10
121.900000
 20
164.450000
  0
SEQEND
  0
POLYLINE
  8
87
 66
     1
  0
VERTEX
  8
87
 10
112.000000
 20
154.950000
  0
VERTEX
  8
87
 10
112.000000
 20
-7.450000
  0
VERTEX
  8
87
 10
55.700000
 20
-7.250000
  0
VERTEX
  8
87
 10
41.400000
 20
76.150000
  0
VERTEX
  8
87
 10
60.500000
 20
156.650000
  0
VERTEX
  8
87
 10
88.700000
 20
155.750000
  0
VERTEX
  8
87
 10
112.000000
 20
154.950000
  0
SEQEND
  0
POLYLINE
  8
14
 66
     1
  0
VERTEX
  8
14
 10
112.000000
 20
154.950000
  0
VERTEX
  8
14
 10
112.000000
 20
-7.450000
  0
VERTEX
  8
14
 10
55.700000
 20
-7.250000
  0
VERTEX
  8
14
 10
41.400000
 20
76.150000
  0
VERTEX
  8
14
 10
60.500000
 20
156.650000
  0
VERTEX
  8
14
 10
88.700000
 20
155.750000
  0
VERTEX
  8
14
 10
112.000000
 20
154.950000
  0
SEQEND
  0
POINT
  8
2
 10
121.900000
 20
164.450000
  0
POINT
  8
2
 10
122.000000
 20
-17.450000
  0
POINT
  8
2
 10
47.200000
 20
-17.050000
  0
POINT
  8
2
 10
31.600000
 20
76.450000
  0
POINT
  8
2
 10
52.700000
 20
166.850000
  0
POINT
  8
2
 10
88.700000
 20
165.650000
  0
POINT
  8
2
 10
121.900000
 20
164.450000
  0
POINT
  8
2
 10
88.700000
 20
165.650000
 39
2.500000
 50
270.000000
  0
POINT
  8
2
 10
112.000000
 20
154.950000
  0
POINT
  8
2
 10
112.000000
 20
-7.450000
  0
POINT
  8
2
 10
55.700000
 20
-7.250000
  0
POINT
  8
2
 10
41.400000
 20
76.150000
  0
POINT
  8
2
 10
60.500000
 20
156.650000
  0
POINT
  8
2
 10
88.700000
 20
155.750000
  0
POINT
  8
2
 10
112.000000
 20
154.950000
  0
POINT
  8
4
 10
88.700000
 20
165.650000
 30
2.500000
 50
270.000000
  0
LINE
  8
5
 10
92.900000
 20
123.050000
 11
61.800000
 21
123.150000
  0
LINE
  8
7
 10
102.900000
 20
123.550000
 11
63.800000
 21
123.650000
  0
TEXT
  8
1
 10
5.600000
 20
-110.400000
 40
10.000000
 50
0.000000
  1
Piece Name: VELLUTO UNDER POCKET FLAP 2P
  0
TEXT
  8
1
 10
5.600000
 20
-99.400000
 40
10.000000
 50
0.000000
  1
Size: 50
  0
TEXT
  8
1
 10
5.600000
 20
-88.400000
 40
10.000000
 50
0.000000
  1
Annotation: VELLUTO UNDER POCKET FLAP 2P
  0
TEXT
  8
1
 10
5.600000
 20
-77.400000
 40
10.000000
 50
0.000000
  1
Quantity: 1
  0
TEXT
  8
1
 10
5.600000
 20
-66.400000
 40
10.000000
 50
0.000000
  1
Material: VELLUTO
  0
ENDBLK
  0
BLOCK
  8
1
  2
POCKET 2P
 70
     0
 10
0.00
 20
0.00
  0
POLYLINE
  8
84
 66
     1
 70
     1
  0
VERTEX
  8
84
 10
185.600000
 20
156.050000
  0
VERTEX
  8
84
 10
185.600000
 20
-35.050000
  0
VERTEX
  8
84
 10
153.400000
 20
-31.350000
  0
VERTEX
  8
84
 10
84.300000
 20
-36.750000
  0
VERTEX
  8
84
 10
41.000000
 20
-40.150000
  0
VERTEX
  8
84
 10
22.000000
 20
-41.550000
  0
VERTEX
  8
84
 10
16.000000
 20
-42.050000
  0
VERTEX
  8
84
 10
9.100000
 20
-42.850000
  0
VERTEX
  8
84
 10
2.300000
 20
-43.350000
  0
VERTEX
  8
84
 10
-3.900000
 20
-42.950000
  0
VERTEX
  8
84
 10
-8.800000
 20
-42.150000
  0
VERTEX
  8
84
 10
-12.400000
 20
-41.450000
  0
VERTEX
  8
84
 10
-15.500000
 20
-40.450000
  0
VERTEX
  8
84
 10
-18.000000
 20
-38.950000
  0
VERTEX
  8
84
 10
-19.700000
 20
-37.450000
  0
VERTEX
  8
84
 10
-28.700000
 20
-32.250000
  0
VERTEX
  8
84
 10
-34.200000
 20
-23.650000
  0
VERTEX
  8
84
 10
-37.000000
 20
-20.250000
  0
VERTEX
  8
84
 10
-38.500000
 20
-17.750000
  0
VERTEX
  8
84
 10
-40.400000
 20
-12.650000
  0
VERTEX
  8
84
 10
-41.300000
 20
-4.550000
  0
VERTEX
  8
84
 10
-41.900000
 20
3.250000
  0
VERTEX
  8
84
 10
-41.800000
 20
13.350000
  0
VERTEX
  8
84
 10
-41.900000
 20
57.850000
  0
VERTEX
  8
84
 10
-41.900000
 20
91.650000
  0
VERTEX
  8
84
 10
-41.900000
 20
118.850000
  0
VERTEX
  8
84
 10
-41.600000
 20
128.850000
  0
VERTEX
  8
84
 10
-40.500000
 20
135.250000
  0
VERTEX
  8
84
 10
-38.500000
 20
140.250000
  0
VERTEX
  8
84
 10
-36.500000
 20
145.950000
  0
VERTEX
  8
84
 10
-34.200000
 20
149.050000
  0
VERTEX
  8
84
 10
-29.300000
 20
155.750000
  0
VERTEX
  8
84
 10
-18.700000
 20
161.250000
  0
VERTEX
  8
84
 10
-15.600000
 20
163.050000
  0
VERTEX
  8
84
 10
-11.600000
 20
165.050000
  0
VERTEX
  8
84
 10
-6.000000
 20
166.950000
  0
VERTEX
  8
84
 10
2.000000
 20
167.850000
  0
VERTEX
  8
84
 10
9.300000
 20
167.550000
  0
VERTEX
  8
84
 10
15.400000
 20
166.950000
  0
VERTEX
  8
84
 10
21.100000
 20
166.350000
  0
VERTEX
  8
84
 10
89.600000
 20
159.450000
  0
VERTEX
  8
84
 10
153.400000
 20
152.450000
  0
VERTEX
  8
84
 10
185.600000
 20
156.050000
  0
SEQEND
  0
POLYLINE
  8
1
 66
     1
 70
     1
  0
VERTEX
  8
1
 10
185.600000
 20
156.050000
  0
VERTEX
  8
1
 10
185.600000
 20
-35.050000
  0
VERTEX
  8
1
 10
153.400000
 20
-31.350000
  0
VERTEX
  8
1
 10
84.300000
 20
-36.750000
  0
VERTEX
  8
1
 10
41.000000
 20
-40.150000
  0
VERTEX
  8
1
 10
22.000000
 20
-41.550000
  0
VERTEX
  8
1
 10
16.000000
 20
-42.050000
  0
VERTEX
  8
1
 10
9.100000
 20
-42.850000
  0
VERTEX
  8
1
 10
2.300000
 20
-43.350000
  0
VERTEX
  8
1
 10
-3.900000
 20
-42.950000
  0
VERTEX
  8
1
 10
-8.800000
 20
-42.150000
  0
VERTEX
  8
1
 10
-12.400000
 20
-41.450000
  0
VERTEX
  8
1
 10
-15.500000
 20
-40.450000
  0
VERTEX
  8
1
 10
-18.000000
 20
-38.950000
  0
VERTEX
  8
1
 10
-19.700000
 20
-37.450000
  0
VERTEX
  8
1
 10
-28.700000
 20
-32.250000
  0
VERTEX
  8
1
 10
-34.200000
 20
-23.650000
  0
VERTEX
  8
1
 10
-37.000000
 20
-20.250000
  0
VERTEX
  8
1
 10
-38.500000
 20
-17.750000
  0
VERTEX
  8
1
 10
-40.400000
 20
-12.650000
  0
VERTEX
  8
1
 10
-41.300000
 20
-4.550000
  0
VERTEX
  8
1
 10
-41.900000
 20
3.250000
  0
VERTEX
  8
1
 10
-41.800000
 20
13.350000
  0
VERTEX
  8
1
 10
-41.900000
 20
57.850000
  0
VERTEX
  8
1
 10
-41.900000
 20
91.650000
  0
VERTEX
  8
1
 10
-41.900000
 20
118.850000
  0
VERTEX
  8
1
 10
-41.600000
 20
128.850000
  0
VERTEX
  8
1
 10
-40.500000
 20
135.250000
  0
VERTEX
  8
1
 10
-38.500000
 20
140.250000
  0
VERTEX
  8
1
 10
-36.500000
 20
145.950000
  0
VERTEX
  8
1
 10
-34.200000
 20
149.050000
  0
VERTEX
  8
1
 10
-29.300000
 20
155.750000
  0
VERTEX
  8
1
 10
-18.700000
 20
161.250000
  0
VERTEX
  8
1
 10
-15.600000
 20
163.050000
  0
VERTEX
  8
1
 10
-11.600000
 20
165.050000
  0
VERTEX
  8
1
 10
-6.000000
 20
166.950000
  0
VERTEX
  8
1
 10
2.000000
 20
167.850000
  0
VERTEX
  8
1
 10
9.300000
 20
167.550000
  0
VERTEX
  8
1
 10
15.400000
 20
166.950000
  0
VERTEX
  8
1
 10
21.100000
 20
166.350000
  0
VERTEX
  8
1
 10
89.600000
 20
159.450000
  0
VERTEX
  8
1
 10
153.400000
 20
152.450000
  0
VERTEX
  8
1
 10
185.600000
 20
156.050000
  0
SEQEND
  0
POLYLINE
  8
85
 66
     1
  0
VERTEX
  8
85
 10
-14.900000
 20
153.550000
  0
VERTEX
  8
85
 10
2.200000
 20
124.250000
  0
VERTEX
  8
85
 10
-26.200000
 20
142.550000
  0
SEQEND
  0
POLYLINE
  8
8
 66
     1
  0
VERTEX
  8
8
 10
-14.900000
 20
153.550000
  0
VERTEX
  8
8
 10
2.200000
 20
124.250000
  0
VERTEX
  8
8
 10
-26.200000
 20
142.550000
  0
SEQEND
  0
POLYLINE
  8
85
 66
     1
  0
VERTEX
  8
85
 10
-28.300000
 20
-17.950000
  0
VERTEX
  8
85
 10
1.100000
 20
-0.950000
  0
VERTEX
  8
85
 10
-13.300000
 20
-30.350000
  0
SEQEND
  0
POLYLINE
  8
8
 66
     1
  0
VERTEX
  8
8
 10
-28.300000
 20
-17.950000
  0
VERTEX
  8
8
 10
1.100000
 20
-0.950000
  0
VERTEX
  8
8
 10
-13.300000
 20
-30.350000
  0
SEQEND
  0
POLYLINE
  8
85
 66
     1
  0
VERTEX
  8
85
 10
133.800000
 20
141.850000
  0
VERTEX
  8
85
 10
133.800000
 20
-22.750000
  0
SEQEND
  0
POLYLINE
  8
8
 66
     1
  0
VERTEX
  8
8
 10
133.800000
 20
141.850000
  0
VERTEX
  8
8
 10
133.800000
 20
-22.750000
  0
SEQEND
  0
POLYLINE
  8
87
 66
     1
  0
VERTEX
  8
87
 10
153.600000
 20
142.450000
  0
VERTEX
  8
87
 10
153.600000
 20
-21.250000
  0
VERTEX
  8
87
 10
83.600000
 20
-26.850000
  0
VERTEX
  8
87
 10
40.300000
 20
-30.250000
  0
VERTEX
  8
87
 10
21.300000
 20
-31.650000
  0
VERTEX
  8
87
 10
15.100000
 20
-32.150000
  0
VERTEX
  8
87
 10
8.200000
 20
-32.950000
  0
VERTEX
  8
87
 10
2.300000
 20
-33.450000
  0
VERTEX
  8
87
 10
-2.800000
 20
-33.050000
  0
VERTEX
  8
87
 10
-7.000000
 20
-32.350000
  0
VERTEX
  8
87
 10
-9.900001
 20
-31.750000
  0
VERTEX
  8
87
 10
-11.400000
 20
-31.450000
  0
VERTEX
  8
87
 10
-13.900000
 20
-29.450000
  0
VERTEX
  8
87
 10
-22.000000
 20
-25.250000
  0
VERTEX
  8
87
 10
-26.100000
 20
-17.850000
  0
VERTEX
  8
87
 10
-28.900000
 20
-14.550000
  0
VERTEX
  8
87
 10
-29.600000
 20
-13.450000
  0
VERTEX
  8
87
 10
-30.800000
 20
-10.350000
  0
VERTEX
  8
87
 10
-31.400000
 20
-3.650000
  0
VERTEX
  8
87
 10
-32.000000
 20
3.650000
  0
VERTEX
  8
87
 10
-31.900000
 20
13.350000
  0
VERTEX
  8
87
 10
-31.900000
 20
57.850000
  0
VERTEX
  8
87
 10
-31.900000
 20
91.650000
  0
VERTEX
  8
87
 10
-31.900000
 20
118.750000
  0
VERTEX
  8
87
 10
-31.700000
 20
127.950000
  0
VERTEX
  8
87
 10
-31.000000
 20
132.550000
  0
VERTEX
  8
87
 10
-29.200000
 20
136.750000
  0
VERTEX
  8
87
 10
-27.800000
 20
141.350000
  0
VERTEX
  8
87
 10
-26.200000
 20
143.150000
  0
VERTEX
  8
87
 10
-23.000000
 20
148.350000
  0
VERTEX
  8
87
 10
-14.300000
 20
152.450000
  0
VERTEX
  8
87
 10
-10.900000
 20
154.250000
  0
VERTEX
  8
87
 10
-7.800000
 20
155.850000
  0
VERTEX
  8
87
 10
-3.800000
 20
157.250000
  0
VERTEX
  8
87
 10
2.400000
 20
157.950000
  0
VERTEX
  8
87
 10
8.700000
 20
157.650000
  0
VERTEX
  8
87
 10
14.500000
 20
157.050000
  0
VERTEX
  8
87
 10
20.100000
 20
156.450000
  0
VERTEX
  8
87
 10
88.600000
 20
149.550000
  0
VERTEX
  8
87
 10
153.600000
 20
142.450000
  0
SEQEND
  0
POLYLINE
  8
14
 66
     1
  0
VERTEX
  8
14
 10
153.600000
 20
142.450000
  0
VERTEX
  8
14
 10
153.600000
 20
-21.250000
  0
VERTEX
  8
14
 10
83.600000
 20
-26.850000
  0
VERTEX
  8
14
 10
40.300000
 20
-30.250000
  0
VERTEX
  8
14
 10
21.300000
 20
-31.650000
  0
VERTEX
  8
14
 10
15.100000
 20
-32.150000
  0
VERTEX
  8
14
 10
8.200000
 20
-32.950000
  0
VERTEX
  8
14
 10
2.300000
 20
-33.450000
  0
VERTEX
  8
14
 10
-2.800000
 20
-33.050000
  0
VERTEX
  8
14
 10
-7.000000
 20
-32.350000
  0
VERTEX
  8
14
 10
-9.900001
 20
-31.750000
  0
VERTEX
  8
14
 10
-11.400000
 20
-31.450000
  0
VERTEX
  8
14
 10
-13.900000
 20
-29.450000
  0
VERTEX
  8
14
 10
-22.000000
 20
-25.250000
  0
VERTEX
  8
14
 10
-26.100000
 20
-17.850000
  0
VERTEX
  8
14
 10
-28.900000
 20
-14.550000
  0
VERTEX
  8
14
 10
-29.600000
 20
-13.450000
  0
VERTEX
  8
14
 10
-30.800000
 20
-10.350000
  0
VERTEX
  8
14
 10
-31.400000
 20
-3.650000
  0
VERTEX
  8
14
 10
-32.000000
 20
3.650000
  0
VERTEX
  8
14
 10
-31.900000
 20
13.350000
  0
VERTEX
  8
14
 10
-31.900000
 20
57.850000
  0
VERTEX
  8
14
 10
-31.900000
 20
91.650000
  0
VERTEX
  8
14
 10
-31.900000
 20
118.750000
  0
VERTEX
  8
14
 10
-31.700000
 20
127.950000
  0
VERTEX
  8
14
 10
-31.000000
 20
132.550000
  0
VERTEX
  8
14
 10
-29.200000
 20
136.750000
  0
VERTEX
  8
14
 10
-27.800000
 20
141.350000
  0
VERTEX
  8
14
 10
-26.200000
 20
143.150000
  0
VERTEX
  8
14
 10
-23.000000
 20
148.350000
  0
VERTEX
  8
14
 10
-14.300000
 20
152.450000
  0
VERTEX
  8
14
 10
-10.900000
 20
154.250000
  0
VERTEX
  8
14
 10
-7.800000
 20
155.850000
  0
VERTEX
  8
14
 10
-3.800000
 20
157.250000
  0
VERTEX
  8
14
 10
2.400000
 20
157.950000
  0
VERTEX
  8
14
 10
8.700000
 20
157.650000
  0
VERTEX
  8
14
 10
14.500000
 20
157.050000
  0
VERTEX
  8
14
 10
20.100000
 20
156.450000
  0
VERTEX
  8
14
 10
88.600000
 20
149.550000
  0
VERTEX
  8
14
 10
153.600000
 20
142.450000
  0
SEQEND
  0
POINT
  8
2
 10
185.600000
 20
156.050000
  0
POINT
  8
2
 10
185.600000
 20
-35.050000
  0
POINT
  8
2
 10
153.400000
 20
-31.350000
  0
POINT
  8
3
 10
84.300000
 20
-36.750000
  0
POINT
  8
3
 10
41.000000
 20
-40.150000
  0
POINT
  8
2
 10
22.000000
 20
-41.550000
  0
POINT
  8
3
 10
16.000000
 20
-42.050000
  0
POINT
  8
3
 10
9.100000
 20
-42.850000
  0
POINT
  8
3
 10
2.300000
 20
-43.350000
  0
POINT
  8
3
 10
-3.900000
 20
-42.950000
  0
POINT
  8
3
 10
-8.800000
 20
-42.150000
  0
POINT
  8
3
 10
-12.400000
 20
-41.450000
  0
POINT
  8
3
 10
-15.500000
 20
-40.450000
  0
POINT
  8
3
 10
-18.000000
 20
-38.950000
  0
POINT
  8
2
 10
-19.700000
 20
-37.450000
  0
POINT
  8
2
 10
-28.700000
 20
-32.250000
  0
POINT
  8
2
 10
-34.200000
 20
-23.650000
  0
POINT
  8
3
 10
-37.000000
 20
-20.250000
  0
POINT
  8
3
 10
-38.500000
 20
-17.750000
  0
POINT
  8
3
 10
-40.400000
 20
-12.650000
  0
POINT
  8
3
 10
-41.300000
 20
-4.550000
  0
POINT
  8
3
 10
-41.900000
 20
3.250000
  0
POINT
  8
2
 10
-41.800000
 20
13.350000
  0
POINT
  8
3
 10
-41.900000
 20
57.850000
  0
POINT
  8
3
 10
-41.900000
 20
91.650000
  0
POINT
  8
2
 10
-41.900000
 20
118.850000
  0
POINT
  8
3
 10
-41.600000
 20
128.850000
  0
POINT
  8
3
 10
-40.500000
 20
135.250000
  0
POINT
  8
3
 10
-38.500000
 20
140.250000
  0
POINT
  8
3
 10
-36.500000
 20
145.950000
  0
POINT
  8
2
 10
-34.200000
 20
149.050000
  0
POINT
  8
2
 10
-29.300000
 20
155.750000
  0
POINT
  8
2
 10
-18.700000
 20
161.250000
  0
POINT
  8
3
 10
-15.600000
 20
163.050000
  0
POINT
  8
3
 10
-11.600000
 20
165.050000
  0
POINT
  8
3
 10
-6.000000
 20
166.950000
  0
POINT
  8
3
 10
2.000000
 20
167.850000
  0
POINT
  8
3
 10
9.300000
 20
167.550000
  0
POINT
  8
3
 10
15.400000
 20
166.950000
  0
POINT
  8
2
 10
21.100000
 20
166.350000
  0
POINT
  8
2
 10
89.600000
 20
159.450000
  0
POINT
  8
2
 10
153.400000
 20
152.450000
  0
POINT
  8
2
 10
185.600000
 20
156.050000
  0
POINT
  8
2
 10
-14.900000
 20
153.550000
  0
POINT
  8
2
 10
2.200000
 20
124.250000
  0
POINT
  8
2
 10
-26.200000
 20
142.550000
  0
POINT
  8
2
 10
-28.300000
 20
-17.950000
  0
POINT
  8
2
 10
1.100000
 20
-0.950000
  0
POINT
  8
2
 10
-13.300000
 20
-30.350000
  0
POINT
  8
2
 10
133.800000
 20
141.850000
  0
POINT
  8
2
 10
133.800000
 20
-22.750000
  0
POINT
  8
2
 10
153.400000
 20
-31.350000
 39
2.500000
 50
90.000000
  0
POINT
  8
2
 10
-19.700000
 20
-37.450000
 39
2.500000
 50
55.007980
  0
POINT
  8
2
 10
-34.200000
 20
-23.650000
 39
2.500000
 50
34.992020
  0
POINT
  8
2
 10
-34.200000
 20
149.050000
 39
2.500000
 50
325.008000
  0
POINT
  8
2
 10
-18.700000
 20
161.250000
 39
2.500000
 50
296.565100
  0
POINT
  8
2
 10
89.600000
 20
159.450000
 39
2.500000
 50
265.236400
  0
POINT
  8
2
 10
153.400000
 20
152.450000
 39
2.500000
 50
270.000000
  0
POINT
  8
2
 10
-16.300000
 20
73.850000
  0
TEXT
  8
2
 10
-16.300000
 20
73.850000
 40
0.250000
 50
0.000000
  1
#8
  0
POINT
  8
2
 10
-16.200000
 20
49.150000
  0
TEXT
  8
2
 10
-16.200000
 20
49.150000
 40
0.250000
 50
0.000000
  1
#8
  0
POINT
  8
2
 10
2.200000
 20
124.150000
  0
TEXT
  8
2
 10
2.200000
 20
124.150000
 40
0.250000
 50
0.000000
  1
#8
  0
POINT
  8
2
 10
1.100000
 20
-0.850000
  0
TEXT
  8
2
 10
1.100000
 20
-0.850000
 40
0.250000
 50
0.000000
  1
#8
  0
POINT
  8
2
 10
133.800000
 20
62.250000
  0
TEXT
  8
2
 10
133.800000
 20
62.250000
 40
0.250000
 50
0.000000
  1
#8
  0
POINT
  8
2
 10
153.600000
 20
142.450000
  0
POINT
  8
2
 10
153.600000
 20
-21.250000
  0
POINT
  8
3
 10
83.600000
 20
-26.850000
  0
POINT
  8
3
 10
40.300000
 20
-30.250000
  0
POINT
  8
2
 10
21.300000
 20
-31.650000
  0
POINT
  8
3
 10
15.100000
 20
-32.150000
  0
POINT
  8
3
 10
8.200000
 20
-32.950000
  0
POINT
  8
3
 10
2.300000
 20
-33.450000
  0
POINT
  8
3
 10
-2.800000
 20
-33.050000
  0
POINT
  8
3
 10
-7.000000
 20
-32.350000
  0
POINT
  8
3
 10
-9.900001
 20
-31.750000
  0
POINT
  8
3
 10
-11.400000
 20
-31.450000
  0
POINT
  8
2
 10
-13.900000
 20
-29.450000
  0
POINT
  8
2
 10
-22.000000
 20
-25.250000
  0
POINT
  8
2
 10
-26.100000
 20
-17.850000
  0
POINT
  8
3
 10
-28.900000
 20
-14.550000
  0
POINT
  8
3
 10
-29.600000
 20
-13.450000
  0
POINT
  8
3
 10
-30.800000
 20
-10.350000
  0
POINT
  8
3
 10
-31.400000
 20
-3.650000
  0
POINT
  8
3
 10
-32.000000
 20
3.650000
  0
POINT
  8
2
 10
-31.900000
 20
13.350000
  0
POINT
  8
3
 10
-31.900000
 20
57.850000
  0
POINT
  8
3
 10
-31.900000
 20
91.650000
  0
POINT
  8
2
 10
-31.900000
 20
118.750000
  0
POINT
  8
3
 10
-31.700000
 20
127.950000
  0
POINT
  8
3
 10
-31.000000
 20
132.550000
  0
POINT
  8
3
 10
-29.200000
 20
136.750000
  0
POINT
  8
3
 10
-27.800000
 20
141.350000
  0
POINT
  8
2
 10
-26.200000
 20
143.150000
  0
POINT
  8
2
 10
-23.000000
 20
148.350000
  0
POINT
  8
2
 10
-14.300000
 20
152.450000
  0
POINT
  8
3
 10
-10.900000
 20
154.250000
  0
POINT
  8
3
 10
-7.800000
 20
155.850000
  0
POINT
  8
3
 10
-3.800000
 20
157.250000
  0
POINT
  8
3
 10
2.400000
 20
157.950000
  0
POINT
  8
3
 10
8.700000
 20
157.650000
  0
POINT
  8
3
 10
14.500000
 20
157.050000
  0
POINT
  8
2
 10
20.100000
 20
156.450000
  0
POINT
  8
2
 10
88.600000
 20
149.550000
  0
POINT
  8
2
 10
153.600000
 20
142.450000
  0
POINT
  8
4
 10
153.400000
 20
-31.350000
 30
2.500000
 50
90.000000
  0
POINT
  8
4
 10
-19.700000
 20
-37.450000
 30
2.500000
 50
55.007980
  0
POINT
  8
4
 10
-34.200000
 20
-23.650000
 30
2.500000
 50
34.992020
  0
POINT
  8
4
 10
-34.200000
 20
149.050000
 30
2.500000
 50
325.008000
  0
POINT
  8
4
 10
-18.700000
 20
161.250000
 30
2.500000
 50
296.565100
  0
POINT
  8
4
 10
89.600000
 20
159.450000
 30
2.500000
 50
265.236400
  0
POINT
  8
4
 10
153.400000
 20
152.450000
 30
2.500000
 50
270.000000
  0
POINT
  8
13
 10
-16.300000
 20
73.850000
 30
3.000000
  0
TEXT
  8
13
 10
-16.300000
 20
73.850000
 40
0.250000
 50
0.000000
  1
#8
  0
POINT
  8
13
 10
-16.200000
 20
49.150000
 30
3.000000
  0
TEXT
  8
13
 10
-16.200000
 20
49.150000
 40
0.250000
 50
0.000000
  1
#8
  0
POINT
  8
13
 10
2.200000
 20
124.150000
 30
3.000000
  0
TEXT
  8
13
 10
2.200000
 20
124.150000
 40
0.250000
 50
0.000000
  1
#8
  0
POINT
  8
13
 10
1.100000
 20
-0.850000
 30
3.000000
  0
TEXT
  8
13
 10
1.100000
 20
-0.850000
 40
0.250000
 50
0.000000
  1
#8
  0
POINT
  8
13
 10
133.800000
 20
62.250000
 30
3.000000
  0
TEXT
  8
13
 10
133.800000
 20
62.250000
 40
0.250000
 50
0.000000
  1
#8
  0
LINE
  8
5
 10
125.100000
 20
123.050000
 11
29.400000
 21
123.050000
  0
LINE
  8
7
 10
129.600000
 20
124.250000
 11
32.400000
 21
124.250000
  0
TEXT
  8
15
 10
-20.600000
 20
73.850000
 40
4.100000
 50
180.000000
  1
riv.
  0
TEXT
  8
15
 10
-20.900000
 20
48.850000
 40
4.100000
 50
180.000000
  1
riv.
  0
TEXT
  8
15
 10
127.700000
 20
64.750000
 40
6.100000
 50
270.000000
  1
SNAP
  0
TEXT
  8
15
 10
135.100000
 20
3.750000
 40
4.760000
 50
270.000000
  1
BACKSTITCH
  0
TEXT
  8
15
 10
155.800000
 20
127.250000
 40
4.000000
 50
270.000000
  1
TO BEND
  0
TEXT
  8
1
 10
5.600000
 20
-110.400000
 40
10.000000
 50
0.000000
  1
Piece Name: POCKET 2P
  0
TEXT
  8
1
 10
5.600000
 20
-99.400000
 40
10.000000
 50
0.000000
  1
Size: 50
  0
TEXT
  8
1
 10
5.600000
 20
-88.400000
 40
10.000000
 50
0.000000
  1
Annotation: POCKET 2P
  0
TEXT
  8
1
 10
5.600000
 20
-77.400000
 40
10.000000
 50
0.000000
  1
Quantity: 1
  0
TEXT
  8
1
 10
5.600000
 20
-66.400000
 40
10.000000
 50
0.000000
  1
Material: LEATHER
  0
ENDBLK
  0
BLOCK
  8
1
  2
LINING POCKET 2P
 70
     0
 10
0.00
 20
0.00
  0
POLYLINE
  8
84
 66
     1
 70
     1
  0
VERTEX
  8
84
 10
143.500000
 20
-32.050000
  0
VERTEX
  8
84
 10
84.300000
 20
-36.750000
  0
VERTEX
  8
84
 10
41.000000
 20
-40.150000
  0
VERTEX
  8
84
 10
22.000000
 20
-41.550000
  0
VERTEX
  8
84
 10
16.000000
 20
-42.050000
  0
VERTEX
  8
84
 10
9.100000
 20
-42.850000
  0
VERTEX
  8
84
 10
2.300000
 20
-43.350000
  0
VERTEX
  8
84
 10
-3.900000
 20
-42.950000
  0
VERTEX
  8
84
 10
-8.800000
 20
-42.150000
  0
VERTEX
  8
84
 10
-12.400000
 20
-41.450000
  0
VERTEX
  8
84
 10
-15.500000
 20
-40.450000
  0
VERTEX
  8
84
 10
-18.000000
 20
-38.950000
  0
VERTEX
  8
84
 10
-19.700000
 20
-37.450000
  0
VERTEX
  8
84
 10
-28.700000
 20
-32.250000
  0
VERTEX
  8
84
 10
-34.200000
 20
-23.650000
  0
VERTEX
  8
84
 10
-37.000000
 20
-20.250000
  0
VERTEX
  8
84
 10
-38.500000
 20
-17.750000
  0
VERTEX
  8
84
 10
-40.400000
 20
-12.650000
  0
VERTEX
  8
84
 10
-41.300000
 20
-4.550000
  0
VERTEX
  8
84
 10
-41.900000
 20
3.250000
  0
VERTEX
  8
84
 10
-41.800000
 20
13.350000
  0
VERTEX
  8
84
 10
-41.900000
 20
57.850000
  0
VERTEX
  8
84
 10
-41.900000
 20
91.650000
  0
VERTEX
  8
84
 10
-41.900000
 20
118.850000
  0
VERTEX
  8
84
 10
-41.600000
 20
128.850000
  0
VERTEX
  8
84
 10
-40.500000
 20
135.250000
  0
VERTEX
  8
84
 10
-38.500000
 20
140.250000
  0
VERTEX
  8
84
 10
-36.500000
 20
145.950000
  0
VERTEX
  8
84
 10
-34.200000
 20
149.050000
  0
VERTEX
  8
84
 10
-29.300000
 20
155.750000
  0
VERTEX
  8
84
 10
-18.700000
 20
161.250000
  0
VERTEX
  8
84
 10
-15.600000
 20
163.050000
  0
VERTEX
  8
84
 10
-11.600000
 20
165.050000
  0
VERTEX
  8
84
 10
-6.000000
 20
166.950000
  0
VERTEX
  8
84
 10
2.000000
 20
167.850000
  0
VERTEX
  8
84
 10
9.300000
 20
167.550000
  0
VERTEX
  8
84
 10
15.400000
 20
166.950000
  0
VERTEX
  8
84
 10
21.100000
 20
166.350000
  0
VERTEX
  8
84
 10
89.600000
 20
159.450000
  0
VERTEX
  8
84
 10
143.500000
 20
153.650000
  0
VERTEX
  8
84
 10
143.500000
 20
-32.050000
  0
SEQEND
  0
POLYLINE
  8
1
 66
     1
 70
     1
  0
VERTEX
  8
1
 10
143.500000
 20
-32.050000
  0
VERTEX
  8
1
 10
84.300000
 20
-36.750000
  0
VERTEX
  8
1
 10
41.000000
 20
-40.150000
  0
VERTEX
  8
1
 10
22.000000
 20
-41.550000
  0
VERTEX
  8
1
 10
16.000000
 20
-42.050000
  0
VERTEX
  8
1
 10
9.100000
 20
-42.850000
  0
VERTEX
  8
1
 10
2.300000
 20
-43.350000
  0
VERTEX
  8
1
 10
-3.900000
 20
-42.950000
  0
VERTEX
  8
1
 10
-8.800000
 20
-42.150000
  0
VERTEX
  8
1
 10
-12.400000
 20
-41.450000
  0
VERTEX
  8
1
 10
-15.500000
 20
-40.450000
  0
VERTEX
  8
1
 10
-18.000000
 20
-38.950000
  0
VERTEX
  8
1
 10
-19.700000
 20
-37.450000
  0
VERTEX
  8
1
 10
-28.700000
 20
-32.250000
  0
VERTEX
  8
1
 10
-34.200000
 20
-23.650000
  0
VERTEX
  8
1
 10
-37.000000
 20
-20.250000
  0
VERTEX
  8
1
 10
-38.500000
 20
-17.750000
  0
VERTEX
  8
1
 10
-40.400000
 20
-12.650000
  0
VERTEX
  8
1
 10
-41.300000
 20
-4.550000
  0
VERTEX
  8
1
 10
-41.900000
 20
3.250000
  0
VERTEX
  8
1
 10
-41.800000
 20
13.350000
  0
VERTEX
  8
1
 10
-41.900000
 20
57.850000
  0
VERTEX
  8
1
 10
-41.900000
 20
91.650000
  0
VERTEX
  8
1
 10
-41.900000
 20
118.850000
  0
VERTEX
  8
1
 10
-41.600000
 20
128.850000
  0
VERTEX
  8
1
 10
-40.500000
 20
135.250000
  0
VERTEX
  8
1
 10
-38.500000
 20
140.250000
  0
VERTEX
  8
1
 10
-36.500000
 20
145.950000
  0
VERTEX
  8
1
 10
-34.200000
 20
149.050000
  0
VERTEX
  8
1
 10
-29.300000
 20
155.750000
  0
VERTEX
  8
1
 10
-18.700000
 20
161.250000
  0
VERTEX
  8
1
 10
-15.600000
 20
163.050000
  0
VERTEX
  8
1
 10
-11.600000
 20
165.050000
  0
VERTEX
  8
1
 10
-6.000000
 20
166.950000
  0
VERTEX
  8
1
 10
2.000000
 20
167.850000
  0
VERTEX
  8
1
 10
9.300000
 20
167.550000
  0
VERTEX
  8
1
 10
15.400000
 20
166.950000
  0
VERTEX
  8
1
 10
21.100000
 20
166.350000
  0
VERTEX
  8
1
 10
89.600000
 20
159.450000
  0
VERTEX
  8
1
 10
143.500000
 20
153.650000
  0
VERTEX
  8
1
 10
143.500000
 20
-32.050000
  0
SEQEND
  0
POLYLINE
  8
85
 66
     1
  0
VERTEX
  8
85
 10
-14.900000
 20
153.550000
  0
VERTEX
  8
85
 10
2.200000
 20
124.250000
  0
VERTEX
  8
85
 10
-26.200000
 20
142.550000
  0
SEQEND
  0
POLYLINE
  8
8
 66
     1
  0
VERTEX
  8
8
 10
-14.900000
 20
153.550000
  0
VERTEX
  8
8
 10
2.200000
 20
124.250000
  0
VERTEX
  8
8
 10
-26.200000
 20
142.550000
  0
SEQEND
  0
POLYLINE
  8
85
 66
     1
  0
VERTEX
  8
85
 10
-28.300000
 20
-17.950000
  0
VERTEX
  8
85
 10
1.100000
 20
-0.950000
  0
VERTEX
  8
85
 10
-13.300000
 20
-30.350000
  0
SEQEND
  0
POLYLINE
  8
8
 66
     1
  0
VERTEX
  8
8
 10
-28.300000
 20
-17.950000
  0
VERTEX
  8
8
 10
1.100000
 20
-0.950000
  0
VERTEX
  8
8
 10
-13.300000
 20
-30.350000
  0
SEQEND
  0
POLYLINE
  8
87
 66
     1
  0
VERTEX
  8
87
 10
133.500000
 20
-22.850000
  0
VERTEX
  8
87
 10
83.600000
 20
-26.850000
  0
VERTEX
  8
87
 10
40.300000
 20
-30.250000
  0
VERTEX
  8
87
 10
21.300000
 20
-31.650000
  0
VERTEX
  8
87
 10
15.100000
 20
-32.150000
  0
VERTEX
  8
87
 10
8.200000
 20
-32.950000
  0
VERTEX
  8
87
 10
2.300000
 20
-33.450000
  0
VERTEX
  8
87
 10
-2.800000
 20
-33.050000
  0
VERTEX
  8
87
 10
-7.000000
 20
-32.350000
  0
VERTEX
  8
87
 10
-9.900001
 20
-31.750000
  0
VERTEX
  8
87
 10
-11.400000
 20
-31.450000
  0
VERTEX
  8
87
 10
-13.900000
 20
-29.450000
  0
VERTEX
  8
87
 10
-22.000000
 20
-25.250000
  0
VERTEX
  8
87
 10
-26.100000
 20
-17.850000
  0
VERTEX
  8
87
 10
-28.900000
 20
-14.550000
  0
VERTEX
  8
87
 10
-29.600000
 20
-13.450000
  0
VERTEX
  8
87
 10
-30.800000
 20
-10.350000
  0
VERTEX
  8
87
 10
-31.400000
 20
-3.650000
  0
VERTEX
  8
87
 10
-32.000000
 20
3.650000
  0
VERTEX
  8
87
 10
-31.900000
 20
13.350000
  0
VERTEX
  8
87
 10
-31.900000
 20
57.850000
  0
VERTEX
  8
87
 10
-31.900000
 20
91.650000
  0
VERTEX
  8
87
 10
-31.900000
 20
118.750000
  0
VERTEX
  8
87
 10
-31.700000
 20
127.950000
  0
VERTEX
  8
87
 10
-31.000000
 20
132.550000
  0
VERTEX
  8
87
 10
-29.200000
 20
136.750000
  0
VERTEX
  8
87
 10
-27.800000
 20
141.350000
  0
VERTEX
  8
87
 10
-26.200000
 20
143.150000
  0
VERTEX
  8
87
 10
-23.000000
 20
148.350000
  0
VERTEX
  8
87
 10
-14.300000
 20
152.450000
  0
VERTEX
  8
87
 10
-10.900000
 20
154.250000
  0
VERTEX
  8
87
 10
-7.800000
 20
155.850000
  0
VERTEX
  8
87
 10
-3.800000
 20
157.250000
  0
VERTEX
  8
87
 10
2.400000
 20
157.950000
  0
VERTEX
  8
87
 10
8.700000
 20
157.650000
  0
VERTEX
  8
87
 10
14.500000
 20
157.050000
  0
VERTEX
  8
87
 10
20.100000
 20
156.450000
  0
VERTEX
  8
87
 10
88.600000
 20
149.550000
  0
VERTEX
  8
87
 10
133.500000
 20
144.750000
  0
VERTEX
  8
87
 10
133.500000
 20
-22.850000
  0
SEQEND
  0
POLYLINE
  8
14
 66
     1
  0
VERTEX
  8
14
 10
133.500000
 20
-22.850000
  0
VERTEX
  8
14
 10
83.600000
 20
-26.850000
  0
VERTEX
  8
14
 10
40.300000
 20
-30.250000
  0
VERTEX
  8
14
 10
21.300000
 20
-31.650000
  0
VERTEX
  8
14
 10
15.100000
 20
-32.150000
  0
VERTEX
  8
14
 10
8.200000
 20
-32.950000
  0
VERTEX
  8
14
 10
2.300000
 20
-33.450000
  0
VERTEX
  8
14
 10
-2.800000
 20
-33.050000
  0
VERTEX
  8
14
 10
-7.000000
 20
-32.350000
  0
VERTEX
  8
14
 10
-9.900001
 20
-31.750000
  0
VERTEX
  8
14
 10
-11.400000
 20
-31.450000
  0
VERTEX
  8
14
 10
-13.900000
 20
-29.450000
  0
VERTEX
  8
14
 10
-22.000000
 20
-25.250000
  0
VERTEX
  8
14
 10
-26.100000
 20
-17.850000
  0
VERTEX
  8
14
 10
-28.900000
 20
-14.550000
  0
VERTEX
  8
14
 10
-29.600000
 20
-13.450000
  0
VERTEX
  8
14
 10
-30.800000
 20
-10.350000
  0
VERTEX
  8
14
 10
-31.400000
 20
-3.650000
  0
VERTEX
  8
14
 10
-32.000000
 20
3.650000
  0
VERTEX
  8
14
 10
-31.900000
 20
13.350000
  0
VERTEX
  8
14
 10
-31.900000
 20
57.850000
  0
VERTEX
  8
14
 10
-31.900000
 20
91.650000
  0
VERTEX
  8
14
 10
-31.900000
 20
118.750000
  0
VERTEX
  8
14
 10
-31.700000
 20
127.950000
  0
VERTEX
  8
14
 10
-31.000000
 20
132.550000
  0
VERTEX
  8
14
 10
-29.200000
 20
136.750000
  0
VERTEX
  8
14
 10
-27.800000
 20
141.350000
  0
VERTEX
  8
14
 10
-26.200000
 20
143.150000
  0
VERTEX
  8
14
 10
-23.000000
 20
148.350000
  0
VERTEX
  8
14
 10
-14.300000
 20
152.450000
  0
VERTEX
  8
14
 10
-10.900000
 20
154.250000
  0
VERTEX
  8
14
 10
-7.800000
 20
155.850000
  0
VERTEX
  8
14
 10
-3.800000
 20
157.250000
  0
VERTEX
  8
14
 10
2.400000
 20
157.950000
  0
VERTEX
  8
14
 10
8.700000
 20
157.650000
  0
VERTEX
  8
14
 10
14.500000
 20
157.050000
  0
VERTEX
  8
14
 10
20.100000
 20
156.450000
  0
VERTEX
  8
14
 10
88.600000
 20
149.550000
  0
VERTEX
  8
14
 10
133.500000
 20
144.750000
  0
VERTEX
  8
14
 10
133.500000
 20
-22.850000
  0
SEQEND
  0
POINT
  8
2
 10
143.500000
 20
-32.050000
  0
POINT
  8
3
 10
84.300000
 20
-36.750000
  0
POINT
  8
3
 10
41.000000
 20
-40.150000
  0
POINT
  8
2
 10
22.000000
 20
-41.550000
  0
POINT
  8
3
 10
16.000000
 20
-42.050000
  0
POINT
  8
3
 10
9.100000
 20
-42.850000
  0
POINT
  8
3
 10
2.300000
 20
-43.350000
  0
POINT
  8
3
 10
-3.900000
 20
-42.950000
  0
POINT
  8
3
 10
-8.800000
 20
-42.150000
  0
POINT
  8
3
 10
-12.400000
 20
-41.450000
  0
POINT
  8
3
 10
-15.500000
 20
-40.450000
  0
POINT
  8
3
 10
-18.000000
 20
-38.950000
  0
POINT
  8
2
 10
-19.700000
 20
-37.450000
  0
POINT
  8
2
 10
-28.700000
 20
-32.250000
  0
POINT
  8
2
 10
-34.200000
 20
-23.650000
  0
POINT
  8
3
 10
-37.000000
 20
-20.250000
  0
POINT
  8
3
 10
-38.500000
 20
-17.750000
  0
POINT
  8
3
 10
-40.400000
 20
-12.650000
  0
POINT
  8
3
 10
-41.300000
 20
-4.550000
  0
POINT
  8
3
 10
-41.900000
 20
3.250000
  0
POINT
  8
2
 10
-41.800000
 20
13.350000
  0
POINT
  8
3
 10
-41.900000
 20
57.850000
  0
POINT
  8
3
 10
-41.900000
 20
91.650000
  0
POINT
  8
2
 10
-41.900000
 20
118.850000
  0
POINT
  8
3
 10
-41.600000
 20
128.850000
  0
POINT
  8
3
 10
-40.500000
 20
135.250000
  0
POINT
  8
3
 10
-38.500000
 20
140.250000
  0
POINT
  8
3
 10
-36.500000
 20
145.950000
  0
POINT
  8
2
 10
-34.200000
 20
149.050000
  0
POINT
  8
2
 10
-29.300000
 20
155.750000
  0
POINT
  8
2
 10
-18.700000
 20
161.250000
  0
POINT
  8
3
 10
-15.600000
 20
163.050000
  0
POINT
  8
3
 10
-11.600000
 20
165.050000
  0
POINT
  8
3
 10
-6.000000
 20
166.950000
  0
POINT
  8
3
 10
2.000000
 20
167.850000
  0
POINT
  8
3
 10
9.300000
 20
167.550000
  0
POINT
  8
3
 10
15.400000
 20
166.950000
  0
POINT
  8
2
 10
21.100000
 20
166.350000
  0
POINT
  8
2
 10
89.600000
 20
159.450000
  0
POINT
  8
2
 10
143.500000
 20
153.650000
  0
POINT
  8
2
 10
143.500000
 20
-32.050000
  0
POINT
  8
2
 10
-14.900000
 20
153.550000
  0
POINT
  8
2
 10
2.200000
 20
124.250000
  0
POINT
  8
2
 10
-26.200000
 20
142.550000
  0
POINT
  8
2
 10
-28.300000
 20
-17.950000
  0
POINT
  8
2
 10
1.100000
 20
-0.950000
  0
POINT
  8
2
 10
-13.300000
 20
-30.350000
  0
POINT
  8
2
 10
-19.700000
 20
-37.450000
 39
2.500000
 50
55.007980
  0
POINT
  8
2
 10
-34.200000
 20
-23.650000
 39
2.500000
 50
34.992020
  0
POINT
  8
2
 10
-34.200000
 20
149.050000
 39
2.500000
 50
325.008000
  0
POINT
  8
2
 10
-18.700000
 20
161.250000
 39
2.500000
 50
296.565100
  0
POINT
  8
2
 10
89.600000
 20
159.450000
 39
2.500000
 50
265.236400
  0
POINT
  8
2
 10
-16.300000
 20
73.850000
  0
TEXT
  8
2
 10
-16.300000
 20
73.850000
 40
0.250000
 50
0.000000
  1
#8
  0
POINT
  8
2
 10
-16.200000
 20
49.150000
  0
TEXT
  8
2
 10
-16.200000
 20
49.150000
 40
0.250000
 50
0.000000
  1
#8
  0
POINT
  8
2
 10
2.200000
 20
124.150000
  0
TEXT
  8
2
 10
2.200000
 20
124.150000
 40
0.250000
 50
0.000000
  1
#8
  0
POINT
  8
2
 10
1.100000
 20
-0.850000
  0
TEXT
  8
2
 10
1.100000
 20
-0.850000
 40
0.250000
 50
0.000000
  1
#8
  0
POINT
  8
2
 10
133.500000
 20
-22.850000
  0
POINT
  8
3
 10
83.600000
 20
-26.850000
  0
POINT
  8
3
 10
40.300000
 20
-30.250000
  0
POINT
  8
2
 10
21.300000
 20
-31.650000
  0
POINT
  8
3
 10
15.100000
 20
-32.150000
  0
POINT
  8
3
 10
8.200000
 20
-32.950000
  0
POINT
  8
3
 10
2.300000
 20
-33.450000
  0
POINT
  8
3
 10
-2.800000
 20
-33.050000
  0
POINT
  8
3
 10
-7.000000
 20
-32.350000
  0
POINT
  8
3
 10
-9.900001
 20
-31.750000
  0
POINT
  8
3
 10
-11.400000
 20
-31.450000
  0
POINT
  8
2
 10
-13.900000
 20
-29.450000
  0
POINT
  8
2
 10
-22.000000
 20
-25.250000
  0
POINT
  8
2
 10
-26.100000
 20
-17.850000
  0
POINT
  8
3
 10
-28.900000
 20
-14.550000
  0
POINT
  8
3
 10
-29.600000
 20
-13.450000
  0
POINT
  8
3
 10
-30.800000
 20
-10.350000
  0
POINT
  8
3
 10
-31.400000
 20
-3.650000
  0
POINT
  8
3
 10
-32.000000
 20
3.650000
  0
POINT
  8
2
 10
-31.900000
 20
13.350000
  0
POINT
  8
3
 10
-31.900000
 20
57.850000
  0
POINT
  8
3
 10
-31.900000
 20
91.650000
  0
POINT
  8
2
 10
-31.900000
 20
118.750000
  0
POINT
  8
3
 10
-31.700000
 20
127.950000
  0
POINT
  8
3
 10
-31.000000
 20
132.550000
  0
POINT
  8
3
 10
-29.200000
 20
136.750000
  0
POINT
  8
3
 10
-27.800000
 20
141.350000
  0
POINT
  8
2
 10
-26.200000
 20
143.150000
  0
POINT
  8
2
 10
-23.000000
 20
148.350000
  0
POINT
  8
2
 10
-14.300000
 20
152.450000
  0
POINT
  8
3
 10
-10.900000
 20
154.250000
  0
POINT
  8
3
 10
-7.800000
 20
155.850000
  0
POINT
  8
3
 10
-3.800000
 20
157.250000
  0
POINT
  8
3
 10
2.400000
 20
157.950000
  0
POINT
  8
3
 10
8.700000
 20
157.650000
  0
POINT
  8
3
 10
14.500000
 20
157.050000
  0
POINT
  8
2
 10
20.100000
 20
156.450000
  0
POINT
  8
2
 10
88.600000
 20
149.550000
  0
POINT
  8
2
 10
133.500000
 20
144.750000
  0
POINT
  8
2
 10
133.500000
 20
-22.850000
  0
POINT
  8
4
 10
-19.700000
 20
-37.450000
 30
2.500000
 50
55.007980
  0
POINT
  8
4
 10
-34.200000
 20
-23.650000
 30
2.500000
 50
34.992020
  0
POINT
  8
4
 10
-34.200000
 20
149.050000
 30
2.500000
 50
325.008000
  0
POINT
  8
4
 10
-18.700000
 20
161.250000
 30
2.500000
 50
296.565100
  0
POINT
  8
4
 10
89.600000
 20
159.450000
 30
2.500000
 50
265.236400
  0
POINT
  8
13
 10
-16.300000
 20
73.850000
 30
3.000000
  0
TEXT
  8
13
 10
-16.300000
 20
73.850000
 40
0.250000
 50
0.000000
  1
#8
  0
POINT
  8
13
 10
-16.200000
 20
49.150000
 30
3.000000
  0
TEXT
  8
13
 10
-16.200000
 20
49.150000
 40
0.250000
 50
0.000000
  1
#8
  0
POINT
  8
13
 10
2.200000
 20
124.150000
 30
3.000000
  0
TEXT
  8
13
 10
2.200000
 20
124.150000
 40
0.250000
 50
0.000000
  1
#8
  0
POINT
  8
13
 10
1.100000
 20
-0.850000
 30
3.000000
  0
TEXT
  8
13
 10
1.100000
 20
-0.850000
 40
0.250000
 50
0.000000
  1
#8
  0
LINE
  8
5
 10
80.800000
 20
123.050000
 11
-1.000000
 21
123.050000
  0
LINE
  8
7
 10
80.800000
 20
124.250000
 11
-1.000000
 21
124.250000
  0
TEXT
  8
15
 10
-20.600000
 20
73.850000
 40
4.100000
 50
180.000000
  1
riv.
  0
TEXT
  8
15
 10
-20.900000
 20
48.850000
 40
4.100000
 50
180.000000
  1
riv.
  0
TEXT
  8
1
 10
5.600000
 20
-110.400000
 40
10.000000
 50
0.000000
  1
Piece Name: LINING POCKET 2P
  0
TEXT
  8
1
 10
5.600000
 20
-99.400000
 40
10.000000
 50
0.000000
  1
Size: 50
  0
TEXT
  8
1
 10
5.600000
 20
-88.400000
 40
10.000000
 50
0.000000
  1
Annotation: LINING POCKET 2P
  0
TEXT
  8
1
 10
5.600000
 20
-77.400000
 40
10.000000
 50
0.000000
  1
Quantity: 1
  0
TEXT
  8
1
 10
5.600000
 20
-66.400000
 40
10.000000
 50
0.000000
  1
Material: LINING
  0
ENDBLK
  0
BLOCK
  8
1
  2
VELLUTO FACING INSIDE RIGHT 1P
 70
     0
 10
0.00
 20
0.00
  0
POLYLINE
  8
84
 66
     1
 70
     1
  0
VERTEX
  8
84
 10
360.900000
 20
1.150000
  0
VERTEX
  8
84
 10
303.000000
 20
16.550000
  0
VERTEX
  8
84
 10
257.400000
 20
27.850000
  0
VERTEX
  8
84
 10
223.800000
 20
35.550000
  0
VERTEX
  8
84
 10
196.700000
 20
41.350000
  0
VERTEX
  8
84
 10
169.300000
 20
47.250000
  0
VERTEX
  8
84
 10
144.600000
 20
50.050000
  0
VERTEX
  8
84
 10
104.800000
 20
53.850000
  0
VERTEX
  8
84
 10
43.900000
 20
58.050000
  0
VERTEX
  8
84
 10
-35.500000
 20
61.050000
  0
VERTEX
  8
84
 10
-124.500000
 20
62.350000
  0
VERTEX
  8
84
 10
-172.300000
 20
62.150000
  0
VERTEX
  8
84
 10
-251.600000
 20
61.250000
  0
VERTEX
  8
84
 10
-366.300000
 20
58.950000
  0
VERTEX
  8
84
 10
-366.300000
 20
67.650000
  0
VERTEX
  8
84
 10
-366.200000
 20
77.550000
  0
VERTEX
  8
84
 10
-365.600000
 20
88.950000
  0
VERTEX
  8
84
 10
-363.200000
 20
101.250000
  0
VERTEX
  8
84
 10
-357.300000
 20
114.250000
  0
VERTEX
  8
84
 10
-347.300000
 20
126.850000
  0
VERTEX
  8
84
 10
-333.900000
 20
137.450000
  0
VERTEX
  8
84
 10
-318.900000
 20
145.450000
  0
VERTEX
  8
84
 10
-304.800000
 20
151.350000
  0
VERTEX
  8
84
 10
-294.000000
 20
154.550000
  0
VERTEX
  8
84
 10
-286.900000
 20
155.950000
  0
VERTEX
  8
84
 10
-280.400000
 20
157.350000
  0
VERTEX
  8
84
 10
-267.300000
 20
158.750000
  0
VERTEX
  8
84
 10
-243.200000
 20
160.750000
  0
VERTEX
  8
84
 10
-206.800000
 20
163.450000
  0
VERTEX
  8
84
 10
-161.500000
 20
165.850000
  0
VERTEX
  8
84
 10
-113.300000
 20
167.450000
  0
VERTEX
  8
84
 10
-66.800000
 20
168.450000
  0
VERTEX
  8
84
 10
-26.700000
 20
169.050000
  0
VERTEX
  8
84
 10
20.000000
 20
169.350000
  0
VERTEX
  8
84
 10
70.500000
 20
169.050000
  0
VERTEX
  8
84
 10
116.000000
 20
168.850000
  0
VERTEX
  8
84
 10
149.000000
 20
168.750000
  0
VERTEX
  8
84
 10
169.900000
 20
168.350000
  0
VERTEX
  8
84
 10
231.300000
 20
165.850000
  0
VERTEX
  8
84
 10
293.200000
 20
163.250000
  0
VERTEX
  8
84
 10
292.300000
 20
147.750000
  0
VERTEX
  8
84
 10
292.100000
 20
135.150000
  0
VERTEX
  8
84
 10
292.400000
 20
125.650000
  0
VERTEX
  8
84
 10
293.300000
 20
117.450000
  0
VERTEX
  8
84
 10
294.900000
 20
109.050000
  0
VERTEX
  8
84
 10
298.000000
 20
100.250000
  0
VERTEX
  8
84
 10
302.900000
 20
91.650000
  0
VERTEX
  8
84
 10
310.200000
 20
82.850000
  0
VERTEX
  8
84
 10
320.300000
 20
74.450000
  0
VERTEX
  8
84
 10
332.200000
 20
66.250000
  0
VERTEX
  8
84
 10
344.000000
 20
58.950000
  0
VERTEX
  8
84
 10
354.400000
 20
53.550000
  0
VERTEX
  8
84
 10
362.400000
 20
49.950000
  0
VERTEX
  8
84
 10
368.700000
 20
47.450000
  0
VERTEX
  8
84
 10
375.100000
 20
45.150000
  0
VERTEX
  8
84
 10
381.900000
 20
42.650000
  0
VERTEX
  8
84
 10
360.900000
 20
1.150000
  0
SEQEND
  0
POLYLINE
  8
1
 66
     1
 70
     1
  0
VERTEX
  8
1
 10
360.900000
 20
1.150000
  0
VERTEX
  8
1
 10
303.000000
 20
16.550000
  0
VERTEX
  8
1
 10
257.400000
 20
27.850000
  0
VERTEX
  8
1
 10
223.800000
 20
35.550000
  0
VERTEX
  8
1
 10
196.700000
 20
41.350000
  0
VERTEX
  8
1
 10
169.300000
 20
47.250000
  0
VERTEX
  8
1
 10
144.600000
 20
50.050000
  0
VERTEX
  8
1
 10
104.800000
 20
53.850000
  0
VERTEX
  8
1
 10
43.900000
 20
58.050000
  0
VERTEX
  8
1
 10
-35.500000
 20
61.050000
  0
VERTEX
  8
1
 10
-124.500000
 20
62.350000
  0
VERTEX
  8
1
 10
-172.300000
 20
62.150000
  0
VERTEX
  8
1
 10
-251.600000
 20
61.250000
  0
VERTEX
  8
1
 10
-366.300000
 20
58.950000
  0
VERTEX
  8
1
 10
-366.300000
 20
67.650000
  0
VERTEX
  8
1
 10
-366.200000
 20
77.550000
  0
VERTEX
  8
1
 10
-365.600000
 20
88.950000
  0
VERTEX
  8
1
 10
-363.200000
 20
101.250000
  0
VERTEX
  8
1
 10
-357.300000
 20
114.250000
  0
VERTEX
  8
1
 10
-347.300000
 20
126.850000
  0
VERTEX
  8
1
 10
-333.900000
 20
137.450000
  0
VERTEX
  8
1
 10
-318.900000
 20
145.450000
  0
VERTEX
  8
1
 10
-304.800000
 20
151.350000
  0
VERTEX
  8
1
 10
-294.000000
 20
154.550000
  0
VERTEX
  8
1
 10
-286.900000
 20
155.950000
  0
VERTEX
  8
1
 10
-280.400000
 20
157.350000
  0
VERTEX
  8
1
 10
-267.300000
 20
158.750000
  0
VERTEX
  8
1
 10
-243.200000
 20
160.750000
  0
VERTEX
  8
1
 10
-206.800000
 20
163.450000
  0
VERTEX
  8
1
 10
-161.500000
 20
165.850000
  0
VERTEX
  8
1
 10
-113.300000
 20
167.450000
  0
VERTEX
  8
1
 10
-66.800000
 20
168.450000
  0
VERTEX
  8
1
 10
-26.700000
 20
169.050000
  0
VERTEX
  8
1
 10
20.000000
 20
169.350000
  0
VERTEX
  8
1
 10
70.500000
 20
169.050000
  0
VERTEX
  8
1
 10
116.000000
 20
168.850000
  0
VERTEX
  8
1
 10
149.000000
 20
168.750000
  0
VERTEX
  8
1
 10
169.900000
 20
168.350000
  0
VERTEX
  8
1
 10
231.300000
 20
165.850000
  0
VERTEX
  8
1
 10
293.200000
 20
163.250000
  0
VERTEX
  8
1
 10
292.300000
 20
147.750000
  0
VERTEX
  8
1
 10
292.100000
 20
135.150000
  0
VERTEX
  8
1
 10
292.400000
 20
125.650000
  0
VERTEX
  8
1
 10
293.300000
 20
117.450000
  0
VERTEX
  8
1
 10
294.900000
 20
109.050000
  0
VERTEX
  8
1
 10
298.000000
 20
100.250000
  0
VERTEX
  8
1
 10
302.900000
 20
91.650000
  0
VERTEX
  8
1
 10
310.200000
 20
82.850000
  0
VERTEX
  8
1
 10
320.300000
 20
74.450000
  0
VERTEX
  8
1
 10
332.200000
 20
66.250000
  0
VERTEX
  8
1
 10
344.000000
 20
58.950000
  0
VERTEX
  8
1
 10
354.400000
 20
53.550000
  0
VERTEX
  8
1
 10
362.400000
 20
49.950000
  0
VERTEX
  8
1
 10
368.700000
 20
47.450000
  0
VERTEX
  8
1
 10
375.100000
 20
45.150000
  0
VERTEX
  8
1
 10
381.900000
 20
42.650000
  0
VERTEX
  8
1
 10
360.900000
 20
1.150000
  0
SEQEND
  0
POLYLINE
  8
87
 66
     1
  0
VERTEX
  8
87
 10
355.700000
 20
12.850000
  0
VERTEX
  8
87
 10
305.400000
 20
26.250000
  0
VERTEX
  8
87
 10
259.700000
 20
37.550000
  0
VERTEX
  8
87
 10
225.900000
 20
45.250000
  0
VERTEX
  8
87
 10
198.700000
 20
51.050000
  0
VERTEX
  8
87
 10
170.500000
 20
57.050000
  0
VERTEX
  8
87
 10
145.600000
 20
59.950000
  0
VERTEX
  8
87
 10
105.500000
 20
63.750000
  0
VERTEX
  8
87
 10
44.400000
 20
67.950000
  0
VERTEX
  8
87
 10
-35.300000
 20
70.950000
  0
VERTEX
  8
87
 10
-124.400000
 20
72.250000
  0
VERTEX
  8
87
 10
-172.300000
 20
72.050000
  0
VERTEX
  8
87
 10
-251.700000
 20
71.150000
  0
VERTEX
  8
87
 10
-356.300000
 20
69.150000
  0
VERTEX
  8
87
 10
-356.300000
 20
77.250000
  0
VERTEX
  8
87
 10
-355.700000
 20
87.750000
  0
VERTEX
  8
87
 10
-353.700000
 20
98.250000
  0
VERTEX
  8
87
 10
-348.800000
 20
109.150000
  0
VERTEX
  8
87
 10
-340.300000
 20
119.850000
  0
VERTEX
  8
87
 10
-328.400000
 20
129.150000
  0
VERTEX
  8
87
 10
-314.600000
 20
136.450000
  0
VERTEX
  8
87
 10
-301.500000
 20
141.950000
  0
VERTEX
  8
87
 10
-291.600000
 20
144.850000
  0
VERTEX
  8
87
 10
-285.300000
 20
146.150000
  0
VERTEX
  8
87
 10
-278.800000
 20
147.550000
  0
VERTEX
  8
87
 10
-266.400000
 20
148.850000
  0
VERTEX
  8
87
 10
-242.400000
 20
150.850000
  0
VERTEX
  8
87
 10
-206.200000
 20
153.550000
  0
VERTEX
  8
87
 10
-161.100000
 20
155.950000
  0
VERTEX
  8
87
 10
-113.000000
 20
157.550000
  0
VERTEX
  8
87
 10
-66.600000
 20
158.550000
  0
VERTEX
  8
87
 10
-26.600000
 20
159.150000
  0
VERTEX
  8
87
 10
20.000000
 20
159.450000
  0
VERTEX
  8
87
 10
70.500000
 20
159.150000
  0
VERTEX
  8
87
 10
116.000000
 20
158.950000
  0
VERTEX
  8
87
 10
148.900000
 20
158.850000
  0
VERTEX
  8
87
 10
169.900000
 20
158.450000
  0
VERTEX
  8
87
 10
230.900000
 20
155.950000
  0
VERTEX
  8
87
 10
282.700000
 20
153.850000
  0
VERTEX
  8
87
 10
282.400000
 20
148.050000
  0
VERTEX
  8
87
 10
282.200000
 20
135.050000
  0
VERTEX
  8
87
 10
282.500000
 20
124.950000
  0
VERTEX
  8
87
 10
283.400000
 20
116.050000
  0
VERTEX
  8
87
 10
285.300000
 20
106.550000
  0
VERTEX
  8
87
 10
289.000000
 20
96.150000
  0
VERTEX
  8
87
 10
294.800000
 20
86.050000
  0
VERTEX
  8
87
 10
303.200000
 20
75.950000
  0
VERTEX
  8
87
 10
314.300000
 20
66.550000
  0
VERTEX
  8
87
 10
326.800000
 20
57.950000
  0
VERTEX
  8
87
 10
339.100000
 20
50.350000
  0
VERTEX
  8
87
 10
350.000000
 20
44.650000
  0
VERTEX
  8
87
 10
358.500000
 20
40.850000
  0
VERTEX
  8
87
 10
365.200000
 20
38.150000
  0
VERTEX
  8
87
 10
367.900000
 20
37.250000
  0
VERTEX
  8
87
 10
355.700000
 20
12.850000
  0
SEQEND
  0
POLYLINE
  8
14
 66
     1
  0
VERTEX
  8
14
 10
355.700000
 20
12.850000
  0
VERTEX
  8
14
 10
305.400000
 20
26.250000
  0
VERTEX
  8
14
 10
259.700000
 20
37.550000
  0
VERTEX
  8
14
 10
225.900000
 20
45.250000
  0
VERTEX
  8
14
 10
198.700000
 20
51.050000
  0
VERTEX
  8
14
 10
170.500000
 20
57.050000
  0
VERTEX
  8
14
 10
145.600000
 20
59.950000
  0
VERTEX
  8
14
 10
105.500000
 20
63.750000
  0
VERTEX
  8
14
 10
44.400000
 20
67.950000
  0
VERTEX
  8
14
 10
-35.300000
 20
70.950000
  0
VERTEX
  8
14
 10
-124.400000
 20
72.250000
  0
VERTEX
  8
14
 10
-172.300000
 20
72.050000
  0
VERTEX
  8
14
 10
-251.700000
 20
71.150000
  0
VERTEX
  8
14
 10
-356.300000
 20
69.150000
  0
VERTEX
  8
14
 10
-356.300000
 20
77.250000
  0
VERTEX
  8
14
 10
-355.700000
 20
87.750000
  0
VERTEX
  8
14
 10
-353.700000
 20
98.250000
  0
VERTEX
  8
14
 10
-348.800000
 20
109.150000
  0
VERTEX
  8
14
 10
-340.300000
 20
119.850000
  0
VERTEX
  8
14
 10
-328.400000
 20
129.150000
  0
VERTEX
  8
14
 10
-314.600000
 20
136.450000
  0
VERTEX
  8
14
 10
-301.500000
 20
141.950000
  0
VERTEX
  8
14
 10
-291.600000
 20
144.850000
  0
VERTEX
  8
14
 10
-285.300000
 20
146.150000
  0
VERTEX
  8
14
 10
-278.800000
 20
147.550000
  0
VERTEX
  8
14
 10
-266.400000
 20
148.850000
  0
VERTEX
  8
14
 10
-242.400000
 20
150.850000
  0
VERTEX
  8
14
 10
-206.200000
 20
153.550000
  0
VERTEX
  8
14
 10
-161.100000
 20
155.950000
  0
VERTEX
  8
14
 10
-113.000000
 20
157.550000
  0
VERTEX
  8
14
 10
-66.600000
 20
158.550000
  0
VERTEX
  8
14
 10
-26.600000
 20
159.150000
  0
VERTEX
  8
14
 10
20.000000
 20
159.450000
  0
VERTEX
  8
14
 10
70.500000
 20
159.150000
  0
VERTEX
  8
14
 10
116.000000
 20
158.950000
  0
VERTEX
  8
14
 10
148.900000
 20
158.850000
  0
VERTEX
  8
14
 10
169.900000
 20
158.450000
  0
VERTEX
  8
14
 10
230.900000
 20
155.950000
  0
VERTEX
  8
14
 10
282.700000
 20
153.850000
  0
VERTEX
  8
14
 10
282.400000
 20
148.050000
  0
VERTEX
  8
14
 10
282.200000
 20
135.050000
  0
VERTEX
  8
14
 10
282.500000
 20
124.950000
  0
VERTEX
  8
14
 10
283.400000
 20
116.050000
  0
VERTEX
  8
14
 10
285.300000
 20
106.550000
  0
VERTEX
  8
14
 10
289.000000
 20
96.150000
  0
VERTEX
  8
14
 10
294.800000
 20
86.050000
  0
VERTEX
  8
14
 10
303.200000
 20
75.950000
  0
VERTEX
  8
14
 10
314.300000
 20
66.550000
  0
VERTEX
  8
14
 10
326.800000
 20
57.950000
  0
VERTEX
  8
14
 10
339.100000
 20
50.350000
  0
VERTEX
  8
14
 10
350.000000
 20
44.650000
  0
VERTEX
  8
14
 10
358.500000
 20
40.850000
  0
VERTEX
  8
14
 10
365.200000
 20
38.150000
  0
VERTEX
  8
14
 10
367.900000
 20
37.250000
  0
VERTEX
  8
14
 10
355.700000
 20
12.850000
  0
SEQEND
  0
POINT
  8
2
 10
360.900000
 20
1.150000
  0
TEXT
  8
2
 10
360.900000
 20
1.150000
 40
0.250000
 50
0.000000
  1
#5
  0
POINT
  8
3
 10
303.000000
 20
16.550000
  0
POINT
  8
3
 10
257.400000
 20
27.850000
  0
POINT
  8
3
 10
223.800000
 20
35.550000
  0
POINT
  8
3
 10
196.700000
 20
41.350000
  0
POINT
  8
2
 10
169.300000
 20
47.250000
  0
TEXT
  8
2
 10
169.300000
 20
47.250000
 40
0.250000
 50
0.000000
  1
#8
  0
POINT
  8
3
 10
144.600000
 20
50.050000
  0
POINT
  8
3
 10
104.800000
 20
53.850000
  0
POINT
  8
3
 10
43.900000
 20
58.050000
  0
POINT
  8
3
 10
-35.500000
 20
61.050000
  0
POINT
  8
2
 10
-124.500000
 20
62.350000
  0
TEXT
  8
2
 10
-124.500000
 20
62.350000
 40
0.250000
 50
0.000000
  1
#8
  0
POINT
  8
3
 10
-172.300000
 20
62.150000
  0
POINT
  8
3
 10
-251.600000
 20
61.250000
  0
POINT
  8
2
 10
-366.300000
 20
58.950000
  0
TEXT
  8
2
 10
-366.300000
 20
58.950000
 40
0.250000
 50
0.000000
  1
#21
  0
POINT
  8
3
 10
-366.300000
 20
67.650000
  0
POINT
  8
3
 10
-366.200000
 20
77.550000
  0
POINT
  8
3
 10
-365.600000
 20
88.950000
  0
POINT
  8
3
 10
-363.200000
 20
101.250000
  0
POINT
  8
3
 10
-357.300000
 20
114.250000
  0
POINT
  8
3
 10
-347.300000
 20
126.850000
  0
POINT
  8
3
 10
-333.900000
 20
137.450000
  0
POINT
  8
3
 10
-318.900000
 20
145.450000
  0
POINT
  8
3
 10
-304.800000
 20
151.350000
  0
POINT
  8
3
 10
-294.000000
 20
154.550000
  0
POINT
  8
2
 10
-286.900000
 20
155.950000
  0
TEXT
  8
2
 10
-286.900000
 20
155.950000
 40
0.250000
 50
0.000000
  1
#21
  0
POINT
  8
3
 10
-280.400000
 20
157.350000
  0
POINT
  8
3
 10
-267.300000
 20
158.750000
  0
POINT
  8
3
 10
-243.200000
 20
160.750000
  0
POINT
  8
3
 10
-206.800000
 20
163.450000
  0
POINT
  8
3
 10
-161.500000
 20
165.850000
  0
POINT
  8
3
 10
-113.300000
 20
167.450000
  0
POINT
  8
2
 10
-66.800000
 20
168.450000
  0
TEXT
  8
2
 10
-66.800000
 20
168.450000
 40
0.250000
 50
0.000000
  1
#8
  0
POINT
  8
3
 10
-26.700000
 20
169.050000
  0
POINT
  8
3
 10
20.000000
 20
169.350000
  0
POINT
  8
3
 10
70.500000
 20
169.050000
  0
POINT
  8
3
 10
116.000000
 20
168.850000
  0
POINT
  8
3
 10
149.000000
 20
168.750000
  0
POINT
  8
2
 10
169.900000
 20
168.350000
  0
TEXT
  8
2
 10
169.900000
 20
168.350000
 40
0.250000
 50
0.000000
  1
#8
  0
POINT
  8
3
 10
231.300000
 20
165.850000
  0
POINT
  8
2
 10
293.200000
 20
163.250000
  0
TEXT
  8
2
 10
293.200000
 20
163.250000
 40
0.250000
 50
0.000000
  1
#15
  0
POINT
  8
3
 10
292.300000
 20
147.750000
  0
POINT
  8
3
 10
292.100000
 20
135.150000
  0
POINT
  8
3
 10
292.400000
 20
125.650000
  0
POINT
  8
3
 10
293.300000
 20
117.450000
  0
POINT
  8
3
 10
294.900000
 20
109.050000
  0
POINT
  8
3
 10
298.000000
 20
100.250000
  0
POINT
  8
3
 10
302.900000
 20
91.650000
  0
POINT
  8
3
 10
310.200000
 20
82.850000
  0
POINT
  8
3
 10
320.300000
 20
74.450000
  0
POINT
  8
3
 10
332.200000
 20
66.250000
  0
POINT
  8
3
 10
344.000000
 20
58.950000
  0
POINT
  8
3
 10
354.400000
 20
53.550000
  0
POINT
  8
3
 10
362.400000
 20
49.950000
  0
POINT
  8
3
 10
368.700000
 20
47.450000
  0
POINT
  8
3
 10
375.100000
 20
45.150000
  0
POINT
  8
2
 10
381.900000
 20
42.650000
  0
TEXT
  8
2
 10
381.900000
 20
42.650000
 40
0.250000
 50
0.000000
  1
#5
  0
POINT
  8
2
 10
360.900000
 20
1.150000
  0
POINT
  8
2
 10
169.300000
 20
47.250000
 39
2.500000
 50
82.874980
  0
POINT
  8
2
 10
-124.500000
 20
62.350000
 39
2.500000
 50
90.000000
  0
POINT
  8
2
 10
-286.900000
 20
155.950000
 39
2.500000
 50
279.462300
  0
POINT
  8
2
 10
-66.800000
 20
168.450000
 39
2.500000
 50
270.000000
  0
POINT
  8
2
 10
169.900000
 20
168.350000
 39
2.500000
 50
270.000000
  0
POINT
  8
2
 10
355.700000
 20
12.850000
  0
POINT
  8
3
 10
305.400000
 20
26.250000
  0
POINT
  8
3
 10
259.700000
 20
37.550000
  0
POINT
  8
3
 10
225.900000
 20
45.250000
  0
POINT
  8
3
 10
198.700000
 20
51.050000
  0
POINT
  8
2
 10
170.500000
 20
57.050000
  0
POINT
  8
3
 10
145.600000
 20
59.950000
  0
POINT
  8
3
 10
105.500000
 20
63.750000
  0
POINT
  8
3
 10
44.400000
 20
67.950000
  0
POINT
  8
3
 10
-35.300000
 20
70.950000
  0
POINT
  8
2
 10
-124.400000
 20
72.250000
  0
POINT
  8
3
 10
-172.300000
 20
72.050000
  0
POINT
  8
3
 10
-251.700000
 20
71.150000
  0
POINT
  8
2
 10
-356.300000
 20
69.150000
  0
POINT
  8
3
 10
-356.300000
 20
77.250000
  0
POINT
  8
3
 10
-355.700000
 20
87.750000
  0
POINT
  8
3
 10
-353.700000
 20
98.250000
  0
POINT
  8
3
 10
-348.800000
 20
109.150000
  0
POINT
  8
3
 10
-340.300000
 20
119.850000
  0
POINT
  8
3
 10
-328.400000
 20
129.150000
  0
POINT
  8
3
 10
-314.600000
 20
136.450000
  0
POINT
  8
3
 10
-301.500000
 20
141.950000
  0
POINT
  8
3
 10
-291.600000
 20
144.850000
  0
POINT
  8
2
 10
-285.300000
 20
146.150000
  0
POINT
  8
3
 10
-278.800000
 20
147.550000
  0
POINT
  8
3
 10
-266.400000
 20
148.850000
  0
POINT
  8
3
 10
-242.400000
 20
150.850000
  0
POINT
  8
3
 10
-206.200000
 20
153.550000
  0
POINT
  8
3
 10
-161.100000
 20
155.950000
  0
POINT
  8
3
 10
-113.000000
 20
157.550000
  0
POINT
  8
2
 10
-66.600000
 20
158.550000
  0
POINT
  8
3
 10
-26.600000
 20
159.150000
  0
POINT
  8
3
 10
20.000000
 20
159.450000
  0
POINT
  8
3
 10
70.500000
 20
159.150000
  0
POINT
  8
3
 10
116.000000
 20
158.950000
  0
POINT
  8
3
 10
148.900000
 20
158.850000
  0
POINT
  8
2
 10
169.900000
 20
158.450000
  0
POINT
  8
3
 10
230.900000
 20
155.950000
  0
POINT
  8
2
 10
282.700000
 20
153.850000
  0
POINT
  8
3
 10
282.400000
 20
148.050000
  0
POINT
  8
3
 10
282.200000
 20
135.050000
  0
POINT
  8
3
 10
282.500000
 20
124.950000
  0
POINT
  8
3
 10
283.400000
 20
116.050000
  0
POINT
  8
3
 10
285.300000
 20
106.550000
  0
POINT
  8
3
 10
289.000000
 20
96.150000
  0
POINT
  8
3
 10
294.800000
 20
86.050000
  0
POINT
  8
3
 10
303.200000
 20
75.950000
  0
POINT
  8
3
 10
314.300000
 20
66.550000
  0
POINT
  8
3
 10
326.800000
 20
57.950000
  0
POINT
  8
3
 10
339.100000
 20
50.350000
  0
POINT
  8
3
 10
350.000000
 20
44.650000
  0
POINT
  8
3
 10
358.500000
 20
40.850000
  0
POINT
  8
3
 10
365.200000
 20
38.150000
  0
POINT
  8
2
 10
367.900000
 20
37.250000
  0
POINT
  8
2
 10
355.700000
 20
12.850000
  0
POINT
  8
4
 10
169.300000
 20
47.250000
 30
2.500000
 50
82.874980
  0
POINT
  8
4
 10
-124.500000
 20
62.350000
 30
2.500000
 50
90.000000
  0
POINT
  8
4
 10
-286.900000
 20
155.950000
 30
2.500000
 50
279.462300
  0
POINT
  8
4
 10
-66.800000
 20
168.450000
 30
2.500000
 50
270.000000
  0
POINT
  8
4
 10
169.900000
 20
168.350000
 30
2.500000
 50
270.000000
  0
LINE
  8
5
 10
156.900000
 20
123.050000
 11
-2.300000
 21
123.050000
  0
LINE
  8
7
 10
166.300000
 20
121.950000
 11
0.300000
 21
121.950000
  0
TEXT
  8
1
 10
5.600000
 20
-110.400000
 40
10.000000
 50
0.000000
  1
Piece Name: VELLUTO FACING INSIDE RIGHT 1P
  0
TEXT
  8
1
 10
5.600000
 20
-99.400000
 40
10.000000
 50
0.000000
  1
Size: 50
  0
TEXT
  8
1
 10
5.600000
 20
-88.400000
 40
10.000000
 50
0.000000
  1
Annotation: VELLUTO FACING INSIDE RIGHT 1P
  0
TEXT
  8
1
 10
5.600000
 20
-77.400000
 40
10.000000
 50
0.000000
  1
Quantity: 1
  0
TEXT
  8
1
 10
5.600000
 20
-66.400000
 40
10.000000
 50
0.000000
  1
Material: VELLUTO
  0
ENDBLK
  0
BLOCK
  8
1
  2
UP SLEEVE 2P
 70
     0
 10
0.00
 20
0.00
  0
POLYLINE
  8
84
 66
     1
 70
     1
  0
VERTEX
  8
84
 10
307.800000
 20
268.850000
  0
VERTEX
  8
84
 10
306.800000
 20
258.550000
  0
VERTEX
  8
84
 10
311.300000
 20
249.250000
  0
VERTEX
  8
84
 10
317.800000
 20
234.850000
  0
VERTEX
  8
84
 10
323.700000
 20
219.150000
  0
VERTEX
  8
84
 10
327.400000
 20
207.050000
  0
VERTEX
  8
84
 10
329.800000
 20
196.650000
  0
VERTEX
  8
84
 10
331.600000
 20
185.350000
  0
VERTEX
  8
84
 10
332.500000
 20
173.650000
  0
VERTEX
  8
84
 10
332.400000
 20
163.950000
  0
VERTEX
  8
84
 10
331.800000
 20
157.450000
  0
VERTEX
  8
84
 10
331.200000
 20
154.150000
  0
VERTEX
  8
84
 10
330.600000
 20
151.350000
  0
VERTEX
  8
84
 10
329.100000
 20
145.650000
  0
VERTEX
  8
84
 10
327.100000
 20
139.350000
  0
VERTEX
  8
84
 10
324.700000
 20
132.750000
  0
VERTEX
  8
84
 10
321.300000
 20
125.750000
  0
VERTEX
  8
84
 10
317.400000
 20
118.650000
  0
VERTEX
  8
84
 10
312.700000
 20
111.250000
  0
VERTEX
  8
84
 10
307.100000
 20
103.750000
  0
VERTEX
  8
84
 10
300.900000
 20
96.350000
  0
VERTEX
  8
84
 10
294.400000
 20
89.250000
  0
VERTEX
  8
84
 10
286.700000
 20
81.850000
  0
VERTEX
  8
84
 10
278.000000
 20
74.350000
  0
VERTEX
  8
84
 10
269.700000
 20
67.950000
  0
VERTEX
  8
84
 10
263.200000
 20
63.350000
  0
VERTEX
  8
84
 10
258.200000
 20
60.150000
  0
VERTEX
  8
84
 10
247.500000
 20
53.350000
  0
VERTEX
  8
84
 10
239.000000
 20
47.950000
  0
VERTEX
  8
84
 10
232.500000
 20
43.950000
  0
VERTEX
  8
84
 10
220.500000
 20
37.150000
  0
VERTEX
  8
84
 10
208.400000
 20
29.450000
  0
VERTEX
  8
84
 10
196.800000
 20
20.750000
  0
VERTEX
  8
84
 10
186.800000
 20
11.750000
  0
VERTEX
  8
84
 10
178.700000
 20
1.950000
  0
VERTEX
  8
84
 10
171.700000
 20
-9.550000
  0
VERTEX
  8
84
 10
166.000000
 20
-21.350000
  0
VERTEX
  8
84
 10
162.400000
 20
-30.650000
  0
VERTEX
  8
84
 10
160.700000
 20
-36.750000
  0
VERTEX
  8
84
 10
104.300000
 20
-26.050000
  0
VERTEX
  8
84
 10
58.400000
 20
-17.150000
  0
VERTEX
  8
84
 10
-64.700000
 20
6.150000
  0
VERTEX
  8
84
 10
-146.100000
 20
21.850000
  0
VERTEX
  8
84
 10
-196.900000
 20
31.650000
  0
VERTEX
  8
84
 10
-282.900000
 20
49.250000
  0
VERTEX
  8
84
 10
-279.800000
 20
168.450000
  0
VERTEX
  8
84
 10
-279.600000
 20
203.750000
  0
VERTEX
  8
84
 10
-280.500000
 20
267.450000
  0
VERTEX
  8
84
 10
-281.400000
 20
302.450000
  0
VERTEX
  8
84
 10
-182.900000
 20
308.250000
  0
VERTEX
  8
84
 10
-181.200000
 20
282.850000
  0
VERTEX
  8
84
 10
-138.500000
 20
285.150000
  0
VERTEX
  8
84
 10
-105.800000
 20
286.550000
  0
VERTEX
  8
84
 10
-85.300000
 20
286.850000
  0
VERTEX
  8
84
 10
-73.500000
 20
286.950000
  0
VERTEX
  8
84
 10
-7.300000
 20
286.550000
  0
VERTEX
  8
84
 10
54.500000
 20
285.050000
  0
VERTEX
  8
84
 10
107.100000
 20
282.350000
  0
VERTEX
  8
84
 10
148.900000
 20
279.450000
  0
VERTEX
  8
84
 10
182.900000
 20
276.850000
  0
VERTEX
  8
84
 10
242.300000
 20
272.650000
  0
VERTEX
  8
84
 10
283.400000
 20
270.050000
  0
VERTEX
  8
84
 10
307.800000
 20
268.850000
  0
SEQEND
  0
POLYLINE
  8
1
 66
     1
 70
     1
  0
VERTEX
  8
1
 10
307.800000
 20
268.850000
  0
VERTEX
  8
1
 10
306.800000
 20
258.550000
  0
VERTEX
  8
1
 10
311.300000
 20
249.250000
  0
VERTEX
  8
1
 10
317.800000
 20
234.850000
  0
VERTEX
  8
1
 10
323.700000
 20
219.150000
  0
VERTEX
  8
1
 10
327.400000
 20
207.050000
  0
VERTEX
  8
1
 10
329.800000
 20
196.650000
  0
VERTEX
  8
1
 10
331.600000
 20
185.350000
  0
VERTEX
  8
1
 10
332.500000
 20
173.650000
  0
VERTEX
  8
1
 10
332.400000
 20
163.950000
  0
VERTEX
  8
1
 10
331.800000
 20
157.450000
  0
VERTEX
  8
1
 10
331.200000
 20
154.150000
  0
VERTEX
  8
1
 10
330.600000
 20
151.350000
  0
VERTEX
  8
1
 10
329.100000
 20
145.650000
  0
VERTEX
  8
1
 10
327.100000
 20
139.350000
  0
VERTEX
  8
1
 10
324.700000
 20
132.750000
  0
VERTEX
  8
1
 10
321.300000
 20
125.750000
  0
VERTEX
  8
1
 10
317.400000
 20
118.650000
  0
VERTEX
  8
1
 10
312.700000
 20
111.250000
  0
VERTEX
  8
1
 10
307.100000
 20
103.750000
  0
VERTEX
  8
1
 10
300.900000
 20
96.350000
  0
VERTEX
  8
1
 10
294.400000
 20
89.250000
  0
VERTEX
  8
1
 10
286.700000
 20
81.850000
  0
VERTEX
  8
1
 10
278.000000
 20
74.350000
  0
VERTEX
  8
1
 10
269.700000
 20
67.950000
  0
VERTEX
  8
1
 10
263.200000
 20
63.350000
  0
VERTEX
  8
1
 10
258.200000
 20
60.150000
  0
VERTEX
  8
1
 10
247.500000
 20
53.350000
  0
VERTEX
  8
1
 10
239.000000
 20
47.950000
  0
VERTEX
  8
1
 10
232.500000
 20
43.950000
  0
VERTEX
  8
1
 10
220.500000
 20
37.150000
  0
VERTEX
  8
1
 10
208.400000
 20
29.450000
  0
VERTEX
  8
1
 10
196.800000
 20
20.750000
  0
VERTEX
  8
1
 10
186.800000
 20
11.750000
  0
VERTEX
  8
1
 10
178.700000
 20
1.950000
  0
VERTEX
  8
1
 10
171.700000
 20
-9.550000
  0
VERTEX
  8
1
 10
166.000000
 20
-21.350000
  0
VERTEX
  8
1
 10
162.400000
 20
-30.650000
  0
VERTEX
  8
1
 10
160.700000
 20
-36.750000
  0
VERTEX
  8
1
 10
104.300000
 20
-26.050000
  0
VERTEX
  8
1
 10
58.400000
 20
-17.150000
  0
VERTEX
  8
1
 10
-64.700000
 20
6.150000
  0
VERTEX
  8
1
 10
-146.100000
 20
21.850000
  0
VERTEX
  8
1
 10
-196.900000
 20
31.650000
  0
VERTEX
  8
1
 10
-282.900000
 20
49.250000
  0
VERTEX
  8
1
 10
-279.800000
 20
168.450000
  0
VERTEX
  8
1
 10
-279.600000
 20
203.750000
  0
VERTEX
  8
1
 10
-280.500000
 20
267.450000
  0
VERTEX
  8
1
 10
-281.400000
 20
302.450000
  0
VERTEX
  8
1
 10
-182.900000
 20
308.250000
  0
VERTEX
  8
1
 10
-181.200000
 20
282.850000
  0
VERTEX
  8
1
 10
-138.500000
 20
285.150000
  0
VERTEX
  8
1
 10
-105.800000
 20
286.550000
  0
VERTEX
  8
1
 10
-85.300000
 20
286.850000
  0
VERTEX
  8
1
 10
-73.500000
 20
286.950000
  0
VERTEX
  8
1
 10
-7.300000
 20
286.550000
  0
VERTEX
  8
1
 10
54.500000
 20
285.050000
  0
VERTEX
  8
1
 10
107.100000
 20
282.350000
  0
VERTEX
  8
1
 10
148.900000
 20
279.450000
  0
VERTEX
  8
1
 10
182.900000
 20
276.850000
  0
VERTEX
  8
1
 10
242.300000
 20
272.650000
  0
VERTEX
  8
1
 10
283.400000
 20
270.050000
  0
VERTEX
  8
1
 10
307.800000
 20
268.850000
  0
SEQEND
  0
POLYLINE
  8
85
 66
     1
  0
VERTEX
  8
85
 10
94.800000
 20
268.350000
  0
VERTEX
  8
85
 10
94.900000
 20
256.950000
  0
VERTEX
  8
85
 10
94.700000
 20
247.350000
  0
VERTEX
  8
85
 10
93.400000
 20
239.850000
  0
VERTEX
  8
85
 10
91.300000
 20
234.150000
  0
VERTEX
  8
85
 10
88.900000
 20
229.650000
  0
VERTEX
  8
85
 10
85.600000
 20
225.750000
  0
VERTEX
  8
85
 10
81.100000
 20
222.250000
  0
VERTEX
  8
85
 10
75.700000
 20
219.150000
  0
VERTEX
  8
85
 10
69.400000
 20
216.650000
  0
VERTEX
  8
85
 10
61.800000
 20
214.350000
  0
VERTEX
  8
85
 10
53.500000
 20
212.650000
  0
VERTEX
  8
85
 10
44.800000
 20
211.650000
  0
VERTEX
  8
85
 10
36.000000
 20
210.650000
  0
VERTEX
  8
85
 10
26.500000
 20
210.050000
  0
VERTEX
  8
85
 10
16.300000
 20
209.450000
  0
VERTEX
  8
85
 10
-58.900000
 20
211.150000
  0
VERTEX
  8
85
 10
-69.000000
 20
211.550000
  0
VERTEX
  8
85
 10
-79.200000
 20
212.650000
  0
VERTEX
  8
85
 10
-88.700000
 20
214.550000
  0
VERTEX
  8
85
 10
-96.900000
 20
217.850000
  0
VERTEX
  8
85
 10
-103.300000
 20
223.350000
  0
VERTEX
  8
85
 10
-108.100000
 20
232.150000
  0
VERTEX
  8
85
 10
-111.500000
 20
243.750000
  0
VERTEX
  8
85
 10
-113.200000
 20
255.650000
  0
VERTEX
  8
85
 10
-113.700000
 20
265.350000
  0
VERTEX
  8
85
 10
-113.400000
 20
272.550000
  0
SEQEND
  0
POLYLINE
  8
8
 66
     1
  0
VERTEX
  8
8
 10
94.800000
 20
268.350000
  0
VERTEX
  8
8
 10
94.900000
 20
256.950000
  0
VERTEX
  8
8
 10
94.700000
 20
247.350000
  0
VERTEX
  8
8
 10
93.400000
 20
239.850000
  0
VERTEX
  8
8
 10
91.300000
 20
234.150000
  0
VERTEX
  8
8
 10
88.900000
 20
229.650000
  0
VERTEX
  8
8
 10
85.600000
 20
225.750000
  0
VERTEX
  8
8
 10
81.100000
 20
222.250000
  0
VERTEX
  8
8
 10
75.700000
 20
219.150000
  0
VERTEX
  8
8
 10
69.400000
 20
216.650000
  0
VERTEX
  8
8
 10
61.800000
 20
214.350000
  0
VERTEX
  8
8
 10
53.500000
 20
212.650000
  0
VERTEX
  8
8
 10
44.800000
 20
211.650000
  0
VERTEX
  8
8
 10
36.000000
 20
210.650000
  0
VERTEX
  8
8
 10
26.500000
 20
210.050000
  0
VERTEX
  8
8
 10
16.300000
 20
209.450000
  0
VERTEX
  8
8
 10
-58.900000
 20
211.150000
  0
VERTEX
  8
8
 10
-69.000000
 20
211.550000
  0
VERTEX
  8
8
 10
-79.200000
 20
212.650000
  0
VERTEX
  8
8
 10
-88.700000
 20
214.550000
  0
VERTEX
  8
8
 10
-96.900000
 20
217.850000
  0
VERTEX
  8
8
 10
-103.300000
 20
223.350000
  0
VERTEX
  8
8
 10
-108.100000
 20
232.150000
  0
VERTEX
  8
8
 10
-111.500000
 20
243.750000
  0
VERTEX
  8
8
 10
-113.200000
 20
255.650000
  0
VERTEX
  8
8
 10
-113.700000
 20
265.350000
  0
VERTEX
  8
8
 10
-113.400000
 20
272.550000
  0
SEQEND
  0
POLYLINE
  8
85
 66
     1
  0
VERTEX
  8
85
 10
-190.500000
 20
272.750000
  0
VERTEX
  8
85
 10
-277.400000
 20
267.550000
  0
SEQEND
  0
POLYLINE
  8
8
 66
     1
  0
VERTEX
  8
8
 10
-190.500000
 20
272.750000
  0
VERTEX
  8
8
 10
-277.400000
 20
267.550000
  0
SEQEND
  0
POLYLINE
  8
87
 66
     1
  0
VERTEX
  8
87
 10
-190.500000
 20
272.450000
  0
VERTEX
  8
87
 10
-138.000000
 20
275.250000
  0
VERTEX
  8
87
 10
-105.500000
 20
276.650000
  0
VERTEX
  8
87
 10
-85.200000
 20
276.950000
  0
VERTEX
  8
87
 10
-73.500000
 20
277.050000
  0
VERTEX
  8
87
 10
-7.400000
 20
276.650000
  0
VERTEX
  8
87
 10
54.200000
 20
275.150000
  0
VERTEX
  8
87
 10
106.500000
 20
272.450000
  0
VERTEX
  8
87
 10
148.200000
 20
269.550000
  0
VERTEX
  8
87
 10
182.600000
 20
266.950000
  0
VERTEX
  8
87
 10
241.600000
 20
262.750000
  0
VERTEX
  8
87
 10
282.900000
 20
260.150000
  0
VERTEX
  8
87
 10
296.900000
 20
259.450000
  0
VERTEX
  8
87
 10
296.700000
 20
256.750000
  0
VERTEX
  8
87
 10
302.200000
 20
245.050000
  0
VERTEX
  8
87
 10
308.600000
 20
231.050000
  0
VERTEX
  8
87
 10
314.300000
 20
215.950000
  0
VERTEX
  8
87
 10
317.800000
 20
204.450000
  0
VERTEX
  8
87
 10
320.000000
 20
194.750000
  0
VERTEX
  8
87
 10
321.700000
 20
184.250000
  0
VERTEX
  8
87
 10
322.600000
 20
173.350000
  0
VERTEX
  8
87
 10
322.500000
 20
164.450000
  0
VERTEX
  8
87
 10
321.900000
 20
158.750000
  0
VERTEX
  8
87
 10
321.400000
 20
155.950000
  0
VERTEX
  8
87
 10
320.900000
 20
153.550000
  0
VERTEX
  8
87
 10
319.500000
 20
148.350000
  0
VERTEX
  8
87
 10
317.700000
 20
142.550000
  0
VERTEX
  8
87
 10
315.600000
 20
136.550000
  0
VERTEX
  8
87
 10
312.500000
 20
130.250000
  0
VERTEX
  8
87
 10
308.800000
 20
123.650000
  0
VERTEX
  8
87
 10
304.500000
 20
116.850000
  0
VERTEX
  8
87
 10
299.300000
 20
109.950000
  0
VERTEX
  8
87
 10
293.400000
 20
102.950000
  0
VERTEX
  8
87
 10
287.300000
 20
96.250000
  0
VERTEX
  8
87
 10
280.000000
 20
89.250000
  0
VERTEX
  8
87
 10
271.700000
 20
82.050000
  0
VERTEX
  8
87
 10
263.800000
 20
75.950000
  0
VERTEX
  8
87
 10
257.700000
 20
71.650000
  0
VERTEX
  8
87
 10
252.900000
 20
68.550000
  0
VERTEX
  8
87
 10
242.200000
 20
61.750000
  0
VERTEX
  8
87
 10
233.700000
 20
56.450000
  0
VERTEX
  8
87
 10
227.400000
 20
52.550000
  0
VERTEX
  8
87
 10
215.400000
 20
45.750000
  0
VERTEX
  8
87
 10
202.700000
 20
37.650000
  0
VERTEX
  8
87
 10
190.500000
 20
28.450000
  0
VERTEX
  8
87
 10
179.600000
 20
18.650000
  0
VERTEX
  8
87
 10
170.600000
 20
7.650000
  0
VERTEX
  8
87
 10
162.900000
 20
-4.850000
  0
VERTEX
  8
87
 10
156.800000
 20
-17.350000
  0
VERTEX
  8
87
 10
153.500000
 20
-25.350000
  0
VERTEX
  8
87
 10
106.100000
 20
-16.250000
  0
VERTEX
  8
87
 10
60.000000
 20
-7.350000
  0
VERTEX
  8
87
 10
-62.900000
 20
15.950000
  0
VERTEX
  8
87
 10
-144.300000
 20
31.650000
  0
VERTEX
  8
87
 10
-195.300000
 20
41.450000
  0
VERTEX
  8
87
 10
-272.700000
 20
57.250000
  0
VERTEX
  8
87
 10
-269.900000
 20
168.350000
  0
VERTEX
  8
87
 10
-269.700000
 20
203.750000
  0
VERTEX
  8
87
 10
-270.600000
 20
267.550000
  0
VERTEX
  8
87
 10
-271.200000
 20
293.050000
  0
VERTEX
  8
87
 10
-192.200000
 20
297.750000
  0
VERTEX
  8
87
 10
-190.500000
 20
272.450000
  0
SEQEND
  0
POLYLINE
  8
14
 66
     1
  0
VERTEX
  8
14
 10
-190.500000
 20
272.450000
  0
VERTEX
  8
14
 10
-138.000000
 20
275.250000
  0
VERTEX
  8
14
 10
-105.500000
 20
276.650000
  0
VERTEX
  8
14
 10
-85.200000
 20
276.950000
  0
VERTEX
  8
14
 10
-73.500000
 20
277.050000
  0
VERTEX
  8
14
 10
-7.400000
 20
276.650000
  0
VERTEX
  8
14
 10
54.200000
 20
275.150000
  0
VERTEX
  8
14
 10
106.500000
 20
272.450000
  0
VERTEX
  8
14
 10
148.200000
 20
269.550000
  0
VERTEX
  8
14
 10
182.600000
 20
266.950000
  0
VERTEX
  8
14
 10
241.600000
 20
262.750000
  0
VERTEX
  8
14
 10
282.900000
 20
260.150000
  0
VERTEX
  8
14
 10
296.900000
 20
259.450000
  0
VERTEX
  8
14
 10
296.700000
 20
256.750000
  0
VERTEX
  8
14
 10
302.200000
 20
245.050000
  0
VERTEX
  8
14
 10
308.600000
 20
231.050000
  0
VERTEX
  8
14
 10
314.300000
 20
215.950000
  0
VERTEX
  8
14
 10
317.800000
 20
204.450000
  0
VERTEX
  8
14
 10
320.000000
 20
194.750000
  0
VERTEX
  8
14
 10
321.700000
 20
184.250000
  0
VERTEX
  8
14
 10
322.600000
 20
173.350000
  0
VERTEX
  8
14
 10
322.500000
 20
164.450000
  0
VERTEX
  8
14
 10
321.900000
 20
158.750000
  0
VERTEX
  8
14
 10
321.400000
 20
155.950000
  0
VERTEX
  8
14
 10
320.900000
 20
153.550000
  0
VERTEX
  8
14
 10
319.500000
 20
148.350000
  0
VERTEX
  8
14
 10
317.700000
 20
142.550000
  0
VERTEX
  8
14
 10
315.600000
 20
136.550000
  0
VERTEX
  8
14
 10
312.500000
 20
130.250000
  0
VERTEX
  8
14
 10
308.800000
 20
123.650000
  0
VERTEX
  8
14
 10
304.500000
 20
116.850000
  0
VERTEX
  8
14
 10
299.300000
 20
109.950000
  0
VERTEX
  8
14
 10
293.400000
 20
102.950000
  0
VERTEX
  8
14
 10
287.300000
 20
96.250000
  0
VERTEX
  8
14
 10
280.000000
 20
89.250000
  0
VERTEX
  8
14
 10
271.700000
 20
82.050000
  0
VERTEX
  8
14
 10
263.800000
 20
75.950000
  0
VERTEX
  8
14
 10
257.700000
 20
71.650000
  0
VERTEX
  8
14
 10
252.900000
 20
68.550000
  0
VERTEX
  8
14
 10
242.200000
 20
61.750000
  0
VERTEX
  8
14
 10
233.700000
 20
56.450000
  0
VERTEX
  8
14
 10
227.400000
 20
52.550000
  0
VERTEX
  8
14
 10
215.400000
 20
45.750000
  0
VERTEX
  8
14
 10
202.700000
 20
37.650000
  0
VERTEX
  8
14
 10
190.500000
 20
28.450000
  0
VERTEX
  8
14
 10
179.600000
 20
18.650000
  0
VERTEX
  8
14
 10
170.600000
 20
7.650000
  0
VERTEX
  8
14
 10
162.900000
 20
-4.850000
  0
VERTEX
  8
14
 10
156.800000
 20
-17.350000
  0
VERTEX
  8
14
 10
153.500000
 20
-25.350000
  0
VERTEX
  8
14
 10
106.100000
 20
-16.250000
  0
VERTEX
  8
14
 10
60.000000
 20
-7.350000
  0
VERTEX
  8
14
 10
-62.900000
 20
15.950000
  0
VERTEX
  8
14
 10
-144.300000
 20
31.650000
  0
VERTEX
  8
14
 10
-195.300000
 20
41.450000
  0
VERTEX
  8
14
 10
-272.700000
 20
57.250000
  0
VERTEX
  8
14
 10
-269.900000
 20
168.350000
  0
VERTEX
  8
14
 10
-269.700000
 20
203.750000
  0
VERTEX
  8
14
 10
-270.600000
 20
267.550000
  0
VERTEX
  8
14
 10
-271.200000
 20
293.050000
  0
VERTEX
  8
14
 10
-192.200000
 20
297.750000
  0
VERTEX
  8
14
 10
-190.500000
 20
272.450000
  0
SEQEND
  0
POINT
  8
2
 10
307.800000
 20
268.850000
  0
TEXT
  8
2
 10
307.800000
 20
268.850000
 40
0.250000
 50
0.000000
  1
#11
  0
POINT
  8
2
 10
306.800000
 20
258.550000
  0
TEXT
  8
2
 10
306.800000
 20
258.550000
 40
0.250000
 50
0.000000
  1
#11
  0
POINT
  8
3
 10
311.300000
 20
249.250000
  0
POINT
  8
2
 10
317.800000
 20
234.850000
  0
TEXT
  8
2
 10
317.800000
 20
234.850000
 40
0.250000
 50
0.000000
  1
#11
  0
POINT
  8
3
 10
323.700000
 20
219.150000
  0
POINT
  8
3
 10
327.400000
 20
207.050000
  0
POINT
  8
3
 10
329.800000
 20
196.650000
  0
POINT
  8
3
 10
331.600000
 20
185.350000
  0
POINT
  8
3
 10
332.500000
 20
173.650000
  0
POINT
  8
3
 10
332.400000
 20
163.950000
  0
POINT
  8
3
 10
331.800000
 20
157.450000
  0
POINT
  8
3
 10
331.200000
 20
154.150000
  0
POINT
  8
2
 10
330.600000
 20
151.350000
  0
TEXT
  8
2
 10
330.600000
 20
151.350000
 40
0.250000
 50
0.000000
  1
#22
  0
POINT
  8
3
 10
329.100000
 20
145.650000
  0
POINT
  8
3
 10
327.100000
 20
139.350000
  0
POINT
  8
3
 10
324.700000
 20
132.750000
  0
POINT
  8
3
 10
321.300000
 20
125.750000
  0
POINT
  8
3
 10
317.400000
 20
118.650000
  0
POINT
  8
3
 10
312.700000
 20
111.250000
  0
POINT
  8
3
 10
307.100000
 20
103.750000
  0
POINT
  8
3
 10
300.900000
 20
96.350000
  0
POINT
  8
3
 10
294.400000
 20
89.250000
  0
POINT
  8
3
 10
286.700000
 20
81.850000
  0
POINT
  8
3
 10
278.000000
 20
74.350000
  0
POINT
  8
3
 10
269.700000
 20
67.950000
  0
POINT
  8
3
 10
263.200000
 20
63.350000
  0
POINT
  8
2
 10
258.200000
 20
60.150000
  0
TEXT
  8
2
 10
258.200000
 20
60.150000
 40
0.250000
 50
0.000000
  1
#8
  0
POINT
  8
3
 10
247.500000
 20
53.350000
  0
POINT
  8
3
 10
239.000000
 20
47.950000
  0
POINT
  8
2
 10
232.500000
 20
43.950000
  0
TEXT
  8
2
 10
232.500000
 20
43.950000
 40
0.250000
 50
0.000000
  1
#8
  0
POINT
  8
3
 10
220.500000
 20
37.150000
  0
POINT
  8
3
 10
208.400000
 20
29.450000
  0
POINT
  8
3
 10
196.800000
 20
20.750000
  0
POINT
  8
3
 10
186.800000
 20
11.750000
  0
POINT
  8
2
 10
178.700000
 20
1.950000
  0
TEXT
  8
2
 10
178.700000
 20
1.950000
 40
0.250000
 50
0.000000
  1
#8
  0
POINT
  8
3
 10
171.700000
 20
-9.550000
  0
POINT
  8
3
 10
166.000000
 20
-21.350000
  0
POINT
  8
3
 10
162.400000
 20
-30.650000
  0
POINT
  8
2
 10
160.700000
 20
-36.750000
  0
TEXT
  8
2
 10
160.700000
 20
-36.750000
 40
0.250000
 50
0.000000
  1
#23
  0
POINT
  8
3
 10
104.300000
 20
-26.050000
  0
POINT
  8
2
 10
58.400000
 20
-17.150000
  0
TEXT
  8
2
 10
58.400000
 20
-17.150000
 40
0.250000
 50
0.000000
  1
#23
  0
POINT
  8
3
 10
-64.700000
 20
6.150000
  0
POINT
  8
3
 10
-146.100000
 20
21.850000
  0
POINT
  8
2
 10
-196.900000
 20
31.650000
  0
TEXT
  8
2
 10
-196.900000
 20
31.650000
 40
0.250000
 50
0.000000
  1
#24
  0
POINT
  8
2
 10
-282.900000
 20
49.250000
  0
TEXT
  8
2
 10
-282.900000
 20
49.250000
 40
0.250000
 50
0.000000
  1
#24
  0
POINT
  8
2
 10
-279.800000
 20
168.450000
  0
TEXT
  8
2
 10
-279.800000
 20
168.450000
 40
0.250000
 50
0.000000
  1
#25
  0
POINT
  8
2
 10
-279.600000
 20
203.750000
  0
TEXT
  8
2
 10
-279.600000
 20
203.750000
 40
0.250000
 50
0.000000
  1
#25
  0
POINT
  8
2
 10
-280.500000
 20
267.450000
  0
TEXT
  8
2
 10
-280.500000
 20
267.450000
 40
0.250000
 50
0.000000
  1
#25
  0
POINT
  8
2
 10
-281.400000
 20
302.450000
  0
TEXT
  8
2
 10
-281.400000
 20
302.450000
 40
0.250000
 50
0.000000
  1
#25
  0
POINT
  8
2
 10
-182.900000
 20
308.250000
  0
TEXT
  8
2
 10
-182.900000
 20
308.250000
 40
0.250000
 50
0.000000
  1
#25
  0
POINT
  8
2
 10
-181.200000
 20
282.850000
  0
TEXT
  8
2
 10
-181.200000
 20
282.850000
 40
0.250000
 50
0.000000
  1
#25
  0
POINT
  8
3
 10
-138.500000
 20
285.150000
  0
POINT
  8
3
 10
-105.800000
 20
286.550000
  0
POINT
  8
3
 10
-85.300000
 20
286.850000
  0
POINT
  8
2
 10
-73.500000
 20
286.950000
  0
TEXT
  8
2
 10
-73.500000
 20
286.950000
 40
0.250000
 50
0.000000
  1
#26
  0
POINT
  8
3
 10
-7.300000
 20
286.550000
  0
POINT
  8
3
 10
54.500000
 20
285.050000
  0
POINT
  8
3
 10
107.100000
 20
282.350000
  0
POINT
  8
3
 10
148.900000
 20
279.450000
  0
POINT
  8
2
 10
182.900000
 20
276.850000
  0
TEXT
  8
2
 10
182.900000
 20
276.850000
 40
0.250000
 50
0.000000
  1
#27
  0
POINT
  8
3
 10
242.300000
 20
272.650000
  0
POINT
  8
3
 10
283.400000
 20
270.050000
  0
POINT
  8
2
 10
307.800000
 20
268.850000
  0
POINT
  8
2
 10
94.800000
 20
268.350000
  0
TEXT
  8
2
 10
94.800000
 20
268.350000
 40
0.250000
 50
0.000000
  1
#28
  0
POINT
  8
3
 10
94.900000
 20
256.950000
  0
POINT
  8
3
 10
94.700000
 20
247.350000
  0
POINT
  8
3
 10
93.400000
 20
239.850000
  0
POINT
  8
3
 10
91.300000
 20
234.150000
  0
POINT
  8
3
 10
88.900000
 20
229.650000
  0
POINT
  8
3
 10
85.600000
 20
225.750000
  0
POINT
  8
3
 10
81.100000
 20
222.250000
  0
POINT
  8
3
 10
75.700000
 20
219.150000
  0
POINT
  8
3
 10
69.400000
 20
216.650000
  0
POINT
  8
3
 10
61.800000
 20
214.350000
  0
POINT
  8
3
 10
53.500000
 20
212.650000
  0
POINT
  8
3
 10
44.800000
 20
211.650000
  0
POINT
  8
3
 10
36.000000
 20
210.650000
  0
POINT
  8
3
 10
26.500000
 20
210.050000
  0
POINT
  8
2
 10
16.300000
 20
209.450000
  0
TEXT
  8
2
 10
16.300000
 20
209.450000
 40
0.250000
 50
0.000000
  1
#30
  0
POINT
  8
2
 10
-58.900000
 20
211.150000
  0
TEXT
  8
2
 10
-58.900000
 20
211.150000
 40
0.250000
 50
0.000000
  1
#26
  0
POINT
  8
3
 10
-69.000000
 20
211.550000
  0
POINT
  8
3
 10
-79.200000
 20
212.650000
  0
POINT
  8
3
 10
-88.700000
 20
214.550000
  0
POINT
  8
3
 10
-96.900000
 20
217.850000
  0
POINT
  8
3
 10
-103.300000
 20
223.350000
  0
POINT
  8
3
 10
-108.100000
 20
232.150000
  0
POINT
  8
3
 10
-111.500000
 20
243.750000
  0
POINT
  8
3
 10
-113.200000
 20
255.650000
  0
POINT
  8
3
 10
-113.700000
 20
265.350000
  0
POINT
  8
2
 10
-113.400000
 20
272.550000
  0
TEXT
  8
2
 10
-113.400000
 20
272.550000
 40
0.250000
 50
0.000000
  1
#29
  0
POINT
  8
2
 10
-190.500000
 20
272.750000
  0
TEXT
  8
2
 10
-190.500000
 20
272.750000
 40
0.250000
 50
0.000000
  1
#25
  0
POINT
  8
2
 10
-277.400000
 20
267.550000
  0
POINT
  8
2
 10
317.800000
 20
234.850000
 39
2.500000
 50
201.370600
  0
POINT
  8
2
 10
330.600000
 20
151.350000
 39
2.500000
 50
168.231700
  0
POINT
  8
2
 10
258.200000
 20
60.150000
 39
2.500000
 50
121.759500
  0
POINT
  8
2
 10
232.500000
 20
43.950000
 39
2.500000
 50
121.759500
  0
POINT
  8
2
 10
58.400000
 20
-17.150000
 39
2.500000
 50
80.537680
  0
POINT
  8
2
 10
-196.900000
 20
31.650000
 39
2.500000
 50
80.537680
  0
POINT
  8
2
 10
-279.800000
 20
168.450000
 39
2.500000
  0
POINT
  8
2
 10
-279.600000
 20
203.750000
 39
2.500000
  0
POINT
  8
2
 10
-280.500000
 20
267.450000
 39
2.500000
  0
POINT
  8
2
 10
-73.500000
 20
286.950000
 39
2.500000
 50
270.000000
  0
POINT
  8
2
 10
182.900000
 20
276.850000
 39
2.500000
 50
267.614100
  0
POINT
  8
2
 10
91.600000
 20
268.550000
  0
TEXT
  8
2
 10
91.600000
 20
268.550000
 40
0.250000
 50
0.000000
  1
#28
  0
POINT
  8
2
 10
83.000000
 20
226.850000
  0
TEXT
  8
2
 10
83.000000
 20
226.850000
 40
0.250000
 50
0.000000
  1
#28
  0
POINT
  8
2
 10
50.600000
 20
213.750000
  0
TEXT
  8
2
 10
50.600000
 20
213.750000
 40
0.250000
 50
0.000000
  1
#28
  0
POINT
  8
2
 10
0.600000
 20
210.950000
  0
TEXT
  8
2
 10
0.600000
 20
210.950000
 40
0.250000
 50
0.000000
  1
#30
  0
POINT
  8
2
 10
-64.800000
 20
212.950000
  0
TEXT
  8
2
 10
-64.800000
 20
212.950000
 40
0.250000
 50
0.000000
  1
#26
  0
POINT
  8
2
 10
-103.800000
 20
227.850000
  0
TEXT
  8
2
 10
-103.800000
 20
227.850000
 40
0.250000
 50
0.000000
  1
#26
  0
POINT
  8
2
 10
-111.800000
 20
268.950000
  0
TEXT
  8
2
 10
-111.800000
 20
268.950000
 40
0.250000
 50
0.000000
  1
#29
  0
POINT
  8
2
 10
-190.500000
 20
272.450000
  0
POINT
  8
3
 10
-138.000000
 20
275.250000
  0
POINT
  8
3
 10
-105.500000
 20
276.650000
  0
POINT
  8
3
 10
-85.200000
 20
276.950000
  0
POINT
  8
2
 10
-73.500000
 20
277.050000
  0
POINT
  8
3
 10
-7.400000
 20
276.650000
  0
POINT
  8
3
 10
54.200000
 20
275.150000
  0
POINT
  8
3
 10
106.500000
 20
272.450000
  0
POINT
  8
3
 10
148.200000
 20
269.550000
  0
POINT
  8
2
 10
182.600000
 20
266.950000
  0
POINT
  8
3
 10
241.600000
 20
262.750000
  0
POINT
  8
3
 10
282.900000
 20
260.150000
  0
POINT
  8
2
 10
296.900000
 20
259.450000
  0
POINT
  8
2
 10
296.700000
 20
256.750000
  0
POINT
  8
3
 10
302.200000
 20
245.050000
  0
POINT
  8
2
 10
308.600000
 20
231.050000
  0
POINT
  8
3
 10
314.300000
 20
215.950000
  0
POINT
  8
3
 10
317.800000
 20
204.450000
  0
POINT
  8
3
 10
320.000000
 20
194.750000
  0
POINT
  8
3
 10
321.700000
 20
184.250000
  0
POINT
  8
3
 10
322.600000
 20
173.350000
  0
POINT
  8
3
 10
322.500000
 20
164.450000
  0
POINT
  8
3
 10
321.900000
 20
158.750000
  0
POINT
  8
3
 10
321.400000
 20
155.950000
  0
POINT
  8
2
 10
320.900000
 20
153.550000
  0
POINT
  8
3
 10
319.500000
 20
148.350000
  0
POINT
  8
3
 10
317.700000
 20
142.550000
  0
POINT
  8
3
 10
315.600000
 20
136.550000
  0
POINT
  8
3
 10
312.500000
 20
130.250000
  0
POINT
  8
3
 10
308.800000
 20
123.650000
  0
POINT
  8
3
 10
304.500000
 20
116.850000
  0
POINT
  8
3
 10
299.300000
 20
109.950000
  0
POINT
  8
3
 10
293.400000
 20
102.950000
  0
POINT
  8
3
 10
287.300000
 20
96.250000
  0
POINT
  8
3
 10
280.000000
 20
89.250000
  0
POINT
  8
3
 10
271.700000
 20
82.050000
  0
POINT
  8
3
 10
263.800000
 20
75.950000
  0
POINT
  8
3
 10
257.700000
 20
71.650000
  0
POINT
  8
2
 10
252.900000
 20
68.550000
  0
POINT
  8
3
 10
242.200000
 20
61.750000
  0
POINT
  8
3
 10
233.700000
 20
56.450000
  0
POINT
  8
2
 10
227.400000
 20
52.550000
  0
POINT
  8
3
 10
215.400000
 20
45.750000
  0
POINT
  8
3
 10
202.700000
 20
37.650000
  0
POINT
  8
3
 10
190.500000
 20
28.450000
  0
POINT
  8
3
 10
179.600000
 20
18.650000
  0
POINT
  8
2
 10
170.600000
 20
7.650000
  0
POINT
  8
3
 10
162.900000
 20
-4.850000
  0
POINT
  8
3
 10
156.800000
 20
-17.350000
  0
POINT
  8
2
 10
153.500000
 20
-25.350000
  0
POINT
  8
3
 10
106.100000
 20
-16.250000
  0
POINT
  8
2
 10
60.000000
 20
-7.350000
  0
POINT
  8
3
 10
-62.900000
 20
15.950000
  0
POINT
  8
3
 10
-144.300000
 20
31.650000
  0
POINT
  8
2
 10
-195.300000
 20
41.450000
  0
POINT
  8
2
 10
-272.700000
 20
57.250000
  0
POINT
  8
2
 10
-269.900000
 20
168.350000
  0
POINT
  8
2
 10
-269.700000
 20
203.750000
  0
POINT
  8
2
 10
-270.600000
 20
267.550000
  0
POINT
  8
2
 10
-271.200000
 20
293.050000
  0
POINT
  8
2
 10
-192.200000
 20
297.750000
  0
POINT
  8
2
 10
-190.500000
 20
272.450000
  0
POINT
  8
4
 10
317.800000
 20
234.850000
 30
2.500000
 50
201.370600
  0
POINT
  8
4
 10
330.600000
 20
151.350000
 30
2.500000
 50
168.231700
  0
POINT
  8
4
 10
258.200000
 20
60.150000
 30
2.500000
 50
121.759500
  0
POINT
  8
4
 10
232.500000
 20
43.950000
 30
2.500000
 50
121.759500
  0
POINT
  8
4
 10
58.400000
 20
-17.150000
 30
2.500000
 50
80.537680
  0
POINT
  8
4
 10
-196.900000
 20
31.650000
 30
2.500000
 50
80.537680
  0
POINT
  8
4
 10
-279.800000
 20
168.450000
 30
2.500000
  0
POINT
  8
4
 10
-279.600000
 20
203.750000
 30
2.500000
  0
POINT
  8
4
 10
-280.500000
 20
267.450000
 30
2.500000
  0
POINT
  8
4
 10
-73.500000
 20
286.950000
 30
2.500000
 50
270.000000
  0
POINT
  8
4
 10
182.900000
 20
276.850000
 30
2.500000
 50
267.614100
  0
POINT
  8
13
 10
91.600000
 20
268.550000
 30
3.000000
  0
TEXT
  8
13
 10
91.600000
 20
268.550000
 40
0.250000
 50
0.000000
  1
#28
  0
POINT
  8
13
 10
83.000000
 20
226.850000
 30
3.000000
  0
TEXT
  8
13
 10
83.000000
 20
226.850000
 40
0.250000
 50
0.000000
  1
#28
  0
POINT
  8
13
 10
50.600000
 20
213.750000
 30
3.000000
  0
TEXT
  8
13
 10
50.600000
 20
213.750000
 40
0.250000
 50
0.000000
  1
#28
  0
POINT
  8
13
 10
0.600000
 20
210.950000
 30
3.000000
  0
TEXT
  8
13
 10
0.600000
 20
210.950000
 40
0.250000
 50
0.000000
  1
#30
  0
POINT
  8
13
 10
-64.800000
 20
212.950000
 30
3.000000
  0
TEXT
  8
13
 10
-64.800000
 20
212.950000
 40
0.250000
 50
0.000000
  1
#26
  0
POINT
  8
13
 10
-103.800000
 20
227.850000
 30
3.000000
  0
TEXT
  8
13
 10
-103.800000
 20
227.850000
 40
0.250000
 50
0.000000
  1
#26
  0
POINT
  8
13
 10
-111.800000
 20
268.950000
 30
3.000000
  0
TEXT
  8
13
 10
-111.800000
 20
268.950000
 40
0.250000
 50
0.000000
  1
#29
  0
LINE
  8
5
 10
125.200000
 20
123.050000
 11
29.400000
 21
123.050000
  0
LINE
  8
7
 10
125.200000
 20
123.050000
 11
29.400000
 21
123.050000
  0
TEXT
  8
15
 10
-205.100000
 20
269.250000
 40
4.309325
 50
183.769900
  1
TO BEND VENT
  0
TEXT
  8
1
 10
5.600000
 20
-110.400000
 40
10.000000
 50
0.000000
  1
Piece Name: UP SLEEVE 2P
  0
TEXT
  8
1
 10
5.600000
 20
-99.400000
 40
10.000000
 50
0.000000
  1
Size: 50
  0
TEXT
  8
1
 10
5.600000
 20
-88.400000
 40
10.000000
 50
0.000000
  1
Annotation: UP SLEEVE 2P
  0
TEXT
  8
1
 10
5.600000
 20
-77.400000
 40
10.000000
 50
0.000000
  1
Quantity: 1
  0
TEXT
  8
1
 10
5.600000
 20
-66.400000
 40
10.000000
 50
0.000000
  1
Material: LEATHER
  0
ENDBLK
  0
BLOCK
  8
1
  2
UNDER SLEEVE 2P
 70
     0
 10
0.00
 20
0.00
  0
POLYLINE
  8
84
 66
     1
 70
     1
  0
VERTEX
  8
84
 10
-148.500000
 20
206.350000
  0
VERTEX
  8
84
 10
-100.200000
 20
215.250000
  0
VERTEX
  8
84
 10
-46.000000
 20
224.450000
  0
VERTEX
  8
84
 10
-8.000000
 20
230.250000
  0
VERTEX
  8
84
 10
59.900000
 20
242.350000
  0
VERTEX
  8
84
 10
95.700000
 20
248.350000
  0
VERTEX
  8
84
 10
97.400000
 20
241.750000
  0
VERTEX
  8
84
 10
98.800000
 20
236.150000
  0
VERTEX
  8
84
 10
100.300000
 20
230.950000
  0
VERTEX
  8
84
 10
102.000000
 20
226.950000
  0
VERTEX
  8
84
 10
106.900000
 20
217.050000
  0
VERTEX
  8
84
 10
111.900000
 20
208.950000
  0
VERTEX
  8
84
 10
117.500000
 20
200.950000
  0
VERTEX
  8
84
 10
123.600000
 20
193.550000
  0
VERTEX
  8
84
 10
130.100000
 20
186.950000
  0
VERTEX
  8
84
 10
137.700000
 20
179.950000
  0
VERTEX
  8
84
 10
149.100000
 20
168.850000
  0
VERTEX
  8
84
 10
161.700000
 20
156.450000
  0
VERTEX
  8
84
 10
173.200000
 20
144.850000
  0
VERTEX
  8
84
 10
183.300000
 20
134.350000
  0
VERTEX
  8
84
 10
193.800000
 20
123.250000
  0
VERTEX
  8
84
 10
205.200000
 20
110.850000
  0
VERTEX
  8
84
 10
216.200000
 20
98.350000
  0
VERTEX
  8
84
 10
224.900000
 20
88.250000
  0
VERTEX
  8
84
 10
230.700000
 20
81.450000
  0
VERTEX
  8
84
 10
234.600000
 20
77.150000
  0
VERTEX
  8
84
 10
231.100000
 20
69.150000
  0
VERTEX
  8
84
 10
185.400000
 20
64.950000
  0
VERTEX
  8
84
 10
143.300000
 20
61.650000
  0
VERTEX
  8
84
 10
110.800000
 20
59.850000
  0
VERTEX
  8
84
 10
47.200000
 20
55.350000
  0
VERTEX
  8
84
 10
-12.200000
 20
52.150000
  0
VERTEX
  8
84
 10
-62.700000
 20
50.550000
  0
VERTEX
  8
84
 10
-101.000000
 20
50.550000
  0
VERTEX
  8
84
 10
-115.900000
 20
50.850000
  0
VERTEX
  8
84
 10
-137.300000
 20
152.550000
  0
VERTEX
  8
84
 10
-148.500000
 20
206.350000
  0
SEQEND
  0
POLYLINE
  8
1
 66
     1
 70
     1
  0
VERTEX
  8
1
 10
-148.500000
 20
206.350000
  0
VERTEX
  8
1
 10
-100.200000
 20
215.250000
  0
VERTEX
  8
1
 10
-46.000000
 20
224.450000
  0
VERTEX
  8
1
 10
-8.000000
 20
230.250000
  0
VERTEX
  8
1
 10
59.900000
 20
242.350000
  0
VERTEX
  8
1
 10
95.700000
 20
248.350000
  0
VERTEX
  8
1
 10
97.400000
 20
241.750000
  0
VERTEX
  8
1
 10
98.800000
 20
236.150000
  0
VERTEX
  8
1
 10
100.300000
 20
230.950000
  0
VERTEX
  8
1
 10
102.000000
 20
226.950000
  0
VERTEX
  8
1
 10
106.900000
 20
217.050000
  0
VERTEX
  8
1
 10
111.900000
 20
208.950000
  0
VERTEX
  8
1
 10
117.500000
 20
200.950000
  0
VERTEX
  8
1
 10
123.600000
 20
193.550000
  0
VERTEX
  8
1
 10
130.100000
 20
186.950000
  0
VERTEX
  8
1
 10
137.700000
 20
179.950000
  0
VERTEX
  8
1
 10
149.100000
 20
168.850000
  0
VERTEX
  8
1
 10
161.700000
 20
156.450000
  0
VERTEX
  8
1
 10
173.200000
 20
144.850000
  0
VERTEX
  8
1
 10
183.300000
 20
134.350000
  0
VERTEX
  8
1
 10
193.800000
 20
123.250000
  0
VERTEX
  8
1
 10
205.200000
 20
110.850000
  0
VERTEX
  8
1
 10
216.200000
 20
98.350000
  0
VERTEX
  8
1
 10
224.900000
 20
88.250000
  0
VERTEX
  8
1
 10
230.700000
 20
81.450000
  0
VERTEX
  8
1
 10
234.600000
 20
77.150000
  0
VERTEX
  8
1
 10
231.100000
 20
69.150000
  0
VERTEX
  8
1
 10
185.400000
 20
64.950000
  0
VERTEX
  8
1
 10
143.300000
 20
61.650000
  0
VERTEX
  8
1
 10
110.800000
 20
59.850000
  0
VERTEX
  8
1
 10
47.200000
 20
55.350000
  0
VERTEX
  8
1
 10
-12.200000
 20
52.150000
  0
VERTEX
  8
1
 10
-62.700000
 20
50.550000
  0
VERTEX
  8
1
 10
-101.000000
 20
50.550000
  0
VERTEX
  8
1
 10
-115.900000
 20
50.850000
  0
VERTEX
  8
1
 10
-137.300000
 20
152.550000
  0
VERTEX
  8
1
 10
-148.500000
 20
206.350000
  0
SEQEND
  0
POLYLINE
  8
85
 66
     1
  0
VERTEX
  8
85
 10
-120.400000
 20
120.750000
  0
VERTEX
  8
85
 10
-90.200000
 20
121.550000
  0
VERTEX
  8
85
 10
-55.900000
 20
122.450000
  0
VERTEX
  8
85
 10
-32.700000
 20
122.850000
  0
VERTEX
  8
85
 10
-21.700000
 20
122.150000
  0
VERTEX
  8
85
 10
-11.000000
 20
120.550000
  0
VERTEX
  8
85
 10
-1.400000
 20
118.050000
  0
VERTEX
  8
85
 10
6.300000
 20
115.050000
  0
VERTEX
  8
85
 10
11.900000
 20
110.750000
  0
VERTEX
  8
85
 10
16.300000
 20
104.250000
  0
VERTEX
  8
85
 10
20.100000
 20
95.750000
  0
VERTEX
  8
85
 10
22.900000
 20
86.250000
  0
VERTEX
  8
85
 10
24.200000
 20
77.550000
  0
VERTEX
  8
85
 10
24.600000
 20
70.550000
  0
VERTEX
  8
85
 10
24.400000
 20
64.850000
  0
SEQEND
  0
POLYLINE
  8
8
 66
     1
  0
VERTEX
  8
8
 10
-120.400000
 20
120.750000
  0
VERTEX
  8
8
 10
-90.200000
 20
121.550000
  0
VERTEX
  8
8
 10
-55.900000
 20
122.450000
  0
VERTEX
  8
8
 10
-32.700000
 20
122.850000
  0
VERTEX
  8
8
 10
-21.700000
 20
122.150000
  0
VERTEX
  8
8
 10
-11.000000
 20
120.550000
  0
VERTEX
  8
8
 10
-1.400000
 20
118.050000
  0
VERTEX
  8
8
 10
6.300000
 20
115.050000
  0
VERTEX
  8
8
 10
11.900000
 20
110.750000
  0
VERTEX
  8
8
 10
16.300000
 20
104.250000
  0
VERTEX
  8
8
 10
20.100000
 20
95.750000
  0
VERTEX
  8
8
 10
22.900000
 20
86.250000
  0
VERTEX
  8
8
 10
24.200000
 20
77.550000
  0
VERTEX
  8
8
 10
24.600000
 20
70.550000
  0
VERTEX
  8
8
 10
24.400000
 20
64.850000
  0
SEQEND
  0
POLYLINE
  8
87
 66
     1
  0
VERTEX
  8
87
 10
-136.700000
 20
198.350000
  0
VERTEX
  8
87
 10
-98.500000
 20
205.450000
  0
VERTEX
  8
87
 10
-44.400000
 20
214.650000
  0
VERTEX
  8
87
 10
-6.800000
 20
220.450000
  0
VERTEX
  8
87
 10
61.600000
 20
232.550000
  0
VERTEX
  8
87
 10
88.200000
 20
236.950000
  0
VERTEX
  8
87
 10
89.100000
 20
233.550000
  0
VERTEX
  8
87
 10
90.900000
 20
227.650000
  0
VERTEX
  8
87
 10
92.900000
 20
223.050000
  0
VERTEX
  8
87
 10
98.200000
 20
212.250000
  0
VERTEX
  8
87
 10
103.600000
 20
203.450000
  0
VERTEX
  8
87
 10
109.600000
 20
194.950000
  0
VERTEX
  8
87
 10
116.200000
 20
186.850000
  0
VERTEX
  8
87
 10
123.200000
 20
179.750000
  0
VERTEX
  8
87
 10
131.200000
 20
172.550000
  0
VERTEX
  8
87
 10
142.100000
 20
161.750000
  0
VERTEX
  8
87
 10
154.600000
 20
149.350000
  0
VERTEX
  8
87
 10
166.000000
 20
137.850000
  0
VERTEX
  8
87
 10
176.100000
 20
127.450000
  0
VERTEX
  8
87
 10
186.500000
 20
116.550000
  0
VERTEX
  8
87
 10
197.800000
 20
104.250000
  0
VERTEX
  8
87
 10
208.700000
 20
91.850000
  0
VERTEX
  8
87
 10
217.300000
 20
81.850000
  0
VERTEX
  8
87
 10
220.400000
 20
78.250000
  0
VERTEX
  8
87
 10
184.600000
 20
74.850000
  0
VERTEX
  8
87
 10
142.700000
 20
71.550000
  0
VERTEX
  8
87
 10
110.500000
 20
69.750000
  0
VERTEX
  8
87
 10
46.600000
 20
65.250000
  0
VERTEX
  8
87
 10
-12.600000
 20
62.050000
  0
VERTEX
  8
87
 10
-62.800000
 20
60.550000
  0
VERTEX
  8
87
 10
-100.900000
 20
60.550000
  0
VERTEX
  8
87
 10
-107.800000
 20
60.550000
  0
VERTEX
  8
87
 10
-127.600000
 20
154.550000
  0
VERTEX
  8
87
 10
-136.700000
 20
198.350000
  0
SEQEND
  0
POLYLINE
  8
14
 66
     1
  0
VERTEX
  8
14
 10
-136.700000
 20
198.350000
  0
VERTEX
  8
14
 10
-98.500000
 20
205.450000
  0
VERTEX
  8
14
 10
-44.400000
 20
214.650000
  0
VERTEX
  8
14
 10
-6.800000
 20
220.450000
  0
VERTEX
  8
14
 10
61.600000
 20
232.550000
  0
VERTEX
  8
14
 10
88.200000
 20
236.950000
  0
VERTEX
  8
14
 10
89.100000
 20
233.550000
  0
VERTEX
  8
14
 10
90.900000
 20
227.650000
  0
VERTEX
  8
14
 10
92.900000
 20
223.050000
  0
VERTEX
  8
14
 10
98.200000
 20
212.250000
  0
VERTEX
  8
14
 10
103.600000
 20
203.450000
  0
VERTEX
  8
14
 10
109.600000
 20
194.950000
  0
VERTEX
  8
14
 10
116.200000
 20
186.850000
  0
VERTEX
  8
14
 10
123.200000
 20
179.750000
  0
VERTEX
  8
14
 10
131.200000
 20
172.550000
  0
VERTEX
  8
14
 10
142.100000
 20
161.750000
  0
VERTEX
  8
14
 10
154.600000
 20
149.350000
  0
VERTEX
  8
14
 10
166.000000
 20
137.850000
  0
VERTEX
  8
14
 10
176.100000
 20
127.450000
  0
VERTEX
  8
14
 10
186.500000
 20
116.550000
  0
VERTEX
  8
14
 10
197.800000
 20
104.250000
  0
VERTEX
  8
14
 10
208.700000
 20
91.850000
  0
VERTEX
  8
14
 10
217.300000
 20
81.850000
  0
VERTEX
  8
14
 10
220.400000
 20
78.250000
  0
VERTEX
  8
14
 10
184.600000
 20
74.850000
  0
VERTEX
  8
14
 10
142.700000
 20
71.550000
  0
VERTEX
  8
14
 10
110.500000
 20
69.750000
  0
VERTEX
  8
14
 10
46.600000
 20
65.250000
  0
VERTEX
  8
14
 10
-12.600000
 20
62.050000
  0
VERTEX
  8
14
 10
-62.800000
 20
60.550000
  0
VERTEX
  8
14
 10
-100.900000
 20
60.550000
  0
VERTEX
  8
14
 10
-107.800000
 20
60.550000
  0
VERTEX
  8
14
 10
-127.600000
 20
154.550000
  0
VERTEX
  8
14
 10
-136.700000
 20
198.350000
  0
SEQEND
  0
POINT
  8
2
 10
-148.500000
 20
206.350000
  0
TEXT
  8
2
 10
-148.500000
 20
206.350000
 40
0.250000
 50
0.000000
  1
#32
  0
POINT
  8
3
 10
-100.200000
 20
215.250000
  0
POINT
  8
3
 10
-46.000000
 20
224.450000
  0
POINT
  8
2
 10
-8.000000
 20
230.250000
  0
TEXT
  8
2
 10
-8.000000
 20
230.250000
 40
0.250000
 50
0.000000
  1
#32
  0
POINT
  8
3
 10
59.900000
 20
242.350000
  0
POINT
  8
2
 10
95.700000
 20
248.350000
  0
TEXT
  8
2
 10
95.700000
 20
248.350000
 40
0.250000
 50
0.000000
  1
#32
  0
POINT
  8
3
 10
97.400000
 20
241.750000
  0
POINT
  8
3
 10
98.800000
 20
236.150000
  0
POINT
  8
3
 10
100.300000
 20
230.950000
  0
POINT
  8
2
 10
102.000000
 20
226.950000
  0
TEXT
  8
2
 10
102.000000
 20
226.950000
 40
0.250000
 50
0.000000
  1
#32
  0
POINT
  8
3
 10
106.900000
 20
217.050000
  0
POINT
  8
3
 10
111.900000
 20
208.950000
  0
POINT
  8
3
 10
117.500000
 20
200.950000
  0
POINT
  8
3
 10
123.600000
 20
193.550000
  0
POINT
  8
3
 10
130.100000
 20
186.950000
  0
POINT
  8
2
 10
137.700000
 20
179.950000
  0
TEXT
  8
2
 10
137.700000
 20
179.950000
 40
0.250000
 50
0.000000
  1
#8
  0
POINT
  8
3
 10
149.100000
 20
168.850000
  0
POINT
  8
3
 10
161.700000
 20
156.450000
  0
POINT
  8
3
 10
173.200000
 20
144.850000
  0
POINT
  8
3
 10
183.300000
 20
134.350000
  0
POINT
  8
3
 10
193.800000
 20
123.250000
  0
POINT
  8
3
 10
205.200000
 20
110.850000
  0
POINT
  8
3
 10
216.200000
 20
98.350000
  0
POINT
  8
3
 10
224.900000
 20
88.250000
  0
POINT
  8
3
 10
230.700000
 20
81.450000
  0
POINT
  8
2
 10
234.600000
 20
77.150000
  0
TEXT
  8
2
 10
234.600000
 20
77.150000
 40
0.250000
 50
0.000000
  1
#8
  0
POINT
  8
2
 10
231.100000
 20
69.150000
  0
TEXT
  8
2
 10
231.100000
 20
69.150000
 40
0.250000
 50
0.000000
  1
#8
  0
POINT
  8
3
 10
185.400000
 20
64.950000
  0
POINT
  8
3
 10
143.300000
 20
61.650000
  0
POINT
  8
2
 10
110.800000
 20
59.850000
  0
TEXT
  8
2
 10
110.800000
 20
59.850000
 40
0.250000
 50
0.000000
  1
#8
  0
POINT
  8
3
 10
47.200000
 20
55.350000
  0
POINT
  8
3
 10
-12.200000
 20
52.150000
  0
POINT
  8
3
 10
-62.700000
 20
50.550000
  0
POINT
  8
3
 10
-101.000000
 20
50.550000
  0
POINT
  8
2
 10
-115.900000
 20
50.850000
  0
TEXT
  8
2
 10
-115.900000
 20
50.850000
 40
0.250000
 50
0.000000
  1
#8
  0
POINT
  8
2
 10
-137.300000
 20
152.550000
  0
TEXT
  8
2
 10
-137.300000
 20
152.550000
 40
0.250000
 50
0.000000
  1
#8
  0
POINT
  8
2
 10
-148.500000
 20
206.350000
  0
POINT
  8
2
 10
-120.400000
 20
120.750000
  0
POINT
  8
3
 10
-90.200000
 20
121.550000
  0
POINT
  8
3
 10
-55.900000
 20
122.450000
  0
POINT
  8
2
 10
-32.700000
 20
122.850000
  0
POINT
  8
3
 10
-21.700000
 20
122.150000
  0
POINT
  8
3
 10
-11.000000
 20
120.550000
  0
POINT
  8
3
 10
-1.400000
 20
118.050000
  0
POINT
  8
3
 10
6.300000
 20
115.050000
  0
POINT
  8
3
 10
11.900000
 20
110.750000
  0
POINT
  8
3
 10
16.300000
 20
104.250000
  0
POINT
  8
3
 10
20.100000
 20
95.750000
  0
POINT
  8
3
 10
22.900000
 20
86.250000
  0
POINT
  8
3
 10
24.200000
 20
77.550000
  0
POINT
  8
3
 10
24.600000
 20
70.550000
  0
POINT
  8
2
 10
24.400000
 20
64.850000
  0
POINT
  8
2
 10
-8.000000
 20
230.250000
 39
2.500000
 50
277.125000
  0
POINT
  8
2
 10
102.000000
 20
226.950000
 39
2.500000
 50
203.498600
  0
POINT
  8
2
 10
137.700000
 20
179.950000
 39
2.500000
 50
228.366500
  0
POINT
  8
2
 10
110.800000
 20
59.850000
 39
2.500000
 50
92.385940
  0
POINT
  8
2
 10
-137.300000
 20
152.550000
 39
2.500000
 50
11.768290
  0
POINT
  8
2
 10
22.600000
 20
67.450000
  0
TEXT
  8
2
 10
22.600000
 20
67.450000
 40
0.250000
 50
0.000000
  1
#8
  0
POINT
  8
2
 10
9.200000
 20
110.050000
  0
TEXT
  8
2
 10
9.200000
 20
110.050000
 40
0.250000
 50
0.000000
  1
#8
  0
POINT
  8
2
 10
-37.600000
 20
120.950000
  0
TEXT
  8
2
 10
-37.600000
 20
120.950000
 40
0.250000
 50
0.000000
  1
#8
  0
POINT
  8
2
 10
-101.600000
 20
119.350000
  0
TEXT
  8
2
 10
-101.600000
 20
119.350000
 40
0.250000
 50
0.000000
  1
#8
  0
POINT
  8
2
 10
-136.700000
 20
198.350000
  0
POINT
  8
3
 10
-98.500000
 20
205.450000
  0
POINT
  8
3
 10
-44.400000
 20
214.650000
  0
POINT
  8
2
 10
-6.800000
 20
220.450000
  0
POINT
  8
3
 10
61.600000
 20
232.550000
  0
POINT
  8
2
 10
88.200000
 20
236.950000
  0
POINT
  8
3
 10
89.100000
 20
233.550000
  0
POINT
  8
3
 10
90.900000
 20
227.650000
  0
POINT
  8
2
 10
92.900000
 20
223.050000
  0
POINT
  8
3
 10
98.200000
 20
212.250000
  0
POINT
  8
3
 10
103.600000
 20
203.450000
  0
POINT
  8
3
 10
109.600000
 20
194.950000
  0
POINT
  8
3
 10
116.200000
 20
186.850000
  0
POINT
  8
3
 10
123.200000
 20
179.750000
  0
POINT
  8
2
 10
131.200000
 20
172.550000
  0
POINT
  8
3
 10
142.100000
 20
161.750000
  0
POINT
  8
3
 10
154.600000
 20
149.350000
  0
POINT
  8
3
 10
166.000000
 20
137.850000
  0
POINT
  8
3
 10
176.100000
 20
127.450000
  0
POINT
  8
3
 10
186.500000
 20
116.550000
  0
POINT
  8
3
 10
197.800000
 20
104.250000
  0
POINT
  8
3
 10
208.700000
 20
91.850000
  0
POINT
  8
3
 10
217.300000
 20
81.850000
  0
POINT
  8
2
 10
220.400000
 20
78.250000
  0
POINT
  8
3
 10
184.600000
 20
74.850000
  0
POINT
  8
3
 10
142.700000
 20
71.550000
  0
POINT
  8
2
 10
110.500000
 20
69.750000
  0
POINT
  8
3
 10
46.600000
 20
65.250000
  0
POINT
  8
3
 10
-12.600000
 20
62.050000
  0
POINT
  8
3
 10
-62.800000
 20
60.550000
  0
POINT
  8
3
 10
-100.900000
 20
60.550000
  0
POINT
  8
2
 10
-107.800000
 20
60.550000
  0
POINT
  8
2
 10
-127.600000
 20
154.550000
  0
POINT
  8
2
 10
-136.700000
 20
198.350000
  0
POINT
  8
4
 10
-8.000000
 20
230.250000
 30
2.500000
 50
277.125000
  0
POINT
  8
4
 10
102.000000
 20
226.950000
 30
2.500000
 50
203.498600
  0
POINT
  8
4
 10
137.700000
 20
179.950000
 30
2.500000
 50
228.366500
  0
POINT
  8
4
 10
110.800000
 20
59.850000
 30
2.500000
 50
92.385940
  0
POINT
  8
4
 10
-137.300000
 20
152.550000
 30
2.500000
 50
11.768290
  0
POINT
  8
13
 10
22.600000
 20
67.450000
 30
3.000000
  0
TEXT
  8
13
 10
22.600000
 20
67.450000
 40
0.250000
 50
0.000000
  1
#8
  0
POINT
  8
13
 10
9.200000
 20
110.050000
 30
3.000000
  0
TEXT
  8
13
 10
9.200000
 20
110.050000
 40
0.250000
 50
0.000000
  1
#8
  0
POINT
  8
13
 10
-37.600000
 20
120.950000
 30
3.000000
  0
TEXT
  8
13
 10
-37.600000
 20
120.950000
 40
0.250000
 50
0.000000
  1
#8
  0
POINT
  8
13
 10
-101.600000
 20
119.350000
 30
3.000000
  0
TEXT
  8
13
 10
-101.600000
 20
119.350000
 40
0.250000
 50
0.000000
  1
#8
  0
LINE
  8
5
 10
113.400000
 20
123.050000
 11
41.300000
 21
123.050000
  0
LINE
  8
7
 10
113.400000
 20
123.050000
 11
41.300000
 21
123.050000
  0
TEXT
  8
1
 10
5.600000
 20
-110.400000
 40
10.000000
 50
0.000000
  1
Piece Name: UNDER SLEEVE 2P
  0
TEXT
  8
1
 10
5.600000
 20
-99.400000
 40
10.000000
 50
0.000000
  1
Size: 50
  0
TEXT
  8
1
 10
5.600000
 20
-88.400000
 40
10.000000
 50
0.000000
  1
Annotation: UNDER SLEEVE 2P
  0
TEXT
  8
1
 10
5.600000
 20
-77.400000
 40
10.000000
 50
0.000000
  1
Quantity: 1
  0
TEXT
  8
1
 10
5.600000
 20
-66.400000
 40
10.000000
 50
0.000000
  1
Material: LEATHER
  0
ENDBLK
  0
BLOCK
  8
1
  2
UNDR SLV 2P
 70
     0
 10
0.00
 20
0.00
  0
POLYLINE
  8
84
 66
     1
 70
     1
  0
VERTEX
  8
84
 10
218.000000
 20
50.450000
  0
VERTEX
  8
84
 10
186.300000
 20
51.250000
  0
VERTEX
  8
84
 10
168.000000
 20
51.750000
  0
VERTEX
  8
84
 10
148.600000
 20
52.750000
  0
VERTEX
  8
84
 10
125.900000
 20
53.750000
  0
VERTEX
  8
84
 10
90.000000
 20
55.250000
  0
VERTEX
  8
84
 10
59.600000
 20
56.150000
  0
VERTEX
  8
84
 10
58.800000
 20
35.450000
  0
VERTEX
  8
84
 10
-42.100000
 20
38.250000
  0
VERTEX
  8
84
 10
-40.900000
 20
68.550000
  0
VERTEX
  8
84
 10
-35.700000
 20
168.250000
  0
VERTEX
  8
84
 10
-1.600000
 20
175.250000
  0
VERTEX
  8
84
 10
26.500000
 20
180.750000
  0
VERTEX
  8
84
 10
49.100000
 20
184.850000
  0
VERTEX
  8
84
 10
139.100000
 20
201.750000
  0
VERTEX
  8
84
 10
184.500000
 20
209.950000
  0
VERTEX
  8
84
 10
195.700000
 20
156.550000
  0
VERTEX
  8
84
 10
218.000000
 20
50.450000
  0
SEQEND
  0
POLYLINE
  8
1
 66
     1
 70
     1
  0
VERTEX
  8
1
 10
218.000000
 20
50.450000
  0
VERTEX
  8
1
 10
186.300000
 20
51.250000
  0
VERTEX
  8
1
 10
168.000000
 20
51.750000
  0
VERTEX
  8
1
 10
148.600000
 20
52.750000
  0
VERTEX
  8
1
 10
125.900000
 20
53.750000
  0
VERTEX
  8
1
 10
90.000000
 20
55.250000
  0
VERTEX
  8
1
 10
59.600000
 20
56.150000
  0
VERTEX
  8
1
 10
58.800000
 20
35.450000
  0
VERTEX
  8
1
 10
-42.100000
 20
38.250000
  0
VERTEX
  8
1
 10
-40.900000
 20
68.550000
  0
VERTEX
  8
1
 10
-35.700000
 20
168.250000
  0
VERTEX
  8
1
 10
-1.600000
 20
175.250000
  0
VERTEX
  8
1
 10
26.500000
 20
180.750000
  0
VERTEX
  8
1
 10
49.100000
 20
184.850000
  0
VERTEX
  8
1
 10
139.100000
 20
201.750000
  0
VERTEX
  8
1
 10
184.500000
 20
209.950000
  0
VERTEX
  8
1
 10
195.700000
 20
156.550000
  0
VERTEX
  8
1
 10
218.000000
 20
50.450000
  0
SEQEND
  0
POLYLINE
  8
85
 66
     1
  0
VERTEX
  8
85
 10
127.800000
 20
64.450000
  0
VERTEX
  8
85
 10
128.500000
 20
74.850000
  0
VERTEX
  8
85
 10
129.800000
 20
84.950000
  0
VERTEX
  8
85
 10
132.900000
 20
94.350000
  0
VERTEX
  8
85
 10
137.900000
 20
102.950000
  0
VERTEX
  8
85
 10
144.000000
 20
109.550000
  0
VERTEX
  8
85
 10
150.200000
 20
113.850000
  0
VERTEX
  8
85
 10
156.100000
 20
116.250000
  0
VERTEX
  8
85
 10
162.100000
 20
117.950000
  0
VERTEX
  8
85
 10
167.800000
 20
119.050000
  0
VERTEX
  8
85
 10
173.800000
 20
119.650000
  0
VERTEX
  8
85
 10
180.500000
 20
120.450000
  0
VERTEX
  8
85
 10
193.100000
 20
120.850000
  0
SEQEND
  0
POLYLINE
  8
8
 66
     1
  0
VERTEX
  8
8
 10
127.800000
 20
64.450000
  0
VERTEX
  8
8
 10
128.500000
 20
74.850000
  0
VERTEX
  8
8
 10
129.800000
 20
84.950000
  0
VERTEX
  8
8
 10
132.900000
 20
94.350000
  0
VERTEX
  8
8
 10
137.900000
 20
102.950000
  0
VERTEX
  8
8
 10
144.000000
 20
109.550000
  0
VERTEX
  8
8
 10
150.200000
 20
113.850000
  0
VERTEX
  8
8
 10
156.100000
 20
116.250000
  0
VERTEX
  8
8
 10
162.100000
 20
117.950000
  0
VERTEX
  8
8
 10
167.800000
 20
119.050000
  0
VERTEX
  8
8
 10
173.800000
 20
119.650000
  0
VERTEX
  8
8
 10
180.500000
 20
120.450000
  0
VERTEX
  8
8
 10
193.100000
 20
120.850000
  0
SEQEND
  0
POLYLINE
  8
85
 66
     1
  0
VERTEX
  8
85
 10
49.500000
 20
66.450000
  0
VERTEX
  8
85
 10
-31.800000
 20
68.150000
  0
SEQEND
  0
POLYLINE
  8
8
 66
     1
  0
VERTEX
  8
8
 10
49.500000
 20
66.450000
  0
VERTEX
  8
8
 10
-31.800000
 20
68.150000
  0
SEQEND
  0
POLYLINE
  8
87
 66
     1
  0
VERTEX
  8
87
 10
50.100000
 20
66.250000
  0
VERTEX
  8
87
 10
49.300000
 20
45.650000
  0
VERTEX
  8
87
 10
-31.800000
 20
47.850000
  0
VERTEX
  8
87
 10
-31.000000
 20
68.550000
  0
VERTEX
  8
87
 10
-26.200000
 20
160.050000
  0
VERTEX
  8
87
 10
0.400000
 20
165.450000
  0
VERTEX
  8
87
 10
28.300000
 20
170.950000
  0
VERTEX
  8
87
 10
50.900000
 20
175.050000
  0
VERTEX
  8
87
 10
140.800000
 20
191.950000
  0
VERTEX
  8
87
 10
176.700000
 20
198.450000
  0
VERTEX
  8
87
 10
186.000000
 20
154.550000
  0
VERTEX
  8
87
 10
205.700000
 20
60.750000
  0
VERTEX
  8
87
 10
186.500000
 20
61.150000
  0
VERTEX
  8
87
 10
168.000000
 20
61.650000
  0
VERTEX
  8
87
 10
149.000000
 20
62.650000
  0
VERTEX
  8
87
 10
126.300000
 20
63.650000
  0
VERTEX
  8
87
 10
90.300000
 20
65.150000
  0
VERTEX
  8
87
 10
50.100000
 20
66.250000
  0
SEQEND
  0
POLYLINE
  8
14
 66
     1
  0
VERTEX
  8
14
 10
50.100000
 20
66.250000
  0
VERTEX
  8
14
 10
49.300000
 20
45.650000
  0
VERTEX
  8
14
 10
-31.800000
 20
47.850000
  0
VERTEX
  8
14
 10
-31.000000
 20
68.550000
  0
VERTEX
  8
14
 10
-26.200000
 20
160.050000
  0
VERTEX
  8
14
 10
0.400000
 20
165.450000
  0
VERTEX
  8
14
 10
28.300000
 20
170.950000
  0
VERTEX
  8
14
 10
50.900000
 20
175.050000
  0
VERTEX
  8
14
 10
140.800000
 20
191.950000
  0
VERTEX
  8
14
 10
176.700000
 20
198.450000
  0
VERTEX
  8
14
 10
186.000000
 20
154.550000
  0
VERTEX
  8
14
 10
205.700000
 20
60.750000
  0
VERTEX
  8
14
 10
186.500000
 20
61.150000
  0
VERTEX
  8
14
 10
168.000000
 20
61.650000
  0
VERTEX
  8
14
 10
149.000000
 20
62.650000
  0
VERTEX
  8
14
 10
126.300000
 20
63.650000
  0
VERTEX
  8
14
 10
90.300000
 20
65.150000
  0
VERTEX
  8
14
 10
50.100000
 20
66.250000
  0
SEQEND
  0
POINT
  8
2
 10
218.000000
 20
50.450000
  0
TEXT
  8
2
 10
218.000000
 20
50.450000
 40
0.250000
 50
0.000000
  1
#8
  0
POINT
  8
3
 10
186.300000
 20
51.250000
  0
POINT
  8
2
 10
168.000000
 20
51.750000
  0
TEXT
  8
2
 10
168.000000
 20
51.750000
 40
0.250000
 50
0.000000
  1
#8
  0
POINT
  8
3
 10
148.600000
 20
52.750000
  0
POINT
  8
3
 10
125.900000
 20
53.750000
  0
POINT
  8
3
 10
90.000000
 20
55.250000
  0
POINT
  8
2
 10
59.600000
 20
56.150000
  0
TEXT
  8
2
 10
59.600000
 20
56.150000
 40
0.250000
 50
0.000000
  1
#25
  0
POINT
  8
2
 10
58.800000
 20
35.450000
  0
TEXT
  8
2
 10
58.800000
 20
35.450000
 40
0.250000
 50
0.000000
  1
#25
  0
POINT
  8
2
 10
-42.100000
 20
38.250000
  0
TEXT
  8
2
 10
-42.100000
 20
38.250000
 40
0.250000
 50
0.000000
  1
#25
  0
POINT
  8
2
 10
-40.900000
 20
68.550000
  0
TEXT
  8
2
 10
-40.900000
 20
68.550000
 40
0.250000
 50
0.000000
  1
#25
  0
POINT
  8
2
 10
-35.700000
 20
168.250000
  0
TEXT
  8
2
 10
-35.700000
 20
168.250000
 40
0.250000
 50
0.000000
  1
#33
  0
POINT
  8
3
 10
-1.600000
 20
175.250000
  0
POINT
  8
3
 10
26.500000
 20
180.750000
  0
POINT
  8
2
 10
49.100000
 20
184.850000
  0
TEXT
  8
2
 10
49.100000
 20
184.850000
 40
0.250000
 50
0.000000
  1
#33
  0
POINT
  8
3
 10
139.100000
 20
201.750000
  0
POINT
  8
2
 10
184.500000
 20
209.950000
  0
TEXT
  8
2
 10
184.500000
 20
209.950000
 40
0.250000
 50
0.000000
  1
#32
  0
POINT
  8
2
 10
195.700000
 20
156.550000
  0
TEXT
  8
2
 10
195.700000
 20
156.550000
 40
0.250000
 50
0.000000
  1
#8
  0
POINT
  8
2
 10
218.000000
 20
50.450000
  0
POINT
  8
2
 10
127.800000
 20
64.450000
  0
POINT
  8
3
 10
128.500000
 20
74.850000
  0
POINT
  8
3
 10
129.800000
 20
84.950000
  0
POINT
  8
3
 10
132.900000
 20
94.350000
  0
POINT
  8
3
 10
137.900000
 20
102.950000
  0
POINT
  8
3
 10
144.000000
 20
109.550000
  0
POINT
  8
3
 10
150.200000
 20
113.850000
  0
POINT
  8
3
 10
156.100000
 20
116.250000
  0
POINT
  8
3
 10
162.100000
 20
117.950000
  0
POINT
  8
3
 10
167.800000
 20
119.050000
  0
POINT
  8
3
 10
173.800000
 20
119.650000
  0
POINT
  8
2
 10
180.500000
 20
120.450000
  0
POINT
  8
2
 10
193.100000
 20
120.850000
  0
POINT
  8
2
 10
49.500000
 20
66.450000
  0
POINT
  8
2
 10
-31.800000
 20
68.150000
  0
POINT
  8
2
 10
168.000000
 20
51.750000
 39
2.500000
 50
90.000000
  0
POINT
  8
2
 10
-40.900000
 20
68.550000
 39
2.500000
  0
POINT
  8
2
 10
49.100000
 20
184.850000
 39
2.500000
 50
279.462300
  0
POINT
  8
2
 10
195.700000
 20
156.550000
 39
2.500000
 50
191.768300
  0
POINT
  8
2
 10
171.600000
 20
117.650000
  0
TEXT
  8
2
 10
171.600000
 20
117.650000
 40
0.250000
 50
0.000000
  1
#8
  0
POINT
  8
2
 10
136.600000
 20
98.650000
  0
TEXT
  8
2
 10
136.600000
 20
98.650000
 40
0.250000
 50
0.000000
  1
#8
  0
POINT
  8
2
 10
128.900000
 20
69.150000
  0
TEXT
  8
2
 10
128.900000
 20
69.150000
 40
0.250000
 50
0.000000
  1
#8
  0
POINT
  8
2
 10
50.100000
 20
66.250000
  0
POINT
  8
2
 10
49.300000
 20
45.650000
  0
POINT
  8
2
 10
-31.800000
 20
47.850000
  0
POINT
  8
2
 10
-31.000000
 20
68.550000
  0
POINT
  8
2
 10
-26.200000
 20
160.050000
  0
POINT
  8
3
 10
0.400000
 20
165.450000
  0
POINT
  8
3
 10
28.300000
 20
170.950000
  0
POINT
  8
2
 10
50.900000
 20
175.050000
  0
POINT
  8
3
 10
140.800000
 20
191.950000
  0
POINT
  8
2
 10
176.700000
 20
198.450000
  0
POINT
  8
2
 10
186.000000
 20
154.550000
  0
POINT
  8
2
 10
205.700000
 20
60.750000
  0
POINT
  8
3
 10
186.500000
 20
61.150000
  0
POINT
  8
2
 10
168.000000
 20
61.650000
  0
POINT
  8
3
 10
149.000000
 20
62.650000
  0
POINT
  8
3
 10
126.300000
 20
63.650000
  0
POINT
  8
3
 10
90.300000
 20
65.150000
  0
POINT
  8
2
 10
50.100000
 20
66.250000
  0
POINT
  8
4
 10
168.000000
 20
51.750000
 30
2.500000
 50
90.000000
  0
POINT
  8
4
 10
-40.900000
 20
68.550000
 30
2.500000
  0
POINT
  8
4
 10
49.100000
 20
184.850000
 30
2.500000
 50
279.462300
  0
POINT
  8
4
 10
195.700000
 20
156.550000
 30
2.500000
 50
191.768300
  0
POINT
  8
13
 10
171.600000
 20
117.650000
 30
3.000000
  0
TEXT
  8
13
 10
171.600000
 20
117.650000
 40
0.250000
 50
0.000000
  1
#8
  0
POINT
  8
13
 10
136.600000
 20
98.650000
 30
3.000000
  0
TEXT
  8
13
 10
136.600000
 20
98.650000
 40
0.250000
 50
0.000000
  1
#8
  0
POINT
  8
13
 10
128.900000
 20
69.150000
 30
3.000000
  0
TEXT
  8
13
 10
128.900000
 20
69.150000
 40
0.250000
 50
0.000000
  1
#8
  0
LINE
  8
5
 10
135.000000
 20
123.050000
 11
19.500000
 21
123.050000
  0
LINE
  8
7
 10
135.000000
 20
123.050000
 11
19.500000
 21
123.050000
  0
TEXT
  8
15
 10
-12.800000
 20
71.050000
 40
7.283811
 50
359.344500
  1
SUPPORT VENT
  0
TEXT
  8
1
 10
5.600000
 20
-110.400000
 40
10.000000
 50
0.000000
  1
Piece Name: UNDR SLV 2P
  0
TEXT
  8
1
 10
5.600000
 20
-99.400000
 40
10.000000
 50
0.000000
  1
Size: 50
  0
TEXT
  8
1
 10
5.600000
 20
-88.400000
 40
10.000000
 50
0.000000
  1
Annotation: UNDR SLV 2P
  0
TEXT
  8
1
 10
5.600000
 20
-77.400000
 40
10.000000
 50
0.000000
  1
Quantity: 1
  0
TEXT
  8
1
 10
5.600000
 20
-66.400000
 40
10.000000
 50
0.000000
  1
Material: LEATHER
  0
ENDBLK
  0
BLOCK
  8
1
  2
PATCH SLEEVE 2P
 70
     0
 10
0.00
 20
0.00
  0
POLYLINE
  8
84
 66
     1
 70
     1
  0
VERTEX
  8
84
 10
-21.600000
 20
124.750000
  0
VERTEX
  8
84
 10
-21.300000
 20
136.150000
  0
VERTEX
  8
84
 10
-20.600000
 20
144.550000
  0
VERTEX
  8
84
 10
-19.500000
 20
150.250000
  0
VERTEX
  8
84
 10
-18.100000
 20
154.550000
  0
VERTEX
  8
84
 10
-16.800000
 20
157.850000
  0
VERTEX
  8
84
 10
-15.100000
 20
161.250000
  0
VERTEX
  8
84
 10
-12.700000
 20
165.350000
  0
VERTEX
  8
84
 10
-10.000000
 20
169.850000
  0
VERTEX
  8
84
 10
-7.600000
 20
173.650000
  0
VERTEX
  8
84
 10
-5.500000
 20
176.350000
  0
VERTEX
  8
84
 10
-3.600000
 20
178.450000
  0
VERTEX
  8
84
 10
-1.800000
 20
180.050000
  0
VERTEX
  8
84
 10
0.800000
 20
181.850000
  0
VERTEX
  8
84
 10
4.300000
 20
183.750000
  0
VERTEX
  8
84
 10
7.700000
 20
185.450000
  0
VERTEX
  8
84
 10
10.900000
 20
186.950000
  0
VERTEX
  8
84
 10
16.000000
 20
188.150000
  0
VERTEX
  8
84
 10
25.700000
 20
189.850000
  0
VERTEX
  8
84
 10
40.700000
 20
192.350000
  0
VERTEX
  8
84
 10
57.600000
 20
194.950000
  0
VERTEX
  8
84
 10
72.800000
 20
197.450000
  0
VERTEX
  8
84
 10
85.200000
 20
199.250000
  0
VERTEX
  8
84
 10
91.700000
 20
199.850000
  0
VERTEX
  8
84
 10
100.200000
 20
197.350000
  0
VERTEX
  8
84
 10
107.300000
 20
196.950000
  0
VERTEX
  8
84
 10
117.500000
 20
196.150000
  0
VERTEX
  8
84
 10
129.700000
 20
195.150000
  0
VERTEX
  8
84
 10
140.900000
 20
194.450000
  0
VERTEX
  8
84
 10
149.800000
 20
193.250000
  0
VERTEX
  8
84
 10
156.900000
 20
192.050000
  0
VERTEX
  8
84
 10
162.800000
 20
190.850000
  0
VERTEX
  8
84
 10
168.500000
 20
189.050000
  0
VERTEX
  8
84
 10
173.900000
 20
186.950000
  0
VERTEX
  8
84
 10
178.500000
 20
184.850000
  0
VERTEX
  8
84
 10
182.200000
 20
182.650000
  0
VERTEX
  8
84
 10
185.800000
 20
179.850000
  0
VERTEX
  8
84
 10
189.300000
 20
176.550000
  0
VERTEX
  8
84
 10
192.300000
 20
172.850000
  0
VERTEX
  8
84
 10
195.300000
 20
168.650000
  0
VERTEX
  8
84
 10
197.800000
 20
164.450000
  0
VERTEX
  8
84
 10
200.100000
 20
160.250000
  0
VERTEX
  8
84
 10
201.800000
 20
156.350000
  0
VERTEX
  8
84
 10
203.400000
 20
152.650000
  0
VERTEX
  8
84
 10
204.300000
 20
148.650000
  0
VERTEX
  8
84
 10
205.000000
 20
143.350000
  0
VERTEX
  8
84
 10
205.800000
 20
137.050000
  0
VERTEX
  8
84
 10
206.300000
 20
130.650000
  0
VERTEX
  8
84
 10
206.400000
 20
121.250000
  0
VERTEX
  8
84
 10
205.900000
 20
112.650000
  0
VERTEX
  8
84
 10
205.300000
 20
105.650000
  0
VERTEX
  8
84
 10
204.400000
 20
100.150000
  0
VERTEX
  8
84
 10
203.000000
 20
95.050000
  0
VERTEX
  8
84
 10
201.100000
 20
90.050000
  0
VERTEX
  8
84
 10
199.200000
 20
85.650000
  0
VERTEX
  8
84
 10
197.000000
 20
81.750000
  0
VERTEX
  8
84
 10
194.300000
 20
77.850000
  0
VERTEX
  8
84
 10
191.500000
 20
74.350000
  0
VERTEX
  8
84
 10
189.000000
 20
71.650000
  0
VERTEX
  8
84
 10
186.300000
 20
69.350000
  0
VERTEX
  8
84
 10
183.600000
 20
67.150000
  0
VERTEX
  8
84
 10
181.100000
 20
65.350000
  0
VERTEX
  8
84
 10
177.900000
 20
63.650000
  0
VERTEX
  8
84
 10
174.000000
 20
61.950000
  0
VERTEX
  8
84
 10
170.000000
 20
60.550000
  0
VERTEX
  8
84
 10
165.400000
 20
59.350000
  0
VERTEX
  8
84
 10
159.000000
 20
58.550000
  0
VERTEX
  8
84
 10
150.200000
 20
57.650000
  0
VERTEX
  8
84
 10
139.400000
 20
56.750000
  0
VERTEX
  8
84
 10
128.100000
 20
55.250000
  0
VERTEX
  8
84
 10
118.300000
 20
53.350000
  0
VERTEX
  8
84
 10
105.900000
 20
51.150000
  0
VERTEX
  8
84
 10
102.400000
 20
50.450000
  0
VERTEX
  8
84
 10
94.900000
 20
48.350000
  0
VERTEX
  8
84
 10
87.600000
 20
48.550000
  0
VERTEX
  8
84
 10
65.700000
 20
51.450000
  0
VERTEX
  8
84
 10
48.700000
 20
53.450000
  0
VERTEX
  8
84
 10
36.900000
 20
54.750000
  0
VERTEX
  8
84
 10
28.700000
 20
56.150000
  0
VERTEX
  8
84
 10
22.200000
 20
57.650000
  0
VERTEX
  8
84
 10
16.400000
 20
59.050000
  0
VERTEX
  8
84
 10
11.300000
 20
60.750000
  0
VERTEX
  8
84
 10
6.100000
 20
63.450000
  0
VERTEX
  8
84
 10
1.000000
 20
66.850000
  0
VERTEX
  8
84
 10
-3.100000
 20
69.750000
  0
VERTEX
  8
84
 10
-6.000000
 20
72.050000
  0
VERTEX
  8
84
 10
-8.200000
 20
74.350000
  0
VERTEX
  8
84
 10
-10.000000
 20
77.150000
  0
VERTEX
  8
84
 10
-12.400000
 20
81.650000
  0
VERTEX
  8
84
 10
-14.900000
 20
86.950000
  0
VERTEX
  8
84
 10
-17.300000
 20
93.250000
  0
VERTEX
  8
84
 10
-19.400000
 20
99.650000
  0
VERTEX
  8
84
 10
-20.400000
 20
106.750000
  0
VERTEX
  8
84
 10
-21.100000
 20
115.150000
  0
VERTEX
  8
84
 10
-21.600000
 20
124.750000
  0
SEQEND
  0
POLYLINE
  8
1
 66
     1
 70
     1
  0
VERTEX
  8
1
 10
-21.600000
 20
124.750000
  0
VERTEX
  8
1
 10
-21.300000
 20
136.150000
  0
VERTEX
  8
1
 10
-20.600000
 20
144.550000
  0
VERTEX
  8
1
 10
-19.500000
 20
150.250000
  0
VERTEX
  8
1
 10
-18.100000
 20
154.550000
  0
VERTEX
  8
1
 10
-16.800000
 20
157.850000
  0
VERTEX
  8
1
 10
-15.100000
 20
161.250000
  0
VERTEX
  8
1
 10
-12.700000
 20
165.350000
  0
VERTEX
  8
1
 10
-10.000000
 20
169.850000
  0
VERTEX
  8
1
 10
-7.600000
 20
173.650000
  0
VERTEX
  8
1
 10
-5.500000
 20
176.350000
  0
VERTEX
  8
1
 10
-3.600000
 20
178.450000
  0
VERTEX
  8
1
 10
-1.800000
 20
180.050000
  0
VERTEX
  8
1
 10
0.800000
 20
181.850000
  0
VERTEX
  8
1
 10
4.300000
 20
183.750000
  0
VERTEX
  8
1
 10
7.700000
 20
185.450000
  0
VERTEX
  8
1
 10
10.900000
 20
186.950000
  0
VERTEX
  8
1
 10
16.000000
 20
188.150000
  0
VERTEX
  8
1
 10
25.700000
 20
189.850000
  0
VERTEX
  8
1
 10
40.700000
 20
192.350000
  0
VERTEX
  8
1
 10
57.600000
 20
194.950000
  0
VERTEX
  8
1
 10
72.800000
 20
197.450000
  0
VERTEX
  8
1
 10
85.200000
 20
199.250000
  0
VERTEX
  8
1
 10
91.700000
 20
199.850000
  0
VERTEX
  8
1
 10
100.200000
 20
197.350000
  0
VERTEX
  8
1
 10
107.300000
 20
196.950000
  0
VERTEX
  8
1
 10
117.500000
 20
196.150000
  0
VERTEX
  8
1
 10
129.700000
 20
195.150000
  0
VERTEX
  8
1
 10
140.900000
 20
194.450000
  0
VERTEX
  8
1
 10
149.800000
 20
193.250000
  0
VERTEX
  8
1
 10
156.900000
 20
192.050000
  0
VERTEX
  8
1
 10
162.800000
 20
190.850000
  0
VERTEX
  8
1
 10
168.500000
 20
189.050000
  0
VERTEX
  8
1
 10
173.900000
 20
186.950000
  0
VERTEX
  8
1
 10
178.500000
 20
184.850000
  0
VERTEX
  8
1
 10
182.200000
 20
182.650000
  0
VERTEX
  8
1
 10
185.800000
 20
179.850000
  0
VERTEX
  8
1
 10
189.300000
 20
176.550000
  0
VERTEX
  8
1
 10
192.300000
 20
172.850000
  0
VERTEX
  8
1
 10
195.300000
 20
168.650000
  0
VERTEX
  8
1
 10
197.800000
 20
164.450000
  0
VERTEX
  8
1
 10
200.100000
 20
160.250000
  0
VERTEX
  8
1
 10
201.800000
 20
156.350000
  0
VERTEX
  8
1
 10
203.400000
 20
152.650000
  0
VERTEX
  8
1
 10
204.300000
 20
148.650000
  0
VERTEX
  8
1
 10
205.000000
 20
143.350000
  0
VERTEX
  8
1
 10
205.800000
 20
137.050000
  0
VERTEX
  8
1
 10
206.300000
 20
130.650000
  0
VERTEX
  8
1
 10
206.400000
 20
121.250000
  0
VERTEX
  8
1
 10
205.900000
 20
112.650000
  0
VERTEX
  8
1
 10
205.300000
 20
105.650000
  0
VERTEX
  8
1
 10
204.400000
 20
100.150000
  0
VERTEX
  8
1
 10
203.000000
 20
95.050000
  0
VERTEX
  8
1
 10
201.100000
 20
90.050000
  0
VERTEX
  8
1
 10
199.200000
 20
85.650000
  0
VERTEX
  8
1
 10
197.000000
 20
81.750000
  0
VERTEX
  8
1
 10
194.300000
 20
77.850000
  0
VERTEX
  8
1
 10
191.500000
 20
74.350000
  0
VERTEX
  8
1
 10
189.000000
 20
71.650000
  0
VERTEX
  8
1
 10
186.300000
 20
69.350000
  0
VERTEX
  8
1
 10
183.600000
 20
67.150000
  0
VERTEX
  8
1
 10
181.100000
 20
65.350000
  0
VERTEX
  8
1
 10
177.900000
 20
63.650000
  0
VERTEX
  8
1
 10
174.000000
 20
61.950000
  0
VERTEX
  8
1
 10
170.000000
 20
60.550000
  0
VERTEX
  8
1
 10
165.400000
 20
59.350000
  0
VERTEX
  8
1
 10
159.000000
 20
58.550000
  0
VERTEX
  8
1
 10
150.200000
 20
57.650000
  0
VERTEX
  8
1
 10
139.400000
 20
56.750000
  0
VERTEX
  8
1
 10
128.100000
 20
55.250000
  0
VERTEX
  8
1
 10
118.300000
 20
53.350000
  0
VERTEX
  8
1
 10
105.900000
 20
51.150000
  0
VERTEX
  8
1
 10
102.400000
 20
50.450000
  0
VERTEX
  8
1
 10
94.900000
 20
48.350000
  0
VERTEX
  8
1
 10
87.600000
 20
48.550000
  0
VERTEX
  8
1
 10
65.700000
 20
51.450000
  0
VERTEX
  8
1
 10
48.700000
 20
53.450000
  0
VERTEX
  8
1
 10
36.900000
 20
54.750000
  0
VERTEX
  8
1
 10
28.700000
 20
56.150000
  0
VERTEX
  8
1
 10
22.200000
 20
57.650000
  0
VERTEX
  8
1
 10
16.400000
 20
59.050000
  0
VERTEX
  8
1
 10
11.300000
 20
60.750000
  0
VERTEX
  8
1
 10
6.100000
 20
63.450000
  0
VERTEX
  8
1
 10
1.000000
 20
66.850000
  0
VERTEX
  8
1
 10
-3.100000
 20
69.750000
  0
VERTEX
  8
1
 10
-6.000000
 20
72.050000
  0
VERTEX
  8
1
 10
-8.200000
 20
74.350000
  0
VERTEX
  8
1
 10
-10.000000
 20
77.150000
  0
VERTEX
  8
1
 10
-12.400000
 20
81.650000
  0
VERTEX
  8
1
 10
-14.900000
 20
86.950000
  0
VERTEX
  8
1
 10
-17.300000
 20
93.250000
  0
VERTEX
  8
1
 10
-19.400000
 20
99.650000
  0
VERTEX
  8
1
 10
-20.400000
 20
106.750000
  0
VERTEX
  8
1
 10
-21.100000
 20
115.150000
  0
VERTEX
  8
1
 10
-21.600000
 20
124.750000
  0
SEQEND
  0
POLYLINE
  8
85
 66
     1
  0
VERTEX
  8
85
 10
97.700000
 20
195.150000
  0
VERTEX
  8
85
 10
92.900000
 20
149.350000
  0
VERTEX
  8
85
 10
85.200000
 20
196.850000
  0
SEQEND
  0
POLYLINE
  8
8
 66
     1
  0
VERTEX
  8
8
 10
97.700000
 20
195.150000
  0
VERTEX
  8
8
 10
92.900000
 20
149.350000
  0
VERTEX
  8
8
 10
85.200000
 20
196.850000
  0
SEQEND
  0
POLYLINE
  8
85
 66
     1
  0
VERTEX
  8
85
 10
101.100000
 20
56.650000
  0
VERTEX
  8
85
 10
92.800000
 20
99.850000
  0
VERTEX
  8
85
 10
88.100000
 20
59.050000
  0
SEQEND
  0
POLYLINE
  8
8
 66
     1
  0
VERTEX
  8
8
 10
101.100000
 20
56.650000
  0
VERTEX
  8
8
 10
92.800000
 20
99.850000
  0
VERTEX
  8
8
 10
88.100000
 20
59.050000
  0
SEQEND
  0
POLYLINE
  8
87
 66
     1
  0
VERTEX
  8
87
 10
-11.700000
 20
124.850000
  0
VERTEX
  8
87
 10
-11.400000
 20
135.650000
  0
VERTEX
  8
87
 10
-10.700000
 20
143.250000
  0
VERTEX
  8
87
 10
-9.800000
 20
147.850000
  0
VERTEX
  8
87
 10
-8.700000
 20
151.250000
  0
VERTEX
  8
87
 10
-7.700000
 20
153.850000
  0
VERTEX
  8
87
 10
-6.300000
 20
156.550000
  0
VERTEX
  8
87
 10
-4.100000
 20
160.250000
  0
VERTEX
  8
87
 10
-1.500000
 20
164.650000
  0
VERTEX
  8
87
 10
0.500000
 20
167.950000
  0
VERTEX
  8
87
 10
2.100000
 20
169.950000
  0
VERTEX
  8
87
 10
3.400000
 20
171.350000
  0
VERTEX
  8
87
 10
6.000000
 20
173.350000
  0
VERTEX
  8
87
 10
8.900001
 20
174.950000
  0
VERTEX
  8
87
 10
12.000000
 20
176.450000
  0
VERTEX
  8
87
 10
14.100000
 20
177.550000
  0
VERTEX
  8
87
 10
18.000000
 20
178.350000
  0
VERTEX
  8
87
 10
27.400000
 20
180.050000
  0
VERTEX
  8
87
 10
42.300000
 20
182.550000
  0
VERTEX
  8
87
 10
59.200000
 20
185.150000
  0
VERTEX
  8
87
 10
74.300000
 20
187.650000
  0
VERTEX
  8
87
 10
86.300000
 20
189.350000
  0
VERTEX
  8
87
 10
90.700000
 20
190.150000
  0
VERTEX
  8
87
 10
97.400000
 20
188.050000
  0
VERTEX
  8
87
 10
98.500000
 20
187.650000
  0
VERTEX
  8
87
 10
106.700000
 20
187.050000
  0
VERTEX
  8
87
 10
116.700000
 20
186.250000
  0
VERTEX
  8
87
 10
129.000000
 20
185.250000
  0
VERTEX
  8
87
 10
139.900000
 20
184.550000
  0
VERTEX
  8
87
 10
148.300000
 20
183.350000
  0
VERTEX
  8
87
 10
155.100000
 20
182.250000
  0
VERTEX
  8
87
 10
160.300000
 20
181.250000
  0
VERTEX
  8
87
 10
165.200000
 20
179.650000
  0
VERTEX
  8
87
 10
170.000000
 20
177.750000
  0
VERTEX
  8
87
 10
173.900000
 20
176.050000
  0
VERTEX
  8
87
 10
176.600000
 20
174.450000
  0
VERTEX
  8
87
 10
179.300000
 20
172.350000
  0
VERTEX
  8
87
 10
182.000000
 20
169.850000
  0
VERTEX
  8
87
 10
184.400000
 20
166.850000
  0
VERTEX
  8
87
 10
187.000000
 20
163.150000
  0
VERTEX
  8
87
 10
189.200000
 20
159.450000
  0
VERTEX
  8
87
 10
191.200000
 20
155.850000
  0
VERTEX
  8
87
 10
192.700000
 20
152.450000
  0
VERTEX
  8
87
 10
194.000000
 20
149.650000
  0
VERTEX
  8
87
 10
194.500000
 20
146.950000
  0
VERTEX
  8
87
 10
195.100000
 20
142.050000
  0
VERTEX
  8
87
 10
195.900000
 20
136.050000
  0
VERTEX
  8
87
 10
196.400000
 20
130.250000
  0
VERTEX
  8
87
 10
196.500000
 20
121.450000
  0
VERTEX
  8
87
 10
196.000000
 20
113.350000
  0
VERTEX
  8
87
 10
195.400000
 20
106.850000
  0
VERTEX
  8
87
 10
194.700000
 20
102.250000
  0
VERTEX
  8
87
 10
193.500000
 20
98.150000
  0
VERTEX
  8
87
 10
191.900000
 20
93.750000
  0
VERTEX
  8
87
 10
190.300000
 20
90.050000
  0
VERTEX
  8
87
 10
188.500000
 20
87.050000
  0
VERTEX
  8
87
 10
186.300000
 20
83.750000
  0
VERTEX
  8
87
 10
183.900000
 20
80.850000
  0
VERTEX
  8
87
 10
182.100000
 20
78.850000
  0
VERTEX
  8
87
 10
179.900000
 20
77.050000
  0
VERTEX
  8
87
 10
177.500000
 20
75.050000
  0
VERTEX
  8
87
 10
175.900000
 20
73.850000
  0
VERTEX
  8
87
 10
173.600000
 20
72.650000
  0
VERTEX
  8
87
 10
170.400000
 20
71.250000
  0
VERTEX
  8
87
 10
167.100000
 20
70.050000
  0
VERTEX
  8
87
 10
163.500000
 20
69.150000
  0
VERTEX
  8
87
 10
157.900000
 20
68.450000
  0
VERTEX
  8
87
 10
149.300000
 20
67.550000
  0
VERTEX
  8
87
 10
138.300000
 20
66.650000
  0
VERTEX
  8
87
 10
126.500000
 20
65.150000
  0
VERTEX
  8
87
 10
116.500000
 20
63.150000
  0
VERTEX
  8
87
 10
104.100000
 20
60.950000
  0
VERTEX
  8
87
 10
100.400000
 20
60.150000
  0
VERTEX
  8
87
 10
93.700000
 20
58.150000
  0
VERTEX
  8
87
 10
87.900000
 20
58.450000
  0
VERTEX
  8
87
 10
66.900000
 20
61.350000
  0
VERTEX
  8
87
 10
49.800000
 20
63.350000
  0
VERTEX
  8
87
 10
38.200000
 20
64.650000
  0
VERTEX
  8
87
 10
30.600000
 20
65.950000
  0
VERTEX
  8
87
 10
24.500000
 20
67.350000
  0
VERTEX
  8
87
 10
19.100000
 20
68.650000
  0
VERTEX
  8
87
 10
15.200000
 20
69.850000
  0
VERTEX
  8
87
 10
11.200000
 20
72.050000
  0
VERTEX
  8
87
 10
6.600000
 20
75.050000
  0
VERTEX
  8
87
 10
2.900000
 20
77.750000
  0
VERTEX
  8
87
 10
0.700000
 20
79.450000
  0
VERTEX
  8
87
 10
-0.400000
 20
80.550000
  0
VERTEX
  8
87
 10
-1.400000
 20
82.250000
  0
VERTEX
  8
87
 10
-3.500000
 20
86.150000
  0
VERTEX
  8
87
 10
-5.700000
 20
90.850000
  0
VERTEX
  8
87
 10
-7.900000
 20
96.550000
  0
VERTEX
  8
87
 10
-9.700000
 20
101.850000
  0
VERTEX
  8
87
 10
-10.500000
 20
107.850000
  0
VERTEX
  8
87
 10
-11.200000
 20
115.850000
  0
VERTEX
  8
87
 10
-11.700000
 20
124.850000
  0
SEQEND
  0
POLYLINE
  8
14
 66
     1
  0
VERTEX
  8
14
 10
-11.700000
 20
124.850000
  0
VERTEX
  8
14
 10
-11.400000
 20
135.650000
  0
VERTEX
  8
14
 10
-10.700000
 20
143.250000
  0
VERTEX
  8
14
 10
-9.800000
 20
147.850000
  0
VERTEX
  8
14
 10
-8.700000
 20
151.250000
  0
VERTEX
  8
14
 10
-7.700000
 20
153.850000
  0
VERTEX
  8
14
 10
-6.300000
 20
156.550000
  0
VERTEX
  8
14
 10
-4.100000
 20
160.250000
  0
VERTEX
  8
14
 10
-1.500000
 20
164.650000
  0
VERTEX
  8
14
 10
0.500000
 20
167.950000
  0
VERTEX
  8
14
 10
2.100000
 20
169.950000
  0
VERTEX
  8
14
 10
3.400000
 20
171.350000
  0
VERTEX
  8
14
 10
6.000000
 20
173.350000
  0
VERTEX
  8
14
 10
8.900001
 20
174.950000
  0
VERTEX
  8
14
 10
12.000000
 20
176.450000
  0
VERTEX
  8
14
 10
14.100000
 20
177.550000
  0
VERTEX
  8
14
 10
18.000000
 20
178.350000
  0
VERTEX
  8
14
 10
27.400000
 20
180.050000
  0
VERTEX
  8
14
 10
42.300000
 20
182.550000
  0
VERTEX
  8
14
 10
59.200000
 20
185.150000
  0
VERTEX
  8
14
 10
74.300000
 20
187.650000
  0
VERTEX
  8
14
 10
86.300000
 20
189.350000
  0
VERTEX
  8
14
 10
90.700000
 20
190.150000
  0
VERTEX
  8
14
 10
97.400000
 20
188.050000
  0
VERTEX
  8
14
 10
98.500000
 20
187.650000
  0
VERTEX
  8
14
 10
106.700000
 20
187.050000
  0
VERTEX
  8
14
 10
116.700000
 20
186.250000
  0
VERTEX
  8
14
 10
129.000000
 20
185.250000
  0
VERTEX
  8
14
 10
139.900000
 20
184.550000
  0
VERTEX
  8
14
 10
148.300000
 20
183.350000
  0
VERTEX
  8
14
 10
155.100000
 20
182.250000
  0
VERTEX
  8
14
 10
160.300000
 20
181.250000
  0
VERTEX
  8
14
 10
165.200000
 20
179.650000
  0
VERTEX
  8
14
 10
170.000000
 20
177.750000
  0
VERTEX
  8
14
 10
173.900000
 20
176.050000
  0
VERTEX
  8
14
 10
176.600000
 20
174.450000
  0
VERTEX
  8
14
 10
179.300000
 20
172.350000
  0
VERTEX
  8
14
 10
182.000000
 20
169.850000
  0
VERTEX
  8
14
 10
184.400000
 20
166.850000
  0
VERTEX
  8
14
 10
187.000000
 20
163.150000
  0
VERTEX
  8
14
 10
189.200000
 20
159.450000
  0
VERTEX
  8
14
 10
191.200000
 20
155.850000
  0
VERTEX
  8
14
 10
192.700000
 20
152.450000
  0
VERTEX
  8
14
 10
194.000000
 20
149.650000
  0
VERTEX
  8
14
 10
194.500000
 20
146.950000
  0
VERTEX
  8
14
 10
195.100000
 20
142.050000
  0
VERTEX
  8
14
 10
195.900000
 20
136.050000
  0
VERTEX
  8
14
 10
196.400000
 20
130.250000
  0
VERTEX
  8
14
 10
196.500000
 20
121.450000
  0
VERTEX
  8
14
 10
196.000000
 20
113.350000
  0
VERTEX
  8
14
 10
195.400000
 20
106.850000
  0
VERTEX
  8
14
 10
194.700000
 20
102.250000
  0
VERTEX
  8
14
 10
193.500000
 20
98.150000
  0
VERTEX
  8
14
 10
191.900000
 20
93.750000
  0
VERTEX
  8
14
 10
190.300000
 20
90.050000
  0
VERTEX
  8
14
 10
188.500000
 20
87.050000
  0
VERTEX
  8
14
 10
186.300000
 20
83.750000
  0
VERTEX
  8
14
 10
183.900000
 20
80.850000
  0
VERTEX
  8
14
 10
182.100000
 20
78.850000
  0
VERTEX
  8
14
 10
179.900000
 20
77.050000
  0
VERTEX
  8
14
 10
177.500000
 20
75.050000
  0
VERTEX
  8
14
 10
175.900000
 20
73.850000
  0
VERTEX
  8
14
 10
173.600000
 20
72.650000
  0
VERTEX
  8
14
 10
170.400000
 20
71.250000
  0
VERTEX
  8
14
 10
167.100000
 20
70.050000
  0
VERTEX
  8
14
 10
163.500000
 20
69.150000
  0
VERTEX
  8
14
 10
157.900000
 20
68.450000
  0
VERTEX
  8
14
 10
149.300000
 20
67.550000
  0
VERTEX
  8
14
 10
138.300000
 20
66.650000
  0
VERTEX
  8
14
 10
126.500000
 20
65.150000
  0
VERTEX
  8
14
 10
116.500000
 20
63.150000
  0
VERTEX
  8
14
 10
104.100000
 20
60.950000
  0
VERTEX
  8
14
 10
100.400000
 20
60.150000
  0
VERTEX
  8
14
 10
93.700000
 20
58.150000
  0
VERTEX
  8
14
 10
87.900000
 20
58.450000
  0
VERTEX
  8
14
 10
66.900000
 20
61.350000
  0
VERTEX
  8
14
 10
49.800000
 20
63.350000
  0
VERTEX
  8
14
 10
38.200000
 20
64.650000
  0
VERTEX
  8
14
 10
30.600000
 20
65.950000
  0
VERTEX
  8
14
 10
24.500000
 20
67.350000
  0
VERTEX
  8
14
 10
19.100000
 20
68.650000
  0
VERTEX
  8
14
 10
15.200000
 20
69.850000
  0
VERTEX
  8
14
 10
11.200000
 20
72.050000
  0
VERTEX
  8
14
 10
6.600000
 20
75.050000
  0
VERTEX
  8
14
 10
2.900000
 20
77.750000
  0
VERTEX
  8
14
 10
0.700000
 20
79.450000
  0
VERTEX
  8
14
 10
-0.400000
 20
80.550000
  0
VERTEX
  8
14
 10
-1.400000
 20
82.250000
  0
VERTEX
  8
14
 10
-3.500000
 20
86.150000
  0
VERTEX
  8
14
 10
-5.700000
 20
90.850000
  0
VERTEX
  8
14
 10
-7.900000
 20
96.550000
  0
VERTEX
  8
14
 10
-9.700000
 20
101.850000
  0
VERTEX
  8
14
 10
-10.500000
 20
107.850000
  0
VERTEX
  8
14
 10
-11.200000
 20
115.850000
  0
VERTEX
  8
14
 10
-11.700000
 20
124.850000
  0
SEQEND
  0
POINT
  8
2
 10
-21.600000
 20
124.750000
  0
POINT
  8
3
 10
-21.300000
 20
136.150000
  0
POINT
  8
3
 10
-20.600000
 20
144.550000
  0
POINT
  8
3
 10
-19.500000
 20
150.250000
  0
POINT
  8
3
 10
-18.100000
 20
154.550000
  0
POINT
  8
3
 10
-16.800000
 20
157.850000
  0
POINT
  8
3
 10
-15.100000
 20
161.250000
  0
POINT
  8
3
 10
-12.700000
 20
165.350000
  0
POINT
  8
3
 10
-10.000000
 20
169.850000
  0
POINT
  8
3
 10
-7.600000
 20
173.650000
  0
POINT
  8
3
 10
-5.500000
 20
176.350000
  0
POINT
  8
3
 10
-3.600000
 20
178.450000
  0
POINT
  8
3
 10
-1.800000
 20
180.050000
  0
POINT
  8
3
 10
0.800000
 20
181.850000
  0
POINT
  8
3
 10
4.300000
 20
183.750000
  0
POINT
  8
3
 10
7.700000
 20
185.450000
  0
POINT
  8
3
 10
10.900000
 20
186.950000
  0
POINT
  8
3
 10
16.000000
 20
188.150000
  0
POINT
  8
3
 10
25.700000
 20
189.850000
  0
POINT
  8
3
 10
40.700000
 20
192.350000
  0
POINT
  8
3
 10
57.600000
 20
194.950000
  0
POINT
  8
3
 10
72.800000
 20
197.450000
  0
POINT
  8
2
 10
85.200000
 20
199.250000
  0
POINT
  8
2
 10
91.700000
 20
199.850000
  0
POINT
  8
2
 10
100.200000
 20
197.350000
  0
POINT
  8
3
 10
107.300000
 20
196.950000
  0
POINT
  8
3
 10
117.500000
 20
196.150000
  0
POINT
  8
3
 10
129.700000
 20
195.150000
  0
POINT
  8
3
 10
140.900000
 20
194.450000
  0
POINT
  8
3
 10
149.800000
 20
193.250000
  0
POINT
  8
3
 10
156.900000
 20
192.050000
  0
POINT
  8
3
 10
162.800000
 20
190.850000
  0
POINT
  8
3
 10
168.500000
 20
189.050000
  0
POINT
  8
3
 10
173.900000
 20
186.950000
  0
POINT
  8
3
 10
178.500000
 20
184.850000
  0
POINT
  8
3
 10
182.200000
 20
182.650000
  0
POINT
  8
3
 10
185.800000
 20
179.850000
  0
POINT
  8
3
 10
189.300000
 20
176.550000
  0
POINT
  8
3
 10
192.300000
 20
172.850000
  0
POINT
  8
3
 10
195.300000
 20
168.650000
  0
POINT
  8
3
 10
197.800000
 20
164.450000
  0
POINT
  8
3
 10
200.100000
 20
160.250000
  0
POINT
  8
3
 10
201.800000
 20
156.350000
  0
POINT
  8
3
 10
203.400000
 20
152.650000
  0
POINT
  8
3
 10
204.300000
 20
148.650000
  0
POINT
  8
3
 10
205.000000
 20
143.350000
  0
POINT
  8
3
 10
205.800000
 20
137.050000
  0
POINT
  8
2
 10
206.300000
 20
130.650000
  0
POINT
  8
3
 10
206.400000
 20
121.250000
  0
POINT
  8
3
 10
205.900000
 20
112.650000
  0
POINT
  8
3
 10
205.300000
 20
105.650000
  0
POINT
  8
3
 10
204.400000
 20
100.150000
  0
POINT
  8
3
 10
203.000000
 20
95.050000
  0
POINT
  8
3
 10
201.100000
 20
90.050000
  0
POINT
  8
3
 10
199.200000
 20
85.650000
  0
POINT
  8
3
 10
197.000000
 20
81.750000
  0
POINT
  8
3
 10
194.300000
 20
77.850000
  0
POINT
  8
3
 10
191.500000
 20
74.350000
  0
POINT
  8
3
 10
189.000000
 20
71.650000
  0
POINT
  8
3
 10
186.300000
 20
69.350000
  0
POINT
  8
3
 10
183.600000
 20
67.150000
  0
POINT
  8
3
 10
181.100000
 20
65.350000
  0
POINT
  8
3
 10
177.900000
 20
63.650000
  0
POINT
  8
3
 10
174.000000
 20
61.950000
  0
POINT
  8
3
 10
170.000000
 20
60.550000
  0
POINT
  8
3
 10
165.400000
 20
59.350000
  0
POINT
  8
3
 10
159.000000
 20
58.550000
  0
POINT
  8
3
 10
150.200000
 20
57.650000
  0
POINT
  8
3
 10
139.400000
 20
56.750000
  0
POINT
  8
3
 10
128.100000
 20
55.250000
  0
POINT
  8
3
 10
118.300000
 20
53.350000
  0
POINT
  8
3
 10
105.900000
 20
51.150000
  0
POINT
  8
2
 10
102.400000
 20
50.450000
  0
POINT
  8
2
 10
94.900000
 20
48.350000
  0
POINT
  8
2
 10
87.600000
 20
48.550000
  0
POINT
  8
3
 10
65.700000
 20
51.450000
  0
POINT
  8
3
 10
48.700000
 20
53.450000
  0
POINT
  8
3
 10
36.900000
 20
54.750000
  0
POINT
  8
3
 10
28.700000
 20
56.150000
  0
POINT
  8
3
 10
22.200000
 20
57.650000
  0
POINT
  8
3
 10
16.400000
 20
59.050000
  0
POINT
  8
3
 10
11.300000
 20
60.750000
  0
POINT
  8
3
 10
6.100000
 20
63.450000
  0
POINT
  8
3
 10
1.000000
 20
66.850000
  0
POINT
  8
3
 10
-3.100000
 20
69.750000
  0
POINT
  8
3
 10
-6.000000
 20
72.050000
  0
POINT
  8
3
 10
-8.200000
 20
74.350000
  0
POINT
  8
3
 10
-10.000000
 20
77.150000
  0
POINT
  8
3
 10
-12.400000
 20
81.650000
  0
POINT
  8
3
 10
-14.900000
 20
86.950000
  0
POINT
  8
3
 10
-17.300000
 20
93.250000
  0
POINT
  8
3
 10
-19.400000
 20
99.650000
  0
POINT
  8
3
 10
-20.400000
 20
106.750000
  0
POINT
  8
3
 10
-21.100000
 20
115.150000
  0
POINT
  8
2
 10
-21.600000
 20
124.750000
  0
POINT
  8
2
 10
97.700000
 20
195.150000
  0
POINT
  8
2
 10
92.900000
 20
149.350000
  0
POINT
  8
2
 10
85.200000
 20
196.850000
  0
POINT
  8
2
 10
101.100000
 20
56.650000
  0
POINT
  8
2
 10
92.800000
 20
99.850000
  0
POINT
  8
2
 10
88.100000
 20
59.050000
  0
POINT
  8
2
 10
-21.600000
 20
124.750000
 39
2.500000
  0
POINT
  8
2
 10
85.200000
 20
199.250000
 39
2.500000
 50
277.125000
  0
POINT
  8
2
 10
100.200000
 20
197.350000
 39
2.500000
 50
253.072500
  0
POINT
  8
2
 10
206.300000
 20
130.650000
 39
2.500000
 50
182.385900
  0
POINT
  8
2
 10
102.400000
 20
50.450000
 39
2.500000
 50
101.768300
  0
POINT
  8
2
 10
87.600000
 20
48.550000
 39
2.500000
 50
87.614060
  0
POINT
  8
2
 10
92.900000
 20
149.350000
  0
TEXT
  8
2
 10
92.900000
 20
149.350000
 40
0.250000
 50
0.000000
  1
#8
  0
POINT
  8
2
 10
92.800000
 20
99.850000
  0
TEXT
  8
2
 10
92.800000
 20
99.850000
 40
0.250000
 50
0.000000
  1
#8
  0
POINT
  8
2
 10
-11.700000
 20
124.850000
  0
POINT
  8
3
 10
-11.400000
 20
135.650000
  0
POINT
  8
3
 10
-10.700000
 20
143.250000
  0
POINT
  8
3
 10
-9.800000
 20
147.850000
  0
POINT
  8
3
 10
-8.700000
 20
151.250000
  0
POINT
  8
3
 10
-7.700000
 20
153.850000
  0
POINT
  8
3
 10
-6.300000
 20
156.550000
  0
POINT
  8
3
 10
-4.100000
 20
160.250000
  0
POINT
  8
3
 10
-1.500000
 20
164.650000
  0
POINT
  8
3
 10
0.500000
 20
167.950000
  0
POINT
  8
3
 10
2.100000
 20
169.950000
  0
POINT
  8
3
 10
3.400000
 20
171.350000
  0
POINT
  8
3
 10
6.000000
 20
173.350000
  0
POINT
  8
3
 10
8.900001
 20
174.950000
  0
POINT
  8
3
 10
12.000000
 20
176.450000
  0
POINT
  8
3
 10
14.100000
 20
177.550000
  0
POINT
  8
3
 10
18.000000
 20
178.350000
  0
POINT
  8
3
 10
27.400000
 20
180.050000
  0
POINT
  8
3
 10
42.300000
 20
182.550000
  0
POINT
  8
3
 10
59.200000
 20
185.150000
  0
POINT
  8
3
 10
74.300000
 20
187.650000
  0
POINT
  8
2
 10
86.300000
 20
189.350000
  0
POINT
  8
2
 10
90.700000
 20
190.150000
  0
POINT
  8
2
 10
97.400000
 20
188.050000
  0
POINT
  8
2
 10
98.500000
 20
187.650000
  0
POINT
  8
3
 10
106.700000
 20
187.050000
  0
POINT
  8
3
 10
116.700000
 20
186.250000
  0
POINT
  8
3
 10
129.000000
 20
185.250000
  0
POINT
  8
3
 10
139.900000
 20
184.550000
  0
POINT
  8
3
 10
148.300000
 20
183.350000
  0
POINT
  8
3
 10
155.100000
 20
182.250000
  0
POINT
  8
3
 10
160.300000
 20
181.250000
  0
POINT
  8
3
 10
165.200000
 20
179.650000
  0
POINT
  8
3
 10
170.000000
 20
177.750000
  0
POINT
  8
3
 10
173.900000
 20
176.050000
  0
POINT
  8
3
 10
176.600000
 20
174.450000
  0
POINT
  8
3
 10
179.300000
 20
172.350000
  0
POINT
  8
3
 10
182.000000
 20
169.850000
  0
POINT
  8
3
 10
184.400000
 20
166.850000
  0
POINT
  8
3
 10
187.000000
 20
163.150000
  0
POINT
  8
3
 10
189.200000
 20
159.450000
  0
POINT
  8
3
 10
191.200000
 20
155.850000
  0
POINT
  8
3
 10
192.700000
 20
152.450000
  0
POINT
  8
3
 10
194.000000
 20
149.650000
  0
POINT
  8
3
 10
194.500000
 20
146.950000
  0
POINT
  8
3
 10
195.100000
 20
142.050000
  0
POINT
  8
3
 10
195.900000
 20
136.050000
  0
POINT
  8
2
 10
196.400000
 20
130.250000
  0
POINT
  8
3
 10
196.500000
 20
121.450000
  0
POINT
  8
3
 10
196.000000
 20
113.350000
  0
POINT
  8
3
 10
195.400000
 20
106.850000
  0
POINT
  8
3
 10
194.700000
 20
102.250000
  0
POINT
  8
3
 10
193.500000
 20
98.150000
  0
POINT
  8
3
 10
191.900000
 20
93.750000
  0
POINT
  8
3
 10
190.300000
 20
90.050000
  0
POINT
  8
3
 10
188.500000
 20
87.050000
  0
POINT
  8
3
 10
186.300000
 20
83.750000
  0
POINT
  8
3
 10
183.900000
 20
80.850000
  0
POINT
  8
3
 10
182.100000
 20
78.850000
  0
POINT
  8
3
 10
179.900000
 20
77.050000
  0
POINT
  8
3
 10
177.500000
 20
75.050000
  0
POINT
  8
3
 10
175.900000
 20
73.850000
  0
POINT
  8
3
 10
173.600000
 20
72.650000
  0
POINT
  8
3
 10
170.400000
 20
71.250000
  0
POINT
  8
3
 10
167.100000
 20
70.050000
  0
POINT
  8
3
 10
163.500000
 20
69.150000
  0
POINT
  8
3
 10
157.900000
 20
68.450000
  0
POINT
  8
3
 10
149.300000
 20
67.550000
  0
POINT
  8
3
 10
138.300000
 20
66.650000
  0
POINT
  8
3
 10
126.500000
 20
65.150000
  0
POINT
  8
3
 10
116.500000
 20
63.150000
  0
POINT
  8
3
 10
104.100000
 20
60.950000
  0
POINT
  8
2
 10
100.400000
 20
60.150000
  0
POINT
  8
2
 10
93.700000
 20
58.150000
  0
POINT
  8
2
 10
87.900000
 20
58.450000
  0
POINT
  8
3
 10
66.900000
 20
61.350000
  0
POINT
  8
3
 10
49.800000
 20
63.350000
  0
POINT
  8
3
 10
38.200000
 20
64.650000
  0
POINT
  8
3
 10
30.600000
 20
65.950000
  0
POINT
  8
3
 10
24.500000
 20
67.350000
  0
POINT
  8
3
 10
19.100000
 20
68.650000
  0
POINT
  8
3
 10
15.200000
 20
69.850000
  0
POINT
  8
3
 10
11.200000
 20
72.050000
  0
POINT
  8
3
 10
6.600000
 20
75.050000
  0
POINT
  8
3
 10
2.900000
 20
77.750000
  0
POINT
  8
3
 10
0.700000
 20
79.450000
  0
POINT
  8
3
 10
-0.400000
 20
80.550000
  0
POINT
  8
3
 10
-1.400000
 20
82.250000
  0
POINT
  8
3
 10
-3.500000
 20
86.150000
  0
POINT
  8
3
 10
-5.700000
 20
90.850000
  0
POINT
  8
3
 10
-7.900000
 20
96.550000
  0
POINT
  8
3
 10
-9.700000
 20
101.850000
  0
POINT
  8
3
 10
-10.500000
 20
107.850000
  0
POINT
  8
3
 10
-11.200000
 20
115.850000
  0
POINT
  8
2
 10
-11.700000
 20
124.850000
  0
POINT
  8
4
 10
-21.600000
 20
124.750000
 30
2.500000
  0
POINT
  8
4
 10
85.200000
 20
199.250000
 30
2.500000
 50
277.125000
  0
POINT
  8
4
 10
100.200000
 20
197.350000
 30
2.500000
 50
253.072500
  0
POINT
  8
4
 10
206.300000
 20
130.650000
 30
2.500000
 50
182.385900
  0
POINT
  8
4
 10
102.400000
 20
50.450000
 30
2.500000
 50
101.768300
  0
POINT
  8
4
 10
87.600000
 20
48.550000
 30
2.500000
 50
87.614060
  0
POINT
  8
13
 10
92.900000
 20
149.350000
 30
3.000000
  0
TEXT
  8
13
 10
92.900000
 20
149.350000
 40
0.250000
 50
0.000000
  1
#8
  0
POINT
  8
13
 10
92.800000
 20
99.850000
 30
3.000000
  0
TEXT
  8
13
 10
92.800000
 20
99.850000
 40
0.250000
 50
0.000000
  1
#8
  0
LINE
  8
5
 10
156.200000
 20
123.050000
 11
-1.500000
 21
123.050000
  0
LINE
  8
7
 10
156.200000
 20
123.050000
 11
-1.500000
 21
123.050000
  0
TEXT
  8
15
 10
194.000000
 20
135.350000
 40
10.500000
 50
270.000000
  1
HIGH
  0
TEXT
  8
15
 10
174.600000
 20
69.950000
 40
5.885848
 50
211.097300
  1
FRONT
  0
TEXT
  8
15
 10
139.700000
 20
186.350000
 40
7.766113
 50
3.691386
  1
BACK
  0
TEXT
  8
1
 10
5.600000
 20
-110.400000
 40
10.000000
 50
0.000000
  1
Piece Name: PATCH SLEEVE 2P
  0
TEXT
  8
1
 10
5.600000
 20
-99.400000
 40
10.000000
 50
0.000000
  1
Size: 50
  0
TEXT
  8
1
 10
5.600000
 20
-88.400000
 40
10.000000
 50
0.000000
  1
Annotation: PATCH SLEEVE 2P
  0
TEXT
  8
1
 10
5.600000
 20
-77.400000
 40
10.000000
 50
0.000000
  1
Quantity: 1
  0
TEXT
  8
1
 10
5.600000
 20
-66.400000
 40
10.000000
 50
0.000000
  1
Material: LEATHER
  0
ENDBLK
  0
BLOCK
  8
1
  2
UP WRIST 2P
 70
     0
 10
0.00
 20
0.00
  0
POLYLINE
  8
84
 66
     1
 70
     1
  0
VERTEX
  8
84
 10
119.400000
 20
30.150000
  0
VERTEX
  8
84
 10
88.000000
 20
30.150000
  0
VERTEX
  8
84
 10
47.400000
 20
30.150000
  0
VERTEX
  8
84
 10
47.400000
 20
61.050000
  0
VERTEX
  8
84
 10
47.400000
 20
360.750000
  0
VERTEX
  8
84
 10
47.400000
 20
388.650000
  0
VERTEX
  8
84
 10
61.400000
 20
402.150000
  0
VERTEX
  8
84
 10
105.400000
 20
402.150000
  0
VERTEX
  8
84
 10
119.400000
 20
388.650000
  0
VERTEX
  8
84
 10
119.400000
 20
360.750000
  0
VERTEX
  8
84
 10
119.400000
 20
296.550000
  0
VERTEX
  8
84
 10
119.400000
 20
261.750000
  0
VERTEX
  8
84
 10
119.400000
 20
151.950000
  0
VERTEX
  8
84
 10
119.400000
 20
61.050000
  0
VERTEX
  8
84
 10
119.400000
 20
30.150000
  0
SEQEND
  0
POLYLINE
  8
1
 66
     1
 70
     1
  0
VERTEX
  8
1
 10
119.400000
 20
30.150000
  0
VERTEX
  8
1
 10
88.000000
 20
30.150000
  0
VERTEX
  8
1
 10
47.400000
 20
30.150000
  0
VERTEX
  8
1
 10
47.400000
 20
61.050000
  0
VERTEX
  8
1
 10
47.400000
 20
360.750000
  0
VERTEX
  8
1
 10
47.400000
 20
388.650000
  0
VERTEX
  8
1
 10
61.400000
 20
402.150000
  0
VERTEX
  8
1
 10
105.400000
 20
402.150000
  0
VERTEX
  8
1
 10
119.400000
 20
388.650000
  0
VERTEX
  8
1
 10
119.400000
 20
360.750000
  0
VERTEX
  8
1
 10
119.400000
 20
296.550000
  0
VERTEX
  8
1
 10
119.400000
 20
261.750000
  0
VERTEX
  8
1
 10
119.400000
 20
151.950000
  0
VERTEX
  8
1
 10
119.400000
 20
61.050000
  0
VERTEX
  8
1
 10
119.400000
 20
30.150000
  0
SEQEND
  0
POLYLINE
  8
87
 66
     1
  0
VERTEX
  8
87
 10
109.400000
 20
40.150000
  0
VERTEX
  8
87
 10
88.000000
 20
40.150000
  0
VERTEX
  8
87
 10
57.400000
 20
40.150000
  0
VERTEX
  8
87
 10
57.400000
 20
61.050000
  0
VERTEX
  8
87
 10
57.400000
 20
360.750000
  0
VERTEX
  8
87
 10
57.400000
 20
384.450000
  0
VERTEX
  8
87
 10
65.200000
 20
392.150000
  0
VERTEX
  8
87
 10
101.500000
 20
392.150000
  0
VERTEX
  8
87
 10
109.400000
 20
384.550000
  0
VERTEX
  8
87
 10
109.400000
 20
360.750000
  0
VERTEX
  8
87
 10
109.400000
 20
296.550000
  0
VERTEX
  8
87
 10
109.400000
 20
261.750000
  0
VERTEX
  8
87
 10
109.400000
 20
151.950000
  0
VERTEX
  8
87
 10
109.400000
 20
61.050000
  0
VERTEX
  8
87
 10
109.400000
 20
40.150000
  0
SEQEND
  0
POLYLINE
  8
14
 66
     1
  0
VERTEX
  8
14
 10
109.400000
 20
40.150000
  0
VERTEX
  8
14
 10
88.000000
 20
40.150000
  0
VERTEX
  8
14
 10
57.400000
 20
40.150000
  0
VERTEX
  8
14
 10
57.400000
 20
61.050000
  0
VERTEX
  8
14
 10
57.400000
 20
360.750000
  0
VERTEX
  8
14
 10
57.400000
 20
384.450000
  0
VERTEX
  8
14
 10
65.200000
 20
392.150000
  0
VERTEX
  8
14
 10
101.500000
 20
392.150000
  0
VERTEX
  8
14
 10
109.400000
 20
384.550000
  0
VERTEX
  8
14
 10
109.400000
 20
360.750000
  0
VERTEX
  8
14
 10
109.400000
 20
296.550000
  0
VERTEX
  8
14
 10
109.400000
 20
261.750000
  0
VERTEX
  8
14
 10
109.400000
 20
151.950000
  0
VERTEX
  8
14
 10
109.400000
 20
61.050000
  0
VERTEX
  8
14
 10
109.400000
 20
40.150000
  0
SEQEND
  0
POINT
  8
2
 10
119.400000
 20
30.150000
  0
TEXT
  8
2
 10
119.400000
 20
30.150000
 40
0.250000
 50
0.000000
  1
#23
  0
POINT
  8
3
 10
88.000000
 20
30.150000
  0
POINT
  8
2
 10
47.400000
 20
30.150000
  0
TEXT
  8
2
 10
47.400000
 20
30.150000
 40
0.250000
 50
0.000000
  1
#23
  0
POINT
  8
2
 10
47.400000
 20
61.050000
  0
TEXT
  8
2
 10
47.400000
 20
61.050000
 40
0.250000
 50
0.000000
  1
#23
  0
POINT
  8
2
 10
47.400000
 20
360.750000
  0
TEXT
  8
2
 10
47.400000
 20
360.750000
 40
0.250000
 50
0.000000
  1
#32
  0
POINT
  8
2
 10
47.400000
 20
388.650000
  0
TEXT
  8
2
 10
47.400000
 20
388.650000
 40
0.250000
 50
0.000000
  1
#32
  0
POINT
  8
2
 10
61.400000
 20
402.150000
  0
TEXT
  8
2
 10
61.400000
 20
402.150000
 40
0.250000
 50
0.000000
  1
#32
  0
POINT
  8
2
 10
105.400000
 20
402.150000
  0
TEXT
  8
2
 10
105.400000
 20
402.150000
 40
0.250000
 50
0.000000
  1
#32
  0
POINT
  8
2
 10
119.400000
 20
388.650000
  0
TEXT
  8
2
 10
119.400000
 20
388.650000
 40
0.250000
 50
0.000000
  1
#32
  0
POINT
  8
2
 10
119.400000
 20
360.750000
  0
TEXT
  8
2
 10
119.400000
 20
360.750000
 40
0.250000
 50
0.000000
  1
#32
  0
POINT
  8
2
 10
119.400000
 20
296.550000
  0
TEXT
  8
2
 10
119.400000
 20
296.550000
 40
0.250000
 50
0.000000
  1
#32
  0
POINT
  8
2
 10
119.400000
 20
261.750000
  0
TEXT
  8
2
 10
119.400000
 20
261.750000
 40
0.250000
 50
0.000000
  1
#32
  0
POINT
  8
2
 10
119.400000
 20
151.950000
  0
TEXT
  8
2
 10
119.400000
 20
151.950000
 40
0.250000
 50
0.000000
  1
#8
  0
POINT
  8
2
 10
119.400000
 20
61.050000
  0
TEXT
  8
2
 10
119.400000
 20
61.050000
 40
0.250000
 50
0.000000
  1
#23
  0
POINT
  8
2
 10
119.400000
 20
30.150000
  0
POINT
  8
2
 10
47.400000
 20
61.050000
 39
2.500000
  0
POINT
  8
2
 10
47.400000
 20
360.750000
 39
2.500000
  0
POINT
  8
2
 10
119.400000
 20
360.750000
 39
2.500000
 50
180.000000
  0
POINT
  8
2
 10
119.400000
 20
296.550000
 39
2.500000
 50
180.000000
  0
POINT
  8
2
 10
119.400000
 20
261.750000
 39
2.500000
 50
180.000000
  0
POINT
  8
2
 10
119.400000
 20
151.950000
 39
2.500000
 50
180.000000
  0
POINT
  8
2
 10
119.400000
 20
61.050000
 39
2.500000
 50
180.000000
  0
POINT
  8
2
 10
83.300000
 20
374.050000
  0
TEXT
  8
2
 10
83.300000
 20
374.050000
 40
0.250000
 50
0.000000
  1
#32
  0
POINT
  8
2
 10
83.300000
 20
76.250000
  0
TEXT
  8
2
 10
83.300000
 20
76.250000
 40
0.250000
 50
0.000000
  1
#23
  0
POINT
  8
2
 10
109.400000
 20
40.150000
  0
POINT
  8
3
 10
88.000000
 20
40.150000
  0
POINT
  8
2
 10
57.400000
 20
40.150000
  0
POINT
  8
2
 10
57.400000
 20
61.050000
  0
POINT
  8
2
 10
57.400000
 20
360.750000
  0
POINT
  8
2
 10
57.400000
 20
384.450000
  0
POINT
  8
2
 10
65.200000
 20
392.150000
  0
POINT
  8
2
 10
101.500000
 20
392.150000
  0
POINT
  8
2
 10
109.400000
 20
384.550000
  0
POINT
  8
2
 10
109.400000
 20
360.750000
  0
POINT
  8
2
 10
109.400000
 20
296.550000
  0
POINT
  8
2
 10
109.400000
 20
261.750000
  0
POINT
  8
2
 10
109.400000
 20
151.950000
  0
POINT
  8
2
 10
109.400000
 20
61.050000
  0
POINT
  8
2
 10
109.400000
 20
40.150000
  0
POINT
  8
4
 10
47.400000
 20
61.050000
 30
2.500000
  0
POINT
  8
4
 10
47.400000
 20
360.750000
 30
2.500000
  0
POINT
  8
4
 10
119.400000
 20
360.750000
 30
2.500000
 50
180.000000
  0
POINT
  8
4
 10
119.400000
 20
296.550000
 30
2.500000
 50
180.000000
  0
POINT
  8
4
 10
119.400000
 20
261.750000
 30
2.500000
 50
180.000000
  0
POINT
  8
4
 10
119.400000
 20
151.950000
 30
2.500000
 50
180.000000
  0
POINT
  8
4
 10
119.400000
 20
61.050000
 30
2.500000
 50
180.000000
  0
POINT
  8
13
 10
83.300000
 20
374.050000
 30
3.000000
  0
TEXT
  8
13
 10
83.300000
 20
374.050000
 40
0.250000
 50
0.000000
  1
#32
  0
POINT
  8
13
 10
83.300000
 20
76.250000
 30
3.000000
  0
TEXT
  8
13
 10
83.300000
 20
76.250000
 40
0.250000
 50
0.000000
  1
#23
  0
LINE
  8
5
 10
100.100000
 20
123.050000
 11
54.500000
 21
123.050000
  0
LINE
  8
7
 10
105.600000
 20
121.550000
 11
58.400000
 21
121.550000
  0
TEXT
  8
15
 10
75.300000
 20
379.650000
 40
7.200000
 50
270.000000
  1
SNAP
  0
TEXT
  8
15
 10
74.900000
 20
79.950000
 40
8.250000
 50
270.000000
  1
SNAP
  0
TEXT
  8
1
 10
5.600000
 20
-110.400000
 40
10.000000
 50
0.000000
  1
Piece Name: UP WRIST 2P
  0
TEXT
  8
1
 10
5.600000
 20
-99.400000
 40
10.000000
 50
0.000000
  1
Size: 50
  0
TEXT
  8
1
 10
5.600000
 20
-88.400000
 40
10.000000
 50
0.000000
  1
Annotation: UP WRIST 2P
  0
TEXT
  8
1
 10
5.600000
 20
-77.400000
 40
10.000000
 50
0.000000
  1
Quantity: 1
  0
TEXT
  8
1
 10
5.600000
 20
-66.400000
 40
10.000000
 50
0.000000
  1
Material: LEATHER
  0
ENDBLK
  0
BLOCK
  8
1
  2
VELLUTO UNDER WRIST 2P
 70
     0
 10
0.00
 20
0.00
  0
POLYLINE
  8
84
 66
     1
 70
     1
  0
VERTEX
  8
84
 10
119.400000
 20
30.150000
  0
VERTEX
  8
84
 10
88.000000
 20
30.150000
  0
VERTEX
  8
84
 10
47.400000
 20
30.150000
  0
VERTEX
  8
84
 10
47.400000
 20
61.050000
  0
VERTEX
  8
84
 10
47.400000
 20
360.750000
  0
VERTEX
  8
84
 10
47.400000
 20
388.650000
  0
VERTEX
  8
84
 10
61.400000
 20
402.150000
  0
VERTEX
  8
84
 10
105.400000
 20
402.150000
  0
VERTEX
  8
84
 10
119.400000
 20
388.650000
  0
VERTEX
  8
84
 10
119.400000
 20
360.750000
  0
VERTEX
  8
84
 10
119.400000
 20
296.550000
  0
VERTEX
  8
84
 10
119.400000
 20
261.750000
  0
VERTEX
  8
84
 10
119.400000
 20
151.950000
  0
VERTEX
  8
84
 10
119.400000
 20
61.050000
  0
VERTEX
  8
84
 10
119.400000
 20
30.150000
  0
SEQEND
  0
POLYLINE
  8
1
 66
     1
 70
     1
  0
VERTEX
  8
1
 10
119.400000
 20
30.150000
  0
VERTEX
  8
1
 10
88.000000
 20
30.150000
  0
VERTEX
  8
1
 10
47.400000
 20
30.150000
  0
VERTEX
  8
1
 10
47.400000
 20
61.050000
  0
VERTEX
  8
1
 10
47.400000
 20
360.750000
  0
VERTEX
  8
1
 10
47.400000
 20
388.650000
  0
VERTEX
  8
1
 10
61.400000
 20
402.150000
  0
VERTEX
  8
1
 10
105.400000
 20
402.150000
  0
VERTEX
  8
1
 10
119.400000
 20
388.650000
  0
VERTEX
  8
1
 10
119.400000
 20
360.750000
  0
VERTEX
  8
1
 10
119.400000
 20
296.550000
  0
VERTEX
  8
1
 10
119.400000
 20
261.750000
  0
VERTEX
  8
1
 10
119.400000
 20
151.950000
  0
VERTEX
  8
1
 10
119.400000
 20
61.050000
  0
VERTEX
  8
1
 10
119.400000
 20
30.150000
  0
SEQEND
  0
POLYLINE
  8
87
 66
     1
  0
VERTEX
  8
87
 10
109.400000
 20
40.150000
  0
VERTEX
  8
87
 10
88.000000
 20
40.150000
  0
VERTEX
  8
87
 10
57.400000
 20
40.150000
  0
VERTEX
  8
87
 10
57.400000
 20
61.050000
  0
VERTEX
  8
87
 10
57.400000
 20
360.750000
  0
VERTEX
  8
87
 10
57.400000
 20
384.450000
  0
VERTEX
  8
87
 10
65.200000
 20
392.150000
  0
VERTEX
  8
87
 10
101.500000
 20
392.150000
  0
VERTEX
  8
87
 10
109.400000
 20
384.550000
  0
VERTEX
  8
87
 10
109.400000
 20
360.750000
  0
VERTEX
  8
87
 10
109.400000
 20
296.550000
  0
VERTEX
  8
87
 10
109.400000
 20
261.750000
  0
VERTEX
  8
87
 10
109.400000
 20
151.950000
  0
VERTEX
  8
87
 10
109.400000
 20
61.050000
  0
VERTEX
  8
87
 10
109.400000
 20
40.150000
  0
SEQEND
  0
POLYLINE
  8
14
 66
     1
  0
VERTEX
  8
14
 10
109.400000
 20
40.150000
  0
VERTEX
  8
14
 10
88.000000
 20
40.150000
  0
VERTEX
  8
14
 10
57.400000
 20
40.150000
  0
VERTEX
  8
14
 10
57.400000
 20
61.050000
  0
VERTEX
  8
14
 10
57.400000
 20
360.750000
  0
VERTEX
  8
14
 10
57.400000
 20
384.450000
  0
VERTEX
  8
14
 10
65.200000
 20
392.150000
  0
VERTEX
  8
14
 10
101.500000
 20
392.150000
  0
VERTEX
  8
14
 10
109.400000
 20
384.550000
  0
VERTEX
  8
14
 10
109.400000
 20
360.750000
  0
VERTEX
  8
14
 10
109.400000
 20
296.550000
  0
VERTEX
  8
14
 10
109.400000
 20
261.750000
  0
VERTEX
  8
14
 10
109.400000
 20
151.950000
  0
VERTEX
  8
14
 10
109.400000
 20
61.050000
  0
VERTEX
  8
14
 10
109.400000
 20
40.150000
  0
SEQEND
  0
POINT
  8
2
 10
119.400000
 20
30.150000
  0
TEXT
  8
2
 10
119.400000
 20
30.150000
 40
0.250000
 50
0.000000
  1
#23
  0
POINT
  8
3
 10
88.000000
 20
30.150000
  0
POINT
  8
2
 10
47.400000
 20
30.150000
  0
TEXT
  8
2
 10
47.400000
 20
30.150000
 40
0.250000
 50
0.000000
  1
#23
  0
POINT
  8
2
 10
47.400000
 20
61.050000
  0
TEXT
  8
2
 10
47.400000
 20
61.050000
 40
0.250000
 50
0.000000
  1
#23
  0
POINT
  8
2
 10
47.400000
 20
360.750000
  0
TEXT
  8
2
 10
47.400000
 20
360.750000
 40
0.250000
 50
0.000000
  1
#32
  0
POINT
  8
2
 10
47.400000
 20
388.650000
  0
TEXT
  8
2
 10
47.400000
 20
388.650000
 40
0.250000
 50
0.000000
  1
#32
  0
POINT
  8
2
 10
61.400000
 20
402.150000
  0
TEXT
  8
2
 10
61.400000
 20
402.150000
 40
0.250000
 50
0.000000
  1
#32
  0
POINT
  8
2
 10
105.400000
 20
402.150000
  0
TEXT
  8
2
 10
105.400000
 20
402.150000
 40
0.250000
 50
0.000000
  1
#32
  0
POINT
  8
2
 10
119.400000
 20
388.650000
  0
TEXT
  8
2
 10
119.400000
 20
388.650000
 40
0.250000
 50
0.000000
  1
#32
  0
POINT
  8
2
 10
119.400000
 20
360.750000
  0
TEXT
  8
2
 10
119.400000
 20
360.750000
 40
0.250000
 50
0.000000
  1
#32
  0
POINT
  8
2
 10
119.400000
 20
296.550000
  0
TEXT
  8
2
 10
119.400000
 20
296.550000
 40
0.250000
 50
0.000000
  1
#32
  0
POINT
  8
2
 10
119.400000
 20
261.750000
  0
TEXT
  8
2
 10
119.400000
 20
261.750000
 40
0.250000
 50
0.000000
  1
#32
  0
POINT
  8
2
 10
119.400000
 20
151.950000
  0
TEXT
  8
2
 10
119.400000
 20
151.950000
 40
0.250000
 50
0.000000
  1
#8
  0
POINT
  8
2
 10
119.400000
 20
61.050000
  0
TEXT
  8
2
 10
119.400000
 20
61.050000
 40
0.250000
 50
0.000000
  1
#23
  0
POINT
  8
2
 10
119.400000
 20
30.150000
  0
POINT
  8
2
 10
47.400000
 20
61.050000
 39
2.500000
  0
POINT
  8
2
 10
47.400000
 20
360.750000
 39
2.500000
  0
POINT
  8
2
 10
119.400000
 20
360.750000
 39
2.500000
 50
180.000000
  0
POINT
  8
2
 10
119.400000
 20
296.550000
 39
2.500000
 50
180.000000
  0
POINT
  8
2
 10
119.400000
 20
261.750000
 39
2.500000
 50
180.000000
  0
POINT
  8
2
 10
119.400000
 20
151.950000
 39
2.500000
 50
180.000000
  0
POINT
  8
2
 10
119.400000
 20
61.050000
 39
2.500000
 50
180.000000
  0
POINT
  8
2
 10
109.400000
 20
40.150000
  0
POINT
  8
3
 10
88.000000
 20
40.150000
  0
POINT
  8
2
 10
57.400000
 20
40.150000
  0
POINT
  8
2
 10
57.400000
 20
61.050000
  0
POINT
  8
2
 10
57.400000
 20
360.750000
  0
POINT
  8
2
 10
57.400000
 20
384.450000
  0
POINT
  8
2
 10
65.200000
 20
392.150000
  0
POINT
  8
2
 10
101.500000
 20
392.150000
  0
POINT
  8
2
 10
109.400000
 20
384.550000
  0
POINT
  8
2
 10
109.400000
 20
360.750000
  0
POINT
  8
2
 10
109.400000
 20
296.550000
  0
POINT
  8
2
 10
109.400000
 20
261.750000
  0
POINT
  8
2
 10
109.400000
 20
151.950000
  0
POINT
  8
2
 10
109.400000
 20
61.050000
  0
POINT
  8
2
 10
109.400000
 20
40.150000
  0
POINT
  8
4
 10
47.400000
 20
61.050000
 30
2.500000
  0
POINT
  8
4
 10
47.400000
 20
360.750000
 30
2.500000
  0
POINT
  8
4
 10
119.400000
 20
360.750000
 30
2.500000
 50
180.000000
  0
POINT
  8
4
 10
119.400000
 20
296.550000
 30
2.500000
 50
180.000000
  0
POINT
  8
4
 10
119.400000
 20
261.750000
 30
2.500000
 50
180.000000
  0
POINT
  8
4
 10
119.400000
 20
151.950000
 30
2.500000
 50
180.000000
  0
POINT
  8
4
 10
119.400000
 20
61.050000
 30
2.500000
 50
180.000000
  0
LINE
  8
5
 10
100.100000
 20
123.050000
 11
54.500000
 21
123.050000
  0
LINE
  8
7
 10
105.600000
 20
121.550000
 11
58.400000
 21
121.550000
  0
TEXT
  8
1
 10
5.600000
 20
-110.400000
 40
10.000000
 50
0.000000
  1
Piece Name: VELLUTO UNDER WRIST 2P
  0
TEXT
  8
1
 10
5.600000
 20
-99.400000
 40
10.000000
 50
0.000000
  1
Size: 50
  0
TEXT
  8
1
 10
5.600000
 20
-88.400000
 40
10.000000
 50
0.000000
  1
Annotation: VELLUTO UNDER WRIST 2P
  0
TEXT
  8
1
 10
5.600000
 20
-77.400000
 40
10.000000
 50
0.000000
  1
Quantity: 1
  0
TEXT
  8
1
 10
5.600000
 20
-66.400000
 40
10.000000
 50
0.000000
  1
Material: VELLUTO
  0
ENDBLK
  0
BLOCK
  8
1
  2
OUTSIDE COLLAR 1P
 70
     0
 10
0.00
 20
0.00
  0
POLYLINE
  8
84
 66
     1
 70
     1
  0
VERTEX
  8
84
 10
123.100000
 20
-152.150000
  0
VERTEX
  8
84
 10
33.200000
 20
-152.750000
  0
VERTEX
  8
84
 10
32.700000
 20
-84.350000
  0
VERTEX
  8
84
 10
32.500000
 20
-33.350000
  0
VERTEX
  8
84
 10
32.200000
 20
-3.450000
  0
VERTEX
  8
84
 10
32.100000
 20
12.050000
  0
VERTEX
  8
84
 10
32.100000
 20
56.150000
  0
VERTEX
  8
84
 10
32.100000
 20
93.250000
  0
VERTEX
  8
84
 10
32.100000
 20
123.050000
  0
VERTEX
  8
84
 10
32.100000
 20
152.850000
  0
VERTEX
  8
84
 10
32.100000
 20
189.950000
  0
VERTEX
  8
84
 10
32.100000
 20
234.050000
  0
VERTEX
  8
84
 10
32.200000
 20
249.550000
  0
VERTEX
  8
84
 10
32.500000
 20
279.450000
  0
VERTEX
  8
84
 10
32.700000
 20
330.450000
  0
VERTEX
  8
84
 10
33.200000
 20
398.850000
  0
VERTEX
  8
84
 10
123.100000
 20
398.250000
  0
VERTEX
  8
84
 10
122.600000
 20
341.750000
  0
VERTEX
  8
84
 10
122.400000
 20
280.150000
  0
VERTEX
  8
84
 10
122.100000
 20
207.850000
  0
VERTEX
  8
84
 10
122.100000
 20
123.050000
  0
VERTEX
  8
84
 10
122.100000
 20
38.250000
  0
VERTEX
  8
84
 10
122.400000
 20
-34.050000
  0
VERTEX
  8
84
 10
122.600000
 20
-95.650000
  0
VERTEX
  8
84
 10
123.100000
 20
-152.150000
  0
SEQEND
  0
POLYLINE
  8
1
 66
     1
 70
     1
  0
VERTEX
  8
1
 10
123.100000
 20
-152.150000
  0
VERTEX
  8
1
 10
33.200000
 20
-152.750000
  0
VERTEX
  8
1
 10
32.700000
 20
-84.350000
  0
VERTEX
  8
1
 10
32.500000
 20
-33.350000
  0
VERTEX
  8
1
 10
32.200000
 20
-3.450000
  0
VERTEX
  8
1
 10
32.100000
 20
12.050000
  0
VERTEX
  8
1
 10
32.100000
 20
56.150000
  0
VERTEX
  8
1
 10
32.100000
 20
93.250000
  0
VERTEX
  8
1
 10
32.100000
 20
123.050000
  0
VERTEX
  8
1
 10
32.100000
 20
152.850000
  0
VERTEX
  8
1
 10
32.100000
 20
189.950000
  0
VERTEX
  8
1
 10
32.100000
 20
234.050000
  0
VERTEX
  8
1
 10
32.200000
 20
249.550000
  0
VERTEX
  8
1
 10
32.500000
 20
279.450000
  0
VERTEX
  8
1
 10
32.700000
 20
330.450000
  0
VERTEX
  8
1
 10
33.200000
 20
398.850000
  0
VERTEX
  8
1
 10
123.100000
 20
398.250000
  0
VERTEX
  8
1
 10
122.600000
 20
341.750000
  0
VERTEX
  8
1
 10
122.400000
 20
280.150000
  0
VERTEX
  8
1
 10
122.100000
 20
207.850000
  0
VERTEX
  8
1
 10
122.100000
 20
123.050000
  0
VERTEX
  8
1
 10
122.100000
 20
38.250000
  0
VERTEX
  8
1
 10
122.400000
 20
-34.050000
  0
VERTEX
  8
1
 10
122.600000
 20
-95.650000
  0
VERTEX
  8
1
 10
123.100000
 20
-152.150000
  0
SEQEND
  0
POLYLINE
  8
85
 66
     1
  0
VERTEX
  8
85
 10
114.600000
 20
-116.550000
  0
VERTEX
  8
85
 10
93.500000
 20
-116.850000
  0
VERTEX
  8
85
 10
46.400000
 20
-116.950000
  0
SEQEND
  0
POLYLINE
  8
8
 66
     1
  0
VERTEX
  8
8
 10
114.600000
 20
-116.550000
  0
VERTEX
  8
8
 10
93.500000
 20
-116.850000
  0
VERTEX
  8
8
 10
46.400000
 20
-116.950000
  0
SEQEND
  0
POLYLINE
  8
85
 66
     1
  0
VERTEX
  8
85
 10
114.600000
 20
362.650000
  0
VERTEX
  8
85
 10
93.500000
 20
362.950000
  0
VERTEX
  8
85
 10
46.400000
 20
363.050000
  0
SEQEND
  0
POLYLINE
  8
8
 66
     1
  0
VERTEX
  8
8
 10
114.600000
 20
362.650000
  0
VERTEX
  8
8
 10
93.500000
 20
362.950000
  0
VERTEX
  8
8
 10
46.400000
 20
363.050000
  0
SEQEND
  0
POLYLINE
  8
87
 66
     1
  0
VERTEX
  8
87
 10
113.100000
 20
-142.250000
  0
VERTEX
  8
87
 10
43.100000
 20
-142.750000
  0
VERTEX
  8
87
 10
42.600000
 20
-84.350000
  0
VERTEX
  8
87
 10
42.400000
 20
-33.250000
  0
VERTEX
  8
87
 10
42.100000
 20
-3.350000
  0
VERTEX
  8
87
 10
42.100000
 20
12.050000
  0
VERTEX
  8
87
 10
42.100000
 20
56.150000
  0
VERTEX
  8
87
 10
42.100000
 20
93.250000
  0
VERTEX
  8
87
 10
42.100000
 20
123.050000
  0
VERTEX
  8
87
 10
42.100000
 20
152.850000
  0
VERTEX
  8
87
 10
42.100000
 20
189.950000
  0
VERTEX
  8
87
 10
42.100000
 20
234.050000
  0
VERTEX
  8
87
 10
42.100000
 20
249.450000
  0
VERTEX
  8
87
 10
42.400000
 20
279.350000
  0
VERTEX
  8
87
 10
42.600000
 20
330.450000
  0
VERTEX
  8
87
 10
43.000000
 20
388.850000
  0
VERTEX
  8
87
 10
113.100000
 20
388.450000
  0
VERTEX
  8
87
 10
112.700000
 20
341.750000
  0
VERTEX
  8
87
 10
112.500000
 20
280.150000
  0
VERTEX
  8
87
 10
112.100000
 20
207.850000
  0
VERTEX
  8
87
 10
112.100000
 20
123.050000
  0
VERTEX
  8
87
 10
112.100000
 20
38.250000
  0
VERTEX
  8
87
 10
112.500000
 20
-34.050000
  0
VERTEX
  8
87
 10
112.700000
 20
-95.650000
  0
VERTEX
  8
87
 10
113.100000
 20
-142.250000
  0
SEQEND
  0
POLYLINE
  8
14
 66
     1
  0
VERTEX
  8
14
 10
113.100000
 20
-142.250000
  0
VERTEX
  8
14
 10
43.100000
 20
-142.750000
  0
VERTEX
  8
14
 10
42.600000
 20
-84.350000
  0
VERTEX
  8
14
 10
42.400000
 20
-33.250000
  0
VERTEX
  8
14
 10
42.100000
 20
-3.350000
  0
VERTEX
  8
14
 10
42.100000
 20
12.050000
  0
VERTEX
  8
14
 10
42.100000
 20
56.150000
  0
VERTEX
  8
14
 10
42.100000
 20
93.250000
  0
VERTEX
  8
14
 10
42.100000
 20
123.050000
  0
VERTEX
  8
14
 10
42.100000
 20
152.850000
  0
VERTEX
  8
14
 10
42.100000
 20
189.950000
  0
VERTEX
  8
14
 10
42.100000
 20
234.050000
  0
VERTEX
  8
14
 10
42.100000
 20
249.450000
  0
VERTEX
  8
14
 10
42.400000
 20
279.350000
  0
VERTEX
  8
14
 10
42.600000
 20
330.450000
  0
VERTEX
  8
14
 10
43.000000
 20
388.850000
  0
VERTEX
  8
14
 10
113.100000
 20
388.450000
  0
VERTEX
  8
14
 10
112.700000
 20
341.750000
  0
VERTEX
  8
14
 10
112.500000
 20
280.150000
  0
VERTEX
  8
14
 10
112.100000
 20
207.850000
  0
VERTEX
  8
14
 10
112.100000
 20
123.050000
  0
VERTEX
  8
14
 10
112.100000
 20
38.250000
  0
VERTEX
  8
14
 10
112.500000
 20
-34.050000
  0
VERTEX
  8
14
 10
112.700000
 20
-95.650000
  0
VERTEX
  8
14
 10
113.100000
 20
-142.250000
  0
SEQEND
  0
POINT
  8
2
 10
123.100000
 20
-152.150000
  0
TEXT
  8
2
 10
123.100000
 20
-152.150000
 40
0.250000
 50
0.000000
  1
#34
  0
POINT
  8
2
 10
33.200000
 20
-152.750000
  0
TEXT
  8
2
 10
33.200000
 20
-152.750000
 40
0.250000
 50
0.000000
  1
#34
  0
POINT
  8
3
 10
32.700000
 20
-84.350000
  0
POINT
  8
3
 10
32.500000
 20
-33.350000
  0
POINT
  8
3
 10
32.200000
 20
-3.450000
  0
POINT
  8
2
 10
32.100000
 20
12.050000
  0
TEXT
  8
2
 10
32.100000
 20
12.050000
 40
0.250000
 50
0.000000
  1
#35
  0
POINT
  8
3
 10
32.100000
 20
56.150000
  0
POINT
  8
2
 10
32.100000
 20
93.250000
  0
TEXT
  8
2
 10
32.100000
 20
93.250000
 40
0.250000
 50
0.000000
  1
#8
  0
POINT
  8
2
 10
32.100000
 20
123.050000
  0
TEXT
  8
2
 10
32.100000
 20
123.050000
 40
0.250000
 50
0.000000
  1
#8
  0
POINT
  8
2
 10
32.100000
 20
152.850000
  0
TEXT
  8
2
 10
32.100000
 20
152.850000
 40
0.250000
 50
0.000000
  1
#8
  0
POINT
  8
3
 10
32.100000
 20
189.950000
  0
POINT
  8
2
 10
32.100000
 20
234.050000
  0
TEXT
  8
2
 10
32.100000
 20
234.050000
 40
0.250000
 50
0.000000
  1
#36
  0
POINT
  8
3
 10
32.200000
 20
249.550000
  0
POINT
  8
3
 10
32.500000
 20
279.450000
  0
POINT
  8
3
 10
32.700000
 20
330.450000
  0
POINT
  8
2
 10
33.200000
 20
398.850000
  0
TEXT
  8
2
 10
33.200000
 20
398.850000
 40
0.250000
 50
0.000000
  1
#37
  0
POINT
  8
2
 10
123.100000
 20
398.250000
  0
TEXT
  8
2
 10
123.100000
 20
398.250000
 40
0.250000
 50
0.000000
  1
#37
  0
POINT
  8
3
 10
122.600000
 20
341.750000
  0
POINT
  8
3
 10
122.400000
 20
280.150000
  0
POINT
  8
3
 10
122.100000
 20
207.850000
  0
POINT
  8
2
 10
122.100000
 20
123.050000
  0
TEXT
  8
2
 10
122.100000
 20
123.050000
 40
0.250000
 50
0.000000
  1
#8
  0
POINT
  8
3
 10
122.100000
 20
38.250000
  0
POINT
  8
3
 10
122.400000
 20
-34.050000
  0
POINT
  8
3
 10
122.600000
 20
-95.650000
  0
POINT
  8
2
 10
123.100000
 20
-152.150000
  0
POINT
  8
2
 10
114.600000
 20
-116.550000
  0
TEXT
  8
2
 10
114.600000
 20
-116.550000
 40
0.250000
 50
0.000000
  1
#34
  0
POINT
  8
3
 10
93.500000
 20
-116.850000
  0
POINT
  8
2
 10
46.400000
 20
-116.950000
  0
TEXT
  8
2
 10
46.400000
 20
-116.950000
 40
0.250000
 50
0.000000
  1
#34
  0
POINT
  8
2
 10
114.600000
 20
362.650000
  0
TEXT
  8
2
 10
114.600000
 20
362.650000
 40
0.250000
 50
0.000000
  1
#37
  0
POINT
  8
3
 10
93.500000
 20
362.950000
  0
POINT
  8
2
 10
46.400000
 20
363.050000
  0
TEXT
  8
2
 10
46.400000
 20
363.050000
 40
0.250000
 50
0.000000
  1
#37
  0
POINT
  8
2
 10
32.100000
 20
12.050000
 39
2.500000
  0
POINT
  8
2
 10
32.100000
 20
123.050000
 39
2.500000
  0
POINT
  8
2
 10
32.100000
 20
234.050000
 39
2.500000
  0
POINT
  8
2
 10
122.100000
 20
123.050000
 39
2.500000
 50
180.000000
  0
POINT
  8
2
 10
93.000000
 20
-116.850000
  0
TEXT
  8
2
 10
93.000000
 20
-116.850000
 40
0.250000
 50
0.000000
  1
#34
  0
POINT
  8
2
 10
93.000000
 20
362.350000
  0
TEXT
  8
2
 10
93.000000
 20
362.350000
 40
0.250000
 50
0.000000
  1
#37
  0
POINT
  8
2
 10
113.100000
 20
-142.250000
  0
POINT
  8
2
 10
43.100000
 20
-142.750000
  0
POINT
  8
3
 10
42.600000
 20
-84.350000
  0
POINT
  8
3
 10
42.400000
 20
-33.250000
  0
POINT
  8
3
 10
42.100000
 20
-3.350000
  0
POINT
  8
2
 10
42.100000
 20
12.050000
  0
POINT
  8
3
 10
42.100000
 20
56.150000
  0
POINT
  8
2
 10
42.100000
 20
93.250000
  0
POINT
  8
2
 10
42.100000
 20
123.050000
  0
POINT
  8
2
 10
42.100000
 20
152.850000
  0
POINT
  8
3
 10
42.100000
 20
189.950000
  0
POINT
  8
2
 10
42.100000
 20
234.050000
  0
POINT
  8
3
 10
42.100000
 20
249.450000
  0
POINT
  8
3
 10
42.400000
 20
279.350000
  0
POINT
  8
3
 10
42.600000
 20
330.450000
  0
POINT
  8
2
 10
43.000000
 20
388.850000
  0
POINT
  8
2
 10
113.100000
 20
388.450000
  0
POINT
  8
3
 10
112.700000
 20
341.750000
  0
POINT
  8
3
 10
112.500000
 20
280.150000
  0
POINT
  8
3
 10
112.100000
 20
207.850000
  0
POINT
  8
2
 10
112.100000
 20
123.050000
  0
POINT
  8
3
 10
112.100000
 20
38.250000
  0
POINT
  8
3
 10
112.500000
 20
-34.050000
  0
POINT
  8
3
 10
112.700000
 20
-95.650000
  0
POINT
  8
2
 10
113.100000
 20
-142.250000
  0
POINT
  8
4
 10
32.100000
 20
12.050000
 30
2.500000
  0
POINT
  8
4
 10
32.100000
 20
123.050000
 30
2.500000
  0
POINT
  8
4
 10
32.100000
 20
234.050000
 30
2.500000
  0
POINT
  8
4
 10
122.100000
 20
123.050000
 30
2.500000
 50
180.000000
  0
POINT
  8
13
 10
93.000000
 20
-116.850000
 30
3.000000
  0
TEXT
  8
13
 10
93.000000
 20
-116.850000
 40
0.250000
 50
0.000000
  1
#34
  0
POINT
  8
13
 10
93.000000
 20
362.350000
 30
3.000000
  0
TEXT
  8
13
 10
93.000000
 20
362.350000
 40
0.250000
 50
0.000000
  1
#37
  0
LINE
  8
5
 10
122.000000
 20
123.050000
 11
32.200000
 21
123.050000
  0
LINE
  8
7
 10
122.000000
 20
123.050000
 11
32.200000
 21
123.050000
  0
TEXT
  8
15
 10
41.000000
 20
-111.950000
 40
3.466667
 50
0.000000
  1
FRONT CENTER
  0
TEXT
  8
15
 10
78.000000
 20
358.350000
 40
3.500000
 50
180.000000
  1
FRONT CENTER
  0
TEXT
  8
15
 10
89.000000
 20
-119.350000
 40
3.900000
 50
270.000000
  1
SNAP
  0
TEXT
  8
15
 10
88.100000
 20
372.250000
 40
3.500000
 50
270.000000
  1
SNAP
  0
TEXT
  8
1
 10
5.600000
 20
-110.400000
 40
10.000000
 50
0.000000
  1
Piece Name: OUTSIDE COLLAR 1P
  0
TEXT
  8
1
 10
5.600000
 20
-99.400000
 40
10.000000
 50
0.000000
  1
Size: 50
  0
TEXT
  8
1
 10
5.600000
 20
-88.400000
 40
10.000000
 50
0.000000
  1
Annotation: OUTSIDE COLLAR 1P
  0
TEXT
  8
1
 10
5.600000
 20
-77.400000
 40
10.000000
 50
0.000000
  1
Quantity: 1
  0
TEXT
  8
1
 10
5.600000
 20
-66.400000
 40
10.000000
 50
0.000000
  1
Material: LEATHER
  0
ENDBLK
  0
BLOCK
  8
1
  2
VELLUTO INSIDE COLLAR 1P
 70
     0
 10
0.00
 20
0.00
  0
POLYLINE
  8
84
 66
     1
 70
     1
  0
VERTEX
  8
84
 10
123.100000
 20
-152.150000
  0
VERTEX
  8
84
 10
33.200000
 20
-152.750000
  0
VERTEX
  8
84
 10
32.700000
 20
-84.350000
  0
VERTEX
  8
84
 10
32.500000
 20
-33.350000
  0
VERTEX
  8
84
 10
32.200000
 20
-3.450000
  0
VERTEX
  8
84
 10
32.100000
 20
12.050000
  0
VERTEX
  8
84
 10
32.100000
 20
56.150000
  0
VERTEX
  8
84
 10
32.100000
 20
93.250000
  0
VERTEX
  8
84
 10
32.100000
 20
123.050000
  0
VERTEX
  8
84
 10
32.100000
 20
152.850000
  0
VERTEX
  8
84
 10
32.100000
 20
189.950000
  0
VERTEX
  8
84
 10
32.100000
 20
234.050000
  0
VERTEX
  8
84
 10
32.200000
 20
249.550000
  0
VERTEX
  8
84
 10
32.500000
 20
279.450000
  0
VERTEX
  8
84
 10
32.700000
 20
330.450000
  0
VERTEX
  8
84
 10
33.200000
 20
398.850000
  0
VERTEX
  8
84
 10
123.100000
 20
398.250000
  0
VERTEX
  8
84
 10
122.600000
 20
341.750000
  0
VERTEX
  8
84
 10
122.400000
 20
280.150000
  0
VERTEX
  8
84
 10
122.100000
 20
207.850000
  0
VERTEX
  8
84
 10
122.100000
 20
123.050000
  0
VERTEX
  8
84
 10
122.100000
 20
38.250000
  0
VERTEX
  8
84
 10
122.400000
 20
-34.050000
  0
VERTEX
  8
84
 10
122.600000
 20
-95.650000
  0
VERTEX
  8
84
 10
123.100000
 20
-152.150000
  0
SEQEND
  0
POLYLINE
  8
1
 66
     1
 70
     1
  0
VERTEX
  8
1
 10
123.100000
 20
-152.150000
  0
VERTEX
  8
1
 10
33.200000
 20
-152.750000
  0
VERTEX
  8
1
 10
32.700000
 20
-84.350000
  0
VERTEX
  8
1
 10
32.500000
 20
-33.350000
  0
VERTEX
  8
1
 10
32.200000
 20
-3.450000
  0
VERTEX
  8
1
 10
32.100000
 20
12.050000
  0
VERTEX
  8
1
 10
32.100000
 20
56.150000
  0
VERTEX
  8
1
 10
32.100000
 20
93.250000
  0
VERTEX
  8
1
 10
32.100000
 20
123.050000
  0
VERTEX
  8
1
 10
32.100000
 20
152.850000
  0
VERTEX
  8
1
 10
32.100000
 20
189.950000
  0
VERTEX
  8
1
 10
32.100000
 20
234.050000
  0
VERTEX
  8
1
 10
32.200000
 20
249.550000
  0
VERTEX
  8
1
 10
32.500000
 20
279.450000
  0
VERTEX
  8
1
 10
32.700000
 20
330.450000
  0
VERTEX
  8
1
 10
33.200000
 20
398.850000
  0
VERTEX
  8
1
 10
123.100000
 20
398.250000
  0
VERTEX
  8
1
 10
122.600000
 20
341.750000
  0
VERTEX
  8
1
 10
122.400000
 20
280.150000
  0
VERTEX
  8
1
 10
122.100000
 20
207.850000
  0
VERTEX
  8
1
 10
122.100000
 20
123.050000
  0
VERTEX
  8
1
 10
122.100000
 20
38.250000
  0
VERTEX
  8
1
 10
122.400000
 20
-34.050000
  0
VERTEX
  8
1
 10
122.600000
 20
-95.650000
  0
VERTEX
  8
1
 10
123.100000
 20
-152.150000
  0
SEQEND
  0
POLYLINE
  8
85
 66
     1
  0
VERTEX
  8
85
 10
114.600000
 20
-116.550000
  0
VERTEX
  8
85
 10
93.500000
 20
-116.850000
  0
VERTEX
  8
85
 10
46.400000
 20
-116.950000
  0
SEQEND
  0
POLYLINE
  8
8
 66
     1
  0
VERTEX
  8
8
 10
114.600000
 20
-116.550000
  0
VERTEX
  8
8
 10
93.500000
 20
-116.850000
  0
VERTEX
  8
8
 10
46.400000
 20
-116.950000
  0
SEQEND
  0
POLYLINE
  8
85
 66
     1
  0
VERTEX
  8
85
 10
114.600000
 20
362.650000
  0
VERTEX
  8
85
 10
93.500000
 20
362.950000
  0
VERTEX
  8
85
 10
46.400000
 20
363.050000
  0
SEQEND
  0
POLYLINE
  8
8
 66
     1
  0
VERTEX
  8
8
 10
114.600000
 20
362.650000
  0
VERTEX
  8
8
 10
93.500000
 20
362.950000
  0
VERTEX
  8
8
 10
46.400000
 20
363.050000
  0
SEQEND
  0
POLYLINE
  8
87
 66
     1
  0
VERTEX
  8
87
 10
113.100000
 20
-142.250000
  0
VERTEX
  8
87
 10
43.100000
 20
-142.750000
  0
VERTEX
  8
87
 10
42.600000
 20
-84.350000
  0
VERTEX
  8
87
 10
42.400000
 20
-33.250000
  0
VERTEX
  8
87
 10
42.100000
 20
-3.350000
  0
VERTEX
  8
87
 10
42.100000
 20
12.050000
  0
VERTEX
  8
87
 10
42.100000
 20
56.150000
  0
VERTEX
  8
87
 10
42.100000
 20
93.250000
  0
VERTEX
  8
87
 10
42.100000
 20
123.050000
  0
VERTEX
  8
87
 10
42.100000
 20
152.850000
  0
VERTEX
  8
87
 10
42.100000
 20
189.950000
  0
VERTEX
  8
87
 10
42.100000
 20
234.050000
  0
VERTEX
  8
87
 10
42.100000
 20
249.450000
  0
VERTEX
  8
87
 10
42.400000
 20
279.350000
  0
VERTEX
  8
87
 10
42.600000
 20
330.450000
  0
VERTEX
  8
87
 10
43.000000
 20
388.850000
  0
VERTEX
  8
87
 10
113.100000
 20
388.450000
  0
VERTEX
  8
87
 10
112.700000
 20
341.750000
  0
VERTEX
  8
87
 10
112.500000
 20
280.150000
  0
VERTEX
  8
87
 10
112.100000
 20
207.850000
  0
VERTEX
  8
87
 10
112.100000
 20
123.050000
  0
VERTEX
  8
87
 10
112.100000
 20
38.250000
  0
VERTEX
  8
87
 10
112.500000
 20
-34.050000
  0
VERTEX
  8
87
 10
112.700000
 20
-95.650000
  0
VERTEX
  8
87
 10
113.100000
 20
-142.250000
  0
SEQEND
  0
POLYLINE
  8
14
 66
     1
  0
VERTEX
  8
14
 10
113.100000
 20
-142.250000
  0
VERTEX
  8
14
 10
43.100000
 20
-142.750000
  0
VERTEX
  8
14
 10
42.600000
 20
-84.350000
  0
VERTEX
  8
14
 10
42.400000
 20
-33.250000
  0
VERTEX
  8
14
 10
42.100000
 20
-3.350000
  0
VERTEX
  8
14
 10
42.100000
 20
12.050000
  0
VERTEX
  8
14
 10
42.100000
 20
56.150000
  0
VERTEX
  8
14
 10
42.100000
 20
93.250000
  0
VERTEX
  8
14
 10
42.100000
 20
123.050000
  0
VERTEX
  8
14
 10
42.100000
 20
152.850000
  0
VERTEX
  8
14
 10
42.100000
 20
189.950000
  0
VERTEX
  8
14
 10
42.100000
 20
234.050000
  0
VERTEX
  8
14
 10
42.100000
 20
249.450000
  0
VERTEX
  8
14
 10
42.400000
 20
279.350000
  0
VERTEX
  8
14
 10
42.600000
 20
330.450000
  0
VERTEX
  8
14
 10
43.000000
 20
388.850000
  0
VERTEX
  8
14
 10
113.100000
 20
388.450000
  0
VERTEX
  8
14
 10
112.700000
 20
341.750000
  0
VERTEX
  8
14
 10
112.500000
 20
280.150000
  0
VERTEX
  8
14
 10
112.100000
 20
207.850000
  0
VERTEX
  8
14
 10
112.100000
 20
123.050000
  0
VERTEX
  8
14
 10
112.100000
 20
38.250000
  0
VERTEX
  8
14
 10
112.500000
 20
-34.050000
  0
VERTEX
  8
14
 10
112.700000
 20
-95.650000
  0
VERTEX
  8
14
 10
113.100000
 20
-142.250000
  0
SEQEND
  0
POINT
  8
2
 10
123.100000
 20
-152.150000
  0
TEXT
  8
2
 10
123.100000
 20
-152.150000
 40
0.250000
 50
0.000000
  1
#34
  0
POINT
  8
2
 10
33.200000
 20
-152.750000
  0
TEXT
  8
2
 10
33.200000
 20
-152.750000
 40
0.250000
 50
0.000000
  1
#34
  0
POINT
  8
3
 10
32.700000
 20
-84.350000
  0
POINT
  8
3
 10
32.500000
 20
-33.350000
  0
POINT
  8
3
 10
32.200000
 20
-3.450000
  0
POINT
  8
2
 10
32.100000
 20
12.050000
  0
TEXT
  8
2
 10
32.100000
 20
12.050000
 40
0.250000
 50
0.000000
  1
#35
  0
POINT
  8
3
 10
32.100000
 20
56.150000
  0
POINT
  8
2
 10
32.100000
 20
93.250000
  0
TEXT
  8
2
 10
32.100000
 20
93.250000
 40
0.250000
 50
0.000000
  1
#8
  0
POINT
  8
2
 10
32.100000
 20
123.050000
  0
TEXT
  8
2
 10
32.100000
 20
123.050000
 40
0.250000
 50
0.000000
  1
#8
  0
POINT
  8
2
 10
32.100000
 20
152.850000
  0
TEXT
  8
2
 10
32.100000
 20
152.850000
 40
0.250000
 50
0.000000
  1
#8
  0
POINT
  8
3
 10
32.100000
 20
189.950000
  0
POINT
  8
2
 10
32.100000
 20
234.050000
  0
TEXT
  8
2
 10
32.100000
 20
234.050000
 40
0.250000
 50
0.000000
  1
#36
  0
POINT
  8
3
 10
32.200000
 20
249.550000
  0
POINT
  8
3
 10
32.500000
 20
279.450000
  0
POINT
  8
3
 10
32.700000
 20
330.450000
  0
POINT
  8
2
 10
33.200000
 20
398.850000
  0
TEXT
  8
2
 10
33.200000
 20
398.850000
 40
0.250000
 50
0.000000
  1
#37
  0
POINT
  8
2
 10
123.100000
 20
398.250000
  0
TEXT
  8
2
 10
123.100000
 20
398.250000
 40
0.250000
 50
0.000000
  1
#37
  0
POINT
  8
3
 10
122.600000
 20
341.750000
  0
POINT
  8
3
 10
122.400000
 20
280.150000
  0
POINT
  8
3
 10
122.100000
 20
207.850000
  0
POINT
  8
2
 10
122.100000
 20
123.050000
  0
TEXT
  8
2
 10
122.100000
 20
123.050000
 40
0.250000
 50
0.000000
  1
#8
  0
POINT
  8
3
 10
122.100000
 20
38.250000
  0
POINT
  8
3
 10
122.400000
 20
-34.050000
  0
POINT
  8
3
 10
122.600000
 20
-95.650000
  0
POINT
  8
2
 10
123.100000
 20
-152.150000
  0
POINT
  8
2
 10
114.600000
 20
-116.550000
  0
TEXT
  8
2
 10
114.600000
 20
-116.550000
 40
0.250000
 50
0.000000
  1
#34
  0
POINT
  8
3
 10
93.500000
 20
-116.850000
  0
POINT
  8
2
 10
46.400000
 20
-116.950000
  0
TEXT
  8
2
 10
46.400000
 20
-116.950000
 40
0.250000
 50
0.000000
  1
#34
  0
POINT
  8
2
 10
114.600000
 20
362.650000
  0
TEXT
  8
2
 10
114.600000
 20
362.650000
 40
0.250000
 50
0.000000
  1
#37
  0
POINT
  8
3
 10
93.500000
 20
362.950000
  0
POINT
  8
2
 10
46.400000
 20
363.050000
  0
TEXT
  8
2
 10
46.400000
 20
363.050000
 40
0.250000
 50
0.000000
  1
#37
  0
POINT
  8
2
 10
32.100000
 20
12.050000
 39
2.500000
  0
POINT
  8
2
 10
32.100000
 20
123.050000
 39
2.500000
  0
POINT
  8
2
 10
32.100000
 20
234.050000
 39
2.500000
  0
POINT
  8
2
 10
122.100000
 20
123.050000
 39
2.500000
 50
180.000000
  0
POINT
  8
2
 10
113.100000
 20
-142.250000
  0
POINT
  8
2
 10
43.100000
 20
-142.750000
  0
POINT
  8
3
 10
42.600000
 20
-84.350000
  0
POINT
  8
3
 10
42.400000
 20
-33.250000
  0
POINT
  8
3
 10
42.100000
 20
-3.350000
  0
POINT
  8
2
 10
42.100000
 20
12.050000
  0
POINT
  8
3
 10
42.100000
 20
56.150000
  0
POINT
  8
2
 10
42.100000
 20
93.250000
  0
POINT
  8
2
 10
42.100000
 20
123.050000
  0
POINT
  8
2
 10
42.100000
 20
152.850000
  0
POINT
  8
3
 10
42.100000
 20
189.950000
  0
POINT
  8
2
 10
42.100000
 20
234.050000
  0
POINT
  8
3
 10
42.100000
 20
249.450000
  0
POINT
  8
3
 10
42.400000
 20
279.350000
  0
POINT
  8
3
 10
42.600000
 20
330.450000
  0
POINT
  8
2
 10
43.000000
 20
388.850000
  0
POINT
  8
2
 10
113.100000
 20
388.450000
  0
POINT
  8
3
 10
112.700000
 20
341.750000
  0
POINT
  8
3
 10
112.500000
 20
280.150000
  0
POINT
  8
3
 10
112.100000
 20
207.850000
  0
POINT
  8
2
 10
112.100000
 20
123.050000
  0
POINT
  8
3
 10
112.100000
 20
38.250000
  0
POINT
  8
3
 10
112.500000
 20
-34.050000
  0
POINT
  8
3
 10
112.700000
 20
-95.650000
  0
POINT
  8
2
 10
113.100000
 20
-142.250000
  0
POINT
  8
4
 10
32.100000
 20
12.050000
 30
2.500000
  0
POINT
  8
4
 10
32.100000
 20
123.050000
 30
2.500000
  0
POINT
  8
4
 10
32.100000
 20
234.050000
 30
2.500000
  0
POINT
  8
4
 10
122.100000
 20
123.050000
 30
2.500000
 50
180.000000
  0
LINE
  8
5
 10
122.000000
 20
123.050000
 11
32.200000
 21
123.050000
  0
LINE
  8
7
 10
122.000000
 20
123.050000
 11
32.200000
 21
123.050000
  0
TEXT
  8
1
 10
5.600000
 20
-110.400000
 40
10.000000
 50
0.000000
  1
Piece Name: VELLUTO INSIDE COLLAR 1P
  0
TEXT
  8
1
 10
5.600000
 20
-99.400000
 40
10.000000
 50
0.000000
  1
Size: 50
  0
TEXT
  8
1
 10
5.600000
 20
-88.400000
 40
10.000000
 50
0.000000
  1
Annotation: VELLUTO INSIDE COLLAR 1P
  0
TEXT
  8
1
 10
5.600000
 20
-77.400000
 40
10.000000
 50
0.000000
  1
Quantity: 1
  0
TEXT
  8
1
 10
5.600000
 20
-66.400000
 40
10.000000
 50
0.000000
  1
Material: VELLUTO
  0
ENDBLK
  0
BLOCK
  8
1
  2
LINING BK 1P
 70
     0
 10
0.00
 20
0.00
  0
POLYLINE
  8
84
 66
     1
 70
     1
  0
VERTEX
  8
84
 10
-279.900000
 20
123.050000
  0
VERTEX
  8
84
 10
-279.100000
 20
192.650000
  0
VERTEX
  8
84
 10
-277.600000
 20
263.950000
  0
VERTEX
  8
84
 10
-275.500000
 20
329.950000
  0
VERTEX
  8
84
 10
-274.000000
 20
385.550000
  0
VERTEX
  8
84
 10
-273.300000
 20
431.350000
  0
VERTEX
  8
84
 10
-133.800000
 20
434.650000
  0
VERTEX
  8
84
 10
10.300000
 20
437.550000
  0
VERTEX
  8
84
 10
158.800000
 20
440.350000
  0
VERTEX
  8
84
 10
160.400000
 20
425.650000
  0
VERTEX
  8
84
 10
163.400000
 20
416.150000
  0
VERTEX
  8
84
 10
168.200000
 20
407.650000
  0
VERTEX
  8
84
 10
173.500000
 20
401.050000
  0
VERTEX
  8
84
 10
178.700000
 20
396.150000
  0
VERTEX
  8
84
 10
184.500000
 20
391.750000
  0
VERTEX
  8
84
 10
191.500000
 20
387.350000
  0
VERTEX
  8
84
 10
199.900000
 20
384.150000
  0
VERTEX
  8
84
 10
208.600000
 20
381.550000
  0
VERTEX
  8
84
 10
217.700000
 20
379.450000
  0
VERTEX
  8
84
 10
228.100000
 20
377.450000
  0
VERTEX
  8
84
 10
240.100000
 20
376.050000
  0
VERTEX
  8
84
 10
253.100000
 20
374.850000
  0
VERTEX
  8
84
 10
266.900000
 20
374.350000
  0
VERTEX
  8
84
 10
282.100000
 20
374.050000
  0
VERTEX
  8
84
 10
297.900000
 20
374.550000
  0
VERTEX
  8
84
 10
313.400000
 20
375.350000
  0
VERTEX
  8
84
 10
329.400000
 20
376.350000
  0
VERTEX
  8
84
 10
344.300000
 20
377.650000
  0
VERTEX
  8
84
 10
365.200000
 20
379.450000
  0
VERTEX
  8
84
 10
386.400000
 20
381.350000
  0
VERTEX
  8
84
 10
409.100000
 20
384.050000
  0
VERTEX
  8
84
 10
433.100000
 20
386.850000
  0
VERTEX
  8
84
 10
443.000000
 20
355.250000
  0
VERTEX
  8
84
 10
456.400000
 20
314.850000
  0
VERTEX
  8
84
 10
466.900000
 20
282.550000
  0
VERTEX
  8
84
 10
474.100000
 20
260.250000
  0
VERTEX
  8
84
 10
489.000000
 20
209.650000
  0
VERTEX
  8
84
 10
482.800000
 20
207.650000
  0
VERTEX
  8
84
 10
475.800000
 20
205.050000
  0
VERTEX
  8
84
 10
468.400000
 20
201.950000
  0
VERTEX
  8
84
 10
462.100000
 20
198.950000
  0
VERTEX
  8
84
 10
457.300000
 20
195.550000
  0
VERTEX
  8
84
 10
453.500000
 20
190.050000
  0
VERTEX
  8
84
 10
449.700000
 20
181.950000
  0
VERTEX
  8
84
 10
445.900000
 20
172.050000
  0
VERTEX
  8
84
 10
442.800000
 20
161.950000
  0
VERTEX
  8
84
 10
440.900000
 20
152.350000
  0
VERTEX
  8
84
 10
440.100000
 20
143.950000
  0
VERTEX
  8
84
 10
439.800000
 20
133.950000
  0
VERTEX
  8
84
 10
439.800000
 20
126.850000
  0
VERTEX
  8
84
 10
439.800000
 20
123.050000
  0
VERTEX
  8
84
 10
439.800000
 20
119.250000
  0
VERTEX
  8
84
 10
439.800000
 20
112.150000
  0
VERTEX
  8
84
 10
440.100000
 20
102.150000
  0
VERTEX
  8
84
 10
440.900000
 20
93.750000
  0
VERTEX
  8
84
 10
442.800000
 20
84.150000
  0
VERTEX
  8
84
 10
445.900000
 20
74.050000
  0
VERTEX
  8
84
 10
449.700000
 20
64.150000
  0
VERTEX
  8
84
 10
453.500000
 20
56.050000
  0
VERTEX
  8
84
 10
457.300000
 20
50.550000
  0
VERTEX
  8
84
 10
462.100000
 20
47.150000
  0
VERTEX
  8
84
 10
468.400000
 20
44.150000
  0
VERTEX
  8
84
 10
475.800000
 20
41.050000
  0
VERTEX
  8
84
 10
482.800000
 20
38.450000
  0
VERTEX
  8
84
 10
489.000000
 20
36.450000
  0
VERTEX
  8
84
 10
474.100000
 20
-14.150000
  0
VERTEX
  8
84
 10
466.900000
 20
-36.450000
  0
VERTEX
  8
84
 10
456.400000
 20
-68.750000
  0
VERTEX
  8
84
 10
443.000000
 20
-109.150000
  0
VERTEX
  8
84
 10
433.100000
 20
-140.750000
  0
VERTEX
  8
84
 10
409.100000
 20
-137.950000
  0
VERTEX
  8
84
 10
386.400000
 20
-135.250000
  0
VERTEX
  8
84
 10
365.200000
 20
-133.350000
  0
VERTEX
  8
84
 10
344.300000
 20
-131.550000
  0
VERTEX
  8
84
 10
329.400000
 20
-130.250000
  0
VERTEX
  8
84
 10
313.400000
 20
-129.250000
  0
VERTEX
  8
84
 10
297.900000
 20
-128.450000
  0
VERTEX
  8
84
 10
282.100000
 20
-127.950000
  0
VERTEX
  8
84
 10
266.900000
 20
-128.250000
  0
VERTEX
  8
84
 10
253.100000
 20
-128.750000
  0
VERTEX
  8
84
 10
240.100000
 20
-129.950000
  0
VERTEX
  8
84
 10
228.100000
 20
-131.350000
  0
VERTEX
  8
84
 10
217.700000
 20
-133.350000
  0
VERTEX
  8
84
 10
208.600000
 20
-135.450000
  0
VERTEX
  8
84
 10
199.900000
 20
-138.050000
  0
VERTEX
  8
84
 10
191.500000
 20
-141.250000
  0
VERTEX
  8
84
 10
184.500000
 20
-145.650000
  0
VERTEX
  8
84
 10
178.700000
 20
-150.050000
  0
VERTEX
  8
84
 10
173.500000
 20
-154.950000
  0
VERTEX
  8
84
 10
168.200000
 20
-161.550000
  0
VERTEX
  8
84
 10
163.400000
 20
-170.050000
  0
VERTEX
  8
84
 10
160.400000
 20
-179.550000
  0
VERTEX
  8
84
 10
158.800000
 20
-194.250000
  0
VERTEX
  8
84
 10
10.300000
 20
-191.450000
  0
VERTEX
  8
84
 10
-133.800000
 20
-188.550000
  0
VERTEX
  8
84
 10
-273.300000
 20
-185.250000
  0
VERTEX
  8
84
 10
-274.000000
 20
-139.450000
  0
VERTEX
  8
84
 10
-275.500000
 20
-83.850000
  0
VERTEX
  8
84
 10
-277.600000
 20
-17.850000
  0
VERTEX
  8
84
 10
-279.100000
 20
53.450000
  0
VERTEX
  8
84
 10
-279.900000
 20
123.050000
  0
SEQEND
  0
POLYLINE
  8
1
 66
     1
 70
     1
  0
VERTEX
  8
1
 10
-279.900000
 20
123.050000
  0
VERTEX
  8
1
 10
-279.100000
 20
192.650000
  0
VERTEX
  8
1
 10
-277.600000
 20
263.950000
  0
VERTEX
  8
1
 10
-275.500000
 20
329.950000
  0
VERTEX
  8
1
 10
-274.000000
 20
385.550000
  0
VERTEX
  8
1
 10
-273.300000
 20
431.350000
  0
VERTEX
  8
1
 10
-133.800000
 20
434.650000
  0
VERTEX
  8
1
 10
10.300000
 20
437.550000
  0
VERTEX
  8
1
 10
158.800000
 20
440.350000
  0
VERTEX
  8
1
 10
160.400000
 20
425.650000
  0
VERTEX
  8
1
 10
163.400000
 20
416.150000
  0
VERTEX
  8
1
 10
168.200000
 20
407.650000
  0
VERTEX
  8
1
 10
173.500000
 20
401.050000
  0
VERTEX
  8
1
 10
178.700000
 20
396.150000
  0
VERTEX
  8
1
 10
184.500000
 20
391.750000
  0
VERTEX
  8
1
 10
191.500000
 20
387.350000
  0
VERTEX
  8
1
 10
199.900000
 20
384.150000
  0
VERTEX
  8
1
 10
208.600000
 20
381.550000
  0
VERTEX
  8
1
 10
217.700000
 20
379.450000
  0
VERTEX
  8
1
 10
228.100000
 20
377.450000
  0
VERTEX
  8
1
 10
240.100000
 20
376.050000
  0
VERTEX
  8
1
 10
253.100000
 20
374.850000
  0
VERTEX
  8
1
 10
266.900000
 20
374.350000
  0
VERTEX
  8
1
 10
282.100000
 20
374.050000
  0
VERTEX
  8
1
 10
297.900000
 20
374.550000
  0
VERTEX
  8
1
 10
313.400000
 20
375.350000
  0
VERTEX
  8
1
 10
329.400000
 20
376.350000
  0
VERTEX
  8
1
 10
344.300000
 20
377.650000
  0
VERTEX
  8
1
 10
365.200000
 20
379.450000
  0
VERTEX
  8
1
 10
386.400000
 20
381.350000
  0
VERTEX
  8
1
 10
409.100000
 20
384.050000
  0
VERTEX
  8
1
 10
433.100000
 20
386.850000
  0
VERTEX
  8
1
 10
443.000000
 20
355.250000
  0
VERTEX
  8
1
 10
456.400000
 20
314.850000
  0
VERTEX
  8
1
 10
466.900000
 20
282.550000
  0
VERTEX
  8
1
 10
474.100000
 20
260.250000
  0
VERTEX
  8
1
 10
489.000000
 20
209.650000
  0
VERTEX
  8
1
 10
482.800000
 20
207.650000
  0
VERTEX
  8
1
 10
475.800000
 20
205.050000
  0
VERTEX
  8
1
 10
468.400000
 20
201.950000
  0
VERTEX
  8
1
 10
462.100000
 20
198.950000
  0
VERTEX
  8
1
 10
457.300000
 20
195.550000
  0
VERTEX
  8
1
 10
453.500000
 20
190.050000
  0
VERTEX
  8
1
 10
449.700000
 20
181.950000
  0
VERTEX
  8
1
 10
445.900000
 20
172.050000
  0
VERTEX
  8
1
 10
442.800000
 20
161.950000
  0
VERTEX
  8
1
 10
440.900000
 20
152.350000
  0
VERTEX
  8
1
 10
440.100000
 20
143.950000
  0
VERTEX
  8
1
 10
439.800000
 20
133.950000
  0
VERTEX
  8
1
 10
439.800000
 20
126.850000
  0
VERTEX
  8
1
 10
439.800000
 20
123.050000
  0
VERTEX
  8
1
 10
439.800000
 20
119.250000
  0
VERTEX
  8
1
 10
439.800000
 20
112.150000
  0
VERTEX
  8
1
 10
440.100000
 20
102.150000
  0
VERTEX
  8
1
 10
440.900000
 20
93.750000
  0
VERTEX
  8
1
 10
442.800000
 20
84.150000
  0
VERTEX
  8
1
 10
445.900000
 20
74.050000
  0
VERTEX
  8
1
 10
449.700000
 20
64.150000
  0
VERTEX
  8
1
 10
453.500000
 20
56.050000
  0
VERTEX
  8
1
 10
457.300000
 20
50.550000
  0
VERTEX
  8
1
 10
462.100000
 20
47.150000
  0
VERTEX
  8
1
 10
468.400000
 20
44.150000
  0
VERTEX
  8
1
 10
475.800000
 20
41.050000
  0
VERTEX
  8
1
 10
482.800000
 20
38.450000
  0
VERTEX
  8
1
 10
489.000000
 20
36.450000
  0
VERTEX
  8
1
 10
474.100000
 20
-14.150000
  0
VERTEX
  8
1
 10
466.900000
 20
-36.450000
  0
VERTEX
  8
1
 10
456.400000
 20
-68.750000
  0
VERTEX
  8
1
 10
443.000000
 20
-109.150000
  0
VERTEX
  8
1
 10
433.100000
 20
-140.750000
  0
VERTEX
  8
1
 10
409.100000
 20
-137.950000
  0
VERTEX
  8
1
 10
386.400000
 20
-135.250000
  0
VERTEX
  8
1
 10
365.200000
 20
-133.350000
  0
VERTEX
  8
1
 10
344.300000
 20
-131.550000
  0
VERTEX
  8
1
 10
329.400000
 20
-130.250000
  0
VERTEX
  8
1
 10
313.400000
 20
-129.250000
  0
VERTEX
  8
1
 10
297.900000
 20
-128.450000
  0
VERTEX
  8
1
 10
282.100000
 20
-127.950000
  0
VERTEX
  8
1
 10
266.900000
 20
-128.250000
  0
VERTEX
  8
1
 10
253.100000
 20
-128.750000
  0
VERTEX
  8
1
 10
240.100000
 20
-129.950000
  0
VERTEX
  8
1
 10
228.100000
 20
-131.350000
  0
VERTEX
  8
1
 10
217.700000
 20
-133.350000
  0
VERTEX
  8
1
 10
208.600000
 20
-135.450000
  0
VERTEX
  8
1
 10
199.900000
 20
-138.050000
  0
VERTEX
  8
1
 10
191.500000
 20
-141.250000
  0
VERTEX
  8
1
 10
184.500000
 20
-145.650000
  0
VERTEX
  8
1
 10
178.700000
 20
-150.050000
  0
VERTEX
  8
1
 10
173.500000
 20
-154.950000
  0
VERTEX
  8
1
 10
168.200000
 20
-161.550000
  0
VERTEX
  8
1
 10
163.400000
 20
-170.050000
  0
VERTEX
  8
1
 10
160.400000
 20
-179.550000
  0
VERTEX
  8
1
 10
158.800000
 20
-194.250000
  0
VERTEX
  8
1
 10
10.300000
 20
-191.450000
  0
VERTEX
  8
1
 10
-133.800000
 20
-188.550000
  0
VERTEX
  8
1
 10
-273.300000
 20
-185.250000
  0
VERTEX
  8
1
 10
-274.000000
 20
-139.450000
  0
VERTEX
  8
1
 10
-275.500000
 20
-83.850000
  0
VERTEX
  8
1
 10
-277.600000
 20
-17.850000
  0
VERTEX
  8
1
 10
-279.100000
 20
53.450000
  0
VERTEX
  8
1
 10
-279.900000
 20
123.050000
  0
SEQEND
  0
POLYLINE
  8
87
 66
     1
  0
VERTEX
  8
87
 10
-270.000000
 20
123.050000
  0
VERTEX
  8
87
 10
-269.200000
 20
192.450000
  0
VERTEX
  8
87
 10
-267.700000
 20
263.650000
  0
VERTEX
  8
87
 10
-265.600000
 20
329.650000
  0
VERTEX
  8
87
 10
-264.100000
 20
385.350000
  0
VERTEX
  8
87
 10
-263.600000
 20
421.650000
  0
VERTEX
  8
87
 10
-133.600000
 20
424.750000
  0
VERTEX
  8
87
 10
10.500000
 20
427.650000
  0
VERTEX
  8
87
 10
149.800000
 20
430.250000
  0
VERTEX
  8
87
 10
150.700000
 20
423.650000
  0
VERTEX
  8
87
 10
154.300000
 20
412.150000
  0
VERTEX
  8
87
 10
160.000000
 20
402.050000
  0
VERTEX
  8
87
 10
166.200000
 20
394.350000
  0
VERTEX
  8
87
 10
172.300000
 20
388.550000
  0
VERTEX
  8
87
 10
178.800000
 20
383.550000
  0
VERTEX
  8
87
 10
186.300000
 20
378.950000
  0
VERTEX
  8
87
 10
196.700000
 20
374.750000
  0
VERTEX
  8
87
 10
206.100000
 20
371.950000
  0
VERTEX
  8
87
 10
215.700000
 20
369.650000
  0
VERTEX
  8
87
 10
226.600000
 20
367.550000
  0
VERTEX
  8
87
 10
239.100000
 20
366.150000
  0
VERTEX
  8
87
 10
252.500000
 20
364.950000
  0
VERTEX
  8
87
 10
266.700000
 20
364.450000
  0
VERTEX
  8
87
 10
282.200000
 20
364.150000
  0
VERTEX
  8
87
 10
298.300000
 20
364.650000
  0
VERTEX
  8
87
 10
313.900000
 20
365.450000
  0
VERTEX
  8
87
 10
330.100000
 20
366.450000
  0
VERTEX
  8
87
 10
345.100000
 20
367.750000
  0
VERTEX
  8
87
 10
366.000000
 20
369.550000
  0
VERTEX
  8
87
 10
387.300000
 20
371.450000
  0
VERTEX
  8
87
 10
410.200000
 20
374.150000
  0
VERTEX
  8
87
 10
426.000000
 20
375.950000
  0
VERTEX
  8
87
 10
433.500000
 20
352.250000
  0
VERTEX
  8
87
 10
446.900000
 20
311.750000
  0
VERTEX
  8
87
 10
457.400000
 20
279.550000
  0
VERTEX
  8
87
 10
464.600000
 20
257.350000
  0
VERTEX
  8
87
 10
476.800000
 20
216.050000
  0
VERTEX
  8
87
 10
472.200000
 20
214.250000
  0
VERTEX
  8
87
 10
464.400000
 20
211.050000
  0
VERTEX
  8
87
 10
457.100000
 20
207.450000
  0
VERTEX
  8
87
 10
450.300000
 20
202.350000
  0
VERTEX
  8
87
 10
444.900000
 20
194.950000
  0
VERTEX
  8
87
 10
440.500000
 20
185.750000
  0
VERTEX
  8
87
 10
436.500000
 20
175.250000
  0
VERTEX
  8
87
 10
433.100000
 20
164.350000
  0
VERTEX
  8
87
 10
431.000000
 20
153.750000
  0
VERTEX
  8
87
 10
430.200000
 20
144.450000
  0
VERTEX
  8
87
 10
429.800000
 20
134.050000
  0
VERTEX
  8
87
 10
429.800000
 20
126.850000
  0
VERTEX
  8
87
 10
429.800000
 20
123.050000
  0
VERTEX
  8
87
 10
429.800000
 20
119.250000
  0
VERTEX
  8
87
 10
429.800000
 20
112.050000
  0
VERTEX
  8
87
 10
430.200000
 20
101.650000
  0
VERTEX
  8
87
 10
431.000000
 20
92.350000
  0
VERTEX
  8
87
 10
433.100000
 20
81.750000
  0
VERTEX
  8
87
 10
436.500000
 20
70.850000
  0
VERTEX
  8
87
 10
440.500000
 20
60.350000
  0
VERTEX
  8
87
 10
444.900000
 20
51.150000
  0
VERTEX
  8
87
 10
450.300000
 20
43.750000
  0
VERTEX
  8
87
 10
457.100000
 20
38.650000
  0
VERTEX
  8
87
 10
464.400000
 20
35.050000
  0
VERTEX
  8
87
 10
472.200000
 20
31.850000
  0
VERTEX
  8
87
 10
476.800000
 20
30.150000
  0
VERTEX
  8
87
 10
464.600000
 20
-11.250000
  0
VERTEX
  8
87
 10
457.400000
 20
-33.450000
  0
VERTEX
  8
87
 10
446.900000
 20
-65.650000
  0
VERTEX
  8
87
 10
433.500000
 20
-106.150000
  0
VERTEX
  8
87
 10
426.100000
 20
-129.850000
  0
VERTEX
  8
87
 10
410.200000
 20
-128.050000
  0
VERTEX
  8
87
 10
387.300000
 20
-125.350000
  0
VERTEX
  8
87
 10
366.000000
 20
-123.450000
  0
VERTEX
  8
87
 10
345.100000
 20
-121.650000
  0
VERTEX
  8
87
 10
330.100000
 20
-120.350000
  0
VERTEX
  8
87
 10
313.900000
 20
-119.350000
  0
VERTEX
  8
87
 10
298.300000
 20
-118.550000
  0
VERTEX
  8
87
 10
282.200000
 20
-118.050000
  0
VERTEX
  8
87
 10
266.700000
 20
-118.350000
  0
VERTEX
  8
87
 10
252.500000
 20
-118.850000
  0
VERTEX
  8
87
 10
239.100000
 20
-120.050000
  0
VERTEX
  8
87
 10
226.600000
 20
-121.450000
  0
VERTEX
  8
87
 10
215.700000
 20
-123.550000
  0
VERTEX
  8
87
 10
206.100000
 20
-125.850000
  0
VERTEX
  8
87
 10
196.700000
 20
-128.650000
  0
VERTEX
  8
87
 10
186.300000
 20
-132.850000
  0
VERTEX
  8
87
 10
178.800000
 20
-137.450000
  0
VERTEX
  8
87
 10
172.300000
 20
-142.450000
  0
VERTEX
  8
87
 10
166.200000
 20
-148.250000
  0
VERTEX
  8
87
 10
160.000000
 20
-155.950000
  0
VERTEX
  8
87
 10
154.300000
 20
-166.050000
  0
VERTEX
  8
87
 10
150.700000
 20
-177.550000
  0
VERTEX
  8
87
 10
149.900000
 20
-184.150000
  0
VERTEX
  8
87
 10
10.500000
 20
-181.550000
  0
VERTEX
  8
87
 10
-133.600000
 20
-178.650000
  0
VERTEX
  8
87
 10
-263.500000
 20
-175.650000
  0
VERTEX
  8
87
 10
-264.100000
 20
-139.250000
  0
VERTEX
  8
87
 10
-265.600000
 20
-83.550000
  0
VERTEX
  8
87
 10
-267.700000
 20
-17.550000
  0
VERTEX
  8
87
 10
-269.200000
 20
53.650000
  0
VERTEX
  8
87
 10
-270.000000
 20
123.050000
  0
SEQEND
  0
POLYLINE
  8
14
 66
     1
  0
VERTEX
  8
14
 10
-270.000000
 20
123.050000
  0
VERTEX
  8
14
 10
-269.200000
 20
192.450000
  0
VERTEX
  8
14
 10
-267.700000
 20
263.650000
  0
VERTEX
  8
14
 10
-265.600000
 20
329.650000
  0
VERTEX
  8
14
 10
-264.100000
 20
385.350000
  0
VERTEX
  8
14
 10
-263.600000
 20
421.650000
  0
VERTEX
  8
14
 10
-133.600000
 20
424.750000
  0
VERTEX
  8
14
 10
10.500000
 20
427.650000
  0
VERTEX
  8
14
 10
149.800000
 20
430.250000
  0
VERTEX
  8
14
 10
150.700000
 20
423.650000
  0
VERTEX
  8
14
 10
154.300000
 20
412.150000
  0
VERTEX
  8
14
 10
160.000000
 20
402.050000
  0
VERTEX
  8
14
 10
166.200000
 20
394.350000
  0
VERTEX
  8
14
 10
172.300000
 20
388.550000
  0
VERTEX
  8
14
 10
178.800000
 20
383.550000
  0
VERTEX
  8
14
 10
186.300000
 20
378.950000
  0
VERTEX
  8
14
 10
196.700000
 20
374.750000
  0
VERTEX
  8
14
 10
206.100000
 20
371.950000
  0
VERTEX
  8
14
 10
215.700000
 20
369.650000
  0
VERTEX
  8
14
 10
226.600000
 20
367.550000
  0
VERTEX
  8
14
 10
239.100000
 20
366.150000
  0
VERTEX
  8
14
 10
252.500000
 20
364.950000
  0
VERTEX
  8
14
 10
266.700000
 20
364.450000
  0
VERTEX
  8
14
 10
282.200000
 20
364.150000
  0
VERTEX
  8
14
 10
298.300000
 20
364.650000
  0
VERTEX
  8
14
 10
313.900000
 20
365.450000
  0
VERTEX
  8
14
 10
330.100000
 20
366.450000
  0
VERTEX
  8
14
 10
345.100000
 20
367.750000
  0
VERTEX
  8
14
 10
366.000000
 20
369.550000
  0
VERTEX
  8
14
 10
387.300000
 20
371.450000
  0
VERTEX
  8
14
 10
410.200000
 20
374.150000
  0
VERTEX
  8
14
 10
426.000000
 20
375.950000
  0
VERTEX
  8
14
 10
433.500000
 20
352.250000
  0
VERTEX
  8
14
 10
446.900000
 20
311.750000
  0
VERTEX
  8
14
 10
457.400000
 20
279.550000
  0
VERTEX
  8
14
 10
464.600000
 20
257.350000
  0
VERTEX
  8
14
 10
476.800000
 20
216.050000
  0
VERTEX
  8
14
 10
472.200000
 20
214.250000
  0
VERTEX
  8
14
 10
464.400000
 20
211.050000
  0
VERTEX
  8
14
 10
457.100000
 20
207.450000
  0
VERTEX
  8
14
 10
450.300000
 20
202.350000
  0
VERTEX
  8
14
 10
444.900000
 20
194.950000
  0
VERTEX
  8
14
 10
440.500000
 20
185.750000
  0
VERTEX
  8
14
 10
436.500000
 20
175.250000
  0
VERTEX
  8
14
 10
433.100000
 20
164.350000
  0
VERTEX
  8
14
 10
431.000000
 20
153.750000
  0
VERTEX
  8
14
 10
430.200000
 20
144.450000
  0
VERTEX
  8
14
 10
429.800000
 20
134.050000
  0
VERTEX
  8
14
 10
429.800000
 20
126.850000
  0
VERTEX
  8
14
 10
429.800000
 20
123.050000
  0
VERTEX
  8
14
 10
429.800000
 20
119.250000
  0
VERTEX
  8
14
 10
429.800000
 20
112.050000
  0
VERTEX
  8
14
 10
430.200000
 20
101.650000
  0
VERTEX
  8
14
 10
431.000000
 20
92.350000
  0
VERTEX
  8
14
 10
433.100000
 20
81.750000
  0
VERTEX
  8
14
 10
436.500000
 20
70.850000
  0
VERTEX
  8
14
 10
440.500000
 20
60.350000
  0
VERTEX
  8
14
 10
444.900000
 20
51.150000
  0
VERTEX
  8
14
 10
450.300000
 20
43.750000
  0
VERTEX
  8
14
 10
457.100000
 20
38.650000
  0
VERTEX
  8
14
 10
464.400000
 20
35.050000
  0
VERTEX
  8
14
 10
472.200000
 20
31.850000
  0
VERTEX
  8
14
 10
476.800000
 20
30.150000
  0
VERTEX
  8
14
 10
464.600000
 20
-11.250000
  0
VERTEX
  8
14
 10
457.400000
 20
-33.450000
  0
VERTEX
  8
14
 10
446.900000
 20
-65.650000
  0
VERTEX
  8
14
 10
433.500000
 20
-106.150000
  0
VERTEX
  8
14
 10
426.100000
 20
-129.850000
  0
VERTEX
  8
14
 10
410.200000
 20
-128.050000
  0
VERTEX
  8
14
 10
387.300000
 20
-125.350000
  0
VERTEX
  8
14
 10
366.000000
 20
-123.450000
  0
VERTEX
  8
14
 10
345.100000
 20
-121.650000
  0
VERTEX
  8
14
 10
330.100000
 20
-120.350000
  0
VERTEX
  8
14
 10
313.900000
 20
-119.350000
  0
VERTEX
  8
14
 10
298.300000
 20
-118.550000
  0
VERTEX
  8
14
 10
282.200000
 20
-118.050000
  0
VERTEX
  8
14
 10
266.700000
 20
-118.350000
  0
VERTEX
  8
14
 10
252.500000
 20
-118.850000
  0
VERTEX
  8
14
 10
239.100000
 20
-120.050000
  0
VERTEX
  8
14
 10
226.600000
 20
-121.450000
  0
VERTEX
  8
14
 10
215.700000
 20
-123.550000
  0
VERTEX
  8
14
 10
206.100000
 20
-125.850000
  0
VERTEX
  8
14
 10
196.700000
 20
-128.650000
  0
VERTEX
  8
14
 10
186.300000
 20
-132.850000
  0
VERTEX
  8
14
 10
178.800000
 20
-137.450000
  0
VERTEX
  8
14
 10
172.300000
 20
-142.450000
  0
VERTEX
  8
14
 10
166.200000
 20
-148.250000
  0
VERTEX
  8
14
 10
160.000000
 20
-155.950000
  0
VERTEX
  8
14
 10
154.300000
 20
-166.050000
  0
VERTEX
  8
14
 10
150.700000
 20
-177.550000
  0
VERTEX
  8
14
 10
149.900000
 20
-184.150000
  0
VERTEX
  8
14
 10
10.500000
 20
-181.550000
  0
VERTEX
  8
14
 10
-133.600000
 20
-178.650000
  0
VERTEX
  8
14
 10
-263.500000
 20
-175.650000
  0
VERTEX
  8
14
 10
-264.100000
 20
-139.250000
  0
VERTEX
  8
14
 10
-265.600000
 20
-83.550000
  0
VERTEX
  8
14
 10
-267.700000
 20
-17.550000
  0
VERTEX
  8
14
 10
-269.200000
 20
53.650000
  0
VERTEX
  8
14
 10
-270.000000
 20
123.050000
  0
SEQEND
  0
POINT
  8
2
 10
-279.900000
 20
123.050000
  0
TEXT
  8
2
 10
-279.900000
 20
123.050000
 40
0.250000
 50
0.000000
  1
#21
  0
POINT
  8
3
 10
-279.100000
 20
192.650000
  0
POINT
  8
3
 10
-277.600000
 20
263.950000
  0
POINT
  8
3
 10
-275.500000
 20
329.950000
  0
POINT
  8
3
 10
-274.000000
 20
385.550000
  0
POINT
  8
2
 10
-273.300000
 20
431.350000
  0
TEXT
  8
2
 10
-273.300000
 20
431.350000
 40
0.250000
 50
0.000000
  1
#38
  0
POINT
  8
3
 10
-133.800000
 20
434.650000
  0
POINT
  8
3
 10
10.300000
 20
437.550000
  0
POINT
  8
2
 10
158.800000
 20
440.350000
  0
TEXT
  8
2
 10
158.800000
 20
440.350000
 40
0.250000
 50
0.000000
  1
#10
  0
POINT
  8
3
 10
160.400000
 20
425.650000
  0
POINT
  8
3
 10
163.400000
 20
416.150000
  0
POINT
  8
3
 10
168.200000
 20
407.650000
  0
POINT
  8
3
 10
173.500000
 20
401.050000
  0
POINT
  8
3
 10
178.700000
 20
396.150000
  0
POINT
  8
3
 10
184.500000
 20
391.750000
  0
POINT
  8
2
 10
191.500000
 20
387.350000
  0
TEXT
  8
2
 10
191.500000
 20
387.350000
 40
0.250000
 50
0.000000
  1
#11
  0
POINT
  8
3
 10
199.900000
 20
384.150000
  0
POINT
  8
3
 10
208.600000
 20
381.550000
  0
POINT
  8
3
 10
217.700000
 20
379.450000
  0
POINT
  8
3
 10
228.100000
 20
377.450000
  0
POINT
  8
3
 10
240.100000
 20
376.050000
  0
POINT
  8
3
 10
253.100000
 20
374.850000
  0
POINT
  8
3
 10
266.900000
 20
374.350000
  0
POINT
  8
3
 10
282.100000
 20
374.050000
  0
POINT
  8
3
 10
297.900000
 20
374.550000
  0
POINT
  8
3
 10
313.400000
 20
375.350000
  0
POINT
  8
3
 10
329.400000
 20
376.350000
  0
POINT
  8
2
 10
344.300000
 20
377.650000
  0
TEXT
  8
2
 10
344.300000
 20
377.650000
 40
0.250000
 50
0.000000
  1
#1
  0
POINT
  8
3
 10
365.200000
 20
379.450000
  0
POINT
  8
3
 10
386.400000
 20
381.350000
  0
POINT
  8
3
 10
409.100000
 20
384.050000
  0
POINT
  8
2
 10
433.100000
 20
386.850000
  0
TEXT
  8
2
 10
433.100000
 20
386.850000
 40
0.250000
 50
0.000000
  1
#2
  0
POINT
  8
2
 10
443.000000
 20
355.250000
  0
POINT
  8
3
 10
456.400000
 20
314.850000
  0
POINT
  8
3
 10
466.900000
 20
282.550000
  0
POINT
  8
3
 10
474.100000
 20
260.250000
  0
POINT
  8
2
 10
489.000000
 20
209.650000
  0
TEXT
  8
2
 10
489.000000
 20
209.650000
 40
0.250000
 50
0.000000
  1
#3
  0
POINT
  8
3
 10
482.800000
 20
207.650000
  0
POINT
  8
3
 10
475.800000
 20
205.050000
  0
POINT
  8
3
 10
468.400000
 20
201.950000
  0
POINT
  8
3
 10
462.100000
 20
198.950000
  0
POINT
  8
3
 10
457.300000
 20
195.550000
  0
POINT
  8
3
 10
453.500000
 20
190.050000
  0
POINT
  8
3
 10
449.700000
 20
181.950000
  0
POINT
  8
3
 10
445.900000
 20
172.050000
  0
POINT
  8
3
 10
442.800000
 20
161.950000
  0
POINT
  8
3
 10
440.900000
 20
152.350000
  0
POINT
  8
3
 10
440.100000
 20
143.950000
  0
POINT
  8
2
 10
439.800000
 20
133.950000
  0
TEXT
  8
2
 10
439.800000
 20
133.950000
 40
0.250000
 50
0.000000
  1
#4
  0
POINT
  8
2
 10
439.800000
 20
126.850000
  0
TEXT
  8
2
 10
439.800000
 20
126.850000
 40
0.250000
 50
0.000000
  1
#4
  0
POINT
  8
2
 10
439.800000
 20
123.050000
  0
TEXT
  8
2
 10
439.800000
 20
123.050000
 40
0.250000
 50
0.000000
  1
#4
  0
POINT
  8
2
 10
439.800000
 20
119.250000
  0
TEXT
  8
2
 10
439.800000
 20
119.250000
 40
0.250000
 50
0.000000
  1
#4
  0
POINT
  8
2
 10
439.800000
 20
112.150000
  0
TEXT
  8
2
 10
439.800000
 20
112.150000
 40
0.250000
 50
0.000000
  1
#4
  0
POINT
  8
3
 10
440.100000
 20
102.150000
  0
POINT
  8
3
 10
440.900000
 20
93.750000
  0
POINT
  8
3
 10
442.800000
 20
84.150000
  0
POINT
  8
3
 10
445.900000
 20
74.050000
  0
POINT
  8
3
 10
449.700000
 20
64.150000
  0
POINT
  8
3
 10
453.500000
 20
56.050000
  0
POINT
  8
3
 10
457.300000
 20
50.550000
  0
POINT
  8
3
 10
462.100000
 20
47.150000
  0
POINT
  8
3
 10
468.400000
 20
44.150000
  0
POINT
  8
3
 10
475.800000
 20
41.050000
  0
POINT
  8
3
 10
482.800000
 20
38.450000
  0
POINT
  8
2
 10
489.000000
 20
36.450000
  0
TEXT
  8
2
 10
489.000000
 20
36.450000
 40
0.250000
 50
0.000000
  1
#5
  0
POINT
  8
3
 10
474.100000
 20
-14.150000
  0
POINT
  8
3
 10
466.900000
 20
-36.450000
  0
POINT
  8
3
 10
456.400000
 20
-68.750000
  0
POINT
  8
2
 10
443.000000
 20
-109.150000
  0
POINT
  8
2
 10
433.100000
 20
-140.750000
  0
TEXT
  8
2
 10
433.100000
 20
-140.750000
 40
0.250000
 50
0.000000
  1
#6
  0
POINT
  8
3
 10
409.100000
 20
-137.950000
  0
POINT
  8
3
 10
386.400000
 20
-135.250000
  0
POINT
  8
3
 10
365.200000
 20
-133.350000
  0
POINT
  8
2
 10
344.300000
 20
-131.550000
  0
TEXT
  8
2
 10
344.300000
 20
-131.550000
 40
0.250000
 50
0.000000
  1
#7
  0
POINT
  8
3
 10
329.400000
 20
-130.250000
  0
POINT
  8
3
 10
313.400000
 20
-129.250000
  0
POINT
  8
3
 10
297.900000
 20
-128.450000
  0
POINT
  8
3
 10
282.100000
 20
-127.950000
  0
POINT
  8
3
 10
266.900000
 20
-128.250000
  0
POINT
  8
3
 10
253.100000
 20
-128.750000
  0
POINT
  8
3
 10
240.100000
 20
-129.950000
  0
POINT
  8
3
 10
228.100000
 20
-131.350000
  0
POINT
  8
3
 10
217.700000
 20
-133.350000
  0
POINT
  8
3
 10
208.600000
 20
-135.450000
  0
POINT
  8
3
 10
199.900000
 20
-138.050000
  0
POINT
  8
2
 10
191.500000
 20
-141.250000
  0
TEXT
  8
2
 10
191.500000
 20
-141.250000
 40
0.250000
 50
0.000000
  1
#16
  0
POINT
  8
3
 10
184.500000
 20
-145.650000
  0
POINT
  8
3
 10
178.700000
 20
-150.050000
  0
POINT
  8
3
 10
173.500000
 20
-154.950000
  0
POINT
  8
3
 10
168.200000
 20
-161.550000
  0
POINT
  8
3
 10
163.400000
 20
-170.050000
  0
POINT
  8
3
 10
160.400000
 20
-179.550000
  0
POINT
  8
2
 10
158.800000
 20
-194.250000
  0
TEXT
  8
2
 10
158.800000
 20
-194.250000
 40
0.250000
 50
0.000000
  1
#17
  0
POINT
  8
3
 10
10.300000
 20
-191.450000
  0
POINT
  8
3
 10
-133.800000
 20
-188.550000
  0
POINT
  8
2
 10
-273.300000
 20
-185.250000
  0
TEXT
  8
2
 10
-273.300000
 20
-185.250000
 40
0.250000
 50
0.000000
  1
#39
  0
POINT
  8
3
 10
-274.000000
 20
-139.450000
  0
POINT
  8
3
 10
-275.500000
 20
-83.850000
  0
POINT
  8
3
 10
-277.600000
 20
-17.850000
  0
POINT
  8
3
 10
-279.100000
 20
53.450000
  0
POINT
  8
2
 10
-279.900000
 20
123.050000
  0
POINT
  8
2
 10
-279.900000
 20
123.050000
 39
2.500000
  0
POINT
  8
2
 10
191.500000
 20
387.350000
 39
2.500000
 50
238.240500
  0
POINT
  8
2
 10
344.300000
 20
377.650000
 39
2.500000
 50
274.763600
  0
POINT
  8
2
 10
443.000000
 20
355.250000
 39
2.500000
 50
196.927500
  0
POINT
  8
2
 10
439.800000
 20
123.050000
 39
2.500000
 50
180.000000
  0
POINT
  8
2
 10
443.000000
 20
-109.150000
 39
2.500000
 50
163.072500
  0
POINT
  8
2
 10
344.300000
 20
-131.550000
 39
2.500000
 50
85.236360
  0
POINT
  8
2
 10
191.500000
 20
-141.250000
 39
2.500000
 50
121.759500
  0
POINT
  8
2
 10
-270.000000
 20
123.050000
  0
POINT
  8
3
 10
-269.200000
 20
192.450000
  0
POINT
  8
3
 10
-267.700000
 20
263.650000
  0
POINT
  8
3
 10
-265.600000
 20
329.650000
  0
POINT
  8
3
 10
-264.100000
 20
385.350000
  0
POINT
  8
2
 10
-263.600000
 20
421.650000
  0
POINT
  8
3
 10
-133.600000
 20
424.750000
  0
POINT
  8
3
 10
10.500000
 20
427.650000
  0
POINT
  8
2
 10
149.800000
 20
430.250000
  0
POINT
  8
3
 10
150.700000
 20
423.650000
  0
POINT
  8
3
 10
154.300000
 20
412.150000
  0
POINT
  8
3
 10
160.000000
 20
402.050000
  0
POINT
  8
3
 10
166.200000
 20
394.350000
  0
POINT
  8
3
 10
172.300000
 20
388.550000
  0
POINT
  8
3
 10
178.800000
 20
383.550000
  0
POINT
  8
2
 10
186.300000
 20
378.950000
  0
POINT
  8
3
 10
196.700000
 20
374.750000
  0
POINT
  8
3
 10
206.100000
 20
371.950000
  0
POINT
  8
3
 10
215.700000
 20
369.650000
  0
POINT
  8
3
 10
226.600000
 20
367.550000
  0
POINT
  8
3
 10
239.100000
 20
366.150000
  0
POINT
  8
3
 10
252.500000
 20
364.950000
  0
POINT
  8
3
 10
266.700000
 20
364.450000
  0
POINT
  8
3
 10
282.200000
 20
364.150000
  0
POINT
  8
3
 10
298.300000
 20
364.650000
  0
POINT
  8
3
 10
313.900000
 20
365.450000
  0
POINT
  8
3
 10
330.100000
 20
366.450000
  0
POINT
  8
2
 10
345.100000
 20
367.750000
  0
POINT
  8
3
 10
366.000000
 20
369.550000
  0
POINT
  8
3
 10
387.300000
 20
371.450000
  0
POINT
  8
3
 10
410.200000
 20
374.150000
  0
POINT
  8
2
 10
426.000000
 20
375.950000
  0
POINT
  8
2
 10
433.500000
 20
352.250000
  0
POINT
  8
3
 10
446.900000
 20
311.750000
  0
POINT
  8
3
 10
457.400000
 20
279.550000
  0
POINT
  8
3
 10
464.600000
 20
257.350000
  0
POINT
  8
2
 10
476.800000
 20
216.050000
  0
POINT
  8
3
 10
472.200000
 20
214.250000
  0
POINT
  8
3
 10
464.400000
 20
211.050000
  0
POINT
  8
3
 10
457.100000
 20
207.450000
  0
POINT
  8
3
 10
450.300000
 20
202.350000
  0
POINT
  8
3
 10
444.900000
 20
194.950000
  0
POINT
  8
3
 10
440.500000
 20
185.750000
  0
POINT
  8
3
 10
436.500000
 20
175.250000
  0
POINT
  8
3
 10
433.100000
 20
164.350000
  0
POINT
  8
3
 10
431.000000
 20
153.750000
  0
POINT
  8
3
 10
430.200000
 20
144.450000
  0
POINT
  8
2
 10
429.800000
 20
134.050000
  0
POINT
  8
2
 10
429.800000
 20
126.850000
  0
POINT
  8
2
 10
429.800000
 20
123.050000
  0
POINT
  8
2
 10
429.800000
 20
119.250000
  0
POINT
  8
2
 10
429.800000
 20
112.050000
  0
POINT
  8
3
 10
430.200000
 20
101.650000
  0
POINT
  8
3
 10
431.000000
 20
92.350000
  0
POINT
  8
3
 10
433.100000
 20
81.750000
  0
POINT
  8
3
 10
436.500000
 20
70.850000
  0
POINT
  8
3
 10
440.500000
 20
60.350000
  0
POINT
  8
3
 10
444.900000
 20
51.150000
  0
POINT
  8
3
 10
450.300000
 20
43.750000
  0
POINT
  8
3
 10
457.100000
 20
38.650000
  0
POINT
  8
3
 10
464.400000
 20
35.050000
  0
POINT
  8
3
 10
472.200000
 20
31.850000
  0
POINT
  8
2
 10
476.800000
 20
30.150000
  0
POINT
  8
3
 10
464.600000
 20
-11.250000
  0
POINT
  8
3
 10
457.400000
 20
-33.450000
  0
POINT
  8
3
 10
446.900000
 20
-65.650000
  0
POINT
  8
2
 10
433.500000
 20
-106.150000
  0
POINT
  8
2
 10
426.100000
 20
-129.850000
  0
POINT
  8
3
 10
410.200000
 20
-128.050000
  0
POINT
  8
3
 10
387.300000
 20
-125.350000
  0
POINT
  8
3
 10
366.000000
 20
-123.450000
  0
POINT
  8
2
 10
345.100000
 20
-121.650000
  0
POINT
  8
3
 10
330.100000
 20
-120.350000
  0
POINT
  8
3
 10
313.900000
 20
-119.350000
  0
POINT
  8
3
 10
298.300000
 20
-118.550000
  0
POINT
  8
3
 10
282.200000
 20
-118.050000
  0
POINT
  8
3
 10
266.700000
 20
-118.350000
  0
POINT
  8
3
 10
252.500000
 20
-118.850000
  0
POINT
  8
3
 10
239.100000
 20
-120.050000
  0
POINT
  8
3
 10
226.600000
 20
-121.450000
  0
POINT
  8
3
 10
215.700000
 20
-123.550000
  0
POINT
  8
3
 10
206.100000
 20
-125.850000
  0
POINT
  8
3
 10
196.700000
 20
-128.650000
  0
POINT
  8
2
 10
186.300000
 20
-132.850000
  0
POINT
  8
3
 10
178.800000
 20
-137.450000
  0
POINT
  8
3
 10
172.300000
 20
-142.450000
  0
POINT
  8
3
 10
166.200000
 20
-148.250000
  0
POINT
  8
3
 10
160.000000
 20
-155.950000
  0
POINT
  8
3
 10
154.300000
 20
-166.050000
  0
POINT
  8
3
 10
150.700000
 20
-177.550000
  0
POINT
  8
2
 10
149.900000
 20
-184.150000
  0
POINT
  8
3
 10
10.500000
 20
-181.550000
  0
POINT
  8
3
 10
-133.600000
 20
-178.650000
  0
POINT
  8
2
 10
-263.500000
 20
-175.650000
  0
POINT
  8
3
 10
-264.100000
 20
-139.250000
  0
POINT
  8
3
 10
-265.600000
 20
-83.550000
  0
POINT
  8
3
 10
-267.700000
 20
-17.550000
  0
POINT
  8
3
 10
-269.200000
 20
53.650000
  0
POINT
  8
2
 10
-270.000000
 20
123.050000
  0
POINT
  8
4
 10
-279.900000
 20
123.050000
 30
2.500000
  0
POINT
  8
4
 10
191.500000
 20
387.350000
 30
2.500000
 50
238.240500
  0
POINT
  8
4
 10
344.300000
 20
377.650000
 30
2.500000
 50
274.763600
  0
POINT
  8
4
 10
443.000000
 20
355.250000
 30
2.500000
 50
196.927500
  0
POINT
  8
4
 10
439.800000
 20
123.050000
 30
2.500000
 50
180.000000
  0
POINT
  8
4
 10
443.000000
 20
-109.150000
 30
2.500000
 50
163.072500
  0
POINT
  8
4
 10
344.300000
 20
-131.550000
 30
2.500000
 50
85.236360
  0
POINT
  8
4
 10
191.500000
 20
-141.250000
 30
2.500000
 50
121.759500
  0
LINE
  8
5
 10
439.700000
 20
123.050000
 11
-279.800000
 21
123.050000
  0
LINE
  8
7
 10
439.700000
 20
123.050000
 11
-279.800000
 21
123.050000
  0
TEXT
  8
1
 10
5.600000
 20
-110.400000
 40
10.000000
 50
0.000000
  1
Piece Name: LINING BK 1P
  0
TEXT
  8
1
 10
5.600000
 20
-99.400000
 40
10.000000
 50
0.000000
  1
Size: 50
  0
TEXT
  8
1
 10
5.600000
 20
-88.400000
 40
10.000000
 50
0.000000
  1
Annotation: LINING BK 1P
  0
TEXT
  8
1
 10
5.600000
 20
-77.400000
 40
10.000000
 50
0.000000
  1
Quantity: 1
  0
TEXT
  8
1
 10
5.600000
 20
-66.400000
 40
10.000000
 50
0.000000
  1
Material: LINING
  0
ENDBLK
  0
BLOCK
  8
1
  2
LINING RIGHT FRNT 1P
 70
     0
 10
0.00
 20
0.00
  0
POLYLINE
  8
84
 66
     1
 70
     1
  0
VERTEX
  8
84
 10
-489.000000
 20
198.150000
  0
VERTEX
  8
84
 10
-385.600000
 20
199.850000
  0
VERTEX
  8
84
 10
-281.100000
 20
201.450000
  0
VERTEX
  8
84
 10
-242.700000
 20
201.550000
  0
VERTEX
  8
84
 10
-203.200000
 20
200.950000
  0
VERTEX
  8
84
 10
-145.600000
 20
199.950000
  0
VERTEX
  8
84
 10
-81.200000
 20
199.050000
  0
VERTEX
  8
84
 10
-28.000000
 20
195.750000
  0
VERTEX
  8
84
 10
12.300000
 20
192.450000
  0
VERTEX
  8
84
 10
41.600000
 20
189.150000
  0
VERTEX
  8
84
 10
57.800000
 20
185.750000
  0
VERTEX
  8
84
 10
81.800000
 20
180.850000
  0
VERTEX
  8
84
 10
111.300000
 20
174.250000
  0
VERTEX
  8
84
 10
149.200000
 20
165.150000
  0
VERTEX
  8
84
 10
197.100000
 20
153.250000
  0
VERTEX
  8
84
 10
253.700000
 20
138.950000
  0
VERTEX
  8
84
 10
243.600000
 20
118.850000
  0
VERTEX
  8
84
 10
221.900000
 20
75.550000
  0
VERTEX
  8
84
 10
204.800000
 20
41.650000
  0
VERTEX
  8
84
 10
194.600000
 20
21.650000
  0
VERTEX
  8
84
 10
185.200000
 20
6.050000
  0
VERTEX
  8
84
 10
176.700000
 20
-7.950000
  0
VERTEX
  8
84
 10
148.400000
 20
4.850000
  0
VERTEX
  8
84
 10
124.800000
 20
15.050000
  0
VERTEX
  8
84
 10
107.200000
 20
21.650000
  0
VERTEX
  8
84
 10
94.900000
 20
25.250000
  0
VERTEX
  8
84
 10
86.000000
 20
27.350000
  0
VERTEX
  8
84
 10
79.400000
 20
28.750000
  0
VERTEX
  8
84
 10
73.400000
 20
29.650000
  0
VERTEX
  8
84
 10
68.600000
 20
30.050000
  0
VERTEX
  8
84
 10
58.600000
 20
30.450000
  0
VERTEX
  8
84
 10
51.300000
 20
30.350000
  0
VERTEX
  8
84
 10
44.500000
 20
30.250000
  0
VERTEX
  8
84
 10
38.900000
 20
29.450000
  0
VERTEX
  8
84
 10
27.200000
 20
27.450000
  0
VERTEX
  8
84
 10
16.600000
 20
23.950000
  0
VERTEX
  8
84
 10
6.500000
 20
19.550000
  0
VERTEX
  8
84
 10
-2.300000
 20
13.950000
  0
VERTEX
  8
84
 10
-10.000000
 20
7.450000
  0
VERTEX
  8
84
 10
-15.700000
 20
0.250000
  0
VERTEX
  8
84
 10
-19.600000
 20
-7.750000
  0
VERTEX
  8
84
 10
-22.400000
 20
-15.950000
  0
VERTEX
  8
84
 10
-24.400000
 20
-23.350000
  0
VERTEX
  8
84
 10
-25.000000
 20
-29.250000
  0
VERTEX
  8
84
 10
-24.500000
 20
-35.450000
  0
VERTEX
  8
84
 10
-23.300000
 20
-42.050000
  0
VERTEX
  8
84
 10
-21.100000
 20
-50.350000
  0
VERTEX
  8
84
 10
-175.900000
 20
-62.850000
  0
VERTEX
  8
84
 10
-320.300000
 20
-74.350000
  0
VERTEX
  8
84
 10
-455.500000
 20
-86.650000
  0
VERTEX
  8
84
 10
-461.000000
 20
-42.950000
  0
VERTEX
  8
84
 10
-467.600000
 20
6.750000
  0
VERTEX
  8
84
 10
-475.100000
 20
61.450000
  0
VERTEX
  8
84
 10
-482.100000
 20
113.850000
  0
VERTEX
  8
84
 10
-486.900000
 20
154.650000
  0
VERTEX
  8
84
 10
-489.000000
 20
180.550000
  0
VERTEX
  8
84
 10
-489.000000
 20
198.150000
  0
SEQEND
  0
POLYLINE
  8
1
 66
     1
 70
     1
  0
VERTEX
  8
1
 10
-489.000000
 20
198.150000
  0
VERTEX
  8
1
 10
-385.600000
 20
199.850000
  0
VERTEX
  8
1
 10
-281.100000
 20
201.450000
  0
VERTEX
  8
1
 10
-242.700000
 20
201.550000
  0
VERTEX
  8
1
 10
-203.200000
 20
200.950000
  0
VERTEX
  8
1
 10
-145.600000
 20
199.950000
  0
VERTEX
  8
1
 10
-81.200000
 20
199.050000
  0
VERTEX
  8
1
 10
-28.000000
 20
195.750000
  0
VERTEX
  8
1
 10
12.300000
 20
192.450000
  0
VERTEX
  8
1
 10
41.600000
 20
189.150000
  0
VERTEX
  8
1
 10
57.800000
 20
185.750000
  0
VERTEX
  8
1
 10
81.800000
 20
180.850000
  0
VERTEX
  8
1
 10
111.300000
 20
174.250000
  0
VERTEX
  8
1
 10
149.200000
 20
165.150000
  0
VERTEX
  8
1
 10
197.100000
 20
153.250000
  0
VERTEX
  8
1
 10
253.700000
 20
138.950000
  0
VERTEX
  8
1
 10
243.600000
 20
118.850000
  0
VERTEX
  8
1
 10
221.900000
 20
75.550000
  0
VERTEX
  8
1
 10
204.800000
 20
41.650000
  0
VERTEX
  8
1
 10
194.600000
 20
21.650000
  0
VERTEX
  8
1
 10
185.200000
 20
6.050000
  0
VERTEX
  8
1
 10
176.700000
 20
-7.950000
  0
VERTEX
  8
1
 10
148.400000
 20
4.850000
  0
VERTEX
  8
1
 10
124.800000
 20
15.050000
  0
VERTEX
  8
1
 10
107.200000
 20
21.650000
  0
VERTEX
  8
1
 10
94.900000
 20
25.250000
  0
VERTEX
  8
1
 10
86.000000
 20
27.350000
  0
VERTEX
  8
1
 10
79.400000
 20
28.750000
  0
VERTEX
  8
1
 10
73.400000
 20
29.650000
  0
VERTEX
  8
1
 10
68.600000
 20
30.050000
  0
VERTEX
  8
1
 10
58.600000
 20
30.450000
  0
VERTEX
  8
1
 10
51.300000
 20
30.350000
  0
VERTEX
  8
1
 10
44.500000
 20
30.250000
  0
VERTEX
  8
1
 10
38.900000
 20
29.450000
  0
VERTEX
  8
1
 10
27.200000
 20
27.450000
  0
VERTEX
  8
1
 10
16.600000
 20
23.950000
  0
VERTEX
  8
1
 10
6.500000
 20
19.550000
  0
VERTEX
  8
1
 10
-2.300000
 20
13.950000
  0
VERTEX
  8
1
 10
-10.000000
 20
7.450000
  0
VERTEX
  8
1
 10
-15.700000
 20
0.250000
  0
VERTEX
  8
1
 10
-19.600000
 20
-7.750000
  0
VERTEX
  8
1
 10
-22.400000
 20
-15.950000
  0
VERTEX
  8
1
 10
-24.400000
 20
-23.350000
  0
VERTEX
  8
1
 10
-25.000000
 20
-29.250000
  0
VERTEX
  8
1
 10
-24.500000
 20
-35.450000
  0
VERTEX
  8
1
 10
-23.300000
 20
-42.050000
  0
VERTEX
  8
1
 10
-21.100000
 20
-50.350000
  0
VERTEX
  8
1
 10
-175.900000
 20
-62.850000
  0
VERTEX
  8
1
 10
-320.300000
 20
-74.350000
  0
VERTEX
  8
1
 10
-455.500000
 20
-86.650000
  0
VERTEX
  8
1
 10
-461.000000
 20
-42.950000
  0
VERTEX
  8
1
 10
-467.600000
 20
6.750000
  0
VERTEX
  8
1
 10
-475.100000
 20
61.450000
  0
VERTEX
  8
1
 10
-482.100000
 20
113.850000
  0
VERTEX
  8
1
 10
-486.900000
 20
154.650000
  0
VERTEX
  8
1
 10
-489.000000
 20
180.550000
  0
VERTEX
  8
1
 10
-489.000000
 20
198.150000
  0
SEQEND
  0
POLYLINE
  8
85
 66
     1
  0
VERTEX
  8
85
 10
-96.700000
 20
144.250000
  0
VERTEX
  8
85
 10
-106.700000
 20
144.250000
  0
VERTEX
  8
85
 10
-105.500000
 20
14.850000
  0
VERTEX
  8
85
 10
-95.500000
 20
14.850000
  0
VERTEX
  8
85
 10
-96.700000
 20
144.250000
  0
SEQEND
  0
POLYLINE
  8
8
 66
     1
  0
VERTEX
  8
8
 10
-96.700000
 20
144.250000
  0
VERTEX
  8
8
 10
-106.700000
 20
144.250000
  0
VERTEX
  8
8
 10
-105.500000
 20
14.850000
  0
VERTEX
  8
8
 10
-95.500000
 20
14.850000
  0
VERTEX
  8
8
 10
-96.700000
 20
144.250000
  0
SEQEND
  0
POLYLINE
  8
85
 66
     1
  0
VERTEX
  8
85
 10
-100.500000
 20
15.650000
  0
VERTEX
  8
85
 10
-101.300000
 20
143.150000
  0
SEQEND
  0
POLYLINE
  8
8
 66
     1
  0
VERTEX
  8
8
 10
-100.500000
 20
15.650000
  0
VERTEX
  8
8
 10
-101.300000
 20
143.150000
  0
SEQEND
  0
POLYLINE
  8
85
 66
     1
  0
VERTEX
  8
85
 10
-306.200000
 20
125.150000
  0
VERTEX
  8
85
 10
-235.600000
 20
120.750000
  0
VERTEX
  8
85
 10
-235.600000
 20
36.350000
  0
VERTEX
  8
85
 10
-309.500000
 20
30.050000
  0
SEQEND
  0
POLYLINE
  8
8
 66
     1
  0
VERTEX
  8
8
 10
-306.200000
 20
125.150000
  0
VERTEX
  8
8
 10
-235.600000
 20
120.750000
  0
VERTEX
  8
8
 10
-235.600000
 20
36.350000
  0
VERTEX
  8
8
 10
-309.500000
 20
30.050000
  0
SEQEND
  0
POLYLINE
  8
85
 66
     1
  0
VERTEX
  8
85
 10
-109.000000
 20
144.650000
  0
VERTEX
  8
85
 10
-142.900000
 20
144.650000
  0
VERTEX
  8
85
 10
-154.800000
 20
79.850000
  0
VERTEX
  8
85
 10
-142.900000
 20
16.350000
  0
VERTEX
  8
85
 10
-106.600000
 20
15.050000
  0
SEQEND
  0
POLYLINE
  8
8
 66
     1
  0
VERTEX
  8
8
 10
-109.000000
 20
144.650000
  0
VERTEX
  8
8
 10
-142.900000
 20
144.650000
  0
VERTEX
  8
8
 10
-154.800000
 20
79.850000
  0
VERTEX
  8
8
 10
-142.900000
 20
16.350000
  0
VERTEX
  8
8
 10
-106.600000
 20
15.050000
  0
SEQEND
  0
POLYLINE
  8
87
 66
     1
  0
VERTEX
  8
87
 10
-479.000000
 20
188.350000
  0
VERTEX
  8
87
 10
-385.500000
 20
189.950000
  0
VERTEX
  8
87
 10
-281.000000
 20
191.550000
  0
VERTEX
  8
87
 10
-242.700000
 20
191.650000
  0
VERTEX
  8
87
 10
-203.300000
 20
191.050000
  0
VERTEX
  8
87
 10
-145.700000
 20
190.050000
  0
VERTEX
  8
87
 10
-81.500000
 20
189.150000
  0
VERTEX
  8
87
 10
-28.700000
 20
185.850000
  0
VERTEX
  8
87
 10
11.400000
 20
182.550000
  0
VERTEX
  8
87
 10
40.100000
 20
179.350000
  0
VERTEX
  8
87
 10
55.800000
 20
176.050000
  0
VERTEX
  8
87
 10
79.700000
 20
171.150000
  0
VERTEX
  8
87
 10
109.100000
 20
164.550000
  0
VERTEX
  8
87
 10
146.800000
 20
155.450000
  0
VERTEX
  8
87
 10
194.700000
 20
143.550000
  0
VERTEX
  8
87
 10
239.200000
 20
132.450000
  0
VERTEX
  8
87
 10
234.700000
 20
123.250000
  0
VERTEX
  8
87
 10
213.000000
 20
80.050000
  0
VERTEX
  8
87
 10
195.900000
 20
46.150000
  0
VERTEX
  8
87
 10
185.900000
 20
26.450000
  0
VERTEX
  8
87
 10
176.700000
 20
11.150000
  0
VERTEX
  8
87
 10
172.900000
 20
4.850000
  0
VERTEX
  8
87
 10
152.400000
 20
13.950000
  0
VERTEX
  8
87
 10
128.500000
 20
24.250000
  0
VERTEX
  8
87
 10
110.300000
 20
31.050000
  0
VERTEX
  8
87
 10
97.400000
 20
34.850000
  0
VERTEX
  8
87
 10
88.100000
 20
37.050000
  0
VERTEX
  8
87
 10
81.100000
 20
38.550000
  0
VERTEX
  8
87
 10
74.500000
 20
39.550000
  0
VERTEX
  8
87
 10
69.200000
 20
39.950000
  0
VERTEX
  8
87
 10
58.700000
 20
40.350000
  0
VERTEX
  8
87
 10
51.200000
 20
40.250000
  0
VERTEX
  8
87
 10
43.800000
 20
40.150000
  0
VERTEX
  8
87
 10
37.700000
 20
39.250000
  0
VERTEX
  8
87
 10
24.900000
 20
37.050000
  0
VERTEX
  8
87
 10
13.100000
 20
33.250000
  0
VERTEX
  8
87
 10
1.900000
 20
28.350000
  0
VERTEX
  8
87
 10
-8.100000
 20
21.950000
  0
VERTEX
  8
87
 10
-17.100000
 20
14.350000
  0
VERTEX
  8
87
 10
-24.000000
 20
5.550000
  0
VERTEX
  8
87
 10
-28.700000
 20
-3.950000
  0
VERTEX
  8
87
 10
-31.900000
 20
-13.050000
  0
VERTEX
  8
87
 10
-34.100000
 20
-21.550000
  0
VERTEX
  8
87
 10
-34.900000
 20
-29.150000
  0
VERTEX
  8
87
 10
-34.300000
 20
-36.650000
  0
VERTEX
  8
87
 10
-33.500000
 20
-41.350000
  0
VERTEX
  8
87
 10
-176.600000
 20
-52.950000
  0
VERTEX
  8
87
 10
-321.100000
 20
-64.450000
  0
VERTEX
  8
87
 10
-446.800000
 20
-75.850000
  0
VERTEX
  8
87
 10
-451.100000
 20
-41.650000
  0
VERTEX
  8
87
 10
-457.700000
 20
8.050000
  0
VERTEX
  8
87
 10
-465.200000
 20
62.750000
  0
VERTEX
  8
87
 10
-472.200000
 20
115.050000
  0
VERTEX
  8
87
 10
-477.000000
 20
155.550000
  0
VERTEX
  8
87
 10
-479.000000
 20
180.950000
  0
VERTEX
  8
87
 10
-479.000000
 20
188.350000
  0
SEQEND
  0
POLYLINE
  8
14
 66
     1
  0
VERTEX
  8
14
 10
-479.000000
 20
188.350000
  0
VERTEX
  8
14
 10
-385.500000
 20
189.950000
  0
VERTEX
  8
14
 10
-281.000000
 20
191.550000
  0
VERTEX
  8
14
 10
-242.700000
 20
191.650000
  0
VERTEX
  8
14
 10
-203.300000
 20
191.050000
  0
VERTEX
  8
14
 10
-145.700000
 20
190.050000
  0
VERTEX
  8
14
 10
-81.500000
 20
189.150000
  0
VERTEX
  8
14
 10
-28.700000
 20
185.850000
  0
VERTEX
  8
14
 10
11.400000
 20
182.550000
  0
VERTEX
  8
14
 10
40.100000
 20
179.350000
  0
VERTEX
  8
14
 10
55.800000
 20
176.050000
  0
VERTEX
  8
14
 10
79.700000
 20
171.150000
  0
VERTEX
  8
14
 10
109.100000
 20
164.550000
  0
VERTEX
  8
14
 10
146.800000
 20
155.450000
  0
VERTEX
  8
14
 10
194.700000
 20
143.550000
  0
VERTEX
  8
14
 10
239.200000
 20
132.450000
  0
VERTEX
  8
14
 10
234.700000
 20
123.250000
  0
VERTEX
  8
14
 10
213.000000
 20
80.050000
  0
VERTEX
  8
14
 10
195.900000
 20
46.150000
  0
VERTEX
  8
14
 10
185.900000
 20
26.450000
  0
VERTEX
  8
14
 10
176.700000
 20
11.150000
  0
VERTEX
  8
14
 10
172.900000
 20
4.850000
  0
VERTEX
  8
14
 10
152.400000
 20
13.950000
  0
VERTEX
  8
14
 10
128.500000
 20
24.250000
  0
VERTEX
  8
14
 10
110.300000
 20
31.050000
  0
VERTEX
  8
14
 10
97.400000
 20
34.850000
  0
VERTEX
  8
14
 10
88.100000
 20
37.050000
  0
VERTEX
  8
14
 10
81.100000
 20
38.550000
  0
VERTEX
  8
14
 10
74.500000
 20
39.550000
  0
VERTEX
  8
14
 10
69.200000
 20
39.950000
  0
VERTEX
  8
14
 10
58.700000
 20
40.350000
  0
VERTEX
  8
14
 10
51.200000
 20
40.250000
  0
VERTEX
  8
14
 10
43.800000
 20
40.150000
  0
VERTEX
  8
14
 10
37.700000
 20
39.250000
  0
VERTEX
  8
14
 10
24.900000
 20
37.050000
  0
VERTEX
  8
14
 10
13.100000
 20
33.250000
  0
VERTEX
  8
14
 10
1.900000
 20
28.350000
  0
VERTEX
  8
14
 10
-8.100000
 20
21.950000
  0
VERTEX
  8
14
 10
-17.100000
 20
14.350000
  0
VERTEX
  8
14
 10
-24.000000
 20
5.550000
  0
VERTEX
  8
14
 10
-28.700000
 20
-3.950000
  0
VERTEX
  8
14
 10
-31.900000
 20
-13.050000
  0
VERTEX
  8
14
 10
-34.100000
 20
-21.550000
  0
VERTEX
  8
14
 10
-34.900000
 20
-29.150000
  0
VERTEX
  8
14
 10
-34.300000
 20
-36.650000
  0
VERTEX
  8
14
 10
-33.500000
 20
-41.350000
  0
VERTEX
  8
14
 10
-176.600000
 20
-52.950000
  0
VERTEX
  8
14
 10
-321.100000
 20
-64.450000
  0
VERTEX
  8
14
 10
-446.800000
 20
-75.850000
  0
VERTEX
  8
14
 10
-451.100000
 20
-41.650000
  0
VERTEX
  8
14
 10
-457.700000
 20
8.050000
  0
VERTEX
  8
14
 10
-465.200000
 20
62.750000
  0
VERTEX
  8
14
 10
-472.200000
 20
115.050000
  0
VERTEX
  8
14
 10
-477.000000
 20
155.550000
  0
VERTEX
  8
14
 10
-479.000000
 20
180.950000
  0
VERTEX
  8
14
 10
-479.000000
 20
188.350000
  0
SEQEND
  0
POINT
  8
2
 10
-489.000000
 20
198.150000
  0
TEXT
  8
2
 10
-489.000000
 20
198.150000
 40
0.250000
 50
0.000000
  1
#21
  0
POINT
  8
3
 10
-385.600000
 20
199.850000
  0
POINT
  8
3
 10
-281.100000
 20
201.450000
  0
POINT
  8
2
 10
-242.700000
 20
201.550000
  0
TEXT
  8
2
 10
-242.700000
 20
201.550000
 40
0.250000
 50
0.000000
  1
#8
  0
POINT
  8
3
 10
-203.200000
 20
200.950000
  0
POINT
  8
3
 10
-145.600000
 20
199.950000
  0
POINT
  8
3
 10
-81.200000
 20
199.050000
  0
POINT
  8
3
 10
-28.000000
 20
195.750000
  0
POINT
  8
3
 10
12.300000
 20
192.450000
  0
POINT
  8
3
 10
41.600000
 20
189.150000
  0
POINT
  8
2
 10
57.800000
 20
185.750000
  0
TEXT
  8
2
 10
57.800000
 20
185.750000
 40
0.250000
 50
0.000000
  1
#8
  0
POINT
  8
3
 10
81.800000
 20
180.850000
  0
POINT
  8
3
 10
111.300000
 20
174.250000
  0
POINT
  8
3
 10
149.200000
 20
165.150000
  0
POINT
  8
3
 10
197.100000
 20
153.250000
  0
POINT
  8
2
 10
253.700000
 20
138.950000
  0
TEXT
  8
2
 10
253.700000
 20
138.950000
 40
0.250000
 50
0.000000
  1
#5
  0
POINT
  8
3
 10
243.600000
 20
118.850000
  0
POINT
  8
3
 10
221.900000
 20
75.550000
  0
POINT
  8
3
 10
204.800000
 20
41.650000
  0
POINT
  8
2
 10
194.600000
 20
21.650000
  0
POINT
  8
3
 10
185.200000
 20
6.050000
  0
POINT
  8
2
 10
176.700000
 20
-7.950000
  0
TEXT
  8
2
 10
176.700000
 20
-7.950000
 40
0.250000
 50
0.000000
  1
#6
  0
POINT
  8
3
 10
148.400000
 20
4.850000
  0
POINT
  8
3
 10
124.800000
 20
15.050000
  0
POINT
  8
3
 10
107.200000
 20
21.650000
  0
POINT
  8
3
 10
94.900000
 20
25.250000
  0
POINT
  8
3
 10
86.000000
 20
27.350000
  0
POINT
  8
3
 10
79.400000
 20
28.750000
  0
POINT
  8
3
 10
73.400000
 20
29.650000
  0
POINT
  8
2
 10
68.600000
 20
30.050000
  0
TEXT
  8
2
 10
68.600000
 20
30.050000
 40
0.250000
 50
0.000000
  1
#16
  0
POINT
  8
3
 10
58.600000
 20
30.450000
  0
POINT
  8
3
 10
51.300000
 20
30.350000
  0
POINT
  8
3
 10
44.500000
 20
30.250000
  0
POINT
  8
2
 10
38.900000
 20
29.450000
  0
TEXT
  8
2
 10
38.900000
 20
29.450000
 40
0.250000
 50
0.000000
  1
#16
  0
POINT
  8
3
 10
27.200000
 20
27.450000
  0
POINT
  8
3
 10
16.600000
 20
23.950000
  0
POINT
  8
3
 10
6.500000
 20
19.550000
  0
POINT
  8
3
 10
-2.300000
 20
13.950000
  0
POINT
  8
3
 10
-10.000000
 20
7.450000
  0
POINT
  8
3
 10
-15.700000
 20
0.250000
  0
POINT
  8
3
 10
-19.600000
 20
-7.750000
  0
POINT
  8
3
 10
-22.400000
 20
-15.950000
  0
POINT
  8
3
 10
-24.400000
 20
-23.350000
  0
POINT
  8
2
 10
-25.000000
 20
-29.250000
  0
TEXT
  8
2
 10
-25.000000
 20
-29.250000
 40
0.250000
 50
0.000000
  1
#17
  0
POINT
  8
3
 10
-24.500000
 20
-35.450000
  0
POINT
  8
3
 10
-23.300000
 20
-42.050000
  0
POINT
  8
2
 10
-21.100000
 20
-50.350000
  0
TEXT
  8
2
 10
-21.100000
 20
-50.350000
 40
0.250000
 50
0.000000
  1
#17
  0
POINT
  8
3
 10
-175.900000
 20
-62.850000
  0
POINT
  8
3
 10
-320.300000
 20
-74.350000
  0
POINT
  8
2
 10
-455.500000
 20
-86.650000
  0
TEXT
  8
2
 10
-455.500000
 20
-86.650000
 40
0.250000
 50
0.000000
  1
#39
  0
POINT
  8
3
 10
-461.000000
 20
-42.950000
  0
POINT
  8
3
 10
-467.600000
 20
6.750000
  0
POINT
  8
3
 10
-475.100000
 20
61.450000
  0
POINT
  8
3
 10
-482.100000
 20
113.850000
  0
POINT
  8
3
 10
-486.900000
 20
154.650000
  0
POINT
  8
3
 10
-489.000000
 20
180.550000
  0
POINT
  8
2
 10
-489.000000
 20
198.150000
  0
POINT
  8
2
 10
-96.700000
 20
144.250000
  0
POINT
  8
2
 10
-106.700000
 20
144.250000
  0
POINT
  8
2
 10
-105.500000
 20
14.850000
  0
POINT
  8
2
 10
-95.500000
 20
14.850000
  0
POINT
  8
2
 10
-96.700000
 20
144.250000
  0
POINT
  8
2
 10
-100.500000
 20
15.650000
  0
POINT
  8
2
 10
-101.300000
 20
143.150000
  0
POINT
  8
2
 10
-306.200000
 20
125.150000
  0
POINT
  8
2
 10
-235.600000
 20
120.750000
  0
POINT
  8
2
 10
-235.600000
 20
36.350000
  0
POINT
  8
2
 10
-309.500000
 20
30.050000
  0
POINT
  8
2
 10
-109.000000
 20
144.650000
  0
POINT
  8
2
 10
-142.900000
 20
144.650000
  0
POINT
  8
2
 10
-154.800000
 20
79.850000
  0
POINT
  8
2
 10
-142.900000
 20
16.350000
  0
POINT
  8
2
 10
-106.600000
 20
15.050000
  0
POINT
  8
2
 10
-242.700000
 20
201.550000
 39
2.500000
 50
270.000000
  0
POINT
  8
2
 10
57.800000
 20
185.750000
 39
2.500000
 50
258.231700
  0
POINT
  8
2
 10
194.600000
 20
21.650000
 39
2.500000
 50
151.389500
  0
POINT
  8
2
 10
68.600000
 20
30.050000
 39
2.500000
 50
85.236360
  0
POINT
  8
2
 10
38.900000
 20
29.450000
 39
2.500000
 50
97.125020
  0
POINT
  8
2
 10
-25.000000
 20
-29.250000
 39
2.500000
 50
180.000000
  0
POINT
  8
2
 10
-100.500000
 20
15.550000
  0
TEXT
  8
2
 10
-100.500000
 20
15.550000
 40
0.250000
 50
0.000000
  1
#8
  0
POINT
  8
2
 10
-101.500000
 20
143.150000
  0
TEXT
  8
2
 10
-101.500000
 20
143.150000
 40
0.250000
 50
0.000000
  1
#8
  0
POINT
  8
2
 10
-235.600000
 20
121.050000
  0
TEXT
  8
2
 10
-235.600000
 20
121.050000
 40
0.250000
 50
0.000000
  1
#8
  0
POINT
  8
2
 10
-235.600000
 20
36.050000
  0
TEXT
  8
2
 10
-235.600000
 20
36.050000
 40
0.250000
 50
0.000000
  1
#8
  0
POINT
  8
2
 10
-479.000000
 20
188.350000
  0
POINT
  8
3
 10
-385.500000
 20
189.950000
  0
POINT
  8
3
 10
-281.000000
 20
191.550000
  0
POINT
  8
2
 10
-242.700000
 20
191.650000
  0
POINT
  8
3
 10
-203.300000
 20
191.050000
  0
POINT
  8
3
 10
-145.700000
 20
190.050000
  0
POINT
  8
3
 10
-81.500000
 20
189.150000
  0
POINT
  8
3
 10
-28.700000
 20
185.850000
  0
POINT
  8
3
 10
11.400000
 20
182.550000
  0
POINT
  8
3
 10
40.100000
 20
179.350000
  0
POINT
  8
2
 10
55.800000
 20
176.050000
  0
POINT
  8
3
 10
79.700000
 20
171.150000
  0
POINT
  8
3
 10
109.100000
 20
164.550000
  0
POINT
  8
3
 10
146.800000
 20
155.450000
  0
POINT
  8
3
 10
194.700000
 20
143.550000
  0
POINT
  8
2
 10
239.200000
 20
132.450000
  0
POINT
  8
3
 10
234.700000
 20
123.250000
  0
POINT
  8
3
 10
213.000000
 20
80.050000
  0
POINT
  8
3
 10
195.900000
 20
46.150000
  0
POINT
  8
2
 10
185.900000
 20
26.450000
  0
POINT
  8
3
 10
176.700000
 20
11.150000
  0
POINT
  8
2
 10
172.900000
 20
4.850000
  0
POINT
  8
3
 10
152.400000
 20
13.950000
  0
POINT
  8
3
 10
128.500000
 20
24.250000
  0
POINT
  8
3
 10
110.300000
 20
31.050000
  0
POINT
  8
3
 10
97.400000
 20
34.850000
  0
POINT
  8
3
 10
88.100000
 20
37.050000
  0
POINT
  8
3
 10
81.100000
 20
38.550000
  0
POINT
  8
3
 10
74.500000
 20
39.550000
  0
POINT
  8
2
 10
69.200000
 20
39.950000
  0
POINT
  8
3
 10
58.700000
 20
40.350000
  0
POINT
  8
3
 10
51.200000
 20
40.250000
  0
POINT
  8
3
 10
43.800000
 20
40.150000
  0
POINT
  8
2
 10
37.700000
 20
39.250000
  0
POINT
  8
3
 10
24.900000
 20
37.050000
  0
POINT
  8
3
 10
13.100000
 20
33.250000
  0
POINT
  8
3
 10
1.900000
 20
28.350000
  0
POINT
  8
3
 10
-8.100000
 20
21.950000
  0
POINT
  8
3
 10
-17.100000
 20
14.350000
  0
POINT
  8
3
 10
-24.000000
 20
5.550000
  0
POINT
  8
3
 10
-28.700000
 20
-3.950000
  0
POINT
  8
3
 10
-31.900000
 20
-13.050000
  0
POINT
  8
3
 10
-34.100000
 20
-21.550000
  0
POINT
  8
2
 10
-34.900000
 20
-29.150000
  0
POINT
  8
3
 10
-34.300000
 20
-36.650000
  0
POINT
  8
2
 10
-33.500000
 20
-41.350000
  0
POINT
  8
3
 10
-176.600000
 20
-52.950000
  0
POINT
  8
3
 10
-321.100000
 20
-64.450000
  0
POINT
  8
2
 10
-446.800000
 20
-75.850000
  0
POINT
  8
3
 10
-451.100000
 20
-41.650000
  0
POINT
  8
3
 10
-457.700000
 20
8.050000
  0
POINT
  8
3
 10
-465.200000
 20
62.750000
  0
POINT
  8
3
 10
-472.200000
 20
115.050000
  0
POINT
  8
3
 10
-477.000000
 20
155.550000
  0
POINT
  8
3
 10
-479.000000
 20
180.950000
  0
POINT
  8
2
 10
-479.000000
 20
188.350000
  0
POINT
  8
4
 10
-242.700000
 20
201.550000
 30
2.500000
 50
270.000000
  0
POINT
  8
4
 10
57.800000
 20
185.750000
 30
2.500000
 50
258.231700
  0
POINT
  8
4
 10
194.600000
 20
21.650000
 30
2.500000
 50
151.389500
  0
POINT
  8
4
 10
68.600000
 20
30.050000
 30
2.500000
 50
85.236360
  0
POINT
  8
4
 10
38.900000
 20
29.450000
 30
2.500000
 50
97.125020
  0
POINT
  8
4
 10
-25.000000
 20
-29.250000
 30
2.500000
 50
180.000000
  0
POINT
  8
13
 10
-100.500000
 20
15.550000
 30
3.000000
  0
TEXT
  8
13
 10
-100.500000
 20
15.550000
 40
0.250000
 50
0.000000
  1
#8
  0
POINT
  8
13
 10
-101.500000
 20
143.150000
 30
3.000000
  0
TEXT
  8
13
 10
-101.500000
 20
143.150000
 40
0.250000
 50
0.000000
  1
#8
  0
POINT
  8
13
 10
-235.600000
 20
121.050000
 30
3.000000
  0
TEXT
  8
13
 10
-235.600000
 20
121.050000
 40
0.250000
 50
0.000000
  1
#8
  0
POINT
  8
13
 10
-235.600000
 20
36.050000
 30
3.000000
  0
TEXT
  8
13
 10
-235.600000
 20
36.050000
 40
0.250000
 50
0.000000
  1
#8
  0
LINE
  8
5
 10
175.900000
 20
123.050000
 11
-21.300000
 21
123.050000
  0
LINE
  8
7
 10
205.400000
 20
121.450000
 11
-21.500000
 21
121.450000
  0
TEXT
  8
1
 10
5.600000
 20
-110.400000
 40
10.000000
 50
0.000000
  1
Piece Name: LINING RIGHT FRNT 1P
  0
TEXT
  8
1
 10
5.600000
 20
-99.400000
 40
10.000000
 50
0.000000
  1
Size: 50
  0
TEXT
  8
1
 10
5.600000
 20
-88.400000
 40
10.000000
 50
0.000000
  1
Annotation: LINING RIGHT FRNT 1P
  0
TEXT
  8
1
 10
5.600000
 20
-77.400000
 40
10.000000
 50
0.000000
  1
Quantity: 1
  0
TEXT
  8
1
 10
5.600000
 20
-66.400000
 40
10.000000
 50
0.000000
  1
Material: LINING
  0
ENDBLK
  0
BLOCK
  8
1
  2
LINING LEFT FRNT 1P
 70
     0
 10
0.00
 20
0.00
  0
POLYLINE
  8
84
 66
     1
 70
     1
  0
VERTEX
  8
84
 10
-489.000000
 20
47.950000
  0
VERTEX
  8
84
 10
-489.000000
 20
65.550000
  0
VERTEX
  8
84
 10
-486.900000
 20
91.450000
  0
VERTEX
  8
84
 10
-482.100000
 20
132.250000
  0
VERTEX
  8
84
 10
-475.100000
 20
184.650000
  0
VERTEX
  8
84
 10
-467.600000
 20
239.350000
  0
VERTEX
  8
84
 10
-461.000000
 20
289.050000
  0
VERTEX
  8
84
 10
-455.500000
 20
332.750000
  0
VERTEX
  8
84
 10
-320.300000
 20
320.450000
  0
VERTEX
  8
84
 10
-175.900000
 20
308.950000
  0
VERTEX
  8
84
 10
-21.100000
 20
296.450000
  0
VERTEX
  8
84
 10
-23.300000
 20
288.150000
  0
VERTEX
  8
84
 10
-24.500000
 20
281.550000
  0
VERTEX
  8
84
 10
-25.000000
 20
275.350000
  0
VERTEX
  8
84
 10
-24.400000
 20
269.450000
  0
VERTEX
  8
84
 10
-22.400000
 20
262.050000
  0
VERTEX
  8
84
 10
-19.600000
 20
253.850000
  0
VERTEX
  8
84
 10
-15.700000
 20
245.850000
  0
VERTEX
  8
84
 10
-10.000000
 20
238.650000
  0
VERTEX
  8
84
 10
-2.300000
 20
232.150000
  0
VERTEX
  8
84
 10
6.500000
 20
226.550000
  0
VERTEX
  8
84
 10
16.600000
 20
222.150000
  0
VERTEX
  8
84
 10
27.200000
 20
218.650000
  0
VERTEX
  8
84
 10
38.900000
 20
216.650000
  0
VERTEX
  8
84
 10
44.500000
 20
215.850000
  0
VERTEX
  8
84
 10
51.300000
 20
215.750000
  0
VERTEX
  8
84
 10
58.600000
 20
215.650000
  0
VERTEX
  8
84
 10
68.600000
 20
216.050000
  0
VERTEX
  8
84
 10
73.400000
 20
216.450000
  0
VERTEX
  8
84
 10
79.400000
 20
217.350000
  0
VERTEX
  8
84
 10
86.000000
 20
218.750000
  0
VERTEX
  8
84
 10
94.900000
 20
220.850000
  0
VERTEX
  8
84
 10
107.200000
 20
224.450000
  0
VERTEX
  8
84
 10
124.800000
 20
231.050000
  0
VERTEX
  8
84
 10
148.400000
 20
241.250000
  0
VERTEX
  8
84
 10
176.700000
 20
254.050000
  0
VERTEX
  8
84
 10
185.200000
 20
240.050000
  0
VERTEX
  8
84
 10
194.600000
 20
224.450000
  0
VERTEX
  8
84
 10
204.800000
 20
204.450000
  0
VERTEX
  8
84
 10
221.900000
 20
170.550000
  0
VERTEX
  8
84
 10
243.600000
 20
127.250000
  0
VERTEX
  8
84
 10
253.700000
 20
107.150000
  0
VERTEX
  8
84
 10
197.100000
 20
92.850000
  0
VERTEX
  8
84
 10
149.200000
 20
80.950000
  0
VERTEX
  8
84
 10
111.300000
 20
71.850000
  0
VERTEX
  8
84
 10
81.800000
 20
65.250000
  0
VERTEX
  8
84
 10
57.800000
 20
60.350000
  0
VERTEX
  8
84
 10
41.600000
 20
56.950000
  0
VERTEX
  8
84
 10
12.300000
 20
53.650000
  0
VERTEX
  8
84
 10
-28.000000
 20
50.350000
  0
VERTEX
  8
84
 10
-81.200000
 20
47.050000
  0
VERTEX
  8
84
 10
-145.600000
 20
46.150000
  0
VERTEX
  8
84
 10
-203.200000
 20
45.150000
  0
VERTEX
  8
84
 10
-242.700000
 20
44.550000
  0
VERTEX
  8
84
 10
-281.100000
 20
44.650000
  0
VERTEX
  8
84
 10
-385.600000
 20
46.250000
  0
VERTEX
  8
84
 10
-489.000000
 20
47.950000
  0
SEQEND
  0
POLYLINE
  8
1
 66
     1
 70
     1
  0
VERTEX
  8
1
 10
-489.000000
 20
47.950000
  0
VERTEX
  8
1
 10
-489.000000
 20
65.550000
  0
VERTEX
  8
1
 10
-486.900000
 20
91.450000
  0
VERTEX
  8
1
 10
-482.100000
 20
132.250000
  0
VERTEX
  8
1
 10
-475.100000
 20
184.650000
  0
VERTEX
  8
1
 10
-467.600000
 20
239.350000
  0
VERTEX
  8
1
 10
-461.000000
 20
289.050000
  0
VERTEX
  8
1
 10
-455.500000
 20
332.750000
  0
VERTEX
  8
1
 10
-320.300000
 20
320.450000
  0
VERTEX
  8
1
 10
-175.900000
 20
308.950000
  0
VERTEX
  8
1
 10
-21.100000
 20
296.450000
  0
VERTEX
  8
1
 10
-23.300000
 20
288.150000
  0
VERTEX
  8
1
 10
-24.500000
 20
281.550000
  0
VERTEX
  8
1
 10
-25.000000
 20
275.350000
  0
VERTEX
  8
1
 10
-24.400000
 20
269.450000
  0
VERTEX
  8
1
 10
-22.400000
 20
262.050000
  0
VERTEX
  8
1
 10
-19.600000
 20
253.850000
  0
VERTEX
  8
1
 10
-15.700000
 20
245.850000
  0
VERTEX
  8
1
 10
-10.000000
 20
238.650000
  0
VERTEX
  8
1
 10
-2.300000
 20
232.150000
  0
VERTEX
  8
1
 10
6.500000
 20
226.550000
  0
VERTEX
  8
1
 10
16.600000
 20
222.150000
  0
VERTEX
  8
1
 10
27.200000
 20
218.650000
  0
VERTEX
  8
1
 10
38.900000
 20
216.650000
  0
VERTEX
  8
1
 10
44.500000
 20
215.850000
  0
VERTEX
  8
1
 10
51.300000
 20
215.750000
  0
VERTEX
  8
1
 10
58.600000
 20
215.650000
  0
VERTEX
  8
1
 10
68.600000
 20
216.050000
  0
VERTEX
  8
1
 10
73.400000
 20
216.450000
  0
VERTEX
  8
1
 10
79.400000
 20
217.350000
  0
VERTEX
  8
1
 10
86.000000
 20
218.750000
  0
VERTEX
  8
1
 10
94.900000
 20
220.850000
  0
VERTEX
  8
1
 10
107.200000
 20
224.450000
  0
VERTEX
  8
1
 10
124.800000
 20
231.050000
  0
VERTEX
  8
1
 10
148.400000
 20
241.250000
  0
VERTEX
  8
1
 10
176.700000
 20
254.050000
  0
VERTEX
  8
1
 10
185.200000
 20
240.050000
  0
VERTEX
  8
1
 10
194.600000
 20
224.450000
  0
VERTEX
  8
1
 10
204.800000
 20
204.450000
  0
VERTEX
  8
1
 10
221.900000
 20
170.550000
  0
VERTEX
  8
1
 10
243.600000
 20
127.250000
  0
VERTEX
  8
1
 10
253.700000
 20
107.150000
  0
VERTEX
  8
1
 10
197.100000
 20
92.850000
  0
VERTEX
  8
1
 10
149.200000
 20
80.950000
  0
VERTEX
  8
1
 10
111.300000
 20
71.850000
  0
VERTEX
  8
1
 10
81.800000
 20
65.250000
  0
VERTEX
  8
1
 10
57.800000
 20
60.350000
  0
VERTEX
  8
1
 10
41.600000
 20
56.950000
  0
VERTEX
  8
1
 10
12.300000
 20
53.650000
  0
VERTEX
  8
1
 10
-28.000000
 20
50.350000
  0
VERTEX
  8
1
 10
-81.200000
 20
47.050000
  0
VERTEX
  8
1
 10
-145.600000
 20
46.150000
  0
VERTEX
  8
1
 10
-203.200000
 20
45.150000
  0
VERTEX
  8
1
 10
-242.700000
 20
44.550000
  0
VERTEX
  8
1
 10
-281.100000
 20
44.650000
  0
VERTEX
  8
1
 10
-385.600000
 20
46.250000
  0
VERTEX
  8
1
 10
-489.000000
 20
47.950000
  0
SEQEND
  0
POLYLINE
  8
85
 66
     1
  0
VERTEX
  8
85
 10
-96.700000
 20
101.850000
  0
VERTEX
  8
85
 10
-95.500000
 20
231.250000
  0
VERTEX
  8
85
 10
-105.500000
 20
231.250000
  0
VERTEX
  8
85
 10
-106.700000
 20
101.850000
  0
VERTEX
  8
85
 10
-96.700000
 20
101.850000
  0
SEQEND
  0
POLYLINE
  8
8
 66
     1
  0
VERTEX
  8
8
 10
-96.700000
 20
101.850000
  0
VERTEX
  8
8
 10
-95.500000
 20
231.250000
  0
VERTEX
  8
8
 10
-105.500000
 20
231.250000
  0
VERTEX
  8
8
 10
-106.700000
 20
101.850000
  0
VERTEX
  8
8
 10
-96.700000
 20
101.850000
  0
SEQEND
  0
POLYLINE
  8
85
 66
     1
  0
VERTEX
  8
85
 10
-100.500000
 20
230.450000
  0
VERTEX
  8
85
 10
-101.300000
 20
102.950000
  0
SEQEND
  0
POLYLINE
  8
8
 66
     1
  0
VERTEX
  8
8
 10
-100.500000
 20
230.450000
  0
VERTEX
  8
8
 10
-101.300000
 20
102.950000
  0
SEQEND
  0
POLYLINE
  8
85
 66
     1
  0
VERTEX
  8
85
 10
-213.300000
 20
214.550000
  0
VERTEX
  8
85
 10
-255.900000
 20
214.950000
  0
VERTEX
  8
85
 10
-269.400000
 20
153.450000
  0
VERTEX
  8
85
 10
-257.600000
 20
91.150000
  0
VERTEX
  8
85
 10
-214.300000
 20
90.750000
  0
VERTEX
  8
85
 10
-213.300000
 20
214.550000
  0
SEQEND
  0
POLYLINE
  8
8
 66
     1
  0
VERTEX
  8
8
 10
-213.300000
 20
214.550000
  0
VERTEX
  8
8
 10
-255.900000
 20
214.950000
  0
VERTEX
  8
8
 10
-269.400000
 20
153.450000
  0
VERTEX
  8
8
 10
-257.600000
 20
91.150000
  0
VERTEX
  8
8
 10
-214.300000
 20
90.750000
  0
VERTEX
  8
8
 10
-213.300000
 20
214.550000
  0
SEQEND
  0
POLYLINE
  8
85
 66
     1
  0
VERTEX
  8
85
 10
-227.000000
 20
212.450000
  0
VERTEX
  8
85
 10
-349.600000
 20
213.550000
  0
VERTEX
  8
85
 10
-364.300000
 20
153.450000
  0
VERTEX
  8
85
 10
-350.600000
 20
94.350000
  0
VERTEX
  8
85
 10
-228.000000
 20
93.250000
  0
VERTEX
  8
85
 10
-227.000000
 20
212.450000
  0
SEQEND
  0
POLYLINE
  8
8
 66
     1
  0
VERTEX
  8
8
 10
-227.000000
 20
212.450000
  0
VERTEX
  8
8
 10
-349.600000
 20
213.550000
  0
VERTEX
  8
8
 10
-364.300000
 20
153.450000
  0
VERTEX
  8
8
 10
-350.600000
 20
94.350000
  0
VERTEX
  8
8
 10
-228.000000
 20
93.250000
  0
VERTEX
  8
8
 10
-227.000000
 20
212.450000
  0
SEQEND
  0
POLYLINE
  8
87
 66
     1
  0
VERTEX
  8
87
 10
-479.000000
 20
57.650000
  0
VERTEX
  8
87
 10
-479.000000
 20
65.150000
  0
VERTEX
  8
87
 10
-477.000000
 20
90.550000
  0
VERTEX
  8
87
 10
-472.200000
 20
131.050000
  0
VERTEX
  8
87
 10
-465.200000
 20
183.350000
  0
VERTEX
  8
87
 10
-457.700000
 20
238.050000
  0
VERTEX
  8
87
 10
-451.100000
 20
287.750000
  0
VERTEX
  8
87
 10
-446.900000
 20
321.950000
  0
VERTEX
  8
87
 10
-321.100000
 20
310.550000
  0
VERTEX
  8
87
 10
-176.600000
 20
299.050000
  0
VERTEX
  8
87
 10
-33.500000
 20
287.550000
  0
VERTEX
  8
87
 10
-34.300000
 20
282.750000
  0
VERTEX
  8
87
 10
-34.900000
 20
275.250000
  0
VERTEX
  8
87
 10
-34.100000
 20
267.650000
  0
VERTEX
  8
87
 10
-31.900000
 20
259.150000
  0
VERTEX
  8
87
 10
-28.700000
 20
250.050000
  0
VERTEX
  8
87
 10
-24.000000
 20
240.550000
  0
VERTEX
  8
87
 10
-17.100000
 20
231.750000
  0
VERTEX
  8
87
 10
-8.100000
 20
224.150000
  0
VERTEX
  8
87
 10
1.900000
 20
217.750000
  0
VERTEX
  8
87
 10
13.100000
 20
212.850000
  0
VERTEX
  8
87
 10
24.900000
 20
209.050000
  0
VERTEX
  8
87
 10
37.400000
 20
206.850000
  0
VERTEX
  8
87
 10
43.800000
 20
205.950000
  0
VERTEX
  8
87
 10
51.200000
 20
205.850000
  0
VERTEX
  8
87
 10
58.700000
 20
205.750000
  0
VERTEX
  8
87
 10
68.600000
 20
206.150000
  0
VERTEX
  8
87
 10
74.500000
 20
206.550000
  0
VERTEX
  8
87
 10
81.100000
 20
207.550000
  0
VERTEX
  8
87
 10
88.100000
 20
209.050000
  0
VERTEX
  8
87
 10
97.400000
 20
211.250000
  0
VERTEX
  8
87
 10
110.300000
 20
215.050000
  0
VERTEX
  8
87
 10
128.500000
 20
221.850000
  0
VERTEX
  8
87
 10
152.400000
 20
232.150000
  0
VERTEX
  8
87
 10
172.800000
 20
241.250000
  0
VERTEX
  8
87
 10
176.700000
 20
234.950000
  0
VERTEX
  8
87
 10
185.900000
 20
219.650000
  0
VERTEX
  8
87
 10
195.900000
 20
199.950000
  0
VERTEX
  8
87
 10
213.000000
 20
166.050000
  0
VERTEX
  8
87
 10
234.700000
 20
122.850000
  0
VERTEX
  8
87
 10
239.200000
 20
113.750000
  0
VERTEX
  8
87
 10
194.700000
 20
102.550000
  0
VERTEX
  8
87
 10
146.800000
 20
90.650000
  0
VERTEX
  8
87
 10
109.100000
 20
81.550000
  0
VERTEX
  8
87
 10
79.700000
 20
74.950000
  0
VERTEX
  8
87
 10
55.800000
 20
70.050000
  0
VERTEX
  8
87
 10
40.100000
 20
66.750000
  0
VERTEX
  8
87
 10
11.400000
 20
63.550000
  0
VERTEX
  8
87
 10
-28.700000
 20
60.250000
  0
VERTEX
  8
87
 10
-81.500000
 20
56.950000
  0
VERTEX
  8
87
 10
-145.700000
 20
56.050000
  0
VERTEX
  8
87
 10
-203.300000
 20
55.050000
  0
VERTEX
  8
87
 10
-242.700000
 20
54.450000
  0
VERTEX
  8
87
 10
-281.000000
 20
54.550000
  0
VERTEX
  8
87
 10
-385.500000
 20
56.150000
  0
VERTEX
  8
87
 10
-479.000000
 20
57.650000
  0
SEQEND
  0
POLYLINE
  8
14
 66
     1
  0
VERTEX
  8
14
 10
-479.000000
 20
57.650000
  0
VERTEX
  8
14
 10
-479.000000
 20
65.150000
  0
VERTEX
  8
14
 10
-477.000000
 20
90.550000
  0
VERTEX
  8
14
 10
-472.200000
 20
131.050000
  0
VERTEX
  8
14
 10
-465.200000
 20
183.350000
  0
VERTEX
  8
14
 10
-457.700000
 20
238.050000
  0
VERTEX
  8
14
 10
-451.100000
 20
287.750000
  0
VERTEX
  8
14
 10
-446.900000
 20
321.950000
  0
VERTEX
  8
14
 10
-321.100000
 20
310.550000
  0
VERTEX
  8
14
 10
-176.600000
 20
299.050000
  0
VERTEX
  8
14
 10
-33.500000
 20
287.550000
  0
VERTEX
  8
14
 10
-34.300000
 20
282.750000
  0
VERTEX
  8
14
 10
-34.900000
 20
275.250000
  0
VERTEX
  8
14
 10
-34.100000
 20
267.650000
  0
VERTEX
  8
14
 10
-31.900000
 20
259.150000
  0
VERTEX
  8
14
 10
-28.700000
 20
250.050000
  0
VERTEX
  8
14
 10
-24.000000
 20
240.550000
  0
VERTEX
  8
14
 10
-17.100000
 20
231.750000
  0
VERTEX
  8
14
 10
-8.100000
 20
224.150000
  0
VERTEX
  8
14
 10
1.900000
 20
217.750000
  0
VERTEX
  8
14
 10
13.100000
 20
212.850000
  0
VERTEX
  8
14
 10
24.900000
 20
209.050000
  0
VERTEX
  8
14
 10
37.400000
 20
206.850000
  0
VERTEX
  8
14
 10
43.800000
 20
205.950000
  0
VERTEX
  8
14
 10
51.200000
 20
205.850000
  0
VERTEX
  8
14
 10
58.700000
 20
205.750000
  0
VERTEX
  8
14
 10
68.600000
 20
206.150000
  0
VERTEX
  8
14
 10
74.500000
 20
206.550000
  0
VERTEX
  8
14
 10
81.100000
 20
207.550000
  0
VERTEX
  8
14
 10
88.100000
 20
209.050000
  0
VERTEX
  8
14
 10
97.400000
 20
211.250000
  0
VERTEX
  8
14
 10
110.300000
 20
215.050000
  0
VERTEX
  8
14
 10
128.500000
 20
221.850000
  0
VERTEX
  8
14
 10
152.400000
 20
232.150000
  0
VERTEX
  8
14
 10
172.800000
 20
241.250000
  0
VERTEX
  8
14
 10
176.700000
 20
234.950000
  0
VERTEX
  8
14
 10
185.900000
 20
219.650000
  0
VERTEX
  8
14
 10
195.900000
 20
199.950000
  0
VERTEX
  8
14
 10
213.000000
 20
166.050000
  0
VERTEX
  8
14
 10
234.700000
 20
122.850000
  0
VERTEX
  8
14
 10
239.200000
 20
113.750000
  0
VERTEX
  8
14
 10
194.700000
 20
102.550000
  0
VERTEX
  8
14
 10
146.800000
 20
90.650000
  0
VERTEX
  8
14
 10
109.100000
 20
81.550000
  0
VERTEX
  8
14
 10
79.700000
 20
74.950000
  0
VERTEX
  8
14
 10
55.800000
 20
70.050000
  0
VERTEX
  8
14
 10
40.100000
 20
66.750000
  0
VERTEX
  8
14
 10
11.400000
 20
63.550000
  0
VERTEX
  8
14
 10
-28.700000
 20
60.250000
  0
VERTEX
  8
14
 10
-81.500000
 20
56.950000
  0
VERTEX
  8
14
 10
-145.700000
 20
56.050000
  0
VERTEX
  8
14
 10
-203.300000
 20
55.050000
  0
VERTEX
  8
14
 10
-242.700000
 20
54.450000
  0
VERTEX
  8
14
 10
-281.000000
 20
54.550000
  0
VERTEX
  8
14
 10
-385.500000
 20
56.150000
  0
VERTEX
  8
14
 10
-479.000000
 20
57.650000
  0
SEQEND
  0
POINT
  8
2
 10
-489.000000
 20
47.950000
  0
TEXT
  8
2
 10
-489.000000
 20
47.950000
 40
0.250000
 50
0.000000
  1
#21
  0
POINT
  8
3
 10
-489.000000
 20
65.550000
  0
POINT
  8
3
 10
-486.900000
 20
91.450000
  0
POINT
  8
3
 10
-482.100000
 20
132.250000
  0
POINT
  8
3
 10
-475.100000
 20
184.650000
  0
POINT
  8
3
 10
-467.600000
 20
239.350000
  0
POINT
  8
3
 10
-461.000000
 20
289.050000
  0
POINT
  8
2
 10
-455.500000
 20
332.750000
  0
TEXT
  8
2
 10
-455.500000
 20
332.750000
 40
0.250000
 50
0.000000
  1
#38
  0
POINT
  8
3
 10
-320.300000
 20
320.450000
  0
POINT
  8
3
 10
-175.900000
 20
308.950000
  0
POINT
  8
2
 10
-21.100000
 20
296.450000
  0
TEXT
  8
2
 10
-21.100000
 20
296.450000
 40
0.250000
 50
0.000000
  1
#10
  0
POINT
  8
3
 10
-23.300000
 20
288.150000
  0
POINT
  8
3
 10
-24.500000
 20
281.550000
  0
POINT
  8
2
 10
-25.000000
 20
275.350000
  0
TEXT
  8
2
 10
-25.000000
 20
275.350000
 40
0.250000
 50
0.000000
  1
#10
  0
POINT
  8
3
 10
-24.400000
 20
269.450000
  0
POINT
  8
3
 10
-22.400000
 20
262.050000
  0
POINT
  8
3
 10
-19.600000
 20
253.850000
  0
POINT
  8
3
 10
-15.700000
 20
245.850000
  0
POINT
  8
3
 10
-10.000000
 20
238.650000
  0
POINT
  8
3
 10
-2.300000
 20
232.150000
  0
POINT
  8
3
 10
6.500000
 20
226.550000
  0
POINT
  8
3
 10
16.600000
 20
222.150000
  0
POINT
  8
3
 10
27.200000
 20
218.650000
  0
POINT
  8
2
 10
38.900000
 20
216.650000
  0
TEXT
  8
2
 10
38.900000
 20
216.650000
 40
0.250000
 50
0.000000
  1
#11
  0
POINT
  8
3
 10
44.500000
 20
215.850000
  0
POINT
  8
3
 10
51.300000
 20
215.750000
  0
POINT
  8
3
 10
58.600000
 20
215.650000
  0
POINT
  8
2
 10
68.600000
 20
216.050000
  0
TEXT
  8
2
 10
68.600000
 20
216.050000
 40
0.250000
 50
0.000000
  1
#11
  0
POINT
  8
3
 10
73.400000
 20
216.450000
  0
POINT
  8
3
 10
79.400000
 20
217.350000
  0
POINT
  8
3
 10
86.000000
 20
218.750000
  0
POINT
  8
3
 10
94.900000
 20
220.850000
  0
POINT
  8
3
 10
107.200000
 20
224.450000
  0
POINT
  8
3
 10
124.800000
 20
231.050000
  0
POINT
  8
3
 10
148.400000
 20
241.250000
  0
POINT
  8
2
 10
176.700000
 20
254.050000
  0
TEXT
  8
2
 10
176.700000
 20
254.050000
 40
0.250000
 50
0.000000
  1
#2
  0
POINT
  8
3
 10
185.200000
 20
240.050000
  0
POINT
  8
2
 10
194.600000
 20
224.450000
  0
POINT
  8
3
 10
204.800000
 20
204.450000
  0
POINT
  8
3
 10
221.900000
 20
170.550000
  0
POINT
  8
3
 10
243.600000
 20
127.250000
  0
POINT
  8
2
 10
253.700000
 20
107.150000
  0
TEXT
  8
2
 10
253.700000
 20
107.150000
 40
0.250000
 50
0.000000
  1
#3
  0
POINT
  8
3
 10
197.100000
 20
92.850000
  0
POINT
  8
3
 10
149.200000
 20
80.950000
  0
POINT
  8
3
 10
111.300000
 20
71.850000
  0
POINT
  8
3
 10
81.800000
 20
65.250000
  0
POINT
  8
2
 10
57.800000
 20
60.350000
  0
TEXT
  8
2
 10
57.800000
 20
60.350000
 40
0.250000
 50
0.000000
  1
#8
  0
POINT
  8
3
 10
41.600000
 20
56.950000
  0
POINT
  8
3
 10
12.300000
 20
53.650000
  0
POINT
  8
3
 10
-28.000000
 20
50.350000
  0
POINT
  8
3
 10
-81.200000
 20
47.050000
  0
POINT
  8
3
 10
-145.600000
 20
46.150000
  0
POINT
  8
3
 10
-203.200000
 20
45.150000
  0
POINT
  8
2
 10
-242.700000
 20
44.550000
  0
TEXT
  8
2
 10
-242.700000
 20
44.550000
 40
0.250000
 50
0.000000
  1
#8
  0
POINT
  8
3
 10
-281.100000
 20
44.650000
  0
POINT
  8
3
 10
-385.600000
 20
46.250000
  0
POINT
  8
2
 10
-489.000000
 20
47.950000
  0
POINT
  8
2
 10
-96.700000
 20
101.850000
  0
POINT
  8
2
 10
-95.500000
 20
231.250000
  0
POINT
  8
2
 10
-105.500000
 20
231.250000
  0
POINT
  8
2
 10
-106.700000
 20
101.850000
  0
POINT
  8
2
 10
-96.700000
 20
101.850000
  0
POINT
  8
2
 10
-100.500000
 20
230.450000
  0
POINT
  8
2
 10
-101.300000
 20
102.950000
  0
POINT
  8
2
 10
-213.300000
 20
214.550000
  0
POINT
  8
2
 10
-255.900000
 20
214.950000
  0
POINT
  8
2
 10
-269.400000
 20
153.450000
  0
POINT
  8
2
 10
-257.600000
 20
91.150000
  0
POINT
  8
2
 10
-214.300000
 20
90.750000
  0
POINT
  8
2
 10
-213.300000
 20
214.550000
  0
POINT
  8
2
 10
-227.000000
 20
212.450000
  0
POINT
  8
2
 10
-349.600000
 20
213.550000
  0
POINT
  8
2
 10
-364.300000
 20
153.450000
  0
POINT
  8
2
 10
-350.600000
 20
94.350000
  0
POINT
  8
2
 10
-228.000000
 20
93.250000
  0
POINT
  8
2
 10
-227.000000
 20
212.450000
  0
POINT
  8
2
 10
-25.000000
 20
275.350000
 39
2.500000
 50
180.000000
  0
POINT
  8
2
 10
38.900000
 20
216.650000
 39
2.500000
 50
260.537700
  0
POINT
  8
2
 10
68.600000
 20
216.050000
 39
2.500000
 50
270.000000
  0
POINT
  8
2
 10
194.600000
 20
224.450000
 39
2.500000
 50
208.610500
  0
POINT
  8
2
 10
57.800000
 20
60.350000
 39
2.500000
 50
101.768300
  0
POINT
  8
2
 10
-242.700000
 20
44.550000
 39
2.500000
 50
90.000000
  0
POINT
  8
2
 10
-100.500000
 20
230.550000
  0
TEXT
  8
2
 10
-100.500000
 20
230.550000
 40
0.250000
 50
0.000000
  1
#8
  0
POINT
  8
2
 10
-101.500000
 20
102.950000
  0
TEXT
  8
2
 10
-101.500000
 20
102.950000
 40
0.250000
 50
0.000000
  1
#8
  0
POINT
  8
2
 10
-213.300000
 20
214.450000
  0
TEXT
  8
2
 10
-213.300000
 20
214.450000
 40
0.250000
 50
0.000000
  1
#8
  0
POINT
  8
2
 10
-214.500000
 20
90.750000
  0
TEXT
  8
2
 10
-214.500000
 20
90.750000
 40
0.250000
 50
0.000000
  1
#8
  0
POINT
  8
2
 10
-229.900000
 20
210.450000
  0
TEXT
  8
2
 10
-229.900000
 20
210.450000
 40
0.250000
 50
0.000000
  1
#8
  0
POINT
  8
2
 10
-231.300000
 20
95.750000
  0
TEXT
  8
2
 10
-231.300000
 20
95.750000
 40
0.250000
 50
0.000000
  1
#8
  0
POINT
  8
2
 10
-348.700000
 20
96.750000
  0
TEXT
  8
2
 10
-348.700000
 20
96.750000
 40
0.250000
 50
0.000000
  1
#8
  0
POINT
  8
2
 10
-347.500000
 20
211.250000
  0
TEXT
  8
2
 10
-347.500000
 20
211.250000
 40
0.250000
 50
0.000000
  1
#8
  0
POINT
  8
2
 10
-479.000000
 20
57.650000
  0
POINT
  8
3
 10
-479.000000
 20
65.150000
  0
POINT
  8
3
 10
-477.000000
 20
90.550000
  0
POINT
  8
3
 10
-472.200000
 20
131.050000
  0
POINT
  8
3
 10
-465.200000
 20
183.350000
  0
POINT
  8
3
 10
-457.700000
 20
238.050000
  0
POINT
  8
3
 10
-451.100000
 20
287.750000
  0
POINT
  8
2
 10
-446.900000
 20
321.950000
  0
POINT
  8
3
 10
-321.100000
 20
310.550000
  0
POINT
  8
3
 10
-176.600000
 20
299.050000
  0
POINT
  8
2
 10
-33.500000
 20
287.550000
  0
POINT
  8
3
 10
-34.300000
 20
282.750000
  0
POINT
  8
2
 10
-34.900000
 20
275.250000
  0
POINT
  8
3
 10
-34.100000
 20
267.650000
  0
POINT
  8
3
 10
-31.900000
 20
259.150000
  0
POINT
  8
3
 10
-28.700000
 20
250.050000
  0
POINT
  8
3
 10
-24.000000
 20
240.550000
  0
POINT
  8
3
 10
-17.100000
 20
231.750000
  0
POINT
  8
3
 10
-8.100000
 20
224.150000
  0
POINT
  8
3
 10
1.900000
 20
217.750000
  0
POINT
  8
3
 10
13.100000
 20
212.850000
  0
POINT
  8
3
 10
24.900000
 20
209.050000
  0
POINT
  8
2
 10
37.400000
 20
206.850000
  0
POINT
  8
3
 10
43.800000
 20
205.950000
  0
POINT
  8
3
 10
51.200000
 20
205.850000
  0
POINT
  8
3
 10
58.700000
 20
205.750000
  0
POINT
  8
2
 10
68.600000
 20
206.150000
  0
POINT
  8
3
 10
74.500000
 20
206.550000
  0
POINT
  8
3
 10
81.100000
 20
207.550000
  0
POINT
  8
3
 10
88.100000
 20
209.050000
  0
POINT
  8
3
 10
97.400000
 20
211.250000
  0
POINT
  8
3
 10
110.300000
 20
215.050000
  0
POINT
  8
3
 10
128.500000
 20
221.850000
  0
POINT
  8
3
 10
152.400000
 20
232.150000
  0
POINT
  8
2
 10
172.800000
 20
241.250000
  0
POINT
  8
3
 10
176.700000
 20
234.950000
  0
POINT
  8
2
 10
185.900000
 20
219.650000
  0
POINT
  8
3
 10
195.900000
 20
199.950000
  0
POINT
  8
3
 10
213.000000
 20
166.050000
  0
POINT
  8
3
 10
234.700000
 20
122.850000
  0
POINT
  8
2
 10
239.200000
 20
113.750000
  0
POINT
  8
3
 10
194.700000
 20
102.550000
  0
POINT
  8
3
 10
146.800000
 20
90.650000
  0
POINT
  8
3
 10
109.100000
 20
81.550000
  0
POINT
  8
3
 10
79.700000
 20
74.950000
  0
POINT
  8
2
 10
55.800000
 20
70.050000
  0
POINT
  8
3
 10
40.100000
 20
66.750000
  0
POINT
  8
3
 10
11.400000
 20
63.550000
  0
POINT
  8
3
 10
-28.700000
 20
60.250000
  0
POINT
  8
3
 10
-81.500000
 20
56.950000
  0
POINT
  8
3
 10
-145.700000
 20
56.050000
  0
POINT
  8
3
 10
-203.300000
 20
55.050000
  0
POINT
  8
2
 10
-242.700000
 20
54.450000
  0
POINT
  8
3
 10
-281.000000
 20
54.550000
  0
POINT
  8
3
 10
-385.500000
 20
56.150000
  0
POINT
  8
2
 10
-479.000000
 20
57.650000
  0
POINT
  8
4
 10
-25.000000
 20
275.350000
 30
2.500000
 50
180.000000
  0
POINT
  8
4
 10
38.900000
 20
216.650000
 30
2.500000
 50
260.537700
  0
POINT
  8
4
 10
68.600000
 20
216.050000
 30
2.500000
 50
270.000000
  0
POINT
  8
4
 10
194.600000
 20
224.450000
 30
2.500000
 50
208.610500
  0
POINT
  8
4
 10
57.800000
 20
60.350000
 30
2.500000
 50
101.768300
  0
POINT
  8
4
 10
-242.700000
 20
44.550000
 30
2.500000
 50
90.000000
  0
POINT
  8
13
 10
-100.500000
 20
230.550000
 30
3.000000
  0
TEXT
  8
13
 10
-100.500000
 20
230.550000
 40
0.250000
 50
0.000000
  1
#8
  0
POINT
  8
13
 10
-101.500000
 20
102.950000
 30
3.000000
  0
TEXT
  8
13
 10
-101.500000
 20
102.950000
 40
0.250000
 50
0.000000
  1
#8
  0
POINT
  8
13
 10
-213.300000
 20
214.450000
 30
3.000000
  0
TEXT
  8
13
 10
-213.300000
 20
214.450000
 40
0.250000
 50
0.000000
  1
#8
  0
POINT
  8
13
 10
-214.500000
 20
90.750000
 30
3.000000
  0
TEXT
  8
13
 10
-214.500000
 20
90.750000
 40
0.250000
 50
0.000000
  1
#8
  0
POINT
  8
13
 10
-229.900000
 20
210.450000
 30
3.000000
  0
TEXT
  8
13
 10
-229.900000
 20
210.450000
 40
0.250000
 50
0.000000
  1
#8
  0
POINT
  8
13
 10
-231.300000
 20
95.750000
 30
3.000000
  0
TEXT
  8
13
 10
-231.300000
 20
95.750000
 40
0.250000
 50
0.000000
  1
#8
  0
POINT
  8
13
 10
-348.700000
 20
96.750000
 30
3.000000
  0
TEXT
  8
13
 10
-348.700000
 20
96.750000
 40
0.250000
 50
0.000000
  1
#8
  0
POINT
  8
13
 10
-347.500000
 20
211.250000
 30
3.000000
  0
TEXT
  8
13
 10
-347.500000
 20
211.250000
 40
0.250000
 50
0.000000
  1
#8
  0
LINE
  8
5
 10
175.900000
 20
123.050000
 11
-21.300000
 21
123.050000
  0
LINE
  8
7
 10
205.400000
 20
124.650000
 11
-21.500000
 21
124.650000
  0
TEXT
  8
1
 10
5.600000
 20
-110.400000
 40
10.000000
 50
0.000000
  1
Piece Name: LINING LEFT FRNT 1P
  0
TEXT
  8
1
 10
5.600000
 20
-99.400000
 40
10.000000
 50
0.000000
  1
Size: 50
  0
TEXT
  8
1
 10
5.600000
 20
-88.400000
 40
10.000000
 50
0.000000
  1
Annotation: LINING LEFT FRNT 1P
  0
TEXT
  8
1
 10
5.600000
 20
-77.400000
 40
10.000000
 50
0.000000
  1
Quantity: 1
  0
TEXT
  8
1
 10
5.600000
 20
-66.400000
 40
10.000000
 50
0.000000
  1
Material: LINING
  0
ENDBLK
  0
BLOCK
  8
1
  2
POCKET INSIDE 4P
 70
     0
 10
0.00
 20
0.00
  0
POLYLINE
  8
84
 66
     1
 70
     1
  0
VERTEX
  8
84
 10
109.400000
 20
283.350000
  0
VERTEX
  8
84
 10
109.400000
 20
263.350000
  0
VERTEX
  8
84
 10
109.400000
 20
125.950000
  0
VERTEX
  8
84
 10
109.400000
 20
105.950000
  0
VERTEX
  8
84
 10
91.400000
 20
105.950000
  0
VERTEX
  8
84
 10
74.400000
 20
105.950000
  0
VERTEX
  8
84
 10
74.400000
 20
125.950000
  0
VERTEX
  8
84
 10
74.400000
 20
263.350000
  0
VERTEX
  8
84
 10
74.400000
 20
283.350000
  0
VERTEX
  8
84
 10
91.400000
 20
283.350000
  0
VERTEX
  8
84
 10
109.400000
 20
283.350000
  0
SEQEND
  0
POLYLINE
  8
1
 66
     1
 70
     1
  0
VERTEX
  8
1
 10
109.400000
 20
283.350000
  0
VERTEX
  8
1
 10
109.400000
 20
263.350000
  0
VERTEX
  8
1
 10
109.400000
 20
125.950000
  0
VERTEX
  8
1
 10
109.400000
 20
105.950000
  0
VERTEX
  8
1
 10
91.400000
 20
105.950000
  0
VERTEX
  8
1
 10
74.400000
 20
105.950000
  0
VERTEX
  8
1
 10
74.400000
 20
125.950000
  0
VERTEX
  8
1
 10
74.400000
 20
263.350000
  0
VERTEX
  8
1
 10
74.400000
 20
283.350000
  0
VERTEX
  8
1
 10
91.400000
 20
283.350000
  0
VERTEX
  8
1
 10
109.400000
 20
283.350000
  0
SEQEND
  0
POINT
  8
2
 10
109.400000
 20
283.350000
  0
POINT
  8
2
 10
109.400000
 20
263.350000
  0
POINT
  8
2
 10
109.400000
 20
125.950000
  0
POINT
  8
2
 10
109.400000
 20
105.950000
  0
POINT
  8
2
 10
91.400000
 20
105.950000
  0
POINT
  8
2
 10
74.400000
 20
105.950000
  0
POINT
  8
2
 10
74.400000
 20
125.950000
  0
POINT
  8
2
 10
74.400000
 20
263.350000
  0
POINT
  8
2
 10
74.400000
 20
283.350000
  0
POINT
  8
2
 10
91.400000
 20
283.350000
  0
POINT
  8
2
 10
109.400000
 20
283.350000
  0
POINT
  8
2
 10
109.400000
 20
263.350000
 39
2.500000
 50
180.000000
  0
POINT
  8
2
 10
109.400000
 20
125.950000
 39
2.500000
 50
180.000000
  0
POINT
  8
2
 10
91.400000
 20
105.950000
 39
2.500000
 50
90.000000
  0
POINT
  8
2
 10
74.400000
 20
125.950000
 39
2.500000
  0
POINT
  8
2
 10
74.400000
 20
263.350000
 39
2.500000
  0
POINT
  8
2
 10
91.400000
 20
283.350000
 39
2.500000
 50
270.000000
  0
POINT
  8
4
 10
109.400000
 20
263.350000
 30
2.500000
 50
180.000000
  0
POINT
  8
4
 10
109.400000
 20
125.950000
 30
2.500000
 50
180.000000
  0
POINT
  8
4
 10
91.400000
 20
105.950000
 30
2.500000
 50
90.000000
  0
POINT
  8
4
 10
74.400000
 20
125.950000
 30
2.500000
  0
POINT
  8
4
 10
74.400000
 20
263.350000
 30
2.500000
  0
POINT
  8
4
 10
91.400000
 20
283.350000
 30
2.500000
 50
270.000000
  0
LINE
  8
5
 10
95.600000
 20
123.050000
 11
58.900000
 21
123.050000
  0
LINE
  8
7
 10
95.600000
 20
123.050000
 11
58.900000
 21
123.050000
  0
TEXT
  8
1
 10
5.600000
 20
-110.400000
 40
10.000000
 50
0.000000
  1
Piece Name: POCKET INSIDE 4P
  0
TEXT
  8
1
 10
5.600000
 20
-99.400000
 40
10.000000
 50
0.000000
  1
Size: 50
  0
TEXT
  8
1
 10
5.600000
 20
-88.400000
 40
10.000000
 50
0.000000
  1
Annotation: POCKET INSIDE 4P
  0
TEXT
  8
1
 10
5.600000
 20
-77.400000
 40
10.000000
 50
0.000000
  1
Quantity: 1
  0
TEXT
  8
1
 10
5.600000
 20
-66.400000
 40
10.000000
 50
0.000000
  1
Material: LEATHER
  0
ENDBLK
  0
BLOCK
  8
1
  2
POCKET INSD 2P
 70
     0
 10
0.00
 20
0.00
  0
POLYLINE
  8
84
 66
     1
 70
     1
  0
VERTEX
  8
84
 10
39.800000
 20
179.250000
  0
VERTEX
  8
84
 10
104.600000
 20
179.350000
  0
VERTEX
  8
84
 10
104.800000
 20
158.150000
  0
VERTEX
  8
84
 10
104.800000
 20
22.050000
  0
VERTEX
  8
84
 10
104.800000
 20
-0.250000
  0
VERTEX
  8
84
 10
39.800000
 20
-0.250000
  0
VERTEX
  8
84
 10
39.800000
 20
109.250000
  0
VERTEX
  8
84
 10
39.800000
 20
179.250000
  0
SEQEND
  0
POLYLINE
  8
1
 66
     1
 70
     1
  0
VERTEX
  8
1
 10
39.800000
 20
179.250000
  0
VERTEX
  8
1
 10
104.600000
 20
179.350000
  0
VERTEX
  8
1
 10
104.800000
 20
158.150000
  0
VERTEX
  8
1
 10
104.800000
 20
22.050000
  0
VERTEX
  8
1
 10
104.800000
 20
-0.250000
  0
VERTEX
  8
1
 10
39.800000
 20
-0.250000
  0
VERTEX
  8
1
 10
39.800000
 20
109.250000
  0
VERTEX
  8
1
 10
39.800000
 20
179.250000
  0
SEQEND
  0
POINT
  8
2
 10
39.800000
 20
179.250000
  0
POINT
  8
2
 10
104.600000
 20
179.350000
  0
POINT
  8
2
 10
104.800000
 20
158.150000
  0
POINT
  8
2
 10
104.800000
 20
22.050000
  0
POINT
  8
2
 10
104.800000
 20
-0.250000
  0
POINT
  8
2
 10
39.800000
 20
-0.250000
  0
POINT
  8
2
 10
39.800000
 20
109.250000
  0
POINT
  8
2
 10
39.800000
 20
179.250000
  0
POINT
  8
2
 10
104.800000
 20
158.150000
 39
2.500000
 50
180.000000
  0
POINT
  8
2
 10
104.800000
 20
22.050000
 39
2.500000
 50
180.000000
  0
POINT
  8
2
 10
39.800000
 20
109.250000
 39
2.500000
  0
POINT
  8
4
 10
104.800000
 20
158.150000
 30
2.500000
 50
180.000000
  0
POINT
  8
4
 10
104.800000
 20
22.050000
 30
2.500000
 50
180.000000
  0
POINT
  8
4
 10
39.800000
 20
109.250000
 30
2.500000
  0
LINE
  8
5
 10
91.100000
 20
123.050000
 11
63.500000
 21
123.050000
  0
LINE
  8
7
 10
91.100000
 20
119.850000
 11
63.500000
 21
119.850000
  0
TEXT
  8
1
 10
5.600000
 20
-110.400000
 40
10.000000
 50
0.000000
  1
Piece Name: POCKET INSD 2P
  0
TEXT
  8
1
 10
5.600000
 20
-99.400000
 40
10.000000
 50
0.000000
  1
Size: 50
  0
TEXT
  8
1
 10
5.600000
 20
-88.400000
 40
10.000000
 50
0.000000
  1
Annotation: POCKET INSD 2P
  0
TEXT
  8
1
 10
5.600000
 20
-77.400000
 40
10.000000
 50
0.000000
  1
Quantity: 1
  0
TEXT
  8
1
 10
5.600000
 20
-66.400000
 40
10.000000
 50
0.000000
  1
Material: LEATHER
  0
ENDBLK
  0
BLOCK
  8
1
  2
LNN PKT INSIDE 2P
 70
     0
 10
0.00
 20
0.00
  0
POLYLINE
  8
84
 66
     1
 70
     1
  0
VERTEX
  8
84
 10
222.500000
 20
-0.250000
  0
VERTEX
  8
84
 10
57.200000
 20
-0.250000
  0
VERTEX
  8
84
 10
-153.100000
 20
-0.250000
  0
VERTEX
  8
84
 10
-153.100000
 20
22.050000
  0
VERTEX
  8
84
 10
-153.100000
 20
158.150000
  0
VERTEX
  8
84
 10
-152.900000
 20
179.350000
  0
VERTEX
  8
84
 10
57.200000
 20
179.050000
  0
VERTEX
  8
84
 10
222.500000
 20
179.050000
  0
VERTEX
  8
84
 10
222.500000
 20
109.050000
  0
VERTEX
  8
84
 10
222.500000
 20
-0.250000
  0
SEQEND
  0
POLYLINE
  8
1
 66
     1
 70
     1
  0
VERTEX
  8
1
 10
222.500000
 20
-0.250000
  0
VERTEX
  8
1
 10
57.200000
 20
-0.250000
  0
VERTEX
  8
1
 10
-153.100000
 20
-0.250000
  0
VERTEX
  8
1
 10
-153.100000
 20
22.050000
  0
VERTEX
  8
1
 10
-153.100000
 20
158.150000
  0
VERTEX
  8
1
 10
-152.900000
 20
179.350000
  0
VERTEX
  8
1
 10
57.200000
 20
179.050000
  0
VERTEX
  8
1
 10
222.500000
 20
179.050000
  0
VERTEX
  8
1
 10
222.500000
 20
109.050000
  0
VERTEX
  8
1
 10
222.500000
 20
-0.250000
  0
SEQEND
  0
POLYLINE
  8
85
 66
     1
  0
VERTEX
  8
85
 10
57.200000
 20
168.350000
  0
VERTEX
  8
85
 10
57.200000
 20
9.650001
  0
SEQEND
  0
POLYLINE
  8
8
 66
     1
  0
VERTEX
  8
8
 10
57.200000
 20
168.350000
  0
VERTEX
  8
8
 10
57.200000
 20
9.650001
  0
SEQEND
  0
POINT
  8
2
 10
222.500000
 20
-0.250000
  0
POINT
  8
2
 10
57.200000
 20
-0.250000
  0
POINT
  8
2
 10
-153.100000
 20
-0.250000
  0
POINT
  8
2
 10
-153.100000
 20
22.050000
  0
POINT
  8
2
 10
-153.100000
 20
158.150000
  0
POINT
  8
2
 10
-152.900000
 20
179.350000
  0
POINT
  8
2
 10
57.200000
 20
179.050000
  0
POINT
  8
2
 10
222.500000
 20
179.050000
  0
POINT
  8
2
 10
222.500000
 20
109.050000
  0
POINT
  8
2
 10
222.500000
 20
-0.250000
  0
POINT
  8
2
 10
57.200000
 20
168.350000
  0
POINT
  8
2
 10
57.200000
 20
9.650001
  0
POINT
  8
2
 10
57.200000
 20
-0.250000
 39
2.500000
 50
90.000000
  0
POINT
  8
2
 10
-153.100000
 20
22.050000
 39
2.500000
  0
POINT
  8
2
 10
-153.100000
 20
158.150000
 39
2.500000
  0
POINT
  8
2
 10
57.200000
 20
179.050000
 39
2.500000
 50
270.000000
  0
POINT
  8
2
 10
222.500000
 20
109.050000
 39
2.500000
 50
180.000000
  0
POINT
  8
4
 10
57.200000
 20
-0.250000
 30
2.500000
 50
90.000000
  0
POINT
  8
4
 10
-153.100000
 20
22.050000
 30
2.500000
  0
POINT
  8
4
 10
-153.100000
 20
158.150000
 30
2.500000
  0
POINT
  8
4
 10
57.200000
 20
179.050000
 30
2.500000
 50
270.000000
  0
POINT
  8
4
 10
222.500000
 20
109.050000
 30
2.500000
 50
180.000000
  0
LINE
  8
5
 10
200.200000
 20
123.050000
 11
-45.600000
 21
123.050000
  0
LINE
  8
7
 10
205.400000
 20
119.850000
 11
-64.900000
 21
119.850000
  0
TEXT
  8
1
 10
5.600000
 20
-110.400000
 40
10.000000
 50
0.000000
  1
Piece Name: LNN PKT INSIDE 2P
  0
TEXT
  8
1
 10
5.600000
 20
-99.400000
 40
10.000000
 50
0.000000
  1
Size: 50
  0
TEXT
  8
1
 10
5.600000
 20
-88.400000
 40
10.000000
 50
0.000000
  1
Annotation: LNN PKT INSIDE 2P
  0
TEXT
  8
1
 10
5.600000
 20
-77.400000
 40
10.000000
 50
0.000000
  1
Quantity: 1
  0
TEXT
  8
1
 10
5.600000
 20
-66.400000
 40
10.000000
 50
0.000000
  1
Material: LINING
  0
ENDBLK
  0
BLOCK
  8
1
  2
INSIDE HIGH PKT FLAP 2P
 70
     0
 10
0.00
 20
0.00
  0
POLYLINE
  8
84
 66
     1
 70
     1
  0
VERTEX
  8
84
 10
114.000000
 20
237.750000
  0
VERTEX
  8
84
 10
114.000000
 20
83.550000
  0
VERTEX
  8
84
 10
53.000000
 20
83.550000
  0
VERTEX
  8
84
 10
39.100000
 20
161.050000
  0
VERTEX
  8
84
 10
53.000000
 20
237.750000
  0
VERTEX
  8
84
 10
114.000000
 20
237.750000
  0
SEQEND
  0
POLYLINE
  8
1
 66
     1
 70
     1
  0
VERTEX
  8
1
 10
114.000000
 20
237.750000
  0
VERTEX
  8
1
 10
114.000000
 20
83.550000
  0
VERTEX
  8
1
 10
53.000000
 20
83.550000
  0
VERTEX
  8
1
 10
39.100000
 20
161.050000
  0
VERTEX
  8
1
 10
53.000000
 20
237.750000
  0
VERTEX
  8
1
 10
114.000000
 20
237.750000
  0
SEQEND
  0
POLYLINE
  8
87
 66
     1
  0
VERTEX
  8
87
 10
104.000000
 20
227.750000
  0
VERTEX
  8
87
 10
104.000000
 20
93.550000
  0
VERTEX
  8
87
 10
61.400000
 20
93.550000
  0
VERTEX
  8
87
 10
48.900000
 20
161.050000
  0
VERTEX
  8
87
 10
61.200000
 20
227.750000
  0
VERTEX
  8
87
 10
104.000000
 20
227.750000
  0
SEQEND
  0
POLYLINE
  8
14
 66
     1
  0
VERTEX
  8
14
 10
104.000000
 20
227.750000
  0
VERTEX
  8
14
 10
104.000000
 20
93.550000
  0
VERTEX
  8
14
 10
61.400000
 20
93.550000
  0
VERTEX
  8
14
 10
48.900000
 20
161.050000
  0
VERTEX
  8
14
 10
61.200000
 20
227.750000
  0
VERTEX
  8
14
 10
104.000000
 20
227.750000
  0
SEQEND
  0
POINT
  8
2
 10
114.000000
 20
237.750000
  0
POINT
  8
2
 10
114.000000
 20
83.550000
  0
POINT
  8
2
 10
53.000000
 20
83.550000
  0
POINT
  8
2
 10
39.100000
 20
161.050000
  0
POINT
  8
2
 10
53.000000
 20
237.750000
  0
POINT
  8
2
 10
114.000000
 20
237.750000
  0
POINT
  8
2
 10
104.000000
 20
227.750000
  0
POINT
  8
2
 10
104.000000
 20
93.550000
  0
POINT
  8
2
 10
61.400000
 20
93.550000
  0
POINT
  8
2
 10
48.900000
 20
161.050000
  0
POINT
  8
2
 10
61.200000
 20
227.750000
  0
POINT
  8
2
 10
104.000000
 20
227.750000
  0
LINE
  8
5
 10
96.900000
 20
123.050000
 11
55.900000
 21
123.050000
  0
LINE
  8
7
 10
98.600000
 20
123.850000
 11
55.900000
 21
123.850000
  0
TEXT
  8
1
 10
5.600000
 20
-110.400000
 40
10.000000
 50
0.000000
  1
Piece Name: INSIDE HIGH PKT FLAP 2P
  0
TEXT
  8
1
 10
5.600000
 20
-99.400000
 40
10.000000
 50
0.000000
  1
Size: 50
  0
TEXT
  8
1
 10
5.600000
 20
-88.400000
 40
10.000000
 50
0.000000
  1
Annotation: INSIDE HIGH PKT FLAP 2P
  0
TEXT
  8
1
 10
5.600000
 20
-77.400000
 40
10.000000
 50
0.000000
  1
Quantity: 1
  0
TEXT
  8
1
 10
5.600000
 20
-66.400000
 40
10.000000
 50
0.000000
  1
Material: LEATHER
  0
ENDBLK
  0
BLOCK
  8
1
  2
INS PKT LEFT 1P
 70
     0
 10
0.00
 20
0.00
  0
POLYLINE
  8
84
 66
     1
 70
     1
  0
VERTEX
  8
84
 10
24.700000
 20
76.250000
  0
VERTEX
  8
84
 10
21.100000
 20
85.450000
  0
VERTEX
  8
84
 10
19.800000
 20
89.450000
  0
VERTEX
  8
84
 10
17.700000
 20
93.450000
  0
VERTEX
  8
84
 10
16.300000
 20
96.650000
  0
VERTEX
  8
84
 10
15.500000
 20
98.950000
  0
VERTEX
  8
84
 10
14.700000
 20
101.250000
  0
VERTEX
  8
84
 10
13.900000
 20
103.550000
  0
VERTEX
  8
84
 10
13.400000
 20
105.650000
  0
VERTEX
  8
84
 10
12.900000
 20
107.550000
  0
VERTEX
  8
84
 10
12.700000
 20
109.150000
  0
VERTEX
  8
84
 10
12.500000
 20
111.350000
  0
VERTEX
  8
84
 10
12.100000
 20
114.450000
  0
VERTEX
  8
84
 10
11.600000
 20
117.650000
  0
VERTEX
  8
84
 10
11.400000
 20
120.450000
  0
VERTEX
  8
84
 10
11.100000
 20
123.450000
  0
VERTEX
  8
84
 10
10.800000
 20
126.550000
  0
VERTEX
  8
84
 10
10.600000
 20
129.250000
  0
VERTEX
  8
84
 10
10.400000
 20
132.150000
  0
VERTEX
  8
84
 10
10.300000
 20
136.250000
  0
VERTEX
  8
84
 10
10.300000
 20
141.550000
  0
VERTEX
  8
84
 10
10.300000
 20
147.450000
  0
VERTEX
  8
84
 10
10.300000
 20
153.450000
  0
VERTEX
  8
84
 10
10.500000
 20
158.250000
  0
VERTEX
  8
84
 10
10.600000
 20
161.650000
  0
VERTEX
  8
84
 10
10.700000
 20
164.250000
  0
VERTEX
  8
84
 10
10.800000
 20
166.550000
  0
VERTEX
  8
84
 10
11.100000
 20
168.550000
  0
VERTEX
  8
84
 10
11.800000
 20
171.050000
  0
VERTEX
  8
84
 10
13.000000
 20
174.150000
  0
VERTEX
  8
84
 10
14.100000
 20
176.950000
  0
VERTEX
  8
84
 10
15.200000
 20
179.250000
  0
VERTEX
  8
84
 10
16.400000
 20
180.950000
  0
VERTEX
  8
84
 10
22.300000
 20
195.450000
  0
VERTEX
  8
84
 10
31.800000
 20
197.850000
  0
VERTEX
  8
84
 10
33.800000
 20
198.250000
  0
VERTEX
  8
84
 10
36.900000
 20
199.550000
  0
VERTEX
  8
84
 10
39.000000
 20
200.150000
  0
VERTEX
  8
84
 10
40.900000
 20
200.650000
  0
VERTEX
  8
84
 10
42.300000
 20
200.950000
  0
VERTEX
  8
84
 10
44.900000
 20
201.250000
  0
VERTEX
  8
84
 10
47.600000
 20
201.250000
  0
VERTEX
  8
84
 10
68.000000
 20
200.250000
  0
VERTEX
  8
84
 10
90.200000
 20
198.950000
  0
VERTEX
  8
84
 10
112.200000
 20
197.650000
  0
VERTEX
  8
84
 10
134.400000
 20
196.350000
  0
VERTEX
  8
84
 10
154.600000
 20
198.250000
  0
VERTEX
  8
84
 10
158.800000
 20
84.650000
  0
VERTEX
  8
84
 10
139.700000
 20
85.550000
  0
VERTEX
  8
84
 10
117.000000
 20
82.250000
  0
VERTEX
  8
84
 10
95.200000
 20
78.750000
  0
VERTEX
  8
84
 10
73.400000
 20
75.250000
  0
VERTEX
  8
84
 10
51.700000
 20
72.050000
  0
VERTEX
  8
84
 10
50.100000
 20
72.050000
  0
VERTEX
  8
84
 10
47.500000
 20
72.050000
  0
VERTEX
  8
84
 10
43.600000
 20
72.450000
  0
VERTEX
  8
84
 10
41.600000
 20
72.950000
  0
VERTEX
  8
84
 10
39.400000
 20
73.650000
  0
VERTEX
  8
84
 10
37.100000
 20
74.250000
  0
VERTEX
  8
84
 10
24.700000
 20
76.250000
  0
SEQEND
  0
POLYLINE
  8
1
 66
     1
 70
     1
  0
VERTEX
  8
1
 10
24.700000
 20
76.250000
  0
VERTEX
  8
1
 10
21.100000
 20
85.450000
  0
VERTEX
  8
1
 10
19.800000
 20
89.450000
  0
VERTEX
  8
1
 10
17.700000
 20
93.450000
  0
VERTEX
  8
1
 10
16.300000
 20
96.650000
  0
VERTEX
  8
1
 10
15.500000
 20
98.950000
  0
VERTEX
  8
1
 10
14.700000
 20
101.250000
  0
VERTEX
  8
1
 10
13.900000
 20
103.550000
  0
VERTEX
  8
1
 10
13.400000
 20
105.650000
  0
VERTEX
  8
1
 10
12.900000
 20
107.550000
  0
VERTEX
  8
1
 10
12.700000
 20
109.150000
  0
VERTEX
  8
1
 10
12.500000
 20
111.350000
  0
VERTEX
  8
1
 10
12.100000
 20
114.450000
  0
VERTEX
  8
1
 10
11.600000
 20
117.650000
  0
VERTEX
  8
1
 10
11.400000
 20
120.450000
  0
VERTEX
  8
1
 10
11.100000
 20
123.450000
  0
VERTEX
  8
1
 10
10.800000
 20
126.550000
  0
VERTEX
  8
1
 10
10.600000
 20
129.250000
  0
VERTEX
  8
1
 10
10.400000
 20
132.150000
  0
VERTEX
  8
1
 10
10.300000
 20
136.250000
  0
VERTEX
  8
1
 10
10.300000
 20
141.550000
  0
VERTEX
  8
1
 10
10.300000
 20
147.450000
  0
VERTEX
  8
1
 10
10.300000
 20
153.450000
  0
VERTEX
  8
1
 10
10.500000
 20
158.250000
  0
VERTEX
  8
1
 10
10.600000
 20
161.650000
  0
VERTEX
  8
1
 10
10.700000
 20
164.250000
  0
VERTEX
  8
1
 10
10.800000
 20
166.550000
  0
VERTEX
  8
1
 10
11.100000
 20
168.550000
  0
VERTEX
  8
1
 10
11.800000
 20
171.050000
  0
VERTEX
  8
1
 10
13.000000
 20
174.150000
  0
VERTEX
  8
1
 10
14.100000
 20
176.950000
  0
VERTEX
  8
1
 10
15.200000
 20
179.250000
  0
VERTEX
  8
1
 10
16.400000
 20
180.950000
  0
VERTEX
  8
1
 10
22.300000
 20
195.450000
  0
VERTEX
  8
1
 10
31.800000
 20
197.850000
  0
VERTEX
  8
1
 10
33.800000
 20
198.250000
  0
VERTEX
  8
1
 10
36.900000
 20
199.550000
  0
VERTEX
  8
1
 10
39.000000
 20
200.150000
  0
VERTEX
  8
1
 10
40.900000
 20
200.650000
  0
VERTEX
  8
1
 10
42.300000
 20
200.950000
  0
VERTEX
  8
1
 10
44.900000
 20
201.250000
  0
VERTEX
  8
1
 10
47.600000
 20
201.250000
  0
VERTEX
  8
1
 10
68.000000
 20
200.250000
  0
VERTEX
  8
1
 10
90.200000
 20
198.950000
  0
VERTEX
  8
1
 10
112.200000
 20
197.650000
  0
VERTEX
  8
1
 10
134.400000
 20
196.350000
  0
VERTEX
  8
1
 10
154.600000
 20
198.250000
  0
VERTEX
  8
1
 10
158.800000
 20
84.650000
  0
VERTEX
  8
1
 10
139.700000
 20
85.550000
  0
VERTEX
  8
1
 10
117.000000
 20
82.250000
  0
VERTEX
  8
1
 10
95.200000
 20
78.750000
  0
VERTEX
  8
1
 10
73.400000
 20
75.250000
  0
VERTEX
  8
1
 10
51.700000
 20
72.050000
  0
VERTEX
  8
1
 10
50.100000
 20
72.050000
  0
VERTEX
  8
1
 10
47.500000
 20
72.050000
  0
VERTEX
  8
1
 10
43.600000
 20
72.450000
  0
VERTEX
  8
1
 10
41.600000
 20
72.950000
  0
VERTEX
  8
1
 10
39.400000
 20
73.650000
  0
VERTEX
  8
1
 10
37.100000
 20
74.250000
  0
VERTEX
  8
1
 10
24.700000
 20
76.250000
  0
SEQEND
  0
POLYLINE
  8
85
 66
     1
  0
VERTEX
  8
85
 10
48.400000
 20
105.250000
  0
VERTEX
  8
85
 10
39.300000
 20
80.050000
  0
SEQEND
  0
POLYLINE
  8
8
 66
     1
  0
VERTEX
  8
8
 10
48.400000
 20
105.250000
  0
VERTEX
  8
8
 10
39.300000
 20
80.050000
  0
SEQEND
  0
POLYLINE
  8
85
 66
     1
  0
VERTEX
  8
85
 10
25.200000
 20
89.450000
  0
VERTEX
  8
85
 10
48.400000
 20
105.250000
  0
SEQEND
  0
POLYLINE
  8
8
 66
     1
  0
VERTEX
  8
8
 10
25.200000
 20
89.450000
  0
VERTEX
  8
8
 10
48.400000
 20
105.250000
  0
SEQEND
  0
POLYLINE
  8
85
 66
     1
  0
VERTEX
  8
85
 10
46.000000
 20
168.450000
  0
VERTEX
  8
85
 10
36.500000
 20
191.450000
  0
SEQEND
  0
POLYLINE
  8
8
 66
     1
  0
VERTEX
  8
8
 10
46.000000
 20
168.450000
  0
VERTEX
  8
8
 10
36.500000
 20
191.450000
  0
SEQEND
  0
POLYLINE
  8
85
 66
     1
  0
VERTEX
  8
85
 10
24.600000
 20
179.050000
  0
VERTEX
  8
85
 10
46.000000
 20
168.450000
  0
SEQEND
  0
POLYLINE
  8
8
 66
     1
  0
VERTEX
  8
8
 10
24.600000
 20
179.050000
  0
VERTEX
  8
8
 10
46.000000
 20
168.450000
  0
SEQEND
  0
POLYLINE
  8
87
 66
     1
  0
VERTEX
  8
87
 10
32.000000
 20
85.050000
  0
VERTEX
  8
87
 10
30.500000
 20
88.750000
  0
VERTEX
  8
87
 10
29.000000
 20
93.250000
  0
VERTEX
  8
87
 10
26.700000
 20
97.750000
  0
VERTEX
  8
87
 10
25.600000
 20
100.250000
  0
VERTEX
  8
87
 10
24.900000
 20
102.150000
  0
VERTEX
  8
87
 10
24.100000
 20
104.450000
  0
VERTEX
  8
87
 10
23.500000
 20
106.350000
  0
VERTEX
  8
87
 10
23.100000
 20
108.050000
  0
VERTEX
  8
87
 10
22.700000
 20
109.450000
  0
VERTEX
  8
87
 10
22.400000
 20
112.450000
  0
VERTEX
  8
87
 10
22.000000
 20
115.850000
  0
VERTEX
  8
87
 10
21.500000
 20
118.750000
  0
VERTEX
  8
87
 10
21.300000
 20
121.250000
  0
VERTEX
  8
87
 10
21.000000
 20
124.350000
  0
VERTEX
  8
87
 10
20.700000
 20
127.350000
  0
VERTEX
  8
87
 10
20.500000
 20
129.850000
  0
VERTEX
  8
87
 10
20.300000
 20
132.550000
  0
VERTEX
  8
87
 10
20.300000
 20
136.350000
  0
VERTEX
  8
87
 10
20.300000
 20
141.550000
  0
VERTEX
  8
87
 10
20.300000
 20
147.450000
  0
VERTEX
  8
87
 10
20.300000
 20
153.250000
  0
VERTEX
  8
87
 10
20.400000
 20
157.950000
  0
VERTEX
  8
87
 10
20.500000
 20
161.350000
  0
VERTEX
  8
87
 10
20.600000
 20
163.850000
  0
VERTEX
  8
87
 10
20.700000
 20
165.650000
  0
VERTEX
  8
87
 10
21.300000
 20
167.950000
  0
VERTEX
  8
87
 10
22.300000
 20
170.550000
  0
VERTEX
  8
87
 10
23.300000
 20
172.950000
  0
VERTEX
  8
87
 10
23.800000
 20
174.250000
  0
VERTEX
  8
87
 10
25.100000
 20
176.250000
  0
VERTEX
  8
87
 10
25.500000
 20
177.450000
  0
VERTEX
  8
87
 10
29.600000
 20
187.050000
  0
VERTEX
  8
87
 10
34.000000
 20
188.150000
  0
VERTEX
  8
87
 10
36.700000
 20
188.750000
  0
VERTEX
  8
87
 10
40.200000
 20
190.150000
  0
VERTEX
  8
87
 10
41.600000
 20
190.550000
  0
VERTEX
  8
87
 10
43.200000
 20
190.950000
  0
VERTEX
  8
87
 10
45.500000
 20
191.250000
  0
VERTEX
  8
87
 10
47.400000
 20
191.250000
  0
VERTEX
  8
87
 10
67.600000
 20
190.350000
  0
VERTEX
  8
87
 10
89.700000
 20
189.050000
  0
VERTEX
  8
87
 10
111.700000
 20
187.750000
  0
VERTEX
  8
87
 10
134.600000
 20
186.450000
  0
VERTEX
  8
87
 10
138.400000
 20
95.550000
  0
VERTEX
  8
87
 10
115.500000
 20
92.050000
  0
VERTEX
  8
87
 10
93.700000
 20
88.550000
  0
VERTEX
  8
87
 10
72.000000
 20
85.050000
  0
VERTEX
  8
87
 10
51.000000
 20
81.950000
  0
VERTEX
  8
87
 10
48.000000
 20
82.050000
  0
VERTEX
  8
87
 10
45.300000
 20
82.250000
  0
VERTEX
  8
87
 10
44.300000
 20
82.550000
  0
VERTEX
  8
87
 10
42.200000
 20
83.250000
  0
VERTEX
  8
87
 10
39.100000
 20
83.950000
  0
VERTEX
  8
87
 10
32.000000
 20
85.050000
  0
SEQEND
  0
POLYLINE
  8
14
 66
     1
  0
VERTEX
  8
14
 10
32.000000
 20
85.050000
  0
VERTEX
  8
14
 10
30.500000
 20
88.750000
  0
VERTEX
  8
14
 10
29.000000
 20
93.250000
  0
VERTEX
  8
14
 10
26.700000
 20
97.750000
  0
VERTEX
  8
14
 10
25.600000
 20
100.250000
  0
VERTEX
  8
14
 10
24.900000
 20
102.150000
  0
VERTEX
  8
14
 10
24.100000
 20
104.450000
  0
VERTEX
  8
14
 10
23.500000
 20
106.350000
  0
VERTEX
  8
14
 10
23.100000
 20
108.050000
  0
VERTEX
  8
14
 10
22.700000
 20
109.450000
  0
VERTEX
  8
14
 10
22.400000
 20
112.450000
  0
VERTEX
  8
14
 10
22.000000
 20
115.850000
  0
VERTEX
  8
14
 10
21.500000
 20
118.750000
  0
VERTEX
  8
14
 10
21.300000
 20
121.250000
  0
VERTEX
  8
14
 10
21.000000
 20
124.350000
  0
VERTEX
  8
14
 10
20.700000
 20
127.350000
  0
VERTEX
  8
14
 10
20.500000
 20
129.850000
  0
VERTEX
  8
14
 10
20.300000
 20
132.550000
  0
VERTEX
  8
14
 10
20.300000
 20
136.350000
  0
VERTEX
  8
14
 10
20.300000
 20
141.550000
  0
VERTEX
  8
14
 10
20.300000
 20
147.450000
  0
VERTEX
  8
14
 10
20.300000
 20
153.250000
  0
VERTEX
  8
14
 10
20.400000
 20
157.950000
  0
VERTEX
  8
14
 10
20.500000
 20
161.350000
  0
VERTEX
  8
14
 10
20.600000
 20
163.850000
  0
VERTEX
  8
14
 10
20.700000
 20
165.650000
  0
VERTEX
  8
14
 10
21.300000
 20
167.950000
  0
VERTEX
  8
14
 10
22.300000
 20
170.550000
  0
VERTEX
  8
14
 10
23.300000
 20
172.950000
  0
VERTEX
  8
14
 10
23.800000
 20
174.250000
  0
VERTEX
  8
14
 10
25.100000
 20
176.250000
  0
VERTEX
  8
14
 10
25.500000
 20
177.450000
  0
VERTEX
  8
14
 10
29.600000
 20
187.050000
  0
VERTEX
  8
14
 10
34.000000
 20
188.150000
  0
VERTEX
  8
14
 10
36.700000
 20
188.750000
  0
VERTEX
  8
14
 10
40.200000
 20
190.150000
  0
VERTEX
  8
14
 10
41.600000
 20
190.550000
  0
VERTEX
  8
14
 10
43.200000
 20
190.950000
  0
VERTEX
  8
14
 10
45.500000
 20
191.250000
  0
VERTEX
  8
14
 10
47.400000
 20
191.250000
  0
VERTEX
  8
14
 10
67.600000
 20
190.350000
  0
VERTEX
  8
14
 10
89.700000
 20
189.050000
  0
VERTEX
  8
14
 10
111.700000
 20
187.750000
  0
VERTEX
  8
14
 10
134.600000
 20
186.450000
  0
VERTEX
  8
14
 10
138.400000
 20
95.550000
  0
VERTEX
  8
14
 10
115.500000
 20
92.050000
  0
VERTEX
  8
14
 10
93.700000
 20
88.550000
  0
VERTEX
  8
14
 10
72.000000
 20
85.050000
  0
VERTEX
  8
14
 10
51.000000
 20
81.950000
  0
VERTEX
  8
14
 10
48.000000
 20
82.050000
  0
VERTEX
  8
14
 10
45.300000
 20
82.250000
  0
VERTEX
  8
14
 10
44.300000
 20
82.550000
  0
VERTEX
  8
14
 10
42.200000
 20
83.250000
  0
VERTEX
  8
14
 10
39.100000
 20
83.950000
  0
VERTEX
  8
14
 10
32.000000
 20
85.050000
  0
SEQEND
  0
POINT
  8
2
 10
24.700000
 20
76.250000
  0
POINT
  8
2
 10
21.100000
 20
85.450000
  0
POINT
  8
2
 10
19.800000
 20
89.450000
  0
POINT
  8
3
 10
17.700000
 20
93.450000
  0
POINT
  8
3
 10
16.300000
 20
96.650000
  0
POINT
  8
3
 10
15.500000
 20
98.950000
  0
POINT
  8
3
 10
14.700000
 20
101.250000
  0
POINT
  8
3
 10
13.900000
 20
103.550000
  0
POINT
  8
3
 10
13.400000
 20
105.650000
  0
POINT
  8
3
 10
12.900000
 20
107.550000
  0
POINT
  8
3
 10
12.700000
 20
109.150000
  0
POINT
  8
3
 10
12.500000
 20
111.350000
  0
POINT
  8
3
 10
12.100000
 20
114.450000
  0
POINT
  8
3
 10
11.600000
 20
117.650000
  0
POINT
  8
3
 10
11.400000
 20
120.450000
  0
POINT
  8
3
 10
11.100000
 20
123.450000
  0
POINT
  8
3
 10
10.800000
 20
126.550000
  0
POINT
  8
3
 10
10.600000
 20
129.250000
  0
POINT
  8
3
 10
10.400000
 20
132.150000
  0
POINT
  8
3
 10
10.300000
 20
136.250000
  0
POINT
  8
3
 10
10.300000
 20
141.550000
  0
POINT
  8
3
 10
10.300000
 20
147.450000
  0
POINT
  8
3
 10
10.300000
 20
153.450000
  0
POINT
  8
3
 10
10.500000
 20
158.250000
  0
POINT
  8
3
 10
10.600000
 20
161.650000
  0
POINT
  8
3
 10
10.700000
 20
164.250000
  0
POINT
  8
3
 10
10.800000
 20
166.550000
  0
POINT
  8
3
 10
11.100000
 20
168.550000
  0
POINT
  8
3
 10
11.800000
 20
171.050000
  0
POINT
  8
3
 10
13.000000
 20
174.150000
  0
POINT
  8
3
 10
14.100000
 20
176.950000
  0
POINT
  8
3
 10
15.200000
 20
179.250000
  0
POINT
  8
2
 10
16.400000
 20
180.950000
  0
POINT
  8
2
 10
22.300000
 20
195.450000
  0
POINT
  8
2
 10
31.800000
 20
197.850000
  0
POINT
  8
3
 10
33.800000
 20
198.250000
  0
POINT
  8
3
 10
36.900000
 20
199.550000
  0
POINT
  8
3
 10
39.000000
 20
200.150000
  0
POINT
  8
3
 10
40.900000
 20
200.650000
  0
POINT
  8
3
 10
42.300000
 20
200.950000
  0
POINT
  8
3
 10
44.900000
 20
201.250000
  0
POINT
  8
3
 10
47.600000
 20
201.250000
  0
POINT
  8
3
 10
68.000000
 20
200.250000
  0
POINT
  8
3
 10
90.200000
 20
198.950000
  0
POINT
  8
3
 10
112.200000
 20
197.650000
  0
POINT
  8
2
 10
134.400000
 20
196.350000
  0
POINT
  8
2
 10
154.600000
 20
198.250000
  0
POINT
  8
2
 10
158.800000
 20
84.650000
  0
POINT
  8
2
 10
139.700000
 20
85.550000
  0
POINT
  8
3
 10
117.000000
 20
82.250000
  0
POINT
  8
3
 10
95.200000
 20
78.750000
  0
POINT
  8
3
 10
73.400000
 20
75.250000
  0
POINT
  8
3
 10
51.700000
 20
72.050000
  0
POINT
  8
3
 10
50.100000
 20
72.050000
  0
POINT
  8
3
 10
47.500000
 20
72.050000
  0
POINT
  8
3
 10
43.600000
 20
72.450000
  0
POINT
  8
3
 10
41.600000
 20
72.950000
  0
POINT
  8
3
 10
39.400000
 20
73.650000
  0
POINT
  8
2
 10
37.100000
 20
74.250000
  0
POINT
  8
2
 10
24.700000
 20
76.250000
  0
POINT
  8
2
 10
48.400000
 20
105.250000
  0
POINT
  8
2
 10
39.300000
 20
80.050000
  0
POINT
  8
2
 10
25.200000
 20
89.450000
  0
POINT
  8
2
 10
48.400000
 20
105.250000
  0
POINT
  8
2
 10
46.000000
 20
168.450000
  0
POINT
  8
2
 10
36.500000
 20
191.450000
  0
POINT
  8
2
 10
24.600000
 20
179.050000
  0
POINT
  8
2
 10
46.000000
 20
168.450000
  0
POINT
  8
2
 10
21.100000
 20
85.450000
 39
2.500000
 50
19.179010
  0
POINT
  8
2
 10
16.400000
 20
180.950000
 39
2.500000
 50
338.629400
  0
POINT
  8
2
 10
31.800000
 20
197.850000
 39
2.500000
 50
284.036300
  0
POINT
  8
2
 10
134.400000
 20
196.350000
 39
2.500000
 50
270.000000
  0
POINT
  8
2
 10
139.700000
 20
85.550000
 39
2.500000
 50
92.385940
  0
POINT
  8
2
 10
37.100000
 20
74.250000
 39
2.500000
 50
78.231710
  0
POINT
  8
2
 10
45.900000
 20
101.750000
  0
TEXT
  8
2
 10
45.900000
 20
101.750000
 40
0.250000
 50
0.000000
  1
#8
  0
POINT
  8
2
 10
42.300000
 20
172.550000
  0
TEXT
  8
2
 10
42.300000
 20
172.550000
 40
0.250000
 50
0.000000
  1
#8
  0
POINT
  8
2
 10
32.000000
 20
85.050000
  0
POINT
  8
2
 10
30.500000
 20
88.750000
  0
POINT
  8
2
 10
29.000000
 20
93.250000
  0
POINT
  8
3
 10
26.700000
 20
97.750000
  0
POINT
  8
3
 10
25.600000
 20
100.250000
  0
POINT
  8
3
 10
24.900000
 20
102.150000
  0
POINT
  8
3
 10
24.100000
 20
104.450000
  0
POINT
  8
3
 10
23.500000
 20
106.350000
  0
POINT
  8
3
 10
23.100000
 20
108.050000
  0
POINT
  8
3
 10
22.700000
 20
109.450000
  0
POINT
  8
3
 10
22.400000
 20
112.450000
  0
POINT
  8
3
 10
22.000000
 20
115.850000
  0
POINT
  8
3
 10
21.500000
 20
118.750000
  0
POINT
  8
3
 10
21.300000
 20
121.250000
  0
POINT
  8
3
 10
21.000000
 20
124.350000
  0
POINT
  8
3
 10
20.700000
 20
127.350000
  0
POINT
  8
3
 10
20.500000
 20
129.850000
  0
POINT
  8
3
 10
20.300000
 20
132.550000
  0
POINT
  8
3
 10
20.300000
 20
136.350000
  0
POINT
  8
3
 10
20.300000
 20
141.550000
  0
POINT
  8
3
 10
20.300000
 20
147.450000
  0
POINT
  8
3
 10
20.300000
 20
153.250000
  0
POINT
  8
3
 10
20.400000
 20
157.950000
  0
POINT
  8
3
 10
20.500000
 20
161.350000
  0
POINT
  8
3
 10
20.600000
 20
163.850000
  0
POINT
  8
3
 10
20.700000
 20
165.650000
  0
POINT
  8
3
 10
21.300000
 20
167.950000
  0
POINT
  8
3
 10
22.300000
 20
170.550000
  0
POINT
  8
3
 10
23.300000
 20
172.950000
  0
POINT
  8
3
 10
23.800000
 20
174.250000
  0
POINT
  8
2
 10
25.100000
 20
176.250000
  0
POINT
  8
3
 10
25.500000
 20
177.450000
  0
POINT
  8
2
 10
29.600000
 20
187.050000
  0
POINT
  8
2
 10
34.000000
 20
188.150000
  0
POINT
  8
3
 10
36.700000
 20
188.750000
  0
POINT
  8
3
 10
40.200000
 20
190.150000
  0
POINT
  8
3
 10
41.600000
 20
190.550000
  0
POINT
  8
3
 10
43.200000
 20
190.950000
  0
POINT
  8
3
 10
45.500000
 20
191.250000
  0
POINT
  8
3
 10
47.400000
 20
191.250000
  0
POINT
  8
3
 10
67.600000
 20
190.350000
  0
POINT
  8
3
 10
89.700000
 20
189.050000
  0
POINT
  8
3
 10
111.700000
 20
187.750000
  0
POINT
  8
2
 10
134.600000
 20
186.450000
  0
POINT
  8
2
 10
138.400000
 20
95.550000
  0
POINT
  8
3
 10
115.500000
 20
92.050000
  0
POINT
  8
3
 10
93.700000
 20
88.550000
  0
POINT
  8
3
 10
72.000000
 20
85.050000
  0
POINT
  8
3
 10
51.000000
 20
81.950000
  0
POINT
  8
3
 10
48.000000
 20
82.050000
  0
POINT
  8
3
 10
45.300000
 20
82.250000
  0
POINT
  8
3
 10
44.300000
 20
82.550000
  0
POINT
  8
3
 10
42.200000
 20
83.250000
  0
POINT
  8
2
 10
39.100000
 20
83.950000
  0
POINT
  8
2
 10
32.000000
 20
85.050000
  0
POINT
  8
4
 10
21.100000
 20
85.450000
 30
2.500000
 50
19.179010
  0
POINT
  8
4
 10
16.400000
 20
180.950000
 30
2.500000
 50
338.629400
  0
POINT
  8
4
 10
31.800000
 20
197.850000
 30
2.500000
 50
284.036300
  0
POINT
  8
4
 10
134.400000
 20
196.350000
 30
2.500000
 50
270.000000
  0
POINT
  8
4
 10
139.700000
 20
85.550000
 30
2.500000
 50
92.385940
  0
POINT
  8
4
 10
37.100000
 20
74.250000
 30
2.500000
 50
78.231710
  0
POINT
  8
13
 10
45.900000
 20
101.750000
 30
3.000000
  0
TEXT
  8
13
 10
45.900000
 20
101.750000
 40
0.250000
 50
0.000000
  1
#8
  0
POINT
  8
13
 10
42.300000
 20
172.550000
 30
3.000000
  0
TEXT
  8
13
 10
42.300000
 20
172.550000
 40
0.250000
 50
0.000000
  1
#8
  0
LINE
  8
5
 10
129.200000
 20
123.050000
 11
25.400000
 21
123.050000
  0
LINE
  8
7
 10
129.800000
 20
123.050000
 11
26.400000
 21
123.050000
  0
TEXT
  8
15
 10
110.300000
 20
185.150000
 40
11.007270
 50
357.917400
  1
DAV
  0
TEXT
  8
1
 10
5.600000
 20
-110.400000
 40
10.000000
 50
0.000000
  1
Piece Name: INS PKT LEFT 1P
  0
TEXT
  8
1
 10
5.600000
 20
-99.400000
 40
10.000000
 50
0.000000
  1
Size: 50
  0
TEXT
  8
1
 10
5.600000
 20
-88.400000
 40
10.000000
 50
0.000000
  1
Annotation: INS PKT LEFT 1P
  0
TEXT
  8
1
 10
5.600000
 20
-77.400000
 40
10.000000
 50
0.000000
  1
Quantity: 1
  0
TEXT
  8
1
 10
5.600000
 20
-66.400000
 40
10.000000
 50
0.000000
  1
Material: LEATHER
  0
ENDBLK
  0
BLOCK
  8
1
  2
LNN INS PKT LEFT 1P
 70
     0
 10
0.00
 20
0.00
  0
POLYLINE
  8
84
 66
     1
 70
     1
  0
VERTEX
  8
84
 10
24.700000
 20
76.250000
  0
VERTEX
  8
84
 10
21.100000
 20
85.450000
  0
VERTEX
  8
84
 10
19.800000
 20
89.450000
  0
VERTEX
  8
84
 10
17.700000
 20
93.450000
  0
VERTEX
  8
84
 10
16.300000
 20
96.650000
  0
VERTEX
  8
84
 10
15.500000
 20
98.950000
  0
VERTEX
  8
84
 10
14.700000
 20
101.250000
  0
VERTEX
  8
84
 10
13.900000
 20
103.550000
  0
VERTEX
  8
84
 10
13.400000
 20
105.650000
  0
VERTEX
  8
84
 10
12.900000
 20
107.550000
  0
VERTEX
  8
84
 10
12.700000
 20
109.150000
  0
VERTEX
  8
84
 10
12.500000
 20
111.350000
  0
VERTEX
  8
84
 10
12.100000
 20
114.450000
  0
VERTEX
  8
84
 10
11.600000
 20
117.650000
  0
VERTEX
  8
84
 10
11.400000
 20
120.450000
  0
VERTEX
  8
84
 10
11.100000
 20
123.450000
  0
VERTEX
  8
84
 10
10.800000
 20
126.550000
  0
VERTEX
  8
84
 10
10.600000
 20
129.250000
  0
VERTEX
  8
84
 10
10.400000
 20
132.150000
  0
VERTEX
  8
84
 10
10.300000
 20
136.250000
  0
VERTEX
  8
84
 10
10.300000
 20
141.550000
  0
VERTEX
  8
84
 10
10.300000
 20
147.450000
  0
VERTEX
  8
84
 10
10.300000
 20
153.450000
  0
VERTEX
  8
84
 10
10.500000
 20
158.250000
  0
VERTEX
  8
84
 10
10.600000
 20
161.650000
  0
VERTEX
  8
84
 10
10.700000
 20
164.250000
  0
VERTEX
  8
84
 10
10.800000
 20
166.550000
  0
VERTEX
  8
84
 10
11.100000
 20
168.550000
  0
VERTEX
  8
84
 10
11.800000
 20
171.050000
  0
VERTEX
  8
84
 10
13.000000
 20
174.150000
  0
VERTEX
  8
84
 10
14.100000
 20
176.950000
  0
VERTEX
  8
84
 10
15.200000
 20
179.250000
  0
VERTEX
  8
84
 10
16.400000
 20
180.950000
  0
VERTEX
  8
84
 10
22.300000
 20
195.450000
  0
VERTEX
  8
84
 10
31.800000
 20
197.850000
  0
VERTEX
  8
84
 10
33.800000
 20
198.250000
  0
VERTEX
  8
84
 10
36.900000
 20
199.550000
  0
VERTEX
  8
84
 10
39.000000
 20
200.150000
  0
VERTEX
  8
84
 10
40.900000
 20
200.650000
  0
VERTEX
  8
84
 10
42.300000
 20
200.950000
  0
VERTEX
  8
84
 10
44.900000
 20
201.250000
  0
VERTEX
  8
84
 10
47.600000
 20
201.250000
  0
VERTEX
  8
84
 10
68.000000
 20
200.250000
  0
VERTEX
  8
84
 10
90.200000
 20
198.950000
  0
VERTEX
  8
84
 10
112.200000
 20
197.650000
  0
VERTEX
  8
84
 10
134.400000
 20
196.350000
  0
VERTEX
  8
84
 10
139.700000
 20
85.550000
  0
VERTEX
  8
84
 10
117.000000
 20
82.250000
  0
VERTEX
  8
84
 10
95.200000
 20
78.750000
  0
VERTEX
  8
84
 10
73.400000
 20
75.250000
  0
VERTEX
  8
84
 10
51.700000
 20
72.050000
  0
VERTEX
  8
84
 10
50.100000
 20
72.050000
  0
VERTEX
  8
84
 10
47.500000
 20
72.050000
  0
VERTEX
  8
84
 10
43.600000
 20
72.450000
  0
VERTEX
  8
84
 10
41.600000
 20
72.950000
  0
VERTEX
  8
84
 10
39.400000
 20
73.650000
  0
VERTEX
  8
84
 10
37.100000
 20
74.250000
  0
VERTEX
  8
84
 10
24.700000
 20
76.250000
  0
SEQEND
  0
POLYLINE
  8
1
 66
     1
 70
     1
  0
VERTEX
  8
1
 10
24.700000
 20
76.250000
  0
VERTEX
  8
1
 10
21.100000
 20
85.450000
  0
VERTEX
  8
1
 10
19.800000
 20
89.450000
  0
VERTEX
  8
1
 10
17.700000
 20
93.450000
  0
VERTEX
  8
1
 10
16.300000
 20
96.650000
  0
VERTEX
  8
1
 10
15.500000
 20
98.950000
  0
VERTEX
  8
1
 10
14.700000
 20
101.250000
  0
VERTEX
  8
1
 10
13.900000
 20
103.550000
  0
VERTEX
  8
1
 10
13.400000
 20
105.650000
  0
VERTEX
  8
1
 10
12.900000
 20
107.550000
  0
VERTEX
  8
1
 10
12.700000
 20
109.150000
  0
VERTEX
  8
1
 10
12.500000
 20
111.350000
  0
VERTEX
  8
1
 10
12.100000
 20
114.450000
  0
VERTEX
  8
1
 10
11.600000
 20
117.650000
  0
VERTEX
  8
1
 10
11.400000
 20
120.450000
  0
VERTEX
  8
1
 10
11.100000
 20
123.450000
  0
VERTEX
  8
1
 10
10.800000
 20
126.550000
  0
VERTEX
  8
1
 10
10.600000
 20
129.250000
  0
VERTEX
  8
1
 10
10.400000
 20
132.150000
  0
VERTEX
  8
1
 10
10.300000
 20
136.250000
  0
VERTEX
  8
1
 10
10.300000
 20
141.550000
  0
VERTEX
  8
1
 10
10.300000
 20
147.450000
  0
VERTEX
  8
1
 10
10.300000
 20
153.450000
  0
VERTEX
  8
1
 10
10.500000
 20
158.250000
  0
VERTEX
  8
1
 10
10.600000
 20
161.650000
  0
VERTEX
  8
1
 10
10.700000
 20
164.250000
  0
VERTEX
  8
1
 10
10.800000
 20
166.550000
  0
VERTEX
  8
1
 10
11.100000
 20
168.550000
  0
VERTEX
  8
1
 10
11.800000
 20
171.050000
  0
VERTEX
  8
1
 10
13.000000
 20
174.150000
  0
VERTEX
  8
1
 10
14.100000
 20
176.950000
  0
VERTEX
  8
1
 10
15.200000
 20
179.250000
  0
VERTEX
  8
1
 10
16.400000
 20
180.950000
  0
VERTEX
  8
1
 10
22.300000
 20
195.450000
  0
VERTEX
  8
1
 10
31.800000
 20
197.850000
  0
VERTEX
  8
1
 10
33.800000
 20
198.250000
  0
VERTEX
  8
1
 10
36.900000
 20
199.550000
  0
VERTEX
  8
1
 10
39.000000
 20
200.150000
  0
VERTEX
  8
1
 10
40.900000
 20
200.650000
  0
VERTEX
  8
1
 10
42.300000
 20
200.950000
  0
VERTEX
  8
1
 10
44.900000
 20
201.250000
  0
VERTEX
  8
1
 10
47.600000
 20
201.250000
  0
VERTEX
  8
1
 10
68.000000
 20
200.250000
  0
VERTEX
  8
1
 10
90.200000
 20
198.950000
  0
VERTEX
  8
1
 10
112.200000
 20
197.650000
  0
VERTEX
  8
1
 10
134.400000
 20
196.350000
  0
VERTEX
  8
1
 10
139.700000
 20
85.550000
  0
VERTEX
  8
1
 10
117.000000
 20
82.250000
  0
VERTEX
  8
1
 10
95.200000
 20
78.750000
  0
VERTEX
  8
1
 10
73.400000
 20
75.250000
  0
VERTEX
  8
1
 10
51.700000
 20
72.050000
  0
VERTEX
  8
1
 10
50.100000
 20
72.050000
  0
VERTEX
  8
1
 10
47.500000
 20
72.050000
  0
VERTEX
  8
1
 10
43.600000
 20
72.450000
  0
VERTEX
  8
1
 10
41.600000
 20
72.950000
  0
VERTEX
  8
1
 10
39.400000
 20
73.650000
  0
VERTEX
  8
1
 10
37.100000
 20
74.250000
  0
VERTEX
  8
1
 10
24.700000
 20
76.250000
  0
SEQEND
  0
POLYLINE
  8
85
 66
     1
  0
VERTEX
  8
85
 10
48.400000
 20
105.250000
  0
VERTEX
  8
85
 10
39.300000
 20
80.050000
  0
SEQEND
  0
POLYLINE
  8
8
 66
     1
  0
VERTEX
  8
8
 10
48.400000
 20
105.250000
  0
VERTEX
  8
8
 10
39.300000
 20
80.050000
  0
SEQEND
  0
POLYLINE
  8
85
 66
     1
  0
VERTEX
  8
85
 10
25.200000
 20
89.450000
  0
VERTEX
  8
85
 10
48.400000
 20
105.250000
  0
SEQEND
  0
POLYLINE
  8
8
 66
     1
  0
VERTEX
  8
8
 10
25.200000
 20
89.450000
  0
VERTEX
  8
8
 10
48.400000
 20
105.250000
  0
SEQEND
  0
POLYLINE
  8
85
 66
     1
  0
VERTEX
  8
85
 10
46.000000
 20
168.450000
  0
VERTEX
  8
85
 10
36.500000
 20
191.450000
  0
SEQEND
  0
POLYLINE
  8
8
 66
     1
  0
VERTEX
  8
8
 10
46.000000
 20
168.450000
  0
VERTEX
  8
8
 10
36.500000
 20
191.450000
  0
SEQEND
  0
POLYLINE
  8
85
 66
     1
  0
VERTEX
  8
85
 10
24.600000
 20
179.050000
  0
VERTEX
  8
85
 10
46.000000
 20
168.450000
  0
SEQEND
  0
POLYLINE
  8
8
 66
     1
  0
VERTEX
  8
8
 10
24.600000
 20
179.050000
  0
VERTEX
  8
8
 10
46.000000
 20
168.450000
  0
SEQEND
  0
POLYLINE
  8
87
 66
     1
  0
VERTEX
  8
87
 10
32.000000
 20
85.050000
  0
VERTEX
  8
87
 10
30.500000
 20
88.750000
  0
VERTEX
  8
87
 10
29.000000
 20
93.250000
  0
VERTEX
  8
87
 10
26.700000
 20
97.750000
  0
VERTEX
  8
87
 10
25.600000
 20
100.250000
  0
VERTEX
  8
87
 10
24.900000
 20
102.150000
  0
VERTEX
  8
87
 10
24.100000
 20
104.450000
  0
VERTEX
  8
87
 10
23.500000
 20
106.350000
  0
VERTEX
  8
87
 10
23.100000
 20
108.050000
  0
VERTEX
  8
87
 10
22.700000
 20
109.450000
  0
VERTEX
  8
87
 10
22.400000
 20
112.450000
  0
VERTEX
  8
87
 10
22.000000
 20
115.850000
  0
VERTEX
  8
87
 10
21.500000
 20
118.750000
  0
VERTEX
  8
87
 10
21.300000
 20
121.250000
  0
VERTEX
  8
87
 10
21.000000
 20
124.350000
  0
VERTEX
  8
87
 10
20.700000
 20
127.350000
  0
VERTEX
  8
87
 10
20.500000
 20
129.850000
  0
VERTEX
  8
87
 10
20.300000
 20
132.550000
  0
VERTEX
  8
87
 10
20.300000
 20
136.350000
  0
VERTEX
  8
87
 10
20.300000
 20
141.550000
  0
VERTEX
  8
87
 10
20.300000
 20
147.450000
  0
VERTEX
  8
87
 10
20.300000
 20
153.250000
  0
VERTEX
  8
87
 10
20.400000
 20
157.950000
  0
VERTEX
  8
87
 10
20.500000
 20
161.350000
  0
VERTEX
  8
87
 10
20.600000
 20
163.850000
  0
VERTEX
  8
87
 10
20.700000
 20
165.650000
  0
VERTEX
  8
87
 10
21.300000
 20
167.950000
  0
VERTEX
  8
87
 10
22.300000
 20
170.550000
  0
VERTEX
  8
87
 10
23.300000
 20
172.950000
  0
VERTEX
  8
87
 10
23.800000
 20
174.250000
  0
VERTEX
  8
87
 10
25.100000
 20
176.250000
  0
VERTEX
  8
87
 10
25.500000
 20
177.450000
  0
VERTEX
  8
87
 10
29.600000
 20
187.050000
  0
VERTEX
  8
87
 10
34.000000
 20
188.150000
  0
VERTEX
  8
87
 10
36.700000
 20
188.750000
  0
VERTEX
  8
87
 10
40.200000
 20
190.150000
  0
VERTEX
  8
87
 10
41.600000
 20
190.550000
  0
VERTEX
  8
87
 10
43.200000
 20
190.950000
  0
VERTEX
  8
87
 10
45.500000
 20
191.250000
  0
VERTEX
  8
87
 10
47.400000
 20
191.250000
  0
VERTEX
  8
87
 10
67.600000
 20
190.350000
  0
VERTEX
  8
87
 10
89.700000
 20
189.050000
  0
VERTEX
  8
87
 10
111.700000
 20
187.750000
  0
VERTEX
  8
87
 10
124.900000
 20
187.050000
  0
VERTEX
  8
87
 10
129.300000
 20
94.150000
  0
VERTEX
  8
87
 10
115.500000
 20
92.050000
  0
VERTEX
  8
87
 10
93.700000
 20
88.550000
  0
VERTEX
  8
87
 10
72.000000
 20
85.050000
  0
VERTEX
  8
87
 10
51.000000
 20
81.950000
  0
VERTEX
  8
87
 10
48.000000
 20
82.050000
  0
VERTEX
  8
87
 10
45.300000
 20
82.250000
  0
VERTEX
  8
87
 10
44.300000
 20
82.550000
  0
VERTEX
  8
87
 10
42.200000
 20
83.250000
  0
VERTEX
  8
87
 10
39.100000
 20
83.950000
  0
VERTEX
  8
87
 10
32.000000
 20
85.050000
  0
SEQEND
  0
POLYLINE
  8
14
 66
     1
  0
VERTEX
  8
14
 10
32.000000
 20
85.050000
  0
VERTEX
  8
14
 10
30.500000
 20
88.750000
  0
VERTEX
  8
14
 10
29.000000
 20
93.250000
  0
VERTEX
  8
14
 10
26.700000
 20
97.750000
  0
VERTEX
  8
14
 10
25.600000
 20
100.250000
  0
VERTEX
  8
14
 10
24.900000
 20
102.150000
  0
VERTEX
  8
14
 10
24.100000
 20
104.450000
  0
VERTEX
  8
14
 10
23.500000
 20
106.350000
  0
VERTEX
  8
14
 10
23.100000
 20
108.050000
  0
VERTEX
  8
14
 10
22.700000
 20
109.450000
  0
VERTEX
  8
14
 10
22.400000
 20
112.450000
  0
VERTEX
  8
14
 10
22.000000
 20
115.850000
  0
VERTEX
  8
14
 10
21.500000
 20
118.750000
  0
VERTEX
  8
14
 10
21.300000
 20
121.250000
  0
VERTEX
  8
14
 10
21.000000
 20
124.350000
  0
VERTEX
  8
14
 10
20.700000
 20
127.350000
  0
VERTEX
  8
14
 10
20.500000
 20
129.850000
  0
VERTEX
  8
14
 10
20.300000
 20
132.550000
  0
VERTEX
  8
14
 10
20.300000
 20
136.350000
  0
VERTEX
  8
14
 10
20.300000
 20
141.550000
  0
VERTEX
  8
14
 10
20.300000
 20
147.450000
  0
VERTEX
  8
14
 10
20.300000
 20
153.250000
  0
VERTEX
  8
14
 10
20.400000
 20
157.950000
  0
VERTEX
  8
14
 10
20.500000
 20
161.350000
  0
VERTEX
  8
14
 10
20.600000
 20
163.850000
  0
VERTEX
  8
14
 10
20.700000
 20
165.650000
  0
VERTEX
  8
14
 10
21.300000
 20
167.950000
  0
VERTEX
  8
14
 10
22.300000
 20
170.550000
  0
VERTEX
  8
14
 10
23.300000
 20
172.950000
  0
VERTEX
  8
14
 10
23.800000
 20
174.250000
  0
VERTEX
  8
14
 10
25.100000
 20
176.250000
  0
VERTEX
  8
14
 10
25.500000
 20
177.450000
  0
VERTEX
  8
14
 10
29.600000
 20
187.050000
  0
VERTEX
  8
14
 10
34.000000
 20
188.150000
  0
VERTEX
  8
14
 10
36.700000
 20
188.750000
  0
VERTEX
  8
14
 10
40.200000
 20
190.150000
  0
VERTEX
  8
14
 10
41.600000
 20
190.550000
  0
VERTEX
  8
14
 10
43.200000
 20
190.950000
  0
VERTEX
  8
14
 10
45.500000
 20
191.250000
  0
VERTEX
  8
14
 10
47.400000
 20
191.250000
  0
VERTEX
  8
14
 10
67.600000
 20
190.350000
  0
VERTEX
  8
14
 10
89.700000
 20
189.050000
  0
VERTEX
  8
14
 10
111.700000
 20
187.750000
  0
VERTEX
  8
14
 10
124.900000
 20
187.050000
  0
VERTEX
  8
14
 10
129.300000
 20
94.150000
  0
VERTEX
  8
14
 10
115.500000
 20
92.050000
  0
VERTEX
  8
14
 10
93.700000
 20
88.550000
  0
VERTEX
  8
14
 10
72.000000
 20
85.050000
  0
VERTEX
  8
14
 10
51.000000
 20
81.950000
  0
VERTEX
  8
14
 10
48.000000
 20
82.050000
  0
VERTEX
  8
14
 10
45.300000
 20
82.250000
  0
VERTEX
  8
14
 10
44.300000
 20
82.550000
  0
VERTEX
  8
14
 10
42.200000
 20
83.250000
  0
VERTEX
  8
14
 10
39.100000
 20
83.950000
  0
VERTEX
  8
14
 10
32.000000
 20
85.050000
  0
SEQEND
  0
POINT
  8
2
 10
24.700000
 20
76.250000
  0
POINT
  8
2
 10
21.100000
 20
85.450000
  0
POINT
  8
2
 10
19.800000
 20
89.450000
  0
POINT
  8
3
 10
17.700000
 20
93.450000
  0
POINT
  8
3
 10
16.300000
 20
96.650000
  0
POINT
  8
3
 10
15.500000
 20
98.950000
  0
POINT
  8
3
 10
14.700000
 20
101.250000
  0
POINT
  8
3
 10
13.900000
 20
103.550000
  0
POINT
  8
3
 10
13.400000
 20
105.650000
  0
POINT
  8
3
 10
12.900000
 20
107.550000
  0
POINT
  8
3
 10
12.700000
 20
109.150000
  0
POINT
  8
3
 10
12.500000
 20
111.350000
  0
POINT
  8
3
 10
12.100000
 20
114.450000
  0
POINT
  8
3
 10
11.600000
 20
117.650000
  0
POINT
  8
3
 10
11.400000
 20
120.450000
  0
POINT
  8
3
 10
11.100000
 20
123.450000
  0
POINT
  8
3
 10
10.800000
 20
126.550000
  0
POINT
  8
3
 10
10.600000
 20
129.250000
  0
POINT
  8
3
 10
10.400000
 20
132.150000
  0
POINT
  8
3
 10
10.300000
 20
136.250000
  0
POINT
  8
3
 10
10.300000
 20
141.550000
  0
POINT
  8
3
 10
10.300000
 20
147.450000
  0
POINT
  8
3
 10
10.300000
 20
153.450000
  0
POINT
  8
3
 10
10.500000
 20
158.250000
  0
POINT
  8
3
 10
10.600000
 20
161.650000
  0
POINT
  8
3
 10
10.700000
 20
164.250000
  0
POINT
  8
3
 10
10.800000
 20
166.550000
  0
POINT
  8
3
 10
11.100000
 20
168.550000
  0
POINT
  8
3
 10
11.800000
 20
171.050000
  0
POINT
  8
3
 10
13.000000
 20
174.150000
  0
POINT
  8
3
 10
14.100000
 20
176.950000
  0
POINT
  8
3
 10
15.200000
 20
179.250000
  0
POINT
  8
2
 10
16.400000
 20
180.950000
  0
POINT
  8
2
 10
22.300000
 20
195.450000
  0
POINT
  8
2
 10
31.800000
 20
197.850000
  0
POINT
  8
3
 10
33.800000
 20
198.250000
  0
POINT
  8
3
 10
36.900000
 20
199.550000
  0
POINT
  8
3
 10
39.000000
 20
200.150000
  0
POINT
  8
3
 10
40.900000
 20
200.650000
  0
POINT
  8
3
 10
42.300000
 20
200.950000
  0
POINT
  8
3
 10
44.900000
 20
201.250000
  0
POINT
  8
3
 10
47.600000
 20
201.250000
  0
POINT
  8
3
 10
68.000000
 20
200.250000
  0
POINT
  8
3
 10
90.200000
 20
198.950000
  0
POINT
  8
3
 10
112.200000
 20
197.650000
  0
POINT
  8
2
 10
134.400000
 20
196.350000
  0
POINT
  8
2
 10
139.700000
 20
85.550000
  0
POINT
  8
3
 10
117.000000
 20
82.250000
  0
POINT
  8
3
 10
95.200000
 20
78.750000
  0
POINT
  8
3
 10
73.400000
 20
75.250000
  0
POINT
  8
3
 10
51.700000
 20
72.050000
  0
POINT
  8
3
 10
50.100000
 20
72.050000
  0
POINT
  8
3
 10
47.500000
 20
72.050000
  0
POINT
  8
3
 10
43.600000
 20
72.450000
  0
POINT
  8
3
 10
41.600000
 20
72.950000
  0
POINT
  8
3
 10
39.400000
 20
73.650000
  0
POINT
  8
2
 10
37.100000
 20
74.250000
  0
POINT
  8
2
 10
24.700000
 20
76.250000
  0
POINT
  8
2
 10
48.400000
 20
105.250000
  0
POINT
  8
2
 10
39.300000
 20
80.050000
  0
POINT
  8
2
 10
25.200000
 20
89.450000
  0
POINT
  8
2
 10
48.400000
 20
105.250000
  0
POINT
  8
2
 10
46.000000
 20
168.450000
  0
POINT
  8
2
 10
36.500000
 20
191.450000
  0
POINT
  8
2
 10
24.600000
 20
179.050000
  0
POINT
  8
2
 10
46.000000
 20
168.450000
  0
POINT
  8
2
 10
21.100000
 20
85.450000
 39
2.500000
 50
19.179010
  0
POINT
  8
2
 10
16.400000
 20
180.950000
 39
2.500000
 50
338.629400
  0
POINT
  8
2
 10
31.800000
 20
197.850000
 39
2.500000
 50
284.036300
  0
POINT
  8
2
 10
37.100000
 20
74.250000
 39
2.500000
 50
78.231710
  0
POINT
  8
2
 10
45.900000
 20
101.750000
  0
TEXT
  8
2
 10
45.900000
 20
101.750000
 40
0.250000
 50
0.000000
  1
#8
  0
POINT
  8
2
 10
42.300000
 20
172.550000
  0
TEXT
  8
2
 10
42.300000
 20
172.550000
 40
0.250000
 50
0.000000
  1
#8
  0
POINT
  8
2
 10
32.000000
 20
85.050000
  0
POINT
  8
2
 10
30.500000
 20
88.750000
  0
POINT
  8
2
 10
29.000000
 20
93.250000
  0
POINT
  8
3
 10
26.700000
 20
97.750000
  0
POINT
  8
3
 10
25.600000
 20
100.250000
  0
POINT
  8
3
 10
24.900000
 20
102.150000
  0
POINT
  8
3
 10
24.100000
 20
104.450000
  0
POINT
  8
3
 10
23.500000
 20
106.350000
  0
POINT
  8
3
 10
23.100000
 20
108.050000
  0
POINT
  8
3
 10
22.700000
 20
109.450000
  0
POINT
  8
3
 10
22.400000
 20
112.450000
  0
POINT
  8
3
 10
22.000000
 20
115.850000
  0
POINT
  8
3
 10
21.500000
 20
118.750000
  0
POINT
  8
3
 10
21.300000
 20
121.250000
  0
POINT
  8
3
 10
21.000000
 20
124.350000
  0
POINT
  8
3
 10
20.700000
 20
127.350000
  0
POINT
  8
3
 10
20.500000
 20
129.850000
  0
POINT
  8
3
 10
20.300000
 20
132.550000
  0
POINT
  8
3
 10
20.300000
 20
136.350000
  0
POINT
  8
3
 10
20.300000
 20
141.550000
  0
POINT
  8
3
 10
20.300000
 20
147.450000
  0
POINT
  8
3
 10
20.300000
 20
153.250000
  0
POINT
  8
3
 10
20.400000
 20
157.950000
  0
POINT
  8
3
 10
20.500000
 20
161.350000
  0
POINT
  8
3
 10
20.600000
 20
163.850000
  0
POINT
  8
3
 10
20.700000
 20
165.650000
  0
POINT
  8
3
 10
21.300000
 20
167.950000
  0
POINT
  8
3
 10
22.300000
 20
170.550000
  0
POINT
  8
3
 10
23.300000
 20
172.950000
  0
POINT
  8
3
 10
23.800000
 20
174.250000
  0
POINT
  8
2
 10
25.100000
 20
176.250000
  0
POINT
  8
3
 10
25.500000
 20
177.450000
  0
POINT
  8
2
 10
29.600000
 20
187.050000
  0
POINT
  8
2
 10
34.000000
 20
188.150000
  0
POINT
  8
3
 10
36.700000
 20
188.750000
  0
POINT
  8
3
 10
40.200000
 20
190.150000
  0
POINT
  8
3
 10
41.600000
 20
190.550000
  0
POINT
  8
3
 10
43.200000
 20
190.950000
  0
POINT
  8
3
 10
45.500000
 20
191.250000
  0
POINT
  8
3
 10
47.400000
 20
191.250000
  0
POINT
  8
3
 10
67.600000
 20
190.350000
  0
POINT
  8
3
 10
89.700000
 20
189.050000
  0
POINT
  8
3
 10
111.700000
 20
187.750000
  0
POINT
  8
2
 10
124.900000
 20
187.050000
  0
POINT
  8
2
 10
129.300000
 20
94.150000
  0
POINT
  8
3
 10
115.500000
 20
92.050000
  0
POINT
  8
3
 10
93.700000
 20
88.550000
  0
POINT
  8
3
 10
72.000000
 20
85.050000
  0
POINT
  8
3
 10
51.000000
 20
81.950000
  0
POINT
  8
3
 10
48.000000
 20
82.050000
  0
POINT
  8
3
 10
45.300000
 20
82.250000
  0
POINT
  8
3
 10
44.300000
 20
82.550000
  0
POINT
  8
3
 10
42.200000
 20
83.250000
  0
POINT
  8
2
 10
39.100000
 20
83.950000
  0
POINT
  8
2
 10
32.000000
 20
85.050000
  0
POINT
  8
4
 10
21.100000
 20
85.450000
 30
2.500000
 50
19.179010
  0
POINT
  8
4
 10
16.400000
 20
180.950000
 30
2.500000
 50
338.629400
  0
POINT
  8
4
 10
31.800000
 20
197.850000
 30
2.500000
 50
284.036300
  0
POINT
  8
4
 10
37.100000
 20
74.250000
 30
2.500000
 50
78.231710
  0
POINT
  8
13
 10
45.900000
 20
101.750000
 30
3.000000
  0
TEXT
  8
13
 10
45.900000
 20
101.750000
 40
0.250000
 50
0.000000
  1
#8
  0
POINT
  8
13
 10
42.300000
 20
172.550000
 30
3.000000
  0
TEXT
  8
13
 10
42.300000
 20
172.550000
 40
0.250000
 50
0.000000
  1
#8
  0
LINE
  8
5
 10
129.200000
 20
123.050000
 11
25.400000
 21
123.050000
  0
LINE
  8
7
 10
129.800000
 20
123.050000
 11
26.400000
 21
123.050000
  0
TEXT
  8
15
 10
110.300000
 20
185.150000
 40
11.007270
 50
357.917400
  1
DAV
  0
TEXT
  8
1
 10
5.600000
 20
-110.400000
 40
10.000000
 50
0.000000
  1
Piece Name: LNN INS PKT LEFT 1P
  0
TEXT
  8
1
 10
5.600000
 20
-99.400000
 40
10.000000
 50
0.000000
  1
Size: 50
  0
TEXT
  8
1
 10
5.600000
 20
-88.400000
 40
10.000000
 50
0.000000
  1
Annotation: LNN INS PKT LEFT 1P
  0
TEXT
  8
1
 10
5.600000
 20
-77.400000
 40
10.000000
 50
0.000000
  1
Quantity: 1
  0
TEXT
  8
1
 10
5.600000
 20
-66.400000
 40
10.000000
 50
0.000000
  1
Material: LINING
  0
ENDBLK
  0
BLOCK
  8
1
  2
VELLUTO INSIDE PKT FLAP 2P
 70
     0
 10
0.00
 20
0.00
  0
POLYLINE
  8
84
 66
     1
 70
     1
  0
VERTEX
  8
84
 10
114.000000
 20
232.750000
  0
VERTEX
  8
84
 10
114.000000
 20
88.550000
  0
VERTEX
  8
84
 10
53.000000
 20
88.550000
  0
VERTEX
  8
84
 10
39.100000
 20
161.050000
  0
VERTEX
  8
84
 10
53.000000
 20
232.750000
  0
VERTEX
  8
84
 10
114.000000
 20
232.750000
  0
SEQEND
  0
POLYLINE
  8
1
 66
     1
 70
     1
  0
VERTEX
  8
1
 10
114.000000
 20
232.750000
  0
VERTEX
  8
1
 10
114.000000
 20
88.550000
  0
VERTEX
  8
1
 10
53.000000
 20
88.550000
  0
VERTEX
  8
1
 10
39.100000
 20
161.050000
  0
VERTEX
  8
1
 10
53.000000
 20
232.750000
  0
VERTEX
  8
1
 10
114.000000
 20
232.750000
  0
SEQEND
  0
POLYLINE
  8
87
 66
     1
  0
VERTEX
  8
87
 10
104.000000
 20
222.750000
  0
VERTEX
  8
87
 10
104.000000
 20
98.550000
  0
VERTEX
  8
87
 10
61.300000
 20
98.550000
  0
VERTEX
  8
87
 10
48.900000
 20
160.950000
  0
VERTEX
  8
87
 10
61.200000
 20
222.750000
  0
VERTEX
  8
87
 10
104.000000
 20
222.750000
  0
SEQEND
  0
POLYLINE
  8
14
 66
     1
  0
VERTEX
  8
14
 10
104.000000
 20
222.750000
  0
VERTEX
  8
14
 10
104.000000
 20
98.550000
  0
VERTEX
  8
14
 10
61.300000
 20
98.550000
  0
VERTEX
  8
14
 10
48.900000
 20
160.950000
  0
VERTEX
  8
14
 10
61.200000
 20
222.750000
  0
VERTEX
  8
14
 10
104.000000
 20
222.750000
  0
SEQEND
  0
POINT
  8
2
 10
114.000000
 20
232.750000
  0
POINT
  8
2
 10
114.000000
 20
88.550000
  0
POINT
  8
2
 10
53.000000
 20
88.550000
  0
POINT
  8
2
 10
39.100000
 20
161.050000
  0
POINT
  8
2
 10
53.000000
 20
232.750000
  0
POINT
  8
2
 10
114.000000
 20
232.750000
  0
POINT
  8
2
 10
104.000000
 20
222.750000
  0
POINT
  8
2
 10
104.000000
 20
98.550000
  0
POINT
  8
2
 10
61.300000
 20
98.550000
  0
POINT
  8
2
 10
48.900000
 20
160.950000
  0
POINT
  8
2
 10
61.200000
 20
222.750000
  0
POINT
  8
2
 10
104.000000
 20
222.750000
  0
LINE
  8
5
 10
96.900000
 20
123.050000
 11
55.900000
 21
123.050000
  0
LINE
  8
7
 10
98.600000
 20
123.850000
 11
55.900000
 21
123.850000
  0
TEXT
  8
1
 10
5.600000
 20
-110.400000
 40
10.000000
 50
0.000000
  1
Piece Name: VELLUTO INSIDE PKT FLAP 2P
  0
TEXT
  8
1
 10
5.600000
 20
-99.400000
 40
10.000000
 50
0.000000
  1
Size: 50
  0
TEXT
  8
1
 10
5.600000
 20
-88.400000
 40
10.000000
 50
0.000000
  1
Annotation: VELLUTO INSIDE PKT FLAP 2P
  0
TEXT
  8
1
 10
5.600000
 20
-77.400000
 40
10.000000
 50
0.000000
  1
Quantity: 1
  0
TEXT
  8
1
 10
5.600000
 20
-66.400000
 40
10.000000
 50
0.000000
  1
Material: TEXTILE
  0
ENDBLK
  0
BLOCK
  8
1
  2
VELLUTO INSIDE PKT1P
 70
     0
 10
0.00
 20
0.00
  0
POLYLINE
  8
84
 66
     1
 70
     1
  0
VERTEX
  8
84
 10
138.700000
 20
230.050000
  0
VERTEX
  8
84
 10
173.700000
 20
230.050000
  0
VERTEX
  8
84
 10
173.700000
 20
89.950000
  0
VERTEX
  8
84
 10
138.700000
 20
89.950000
  0
VERTEX
  8
84
 10
8.300000
 20
89.950000
  0
VERTEX
  8
84
 10
-6.700000
 20
159.350000
  0
VERTEX
  8
84
 10
9.100000
 20
230.050000
  0
VERTEX
  8
84
 10
138.700000
 20
230.050000
  0
SEQEND
  0
POLYLINE
  8
1
 66
     1
 70
     1
  0
VERTEX
  8
1
 10
138.700000
 20
230.050000
  0
VERTEX
  8
1
 10
173.700000
 20
230.050000
  0
VERTEX
  8
1
 10
173.700000
 20
89.950000
  0
VERTEX
  8
1
 10
138.700000
 20
89.950000
  0
VERTEX
  8
1
 10
8.300000
 20
89.950000
  0
VERTEX
  8
1
 10
-6.700000
 20
159.350000
  0
VERTEX
  8
1
 10
9.100000
 20
230.050000
  0
VERTEX
  8
1
 10
138.700000
 20
230.050000
  0
SEQEND
  0
POLYLINE
  8
87
 66
     1
  0
VERTEX
  8
87
 10
138.700000
 20
220.050000
  0
VERTEX
  8
87
 10
138.700000
 20
99.950000
  0
VERTEX
  8
87
 10
16.300000
 20
99.950000
  0
VERTEX
  8
87
 10
3.000000
 20
159.350000
  0
VERTEX
  8
87
 10
17.000000
 20
220.050000
  0
VERTEX
  8
87
 10
138.700000
 20
220.050000
  0
SEQEND
  0
POLYLINE
  8
14
 66
     1
  0
VERTEX
  8
14
 10
138.700000
 20
220.050000
  0
VERTEX
  8
14
 10
138.700000
 20
99.950000
  0
VERTEX
  8
14
 10
16.300000
 20
99.950000
  0
VERTEX
  8
14
 10
3.000000
 20
159.350000
  0
VERTEX
  8
14
 10
17.000000
 20
220.050000
  0
VERTEX
  8
14
 10
138.700000
 20
220.050000
  0
SEQEND
  0
POINT
  8
2
 10
138.700000
 20
230.050000
  0
POINT
  8
2
 10
173.700000
 20
230.050000
  0
POINT
  8
2
 10
173.700000
 20
89.950000
  0
POINT
  8
2
 10
138.700000
 20
89.950000
  0
POINT
  8
2
 10
8.300000
 20
89.950000
  0
POINT
  8
2
 10
-6.700000
 20
159.350000
  0
POINT
  8
2
 10
9.100000
 20
230.050000
  0
POINT
  8
2
 10
138.700000
 20
230.050000
  0
POINT
  8
2
 10
138.700000
 20
230.050000
 39
2.500000
 50
270.000000
  0
POINT
  8
2
 10
138.700000
 20
89.950000
 39
2.500000
 50
90.000000
  0
POINT
  8
2
 10
138.700000
 20
220.050000
  0
POINT
  8
2
 10
138.700000
 20
99.950000
  0
POINT
  8
2
 10
16.300000
 20
99.950000
  0
POINT
  8
2
 10
3.000000
 20
159.350000
  0
POINT
  8
2
 10
17.000000
 20
220.050000
  0
POINT
  8
2
 10
138.700000
 20
220.050000
  0
POINT
  8
4
 10
138.700000
 20
230.050000
 30
2.500000
 50
270.000000
  0
POINT
  8
4
 10
138.700000
 20
89.950000
 30
2.500000
 50
90.000000
  0
LINE
  8
5
 10
113.200000
 20
123.050000
 11
41.400000
 21
123.050000
  0
LINE
  8
7
 10
113.200000
 20
123.050000
 11
41.400000
 21
123.050000
  0
TEXT
  8
1
 10
5.600000
 20
-110.400000
 40
10.000000
 50
0.000000
  1
Piece Name: VELLUTO INSIDE PKT1P
  0
TEXT
  8
1
 10
5.600000
 20
-99.400000
 40
10.000000
 50
0.000000
  1
Size: 50
  0
TEXT
  8
1
 10
5.600000
 20
-88.400000
 40
10.000000
 50
0.000000
  1
Annotation: VELLUTO INSIDE PKT1P
  0
TEXT
  8
1
 10
5.600000
 20
-77.400000
 40
10.000000
 50
0.000000
  1
Quantity: 1
  0
TEXT
  8
1
 10
5.600000
 20
-66.400000
 40
10.000000
 50
0.000000
  1
Material: TEXTILE
  0
ENDBLK
  0
BLOCK
  8
1
  2
LININNG UP SLEEVE 2P
 70
     0
 10
0.00
 20
0.00
  0
POLYLINE
  8
84
 66
     1
 70
     1
  0
VERTEX
  8
84
 10
-211.100000
 20
281.850000
  0
VERTEX
  8
84
 10
-181.200000
 20
282.850000
  0
VERTEX
  8
84
 10
-138.500000
 20
285.150000
  0
VERTEX
  8
84
 10
-105.800000
 20
286.550000
  0
VERTEX
  8
84
 10
-85.300000
 20
286.850000
  0
VERTEX
  8
84
 10
-73.500000
 20
286.950000
  0
VERTEX
  8
84
 10
-7.300000
 20
286.550000
  0
VERTEX
  8
84
 10
54.500000
 20
285.050000
  0
VERTEX
  8
84
 10
107.100000
 20
282.350000
  0
VERTEX
  8
84
 10
148.900000
 20
279.450000
  0
VERTEX
  8
84
 10
182.900000
 20
276.850000
  0
VERTEX
  8
84
 10
242.300000
 20
272.650000
  0
VERTEX
  8
84
 10
283.400000
 20
270.050000
  0
VERTEX
  8
84
 10
307.800000
 20
268.850000
  0
VERTEX
  8
84
 10
306.800000
 20
258.550000
  0
VERTEX
  8
84
 10
311.300000
 20
249.250000
  0
VERTEX
  8
84
 10
317.800000
 20
234.850000
  0
VERTEX
  8
84
 10
323.700000
 20
219.150000
  0
VERTEX
  8
84
 10
327.400000
 20
207.050000
  0
VERTEX
  8
84
 10
329.800000
 20
196.650000
  0
VERTEX
  8
84
 10
331.600000
 20
185.350000
  0
VERTEX
  8
84
 10
332.500000
 20
173.650000
  0
VERTEX
  8
84
 10
332.400000
 20
163.950000
  0
VERTEX
  8
84
 10
331.800000
 20
157.450000
  0
VERTEX
  8
84
 10
331.200000
 20
154.150000
  0
VERTEX
  8
84
 10
330.600000
 20
151.350000
  0
VERTEX
  8
84
 10
329.300000
 20
145.550000
  0
VERTEX
  8
84
 10
327.600000
 20
139.250000
  0
VERTEX
  8
84
 10
325.400000
 20
132.550000
  0
VERTEX
  8
84
 10
322.300000
 20
125.450000
  0
VERTEX
  8
84
 10
318.700000
 20
118.150000
  0
VERTEX
  8
84
 10
314.300000
 20
110.550000
  0
VERTEX
  8
84
 10
309.000000
 20
102.850000
  0
VERTEX
  8
84
 10
303.200000
 20
95.250000
  0
VERTEX
  8
84
 10
296.900000
 20
87.850000
  0
VERTEX
  8
84
 10
289.400000
 20
80.150000
  0
VERTEX
  8
84
 10
281.100000
 20
72.350000
  0
VERTEX
  8
84
 10
273.400000
 20
65.750000
  0
VERTEX
  8
84
 10
267.100000
 20
60.850000
  0
VERTEX
  8
84
 10
261.900000
 20
57.350000
  0
VERTEX
  8
84
 10
251.400000
 20
50.150000
  0
VERTEX
  8
84
 10
243.100000
 20
44.450000
  0
VERTEX
  8
84
 10
236.800000
 20
40.150000
  0
VERTEX
  8
84
 10
225.100000
 20
32.850000
  0
VERTEX
  8
84
 10
213.300000
 20
24.650000
  0
VERTEX
  8
84
 10
202.100000
 20
15.650000
  0
VERTEX
  8
84
 10
192.500000
 20
6.050000
  0
VERTEX
  8
84
 10
184.700000
 20
-4.650000
  0
VERTEX
  8
84
 10
178.200000
 20
-15.950000
  0
VERTEX
  8
84
 10
173.100000
 20
-26.650000
  0
VERTEX
  8
84
 10
169.900000
 20
-35.750000
  0
VERTEX
  8
84
 10
168.200000
 20
-43.350000
  0
VERTEX
  8
84
 10
56.100000
 20
-21.650000
  0
VERTEX
  8
84
 10
-61.600000
 20
0.350000
  0
VERTEX
  8
84
 10
-186.800000
 20
23.350000
  0
VERTEX
  8
84
 10
-317.800000
 20
47.350000
  0
VERTEX
  8
84
 10
-316.200000
 20
251.850000
  0
VERTEX
  8
84
 10
-210.200000
 20
258.350000
  0
VERTEX
  8
84
 10
-211.100000
 20
281.850000
  0
SEQEND
  0
POLYLINE
  8
1
 66
     1
 70
     1
  0
VERTEX
  8
1
 10
-211.100000
 20
281.850000
  0
VERTEX
  8
1
 10
-181.200000
 20
282.850000
  0
VERTEX
  8
1
 10
-138.500000
 20
285.150000
  0
VERTEX
  8
1
 10
-105.800000
 20
286.550000
  0
VERTEX
  8
1
 10
-85.300000
 20
286.850000
  0
VERTEX
  8
1
 10
-73.500000
 20
286.950000
  0
VERTEX
  8
1
 10
-7.300000
 20
286.550000
  0
VERTEX
  8
1
 10
54.500000
 20
285.050000
  0
VERTEX
  8
1
 10
107.100000
 20
282.350000
  0
VERTEX
  8
1
 10
148.900000
 20
279.450000
  0
VERTEX
  8
1
 10
182.900000
 20
276.850000
  0
VERTEX
  8
1
 10
242.300000
 20
272.650000
  0
VERTEX
  8
1
 10
283.400000
 20
270.050000
  0
VERTEX
  8
1
 10
307.800000
 20
268.850000
  0
VERTEX
  8
1
 10
306.800000
 20
258.550000
  0
VERTEX
  8
1
 10
311.300000
 20
249.250000
  0
VERTEX
  8
1
 10
317.800000
 20
234.850000
  0
VERTEX
  8
1
 10
323.700000
 20
219.150000
  0
VERTEX
  8
1
 10
327.400000
 20
207.050000
  0
VERTEX
  8
1
 10
329.800000
 20
196.650000
  0
VERTEX
  8
1
 10
331.600000
 20
185.350000
  0
VERTEX
  8
1
 10
332.500000
 20
173.650000
  0
VERTEX
  8
1
 10
332.400000
 20
163.950000
  0
VERTEX
  8
1
 10
331.800000
 20
157.450000
  0
VERTEX
  8
1
 10
331.200000
 20
154.150000
  0
VERTEX
  8
1
 10
330.600000
 20
151.350000
  0
VERTEX
  8
1
 10
329.300000
 20
145.550000
  0
VERTEX
  8
1
 10
327.600000
 20
139.250000
  0
VERTEX
  8
1
 10
325.400000
 20
132.550000
  0
VERTEX
  8
1
 10
322.300000
 20
125.450000
  0
VERTEX
  8
1
 10
318.700000
 20
118.150000
  0
VERTEX
  8
1
 10
314.300000
 20
110.550000
  0
VERTEX
  8
1
 10
309.000000
 20
102.850000
  0
VERTEX
  8
1
 10
303.200000
 20
95.250000
  0
VERTEX
  8
1
 10
296.900000
 20
87.850000
  0
VERTEX
  8
1
 10
289.400000
 20
80.150000
  0
VERTEX
  8
1
 10
281.100000
 20
72.350000
  0
VERTEX
  8
1
 10
273.400000
 20
65.750000
  0
VERTEX
  8
1
 10
267.100000
 20
60.850000
  0
VERTEX
  8
1
 10
261.900000
 20
57.350000
  0
VERTEX
  8
1
 10
251.400000
 20
50.150000
  0
VERTEX
  8
1
 10
243.100000
 20
44.450000
  0
VERTEX
  8
1
 10
236.800000
 20
40.150000
  0
VERTEX
  8
1
 10
225.100000
 20
32.850000
  0
VERTEX
  8
1
 10
213.300000
 20
24.650000
  0
VERTEX
  8
1
 10
202.100000
 20
15.650000
  0
VERTEX
  8
1
 10
192.500000
 20
6.050000
  0
VERTEX
  8
1
 10
184.700000
 20
-4.650000
  0
VERTEX
  8
1
 10
178.200000
 20
-15.950000
  0
VERTEX
  8
1
 10
173.100000
 20
-26.650000
  0
VERTEX
  8
1
 10
169.900000
 20
-35.750000
  0
VERTEX
  8
1
 10
168.200000
 20
-43.350000
  0
VERTEX
  8
1
 10
56.100000
 20
-21.650000
  0
VERTEX
  8
1
 10
-61.600000
 20
0.350000
  0
VERTEX
  8
1
 10
-186.800000
 20
23.350000
  0
VERTEX
  8
1
 10
-317.800000
 20
47.350000
  0
VERTEX
  8
1
 10
-316.200000
 20
251.850000
  0
VERTEX
  8
1
 10
-210.200000
 20
258.350000
  0
VERTEX
  8
1
 10
-211.100000
 20
281.850000
  0
SEQEND
  0
POLYLINE
  8
87
 66
     1
  0
VERTEX
  8
87
 10
-200.000000
 20
248.950000
  0
VERTEX
  8
87
 10
-200.800000
 20
272.250000
  0
VERTEX
  8
87
 10
-180.800000
 20
272.950000
  0
VERTEX
  8
87
 10
-138.000000
 20
275.250000
  0
VERTEX
  8
87
 10
-105.500000
 20
276.650000
  0
VERTEX
  8
87
 10
-85.200000
 20
276.950000
  0
VERTEX
  8
87
 10
-73.500000
 20
277.050000
  0
VERTEX
  8
87
 10
-7.400000
 20
276.650000
  0
VERTEX
  8
87
 10
54.200000
 20
275.150000
  0
VERTEX
  8
87
 10
106.500000
 20
272.450000
  0
VERTEX
  8
87
 10
148.200000
 20
269.550000
  0
VERTEX
  8
87
 10
182.600000
 20
266.950000
  0
VERTEX
  8
87
 10
241.600000
 20
262.750000
  0
VERTEX
  8
87
 10
282.900000
 20
260.150000
  0
VERTEX
  8
87
 10
296.900000
 20
259.450000
  0
VERTEX
  8
87
 10
296.700000
 20
256.750000
  0
VERTEX
  8
87
 10
302.200000
 20
245.050000
  0
VERTEX
  8
87
 10
308.600000
 20
231.050000
  0
VERTEX
  8
87
 10
314.300000
 20
215.950000
  0
VERTEX
  8
87
 10
317.800000
 20
204.450000
  0
VERTEX
  8
87
 10
320.000000
 20
194.750000
  0
VERTEX
  8
87
 10
321.700000
 20
184.250000
  0
VERTEX
  8
87
 10
322.600000
 20
173.350000
  0
VERTEX
  8
87
 10
322.500000
 20
164.450000
  0
VERTEX
  8
87
 10
321.900000
 20
158.750000
  0
VERTEX
  8
87
 10
321.400000
 20
155.950000
  0
VERTEX
  8
87
 10
320.900000
 20
153.350000
  0
VERTEX
  8
87
 10
319.600000
 20
147.850000
  0
VERTEX
  8
87
 10
318.000000
 20
142.050000
  0
VERTEX
  8
87
 10
316.100000
 20
136.050000
  0
VERTEX
  8
87
 10
313.300000
 20
129.650000
  0
VERTEX
  8
87
 10
309.900000
 20
122.850000
  0
VERTEX
  8
87
 10
305.900000
 20
115.850000
  0
VERTEX
  8
87
 10
300.900000
 20
108.650000
  0
VERTEX
  8
87
 10
295.400000
 20
101.450000
  0
VERTEX
  8
87
 10
289.500000
 20
94.550000
  0
VERTEX
  8
87
 10
282.400000
 20
87.250000
  0
VERTEX
  8
87
 10
274.400000
 20
79.750000
  0
VERTEX
  8
87
 10
267.100000
 20
73.450000
  0
VERTEX
  8
87
 10
261.300000
 20
68.850000
  0
VERTEX
  8
87
 10
256.300000
 20
65.550000
  0
VERTEX
  8
87
 10
245.800000
 20
58.350000
  0
VERTEX
  8
87
 10
237.500000
 20
52.650000
  0
VERTEX
  8
87
 10
231.400000
 20
48.450000
  0
VERTEX
  8
87
 10
219.600000
 20
41.150000
  0
VERTEX
  8
87
 10
207.300000
 20
32.650000
  0
VERTEX
  8
87
 10
195.500000
 20
23.050000
  0
VERTEX
  8
87
 10
185.000000
 20
12.450000
  0
VERTEX
  8
87
 10
176.400000
 20
0.750000
  0
VERTEX
  8
87
 10
169.400000
 20
-11.350000
  0
VERTEX
  8
87
 10
163.900000
 20
-22.850000
  0
VERTEX
  8
87
 10
160.600000
 20
-31.750000
  0
VERTEX
  8
87
 10
58.000000
 20
-11.850000
  0
VERTEX
  8
87
 10
-59.800000
 20
10.150000
  0
VERTEX
  8
87
 10
-185.000000
 20
33.150000
  0
VERTEX
  8
87
 10
-307.800000
 20
55.650000
  0
VERTEX
  8
87
 10
-306.400000
 20
242.450000
  0
VERTEX
  8
87
 10
-200.000000
 20
248.950000
  0
SEQEND
  0
POLYLINE
  8
14
 66
     1
  0
VERTEX
  8
14
 10
-200.000000
 20
248.950000
  0
VERTEX
  8
14
 10
-200.800000
 20
272.250000
  0
VERTEX
  8
14
 10
-180.800000
 20
272.950000
  0
VERTEX
  8
14
 10
-138.000000
 20
275.250000
  0
VERTEX
  8
14
 10
-105.500000
 20
276.650000
  0
VERTEX
  8
14
 10
-85.200000
 20
276.950000
  0
VERTEX
  8
14
 10
-73.500000
 20
277.050000
  0
VERTEX
  8
14
 10
-7.400000
 20
276.650000
  0
VERTEX
  8
14
 10
54.200000
 20
275.150000
  0
VERTEX
  8
14
 10
106.500000
 20
272.450000
  0
VERTEX
  8
14
 10
148.200000
 20
269.550000
  0
VERTEX
  8
14
 10
182.600000
 20
266.950000
  0
VERTEX
  8
14
 10
241.600000
 20
262.750000
  0
VERTEX
  8
14
 10
282.900000
 20
260.150000
  0
VERTEX
  8
14
 10
296.900000
 20
259.450000
  0
VERTEX
  8
14
 10
296.700000
 20
256.750000
  0
VERTEX
  8
14
 10
302.200000
 20
245.050000
  0
VERTEX
  8
14
 10
308.600000
 20
231.050000
  0
VERTEX
  8
14
 10
314.300000
 20
215.950000
  0
VERTEX
  8
14
 10
317.800000
 20
204.450000
  0
VERTEX
  8
14
 10
320.000000
 20
194.750000
  0
VERTEX
  8
14
 10
321.700000
 20
184.250000
  0
VERTEX
  8
14
 10
322.600000
 20
173.350000
  0
VERTEX
  8
14
 10
322.500000
 20
164.450000
  0
VERTEX
  8
14
 10
321.900000
 20
158.750000
  0
VERTEX
  8
14
 10
321.400000
 20
155.950000
  0
VERTEX
  8
14
 10
320.900000
 20
153.350000
  0
VERTEX
  8
14
 10
319.600000
 20
147.850000
  0
VERTEX
  8
14
 10
318.000000
 20
142.050000
  0
VERTEX
  8
14
 10
316.100000
 20
136.050000
  0
VERTEX
  8
14
 10
313.300000
 20
129.650000
  0
VERTEX
  8
14
 10
309.900000
 20
122.850000
  0
VERTEX
  8
14
 10
305.900000
 20
115.850000
  0
VERTEX
  8
14
 10
300.900000
 20
108.650000
  0
VERTEX
  8
14
 10
295.400000
 20
101.450000
  0
VERTEX
  8
14
 10
289.500000
 20
94.550000
  0
VERTEX
  8
14
 10
282.400000
 20
87.250000
  0
VERTEX
  8
14
 10
274.400000
 20
79.750000
  0
VERTEX
  8
14
 10
267.100000
 20
73.450000
  0
VERTEX
  8
14
 10
261.300000
 20
68.850000
  0
VERTEX
  8
14
 10
256.300000
 20
65.550000
  0
VERTEX
  8
14
 10
245.800000
 20
58.350000
  0
VERTEX
  8
14
 10
237.500000
 20
52.650000
  0
VERTEX
  8
14
 10
231.400000
 20
48.450000
  0
VERTEX
  8
14
 10
219.600000
 20
41.150000
  0
VERTEX
  8
14
 10
207.300000
 20
32.650000
  0
VERTEX
  8
14
 10
195.500000
 20
23.050000
  0
VERTEX
  8
14
 10
185.000000
 20
12.450000
  0
VERTEX
  8
14
 10
176.400000
 20
0.750000
  0
VERTEX
  8
14
 10
169.400000
 20
-11.350000
  0
VERTEX
  8
14
 10
163.900000
 20
-22.850000
  0
VERTEX
  8
14
 10
160.600000
 20
-31.750000
  0
VERTEX
  8
14
 10
58.000000
 20
-11.850000
  0
VERTEX
  8
14
 10
-59.800000
 20
10.150000
  0
VERTEX
  8
14
 10
-185.000000
 20
33.150000
  0
VERTEX
  8
14
 10
-307.800000
 20
55.650000
  0
VERTEX
  8
14
 10
-306.400000
 20
242.450000
  0
VERTEX
  8
14
 10
-200.000000
 20
248.950000
  0
SEQEND
  0
POINT
  8
2
 10
-211.100000
 20
281.850000
  0
TEXT
  8
2
 10
-211.100000
 20
281.850000
 40
0.250000
 50
0.000000
  1
#25
  0
POINT
  8
3
 10
-181.200000
 20
282.850000
  0
POINT
  8
3
 10
-138.500000
 20
285.150000
  0
POINT
  8
3
 10
-105.800000
 20
286.550000
  0
POINT
  8
3
 10
-85.300000
 20
286.850000
  0
POINT
  8
2
 10
-73.500000
 20
286.950000
  0
TEXT
  8
2
 10
-73.500000
 20
286.950000
 40
0.250000
 50
0.000000
  1
#26
  0
POINT
  8
3
 10
-7.300000
 20
286.550000
  0
POINT
  8
3
 10
54.500000
 20
285.050000
  0
POINT
  8
3
 10
107.100000
 20
282.350000
  0
POINT
  8
3
 10
148.900000
 20
279.450000
  0
POINT
  8
2
 10
182.900000
 20
276.850000
  0
TEXT
  8
2
 10
182.900000
 20
276.850000
 40
0.250000
 50
0.000000
  1
#27
  0
POINT
  8
3
 10
242.300000
 20
272.650000
  0
POINT
  8
3
 10
283.400000
 20
270.050000
  0
POINT
  8
2
 10
307.800000
 20
268.850000
  0
POINT
  8
2
 10
306.800000
 20
258.550000
  0
TEXT
  8
2
 10
306.800000
 20
258.550000
 40
0.250000
 50
0.000000
  1
#11
  0
POINT
  8
3
 10
311.300000
 20
249.250000
  0
POINT
  8
2
 10
317.800000
 20
234.850000
  0
TEXT
  8
2
 10
317.800000
 20
234.850000
 40
0.250000
 50
0.000000
  1
#11
  0
POINT
  8
3
 10
323.700000
 20
219.150000
  0
POINT
  8
3
 10
327.400000
 20
207.050000
  0
POINT
  8
3
 10
329.800000
 20
196.650000
  0
POINT
  8
3
 10
331.600000
 20
185.350000
  0
POINT
  8
3
 10
332.500000
 20
173.650000
  0
POINT
  8
3
 10
332.400000
 20
163.950000
  0
POINT
  8
3
 10
331.800000
 20
157.450000
  0
POINT
  8
3
 10
331.200000
 20
154.150000
  0
POINT
  8
2
 10
330.600000
 20
151.350000
  0
TEXT
  8
2
 10
330.600000
 20
151.350000
 40
0.250000
 50
0.000000
  1
#22
  0
POINT
  8
3
 10
329.300000
 20
145.550000
  0
POINT
  8
3
 10
327.600000
 20
139.250000
  0
POINT
  8
3
 10
325.400000
 20
132.550000
  0
POINT
  8
3
 10
322.300000
 20
125.450000
  0
POINT
  8
3
 10
318.700000
 20
118.150000
  0
POINT
  8
3
 10
314.300000
 20
110.550000
  0
POINT
  8
3
 10
309.000000
 20
102.850000
  0
POINT
  8
3
 10
303.200000
 20
95.250000
  0
POINT
  8
3
 10
296.900000
 20
87.850000
  0
POINT
  8
3
 10
289.400000
 20
80.150000
  0
POINT
  8
3
 10
281.100000
 20
72.350000
  0
POINT
  8
3
 10
273.400000
 20
65.750000
  0
POINT
  8
3
 10
267.100000
 20
60.850000
  0
POINT
  8
2
 10
261.900000
 20
57.350000
  0
TEXT
  8
2
 10
261.900000
 20
57.350000
 40
0.250000
 50
0.000000
  1
#8
  0
POINT
  8
3
 10
251.400000
 20
50.150000
  0
POINT
  8
3
 10
243.100000
 20
44.450000
  0
POINT
  8
2
 10
236.800000
 20
40.150000
  0
TEXT
  8
2
 10
236.800000
 20
40.150000
 40
0.250000
 50
0.000000
  1
#8
  0
POINT
  8
3
 10
225.100000
 20
32.850000
  0
POINT
  8
3
 10
213.300000
 20
24.650000
  0
POINT
  8
3
 10
202.100000
 20
15.650000
  0
POINT
  8
3
 10
192.500000
 20
6.050000
  0
POINT
  8
3
 10
184.700000
 20
-4.650000
  0
POINT
  8
3
 10
178.200000
 20
-15.950000
  0
POINT
  8
3
 10
173.100000
 20
-26.650000
  0
POINT
  8
3
 10
169.900000
 20
-35.750000
  0
POINT
  8
2
 10
168.200000
 20
-43.350000
  0
TEXT
  8
2
 10
168.200000
 20
-43.350000
 40
0.250000
 50
0.000000
  1
#23
  0
POINT
  8
3
 10
56.100000
 20
-21.650000
  0
POINT
  8
3
 10
-61.600000
 20
0.350000
  0
POINT
  8
3
 10
-186.800000
 20
23.350000
  0
POINT
  8
2
 10
-317.800000
 20
47.350000
  0
TEXT
  8
2
 10
-317.800000
 20
47.350000
 40
0.250000
 50
0.000000
  1
#24
  0
POINT
  8
2
 10
-316.200000
 20
251.850000
  0
TEXT
  8
2
 10
-316.200000
 20
251.850000
 40
0.250000
 50
0.000000
  1
#25
  0
POINT
  8
2
 10
-210.200000
 20
258.350000
  0
TEXT
  8
2
 10
-210.200000
 20
258.350000
 40
0.250000
 50
0.000000
  1
#25
  0
POINT
  8
2
 10
-211.100000
 20
281.850000
  0
POINT
  8
2
 10
-73.500000
 20
286.950000
 39
2.500000
 50
270.000000
  0
POINT
  8
2
 10
182.900000
 20
276.850000
 39
2.500000
 50
267.614100
  0
POINT
  8
2
 10
317.800000
 20
234.850000
 39
2.500000
 50
201.370600
  0
POINT
  8
2
 10
330.600000
 20
151.350000
 39
2.500000
 50
168.231700
  0
POINT
  8
2
 10
261.900000
 20
57.350000
 39
2.500000
 50
123.023900
  0
POINT
  8
2
 10
236.800000
 20
40.150000
 39
2.500000
 50
124.992000
  0
POINT
  8
2
 10
-200.000000
 20
248.950000
  0
POINT
  8
2
 10
-200.800000
 20
272.250000
  0
POINT
  8
3
 10
-180.800000
 20
272.950000
  0
POINT
  8
3
 10
-138.000000
 20
275.250000
  0
POINT
  8
3
 10
-105.500000
 20
276.650000
  0
POINT
  8
3
 10
-85.200000
 20
276.950000
  0
POINT
  8
2
 10
-73.500000
 20
277.050000
  0
POINT
  8
3
 10
-7.400000
 20
276.650000
  0
POINT
  8
3
 10
54.200000
 20
275.150000
  0
POINT
  8
3
 10
106.500000
 20
272.450000
  0
POINT
  8
3
 10
148.200000
 20
269.550000
  0
POINT
  8
2
 10
182.600000
 20
266.950000
  0
POINT
  8
3
 10
241.600000
 20
262.750000
  0
POINT
  8
3
 10
282.900000
 20
260.150000
  0
POINT
  8
2
 10
296.900000
 20
259.450000
  0
POINT
  8
2
 10
296.700000
 20
256.750000
  0
POINT
  8
3
 10
302.200000
 20
245.050000
  0
POINT
  8
2
 10
308.600000
 20
231.050000
  0
POINT
  8
3
 10
314.300000
 20
215.950000
  0
POINT
  8
3
 10
317.800000
 20
204.450000
  0
POINT
  8
3
 10
320.000000
 20
194.750000
  0
POINT
  8
3
 10
321.700000
 20
184.250000
  0
POINT
  8
3
 10
322.600000
 20
173.350000
  0
POINT
  8
3
 10
322.500000
 20
164.450000
  0
POINT
  8
3
 10
321.900000
 20
158.750000
  0
POINT
  8
3
 10
321.400000
 20
155.950000
  0
POINT
  8
2
 10
320.900000
 20
153.350000
  0
POINT
  8
3
 10
319.600000
 20
147.850000
  0
POINT
  8
3
 10
318.000000
 20
142.050000
  0
POINT
  8
3
 10
316.100000
 20
136.050000
  0
POINT
  8
3
 10
313.300000
 20
129.650000
  0
POINT
  8
3
 10
309.900000
 20
122.850000
  0
POINT
  8
3
 10
305.900000
 20
115.850000
  0
POINT
  8
3
 10
300.900000
 20
108.650000
  0
POINT
  8
3
 10
295.400000
 20
101.450000
  0
POINT
  8
3
 10
289.500000
 20
94.550000
  0
POINT
  8
3
 10
282.400000
 20
87.250000
  0
POINT
  8
3
 10
274.400000
 20
79.750000
  0
POINT
  8
3
 10
267.100000
 20
73.450000
  0
POINT
  8
3
 10
261.300000
 20
68.850000
  0
POINT
  8
2
 10
256.300000
 20
65.550000
  0
POINT
  8
3
 10
245.800000
 20
58.350000
  0
POINT
  8
3
 10
237.500000
 20
52.650000
  0
POINT
  8
2
 10
231.400000
 20
48.450000
  0
POINT
  8
3
 10
219.600000
 20
41.150000
  0
POINT
  8
3
 10
207.300000
 20
32.650000
  0
POINT
  8
3
 10
195.500000
 20
23.050000
  0
POINT
  8
3
 10
185.000000
 20
12.450000
  0
POINT
  8
3
 10
176.400000
 20
0.750000
  0
POINT
  8
3
 10
169.400000
 20
-11.350000
  0
POINT
  8
3
 10
163.900000
 20
-22.850000
  0
POINT
  8
2
 10
160.600000
 20
-31.750000
  0
POINT
  8
3
 10
58.000000
 20
-11.850000
  0
POINT
  8
3
 10
-59.800000
 20
10.150000
  0
POINT
  8
3
 10
-185.000000
 20
33.150000
  0
POINT
  8
2
 10
-307.800000
 20
55.650000
  0
POINT
  8
2
 10
-306.400000
 20
242.450000
  0
POINT
  8
2
 10
-200.000000
 20
248.950000
  0
POINT
  8
4
 10
-73.500000
 20
286.950000
 30
2.500000
 50
270.000000
  0
POINT
  8
4
 10
182.900000
 20
276.850000
 30
2.500000
 50
267.614100
  0
POINT
  8
4
 10
317.800000
 20
234.850000
 30
2.500000
 50
201.370600
  0
POINT
  8
4
 10
330.600000
 20
151.350000
 30
2.500000
 50
168.231700
  0
POINT
  8
4
 10
261.900000
 20
57.350000
 30
2.500000
 50
123.023900
  0
POINT
  8
4
 10
236.800000
 20
40.150000
 30
2.500000
 50
124.992000
  0
LINE
  8
5
 10
125.200000
 20
123.050000
 11
29.400000
 21
123.050000
  0
LINE
  8
7
 10
125.200000
 20
123.050000
 11
29.400000
 21
123.050000
  0
TEXT
  8
1
 10
5.600000
 20
-110.400000
 40
10.000000
 50
0.000000
  1
Piece Name: LININNG UP SLEEVE 2P
  0
TEXT
  8
1
 10
5.600000
 20
-99.400000
 40
10.000000
 50
0.000000
  1
Size: 50
  0
TEXT
  8
1
 10
5.600000
 20
-88.400000
 40
10.000000
 50
0.000000
  1
Annotation: LININNG UP SLEEVE 2P
  0
TEXT
  8
1
 10
5.600000
 20
-77.400000
 40
10.000000
 50
0.000000
  1
Quantity: 1
  0
TEXT
  8
1
 10
5.600000
 20
-66.400000
 40
10.000000
 50
0.000000
  1
Material: LINING
  0
ENDBLK
  0
BLOCK
  8
1
  2
LINING UNDR SLEEVE 2P
 70
     0
 10
0.00
 20
0.00
  0
POLYLINE
  8
84
 66
     1
 70
     1
  0
VERTEX
  8
84
 10
108.900000
 20
232.850000
  0
VERTEX
  8
84
 10
113.400000
 20
222.650000
  0
VERTEX
  8
84
 10
118.000000
 20
214.350000
  0
VERTEX
  8
84
 10
123.200000
 20
206.150000
  0
VERTEX
  8
84
 10
129.000000
 20
198.450000
  0
VERTEX
  8
84
 10
135.200000
 20
191.550000
  0
VERTEX
  8
84
 10
142.500000
 20
184.250000
  0
VERTEX
  8
84
 10
153.300000
 20
172.650000
  0
VERTEX
  8
84
 10
165.400000
 20
159.650000
  0
VERTEX
  8
84
 10
176.300000
 20
147.550000
  0
VERTEX
  8
84
 10
185.900000
 20
136.650000
  0
VERTEX
  8
84
 10
195.900000
 20
125.050000
  0
VERTEX
  8
84
 10
206.800000
 20
112.150000
  0
VERTEX
  8
84
 10
217.200000
 20
99.150000
  0
VERTEX
  8
84
 10
225.400000
 20
88.650000
  0
VERTEX
  8
84
 10
230.900000
 20
81.650000
  0
VERTEX
  8
84
 10
234.600000
 20
77.150000
  0
VERTEX
  8
84
 10
231.100000
 20
69.150000
  0
VERTEX
  8
84
 10
185.400000
 20
64.950000
  0
VERTEX
  8
84
 10
143.300000
 20
61.650000
  0
VERTEX
  8
84
 10
110.800000
 20
59.850000
  0
VERTEX
  8
84
 10
88.700000
 20
58.350000
  0
VERTEX
  8
84
 10
47.200000
 20
55.350000
  0
VERTEX
  8
84
 10
-12.200000
 20
52.150000
  0
VERTEX
  8
84
 10
-62.700000
 20
50.550000
  0
VERTEX
  8
84
 10
-101.000000
 20
50.550000
  0
VERTEX
  8
84
 10
-127.300000
 20
51.250000
  0
VERTEX
  8
84
 10
-145.600000
 20
51.750000
  0
VERTEX
  8
84
 10
-166.800000
 20
52.850000
  0
VERTEX
  8
84
 10
-191.500000
 20
53.850000
  0
VERTEX
  8
84
 10
-230.700000
 20
55.450000
  0
VERTEX
  8
84
 10
-263.900000
 20
56.450000
  0
VERTEX
  8
84
 10
-264.700000
 20
35.750000
  0
VERTEX
  8
84
 10
-390.700000
 20
38.250000
  0
VERTEX
  8
84
 10
-384.300000
 20
168.250000
  0
VERTEX
  8
84
 10
-340.700000
 20
176.350000
  0
VERTEX
  8
84
 10
-283.800000
 20
186.850000
  0
VERTEX
  8
84
 10
-212.300000
 20
199.650000
  0
VERTEX
  8
84
 10
-131.600000
 20
213.750000
  0
VERTEX
  8
84
 10
-49.400000
 20
227.850000
  0
VERTEX
  8
84
 10
29.200000
 20
241.550000
  0
VERTEX
  8
84
 10
103.600000
 20
254.450000
  0
VERTEX
  8
84
 10
105.000000
 20
247.750000
  0
VERTEX
  8
84
 10
106.100000
 20
242.150000
  0
VERTEX
  8
84
 10
108.900000
 20
232.850000
  0
SEQEND
  0
POLYLINE
  8
1
 66
     1
 70
     1
  0
VERTEX
  8
1
 10
108.900000
 20
232.850000
  0
VERTEX
  8
1
 10
113.400000
 20
222.650000
  0
VERTEX
  8
1
 10
118.000000
 20
214.350000
  0
VERTEX
  8
1
 10
123.200000
 20
206.150000
  0
VERTEX
  8
1
 10
129.000000
 20
198.450000
  0
VERTEX
  8
1
 10
135.200000
 20
191.550000
  0
VERTEX
  8
1
 10
142.500000
 20
184.250000
  0
VERTEX
  8
1
 10
153.300000
 20
172.650000
  0
VERTEX
  8
1
 10
165.400000
 20
159.650000
  0
VERTEX
  8
1
 10
176.300000
 20
147.550000
  0
VERTEX
  8
1
 10
185.900000
 20
136.650000
  0
VERTEX
  8
1
 10
195.900000
 20
125.050000
  0
VERTEX
  8
1
 10
206.800000
 20
112.150000
  0
VERTEX
  8
1
 10
217.200000
 20
99.150000
  0
VERTEX
  8
1
 10
225.400000
 20
88.650000
  0
VERTEX
  8
1
 10
230.900000
 20
81.650000
  0
VERTEX
  8
1
 10
234.600000
 20
77.150000
  0
VERTEX
  8
1
 10
231.100000
 20
69.150000
  0
VERTEX
  8
1
 10
185.400000
 20
64.950000
  0
VERTEX
  8
1
 10
143.300000
 20
61.650000
  0
VERTEX
  8
1
 10
110.800000
 20
59.850000
  0
VERTEX
  8
1
 10
88.700000
 20
58.350000
  0
VERTEX
  8
1
 10
47.200000
 20
55.350000
  0
VERTEX
  8
1
 10
-12.200000
 20
52.150000
  0
VERTEX
  8
1
 10
-62.700000
 20
50.550000
  0
VERTEX
  8
1
 10
-101.000000
 20
50.550000
  0
VERTEX
  8
1
 10
-127.300000
 20
51.250000
  0
VERTEX
  8
1
 10
-145.600000
 20
51.750000
  0
VERTEX
  8
1
 10
-166.800000
 20
52.850000
  0
VERTEX
  8
1
 10
-191.500000
 20
53.850000
  0
VERTEX
  8
1
 10
-230.700000
 20
55.450000
  0
VERTEX
  8
1
 10
-263.900000
 20
56.450000
  0
VERTEX
  8
1
 10
-264.700000
 20
35.750000
  0
VERTEX
  8
1
 10
-390.700000
 20
38.250000
  0
VERTEX
  8
1
 10
-384.300000
 20
168.250000
  0
VERTEX
  8
1
 10
-340.700000
 20
176.350000
  0
VERTEX
  8
1
 10
-283.800000
 20
186.850000
  0
VERTEX
  8
1
 10
-212.300000
 20
199.650000
  0
VERTEX
  8
1
 10
-131.600000
 20
213.750000
  0
VERTEX
  8
1
 10
-49.400000
 20
227.850000
  0
VERTEX
  8
1
 10
29.200000
 20
241.550000
  0
VERTEX
  8
1
 10
103.600000
 20
254.450000
  0
VERTEX
  8
1
 10
105.000000
 20
247.750000
  0
VERTEX
  8
1
 10
106.100000
 20
242.150000
  0
VERTEX
  8
1
 10
108.900000
 20
232.850000
  0
SEQEND
  0
POLYLINE
  8
87
 66
     1
  0
VERTEX
  8
87
 10
-273.400000
 20
66.550000
  0
VERTEX
  8
87
 10
-274.200000
 20
45.850000
  0
VERTEX
  8
87
 10
-380.300000
 20
47.850000
  0
VERTEX
  8
87
 10
-374.800000
 20
159.850000
  0
VERTEX
  8
87
 10
-338.900000
 20
166.550000
  0
VERTEX
  8
87
 10
-282.000000
 20
177.050000
  0
VERTEX
  8
87
 10
-210.600000
 20
189.850000
  0
VERTEX
  8
87
 10
-129.900000
 20
203.950000
  0
VERTEX
  8
87
 10
-47.700000
 20
218.050000
  0
VERTEX
  8
87
 10
30.900000
 20
231.750000
  0
VERTEX
  8
87
 10
95.700000
 20
242.950000
  0
VERTEX
  8
87
 10
96.400000
 20
239.750000
  0
VERTEX
  8
87
 10
99.600000
 20
229.450000
  0
VERTEX
  8
87
 10
104.500000
 20
218.250000
  0
VERTEX
  8
87
 10
109.400000
 20
209.250000
  0
VERTEX
  8
87
 10
115.000000
 20
200.450000
  0
VERTEX
  8
87
 10
121.300000
 20
192.150000
  0
VERTEX
  8
87
 10
128.000000
 20
184.750000
  0
VERTEX
  8
87
 10
135.300000
 20
177.350000
  0
VERTEX
  8
87
 10
146.000000
 20
165.850000
  0
VERTEX
  8
87
 10
158.000000
 20
152.950000
  0
VERTEX
  8
87
 10
168.800000
 20
140.950000
  0
VERTEX
  8
87
 10
178.400000
 20
130.050000
  0
VERTEX
  8
87
 10
188.300000
 20
118.650000
  0
VERTEX
  8
87
 10
199.100000
 20
105.850000
  0
VERTEX
  8
87
 10
209.400000
 20
93.050000
  0
VERTEX
  8
87
 10
217.600000
 20
82.550000
  0
VERTEX
  8
87
 10
220.900000
 20
78.250000
  0
VERTEX
  8
87
 10
184.600000
 20
74.850000
  0
VERTEX
  8
87
 10
142.700000
 20
71.550000
  0
VERTEX
  8
87
 10
110.500000
 20
69.750000
  0
VERTEX
  8
87
 10
88.000000
 20
68.250000
  0
VERTEX
  8
87
 10
46.600000
 20
65.250000
  0
VERTEX
  8
87
 10
-12.600000
 20
62.050000
  0
VERTEX
  8
87
 10
-62.800000
 20
60.550000
  0
VERTEX
  8
87
 10
-100.900000
 20
60.550000
  0
VERTEX
  8
87
 10
-127.100000
 20
61.150000
  0
VERTEX
  8
87
 10
-145.600000
 20
61.650000
  0
VERTEX
  8
87
 10
-166.300000
 20
62.750000
  0
VERTEX
  8
87
 10
-191.100000
 20
63.750000
  0
VERTEX
  8
87
 10
-230.300000
 20
65.350000
  0
VERTEX
  8
87
 10
-273.400000
 20
66.550000
  0
SEQEND
  0
POLYLINE
  8
14
 66
     1
  0
VERTEX
  8
14
 10
-273.400000
 20
66.550000
  0
VERTEX
  8
14
 10
-274.200000
 20
45.850000
  0
VERTEX
  8
14
 10
-380.300000
 20
47.850000
  0
VERTEX
  8
14
 10
-374.800000
 20
159.850000
  0
VERTEX
  8
14
 10
-338.900000
 20
166.550000
  0
VERTEX
  8
14
 10
-282.000000
 20
177.050000
  0
VERTEX
  8
14
 10
-210.600000
 20
189.850000
  0
VERTEX
  8
14
 10
-129.900000
 20
203.950000
  0
VERTEX
  8
14
 10
-47.700000
 20
218.050000
  0
VERTEX
  8
14
 10
30.900000
 20
231.750000
  0
VERTEX
  8
14
 10
95.700000
 20
242.950000
  0
VERTEX
  8
14
 10
96.400000
 20
239.750000
  0
VERTEX
  8
14
 10
99.600000
 20
229.450000
  0
VERTEX
  8
14
 10
104.500000
 20
218.250000
  0
VERTEX
  8
14
 10
109.400000
 20
209.250000
  0
VERTEX
  8
14
 10
115.000000
 20
200.450000
  0
VERTEX
  8
14
 10
121.300000
 20
192.150000
  0
VERTEX
  8
14
 10
128.000000
 20
184.750000
  0
VERTEX
  8
14
 10
135.300000
 20
177.350000
  0
VERTEX
  8
14
 10
146.000000
 20
165.850000
  0
VERTEX
  8
14
 10
158.000000
 20
152.950000
  0
VERTEX
  8
14
 10
168.800000
 20
140.950000
  0
VERTEX
  8
14
 10
178.400000
 20
130.050000
  0
VERTEX
  8
14
 10
188.300000
 20
118.650000
  0
VERTEX
  8
14
 10
199.100000
 20
105.850000
  0
VERTEX
  8
14
 10
209.400000
 20
93.050000
  0
VERTEX
  8
14
 10
217.600000
 20
82.550000
  0
VERTEX
  8
14
 10
220.900000
 20
78.250000
  0
VERTEX
  8
14
 10
184.600000
 20
74.850000
  0
VERTEX
  8
14
 10
142.700000
 20
71.550000
  0
VERTEX
  8
14
 10
110.500000
 20
69.750000
  0
VERTEX
  8
14
 10
88.000000
 20
68.250000
  0
VERTEX
  8
14
 10
46.600000
 20
65.250000
  0
VERTEX
  8
14
 10
-12.600000
 20
62.050000
  0
VERTEX
  8
14
 10
-62.800000
 20
60.550000
  0
VERTEX
  8
14
 10
-100.900000
 20
60.550000
  0
VERTEX
  8
14
 10
-127.100000
 20
61.150000
  0
VERTEX
  8
14
 10
-145.600000
 20
61.650000
  0
VERTEX
  8
14
 10
-166.300000
 20
62.750000
  0
VERTEX
  8
14
 10
-191.100000
 20
63.750000
  0
VERTEX
  8
14
 10
-230.300000
 20
65.350000
  0
VERTEX
  8
14
 10
-273.400000
 20
66.550000
  0
SEQEND
  0
POINT
  8
2
 10
108.900000
 20
232.850000
  0
TEXT
  8
2
 10
108.900000
 20
232.850000
 40
0.250000
 50
0.000000
  1
#32
  0
POINT
  8
3
 10
113.400000
 20
222.650000
  0
POINT
  8
3
 10
118.000000
 20
214.350000
  0
POINT
  8
3
 10
123.200000
 20
206.150000
  0
POINT
  8
3
 10
129.000000
 20
198.450000
  0
POINT
  8
3
 10
135.200000
 20
191.550000
  0
POINT
  8
2
 10
142.500000
 20
184.250000
  0
TEXT
  8
2
 10
142.500000
 20
184.250000
 40
0.250000
 50
0.000000
  1
#8
  0
POINT
  8
3
 10
153.300000
 20
172.650000
  0
POINT
  8
3
 10
165.400000
 20
159.650000
  0
POINT
  8
3
 10
176.300000
 20
147.550000
  0
POINT
  8
3
 10
185.900000
 20
136.650000
  0
POINT
  8
3
 10
195.900000
 20
125.050000
  0
POINT
  8
3
 10
206.800000
 20
112.150000
  0
POINT
  8
3
 10
217.200000
 20
99.150000
  0
POINT
  8
3
 10
225.400000
 20
88.650000
  0
POINT
  8
3
 10
230.900000
 20
81.650000
  0
POINT
  8
2
 10
234.600000
 20
77.150000
  0
TEXT
  8
2
 10
234.600000
 20
77.150000
 40
0.250000
 50
0.000000
  1
#8
  0
POINT
  8
2
 10
231.100000
 20
69.150000
  0
TEXT
  8
2
 10
231.100000
 20
69.150000
 40
0.250000
 50
0.000000
  1
#8
  0
POINT
  8
3
 10
185.400000
 20
64.950000
  0
POINT
  8
3
 10
143.300000
 20
61.650000
  0
POINT
  8
2
 10
110.800000
 20
59.850000
  0
TEXT
  8
2
 10
110.800000
 20
59.850000
 40
0.250000
 50
0.000000
  1
#8
  0
POINT
  8
3
 10
88.700000
 20
58.350000
  0
POINT
  8
3
 10
47.200000
 20
55.350000
  0
POINT
  8
3
 10
-12.200000
 20
52.150000
  0
POINT
  8
3
 10
-62.700000
 20
50.550000
  0
POINT
  8
3
 10
-101.000000
 20
50.550000
  0
POINT
  8
3
 10
-127.300000
 20
51.250000
  0
POINT
  8
2
 10
-145.600000
 20
51.750000
  0
TEXT
  8
2
 10
-145.600000
 20
51.750000
 40
0.250000
 50
0.000000
  1
#8
  0
POINT
  8
3
 10
-166.800000
 20
52.850000
  0
POINT
  8
3
 10
-191.500000
 20
53.850000
  0
POINT
  8
3
 10
-230.700000
 20
55.450000
  0
POINT
  8
2
 10
-263.900000
 20
56.450000
  0
TEXT
  8
2
 10
-263.900000
 20
56.450000
 40
0.250000
 50
0.000000
  1
#25
  0
POINT
  8
2
 10
-264.700000
 20
35.750000
  0
TEXT
  8
2
 10
-264.700000
 20
35.750000
 40
0.250000
 50
0.000000
  1
#25
  0
POINT
  8
2
 10
-390.700000
 20
38.250000
  0
TEXT
  8
2
 10
-390.700000
 20
38.250000
 40
0.250000
 50
0.000000
  1
#25
  0
POINT
  8
2
 10
-384.300000
 20
168.250000
  0
TEXT
  8
2
 10
-384.300000
 20
168.250000
 40
0.250000
 50
0.000000
  1
#33
  0
POINT
  8
3
 10
-340.700000
 20
176.350000
  0
POINT
  8
3
 10
-283.800000
 20
186.850000
  0
POINT
  8
3
 10
-212.300000
 20
199.650000
  0
POINT
  8
3
 10
-131.600000
 20
213.750000
  0
POINT
  8
3
 10
-49.400000
 20
227.850000
  0
POINT
  8
3
 10
29.200000
 20
241.550000
  0
POINT
  8
2
 10
103.600000
 20
254.450000
  0
TEXT
  8
2
 10
103.600000
 20
254.450000
 40
0.250000
 50
0.000000
  1
#32
  0
POINT
  8
3
 10
105.000000
 20
247.750000
  0
POINT
  8
3
 10
106.100000
 20
242.150000
  0
POINT
  8
2
 10
108.900000
 20
232.850000
  0
POINT
  8
2
 10
108.900000
 20
232.850000
 39
2.500000
 50
201.370600
  0
POINT
  8
2
 10
142.500000
 20
184.250000
 39
2.500000
 50
225.000000
  0
POINT
  8
2
 10
110.800000
 20
59.850000
 39
2.500000
 50
92.385940
  0
POINT
  8
2
 10
-145.600000
 20
51.750000
 39
2.500000
 50
90.000000
  0
POINT
  8
2
 10
-273.400000
 20
66.550000
  0
POINT
  8
2
 10
-274.200000
 20
45.850000
  0
POINT
  8
2
 10
-380.300000
 20
47.850000
  0
POINT
  8
2
 10
-374.800000
 20
159.850000
  0
POINT
  8
3
 10
-338.900000
 20
166.550000
  0
POINT
  8
3
 10
-282.000000
 20
177.050000
  0
POINT
  8
3
 10
-210.600000
 20
189.850000
  0
POINT
  8
3
 10
-129.900000
 20
203.950000
  0
POINT
  8
3
 10
-47.700000
 20
218.050000
  0
POINT
  8
3
 10
30.900000
 20
231.750000
  0
POINT
  8
2
 10
95.700000
 20
242.950000
  0
POINT
  8
3
 10
96.400000
 20
239.750000
  0
POINT
  8
2
 10
99.600000
 20
229.450000
  0
POINT
  8
3
 10
104.500000
 20
218.250000
  0
POINT
  8
3
 10
109.400000
 20
209.250000
  0
POINT
  8
3
 10
115.000000
 20
200.450000
  0
POINT
  8
3
 10
121.300000
 20
192.150000
  0
POINT
  8
3
 10
128.000000
 20
184.750000
  0
POINT
  8
2
 10
135.300000
 20
177.350000
  0
POINT
  8
3
 10
146.000000
 20
165.850000
  0
POINT
  8
3
 10
158.000000
 20
152.950000
  0
POINT
  8
3
 10
168.800000
 20
140.950000
  0
POINT
  8
3
 10
178.400000
 20
130.050000
  0
POINT
  8
3
 10
188.300000
 20
118.650000
  0
POINT
  8
3
 10
199.100000
 20
105.850000
  0
POINT
  8
3
 10
209.400000
 20
93.050000
  0
POINT
  8
3
 10
217.600000
 20
82.550000
  0
POINT
  8
2
 10
220.900000
 20
78.250000
  0
POINT
  8
3
 10
184.600000
 20
74.850000
  0
POINT
  8
3
 10
142.700000
 20
71.550000
  0
POINT
  8
2
 10
110.500000
 20
69.750000
  0
POINT
  8
3
 10
88.000000
 20
68.250000
  0
POINT
  8
3
 10
46.600000
 20
65.250000
  0
POINT
  8
3
 10
-12.600000
 20
62.050000
  0
POINT
  8
3
 10
-62.800000
 20
60.550000
  0
POINT
  8
3
 10
-100.900000
 20
60.550000
  0
POINT
  8
3
 10
-127.100000
 20
61.150000
  0
POINT
  8
2
 10
-145.600000
 20
61.650000
  0
POINT
  8
3
 10
-166.300000
 20
62.750000
  0
POINT
  8
3
 10
-191.100000
 20
63.750000
  0
POINT
  8
3
 10
-230.300000
 20
65.350000
  0
POINT
  8
2
 10
-273.400000
 20
66.550000
  0
POINT
  8
4
 10
108.900000
 20
232.850000
 30
2.500000
 50
201.370600
  0
POINT
  8
4
 10
142.500000
 20
184.250000
 30
2.500000
 50
225.000000
  0
POINT
  8
4
 10
110.800000
 20
59.850000
 30
2.500000
 50
92.385940
  0
POINT
  8
4
 10
-145.600000
 20
51.750000
 30
2.500000
 50
90.000000
  0
LINE
  8
5
 10
113.400000
 20
123.050000
 11
41.300000
 21
123.050000
  0
LINE
  8
7
 10
113.400000
 20
123.050000
 11
41.300000
 21
123.050000
  0
TEXT
  8
1
 10
5.600000
 20
-110.400000
 40
10.000000
 50
0.000000
  1
Piece Name: LINING UNDR SLEEVE 2P
  0
TEXT
  8
1
 10
5.600000
 20
-99.400000
 40
10.000000
 50
0.000000
  1
Size: 50
  0
TEXT
  8
1
 10
5.600000
 20
-88.400000
 40
10.000000
 50
0.000000
  1
Annotation: LINING UNDR SLEEVE 2P
  0
TEXT
  8
1
 10
5.600000
 20
-77.400000
 40
10.000000
 50
0.000000
  1
Quantity: 1
  0
TEXT
  8
1
 10
5.600000
 20
-66.400000
 40
10.000000
 50
0.000000
  1
Material: LINING
  0
ENDBLK
  0
BLOCK
  8
1
  2
DETACHABLE REV NYLON BK 1P
 70
     0
 10
0.00
 20
0.00
  0
POLYLINE
  8
84
 66
     1
 70
     1
  0
VERTEX
  8
84
 10
403.600000
 20
123.150000
  0
VERTEX
  8
84
 10
403.600000
 20
112.850000
  0
VERTEX
  8
84
 10
403.600000
 20
107.850000
  0
VERTEX
  8
84
 10
404.000000
 20
95.450000
  0
VERTEX
  8
84
 10
404.200000
 20
89.150000
  0
VERTEX
  8
84
 10
405.300000
 20
83.050000
  0
VERTEX
  8
84
 10
406.900000
 20
76.750000
  0
VERTEX
  8
84
 10
409.000000
 20
70.650000
  0
VERTEX
  8
84
 10
411.600000
 20
64.750000
  0
VERTEX
  8
84
 10
414.700000
 20
59.250000
  0
VERTEX
  8
84
 10
418.500000
 20
54.450000
  0
VERTEX
  8
84
 10
422.700000
 20
50.150000
  0
VERTEX
  8
84
 10
426.900000
 20
46.750000
  0
VERTEX
  8
84
 10
431.600000
 20
43.750000
  0
VERTEX
  8
84
 10
440.100000
 20
39.250000
  0
VERTEX
  8
84
 10
446.400000
 20
36.850000
  0
VERTEX
  8
84
 10
434.200000
 20
6.550000
  0
VERTEX
  8
84
 10
427.000000
 20
-10.950000
  0
VERTEX
  8
84
 10
418.600000
 20
-31.250000
  0
VERTEX
  8
84
 10
408.600000
 20
-53.850000
  0
VERTEX
  8
84
 10
396.200000
 20
-81.550000
  0
VERTEX
  8
84
 10
384.600000
 20
-108.750000
  0
VERTEX
  8
84
 10
372.900000
 20
-106.450000
  0
VERTEX
  8
84
 10
358.600000
 20
-104.350000
  0
VERTEX
  8
84
 10
340.300000
 20
-102.050000
  0
VERTEX
  8
84
 10
318.200000
 20
-99.850000
  0
VERTEX
  8
84
 10
293.800000
 20
-98.450000
  0
VERTEX
  8
84
 10
269.100000
 20
-98.350000
  0
VERTEX
  8
84
 10
245.300000
 20
-98.850000
  0
VERTEX
  8
84
 10
222.500000
 20
-100.350000
  0
VERTEX
  8
84
 10
200.600000
 20
-103.450000
  0
VERTEX
  8
84
 10
180.600000
 20
-108.350000
  0
VERTEX
  8
84
 10
163.400000
 20
-113.850000
  0
VERTEX
  8
84
 10
149.200000
 20
-119.550000
  0
VERTEX
  8
84
 10
137.500000
 20
-125.750000
  0
VERTEX
  8
84
 10
127.600000
 20
-133.050000
  0
VERTEX
  8
84
 10
119.200000
 20
-141.650000
  0
VERTEX
  8
84
 10
111.900000
 20
-151.350000
  0
VERTEX
  8
84
 10
105.900000
 20
-161.150000
  0
VERTEX
  8
84
 10
102.100000
 20
-169.850000
  0
VERTEX
  8
84
 10
100.100000
 20
-177.150000
  0
VERTEX
  8
84
 10
99.500000
 20
-183.150000
  0
VERTEX
  8
84
 10
84.500000
 20
-182.950000
  0
VERTEX
  8
84
 10
60.200000
 20
-182.550000
  0
VERTEX
  8
84
 10
25.500000
 20
-181.550000
  0
VERTEX
  8
84
 10
-16.300000
 20
-180.450000
  0
VERTEX
  8
84
 10
-68.300000
 20
-179.350000
  0
VERTEX
  8
84
 10
-131.700000
 20
-177.950000
  0
VERTEX
  8
84
 10
-177.500000
 20
-177.750000
  0
VERTEX
  8
84
 10
-249.000000
 20
-176.750000
  0
VERTEX
  8
84
 10
-249.000000
 20
123.150000
  0
VERTEX
  8
84
 10
-249.000000
 20
422.850000
  0
VERTEX
  8
84
 10
-177.500000
 20
423.850000
  0
VERTEX
  8
84
 10
-131.700000
 20
424.050000
  0
VERTEX
  8
84
 10
-68.300000
 20
425.450000
  0
VERTEX
  8
84
 10
-16.300000
 20
426.550000
  0
VERTEX
  8
84
 10
25.500000
 20
427.650000
  0
VERTEX
  8
84
 10
60.200000
 20
428.650000
  0
VERTEX
  8
84
 10
84.500000
 20
429.050000
  0
VERTEX
  8
84
 10
99.500000
 20
429.250000
  0
VERTEX
  8
84
 10
100.100000
 20
423.250000
  0
VERTEX
  8
84
 10
102.100000
 20
415.950000
  0
VERTEX
  8
84
 10
105.900000
 20
407.250000
  0
VERTEX
  8
84
 10
111.900000
 20
397.450000
  0
VERTEX
  8
84
 10
119.200000
 20
387.750000
  0
VERTEX
  8
84
 10
127.600000
 20
379.150000
  0
VERTEX
  8
84
 10
137.500000
 20
371.850000
  0
VERTEX
  8
84
 10
149.200000
 20
365.650000
  0
VERTEX
  8
84
 10
163.400000
 20
359.950000
  0
VERTEX
  8
84
 10
180.600000
 20
354.450000
  0
VERTEX
  8
84
 10
200.600000
 20
349.550000
  0
VERTEX
  8
84
 10
222.500000
 20
346.450000
  0
VERTEX
  8
84
 10
245.300000
 20
344.950000
  0
VERTEX
  8
84
 10
269.100000
 20
344.450000
  0
VERTEX
  8
84
 10
293.800000
 20
344.550000
  0
VERTEX
  8
84
 10
318.200000
 20
345.950000
  0
VERTEX
  8
84
 10
340.300000
 20
348.150000
  0
VERTEX
  8
84
 10
358.600000
 20
350.450000
  0
VERTEX
  8
84
 10
372.900000
 20
352.550000
  0
VERTEX
  8
84
 10
384.600000
 20
354.850000
  0
VERTEX
  8
84
 10
396.200000
 20
327.650000
  0
VERTEX
  8
84
 10
408.600000
 20
299.950000
  0
VERTEX
  8
84
 10
418.600000
 20
277.350000
  0
VERTEX
  8
84
 10
427.000000
 20
257.050000
  0
VERTEX
  8
84
 10
434.200000
 20
239.550000
  0
VERTEX
  8
84
 10
446.400000
 20
209.250000
  0
VERTEX
  8
84
 10
439.300000
 20
206.250000
  0
VERTEX
  8
84
 10
432.600000
 20
202.850000
  0
VERTEX
  8
84
 10
427.000000
 20
199.350000
  0
VERTEX
  8
84
 10
422.600000
 20
195.850000
  0
VERTEX
  8
84
 10
418.500000
 20
191.650000
  0
VERTEX
  8
84
 10
414.700000
 20
186.850000
  0
VERTEX
  8
84
 10
411.600000
 20
181.350000
  0
VERTEX
  8
84
 10
409.000000
 20
175.450000
  0
VERTEX
  8
84
 10
406.900000
 20
169.450000
  0
VERTEX
  8
84
 10
405.300000
 20
163.450000
  0
VERTEX
  8
84
 10
404.300000
 20
156.550000
  0
VERTEX
  8
84
 10
403.900000
 20
148.650000
  0
VERTEX
  8
84
 10
403.700000
 20
140.650000
  0
VERTEX
  8
84
 10
403.600000
 20
133.250000
  0
VERTEX
  8
84
 10
403.600000
 20
122.950000
  0
SEQEND
  0
POLYLINE
  8
1
 66
     1
 70
     1
  0
VERTEX
  8
1
 10
403.600000
 20
123.150000
  0
VERTEX
  8
1
 10
403.600000
 20
112.850000
  0
VERTEX
  8
1
 10
403.600000
 20
107.850000
  0
VERTEX
  8
1
 10
404.000000
 20
95.450000
  0
VERTEX
  8
1
 10
404.200000
 20
89.150000
  0
VERTEX
  8
1
 10
405.300000
 20
83.050000
  0
VERTEX
  8
1
 10
406.900000
 20
76.750000
  0
VERTEX
  8
1
 10
409.000000
 20
70.650000
  0
VERTEX
  8
1
 10
411.600000
 20
64.750000
  0
VERTEX
  8
1
 10
414.700000
 20
59.250000
  0
VERTEX
  8
1
 10
418.500000
 20
54.450000
  0
VERTEX
  8
1
 10
422.700000
 20
50.150000
  0
VERTEX
  8
1
 10
426.900000
 20
46.750000
  0
VERTEX
  8
1
 10
431.600000
 20
43.750000
  0
VERTEX
  8
1
 10
440.100000
 20
39.250000
  0
VERTEX
  8
1
 10
446.400000
 20
36.850000
  0
VERTEX
  8
1
 10
434.200000
 20
6.550000
  0
VERTEX
  8
1
 10
427.000000
 20
-10.950000
  0
VERTEX
  8
1
 10
418.600000
 20
-31.250000
  0
VERTEX
  8
1
 10
408.600000
 20
-53.850000
  0
VERTEX
  8
1
 10
396.200000
 20
-81.550000
  0
VERTEX
  8
1
 10
384.600000
 20
-108.750000
  0
VERTEX
  8
1
 10
372.900000
 20
-106.450000
  0
VERTEX
  8
1
 10
358.600000
 20
-104.350000
  0
VERTEX
  8
1
 10
340.300000
 20
-102.050000
  0
VERTEX
  8
1
 10
318.200000
 20
-99.850000
  0
VERTEX
  8
1
 10
293.800000
 20
-98.450000
  0
VERTEX
  8
1
 10
269.100000
 20
-98.350000
  0
VERTEX
  8
1
 10
245.300000
 20
-98.850000
  0
VERTEX
  8
1
 10
222.500000
 20
-100.350000
  0
VERTEX
  8
1
 10
200.600000
 20
-103.450000
  0
VERTEX
  8
1
 10
180.600000
 20
-108.350000
  0
VERTEX
  8
1
 10
163.400000
 20
-113.850000
  0
VERTEX
  8
1
 10
149.200000
 20
-119.550000
  0
VERTEX
  8
1
 10
137.500000
 20
-125.750000
  0
VERTEX
  8
1
 10
127.600000
 20
-133.050000
  0
VERTEX
  8
1
 10
119.200000
 20
-141.650000
  0
VERTEX
  8
1
 10
111.900000
 20
-151.350000
  0
VERTEX
  8
1
 10
105.900000
 20
-161.150000
  0
VERTEX
  8
1
 10
102.100000
 20
-169.850000
  0
VERTEX
  8
1
 10
100.100000
 20
-177.150000
  0
VERTEX
  8
1
 10
99.500000
 20
-183.150000
  0
VERTEX
  8
1
 10
84.500000
 20
-182.950000
  0
VERTEX
  8
1
 10
60.200000
 20
-182.550000
  0
VERTEX
  8
1
 10
25.500000
 20
-181.550000
  0
VERTEX
  8
1
 10
-16.300000
 20
-180.450000
  0
VERTEX
  8
1
 10
-68.300000
 20
-179.350000
  0
VERTEX
  8
1
 10
-131.700000
 20
-177.950000
  0
VERTEX
  8
1
 10
-177.500000
 20
-177.750000
  0
VERTEX
  8
1
 10
-249.000000
 20
-176.750000
  0
VERTEX
  8
1
 10
-249.000000
 20
123.150000
  0
VERTEX
  8
1
 10
-249.000000
 20
422.850000
  0
VERTEX
  8
1
 10
-177.500000
 20
423.850000
  0
VERTEX
  8
1
 10
-131.700000
 20
424.050000
  0
VERTEX
  8
1
 10
-68.300000
 20
425.450000
  0
VERTEX
  8
1
 10
-16.300000
 20
426.550000
  0
VERTEX
  8
1
 10
25.500000
 20
427.650000
  0
VERTEX
  8
1
 10
60.200000
 20
428.650000
  0
VERTEX
  8
1
 10
84.500000
 20
429.050000
  0
VERTEX
  8
1
 10
99.500000
 20
429.250000
  0
VERTEX
  8
1
 10
100.100000
 20
423.250000
  0
VERTEX
  8
1
 10
102.100000
 20
415.950000
  0
VERTEX
  8
1
 10
105.900000
 20
407.250000
  0
VERTEX
  8
1
 10
111.900000
 20
397.450000
  0
VERTEX
  8
1
 10
119.200000
 20
387.750000
  0
VERTEX
  8
1
 10
127.600000
 20
379.150000
  0
VERTEX
  8
1
 10
137.500000
 20
371.850000
  0
VERTEX
  8
1
 10
149.200000
 20
365.650000
  0
VERTEX
  8
1
 10
163.400000
 20
359.950000
  0
VERTEX
  8
1
 10
180.600000
 20
354.450000
  0
VERTEX
  8
1
 10
200.600000
 20
349.550000
  0
VERTEX
  8
1
 10
222.500000
 20
346.450000
  0
VERTEX
  8
1
 10
245.300000
 20
344.950000
  0
VERTEX
  8
1
 10
269.100000
 20
344.450000
  0
VERTEX
  8
1
 10
293.800000
 20
344.550000
  0
VERTEX
  8
1
 10
318.200000
 20
345.950000
  0
VERTEX
  8
1
 10
340.300000
 20
348.150000
  0
VERTEX
  8
1
 10
358.600000
 20
350.450000
  0
VERTEX
  8
1
 10
372.900000
 20
352.550000
  0
VERTEX
  8
1
 10
384.600000
 20
354.850000
  0
VERTEX
  8
1
 10
396.200000
 20
327.650000
  0
VERTEX
  8
1
 10
408.600000
 20
299.950000
  0
VERTEX
  8
1
 10
418.600000
 20
277.350000
  0
VERTEX
  8
1
 10
427.000000
 20
257.050000
  0
VERTEX
  8
1
 10
434.200000
 20
239.550000
  0
VERTEX
  8
1
 10
446.400000
 20
209.250000
  0
VERTEX
  8
1
 10
439.300000
 20
206.250000
  0
VERTEX
  8
1
 10
432.600000
 20
202.850000
  0
VERTEX
  8
1
 10
427.000000
 20
199.350000
  0
VERTEX
  8
1
 10
422.600000
 20
195.850000
  0
VERTEX
  8
1
 10
418.500000
 20
191.650000
  0
VERTEX
  8
1
 10
414.700000
 20
186.850000
  0
VERTEX
  8
1
 10
411.600000
 20
181.350000
  0
VERTEX
  8
1
 10
409.000000
 20
175.450000
  0
VERTEX
  8
1
 10
406.900000
 20
169.450000
  0
VERTEX
  8
1
 10
405.300000
 20
163.450000
  0
VERTEX
  8
1
 10
404.300000
 20
156.550000
  0
VERTEX
  8
1
 10
403.900000
 20
148.650000
  0
VERTEX
  8
1
 10
403.700000
 20
140.650000
  0
VERTEX
  8
1
 10
403.600000
 20
133.250000
  0
VERTEX
  8
1
 10
403.600000
 20
122.950000
  0
SEQEND
  0
POLYLINE
  8
85
 66
     1
  0
VERTEX
  8
85
 10
418.800000
 20
222.250000
  0
VERTEX
  8
85
 10
100.000000
 20
-25.150000
  0
SEQEND
  0
POLYLINE
  8
8
 66
     1
  0
VERTEX
  8
8
 10
418.800000
 20
222.250000
  0
VERTEX
  8
8
 10
100.000000
 20
-25.150000
  0
SEQEND
  0
POLYLINE
  8
85
 66
     1
  0
VERTEX
  8
85
 10
427.300000
 20
18.450000
  0
VERTEX
  8
85
 10
163.000000
 20
218.450000
  0
SEQEND
  0
POLYLINE
  8
8
 66
     1
  0
VERTEX
  8
8
 10
427.300000
 20
18.450000
  0
VERTEX
  8
8
 10
163.000000
 20
218.450000
  0
SEQEND
  0
POLYLINE
  8
85
 66
     1
  0
VERTEX
  8
85
 10
384.900000
 20
-31.250000
  0
VERTEX
  8
85
 10
45.200000
 20
229.750000
  0
SEQEND
  0
POLYLINE
  8
8
 66
     1
  0
VERTEX
  8
8
 10
384.900000
 20
-31.250000
  0
VERTEX
  8
8
 10
45.200000
 20
229.750000
  0
SEQEND
  0
POLYLINE
  8
85
 66
     1
  0
VERTEX
  8
85
 10
385.900000
 20
276.750000
  0
VERTEX
  8
85
 10
66.100000
 20
31.450000
  0
SEQEND
  0
POLYLINE
  8
8
 66
     1
  0
VERTEX
  8
8
 10
385.900000
 20
276.750000
  0
VERTEX
  8
8
 10
66.100000
 20
31.450000
  0
SEQEND
  0
POLYLINE
  8
85
 66
     1
  0
VERTEX
  8
85
 10
393.400000
 20
123.050000
  0
VERTEX
  8
85
 10
201.400000
 20
274.350000
  0
SEQEND
  0
POLYLINE
  8
8
 66
     1
  0
VERTEX
  8
8
 10
393.400000
 20
123.050000
  0
VERTEX
  8
8
 10
201.400000
 20
274.350000
  0
SEQEND
  0
POLYLINE
  8
85
 66
     1
  0
VERTEX
  8
85
 10
392.700000
 20
122.750000
  0
VERTEX
  8
85
 10
163.700000
 20
-59.750000
  0
SEQEND
  0
POLYLINE
  8
8
 66
     1
  0
VERTEX
  8
8
 10
392.700000
 20
122.750000
  0
VERTEX
  8
8
 10
163.700000
 20
-59.750000
  0
SEQEND
  0
POLYLINE
  8
85
 66
     1
  0
VERTEX
  8
85
 10
-117.500000
 20
-22.950000
  0
VERTEX
  8
85
 10
307.000000
 20
291.250000
  0
SEQEND
  0
POLYLINE
  8
8
 66
     1
  0
VERTEX
  8
8
 10
-117.500000
 20
-22.950000
  0
VERTEX
  8
8
 10
307.000000
 20
291.250000
  0
SEQEND
  0
POLYLINE
  8
85
 66
     1
  0
VERTEX
  8
85
 10
1.100000
 20
182.150000
  0
VERTEX
  8
85
 10
304.200000
 20
-50.350000
  0
SEQEND
  0
POLYLINE
  8
8
 66
     1
  0
VERTEX
  8
8
 10
1.100000
 20
182.150000
  0
VERTEX
  8
8
 10
304.200000
 20
-50.350000
  0
SEQEND
  0
POLYLINE
  8
87
 66
     1
  0
VERTEX
  8
87
 10
393.600000
 20
123.150000
  0
VERTEX
  8
87
 10
393.600000
 20
112.850000
  0
VERTEX
  8
87
 10
393.600000
 20
107.750000
  0
VERTEX
  8
87
 10
394.100000
 20
95.150000
  0
VERTEX
  8
87
 10
394.300000
 20
88.150000
  0
VERTEX
  8
87
 10
395.600000
 20
81.050000
  0
VERTEX
  8
87
 10
397.400000
 20
73.950000
  0
VERTEX
  8
87
 10
399.700000
 20
67.050000
  0
VERTEX
  8
87
 10
402.700000
 20
60.350000
  0
VERTEX
  8
87
 10
406.400000
 20
53.750000
  0
VERTEX
  8
87
 10
411.000000
 20
47.950000
  0
VERTEX
  8
87
 10
416.000000
 20
42.850000
  0
VERTEX
  8
87
 10
421.100000
 20
38.750000
  0
VERTEX
  8
87
 10
426.600000
 20
35.150000
  0
VERTEX
  8
87
 10
433.500000
 20
31.550000
  0
VERTEX
  8
87
 10
425.000000
 20
10.350000
  0
VERTEX
  8
87
 10
417.800000
 20
-7.150000
  0
VERTEX
  8
87
 10
409.400000
 20
-27.350000
  0
VERTEX
  8
87
 10
399.500000
 20
-49.850000
  0
VERTEX
  8
87
 10
387.100000
 20
-77.550000
  0
VERTEX
  8
87
 10
374.700000
 20
-106.750000
  0
VERTEX
  8
87
 10
372.900000
 20
-106.450000
  0
VERTEX
  8
87
 10
358.600000
 20
-104.350000
  0
VERTEX
  8
87
 10
340.300000
 20
-102.050000
  0
VERTEX
  8
87
 10
318.200000
 20
-99.850000
  0
VERTEX
  8
87
 10
293.800000
 20
-98.450000
  0
VERTEX
  8
87
 10
269.100000
 20
-98.350000
  0
VERTEX
  8
87
 10
245.300000
 20
-98.850000
  0
VERTEX
  8
87
 10
222.500000
 20
-100.350000
  0
VERTEX
  8
87
 10
200.600000
 20
-103.450000
  0
VERTEX
  8
87
 10
180.600000
 20
-108.350000
  0
VERTEX
  8
87
 10
163.400000
 20
-113.850000
  0
VERTEX
  8
87
 10
149.200000
 20
-119.550000
  0
VERTEX
  8
87
 10
137.500000
 20
-125.750000
  0
VERTEX
  8
87
 10
127.600000
 20
-133.050000
  0
VERTEX
  8
87
 10
119.200000
 20
-141.650000
  0
VERTEX
  8
87
 10
111.900000
 20
-151.350000
  0
VERTEX
  8
87
 10
105.900000
 20
-161.150000
  0
VERTEX
  8
87
 10
102.100000
 20
-169.850000
  0
VERTEX
  8
87
 10
100.100000
 20
-177.150000
  0
VERTEX
  8
87
 10
100.400000
 20
-173.350000
  0
VERTEX
  8
87
 10
84.600000
 20
-173.050000
  0
VERTEX
  8
87
 10
60.400000
 20
-172.650000
  0
VERTEX
  8
87
 10
25.700000
 20
-171.650000
  0
VERTEX
  8
87
 10
-16.100000
 20
-170.550000
  0
VERTEX
  8
87
 10
-68.100000
 20
-169.450000
  0
VERTEX
  8
87
 10
-131.600000
 20
-168.050000
  0
VERTEX
  8
87
 10
-177.400000
 20
-167.850000
  0
VERTEX
  8
87
 10
-239.000000
 20
-167.050000
  0
VERTEX
  8
87
 10
-239.000000
 20
123.150000
  0
VERTEX
  8
87
 10
-239.000000
 20
413.050000
  0
VERTEX
  8
87
 10
-177.400000
 20
413.950000
  0
VERTEX
  8
87
 10
-131.600000
 20
414.150000
  0
VERTEX
  8
87
 10
-68.100000
 20
415.550000
  0
VERTEX
  8
87
 10
-16.100000
 20
416.650000
  0
VERTEX
  8
87
 10
25.700000
 20
417.750000
  0
VERTEX
  8
87
 10
60.400000
 20
418.750000
  0
VERTEX
  8
87
 10
84.600000
 20
419.150000
  0
VERTEX
  8
87
 10
100.400000
 20
419.350000
  0
VERTEX
  8
87
 10
100.100000
 20
423.250000
  0
VERTEX
  8
87
 10
102.100000
 20
415.950000
  0
VERTEX
  8
87
 10
105.900000
 20
407.250000
  0
VERTEX
  8
87
 10
111.900000
 20
397.450000
  0
VERTEX
  8
87
 10
119.200000
 20
387.750000
  0
VERTEX
  8
87
 10
127.600000
 20
379.150000
  0
VERTEX
  8
87
 10
137.500000
 20
371.850000
  0
VERTEX
  8
87
 10
149.200000
 20
365.650000
  0
VERTEX
  8
87
 10
163.400000
 20
359.950000
  0
VERTEX
  8
87
 10
180.600000
 20
354.450000
  0
VERTEX
  8
87
 10
200.600000
 20
349.550000
  0
VERTEX
  8
87
 10
222.500000
 20
346.450000
  0
VERTEX
  8
87
 10
245.300000
 20
344.950000
  0
VERTEX
  8
87
 10
269.100000
 20
344.450000
  0
VERTEX
  8
87
 10
293.800000
 20
344.550000
  0
VERTEX
  8
87
 10
318.200000
 20
345.950000
  0
VERTEX
  8
87
 10
340.300000
 20
348.150000
  0
VERTEX
  8
87
 10
358.600000
 20
350.450000
  0
VERTEX
  8
87
 10
372.900000
 20
352.550000
  0
VERTEX
  8
87
 10
374.600000
 20
352.850000
  0
VERTEX
  8
87
 10
387.000000
 20
323.950000
  0
VERTEX
  8
87
 10
399.500000
 20
295.950000
  0
VERTEX
  8
87
 10
409.400000
 20
273.450000
  0
VERTEX
  8
87
 10
417.800000
 20
253.250000
  0
VERTEX
  8
87
 10
425.000000
 20
235.750000
  0
VERTEX
  8
87
 10
433.500000
 20
214.550000
  0
VERTEX
  8
87
 10
427.700000
 20
211.450000
  0
VERTEX
  8
87
 10
421.300000
 20
207.450000
  0
VERTEX
  8
87
 10
415.900000
 20
203.150000
  0
VERTEX
  8
87
 10
411.000000
 20
198.150000
  0
VERTEX
  8
87
 10
406.400000
 20
192.350000
  0
VERTEX
  8
87
 10
402.700000
 20
185.750000
  0
VERTEX
  8
87
 10
399.700000
 20
179.050000
  0
VERTEX
  8
87
 10
397.400000
 20
172.350000
  0
VERTEX
  8
87
 10
395.600000
 20
165.350000
  0
VERTEX
  8
87
 10
394.400000
 20
157.450000
  0
VERTEX
  8
87
 10
394.000000
 20
148.950000
  0
VERTEX
  8
87
 10
393.800000
 20
140.750000
  0
VERTEX
  8
87
 10
393.600000
 20
133.250000
  0
VERTEX
  8
87
 10
393.600000
 20
123.150000
  0
SEQEND
  0
POLYLINE
  8
14
 66
     1
  0
VERTEX
  8
14
 10
393.600000
 20
123.150000
  0
VERTEX
  8
14
 10
393.600000
 20
112.850000
  0
VERTEX
  8
14
 10
393.600000
 20
107.750000
  0
VERTEX
  8
14
 10
394.100000
 20
95.150000
  0
VERTEX
  8
14
 10
394.300000
 20
88.150000
  0
VERTEX
  8
14
 10
395.600000
 20
81.050000
  0
VERTEX
  8
14
 10
397.400000
 20
73.950000
  0
VERTEX
  8
14
 10
399.700000
 20
67.050000
  0
VERTEX
  8
14
 10
402.700000
 20
60.350000
  0
VERTEX
  8
14
 10
406.400000
 20
53.750000
  0
VERTEX
  8
14
 10
411.000000
 20
47.950000
  0
VERTEX
  8
14
 10
416.000000
 20
42.850000
  0
VERTEX
  8
14
 10
421.100000
 20
38.750000
  0
VERTEX
  8
14
 10
426.600000
 20
35.150000
  0
VERTEX
  8
14
 10
433.500000
 20
31.550000
  0
VERTEX
  8
14
 10
425.000000
 20
10.350000
  0
VERTEX
  8
14
 10
417.800000
 20
-7.150000
  0
VERTEX
  8
14
 10
409.400000
 20
-27.350000
  0
VERTEX
  8
14
 10
399.500000
 20
-49.850000
  0
VERTEX
  8
14
 10
387.100000
 20
-77.550000
  0
VERTEX
  8
14
 10
374.700000
 20
-106.750000
  0
VERTEX
  8
14
 10
372.900000
 20
-106.450000
  0
VERTEX
  8
14
 10
358.600000
 20
-104.350000
  0
VERTEX
  8
14
 10
340.300000
 20
-102.050000
  0
VERTEX
  8
14
 10
318.200000
 20
-99.850000
  0
VERTEX
  8
14
 10
293.800000
 20
-98.450000
  0
VERTEX
  8
14
 10
269.100000
 20
-98.350000
  0
VERTEX
  8
14
 10
245.300000
 20
-98.850000
  0
VERTEX
  8
14
 10
222.500000
 20
-100.350000
  0
VERTEX
  8
14
 10
200.600000
 20
-103.450000
  0
VERTEX
  8
14
 10
180.600000
 20
-108.350000
  0
VERTEX
  8
14
 10
163.400000
 20
-113.850000
  0
VERTEX
  8
14
 10
149.200000
 20
-119.550000
  0
VERTEX
  8
14
 10
137.500000
 20
-125.750000
  0
VERTEX
  8
14
 10
127.600000
 20
-133.050000
  0
VERTEX
  8
14
 10
119.200000
 20
-141.650000
  0
VERTEX
  8
14
 10
111.900000
 20
-151.350000
  0
VERTEX
  8
14
 10
105.900000
 20
-161.150000
  0
VERTEX
  8
14
 10
102.100000
 20
-169.850000
  0
VERTEX
  8
14
 10
100.100000
 20
-177.150000
  0
VERTEX
  8
14
 10
100.400000
 20
-173.350000
  0
VERTEX
  8
14
 10
84.600000
 20
-173.050000
  0
VERTEX
  8
14
 10
60.400000
 20
-172.650000
  0
VERTEX
  8
14
 10
25.700000
 20
-171.650000
  0
VERTEX
  8
14
 10
-16.100000
 20
-170.550000
  0
VERTEX
  8
14
 10
-68.100000
 20
-169.450000
  0
VERTEX
  8
14
 10
-131.600000
 20
-168.050000
  0
VERTEX
  8
14
 10
-177.400000
 20
-167.850000
  0
VERTEX
  8
14
 10
-239.000000
 20
-167.050000
  0
VERTEX
  8
14
 10
-239.000000
 20
123.150000
  0
VERTEX
  8
14
 10
-239.000000
 20
413.050000
  0
VERTEX
  8
14
 10
-177.400000
 20
413.950000
  0
VERTEX
  8
14
 10
-131.600000
 20
414.150000
  0
VERTEX
  8
14
 10
-68.100000
 20
415.550000
  0
VERTEX
  8
14
 10
-16.100000
 20
416.650000
  0
VERTEX
  8
14
 10
25.700000
 20
417.750000
  0
VERTEX
  8
14
 10
60.400000
 20
418.750000
  0
VERTEX
  8
14
 10
84.600000
 20
419.150000
  0
VERTEX
  8
14
 10
100.400000
 20
419.350000
  0
VERTEX
  8
14
 10
100.100000
 20
423.250000
  0
VERTEX
  8
14
 10
102.100000
 20
415.950000
  0
VERTEX
  8
14
 10
105.900000
 20
407.250000
  0
VERTEX
  8
14
 10
111.900000
 20
397.450000
  0
VERTEX
  8
14
 10
119.200000
 20
387.750000
  0
VERTEX
  8
14
 10
127.600000
 20
379.150000
  0
VERTEX
  8
14
 10
137.500000
 20
371.850000
  0
VERTEX
  8
14
 10
149.200000
 20
365.650000
  0
VERTEX
  8
14
 10
163.400000
 20
359.950000
  0
VERTEX
  8
14
 10
180.600000
 20
354.450000
  0
VERTEX
  8
14
 10
200.600000
 20
349.550000
  0
VERTEX
  8
14
 10
222.500000
 20
346.450000
  0
VERTEX
  8
14
 10
245.300000
 20
344.950000
  0
VERTEX
  8
14
 10
269.100000
 20
344.450000
  0
VERTEX
  8
14
 10
293.800000
 20
344.550000
  0
VERTEX
  8
14
 10
318.200000
 20
345.950000
  0
VERTEX
  8
14
 10
340.300000
 20
348.150000
  0
VERTEX
  8
14
 10
358.600000
 20
350.450000
  0
VERTEX
  8
14
 10
372.900000
 20
352.550000
  0
VERTEX
  8
14
 10
374.600000
 20
352.850000
  0
VERTEX
  8
14
 10
387.000000
 20
323.950000
  0
VERTEX
  8
14
 10
399.500000
 20
295.950000
  0
VERTEX
  8
14
 10
409.400000
 20
273.450000
  0
VERTEX
  8
14
 10
417.800000
 20
253.250000
  0
VERTEX
  8
14
 10
425.000000
 20
235.750000
  0
VERTEX
  8
14
 10
433.500000
 20
214.550000
  0
VERTEX
  8
14
 10
427.700000
 20
211.450000
  0
VERTEX
  8
14
 10
421.300000
 20
207.450000
  0
VERTEX
  8
14
 10
415.900000
 20
203.150000
  0
VERTEX
  8
14
 10
411.000000
 20
198.150000
  0
VERTEX
  8
14
 10
406.400000
 20
192.350000
  0
VERTEX
  8
14
 10
402.700000
 20
185.750000
  0
VERTEX
  8
14
 10
399.700000
 20
179.050000
  0
VERTEX
  8
14
 10
397.400000
 20
172.350000
  0
VERTEX
  8
14
 10
395.600000
 20
165.350000
  0
VERTEX
  8
14
 10
394.400000
 20
157.450000
  0
VERTEX
  8
14
 10
394.000000
 20
148.950000
  0
VERTEX
  8
14
 10
393.800000
 20
140.750000
  0
VERTEX
  8
14
 10
393.600000
 20
133.250000
  0
VERTEX
  8
14
 10
393.600000
 20
123.150000
  0
SEQEND
  0
POINT
  8
2
 10
403.600000
 20
123.150000
  0
TEXT
  8
2
 10
403.600000
 20
123.150000
 40
0.250000
 50
0.000000
  1
#4
  0
POINT
  8
2
 10
403.600000
 20
112.850000
  0
TEXT
  8
2
 10
403.600000
 20
112.850000
 40
0.250000
 50
0.000000
  1
#4
  0
POINT
  8
3
 10
403.600000
 20
107.850000
  0
POINT
  8
3
 10
404.000000
 20
95.450000
  0
POINT
  8
3
 10
404.200000
 20
89.150000
  0
POINT
  8
3
 10
405.300000
 20
83.050000
  0
POINT
  8
3
 10
406.900000
 20
76.750000
  0
POINT
  8
3
 10
409.000000
 20
70.650000
  0
POINT
  8
3
 10
411.600000
 20
64.750000
  0
POINT
  8
3
 10
414.700000
 20
59.250000
  0
POINT
  8
3
 10
418.500000
 20
54.450000
  0
POINT
  8
3
 10
422.700000
 20
50.150000
  0
POINT
  8
3
 10
426.900000
 20
46.750000
  0
POINT
  8
3
 10
431.600000
 20
43.750000
  0
POINT
  8
3
 10
440.100000
 20
39.250000
  0
POINT
  8
2
 10
446.400000
 20
36.850000
  0
TEXT
  8
2
 10
446.400000
 20
36.850000
 40
0.250000
 50
0.000000
  1
#5
  0
POINT
  8
2
 10
434.200000
 20
6.550000
  0
POINT
  8
3
 10
427.000000
 20
-10.950000
  0
POINT
  8
3
 10
418.600000
 20
-31.250000
  0
POINT
  8
3
 10
408.600000
 20
-53.850000
  0
POINT
  8
2
 10
396.200000
 20
-81.550000
  0
POINT
  8
2
 10
384.600000
 20
-108.750000
  0
TEXT
  8
2
 10
384.600000
 20
-108.750000
 40
0.250000
 50
0.000000
  1
#6
  0
POINT
  8
3
 10
372.900000
 20
-106.450000
  0
POINT
  8
3
 10
358.600000
 20
-104.350000
  0
POINT
  8
3
 10
340.300000
 20
-102.050000
  0
POINT
  8
3
 10
318.200000
 20
-99.850000
  0
POINT
  8
3
 10
293.800000
 20
-98.450000
  0
POINT
  8
3
 10
269.100000
 20
-98.350000
  0
POINT
  8
3
 10
245.300000
 20
-98.850000
  0
POINT
  8
2
 10
222.500000
 20
-100.350000
  0
TEXT
  8
2
 10
222.500000
 20
-100.350000
 40
0.250000
 50
0.000000
  1
#16
  0
POINT
  8
3
 10
200.600000
 20
-103.450000
  0
POINT
  8
3
 10
180.600000
 20
-108.350000
  0
POINT
  8
3
 10
163.400000
 20
-113.850000
  0
POINT
  8
3
 10
149.200000
 20
-119.550000
  0
POINT
  8
2
 10
137.500000
 20
-125.750000
  0
TEXT
  8
2
 10
137.500000
 20
-125.750000
 40
0.250000
 50
0.000000
  1
#16
  0
POINT
  8
3
 10
127.600000
 20
-133.050000
  0
POINT
  8
3
 10
119.200000
 20
-141.650000
  0
POINT
  8
3
 10
111.900000
 20
-151.350000
  0
POINT
  8
3
 10
105.900000
 20
-161.150000
  0
POINT
  8
3
 10
102.100000
 20
-169.850000
  0
POINT
  8
3
 10
100.100000
 20
-177.150000
  0
POINT
  8
2
 10
99.500000
 20
-183.150000
  0
TEXT
  8
2
 10
99.500000
 20
-183.150000
 40
0.250000
 50
0.000000
  1
#17
  0
POINT
  8
3
 10
84.500000
 20
-182.950000
  0
POINT
  8
3
 10
60.200000
 20
-182.550000
  0
POINT
  8
2
 10
25.500000
 20
-181.550000
  0
TEXT
  8
2
 10
25.500000
 20
-181.550000
 40
0.250000
 50
0.000000
  1
#17
  0
POINT
  8
3
 10
-16.300000
 20
-180.450000
  0
POINT
  8
3
 10
-68.300000
 20
-179.350000
  0
POINT
  8
2
 10
-131.700000
 20
-177.950000
  0
TEXT
  8
2
 10
-131.700000
 20
-177.950000
 40
0.250000
 50
0.000000
  1
#17
  0
POINT
  8
3
 10
-177.500000
 20
-177.750000
  0
POINT
  8
2
 10
-249.000000
 20
-176.750000
  0
TEXT
  8
2
 10
-249.000000
 20
-176.750000
 40
0.250000
 50
0.000000
  1
#39
  0
POINT
  8
2
 10
-249.000000
 20
123.150000
  0
TEXT
  8
2
 10
-249.000000
 20
123.150000
 40
0.250000
 50
0.000000
  1
#21
  0
POINT
  8
2
 10
-249.000000
 20
422.850000
  0
TEXT
  8
2
 10
-249.000000
 20
422.850000
 40
0.250000
 50
0.000000
  1
#38
  0
POINT
  8
3
 10
-177.500000
 20
423.850000
  0
POINT
  8
2
 10
-131.700000
 20
424.050000
  0
TEXT
  8
2
 10
-131.700000
 20
424.050000
 40
0.250000
 50
0.000000
  1
#10
  0
POINT
  8
3
 10
-68.300000
 20
425.450000
  0
POINT
  8
3
 10
-16.300000
 20
426.550000
  0
POINT
  8
2
 10
25.500000
 20
427.650000
  0
TEXT
  8
2
 10
25.500000
 20
427.650000
 40
0.250000
 50
0.000000
  1
#10
  0
POINT
  8
3
 10
60.200000
 20
428.650000
  0
POINT
  8
3
 10
84.500000
 20
429.050000
  0
POINT
  8
2
 10
99.500000
 20
429.250000
  0
TEXT
  8
2
 10
99.500000
 20
429.250000
 40
0.250000
 50
0.000000
  1
#10
  0
POINT
  8
3
 10
100.100000
 20
423.250000
  0
POINT
  8
3
 10
102.100000
 20
415.950000
  0
POINT
  8
3
 10
105.900000
 20
407.250000
  0
POINT
  8
3
 10
111.900000
 20
397.450000
  0
POINT
  8
3
 10
119.200000
 20
387.750000
  0
POINT
  8
3
 10
127.600000
 20
379.150000
  0
POINT
  8
2
 10
137.500000
 20
371.850000
  0
TEXT
  8
2
 10
137.500000
 20
371.850000
 40
0.250000
 50
0.000000
  1
#11
  0
POINT
  8
3
 10
149.200000
 20
365.650000
  0
POINT
  8
3
 10
163.400000
 20
359.950000
  0
POINT
  8
3
 10
180.600000
 20
354.450000
  0
POINT
  8
3
 10
200.600000
 20
349.550000
  0
POINT
  8
2
 10
222.500000
 20
346.450000
  0
TEXT
  8
2
 10
222.500000
 20
346.450000
 40
0.250000
 50
0.000000
  1
#11
  0
POINT
  8
3
 10
245.300000
 20
344.950000
  0
POINT
  8
3
 10
269.100000
 20
344.450000
  0
POINT
  8
3
 10
293.800000
 20
344.550000
  0
POINT
  8
3
 10
318.200000
 20
345.950000
  0
POINT
  8
3
 10
340.300000
 20
348.150000
  0
POINT
  8
3
 10
358.600000
 20
350.450000
  0
POINT
  8
3
 10
372.900000
 20
352.550000
  0
POINT
  8
2
 10
384.600000
 20
354.850000
  0
TEXT
  8
2
 10
384.600000
 20
354.850000
 40
0.250000
 50
0.000000
  1
#2
  0
POINT
  8
2
 10
396.200000
 20
327.650000
  0
POINT
  8
3
 10
408.600000
 20
299.950000
  0
POINT
  8
3
 10
418.600000
 20
277.350000
  0
POINT
  8
3
 10
427.000000
 20
257.050000
  0
POINT
  8
2
 10
434.200000
 20
239.550000
  0
POINT
  8
2
 10
446.400000
 20
209.250000
  0
TEXT
  8
2
 10
446.400000
 20
209.250000
 40
0.250000
 50
0.000000
  1
#3
  0
POINT
  8
3
 10
439.300000
 20
206.250000
  0
POINT
  8
3
 10
432.600000
 20
202.850000
  0
POINT
  8
3
 10
427.000000
 20
199.350000
  0
POINT
  8
3
 10
422.600000
 20
195.850000
  0
POINT
  8
3
 10
418.500000
 20
191.650000
  0
POINT
  8
3
 10
414.700000
 20
186.850000
  0
POINT
  8
3
 10
411.600000
 20
181.350000
  0
POINT
  8
3
 10
409.000000
 20
175.450000
  0
POINT
  8
3
 10
406.900000
 20
169.450000
  0
POINT
  8
3
 10
405.300000
 20
163.450000
  0
POINT
  8
3
 10
404.300000
 20
156.550000
  0
POINT
  8
3
 10
403.900000
 20
148.650000
  0
POINT
  8
3
 10
403.700000
 20
140.650000
  0
POINT
  8
2
 10
403.600000
 20
133.250000
  0
TEXT
  8
2
 10
403.600000
 20
133.250000
 40
0.250000
 50
0.000000
  1
#4
  0
POINT
  8
2
 10
403.600000
 20
122.950000
  0
POINT
  8
2
 10
418.800000
 20
222.250000
  0
POINT
  8
2
 10
100.000000
 20
-25.150000
  0
POINT
  8
2
 10
427.300000
 20
18.450000
  0
POINT
  8
2
 10
163.000000
 20
218.450000
  0
POINT
  8
2
 10
384.900000
 20
-31.250000
  0
POINT
  8
2
 10
45.200000
 20
229.750000
  0
POINT
  8
2
 10
385.900000
 20
276.750000
  0
POINT
  8
2
 10
66.100000
 20
31.450000
  0
POINT
  8
2
 10
393.400000
 20
123.050000
  0
POINT
  8
2
 10
201.400000
 20
274.350000
  0
POINT
  8
2
 10
392.700000
 20
122.750000
  0
POINT
  8
2
 10
163.700000
 20
-59.750000
  0
POINT
  8
2
 10
-117.500000
 20
-22.950000
  0
POINT
  8
2
 10
307.000000
 20
291.250000
  0
POINT
  8
2
 10
1.100000
 20
182.150000
  0
POINT
  8
2
 10
304.200000
 20
-50.350000
  0
POINT
  8
2
 10
403.600000
 20
123.150000
 39
2.500000
 50
180.000000
  0
POINT
  8
2
 10
434.200000
 20
6.550000
 39
2.500000
 50
158.629400
  0
POINT
  8
2
 10
396.200000
 20
-81.550000
 39
2.500000
 50
155.556000
  0
POINT
  8
2
 10
25.500000
 20
-181.550000
 39
2.500000
 50
90.000000
  0
POINT
  8
2
 10
-131.700000
 20
-177.950000
 39
2.500000
 50
90.000000
  0
POINT
  8
2
 10
-249.000000
 20
123.150000
 39
2.500000
  0
POINT
  8
2
 10
-131.700000
 20
424.050000
 39
2.500000
 50
270.000000
  0
POINT
  8
2
 10
25.500000
 20
427.650000
 39
2.500000
 50
270.000000
  0
POINT
  8
2
 10
396.200000
 20
327.650000
 39
2.500000
 50
202.249000
  0
POINT
  8
2
 10
434.200000
 20
239.550000
 39
2.500000
 50
201.370600
  0
POINT
  8
2
 10
393.600000
 20
123.150000
  0
POINT
  8
2
 10
393.600000
 20
112.850000
  0
POINT
  8
3
 10
393.600000
 20
107.750000
  0
POINT
  8
3
 10
394.100000
 20
95.150000
  0
POINT
  8
3
 10
394.300000
 20
88.150000
  0
POINT
  8
3
 10
395.600000
 20
81.050000
  0
POINT
  8
3
 10
397.400000
 20
73.950000
  0
POINT
  8
3
 10
399.700000
 20
67.050000
  0
POINT
  8
3
 10
402.700000
 20
60.350000
  0
POINT
  8
3
 10
406.400000
 20
53.750000
  0
POINT
  8
3
 10
411.000000
 20
47.950000
  0
POINT
  8
3
 10
416.000000
 20
42.850000
  0
POINT
  8
3
 10
421.100000
 20
38.750000
  0
POINT
  8
3
 10
426.600000
 20
35.150000
  0
POINT
  8
2
 10
433.500000
 20
31.550000
  0
POINT
  8
2
 10
425.000000
 20
10.350000
  0
POINT
  8
3
 10
417.800000
 20
-7.150000
  0
POINT
  8
3
 10
409.400000
 20
-27.350000
  0
POINT
  8
3
 10
399.500000
 20
-49.850000
  0
POINT
  8
2
 10
387.100000
 20
-77.550000
  0
POINT
  8
2
 10
374.700000
 20
-106.750000
  0
POINT
  8
3
 10
372.900000
 20
-106.450000
  0
POINT
  8
3
 10
358.600000
 20
-104.350000
  0
POINT
  8
3
 10
340.300000
 20
-102.050000
  0
POINT
  8
3
 10
318.200000
 20
-99.850000
  0
POINT
  8
3
 10
293.800000
 20
-98.450000
  0
POINT
  8
3
 10
269.100000
 20
-98.350000
  0
POINT
  8
3
 10
245.300000
 20
-98.850000
  0
POINT
  8
2
 10
222.500000
 20
-100.350000
  0
POINT
  8
3
 10
200.600000
 20
-103.450000
  0
POINT
  8
3
 10
180.600000
 20
-108.350000
  0
POINT
  8
3
 10
163.400000
 20
-113.850000
  0
POINT
  8
3
 10
149.200000
 20
-119.550000
  0
POINT
  8
2
 10
137.500000
 20
-125.750000
  0
POINT
  8
3
 10
127.600000
 20
-133.050000
  0
POINT
  8
3
 10
119.200000
 20
-141.650000
  0
POINT
  8
3
 10
111.900000
 20
-151.350000
  0
POINT
  8
3
 10
105.900000
 20
-161.150000
  0
POINT
  8
3
 10
102.100000
 20
-169.850000
  0
POINT
  8
2
 10
100.100000
 20
-177.150000
  0
POINT
  8
2
 10
100.400000
 20
-173.350000
  0
POINT
  8
3
 10
84.600000
 20
-173.050000
  0
POINT
  8
3
 10
60.400000
 20
-172.650000
  0
POINT
  8
2
 10
25.700000
 20
-171.650000
  0
POINT
  8
3
 10
-16.100000
 20
-170.550000
  0
POINT
  8
3
 10
-68.100000
 20
-169.450000
  0
POINT
  8
2
 10
-131.600000
 20
-168.050000
  0
POINT
  8
3
 10
-177.400000
 20
-167.850000
  0
POINT
  8
2
 10
-239.000000
 20
-167.050000
  0
POINT
  8
2
 10
-239.000000
 20
123.150000
  0
POINT
  8
2
 10
-239.000000
 20
413.050000
  0
POINT
  8
3
 10
-177.400000
 20
413.950000
  0
POINT
  8
2
 10
-131.600000
 20
414.150000
  0
POINT
  8
3
 10
-68.100000
 20
415.550000
  0
POINT
  8
3
 10
-16.100000
 20
416.650000
  0
POINT
  8
2
 10
25.700000
 20
417.750000
  0
POINT
  8
3
 10
60.400000
 20
418.750000
  0
POINT
  8
3
 10
84.600000
 20
419.150000
  0
POINT
  8
2
 10
100.400000
 20
419.350000
  0
POINT
  8
2
 10
100.100000
 20
423.250000
  0
POINT
  8
3
 10
102.100000
 20
415.950000
  0
POINT
  8
3
 10
105.900000
 20
407.250000
  0
POINT
  8
3
 10
111.900000
 20
397.450000
  0
POINT
  8
3
 10
119.200000
 20
387.750000
  0
POINT
  8
3
 10
127.600000
 20
379.150000
  0
POINT
  8
2
 10
137.500000
 20
371.850000
  0
POINT
  8
3
 10
149.200000
 20
365.650000
  0
POINT
  8
3
 10
163.400000
 20
359.950000
  0
POINT
  8
3
 10
180.600000
 20
354.450000
  0
POINT
  8
3
 10
200.600000
 20
349.550000
  0
POINT
  8
2
 10
222.500000
 20
346.450000
  0
POINT
  8
3
 10
245.300000
 20
344.950000
  0
POINT
  8
3
 10
269.100000
 20
344.450000
  0
POINT
  8
3
 10
293.800000
 20
344.550000
  0
POINT
  8
3
 10
318.200000
 20
345.950000
  0
POINT
  8
3
 10
340.300000
 20
348.150000
  0
POINT
  8
3
 10
358.600000
 20
350.450000
  0
POINT
  8
3
 10
372.900000
 20
352.550000
  0
POINT
  8
2
 10
374.600000
 20
352.850000
  0
POINT
  8
2
 10
387.000000
 20
323.950000
  0
POINT
  8
3
 10
399.500000
 20
295.950000
  0
POINT
  8
3
 10
409.400000
 20
273.450000
  0
POINT
  8
3
 10
417.800000
 20
253.250000
  0
POINT
  8
2
 10
425.000000
 20
235.750000
  0
POINT
  8
2
 10
433.500000
 20
214.550000
  0
POINT
  8
3
 10
427.700000
 20
211.450000
  0
POINT
  8
3
 10
421.300000
 20
207.450000
  0
POINT
  8
3
 10
415.900000
 20
203.150000
  0
POINT
  8
3
 10
411.000000
 20
198.150000
  0
POINT
  8
3
 10
406.400000
 20
192.350000
  0
POINT
  8
3
 10
402.700000
 20
185.750000
  0
POINT
  8
3
 10
399.700000
 20
179.050000
  0
POINT
  8
3
 10
397.400000
 20
172.350000
  0
POINT
  8
3
 10
395.600000
 20
165.350000
  0
POINT
  8
3
 10
394.400000
 20
157.450000
  0
POINT
  8
3
 10
394.000000
 20
148.950000
  0
POINT
  8
3
 10
393.800000
 20
140.750000
  0
POINT
  8
2
 10
393.600000
 20
133.250000
  0
POINT
  8
2
 10
393.600000
 20
123.150000
  0
POINT
  8
4
 10
403.600000
 20
123.150000
 30
2.500000
 50
180.000000
  0
POINT
  8
4
 10
434.200000
 20
6.550000
 30
2.500000
 50
158.629400
  0
POINT
  8
4
 10
396.200000
 20
-81.550000
 30
2.500000
 50
155.556000
  0
POINT
  8
4
 10
25.500000
 20
-181.550000
 30
2.500000
 50
90.000000
  0
POINT
  8
4
 10
-131.700000
 20
-177.950000
 30
2.500000
 50
90.000000
  0
POINT
  8
4
 10
-249.000000
 20
123.150000
 30
2.500000
  0
POINT
  8
4
 10
-131.700000
 20
424.050000
 30
2.500000
 50
270.000000
  0
POINT
  8
4
 10
25.500000
 20
427.650000
 30
2.500000
 50
270.000000
  0
POINT
  8
4
 10
396.200000
 20
327.650000
 30
2.500000
 50
202.249000
  0
POINT
  8
4
 10
434.200000
 20
239.550000
 30
2.500000
 50
201.370600
  0
LINE
  8
5
 10
403.500000
 20
123.150000
 11
-248.900000
 21
123.150000
  0
LINE
  8
7
 10
403.500000
 20
123.150000
 11
-248.900000
 21
123.150000
  0
TEXT
  8
15
 10
156.100000
 20
352.650000
 40
14.661350
 50
340.521400
  1
NET+STRIP
  0
TEXT
  8
15
 10
226.100000
 20
-85.450000
 40
13.315190
 50
192.041300
  1
NET+STRIP
  0
TEXT
  8
1
 10
5.600000
 20
-110.400000
 40
10.000000
 50
0.000000
  1
Piece Name: DETACHABLE REV NYLON BK 1P
  0
TEXT
  8
1
 10
5.600000
 20
-99.400000
 40
10.000000
 50
0.000000
  1
Size: 50
  0
TEXT
  8
1
 10
5.600000
 20
-88.400000
 40
10.000000
 50
0.000000
  1
Annotation: DETACHABLE REV NYLON BK 1P
  0
TEXT
  8
1
 10
5.600000
 20
-77.400000
 40
10.000000
 50
0.000000
  1
Quantity: 1
  0
TEXT
  8
1
 10
5.600000
 20
-66.400000
 40
10.000000
 50
0.000000
  1
Material: NYLON
  0
ENDBLK
  0
BLOCK
  8
1
  2
DETACHABLE REV TXT BK 1P
 70
     0
 10
0.00
 20
0.00
  0
POLYLINE
  8
84
 66
     1
 70
     1
  0
VERTEX
  8
84
 10
403.600000
 20
123.150000
  0
VERTEX
  8
84
 10
403.600000
 20
112.850000
  0
VERTEX
  8
84
 10
403.600000
 20
107.850000
  0
VERTEX
  8
84
 10
404.000000
 20
95.450000
  0
VERTEX
  8
84
 10
404.200000
 20
89.150000
  0
VERTEX
  8
84
 10
405.300000
 20
83.050000
  0
VERTEX
  8
84
 10
406.900000
 20
76.750000
  0
VERTEX
  8
84
 10
409.000000
 20
70.650000
  0
VERTEX
  8
84
 10
411.600000
 20
64.750000
  0
VERTEX
  8
84
 10
414.700000
 20
59.250000
  0
VERTEX
  8
84
 10
418.500000
 20
54.450000
  0
VERTEX
  8
84
 10
422.700000
 20
50.150000
  0
VERTEX
  8
84
 10
426.900000
 20
46.750000
  0
VERTEX
  8
84
 10
431.600000
 20
43.750000
  0
VERTEX
  8
84
 10
440.100000
 20
39.250000
  0
VERTEX
  8
84
 10
446.400000
 20
36.850000
  0
VERTEX
  8
84
 10
434.200000
 20
6.550000
  0
VERTEX
  8
84
 10
427.000000
 20
-10.950000
  0
VERTEX
  8
84
 10
418.600000
 20
-31.250000
  0
VERTEX
  8
84
 10
408.600000
 20
-53.850000
  0
VERTEX
  8
84
 10
396.200000
 20
-81.550000
  0
VERTEX
  8
84
 10
384.600000
 20
-108.750000
  0
VERTEX
  8
84
 10
372.900000
 20
-106.450000
  0
VERTEX
  8
84
 10
358.600000
 20
-104.350000
  0
VERTEX
  8
84
 10
340.300000
 20
-102.050000
  0
VERTEX
  8
84
 10
318.200000
 20
-99.850000
  0
VERTEX
  8
84
 10
293.800000
 20
-98.450000
  0
VERTEX
  8
84
 10
269.100000
 20
-98.350000
  0
VERTEX
  8
84
 10
245.300000
 20
-98.850000
  0
VERTEX
  8
84
 10
222.500000
 20
-100.350000
  0
VERTEX
  8
84
 10
200.600000
 20
-103.450000
  0
VERTEX
  8
84
 10
180.600000
 20
-108.350000
  0
VERTEX
  8
84
 10
163.400000
 20
-113.850000
  0
VERTEX
  8
84
 10
149.200000
 20
-119.550000
  0
VERTEX
  8
84
 10
137.500000
 20
-125.750000
  0
VERTEX
  8
84
 10
127.600000
 20
-133.050000
  0
VERTEX
  8
84
 10
119.200000
 20
-141.650000
  0
VERTEX
  8
84
 10
111.900000
 20
-151.350000
  0
VERTEX
  8
84
 10
105.900000
 20
-161.150000
  0
VERTEX
  8
84
 10
102.100000
 20
-169.850000
  0
VERTEX
  8
84
 10
100.100000
 20
-177.150000
  0
VERTEX
  8
84
 10
99.500000
 20
-183.150000
  0
VERTEX
  8
84
 10
84.500000
 20
-182.950000
  0
VERTEX
  8
84
 10
60.200000
 20
-182.550000
  0
VERTEX
  8
84
 10
25.500000
 20
-181.550000
  0
VERTEX
  8
84
 10
-16.300000
 20
-180.450000
  0
VERTEX
  8
84
 10
-68.300000
 20
-179.350000
  0
VERTEX
  8
84
 10
-131.700000
 20
-177.950000
  0
VERTEX
  8
84
 10
-177.500000
 20
-177.750000
  0
VERTEX
  8
84
 10
-249.000000
 20
-176.750000
  0
VERTEX
  8
84
 10
-249.000000
 20
123.150000
  0
VERTEX
  8
84
 10
-249.000000
 20
422.850000
  0
VERTEX
  8
84
 10
-177.500000
 20
423.850000
  0
VERTEX
  8
84
 10
-131.700000
 20
424.050000
  0
VERTEX
  8
84
 10
-68.300000
 20
425.450000
  0
VERTEX
  8
84
 10
-16.300000
 20
426.550000
  0
VERTEX
  8
84
 10
25.500000
 20
427.650000
  0
VERTEX
  8
84
 10
60.200000
 20
428.650000
  0
VERTEX
  8
84
 10
84.500000
 20
429.050000
  0
VERTEX
  8
84
 10
99.500000
 20
429.250000
  0
VERTEX
  8
84
 10
100.100000
 20
423.250000
  0
VERTEX
  8
84
 10
102.100000
 20
415.950000
  0
VERTEX
  8
84
 10
105.900000
 20
407.250000
  0
VERTEX
  8
84
 10
111.900000
 20
397.450000
  0
VERTEX
  8
84
 10
119.200000
 20
387.750000
  0
VERTEX
  8
84
 10
127.600000
 20
379.150000
  0
VERTEX
  8
84
 10
137.500000
 20
371.850000
  0
VERTEX
  8
84
 10
149.200000
 20
365.650000
  0
VERTEX
  8
84
 10
163.400000
 20
359.950000
  0
VERTEX
  8
84
 10
180.600000
 20
354.450000
  0
VERTEX
  8
84
 10
200.600000
 20
349.550000
  0
VERTEX
  8
84
 10
222.500000
 20
346.450000
  0
VERTEX
  8
84
 10
245.300000
 20
344.950000
  0
VERTEX
  8
84
 10
269.100000
 20
344.450000
  0
VERTEX
  8
84
 10
293.800000
 20
344.550000
  0
VERTEX
  8
84
 10
318.200000
 20
345.950000
  0
VERTEX
  8
84
 10
340.300000
 20
348.150000
  0
VERTEX
  8
84
 10
358.600000
 20
350.450000
  0
VERTEX
  8
84
 10
372.900000
 20
352.550000
  0
VERTEX
  8
84
 10
384.600000
 20
354.850000
  0
VERTEX
  8
84
 10
396.200000
 20
327.650000
  0
VERTEX
  8
84
 10
408.600000
 20
299.950000
  0
VERTEX
  8
84
 10
418.600000
 20
277.350000
  0
VERTEX
  8
84
 10
427.000000
 20
257.050000
  0
VERTEX
  8
84
 10
434.200000
 20
239.550000
  0
VERTEX
  8
84
 10
446.400000
 20
209.250000
  0
VERTEX
  8
84
 10
439.300000
 20
206.250000
  0
VERTEX
  8
84
 10
432.600000
 20
202.850000
  0
VERTEX
  8
84
 10
427.000000
 20
199.350000
  0
VERTEX
  8
84
 10
422.600000
 20
195.850000
  0
VERTEX
  8
84
 10
418.500000
 20
191.650000
  0
VERTEX
  8
84
 10
414.700000
 20
186.850000
  0
VERTEX
  8
84
 10
411.600000
 20
181.350000
  0
VERTEX
  8
84
 10
409.000000
 20
175.450000
  0
VERTEX
  8
84
 10
406.900000
 20
169.450000
  0
VERTEX
  8
84
 10
405.300000
 20
163.450000
  0
VERTEX
  8
84
 10
404.300000
 20
156.550000
  0
VERTEX
  8
84
 10
403.900000
 20
148.650000
  0
VERTEX
  8
84
 10
403.700000
 20
140.650000
  0
VERTEX
  8
84
 10
403.600000
 20
133.250000
  0
VERTEX
  8
84
 10
403.600000
 20
122.950000
  0
SEQEND
  0
POLYLINE
  8
1
 66
     1
 70
     1
  0
VERTEX
  8
1
 10
403.600000
 20
123.150000
  0
VERTEX
  8
1
 10
403.600000
 20
112.850000
  0
VERTEX
  8
1
 10
403.600000
 20
107.850000
  0
VERTEX
  8
1
 10
404.000000
 20
95.450000
  0
VERTEX
  8
1
 10
404.200000
 20
89.150000
  0
VERTEX
  8
1
 10
405.300000
 20
83.050000
  0
VERTEX
  8
1
 10
406.900000
 20
76.750000
  0
VERTEX
  8
1
 10
409.000000
 20
70.650000
  0
VERTEX
  8
1
 10
411.600000
 20
64.750000
  0
VERTEX
  8
1
 10
414.700000
 20
59.250000
  0
VERTEX
  8
1
 10
418.500000
 20
54.450000
  0
VERTEX
  8
1
 10
422.700000
 20
50.150000
  0
VERTEX
  8
1
 10
426.900000
 20
46.750000
  0
VERTEX
  8
1
 10
431.600000
 20
43.750000
  0
VERTEX
  8
1
 10
440.100000
 20
39.250000
  0
VERTEX
  8
1
 10
446.400000
 20
36.850000
  0
VERTEX
  8
1
 10
434.200000
 20
6.550000
  0
VERTEX
  8
1
 10
427.000000
 20
-10.950000
  0
VERTEX
  8
1
 10
418.600000
 20
-31.250000
  0
VERTEX
  8
1
 10
408.600000
 20
-53.850000
  0
VERTEX
  8
1
 10
396.200000
 20
-81.550000
  0
VERTEX
  8
1
 10
384.600000
 20
-108.750000
  0
VERTEX
  8
1
 10
372.900000
 20
-106.450000
  0
VERTEX
  8
1
 10
358.600000
 20
-104.350000
  0
VERTEX
  8
1
 10
340.300000
 20
-102.050000
  0
VERTEX
  8
1
 10
318.200000
 20
-99.850000
  0
VERTEX
  8
1
 10
293.800000
 20
-98.450000
  0
VERTEX
  8
1
 10
269.100000
 20
-98.350000
  0
VERTEX
  8
1
 10
245.300000
 20
-98.850000
  0
VERTEX
  8
1
 10
222.500000
 20
-100.350000
  0
VERTEX
  8
1
 10
200.600000
 20
-103.450000
  0
VERTEX
  8
1
 10
180.600000
 20
-108.350000
  0
VERTEX
  8
1
 10
163.400000
 20
-113.850000
  0
VERTEX
  8
1
 10
149.200000
 20
-119.550000
  0
VERTEX
  8
1
 10
137.500000
 20
-125.750000
  0
VERTEX
  8
1
 10
127.600000
 20
-133.050000
  0
VERTEX
  8
1
 10
119.200000
 20
-141.650000
  0
VERTEX
  8
1
 10
111.900000
 20
-151.350000
  0
VERTEX
  8
1
 10
105.900000
 20
-161.150000
  0
VERTEX
  8
1
 10
102.100000
 20
-169.850000
  0
VERTEX
  8
1
 10
100.100000
 20
-177.150000
  0
VERTEX
  8
1
 10
99.500000
 20
-183.150000
  0
VERTEX
  8
1
 10
84.500000
 20
-182.950000
  0
VERTEX
  8
1
 10
60.200000
 20
-182.550000
  0
VERTEX
  8
1
 10
25.500000
 20
-181.550000
  0
VERTEX
  8
1
 10
-16.300000
 20
-180.450000
  0
VERTEX
  8
1
 10
-68.300000
 20
-179.350000
  0
VERTEX
  8
1
 10
-131.700000
 20
-177.950000
  0
VERTEX
  8
1
 10
-177.500000
 20
-177.750000
  0
VERTEX
  8
1
 10
-249.000000
 20
-176.750000
  0
VERTEX
  8
1
 10
-249.000000
 20
123.150000
  0
VERTEX
  8
1
 10
-249.000000
 20
422.850000
  0
VERTEX
  8
1
 10
-177.500000
 20
423.850000
  0
VERTEX
  8
1
 10
-131.700000
 20
424.050000
  0
VERTEX
  8
1
 10
-68.300000
 20
425.450000
  0
VERTEX
  8
1
 10
-16.300000
 20
426.550000
  0
VERTEX
  8
1
 10
25.500000
 20
427.650000
  0
VERTEX
  8
1
 10
60.200000
 20
428.650000
  0
VERTEX
  8
1
 10
84.500000
 20
429.050000
  0
VERTEX
  8
1
 10
99.500000
 20
429.250000
  0
VERTEX
  8
1
 10
100.100000
 20
423.250000
  0
VERTEX
  8
1
 10
102.100000
 20
415.950000
  0
VERTEX
  8
1
 10
105.900000
 20
407.250000
  0
VERTEX
  8
1
 10
111.900000
 20
397.450000
  0
VERTEX
  8
1
 10
119.200000
 20
387.750000
  0
VERTEX
  8
1
 10
127.600000
 20
379.150000
  0
VERTEX
  8
1
 10
137.500000
 20
371.850000
  0
VERTEX
  8
1
 10
149.200000
 20
365.650000
  0
VERTEX
  8
1
 10
163.400000
 20
359.950000
  0
VERTEX
  8
1
 10
180.600000
 20
354.450000
  0
VERTEX
  8
1
 10
200.600000
 20
349.550000
  0
VERTEX
  8
1
 10
222.500000
 20
346.450000
  0
VERTEX
  8
1
 10
245.300000
 20
344.950000
  0
VERTEX
  8
1
 10
269.100000
 20
344.450000
  0
VERTEX
  8
1
 10
293.800000
 20
344.550000
  0
VERTEX
  8
1
 10
318.200000
 20
345.950000
  0
VERTEX
  8
1
 10
340.300000
 20
348.150000
  0
VERTEX
  8
1
 10
358.600000
 20
350.450000
  0
VERTEX
  8
1
 10
372.900000
 20
352.550000
  0
VERTEX
  8
1
 10
384.600000
 20
354.850000
  0
VERTEX
  8
1
 10
396.200000
 20
327.650000
  0
VERTEX
  8
1
 10
408.600000
 20
299.950000
  0
VERTEX
  8
1
 10
418.600000
 20
277.350000
  0
VERTEX
  8
1
 10
427.000000
 20
257.050000
  0
VERTEX
  8
1
 10
434.200000
 20
239.550000
  0
VERTEX
  8
1
 10
446.400000
 20
209.250000
  0
VERTEX
  8
1
 10
439.300000
 20
206.250000
  0
VERTEX
  8
1
 10
432.600000
 20
202.850000
  0
VERTEX
  8
1
 10
427.000000
 20
199.350000
  0
VERTEX
  8
1
 10
422.600000
 20
195.850000
  0
VERTEX
  8
1
 10
418.500000
 20
191.650000
  0
VERTEX
  8
1
 10
414.700000
 20
186.850000
  0
VERTEX
  8
1
 10
411.600000
 20
181.350000
  0
VERTEX
  8
1
 10
409.000000
 20
175.450000
  0
VERTEX
  8
1
 10
406.900000
 20
169.450000
  0
VERTEX
  8
1
 10
405.300000
 20
163.450000
  0
VERTEX
  8
1
 10
404.300000
 20
156.550000
  0
VERTEX
  8
1
 10
403.900000
 20
148.650000
  0
VERTEX
  8
1
 10
403.700000
 20
140.650000
  0
VERTEX
  8
1
 10
403.600000
 20
133.250000
  0
VERTEX
  8
1
 10
403.600000
 20
122.950000
  0
SEQEND
  0
POLYLINE
  8
87
 66
     1
  0
VERTEX
  8
87
 10
393.600000
 20
123.150000
  0
VERTEX
  8
87
 10
393.600000
 20
112.850000
  0
VERTEX
  8
87
 10
393.600000
 20
107.750000
  0
VERTEX
  8
87
 10
394.100000
 20
95.150000
  0
VERTEX
  8
87
 10
394.300000
 20
88.150000
  0
VERTEX
  8
87
 10
395.600000
 20
81.050000
  0
VERTEX
  8
87
 10
397.400000
 20
73.950000
  0
VERTEX
  8
87
 10
399.700000
 20
67.050000
  0
VERTEX
  8
87
 10
402.700000
 20
60.350000
  0
VERTEX
  8
87
 10
406.400000
 20
53.750000
  0
VERTEX
  8
87
 10
411.000000
 20
47.950000
  0
VERTEX
  8
87
 10
416.000000
 20
42.850000
  0
VERTEX
  8
87
 10
421.100000
 20
38.750000
  0
VERTEX
  8
87
 10
426.600000
 20
35.150000
  0
VERTEX
  8
87
 10
433.500000
 20
31.550000
  0
VERTEX
  8
87
 10
425.000000
 20
10.350000
  0
VERTEX
  8
87
 10
417.800000
 20
-7.150000
  0
VERTEX
  8
87
 10
409.400000
 20
-27.350000
  0
VERTEX
  8
87
 10
399.500000
 20
-49.850000
  0
VERTEX
  8
87
 10
387.100000
 20
-77.550000
  0
VERTEX
  8
87
 10
374.700000
 20
-106.750000
  0
VERTEX
  8
87
 10
372.900000
 20
-106.450000
  0
VERTEX
  8
87
 10
358.600000
 20
-104.350000
  0
VERTEX
  8
87
 10
340.300000
 20
-102.050000
  0
VERTEX
  8
87
 10
318.200000
 20
-99.850000
  0
VERTEX
  8
87
 10
293.800000
 20
-98.450000
  0
VERTEX
  8
87
 10
269.100000
 20
-98.350000
  0
VERTEX
  8
87
 10
245.300000
 20
-98.850000
  0
VERTEX
  8
87
 10
222.500000
 20
-100.350000
  0
VERTEX
  8
87
 10
200.600000
 20
-103.450000
  0
VERTEX
  8
87
 10
180.600000
 20
-108.350000
  0
VERTEX
  8
87
 10
163.400000
 20
-113.850000
  0
VERTEX
  8
87
 10
149.200000
 20
-119.550000
  0
VERTEX
  8
87
 10
137.500000
 20
-125.750000
  0
VERTEX
  8
87
 10
127.600000
 20
-133.050000
  0
VERTEX
  8
87
 10
119.200000
 20
-141.650000
  0
VERTEX
  8
87
 10
111.900000
 20
-151.350000
  0
VERTEX
  8
87
 10
105.900000
 20
-161.150000
  0
VERTEX
  8
87
 10
102.100000
 20
-169.850000
  0
VERTEX
  8
87
 10
100.100000
 20
-177.150000
  0
VERTEX
  8
87
 10
100.400000
 20
-173.350000
  0
VERTEX
  8
87
 10
84.600000
 20
-173.050000
  0
VERTEX
  8
87
 10
60.400000
 20
-172.650000
  0
VERTEX
  8
87
 10
25.700000
 20
-171.650000
  0
VERTEX
  8
87
 10
-16.100000
 20
-170.550000
  0
VERTEX
  8
87
 10
-68.100000
 20
-169.450000
  0
VERTEX
  8
87
 10
-131.600000
 20
-168.050000
  0
VERTEX
  8
87
 10
-177.400000
 20
-167.850000
  0
VERTEX
  8
87
 10
-239.000000
 20
-167.050000
  0
VERTEX
  8
87
 10
-239.000000
 20
123.150000
  0
VERTEX
  8
87
 10
-239.000000
 20
413.050000
  0
VERTEX
  8
87
 10
-177.400000
 20
413.950000
  0
VERTEX
  8
87
 10
-131.600000
 20
414.150000
  0
VERTEX
  8
87
 10
-68.100000
 20
415.550000
  0
VERTEX
  8
87
 10
-16.100000
 20
416.650000
  0
VERTEX
  8
87
 10
25.700000
 20
417.750000
  0
VERTEX
  8
87
 10
60.400000
 20
418.750000
  0
VERTEX
  8
87
 10
84.600000
 20
419.150000
  0
VERTEX
  8
87
 10
100.400000
 20
419.350000
  0
VERTEX
  8
87
 10
100.100000
 20
423.250000
  0
VERTEX
  8
87
 10
102.100000
 20
415.950000
  0
VERTEX
  8
87
 10
105.900000
 20
407.250000
  0
VERTEX
  8
87
 10
111.900000
 20
397.450000
  0
VERTEX
  8
87
 10
119.200000
 20
387.750000
  0
VERTEX
  8
87
 10
127.600000
 20
379.150000
  0
VERTEX
  8
87
 10
137.500000
 20
371.850000
  0
VERTEX
  8
87
 10
149.200000
 20
365.650000
  0
VERTEX
  8
87
 10
163.400000
 20
359.950000
  0
VERTEX
  8
87
 10
180.600000
 20
354.450000
  0
VERTEX
  8
87
 10
200.600000
 20
349.550000
  0
VERTEX
  8
87
 10
222.500000
 20
346.450000
  0
VERTEX
  8
87
 10
245.300000
 20
344.950000
  0
VERTEX
  8
87
 10
269.100000
 20
344.450000
  0
VERTEX
  8
87
 10
293.800000
 20
344.550000
  0
VERTEX
  8
87
 10
318.200000
 20
345.950000
  0
VERTEX
  8
87
 10
340.300000
 20
348.150000
  0
VERTEX
  8
87
 10
358.600000
 20
350.450000
  0
VERTEX
  8
87
 10
372.900000
 20
352.550000
  0
VERTEX
  8
87
 10
374.600000
 20
352.850000
  0
VERTEX
  8
87
 10
387.000000
 20
323.950000
  0
VERTEX
  8
87
 10
399.500000
 20
295.950000
  0
VERTEX
  8
87
 10
409.400000
 20
273.450000
  0
VERTEX
  8
87
 10
417.800000
 20
253.250000
  0
VERTEX
  8
87
 10
425.000000
 20
235.750000
  0
VERTEX
  8
87
 10
433.500000
 20
214.550000
  0
VERTEX
  8
87
 10
427.700000
 20
211.450000
  0
VERTEX
  8
87
 10
421.300000
 20
207.450000
  0
VERTEX
  8
87
 10
415.900000
 20
203.150000
  0
VERTEX
  8
87
 10
411.000000
 20
198.150000
  0
VERTEX
  8
87
 10
406.400000
 20
192.350000
  0
VERTEX
  8
87
 10
402.700000
 20
185.750000
  0
VERTEX
  8
87
 10
399.700000
 20
179.050000
  0
VERTEX
  8
87
 10
397.400000
 20
172.350000
  0
VERTEX
  8
87
 10
395.600000
 20
165.350000
  0
VERTEX
  8
87
 10
394.400000
 20
157.450000
  0
VERTEX
  8
87
 10
394.000000
 20
148.950000
  0
VERTEX
  8
87
 10
393.800000
 20
140.750000
  0
VERTEX
  8
87
 10
393.600000
 20
133.250000
  0
VERTEX
  8
87
 10
393.600000
 20
123.150000
  0
SEQEND
  0
POLYLINE
  8
14
 66
     1
  0
VERTEX
  8
14
 10
393.600000
 20
123.150000
  0
VERTEX
  8
14
 10
393.600000
 20
112.850000
  0
VERTEX
  8
14
 10
393.600000
 20
107.750000
  0
VERTEX
  8
14
 10
394.100000
 20
95.150000
  0
VERTEX
  8
14
 10
394.300000
 20
88.150000
  0
VERTEX
  8
14
 10
395.600000
 20
81.050000
  0
VERTEX
  8
14
 10
397.400000
 20
73.950000
  0
VERTEX
  8
14
 10
399.700000
 20
67.050000
  0
VERTEX
  8
14
 10
402.700000
 20
60.350000
  0
VERTEX
  8
14
 10
406.400000
 20
53.750000
  0
VERTEX
  8
14
 10
411.000000
 20
47.950000
  0
VERTEX
  8
14
 10
416.000000
 20
42.850000
  0
VERTEX
  8
14
 10
421.100000
 20
38.750000
  0
VERTEX
  8
14
 10
426.600000
 20
35.150000
  0
VERTEX
  8
14
 10
433.500000
 20
31.550000
  0
VERTEX
  8
14
 10
425.000000
 20
10.350000
  0
VERTEX
  8
14
 10
417.800000
 20
-7.150000
  0
VERTEX
  8
14
 10
409.400000
 20
-27.350000
  0
VERTEX
  8
14
 10
399.500000
 20
-49.850000
  0
VERTEX
  8
14
 10
387.100000
 20
-77.550000
  0
VERTEX
  8
14
 10
374.700000
 20
-106.750000
  0
VERTEX
  8
14
 10
372.900000
 20
-106.450000
  0
VERTEX
  8
14
 10
358.600000
 20
-104.350000
  0
VERTEX
  8
14
 10
340.300000
 20
-102.050000
  0
VERTEX
  8
14
 10
318.200000
 20
-99.850000
  0
VERTEX
  8
14
 10
293.800000
 20
-98.450000
  0
VERTEX
  8
14
 10
269.100000
 20
-98.350000
  0
VERTEX
  8
14
 10
245.300000
 20
-98.850000
  0
VERTEX
  8
14
 10
222.500000
 20
-100.350000
  0
VERTEX
  8
14
 10
200.600000
 20
-103.450000
  0
VERTEX
  8
14
 10
180.600000
 20
-108.350000
  0
VERTEX
  8
14
 10
163.400000
 20
-113.850000
  0
VERTEX
  8
14
 10
149.200000
 20
-119.550000
  0
VERTEX
  8
14
 10
137.500000
 20
-125.750000
  0
VERTEX
  8
14
 10
127.600000
 20
-133.050000
  0
VERTEX
  8
14
 10
119.200000
 20
-141.650000
  0
VERTEX
  8
14
 10
111.900000
 20
-151.350000
  0
VERTEX
  8
14
 10
105.900000
 20
-161.150000
  0
VERTEX
  8
14
 10
102.100000
 20
-169.850000
  0
VERTEX
  8
14
 10
100.100000
 20
-177.150000
  0
VERTEX
  8
14
 10
100.400000
 20
-173.350000
  0
VERTEX
  8
14
 10
84.600000
 20
-173.050000
  0
VERTEX
  8
14
 10
60.400000
 20
-172.650000
  0
VERTEX
  8
14
 10
25.700000
 20
-171.650000
  0
VERTEX
  8
14
 10
-16.100000
 20
-170.550000
  0
VERTEX
  8
14
 10
-68.100000
 20
-169.450000
  0
VERTEX
  8
14
 10
-131.600000
 20
-168.050000
  0
VERTEX
  8
14
 10
-177.400000
 20
-167.850000
  0
VERTEX
  8
14
 10
-239.000000
 20
-167.050000
  0
VERTEX
  8
14
 10
-239.000000
 20
123.150000
  0
VERTEX
  8
14
 10
-239.000000
 20
413.050000
  0
VERTEX
  8
14
 10
-177.400000
 20
413.950000
  0
VERTEX
  8
14
 10
-131.600000
 20
414.150000
  0
VERTEX
  8
14
 10
-68.100000
 20
415.550000
  0
VERTEX
  8
14
 10
-16.100000
 20
416.650000
  0
VERTEX
  8
14
 10
25.700000
 20
417.750000
  0
VERTEX
  8
14
 10
60.400000
 20
418.750000
  0
VERTEX
  8
14
 10
84.600000
 20
419.150000
  0
VERTEX
  8
14
 10
100.400000
 20
419.350000
  0
VERTEX
  8
14
 10
100.100000
 20
423.250000
  0
VERTEX
  8
14
 10
102.100000
 20
415.950000
  0
VERTEX
  8
14
 10
105.900000
 20
407.250000
  0
VERTEX
  8
14
 10
111.900000
 20
397.450000
  0
VERTEX
  8
14
 10
119.200000
 20
387.750000
  0
VERTEX
  8
14
 10
127.600000
 20
379.150000
  0
VERTEX
  8
14
 10
137.500000
 20
371.850000
  0
VERTEX
  8
14
 10
149.200000
 20
365.650000
  0
VERTEX
  8
14
 10
163.400000
 20
359.950000
  0
VERTEX
  8
14
 10
180.600000
 20
354.450000
  0
VERTEX
  8
14
 10
200.600000
 20
349.550000
  0
VERTEX
  8
14
 10
222.500000
 20
346.450000
  0
VERTEX
  8
14
 10
245.300000
 20
344.950000
  0
VERTEX
  8
14
 10
269.100000
 20
344.450000
  0
VERTEX
  8
14
 10
293.800000
 20
344.550000
  0
VERTEX
  8
14
 10
318.200000
 20
345.950000
  0
VERTEX
  8
14
 10
340.300000
 20
348.150000
  0
VERTEX
  8
14
 10
358.600000
 20
350.450000
  0
VERTEX
  8
14
 10
372.900000
 20
352.550000
  0
VERTEX
  8
14
 10
374.600000
 20
352.850000
  0
VERTEX
  8
14
 10
387.000000
 20
323.950000
  0
VERTEX
  8
14
 10
399.500000
 20
295.950000
  0
VERTEX
  8
14
 10
409.400000
 20
273.450000
  0
VERTEX
  8
14
 10
417.800000
 20
253.250000
  0
VERTEX
  8
14
 10
425.000000
 20
235.750000
  0
VERTEX
  8
14
 10
433.500000
 20
214.550000
  0
VERTEX
  8
14
 10
427.700000
 20
211.450000
  0
VERTEX
  8
14
 10
421.300000
 20
207.450000
  0
VERTEX
  8
14
 10
415.900000
 20
203.150000
  0
VERTEX
  8
14
 10
411.000000
 20
198.150000
  0
VERTEX
  8
14
 10
406.400000
 20
192.350000
  0
VERTEX
  8
14
 10
402.700000
 20
185.750000
  0
VERTEX
  8
14
 10
399.700000
 20
179.050000
  0
VERTEX
  8
14
 10
397.400000
 20
172.350000
  0
VERTEX
  8
14
 10
395.600000
 20
165.350000
  0
VERTEX
  8
14
 10
394.400000
 20
157.450000
  0
VERTEX
  8
14
 10
394.000000
 20
148.950000
  0
VERTEX
  8
14
 10
393.800000
 20
140.750000
  0
VERTEX
  8
14
 10
393.600000
 20
133.250000
  0
VERTEX
  8
14
 10
393.600000
 20
123.150000
  0
SEQEND
  0
POINT
  8
2
 10
403.600000
 20
123.150000
  0
TEXT
  8
2
 10
403.600000
 20
123.150000
 40
0.250000
 50
0.000000
  1
#4
  0
POINT
  8
2
 10
403.600000
 20
112.850000
  0
TEXT
  8
2
 10
403.600000
 20
112.850000
 40
0.250000
 50
0.000000
  1
#4
  0
POINT
  8
3
 10
403.600000
 20
107.850000
  0
POINT
  8
3
 10
404.000000
 20
95.450000
  0
POINT
  8
3
 10
404.200000
 20
89.150000
  0
POINT
  8
3
 10
405.300000
 20
83.050000
  0
POINT
  8
3
 10
406.900000
 20
76.750000
  0
POINT
  8
3
 10
409.000000
 20
70.650000
  0
POINT
  8
3
 10
411.600000
 20
64.750000
  0
POINT
  8
3
 10
414.700000
 20
59.250000
  0
POINT
  8
3
 10
418.500000
 20
54.450000
  0
POINT
  8
3
 10
422.700000
 20
50.150000
  0
POINT
  8
3
 10
426.900000
 20
46.750000
  0
POINT
  8
3
 10
431.600000
 20
43.750000
  0
POINT
  8
3
 10
440.100000
 20
39.250000
  0
POINT
  8
2
 10
446.400000
 20
36.850000
  0
TEXT
  8
2
 10
446.400000
 20
36.850000
 40
0.250000
 50
0.000000
  1
#5
  0
POINT
  8
2
 10
434.200000
 20
6.550000
  0
POINT
  8
3
 10
427.000000
 20
-10.950000
  0
POINT
  8
3
 10
418.600000
 20
-31.250000
  0
POINT
  8
3
 10
408.600000
 20
-53.850000
  0
POINT
  8
2
 10
396.200000
 20
-81.550000
  0
POINT
  8
2
 10
384.600000
 20
-108.750000
  0
TEXT
  8
2
 10
384.600000
 20
-108.750000
 40
0.250000
 50
0.000000
  1
#6
  0
POINT
  8
3
 10
372.900000
 20
-106.450000
  0
POINT
  8
3
 10
358.600000
 20
-104.350000
  0
POINT
  8
3
 10
340.300000
 20
-102.050000
  0
POINT
  8
3
 10
318.200000
 20
-99.850000
  0
POINT
  8
3
 10
293.800000
 20
-98.450000
  0
POINT
  8
3
 10
269.100000
 20
-98.350000
  0
POINT
  8
3
 10
245.300000
 20
-98.850000
  0
POINT
  8
2
 10
222.500000
 20
-100.350000
  0
TEXT
  8
2
 10
222.500000
 20
-100.350000
 40
0.250000
 50
0.000000
  1
#16
  0
POINT
  8
3
 10
200.600000
 20
-103.450000
  0
POINT
  8
3
 10
180.600000
 20
-108.350000
  0
POINT
  8
3
 10
163.400000
 20
-113.850000
  0
POINT
  8
3
 10
149.200000
 20
-119.550000
  0
POINT
  8
2
 10
137.500000
 20
-125.750000
  0
TEXT
  8
2
 10
137.500000
 20
-125.750000
 40
0.250000
 50
0.000000
  1
#16
  0
POINT
  8
3
 10
127.600000
 20
-133.050000
  0
POINT
  8
3
 10
119.200000
 20
-141.650000
  0
POINT
  8
3
 10
111.900000
 20
-151.350000
  0
POINT
  8
3
 10
105.900000
 20
-161.150000
  0
POINT
  8
3
 10
102.100000
 20
-169.850000
  0
POINT
  8
3
 10
100.100000
 20
-177.150000
  0
POINT
  8
2
 10
99.500000
 20
-183.150000
  0
TEXT
  8
2
 10
99.500000
 20
-183.150000
 40
0.250000
 50
0.000000
  1
#17
  0
POINT
  8
3
 10
84.500000
 20
-182.950000
  0
POINT
  8
3
 10
60.200000
 20
-182.550000
  0
POINT
  8
2
 10
25.500000
 20
-181.550000
  0
TEXT
  8
2
 10
25.500000
 20
-181.550000
 40
0.250000
 50
0.000000
  1
#17
  0
POINT
  8
3
 10
-16.300000
 20
-180.450000
  0
POINT
  8
3
 10
-68.300000
 20
-179.350000
  0
POINT
  8
2
 10
-131.700000
 20
-177.950000
  0
TEXT
  8
2
 10
-131.700000
 20
-177.950000
 40
0.250000
 50
0.000000
  1
#17
  0
POINT
  8
3
 10
-177.500000
 20
-177.750000
  0
POINT
  8
2
 10
-249.000000
 20
-176.750000
  0
TEXT
  8
2
 10
-249.000000
 20
-176.750000
 40
0.250000
 50
0.000000
  1
#39
  0
POINT
  8
2
 10
-249.000000
 20
123.150000
  0
TEXT
  8
2
 10
-249.000000
 20
123.150000
 40
0.250000
 50
0.000000
  1
#21
  0
POINT
  8
2
 10
-249.000000
 20
422.850000
  0
TEXT
  8
2
 10
-249.000000
 20
422.850000
 40
0.250000
 50
0.000000
  1
#38
  0
POINT
  8
3
 10
-177.500000
 20
423.850000
  0
POINT
  8
2
 10
-131.700000
 20
424.050000
  0
TEXT
  8
2
 10
-131.700000
 20
424.050000
 40
0.250000
 50
0.000000
  1
#10
  0
POINT
  8
3
 10
-68.300000
 20
425.450000
  0
POINT
  8
3
 10
-16.300000
 20
426.550000
  0
POINT
  8
2
 10
25.500000
 20
427.650000
  0
TEXT
  8
2
 10
25.500000
 20
427.650000
 40
0.250000
 50
0.000000
  1
#10
  0
POINT
  8
3
 10
60.200000
 20
428.650000
  0
POINT
  8
3
 10
84.500000
 20
429.050000
  0
POINT
  8
2
 10
99.500000
 20
429.250000
  0
TEXT
  8
2
 10
99.500000
 20
429.250000
 40
0.250000
 50
0.000000
  1
#10
  0
POINT
  8
3
 10
100.100000
 20
423.250000
  0
POINT
  8
3
 10
102.100000
 20
415.950000
  0
POINT
  8
3
 10
105.900000
 20
407.250000
  0
POINT
  8
3
 10
111.900000
 20
397.450000
  0
POINT
  8
3
 10
119.200000
 20
387.750000
  0
POINT
  8
3
 10
127.600000
 20
379.150000
  0
POINT
  8
2
 10
137.500000
 20
371.850000
  0
TEXT
  8
2
 10
137.500000
 20
371.850000
 40
0.250000
 50
0.000000
  1
#11
  0
POINT
  8
3
 10
149.200000
 20
365.650000
  0
POINT
  8
3
 10
163.400000
 20
359.950000
  0
POINT
  8
3
 10
180.600000
 20
354.450000
  0
POINT
  8
3
 10
200.600000
 20
349.550000
  0
POINT
  8
2
 10
222.500000
 20
346.450000
  0
TEXT
  8
2
 10
222.500000
 20
346.450000
 40
0.250000
 50
0.000000
  1
#11
  0
POINT
  8
3
 10
245.300000
 20
344.950000
  0
POINT
  8
3
 10
269.100000
 20
344.450000
  0
POINT
  8
3
 10
293.800000
 20
344.550000
  0
POINT
  8
3
 10
318.200000
 20
345.950000
  0
POINT
  8
3
 10
340.300000
 20
348.150000
  0
POINT
  8
3
 10
358.600000
 20
350.450000
  0
POINT
  8
3
 10
372.900000
 20
352.550000
  0
POINT
  8
2
 10
384.600000
 20
354.850000
  0
TEXT
  8
2
 10
384.600000
 20
354.850000
 40
0.250000
 50
0.000000
  1
#2
  0
POINT
  8
2
 10
396.200000
 20
327.650000
  0
POINT
  8
3
 10
408.600000
 20
299.950000
  0
POINT
  8
3
 10
418.600000
 20
277.350000
  0
POINT
  8
3
 10
427.000000
 20
257.050000
  0
POINT
  8
2
 10
434.200000
 20
239.550000
  0
POINT
  8
2
 10
446.400000
 20
209.250000
  0
TEXT
  8
2
 10
446.400000
 20
209.250000
 40
0.250000
 50
0.000000
  1
#3
  0
POINT
  8
3
 10
439.300000
 20
206.250000
  0
POINT
  8
3
 10
432.600000
 20
202.850000
  0
POINT
  8
3
 10
427.000000
 20
199.350000
  0
POINT
  8
3
 10
422.600000
 20
195.850000
  0
POINT
  8
3
 10
418.500000
 20
191.650000
  0
POINT
  8
3
 10
414.700000
 20
186.850000
  0
POINT
  8
3
 10
411.600000
 20
181.350000
  0
POINT
  8
3
 10
409.000000
 20
175.450000
  0
POINT
  8
3
 10
406.900000
 20
169.450000
  0
POINT
  8
3
 10
405.300000
 20
163.450000
  0
POINT
  8
3
 10
404.300000
 20
156.550000
  0
POINT
  8
3
 10
403.900000
 20
148.650000
  0
POINT
  8
3
 10
403.700000
 20
140.650000
  0
POINT
  8
2
 10
403.600000
 20
133.250000
  0
TEXT
  8
2
 10
403.600000
 20
133.250000
 40
0.250000
 50
0.000000
  1
#4
  0
POINT
  8
2
 10
403.600000
 20
122.950000
  0
POINT
  8
2
 10
403.600000
 20
123.150000
 39
2.500000
 50
180.000000
  0
POINT
  8
2
 10
434.200000
 20
6.550000
 39
2.500000
 50
158.629400
  0
POINT
  8
2
 10
396.200000
 20
-81.550000
 39
2.500000
 50
155.556000
  0
POINT
  8
2
 10
25.500000
 20
-181.550000
 39
2.500000
 50
90.000000
  0
POINT
  8
2
 10
-131.700000
 20
-177.950000
 39
2.500000
 50
90.000000
  0
POINT
  8
2
 10
-249.000000
 20
123.150000
 39
2.500000
  0
POINT
  8
2
 10
-131.700000
 20
424.050000
 39
2.500000
 50
270.000000
  0
POINT
  8
2
 10
25.500000
 20
427.650000
 39
2.500000
 50
270.000000
  0
POINT
  8
2
 10
396.200000
 20
327.650000
 39
2.500000
 50
202.249000
  0
POINT
  8
2
 10
434.200000
 20
239.550000
 39
2.500000
 50
201.370600
  0
POINT
  8
2
 10
393.600000
 20
123.150000
  0
POINT
  8
2
 10
393.600000
 20
112.850000
  0
POINT
  8
3
 10
393.600000
 20
107.750000
  0
POINT
  8
3
 10
394.100000
 20
95.150000
  0
POINT
  8
3
 10
394.300000
 20
88.150000
  0
POINT
  8
3
 10
395.600000
 20
81.050000
  0
POINT
  8
3
 10
397.400000
 20
73.950000
  0
POINT
  8
3
 10
399.700000
 20
67.050000
  0
POINT
  8
3
 10
402.700000
 20
60.350000
  0
POINT
  8
3
 10
406.400000
 20
53.750000
  0
POINT
  8
3
 10
411.000000
 20
47.950000
  0
POINT
  8
3
 10
416.000000
 20
42.850000
  0
POINT
  8
3
 10
421.100000
 20
38.750000
  0
POINT
  8
3
 10
426.600000
 20
35.150000
  0
POINT
  8
2
 10
433.500000
 20
31.550000
  0
POINT
  8
2
 10
425.000000
 20
10.350000
  0
POINT
  8
3
 10
417.800000
 20
-7.150000
  0
POINT
  8
3
 10
409.400000
 20
-27.350000
  0
POINT
  8
3
 10
399.500000
 20
-49.850000
  0
POINT
  8
2
 10
387.100000
 20
-77.550000
  0
POINT
  8
2
 10
374.700000
 20
-106.750000
  0
POINT
  8
3
 10
372.900000
 20
-106.450000
  0
POINT
  8
3
 10
358.600000
 20
-104.350000
  0
POINT
  8
3
 10
340.300000
 20
-102.050000
  0
POINT
  8
3
 10
318.200000
 20
-99.850000
  0
POINT
  8
3
 10
293.800000
 20
-98.450000
  0
POINT
  8
3
 10
269.100000
 20
-98.350000
  0
POINT
  8
3
 10
245.300000
 20
-98.850000
  0
POINT
  8
2
 10
222.500000
 20
-100.350000
  0
POINT
  8
3
 10
200.600000
 20
-103.450000
  0
POINT
  8
3
 10
180.600000
 20
-108.350000
  0
POINT
  8
3
 10
163.400000
 20
-113.850000
  0
POINT
  8
3
 10
149.200000
 20
-119.550000
  0
POINT
  8
2
 10
137.500000
 20
-125.750000
  0
POINT
  8
3
 10
127.600000
 20
-133.050000
  0
POINT
  8
3
 10
119.200000
 20
-141.650000
  0
POINT
  8
3
 10
111.900000
 20
-151.350000
  0
POINT
  8
3
 10
105.900000
 20
-161.150000
  0
POINT
  8
3
 10
102.100000
 20
-169.850000
  0
POINT
  8
2
 10
100.100000
 20
-177.150000
  0
POINT
  8
2
 10
100.400000
 20
-173.350000
  0
POINT
  8
3
 10
84.600000
 20
-173.050000
  0
POINT
  8
3
 10
60.400000
 20
-172.650000
  0
POINT
  8
2
 10
25.700000
 20
-171.650000
  0
POINT
  8
3
 10
-16.100000
 20
-170.550000
  0
POINT
  8
3
 10
-68.100000
 20
-169.450000
  0
POINT
  8
2
 10
-131.600000
 20
-168.050000
  0
POINT
  8
3
 10
-177.400000
 20
-167.850000
  0
POINT
  8
2
 10
-239.000000
 20
-167.050000
  0
POINT
  8
2
 10
-239.000000
 20
123.150000
  0
POINT
  8
2
 10
-239.000000
 20
413.050000
  0
POINT
  8
3
 10
-177.400000
 20
413.950000
  0
POINT
  8
2
 10
-131.600000
 20
414.150000
  0
POINT
  8
3
 10
-68.100000
 20
415.550000
  0
POINT
  8
3
 10
-16.100000
 20
416.650000
  0
POINT
  8
2
 10
25.700000
 20
417.750000
  0
POINT
  8
3
 10
60.400000
 20
418.750000
  0
POINT
  8
3
 10
84.600000
 20
419.150000
  0
POINT
  8
2
 10
100.400000
 20
419.350000
  0
POINT
  8
2
 10
100.100000
 20
423.250000
  0
POINT
  8
3
 10
102.100000
 20
415.950000
  0
POINT
  8
3
 10
105.900000
 20
407.250000
  0
POINT
  8
3
 10
111.900000
 20
397.450000
  0
POINT
  8
3
 10
119.200000
 20
387.750000
  0
POINT
  8
3
 10
127.600000
 20
379.150000
  0
POINT
  8
2
 10
137.500000
 20
371.850000
  0
POINT
  8
3
 10
149.200000
 20
365.650000
  0
POINT
  8
3
 10
163.400000
 20
359.950000
  0
POINT
  8
3
 10
180.600000
 20
354.450000
  0
POINT
  8
3
 10
200.600000
 20
349.550000
  0
POINT
  8
2
 10
222.500000
 20
346.450000
  0
POINT
  8
3
 10
245.300000
 20
344.950000
  0
POINT
  8
3
 10
269.100000
 20
344.450000
  0
POINT
  8
3
 10
293.800000
 20
344.550000
  0
POINT
  8
3
 10
318.200000
 20
345.950000
  0
POINT
  8
3
 10
340.300000
 20
348.150000
  0
POINT
  8
3
 10
358.600000
 20
350.450000
  0
POINT
  8
3
 10
372.900000
 20
352.550000
  0
POINT
  8
2
 10
374.600000
 20
352.850000
  0
POINT
  8
2
 10
387.000000
 20
323.950000
  0
POINT
  8
3
 10
399.500000
 20
295.950000
  0
POINT
  8
3
 10
409.400000
 20
273.450000
  0
POINT
  8
3
 10
417.800000
 20
253.250000
  0
POINT
  8
2
 10
425.000000
 20
235.750000
  0
POINT
  8
2
 10
433.500000
 20
214.550000
  0
POINT
  8
3
 10
427.700000
 20
211.450000
  0
POINT
  8
3
 10
421.300000
 20
207.450000
  0
POINT
  8
3
 10
415.900000
 20
203.150000
  0
POINT
  8
3
 10
411.000000
 20
198.150000
  0
POINT
  8
3
 10
406.400000
 20
192.350000
  0
POINT
  8
3
 10
402.700000
 20
185.750000
  0
POINT
  8
3
 10
399.700000
 20
179.050000
  0
POINT
  8
3
 10
397.400000
 20
172.350000
  0
POINT
  8
3
 10
395.600000
 20
165.350000
  0
POINT
  8
3
 10
394.400000
 20
157.450000
  0
POINT
  8
3
 10
394.000000
 20
148.950000
  0
POINT
  8
3
 10
393.800000
 20
140.750000
  0
POINT
  8
2
 10
393.600000
 20
133.250000
  0
POINT
  8
2
 10
393.600000
 20
123.150000
  0
POINT
  8
4
 10
403.600000
 20
123.150000
 30
2.500000
 50
180.000000
  0
POINT
  8
4
 10
434.200000
 20
6.550000
 30
2.500000
 50
158.629400
  0
POINT
  8
4
 10
396.200000
 20
-81.550000
 30
2.500000
 50
155.556000
  0
POINT
  8
4
 10
25.500000
 20
-181.550000
 30
2.500000
 50
90.000000
  0
POINT
  8
4
 10
-131.700000
 20
-177.950000
 30
2.500000
 50
90.000000
  0
POINT
  8
4
 10
-249.000000
 20
123.150000
 30
2.500000
  0
POINT
  8
4
 10
-131.700000
 20
424.050000
 30
2.500000
 50
270.000000
  0
POINT
  8
4
 10
25.500000
 20
427.650000
 30
2.500000
 50
270.000000
  0
POINT
  8
4
 10
396.200000
 20
327.650000
 30
2.500000
 50
202.249000
  0
POINT
  8
4
 10
434.200000
 20
239.550000
 30
2.500000
 50
201.370600
  0
LINE
  8
5
 10
403.500000
 20
123.150000
 11
-248.900000
 21
123.150000
  0
LINE
  8
7
 10
403.500000
 20
123.150000
 11
-248.900000
 21
123.150000
  0
TEXT
  8
15
 10
156.100000
 20
352.650000
 40
14.661350
 50
340.521400
  1
NET+STRIP
  0
TEXT
  8
15
 10
226.100000
 20
-85.450000
 40
13.315190
 50
192.041300
  1
NET+STRIP
  0
TEXT
  8
1
 10
5.600000
 20
-110.400000
 40
10.000000
 50
0.000000
  1
Piece Name: DETACHABLE REV TXT BK 1P
  0
TEXT
  8
1
 10
5.600000
 20
-99.400000
 40
10.000000
 50
0.000000
  1
Size: 50
  0
TEXT
  8
1
 10
5.600000
 20
-88.400000
 40
10.000000
 50
0.000000
  1
Annotation: DETACHABLE REV TXT BK 1P
  0
TEXT
  8
1
 10
5.600000
 20
-77.400000
 40
10.000000
 50
0.000000
  1
Quantity: 1
  0
TEXT
  8
1
 10
5.600000
 20
-66.400000
 40
10.000000
 50
0.000000
  1
Material: TEXTILE
  0
ENDBLK
  0
BLOCK
  8
1
  2
DETACHABLE REV NYLON FRNT 2P
 70
     0
 10
0.00
 20
0.00
  0
POLYLINE
  8
84
 66
     1
 70
     1
  0
VERTEX
  8
84
 10
243.100000
 20
202.250000
  0
VERTEX
  8
84
 10
244.200000
 20
194.450000
  0
VERTEX
  8
84
 10
245.300000
 20
187.150000
  0
VERTEX
  8
84
 10
247.400000
 20
179.350000
  0
VERTEX
  8
84
 10
251.800000
 20
170.250000
  0
VERTEX
  8
84
 10
258.900000
 20
160.050000
  0
VERTEX
  8
84
 10
268.000000
 20
149.850000
  0
VERTEX
  8
84
 10
278.800000
 20
140.650000
  0
VERTEX
  8
84
 10
291.200000
 20
132.750000
  0
VERTEX
  8
84
 10
304.100000
 20
125.850000
  0
VERTEX
  8
84
 10
316.800000
 20
119.950000
  0
VERTEX
  8
84
 10
327.900000
 20
115.550000
  0
VERTEX
  8
84
 10
337.000000
 20
112.550000
  0
VERTEX
  8
84
 10
344.700000
 20
109.850000
  0
VERTEX
  8
84
 10
328.800000
 20
71.450000
  0
VERTEX
  8
84
 10
315.400000
 20
39.050000
  0
VERTEX
  8
84
 10
305.500000
 20
14.150000
  0
VERTEX
  8
84
 10
298.000000
 20
-5.250000
  0
VERTEX
  8
84
 10
286.400000
 20
-35.050000
  0
VERTEX
  8
84
 10
262.900000
 20
-24.050000
  0
VERTEX
  8
84
 10
241.300000
 20
-14.950000
  0
VERTEX
  8
84
 10
222.200000
 20
-8.550000
  0
VERTEX
  8
84
 10
205.000000
 20
-4.550000
  0
VERTEX
  8
84
 10
188.400000
 20
-1.550000
  0
VERTEX
  8
84
 10
171.600000
 20
0.950000
  0
VERTEX
  8
84
 10
154.500000
 20
2.650000
  0
VERTEX
  8
84
 10
138.100000
 20
2.650000
  0
VERTEX
  8
84
 10
123.400000
 20
1.150000
  0
VERTEX
  8
84
 10
110.400000
 20
-2.350000
  0
VERTEX
  8
84
 10
98.400000
 20
-7.450000
  0
VERTEX
  8
84
 10
87.100000
 20
-14.550000
  0
VERTEX
  8
84
 10
77.000000
 20
-23.650000
  0
VERTEX
  8
84
 10
68.800000
 20
-34.050000
  0
VERTEX
  8
84
 10
62.800000
 20
-45.650000
  0
VERTEX
  8
84
 10
58.700000
 20
-57.250000
  0
VERTEX
  8
84
 10
55.900000
 20
-67.350000
  0
VERTEX
  8
84
 10
54.200000
 20
-75.550000
  0
VERTEX
  8
84
 10
53.400000
 20
-82.250000
  0
VERTEX
  8
84
 10
-21.500000
 20
-77.450000
  0
VERTEX
  8
84
 10
-95.200000
 20
-76.250000
  0
VERTEX
  8
84
 10
-145.000000
 20
-75.250000
  0
VERTEX
  8
84
 10
-179.600000
 20
-75.550000
  0
VERTEX
  8
84
 10
-231.400000
 20
-75.750000
  0
VERTEX
  8
84
 10
-264.400000
 20
-75.650000
  0
VERTEX
  8
84
 10
-292.700000
 20
-76.150000
  0
VERTEX
  8
84
 10
-301.100000
 20
18.250000
  0
VERTEX
  8
84
 10
-306.500000
 20
85.850000
  0
VERTEX
  8
84
 10
-310.100000
 20
130.650000
  0
VERTEX
  8
84
 10
-310.700000
 20
149.450000
  0
VERTEX
  8
84
 10
-310.300000
 20
162.450000
  0
VERTEX
  8
84
 10
-308.600000
 20
173.050000
  0
VERTEX
  8
84
 10
-303.400000
 20
183.450000
  0
VERTEX
  8
84
 10
-298.800000
 20
189.550000
  0
VERTEX
  8
84
 10
-290.700000
 20
197.350000
  0
VERTEX
  8
84
 10
-283.000000
 20
202.650000
  0
VERTEX
  8
84
 10
-271.700000
 20
207.550000
  0
VERTEX
  8
84
 10
-261.400000
 20
210.150000
  0
VERTEX
  8
84
 10
-252.000000
 20
211.850000
  0
VERTEX
  8
84
 10
-245.400000
 20
212.450000
  0
VERTEX
  8
84
 10
-185.600000
 20
213.250000
  0
VERTEX
  8
84
 10
-126.500000
 20
213.950000
  0
VERTEX
  8
84
 10
-69.900000
 20
214.250000
  0
VERTEX
  8
84
 10
-16.700000
 20
213.550000
  0
VERTEX
  8
84
 10
33.300000
 20
211.950000
  0
VERTEX
  8
84
 10
80.600000
 20
210.150000
  0
VERTEX
  8
84
 10
125.100000
 20
207.850000
  0
VERTEX
  8
84
 10
166.400000
 20
205.850000
  0
VERTEX
  8
84
 10
205.200000
 20
204.150000
  0
VERTEX
  8
84
 10
243.100000
 20
202.250000
  0
SEQEND
  0
POLYLINE
  8
1
 66
     1
 70
     1
  0
VERTEX
  8
1
 10
243.100000
 20
202.250000
  0
VERTEX
  8
1
 10
244.200000
 20
194.450000
  0
VERTEX
  8
1
 10
245.300000
 20
187.150000
  0
VERTEX
  8
1
 10
247.400000
 20
179.350000
  0
VERTEX
  8
1
 10
251.800000
 20
170.250000
  0
VERTEX
  8
1
 10
258.900000
 20
160.050000
  0
VERTEX
  8
1
 10
268.000000
 20
149.850000
  0
VERTEX
  8
1
 10
278.800000
 20
140.650000
  0
VERTEX
  8
1
 10
291.200000
 20
132.750000
  0
VERTEX
  8
1
 10
304.100000
 20
125.850000
  0
VERTEX
  8
1
 10
316.800000
 20
119.950000
  0
VERTEX
  8
1
 10
327.900000
 20
115.550000
  0
VERTEX
  8
1
 10
337.000000
 20
112.550000
  0
VERTEX
  8
1
 10
344.700000
 20
109.850000
  0
VERTEX
  8
1
 10
328.800000
 20
71.450000
  0
VERTEX
  8
1
 10
315.400000
 20
39.050000
  0
VERTEX
  8
1
 10
305.500000
 20
14.150000
  0
VERTEX
  8
1
 10
298.000000
 20
-5.250000
  0
VERTEX
  8
1
 10
286.400000
 20
-35.050000
  0
VERTEX
  8
1
 10
262.900000
 20
-24.050000
  0
VERTEX
  8
1
 10
241.300000
 20
-14.950000
  0
VERTEX
  8
1
 10
222.200000
 20
-8.550000
  0
VERTEX
  8
1
 10
205.000000
 20
-4.550000
  0
VERTEX
  8
1
 10
188.400000
 20
-1.550000
  0
VERTEX
  8
1
 10
171.600000
 20
0.950000
  0
VERTEX
  8
1
 10
154.500000
 20
2.650000
  0
VERTEX
  8
1
 10
138.100000
 20
2.650000
  0
VERTEX
  8
1
 10
123.400000
 20
1.150000
  0
VERTEX
  8
1
 10
110.400000
 20
-2.350000
  0
VERTEX
  8
1
 10
98.400000
 20
-7.450000
  0
VERTEX
  8
1
 10
87.100000
 20
-14.550000
  0
VERTEX
  8
1
 10
77.000000
 20
-23.650000
  0
VERTEX
  8
1
 10
68.800000
 20
-34.050000
  0
VERTEX
  8
1
 10
62.800000
 20
-45.650000
  0
VERTEX
  8
1
 10
58.700000
 20
-57.250000
  0
VERTEX
  8
1
 10
55.900000
 20
-67.350000
  0
VERTEX
  8
1
 10
54.200000
 20
-75.550000
  0
VERTEX
  8
1
 10
53.400000
 20
-82.250000
  0
VERTEX
  8
1
 10
-21.500000
 20
-77.450000
  0
VERTEX
  8
1
 10
-95.200000
 20
-76.250000
  0
VERTEX
  8
1
 10
-145.000000
 20
-75.250000
  0
VERTEX
  8
1
 10
-179.600000
 20
-75.550000
  0
VERTEX
  8
1
 10
-231.400000
 20
-75.750000
  0
VERTEX
  8
1
 10
-264.400000
 20
-75.650000
  0
VERTEX
  8
1
 10
-292.700000
 20
-76.150000
  0
VERTEX
  8
1
 10
-301.100000
 20
18.250000
  0
VERTEX
  8
1
 10
-306.500000
 20
85.850000
  0
VERTEX
  8
1
 10
-310.100000
 20
130.650000
  0
VERTEX
  8
1
 10
-310.700000
 20
149.450000
  0
VERTEX
  8
1
 10
-310.300000
 20
162.450000
  0
VERTEX
  8
1
 10
-308.600000
 20
173.050000
  0
VERTEX
  8
1
 10
-303.400000
 20
183.450000
  0
VERTEX
  8
1
 10
-298.800000
 20
189.550000
  0
VERTEX
  8
1
 10
-290.700000
 20
197.350000
  0
VERTEX
  8
1
 10
-283.000000
 20
202.650000
  0
VERTEX
  8
1
 10
-271.700000
 20
207.550000
  0
VERTEX
  8
1
 10
-261.400000
 20
210.150000
  0
VERTEX
  8
1
 10
-252.000000
 20
211.850000
  0
VERTEX
  8
1
 10
-245.400000
 20
212.450000
  0
VERTEX
  8
1
 10
-185.600000
 20
213.250000
  0
VERTEX
  8
1
 10
-126.500000
 20
213.950000
  0
VERTEX
  8
1
 10
-69.900000
 20
214.250000
  0
VERTEX
  8
1
 10
-16.700000
 20
213.550000
  0
VERTEX
  8
1
 10
33.300000
 20
211.950000
  0
VERTEX
  8
1
 10
80.600000
 20
210.150000
  0
VERTEX
  8
1
 10
125.100000
 20
207.850000
  0
VERTEX
  8
1
 10
166.400000
 20
205.850000
  0
VERTEX
  8
1
 10
205.200000
 20
204.150000
  0
VERTEX
  8
1
 10
243.100000
 20
202.250000
  0
SEQEND
  0
POLYLINE
  8
85
 66
     1
  0
VERTEX
  8
85
 10
-54.300000
 20
60.550000
  0
VERTEX
  8
85
 10
-211.000000
 20
22.850000
  0
VERTEX
  8
85
 10
-205.400000
 20
-1.050000
  0
VERTEX
  8
85
 10
-48.600000
 20
37.250000
  0
VERTEX
  8
85
 10
-54.300000
 20
60.550000
  0
SEQEND
  0
POLYLINE
  8
8
 66
     1
  0
VERTEX
  8
8
 10
-54.300000
 20
60.550000
  0
VERTEX
  8
8
 10
-211.000000
 20
22.850000
  0
VERTEX
  8
8
 10
-205.400000
 20
-1.050000
  0
VERTEX
  8
8
 10
-48.600000
 20
37.250000
  0
VERTEX
  8
8
 10
-54.300000
 20
60.550000
  0
SEQEND
  0
POLYLINE
  8
85
 66
     1
  0
VERTEX
  8
85
 10
-200.100000
 20
203.350000
  0
VERTEX
  8
85
 10
27.900000
 20
29.550000
  0
SEQEND
  0
POLYLINE
  8
8
 66
     1
  0
VERTEX
  8
8
 10
-200.100000
 20
203.350000
  0
VERTEX
  8
8
 10
27.900000
 20
29.550000
  0
SEQEND
  0
POLYLINE
  8
85
 66
     1
  0
VERTEX
  8
85
 10
-96.400000
 20
204.250000
  0
VERTEX
  8
85
 10
107.300000
 20
51.050000
  0
SEQEND
  0
POLYLINE
  8
8
 66
     1
  0
VERTEX
  8
8
 10
-96.400000
 20
204.250000
  0
VERTEX
  8
8
 10
107.300000
 20
51.050000
  0
SEQEND
  0
POLYLINE
  8
85
 66
     1
  0
VERTEX
  8
85
 10
12.900000
 20
203.350000
  0
VERTEX
  8
85
 10
170.500000
 20
82.650000
  0
SEQEND
  0
POLYLINE
  8
8
 66
     1
  0
VERTEX
  8
8
 10
12.900000
 20
203.350000
  0
VERTEX
  8
8
 10
170.500000
 20
82.650000
  0
SEQEND
  0
POLYLINE
  8
85
 66
     1
  0
VERTEX
  8
85
 10
113.800000
 20
201.450000
  0
VERTEX
  8
85
 10
-153.400000
 20
-9.650001
  0
SEQEND
  0
POLYLINE
  8
8
 66
     1
  0
VERTEX
  8
8
 10
113.800000
 20
201.450000
  0
VERTEX
  8
8
 10
-153.400000
 20
-9.650001
  0
SEQEND
  0
POLYLINE
  8
85
 66
     1
  0
VERTEX
  8
85
 10
11.000000
 20
204.250000
  0
VERTEX
  8
85
 10
-208.700000
 20
28.550000
  0
SEQEND
  0
POLYLINE
  8
8
 66
     1
  0
VERTEX
  8
8
 10
11.000000
 20
204.250000
  0
VERTEX
  8
8
 10
-208.700000
 20
28.550000
  0
SEQEND
  0
POLYLINE
  8
85
 66
     1
  0
VERTEX
  8
85
 10
-93.600000
 20
203.350000
  0
VERTEX
  8
85
 10
-254.300000
 20
79.050000
  0
SEQEND
  0
POLYLINE
  8
8
 66
     1
  0
VERTEX
  8
8
 10
-93.600000
 20
203.350000
  0
VERTEX
  8
8
 10
-254.300000
 20
79.050000
  0
SEQEND
  0
POLYLINE
  8
85
 66
     1
  0
VERTEX
  8
85
 10
-285.200000
 20
190.250000
  0
VERTEX
  8
85
 10
22.300000
 20
-47.950000
  0
SEQEND
  0
POLYLINE
  8
8
 66
     1
  0
VERTEX
  8
8
 10
-285.200000
 20
190.250000
  0
VERTEX
  8
8
 10
22.300000
 20
-47.950000
  0
SEQEND
  0
POLYLINE
  8
87
 66
     1
  0
VERTEX
  8
87
 10
234.300000
 20
192.850000
  0
VERTEX
  8
87
 10
235.600000
 20
185.150000
  0
VERTEX
  8
87
 10
238.100000
 20
175.950000
  0
VERTEX
  8
87
 10
243.200000
 20
165.250000
  0
VERTEX
  8
87
 10
251.100000
 20
153.850000
  0
VERTEX
  8
87
 10
261.100000
 20
142.750000
  0
VERTEX
  8
87
 10
272.900000
 20
132.650000
  0
VERTEX
  8
87
 10
286.200000
 20
124.150000
  0
VERTEX
  8
87
 10
299.600000
 20
116.950000
  0
VERTEX
  8
87
 10
312.900000
 20
110.850000
  0
VERTEX
  8
87
 10
324.500000
 20
106.250000
  0
VERTEX
  8
87
 10
331.500000
 20
103.850000
  0
VERTEX
  8
87
 10
319.600000
 20
75.250000
  0
VERTEX
  8
87
 10
306.200000
 20
42.750000
  0
VERTEX
  8
87
 10
296.200000
 20
17.750000
  0
VERTEX
  8
87
 10
288.700000
 20
-1.650000
  0
VERTEX
  8
87
 10
277.400000
 20
-30.750000
  0
VERTEX
  8
87
 10
262.900000
 20
-24.050000
  0
VERTEX
  8
87
 10
241.300000
 20
-14.950000
  0
VERTEX
  8
87
 10
222.200000
 20
-8.550000
  0
VERTEX
  8
87
 10
205.000000
 20
-4.550000
  0
VERTEX
  8
87
 10
188.400000
 20
-1.550000
  0
VERTEX
  8
87
 10
171.600000
 20
0.950000
  0
VERTEX
  8
87
 10
154.500000
 20
2.650000
  0
VERTEX
  8
87
 10
138.100000
 20
2.650000
  0
VERTEX
  8
87
 10
123.400000
 20
1.150000
  0
VERTEX
  8
87
 10
110.400000
 20
-2.350000
  0
VERTEX
  8
87
 10
98.400000
 20
-7.450000
  0
VERTEX
  8
87
 10
87.100000
 20
-14.550000
  0
VERTEX
  8
87
 10
77.000000
 20
-23.650000
  0
VERTEX
  8
87
 10
68.800000
 20
-34.050000
  0
VERTEX
  8
87
 10
62.800000
 20
-45.650000
  0
VERTEX
  8
87
 10
58.700000
 20
-57.250000
  0
VERTEX
  8
87
 10
55.900000
 20
-67.350000
  0
VERTEX
  8
87
 10
54.200000
 20
-75.550000
  0
VERTEX
  8
87
 10
54.500000
 20
-72.350000
  0
VERTEX
  8
87
 10
-21.100000
 20
-67.550000
  0
VERTEX
  8
87
 10
-95.000000
 20
-66.350000
  0
VERTEX
  8
87
 10
-144.900000
 20
-65.350000
  0
VERTEX
  8
87
 10
-179.600000
 20
-65.650000
  0
VERTEX
  8
87
 10
-231.400000
 20
-65.850000
  0
VERTEX
  8
87
 10
-264.400000
 20
-65.750000
  0
VERTEX
  8
87
 10
-283.600000
 20
-66.050000
  0
VERTEX
  8
87
 10
-291.200000
 20
19.050000
  0
VERTEX
  8
87
 10
-296.600000
 20
86.650000
  0
VERTEX
  8
87
 10
-300.200000
 20
131.150000
  0
VERTEX
  8
87
 10
-300.800000
 20
149.450000
  0
VERTEX
  8
87
 10
-300.400000
 20
161.550000
  0
VERTEX
  8
87
 10
-299.200000
 20
170.050000
  0
VERTEX
  8
87
 10
-295.000000
 20
178.250000
  0
VERTEX
  8
87
 10
-291.400000
 20
182.950000
  0
VERTEX
  8
87
 10
-284.400000
 20
189.650000
  0
VERTEX
  8
87
 10
-278.200000
 20
193.950000
  0
VERTEX
  8
87
 10
-268.500000
 20
198.150000
  0
VERTEX
  8
87
 10
-259.300000
 20
200.450000
  0
VERTEX
  8
87
 10
-250.700000
 20
201.950000
  0
VERTEX
  8
87
 10
-244.900000
 20
202.550000
  0
VERTEX
  8
87
 10
-185.500000
 20
203.350000
  0
VERTEX
  8
87
 10
-126.400000
 20
204.050000
  0
VERTEX
  8
87
 10
-69.900000
 20
204.350000
  0
VERTEX
  8
87
 10
-16.900000
 20
203.650000
  0
VERTEX
  8
87
 10
33.000000
 20
202.050000
  0
VERTEX
  8
87
 10
80.200000
 20
200.250000
  0
VERTEX
  8
87
 10
124.600000
 20
197.950000
  0
VERTEX
  8
87
 10
166.000000
 20
195.950000
  0
VERTEX
  8
87
 10
204.700000
 20
194.250000
  0
VERTEX
  8
87
 10
234.300000
 20
192.850000
  0
SEQEND
  0
POLYLINE
  8
14
 66
     1
  0
VERTEX
  8
14
 10
234.300000
 20
192.850000
  0
VERTEX
  8
14
 10
235.600000
 20
185.150000
  0
VERTEX
  8
14
 10
238.100000
 20
175.950000
  0
VERTEX
  8
14
 10
243.200000
 20
165.250000
  0
VERTEX
  8
14
 10
251.100000
 20
153.850000
  0
VERTEX
  8
14
 10
261.100000
 20
142.750000
  0
VERTEX
  8
14
 10
272.900000
 20
132.650000
  0
VERTEX
  8
14
 10
286.200000
 20
124.150000
  0
VERTEX
  8
14
 10
299.600000
 20
116.950000
  0
VERTEX
  8
14
 10
312.900000
 20
110.850000
  0
VERTEX
  8
14
 10
324.500000
 20
106.250000
  0
VERTEX
  8
14
 10
331.500000
 20
103.850000
  0
VERTEX
  8
14
 10
319.600000
 20
75.250000
  0
VERTEX
  8
14
 10
306.200000
 20
42.750000
  0
VERTEX
  8
14
 10
296.200000
 20
17.750000
  0
VERTEX
  8
14
 10
288.700000
 20
-1.650000
  0
VERTEX
  8
14
 10
277.400000
 20
-30.750000
  0
VERTEX
  8
14
 10
262.900000
 20
-24.050000
  0
VERTEX
  8
14
 10
241.300000
 20
-14.950000
  0
VERTEX
  8
14
 10
222.200000
 20
-8.550000
  0
VERTEX
  8
14
 10
205.000000
 20
-4.550000
  0
VERTEX
  8
14
 10
188.400000
 20
-1.550000
  0
VERTEX
  8
14
 10
171.600000
 20
0.950000
  0
VERTEX
  8
14
 10
154.500000
 20
2.650000
  0
VERTEX
  8
14
 10
138.100000
 20
2.650000
  0
VERTEX
  8
14
 10
123.400000
 20
1.150000
  0
VERTEX
  8
14
 10
110.400000
 20
-2.350000
  0
VERTEX
  8
14
 10
98.400000
 20
-7.450000
  0
VERTEX
  8
14
 10
87.100000
 20
-14.550000
  0
VERTEX
  8
14
 10
77.000000
 20
-23.650000
  0
VERTEX
  8
14
 10
68.800000
 20
-34.050000
  0
VERTEX
  8
14
 10
62.800000
 20
-45.650000
  0
VERTEX
  8
14
 10
58.700000
 20
-57.250000
  0
VERTEX
  8
14
 10
55.900000
 20
-67.350000
  0
VERTEX
  8
14
 10
54.200000
 20
-75.550000
  0
VERTEX
  8
14
 10
54.500000
 20
-72.350000
  0
VERTEX
  8
14
 10
-21.100000
 20
-67.550000
  0
VERTEX
  8
14
 10
-95.000000
 20
-66.350000
  0
VERTEX
  8
14
 10
-144.900000
 20
-65.350000
  0
VERTEX
  8
14
 10
-179.600000
 20
-65.650000
  0
VERTEX
  8
14
 10
-231.400000
 20
-65.850000
  0
VERTEX
  8
14
 10
-264.400000
 20
-65.750000
  0
VERTEX
  8
14
 10
-283.600000
 20
-66.050000
  0
VERTEX
  8
14
 10
-291.200000
 20
19.050000
  0
VERTEX
  8
14
 10
-296.600000
 20
86.650000
  0
VERTEX
  8
14
 10
-300.200000
 20
131.150000
  0
VERTEX
  8
14
 10
-300.800000
 20
149.450000
  0
VERTEX
  8
14
 10
-300.400000
 20
161.550000
  0
VERTEX
  8
14
 10
-299.200000
 20
170.050000
  0
VERTEX
  8
14
 10
-295.000000
 20
178.250000
  0
VERTEX
  8
14
 10
-291.400000
 20
182.950000
  0
VERTEX
  8
14
 10
-284.400000
 20
189.650000
  0
VERTEX
  8
14
 10
-278.200000
 20
193.950000
  0
VERTEX
  8
14
 10
-268.500000
 20
198.150000
  0
VERTEX
  8
14
 10
-259.300000
 20
200.450000
  0
VERTEX
  8
14
 10
-250.700000
 20
201.950000
  0
VERTEX
  8
14
 10
-244.900000
 20
202.550000
  0
VERTEX
  8
14
 10
-185.500000
 20
203.350000
  0
VERTEX
  8
14
 10
-126.400000
 20
204.050000
  0
VERTEX
  8
14
 10
-69.900000
 20
204.350000
  0
VERTEX
  8
14
 10
-16.900000
 20
203.650000
  0
VERTEX
  8
14
 10
33.000000
 20
202.050000
  0
VERTEX
  8
14
 10
80.200000
 20
200.250000
  0
VERTEX
  8
14
 10
124.600000
 20
197.950000
  0
VERTEX
  8
14
 10
166.000000
 20
195.950000
  0
VERTEX
  8
14
 10
204.700000
 20
194.250000
  0
VERTEX
  8
14
 10
234.300000
 20
192.850000
  0
SEQEND
  0
POINT
  8
2
 10
243.100000
 20
202.250000
  0
TEXT
  8
2
 10
243.100000
 20
202.250000
 40
0.250000
 50
0.000000
  1
#15
  0
POINT
  8
3
 10
244.200000
 20
194.450000
  0
POINT
  8
3
 10
245.300000
 20
187.150000
  0
POINT
  8
3
 10
247.400000
 20
179.350000
  0
POINT
  8
3
 10
251.800000
 20
170.250000
  0
POINT
  8
3
 10
258.900000
 20
160.050000
  0
POINT
  8
3
 10
268.000000
 20
149.850000
  0
POINT
  8
3
 10
278.800000
 20
140.650000
  0
POINT
  8
3
 10
291.200000
 20
132.750000
  0
POINT
  8
3
 10
304.100000
 20
125.850000
  0
POINT
  8
3
 10
316.800000
 20
119.950000
  0
POINT
  8
3
 10
327.900000
 20
115.550000
  0
POINT
  8
3
 10
337.000000
 20
112.550000
  0
POINT
  8
2
 10
344.700000
 20
109.850000
  0
TEXT
  8
2
 10
344.700000
 20
109.850000
 40
0.250000
 50
0.000000
  1
#5
  0
POINT
  8
3
 10
328.800000
 20
71.450000
  0
POINT
  8
3
 10
315.400000
 20
39.050000
  0
POINT
  8
3
 10
305.500000
 20
14.150000
  0
POINT
  8
2
 10
298.000000
 20
-5.250000
  0
POINT
  8
2
 10
286.400000
 20
-35.050000
  0
TEXT
  8
2
 10
286.400000
 20
-35.050000
 40
0.250000
 50
0.000000
  1
#6
  0
POINT
  8
3
 10
262.900000
 20
-24.050000
  0
POINT
  8
3
 10
241.300000
 20
-14.950000
  0
POINT
  8
3
 10
222.200000
 20
-8.550000
  0
POINT
  8
3
 10
205.000000
 20
-4.550000
  0
POINT
  8
3
 10
188.400000
 20
-1.550000
  0
TEXT
  8
3
 10
188.400000
 20
-1.550000
 40
0.250000
 50
0.000000
  1
#7
  0
POINT
  8
3
 10
171.600000
 20
0.950000
  0
POINT
  8
3
 10
154.500000
 20
2.650000
  0
POINT
  8
3
 10
138.100000
 20
2.650000
  0
POINT
  8
3
 10
123.400000
 20
1.150000
  0
TEXT
  8
3
 10
123.400000
 20
1.150000
 40
0.250000
 50
0.000000
  1
#16
  0
POINT
  8
3
 10
110.400000
 20
-2.350000
  0
POINT
  8
3
 10
98.400000
 20
-7.450000
  0
POINT
  8
3
 10
87.100000
 20
-14.550000
  0
POINT
  8
3
 10
77.000000
 20
-23.650000
  0
POINT
  8
3
 10
68.800000
 20
-34.050000
  0
POINT
  8
3
 10
62.800000
 20
-45.650000
  0
POINT
  8
3
 10
58.700000
 20
-57.250000
  0
POINT
  8
3
 10
55.900000
 20
-67.350000
  0
POINT
  8
3
 10
54.200000
 20
-75.550000
  0
POINT
  8
2
 10
53.400000
 20
-82.250000
  0
TEXT
  8
2
 10
53.400000
 20
-82.250000
 40
0.250000
 50
0.000000
  1
#17
  0
POINT
  8
2
 10
-21.500000
 20
-77.450000
  0
TEXT
  8
2
 10
-21.500000
 20
-77.450000
 40
0.250000
 50
0.000000
  1
#17
  0
POINT
  8
3
 10
-95.200000
 20
-76.250000
  0
POINT
  8
3
 10
-145.000000
 20
-75.250000
  0
POINT
  8
2
 10
-179.600000
 20
-75.550000
  0
TEXT
  8
2
 10
-179.600000
 20
-75.550000
 40
0.250000
 50
0.000000
  1
#17
  0
POINT
  8
3
 10
-231.400000
 20
-75.750000
  0
POINT
  8
3
 10
-264.400000
 20
-75.650000
  0
POINT
  8
2
 10
-292.700000
 20
-76.150000
  0
TEXT
  8
2
 10
-292.700000
 20
-76.150000
 40
0.250000
 50
0.000000
  1
#39
  0
POINT
  8
3
 10
-301.100000
 20
18.250000
  0
POINT
  8
3
 10
-306.500000
 20
85.850000
  0
POINT
  8
2
 10
-310.100000
 20
130.650000
  0
TEXT
  8
2
 10
-310.100000
 20
130.650000
 40
0.250000
 50
0.000000
  1
#21
  0
POINT
  8
3
 10
-310.700000
 20
149.450000
  0
POINT
  8
3
 10
-310.300000
 20
162.450000
  0
POINT
  8
3
 10
-308.600000
 20
173.050000
  0
POINT
  8
3
 10
-303.400000
 20
183.450000
  0
POINT
  8
3
 10
-298.800000
 20
189.550000
  0
POINT
  8
3
 10
-290.700000
 20
197.350000
  0
POINT
  8
3
 10
-283.000000
 20
202.650000
  0
POINT
  8
3
 10
-271.700000
 20
207.550000
  0
POINT
  8
3
 10
-261.400000
 20
210.150000
  0
POINT
  8
3
 10
-252.000000
 20
211.850000
  0
POINT
  8
2
 10
-245.400000
 20
212.450000
  0
TEXT
  8
2
 10
-245.400000
 20
212.450000
 40
0.250000
 50
0.000000
  1
#21
  0
POINT
  8
3
 10
-185.600000
 20
213.250000
  0
POINT
  8
3
 10
-126.500000
 20
213.950000
  0
POINT
  8
3
 10
-69.900000
 20
214.250000
  0
POINT
  8
3
 10
-16.700000
 20
213.550000
  0
POINT
  8
3
 10
33.300000
 20
211.950000
  0
POINT
  8
3
 10
80.600000
 20
210.150000
  0
POINT
  8
3
 10
125.100000
 20
207.850000
  0
POINT
  8
3
 10
166.400000
 20
205.850000
  0
POINT
  8
3
 10
205.200000
 20
204.150000
  0
POINT
  8
2
 10
243.100000
 20
202.250000
  0
POINT
  8
2
 10
-54.300000
 20
60.550000
  0
TEXT
  8
2
 10
-54.300000
 20
60.550000
 40
0.250000
 50
0.000000
  1
#12
  0
POINT
  8
2
 10
-211.000000
 20
22.850000
  0
TEXT
  8
2
 10
-211.000000
 20
22.850000
 40
0.250000
 50
0.000000
  1
#12
  0
POINT
  8
2
 10
-205.400000
 20
-1.050000
  0
TEXT
  8
2
 10
-205.400000
 20
-1.050000
 40
0.250000
 50
0.000000
  1
#12
  0
POINT
  8
2
 10
-48.600000
 20
37.250000
  0
TEXT
  8
2
 10
-48.600000
 20
37.250000
 40
0.250000
 50
0.000000
  1
#12
  0
POINT
  8
2
 10
-54.300000
 20
60.550000
  0
TEXT
  8
2
 10
-54.300000
 20
60.550000
 40
0.250000
 50
0.000000
  1
#12
  0
POINT
  8
2
 10
-200.100000
 20
203.350000
  0
POINT
  8
2
 10
27.900000
 20
29.550000
  0
POINT
  8
2
 10
-96.400000
 20
204.250000
  0
POINT
  8
2
 10
107.300000
 20
51.050000
  0
POINT
  8
2
 10
12.900000
 20
203.350000
  0
POINT
  8
2
 10
170.500000
 20
82.650000
  0
POINT
  8
2
 10
113.800000
 20
201.450000
  0
POINT
  8
2
 10
-153.400000
 20
-9.650001
  0
POINT
  8
2
 10
11.000000
 20
204.250000
  0
POINT
  8
2
 10
-208.700000
 20
28.550000
  0
POINT
  8
2
 10
-93.600000
 20
203.350000
  0
POINT
  8
2
 10
-254.300000
 20
79.050000
  0
POINT
  8
2
 10
-285.200000
 20
190.250000
  0
POINT
  8
2
 10
22.300000
 20
-47.950000
  0
POINT
  8
2
 10
298.000000
 20
-5.250000
 39
2.500000
 50
158.629400
  0
POINT
  8
2
 10
-21.500000
 20
-77.450000
 39
2.500000
 50
87.614060
  0
POINT
  8
2
 10
-179.600000
 20
-75.550000
 39
2.500000
 50
90.000000
  0
POINT
  8
2
 10
-245.400000
 20
212.450000
 39
2.500000
 50
272.385900
  0
POINT
  8
2
 10
-208.700000
 20
20.850000
  0
TEXT
  8
2
 10
-208.700000
 20
20.850000
 40
0.250000
 50
0.000000
  1
#12
  0
POINT
  8
2
 10
-55.800000
 20
56.850000
  0
TEXT
  8
2
 10
-55.800000
 20
56.850000
 40
0.250000
 50
0.000000
  1
#12
  0
POINT
  8
2
 10
234.300000
 20
192.850000
  0
POINT
  8
3
 10
235.600000
 20
185.150000
  0
POINT
  8
3
 10
238.100000
 20
175.950000
  0
POINT
  8
3
 10
243.200000
 20
165.250000
  0
POINT
  8
3
 10
251.100000
 20
153.850000
  0
POINT
  8
3
 10
261.100000
 20
142.750000
  0
POINT
  8
3
 10
272.900000
 20
132.650000
  0
POINT
  8
3
 10
286.200000
 20
124.150000
  0
POINT
  8
3
 10
299.600000
 20
116.950000
  0
POINT
  8
3
 10
312.900000
 20
110.850000
  0
POINT
  8
3
 10
324.500000
 20
106.250000
  0
POINT
  8
2
 10
331.500000
 20
103.850000
  0
POINT
  8
3
 10
319.600000
 20
75.250000
  0
POINT
  8
3
 10
306.200000
 20
42.750000
  0
POINT
  8
3
 10
296.200000
 20
17.750000
  0
POINT
  8
2
 10
288.700000
 20
-1.650000
  0
POINT
  8
2
 10
277.400000
 20
-30.750000
  0
POINT
  8
3
 10
262.900000
 20
-24.050000
  0
POINT
  8
3
 10
241.300000
 20
-14.950000
  0
POINT
  8
3
 10
222.200000
 20
-8.550000
  0
POINT
  8
3
 10
205.000000
 20
-4.550000
  0
POINT
  8
3
 10
188.400000
 20
-1.550000
  0
POINT
  8
3
 10
171.600000
 20
0.950000
  0
POINT
  8
3
 10
154.500000
 20
2.650000
  0
POINT
  8
3
 10
138.100000
 20
2.650000
  0
POINT
  8
3
 10
123.400000
 20
1.150000
  0
POINT
  8
3
 10
110.400000
 20
-2.350000
  0
POINT
  8
3
 10
98.400000
 20
-7.450000
  0
POINT
  8
3
 10
87.100000
 20
-14.550000
  0
POINT
  8
3
 10
77.000000
 20
-23.650000
  0
POINT
  8
3
 10
68.800000
 20
-34.050000
  0
POINT
  8
3
 10
62.800000
 20
-45.650000
  0
POINT
  8
3
 10
58.700000
 20
-57.250000
  0
POINT
  8
3
 10
55.900000
 20
-67.350000
  0
POINT
  8
2
 10
54.200000
 20
-75.550000
  0
POINT
  8
2
 10
54.500000
 20
-72.350000
  0
POINT
  8
2
 10
-21.100000
 20
-67.550000
  0
POINT
  8
3
 10
-95.000000
 20
-66.350000
  0
POINT
  8
3
 10
-144.900000
 20
-65.350000
  0
POINT
  8
2
 10
-179.600000
 20
-65.650000
  0
POINT
  8
3
 10
-231.400000
 20
-65.850000
  0
POINT
  8
3
 10
-264.400000
 20
-65.750000
  0
POINT
  8
2
 10
-283.600000
 20
-66.050000
  0
POINT
  8
3
 10
-291.200000
 20
19.050000
  0
POINT
  8
3
 10
-296.600000
 20
86.650000
  0
POINT
  8
2
 10
-300.200000
 20
131.150000
  0
POINT
  8
3
 10
-300.800000
 20
149.450000
  0
POINT
  8
3
 10
-300.400000
 20
161.550000
  0
POINT
  8
3
 10
-299.200000
 20
170.050000
  0
POINT
  8
3
 10
-295.000000
 20
178.250000
  0
POINT
  8
3
 10
-291.400000
 20
182.950000
  0
POINT
  8
3
 10
-284.400000
 20
189.650000
  0
POINT
  8
3
 10
-278.200000
 20
193.950000
  0
POINT
  8
3
 10
-268.500000
 20
198.150000
  0
POINT
  8
3
 10
-259.300000
 20
200.450000
  0
POINT
  8
3
 10
-250.700000
 20
201.950000
  0
POINT
  8
2
 10
-244.900000
 20
202.550000
  0
POINT
  8
3
 10
-185.500000
 20
203.350000
  0
POINT
  8
3
 10
-126.400000
 20
204.050000
  0
POINT
  8
3
 10
-69.900000
 20
204.350000
  0
POINT
  8
3
 10
-16.900000
 20
203.650000
  0
POINT
  8
3
 10
33.000000
 20
202.050000
  0
POINT
  8
3
 10
80.200000
 20
200.250000
  0
POINT
  8
3
 10
124.600000
 20
197.950000
  0
POINT
  8
3
 10
166.000000
 20
195.950000
  0
POINT
  8
3
 10
204.700000
 20
194.250000
  0
POINT
  8
2
 10
234.300000
 20
192.850000
  0
POINT
  8
4
 10
298.000000
 20
-5.250000
 30
2.500000
 50
158.629400
  0
POINT
  8
4
 10
-21.500000
 20
-77.450000
 30
2.500000
 50
87.614060
  0
POINT
  8
4
 10
-179.600000
 20
-75.550000
 30
2.500000
 50
90.000000
  0
POINT
  8
4
 10
-245.400000
 20
212.450000
 30
2.500000
 50
272.385900
  0
POINT
  8
13
 10
-208.700000
 20
20.850000
 30
3.000000
  0
TEXT
  8
13
 10
-208.700000
 20
20.850000
 40
0.250000
 50
0.000000
  1
#12
  0
POINT
  8
13
 10
-55.800000
 20
56.850000
 30
3.000000
  0
TEXT
  8
13
 10
-55.800000
 20
56.850000
 40
0.250000
 50
0.000000
  1
#12
  0
LINE
  8
5
 10
157.600000
 20
123.050000
 11
-2.900000
 21
123.050000
  0
LINE
  8
7
 10
157.600000
 20
123.050000
 11
-2.900000
 21
123.050000
  0
TEXT
  8
15
 10
-55.800000
 20
198.250000
 40
8.000278
 50
359.522600
  1
zip
  0
TEXT
  8
15
 10
214.000000
 20
2.850000
 40
10.916450
 50
164.775600
  1
NET+STRIP
  0
TEXT
  8
1
 10
5.600000
 20
-110.400000
 40
10.000000
 50
0.000000
  1
Piece Name: DETACHABLE REV NYLON FRNT 2P
  0
TEXT
  8
1
 10
5.600000
 20
-99.400000
 40
10.000000
 50
0.000000
  1
Size: 50
  0
TEXT
  8
1
 10
5.600000
 20
-88.400000
 40
10.000000
 50
0.000000
  1
Annotation: DETACHABLE REV NYLON FRNT 2P
  0
TEXT
  8
1
 10
5.600000
 20
-77.400000
 40
10.000000
 50
0.000000
  1
Quantity: 1
  0
TEXT
  8
1
 10
5.600000
 20
-66.400000
 40
10.000000
 50
0.000000
  1
Material: NYLON
  0
ENDBLK
  0
BLOCK
  8
1
  2
DETACHABLE REV TXT FRNT 2P
 70
     0
 10
0.00
 20
0.00
  0
POLYLINE
  8
84
 66
     1
 70
     1
  0
VERTEX
  8
84
 10
243.100000
 20
202.250000
  0
VERTEX
  8
84
 10
244.200000
 20
194.450000
  0
VERTEX
  8
84
 10
245.300000
 20
187.150000
  0
VERTEX
  8
84
 10
247.400000
 20
179.350000
  0
VERTEX
  8
84
 10
251.800000
 20
170.250000
  0
VERTEX
  8
84
 10
258.900000
 20
160.050000
  0
VERTEX
  8
84
 10
268.000000
 20
149.850000
  0
VERTEX
  8
84
 10
278.800000
 20
140.650000
  0
VERTEX
  8
84
 10
291.200000
 20
132.750000
  0
VERTEX
  8
84
 10
304.100000
 20
125.850000
  0
VERTEX
  8
84
 10
316.800000
 20
119.950000
  0
VERTEX
  8
84
 10
327.900000
 20
115.550000
  0
VERTEX
  8
84
 10
337.000000
 20
112.550000
  0
VERTEX
  8
84
 10
344.700000
 20
109.850000
  0
VERTEX
  8
84
 10
328.800000
 20
71.450000
  0
VERTEX
  8
84
 10
315.400000
 20
39.050000
  0
VERTEX
  8
84
 10
305.500000
 20
14.150000
  0
VERTEX
  8
84
 10
298.000000
 20
-5.250000
  0
VERTEX
  8
84
 10
286.400000
 20
-35.050000
  0
VERTEX
  8
84
 10
262.900000
 20
-24.050000
  0
VERTEX
  8
84
 10
241.300000
 20
-14.950000
  0
VERTEX
  8
84
 10
222.200000
 20
-8.550000
  0
VERTEX
  8
84
 10
205.000000
 20
-4.550000
  0
VERTEX
  8
84
 10
188.400000
 20
-1.550000
  0
VERTEX
  8
84
 10
171.600000
 20
0.950000
  0
VERTEX
  8
84
 10
154.500000
 20
2.650000
  0
VERTEX
  8
84
 10
138.100000
 20
2.650000
  0
VERTEX
  8
84
 10
123.400000
 20
1.150000
  0
VERTEX
  8
84
 10
110.400000
 20
-2.350000
  0
VERTEX
  8
84
 10
98.400000
 20
-7.450000
  0
VERTEX
  8
84
 10
87.100000
 20
-14.550000
  0
VERTEX
  8
84
 10
77.000000
 20
-23.650000
  0
VERTEX
  8
84
 10
68.800000
 20
-34.050000
  0
VERTEX
  8
84
 10
62.800000
 20
-45.650000
  0
VERTEX
  8
84
 10
58.700000
 20
-57.250000
  0
VERTEX
  8
84
 10
55.900000
 20
-67.350000
  0
VERTEX
  8
84
 10
54.200000
 20
-75.550000
  0
VERTEX
  8
84
 10
53.400000
 20
-82.250000
  0
VERTEX
  8
84
 10
-21.500000
 20
-77.450000
  0
VERTEX
  8
84
 10
-95.200000
 20
-76.250000
  0
VERTEX
  8
84
 10
-145.000000
 20
-75.250000
  0
VERTEX
  8
84
 10
-179.600000
 20
-75.550000
  0
VERTEX
  8
84
 10
-231.400000
 20
-75.750000
  0
VERTEX
  8
84
 10
-264.400000
 20
-75.650000
  0
VERTEX
  8
84
 10
-292.700000
 20
-76.150000
  0
VERTEX
  8
84
 10
-301.100000
 20
18.250000
  0
VERTEX
  8
84
 10
-306.500000
 20
85.850000
  0
VERTEX
  8
84
 10
-310.100000
 20
130.650000
  0
VERTEX
  8
84
 10
-310.000000
 20
149.050000
  0
VERTEX
  8
84
 10
-310.300000
 20
162.450000
  0
VERTEX
  8
84
 10
-308.600000
 20
173.050000
  0
VERTEX
  8
84
 10
-303.400000
 20
183.450000
  0
VERTEX
  8
84
 10
-298.800000
 20
189.550000
  0
VERTEX
  8
84
 10
-290.700000
 20
197.350000
  0
VERTEX
  8
84
 10
-283.000000
 20
202.650000
  0
VERTEX
  8
84
 10
-271.800000
 20
207.050000
  0
VERTEX
  8
84
 10
-261.500000
 20
209.350000
  0
VERTEX
  8
84
 10
-252.000000
 20
211.850000
  0
VERTEX
  8
84
 10
-247.600000
 20
212.550000
  0
VERTEX
  8
84
 10
-245.400000
 20
212.450000
  0
VERTEX
  8
84
 10
-185.600000
 20
213.250000
  0
VERTEX
  8
84
 10
-126.500000
 20
213.950000
  0
VERTEX
  8
84
 10
-69.900000
 20
214.250000
  0
VERTEX
  8
84
 10
-16.700000
 20
213.550000
  0
VERTEX
  8
84
 10
33.300000
 20
211.950000
  0
VERTEX
  8
84
 10
80.600000
 20
210.150000
  0
VERTEX
  8
84
 10
125.100000
 20
207.850000
  0
VERTEX
  8
84
 10
166.400000
 20
205.850000
  0
VERTEX
  8
84
 10
205.200000
 20
204.150000
  0
VERTEX
  8
84
 10
243.100000
 20
202.250000
  0
SEQEND
  0
POLYLINE
  8
1
 66
     1
 70
     1
  0
VERTEX
  8
1
 10
243.100000
 20
202.250000
  0
VERTEX
  8
1
 10
244.200000
 20
194.450000
  0
VERTEX
  8
1
 10
245.300000
 20
187.150000
  0
VERTEX
  8
1
 10
247.400000
 20
179.350000
  0
VERTEX
  8
1
 10
251.800000
 20
170.250000
  0
VERTEX
  8
1
 10
258.900000
 20
160.050000
  0
VERTEX
  8
1
 10
268.000000
 20
149.850000
  0
VERTEX
  8
1
 10
278.800000
 20
140.650000
  0
VERTEX
  8
1
 10
291.200000
 20
132.750000
  0
VERTEX
  8
1
 10
304.100000
 20
125.850000
  0
VERTEX
  8
1
 10
316.800000
 20
119.950000
  0
VERTEX
  8
1
 10
327.900000
 20
115.550000
  0
VERTEX
  8
1
 10
337.000000
 20
112.550000
  0
VERTEX
  8
1
 10
344.700000
 20
109.850000
  0
VERTEX
  8
1
 10
328.800000
 20
71.450000
  0
VERTEX
  8
1
 10
315.400000
 20
39.050000
  0
VERTEX
  8
1
 10
305.500000
 20
14.150000
  0
VERTEX
  8
1
 10
298.000000
 20
-5.250000
  0
VERTEX
  8
1
 10
286.400000
 20
-35.050000
  0
VERTEX
  8
1
 10
262.900000
 20
-24.050000
  0
VERTEX
  8
1
 10
241.300000
 20
-14.950000
  0
VERTEX
  8
1
 10
222.200000
 20
-8.550000
  0
VERTEX
  8
1
 10
205.000000
 20
-4.550000
  0
VERTEX
  8
1
 10
188.400000
 20
-1.550000
  0
VERTEX
  8
1
 10
171.600000
 20
0.950000
  0
VERTEX
  8
1
 10
154.500000
 20
2.650000
  0
VERTEX
  8
1
 10
138.100000
 20
2.650000
  0
VERTEX
  8
1
 10
123.400000
 20
1.150000
  0
VERTEX
  8
1
 10
110.400000
 20
-2.350000
  0
VERTEX
  8
1
 10
98.400000
 20
-7.450000
  0
VERTEX
  8
1
 10
87.100000
 20
-14.550000
  0
VERTEX
  8
1
 10
77.000000
 20
-23.650000
  0
VERTEX
  8
1
 10
68.800000
 20
-34.050000
  0
VERTEX
  8
1
 10
62.800000
 20
-45.650000
  0
VERTEX
  8
1
 10
58.700000
 20
-57.250000
  0
VERTEX
  8
1
 10
55.900000
 20
-67.350000
  0
VERTEX
  8
1
 10
54.200000
 20
-75.550000
  0
VERTEX
  8
1
 10
53.400000
 20
-82.250000
  0
VERTEX
  8
1
 10
-21.500000
 20
-77.450000
  0
VERTEX
  8
1
 10
-95.200000
 20
-76.250000
  0
VERTEX
  8
1
 10
-145.000000
 20
-75.250000
  0
VERTEX
  8
1
 10
-179.600000
 20
-75.550000
  0
VERTEX
  8
1
 10
-231.400000
 20
-75.750000
  0
VERTEX
  8
1
 10
-264.400000
 20
-75.650000
  0
VERTEX
  8
1
 10
-292.700000
 20
-76.150000
  0
VERTEX
  8
1
 10
-301.100000
 20
18.250000
  0
VERTEX
  8
1
 10
-306.500000
 20
85.850000
  0
VERTEX
  8
1
 10
-310.100000
 20
130.650000
  0
VERTEX
  8
1
 10
-310.000000
 20
149.050000
  0
VERTEX
  8
1
 10
-310.300000
 20
162.450000
  0
VERTEX
  8
1
 10
-308.600000
 20
173.050000
  0
VERTEX
  8
1
 10
-303.400000
 20
183.450000
  0
VERTEX
  8
1
 10
-298.800000
 20
189.550000
  0
VERTEX
  8
1
 10
-290.700000
 20
197.350000
  0
VERTEX
  8
1
 10
-283.000000
 20
202.650000
  0
VERTEX
  8
1
 10
-271.800000
 20
207.050000
  0
VERTEX
  8
1
 10
-261.500000
 20
209.350000
  0
VERTEX
  8
1
 10
-252.000000
 20
211.850000
  0
VERTEX
  8
1
 10
-247.600000
 20
212.550000
  0
VERTEX
  8
1
 10
-245.400000
 20
212.450000
  0
VERTEX
  8
1
 10
-185.600000
 20
213.250000
  0
VERTEX
  8
1
 10
-126.500000
 20
213.950000
  0
VERTEX
  8
1
 10
-69.900000
 20
214.250000
  0
VERTEX
  8
1
 10
-16.700000
 20
213.550000
  0
VERTEX
  8
1
 10
33.300000
 20
211.950000
  0
VERTEX
  8
1
 10
80.600000
 20
210.150000
  0
VERTEX
  8
1
 10
125.100000
 20
207.850000
  0
VERTEX
  8
1
 10
166.400000
 20
205.850000
  0
VERTEX
  8
1
 10
205.200000
 20
204.150000
  0
VERTEX
  8
1
 10
243.100000
 20
202.250000
  0
SEQEND
  0
POLYLINE
  8
85
 66
     1
  0
VERTEX
  8
85
 10
-54.300000
 20
60.550000
  0
VERTEX
  8
85
 10
-211.000000
 20
22.850000
  0
VERTEX
  8
85
 10
-205.400000
 20
-1.050000
  0
VERTEX
  8
85
 10
-48.600000
 20
37.250000
  0
VERTEX
  8
85
 10
-54.300000
 20
60.550000
  0
SEQEND
  0
POLYLINE
  8
8
 66
     1
  0
VERTEX
  8
8
 10
-54.300000
 20
60.550000
  0
VERTEX
  8
8
 10
-211.000000
 20
22.850000
  0
VERTEX
  8
8
 10
-205.400000
 20
-1.050000
  0
VERTEX
  8
8
 10
-48.600000
 20
37.250000
  0
VERTEX
  8
8
 10
-54.300000
 20
60.550000
  0
SEQEND
  0
POLYLINE
  8
87
 66
     1
  0
VERTEX
  8
87
 10
234.300000
 20
192.850000
  0
VERTEX
  8
87
 10
235.600000
 20
185.150000
  0
VERTEX
  8
87
 10
238.100000
 20
175.950000
  0
VERTEX
  8
87
 10
243.200000
 20
165.250000
  0
VERTEX
  8
87
 10
251.100000
 20
153.850000
  0
VERTEX
  8
87
 10
261.100000
 20
142.750000
  0
VERTEX
  8
87
 10
272.900000
 20
132.650000
  0
VERTEX
  8
87
 10
286.200000
 20
124.150000
  0
VERTEX
  8
87
 10
299.600000
 20
116.950000
  0
VERTEX
  8
87
 10
312.900000
 20
110.850000
  0
VERTEX
  8
87
 10
324.500000
 20
106.250000
  0
VERTEX
  8
87
 10
331.500000
 20
103.850000
  0
VERTEX
  8
87
 10
319.600000
 20
75.250000
  0
VERTEX
  8
87
 10
306.200000
 20
42.750000
  0
VERTEX
  8
87
 10
296.200000
 20
17.750000
  0
VERTEX
  8
87
 10
288.700000
 20
-1.650000
  0
VERTEX
  8
87
 10
277.400000
 20
-30.750000
  0
VERTEX
  8
87
 10
262.900000
 20
-24.050000
  0
VERTEX
  8
87
 10
241.300000
 20
-14.950000
  0
VERTEX
  8
87
 10
222.200000
 20
-8.550000
  0
VERTEX
  8
87
 10
205.000000
 20
-4.550000
  0
VERTEX
  8
87
 10
188.400000
 20
-1.550000
  0
VERTEX
  8
87
 10
171.600000
 20
0.950000
  0
VERTEX
  8
87
 10
154.500000
 20
2.650000
  0
VERTEX
  8
87
 10
138.100000
 20
2.650000
  0
VERTEX
  8
87
 10
123.400000
 20
1.150000
  0
VERTEX
  8
87
 10
110.400000
 20
-2.350000
  0
VERTEX
  8
87
 10
98.400000
 20
-7.450000
  0
VERTEX
  8
87
 10
87.100000
 20
-14.550000
  0
VERTEX
  8
87
 10
77.000000
 20
-23.650000
  0
VERTEX
  8
87
 10
68.800000
 20
-34.050000
  0
VERTEX
  8
87
 10
62.800000
 20
-45.650000
  0
VERTEX
  8
87
 10
58.700000
 20
-57.250000
  0
VERTEX
  8
87
 10
55.900000
 20
-67.350000
  0
VERTEX
  8
87
 10
54.200000
 20
-75.550000
  0
VERTEX
  8
87
 10
54.500000
 20
-72.350000
  0
VERTEX
  8
87
 10
-21.100000
 20
-67.550000
  0
VERTEX
  8
87
 10
-95.000000
 20
-66.350000
  0
VERTEX
  8
87
 10
-144.900000
 20
-65.350000
  0
VERTEX
  8
87
 10
-179.600000
 20
-65.650000
  0
VERTEX
  8
87
 10
-231.400000
 20
-65.850000
  0
VERTEX
  8
87
 10
-264.400000
 20
-65.750000
  0
VERTEX
  8
87
 10
-283.600000
 20
-66.050000
  0
VERTEX
  8
87
 10
-291.200000
 20
19.050000
  0
VERTEX
  8
87
 10
-296.600000
 20
86.650000
  0
VERTEX
  8
87
 10
-300.200000
 20
131.050000
  0
VERTEX
  8
87
 10
-300.100000
 20
149.150000
  0
VERTEX
  8
87
 10
-300.400000
 20
161.750000
  0
VERTEX
  8
87
 10
-299.200000
 20
170.050000
  0
VERTEX
  8
87
 10
-295.000000
 20
178.250000
  0
VERTEX
  8
87
 10
-291.400000
 20
182.950000
  0
VERTEX
  8
87
 10
-284.400000
 20
189.650000
  0
VERTEX
  8
87
 10
-278.400000
 20
193.850000
  0
VERTEX
  8
87
 10
-268.900000
 20
197.550000
  0
VERTEX
  8
87
 10
-259.200000
 20
199.650000
  0
VERTEX
  8
87
 10
-250.000000
 20
202.150000
  0
VERTEX
  8
87
 10
-247.000000
 20
202.650000
  0
VERTEX
  8
87
 10
-245.500000
 20
202.550000
  0
VERTEX
  8
87
 10
-185.500000
 20
203.350000
  0
VERTEX
  8
87
 10
-126.400000
 20
204.050000
  0
VERTEX
  8
87
 10
-69.900000
 20
204.350000
  0
VERTEX
  8
87
 10
-16.900000
 20
203.650000
  0
VERTEX
  8
87
 10
33.000000
 20
202.050000
  0
VERTEX
  8
87
 10
80.200000
 20
200.250000
  0
VERTEX
  8
87
 10
124.600000
 20
197.950000
  0
VERTEX
  8
87
 10
166.000000
 20
195.950000
  0
VERTEX
  8
87
 10
204.700000
 20
194.250000
  0
VERTEX
  8
87
 10
234.300000
 20
192.850000
  0
SEQEND
  0
POLYLINE
  8
14
 66
     1
  0
VERTEX
  8
14
 10
234.300000
 20
192.850000
  0
VERTEX
  8
14
 10
235.600000
 20
185.150000
  0
VERTEX
  8
14
 10
238.100000
 20
175.950000
  0
VERTEX
  8
14
 10
243.200000
 20
165.250000
  0
VERTEX
  8
14
 10
251.100000
 20
153.850000
  0
VERTEX
  8
14
 10
261.100000
 20
142.750000
  0
VERTEX
  8
14
 10
272.900000
 20
132.650000
  0
VERTEX
  8
14
 10
286.200000
 20
124.150000
  0
VERTEX
  8
14
 10
299.600000
 20
116.950000
  0
VERTEX
  8
14
 10
312.900000
 20
110.850000
  0
VERTEX
  8
14
 10
324.500000
 20
106.250000
  0
VERTEX
  8
14
 10
331.500000
 20
103.850000
  0
VERTEX
  8
14
 10
319.600000
 20
75.250000
  0
VERTEX
  8
14
 10
306.200000
 20
42.750000
  0
VERTEX
  8
14
 10
296.200000
 20
17.750000
  0
VERTEX
  8
14
 10
288.700000
 20
-1.650000
  0
VERTEX
  8
14
 10
277.400000
 20
-30.750000
  0
VERTEX
  8
14
 10
262.900000
 20
-24.050000
  0
VERTEX
  8
14
 10
241.300000
 20
-14.950000
  0
VERTEX
  8
14
 10
222.200000
 20
-8.550000
  0
VERTEX
  8
14
 10
205.000000
 20
-4.550000
  0
VERTEX
  8
14
 10
188.400000
 20
-1.550000
  0
VERTEX
  8
14
 10
171.600000
 20
0.950000
  0
VERTEX
  8
14
 10
154.500000
 20
2.650000
  0
VERTEX
  8
14
 10
138.100000
 20
2.650000
  0
VERTEX
  8
14
 10
123.400000
 20
1.150000
  0
VERTEX
  8
14
 10
110.400000
 20
-2.350000
  0
VERTEX
  8
14
 10
98.400000
 20
-7.450000
  0
VERTEX
  8
14
 10
87.100000
 20
-14.550000
  0
VERTEX
  8
14
 10
77.000000
 20
-23.650000
  0
VERTEX
  8
14
 10
68.800000
 20
-34.050000
  0
VERTEX
  8
14
 10
62.800000
 20
-45.650000
  0
VERTEX
  8
14
 10
58.700000
 20
-57.250000
  0
VERTEX
  8
14
 10
55.900000
 20
-67.350000
  0
VERTEX
  8
14
 10
54.200000
 20
-75.550000
  0
VERTEX
  8
14
 10
54.500000
 20
-72.350000
  0
VERTEX
  8
14
 10
-21.100000
 20
-67.550000
  0
VERTEX
  8
14
 10
-95.000000
 20
-66.350000
  0
VERTEX
  8
14
 10
-144.900000
 20
-65.350000
  0
VERTEX
  8
14
 10
-179.600000
 20
-65.650000
  0
VERTEX
  8
14
 10
-231.400000
 20
-65.850000
  0
VERTEX
  8
14
 10
-264.400000
 20
-65.750000
  0
VERTEX
  8
14
 10
-283.600000
 20
-66.050000
  0
VERTEX
  8
14
 10
-291.200000
 20
19.050000
  0
VERTEX
  8
14
 10
-296.600000
 20
86.650000
  0
VERTEX
  8
14
 10
-300.200000
 20
131.050000
  0
VERTEX
  8
14
 10
-300.100000
 20
149.150000
  0
VERTEX
  8
14
 10
-300.400000
 20
161.750000
  0
VERTEX
  8
14
 10
-299.200000
 20
170.050000
  0
VERTEX
  8
14
 10
-295.000000
 20
178.250000
  0
VERTEX
  8
14
 10
-291.400000
 20
182.950000
  0
VERTEX
  8
14
 10
-284.400000
 20
189.650000
  0
VERTEX
  8
14
 10
-278.400000
 20
193.850000
  0
VERTEX
  8
14
 10
-268.900000
 20
197.550000
  0
VERTEX
  8
14
 10
-259.200000
 20
199.650000
  0
VERTEX
  8
14
 10
-250.000000
 20
202.150000
  0
VERTEX
  8
14
 10
-247.000000
 20
202.650000
  0
VERTEX
  8
14
 10
-245.500000
 20
202.550000
  0
VERTEX
  8
14
 10
-185.500000
 20
203.350000
  0
VERTEX
  8
14
 10
-126.400000
 20
204.050000
  0
VERTEX
  8
14
 10
-69.900000
 20
204.350000
  0
VERTEX
  8
14
 10
-16.900000
 20
203.650000
  0
VERTEX
  8
14
 10
33.000000
 20
202.050000
  0
VERTEX
  8
14
 10
80.200000
 20
200.250000
  0
VERTEX
  8
14
 10
124.600000
 20
197.950000
  0
VERTEX
  8
14
 10
166.000000
 20
195.950000
  0
VERTEX
  8
14
 10
204.700000
 20
194.250000
  0
VERTEX
  8
14
 10
234.300000
 20
192.850000
  0
SEQEND
  0
POINT
  8
2
 10
243.100000
 20
202.250000
  0
TEXT
  8
2
 10
243.100000
 20
202.250000
 40
0.250000
 50
0.000000
  1
#15
  0
POINT
  8
3
 10
244.200000
 20
194.450000
  0
POINT
  8
3
 10
245.300000
 20
187.150000
  0
POINT
  8
3
 10
247.400000
 20
179.350000
  0
POINT
  8
3
 10
251.800000
 20
170.250000
  0
POINT
  8
3
 10
258.900000
 20
160.050000
  0
POINT
  8
3
 10
268.000000
 20
149.850000
  0
POINT
  8
3
 10
278.800000
 20
140.650000
  0
POINT
  8
3
 10
291.200000
 20
132.750000
  0
POINT
  8
3
 10
304.100000
 20
125.850000
  0
POINT
  8
3
 10
316.800000
 20
119.950000
  0
POINT
  8
3
 10
327.900000
 20
115.550000
  0
POINT
  8
3
 10
337.000000
 20
112.550000
  0
POINT
  8
2
 10
344.700000
 20
109.850000
  0
TEXT
  8
2
 10
344.700000
 20
109.850000
 40
0.250000
 50
0.000000
  1
#5
  0
POINT
  8
3
 10
328.800000
 20
71.450000
  0
POINT
  8
3
 10
315.400000
 20
39.050000
  0
POINT
  8
3
 10
305.500000
 20
14.150000
  0
POINT
  8
2
 10
298.000000
 20
-5.250000
  0
POINT
  8
2
 10
286.400000
 20
-35.050000
  0
TEXT
  8
2
 10
286.400000
 20
-35.050000
 40
0.250000
 50
0.000000
  1
#6
  0
POINT
  8
3
 10
262.900000
 20
-24.050000
  0
POINT
  8
3
 10
241.300000
 20
-14.950000
  0
POINT
  8
3
 10
222.200000
 20
-8.550000
  0
POINT
  8
3
 10
205.000000
 20
-4.550000
  0
POINT
  8
3
 10
188.400000
 20
-1.550000
  0
TEXT
  8
3
 10
188.400000
 20
-1.550000
 40
0.250000
 50
0.000000
  1
#7
  0
POINT
  8
3
 10
171.600000
 20
0.950000
  0
POINT
  8
3
 10
154.500000
 20
2.650000
  0
POINT
  8
3
 10
138.100000
 20
2.650000
  0
POINT
  8
3
 10
123.400000
 20
1.150000
  0
POINT
  8
3
 10
110.400000
 20
-2.350000
  0
TEXT
  8
3
 10
110.400000
 20
-2.350000
 40
0.250000
 50
0.000000
  1
#16
  0
POINT
  8
3
 10
98.400000
 20
-7.450000
  0
POINT
  8
3
 10
87.100000
 20
-14.550000
  0
POINT
  8
3
 10
77.000000
 20
-23.650000
  0
POINT
  8
3
 10
68.800000
 20
-34.050000
  0
POINT
  8
3
 10
62.800000
 20
-45.650000
  0
POINT
  8
3
 10
58.700000
 20
-57.250000
  0
POINT
  8
3
 10
55.900000
 20
-67.350000
  0
POINT
  8
3
 10
54.200000
 20
-75.550000
  0
POINT
  8
2
 10
53.400000
 20
-82.250000
  0
TEXT
  8
2
 10
53.400000
 20
-82.250000
 40
0.250000
 50
0.000000
  1
#17
  0
POINT
  8
2
 10
-21.500000
 20
-77.450000
  0
TEXT
  8
2
 10
-21.500000
 20
-77.450000
 40
0.250000
 50
0.000000
  1
#17
  0
POINT
  8
3
 10
-95.200000
 20
-76.250000
  0
POINT
  8
3
 10
-145.000000
 20
-75.250000
  0
POINT
  8
2
 10
-179.600000
 20
-75.550000
  0
TEXT
  8
2
 10
-179.600000
 20
-75.550000
 40
0.250000
 50
0.000000
  1
#17
  0
POINT
  8
3
 10
-231.400000
 20
-75.750000
  0
POINT
  8
3
 10
-264.400000
 20
-75.650000
  0
POINT
  8
2
 10
-292.700000
 20
-76.150000
  0
TEXT
  8
2
 10
-292.700000
 20
-76.150000
 40
0.250000
 50
0.000000
  1
#39
  0
POINT
  8
3
 10
-301.100000
 20
18.250000
  0
POINT
  8
3
 10
-306.500000
 20
85.850000
  0
POINT
  8
2
 10
-310.100000
 20
130.650000
  0
TEXT
  8
2
 10
-310.100000
 20
130.650000
 40
0.250000
 50
0.000000
  1
#21
  0
POINT
  8
3
 10
-310.000000
 20
149.050000
  0
POINT
  8
3
 10
-310.300000
 20
162.450000
  0
POINT
  8
3
 10
-308.600000
 20
173.050000
  0
POINT
  8
3
 10
-303.400000
 20
183.450000
  0
POINT
  8
3
 10
-298.800000
 20
189.550000
  0
POINT
  8
3
 10
-290.700000
 20
197.350000
  0
POINT
  8
3
 10
-283.000000
 20
202.650000
  0
POINT
  8
3
 10
-271.800000
 20
207.050000
  0
POINT
  8
3
 10
-261.500000
 20
209.350000
  0
POINT
  8
3
 10
-252.000000
 20
211.850000
  0
POINT
  8
3
 10
-247.600000
 20
212.550000
  0
POINT
  8
2
 10
-245.400000
 20
212.450000
  0
TEXT
  8
2
 10
-245.400000
 20
212.450000
 40
0.250000
 50
0.000000
  1
#21
  0
POINT
  8
3
 10
-185.600000
 20
213.250000
  0
POINT
  8
3
 10
-126.500000
 20
213.950000
  0
POINT
  8
3
 10
-69.900000
 20
214.250000
  0
POINT
  8
3
 10
-16.700000
 20
213.550000
  0
POINT
  8
3
 10
33.300000
 20
211.950000
  0
POINT
  8
3
 10
80.600000
 20
210.150000
  0
POINT
  8
3
 10
125.100000
 20
207.850000
  0
POINT
  8
3
 10
166.400000
 20
205.850000
  0
POINT
  8
3
 10
205.200000
 20
204.150000
  0
POINT
  8
2
 10
243.100000
 20
202.250000
  0
POINT
  8
2
 10
-54.300000
 20
60.550000
  0
TEXT
  8
2
 10
-54.300000
 20
60.550000
 40
0.250000
 50
0.000000
  1
#12
  0
POINT
  8
2
 10
-211.000000
 20
22.850000
  0
TEXT
  8
2
 10
-211.000000
 20
22.850000
 40
0.250000
 50
0.000000
  1
#12
  0
POINT
  8
2
 10
-205.400000
 20
-1.050000
  0
TEXT
  8
2
 10
-205.400000
 20
-1.050000
 40
0.250000
 50
0.000000
  1
#12
  0
POINT
  8
2
 10
-48.600000
 20
37.250000
  0
TEXT
  8
2
 10
-48.600000
 20
37.250000
 40
0.250000
 50
0.000000
  1
#12
  0
POINT
  8
2
 10
-54.300000
 20
60.550000
  0
TEXT
  8
2
 10
-54.300000
 20
60.550000
 40
0.250000
 50
0.000000
  1
#12
  0
POINT
  8
2
 10
298.000000
 20
-5.250000
 39
2.500000
 50
158.629400
  0
POINT
  8
2
 10
-21.500000
 20
-77.450000
 39
2.500000
 50
87.614060
  0
POINT
  8
2
 10
-179.600000
 20
-75.550000
 39
2.500000
 50
90.000000
  0
POINT
  8
2
 10
-245.400000
 20
212.450000
 39
2.500000
 50
270.000000
  0
POINT
  8
2
 10
-208.700000
 20
20.850000
  0
TEXT
  8
2
 10
-208.700000
 20
20.850000
 40
0.250000
 50
0.000000
  1
#12
  0
POINT
  8
2
 10
-55.800000
 20
56.850000
  0
TEXT
  8
2
 10
-55.800000
 20
56.850000
 40
0.250000
 50
0.000000
  1
#12
  0
POINT
  8
2
 10
234.300000
 20
192.850000
  0
POINT
  8
3
 10
235.600000
 20
185.150000
  0
POINT
  8
3
 10
238.100000
 20
175.950000
  0
POINT
  8
3
 10
243.200000
 20
165.250000
  0
POINT
  8
3
 10
251.100000
 20
153.850000
  0
POINT
  8
3
 10
261.100000
 20
142.750000
  0
POINT
  8
3
 10
272.900000
 20
132.650000
  0
POINT
  8
3
 10
286.200000
 20
124.150000
  0
POINT
  8
3
 10
299.600000
 20
116.950000
  0
POINT
  8
3
 10
312.900000
 20
110.850000
  0
POINT
  8
3
 10
324.500000
 20
106.250000
  0
POINT
  8
2
 10
331.500000
 20
103.850000
  0
POINT
  8
3
 10
319.600000
 20
75.250000
  0
POINT
  8
3
 10
306.200000
 20
42.750000
  0
POINT
  8
3
 10
296.200000
 20
17.750000
  0
POINT
  8
2
 10
288.700000
 20
-1.650000
  0
POINT
  8
2
 10
277.400000
 20
-30.750000
  0
POINT
  8
3
 10
262.900000
 20
-24.050000
  0
POINT
  8
3
 10
241.300000
 20
-14.950000
  0
POINT
  8
3
 10
222.200000
 20
-8.550000
  0
POINT
  8
3
 10
205.000000
 20
-4.550000
  0
POINT
  8
3
 10
188.400000
 20
-1.550000
  0
POINT
  8
3
 10
171.600000
 20
0.950000
  0
POINT
  8
3
 10
154.500000
 20
2.650000
  0
POINT
  8
3
 10
138.100000
 20
2.650000
  0
POINT
  8
3
 10
123.400000
 20
1.150000
  0
POINT
  8
3
 10
110.400000
 20
-2.350000
  0
POINT
  8
3
 10
98.400000
 20
-7.450000
  0
POINT
  8
3
 10
87.100000
 20
-14.550000
  0
POINT
  8
3
 10
77.000000
 20
-23.650000
  0
POINT
  8
3
 10
68.800000
 20
-34.050000
  0
POINT
  8
3
 10
62.800000
 20
-45.650000
  0
POINT
  8
3
 10
58.700000
 20
-57.250000
  0
POINT
  8
3
 10
55.900000
 20
-67.350000
  0
POINT
  8
2
 10
54.200000
 20
-75.550000
  0
POINT
  8
2
 10
54.500000
 20
-72.350000
  0
POINT
  8
2
 10
-21.100000
 20
-67.550000
  0
POINT
  8
3
 10
-95.000000
 20
-66.350000
  0
POINT
  8
3
 10
-144.900000
 20
-65.350000
  0
POINT
  8
2
 10
-179.600000
 20
-65.650000
  0
POINT
  8
3
 10
-231.400000
 20
-65.850000
  0
POINT
  8
3
 10
-264.400000
 20
-65.750000
  0
POINT
  8
2
 10
-283.600000
 20
-66.050000
  0
POINT
  8
3
 10
-291.200000
 20
19.050000
  0
POINT
  8
3
 10
-296.600000
 20
86.650000
  0
POINT
  8
2
 10
-300.200000
 20
131.050000
  0
POINT
  8
3
 10
-300.100000
 20
149.150000
  0
POINT
  8
3
 10
-300.400000
 20
161.750000
  0
POINT
  8
3
 10
-299.200000
 20
170.050000
  0
POINT
  8
3
 10
-295.000000
 20
178.250000
  0
POINT
  8
3
 10
-291.400000
 20
182.950000
  0
POINT
  8
3
 10
-284.400000
 20
189.650000
  0
POINT
  8
3
 10
-278.400000
 20
193.850000
  0
POINT
  8
3
 10
-268.900000
 20
197.550000
  0
POINT
  8
3
 10
-259.200000
 20
199.650000
  0
POINT
  8
3
 10
-250.000000
 20
202.150000
  0
POINT
  8
3
 10
-247.000000
 20
202.650000
  0
POINT
  8
2
 10
-245.500000
 20
202.550000
  0
POINT
  8
3
 10
-185.500000
 20
203.350000
  0
POINT
  8
3
 10
-126.400000
 20
204.050000
  0
POINT
  8
3
 10
-69.900000
 20
204.350000
  0
POINT
  8
3
 10
-16.900000
 20
203.650000
  0
POINT
  8
3
 10
33.000000
 20
202.050000
  0
POINT
  8
3
 10
80.200000
 20
200.250000
  0
POINT
  8
3
 10
124.600000
 20
197.950000
  0
POINT
  8
3
 10
166.000000
 20
195.950000
  0
POINT
  8
3
 10
204.700000
 20
194.250000
  0
POINT
  8
2
 10
234.300000
 20
192.850000
  0
POINT
  8
4
 10
298.000000
 20
-5.250000
 30
2.500000
 50
158.629400
  0
POINT
  8
4
 10
-21.500000
 20
-77.450000
 30
2.500000
 50
87.614060
  0
POINT
  8
4
 10
-179.600000
 20
-75.550000
 30
2.500000
 50
90.000000
  0
POINT
  8
4
 10
-245.400000
 20
212.450000
 30
2.500000
 50
270.000000
  0
POINT
  8
13
 10
-208.700000
 20
20.850000
 30
3.000000
  0
TEXT
  8
13
 10
-208.700000
 20
20.850000
 40
0.250000
 50
0.000000
  1
#12
  0
POINT
  8
13
 10
-55.800000
 20
56.850000
 30
3.000000
  0
TEXT
  8
13
 10
-55.800000
 20
56.850000
 40
0.250000
 50
0.000000
  1
#12
  0
LINE
  8
5
 10
157.600000
 20
123.050000
 11
-2.900000
 21
123.050000
  0
LINE
  8
7
 10
157.600000
 20
123.050000
 11
-2.900000
 21
123.050000
  0
TEXT
  8
15
 10
-55.800000
 20
198.250000
 40
8.000278
 50
359.522600
  1
zip
  0
TEXT
  8
15
 10
171.100000
 20
13.750000
 40
10.311110
 50
180.000000
  1
NET+STRIP
  0
TEXT
  8
1
 10
5.600000
 20
-110.400000
 40
10.000000
 50
0.000000
  1
Piece Name: DETACHABLE REV TXT FRNT 2P
  0
TEXT
  8
1
 10
5.600000
 20
-99.400000
 40
10.000000
 50
0.000000
  1
Size: 50
  0
TEXT
  8
1
 10
5.600000
 20
-88.400000
 40
10.000000
 50
0.000000
  1
Annotation: DETACHABLE REV TXT FRNT 2P
  0
TEXT
  8
1
 10
5.600000
 20
-77.400000
 40
10.000000
 50
0.000000
  1
Quantity: 1
  0
TEXT
  8
1
 10
5.600000
 20
-66.400000
 40
10.000000
 50
0.000000
  1
Material: TEXTILE
  0
ENDBLK
  0
BLOCK
  8
1
  2
VELLUTO PKT X DETACHABLE 4P
 70
     0
 10
0.00
 20
0.00
  0
POLYLINE
  8
84
 66
     1
 70
     1
  0
VERTEX
  8
84
 10
-22.200000
 20
113.050000
  0
VERTEX
  8
84
 10
-22.200000
 20
147.550000
  0
VERTEX
  8
84
 10
-22.100000
 20
182.050000
  0
VERTEX
  8
84
 10
159.000000
 20
181.550000
  0
VERTEX
  8
84
 10
159.000000
 20
147.550000
  0
VERTEX
  8
84
 10
159.000000
 20
113.050000
  0
VERTEX
  8
84
 10
-22.200000
 20
113.050000
  0
SEQEND
  0
POLYLINE
  8
1
 66
     1
 70
     1
  0
VERTEX
  8
1
 10
-22.200000
 20
113.050000
  0
VERTEX
  8
1
 10
-22.200000
 20
147.550000
  0
VERTEX
  8
1
 10
-22.100000
 20
182.050000
  0
VERTEX
  8
1
 10
159.000000
 20
181.550000
  0
VERTEX
  8
1
 10
159.000000
 20
147.550000
  0
VERTEX
  8
1
 10
159.000000
 20
113.050000
  0
VERTEX
  8
1
 10
-22.200000
 20
113.050000
  0
SEQEND
  0
POLYLINE
  8
85
 66
     1
  0
VERTEX
  8
85
 10
139.200000
 20
147.850000
  0
VERTEX
  8
85
 10
-3.200000
 20
147.850000
  0
SEQEND
  0
POLYLINE
  8
8
 66
     1
  0
VERTEX
  8
8
 10
139.200000
 20
147.850000
  0
VERTEX
  8
8
 10
-3.200000
 20
147.850000
  0
SEQEND
  0
POLYLINE
  8
87
 66
     1
  0
VERTEX
  8
87
 10
-12.200000
 20
123.050000
  0
VERTEX
  8
87
 10
-12.200000
 20
147.550000
  0
VERTEX
  8
87
 10
-12.300000
 20
172.050000
  0
VERTEX
  8
87
 10
149.000000
 20
171.750000
  0
VERTEX
  8
87
 10
149.000000
 20
147.550000
  0
VERTEX
  8
87
 10
149.000000
 20
123.050000
  0
VERTEX
  8
87
 10
-12.200000
 20
123.050000
  0
SEQEND
  0
POLYLINE
  8
14
 66
     1
  0
VERTEX
  8
14
 10
-12.200000
 20
123.050000
  0
VERTEX
  8
14
 10
-12.200000
 20
147.550000
  0
VERTEX
  8
14
 10
-12.300000
 20
172.050000
  0
VERTEX
  8
14
 10
149.000000
 20
171.750000
  0
VERTEX
  8
14
 10
149.000000
 20
147.550000
  0
VERTEX
  8
14
 10
149.000000
 20
123.050000
  0
VERTEX
  8
14
 10
-12.200000
 20
123.050000
  0
SEQEND
  0
POINT
  8
2
 10
-22.200000
 20
113.050000
  0
POINT
  8
2
 10
-22.200000
 20
147.550000
  0
POINT
  8
2
 10
-22.100000
 20
182.050000
  0
POINT
  8
2
 10
159.000000
 20
181.550000
  0
POINT
  8
2
 10
159.000000
 20
147.550000
  0
POINT
  8
2
 10
159.000000
 20
113.050000
  0
POINT
  8
2
 10
-22.200000
 20
113.050000
  0
POINT
  8
2
 10
139.200000
 20
147.850000
  0
POINT
  8
2
 10
-3.200000
 20
147.850000
  0
POINT
  8
2
 10
-22.200000
 20
147.550000
 39
2.500000
  0
POINT
  8
2
 10
159.000000
 20
147.550000
 39
2.500000
 50
180.000000
  0
POINT
  8
2
 10
-12.200000
 20
123.050000
  0
POINT
  8
2
 10
-12.200000
 20
147.550000
  0
POINT
  8
2
 10
-12.300000
 20
172.050000
  0
POINT
  8
2
 10
149.000000
 20
171.750000
  0
POINT
  8
2
 10
149.000000
 20
147.550000
  0
POINT
  8
2
 10
149.000000
 20
123.050000
  0
POINT
  8
2
 10
-12.200000
 20
123.050000
  0
POINT
  8
4
 10
-22.200000
 20
147.550000
 30
2.500000
  0
POINT
  8
4
 10
159.000000
 20
147.550000
 30
2.500000
 50
180.000000
  0
LINE
  8
5
 10
110.600000
 20
123.050000
 11
44.100000
 21
123.050000
  0
LINE
  8
7
 10
114.100000
 20
123.050000
 11
42.900000
 21
123.050000
  0
TEXT
  8
1
 10
5.600000
 20
-110.400000
 40
10.000000
 50
0.000000
  1
Piece Name: VELLUTO PKT X DETACHABLE 4P
  0
TEXT
  8
1
 10
5.600000
 20
-99.400000
 40
10.000000
 50
0.000000
  1
Size: 50
  0
TEXT
  8
1
 10
5.600000
 20
-88.400000
 40
10.000000
 50
0.000000
  1
Annotation: VELLUTO PKT X DETACHABLE 4P
  0
TEXT
  8
1
 10
5.600000
 20
-77.400000
 40
10.000000
 50
0.000000
  1
Quantity: 1
  0
TEXT
  8
1
 10
5.600000
 20
-66.400000
 40
10.000000
 50
0.000000
  1
Material: VELLUTO
  0
ENDBLK
  0
BLOCK
  8
1
  2
LINING PKT X DETACHABLE8P
 70
     0
 10
0.00
 20
0.00
  0
POLYLINE
  8
84
 66
     1
 70
     1
  0
VERTEX
  8
84
 10
214.300000
 20
26.450000
  0
VERTEX
  8
84
 10
190.400000
 20
21.850000
  0
VERTEX
  8
84
 10
33.000000
 20
-13.250000
  0
VERTEX
  8
84
 10
9.500000
 20
-18.850000
  0
VERTEX
  8
84
 10
1.600000
 20
-7.050000
  0
VERTEX
  8
84
 10
-14.600000
 20
16.550000
  0
VERTEX
  8
84
 10
-25.300000
 20
32.550000
  0
VERTEX
  8
84
 10
-34.600000
 20
47.850000
  0
VERTEX
  8
84
 10
-38.700000
 20
55.450000
  0
VERTEX
  8
84
 10
-42.200000
 20
62.750000
  0
VERTEX
  8
84
 10
-45.200000
 20
70.250000
  0
VERTEX
  8
84
 10
-47.600000
 20
77.650000
  0
VERTEX
  8
84
 10
-49.500000
 20
85.150000
  0
VERTEX
  8
84
 10
-50.900000
 20
92.650000
  0
VERTEX
  8
84
 10
-51.900000
 20
100.250000
  0
VERTEX
  8
84
 10
-52.300000
 20
107.550000
  0
VERTEX
  8
84
 10
-52.400000
 20
114.950000
  0
VERTEX
  8
84
 10
-51.800000
 20
121.950000
  0
VERTEX
  8
84
 10
-50.400000
 20
129.050000
  0
VERTEX
  8
84
 10
-47.900000
 20
135.850000
  0
VERTEX
  8
84
 10
-44.200000
 20
142.150000
  0
VERTEX
  8
84
 10
-38.700000
 20
148.650000
  0
VERTEX
  8
84
 10
-32.400000
 20
154.150000
  0
VERTEX
  8
84
 10
-24.000000
 20
159.850000
  0
VERTEX
  8
84
 10
-15.000000
 20
164.650000
  0
VERTEX
  8
84
 10
-4.100000
 20
169.050000
  0
VERTEX
  8
84
 10
7.100000
 20
172.450000
  0
VERTEX
  8
84
 10
19.600000
 20
175.050000
  0
VERTEX
  8
84
 10
32.200000
 20
176.750000
  0
VERTEX
  8
84
 10
45.000000
 20
177.650000
  0
VERTEX
  8
84
 10
57.700000
 20
178.050000
  0
VERTEX
  8
84
 10
71.700000
 20
177.950000
  0
VERTEX
  8
84
 10
87.800000
 20
176.050000
  0
VERTEX
  8
84
 10
98.100000
 20
174.350000
  0
VERTEX
  8
84
 10
108.300000
 20
172.050000
  0
VERTEX
  8
84
 10
118.700000
 20
168.850000
  0
VERTEX
  8
84
 10
128.900000
 20
164.550000
  0
VERTEX
  8
84
 10
138.700000
 20
159.050000
  0
VERTEX
  8
84
 10
148.000000
 20
152.350000
  0
VERTEX
  8
84
 10
156.900000
 20
144.550000
  0
VERTEX
  8
84
 10
165.100000
 20
135.950000
  0
VERTEX
  8
84
 10
172.600000
 20
126.450000
  0
VERTEX
  8
84
 10
179.300000
 20
116.350000
  0
VERTEX
  8
84
 10
185.200000
 20
106.150000
  0
VERTEX
  8
84
 10
190.600000
 20
95.550000
  0
VERTEX
  8
84
 10
195.200000
 20
85.350000
  0
VERTEX
  8
84
 10
199.600000
 20
75.050000
  0
VERTEX
  8
84
 10
203.300000
 20
65.350000
  0
VERTEX
  8
84
 10
206.500000
 20
55.450000
  0
VERTEX
  8
84
 10
209.500000
 20
45.350000
  0
VERTEX
  8
84
 10
214.300000
 20
26.450000
  0
SEQEND
  0
POLYLINE
  8
1
 66
     1
 70
     1
  0
VERTEX
  8
1
 10
214.300000
 20
26.450000
  0
VERTEX
  8
1
 10
190.400000
 20
21.850000
  0
VERTEX
  8
1
 10
33.000000
 20
-13.250000
  0
VERTEX
  8
1
 10
9.500000
 20
-18.850000
  0
VERTEX
  8
1
 10
1.600000
 20
-7.050000
  0
VERTEX
  8
1
 10
-14.600000
 20
16.550000
  0
VERTEX
  8
1
 10
-25.300000
 20
32.550000
  0
VERTEX
  8
1
 10
-34.600000
 20
47.850000
  0
VERTEX
  8
1
 10
-38.700000
 20
55.450000
  0
VERTEX
  8
1
 10
-42.200000
 20
62.750000
  0
VERTEX
  8
1
 10
-45.200000
 20
70.250000
  0
VERTEX
  8
1
 10
-47.600000
 20
77.650000
  0
VERTEX
  8
1
 10
-49.500000
 20
85.150000
  0
VERTEX
  8
1
 10
-50.900000
 20
92.650000
  0
VERTEX
  8
1
 10
-51.900000
 20
100.250000
  0
VERTEX
  8
1
 10
-52.300000
 20
107.550000
  0
VERTEX
  8
1
 10
-52.400000
 20
114.950000
  0
VERTEX
  8
1
 10
-51.800000
 20
121.950000
  0
VERTEX
  8
1
 10
-50.400000
 20
129.050000
  0
VERTEX
  8
1
 10
-47.900000
 20
135.850000
  0
VERTEX
  8
1
 10
-44.200000
 20
142.150000
  0
VERTEX
  8
1
 10
-38.700000
 20
148.650000
  0
VERTEX
  8
1
 10
-32.400000
 20
154.150000
  0
VERTEX
  8
1
 10
-24.000000
 20
159.850000
  0
VERTEX
  8
1
 10
-15.000000
 20
164.650000
  0
VERTEX
  8
1
 10
-4.100000
 20
169.050000
  0
VERTEX
  8
1
 10
7.100000
 20
172.450000
  0
VERTEX
  8
1
 10
19.600000
 20
175.050000
  0
VERTEX
  8
1
 10
32.200000
 20
176.750000
  0
VERTEX
  8
1
 10
45.000000
 20
177.650000
  0
VERTEX
  8
1
 10
57.700000
 20
178.050000
  0
VERTEX
  8
1
 10
71.700000
 20
177.950000
  0
VERTEX
  8
1
 10
87.800000
 20
176.050000
  0
VERTEX
  8
1
 10
98.100000
 20
174.350000
  0
VERTEX
  8
1
 10
108.300000
 20
172.050000
  0
VERTEX
  8
1
 10
118.700000
 20
168.850000
  0
VERTEX
  8
1
 10
128.900000
 20
164.550000
  0
VERTEX
  8
1
 10
138.700000
 20
159.050000
  0
VERTEX
  8
1
 10
148.000000
 20
152.350000
  0
VERTEX
  8
1
 10
156.900000
 20
144.550000
  0
VERTEX
  8
1
 10
165.100000
 20
135.950000
  0
VERTEX
  8
1
 10
172.600000
 20
126.450000
  0
VERTEX
  8
1
 10
179.300000
 20
116.350000
  0
VERTEX
  8
1
 10
185.200000
 20
106.150000
  0
VERTEX
  8
1
 10
190.600000
 20
95.550000
  0
VERTEX
  8
1
 10
195.200000
 20
85.350000
  0
VERTEX
  8
1
 10
199.600000
 20
75.050000
  0
VERTEX
  8
1
 10
203.300000
 20
65.350000
  0
VERTEX
  8
1
 10
206.500000
 20
55.450000
  0
VERTEX
  8
1
 10
209.500000
 20
45.350000
  0
VERTEX
  8
1
 10
214.300000
 20
26.450000
  0
SEQEND
  0
POINT
  8
2
 10
214.300000
 20
26.450000
  0
POINT
  8
2
 10
190.400000
 20
21.850000
  0
POINT
  8
2
 10
33.000000
 20
-13.250000
  0
POINT
  8
2
 10
9.500000
 20
-18.850000
  0
POINT
  8
3
 10
1.600000
 20
-7.050000
  0
POINT
  8
3
 10
-14.600000
 20
16.550000
  0
POINT
  8
3
 10
-25.300000
 20
32.550000
  0
POINT
  8
3
 10
-34.600000
 20
47.850000
  0
POINT
  8
3
 10
-38.700000
 20
55.450000
  0
POINT
  8
3
 10
-42.200000
 20
62.750000
  0
POINT
  8
3
 10
-45.200000
 20
70.250000
  0
POINT
  8
3
 10
-47.600000
 20
77.650000
  0
POINT
  8
3
 10
-49.500000
 20
85.150000
  0
POINT
  8
3
 10
-50.900000
 20
92.650000
  0
POINT
  8
3
 10
-51.900000
 20
100.250000
  0
POINT
  8
3
 10
-52.300000
 20
107.550000
  0
POINT
  8
3
 10
-52.400000
 20
114.950000
  0
POINT
  8
3
 10
-51.800000
 20
121.950000
  0
POINT
  8
3
 10
-50.400000
 20
129.050000
  0
POINT
  8
3
 10
-47.900000
 20
135.850000
  0
POINT
  8
3
 10
-44.200000
 20
142.150000
  0
POINT
  8
3
 10
-38.700000
 20
148.650000
  0
POINT
  8
3
 10
-32.400000
 20
154.150000
  0
POINT
  8
3
 10
-24.000000
 20
159.850000
  0
POINT
  8
3
 10
-15.000000
 20
164.650000
  0
POINT
  8
3
 10
-4.100000
 20
169.050000
  0
POINT
  8
3
 10
7.100000
 20
172.450000
  0
POINT
  8
3
 10
19.600000
 20
175.050000
  0
POINT
  8
3
 10
32.200000
 20
176.750000
  0
POINT
  8
3
 10
45.000000
 20
177.650000
  0
POINT
  8
3
 10
57.700000
 20
178.050000
  0
POINT
  8
3
 10
71.700000
 20
177.950000
  0
POINT
  8
3
 10
87.800000
 20
176.050000
  0
POINT
  8
3
 10
98.100000
 20
174.350000
  0
POINT
  8
3
 10
108.300000
 20
172.050000
  0
POINT
  8
3
 10
118.700000
 20
168.850000
  0
POINT
  8
3
 10
128.900000
 20
164.550000
  0
POINT
  8
3
 10
138.700000
 20
159.050000
  0
POINT
  8
3
 10
148.000000
 20
152.350000
  0
POINT
  8
3
 10
156.900000
 20
144.550000
  0
POINT
  8
3
 10
165.100000
 20
135.950000
  0
POINT
  8
3
 10
172.600000
 20
126.450000
  0
POINT
  8
3
 10
179.300000
 20
116.350000
  0
POINT
  8
3
 10
185.200000
 20
106.150000
  0
POINT
  8
3
 10
190.600000
 20
95.550000
  0
POINT
  8
3
 10
195.200000
 20
85.350000
  0
POINT
  8
3
 10
199.600000
 20
75.050000
  0
POINT
  8
3
 10
203.300000
 20
65.350000
  0
POINT
  8
3
 10
206.500000
 20
55.450000
  0
POINT
  8
3
 10
209.500000
 20
45.350000
  0
POINT
  8
2
 10
214.300000
 20
26.450000
  0
POINT
  8
2
 10
190.400000
 20
21.850000
 39
2.500000
 50
99.462320
  0
POINT
  8
2
 10
33.000000
 20
-13.250000
 39
2.500000
 50
101.768300
  0
POINT
  8
4
 10
190.400000
 20
21.850000
 30
2.500000
 50
99.462320
  0
POINT
  8
4
 10
33.000000
 20
-13.250000
 30
2.500000
 50
101.768300
  0
LINE
  8
5
 10
126.000000
 20
123.050000
 11
28.500000
 21
123.050000
  0
LINE
  8
7
 10
126.000000
 20
123.050000
 11
28.500000
 21
123.050000
  0
TEXT
  8
1
 10
5.600000
 20
-110.400000
 40
10.000000
 50
0.000000
  1
Piece Name: LINING PKT X DETACHABLE8P
  0
TEXT
  8
1
 10
5.600000
 20
-99.400000
 40
10.000000
 50
0.000000
  1
Size: 50
  0
TEXT
  8
1
 10
5.600000
 20
-88.400000
 40
10.000000
 50
0.000000
  1
Annotation: LINING PKT X DETACHABLE8P
  0
TEXT
  8
1
 10
5.600000
 20
-77.400000
 40
10.000000
 50
0.000000
  1
Quantity: 1
  0
TEXT
  8
1
 10
5.600000
 20
-66.400000
 40
10.000000
 50
0.000000
  1
Material: LINING
  0
ENDBLK
  0
BLOCK
  8
1
  2
COLLAR X DETACHABLE NYLON 1P
 70
     0
 10
0.00
 20
0.00
  0
POLYLINE
  8
84
 66
     1
 70
     1
  0
VERTEX
  8
84
 10
117.700000
 20
123.050000
  0
VERTEX
  8
84
 10
117.700000
 20
89.550000
  0
VERTEX
  8
84
 10
117.700000
 20
60.850000
  0
VERTEX
  8
84
 10
117.800000
 20
18.250000
  0
VERTEX
  8
84
 10
118.100000
 20
-33.650000
  0
VERTEX
  8
84
 10
118.500000
 20
-85.850000
  0
VERTEX
  8
84
 10
119.500000
 20
-132.450000
  0
VERTEX
  8
84
 10
105.800000
 20
-132.750000
  0
VERTEX
  8
84
 10
41.300000
 20
-135.750000
  0
VERTEX
  8
84
 10
40.900000
 20
-128.550000
  0
VERTEX
  8
84
 10
40.200000
 20
-117.050000
  0
VERTEX
  8
84
 10
39.000000
 20
-99.350000
  0
VERTEX
  8
84
 10
38.100000
 20
-75.950000
  0
VERTEX
  8
84
 10
37.400000
 20
-49.050000
  0
VERTEX
  8
84
 10
37.100000
 20
-21.150000
  0
VERTEX
  8
84
 10
37.100000
 20
15.550000
  0
VERTEX
  8
84
 10
37.100000
 20
19.350000
  0
VERTEX
  8
84
 10
37.100000
 20
39.450000
  0
VERTEX
  8
84
 10
36.800000
 20
63.850000
  0
VERTEX
  8
84
 10
36.800000
 20
88.250000
  0
VERTEX
  8
84
 10
36.800000
 20
123.050000
  0
VERTEX
  8
84
 10
36.800000
 20
157.850000
  0
VERTEX
  8
84
 10
36.800000
 20
182.250000
  0
VERTEX
  8
84
 10
37.100000
 20
206.650000
  0
VERTEX
  8
84
 10
37.100000
 20
226.750000
  0
VERTEX
  8
84
 10
37.100000
 20
230.550000
  0
VERTEX
  8
84
 10
37.100000
 20
267.250000
  0
VERTEX
  8
84
 10
37.400000
 20
295.150000
  0
VERTEX
  8
84
 10
38.100000
 20
322.050000
  0
VERTEX
  8
84
 10
39.000000
 20
345.450000
  0
VERTEX
  8
84
 10
40.200000
 20
363.150000
  0
VERTEX
  8
84
 10
40.900000
 20
374.650000
  0
VERTEX
  8
84
 10
41.300000
 20
381.850000
  0
VERTEX
  8
84
 10
105.800000
 20
378.850000
  0
VERTEX
  8
84
 10
119.500000
 20
378.550000
  0
VERTEX
  8
84
 10
118.500000
 20
331.950000
  0
VERTEX
  8
84
 10
118.100000
 20
279.750000
  0
VERTEX
  8
84
 10
117.800000
 20
227.850000
  0
VERTEX
  8
84
 10
117.700000
 20
185.250000
  0
VERTEX
  8
84
 10
117.700000
 20
156.550000
  0
VERTEX
  8
84
 10
117.700000
 20
123.050000
  0
SEQEND
  0
POLYLINE
  8
1
 66
     1
 70
     1
  0
VERTEX
  8
1
 10
117.700000
 20
123.050000
  0
VERTEX
  8
1
 10
117.700000
 20
89.550000
  0
VERTEX
  8
1
 10
117.700000
 20
60.850000
  0
VERTEX
  8
1
 10
117.800000
 20
18.250000
  0
VERTEX
  8
1
 10
118.100000
 20
-33.650000
  0
VERTEX
  8
1
 10
118.500000
 20
-85.850000
  0
VERTEX
  8
1
 10
119.500000
 20
-132.450000
  0
VERTEX
  8
1
 10
105.800000
 20
-132.750000
  0
VERTEX
  8
1
 10
41.300000
 20
-135.750000
  0
VERTEX
  8
1
 10
40.900000
 20
-128.550000
  0
VERTEX
  8
1
 10
40.200000
 20
-117.050000
  0
VERTEX
  8
1
 10
39.000000
 20
-99.350000
  0
VERTEX
  8
1
 10
38.100000
 20
-75.950000
  0
VERTEX
  8
1
 10
37.400000
 20
-49.050000
  0
VERTEX
  8
1
 10
37.100000
 20
-21.150000
  0
VERTEX
  8
1
 10
37.100000
 20
15.550000
  0
VERTEX
  8
1
 10
37.100000
 20
19.350000
  0
VERTEX
  8
1
 10
37.100000
 20
39.450000
  0
VERTEX
  8
1
 10
36.800000
 20
63.850000
  0
VERTEX
  8
1
 10
36.800000
 20
88.250000
  0
VERTEX
  8
1
 10
36.800000
 20
123.050000
  0
VERTEX
  8
1
 10
36.800000
 20
157.850000
  0
VERTEX
  8
1
 10
36.800000
 20
182.250000
  0
VERTEX
  8
1
 10
37.100000
 20
206.650000
  0
VERTEX
  8
1
 10
37.100000
 20
226.750000
  0
VERTEX
  8
1
 10
37.100000
 20
230.550000
  0
VERTEX
  8
1
 10
37.100000
 20
267.250000
  0
VERTEX
  8
1
 10
37.400000
 20
295.150000
  0
VERTEX
  8
1
 10
38.100000
 20
322.050000
  0
VERTEX
  8
1
 10
39.000000
 20
345.450000
  0
VERTEX
  8
1
 10
40.200000
 20
363.150000
  0
VERTEX
  8
1
 10
40.900000
 20
374.650000
  0
VERTEX
  8
1
 10
41.300000
 20
381.850000
  0
VERTEX
  8
1
 10
105.800000
 20
378.850000
  0
VERTEX
  8
1
 10
119.500000
 20
378.550000
  0
VERTEX
  8
1
 10
118.500000
 20
331.950000
  0
VERTEX
  8
1
 10
118.100000
 20
279.750000
  0
VERTEX
  8
1
 10
117.800000
 20
227.850000
  0
VERTEX
  8
1
 10
117.700000
 20
185.250000
  0
VERTEX
  8
1
 10
117.700000
 20
156.550000
  0
VERTEX
  8
1
 10
117.700000
 20
123.050000
  0
SEQEND
  0
POLYLINE
  8
87
 66
     1
  0
VERTEX
  8
87
 10
107.700000
 20
123.050000
  0
VERTEX
  8
87
 10
107.700000
 20
89.550000
  0
VERTEX
  8
87
 10
107.700000
 20
60.850000
  0
VERTEX
  8
87
 10
107.900000
 20
18.250000
  0
VERTEX
  8
87
 10
108.200000
 20
-33.650000
  0
VERTEX
  8
87
 10
108.600000
 20
-85.950000
  0
VERTEX
  8
87
 10
109.300000
 20
-122.750000
  0
VERTEX
  8
87
 10
105.800000
 20
-122.850000
  0
VERTEX
  8
87
 10
50.700000
 20
-125.350000
  0
VERTEX
  8
87
 10
50.100000
 20
-116.450000
  0
VERTEX
  8
87
 10
48.900000
 20
-98.850000
  0
VERTEX
  8
87
 10
48.000000
 20
-75.650000
  0
VERTEX
  8
87
 10
47.300000
 20
-48.850000
  0
VERTEX
  8
87
 10
47.100000
 20
-21.050000
  0
VERTEX
  8
87
 10
47.100000
 20
15.550000
  0
VERTEX
  8
87
 10
47.100000
 20
19.350000
  0
VERTEX
  8
87
 10
47.100000
 20
39.550000
  0
VERTEX
  8
87
 10
46.800000
 20
63.950000
  0
VERTEX
  8
87
 10
46.800000
 20
88.250000
  0
VERTEX
  8
87
 10
46.800000
 20
123.050000
  0
VERTEX
  8
87
 10
46.800000
 20
157.850000
  0
VERTEX
  8
87
 10
46.800000
 20
182.150000
  0
VERTEX
  8
87
 10
47.100000
 20
206.550000
  0
VERTEX
  8
87
 10
47.100000
 20
226.750000
  0
VERTEX
  8
87
 10
47.100000
 20
230.550000
  0
VERTEX
  8
87
 10
47.100000
 20
267.150000
  0
VERTEX
  8
87
 10
47.300000
 20
294.950000
  0
VERTEX
  8
87
 10
48.000000
 20
321.750000
  0
VERTEX
  8
87
 10
48.900000
 20
344.950000
  0
VERTEX
  8
87
 10
50.100000
 20
362.550000
  0
VERTEX
  8
87
 10
50.700000
 20
371.550000
  0
VERTEX
  8
87
 10
105.500000
 20
368.950000
  0
VERTEX
  8
87
 10
109.300000
 20
368.950000
  0
VERTEX
  8
87
 10
108.600000
 20
332.050000
  0
VERTEX
  8
87
 10
108.200000
 20
279.750000
  0
VERTEX
  8
87
 10
107.900000
 20
227.850000
  0
VERTEX
  8
87
 10
107.700000
 20
185.250000
  0
VERTEX
  8
87
 10
107.700000
 20
156.550000
  0
VERTEX
  8
87
 10
107.700000
 20
123.050000
  0
SEQEND
  0
POLYLINE
  8
14
 66
     1
  0
VERTEX
  8
14
 10
107.700000
 20
123.050000
  0
VERTEX
  8
14
 10
107.700000
 20
89.550000
  0
VERTEX
  8
14
 10
107.700000
 20
60.850000
  0
VERTEX
  8
14
 10
107.900000
 20
18.250000
  0
VERTEX
  8
14
 10
108.200000
 20
-33.650000
  0
VERTEX
  8
14
 10
108.600000
 20
-85.950000
  0
VERTEX
  8
14
 10
109.300000
 20
-122.750000
  0
VERTEX
  8
14
 10
105.800000
 20
-122.850000
  0
VERTEX
  8
14
 10
50.700000
 20
-125.350000
  0
VERTEX
  8
14
 10
50.100000
 20
-116.450000
  0
VERTEX
  8
14
 10
48.900000
 20
-98.850000
  0
VERTEX
  8
14
 10
48.000000
 20
-75.650000
  0
VERTEX
  8
14
 10
47.300000
 20
-48.850000
  0
VERTEX
  8
14
 10
47.100000
 20
-21.050000
  0
VERTEX
  8
14
 10
47.100000
 20
15.550000
  0
VERTEX
  8
14
 10
47.100000
 20
19.350000
  0
VERTEX
  8
14
 10
47.100000
 20
39.550000
  0
VERTEX
  8
14
 10
46.800000
 20
63.950000
  0
VERTEX
  8
14
 10
46.800000
 20
88.250000
  0
VERTEX
  8
14
 10
46.800000
 20
123.050000
  0
VERTEX
  8
14
 10
46.800000
 20
157.850000
  0
VERTEX
  8
14
 10
46.800000
 20
182.150000
  0
VERTEX
  8
14
 10
47.100000
 20
206.550000
  0
VERTEX
  8
14
 10
47.100000
 20
226.750000
  0
VERTEX
  8
14
 10
47.100000
 20
230.550000
  0
VERTEX
  8
14
 10
47.100000
 20
267.150000
  0
VERTEX
  8
14
 10
47.300000
 20
294.950000
  0
VERTEX
  8
14
 10
48.000000
 20
321.750000
  0
VERTEX
  8
14
 10
48.900000
 20
344.950000
  0
VERTEX
  8
14
 10
50.100000
 20
362.550000
  0
VERTEX
  8
14
 10
50.700000
 20
371.550000
  0
VERTEX
  8
14
 10
105.500000
 20
368.950000
  0
VERTEX
  8
14
 10
109.300000
 20
368.950000
  0
VERTEX
  8
14
 10
108.600000
 20
332.050000
  0
VERTEX
  8
14
 10
108.200000
 20
279.750000
  0
VERTEX
  8
14
 10
107.900000
 20
227.850000
  0
VERTEX
  8
14
 10
107.700000
 20
185.250000
  0
VERTEX
  8
14
 10
107.700000
 20
156.550000
  0
VERTEX
  8
14
 10
107.700000
 20
123.050000
  0
SEQEND
  0
POINT
  8
2
 10
117.700000
 20
123.050000
  0
TEXT
  8
2
 10
117.700000
 20
123.050000
 40
0.250000
 50
0.000000
  1
#8
  0
POINT
  8
2
 10
117.700000
 20
89.550000
  0
TEXT
  8
2
 10
117.700000
 20
89.550000
 40
0.250000
 50
0.000000
  1
#8
  0
POINT
  8
3
 10
117.700000
 20
60.850000
  0
POINT
  8
3
 10
117.800000
 20
18.250000
  0
POINT
  8
3
 10
118.100000
 20
-33.650000
  0
POINT
  8
3
 10
118.500000
 20
-85.850000
  0
POINT
  8
2
 10
119.500000
 20
-132.450000
  0
TEXT
  8
2
 10
119.500000
 20
-132.450000
 40
0.250000
 50
0.000000
  1
#34
  0
POINT
  8
2
 10
105.800000
 20
-132.750000
  0
TEXT
  8
2
 10
105.800000
 20
-132.750000
 40
0.250000
 50
0.000000
  1
#34
  0
POINT
  8
2
 10
41.300000
 20
-135.750000
  0
TEXT
  8
2
 10
41.300000
 20
-135.750000
 40
0.250000
 50
0.000000
  1
#34
  0
POINT
  8
3
 10
40.900000
 20
-128.550000
  0
POINT
  8
3
 10
40.200000
 20
-117.050000
  0
POINT
  8
3
 10
39.000000
 20
-99.350000
  0
POINT
  8
3
 10
38.100000
 20
-75.950000
  0
POINT
  8
3
 10
37.400000
 20
-49.050000
  0
POINT
  8
3
 10
37.100000
 20
-21.150000
  0
POINT
  8
2
 10
37.100000
 20
15.550000
  0
TEXT
  8
2
 10
37.100000
 20
15.550000
 40
0.250000
 50
0.000000
  1
#35
  0
POINT
  8
3
 10
37.100000
 20
19.350000
  0
POINT
  8
3
 10
37.100000
 20
39.450000
  0
POINT
  8
3
 10
36.800000
 20
63.850000
  0
POINT
  8
2
 10
36.800000
 20
88.250000
  0
TEXT
  8
2
 10
36.800000
 20
88.250000
 40
0.250000
 50
0.000000
  1
#8
  0
POINT
  8
2
 10
36.800000
 20
123.050000
  0
TEXT
  8
2
 10
36.800000
 20
123.050000
 40
0.250000
 50
0.000000
  1
#8
  0
POINT
  8
2
 10
36.800000
 20
157.850000
  0
TEXT
  8
2
 10
36.800000
 20
157.850000
 40
0.250000
 50
0.000000
  1
#8
  0
POINT
  8
3
 10
36.800000
 20
182.250000
  0
POINT
  8
3
 10
37.100000
 20
206.650000
  0
POINT
  8
3
 10
37.100000
 20
226.750000
  0
POINT
  8
2
 10
37.100000
 20
230.550000
  0
TEXT
  8
2
 10
37.100000
 20
230.550000
 40
0.250000
 50
0.000000
  1
#36
  0
POINT
  8
3
 10
37.100000
 20
267.250000
  0
POINT
  8
3
 10
37.400000
 20
295.150000
  0
POINT
  8
3
 10
38.100000
 20
322.050000
  0
POINT
  8
3
 10
39.000000
 20
345.450000
  0
POINT
  8
3
 10
40.200000
 20
363.150000
  0
POINT
  8
3
 10
40.900000
 20
374.650000
  0
POINT
  8
2
 10
41.300000
 20
381.850000
  0
TEXT
  8
2
 10
41.300000
 20
381.850000
 40
0.250000
 50
0.000000
  1
#37
  0
POINT
  8
2
 10
105.800000
 20
378.850000
  0
TEXT
  8
2
 10
105.800000
 20
378.850000
 40
0.250000
 50
0.000000
  1
#37
  0
POINT
  8
2
 10
119.500000
 20
378.550000
  0
TEXT
  8
2
 10
119.500000
 20
378.550000
 40
0.250000
 50
0.000000
  1
#37
  0
POINT
  8
3
 10
118.500000
 20
331.950000
  0
POINT
  8
3
 10
118.100000
 20
279.750000
  0
POINT
  8
3
 10
117.800000
 20
227.850000
  0
POINT
  8
3
 10
117.700000
 20
185.250000
  0
POINT
  8
2
 10
117.700000
 20
156.550000
  0
TEXT
  8
2
 10
117.700000
 20
156.550000
 40
0.250000
 50
0.000000
  1
#8
  0
POINT
  8
2
 10
117.700000
 20
123.050000
  0
POINT
  8
2
 10
117.700000
 20
123.050000
 39
2.500000
 50
180.000000
  0
POINT
  8
2
 10
105.800000
 20
-132.750000
 39
2.500000
 50
90.000000
  0
POINT
  8
2
 10
37.100000
 20
15.550000
 39
2.500000
  0
POINT
  8
2
 10
36.800000
 20
123.050000
 39
2.500000
  0
POINT
  8
2
 10
37.100000
 20
230.550000
 39
2.500000
  0
POINT
  8
2
 10
105.800000
 20
378.850000
 39
2.500000
 50
267.614100
  0
POINT
  8
2
 10
107.700000
 20
123.050000
  0
POINT
  8
2
 10
107.700000
 20
89.550000
  0
POINT
  8
3
 10
107.700000
 20
60.850000
  0
POINT
  8
3
 10
107.900000
 20
18.250000
  0
POINT
  8
3
 10
108.200000
 20
-33.650000
  0
POINT
  8
3
 10
108.600000
 20
-85.950000
  0
POINT
  8
2
 10
109.300000
 20
-122.750000
  0
POINT
  8
2
 10
105.800000
 20
-122.850000
  0
POINT
  8
2
 10
50.700000
 20
-125.350000
  0
POINT
  8
3
 10
50.100000
 20
-116.450000
  0
POINT
  8
3
 10
48.900000
 20
-98.850000
  0
POINT
  8
3
 10
48.000000
 20
-75.650000
  0
POINT
  8
3
 10
47.300000
 20
-48.850000
  0
POINT
  8
3
 10
47.100000
 20
-21.050000
  0
POINT
  8
2
 10
47.100000
 20
15.550000
  0
POINT
  8
3
 10
47.100000
 20
19.350000
  0
POINT
  8
3
 10
47.100000
 20
39.550000
  0
POINT
  8
3
 10
46.800000
 20
63.950000
  0
POINT
  8
2
 10
46.800000
 20
88.250000
  0
POINT
  8
2
 10
46.800000
 20
123.050000
  0
POINT
  8
2
 10
46.800000
 20
157.850000
  0
POINT
  8
3
 10
46.800000
 20
182.150000
  0
POINT
  8
3
 10
47.100000
 20
206.550000
  0
POINT
  8
3
 10
47.100000
 20
226.750000
  0
POINT
  8
2
 10
47.100000
 20
230.550000
  0
POINT
  8
3
 10
47.100000
 20
267.150000
  0
POINT
  8
3
 10
47.300000
 20
294.950000
  0
POINT
  8
3
 10
48.000000
 20
321.750000
  0
POINT
  8
3
 10
48.900000
 20
344.950000
  0
POINT
  8
3
 10
50.100000
 20
362.550000
  0
POINT
  8
2
 10
50.700000
 20
371.550000
  0
POINT
  8
2
 10
105.500000
 20
368.950000
  0
POINT
  8
2
 10
109.300000
 20
368.950000
  0
POINT
  8
3
 10
108.600000
 20
332.050000
  0
POINT
  8
3
 10
108.200000
 20
279.750000
  0
POINT
  8
3
 10
107.900000
 20
227.850000
  0
POINT
  8
3
 10
107.700000
 20
185.250000
  0
POINT
  8
2
 10
107.700000
 20
156.550000
  0
POINT
  8
2
 10
107.700000
 20
123.050000
  0
POINT
  8
4
 10
117.700000
 20
123.050000
 30
2.500000
 50
180.000000
  0
POINT
  8
4
 10
105.800000
 20
-132.750000
 30
2.500000
 50
90.000000
  0
POINT
  8
4
 10
37.100000
 20
15.550000
 30
2.500000
  0
POINT
  8
4
 10
36.800000
 20
123.050000
 30
2.500000
  0
POINT
  8
4
 10
37.100000
 20
230.550000
 30
2.500000
  0
POINT
  8
4
 10
105.800000
 20
378.850000
 30
2.500000
 50
267.614100
  0
LINE
  8
5
 10
117.600000
 20
123.050000
 11
36.900000
 21
123.050000
  0
LINE
  8
7
 10
117.600000
 20
123.050000
 11
36.900000
 21
123.050000
  0
TEXT
  8
15
 10
87.400000
 20
-123.650000
 40
8.439326
 50
170.909700
  1
ZIP
  0
TEXT
  8
15
 10
74.900000
 20
367.750000
 40
8.439326
 50
9.090277
  1
ZIP
  0
TEXT
  8
1
 10
5.600000
 20
-110.400000
 40
10.000000
 50
0.000000
  1
Piece Name: COLLAR X DETACHABLE NYLON 1P
  0
TEXT
  8
1
 10
5.600000
 20
-99.400000
 40
10.000000
 50
0.000000
  1
Size: 50
  0
TEXT
  8
1
 10
5.600000
 20
-88.400000
 40
10.000000
 50
0.000000
  1
Annotation: COLLAR X DETACHABLE NYLON 1P
  0
TEXT
  8
1
 10
5.600000
 20
-77.400000
 40
10.000000
 50
0.000000
  1
Quantity: 1
  0
TEXT
  8
1
 10
5.600000
 20
-66.400000
 40
10.000000
 50
0.000000
  1
Material: NYLON
  0
ENDBLK
  0
BLOCK
  8
1
  2
COLLAR X DETACHABLE TXT 1P
 70
     0
 10
0.00
 20
0.00
  0
POLYLINE
  8
84
 66
     1
 70
     1
  0
VERTEX
  8
84
 10
117.700000
 20
123.050000
  0
VERTEX
  8
84
 10
117.700000
 20
89.550000
  0
VERTEX
  8
84
 10
117.700000
 20
60.850000
  0
VERTEX
  8
84
 10
117.800000
 20
18.250000
  0
VERTEX
  8
84
 10
118.100000
 20
-33.650000
  0
VERTEX
  8
84
 10
118.500000
 20
-85.850000
  0
VERTEX
  8
84
 10
119.500000
 20
-132.450000
  0
VERTEX
  8
84
 10
105.800000
 20
-132.750000
  0
VERTEX
  8
84
 10
41.300000
 20
-135.750000
  0
VERTEX
  8
84
 10
40.900000
 20
-128.550000
  0
VERTEX
  8
84
 10
40.200000
 20
-117.050000
  0
VERTEX
  8
84
 10
39.000000
 20
-99.350000
  0
VERTEX
  8
84
 10
38.100000
 20
-75.950000
  0
VERTEX
  8
84
 10
37.400000
 20
-49.050000
  0
VERTEX
  8
84
 10
37.100000
 20
-21.150000
  0
VERTEX
  8
84
 10
37.100000
 20
15.550000
  0
VERTEX
  8
84
 10
37.100000
 20
19.350000
  0
VERTEX
  8
84
 10
37.100000
 20
39.450000
  0
VERTEX
  8
84
 10
36.800000
 20
63.850000
  0
VERTEX
  8
84
 10
36.800000
 20
88.250000
  0
VERTEX
  8
84
 10
36.800000
 20
123.050000
  0
VERTEX
  8
84
 10
36.800000
 20
157.850000
  0
VERTEX
  8
84
 10
36.800000
 20
182.250000
  0
VERTEX
  8
84
 10
37.100000
 20
206.650000
  0
VERTEX
  8
84
 10
37.100000
 20
226.750000
  0
VERTEX
  8
84
 10
37.100000
 20
230.550000
  0
VERTEX
  8
84
 10
37.100000
 20
267.250000
  0
VERTEX
  8
84
 10
37.400000
 20
295.150000
  0
VERTEX
  8
84
 10
38.100000
 20
322.050000
  0
VERTEX
  8
84
 10
39.000000
 20
345.450000
  0
VERTEX
  8
84
 10
40.200000
 20
363.150000
  0
VERTEX
  8
84
 10
40.900000
 20
374.650000
  0
VERTEX
  8
84
 10
41.300000
 20
381.850000
  0
VERTEX
  8
84
 10
105.800000
 20
378.850000
  0
VERTEX
  8
84
 10
119.500000
 20
378.550000
  0
VERTEX
  8
84
 10
118.500000
 20
331.950000
  0
VERTEX
  8
84
 10
118.100000
 20
279.750000
  0
VERTEX
  8
84
 10
117.800000
 20
227.850000
  0
VERTEX
  8
84
 10
117.700000
 20
185.250000
  0
VERTEX
  8
84
 10
117.700000
 20
156.550000
  0
VERTEX
  8
84
 10
117.700000
 20
123.050000
  0
SEQEND
  0
POLYLINE
  8
1
 66
     1
 70
     1
  0
VERTEX
  8
1
 10
117.700000
 20
123.050000
  0
VERTEX
  8
1
 10
117.700000
 20
89.550000
  0
VERTEX
  8
1
 10
117.700000
 20
60.850000
  0
VERTEX
  8
1
 10
117.800000
 20
18.250000
  0
VERTEX
  8
1
 10
118.100000
 20
-33.650000
  0
VERTEX
  8
1
 10
118.500000
 20
-85.850000
  0
VERTEX
  8
1
 10
119.500000
 20
-132.450000
  0
VERTEX
  8
1
 10
105.800000
 20
-132.750000
  0
VERTEX
  8
1
 10
41.300000
 20
-135.750000
  0
VERTEX
  8
1
 10
40.900000
 20
-128.550000
  0
VERTEX
  8
1
 10
40.200000
 20
-117.050000
  0
VERTEX
  8
1
 10
39.000000
 20
-99.350000
  0
VERTEX
  8
1
 10
38.100000
 20
-75.950000
  0
VERTEX
  8
1
 10
37.400000
 20
-49.050000
  0
VERTEX
  8
1
 10
37.100000
 20
-21.150000
  0
VERTEX
  8
1
 10
37.100000
 20
15.550000
  0
VERTEX
  8
1
 10
37.100000
 20
19.350000
  0
VERTEX
  8
1
 10
37.100000
 20
39.450000
  0
VERTEX
  8
1
 10
36.800000
 20
63.850000
  0
VERTEX
  8
1
 10
36.800000
 20
88.250000
  0
VERTEX
  8
1
 10
36.800000
 20
123.050000
  0
VERTEX
  8
1
 10
36.800000
 20
157.850000
  0
VERTEX
  8
1
 10
36.800000
 20
182.250000
  0
VERTEX
  8
1
 10
37.100000
 20
206.650000
  0
VERTEX
  8
1
 10
37.100000
 20
226.750000
  0
VERTEX
  8
1
 10
37.100000
 20
230.550000
  0
VERTEX
  8
1
 10
37.100000
 20
267.250000
  0
VERTEX
  8
1
 10
37.400000
 20
295.150000
  0
VERTEX
  8
1
 10
38.100000
 20
322.050000
  0
VERTEX
  8
1
 10
39.000000
 20
345.450000
  0
VERTEX
  8
1
 10
40.200000
 20
363.150000
  0
VERTEX
  8
1
 10
40.900000
 20
374.650000
  0
VERTEX
  8
1
 10
41.300000
 20
381.850000
  0
VERTEX
  8
1
 10
105.800000
 20
378.850000
  0
VERTEX
  8
1
 10
119.500000
 20
378.550000
  0
VERTEX
  8
1
 10
118.500000
 20
331.950000
  0
VERTEX
  8
1
 10
118.100000
 20
279.750000
  0
VERTEX
  8
1
 10
117.800000
 20
227.850000
  0
VERTEX
  8
1
 10
117.700000
 20
185.250000
  0
VERTEX
  8
1
 10
117.700000
 20
156.550000
  0
VERTEX
  8
1
 10
117.700000
 20
123.050000
  0
SEQEND
  0
POLYLINE
  8
87
 66
     1
  0
VERTEX
  8
87
 10
107.700000
 20
123.050000
  0
VERTEX
  8
87
 10
107.700000
 20
89.550000
  0
VERTEX
  8
87
 10
107.700000
 20
60.850000
  0
VERTEX
  8
87
 10
107.900000
 20
18.250000
  0
VERTEX
  8
87
 10
108.200000
 20
-33.650000
  0
VERTEX
  8
87
 10
108.600000
 20
-85.950000
  0
VERTEX
  8
87
 10
109.300000
 20
-122.750000
  0
VERTEX
  8
87
 10
105.800000
 20
-122.850000
  0
VERTEX
  8
87
 10
50.700000
 20
-125.350000
  0
VERTEX
  8
87
 10
50.100000
 20
-116.450000
  0
VERTEX
  8
87
 10
48.900000
 20
-98.850000
  0
VERTEX
  8
87
 10
48.000000
 20
-75.650000
  0
VERTEX
  8
87
 10
47.300000
 20
-48.850000
  0
VERTEX
  8
87
 10
47.100000
 20
-21.050000
  0
VERTEX
  8
87
 10
47.100000
 20
15.550000
  0
VERTEX
  8
87
 10
47.100000
 20
19.350000
  0
VERTEX
  8
87
 10
47.100000
 20
39.550000
  0
VERTEX
  8
87
 10
46.800000
 20
63.950000
  0
VERTEX
  8
87
 10
46.800000
 20
88.250000
  0
VERTEX
  8
87
 10
46.800000
 20
123.050000
  0
VERTEX
  8
87
 10
46.800000
 20
157.850000
  0
VERTEX
  8
87
 10
46.800000
 20
182.150000
  0
VERTEX
  8
87
 10
47.100000
 20
206.550000
  0
VERTEX
  8
87
 10
47.100000
 20
226.750000
  0
VERTEX
  8
87
 10
47.100000
 20
230.550000
  0
VERTEX
  8
87
 10
47.100000
 20
267.150000
  0
VERTEX
  8
87
 10
47.300000
 20
294.950000
  0
VERTEX
  8
87
 10
48.000000
 20
321.750000
  0
VERTEX
  8
87
 10
48.900000
 20
344.950000
  0
VERTEX
  8
87
 10
50.100000
 20
362.550000
  0
VERTEX
  8
87
 10
50.700000
 20
371.550000
  0
VERTEX
  8
87
 10
105.500000
 20
368.950000
  0
VERTEX
  8
87
 10
109.300000
 20
368.950000
  0
VERTEX
  8
87
 10
108.600000
 20
332.050000
  0
VERTEX
  8
87
 10
108.200000
 20
279.750000
  0
VERTEX
  8
87
 10
107.900000
 20
227.850000
  0
VERTEX
  8
87
 10
107.700000
 20
185.250000
  0
VERTEX
  8
87
 10
107.700000
 20
156.550000
  0
VERTEX
  8
87
 10
107.700000
 20
123.050000
  0
SEQEND
  0
POLYLINE
  8
14
 66
     1
  0
VERTEX
  8
14
 10
107.700000
 20
123.050000
  0
VERTEX
  8
14
 10
107.700000
 20
89.550000
  0
VERTEX
  8
14
 10
107.700000
 20
60.850000
  0
VERTEX
  8
14
 10
107.900000
 20
18.250000
  0
VERTEX
  8
14
 10
108.200000
 20
-33.650000
  0
VERTEX
  8
14
 10
108.600000
 20
-85.950000
  0
VERTEX
  8
14
 10
109.300000
 20
-122.750000
  0
VERTEX
  8
14
 10
105.800000
 20
-122.850000
  0
VERTEX
  8
14
 10
50.700000
 20
-125.350000
  0
VERTEX
  8
14
 10
50.100000
 20
-116.450000
  0
VERTEX
  8
14
 10
48.900000
 20
-98.850000
  0
VERTEX
  8
14
 10
48.000000
 20
-75.650000
  0
VERTEX
  8
14
 10
47.300000
 20
-48.850000
  0
VERTEX
  8
14
 10
47.100000
 20
-21.050000
  0
VERTEX
  8
14
 10
47.100000
 20
15.550000
  0
VERTEX
  8
14
 10
47.100000
 20
19.350000
  0
VERTEX
  8
14
 10
47.100000
 20
39.550000
  0
VERTEX
  8
14
 10
46.800000
 20
63.950000
  0
VERTEX
  8
14
 10
46.800000
 20
88.250000
  0
VERTEX
  8
14
 10
46.800000
 20
123.050000
  0
VERTEX
  8
14
 10
46.800000
 20
157.850000
  0
VERTEX
  8
14
 10
46.800000
 20
182.150000
  0
VERTEX
  8
14
 10
47.100000
 20
206.550000
  0
VERTEX
  8
14
 10
47.100000
 20
226.750000
  0
VERTEX
  8
14
 10
47.100000
 20
230.550000
  0
VERTEX
  8
14
 10
47.100000
 20
267.150000
  0
VERTEX
  8
14
 10
47.300000
 20
294.950000
  0
VERTEX
  8
14
 10
48.000000
 20
321.750000
  0
VERTEX
  8
14
 10
48.900000
 20
344.950000
  0
VERTEX
  8
14
 10
50.100000
 20
362.550000
  0
VERTEX
  8
14
 10
50.700000
 20
371.550000
  0
VERTEX
  8
14
 10
105.500000
 20
368.950000
  0
VERTEX
  8
14
 10
109.300000
 20
368.950000
  0
VERTEX
  8
14
 10
108.600000
 20
332.050000
  0
VERTEX
  8
14
 10
108.200000
 20
279.750000
  0
VERTEX
  8
14
 10
107.900000
 20
227.850000
  0
VERTEX
  8
14
 10
107.700000
 20
185.250000
  0
VERTEX
  8
14
 10
107.700000
 20
156.550000
  0
VERTEX
  8
14
 10
107.700000
 20
123.050000
  0
SEQEND
  0
POINT
  8
2
 10
117.700000
 20
123.050000
  0
TEXT
  8
2
 10
117.700000
 20
123.050000
 40
0.250000
 50
0.000000
  1
#8
  0
POINT
  8
2
 10
117.700000
 20
89.550000
  0
TEXT
  8
2
 10
117.700000
 20
89.550000
 40
0.250000
 50
0.000000
  1
#8
  0
POINT
  8
3
 10
117.700000
 20
60.850000
  0
POINT
  8
3
 10
117.800000
 20
18.250000
  0
POINT
  8
3
 10
118.100000
 20
-33.650000
  0
POINT
  8
3
 10
118.500000
 20
-85.850000
  0
POINT
  8
2
 10
119.500000
 20
-132.450000
  0
TEXT
  8
2
 10
119.500000
 20
-132.450000
 40
0.250000
 50
0.000000
  1
#34
  0
POINT
  8
2
 10
105.800000
 20
-132.750000
  0
TEXT
  8
2
 10
105.800000
 20
-132.750000
 40
0.250000
 50
0.000000
  1
#34
  0
POINT
  8
2
 10
41.300000
 20
-135.750000
  0
TEXT
  8
2
 10
41.300000
 20
-135.750000
 40
0.250000
 50
0.000000
  1
#34
  0
POINT
  8
3
 10
40.900000
 20
-128.550000
  0
POINT
  8
3
 10
40.200000
 20
-117.050000
  0
POINT
  8
3
 10
39.000000
 20
-99.350000
  0
POINT
  8
3
 10
38.100000
 20
-75.950000
  0
POINT
  8
3
 10
37.400000
 20
-49.050000
  0
POINT
  8
3
 10
37.100000
 20
-21.150000
  0
POINT
  8
2
 10
37.100000
 20
15.550000
  0
TEXT
  8
2
 10
37.100000
 20
15.550000
 40
0.250000
 50
0.000000
  1
#35
  0
POINT
  8
3
 10
37.100000
 20
19.350000
  0
POINT
  8
3
 10
37.100000
 20
39.450000
  0
POINT
  8
3
 10
36.800000
 20
63.850000
  0
POINT
  8
2
 10
36.800000
 20
88.250000
  0
TEXT
  8
2
 10
36.800000
 20
88.250000
 40
0.250000
 50
0.000000
  1
#8
  0
POINT
  8
2
 10
36.800000
 20
123.050000
  0
TEXT
  8
2
 10
36.800000
 20
123.050000
 40
0.250000
 50
0.000000
  1
#8
  0
POINT
  8
2
 10
36.800000
 20
157.850000
  0
TEXT
  8
2
 10
36.800000
 20
157.850000
 40
0.250000
 50
0.000000
  1
#8
  0
POINT
  8
3
 10
36.800000
 20
182.250000
  0
POINT
  8
3
 10
37.100000
 20
206.650000
  0
POINT
  8
3
 10
37.100000
 20
226.750000
  0
POINT
  8
2
 10
37.100000
 20
230.550000
  0
TEXT
  8
2
 10
37.100000
 20
230.550000
 40
0.250000
 50
0.000000
  1
#36
  0
POINT
  8
3
 10
37.100000
 20
267.250000
  0
POINT
  8
3
 10
37.400000
 20
295.150000
  0
POINT
  8
3
 10
38.100000
 20
322.050000
  0
POINT
  8
3
 10
39.000000
 20
345.450000
  0
POINT
  8
3
 10
40.200000
 20
363.150000
  0
POINT
  8
3
 10
40.900000
 20
374.650000
  0
POINT
  8
2
 10
41.300000
 20
381.850000
  0
TEXT
  8
2
 10
41.300000
 20
381.850000
 40
0.250000
 50
0.000000
  1
#37
  0
POINT
  8
2
 10
105.800000
 20
378.850000
  0
TEXT
  8
2
 10
105.800000
 20
378.850000
 40
0.250000
 50
0.000000
  1
#37
  0
POINT
  8
2
 10
119.500000
 20
378.550000
  0
TEXT
  8
2
 10
119.500000
 20
378.550000
 40
0.250000
 50
0.000000
  1
#37
  0
POINT
  8
3
 10
118.500000
 20
331.950000
  0
POINT
  8
3
 10
118.100000
 20
279.750000
  0
POINT
  8
3
 10
117.800000
 20
227.850000
  0
POINT
  8
3
 10
117.700000
 20
185.250000
  0
POINT
  8
2
 10
117.700000
 20
156.550000
  0
TEXT
  8
2
 10
117.700000
 20
156.550000
 40
0.250000
 50
0.000000
  1
#8
  0
POINT
  8
2
 10
117.700000
 20
123.050000
  0
POINT
  8
2
 10
117.700000
 20
123.050000
 39
2.500000
 50
180.000000
  0
POINT
  8
2
 10
105.800000
 20
-132.750000
 39
2.500000
 50
90.000000
  0
POINT
  8
2
 10
37.100000
 20
15.550000
 39
2.500000
  0
POINT
  8
2
 10
36.800000
 20
123.050000
 39
2.500000
  0
POINT
  8
2
 10
37.100000
 20
230.550000
 39
2.500000
  0
POINT
  8
2
 10
105.800000
 20
378.850000
 39
2.500000
 50
267.614100
  0
POINT
  8
2
 10
107.700000
 20
123.050000
  0
POINT
  8
2
 10
107.700000
 20
89.550000
  0
POINT
  8
3
 10
107.700000
 20
60.850000
  0
POINT
  8
3
 10
107.900000
 20
18.250000
  0
POINT
  8
3
 10
108.200000
 20
-33.650000
  0
POINT
  8
3
 10
108.600000
 20
-85.950000
  0
POINT
  8
2
 10
109.300000
 20
-122.750000
  0
POINT
  8
2
 10
105.800000
 20
-122.850000
  0
POINT
  8
2
 10
50.700000
 20
-125.350000
  0
POINT
  8
3
 10
50.100000
 20
-116.450000
  0
POINT
  8
3
 10
48.900000
 20
-98.850000
  0
POINT
  8
3
 10
48.000000
 20
-75.650000
  0
POINT
  8
3
 10
47.300000
 20
-48.850000
  0
POINT
  8
3
 10
47.100000
 20
-21.050000
  0
POINT
  8
2
 10
47.100000
 20
15.550000
  0
POINT
  8
3
 10
47.100000
 20
19.350000
  0
POINT
  8
3
 10
47.100000
 20
39.550000
  0
POINT
  8
3
 10
46.800000
 20
63.950000
  0
POINT
  8
2
 10
46.800000
 20
88.250000
  0
POINT
  8
2
 10
46.800000
 20
123.050000
  0
POINT
  8
2
 10
46.800000
 20
157.850000
  0
POINT
  8
3
 10
46.800000
 20
182.150000
  0
POINT
  8
3
 10
47.100000
 20
206.550000
  0
POINT
  8
3
 10
47.100000
 20
226.750000
  0
POINT
  8
2
 10
47.100000
 20
230.550000
  0
POINT
  8
3
 10
47.100000
 20
267.150000
  0
POINT
  8
3
 10
47.300000
 20
294.950000
  0
POINT
  8
3
 10
48.000000
 20
321.750000
  0
POINT
  8
3
 10
48.900000
 20
344.950000
  0
POINT
  8
3
 10
50.100000
 20
362.550000
  0
POINT
  8
2
 10
50.700000
 20
371.550000
  0
POINT
  8
2
 10
105.500000
 20
368.950000
  0
POINT
  8
2
 10
109.300000
 20
368.950000
  0
POINT
  8
3
 10
108.600000
 20
332.050000
  0
POINT
  8
3
 10
108.200000
 20
279.750000
  0
POINT
  8
3
 10
107.900000
 20
227.850000
  0
POINT
  8
3
 10
107.700000
 20
185.250000
  0
POINT
  8
2
 10
107.700000
 20
156.550000
  0
POINT
  8
2
 10
107.700000
 20
123.050000
  0
POINT
  8
4
 10
117.700000
 20
123.050000
 30
2.500000
 50
180.000000
  0
POINT
  8
4
 10
105.800000
 20
-132.750000
 30
2.500000
 50
90.000000
  0
POINT
  8
4
 10
37.100000
 20
15.550000
 30
2.500000
  0
POINT
  8
4
 10
36.800000
 20
123.050000
 30
2.500000
  0
POINT
  8
4
 10
37.100000
 20
230.550000
 30
2.500000
  0
POINT
  8
4
 10
105.800000
 20
378.850000
 30
2.500000
 50
267.614100
  0
LINE
  8
5
 10
117.600000
 20
123.050000
 11
36.900000
 21
123.050000
  0
LINE
  8
7
 10
117.600000
 20
123.050000
 11
36.900000
 21
123.050000
  0
TEXT
  8
15
 10
87.400000
 20
-123.650000
 40
8.439326
 50
170.909700
  1
ZIP
  0
TEXT
  8
15
 10
74.900000
 20
367.750000
 40
8.439326
 50
9.090277
  1
ZIP
  0
TEXT
  8
1
 10
5.600000
 20
-110.400000
 40
10.000000
 50
0.000000
  1
Piece Name: COLLAR X DETACHABLE TXT 1P
  0
TEXT
  8
1
 10
5.600000
 20
-99.400000
 40
10.000000
 50
0.000000
  1
Size: 50
  0
TEXT
  8
1
 10
5.600000
 20
-88.400000
 40
10.000000
 50
0.000000
  1
Annotation: COLLAR X DETACHABLE TXT 1P
  0
TEXT
  8
1
 10
5.600000
 20
-77.400000
 40
10.000000
 50
0.000000
  1
Quantity: 1
  0
TEXT
  8
1
 10
5.600000
 20
-66.400000
 40
10.000000
 50
0.000000
  1
Material: TEXTILE
  0
ENDBLK
  0
BLOCK
  8
1
  2
FIG TEST CM 20  X CM 20
 70
     0
 10
0.00
 20
0.00
  0
POLYLINE
  8
84
 66
     1
 70
     1
  0
VERTEX
  8
84
 10
174.900000
 20
144.450000
  0
VERTEX
  8
84
 10
174.900000
 20
-55.550000
  0
VERTEX
  8
84
 10
-25.100000
 20
-55.550000
  0
VERTEX
  8
84
 10
-25.100000
 20
144.450000
  0
VERTEX
  8
84
 10
174.900000
 20
144.450000
  0
SEQEND
  0
POLYLINE
  8
1
 66
     1
 70
     1
  0
VERTEX
  8
1
 10
174.900000
 20
144.450000
  0
VERTEX
  8
1
 10
174.900000
 20
-55.550000
  0
VERTEX
  8
1
 10
-25.100000
 20
-55.550000
  0
VERTEX
  8
1
 10
-25.100000
 20
144.450000
  0
VERTEX
  8
1
 10
174.900000
 20
144.450000
  0
SEQEND
  0
POLYLINE
  8
87
 66
     1
  0
VERTEX
  8
87
 10
164.900000
 20
134.450000
  0
VERTEX
  8
87
 10
164.900000
 20
-45.550000
  0
VERTEX
  8
87
 10
-15.100000
 20
-45.550000
  0
VERTEX
  8
87
 10
-15.100000
 20
134.450000
  0
VERTEX
  8
87
 10
164.900000
 20
134.450000
  0
SEQEND
  0
POLYLINE
  8
14
 66
     1
  0
VERTEX
  8
14
 10
164.900000
 20
134.450000
  0
VERTEX
  8
14
 10
164.900000
 20
-45.550000
  0
VERTEX
  8
14
 10
-15.100000
 20
-45.550000
  0
VERTEX
  8
14
 10
-15.100000
 20
134.450000
  0
VERTEX
  8
14
 10
164.900000
 20
134.450000
  0
SEQEND
  0
POINT
  8
2
 10
174.900000
 20
144.450000
  0
POINT
  8
2
 10
174.900000
 20
-55.550000
  0
POINT
  8
2
 10
-25.100000
 20
-55.550000
  0
POINT
  8
2
 10
-25.100000
 20
144.450000
  0
POINT
  8
2
 10
174.900000
 20
144.450000
  0
POINT
  8
2
 10
164.900000
 20
134.450000
  0
POINT
  8
2
 10
164.900000
 20
-45.550000
  0
POINT
  8
2
 10
-15.100000
 20
-45.550000
  0
POINT
  8
2
 10
-15.100000
 20
134.450000
  0
POINT
  8
2
 10
164.900000
 20
134.450000
  0
LINE
  8
5
 10
146.100000
 20
123.050000
 11
8.500000
 21
123.050000
  0
LINE
  8
7
 10
146.100000
 20
123.050000
 11
8.500000
 21
123.050000
  0
TEXT
  8
1
 10
5.600000
 20
-110.400000
 40
10.000000
 50
0.000000
  1
Piece Name: FIG TEST CM 20  X CM 20
  0
TEXT
  8
1
 10
5.600000
 20
-99.400000
 40
10.000000
 50
0.000000
  1
Size: 50
  0
TEXT
  8
1
 10
5.600000
 20
-88.400000
 40
10.000000
 50
0.000000
  1
Annotation: FIG TEST CM 20  X CM 20
  0
TEXT
  8
1
 10
5.600000
 20
-77.400000
 40
10.000000
 50
0.000000
  1
Quantity: 1
  0
TEXT
  8
1
 10
5.600000
 20
-66.400000
 40
10.000000
 50
0.000000
  1
Material: {Non Definito}
  0
ENDBLK
  0
BLOCK
  8
1
  2
PKT X DETACHABLE NYLON 2Pz
 70
     0
 10
0.00
 20
0.00
  0
POLYLINE
  8
84
 66
     1
 70
     1
  0
VERTEX
  8
84
 10
177.200000
 20
179.650000
  0
VERTEX
  8
84
 10
181.300000
 20
170.550000
  0
VERTEX
  8
84
 10
185.700000
 20
160.250000
  0
VERTEX
  8
84
 10
189.400000
 20
150.550000
  0
VERTEX
  8
84
 10
192.600000
 20
140.650000
  0
VERTEX
  8
84
 10
195.600000
 20
130.550000
  0
VERTEX
  8
84
 10
200.400000
 20
111.650000
  0
VERTEX
  8
84
 10
176.500000
 20
107.050000
  0
VERTEX
  8
84
 10
19.100000
 20
71.950000
  0
VERTEX
  8
84
 10
-4.400000
 20
66.350000
  0
VERTEX
  8
84
 10
-12.300000
 20
78.150000
  0
VERTEX
  8
84
 10
-28.500000
 20
101.750000
  0
VERTEX
  8
84
 10
-39.200000
 20
117.750000
  0
VERTEX
  8
84
 10
-45.700000
 20
128.450000
  0
VERTEX
  8
84
 10
177.200000
 20
179.650000
  0
SEQEND
  0
POLYLINE
  8
1
 66
     1
 70
     1
  0
VERTEX
  8
1
 10
177.200000
 20
179.650000
  0
VERTEX
  8
1
 10
181.300000
 20
170.550000
  0
VERTEX
  8
1
 10
185.700000
 20
160.250000
  0
VERTEX
  8
1
 10
189.400000
 20
150.550000
  0
VERTEX
  8
1
 10
192.600000
 20
140.650000
  0
VERTEX
  8
1
 10
195.600000
 20
130.550000
  0
VERTEX
  8
1
 10
200.400000
 20
111.650000
  0
VERTEX
  8
1
 10
176.500000
 20
107.050000
  0
VERTEX
  8
1
 10
19.100000
 20
71.950000
  0
VERTEX
  8
1
 10
-4.400000
 20
66.350000
  0
VERTEX
  8
1
 10
-12.300000
 20
78.150000
  0
VERTEX
  8
1
 10
-28.500000
 20
101.750000
  0
VERTEX
  8
1
 10
-39.200000
 20
117.750000
  0
VERTEX
  8
1
 10
-45.700000
 20
128.450000
  0
VERTEX
  8
1
 10
177.200000
 20
179.650000
  0
SEQEND
  0
POINT
  8
2
 10
177.200000
 20
179.650000
  0
POINT
  8
3
 10
181.300000
 20
170.550000
  0
POINT
  8
3
 10
185.700000
 20
160.250000
  0
POINT
  8
3
 10
189.400000
 20
150.550000
  0
POINT
  8
3
 10
192.600000
 20
140.650000
  0
POINT
  8
3
 10
195.600000
 20
130.550000
  0
POINT
  8
2
 10
200.400000
 20
111.650000
  0
POINT
  8
2
 10
176.500000
 20
107.050000
  0
POINT
  8
2
 10
19.100000
 20
71.950000
  0
POINT
  8
2
 10
-4.400000
 20
66.350000
  0
POINT
  8
3
 10
-12.300000
 20
78.150000
  0
POINT
  8
3
 10
-28.500000
 20
101.750000
  0
POINT
  8
3
 10
-39.200000
 20
117.750000
  0
POINT
  8
2
 10
-45.700000
 20
128.450000
  0
POINT
  8
2
 10
177.200000
 20
179.650000
  0
POINT
  8
2
 10
176.500000
 20
107.050000
 39
2.500000
 50
99.462320
  0
POINT
  8
2
 10
19.100000
 20
71.950000
 39
2.500000
 50
101.768300
  0
POINT
  8
4
 10
176.500000
 20
107.050000
 30
2.500000
 50
99.462320
  0
POINT
  8
4
 10
19.100000
 20
71.950000
 30
2.500000
 50
101.768300
  0
LINE
  8
5
 10
174.800000
 20
123.050000
 11
-20.200000
 21
123.050000
  0
LINE
  8
7
 10
174.800000
 20
123.050000
 11
-20.200000
 21
123.050000
  0
TEXT
  8
1
 10
5.600000
 20
-110.400000
 40
10.000000
 50
0.000000
  1
Piece Name: PKT X DETACHABLE NYLON 2Pz
  0
TEXT
  8
1
 10
5.600000
 20
-99.400000
 40
10.000000
 50
0.000000
  1
Size: 50
  0
TEXT
  8
1
 10
5.600000
 20
-88.400000
 40
10.000000
 50
0.000000
  1
Annotation: PKT X DETACHABLE NYLON 2Pz
  0
TEXT
  8
1
 10
5.600000
 20
-77.400000
 40
10.000000
 50
0.000000
  1
Quantity: 1
  0
TEXT
  8
1
 10
5.600000
 20
-66.400000
 40
10.000000
 50
0.000000
  1
Material: NYLON
  0
ENDBLK
  0
BLOCK
  8
1
  2
PKT X DETACHABLE txt 2Pz
 70
     0
 10
0.00
 20
0.00
  0
POLYLINE
  8
84
 66
     1
 70
     1
  0
VERTEX
  8
84
 10
177.200000
 20
179.650000
  0
VERTEX
  8
84
 10
181.300000
 20
170.550000
  0
VERTEX
  8
84
 10
185.700000
 20
160.250000
  0
VERTEX
  8
84
 10
189.400000
 20
150.550000
  0
VERTEX
  8
84
 10
192.600000
 20
140.650000
  0
VERTEX
  8
84
 10
195.600000
 20
130.550000
  0
VERTEX
  8
84
 10
200.400000
 20
111.650000
  0
VERTEX
  8
84
 10
176.500000
 20
107.050000
  0
VERTEX
  8
84
 10
19.100000
 20
71.950000
  0
VERTEX
  8
84
 10
-4.400000
 20
66.350000
  0
VERTEX
  8
84
 10
-12.300000
 20
78.150000
  0
VERTEX
  8
84
 10
-28.500000
 20
101.750000
  0
VERTEX
  8
84
 10
-39.200000
 20
117.750000
  0
VERTEX
  8
84
 10
-45.700000
 20
128.450000
  0
VERTEX
  8
84
 10
177.200000
 20
179.650000
  0
SEQEND
  0
POLYLINE
  8
1
 66
     1
 70
     1
  0
VERTEX
  8
1
 10
177.200000
 20
179.650000
  0
VERTEX
  8
1
 10
181.300000
 20
170.550000
  0
VERTEX
  8
1
 10
185.700000
 20
160.250000
  0
VERTEX
  8
1
 10
189.400000
 20
150.550000
  0
VERTEX
  8
1
 10
192.600000
 20
140.650000
  0
VERTEX
  8
1
 10
195.600000
 20
130.550000
  0
VERTEX
  8
1
 10
200.400000
 20
111.650000
  0
VERTEX
  8
1
 10
176.500000
 20
107.050000
  0
VERTEX
  8
1
 10
19.100000
 20
71.950000
  0
VERTEX
  8
1
 10
-4.400000
 20
66.350000
  0
VERTEX
  8
1
 10
-12.300000
 20
78.150000
  0
VERTEX
  8
1
 10
-28.500000
 20
101.750000
  0
VERTEX
  8
1
 10
-39.200000
 20
117.750000
  0
VERTEX
  8
1
 10
-45.700000
 20
128.450000
  0
VERTEX
  8
1
 10
177.200000
 20
179.650000
  0
SEQEND
  0
POINT
  8
2
 10
177.200000
 20
179.650000
  0
POINT
  8
3
 10
181.300000
 20
170.550000
  0
POINT
  8
3
 10
185.700000
 20
160.250000
  0
POINT
  8
3
 10
189.400000
 20
150.550000
  0
POINT
  8
3
 10
192.600000
 20
140.650000
  0
POINT
  8
3
 10
195.600000
 20
130.550000
  0
POINT
  8
2
 10
200.400000
 20
111.650000
  0
POINT
  8
2
 10
176.500000
 20
107.050000
  0
POINT
  8
2
 10
19.100000
 20
71.950000
  0
POINT
  8
2
 10
-4.400000
 20
66.350000
  0
POINT
  8
3
 10
-12.300000
 20
78.150000
  0
POINT
  8
3
 10
-28.500000
 20
101.750000
  0
POINT
  8
3
 10
-39.200000
 20
117.750000
  0
POINT
  8
2
 10
-45.700000
 20
128.450000
  0
POINT
  8
2
 10
177.200000
 20
179.650000
  0
POINT
  8
2
 10
176.500000
 20
107.050000
 39
2.500000
 50
99.462320
  0
POINT
  8
2
 10
19.100000
 20
71.950000
 39
2.500000
 50
101.768300
  0
POINT
  8
4
 10
176.500000
 20
107.050000
 30
2.500000
 50
99.462320
  0
POINT
  8
4
 10
19.100000
 20
71.950000
 30
2.500000
 50
101.768300
  0
LINE
  8
5
 10
174.800000
 20
123.050000
 11
-20.200000
 21
123.050000
  0
LINE
  8
7
 10
174.800000
 20
123.050000
 11
-20.200000
 21
123.050000
  0
TEXT
  8
1
 10
5.600000
 20
-110.400000
 40
10.000000
 50
0.000000
  1
Piece Name: PKT X DETACHABLE txt 2Pz
  0
TEXT
  8
1
 10
5.600000
 20
-99.400000
 40
10.000000
 50
0.000000
  1
Size: 50
  0
TEXT
  8
1
 10
5.600000
 20
-88.400000
 40
10.000000
 50
0.000000
  1
Annotation: PKT X DETACHABLE txt 2Pz
  0
TEXT
  8
1
 10
5.600000
 20
-77.400000
 40
10.000000
 50
0.000000
  1
Quantity: 1
  0
TEXT
  8
1
 10
5.600000
 20
-66.400000
 40
10.000000
 50
0.000000
  1
Material: TEXTILE
  0
ENDBLK
  0
BLOCK
  8
1
  2
RIGHT FRONT 1P
 70
     0
 10
0.00
 20
0.00
  0
POLYLINE
  8
84
 66
     1
 70
     1
  0
VERTEX
  8
84
 10
-59.800000
 20
-148.550000
  0
VERTEX
  8
84
 10
-58.700000
 20
-119.850000
  0
VERTEX
  8
84
 10
-56.200000
 20
-85.250000
  0
VERTEX
  8
84
 10
-52.400000
 20
-44.550000
  0
VERTEX
  8
84
 10
-50.300000
 20
-23.350000
  0
VERTEX
  8
84
 10
-41.600000
 20
50.850000
  0
VERTEX
  8
84
 10
-33.300000
 20
117.150000
  0
VERTEX
  8
84
 10
-32.000000
 20
126.650000
  0
VERTEX
  8
84
 10
-22.000000
 20
202.750000
  0
VERTEX
  8
84
 10
13.200000
 20
200.050000
  0
VERTEX
  8
84
 10
175.100000
 20
187.550000
  0
VERTEX
  8
84
 10
172.900000
 20
179.250000
  0
VERTEX
  8
84
 10
171.700000
 20
172.650000
  0
VERTEX
  8
84
 10
171.200000
 20
166.450000
  0
VERTEX
  8
84
 10
171.800000
 20
160.550000
  0
VERTEX
  8
84
 10
173.800000
 20
153.150000
  0
VERTEX
  8
84
 10
176.600000
 20
144.950000
  0
VERTEX
  8
84
 10
180.500000
 20
136.950000
  0
VERTEX
  8
84
 10
186.200000
 20
129.750000
  0
VERTEX
  8
84
 10
193.900000
 20
123.250000
  0
VERTEX
  8
84
 10
202.700000
 20
117.650000
  0
VERTEX
  8
84
 10
212.800000
 20
113.250000
  0
VERTEX
  8
84
 10
223.400000
 20
109.750000
  0
VERTEX
  8
84
 10
235.100000
 20
107.750000
  0
VERTEX
  8
84
 10
240.700000
 20
106.950000
  0
VERTEX
  8
84
 10
247.500000
 20
106.850000
  0
VERTEX
  8
84
 10
254.800000
 20
106.750000
  0
VERTEX
  8
84
 10
264.800000
 20
107.150000
  0
VERTEX
  8
84
 10
269.600000
 20
107.550000
  0
VERTEX
  8
84
 10
275.600000
 20
108.450000
  0
VERTEX
  8
84
 10
282.200000
 20
109.850000
  0
VERTEX
  8
84
 10
291.100000
 20
111.950000
  0
VERTEX
  8
84
 10
303.400000
 20
115.550000
  0
VERTEX
  8
84
 10
310.700000
 20
118.350000
  0
VERTEX
  8
84
 10
320.000000
 20
121.850000
  0
VERTEX
  8
84
 10
339.000000
 20
84.850000
  0
VERTEX
  8
84
 10
347.000000
 20
69.050000
  0
VERTEX
  8
84
 10
355.200000
 20
52.950000
  0
VERTEX
  8
84
 10
377.700000
 20
9.150001
  0
VERTEX
  8
84
 10
406.900000
 20
-46.850000
  0
VERTEX
  8
84
 10
398.700000
 20
-52.750000
  0
VERTEX
  8
84
 10
394.200000
 20
-56.050000
  0
VERTEX
  8
84
 10
387.100000
 20
-63.150000
  0
VERTEX
  8
84
 10
381.200000
 20
-71.150000
  0
VERTEX
  8
84
 10
376.800000
 20
-79.650000
  0
VERTEX
  8
84
 10
374.100000
 20
-88.550000
  0
VERTEX
  8
84
 10
372.500000
 20
-98.850000
  0
VERTEX
  8
84
 10
371.900000
 20
-111.050000
  0
VERTEX
  8
84
 10
372.200000
 20
-125.750000
  0
VERTEX
  8
84
 10
373.500000
 20
-142.450000
  0
VERTEX
  8
84
 10
349.800000
 20
-143.450000
  0
VERTEX
  8
84
 10
321.200000
 20
-145.150000
  0
VERTEX
  8
84
 10
287.200000
 20
-147.250000
  0
VERTEX
  8
84
 10
250.200000
 20
-149.150000
  0
VERTEX
  8
84
 10
236.100000
 20
-149.050000
  0
VERTEX
  8
84
 10
214.200000
 20
-149.750000
  0
VERTEX
  8
84
 10
180.200000
 20
-150.950000
  0
VERTEX
  8
84
 10
133.400000
 20
-151.750000
  0
VERTEX
  8
84
 10
76.700000
 20
-151.650000
  0
VERTEX
  8
84
 10
15.300000
 20
-150.750000
  0
VERTEX
  8
84
 10
-59.800000
 20
-148.550000
  0
SEQEND
  0
POLYLINE
  8
1
 66
     1
 70
     1
  0
VERTEX
  8
1
 10
-59.800000
 20
-148.550000
  0
VERTEX
  8
1
 10
-58.700000
 20
-119.850000
  0
VERTEX
  8
1
 10
-56.200000
 20
-85.250000
  0
VERTEX
  8
1
 10
-52.400000
 20
-44.550000
  0
VERTEX
  8
1
 10
-50.300000
 20
-23.350000
  0
VERTEX
  8
1
 10
-41.600000
 20
50.850000
  0
VERTEX
  8
1
 10
-33.300000
 20
117.150000
  0
VERTEX
  8
1
 10
-32.000000
 20
126.650000
  0
VERTEX
  8
1
 10
-22.000000
 20
202.750000
  0
VERTEX
  8
1
 10
13.200000
 20
200.050000
  0
VERTEX
  8
1
 10
175.100000
 20
187.550000
  0
VERTEX
  8
1
 10
172.900000
 20
179.250000
  0
VERTEX
  8
1
 10
171.700000
 20
172.650000
  0
VERTEX
  8
1
 10
171.200000
 20
166.450000
  0
VERTEX
  8
1
 10
171.800000
 20
160.550000
  0
VERTEX
  8
1
 10
173.800000
 20
153.150000
  0
VERTEX
  8
1
 10
176.600000
 20
144.950000
  0
VERTEX
  8
1
 10
180.500000
 20
136.950000
  0
VERTEX
  8
1
 10
186.200000
 20
129.750000
  0
VERTEX
  8
1
 10
193.900000
 20
123.250000
  0
VERTEX
  8
1
 10
202.700000
 20
117.650000
  0
VERTEX
  8
1
 10
212.800000
 20
113.250000
  0
VERTEX
  8
1
 10
223.400000
 20
109.750000
  0
VERTEX
  8
1
 10
235.100000
 20
107.750000
  0
VERTEX
  8
1
 10
240.700000
 20
106.950000
  0
VERTEX
  8
1
 10
247.500000
 20
106.850000
  0
VERTEX
  8
1
 10
254.800000
 20
106.750000
  0
VERTEX
  8
1
 10
264.800000
 20
107.150000
  0
VERTEX
  8
1
 10
269.600000
 20
107.550000
  0
VERTEX
  8
1
 10
275.600000
 20
108.450000
  0
VERTEX
  8
1
 10
282.200000
 20
109.850000
  0
VERTEX
  8
1
 10
291.100000
 20
111.950000
  0
VERTEX
  8
1
 10
303.400000
 20
115.550000
  0
VERTEX
  8
1
 10
310.700000
 20
118.350000
  0
VERTEX
  8
1
 10
320.000000
 20
121.850000
  0
VERTEX
  8
1
 10
339.000000
 20
84.850000
  0
VERTEX
  8
1
 10
347.000000
 20
69.050000
  0
VERTEX
  8
1
 10
355.200000
 20
52.950000
  0
VERTEX
  8
1
 10
377.700000
 20
9.150001
  0
VERTEX
  8
1
 10
406.900000
 20
-46.850000
  0
VERTEX
  8
1
 10
398.700000
 20
-52.750000
  0
VERTEX
  8
1
 10
394.200000
 20
-56.050000
  0
VERTEX
  8
1
 10
387.100000
 20
-63.150000
  0
VERTEX
  8
1
 10
381.200000
 20
-71.150000
  0
VERTEX
  8
1
 10
376.800000
 20
-79.650000
  0
VERTEX
  8
1
 10
374.100000
 20
-88.550000
  0
VERTEX
  8
1
 10
372.500000
 20
-98.850000
  0
VERTEX
  8
1
 10
371.900000
 20
-111.050000
  0
VERTEX
  8
1
 10
372.200000
 20
-125.750000
  0
VERTEX
  8
1
 10
373.500000
 20
-142.450000
  0
VERTEX
  8
1
 10
349.800000
 20
-143.450000
  0
VERTEX
  8
1
 10
321.200000
 20
-145.150000
  0
VERTEX
  8
1
 10
287.200000
 20
-147.250000
  0
VERTEX
  8
1
 10
250.200000
 20
-149.150000
  0
VERTEX
  8
1
 10
236.100000
 20
-149.050000
  0
VERTEX
  8
1
 10
214.200000
 20
-149.750000
  0
VERTEX
  8
1
 10
180.200000
 20
-150.950000
  0
VERTEX
  8
1
 10
133.400000
 20
-151.750000
  0
VERTEX
  8
1
 10
76.700000
 20
-151.650000
  0
VERTEX
  8
1
 10
15.300000
 20
-150.750000
  0
VERTEX
  8
1
 10
-59.800000
 20
-148.550000
  0
SEQEND
  0
POLYLINE
  8
85
 66
     1
  0
VERTEX
  8
85
 10
359.700000
 20
-110.050000
  0
VERTEX
  8
85
 10
328.800000
 20
-110.850000
  0
VERTEX
  8
85
 10
296.900000
 20
-112.350000
  0
VERTEX
  8
85
 10
264.100000
 20
-114.450000
  0
VERTEX
  8
85
 10
229.800000
 20
-115.950000
  0
VERTEX
  8
85
 10
192.300000
 20
-116.550000
  0
VERTEX
  8
85
 10
150.000000
 20
-116.950000
  0
VERTEX
  8
85
 10
102.400000
 20
-117.050000
  0
VERTEX
  8
85
 10
51.100000
 20
-116.650000
  0
VERTEX
  8
85
 10
-1.200000
 20
-115.250000
  0
VERTEX
  8
85
 10
-48.200000
 20
-113.150000
  0
SEQEND
  0
POLYLINE
  8
8
 66
     1
  0
VERTEX
  8
8
 10
359.700000
 20
-110.050000
  0
VERTEX
  8
8
 10
328.800000
 20
-110.850000
  0
VERTEX
  8
8
 10
296.900000
 20
-112.350000
  0
VERTEX
  8
8
 10
264.100000
 20
-114.450000
  0
VERTEX
  8
8
 10
229.800000
 20
-115.950000
  0
VERTEX
  8
8
 10
192.300000
 20
-116.550000
  0
VERTEX
  8
8
 10
150.000000
 20
-116.950000
  0
VERTEX
  8
8
 10
102.400000
 20
-117.050000
  0
VERTEX
  8
8
 10
51.100000
 20
-116.650000
  0
VERTEX
  8
8
 10
-1.200000
 20
-115.250000
  0
VERTEX
  8
8
 10
-48.200000
 20
-113.150000
  0
SEQEND
  0
POLYLINE
  8
85
 66
     1
  0
VERTEX
  8
85
 10
211.100000
 20
-59.750000
  0
VERTEX
  8
85
 10
218.600000
 20
64.750000
  0
VERTEX
  8
85
 10
118.700000
 20
67.450000
  0
VERTEX
  8
85
 10
111.300000
 20
67.750000
  0
VERTEX
  8
85
 10
107.000000
 20
67.350000
  0
VERTEX
  8
85
 10
103.100000
 20
66.750000
  0
VERTEX
  8
85
 10
98.800000
 20
64.650000
  0
VERTEX
  8
85
 10
94.900000
 20
61.750000
  0
VERTEX
  8
85
 10
92.500000
 20
57.850000
  0
VERTEX
  8
85
 10
91.600000
 20
55.050000
  0
VERTEX
  8
85
 10
90.700000
 20
51.350000
  0
VERTEX
  8
85
 10
90.500000
 20
49.450000
  0
VERTEX
  8
85
 10
83.700000
 20
-34.950000
  0
VERTEX
  8
85
 10
83.600000
 20
-40.750000
  0
VERTEX
  8
85
 10
84.700000
 20
-45.650000
  0
VERTEX
  8
85
 10
87.400000
 20
-50.150000
  0
VERTEX
  8
85
 10
91.100000
 20
-53.750000
  0
VERTEX
  8
85
 10
95.400000
 20
-56.150000
  0
VERTEX
  8
85
 10
100.500000
 20
-58.050000
  0
VERTEX
  8
85
 10
105.600000
 20
-59.150000
  0
VERTEX
  8
85
 10
110.600000
 20
-59.950000
  0
VERTEX
  8
85
 10
115.900000
 20
-60.150000
  0
VERTEX
  8
85
 10
211.100000
 20
-59.750000
  0
SEQEND
  0
POLYLINE
  8
8
 66
     1
  0
VERTEX
  8
8
 10
211.100000
 20
-59.750000
  0
VERTEX
  8
8
 10
218.600000
 20
64.750000
  0
VERTEX
  8
8
 10
118.700000
 20
67.450000
  0
VERTEX
  8
8
 10
111.300000
 20
67.750000
  0
VERTEX
  8
8
 10
107.000000
 20
67.350000
  0
VERTEX
  8
8
 10
103.100000
 20
66.750000
  0
VERTEX
  8
8
 10
98.800000
 20
64.650000
  0
VERTEX
  8
8
 10
94.900000
 20
61.750000
  0
VERTEX
  8
8
 10
92.500000
 20
57.850000
  0
VERTEX
  8
8
 10
91.600000
 20
55.050000
  0
VERTEX
  8
8
 10
90.700000
 20
51.350000
  0
VERTEX
  8
8
 10
90.500000
 20
49.450000
  0
VERTEX
  8
8
 10
83.700000
 20
-34.950000
  0
VERTEX
  8
8
 10
83.600000
 20
-40.750000
  0
VERTEX
  8
8
 10
84.700000
 20
-45.650000
  0
VERTEX
  8
8
 10
87.400000
 20
-50.150000
  0
VERTEX
  8
8
 10
91.100000
 20
-53.750000
  0
VERTEX
  8
8
 10
95.400000
 20
-56.150000
  0
VERTEX
  8
8
 10
100.500000
 20
-58.050000
  0
VERTEX
  8
8
 10
105.600000
 20
-59.150000
  0
VERTEX
  8
8
 10
110.600000
 20
-59.950000
  0
VERTEX
  8
8
 10
115.900000
 20
-60.150000
  0
VERTEX
  8
8
 10
211.100000
 20
-59.750000
  0
SEQEND
  0
POLYLINE
  8
85
 66
     1
  0
VERTEX
  8
85
 10
227.500000
 20
-60.750000
  0
VERTEX
  8
85
 10
233.500000
 20
64.950000
  0
VERTEX
  8
85
 10
187.900000
 20
67.150000
  0
VERTEX
  8
85
 10
167.700000
 20
6.350000
  0
VERTEX
  8
85
 10
182.100000
 20
-59.550000
  0
VERTEX
  8
85
 10
205.700000
 20
-60.150000
  0
VERTEX
  8
85
 10
227.500000
 20
-60.750000
  0
SEQEND
  0
POLYLINE
  8
8
 66
     1
  0
VERTEX
  8
8
 10
227.500000
 20
-60.750000
  0
VERTEX
  8
8
 10
233.500000
 20
64.950000
  0
VERTEX
  8
8
 10
187.900000
 20
67.150000
  0
VERTEX
  8
8
 10
167.700000
 20
6.350000
  0
VERTEX
  8
8
 10
182.100000
 20
-59.550000
  0
VERTEX
  8
8
 10
205.700000
 20
-60.150000
  0
VERTEX
  8
8
 10
227.500000
 20
-60.750000
  0
SEQEND
  0
POLYLINE
  8
87
 66
     1
  0
VERTEX
  8
87
 10
-49.500000
 20
-138.950000
  0
VERTEX
  8
87
 10
-48.800000
 20
-120.350000
  0
VERTEX
  8
87
 10
-46.300000
 20
-86.050000
  0
VERTEX
  8
87
 10
-42.500000
 20
-45.450000
  0
VERTEX
  8
87
 10
-40.400000
 20
-24.350000
  0
VERTEX
  8
87
 10
-31.700000
 20
49.750000
  0
VERTEX
  8
87
 10
-23.400000
 20
115.950000
  0
VERTEX
  8
87
 10
-22.100000
 20
125.350000
  0
VERTEX
  8
87
 10
-13.400000
 20
192.050000
  0
VERTEX
  8
87
 10
12.500000
 20
190.150000
  0
VERTEX
  8
87
 10
162.600000
 20
178.650000
  0
VERTEX
  8
87
 10
161.800000
 20
173.850000
  0
VERTEX
  8
87
 10
161.300000
 20
166.350000
  0
VERTEX
  8
87
 10
162.000000
 20
158.750000
  0
VERTEX
  8
87
 10
164.300000
 20
150.250000
  0
VERTEX
  8
87
 10
167.400000
 20
141.150000
  0
VERTEX
  8
87
 10
172.100000
 20
131.650000
  0
VERTEX
  8
87
 10
179.100000
 20
122.850000
  0
VERTEX
  8
87
 10
188.000000
 20
115.250000
  0
VERTEX
  8
87
 10
198.100000
 20
108.950000
  0
VERTEX
  8
87
 10
209.300000
 20
104.050000
  0
VERTEX
  8
87
 10
221.000000
 20
100.150000
  0
VERTEX
  8
87
 10
233.600000
 20
97.950000
  0
VERTEX
  8
87
 10
239.900000
 20
97.150000
  0
VERTEX
  8
87
 10
247.400000
 20
96.950000
  0
VERTEX
  8
87
 10
254.900000
 20
96.850000
  0
VERTEX
  8
87
 10
264.800000
 20
97.250000
  0
VERTEX
  8
87
 10
270.700000
 20
97.750000
  0
VERTEX
  8
87
 10
277.300000
 20
98.750000
  0
VERTEX
  8
87
 10
284.300000
 20
100.150000
  0
VERTEX
  8
87
 10
293.600000
 20
102.350000
  0
VERTEX
  8
87
 10
306.500000
 20
106.150000
  0
VERTEX
  8
87
 10
314.200000
 20
109.050000
  0
VERTEX
  8
87
 10
315.200000
 20
109.350000
  0
VERTEX
  8
87
 10
330.100000
 20
80.350000
  0
VERTEX
  8
87
 10
338.100000
 20
64.550000
  0
VERTEX
  8
87
 10
346.300000
 20
48.450000
  0
VERTEX
  8
87
 10
368.900000
 20
4.650000
  0
VERTEX
  8
87
 10
394.100000
 20
-43.750000
  0
VERTEX
  8
87
 10
392.800000
 20
-44.650000
  0
VERTEX
  8
87
 10
387.700000
 20
-48.550000
  0
VERTEX
  8
87
 10
379.600000
 20
-56.650000
  0
VERTEX
  8
87
 10
372.800000
 20
-65.950000
  0
VERTEX
  8
87
 10
367.600000
 20
-75.950000
  0
VERTEX
  8
87
 10
364.400000
 20
-86.350000
  0
VERTEX
  8
87
 10
362.600000
 20
-97.850000
  0
VERTEX
  8
87
 10
362.000000
 20
-110.950000
  0
VERTEX
  8
87
 10
362.300000
 20
-126.150000
  0
VERTEX
  8
87
 10
362.800000
 20
-132.950000
  0
VERTEX
  8
87
 10
349.300000
 20
-133.550000
  0
VERTEX
  8
87
 10
320.600000
 20
-135.250000
  0
VERTEX
  8
87
 10
286.600000
 20
-137.350000
  0
VERTEX
  8
87
 10
249.900000
 20
-139.250000
  0
VERTEX
  8
87
 10
235.900000
 20
-139.150000
  0
VERTEX
  8
87
 10
213.900000
 20
-139.850000
  0
VERTEX
  8
87
 10
180.000000
 20
-141.050000
  0
VERTEX
  8
87
 10
133.300000
 20
-141.850000
  0
VERTEX
  8
87
 10
76.800000
 20
-141.750000
  0
VERTEX
  8
87
 10
15.500000
 20
-140.850000
  0
VERTEX
  8
87
 10
-49.500000
 20
-138.950000
  0
SEQEND
  0
POLYLINE
  8
14
 66
     1
  0
VERTEX
  8
14
 10
-49.500000
 20
-138.950000
  0
VERTEX
  8
14
 10
-48.800000
 20
-120.350000
  0
VERTEX
  8
14
 10
-46.300000
 20
-86.050000
  0
VERTEX
  8
14
 10
-42.500000
 20
-45.450000
  0
VERTEX
  8
14
 10
-40.400000
 20
-24.350000
  0
VERTEX
  8
14
 10
-31.700000
 20
49.750000
  0
VERTEX
  8
14
 10
-23.400000
 20
115.950000
  0
VERTEX
  8
14
 10
-22.100000
 20
125.350000
  0
VERTEX
  8
14
 10
-13.400000
 20
192.050000
  0
VERTEX
  8
14
 10
12.500000
 20
190.150000
  0
VERTEX
  8
14
 10
162.600000
 20
178.650000
  0
VERTEX
  8
14
 10
161.800000
 20
173.850000
  0
VERTEX
  8
14
 10
161.300000
 20
166.350000
  0
VERTEX
  8
14
 10
162.000000
 20
158.750000
  0
VERTEX
  8
14
 10
164.300000
 20
150.250000
  0
VERTEX
  8
14
 10
167.400000
 20
141.150000
  0
VERTEX
  8
14
 10
172.100000
 20
131.650000
  0
VERTEX
  8
14
 10
179.100000
 20
122.850000
  0
VERTEX
  8
14
 10
188.000000
 20
115.250000
  0
VERTEX
  8
14
 10
198.100000
 20
108.950000
  0
VERTEX
  8
14
 10
209.300000
 20
104.050000
  0
VERTEX
  8
14
 10
221.000000
 20
100.150000
  0
VERTEX
  8
14
 10
233.600000
 20
97.950000
  0
VERTEX
  8
14
 10
239.900000
 20
97.150000
  0
VERTEX
  8
14
 10
247.400000
 20
96.950000
  0
VERTEX
  8
14
 10
254.900000
 20
96.850000
  0
VERTEX
  8
14
 10
264.800000
 20
97.250000
  0
VERTEX
  8
14
 10
270.700000
 20
97.750000
  0
VERTEX
  8
14
 10
277.300000
 20
98.750000
  0
VERTEX
  8
14
 10
284.300000
 20
100.150000
  0
VERTEX
  8
14
 10
293.600000
 20
102.350000
  0
VERTEX
  8
14
 10
306.500000
 20
106.150000
  0
VERTEX
  8
14
 10
314.200000
 20
109.050000
  0
VERTEX
  8
14
 10
315.200000
 20
109.350000
  0
VERTEX
  8
14
 10
330.100000
 20
80.350000
  0
VERTEX
  8
14
 10
338.100000
 20
64.550000
  0
VERTEX
  8
14
 10
346.300000
 20
48.450000
  0
VERTEX
  8
14
 10
368.900000
 20
4.650000
  0
VERTEX
  8
14
 10
394.100000
 20
-43.750000
  0
VERTEX
  8
14
 10
392.800000
 20
-44.650000
  0
VERTEX
  8
14
 10
387.700000
 20
-48.550000
  0
VERTEX
  8
14
 10
379.600000
 20
-56.650000
  0
VERTEX
  8
14
 10
372.800000
 20
-65.950000
  0
VERTEX
  8
14
 10
367.600000
 20
-75.950000
  0
VERTEX
  8
14
 10
364.400000
 20
-86.350000
  0
VERTEX
  8
14
 10
362.600000
 20
-97.850000
  0
VERTEX
  8
14
 10
362.000000
 20
-110.950000
  0
VERTEX
  8
14
 10
362.300000
 20
-126.150000
  0
VERTEX
  8
14
 10
362.800000
 20
-132.950000
  0
VERTEX
  8
14
 10
349.300000
 20
-133.550000
  0
VERTEX
  8
14
 10
320.600000
 20
-135.250000
  0
VERTEX
  8
14
 10
286.600000
 20
-137.350000
  0
VERTEX
  8
14
 10
249.900000
 20
-139.250000
  0
VERTEX
  8
14
 10
235.900000
 20
-139.150000
  0
VERTEX
  8
14
 10
213.900000
 20
-139.850000
  0
VERTEX
  8
14
 10
180.000000
 20
-141.050000
  0
VERTEX
  8
14
 10
133.300000
 20
-141.850000
  0
VERTEX
  8
14
 10
76.800000
 20
-141.750000
  0
VERTEX
  8
14
 10
15.500000
 20
-140.850000
  0
VERTEX
  8
14
 10
-49.500000
 20
-138.950000
  0
SEQEND
  0
POINT
  8
2
 10
-59.800000
 20
-148.550000
  0
TEXT
  8
2
 10
-59.800000
 20
-148.550000
 40
0.250000
 50
0.000000
  1
#12
  0
POINT
  8
3
 10
-58.700000
 20
-119.850000
  0
POINT
  8
3
 10
-56.200000
 20
-85.250000
  0
POINT
  8
2
 10
-52.400000
 20
-44.550000
  0
TEXT
  8
2
 10
-52.400000
 20
-44.550000
 40
0.250000
 50
0.000000
  1
#12
  0
POINT
  8
3
 10
-50.300000
 20
-23.350000
  0
POINT
  8
3
 10
-41.600000
 20
50.850000
  0
POINT
  8
2
 10
-33.300000
 20
117.150000
  0
TEXT
  8
2
 10
-33.300000
 20
117.150000
 40
0.250000
 50
0.000000
  1
#12
  0
POINT
  8
3
 10
-32.000000
 20
126.650000
  0
POINT
  8
2
 10
-22.000000
 20
202.750000
  0
TEXT
  8
2
 10
-22.000000
 20
202.750000
 40
0.250000
 50
0.000000
  1
#9
  0
POINT
  8
3
 10
13.200000
 20
200.050000
  0
POINT
  8
2
 10
175.100000
 20
187.550000
  0
TEXT
  8
2
 10
175.100000
 20
187.550000
 40
0.250000
 50
0.000000
  1
#10
  0
POINT
  8
3
 10
172.900000
 20
179.250000
  0
POINT
  8
3
 10
171.700000
 20
172.650000
  0
POINT
  8
2
 10
171.200000
 20
166.450000
  0
TEXT
  8
2
 10
171.200000
 20
166.450000
 40
0.250000
 50
0.000000
  1
#10
  0
POINT
  8
3
 10
171.800000
 20
160.550000
  0
POINT
  8
3
 10
173.800000
 20
153.150000
  0
POINT
  8
3
 10
176.600000
 20
144.950000
  0
POINT
  8
3
 10
180.500000
 20
136.950000
  0
POINT
  8
3
 10
186.200000
 20
129.750000
  0
POINT
  8
3
 10
193.900000
 20
123.250000
  0
POINT
  8
3
 10
202.700000
 20
117.650000
  0
POINT
  8
3
 10
212.800000
 20
113.250000
  0
POINT
  8
3
 10
223.400000
 20
109.750000
  0
POINT
  8
2
 10
235.100000
 20
107.750000
  0
TEXT
  8
2
 10
235.100000
 20
107.750000
 40
0.250000
 50
0.000000
  1
#11
  0
POINT
  8
3
 10
240.700000
 20
106.950000
  0
POINT
  8
3
 10
247.500000
 20
106.850000
  0
POINT
  8
3
 10
254.800000
 20
106.750000
  0
POINT
  8
2
 10
264.800000
 20
107.150000
  0
TEXT
  8
2
 10
264.800000
 20
107.150000
 40
0.250000
 50
0.000000
  1
#11
  0
POINT
  8
3
 10
269.600000
 20
107.550000
  0
POINT
  8
3
 10
275.600000
 20
108.450000
  0
POINT
  8
3
 10
282.200000
 20
109.850000
  0
POINT
  8
3
 10
291.100000
 20
111.950000
  0
POINT
  8
3
 10
303.400000
 20
115.550000
  0
POINT
  8
2
 10
310.700000
 20
118.350000
  0
TEXT
  8
2
 10
310.700000
 20
118.350000
 40
0.250000
 50
0.000000
  1
#1
  0
POINT
  8
2
 10
320.000000
 20
121.850000
  0
TEXT
  8
2
 10
320.000000
 20
121.850000
 40
0.250000
 50
0.000000
  1
#1
  0
POINT
  8
3
 10
339.000000
 20
84.850000
  0
POINT
  8
2
 10
347.000000
 20
69.050000
  0
POINT
  8
2
 10
355.200000
 20
52.950000
  0
POINT
  8
3
 10
377.700000
 20
9.150001
  0
POINT
  8
2
 10
406.900000
 20
-46.850000
  0
TEXT
  8
2
 10
406.900000
 20
-46.850000
 40
0.250000
 50
0.000000
  1
#15
  0
POINT
  8
2
 10
398.700000
 20
-52.750000
  0
TEXT
  8
2
 10
398.700000
 20
-52.750000
 40
0.250000
 50
0.000000
  1
#15
  0
POINT
  8
3
 10
394.200000
 20
-56.050000
  0
POINT
  8
3
 10
387.100000
 20
-63.150000
  0
POINT
  8
3
 10
381.200000
 20
-71.150000
  0
POINT
  8
3
 10
376.800000
 20
-79.650000
  0
POINT
  8
3
 10
374.100000
 20
-88.550000
  0
POINT
  8
3
 10
372.500000
 20
-98.850000
  0
POINT
  8
3
 10
371.900000
 20
-111.050000
  0
POINT
  8
3
 10
372.200000
 20
-125.750000
  0
POINT
  8
2
 10
373.500000
 20
-142.450000
  0
TEXT
  8
2
 10
373.500000
 20
-142.450000
 40
0.250000
 50
0.000000
  1
#15
  0
POINT
  8
3
 10
349.800000
 20
-143.450000
  0
POINT
  8
3
 10
321.200000
 20
-145.150000
  0
POINT
  8
3
 10
287.200000
 20
-147.250000
  0
POINT
  8
2
 10
250.200000
 20
-149.150000
  0
TEXT
  8
2
 10
250.200000
 20
-149.150000
 40
0.250000
 50
0.000000
  1
#8
  0
POINT
  8
3
 10
236.100000
 20
-149.050000
  0
POINT
  8
3
 10
214.200000
 20
-149.750000
  0
POINT
  8
3
 10
180.200000
 20
-150.950000
  0
POINT
  8
3
 10
133.400000
 20
-151.750000
  0
POINT
  8
3
 10
76.700000
 20
-151.650000
  0
POINT
  8
2
 10
15.300000
 20
-150.750000
  0
TEXT
  8
2
 10
15.300000
 20
-150.750000
 40
0.250000
 50
0.000000
  1
#8
  0
POINT
  8
2
 10
-59.800000
 20
-148.550000
  0
POINT
  8
2
 10
359.700000
 20
-110.050000
  0
TEXT
  8
2
 10
359.700000
 20
-110.050000
 40
0.250000
 50
0.000000
  1
#15
  0
POINT
  8
3
 10
328.800000
 20
-110.850000
  0
POINT
  8
3
 10
296.900000
 20
-112.350000
  0
POINT
  8
3
 10
264.100000
 20
-114.450000
  0
POINT
  8
3
 10
229.800000
 20
-115.950000
  0
POINT
  8
3
 10
192.300000
 20
-116.550000
  0
POINT
  8
3
 10
150.000000
 20
-116.950000
  0
POINT
  8
3
 10
102.400000
 20
-117.050000
  0
POINT
  8
3
 10
51.100000
 20
-116.650000
  0
POINT
  8
3
 10
-1.200000
 20
-115.250000
  0
POINT
  8
2
 10
-48.200000
 20
-113.150000
  0
TEXT
  8
2
 10
-48.200000
 20
-113.150000
 40
0.250000
 50
0.000000
  1
#12
  0
POINT
  8
2
 10
211.100000
 20
-59.750000
  0
POINT
  8
2
 10
218.600000
 20
64.750000
  0
POINT
  8
2
 10
118.700000
 20
67.450000
  0
POINT
  8
3
 10
111.300000
 20
67.750000
  0
POINT
  8
3
 10
107.000000
 20
67.350000
  0
POINT
  8
3
 10
103.100000
 20
66.750000
  0
POINT
  8
3
 10
98.800000
 20
64.650000
  0
POINT
  8
3
 10
94.900000
 20
61.750000
  0
POINT
  8
3
 10
92.500000
 20
57.850000
  0
POINT
  8
3
 10
91.600000
 20
55.050000
  0
POINT
  8
3
 10
90.700000
 20
51.350000
  0
POINT
  8
2
 10
90.500000
 20
49.450000
  0
POINT
  8
2
 10
83.700000
 20
-34.950000
  0
POINT
  8
3
 10
83.600000
 20
-40.750000
  0
POINT
  8
3
 10
84.700000
 20
-45.650000
  0
POINT
  8
3
 10
87.400000
 20
-50.150000
  0
POINT
  8
3
 10
91.100000
 20
-53.750000
  0
POINT
  8
3
 10
95.400000
 20
-56.150000
  0
POINT
  8
3
 10
100.500000
 20
-58.050000
  0
POINT
  8
3
 10
105.600000
 20
-59.150000
  0
POINT
  8
3
 10
110.600000
 20
-59.950000
  0
POINT
  8
2
 10
115.900000
 20
-60.150000
  0
POINT
  8
2
 10
211.100000
 20
-59.750000
  0
POINT
  8
2
 10
227.500000
 20
-60.750000
  0
POINT
  8
2
 10
233.500000
 20
64.950000
  0
POINT
  8
2
 10
187.900000
 20
67.150000
  0
POINT
  8
2
 10
167.700000
 20
6.350000
  0
POINT
  8
2
 10
182.100000
 20
-59.550000
  0
POINT
  8
2
 10
205.700000
 20
-60.150000
  0
POINT
  8
2
 10
227.500000
 20
-60.750000
  0
POINT
  8
2
 10
-52.400000
 20
-44.550000
 39
2.500000
 50
355.236400
  0
POINT
  8
2
 10
-33.300000
 20
117.150000
 39
2.500000
 50
352.875000
  0
POINT
  8
2
 10
171.200000
 20
166.450000
 39
2.500000
 50
180.000000
  0
POINT
  8
2
 10
235.100000
 20
107.750000
 39
2.500000
 50
260.537700
  0
POINT
  8
2
 10
264.800000
 20
107.150000
 39
2.500000
 50
270.000000
  0
POINT
  8
2
 10
347.000000
 20
69.050000
 39
2.500000
 50
206.565000
  0
POINT
  8
2
 10
355.200000
 20
52.950000
 39
2.500000
 50
206.565000
  0
POINT
  8
2
 10
250.200000
 20
-149.150000
 39
2.500000
 50
92.385940
  0
POINT
  8
2
 10
15.300000
 20
-150.750000
 39
2.500000
 50
90.000000
  0
POINT
  8
2
 10
46.900000
 20
-116.750000
  0
TEXT
  8
2
 10
46.900000
 20
-116.750000
 40
0.250000
 50
0.000000
  1
#8
  0
POINT
  8
2
 10
193.900000
 20
-116.850000
  0
TEXT
  8
2
 10
193.900000
 20
-116.850000
 40
0.250000
 50
0.000000
  1
#19
  0
POINT
  8
2
 10
343.100000
 20
-110.650000
  0
TEXT
  8
2
 10
343.100000
 20
-110.650000
 40
0.250000
 50
0.000000
  1
#15
  0
POINT
  8
2
 10
227.500000
 20
-61.050000
  0
TEXT
  8
2
 10
227.500000
 20
-61.050000
 40
0.250000
 50
0.000000
  1
#8
  0
POINT
  8
2
 10
233.500000
 20
65.250000
  0
TEXT
  8
2
 10
233.500000
 20
65.250000
 40
0.250000
 50
0.000000
  1
#8
  0
POINT
  8
2
 10
209.600000
 20
-57.150000
  0
TEXT
  8
2
 10
209.600000
 20
-57.150000
 40
0.250000
 50
0.000000
  1
#8
  0
POINT
  8
2
 10
216.400000
 20
63.150000
  0
TEXT
  8
2
 10
216.400000
 20
63.150000
 40
0.250000
 50
0.000000
  1
#8
  0
POINT
  8
2
 10
114.200000
 20
66.850000
  0
TEXT
  8
2
 10
114.200000
 20
66.850000
 40
0.250000
 50
0.000000
  1
#8
  0
POINT
  8
2
 10
109.500000
 20
-57.550000
  0
TEXT
  8
2
 10
109.500000
 20
-57.550000
 40
0.250000
 50
0.000000
  1
#8
  0
POINT
  8
2
 10
87.600000
 20
7.250000
  0
TEXT
  8
2
 10
87.600000
 20
7.250000
 40
0.250000
 50
0.000000
  1
#8
  0
POINT
  8
2
 10
-49.500000
 20
-138.950000
  0
POINT
  8
3
 10
-48.800000
 20
-120.350000
  0
POINT
  8
3
 10
-46.300000
 20
-86.050000
  0
POINT
  8
2
 10
-42.500000
 20
-45.450000
  0
POINT
  8
3
 10
-40.400000
 20
-24.350000
  0
POINT
  8
3
 10
-31.700000
 20
49.750000
  0
POINT
  8
2
 10
-23.400000
 20
115.950000
  0
POINT
  8
3
 10
-22.100000
 20
125.350000
  0
POINT
  8
2
 10
-13.400000
 20
192.050000
  0
POINT
  8
3
 10
12.500000
 20
190.150000
  0
POINT
  8
2
 10
162.600000
 20
178.650000
  0
POINT
  8
3
 10
161.800000
 20
173.850000
  0
POINT
  8
2
 10
161.300000
 20
166.350000
  0
POINT
  8
3
 10
162.000000
 20
158.750000
  0
POINT
  8
3
 10
164.300000
 20
150.250000
  0
POINT
  8
3
 10
167.400000
 20
141.150000
  0
POINT
  8
3
 10
172.100000
 20
131.650000
  0
POINT
  8
3
 10
179.100000
 20
122.850000
  0
POINT
  8
3
 10
188.000000
 20
115.250000
  0
POINT
  8
3
 10
198.100000
 20
108.950000
  0
POINT
  8
3
 10
209.300000
 20
104.050000
  0
POINT
  8
3
 10
221.000000
 20
100.150000
  0
POINT
  8
2
 10
233.600000
 20
97.950000
  0
POINT
  8
3
 10
239.900000
 20
97.150000
  0
POINT
  8
3
 10
247.400000
 20
96.950000
  0
POINT
  8
3
 10
254.900000
 20
96.850000
  0
POINT
  8
2
 10
264.800000
 20
97.250000
  0
POINT
  8
3
 10
270.700000
 20
97.750000
  0
POINT
  8
3
 10
277.300000
 20
98.750000
  0
POINT
  8
3
 10
284.300000
 20
100.150000
  0
POINT
  8
3
 10
293.600000
 20
102.350000
  0
POINT
  8
3
 10
306.500000
 20
106.150000
  0
POINT
  8
2
 10
314.200000
 20
109.050000
  0
POINT
  8
2
 10
315.200000
 20
109.350000
  0
POINT
  8
3
 10
330.100000
 20
80.350000
  0
POINT
  8
2
 10
338.100000
 20
64.550000
  0
POINT
  8
2
 10
346.300000
 20
48.450000
  0
POINT
  8
3
 10
368.900000
 20
4.650000
  0
POINT
  8
2
 10
394.100000
 20
-43.750000
  0
POINT
  8
2
 10
392.800000
 20
-44.650000
  0
POINT
  8
3
 10
387.700000
 20
-48.550000
  0
POINT
  8
3
 10
379.600000
 20
-56.650000
  0
POINT
  8
3
 10
372.800000
 20
-65.950000
  0
POINT
  8
3
 10
367.600000
 20
-75.950000
  0
POINT
  8
3
 10
364.400000
 20
-86.350000
  0
POINT
  8
3
 10
362.600000
 20
-97.850000
  0
POINT
  8
3
 10
362.000000
 20
-110.950000
  0
POINT
  8
3
 10
362.300000
 20
-126.150000
  0
POINT
  8
2
 10
362.800000
 20
-132.950000
  0
POINT
  8
3
 10
349.300000
 20
-133.550000
  0
POINT
  8
3
 10
320.600000
 20
-135.250000
  0
POINT
  8
3
 10
286.600000
 20
-137.350000
  0
POINT
  8
2
 10
249.900000
 20
-139.250000
  0
POINT
  8
3
 10
235.900000
 20
-139.150000
  0
POINT
  8
3
 10
213.900000
 20
-139.850000
  0
POINT
  8
3
 10
180.000000
 20
-141.050000
  0
POINT
  8
3
 10
133.300000
 20
-141.850000
  0
POINT
  8
3
 10
76.800000
 20
-141.750000
  0
POINT
  8
2
 10
15.500000
 20
-140.850000
  0
POINT
  8
2
 10
-49.500000
 20
-138.950000
  0
POINT
  8
4
 10
-52.400000
 20
-44.550000
 30
2.500000
 50
355.236400
  0
POINT
  8
4
 10
-33.300000
 20
117.150000
 30
2.500000
 50
352.875000
  0
POINT
  8
4
 10
171.200000
 20
166.450000
 30
2.500000
 50
180.000000
  0
POINT
  8
4
 10
235.100000
 20
107.750000
 30
2.500000
 50
260.537700
  0
POINT
  8
4
 10
264.800000
 20
107.150000
 30
2.500000
 50
270.000000
  0
POINT
  8
4
 10
347.000000
 20
69.050000
 30
2.500000
 50
206.565000
  0
POINT
  8
4
 10
355.200000
 20
52.950000
 30
2.500000
 50
206.565000
  0
POINT
  8
4
 10
250.200000
 20
-149.150000
 30
2.500000
 50
92.385940
  0
POINT
  8
4
 10
15.300000
 20
-150.750000
 30
2.500000
 50
90.000000
  0
POINT
  8
13
 10
46.900000
 20
-116.750000
 30
3.000000
  0
TEXT
  8
13
 10
46.900000
 20
-116.750000
 40
0.250000
 50
0.000000
  1
#8
  0
POINT
  8
13
 10
193.900000
 20
-116.850000
 30
3.000000
  0
TEXT
  8
13
 10
193.900000
 20
-116.850000
 40
0.250000
 50
0.000000
  1
#19
  0
POINT
  8
13
 10
343.100000
 20
-110.650000
 30
3.000000
  0
TEXT
  8
13
 10
343.100000
 20
-110.650000
 40
0.250000
 50
0.000000
  1
#15
  0
POINT
  8
13
 10
227.500000
 20
-61.050000
 30
3.000000
  0
TEXT
  8
13
 10
227.500000
 20
-61.050000
 40
0.250000
 50
0.000000
  1
#8
  0
POINT
  8
13
 10
233.500000
 20
65.250000
 30
3.000000
  0
TEXT
  8
13
 10
233.500000
 20
65.250000
 40
0.250000
 50
0.000000
  1
#8
  0
POINT
  8
13
 10
209.600000
 20
-57.150000
 30
3.000000
  0
TEXT
  8
13
 10
209.600000
 20
-57.150000
 40
0.250000
 50
0.000000
  1
#8
  0
POINT
  8
13
 10
216.400000
 20
63.150000
 30
3.000000
  0
TEXT
  8
13
 10
216.400000
 20
63.150000
 40
0.250000
 50
0.000000
  1
#8
  0
POINT
  8
13
 10
114.200000
 20
66.850000
 30
3.000000
  0
TEXT
  8
13
 10
114.200000
 20
66.850000
 40
0.250000
 50
0.000000
  1
#8
  0
POINT
  8
13
 10
109.500000
 20
-57.550000
 30
3.000000
  0
TEXT
  8
13
 10
109.500000
 20
-57.550000
 40
0.250000
 50
0.000000
  1
#8
  0
POINT
  8
13
 10
87.600000
 20
7.250000
 30
3.000000
  0
TEXT
  8
13
 10
87.600000
 20
7.250000
 40
0.250000
 50
0.000000
  1
#8
  0
LINE
  8
5
 10
142.000000
 20
123.050000
 11
12.500000
 21
123.050000
  0
LINE
  8
7
 10
157.300000
 20
121.750000
 11
13.800000
 21
121.750000
  0
TEXT
  8
15
 10
-24.800000
 20
53.250000
 40
7.533946
 50
261.674300
  1
POCKET FLAP
  0
TEXT
  8
15
 10
304.100000
 20
-117.450000
 40
7.219438
 50
181.587500
  1
FRONT CENTER
  0
TEXT
  8
15
 10
335.500000
 20
-104.250000
 40
4.440000
 50
270.000000
  1
AUTOM
  0
TEXT
  8
15
 10
183.600000
 20
-112.850000
 40
4.800000
 50
270.000000
  1
AUTOM
  0
TEXT
  8
15
 10
34.700000
 20
-105.050000
 40
8.080001
 50
270.000000
  1
AUTOM
  0
TEXT
  8
15
 10
235.300000
 20
21.150000
 40
5.254546
 50
270.000000
  1
POCKET FLAP
  0
TEXT
  8
15
 10
216.700000
 20
10.850000
 40
4.666667
 50
270.000000
  1
POCKET
  0
TEXT
  8
1
 10
5.600000
 20
-110.400000
 40
10.000000
 50
0.000000
  1
Piece Name: RIGHT FRONT 1P
  0
TEXT
  8
1
 10
5.600000
 20
-99.400000
 40
10.000000
 50
0.000000
  1
Size: 50
  0
TEXT
  8
1
 10
5.600000
 20
-88.400000
 40
10.000000
 50
0.000000
  1
Annotation: RIGHT FRONT 1P
  0
TEXT
  8
1
 10
5.600000
 20
-77.400000
 40
10.000000
 50
0.000000
  1
Quantity: 1
  0
TEXT
  8
1
 10
5.600000
 20
-66.400000
 40
10.000000
 50
0.000000
  1
Material: LEATHER
  0
ENDBLK
  0
BLOCK
  8
1
  2
RIGHT BTTM FRONT 1P
 70
     0
 10
0.00
 20
0.00
  0
POLYLINE
  8
84
 66
     1
 70
     1
  0
VERTEX
  8
84
 10
250.100000
 20
379.650000
  0
VERTEX
  8
84
 10
240.100000
 20
302.650000
  0
VERTEX
  8
84
 10
238.800000
 20
293.150000
  0
VERTEX
  8
84
 10
230.500000
 20
227.050000
  0
VERTEX
  8
84
 10
221.800000
 20
153.150000
  0
VERTEX
  8
84
 10
219.700000
 20
132.150000
  0
VERTEX
  8
84
 10
215.900000
 20
91.650000
  0
VERTEX
  8
84
 10
213.400000
 20
57.550000
  0
VERTEX
  8
84
 10
212.200000
 20
29.350000
  0
VERTEX
  8
84
 10
187.500000
 20
30.050000
  0
VERTEX
  8
84
 10
145.100000
 20
31.450000
  0
VERTEX
  8
84
 10
105.100000
 20
33.750000
  0
VERTEX
  8
84
 10
87.000000
 20
35.450000
  0
VERTEX
  8
84
 10
72.100000
 20
36.950000
  0
VERTEX
  8
84
 10
63.400000
 20
38.050000
  0
VERTEX
  8
84
 10
54.500000
 20
39.350000
  0
VERTEX
  8
84
 10
46.600000
 20
40.750000
  0
VERTEX
  8
84
 10
40.400000
 20
42.050000
  0
VERTEX
  8
84
 10
36.200000
 20
43.150000
  0
VERTEX
  8
84
 10
31.500000
 20
44.550000
  0
VERTEX
  8
84
 10
23.900000
 20
47.150000
  0
VERTEX
  8
84
 10
14.700000
 20
51.050000
  0
VERTEX
  8
84
 10
6.000000
 20
55.550000
  0
VERTEX
  8
84
 10
-1.300000
 20
59.750000
  0
VERTEX
  8
84
 10
-7.400000
 20
63.750000
  0
VERTEX
  8
84
 10
-12.800000
 20
67.750000
  0
VERTEX
  8
84
 10
-17.400000
 20
72.650000
  0
VERTEX
  8
84
 10
-21.400000
 20
79.350000
  0
VERTEX
  8
84
 10
-25.000000
 20
89.250000
  0
VERTEX
  8
84
 10
-27.800000
 20
103.150000
  0
VERTEX
  8
84
 10
-29.700000
 20
120.050000
  0
VERTEX
  8
84
 10
-60.000000
 20
122.650000
  0
VERTEX
  8
84
 10
-57.100000
 20
152.750000
  0
VERTEX
  8
84
 10
-52.400000
 20
196.450000
  0
VERTEX
  8
84
 10
-45.400000
 20
253.850000
  0
VERTEX
  8
84
 10
-37.800000
 20
314.050000
  0
VERTEX
  8
84
 10
-31.800000
 20
362.050000
  0
VERTEX
  8
84
 10
-27.000000
 20
402.350000
  0
VERTEX
  8
84
 10
13.100000
 20
397.550000
  0
VERTEX
  8
84
 10
117.700000
 20
389.550000
  0
VERTEX
  8
84
 10
202.000000
 20
383.150000
  0
VERTEX
  8
84
 10
250.100000
 20
379.650000
  0
SEQEND
  0
POLYLINE
  8
1
 66
     1
 70
     1
  0
VERTEX
  8
1
 10
250.100000
 20
379.650000
  0
VERTEX
  8
1
 10
240.100000
 20
302.650000
  0
VERTEX
  8
1
 10
238.800000
 20
293.150000
  0
VERTEX
  8
1
 10
230.500000
 20
227.050000
  0
VERTEX
  8
1
 10
221.800000
 20
153.150000
  0
VERTEX
  8
1
 10
219.700000
 20
132.150000
  0
VERTEX
  8
1
 10
215.900000
 20
91.650000
  0
VERTEX
  8
1
 10
213.400000
 20
57.550000
  0
VERTEX
  8
1
 10
212.200000
 20
29.350000
  0
VERTEX
  8
1
 10
187.500000
 20
30.050000
  0
VERTEX
  8
1
 10
145.100000
 20
31.450000
  0
VERTEX
  8
1
 10
105.100000
 20
33.750000
  0
VERTEX
  8
1
 10
87.000000
 20
35.450000
  0
VERTEX
  8
1
 10
72.100000
 20
36.950000
  0
VERTEX
  8
1
 10
63.400000
 20
38.050000
  0
VERTEX
  8
1
 10
54.500000
 20
39.350000
  0
VERTEX
  8
1
 10
46.600000
 20
40.750000
  0
VERTEX
  8
1
 10
40.400000
 20
42.050000
  0
VERTEX
  8
1
 10
36.200000
 20
43.150000
  0
VERTEX
  8
1
 10
31.500000
 20
44.550000
  0
VERTEX
  8
1
 10
23.900000
 20
47.150000
  0
VERTEX
  8
1
 10
14.700000
 20
51.050000
  0
VERTEX
  8
1
 10
6.000000
 20
55.550000
  0
VERTEX
  8
1
 10
-1.300000
 20
59.750000
  0
VERTEX
  8
1
 10
-7.400000
 20
63.750000
  0
VERTEX
  8
1
 10
-12.800000
 20
67.750000
  0
VERTEX
  8
1
 10
-17.400000
 20
72.650000
  0
VERTEX
  8
1
 10
-21.400000
 20
79.350000
  0
VERTEX
  8
1
 10
-25.000000
 20
89.250000
  0
VERTEX
  8
1
 10
-27.800000
 20
103.150000
  0
VERTEX
  8
1
 10
-29.700000
 20
120.050000
  0
VERTEX
  8
1
 10
-60.000000
 20
122.650000
  0
VERTEX
  8
1
 10
-57.100000
 20
152.750000
  0
VERTEX
  8
1
 10
-52.400000
 20
196.450000
  0
VERTEX
  8
1
 10
-45.400000
 20
253.850000
  0
VERTEX
  8
1
 10
-37.800000
 20
314.050000
  0
VERTEX
  8
1
 10
-31.800000
 20
362.050000
  0
VERTEX
  8
1
 10
-27.000000
 20
402.350000
  0
VERTEX
  8
1
 10
13.100000
 20
397.550000
  0
VERTEX
  8
1
 10
117.700000
 20
389.550000
  0
VERTEX
  8
1
 10
202.000000
 20
383.150000
  0
VERTEX
  8
1
 10
250.100000
 20
379.650000
  0
SEQEND
  0
POLYLINE
  8
85
 66
     1
  0
VERTEX
  8
85
 10
204.000000
 20
65.250000
  0
VERTEX
  8
85
 10
181.700000
 20
65.950000
  0
VERTEX
  8
85
 10
150.200000
 20
67.150000
  0
VERTEX
  8
85
 10
110.600000
 20
68.450000
  0
SEQEND
  0
POLYLINE
  8
8
 66
     1
  0
VERTEX
  8
8
 10
204.000000
 20
65.250000
  0
VERTEX
  8
8
 10
181.700000
 20
65.950000
  0
VERTEX
  8
8
 10
150.200000
 20
67.150000
  0
VERTEX
  8
8
 10
110.600000
 20
68.450000
  0
SEQEND
  0
POLYLINE
  8
85
 66
     1
  0
VERTEX
  8
85
 10
188.000000
 20
135.250000
  0
VERTEX
  8
85
 10
206.400000
 20
296.250000
  0
VERTEX
  8
85
 10
64.500000
 20
309.050000
  0
VERTEX
  8
85
 10
61.200000
 20
309.450000
  0
VERTEX
  8
85
 10
54.300000
 20
309.550000
  0
VERTEX
  8
85
 10
49.400000
 20
308.450000
  0
VERTEX
  8
85
 10
45.800000
 20
306.750000
  0
VERTEX
  8
85
 10
42.700000
 20
304.050000
  0
VERTEX
  8
85
 10
40.000000
 20
300.550000
  0
VERTEX
  8
85
 10
37.900000
 20
295.650000
  0
VERTEX
  8
85
 10
36.300000
 20
288.850000
  0
VERTEX
  8
85
 10
35.400000
 20
280.750000
  0
VERTEX
  8
85
 10
22.700000
 20
181.450000
  0
VERTEX
  8
85
 10
22.500000
 20
173.850000
  0
VERTEX
  8
85
 10
23.000000
 20
166.750000
  0
VERTEX
  8
85
 10
24.900000
 20
160.850000
  0
VERTEX
  8
85
 10
28.100000
 20
156.250000
  0
VERTEX
  8
85
 10
32.200000
 20
152.050000
  0
VERTEX
  8
85
 10
37.600000
 20
148.150000
  0
VERTEX
  8
85
 10
44.600000
 20
145.150000
  0
VERTEX
  8
85
 10
52.600000
 20
143.250000
  0
VERTEX
  8
85
 10
60.100000
 20
142.450000
  0
VERTEX
  8
85
 10
66.600000
 20
141.750000
  0
VERTEX
  8
85
 10
188.000000
 20
135.250000
  0
SEQEND
  0
POLYLINE
  8
8
 66
     1
  0
VERTEX
  8
8
 10
188.000000
 20
135.250000
  0
VERTEX
  8
8
 10
206.400000
 20
296.250000
  0
VERTEX
  8
8
 10
64.500000
 20
309.050000
  0
VERTEX
  8
8
 10
61.200000
 20
309.450000
  0
VERTEX
  8
8
 10
54.300000
 20
309.550000
  0
VERTEX
  8
8
 10
49.400000
 20
308.450000
  0
VERTEX
  8
8
 10
45.800000
 20
306.750000
  0
VERTEX
  8
8
 10
42.700000
 20
304.050000
  0
VERTEX
  8
8
 10
40.000000
 20
300.550000
  0
VERTEX
  8
8
 10
37.900000
 20
295.650000
  0
VERTEX
  8
8
 10
36.300000
 20
288.850000
  0
VERTEX
  8
8
 10
35.400000
 20
280.750000
  0
VERTEX
  8
8
 10
22.700000
 20
181.450000
  0
VERTEX
  8
8
 10
22.500000
 20
173.850000
  0
VERTEX
  8
8
 10
23.000000
 20
166.750000
  0
VERTEX
  8
8
 10
24.900000
 20
160.850000
  0
VERTEX
  8
8
 10
28.100000
 20
156.250000
  0
VERTEX
  8
8
 10
32.200000
 20
152.050000
  0
VERTEX
  8
8
 10
37.600000
 20
148.150000
  0
VERTEX
  8
8
 10
44.600000
 20
145.150000
  0
VERTEX
  8
8
 10
52.600000
 20
143.250000
  0
VERTEX
  8
8
 10
60.100000
 20
142.450000
  0
VERTEX
  8
8
 10
66.600000
 20
141.750000
  0
VERTEX
  8
8
 10
188.000000
 20
135.250000
  0
SEQEND
  0
POLYLINE
  8
85
 66
     1
  0
VERTEX
  8
85
 10
206.600000
 20
132.950000
  0
VERTEX
  8
85
 10
158.700000
 20
135.150000
  0
VERTEX
  8
85
 10
148.500000
 20
218.850000
  0
VERTEX
  8
85
 10
172.200000
 20
300.050000
  0
VERTEX
  8
85
 10
225.400000
 20
294.750000
  0
SEQEND
  0
POLYLINE
  8
8
 66
     1
  0
VERTEX
  8
8
 10
206.600000
 20
132.950000
  0
VERTEX
  8
8
 10
158.700000
 20
135.150000
  0
VERTEX
  8
8
 10
148.500000
 20
218.850000
  0
VERTEX
  8
8
 10
172.200000
 20
300.050000
  0
VERTEX
  8
8
 10
225.400000
 20
294.750000
  0
SEQEND
  0
POLYLINE
  8
87
 66
     1
  0
VERTEX
  8
87
 10
-19.900000
 20
121.950000
  0
VERTEX
  8
87
 10
-17.300000
 20
148.750000
  0
VERTEX
  8
87
 10
-12.700000
 20
191.950000
  0
VERTEX
  8
87
 10
-5.700000
 20
248.950000
  0
VERTEX
  8
87
 10
1.800000
 20
309.050000
  0
VERTEX
  8
87
 10
7.900000
 20
357.250000
  0
VERTEX
  8
87
 10
12.300000
 20
387.650000
  0
VERTEX
  8
87
 10
117.000000
 20
379.650000
  0
VERTEX
  8
87
 10
201.300000
 20
373.250000
  0
VERTEX
  8
87
 10
238.800000
 20
370.550000
  0
VERTEX
  8
87
 10
230.200000
 20
303.850000
  0
VERTEX
  8
87
 10
228.900000
 20
294.350000
  0
VERTEX
  8
87
 10
220.600000
 20
228.150000
  0
VERTEX
  8
87
 10
211.900000
 20
154.150000
  0
VERTEX
  8
87
 10
209.800000
 20
133.050000
  0
VERTEX
  8
87
 10
206.000000
 20
92.450000
  0
VERTEX
  8
87
 10
203.500000
 20
58.150000
  0
VERTEX
  8
87
 10
202.800000
 20
39.550000
  0
VERTEX
  8
87
 10
187.700000
 20
39.950000
  0
VERTEX
  8
87
 10
145.500000
 20
41.350000
  0
VERTEX
  8
87
 10
105.800000
 20
43.650000
  0
VERTEX
  8
87
 10
87.900000
 20
45.350000
  0
VERTEX
  8
87
 10
73.200000
 20
46.850000
  0
VERTEX
  8
87
 10
64.700000
 20
47.950000
  0
VERTEX
  8
87
 10
56.100000
 20
49.150000
  0
VERTEX
  8
87
 10
48.200000
 20
50.550000
  0
VERTEX
  8
87
 10
42.700000
 20
51.750000
  0
VERTEX
  8
87
 10
38.900000
 20
52.750000
  0
VERTEX
  8
87
 10
34.500000
 20
54.050000
  0
VERTEX
  8
87
 10
27.500000
 20
56.450000
  0
VERTEX
  8
87
 10
18.900000
 20
60.050000
  0
VERTEX
  8
87
 10
10.700000
 20
64.250000
  0
VERTEX
  8
87
 10
3.900000
 20
68.250000
  0
VERTEX
  8
87
 10
-1.700000
 20
71.950000
  0
VERTEX
  8
87
 10
-6.200000
 20
75.150000
  0
VERTEX
  8
87
 10
-9.500000
 20
78.650000
  0
VERTEX
  8
87
 10
-12.500000
 20
83.650000
  0
VERTEX
  8
87
 10
-15.400000
 20
91.950000
  0
VERTEX
  8
87
 10
-17.900000
 20
104.650000
  0
VERTEX
  8
87
 10
-19.900000
 20
121.950000
  0
SEQEND
  0
POLYLINE
  8
14
 66
     1
  0
VERTEX
  8
14
 10
-19.900000
 20
121.950000
  0
VERTEX
  8
14
 10
-17.300000
 20
148.750000
  0
VERTEX
  8
14
 10
-12.700000
 20
191.950000
  0
VERTEX
  8
14
 10
-5.700000
 20
248.950000
  0
VERTEX
  8
14
 10
1.800000
 20
309.050000
  0
VERTEX
  8
14
 10
7.900000
 20
357.250000
  0
VERTEX
  8
14
 10
12.300000
 20
387.650000
  0
VERTEX
  8
14
 10
117.000000
 20
379.650000
  0
VERTEX
  8
14
 10
201.300000
 20
373.250000
  0
VERTEX
  8
14
 10
238.800000
 20
370.550000
  0
VERTEX
  8
14
 10
230.200000
 20
303.850000
  0
VERTEX
  8
14
 10
228.900000
 20
294.350000
  0
VERTEX
  8
14
 10
220.600000
 20
228.150000
  0
VERTEX
  8
14
 10
211.900000
 20
154.150000
  0
VERTEX
  8
14
 10
209.800000
 20
133.050000
  0
VERTEX
  8
14
 10
206.000000
 20
92.450000
  0
VERTEX
  8
14
 10
203.500000
 20
58.150000
  0
VERTEX
  8
14
 10
202.800000
 20
39.550000
  0
VERTEX
  8
14
 10
187.700000
 20
39.950000
  0
VERTEX
  8
14
 10
145.500000
 20
41.350000
  0
VERTEX
  8
14
 10
105.800000
 20
43.650000
  0
VERTEX
  8
14
 10
87.900000
 20
45.350000
  0
VERTEX
  8
14
 10
73.200000
 20
46.850000
  0
VERTEX
  8
14
 10
64.700000
 20
47.950000
  0
VERTEX
  8
14
 10
56.100000
 20
49.150000
  0
VERTEX
  8
14
 10
48.200000
 20
50.550000
  0
VERTEX
  8
14
 10
42.700000
 20
51.750000
  0
VERTEX
  8
14
 10
38.900000
 20
52.750000
  0
VERTEX
  8
14
 10
34.500000
 20
54.050000
  0
VERTEX
  8
14
 10
27.500000
 20
56.450000
  0
VERTEX
  8
14
 10
18.900000
 20
60.050000
  0
VERTEX
  8
14
 10
10.700000
 20
64.250000
  0
VERTEX
  8
14
 10
3.900000
 20
68.250000
  0
VERTEX
  8
14
 10
-1.700000
 20
71.950000
  0
VERTEX
  8
14
 10
-6.200000
 20
75.150000
  0
VERTEX
  8
14
 10
-9.500000
 20
78.650000
  0
VERTEX
  8
14
 10
-12.500000
 20
83.650000
  0
VERTEX
  8
14
 10
-15.400000
 20
91.950000
  0
VERTEX
  8
14
 10
-17.900000
 20
104.650000
  0
VERTEX
  8
14
 10
-19.900000
 20
121.950000
  0
SEQEND
  0
POINT
  8
2
 10
250.100000
 20
379.650000
  0
TEXT
  8
2
 10
250.100000
 20
379.650000
 40
0.250000
 50
0.000000
  1
#10
  0
POINT
  8
3
 10
240.100000
 20
302.650000
  0
POINT
  8
2
 10
238.800000
 20
293.150000
  0
TEXT
  8
2
 10
238.800000
 20
293.150000
 40
0.250000
 50
0.000000
  1
#8
  0
POINT
  8
3
 10
230.500000
 20
227.050000
  0
POINT
  8
3
 10
221.800000
 20
153.150000
  0
POINT
  8
2
 10
219.700000
 20
132.150000
  0
TEXT
  8
2
 10
219.700000
 20
132.150000
 40
0.250000
 50
0.000000
  1
#8
  0
POINT
  8
3
 10
215.900000
 20
91.650000
  0
POINT
  8
3
 10
213.400000
 20
57.550000
  0
POINT
  8
2
 10
212.200000
 20
29.350000
  0
TEXT
  8
2
 10
212.200000
 20
29.350000
 40
0.250000
 50
0.000000
  1
#8
  0
POINT
  8
2
 10
187.500000
 20
30.050000
  0
TEXT
  8
2
 10
187.500000
 20
30.050000
 40
0.250000
 50
0.000000
  1
#8
  0
POINT
  8
3
 10
145.100000
 20
31.450000
  0
POINT
  8
3
 10
105.100000
 20
33.750000
  0
POINT
  8
3
 10
87.000000
 20
35.450000
  0
POINT
  8
3
 10
72.100000
 20
36.950000
  0
POINT
  8
3
 10
63.400000
 20
38.050000
  0
POINT
  8
3
 10
54.500000
 20
39.350000
  0
POINT
  8
2
 10
46.600000
 20
40.750000
  0
TEXT
  8
2
 10
46.600000
 20
40.750000
 40
0.250000
 50
0.000000
  1
#13
  0
POINT
  8
3
 10
40.400000
 20
42.050000
  0
POINT
  8
3
 10
36.200000
 20
43.150000
  0
POINT
  8
3
 10
31.500000
 20
44.550000
  0
POINT
  8
3
 10
23.900000
 20
47.150000
  0
POINT
  8
3
 10
14.700000
 20
51.050000
  0
POINT
  8
3
 10
6.000000
 20
55.550000
  0
POINT
  8
3
 10
-1.300000
 20
59.750000
  0
POINT
  8
3
 10
-7.400000
 20
63.750000
  0
POINT
  8
3
 10
-12.800000
 20
67.750000
  0
POINT
  8
3
 10
-17.400000
 20
72.650000
  0
POINT
  8
3
 10
-21.400000
 20
79.350000
  0
POINT
  8
3
 10
-25.000000
 20
89.250000
  0
POINT
  8
3
 10
-27.800000
 20
103.150000
  0
POINT
  8
2
 10
-29.700000
 20
120.050000
  0
TEXT
  8
2
 10
-29.700000
 20
120.050000
 40
0.250000
 50
0.000000
  1
#13
  0
POINT
  8
2
 10
-60.000000
 20
122.650000
  0
TEXT
  8
2
 10
-60.000000
 20
122.650000
 40
0.250000
 50
0.000000
  1
#13
  0
POINT
  8
3
 10
-57.100000
 20
152.750000
  0
POINT
  8
3
 10
-52.400000
 20
196.450000
  0
POINT
  8
3
 10
-45.400000
 20
253.850000
  0
POINT
  8
3
 10
-37.800000
 20
314.050000
  0
POINT
  8
3
 10
-31.800000
 20
362.050000
  0
POINT
  8
2
 10
-27.000000
 20
402.350000
  0
TEXT
  8
2
 10
-27.000000
 20
402.350000
 40
0.250000
 50
0.000000
  1
#14
  0
POINT
  8
2
 10
13.100000
 20
397.550000
  0
TEXT
  8
2
 10
13.100000
 20
397.550000
 40
0.250000
 50
0.000000
  1
#14
  0
POINT
  8
3
 10
117.700000
 20
389.550000
  0
POINT
  8
3
 10
202.000000
 20
383.150000
  0
POINT
  8
2
 10
250.100000
 20
379.650000
  0
POINT
  8
2
 10
204.000000
 20
65.250000
  0
POINT
  8
3
 10
181.700000
 20
65.950000
  0
POINT
  8
3
 10
150.200000
 20
67.150000
  0
POINT
  8
2
 10
110.600000
 20
68.450000
  0
TEXT
  8
2
 10
110.600000
 20
68.450000
 40
0.250000
 50
0.000000
  1
#13
  0
POINT
  8
2
 10
188.000000
 20
135.250000
  0
POINT
  8
2
 10
206.400000
 20
296.250000
  0
POINT
  8
2
 10
64.500000
 20
309.050000
  0
POINT
  8
3
 10
61.200000
 20
309.450000
  0
POINT
  8
3
 10
54.300000
 20
309.550000
  0
POINT
  8
3
 10
49.400000
 20
308.450000
  0
POINT
  8
3
 10
45.800000
 20
306.750000
  0
POINT
  8
3
 10
42.700000
 20
304.050000
  0
POINT
  8
3
 10
40.000000
 20
300.550000
  0
POINT
  8
3
 10
37.900000
 20
295.650000
  0
POINT
  8
3
 10
36.300000
 20
288.850000
  0
POINT
  8
2
 10
35.400000
 20
280.750000
  0
POINT
  8
2
 10
22.700000
 20
181.450000
  0
POINT
  8
3
 10
22.500000
 20
173.850000
  0
POINT
  8
3
 10
23.000000
 20
166.750000
  0
POINT
  8
3
 10
24.900000
 20
160.850000
  0
POINT
  8
3
 10
28.100000
 20
156.250000
  0
POINT
  8
3
 10
32.200000
 20
152.050000
  0
POINT
  8
3
 10
37.600000
 20
148.150000
  0
POINT
  8
3
 10
44.600000
 20
145.150000
  0
POINT
  8
3
 10
52.600000
 20
143.250000
  0
POINT
  8
3
 10
60.100000
 20
142.450000
  0
POINT
  8
2
 10
66.600000
 20
141.750000
  0
TEXT
  8
2
 10
66.600000
 20
141.750000
 40
0.250000
 50
0.000000
  1
#13
  0
POINT
  8
2
 10
188.000000
 20
135.250000
  0
POINT
  8
2
 10
206.600000
 20
132.950000
  0
POINT
  8
2
 10
158.700000
 20
135.150000
  0
POINT
  8
2
 10
148.500000
 20
218.850000
  0
POINT
  8
2
 10
172.200000
 20
300.050000
  0
POINT
  8
2
 10
225.400000
 20
294.750000
  0
POINT
  8
2
 10
238.800000
 20
293.150000
 39
2.500000
 50
172.875000
  0
POINT
  8
2
 10
219.700000
 20
132.150000
 39
2.500000
 50
175.236400
  0
POINT
  8
2
 10
46.600000
 20
40.750000
 39
2.500000
 50
80.537680
  0
POINT
  8
2
 10
13.100000
 20
397.550000
 39
2.500000
 50
265.236400
  0
POINT
  8
2
 10
149.300000
 20
67.050000
  0
TEXT
  8
2
 10
149.300000
 20
67.050000
 40
0.250000
 50
0.000000
  1
#19
  0
POINT
  8
2
 10
186.000000
 20
138.450000
  0
TEXT
  8
2
 10
186.000000
 20
138.450000
 40
0.250000
 50
0.000000
  1
#8
  0
POINT
  8
2
 10
204.300000
 20
295.050000
  0
TEXT
  8
2
 10
204.300000
 20
295.050000
 40
0.250000
 50
0.000000
  1
#8
  0
POINT
  8
2
 10
69.700000
 20
144.550000
  0
TEXT
  8
2
 10
69.700000
 20
144.550000
 40
0.250000
 50
0.000000
  1
#8
  0
POINT
  8
2
 10
24.500000
 20
185.550000
  0
TEXT
  8
2
 10
24.500000
 20
185.550000
 40
0.250000
 50
0.000000
  1
#8
  0
POINT
  8
2
 10
36.900000
 20
284.950000
  0
TEXT
  8
2
 10
36.900000
 20
284.950000
 40
0.250000
 50
0.000000
  1
#8
  0
POINT
  8
2
 10
66.400000
 20
307.250000
  0
TEXT
  8
2
 10
66.400000
 20
307.250000
 40
0.250000
 50
0.000000
  1
#8
  0
POINT
  8
2
 10
-19.900000
 20
121.950000
  0
POINT
  8
3
 10
-17.300000
 20
148.750000
  0
POINT
  8
3
 10
-12.700000
 20
191.950000
  0
POINT
  8
3
 10
-5.700000
 20
248.950000
  0
POINT
  8
3
 10
1.800000
 20
309.050000
  0
POINT
  8
3
 10
7.900000
 20
357.250000
  0
POINT
  8
2
 10
12.300000
 20
387.650000
  0
POINT
  8
3
 10
117.000000
 20
379.650000
  0
POINT
  8
3
 10
201.300000
 20
373.250000
  0
POINT
  8
2
 10
238.800000
 20
370.550000
  0
POINT
  8
3
 10
230.200000
 20
303.850000
  0
POINT
  8
2
 10
228.900000
 20
294.350000
  0
POINT
  8
3
 10
220.600000
 20
228.150000
  0
POINT
  8
3
 10
211.900000
 20
154.150000
  0
POINT
  8
2
 10
209.800000
 20
133.050000
  0
POINT
  8
3
 10
206.000000
 20
92.450000
  0
POINT
  8
3
 10
203.500000
 20
58.150000
  0
POINT
  8
2
 10
202.800000
 20
39.550000
  0
POINT
  8
2
 10
187.700000
 20
39.950000
  0
POINT
  8
3
 10
145.500000
 20
41.350000
  0
POINT
  8
3
 10
105.800000
 20
43.650000
  0
POINT
  8
3
 10
87.900000
 20
45.350000
  0
POINT
  8
3
 10
73.200000
 20
46.850000
  0
POINT
  8
3
 10
64.700000
 20
47.950000
  0
POINT
  8
3
 10
56.100000
 20
49.150000
  0
POINT
  8
2
 10
48.200000
 20
50.550000
  0
POINT
  8
3
 10
42.700000
 20
51.750000
  0
POINT
  8
3
 10
38.900000
 20
52.750000
  0
POINT
  8
3
 10
34.500000
 20
54.050000
  0
POINT
  8
3
 10
27.500000
 20
56.450000
  0
POINT
  8
3
 10
18.900000
 20
60.050000
  0
POINT
  8
3
 10
10.700000
 20
64.250000
  0
POINT
  8
3
 10
3.900000
 20
68.250000
  0
POINT
  8
3
 10
-1.700000
 20
71.950000
  0
POINT
  8
3
 10
-6.200000
 20
75.150000
  0
POINT
  8
3
 10
-9.500000
 20
78.650000
  0
POINT
  8
3
 10
-12.500000
 20
83.650000
  0
POINT
  8
3
 10
-15.400000
 20
91.950000
  0
POINT
  8
3
 10
-17.900000
 20
104.650000
  0
POINT
  8
2
 10
-19.900000
 20
121.950000
  0
POINT
  8
4
 10
238.800000
 20
293.150000
 30
2.500000
 50
172.875000
  0
POINT
  8
4
 10
219.700000
 20
132.150000
 30
2.500000
 50
175.236400
  0
POINT
  8
4
 10
46.600000
 20
40.750000
 30
2.500000
 50
80.537680
  0
POINT
  8
4
 10
13.100000
 20
397.550000
 30
2.500000
 50
265.236400
  0
POINT
  8
13
 10
149.300000
 20
67.050000
 30
3.000000
  0
TEXT
  8
13
 10
149.300000
 20
67.050000
 40
0.250000
 50
0.000000
  1
#19
  0
POINT
  8
13
 10
186.000000
 20
138.450000
 30
3.000000
  0
TEXT
  8
13
 10
186.000000
 20
138.450000
 40
0.250000
 50
0.000000
  1
#8
  0
POINT
  8
13
 10
204.300000
 20
295.050000
 30
3.000000
  0
TEXT
  8
13
 10
204.300000
 20
295.050000
 40
0.250000
 50
0.000000
  1
#8
  0
POINT
  8
13
 10
69.700000
 20
144.550000
 30
3.000000
  0
TEXT
  8
13
 10
69.700000
 20
144.550000
 40
0.250000
 50
0.000000
  1
#8
  0
POINT
  8
13
 10
24.500000
 20
185.550000
 30
3.000000
  0
TEXT
  8
13
 10
24.500000
 20
185.550000
 40
0.250000
 50
0.000000
  1
#8
  0
POINT
  8
13
 10
36.900000
 20
284.950000
 30
3.000000
  0
TEXT
  8
13
 10
36.900000
 20
284.950000
 40
0.250000
 50
0.000000
  1
#8
  0
POINT
  8
13
 10
66.400000
 20
307.250000
 30
3.000000
  0
TEXT
  8
13
 10
66.400000
 20
307.250000
 40
0.250000
 50
0.000000
  1
#8
  0
LINE
  8
5
 10
128.400000
 20
123.050000
 11
26.100000
 21
123.050000
  0
LINE
  8
7
 10
145.800000
 20
123.350000
 11
2.200000
 21
123.350000
  0
TEXT
  8
15
 10
201.500000
 20
234.250000
 40
5.254099
 50
264.904300
  1
POCKET
  0
TEXT
  8
15
 10
140.400000
 20
79.650000
 40
7.080000
 50
270.000000
  1
AUTOM
  0
TEXT
  8
1
 10
5.600000
 20
-110.400000
 40
10.000000
 50
0.000000
  1
Piece Name: RIGHT BTTM FRONT 1P
  0
TEXT
  8
1
 10
5.600000
 20
-99.400000
 40
10.000000
 50
0.000000
  1
Size: 50
  0
TEXT
  8
1
 10
5.600000
 20
-88.400000
 40
10.000000
 50
0.000000
  1
Annotation: RIGHT BTTM FRONT 1P
  0
TEXT
  8
1
 10
5.600000
 20
-77.400000
 40
10.000000
 50
0.000000
  1
Quantity: 1
  0
TEXT
  8
1
 10
5.600000
 20
-66.400000
 40
10.000000
 50
0.000000
  1
Material: LEATHER
  0
ENDBLK
  0
BLOCK
  8
1
  2
VELLUTO FACING INSIDE LEFT 1P
 70
     0
 10
0.00
 20
0.00
  0
POLYLINE
  8
84
 66
     1
 70
     1
  0
VERTEX
  8
84
 10
402.400000
 20
247.850000
  0
VERTEX
  8
84
 10
423.500000
 20
206.350000
  0
VERTEX
  8
84
 10
416.700000
 20
203.850000
  0
VERTEX
  8
84
 10
410.300000
 20
201.550000
  0
VERTEX
  8
84
 10
404.000000
 20
199.050000
  0
VERTEX
  8
84
 10
396.000000
 20
195.450000
  0
VERTEX
  8
84
 10
385.600000
 20
189.950000
  0
VERTEX
  8
84
 10
373.900000
 20
182.650000
  0
VERTEX
  8
84
 10
362.000000
 20
174.450000
  0
VERTEX
  8
84
 10
351.900000
 20
165.950000
  0
VERTEX
  8
84
 10
344.600000
 20
157.150000
  0
VERTEX
  8
84
 10
339.700000
 20
148.550000
  0
VERTEX
  8
84
 10
336.700000
 20
139.750000
  0
VERTEX
  8
84
 10
335.100000
 20
131.350000
  0
VERTEX
  8
84
 10
334.200000
 20
123.150000
  0
VERTEX
  8
84
 10
333.900000
 20
113.650000
  0
VERTEX
  8
84
 10
334.200000
 20
101.050000
  0
VERTEX
  8
84
 10
335.100000
 20
85.550000
  0
VERTEX
  8
84
 10
273.200000
 20
82.850000
  0
VERTEX
  8
84
 10
211.800000
 20
80.150000
  0
VERTEX
  8
84
 10
190.900000
 20
79.750000
  0
VERTEX
  8
84
 10
157.900000
 20
79.550000
  0
VERTEX
  8
84
 10
112.400000
 20
79.250000
  0
VERTEX
  8
84
 10
61.900000
 20
78.850000
  0
VERTEX
  8
84
 10
15.200000
 20
79.050000
  0
VERTEX
  8
84
 10
-24.900000
 20
79.550000
  0
VERTEX
  8
84
 10
-71.400000
 20
80.450000
  0
VERTEX
  8
84
 10
-119.600000
 20
81.850000
  0
VERTEX
  8
84
 10
-164.900000
 20
84.150000
  0
VERTEX
  8
84
 10
-201.300000
 20
86.750000
  0
VERTEX
  8
84
 10
-225.400000
 20
88.750000
  0
VERTEX
  8
84
 10
-238.500000
 20
90.150000
  0
VERTEX
  8
84
 10
-245.000000
 20
91.450000
  0
VERTEX
  8
84
 10
-252.100000
 20
92.850000
  0
VERTEX
  8
84
 10
-262.900000
 20
96.050000
  0
VERTEX
  8
84
 10
-277.000000
 20
101.950000
  0
VERTEX
  8
84
 10
-292.100000
 20
109.850000
  0
VERTEX
  8
84
 10
-305.500000
 20
120.450000
  0
VERTEX
  8
84
 10
-315.500000
 20
133.050000
  0
VERTEX
  8
84
 10
-321.500000
 20
146.050000
  0
VERTEX
  8
84
 10
-323.900000
 20
158.350000
  0
VERTEX
  8
84
 10
-324.500000
 20
169.750000
  0
VERTEX
  8
84
 10
-324.600000
 20
179.650000
  0
VERTEX
  8
84
 10
-324.600000
 20
188.350000
  0
VERTEX
  8
84
 10
-209.900000
 20
186.250000
  0
VERTEX
  8
84
 10
-130.600000
 20
185.550000
  0
VERTEX
  8
84
 10
-82.800000
 20
185.450000
  0
VERTEX
  8
84
 10
6.200000
 20
186.950000
  0
VERTEX
  8
84
 10
85.500000
 20
190.150000
  0
VERTEX
  8
84
 10
146.400000
 20
194.550000
  0
VERTEX
  8
84
 10
186.200000
 20
198.450000
  0
VERTEX
  8
84
 10
210.900000
 20
201.250000
  0
VERTEX
  8
84
 10
238.300000
 20
207.250000
  0
VERTEX
  8
84
 10
265.400000
 20
213.050000
  0
VERTEX
  8
84
 10
299.000000
 20
220.850000
  0
VERTEX
  8
84
 10
344.500000
 20
232.250000
  0
VERTEX
  8
84
 10
402.400000
 20
247.850000
  0
SEQEND
  0
POLYLINE
  8
1
 66
     1
 70
     1
  0
VERTEX
  8
1
 10
402.400000
 20
247.850000
  0
VERTEX
  8
1
 10
423.500000
 20
206.350000
  0
VERTEX
  8
1
 10
416.700000
 20
203.850000
  0
VERTEX
  8
1
 10
410.300000
 20
201.550000
  0
VERTEX
  8
1
 10
404.000000
 20
199.050000
  0
VERTEX
  8
1
 10
396.000000
 20
195.450000
  0
VERTEX
  8
1
 10
385.600000
 20
189.950000
  0
VERTEX
  8
1
 10
373.900000
 20
182.650000
  0
VERTEX
  8
1
 10
362.000000
 20
174.450000
  0
VERTEX
  8
1
 10
351.900000
 20
165.950000
  0
VERTEX
  8
1
 10
344.600000
 20
157.150000
  0
VERTEX
  8
1
 10
339.700000
 20
148.550000
  0
VERTEX
  8
1
 10
336.700000
 20
139.750000
  0
VERTEX
  8
1
 10
335.100000
 20
131.350000
  0
VERTEX
  8
1
 10
334.200000
 20
123.150000
  0
VERTEX
  8
1
 10
333.900000
 20
113.650000
  0
VERTEX
  8
1
 10
334.200000
 20
101.050000
  0
VERTEX
  8
1
 10
335.100000
 20
85.550000
  0
VERTEX
  8
1
 10
273.200000
 20
82.850000
  0
VERTEX
  8
1
 10
211.800000
 20
80.150000
  0
VERTEX
  8
1
 10
190.900000
 20
79.750000
  0
VERTEX
  8
1
 10
157.900000
 20
79.550000
  0
VERTEX
  8
1
 10
112.400000
 20
79.250000
  0
VERTEX
  8
1
 10
61.900000
 20
78.850000
  0
VERTEX
  8
1
 10
15.200000
 20
79.050000
  0
VERTEX
  8
1
 10
-24.900000
 20
79.550000
  0
VERTEX
  8
1
 10
-71.400000
 20
80.450000
  0
VERTEX
  8
1
 10
-119.600000
 20
81.850000
  0
VERTEX
  8
1
 10
-164.900000
 20
84.150000
  0
VERTEX
  8
1
 10
-201.300000
 20
86.750000
  0
VERTEX
  8
1
 10
-225.400000
 20
88.750000
  0
VERTEX
  8
1
 10
-238.500000
 20
90.150000
  0
VERTEX
  8
1
 10
-245.000000
 20
91.450000
  0
VERTEX
  8
1
 10
-252.100000
 20
92.850000
  0
VERTEX
  8
1
 10
-262.900000
 20
96.050000
  0
VERTEX
  8
1
 10
-277.000000
 20
101.950000
  0
VERTEX
  8
1
 10
-292.100000
 20
109.850000
  0
VERTEX
  8
1
 10
-305.500000
 20
120.450000
  0
VERTEX
  8
1
 10
-315.500000
 20
133.050000
  0
VERTEX
  8
1
 10
-321.500000
 20
146.050000
  0
VERTEX
  8
1
 10
-323.900000
 20
158.350000
  0
VERTEX
  8
1
 10
-324.500000
 20
169.750000
  0
VERTEX
  8
1
 10
-324.600000
 20
179.650000
  0
VERTEX
  8
1
 10
-324.600000
 20
188.350000
  0
VERTEX
  8
1
 10
-209.900000
 20
186.250000
  0
VERTEX
  8
1
 10
-130.600000
 20
185.550000
  0
VERTEX
  8
1
 10
-82.800000
 20
185.450000
  0
VERTEX
  8
1
 10
6.200000
 20
186.950000
  0
VERTEX
  8
1
 10
85.500000
 20
190.150000
  0
VERTEX
  8
1
 10
146.400000
 20
194.550000
  0
VERTEX
  8
1
 10
186.200000
 20
198.450000
  0
VERTEX
  8
1
 10
210.900000
 20
201.250000
  0
VERTEX
  8
1
 10
238.300000
 20
207.250000
  0
VERTEX
  8
1
 10
265.400000
 20
213.050000
  0
VERTEX
  8
1
 10
299.000000
 20
220.850000
  0
VERTEX
  8
1
 10
344.500000
 20
232.250000
  0
VERTEX
  8
1
 10
402.400000
 20
247.850000
  0
SEQEND
  0
POLYLINE
  8
85
 66
     1
  0
VERTEX
  8
85
 10
320.000000
 20
166.150000
  0
VERTEX
  8
85
 10
-203.900000
 20
162.750000
  0
VERTEX
  8
85
 10
-203.600000
 20
144.150000
  0
VERTEX
  8
85
 10
320.400000
 20
148.150000
  0
VERTEX
  8
85
 10
320.000000
 20
166.150000
  0
SEQEND
  0
POLYLINE
  8
8
 66
     1
  0
VERTEX
  8
8
 10
320.000000
 20
166.150000
  0
VERTEX
  8
8
 10
-203.900000
 20
162.750000
  0
VERTEX
  8
8
 10
-203.600000
 20
144.150000
  0
VERTEX
  8
8
 10
320.400000
 20
148.150000
  0
VERTEX
  8
8
 10
320.000000
 20
166.150000
  0
SEQEND
  0
POLYLINE
  8
85
 66
     1
  0
VERTEX
  8
85
 10
321.500000
 20
147.750000
  0
VERTEX
  8
85
 10
316.300000
 20
144.250000
  0
VERTEX
  8
85
 10
312.000000
 20
147.350000
  0
VERTEX
  8
85
 10
307.100000
 20
143.150000
  0
VERTEX
  8
85
 10
302.600000
 20
147.250000
  0
VERTEX
  8
85
 10
298.100000
 20
142.950000
  0
VERTEX
  8
85
 10
292.400000
 20
147.550000
  0
VERTEX
  8
85
 10
287.300000
 20
143.350000
  0
VERTEX
  8
85
 10
283.800000
 20
147.150000
  0
VERTEX
  8
85
 10
279.400000
 20
144.350000
  0
VERTEX
  8
85
 10
274.000000
 20
147.550000
  0
VERTEX
  8
85
 10
269.300000
 20
143.750000
  0
SEQEND
  0
POLYLINE
  8
8
 66
     1
  0
VERTEX
  8
8
 10
321.500000
 20
147.750000
  0
VERTEX
  8
8
 10
316.300000
 20
144.250000
  0
VERTEX
  8
8
 10
312.000000
 20
147.350000
  0
VERTEX
  8
8
 10
307.100000
 20
143.150000
  0
VERTEX
  8
8
 10
302.600000
 20
147.250000
  0
VERTEX
  8
8
 10
298.100000
 20
142.950000
  0
VERTEX
  8
8
 10
292.400000
 20
147.550000
  0
VERTEX
  8
8
 10
287.300000
 20
143.350000
  0
VERTEX
  8
8
 10
283.800000
 20
147.150000
  0
VERTEX
  8
8
 10
279.400000
 20
144.350000
  0
VERTEX
  8
8
 10
274.000000
 20
147.550000
  0
VERTEX
  8
8
 10
269.300000
 20
143.750000
  0
SEQEND
  0
POLYLINE
  8
87
 66
     1
  0
VERTEX
  8
87
 10
397.100000
 20
236.050000
  0
VERTEX
  8
87
 10
409.500000
 20
211.850000
  0
VERTEX
  8
87
 10
406.800000
 20
210.850000
  0
VERTEX
  8
87
 10
400.100000
 20
208.150000
  0
VERTEX
  8
87
 10
391.600000
 20
204.350000
  0
VERTEX
  8
87
 10
380.700000
 20
198.550000
  0
VERTEX
  8
87
 10
368.500000
 20
190.950000
  0
VERTEX
  8
87
 10
356.000000
 20
182.350000
  0
VERTEX
  8
87
 10
344.900000
 20
172.850000
  0
VERTEX
  8
87
 10
336.500000
 20
162.750000
  0
VERTEX
  8
87
 10
330.700000
 20
152.550000
  0
VERTEX
  8
87
 10
327.100000
 20
142.250000
  0
VERTEX
  8
87
 10
325.200000
 20
132.750000
  0
VERTEX
  8
87
 10
324.300000
 20
123.750000
  0
VERTEX
  8
87
 10
324.000000
 20
113.750000
  0
VERTEX
  8
87
 10
324.300000
 20
100.750000
  0
VERTEX
  8
87
 10
324.600000
 20
95.050000
  0
VERTEX
  8
87
 10
272.800000
 20
92.750000
  0
VERTEX
  8
87
 10
211.500000
 20
90.050000
  0
VERTEX
  8
87
 10
190.800000
 20
89.650000
  0
VERTEX
  8
87
 10
157.900000
 20
89.450000
  0
VERTEX
  8
87
 10
112.400000
 20
89.150000
  0
VERTEX
  8
87
 10
61.900000
 20
88.750000
  0
VERTEX
  8
87
 10
15.300000
 20
88.950000
  0
VERTEX
  8
87
 10
-24.800000
 20
89.450000
  0
VERTEX
  8
87
 10
-71.200000
 20
90.350000
  0
VERTEX
  8
87
 10
-119.200000
 20
91.750000
  0
VERTEX
  8
87
 10
-164.300000
 20
94.050000
  0
VERTEX
  8
87
 10
-200.500000
 20
96.650000
  0
VERTEX
  8
87
 10
-224.500000
 20
98.650000
  0
VERTEX
  8
87
 10
-237.000000
 20
100.050000
  0
VERTEX
  8
87
 10
-243.400000
 20
101.250000
  0
VERTEX
  8
87
 10
-249.700000
 20
102.550000
  0
VERTEX
  8
87
 10
-259.600000
 20
105.450000
  0
VERTEX
  8
87
 10
-272.800000
 20
110.950000
  0
VERTEX
  8
87
 10
-286.700000
 20
118.150000
  0
VERTEX
  8
87
 10
-298.500000
 20
127.450000
  0
VERTEX
  8
87
 10
-307.100000
 20
138.150000
  0
VERTEX
  8
87
 10
-312.100000
 20
149.050000
  0
VERTEX
  8
87
 10
-314.000000
 20
159.550000
  0
VERTEX
  8
87
 10
-314.600000
 20
170.050000
  0
VERTEX
  8
87
 10
-314.600000
 20
178.350000
  0
VERTEX
  8
87
 10
-209.900000
 20
176.350000
  0
VERTEX
  8
87
 10
-130.600000
 20
175.650000
  0
VERTEX
  8
87
 10
-82.700000
 20
175.550000
  0
VERTEX
  8
87
 10
6.500000
 20
177.050000
  0
VERTEX
  8
87
 10
86.000000
 20
180.250000
  0
VERTEX
  8
87
 10
147.200000
 20
184.650000
  0
VERTEX
  8
87
 10
187.200000
 20
188.550000
  0
VERTEX
  8
87
 10
212.100000
 20
191.450000
  0
VERTEX
  8
87
 10
240.300000
 20
197.550000
  0
VERTEX
  8
87
 10
267.500000
 20
203.350000
  0
VERTEX
  8
87
 10
301.300000
 20
211.150000
  0
VERTEX
  8
87
 10
347.000000
 20
222.550000
  0
VERTEX
  8
87
 10
397.100000
 20
236.050000
  0
SEQEND
  0
POLYLINE
  8
14
 66
     1
  0
VERTEX
  8
14
 10
397.100000
 20
236.050000
  0
VERTEX
  8
14
 10
409.500000
 20
211.850000
  0
VERTEX
  8
14
 10
406.800000
 20
210.850000
  0
VERTEX
  8
14
 10
400.100000
 20
208.150000
  0
VERTEX
  8
14
 10
391.600000
 20
204.350000
  0
VERTEX
  8
14
 10
380.700000
 20
198.550000
  0
VERTEX
  8
14
 10
368.500000
 20
190.950000
  0
VERTEX
  8
14
 10
356.000000
 20
182.350000
  0
VERTEX
  8
14
 10
344.900000
 20
172.850000
  0
VERTEX
  8
14
 10
336.500000
 20
162.750000
  0
VERTEX
  8
14
 10
330.700000
 20
152.550000
  0
VERTEX
  8
14
 10
327.100000
 20
142.250000
  0
VERTEX
  8
14
 10
325.200000
 20
132.750000
  0
VERTEX
  8
14
 10
324.300000
 20
123.750000
  0
VERTEX
  8
14
 10
324.000000
 20
113.750000
  0
VERTEX
  8
14
 10
324.300000
 20
100.750000
  0
VERTEX
  8
14
 10
324.600000
 20
95.050000
  0
VERTEX
  8
14
 10
272.800000
 20
92.750000
  0
VERTEX
  8
14
 10
211.500000
 20
90.050000
  0
VERTEX
  8
14
 10
190.800000
 20
89.650000
  0
VERTEX
  8
14
 10
157.900000
 20
89.450000
  0
VERTEX
  8
14
 10
112.400000
 20
89.150000
  0
VERTEX
  8
14
 10
61.900000
 20
88.750000
  0
VERTEX
  8
14
 10
15.300000
 20
88.950000
  0
VERTEX
  8
14
 10
-24.800000
 20
89.450000
  0
VERTEX
  8
14
 10
-71.200000
 20
90.350000
  0
VERTEX
  8
14
 10
-119.200000
 20
91.750000
  0
VERTEX
  8
14
 10
-164.300000
 20
94.050000
  0
VERTEX
  8
14
 10
-200.500000
 20
96.650000
  0
VERTEX
  8
14
 10
-224.500000
 20
98.650000
  0
VERTEX
  8
14
 10
-237.000000
 20
100.050000
  0
VERTEX
  8
14
 10
-243.400000
 20
101.250000
  0
VERTEX
  8
14
 10
-249.700000
 20
102.550000
  0
VERTEX
  8
14
 10
-259.600000
 20
105.450000
  0
VERTEX
  8
14
 10
-272.800000
 20
110.950000
  0
VERTEX
  8
14
 10
-286.700000
 20
118.150000
  0
VERTEX
  8
14
 10
-298.500000
 20
127.450000
  0
VERTEX
  8
14
 10
-307.100000
 20
138.150000
  0
VERTEX
  8
14
 10
-312.100000
 20
149.050000
  0
VERTEX
  8
14
 10
-314.000000
 20
159.550000
  0
VERTEX
  8
14
 10
-314.600000
 20
170.050000
  0
VERTEX
  8
14
 10
-314.600000
 20
178.350000
  0
VERTEX
  8
14
 10
-209.900000
 20
176.350000
  0
VERTEX
  8
14
 10
-130.600000
 20
175.650000
  0
VERTEX
  8
14
 10
-82.700000
 20
175.550000
  0
VERTEX
  8
14
 10
6.500000
 20
177.050000
  0
VERTEX
  8
14
 10
86.000000
 20
180.250000
  0
VERTEX
  8
14
 10
147.200000
 20
184.650000
  0
VERTEX
  8
14
 10
187.200000
 20
188.550000
  0
VERTEX
  8
14
 10
212.100000
 20
191.450000
  0
VERTEX
  8
14
 10
240.300000
 20
197.550000
  0
VERTEX
  8
14
 10
267.500000
 20
203.350000
  0
VERTEX
  8
14
 10
301.300000
 20
211.150000
  0
VERTEX
  8
14
 10
347.000000
 20
222.550000
  0
VERTEX
  8
14
 10
397.100000
 20
236.050000
  0
SEQEND
  0
POINT
  8
2
 10
402.400000
 20
247.850000
  0
TEXT
  8
2
 10
402.400000
 20
247.850000
 40
0.250000
 50
0.000000
  1
#3
  0
POINT
  8
2
 10
423.500000
 20
206.350000
  0
TEXT
  8
2
 10
423.500000
 20
206.350000
 40
0.250000
 50
0.000000
  1
#3
  0
POINT
  8
3
 10
416.700000
 20
203.850000
  0
POINT
  8
3
 10
410.300000
 20
201.550000
  0
POINT
  8
3
 10
404.000000
 20
199.050000
  0
POINT
  8
3
 10
396.000000
 20
195.450000
  0
POINT
  8
3
 10
385.600000
 20
189.950000
  0
POINT
  8
3
 10
373.900000
 20
182.650000
  0
POINT
  8
3
 10
362.000000
 20
174.450000
  0
POINT
  8
3
 10
351.900000
 20
165.950000
  0
POINT
  8
3
 10
344.600000
 20
157.150000
  0
POINT
  8
3
 10
339.700000
 20
148.550000
  0
POINT
  8
3
 10
336.700000
 20
139.750000
  0
POINT
  8
3
 10
335.100000
 20
131.350000
  0
POINT
  8
3
 10
334.200000
 20
123.150000
  0
POINT
  8
3
 10
333.900000
 20
113.650000
  0
POINT
  8
3
 10
334.200000
 20
101.050000
  0
POINT
  8
2
 10
335.100000
 20
85.550000
  0
TEXT
  8
2
 10
335.100000
 20
85.550000
 40
0.250000
 50
0.000000
  1
#15
  0
POINT
  8
3
 10
273.200000
 20
82.850000
  0
POINT
  8
2
 10
211.800000
 20
80.150000
  0
TEXT
  8
2
 10
211.800000
 20
80.150000
 40
0.250000
 50
0.000000
  1
#8
  0
POINT
  8
3
 10
190.900000
 20
79.750000
  0
POINT
  8
3
 10
157.900000
 20
79.550000
  0
POINT
  8
3
 10
112.400000
 20
79.250000
  0
POINT
  8
3
 10
61.900000
 20
78.850000
  0
POINT
  8
3
 10
15.200000
 20
79.050000
  0
POINT
  8
2
 10
-24.900000
 20
79.550000
  0
TEXT
  8
2
 10
-24.900000
 20
79.550000
 40
0.250000
 50
0.000000
  1
#8
  0
POINT
  8
3
 10
-71.400000
 20
80.450000
  0
POINT
  8
3
 10
-119.600000
 20
81.850000
  0
POINT
  8
3
 10
-164.900000
 20
84.150000
  0
POINT
  8
3
 10
-201.300000
 20
86.750000
  0
POINT
  8
3
 10
-225.400000
 20
88.750000
  0
POINT
  8
3
 10
-238.500000
 20
90.150000
  0
POINT
  8
2
 10
-245.000000
 20
91.450000
  0
TEXT
  8
2
 10
-245.000000
 20
91.450000
 40
0.250000
 50
0.000000
  1
#21
  0
POINT
  8
3
 10
-252.100000
 20
92.850000
  0
POINT
  8
3
 10
-262.900000
 20
96.050000
  0
POINT
  8
3
 10
-277.000000
 20
101.950000
  0
POINT
  8
3
 10
-292.100000
 20
109.850000
  0
POINT
  8
3
 10
-305.500000
 20
120.450000
  0
POINT
  8
3
 10
-315.500000
 20
133.050000
  0
POINT
  8
3
 10
-321.500000
 20
146.050000
  0
POINT
  8
3
 10
-323.900000
 20
158.350000
  0
POINT
  8
3
 10
-324.500000
 20
169.750000
  0
POINT
  8
3
 10
-324.600000
 20
179.650000
  0
POINT
  8
2
 10
-324.600000
 20
188.350000
  0
TEXT
  8
2
 10
-324.600000
 20
188.350000
 40
0.250000
 50
0.000000
  1
#21
  0
POINT
  8
3
 10
-209.900000
 20
186.250000
  0
POINT
  8
3
 10
-130.600000
 20
185.550000
  0
POINT
  8
2
 10
-82.800000
 20
185.450000
  0
TEXT
  8
2
 10
-82.800000
 20
185.450000
 40
0.250000
 50
0.000000
  1
#8
  0
POINT
  8
3
 10
6.200000
 20
186.950000
  0
POINT
  8
3
 10
85.500000
 20
190.150000
  0
POINT
  8
3
 10
146.400000
 20
194.550000
  0
POINT
  8
3
 10
186.200000
 20
198.450000
  0
POINT
  8
2
 10
210.900000
 20
201.250000
  0
TEXT
  8
2
 10
210.900000
 20
201.250000
 40
0.250000
 50
0.000000
  1
#8
  0
POINT
  8
3
 10
238.300000
 20
207.250000
  0
POINT
  8
3
 10
265.400000
 20
213.050000
  0
POINT
  8
3
 10
299.000000
 20
220.850000
  0
POINT
  8
3
 10
344.500000
 20
232.250000
  0
POINT
  8
2
 10
402.400000
 20
247.850000
  0
POINT
  8
2
 10
320.000000
 20
166.150000
  0
TEXT
  8
2
 10
320.000000
 20
166.150000
 40
0.250000
 50
0.000000
  1
#15
  0
POINT
  8
2
 10
-203.900000
 20
162.750000
  0
TEXT
  8
2
 10
-203.900000
 20
162.750000
 40
0.250000
 50
0.000000
  1
#21
  0
POINT
  8
2
 10
-203.600000
 20
144.150000
  0
TEXT
  8
2
 10
-203.600000
 20
144.150000
 40
0.250000
 50
0.000000
  1
#21
  0
POINT
  8
2
 10
320.400000
 20
148.150000
  0
TEXT
  8
2
 10
320.400000
 20
148.150000
 40
0.250000
 50
0.000000
  1
#15
  0
POINT
  8
2
 10
320.000000
 20
166.150000
  0
TEXT
  8
2
 10
320.000000
 20
166.150000
 40
0.250000
 50
0.000000
  1
#15
  0
POINT
  8
2
 10
321.500000
 20
147.750000
  0
TEXT
  8
2
 10
321.500000
 20
147.750000
 40
0.250000
 50
0.000000
  1
#15
  0
POINT
  8
2
 10
316.300000
 20
144.250000
  0
TEXT
  8
2
 10
316.300000
 20
144.250000
 40
0.250000
 50
0.000000
  1
#15
  0
POINT
  8
2
 10
312.000000
 20
147.350000
  0
TEXT
  8
2
 10
312.000000
 20
147.350000
 40
0.250000
 50
0.000000
  1
#15
  0
POINT
  8
2
 10
307.100000
 20
143.150000
  0
TEXT
  8
2
 10
307.100000
 20
143.150000
 40
0.250000
 50
0.000000
  1
#15
  0
POINT
  8
2
 10
302.600000
 20
147.250000
  0
TEXT
  8
2
 10
302.600000
 20
147.250000
 40
0.250000
 50
0.000000
  1
#15
  0
POINT
  8
2
 10
298.100000
 20
142.950000
  0
TEXT
  8
2
 10
298.100000
 20
142.950000
 40
0.250000
 50
0.000000
  1
#15
  0
POINT
  8
2
 10
292.400000
 20
147.550000
  0
TEXT
  8
2
 10
292.400000
 20
147.550000
 40
0.250000
 50
0.000000
  1
#15
  0
POINT
  8
2
 10
287.300000
 20
143.350000
  0
TEXT
  8
2
 10
287.300000
 20
143.350000
 40
0.250000
 50
0.000000
  1
#15
  0
POINT
  8
2
 10
283.800000
 20
147.150000
  0
TEXT
  8
2
 10
283.800000
 20
147.150000
 40
0.250000
 50
0.000000
  1
#15
  0
POINT
  8
2
 10
279.400000
 20
144.350000
  0
TEXT
  8
2
 10
279.400000
 20
144.350000
 40
0.250000
 50
0.000000
  1
#15
  0
POINT
  8
2
 10
274.000000
 20
147.550000
  0
POINT
  8
2
 10
269.300000
 20
143.750000
  0
POINT
  8
2
 10
211.800000
 20
80.150000
 39
2.500000
 50
92.385940
  0
POINT
  8
2
 10
-24.900000
 20
79.550000
 39
2.500000
 50
90.000000
  0
POINT
  8
2
 10
-245.000000
 20
91.450000
 39
2.500000
 50
80.537680
  0
POINT
  8
2
 10
-82.800000
 20
185.450000
 39
2.500000
 50
270.000000
  0
POINT
  8
2
 10
210.900000
 20
201.250000
 39
2.500000
 50
277.125000
  0
POINT
  8
2
 10
397.100000
 20
236.050000
  0
POINT
  8
2
 10
409.500000
 20
211.850000
  0
POINT
  8
3
 10
406.800000
 20
210.850000
  0
POINT
  8
3
 10
400.100000
 20
208.150000
  0
POINT
  8
3
 10
391.600000
 20
204.350000
  0
POINT
  8
3
 10
380.700000
 20
198.550000
  0
POINT
  8
3
 10
368.500000
 20
190.950000
  0
POINT
  8
3
 10
356.000000
 20
182.350000
  0
POINT
  8
3
 10
344.900000
 20
172.850000
  0
POINT
  8
3
 10
336.500000
 20
162.750000
  0
POINT
  8
3
 10
330.700000
 20
152.550000
  0
POINT
  8
3
 10
327.100000
 20
142.250000
  0
POINT
  8
3
 10
325.200000
 20
132.750000
  0
POINT
  8
3
 10
324.300000
 20
123.750000
  0
POINT
  8
3
 10
324.000000
 20
113.750000
  0
POINT
  8
3
 10
324.300000
 20
100.750000
  0
POINT
  8
2
 10
324.600000
 20
95.050000
  0
POINT
  8
3
 10
272.800000
 20
92.750000
  0
POINT
  8
2
 10
211.500000
 20
90.050000
  0
POINT
  8
3
 10
190.800000
 20
89.650000
  0
POINT
  8
3
 10
157.900000
 20
89.450000
  0
POINT
  8
3
 10
112.400000
 20
89.150000
  0
POINT
  8
3
 10
61.900000
 20
88.750000
  0
POINT
  8
3
 10
15.300000
 20
88.950000
  0
POINT
  8
2
 10
-24.800000
 20
89.450000
  0
POINT
  8
3
 10
-71.200000
 20
90.350000
  0
POINT
  8
3
 10
-119.200000
 20
91.750000
  0
POINT
  8
3
 10
-164.300000
 20
94.050000
  0
POINT
  8
3
 10
-200.500000
 20
96.650000
  0
POINT
  8
3
 10
-224.500000
 20
98.650000
  0
POINT
  8
3
 10
-237.000000
 20
100.050000
  0
POINT
  8
2
 10
-243.400000
 20
101.250000
  0
POINT
  8
3
 10
-249.700000
 20
102.550000
  0
POINT
  8
3
 10
-259.600000
 20
105.450000
  0
POINT
  8
3
 10
-272.800000
 20
110.950000
  0
POINT
  8
3
 10
-286.700000
 20
118.150000
  0
POINT
  8
3
 10
-298.500000
 20
127.450000
  0
POINT
  8
3
 10
-307.100000
 20
138.150000
  0
POINT
  8
3
 10
-312.100000
 20
149.050000
  0
POINT
  8
3
 10
-314.000000
 20
159.550000
  0
POINT
  8
3
 10
-314.600000
 20
170.050000
  0
POINT
  8
2
 10
-314.600000
 20
178.350000
  0
POINT
  8
3
 10
-209.900000
 20
176.350000
  0
POINT
  8
3
 10
-130.600000
 20
175.650000
  0
POINT
  8
2
 10
-82.700000
 20
175.550000
  0
POINT
  8
3
 10
6.500000
 20
177.050000
  0
POINT
  8
3
 10
86.000000
 20
180.250000
  0
POINT
  8
3
 10
147.200000
 20
184.650000
  0
POINT
  8
3
 10
187.200000
 20
188.550000
  0
POINT
  8
2
 10
212.100000
 20
191.450000
  0
POINT
  8
3
 10
240.300000
 20
197.550000
  0
POINT
  8
3
 10
267.500000
 20
203.350000
  0
POINT
  8
3
 10
301.300000
 20
211.150000
  0
POINT
  8
3
 10
347.000000
 20
222.550000
  0
POINT
  8
2
 10
397.100000
 20
236.050000
  0
POINT
  8
4
 10
211.800000
 20
80.150000
 30
2.500000
 50
92.385940
  0
POINT
  8
4
 10
-24.900000
 20
79.550000
 30
2.500000
 50
90.000000
  0
POINT
  8
4
 10
-245.000000
 20
91.450000
 30
2.500000
 50
80.537680
  0
POINT
  8
4
 10
-82.800000
 20
185.450000
 30
2.500000
 50
270.000000
  0
POINT
  8
4
 10
210.900000
 20
201.250000
 30
2.500000
 50
277.125000
  0
LINE
  8
5
 10
192.800000
 20
123.050000
 11
-38.300000
 21
123.050000
  0
LINE
  8
7
 10
215.400000
 20
122.550000
 11
-82.400000
 21
122.550000
  0
TEXT
  8
15
 10
95.200000
 20
158.450000
 40
11.565720
 50
359.242300
  1
SUPPORT STRIP ZIP
  0
TEXT
  8
1
 10
5.600000
 20
-110.400000
 40
10.000000
 50
0.000000
  1
Piece Name: VELLUTO FACING INSIDE LEFT 1P
  0
TEXT
  8
1
 10
5.600000
 20
-99.400000
 40
10.000000
 50
0.000000
  1
Size: 50
  0
TEXT
  8
1
 10
5.600000
 20
-88.400000
 40
10.000000
 50
0.000000
  1
Annotation: VELLUTO FACING INSIDE LEFT 1P
  0
TEXT
  8
1
 10
5.600000
 20
-77.400000
 40
10.000000
 50
0.000000
  1
Quantity: 1
  0
TEXT
  8
1
 10
5.600000
 20
-66.400000
 40
10.000000
 50
0.000000
  1
Material: VELLUTO
  0
ENDBLK
  0
BLOCK
  8
1
  2
VELLUTO STRIPXARMHOLE DETACH 2P
 70
     0
 10
0.00
 20
0.00
  0
POLYLINE
  8
84
 66
     1
 70
     1
  0
VERTEX
  8
84
 10
99.800000
 20
-440.350000
  0
VERTEX
  8
84
 10
79.800000
 20
-440.350000
  0
VERTEX
  8
84
 10
59.800000
 20
-440.350000
  0
VERTEX
  8
84
 10
59.800000
 20
209.650000
  0
VERTEX
  8
84
 10
79.800000
 20
209.650000
  0
VERTEX
  8
84
 10
99.800000
 20
209.650000
  0
VERTEX
  8
84
 10
99.800000
 20
-440.350000
  0
SEQEND
  0
POLYLINE
  8
1
 66
     1
 70
     1
  0
VERTEX
  8
1
 10
99.800000
 20
-440.350000
  0
VERTEX
  8
1
 10
79.800000
 20
-440.350000
  0
VERTEX
  8
1
 10
59.800000
 20
-440.350000
  0
VERTEX
  8
1
 10
59.800000
 20
209.650000
  0
VERTEX
  8
1
 10
79.800000
 20
209.650000
  0
VERTEX
  8
1
 10
99.800000
 20
209.650000
  0
VERTEX
  8
1
 10
99.800000
 20
-440.350000
  0
SEQEND
  0
POLYLINE
  8
85
 66
     1
  0
VERTEX
  8
85
 10
79.500000
 20
197.950000
  0
VERTEX
  8
85
 10
79.500000
 20
-424.450000
  0
SEQEND
  0
POLYLINE
  8
8
 66
     1
  0
VERTEX
  8
8
 10
79.500000
 20
197.950000
  0
VERTEX
  8
8
 10
79.500000
 20
-424.450000
  0
SEQEND
  0
POINT
  8
2
 10
99.800000
 20
-440.350000
  0
TEXT
  8
2
 10
99.800000
 20
-440.350000
 40
0.250000
 50
0.000000
  1
#40
  0
POINT
  8
2
 10
79.800000
 20
-440.350000
  0
TEXT
  8
2
 10
79.800000
 20
-440.350000
 40
0.250000
 50
0.000000
  1
#40
  0
POINT
  8
2
 10
59.800000
 20
-440.350000
  0
TEXT
  8
2
 10
59.800000
 20
-440.350000
 40
0.250000
 50
0.000000
  1
#40
  0
POINT
  8
2
 10
59.800000
 20
209.650000
  0
TEXT
  8
2
 10
59.800000
 20
209.650000
 40
0.250000
 50
0.000000
  1
#8
  0
POINT
  8
2
 10
79.800000
 20
209.650000
  0
TEXT
  8
2
 10
79.800000
 20
209.650000
 40
0.250000
 50
0.000000
  1
#8
  0
POINT
  8
2
 10
99.800000
 20
209.650000
  0
TEXT
  8
2
 10
99.800000
 20
209.650000
 40
0.250000
 50
0.000000
  1
#8
  0
POINT
  8
2
 10
99.800000
 20
-440.350000
  0
POINT
  8
2
 10
79.500000
 20
197.950000
  0
POINT
  8
2
 10
79.500000
 20
-424.450000
  0
TEXT
  8
2
 10
79.500000
 20
-424.450000
 40
0.250000
 50
0.000000
  1
#40
  0
POINT
  8
2
 10
79.800000
 20
-440.350000
 39
2.500000
 50
90.000000
  0
POINT
  8
2
 10
79.800000
 20
209.650000
 39
2.500000
 50
270.000000
  0
POINT
  8
4
 10
79.800000
 20
-440.350000
 30
2.500000
 50
90.000000
  0
POINT
  8
4
 10
79.800000
 20
209.650000
 30
2.500000
 50
270.000000
  0
LINE
  8
5
 10
81.200000
 20
123.050000
 11
73.400000
 21
123.050000
  0
LINE
  8
7
 10
93.200000
 20
95.550000
 11
67.400000
 21
69.750000
  0
TEXT
  8
1
 10
5.600000
 20
-110.400000
 40
10.000000
 50
0.000000
  1
Piece Name: VELLUTO STRIPXARMHOLE DETACH 2P
  0
TEXT
  8
1
 10
5.600000
 20
-99.400000
 40
10.000000
 50
0.000000
  1
Size: 50
  0
TEXT
  8
1
 10
5.600000
 20
-88.400000
 40
10.000000
 50
0.000000
  1
Annotation: VELLUTO STRIPXARMHOLE DETACH 2P
  0
TEXT
  8
1
 10
5.600000
 20
-77.400000
 40
10.000000
 50
0.000000
  1
Quantity: 1
  0
TEXT
  8
1
 10
5.600000
 20
-66.400000
 40
10.000000
 50
0.000000
  1
Material: TEXTILE
  0
ENDBLK
  0
ENDSEC
  0
SECTION
  2
ENTITIES
  0
INSERT
  8
1
  2
SHOULDER BK 1P
 10
10.40
 20
-140.75
  0
INSERT
  8
1
  2
BACK 2P
 10
-107.20
 20
47.15
  0
INSERT
  8
1
  2
BTTM BK 2P
 10
-61.70
 20
49.65
  0
INSERT
  8
1
  2
OUTSIDE LACE BK 2P
 10
46.60
 20
20.05
  0
INSERT
  8
1
  2
VELLUTO INSIDE LACE BK 2P
 10
46.60
 20
20.05
  0
INSERT
  8
1
  2
SHOULDER FRONT 2P
 10
-23.40
 20
-24.25
  0
INSERT
  8
1
  2
LEFT FRONT 1P
 10
-59.80
 20
43.35
  0
INSERT
  8
1
  2
LEFT BTTM FRONT 1P
 10
-60.00
 20
-156.25
  0
INSERT
  8
1
  2
UP HIGH POCKET FLAP 2P
 10
24.70
 20
3.85
  0
INSERT
  8
1
  2
VELLUTO UNDER HIGH POCKET FLAP 2P
 10
24.70
 20
3.85
  0
INSERT
  8
1
  2
HIGH POCKET 2P
 10
-20.40
 20
6.95
  0
INSERT
  8
1
  2
LINING HIGH POCKET 2P
 10
-20.40
 20
6.95
  0
INSERT
  8
1
  2
UP POCKET FLAP 2P
 10
31.60
 20
-17.45
  0
INSERT
  8
1
  2
VELLUTO UNDER POCKET FLAP 2P
 10
31.60
 20
-17.45
  0
INSERT
  8
1
  2
POCKET 2P
 10
-41.90
 20
-43.35
  0
INSERT
  8
1
  2
LINING POCKET 2P
 10
-41.90
 20
-43.35
  0
INSERT
  8
1
  2
VELLUTO FACING INSIDE RIGHT 1P
 10
-366.30
 20
1.15
  0
INSERT
  8
1
  2
UP SLEEVE 2P
 10
-282.90
 20
-36.75
  0
INSERT
  8
1
  2
UNDER SLEEVE 2P
 10
-148.50
 20
50.55
  0
INSERT
  8
1
  2
UNDR SLV 2P
 10
-42.10
 20
35.45
  0
INSERT
  8
1
  2
PATCH SLEEVE 2P
 10
-21.60
 20
48.35
  0
INSERT
  8
1
  2
UP WRIST 2P
 10
47.40
 20
30.15
  0
INSERT
  8
1
  2
VELLUTO UNDER WRIST 2P
 10
47.40
 20
30.15
  0
INSERT
  8
1
  2
OUTSIDE COLLAR 1P
 10
32.10
 20
-152.75
  0
INSERT
  8
1
  2
VELLUTO INSIDE COLLAR 1P
 10
32.10
 20
-152.75
  0
INSERT
  8
1
  2
LINING BK 1P
 10
-279.90
 20
-194.25
  0
INSERT
  8
1
  2
LINING RIGHT FRNT 1P
 10
-489.00
 20
-86.65
  0
INSERT
  8
1
  2
LINING LEFT FRNT 1P
 10
-489.00
 20
44.55
  0
INSERT
  8
1
  2
POCKET INSIDE 4P
 10
58.90
 20
105.95
  0
INSERT
  8
1
  2
POCKET INSD 2P
 10
39.80
 20
-0.25
  0
INSERT
  8
1
  2
LNN PKT INSIDE 2P
 10
-153.10
 20
-0.25
  0
INSERT
  8
1
  2
INSIDE HIGH PKT FLAP 2P
 10
39.10
 20
83.55
  0
INSERT
  8
1
  2
INS PKT LEFT 1P
 10
10.30
 20
72.05
  0
INSERT
  8
1
  2
LNN INS PKT LEFT 1P
 10
10.30
 20
72.05
  0
INSERT
  8
1
  2
VELLUTO INSIDE PKT FLAP 2P
 10
39.10
 20
88.55
  0
INSERT
  8
1
  2
VELLUTO INSIDE PKT1P
 10
-6.70
 20
89.95
  0
INSERT
  8
1
  2
LININNG UP SLEEVE 2P
 10
-317.80
 20
-43.35
  0
INSERT
  8
1
  2
LINING UNDR SLEEVE 2P
 10
-390.70
 20
35.75
  0
INSERT
  8
1
  2
DETACHABLE REV NYLON BK 1P
 10
-249.00
 20
-183.15
  0
INSERT
  8
1
  2
DETACHABLE REV TXT BK 1P
 10
-249.00
 20
-183.15
  0
INSERT
  8
1
  2
DETACHABLE REV NYLON FRNT 2P
 10
-310.70
 20
-82.25
  0
INSERT
  8
1
  2
DETACHABLE REV TXT FRNT 2P
 10
-310.30
 20
-82.25
  0
INSERT
  8
1
  2
VELLUTO PKT X DETACHABLE 4P
 10
-22.20
 20
113.05
  0
INSERT
  8
1
  2
LINING PKT X DETACHABLE8P
 10
-52.40
 20
-18.85
  0
INSERT
  8
1
  2
COLLAR X DETACHABLE NYLON 1P
 10
36.80
 20
-135.75
  0
INSERT
  8
1
  2
COLLAR X DETACHABLE TXT 1P
 10
36.80
 20
-135.75
  0
INSERT
  8
1
  2
FIG TEST CM 20  X CM 20
 10
-25.10
 20
-55.55
  0
INSERT
  8
1
  2
PKT X DETACHABLE NYLON 2Pz
 10
-45.70
 20
66.35
  0
INSERT
  8
1
  2
PKT X DETACHABLE txt 2Pz
 10
-45.70
 20
66.35
  0
INSERT
  8
1
  2
RIGHT FRONT 1P
 10
-59.80
 20
-151.75
  0
INSERT
  8
1
  2
RIGHT BTTM FRONT 1P
 10
-60.00
 20
29.35
  0
INSERT
  8
1
  2
VELLUTO FACING INSIDE LEFT 1P
 10
-324.60
 20
78.85
  0
INSERT
  8
1
  2
VELLUTO STRIPXARMHOLE DETACH 2P
 10
59.80
 20
-440.35
  0
TEXT
  8
1
 10
1.000000
 20
110.000000
 40
100.000000
 50
0.000000
  1
Style Name: CLEREMONT_15-06-26-P53
  0
TEXT
  8
1
 10
1.000000
 20
220.000000
 40
100.000000
 50
0.000000
  1
Creation Date: 16-06-2026
  0
TEXT
  8
1
 10
1.000000
 20
330.000000
 40
100.000000
 50
0.000000
  1
Creation Time: 15:43
  0
TEXT
  8
1
 10
1.000000
 20
440.000000
 40
100.000000
 50
0.000000
  1
Sample Size: 50
  0
TEXT
  8
1
 10
1.000000
 20
550.000000
 40
100.000000
 50
0.000000
  1
Grade Rule Table: CLEREMONT_15-06-26-P53
  0
TEXT
  8
1
 10
1.000000
 20
660.000000
 40
100.000000
 50
0.000000
  1
Author: Caledonia Technology
  0
TEXT
  8
1
 10
1.000000
 20
770.000000
 40
100.000000
 50
0.000000
  1
Units: METRIC
  0
TEXT
  8
1
 10
1.000000
 20
880.000000
 40
100.000000
 50
0.000000
  1
Product: DXFcnv
  0
TEXT
  8
1
 10
1.000000
 20
990.000000
 40
100.000000
 50
0.000000
  1
IdFile: F363E8628D17384A9150287F97ECACD28C4F88328A89552E
  0
TEXT
  8
1
 10
0.000000
 20
0.000000
 40
0.000000
 50
0.000000
  1
Standard Version: ASTM/D13Proposal 1 Version: D 6673-04
  0
ENDSEC
  0
EOF
