  0
SECTION
  2
BLOCKS
  0
BLOCK
  8
1
  2
P0001_06
 70
64
 10
0.0000
 20
0.0000
  0
TEXT
  8
1
 10
191.0845
 20
56.5791
 40
5.0000
 50
0.0000
  1
PIECE: 地衿
  7
STANDARD
  0
TEXT
  8
1
 10
191.0845
 20
50.8291
 40
5.0000
 50
0.0000
  1
SIZE: XL
  7
STANDARD
  0
TEXT
  8
1
 10
191.0845
 20
45.0791
 40
5.0000
 50
0.0000
  1
FABRIC: 表地
  7
STANDARD
  0
TEXT
  8
1
 10
191.0845
 20
39.3291
 40
5.0000
 50
0.0000
  1
QUANTITY: 1
  7
STANDARD
  0
TEXT
  8
1
 10
216.0845
 20
45.0791
 40
5.0000
 50
0.0000
  1
FABRIC1: 芯地
  7
STANDARD
  0
TEXT
  8
1
 10
216.0845
 20
39.3291
 40
5.0000
 50
0.0000
  1
QUANTITY1: 1
  7
STANDARD
  0
TEXT
  8
1
 10
154.7129
 20
30.3286
 40
6.0000
 50
0.0000
  1
COMMENT: NP
  7
STANDARD
  0
POLYLINE
999
1
  8
1
 66
1
 70
0
  0
VERTEX
999
1,1,,1
  8
1
 10
483.7505
 20
28.3716
  0
VERTEX
999
1,2
  8
1
 10
480.6890
 20
25.8442
  0
VERTEX
999
1,2,1
  8
1
 10
472.4790
 20
19.5986
 38
10.0001
 50
82.8503
  0
VERTEX
999
1,2
  8
1
 10
464.0640
 20
14.2275
  0
VERTEX
999
1,2
  8
1
 10
455.4697
 20
9.7217
  0
VERTEX
999
1,2
  8
1
 10
446.7227
 20
6.0703
  0
VERTEX
999
1,2
  8
1
 10
437.8486
 20
3.2651
  0
VERTEX
999
1,2
  8
1
 10
428.8745
 20
1.2964
  0
VERTEX
999
1,2
  8
1
 10
422.0601
 20
0.4009
  0
VERTEX
999
1,2
  8
1
 10
415.1816
 20
0.0093
  0
VERTEX
999
1,2
  8
1
 10
408.2852
 20
0.0645
  0
VERTEX
999
1,2
  8
1
 10
401.4165
 20
0.5088
  0
VERTEX
999
1,2
  8
1
 10
372.7866
 20
4.3682
  0
VERTEX
999
1,2,1
  8
1
 10
344.6938
 20
8.2979
 38
10.0000
 50
90.0000
  0
VERTEX
999
1,1,,2
  8
1
 10
344.1963
 20
8.3677
  0
VERTEX
999
1,1,,3
  8
1
 10
250.6802
 20
8.3677
  0
VERTEX
999
1,1,,4
  8
1
 10
157.1636
 20
8.3677
  0
VERTEX
999
1,2,1
  8
1
 10
156.6660
 20
8.2979
 38
10.0000
 50
90.0000
  0
VERTEX
999
1,2
  8
1
 10
128.5732
 20
4.3682
  0
VERTEX
999
1,2
  8
1
 10
99.9436
 20
0.5088
  0
VERTEX
999
1,2
  8
1
 10
93.0745
 20
0.0645
  0
VERTEX
999
1,2
  8
1
 10
86.1780
 20
0.0093
  0
VERTEX
999
1,2
  8
1
 10
79.2996
 20
0.4009
  0
VERTEX
999
1,2
  8
1
 10
72.4851
 20
1.2964
  0
VERTEX
999
1,2
  8
1
 10
63.5112
 20
3.2656
  0
VERTEX
999
1,2
  8
1
 10
54.6375
 20
6.0708
  0
VERTEX
999
1,2
  8
1
 10
45.8904
 20
9.7217
  0
VERTEX
999
1,2
  8
1
 10
37.2959
 20
14.2280
  0
VERTEX
999
1,2,1
  8
1
 10
28.8809
 20
19.5986
 38
10.0001
 50
97.1483
  0
VERTEX
999
1,2
  8
1
 10
20.6711
 20
25.8442
  0
VERTEX
999
1,1,,5
  8
1
 10
17.6094
 20
28.3716
  0
VERTEX
999
1,2
  8
1
 10
17.1152
 20
32.3110
  0
VERTEX
999
1,2
  8
1
 10
15.6357
 20
42.2803
  0
VERTEX
999
1,2,1
  8
1
 10
15.4985
 20
43.0820
 38
9.9999
 50
320.4593
  0
VERTEX
999
1,2
  8
1
 10
13.7292
 20
52.4375
  0
VERTEX
999
1,2
  8
1
 10
11.4807
 20
62.7617
  0
VERTEX
999
1,2
  8
1
 10
8.9753
 20
73.2305
  0
VERTEX
999
1,2
  8
1
 10
6.2981
 20
83.8228
  0
VERTEX
999
1,2
  8
1
 10
3.5337
 20
94.5166
  0
VERTEX
999
1,2,1
  8
1
 10
2.6555
 20
97.9092
 38
10.0001
 50
355.2049
  0
VERTEX
999
1,1,,6
  8
1
 10
0.0000
 20
108.1665
  0
VERTEX
999
1,2,1
  8
1
 10
10.5586
 20
107.2808
 38
10.0002
 50
284.5119
  0
VERTEX
999
1,2
  8
1
 10
14.0505
 20
106.9878
  0
VERTEX
999
1,2
  8
1
 10
29.0681
 20
105.8882
  0
VERTEX
999
1,2
  8
1
 10
43.4124
 20
105.1489
  0
VERTEX
999
1,2
  8
1
 10
57.3042
 20
104.7261
  0
VERTEX
999
1,2
  8
1
 10
70.9634
 20
104.5747
  0
VERTEX
999
1,2
  8
1
 10
84.6108
 20
104.6514
  0
VERTEX
999
1,2
  8
1
 10
98.4670
 20
104.9121
  0
VERTEX
999
1,2
  8
1
 10
112.7520
 20
105.3125
  0
VERTEX
999
1,2
  8
1
 10
127.6865
 20
105.8086
  0
VERTEX
999
1,2
  8
1
 10
143.4907
 20
106.3564
  0
VERTEX
999
1,1,1,7
  8
1
 10
160.3853
 20
106.9116
 38
9.9999
 50
271.7796
  0
VERTEX
999
1,2
  8
1
 10
180.0313
 20
107.4688
  0
VERTEX
999
1,2
  8
1
 10
201.4492
 20
107.9326
  0
VERTEX
999
1,2
  8
1
 10
224.9097
 20
108.2495
  0
VERTEX
999
1,1,,8
  8
1
 10
250.6802
 20
108.3672
  0
VERTEX
999
1,2
  8
1
 10
276.4507
 20
108.2495
  0
VERTEX
999
1,2
  8
1
 10
299.9106
 20
107.9326
  0
VERTEX
999
1,2
  8
1
 10
321.3291
 20
107.4688
  0
VERTEX
999
1,1,1,9
  8
1
 10
340.9751
 20
106.9116
 38
9.9999
 50
268.2204
  0
VERTEX
999
1,2
  8
1
 10
357.8696
 20
106.3564
  0
VERTEX
999
1,2
  8
1
 10
373.6738
 20
105.8086
  0
VERTEX
999
1,2
  8
1
 10
388.6084
 20
105.3125
  0
VERTEX
999
1,2
  8
1
 10
402.8931
 20
104.9121
  0
VERTEX
999
1,2
  8
1
 10
416.7490
 20
104.6514
  0
VERTEX
999
1,2
  8
1
 10
430.3965
 20
104.5747
  0
VERTEX
999
1,2
  8
1
 10
444.0562
 20
104.7261
  0
VERTEX
999
1,2
  8
1
 10
457.9478
 20
105.1489
  0
VERTEX
999
1,2
  8
1
 10
472.2920
 20
105.8882
  0
VERTEX
999
1,2
  8
1
 10
487.3096
 20
106.9878
  0
VERTEX
999
1,2,1
  8
1
 10
490.8018
 20
107.2808
 38
9.9997
 50
255.4874
  0
VERTEX
999
1,1,,10
  8
1
 10
501.3604
 20
108.1665
  0
VERTEX
999
1,2,1
  8
1
 10
498.7046
 20
97.9092
 38
9.9998
 50
184.7952
  0
VERTEX
999
1,2
  8
1
 10
497.8262
 20
94.5166
  0
VERTEX
999
1,2
  8
1
 10
495.0615
 20
83.8228
  0
VERTEX
999
1,2
  8
1
 10
492.3838
 20
73.2305
  0
VERTEX
999
1,2
  8
1
 10
489.8784
 20
62.7612
  0
VERTEX
999
1,2
  8
1
 10
487.6304
 20
52.4375
  0
VERTEX
999
1,2,1
  8
1
 10
485.8613
 20
43.0820
 38
10.0000
 50
219.5437
  0
VERTEX
999
1,2
  8
1
 10
485.7241
 20
42.2803
  0
VERTEX
999
1,2
  8
1
 10
484.2446
 20
32.3110
  0
VERTEX
999
1,1,,11
  8
1
 10
483.7505
 20
28.3716
  0
SEQEND
  0
POLYLINE
999
2
  8
1
 66
1
 70
0
  0
VERTEX
999
2,1,,12
  8
1
 10
474.3223
 20
33.5557
  0
VERTEX
999
2,2
  8
1
 10
466.8501
 20
27.8657
  0
VERTEX
999
2,2
  8
1
 10
459.1934
 20
22.9653
  0
VERTEX
999
2,2
  8
1
 10
451.3755
 20
18.8496
  0
VERTEX
999
2,2
  8
1
 10
443.4180
 20
15.5122
  0
VERTEX
999
2,2
  8
1
 10
435.3442
 20
12.9478
  0
VERTEX
999
2,2
  8
1
 10
427.1758
 20
11.1509
  0
VERTEX
999
2,2
  8
1
 10
424.1011
 20
10.6865
  0
VERTEX
999
2,2
  8
1
 10
421.0068
 20
10.3447
  0
VERTEX
999
2,2
  8
1
 10
417.8979
 20
10.1187
  0
VERTEX
999
2,2
  8
1
 10
414.7798
 20
10.0005
  0
VERTEX
999
2,2
  8
1
 10
411.6577
 20
9.9839
  0
VERTEX
999
2,2
  8
1
 10
408.5366
 20
10.0610
  0
VERTEX
999
2,2
  8
1
 10
405.4219
 20
10.2246
  0
VERTEX
999
2,2
  8
1
 10
402.3188
 20
10.4678
  0
VERTEX
999
2,2
  8
1
 10
373.4834
 20
14.3623
  0
VERTEX
999
2,1,,13
  8
1
 10
344.6938
 20
18.3677
  0
VERTEX
999
2,1,,14
  8
1
 10
250.6802
 20
18.3677
  0
VERTEX
999
2,1,,15
  8
1
 10
156.6660
 20
18.3677
  0
VERTEX
999
2,2
  8
1
 10
127.8767
 20
14.3623
  0
VERTEX
999
2,2
  8
1
 10
99.0410
 20
10.4678
  0
VERTEX
999
2,2
  8
1
 10
95.9377
 20
10.2246
  0
VERTEX
999
2,2
  8
1
 10
92.8230
 20
10.0610
  0
VERTEX
999
2,2
  8
1
 10
89.7021
 20
9.9839
  0
VERTEX
999
2,2
  8
1
 10
86.5801
 20
10.0005
  0
VERTEX
999
2,2
  8
1
 10
83.4619
 20
10.1187
  0
VERTEX
999
2,2
  8
1
 10
80.3530
 20
10.3447
  0
VERTEX
999
2,2
  8
1
 10
77.2588
 20
10.6865
  0
VERTEX
999
2,2
  8
1
 10
74.1841
 20
11.1509
  0
VERTEX
999
2,2
  8
1
 10
66.0159
 20
12.9478
  0
VERTEX
999
2,2
  8
1
 10
57.9419
 20
15.5122
  0
VERTEX
999
2,2
  8
1
 10
49.9846
 20
18.8496
  0
VERTEX
999
2,2
  8
1
 10
42.1665
 20
22.9653
  0
VERTEX
999
2,2
  8
1
 10
34.5100
 20
27.8657
  0
VERTEX
999
2,1,,16
  8
1
 10
27.0376
 20
33.5557
  0
VERTEX
999
2,2
  8
1
 10
25.5308
 20
43.7266
  0
VERTEX
999
2,2
  8
1
 10
23.5918
 20
54.0898
  0
VERTEX
999
2,2
  8
1
 10
21.3059
 20
64.6235
  0
VERTEX
999
2,2
  8
1
 10
18.7578
 20
75.3057
  0
VERTEX
999
2,2
  8
1
 10
16.0325
 20
86.1128
  0
VERTEX
999
2,1,,17
  8
1
 10
13.2146
 20
97.0229
  0
VERTEX
999
2,2
  8
1
 10
28.3523
 20
95.9136
  0
VERTEX
999
2,2
  8
1
 10
42.8098
 20
95.1660
  0
VERTEX
999
2,2
  8
1
 10
56.8098
 20
94.7363
  0
VERTEX
999
2,2
  8
1
 10
70.5747
 20
94.5801
  0
VERTEX
999
2,2
  8
1
 10
84.3271
 20
94.6528
  0
VERTEX
999
2,2
  8
1
 10
98.2900
 20
94.9111
  0
VERTEX
999
2,2
  8
1
 10
112.6855
 20
95.3110
  0
VERTEX
999
2,2
  8
1
 10
127.7366
 20
95.8076
  0
VERTEX
999
2,2
  8
1
 10
143.6658
 20
96.3574
  0
VERTEX
999
2,1,,18
  8
1
 10
160.6958
 20
96.9165
  0
VERTEX
999
2,2
  8
1
 10
180.2739
 20
97.4717
  0
VERTEX
999
2,2
  8
1
 10
201.6187
 20
97.9336
  0
VERTEX
999
2,2
  8
1
 10
224.9980
 20
98.2500
  0
VERTEX
999
2,1,,19
  8
1
 10
250.6802
 20
98.3672
  0
VERTEX
999
2,2
  8
1
 10
276.3623
 20
98.2500
  0
VERTEX
999
2,2
  8
1
 10
299.7412
 20
97.9336
  0
VERTEX
999
2,2
  8
1
 10
321.0859
 20
97.4717
  0
VERTEX
999
2,1,,20
  8
1
 10
340.6646
 20
96.9165
  0
VERTEX
999
2,2
  8
1
 10
357.6943
 20
96.3574
  0
VERTEX
999
2,2
  8
1
 10
373.6235
 20
95.8076
  0
VERTEX
999
2,2
  8
1
 10
388.6748
 20
95.3110
  0
VERTEX
999
2,2
  8
1
 10
403.0703
 20
94.9111
  0
VERTEX
999
2,2
  8
1
 10
417.0332
 20
94.6528
  0
VERTEX
999
2,2
  8
1
 10
430.7856
 20
94.5801
  0
VERTEX
999
2,2
  8
1
 10
444.5503
 20
94.7363
  0
VERTEX
999
2,2
  8
1
 10
458.5503
 20
95.1660
  0
VERTEX
999
2,2
  8
1
 10
473.0078
 20
95.9136
  0
VERTEX
999
2,1,,21
  8
1
 10
488.1455
 20
97.0229
  0
VERTEX
999
2,2
  8
1
 10
485.3276
 20
86.1128
  0
VERTEX
999
2,2
  8
1
 10
482.6021
 20
75.3057
  0
VERTEX
999
2,2
  8
1
 10
480.0537
 20
64.6235
  0
VERTEX
999
2,2
  8
1
 10
477.7681
 20
54.0898
  0
VERTEX
999
2,2
  8
1
 10
475.8291
 20
43.7266
  0
VERTEX
999
2,1,,22
  8
1
 10
474.3223
 20
33.5557
  0
SEQEND
  0
LINE
999
5,1,,23
  8
1
 10
344.6938
 20
18.3677
 11
344.6938
 21
28.3677
  0
LINE
999
5,1,,25
  8
1
 10
156.6660
 20
18.3677
 11
156.6660
 21
28.3677
  0
LINE
999
5,1,,27
  8
1
 10
160.6958
 20
96.9165
 11
161.0063
 21
86.9214
  0
LINE
999
5,1,,29
  8
1
 10
340.6646
 20
96.9165
 11
340.3540
 21
86.9214
  0
LINE
999
5,1,,31
  8
1
  6
2
 10
156.4697
 20
20.3633
 11
250.6802
 21
20.3677
  0
LINE
999
3,1,,33
  8
1
 10
250.6802
 20
8.3677
 11
250.6802
 21
108.3672
  0
POLYLINE
999
5
  8
1
 66
1
 70
0
  0
VERTEX
999
5,1,,33
  8
1
 10
250.6802
 20
54.3672
  0
VERTEX
999
5,2
  8
1
 10
231.8540
 20
54.3691
  0
VERTEX
999
5,2
  8
1
 10
213.0283
 20
54.3706
  0
VERTEX
999
5,2
  8
1
 10
197.1025
 20
54.2271
  0
VERTEX
999
5,2
  8
1
 10
181.1685
 20
53.7827
  0
VERTEX
999
5,2
  8
1
 10
165.2397
 20
53.0229
  0
VERTEX
999
5,2
  8
1
 10
149.3281
 20
51.9326
  0
VERTEX
999
5,2
  8
1
 10
138.7366
 20
51.0146
  0
VERTEX
999
5,2
  8
1
 10
128.1621
 20
49.9390
  0
VERTEX
999
5,2
  8
1
 10
117.6089
 20
48.7007
  0
VERTEX
999
5,2
  8
1
 10
107.0801
 20
47.2954
  0
VERTEX
999
5,2
  8
1
 10
96.5798
 20
45.7188
  0
VERTEX
999
5,2
  8
1
 10
86.1116
 20
43.9663
  0
VERTEX
999
5,2
  8
1
 10
56.5747
 20
38.7607
  0
VERTEX
999
5,1,,34
  8
1
 10
27.0376
 20
33.5557
  0
SEQEND
  0
POLYLINE
999
5
  8
1
 66
1
 70
0
  0
VERTEX
999
5,1,,35
  8
1
 10
250.6802
 20
54.3672
  0
VERTEX
999
5,2
  8
1
 10
269.5059
 20
54.3691
  0
VERTEX
999
5,2
  8
1
 10
288.3315
 20
54.3706
  0
VERTEX
999
5,2
  8
1
 10
304.2578
 20
54.2271
  0
VERTEX
999
5,2
  8
1
 10
320.1914
 20
53.7827
  0
VERTEX
999
5,2
  8
1
 10
336.1206
 20
53.0229
  0
VERTEX
999
5,2
  8
1
 10
352.0317
 20
51.9326
  0
VERTEX
999
5,2
  8
1
 10
362.6230
 20
51.0146
  0
VERTEX
999
5,2
  8
1
 10
373.1978
 20
49.9390
  0
VERTEX
999
5,2
  8
1
 10
383.7510
 20
48.7007
  0
VERTEX
999
5,2
  8
1
 10
394.2798
 20
47.2954
  0
VERTEX
999
5,2
  8
1
 10
404.7803
 20
45.7188
  0
VERTEX
999
5,2
  8
1
 10
415.2485
 20
43.9663
  0
VERTEX
999
5,2
  8
1
 10
444.7852
 20
38.7607
  0
VERTEX
999
5,1,,36
  8
1
 10
474.3223
 20
33.5557
  0
SEQEND
  0
POLYLINE
999
5
  8
1
  6
2
 66
1
 70
0
  0
VERTEX
999
5,1,,37
  8
1
 10
32.9910
 20
34.3022
  0
VERTEX
999
5,2
  8
1
 10
31.6443
 20
43.5264
  0
VERTEX
999
5,2
  8
1
 10
29.9436
 20
52.9038
  0
VERTEX
999
5,2
  8
1
 10
27.9653
 20
62.3564
  0
VERTEX
999
5,2
  8
1
 10
25.7859
 20
71.8071
  0
VERTEX
999
5,2
  8
1
 10
23.4814
 20
81.1777
  0
VERTEX
999
5,1,,38
  8
1
 10
21.1289
 20
90.3911
  0
SEQEND
  0
POLYLINE
999
5
  8
1
  6
2
 66
1
 70
0
  0
VERTEX
999
5,1,,39
  8
1
 10
21.1289
 20
90.3911
  0
VERTEX
999
5,2
  8
1
 10
35.6489
 20
89.5054
  0
VERTEX
999
5,2
  8
1
 10
49.7200
 20
88.9390
  0
VERTEX
999
5,2
  8
1
 10
63.4653
 20
88.6499
  0
VERTEX
999
5,2
  8
1
 10
77.0073
 20
88.5977
  0
VERTEX
999
5,2
  8
1
 10
90.4695
 20
88.7402
  0
VERTEX
999
5,2
  8
1
 10
103.9744
 20
89.0356
  0
VERTEX
999
5,2
  8
1
 10
117.6450
 20
89.4429
  0
VERTEX
999
5,2
  8
1
 10
131.6047
 20
89.9204
  0
VERTEX
999
5,2
  8
1
 10
145.9761
 20
90.4263
  0
VERTEX
999
5,1,,40
  8
1
 10
160.8818
 20
90.9194
  0
SEQEND
  0
POLYLINE
999
5
  8
1
  6
2
 66
1
 70
0
  0
VERTEX
999
5,1,,41
  8
1
 10
160.8818
 20
90.9194
  0
VERTEX
999
5,2
  8
1
 10
183.5674
 20
91.5503
  0
VERTEX
999
5,2
  8
1
 10
205.7046
 20
92.0029
  0
VERTEX
999
5,2
  8
1
 10
227.8799
 20
92.2759
  0
VERTEX
999
5,1,,42
  8
1
 10
250.6802
 20
92.3672
  0
SEQEND
  0
POLYLINE
999
5
  8
1
  6
2
 66
1
 70
0
  0
VERTEX
999
5,1,,43
  8
1
 10
156.4697
 20
20.3633
  0
VERTEX
999
5,2
  8
1
 10
127.6753
 20
16.3560
  0
VERTEX
999
5,2
  8
1
 10
98.8604
 20
12.4595
  0
VERTEX
999
5,2
  8
1
 10
95.8081
 20
12.2202
  0
VERTEX
999
5,2
  8
1
 10
92.7478
 20
12.0591
  0
VERTEX
999
5,2
  8
1
 10
89.6841
 20
11.9834
  0
VERTEX
999
5,2
  8
1
 10
86.6223
 20
12.0000
  0
VERTEX
999
5,2
  8
1
 10
83.5847
 20
12.1147
  0
VERTEX
999
5,2
  8
1
 10
80.5520
 20
12.3350
  0
VERTEX
999
5,2
  8
1
 10
77.5295
 20
12.6680
  0
VERTEX
999
5,2
  8
1
 10
74.5237
 20
13.1216
  0
VERTEX
999
5,2
  8
1
 10
66.0442
 20
15.0117
  0
VERTEX
999
5,2
  8
1
 10
57.8625
 20
17.6753
  0
VERTEX
999
5,2
  8
1
 10
49.9883
 20
21.0645
  0
VERTEX
999
5,2
  8
1
 10
42.4316
 20
25.1299
  0
VERTEX
999
5,2
  8
1
 10
35.2026
 20
29.8237
  0
VERTEX
999
5,1,,44
  8
1
 10
28.3110
 20
35.0977
  0
SEQEND
  0
POLYLINE
999
5
  8
1
 66
1
 70
0
  0
VERTEX
999
5,1,,45
  8
1
 10
250.6802
 20
43.3677
  0
VERTEX
999
5,2
  8
1
 10
254.6680
 20
43.9033
  0
VERTEX
999
5,2
  8
1
 10
258.2510
 20
45.4155
  0
VERTEX
999
5,2
  8
1
 10
261.2866
 20
47.7612
  0
VERTEX
999
5,2
  8
1
 10
263.6323
 20
50.7969
  0
VERTEX
999
5,2
  8
1
 10
265.1445
 20
54.3799
  0
VERTEX
999
5,2
  8
1
 10
265.6802
 20
58.3677
  0
VERTEX
999
5,2
  8
1
 10
265.1445
 20
62.3555
  0
VERTEX
999
5,2
  8
1
 10
263.6323
 20
65.9385
  0
VERTEX
999
5,2
  8
1
 10
261.2866
 20
68.9741
  0
VERTEX
999
5,2
  8
1
 10
258.2510
 20
71.3198
  0
VERTEX
999
5,2
  8
1
 10
254.6680
 20
72.8320
  0
VERTEX
999
5,1,,46
  8
1
 10
250.6802
 20
73.3677
  0
SEQEND
  0
POLYLINE
999
5
  8
1
 66
1
 70
0
  0
VERTEX
999
5,1,,47
  8
1
 10
250.6802
 20
48.3677
  0
VERTEX
999
5,2
  8
1
 10
254.5723
 20
49.1533
  0
VERTEX
999
5,2
  8
1
 10
257.7510
 20
51.2964
  0
VERTEX
999
5,2
  8
1
 10
259.8940
 20
54.4751
  0
VERTEX
999
5,2
  8
1
 10
260.6802
 20
58.3677
  0
VERTEX
999
5,2
  8
1
 10
259.8940
 20
62.2603
  0
VERTEX
999
5,2
  8
1
 10
257.7510
 20
65.4390
  0
VERTEX
999
5,2
  8
1
 10
254.5723
 20
67.5820
  0
VERTEX
999
5,1,,48
  8
1
 10
250.6802
 20
68.3677
  0
SEQEND
  0
ENDBLK
  0
BLOCK
  8
1
  2
P0002_06
 70
64
 10
0.0000
 20
0.0000
  0
TEXT
  8
1
 10
194.2722
 20
65.7627
 40
5.0000
 50
0.0000
  1
PIECE: 表衿
  7
STANDARD
  0
TEXT
  8
1
 10
194.2722
 20
60.0127
 40
5.0000
 50
0.0000
  1
SIZE: XL
  7
STANDARD
  0
TEXT
  8
1
 10
194.2722
 20
54.2627
 40
5.0000
 50
0.0000
  1
FABRIC: 表地
  7
STANDARD
  0
TEXT
  8
1
 10
194.2722
 20
48.5127
 40
5.0000
 50
0.0000
  1
QUANTITY: 1
  7
STANDARD
  0
TEXT
  8
1
 10
161.0764
 20
35.5952
 40
6.0000
 50
2.5720
  1
COMMENT: NP
  7
STANDARD
  0
POLYLINE
999
1
  8
1
 66
1
 70
0
  0
VERTEX
999
1,1,1,1
  8
1
 10
164.7097
 20
13.4258
 38
10.0002
 50
96.2145
  0
VERTEX
999
1,2
  8
1
 10
151.5725
 20
11.3477
  0
VERTEX
999
1,2
  8
1
 10
140.6270
 20
8.8491
  0
VERTEX
999
1,2
  8
1
 10
124.2529
 20
4.9146
  0
VERTEX
999
1,2
  8
1
 10
107.9392
 20
1.5815
  0
VERTEX
999
1,2
  8
1
 10
99.3010
 20
0.3208
  0
VERTEX
999
1,2
  8
1
 10
90.3743
 20
-0.0288
  0
VERTEX
999
1,2
  8
1
 10
81.4314
 20
0.4136
  0
VERTEX
999
1,2
  8
1
 10
72.4956
 20
1.6577
  0
VERTEX
999
1,2
  8
1
 10
63.5903
 20
3.7144
  0
VERTEX
999
1,2
  8
1
 10
54.7385
 20
6.5938
  0
VERTEX
999
1,2
  8
1
 10
45.9641
 20
10.3066
  0
VERTEX
999
1,2
  8
1
 10
37.2896
 20
14.8633
  0
VERTEX
999
1,2,1
  8
1
 10
35.9773
 20
15.6323
 38
10.0001
 50
101.3884
  0
VERTEX
999
1,2
  8
1
 10
28.7388
 20
20.2734
  0
VERTEX
999
1,2
  8
1
 10
27.5503
 20
21.0913
  0
VERTEX
999
1,1,,2
  8
1
 10
24.2146
 20
23.3862
  0
VERTEX
999
1,2
  8
1
 10
23.4153
 20
27.3555
  0
VERTEX
999
1,2,1
  8
1
 10
21.1040
 20
37.6289
 38
10.0002
 50
325.4734
  0
VERTEX
999
1,2
  8
1
 10
18.3362
 20
48.0552
  0
VERTEX
999
1,2
  8
1
 10
15.2012
 20
58.6221
  0
VERTEX
999
1,2
  8
1
 10
11.7881
 20
69.3169
  0
VERTEX
999
1,2
  8
1
 10
8.1860
 20
80.1265
  0
VERTEX
999
1,2
  8
1
 10
4.4846
 20
91.0386
  0
VERTEX
999
1,2,1
  8
1
 10
3.3953
 20
94.2466
 38
10.0000
 50
0.0448
  0
VERTEX
999
1,1,,3
  8
1
 10
0.0000
 20
104.2437
  0
VERTEX
999
1,2,1
  8
1
 10
10.5579
 20
104.2520
 38
9.9999
 50
288.7588
  0
VERTEX
999
1,2
  8
1
 10
13.9456
 20
104.2544
  0
VERTEX
999
1,2
  8
1
 10
25.5183
 20
104.4526
  0
VERTEX
999
1,2
  8
1
 10
37.9565
 20
104.9961
  0
VERTEX
999
1,2
  8
1
 10
51.2161
 20
105.8359
  0
VERTEX
999
1,2
  8
1
 10
65.2520
 20
106.9224
  0
VERTEX
999
1,2
  8
1
 10
80.0198
 20
108.2051
  0
VERTEX
999
1,2
  8
1
 10
95.4751
 20
109.6353
  0
VERTEX
999
1,2
  8
1
 10
111.5728
 20
111.1626
  0
VERTEX
999
1,2
  8
1
 10
128.2688
 20
112.7378
  0
VERTEX
999
1,2
  8
1
 10
145.5183
 20
114.3110
  0
VERTEX
999
1,1,1,4
  8
1
 10
163.2766
 20
115.8325
 38
9.9998
 50
274.5511
  0
VERTEX
999
1,2
  8
1
 10
174.2244
 20
116.6655
  0
VERTEX
999
1,2
  8
1
 10
185.3635
 20
117.4287
  0
VERTEX
999
1,2
  8
1
 10
196.6902
 20
118.1108
  0
VERTEX
999
1,2
  8
1
 10
208.1990
 20
118.6992
  0
VERTEX
999
1,2
  8
1
 10
219.8855
 20
119.1816
  0
VERTEX
999
1,2
  8
1
 10
231.7444
 20
119.5469
  0
VERTEX
999
1,2
  8
1
 10
243.7717
 20
119.7822
  0
VERTEX
999
1,1,,5
  8
1
 10
255.9626
 20
119.8760
  0
VERTEX
999
1,2
  8
1
 10
268.1536
 20
119.7822
  0
VERTEX
999
1,2
  8
1
 10
280.1809
 20
119.5469
  0
VERTEX
999
1,2
  8
1
 10
292.0403
 20
119.1816
  0
VERTEX
999
1,2
  8
1
 10
303.7273
 20
118.6992
  0
VERTEX
999
1,2
  8
1
 10
315.2375
 20
118.1108
  0
VERTEX
999
1,2
  8
1
 10
326.5657
 20
117.4287
  0
VERTEX
999
1,2
  8
1
 10
337.7083
 20
116.6650
  0
VERTEX
999
1,1,1,6
  8
1
 10
348.6482
 20
115.8330
 38
9.9998
 50
265.4489
  0
VERTEX
999
1,2
  8
1
 10
366.4065
 20
114.3110
  0
VERTEX
999
1,2
  8
1
 10
383.6487
 20
112.7383
  0
VERTEX
999
1,2
  8
1
 10
400.3411
 20
111.1636
  0
VERTEX
999
1,2
  8
1
 10
416.4377
 20
109.6362
  0
VERTEX
999
1,2
  8
1
 10
431.8938
 20
108.2061
  0
VERTEX
999
1,2
  8
1
 10
446.6638
 20
106.9229
  0
VERTEX
999
1,2
  8
1
 10
460.7029
 20
105.8364
  0
VERTEX
999
1,2
  8
1
 10
473.9656
 20
104.9966
  0
VERTEX
999
1,2
  8
1
 10
486.4060
 20
104.4526
  0
VERTEX
999
1,2
  8
1
 10
497.9797
 20
104.2544
  0
VERTEX
999
1,2,1
  8
1
 10
501.3674
 20
104.2520
 38
9.9999
 50
251.2412
  0
VERTEX
999
1,1,,7
  8
1
 10
511.9250
 20
104.2437
  0
VERTEX
999
1,2,1
  8
1
 10
508.5300
 20
94.2461
 38
10.0000
 50
179.9552
  0
VERTEX
999
1,2
  8
1
 10
507.4407
 20
91.0386
  0
VERTEX
999
1,2
  8
1
 10
503.7390
 20
80.1265
  0
VERTEX
999
1,2
  8
1
 10
500.1370
 20
69.3169
  0
VERTEX
999
1,2
  8
1
 10
496.7239
 20
58.6221
  0
VERTEX
999
1,2
  8
1
 10
493.5886
 20
48.0552
  0
VERTEX
999
1,2,1
  8
1
 10
490.8210
 20
37.6289
 38
10.0002
 50
214.5265
  0
VERTEX
999
1,2
  8
1
 10
488.5100
 20
27.3555
  0
VERTEX
999
1,1,,8
  8
1
 10
487.7102
 20
23.3862
  0
VERTEX
999
1,2
  8
1
 10
484.3748
 20
21.0913
  0
VERTEX
999
1,2
  8
1
 10
483.1824
 20
20.2705
  0
VERTEX
999
1,2,1
  8
1
 10
475.9475
 20
15.6357
 38
10.0002
 50
78.6089
  0
VERTEX
999
1,2
  8
1
 10
474.6296
 20
14.8638
  0
VERTEX
999
1,2
  8
1
 10
465.9548
 20
10.3091
  0
VERTEX
999
1,2
  8
1
 10
457.1804
 20
6.5967
  0
VERTEX
999
1,2
  8
1
 10
448.3293
 20
3.7168
  0
VERTEX
999
1,2
  8
1
 10
439.4255
 20
1.6592
  0
VERTEX
999
1,2
  8
1
 10
430.4910
 20
0.4141
  0
VERTEX
999
1,2
  8
1
 10
421.5491
 20
-0.0288
  0
VERTEX
999
1,2
  8
1
 10
412.6228
 20
0.3208
  0
VERTEX
999
1,2
  8
1
 10
403.9841
 20
1.5815
  0
VERTEX
999
1,2
  8
1
 10
387.6711
 20
4.9150
  0
VERTEX
999
1,2
  8
1
 10
371.2981
 20
8.8491
  0
VERTEX
999
1,2
  8
1
 10
360.3547
 20
11.3472
  0
VERTEX
999
1,1,1,9
  8
1
 10
347.2209
 20
13.4248
 38
10.0002
 50
83.7855
  0
VERTEX
999
1,2
  8
1
 10
333.2375
 20
14.4033
  0
VERTEX
999
1,2
  8
1
 10
323.9324
 20
14.6641
  0
VERTEX
999
1,2
  8
1
 10
309.4094
 20
14.9277
  0
VERTEX
999
1,2
  8
1
 10
282.6863
 20
15.0210
  0
VERTEX
999
1,1,,10
  8
1
 10
255.9626
 20
14.9785
  0
VERTEX
999
1,2
  8
1
 10
229.2395
 20
15.0210
  0
VERTEX
999
1,2
  8
1
 10
202.5159
 20
14.9277
  0
VERTEX
999
1,2
  8
1
 10
187.9929
 20
14.6641
  0
VERTEX
999
1,2
  8
1
 10
178.6848
 20
14.4033
  0
VERTEX
999
1,1,,11
  8
1
 10
164.7097
 20
13.4258
  0
SEQEND
  0
POLYLINE
999
2
  8
1
 66
1
 70
0
  0
VERTEX
999
2,1,,12
  8
1
 10
163.6218
 20
23.3662
  0
VERTEX
999
2,2
  8
1
 10
162.6365
 20
23.2554
  0
VERTEX
999
2,2
  8
1
 10
149.4800
 20
21.1265
  0
VERTEX
999
2,2
  8
1
 10
146.5386
 20
20.4893
  0
VERTEX
999
2,2
  8
1
 10
138.2727
 20
18.5679
  0
VERTEX
999
2,2
  8
1
 10
130.0298
 20
16.5483
  0
VERTEX
999
2,2
  8
1
 10
106.2634
 20
11.4399
  0
VERTEX
999
2,2
  8
1
 10
102.3782
 20
10.7798
  0
VERTEX
999
2,2
  8
1
 10
98.4717
 20
10.2861
  0
VERTEX
999
2,2
  8
1
 10
87.6589
 20
10.0293
  0
VERTEX
999
2,2
  8
1
 10
76.8359
 20
11.0674
  0
VERTEX
999
2,2
  8
1
 10
66.0510
 20
13.4185
  0
VERTEX
999
2,2
  8
1
 10
55.3528
 20
17.0977
  0
VERTEX
999
2,2
  8
1
 10
44.7898
 20
22.1226
  0
VERTEX
999
2,2
  8
1
 10
34.4106
 20
28.5093
  0
VERTEX
999
2,1,,13
  8
1
 10
33.2183
 20
29.3301
  0
VERTEX
999
2,2
  8
1
 10
30.8647
 20
39.8027
  0
VERTEX
999
2,2
  8
1
 10
28.0493
 20
50.4331
  0
VERTEX
999
2,2
  8
1
 10
24.8613
 20
61.2065
  0
VERTEX
999
2,2
  8
1
 10
21.3899
 20
72.1104
  0
VERTEX
999
2,2
  8
1
 10
17.7241
 20
83.1309
  0
VERTEX
999
2,1,,14
  8
1
 10
13.9534
 20
94.2544
  0
VERTEX
999
2,2
  8
1
 10
25.4075
 20
94.4492
  0
VERTEX
999
2,2
  8
1
 10
37.6931
 20
94.9834
  0
VERTEX
999
2,2
  8
1
 10
50.7725
 20
95.8091
  0
VERTEX
999
2,2
  8
1
 10
64.6077
 20
96.8765
  0
VERTEX
999
2,2
  8
1
 10
79.1611
 20
98.1382
  0
VERTEX
999
2,2
  8
1
 10
94.3950
 20
99.5439
  0
VERTEX
999
2,2
  8
1
 10
110.2715
 20
101.0464
  0
VERTEX
999
2,2
  8
1
 10
126.7529
 20
102.5967
  0
VERTEX
999
2,2
  8
1
 10
143.8013
 20
104.1450
  0
VERTEX
999
2,2
  8
1
 10
161.3792
 20
105.6440
  0
VERTEX
999
2,1,,15
  8
1
 10
164.0701
 20
105.8643
  0
VERTEX
999
2,2
  8
1
 10
174.9260
 20
106.6904
  0
VERTEX
999
2,2
  8
1
 10
185.9714
 20
107.4478
  0
VERTEX
999
2,2
  8
1
 10
197.2024
 20
108.1240
  0
VERTEX
999
2,2
  8
1
 10
208.6135
 20
108.7080
  0
VERTEX
999
2,2
  8
1
 10
220.2000
 20
109.1870
  0
VERTEX
999
2,2
  8
1
 10
231.9568
 20
109.5493
  0
VERTEX
999
2,2
  8
1
 10
243.8792
 20
109.7832
  0
VERTEX
999
2,1,,16
  8
1
 10
255.9626
 20
109.8760
  0
VERTEX
999
2,2
  8
1
 10
268.0461
 20
109.7832
  0
VERTEX
999
2,2
  8
1
 10
279.9685
 20
109.5493
  0
VERTEX
999
2,2
  8
1
 10
291.7253
 20
109.1870
  0
VERTEX
999
2,2
  8
1
 10
303.3118
 20
108.7080
  0
VERTEX
999
2,2
  8
1
 10
314.7224
 20
108.1240
  0
VERTEX
999
2,2
  8
1
 10
325.9534
 20
107.4478
  0
VERTEX
999
2,2
  8
1
 10
336.9993
 20
106.6904
  0
VERTEX
999
2,1,,17
  8
1
 10
347.8547
 20
105.8643
  0
VERTEX
999
2,2
  8
1
 10
350.5461
 20
105.6440
  0
VERTEX
999
2,2
  8
1
 10
368.1238
 20
104.1450
  0
VERTEX
999
2,2
  8
1
 10
385.1721
 20
102.5967
  0
VERTEX
999
2,2
  8
1
 10
401.6536
 20
101.0464
  0
VERTEX
999
2,2
  8
1
 10
417.5300
 20
99.5439
  0
VERTEX
999
2,2
  8
1
 10
432.7639
 20
98.1382
  0
VERTEX
999
2,2
  8
1
 10
447.3176
 20
96.8765
  0
VERTEX
999
2,2
  8
1
 10
461.1531
 20
95.8091
  0
VERTEX
999
2,2
  8
1
 10
474.2322
 20
94.9834
  0
VERTEX
999
2,2
  8
1
 10
486.5178
 20
94.4492
  0
VERTEX
999
2,1,,18
  8
1
 10
497.9719
 20
94.2544
  0
VERTEX
999
2,2
  8
1
 10
494.2009
 20
83.1309
  0
VERTEX
999
2,2
  8
1
 10
490.5354
 20
72.1104
  0
VERTEX
999
2,2
  8
1
 10
487.0637
 20
61.2065
  0
VERTEX
999
2,2
  8
1
 10
483.8757
 20
50.4331
  0
VERTEX
999
2,2
  8
1
 10
481.0603
 20
39.8027
  0
VERTEX
999
2,1,,19
  8
1
 10
478.7068
 20
29.3301
  0
VERTEX
999
2,2
  8
1
 10
477.5144
 20
28.5093
  0
VERTEX
999
2,2
  8
1
 10
467.1355
 20
22.1226
  0
VERTEX
999
2,2
  8
1
 10
456.5725
 20
17.0977
  0
VERTEX
999
2,2
  8
1
 10
445.8743
 20
13.4185
  0
VERTEX
999
2,2
  8
1
 10
435.0891
 20
11.0674
  0
VERTEX
999
2,2
  8
1
 10
424.2664
 20
10.0293
  0
VERTEX
999
2,2
  8
1
 10
413.4534
 20
10.2861
  0
VERTEX
999
2,2
  8
1
 10
409.5471
 20
10.7798
  0
VERTEX
999
2,2
  8
1
 10
405.6619
 20
11.4399
  0
VERTEX
999
2,2
  8
1
 10
381.8953
 20
16.5483
  0
VERTEX
999
2,2
  8
1
 10
373.6526
 20
18.5679
  0
VERTEX
999
2,2
  8
1
 10
365.3865
 20
20.4893
  0
VERTEX
999
2,2
  8
1
 10
362.4451
 20
21.1265
  0
VERTEX
999
2,2
  8
1
 10
349.2888
 20
23.2554
  0
VERTEX
999
2,1,,20
  8
1
 10
348.3035
 20
23.3662
  0
VERTEX
999
2,2
  8
1
 10
335.9915
 20
24.2896
  0
VERTEX
999
2,2
  8
1
 10
333.6887
 20
24.3931
  0
VERTEX
999
2,2
  8
1
 10
328.9255
 20
24.5537
  0
VERTEX
999
2,2
  8
1
 10
324.1599
 20
24.6616
  0
VERTEX
999
2,2
  8
1
 10
319.8474
 20
24.7593
  0
VERTEX
999
2,2
  8
1
 10
309.5115
 20
24.9272
  0
VERTEX
999
2,2
  8
1
 10
299.1736
 20
24.9785
  0
VERTEX
999
2,2
  8
1
 10
277.5681
 20
24.9785
  0
VERTEX
999
2,1,,21
  8
1
 10
255.9626
 20
24.9785
  0
VERTEX
999
2,2
  8
1
 10
234.3567
 20
24.9785
  0
VERTEX
999
2,2
  8
1
 10
212.7512
 20
24.9785
  0
VERTEX
999
2,2
  8
1
 10
202.4138
 20
24.9272
  0
VERTEX
999
2,2
  8
1
 10
192.0774
 20
24.7593
  0
VERTEX
999
2,2
  8
1
 10
187.7654
 20
24.6616
  0
VERTEX
999
2,2
  8
1
 10
182.9998
 20
24.5537
  0
VERTEX
999
2,2
  8
1
 10
178.2361
 20
24.3931
  0
VERTEX
999
2,2
  8
1
 10
175.9333
 20
24.2896
  0
VERTEX
999
2,1,,22
  8
1
 10
163.6218
 20
23.3662
  0
SEQEND
  0
LINE
999
5,1,,23
  8
1
 10
164.0701
 20
105.8643
 11
164.8635
 21
95.8960
  0
LINE
999
5,1,,25
  8
1
 10
347.8547
 20
105.8643
 11
347.0613
 21
95.8960
  0
LINE
999
5,1,,27
  8
1
 10
348.3035
 20
23.3662
 11
349.3860
 21
33.3076
  0
LINE
999
5,1,,29
  8
1
 10
163.6218
 20
23.3662
 11
162.5393
 21
33.3076
  0
LINE
999
3,1,,31
  8
1
 10
255.9626
 20
14.9785
 11
255.9626
 21
119.8760
  0
POLYLINE
999
5
  8
1
 66
1
 70
0
  0
VERTEX
999
5,1,,31
  8
1
 10
33.2183
 20
29.3301
  0
VERTEX
999
5,2
  8
1
 10
62.7871
 20
36.6733
  0
VERTEX
999
5,2
  8
1
 10
92.3557
 20
44.0166
  0
VERTEX
999
5,2
  8
1
 10
110.1675
 20
48.5029
  0
VERTEX
999
5,2
  8
1
 10
123.0466
 20
51.4438
  0
VERTEX
999
5,2
  8
1
 10
136.0061
 20
53.9946
  0
VERTEX
999
5,2
  8
1
 10
143.6404
 20
55.2769
  0
VERTEX
999
5,2
  8
1
 10
152.5813
 20
56.6187
  0
VERTEX
999
5,2
  8
1
 10
161.5510
 20
57.7539
  0
VERTEX
999
5,2
  8
1
 10
172.9373
 20
58.9790
  0
VERTEX
999
5,2
  8
1
 10
176.1765
 20
59.3145
  0
VERTEX
999
5,2
  8
1
 10
179.4202
 20
59.6001
  0
VERTEX
999
5,2
  8
1
 10
190.5540
 20
60.2925
  0
VERTEX
999
5,2
  8
1
 10
198.8694
 20
60.6904
  0
VERTEX
999
5,2
  8
1
 10
207.1912
 20
60.9116
  0
VERTEX
999
5,2
  8
1
 10
218.3108
 20
60.9814
  0
VERTEX
999
5,2
  8
1
 10
237.1370
 20
60.9800
  0
VERTEX
999
5,1,,32
  8
1
 10
255.9626
 20
60.9780
  0
SEQEND
  0
POLYLINE
999
5
  8
1
 66
1
 70
0
  0
VERTEX
999
5,1,,33
  8
1
 10
478.7068
 20
29.3301
  0
VERTEX
999
5,2
  8
1
 10
449.1379
 20
36.6733
  0
VERTEX
999
5,2
  8
1
 10
419.5696
 20
44.0166
  0
VERTEX
999
5,2
  8
1
 10
401.7576
 20
48.5029
  0
VERTEX
999
5,2
  8
1
 10
388.8787
 20
51.4438
  0
VERTEX
999
5,2
  8
1
 10
375.9192
 20
53.9946
  0
VERTEX
999
5,2
  8
1
 10
368.2849
 20
55.2769
  0
VERTEX
999
5,2
  8
1
 10
359.3435
 20
56.6187
  0
VERTEX
999
5,2
  8
1
 10
350.3738
 20
57.7539
  0
VERTEX
999
5,2
  8
1
 10
338.9875
 20
58.9790
  0
VERTEX
999
5,2
  8
1
 10
335.7483
 20
59.3145
  0
VERTEX
999
5,2
  8
1
 10
332.5051
 20
59.6001
  0
VERTEX
999
5,2
  8
1
 10
321.3713
 20
60.2925
  0
VERTEX
999
5,2
  8
1
 10
313.0559
 20
60.6904
  0
VERTEX
999
5,2
  8
1
 10
304.7341
 20
60.9116
  0
VERTEX
999
5,2
  8
1
 10
293.6145
 20
60.9814
  0
VERTEX
999
5,2
  8
1
 10
274.7883
 20
60.9800
  0
VERTEX
999
5,1,,34
  8
1
 10
255.9626
 20
60.9780
  0
SEQEND
  0
POLYLINE
999
5
  8
1
  6
2
 66
1
 70
0
  0
VERTEX
999
5,1,,35
  8
1
 10
22.2891
 20
88.3701
  0
VERTEX
999
5,2
  8
1
 10
87.8931
 20
92.8989
  0
VERTEX
999
5,2
  8
1
 10
161.8679
 20
99.6641
  0
VERTEX
999
5,1,,36
  8
1
 10
164.5593
 20
99.8838
  0
SEQEND
  0
POLYLINE
999
5
  8
1
  6
2
 66
1
 70
0
  0
VERTEX
999
5,1,,37
  8
1
 10
40.2673
 20
24.7212
  0
VERTEX
999
5,2
  8
1
 10
39.1001
 20
30.5151
  0
VERTEX
999
5,2
  8
1
 10
36.9685
 20
40.0879
  0
VERTEX
999
5,2
  8
1
 10
34.4531
 20
49.7871
  0
VERTEX
999
5,2
  8
1
 10
31.6409
 20
59.5386
  0
VERTEX
999
5,2
  8
1
 10
28.6182
 20
69.2690
  0
VERTEX
999
5,2
  8
1
 10
25.4719
 20
78.9043
  0
VERTEX
999
5,1,,38
  8
1
 10
22.2891
 20
88.3701
  0
SEQEND
  0
POLYLINE
999
5
  8
1
  6
2
 66
1
 70
0
  0
VERTEX
999
5,1,,39
  8
1
 10
255.9719
 20
103.8760
  0
VERTEX
999
5,2
  8
1
 10
244.4841
 20
103.7905
  0
VERTEX
999
5,2
  8
1
 10
233.0383
 20
103.5747
  0
VERTEX
999
5,2
  8
1
 10
221.6218
 20
103.2339
  0
VERTEX
999
5,2
  8
1
 10
210.2229
 20
102.7754
  0
VERTEX
999
5,2
  8
1
 10
198.8293
 20
102.2046
  0
VERTEX
999
5,2
  8
1
 10
187.4290
 20
101.5283
  0
VERTEX
999
5,2
  8
1
 10
176.0100
 20
100.7524
  0
VERTEX
999
5,1,,40
  8
1
 10
164.5593
 20
99.8838
  0
SEQEND
  0
POLYLINE
999
5
  8
1
  6
2
 66
1
 70
0
  0
VERTEX
999
5,1,,41
  8
1
 10
163.4050
 20
25.3540
  0
VERTEX
999
5,2
  8
1
 10
162.4075
 20
25.2427
  0
VERTEX
999
5,2
  8
1
 10
149.0615
 20
23.0825
  0
VERTEX
999
5,2
  8
1
 10
146.1104
 20
22.4429
  0
VERTEX
999
5,2
  8
1
 10
137.8020
 20
20.5117
  0
VERTEX
999
5,2
  8
1
 10
129.5549
 20
18.4907
  0
VERTEX
999
5,2
  8
1
 10
105.9282
 20
13.4116
  0
VERTEX
999
5,2
  8
1
 10
102.0642
 20
12.7549
  0
VERTEX
999
5,2
  8
1
 10
98.3057
 20
12.2793
  0
VERTEX
999
5,2
  8
1
 10
87.0552
 20
12.0532
  0
VERTEX
999
5,2
  8
1
 10
76.0725
 20
13.2163
  0
VERTEX
999
5,2
  8
1
 10
65.3936
 20
15.6885
  0
VERTEX
999
5,2
  8
1
 10
55.0552
 20
19.3892
  0
VERTEX
999
5,2
  8
1
 10
45.0935
 20
24.2388
  0
VERTEX
999
5,1,,42
  8
1
 10
35.5452
 20
30.1563
  0
SEQEND
  0
POLYLINE
999
5
  8
1
  6
2
 66
1
 70
0
  0
VERTEX
999
5,1,,43
  8
1
 10
255.9626
 20
26.9785
  0
VERTEX
999
5,2
  8
1
 10
234.3567
 20
26.9785
  0
VERTEX
999
5,2
  8
1
 10
212.7512
 20
26.9785
  0
VERTEX
999
5,2
  8
1
 10
202.3933
 20
26.9272
  0
VERTEX
999
5,2
  8
1
 10
192.0325
 20
26.7588
  0
VERTEX
999
5,2
  8
1
 10
187.7200
 20
26.6611
  0
VERTEX
999
5,2
  8
1
 10
182.9490
 20
26.5532
  0
VERTEX
999
5,2
  8
1
 10
178.1462
 20
26.3911
  0
VERTEX
999
5,2
  8
1
 10
175.8435
 20
26.2876
  0
VERTEX
999
5,1,,44
  8
1
 10
163.4050
 20
25.3540
  0
SEQEND
  0
POLYLINE
999
5
  8
1
 66
1
 70
0
  0
VERTEX
999
5,1,,45
  8
1
 10
255.9626
 20
57.4272
  0
VERTEX
999
5,2
  8
1
 10
259.8552
 20
58.2129
  0
VERTEX
999
5,2
  8
1
 10
263.0339
 20
60.3560
  0
VERTEX
999
5,2
  8
1
 10
265.1770
 20
63.5347
  0
VERTEX
999
5,2
  8
1
 10
265.9626
 20
67.4272
  0
VERTEX
999
5,2
  8
1
 10
265.1770
 20
71.3198
  0
VERTEX
999
5,2
  8
1
 10
263.0339
 20
74.4985
  0
VERTEX
999
5,2
  8
1
 10
259.8552
 20
76.6416
  0
VERTEX
999
5,1,,46
  8
1
 10
255.9626
 20
77.4272
  0
SEQEND
  0
POLYLINE
999
5
  8
1
 66
1
 70
0
  0
VERTEX
999
5,1,,47
  8
1
 10
255.9626
 20
52.4272
  0
VERTEX
999
5,2
  8
1
 10
259.9504
 20
52.9629
  0
VERTEX
999
5,2
  8
1
 10
263.5334
 20
54.4751
  0
VERTEX
999
5,2
  8
1
 10
266.5691
 20
56.8208
  0
VERTEX
999
5,2
  8
1
 10
268.9148
 20
59.8564
  0
VERTEX
999
5,2
  8
1
 10
270.4270
 20
63.4395
  0
VERTEX
999
5,2
  8
1
 10
270.9626
 20
67.4272
  0
VERTEX
999
5,2
  8
1
 10
270.4270
 20
71.4150
  0
VERTEX
999
5,2
  8
1
 10
268.9148
 20
74.9980
  0
VERTEX
999
5,2
  8
1
 10
266.5691
 20
78.0337
  0
VERTEX
999
5,2
  8
1
 10
263.5334
 20
80.3794
  0
VERTEX
999
5,2
  8
1
 10
259.9504
 20
81.8916
  0
VERTEX
999
5,1,,48
  8
1
 10
255.9626
 20
82.4272
  0
SEQEND
  0
ENDBLK
  0
BLOCK
  8
1
  2
P0003_06
 70
64
 10
0.0000
 20
0.0000
  0
TEXT
  8
1
 10
14.2637
 20
1.8691
 40
5.0000
 50
0.0000
  1
PIECE: 衿吊り
  7
STANDARD
  0
TEXT
  8
1
 10
14.2637
 20
-3.8809
 40
5.0000
 50
0.0000
  1
SIZE: XL
  7
STANDARD
  0
TEXT
  8
1
 10
14.2637
 20
-9.6309
 40
5.0000
 50
0.0000
  1
FABRIC: 表地
  7
STANDARD
  0
TEXT
  8
1
 10
14.2637
 20
-15.3809
 40
5.0000
 50
0.0000
  1
QUANTITY: 1
  7
STANDARD
  0
POLYLINE
999
1
  8
1
 66
1
 70
0
  0
VERTEX
999
1,1,,1
  8
1
 10
0.0000
 20
0.0000
  0
VERTEX
999
1,1,,2
  8
1
 10
0.0000
 20
24.0000
  0
VERTEX
999
1,1,,3
  8
1
 10
34.7734
 20
24.0000
  0
VERTEX
999
1,1,,4
  8
1
 10
69.5469
 20
24.0000
  0
VERTEX
999
1,1,,5
  8
1
 10
69.5469
 20
0.0000
  0
VERTEX
999
1,1,,6
  8
1
 10
34.7734
 20
0.0000
  0
VERTEX
999
1,1,,7
  8
1
 10
0.0000
 20
0.0000
  0
SEQEND
  0
POLYLINE
999
2
  8
1
 66
1
 70
0
  0
VERTEX
999
2,1,,8
  8
1
 10
0.0000
 20
0.0000
  0
VERTEX
999
2,1,,9
  8
1
 10
0.0000
 20
24.0000
  0
VERTEX
999
2,1,,10
  8
1
 10
34.7734
 20
24.0000
  0
VERTEX
999
2,1,,11
  8
1
 10
69.5469
 20
24.0000
  0
VERTEX
999
2,1,,12
  8
1
 10
69.5469
 20
0.0000
  0
VERTEX
999
2,1,,13
  8
1
 10
34.7734
 20
0.0000
  0
VERTEX
999
2,1,,14
  8
1
 10
0.0000
 20
0.0000
  0
SEQEND
  0
LINE
999
5,1,,15
  8
1
 10
34.7734
 20
24.0000
 11
34.7734
 21
0.0000
  0
LINE
999
3,1,,17
  8
1
 10
0.0000
 20
12.0000
 11
69.5469
 21
12.0000
  0
LINE
999
5,1,,17
  8
1
 10
34.7734
 20
18.0000
 11
69.5469
 21
18.0000
  0
LINE
999
5,1,,19
  8
1
 10
34.7734
 20
18.0000
 11
0.0000
 21
18.0000
  0
LINE
999
5,1,,21
  8
1
  6
2
 10
0.0000
 20
7.0000
 11
69.5469
 21
7.0000
  0
LINE
999
5,1,,23
  8
1
 10
0.0000
 20
6.0000
 11
69.5469
 21
6.0000
  0
ENDBLK
  0
BLOCK
  8
1
  2
P0004_06
 70
64
 10
0.0000
 20
0.0000
  0
TEXT
  8
1
 10
121.0498
 20
311.7119
 40
10.0000
 50
0.0000
  1
PIECE: 後身頃
  7
STANDARD
  0
TEXT
  8
1
 10
121.0498
 20
300.2119
 40
10.0000
 50
0.0000
  1
SIZE: XL
  7
STANDARD
  0
TEXT
  8
1
 10
121.0498
 20
288.7119
 40
10.0000
 50
0.0000
  1
FABRIC: 表地
  7
STANDARD
  0
TEXT
  8
1
 10
121.0498
 20
277.2119
 40
10.0000
 50
0.0000
  1
QUANTITY: 1
  7
STANDARD
  0
TEXT
  8
1
 10
19.1650
 20
686.1670
 40
7.0000
 50
1.6026
  1
COMMENT: SP
  7
STANDARD
  0
TEXT
  8
1
 10
266.6470
 20
499.8530
 40
11.0000
 50
1.6026
  1
COMMENT: CB
  7
STANDARD
  0
TEXT
  8
1
 10
180.1772
 20
742.4067
 40
7.0000
 50
1.6026
  1
COMMENT: NP
  7
STANDARD
  0
POLYLINE
999
1
  8
1
 66
1
 70
0
  0
VERTEX
999
1,1,,1
  8
1
 10
272.7388
 20
0.0000
  0
VERTEX
999
1,2,1
  8
1
 10
59.1265
 20
0.0029
 38
10.0000
 50
90.0000
  0
VERTEX
999
1,1,,2
  8
1
 10
49.1265
 20
0.0029
  0
VERTEX
999
1,2,1
  8
1
 10
49.1265
 20
37.0029
 38
10.0000
 50
0.0000
  0
VERTEX
999
1,1,1,3
  8
1
 10
49.1265
 20
184.4609
 38
10.0000
 50
0.0000
  0
VERTEX
999
1,1,1,4
  8
1
 10
49.1265
 20
209.4609
 38
10.0000
 50
0.0000
  0
VERTEX
999
1,1,,5
  8
1
 10
49.1265
 20
263.4673
  0
VERTEX
999
1,2
  8
1
 10
49.0459
 20
279.3408
  0
VERTEX
999
1,2
  8
1
 10
48.8013
 20
294.7295
  0
VERTEX
999
1,2
  8
1
 10
48.3862
 20
309.6841
  0
VERTEX
999
1,2
  8
1
 10
47.7954
 20
324.2549
  0
VERTEX
999
1,2
  8
1
 10
47.0234
 20
338.4927
  0
VERTEX
999
1,2
  8
1
 10
46.0649
 20
352.4473
  0
VERTEX
999
1,2
  8
1
 10
44.9136
 20
366.1699
  0
VERTEX
999
1,2
  8
1
 10
43.5640
 20
379.7109
  0
VERTEX
999
1,2
  8
1
 10
42.0107
 20
393.1201
  0
VERTEX
999
1,2
  8
1
 10
40.2480
 20
406.4487
  0
VERTEX
999
1,2
  8
1
 10
38.2705
 20
419.7471
  0
VERTEX
999
1,2
  8
1
 10
36.0723
 20
433.0654
  0
VERTEX
999
1,2
  8
1
 10
33.6484
 20
446.4541
  0
VERTEX
999
1,2
  8
1
 10
30.9922
 20
459.9639
  0
VERTEX
999
1,2
  8
1
 10
28.0986
 20
473.6455
  0
VERTEX
999
1,2
  8
1
 10
24.9624
 20
487.5483
  0
VERTEX
999
1,2
  8
1
 10
21.5776
 20
501.7241
  0
VERTEX
999
1,2,1
  8
1
 10
17.9385
 20
516.2227
 38
10.0002
 50
14.3993
  0
VERTEX
999
1,2
  8
1
 10
14.2085
 20
530.7515
  0
VERTEX
999
1,1,,6
  8
1
 10
10.4785
 20
545.2803
  0
VERTEX
999
1,1,,7
  8
1
 10
19.9971
 20
547.7241
  0
VERTEX
999
1,2,1
  8
1
 10
20.0220
 20
548.3213
 38
10.0002
 50
284.3993
  0
VERTEX
999
1,2
  8
1
 10
20.3574
 20
563.7700
  0
VERTEX
999
1,2
  8
1
 10
20.1143
 20
579.8657
  0
VERTEX
999
1,2
  8
1
 10
19.3242
 20
595.8438
  0
VERTEX
999
1,2
  8
1
 10
18.0449
 20
611.5376
  0
VERTEX
999
1,2
  8
1
 10
16.3335
 20
626.7803
  0
VERTEX
999
1,2
  8
1
 10
14.2466
 20
641.4038
  0
VERTEX
999
1,2
  8
1
 10
11.8418
 20
655.2422
  0
VERTEX
999
1,2
  8
1
 10
9.1763
 20
668.1279
  0
VERTEX
999
1,2
  8
1
 10
6.3071
 20
679.8940
  0
VERTEX
999
1,1,1,8
  8
1
 10
3.2915
 20
690.3735
 38
9.9999
 50
19.2144
  0
VERTEX
999
1,1,,9
  8
1
 10
0.0000
 20
699.8154
  0
VERTEX
999
1,2,1
  8
1
 10
9.4473
 20
703.1084
 38
10.0001
 50
289.2170
  0
VERTEX
999
1,2,1
  8
1
 10
182.2432
 20
763.3423
 38
10.0001
 50
289.2170
  0
VERTEX
999
1,1,,10
  8
1
 10
192.7588
 20
767.0078
  0
VERTEX
999
1,1,1,11
  8
1
 10
196.0503
 20
757.5649
 38
10.0001
 50
199.2170
  0
VERTEX
999
1,2
  8
1
 10
200.7080
 20
753.7202
  0
VERTEX
999
1,2
  8
1
 10
205.6699
 20
750.3726
  0
VERTEX
999
1,2
  8
1
 10
210.9023
 20
747.4888
  0
VERTEX
999
1,2
  8
1
 10
216.3711
 20
745.0342
  0
VERTEX
999
1,2
  8
1
 10
222.0435
 20
742.9746
  0
VERTEX
999
1,2
  8
1
 10
227.8857
 20
741.2764
  0
VERTEX
999
1,2
  8
1
 10
235.1377
 20
739.6548
  0
VERTEX
999
1,2
  8
1
 10
242.5361
 20
738.4619
  0
VERTEX
999
1,2
  8
1
 10
250.0376
 20
737.6494
  0
VERTEX
999
1,2
  8
1
 10
257.6001
 20
737.1675
  0
VERTEX
999
1,2
  8
1
 10
265.1816
 20
736.9678
  0
VERTEX
999
1,1,,12
  8
1
 10
272.7388
 20
737.0015
  0
VERTEX
999
1,2
  8
1
 10
280.2959
 20
736.9678
  0
VERTEX
999
1,2
  8
1
 10
287.8774
 20
737.1675
  0
VERTEX
999
1,2
  8
1
 10
295.4399
 20
737.6494
  0
VERTEX
999
1,2
  8
1
 10
302.9414
 20
738.4619
  0
VERTEX
999
1,2
  8
1
 10
310.3398
 20
739.6548
  0
VERTEX
999
1,2
  8
1
 10
317.5918
 20
741.2764
  0
VERTEX
999
1,2
  8
1
 10
323.4341
 20
742.9746
  0
VERTEX
999
1,2
  8
1
 10
329.1064
 20
745.0342
  0
VERTEX
999
1,2
  8
1
 10
334.5757
 20
747.4888
  0
VERTEX
999
1,2
  8
1
 10
339.8076
 20
750.3726
  0
VERTEX
999
1,2
  8
1
 10
344.7695
 20
753.7202
  0
VERTEX
999
1,1,1,13
  8
1
 10
349.4272
 20
757.5649
 38
10.0001
 50
340.7830
  0
VERTEX
999
1,1,,14
  8
1
 10
352.7188
 20
767.0078
  0
VERTEX
999
1,2,1
  8
1
 10
363.2344
 20
763.3423
 38
10.0001
 50
250.7830
  0
VERTEX
999
1,1,1,15
  8
1
 10
535.7490
 20
703.2070
 38
10.0000
 50
252.4896
  0
VERTEX
999
1,1,,16
  8
1
 10
545.2856
 20
700.1982
  0
VERTEX
999
1,2,1
  8
1
 10
542.2754
 20
690.6572
 38
10.0000
 50
162.4896
  0
VERTEX
999
1,2
  8
1
 10
539.2480
 20
680.1855
  0
VERTEX
999
1,2
  8
1
 10
536.3662
 20
668.4150
  0
VERTEX
999
1,2
  8
1
 10
533.6880
 20
655.5146
  0
VERTEX
999
1,2
  8
1
 10
531.2705
 20
641.6528
  0
VERTEX
999
1,2
  8
1
 10
529.1724
 20
626.9976
  0
VERTEX
999
1,2
  8
1
 10
527.4502
 20
611.7178
  0
VERTEX
999
1,2
  8
1
 10
526.1621
 20
595.9824
  0
VERTEX
999
1,2
  8
1
 10
525.3662
 20
579.9590
  0
VERTEX
999
1,2
  8
1
 10
525.1196
 20
563.8169
  0
VERTEX
999
1,2,1
  8
1
 10
525.4556
 20
548.3198
 38
10.0001
 50
255.6035
  0
VERTEX
999
1,1,,17
  8
1
 10
525.4805
 20
547.7241
  0
VERTEX
999
1,1,,18
  8
1
 10
534.9990
 20
545.2808
  0
VERTEX
999
1,2
  8
1
 10
531.2690
 20
530.7520
  0
VERTEX
999
1,2,1
  8
1
 10
527.5391
 20
516.2227
 38
10.0002
 50
165.6008
  0
VERTEX
999
1,2
  8
1
 10
523.8999
 20
501.7241
  0
VERTEX
999
1,2
  8
1
 10
520.5151
 20
487.5483
  0
VERTEX
999
1,2
  8
1
 10
517.3789
 20
473.6455
  0
VERTEX
999
1,2
  8
1
 10
514.4858
 20
459.9639
  0
VERTEX
999
1,2
  8
1
 10
511.8296
 20
446.4541
  0
VERTEX
999
1,2
  8
1
 10
509.4053
 20
433.0654
  0
VERTEX
999
1,2
  8
1
 10
507.2075
 20
419.7471
  0
VERTEX
999
1,2
  8
1
 10
505.2300
 20
406.4487
  0
VERTEX
999
1,2
  8
1
 10
503.4673
 20
393.1201
  0
VERTEX
999
1,2
  8
1
 10
501.9141
 20
379.7109
  0
VERTEX
999
1,2
  8
1
 10
500.5645
 20
366.1699
  0
VERTEX
999
1,2
  8
1
 10
499.4131
 20
352.4473
  0
VERTEX
999
1,2
  8
1
 10
498.4546
 20
338.4927
  0
VERTEX
999
1,2
  8
1
 10
497.6826
 20
324.2549
  0
VERTEX
999
1,2
  8
1
 10
497.0918
 20
309.6841
  0
VERTEX
999
1,2
  8
1
 10
496.6768
 20
294.7295
  0
VERTEX
999
1,2
  8
1
 10
496.4321
 20
279.3408
  0
VERTEX
999
1,1,,19
  8
1
 10
496.3516
 20
263.4673
  0
VERTEX
999
1,1,1,20
  8
1
 10
496.3516
 20
209.4609
 38
10.0000
 50
180.0000
  0
VERTEX
999
1,1,1,21
  8
1
 10
496.3516
 20
184.4609
 38
10.0000
 50
180.0000
  0
VERTEX
999
1,2,1
  8
1
 10
496.3516
 20
37.0029
 38
10.0000
 50
180.0000
  0
VERTEX
999
1,1,,22
  8
1
 10
496.3516
 20
0.0029
  0
VERTEX
999
1,2,1
  8
1
 10
486.3516
 20
0.0029
 38
10.0000
 50
90.0000
  0
VERTEX
999
1,1,,23
  8
1
 10
272.7388
 20
0.0000
  0
SEQEND
  0
POLYLINE
999
2
  8
1
 66
1
 70
0
  0
VERTEX
999
2,1,,24
  8
1
 10
272.7388
 20
37.0000
  0
VERTEX
999
2,1,,25
  8
1
 10
59.1265
 20
37.0029
  0
VERTEX
999
2,1,,26
  8
1
 10
59.1265
 20
184.4609
  0
VERTEX
999
2,1,,27
  8
1
 10
59.1265
 20
209.4609
  0
VERTEX
999
2,1,,28
  8
1
 10
59.1265
 20
263.4673
  0
VERTEX
999
2,2
  8
1
 10
59.0454
 20
279.4971
  0
VERTEX
999
2,2
  8
1
 10
58.7979
 20
295.0371
  0
VERTEX
999
2,2
  8
1
 10
58.3784
 20
310.1387
  0
VERTEX
999
2,2
  8
1
 10
57.7817
 20
324.8530
  0
VERTEX
999
2,2
  8
1
 10
57.0015
 20
339.2310
  0
VERTEX
999
2,2
  8
1
 10
56.0327
 20
353.3228
  0
VERTEX
999
2,2
  8
1
 10
54.8696
 20
367.1807
  0
VERTEX
999
2,2
  8
1
 10
53.5059
 20
380.8545
  0
VERTEX
999
2,2
  8
1
 10
51.9370
 20
394.3960
  0
VERTEX
999
2,2
  8
1
 10
50.1563
 20
407.8560
  0
VERTEX
999
2,2
  8
1
 10
48.1587
 20
421.2847
  0
VERTEX
999
2,2
  8
1
 10
45.9385
 20
434.7339
  0
VERTEX
999
2,2
  8
1
 10
43.4902
 20
448.2544
  0
VERTEX
999
2,2
  8
1
 10
40.8076
 20
461.8975
  0
VERTEX
999
2,2
  8
1
 10
37.8853
 20
475.7134
  0
VERTEX
999
2,2
  8
1
 10
34.7178
 20
489.7529
  0
VERTEX
999
2,2
  8
1
 10
31.2993
 20
504.0684
  0
VERTEX
999
2,1,,29
  8
1
 10
27.6245
 20
518.7095
  0
VERTEX
999
2,2
  8
1
 10
29.0288
 20
532.1128
  0
VERTEX
999
2,2
  8
1
 10
29.9131
 20
545.7871
  0
VERTEX
999
2,2
  8
1
 10
30.3120
 20
559.6289
  0
VERTEX
999
2,2
  8
1
 10
30.2607
 20
573.5361
  0
VERTEX
999
2,2
  8
1
 10
29.7949
 20
587.4067
  0
VERTEX
999
2,2
  8
1
 10
28.9497
 20
601.1377
  0
VERTEX
999
2,2
  8
1
 10
27.7598
 20
614.6265
  0
VERTEX
999
2,2
  8
1
 10
26.2603
 20
627.7710
  0
VERTEX
999
2,2
  8
1
 10
24.4868
 20
640.4688
  0
VERTEX
999
2,2
  8
1
 10
22.4746
 20
652.6167
  0
VERTEX
999
2,2
  8
1
 10
20.2583
 20
664.1133
  0
VERTEX
999
2,2
  8
1
 10
17.8735
 20
674.8550
  0
VERTEX
999
2,2
  8
1
 10
15.3555
 20
684.7402
  0
VERTEX
999
2,1,,30
  8
1
 10
12.7388
 20
693.6660
  0
VERTEX
999
2,1,,31
  8
1
 10
185.5347
 20
753.8994
  0
VERTEX
999
2,2
  8
1
 10
194.2041
 20
746.1006
  0
VERTEX
999
2,2
  8
1
 10
203.8477
 20
739.8906
  0
VERTEX
999
2,2
  8
1
 10
214.2964
 20
735.1089
  0
VERTEX
999
2,2
  8
1
 10
225.3828
 20
731.5947
  0
VERTEX
999
2,2
  8
1
 10
236.9385
 20
729.1875
  0
VERTEX
999
2,2
  8
1
 10
248.7949
 20
727.7266
  0
VERTEX
999
2,2
  8
1
 10
260.7847
 20
727.0508
  0
VERTEX
999
2,1,,32
  8
1
 10
272.7388
 20
727.0000
  0
VERTEX
999
2,2
  8
1
 10
284.6929
 20
727.0508
  0
VERTEX
999
2,2
  8
1
 10
296.6826
 20
727.7266
  0
VERTEX
999
2,2
  8
1
 10
308.5391
 20
729.1875
  0
VERTEX
999
2,2
  8
1
 10
320.0947
 20
731.5947
  0
VERTEX
999
2,2
  8
1
 10
331.1812
 20
735.1089
  0
VERTEX
999
2,2
  8
1
 10
341.6299
 20
739.8906
  0
VERTEX
999
2,2
  8
1
 10
351.2734
 20
746.1006
  0
VERTEX
999
2,1,,33
  8
1
 10
359.9429
 20
753.8994
  0
VERTEX
999
2,1,,34
  8
1
 10
532.7388
 20
693.6660
  0
VERTEX
999
2,2
  8
1
 10
530.1221
 20
684.7402
  0
VERTEX
999
2,2
  8
1
 10
527.6040
 20
674.8550
  0
VERTEX
999
2,2
  8
1
 10
525.2192
 20
664.1133
  0
VERTEX
999
2,2
  8
1
 10
523.0029
 20
652.6167
  0
VERTEX
999
2,2
  8
1
 10
520.9907
 20
640.4688
  0
VERTEX
999
2,2
  8
1
 10
519.2173
 20
627.7710
  0
VERTEX
999
2,2
  8
1
 10
517.7183
 20
614.6265
  0
VERTEX
999
2,2
  8
1
 10
516.5283
 20
601.1377
  0
VERTEX
999
2,2
  8
1
 10
515.6826
 20
587.4067
  0
VERTEX
999
2,2
  8
1
 10
515.2168
 20
573.5361
  0
VERTEX
999
2,2
  8
1
 10
515.1655
 20
559.6289
  0
VERTEX
999
2,2
  8
1
 10
515.5645
 20
545.7871
  0
VERTEX
999
2,2
  8
1
 10
516.4487
 20
532.1128
  0
VERTEX
999
2,1,,35
  8
1
 10
517.8530
 20
518.7095
  0
VERTEX
999
2,2
  8
1
 10
514.1782
 20
504.0684
  0
VERTEX
999
2,2
  8
1
 10
510.7598
 20
489.7529
  0
VERTEX
999
2,2
  8
1
 10
507.5923
 20
475.7134
  0
VERTEX
999
2,2
  8
1
 10
504.6704
 20
461.8975
  0
VERTEX
999
2,2
  8
1
 10
501.9878
 20
448.2544
  0
VERTEX
999
2,2
  8
1
 10
499.5391
 20
434.7339
  0
VERTEX
999
2,2
  8
1
 10
497.3188
 20
421.2847
  0
VERTEX
999
2,2
  8
1
 10
495.3213
 20
407.8560
  0
VERTEX
999
2,2
  8
1
 10
493.5410
 20
394.3960
  0
VERTEX
999
2,2
  8
1
 10
491.9717
 20
380.8545
  0
VERTEX
999
2,2
  8
1
 10
490.6084
 20
367.1807
  0
VERTEX
999
2,2
  8
1
 10
489.4453
 20
353.3228
  0
VERTEX
999
2,2
  8
1
 10
488.4766
 20
339.2310
  0
VERTEX
999
2,2
  8
1
 10
487.6963
 20
324.8530
  0
VERTEX
999
2,2
  8
1
 10
487.0996
 20
310.1387
  0
VERTEX
999
2,2
  8
1
 10
486.6802
 20
295.0371
  0
VERTEX
999
2,2
  8
1
 10
486.4326
 20
279.4971
  0
VERTEX
999
2,1,,36
  8
1
 10
486.3516
 20
263.4673
  0
VERTEX
999
2,1,,37
  8
1
 10
486.3516
 20
209.4609
  0
VERTEX
999
2,1,,38
  8
1
 10
486.3516
 20
184.4609
  0
VERTEX
999
2,1,,39
  8
1
 10
486.3516
 20
37.0029
  0
VERTEX
999
2,1,,40
  8
1
 10
272.7388
 20
37.0000
  0
SEQEND
  0
LINE
999
5,1,,41
  8
1
 10
59.1265
 20
184.4609
 11
69.1265
 21
184.4609
  0
LINE
999
5,1,,43
  8
1
 10
59.1265
 20
209.4609
 11
69.1265
 21
209.4609
  0
LINE
999
5,1,,45
  8
1
 10
486.3516
 20
209.4609
 11
476.3516
 21
209.4609
  0
LINE
999
5,1,,47
  8
1
 10
486.3516
 20
184.4609
 11
476.3516
 21
184.4609
  0
LINE
999
5,1,,49
  8
1
 10
59.1265
 20
263.4673
 11
272.7388
 21
263.4673
  0
LINE
999
5,1,,51
  8
1
 10
486.3516
 20
263.4673
 11
272.7388
 21
263.4673
  0
LINE
999
5,1,,53
  8
1
 10
12.7388
 20
693.6660
 11
272.7388
 21
693.6660
  0
LINE
999
5,1,,55
  8
1
 10
532.7388
 20
693.6660
 11
272.7388
 21
693.6660
  0
LINE
999
5,1,,57
  8
1
 10
236.7393
 20
677.0000
 11
236.7393
 21
664.0000
  0
LINE
999
5,1,,59
  8
1
 10
272.7393
 20
664.0000
 11
236.7393
 21
664.0000
  0
LINE
999
5,1,,61
  8
1
 10
272.7393
 20
677.0000
 11
236.7393
 21
677.0000
  0
LINE
999
5,1,,63
  8
1
 10
272.7393
 20
677.0000
 11
308.7393
 21
677.0000
  0
LINE
999
5,1,,65
  8
1
 10
308.7393
 20
677.0000
 11
308.7393
 21
664.0000
  0
LINE
999
5,1,,67
  8
1
 10
272.7393
 20
664.0000
 11
308.7393
 21
664.0000
  0
LINE
999
5,1,,69
  8
1
  6
2
 10
272.7383
 20
62.0000
 11
59.1265
 21
62.0029
  0
LINE
999
5,1,,71
  8
1
  6
2
 10
272.7393
 20
62.0000
 11
486.3516
 21
62.0029
  0
LINE
999
5,1,,73
  8
1
 10
59.1265
 20
176.9609
 11
272.7388
 21
176.9609
  0
LINE
999
5,1,,75
  8
1
 10
486.3516
 20
176.9609
 11
272.7388
 21
176.9609
  0
LINE
999
5,1,,77
  8
1
 10
59.1265
 20
216.9609
 11
272.7388
 21
216.9609
  0
LINE
999
5,1,,79
  8
1
 10
486.3516
 20
216.9609
 11
272.7388
 21
216.9609
  0
LINE
999
5,1,,81
  8
1
 10
49.1855
 20
414.5669
 11
272.7388
 21
414.5669
  0
LINE
999
5,1,,83
  8
1
 10
496.2920
 20
414.5669
 11
272.7388
 21
414.5669
  0
LINE
999
5,1,,85
  8
1
  6
2
 10
14.7139
 20
688.0005
 11
187.5098
 21
748.2339
  0
LINE
999
3,1,,87
  8
1
 10
272.7388
 20
0.0000
 11
272.7388
 21
737.0015
  0
LINE
999
5,1,,87
  8
1
  6
2
 10
530.7642
 20
688.0005
 11
357.9683
 21
748.2339
  0
POLYLINE
999
5
  8
1
  6
2
 66
1
 70
0
  0
VERTEX
999
5,1,,89
  8
1
 10
31.3872
 20
503.6973
  0
VERTEX
999
5,2
  8
1
 10
33.5015
 20
517.6069
  0
VERTEX
999
5,2
  8
1
 10
35.0015
 20
531.9731
  0
VERTEX
999
5,2
  8
1
 10
35.9238
 20
546.6733
  0
VERTEX
999
5,2
  8
1
 10
36.3052
 20
561.5859
  0
VERTEX
999
5,2
  8
1
 10
36.1831
 20
576.5874
  0
VERTEX
999
5,2
  8
1
 10
35.5933
 20
591.5566
  0
VERTEX
999
5,2
  8
1
 10
34.5728
 20
606.3711
  0
VERTEX
999
5,2
  8
1
 10
33.1587
 20
620.9087
  0
VERTEX
999
5,2
  8
1
 10
31.3877
 20
635.0469
  0
VERTEX
999
5,2
  8
1
 10
29.2964
 20
648.6636
  0
VERTEX
999
5,2
  8
1
 10
26.9209
 20
661.6367
  0
VERTEX
999
5,2
  8
1
 10
24.2988
 20
673.8438
  0
VERTEX
999
5,2
  8
1
 10
21.4668
 20
685.1626
  0
VERTEX
999
5,1,,90
  8
1
 10
18.4609
 20
695.4712
  0
SEQEND
  0
POLYLINE
999
5
  8
1
 66
1
 70
0
  0
VERTEX
999
5,1,,91
  8
1
 10
272.7388
 20
517.5718
  0
VERTEX
999
5,2
  8
1
 10
268.8462
 20
516.7861
  0
VERTEX
999
5,2
  8
1
 10
265.6675
 20
514.6431
  0
VERTEX
999
5,2
  8
1
 10
263.5244
 20
511.4644
  0
VERTEX
999
5,2
  8
1
 10
262.7388
 20
507.5718
  0
VERTEX
999
5,2
  8
1
 10
263.5244
 20
503.6797
  0
VERTEX
999
5,2
  8
1
 10
265.6675
 20
500.5010
  0
VERTEX
999
5,2
  8
1
 10
268.8462
 20
498.3579
  0
VERTEX
999
5,1,,92
  8
1
 10
272.7388
 20
497.5718
  0
SEQEND
  0
POLYLINE
999
5
  8
1
 66
1
 70
0
  0
VERTEX
999
5,1,,93
  8
1
 10
272.7388
 20
522.5718
  0
VERTEX
999
5,2
  8
1
 10
268.7510
 20
522.0361
  0
VERTEX
999
5,2
  8
1
 10
265.1680
 20
520.5239
  0
VERTEX
999
5,2
  8
1
 10
262.1323
 20
518.1782
  0
VERTEX
999
5,2
  8
1
 10
259.7866
 20
515.1426
  0
VERTEX
999
5,2
  8
1
 10
258.2744
 20
511.5596
  0
VERTEX
999
5,2
  8
1
 10
257.7388
 20
507.5718
  0
VERTEX
999
5,2
  8
1
 10
258.2744
 20
503.5840
  0
VERTEX
999
5,2
  8
1
 10
259.7866
 20
500.0010
  0
VERTEX
999
5,2
  8
1
 10
262.1323
 20
496.9653
  0
VERTEX
999
5,2
  8
1
 10
265.1680
 20
494.6196
  0
VERTEX
999
5,2
  8
1
 10
268.7510
 20
493.1074
  0
VERTEX
999
5,1,,94
  8
1
 10
272.7388
 20
492.5718
  0
SEQEND
  0
POLYLINE
999
5
  8
1
  6
2
 66
1
 70
0
  0
VERTEX
999
5,1,,95
  8
1
 10
514.0908
 20
503.6973
  0
VERTEX
999
5,2
  8
1
 10
511.9766
 20
517.6069
  0
VERTEX
999
5,2
  8
1
 10
510.4766
 20
531.9731
  0
VERTEX
999
5,2
  8
1
 10
509.5542
 20
546.6733
  0
VERTEX
999
5,2
  8
1
 10
509.1729
 20
561.5859
  0
VERTEX
999
5,2
  8
1
 10
509.2949
 20
576.5874
  0
VERTEX
999
5,2
  8
1
 10
509.8848
 20
591.5566
  0
VERTEX
999
5,2
  8
1
 10
510.9048
 20
606.3711
  0
VERTEX
999
5,2
  8
1
 10
512.3193
 20
620.9087
  0
VERTEX
999
5,2
  8
1
 10
514.0903
 20
635.0469
  0
VERTEX
999
5,2
  8
1
 10
516.1816
 20
648.6636
  0
VERTEX
999
5,2
  8
1
 10
518.5571
 20
661.6367
  0
VERTEX
999
5,2
  8
1
 10
521.1792
 20
673.8438
  0
VERTEX
999
5,2
  8
1
 10
524.0112
 20
685.1626
  0
VERTEX
999
5,1,,96
  8
1
 10
527.0171
 20
695.4712
  0
SEQEND
  0
POINT
999
9,1,,97
  8
1
 10
241.7393
 20
670.5000
  0
POINT
999
9,1,,98
  8
1
 10
303.7393
 20
670.5000
  0
ENDBLK
  0
BLOCK
  8
1
  2
P0005_06
 70
64
 10
0.0000
 20
0.0000
  0
TEXT
  8
1
 10
106.1404
 20
349.2456
 40
10.0000
 50
0.0000
  1
PIECE: 前身頃
  7
STANDARD
  0
TEXT
  8
1
 10
106.1404
 20
337.7456
 40
10.0000
 50
0.0000
  1
SIZE: XL
  7
STANDARD
  0
TEXT
  8
1
 10
106.1404
 20
326.2456
 40
10.0000
 50
0.0000
  1
FABRIC: 表地
  7
STANDARD
  0
TEXT
  8
1
 10
106.1404
 20
314.7456
 40
10.0000
 50
0.0000
  1
QUANTITY: 2
  7
STANDARD
  0
TEXT
  8
1
 10
24.6118
 20
330.5771
 40
5.0000
 50
0.0000
  1
COMMENT: リベット
  7
STANDARD
  0
TEXT
  8
1
 10
31.8237
 20
496.1777
 40
4.0000
 50
0.0000
  1
COMMENT: カンヌキ
  7
STANDARD
  0
TEXT
  8
1
 10
58.4556
 20
518.8384
 40
5.0000
 50
0.0000
  1
COMMENT: 左のみポケット
  7
STANDARD
  0
TEXT
  8
1
 10
58.4556
 20
513.8384
 40
5.0000
 50
0.0000
  1
COMMENT: 両玉縁+ファスナー付き
  7
STANDARD
  0
TEXT
  8
1
 10
24.3916
 20
462.9067
 40
5.0000
 50
0.0000
  1
COMMENT: リベット
  7
STANDARD
  0
TEXT
  8
1
 10
230.1416
 20
144.6182
 40
4.0000
 50
17.9983
  1
COMMENT: カンヌキ
  7
STANDARD
  0
TEXT
  8
1
 10
202.2925
 20
242.7383
 40
5.0000
 50
287.9981
  1
COMMENT: 片玉縁ポケット
  7
STANDARD
  0
TEXT
  8
1
 10
173.1902
 20
316.7456
 40
4.0000
 50
17.9983
  1
COMMENT: カンヌキ
  7
STANDARD
  0
TEXT
  8
1
 10
176.4993
 20
534.0259
 40
4.0000
 50
0.0000
  1
COMMENT: カンヌキ
  7
STANDARD
  0
POLYLINE
999
1
  8
1
 66
1
 70
0
  0
VERTEX
999
1,1,,1
  8
1
 10
314.7246
 20
8.8301
  0
VERTEX
999
1,2,1
  8
1
 10
304.7222
 20
8.5024
 38
10.0001
 50
94.0151
  0
VERTEX
999
1,2
  8
1
 10
303.3408
 20
8.4570
  0
VERTEX
999
1,2
  8
1
 10
292.8335
 20
8.1133
  0
VERTEX
999
1,2
  8
1
 10
184.2471
 20
3.2070
  0
VERTEX
999
1,1,,2
  8
1
 10
75.6184
 20
0.0000
  0
VERTEX
999
1,1,,3
  8
1
 10
65.5940
 20
0.0000
  0
VERTEX
999
1,2,1
  8
1
 10
10.0000
 20
0.0000
 38
10.0000
 50
90.0000
  0
VERTEX
999
1,1,,4
  8
1
 10
0.0000
 20
0.0000
  0
VERTEX
999
1,2,1
  8
1
 10
0.0002
 20
37.0000
 38
10.0000
 50
0.0000
  0
VERTEX
999
1,2,1
  8
1
 10
0.0002
 20
42.0000
 38
12.0000
 50
0.0000
  0
VERTEX
999
1,2,1
  8
1
 10
0.0059
 20
632.0488
 38
12.0000
 50
0.0000
  0
VERTEX
999
1,2,1
  8
1
 10
0.0059
 20
634.5151
 38
9.9999
 50
14.2178
  0
VERTEX
999
1,1,,5
  8
1
 10
0.0059
 20
644.8311
  0
VERTEX
999
1,2
  8
1
 10
7.5498
 20
646.7427
  0
VERTEX
999
1,2,1
  8
1
 10
10.0066
 20
647.3945
 38
10.0000
 50
269.9986
  0
VERTEX
999
1,2
  8
1
 10
17.3230
 20
649.7109
  0
VERTEX
999
1,2
  8
1
 10
26.3962
 20
653.4736
  0
VERTEX
999
1,2
  8
1
 10
34.7581
 20
658.0098
  0
VERTEX
999
1,2
  8
1
 10
42.3965
 20
663.2979
  0
VERTEX
999
1,2
  8
1
 10
49.3000
 20
669.3154
  0
VERTEX
999
1,2
  8
1
 10
55.4565
 20
676.0415
  0
VERTEX
999
1,2
  8
1
 10
61.5273
 20
684.5093
  0
VERTEX
999
1,2
  8
1
 10
66.5334
 20
693.7246
  0
VERTEX
999
1,2
  8
1
 10
70.4707
 20
703.6431
  0
VERTEX
999
1,2
  8
1
 10
73.3345
 20
714.2217
  0
VERTEX
999
1,2
  8
1
 10
75.1206
 20
725.4160
  0
VERTEX
999
1,2
  8
1
 10
75.8247
 20
737.1831
  0
VERTEX
999
1,1,1,6
  8
1
 10
75.8674
 20
740.3726
 38
9.9999
 50
341.5305
  0
VERTEX
999
1,1,,7
  8
1
 10
79.0342
 20
749.8579
  0
VERTEX
999
1,2,1
  8
1
 10
88.9905
 20
746.5342
 38
10.0000
 50
251.5381
  0
VERTEX
999
1,2,1
  8
1
 10
262.5664
 20
688.5864
 38
9.9999
 50
251.5394
  0
VERTEX
999
1,1,,8
  8
1
 10
272.0654
 20
685.4150
  0
VERTEX
999
1,1,1,9
  8
1
 10
268.8989
 20
675.9297
 38
9.9999
 50
161.5394
  0
VERTEX
999
1,2
  8
1
 10
268.6978
 20
675.4219
  0
VERTEX
999
1,2
  8
1
 10
265.6001
 20
667.1406
  0
VERTEX
999
1,2
  8
1
 10
262.4780
 20
657.8721
  0
VERTEX
999
1,2
  8
1
 10
259.3857
 20
647.7256
  0
VERTEX
999
1,2
  8
1
 10
256.3789
 20
636.8120
  0
VERTEX
999
1,2
  8
1
 10
253.5127
 20
625.2412
  0
VERTEX
999
1,2
  8
1
 10
250.8423
 20
613.1235
  0
VERTEX
999
1,2
  8
1
 10
248.4229
 20
600.5693
  0
VERTEX
999
1,2
  8
1
 10
246.3096
 20
587.6890
  0
VERTEX
999
1,2
  8
1
 10
244.5752
 20
574.7603
  0
VERTEX
999
1,2
  8
1
 10
243.2446
 20
561.7261
  0
VERTEX
999
1,2
  8
1
 10
242.3770
 20
548.6948
  0
VERTEX
999
1,2
  8
1
 10
242.0298
 20
535.7764
  0
VERTEX
999
1,2
  8
1
 10
242.2627
 20
523.0781
  0
VERTEX
999
1,2
  8
1
 10
243.1333
 20
510.7095
  0
VERTEX
999
1,2
  8
1
 10
244.7002
 20
498.7788
  0
VERTEX
999
1,2
  8
1
 10
247.0225
 20
487.3950
  0
VERTEX
999
1,2
  8
1
 10
248.1069
 20
483.3052
  0
VERTEX
999
1,2
  8
1
 10
249.3247
 20
479.3330
  0
VERTEX
999
1,2
  8
1
 10
250.6787
 20
475.4844
  0
VERTEX
999
1,1,1,10
  8
1
 10
252.1743
 20
471.7573
 38
9.9997
 50
203.1461
  0
VERTEX
999
1,2
  8
1
 10
256.0728
 20
463.8794
  0
VERTEX
999
1,2
  8
1
 10
260.7100
 20
456.7383
  0
VERTEX
999
1,2
  8
1
 10
266.0986
 20
450.4058
  0
VERTEX
999
1,2
  8
1
 10
272.2539
 20
444.9424
  0
VERTEX
999
1,2
  8
1
 10
279.1914
 20
440.4106
  0
VERTEX
999
1,2
  8
1
 10
286.9268
 20
436.8730
  0
VERTEX
999
1,2
  8
1
 10
295.4761
 20
434.3906
  0
VERTEX
999
1,2,1
  8
1
 10
304.8545
 20
433.0264
 38
10.0002
 50
265.4211
  0
VERTEX
999
1,1,,11
  8
1
 10
314.8496
 20
432.2256
  0
VERTEX
999
1,1,1,12
  8
1
 10
314.0513
 20
422.2573
 38
10.0002
 50
175.4211
  0
VERTEX
999
1,1,1,13
  8
1
 10
313.1685
 20
271.8999
 38
10.0002
 50
179.6643
  0
VERTEX
999
1,1,1,14
  8
1
 10
312.1299
 20
45.7646
 38
10.0000
 50
181.8776
  0
VERTEX
999
1,1,,15
  8
1
 10
314.7246
 20
8.8301
  0
SEQEND
  0
POLYLINE
999
2
  8
1
 66
1
 70
0
  0
VERTEX
999
2,1,,16
  8
1
 10
302.1284
 20
45.4370
  0
VERTEX
999
2,2
  8
1
 10
291.6265
 20
45.0938
  0
VERTEX
999
2,2
  8
1
 10
183.6221
 20
40.2007
  0
VERTEX
999
2,1,,17
  8
1
 10
75.5940
 20
37.0000
  0
VERTEX
999
2,1,,18
  8
1
 10
65.5940
 20
37.0000
  0
VERTEX
999
2,1,,19
  8
1
 10
10.0002
 20
37.0000
  0
VERTEX
999
2,1,,20
  8
1
 10
10.0059
 20
637.0488
  0
VERTEX
999
2,2
  8
1
 10
18.8960
 20
639.6724
  0
VERTEX
999
2,2
  8
1
 10
27.2722
 20
642.8950
  0
VERTEX
999
2,2
  8
1
 10
35.1257
 20
646.6963
  0
VERTEX
999
2,2
  8
1
 10
42.4482
 20
651.0562
  0
VERTEX
999
2,2
  8
1
 10
49.2314
 20
655.9536
  0
VERTEX
999
2,2
  8
1
 10
55.4668
 20
661.3682
  0
VERTEX
999
2,2
  8
1
 10
57.4944
 20
663.3589
  0
VERTEX
999
2,2
  8
1
 10
59.4607
 20
665.4160
  0
VERTEX
999
2,2
  8
1
 10
61.3635
 20
667.5356
  0
VERTEX
999
2,2
  8
1
 10
63.2004
 20
669.7144
  0
VERTEX
999
2,2
  8
1
 10
64.9695
 20
671.9492
  0
VERTEX
999
2,2
  8
1
 10
66.6682
 20
674.2363
  0
VERTEX
999
2,2
  8
1
 10
68.2944
 20
676.5718
  0
VERTEX
999
2,2
  8
1
 10
69.8459
 20
678.9526
  0
VERTEX
999
2,2
  8
1
 10
74.5491
 20
687.3369
  0
VERTEX
999
2,2
  8
1
 10
78.4536
 20
696.2837
  0
VERTEX
999
2,2
  8
1
 10
81.5469
 20
705.7607
  0
VERTEX
999
2,2
  8
1
 10
83.8149
 20
715.7358
  0
VERTEX
999
2,2
  8
1
 10
85.2451
 20
726.1758
  0
VERTEX
999
2,1,,21
  8
1
 10
85.8237
 20
737.0488
  0
VERTEX
999
2,1,,22
  8
1
 10
259.3994
 20
679.1011
  0
VERTEX
999
2,2
  8
1
 10
255.7651
 20
669.3140
  0
VERTEX
999
2,2
  8
1
 10
252.1060
 20
658.2256
  0
VERTEX
999
2,2
  8
1
 10
248.5063
 20
646.0049
  0
VERTEX
999
2,2
  8
1
 10
245.0527
 20
632.8198
  0
VERTEX
999
2,2
  8
1
 10
241.8301
 20
618.8394
  0
VERTEX
999
2,2
  8
1
 10
238.9238
 20
604.2319
  0
VERTEX
999
2,2
  8
1
 10
236.4194
 20
589.1655
  0
VERTEX
999
2,2
  8
1
 10
234.4019
 20
573.8091
  0
VERTEX
999
2,2
  8
1
 10
232.9570
 20
558.3311
  0
VERTEX
999
2,2
  8
1
 10
232.1704
 20
542.8994
  0
VERTEX
999
2,2
  8
1
 10
232.1270
 20
527.6836
  0
VERTEX
999
2,2
  8
1
 10
232.9126
 20
512.8506
  0
VERTEX
999
2,2
  8
1
 10
234.6118
 20
498.5703
  0
VERTEX
999
2,2
  8
1
 10
237.3110
 20
485.0103
  0
VERTEX
999
2,2
  8
1
 10
238.5039
 20
480.5156
  0
VERTEX
999
2,2
  8
1
 10
239.8452
 20
476.1499
  0
VERTEX
999
2,2
  8
1
 10
241.3364
 20
471.9185
  0
VERTEX
999
2,1,,23
  8
1
 10
242.9790
 20
467.8267
  0
VERTEX
999
2,2
  8
1
 10
247.5015
 20
458.6958
  0
VERTEX
999
2,2
  8
1
 10
252.8804
 20
450.4365
  0
VERTEX
999
2,2
  8
1
 10
259.1318
 20
443.1172
  0
VERTEX
999
2,2
  8
1
 10
266.2720
 20
436.8081
  0
VERTEX
999
2,2
  8
1
 10
274.3184
 20
431.5781
  0
VERTEX
999
2,2
  8
1
 10
283.2866
 20
427.4971
  0
VERTEX
999
2,2
  8
1
 10
293.1934
 20
424.6338
  0
VERTEX
999
2,1,,24
  8
1
 10
304.0557
 20
423.0581
  0
VERTEX
999
2,1,,25
  8
1
 10
303.1685
 20
271.9585
  0
VERTEX
999
2,1,,26
  8
1
 10
302.1284
 20
45.4370
  0
SEQEND
  0
LINE
999
5,1,,27
  8
1
 10
10.0002
 20
42.0000
 11
22.0002
 21
42.0000
  0
LINE
999
5,1,,29
  8
1
 10
10.0059
 20
632.0488
 11
22.0059
 21
632.0488
  0
LINE
999
5,1,,31
  8
1
 10
242.9790
 20
467.8267
 11
233.7842
 21
463.8960
  0
LINE
999
5,1,,33
  8
1
 10
303.1685
 20
271.9585
 11
293.1685
 21
272.0171
  0
LINE
999
5,1,,35
  8
1
 10
304.0557
 20
423.0581
 11
3.0037
 21
423.0610
  0
LINE
999
5,1,,37
  8
1
 10
303.1685
 20
271.9585
 11
3.0059
 21
271.9585
  0
LINE
999
5,1,,39
  8
1
  6
2
 10
52.4927
 20
475.4204
 11
180.4702
 21
511.6245
  0
LINE
999
5,1,,41
  8
1
  6
2
 10
47.5928
 20
492.7407
 11
52.4927
 21
475.4204
  0
LINE
999
5,1,,43
  8
1
  6
2
 10
47.5928
 20
492.7407
 11
175.5703
 21
528.9448
  0
LINE
999
5,1,,45
  8
1
  6
2
 10
175.5703
 20
528.9448
 11
180.4702
 21
511.6245
  0
LINE
999
5,1,,47
  8
1
 10
49.4446
 20
491.7056
 11
53.5276
 21
477.2720
  0
LINE
999
5,1,,49
  8
1
 10
53.5276
 20
477.2720
 11
178.6187
 21
512.6597
  0
LINE
999
5,1,,51
  8
1
 10
49.4446
 20
491.7056
 11
174.5354
 21
527.0933
  0
LINE
999
5,1,,53
  8
1
 10
174.5354
 20
527.0933
 11
178.6187
 21
512.6597
  0
LINE
999
5,1,,55
  8
1
  6
3
 10
220.4736
 20
139.1187
 11
161.7673
 21
319.8218
  0
LINE
999
5,1,,57
  8
1
  6
3
 10
253.7607
 20
149.9331
 11
220.4736
 21
139.1187
  0
LINE
999
5,1,,59
  8
1
  6
3
 10
161.7673
 20
319.8218
 11
195.0542
 21
330.6362
  0
LINE
999
5,1,,61
  8
1
  6
3
 10
195.0542
 20
330.6362
 11
253.7607
 21
149.9331
  0
LINE
999
5,1,,63
  8
1
 10
226.8945
 20
151.7192
 11
174.3679
 21
313.4009
  0
LINE
999
5,1,,65
  8
1
 10
241.1606
 20
156.3540
 11
226.8945
 21
151.7192
  0
LINE
999
5,1,,67
  8
1
 10
174.3679
 20
313.4009
 11
188.6333
 21
318.0356
  0
LINE
999
5,1,,69
  8
1
 10
188.6333
 20
318.0356
 11
241.1606
 21
156.3540
  0
LINE
999
5,1,,71
  8
1
  6
2
 10
225.9312
 20
149.8291
 11
172.4778
 21
314.3638
  0
LINE
999
5,1,,73
  8
1
  6
2
 10
243.0503
 20
155.3911
 11
225.9312
 21
149.8291
  0
LINE
999
5,1,,75
  8
1
  6
2
 10
172.4778
 20
314.3638
 11
189.5967
 21
319.9258
  0
LINE
999
5,1,,77
  8
1
  6
2
 10
189.5967
 20
319.9258
 11
243.0503
 21
155.3911
  0
LINE
999
5,1,,79
  8
1
  6
2
 10
10.0911
 20
62.0713
 11
75.5940
 21
62.0713
  0
LINE
999
5,1,,81
  8
1
  6
2
 10
15.9998
 20
37.0000
 11
16.0059
 21
639.1255
  0
LINE
999
3,1,,83
  8
1
 10
2.9995
 20
0.0000
 11
3.0059
 21
645.5913
  0
LINE
999
5,1,,83
  8
1
 10
51.4861
 20
484.4888
 11
176.5769
 21
519.8765
  0
POLYLINE
999
5
  8
1
  6
2
 66
1
 70
0
  0
VERTEX
999
5,1,,85
  8
1
 10
301.7944
 20
70.4390
  0
VERTEX
999
5,2
  8
1
 10
290.6890
 20
70.0757
  0
VERTEX
999
5,2
  8
1
 10
183.2444
 20
65.2041
  0
VERTEX
999
5,1,,86
  8
1
 10
75.5940
 20
62.0713
  0
SEQEND
  0
POLYLINE
999
5
  8
1
 66
1
 70
0
  0
VERTEX
999
5,1,,87
  8
1
 10
213.0767
 20
275.1621
  0
VERTEX
999
5,2
  8
1
 10
203.0776
 20
249.3027
  0
VERTEX
999
5,1,,88
  8
1
 10
193.0781
 20
223.4434
  0
SEQEND
  0
POLYLINE
999
5
  8
1
 66
1
 70
0
  0
VERTEX
999
5,1,,89
  8
1
 10
211.1187
 20
281.1890
  0
VERTEX
999
5,2
  8
1
 10
201.1196
 20
255.3296
  0
VERTEX
999
5,1,,90
  8
1
 10
191.1201
 20
229.4702
  0
SEQEND
  0
POLYLINE
999
5
  8
1
 66
1
 70
0
  0
VERTEX
999
5,1,,91
  8
1
 10
212.0977
 20
278.1758
  0
VERTEX
999
5,2
  8
1
 10
202.0986
 20
252.3164
  0
VERTEX
999
5,1,,92
  8
1
 10
192.0991
 20
226.4565
  0
SEQEND
  0
POLYLINE
999
5
  8
1
  6
2
 66
1
 70
0
  0
VERTEX
999
5,1,,93
  8
1
 10
253.8203
 20
681.3086
  0
VERTEX
999
5,2
  8
1
 10
250.4238
 20
672.2217
  0
VERTEX
999
5,2
  8
1
 10
247.0537
 20
662.1807
  0
VERTEX
999
5,2
  8
1
 10
243.7607
 20
651.2969
  0
VERTEX
999
5,2
  8
1
 10
240.5967
 20
639.6807
  0
VERTEX
999
5,2
  8
1
 10
237.6138
 20
627.4434
  0
VERTEX
999
5,2
  8
1
 10
234.8633
 20
614.6958
  0
VERTEX
999
5,2
  8
1
 10
232.3965
 20
601.5488
  0
VERTEX
999
5,2
  8
1
 10
230.2656
 20
588.1138
  0
VERTEX
999
5,2
  8
1
 10
228.5215
 20
574.5020
  0
VERTEX
999
5,2
  8
1
 10
227.2158
 20
560.8237
  0
VERTEX
999
5,2
  8
1
 10
226.4004
 20
547.1899
  0
VERTEX
999
5,2
  8
1
 10
226.1274
 20
533.7124
  0
VERTEX
999
5,2
  8
1
 10
226.4473
 20
520.5015
  0
VERTEX
999
5,2
  8
1
 10
227.4121
 20
507.6685
  0
VERTEX
999
5,2
  8
1
 10
229.0742
 20
495.3242
  0
VERTEX
999
5,2
  8
1
 10
231.4839
 20
483.5796
  0
VERTEX
999
5,2
  8
1
 10
232.7061
 20
478.9678
  0
VERTEX
999
5,2
  8
1
 10
234.1040
 20
474.4019
  0
VERTEX
999
5,2
  8
1
 10
235.6865
 20
469.8970
  0
VERTEX
999
5,1,,94
  8
1
 10
237.4624
 20
465.4683
  0
SEQEND
  0
POLYLINE
999
5
  8
1
  6
2
 66
1
 70
0
  0
VERTEX
999
5,1,,95
  8
1
 10
237.4624
 20
465.4683
  0
VERTEX
999
5,2
  8
1
 10
242.5430
 20
455.2837
  0
VERTEX
999
5,2
  8
1
 10
248.5615
 20
446.1992
  0
VERTEX
999
5,2
  8
1
 10
255.5049
 20
438.2563
  0
VERTEX
999
5,2
  8
1
 10
263.3574
 20
431.4946
  0
VERTEX
999
5,2
  8
1
 10
272.1055
 20
425.9551
  0
VERTEX
999
5,2
  8
1
 10
281.7344
 20
421.6787
  0
VERTEX
999
5,2
  8
1
 10
292.2295
 20
418.7056
  0
VERTEX
999
5,1,,96
  8
1
 10
303.5767
 20
417.0771
  0
SEQEND
  0
LINE
999
10,1,,97
  8
1
 10
30.0044
 20
477.2720
 11
20.0044
 21
477.2720
  0
LINE
999
10,1,,97
  8
1
 10
25.0044
 20
482.2720
 11
25.0044
 21
472.2720
  0
LINE
999
10,1,,98
  8
1
 10
30.0032
 20
347.2720
 11
20.0032
 21
347.2720
  0
LINE
999
10,1,,98
  8
1
 10
25.0032
 20
352.2720
 11
25.0032
 21
342.2720
  0
ENDBLK
  0
BLOCK
  8
1
  2
P0006_06
 70
64
 10
0.0000
 20
0.0000
  0
TEXT
  8
1
 10
123.6963
 20
303.1362
 40
10.0000
 50
0.0000
  1
PIECE: 裏前袖
  7
STANDARD
  0
TEXT
  8
1
 10
123.6963
 20
291.6362
 40
10.0000
 50
0.0000
  1
SIZE: XL
  7
STANDARD
  0
TEXT
  8
1
 10
123.6963
 20
280.1362
 40
10.0000
 50
0.0000
  1
FABRIC: 裏地キルト
  7
STANDARD
  0
TEXT
  8
1
 10
123.6963
 20
268.6362
 40
10.0000
 50
0.0000
  1
QUANTITY: 2
  7
STANDARD
  0
TEXT
  8
1
 10
257.1885
 20
578.3359
 40
8.0000
 50
0.0000
  1
COMMENT: SP
  7
STANDARD
  0
POLYLINE
999
1
  8
1
 66
1
 70
0
  0
VERTEX
999
1,1,1,1
  8
1
 10
262.3599
 20
610.3416
 38
10.0002
 50
271.0547
  0
VERTEX
999
1,2
  8
1
 10
275.9878
 20
609.9812
  0
VERTEX
999
1,2
  8
1
 10
288.9370
 20
608.8010
  0
VERTEX
999
1,2
  8
1
 10
301.2554
 20
606.8528
  0
VERTEX
999
1,2
  8
1
 10
312.9907
 20
604.1877
  0
VERTEX
999
1,2
  8
1
 10
324.1904
 20
600.8577
  0
VERTEX
999
1,2
  8
1
 10
334.9033
 20
596.9138
  0
VERTEX
999
1,2
  8
1
 10
345.1763
 20
592.4075
  0
VERTEX
999
1,1,1,2
  8
1
 10
355.0571
 20
587.3904
 38
10.0000
 50
268.0749
  0
VERTEX
999
1,1,,3
  8
1
 10
365.0513
 20
587.0544
  0
VERTEX
999
1,2,1
  8
1
 10
364.6738
 20
575.8171
 38
9.9998
 50
178.0734
  0
VERTEX
999
1,2
  8
1
 10
362.4175
 20
506.0952
  0
VERTEX
999
1,1,1,4
  8
1
 10
360.1323
 20
436.3672
 38
10.0001
 50
177.2783
  0
VERTEX
999
1,2
  8
1
 10
359.1987
 20
417.1824
  0
VERTEX
999
1,2
  8
1
 10
358.2285
 20
398.2432
  0
VERTEX
999
1,2
  8
1
 10
357.2148
 20
379.6086
  0
VERTEX
999
1,2
  8
1
 10
356.1475
 20
361.2661
  0
VERTEX
999
1,2
  8
1
 10
355.0166
 20
343.2024
  0
VERTEX
999
1,2
  8
1
 10
353.8130
 20
325.4048
  0
VERTEX
999
1,2
  8
1
 10
352.5259
 20
307.8599
  0
VERTEX
999
1,2
  8
1
 10
351.1460
 20
290.5552
  0
VERTEX
999
1,2
  8
1
 10
349.6631
 20
273.4773
  0
VERTEX
999
1,2
  8
1
 10
348.0669
 20
256.6135
  0
VERTEX
999
1,2
  8
1
 10
346.3486
 20
239.9507
  0
VERTEX
999
1,2
  8
1
 10
344.4971
 20
223.4761
  0
VERTEX
999
1,2
  8
1
 10
342.5029
 20
207.1765
  0
VERTEX
999
1,2
  8
1
 10
340.3564
 20
191.0393
  0
VERTEX
999
1,2
  8
1
 10
338.0474
 20
175.0510
  0
VERTEX
999
1,2
  8
1
 10
335.5659
 20
159.1992
  0
VERTEX
999
1,2
  8
1
 10
332.9023
 20
143.4705
  0
VERTEX
999
1,2
  8
1
 10
330.0464
 20
127.8523
  0
VERTEX
999
1,2
  8
1
 10
326.9883
 20
112.3313
  0
VERTEX
999
1,1,1,5
  8
1
 10
323.7188
 20
96.8977
 38
10.0000
 50
167.6223
  0
VERTEX
999
1,2
  8
1
 10
319.0713
 20
76.2119
  0
VERTEX
999
1,2
  8
1
 10
314.0762
 20
54.7563
  0
VERTEX
999
1,2
  8
1
 10
308.7217
 20
32.4077
  0
VERTEX
999
1,2,1
  8
1
 10
303.1646
 20
9.7256
 38
9.9999
 50
170.1499
  0
VERTEX
999
1,2
  8
1
 10
302.9966
 20
9.0454
  0
VERTEX
999
1,1,,6
  8
1
 10
300.7593
 20
0.0000
  0
VERTEX
999
1,2
  8
1
 10
291.5786
 20
1.5940
  0
VERTEX
999
1,2,1
  8
1
 10
290.8823
 20
1.7146
 38
10.0001
 50
76.1056
  0
VERTEX
999
1,1,,7
  8
1
 10
267.7173
 20
5.3345
  0
VERTEX
999
1,2
  8
1
 10
248.2158
 20
7.7747
  0
VERTEX
999
1,1,,8
  8
1
 10
228.6362
 20
9.3838
  0
VERTEX
999
1,2
  8
1
 10
215.4399
 20
9.8992
  0
VERTEX
999
1,1,,9
  8
1
 10
214.7954
 20
9.9143
  0
VERTEX
999
1,2
  8
1
 10
214.1587
 20
10.0120
  0
VERTEX
999
1,1,,10
  8
1
 10
201.3647
 20
11.7822
  0
VERTEX
999
1,2
  8
1
 10
188.7153
 20
12.7839
  0
VERTEX
999
1,2
  8
1
 10
176.6128
 20
13.5076
  0
VERTEX
999
1,2
  8
1
 10
164.8589
 20
13.9709
  0
VERTEX
999
1,2
  8
1
 10
153.2578
 20
14.1919
  0
VERTEX
999
1,2
  8
1
 10
141.6118
 20
14.1882
  0
VERTEX
999
1,2
  8
1
 10
129.7236
 20
13.9778
  0
VERTEX
999
1,2
  8
1
 10
117.3970
 20
13.5786
  0
VERTEX
999
1,2
  8
1
 10
104.4346
 20
13.0085
  0
VERTEX
999
1,2
  8
1
 10
90.6387
 20
12.2852
  0
VERTEX
999
1,2
  8
1
 10
75.8135
 20
11.4265
  0
VERTEX
999
1,2,1
  8
1
 10
75.5122
 20
11.4084
 38
9.9999
 50
91.6872
  0
VERTEX
999
1,1,,11
  8
1
 10
65.5249
 20
10.8118
  0
VERTEX
999
1,2,1
  8
1
 10
65.2305
 20
20.8125
 38
10.0002
 50
3.4179
  0
VERTEX
999
1,2
  8
1
 10
65.2217
 20
21.1143
  0
VERTEX
999
1,2
  8
1
 10
65.1670
 20
22.2620
  0
VERTEX
999
1,2
  8
1
 10
63.4443
 20
38.7134
  0
VERTEX
999
1,2
  8
1
 10
61.7075
 20
54.9910
  0
VERTEX
999
1,2
  8
1
 10
59.9531
 20
71.1060
  0
VERTEX
999
1,2
  8
1
 10
58.1792
 20
87.0696
  0
VERTEX
999
1,2
  8
1
 10
56.3818
 20
102.8926
  0
VERTEX
999
1,2
  8
1
 10
54.5591
 20
118.5862
  0
VERTEX
999
1,2
  8
1
 10
52.7085
 20
134.1619
  0
VERTEX
999
1,2
  8
1
 10
50.8262
 20
149.6301
  0
VERTEX
999
1,2
  8
1
 10
48.9106
 20
165.0027
  0
VERTEX
999
1,2
  8
1
 10
46.9580
 20
180.2903
  0
VERTEX
999
1,2
  8
1
 10
44.9663
 20
195.5044
  0
VERTEX
999
1,2
  8
1
 10
42.9321
 20
210.6558
  0
VERTEX
999
1,2,1
  8
1
 10
41.9165
 20
218.0330
 38
10.0000
 50
7.8312
  0
VERTEX
999
1,2
  8
1
 10
40.8535
 20
225.7554
  0
VERTEX
999
1,2
  8
1
 10
38.7271
 20
240.8149
  0
VERTEX
999
1,2
  8
1
 10
36.5508
 20
255.8450
  0
VERTEX
999
1,2
  8
1
 10
34.3208
 20
270.8572
  0
VERTEX
999
1,2
  8
1
 10
32.0352
 20
285.8621
  0
VERTEX
999
1,2
  8
1
 10
29.6904
 20
300.8711
  0
VERTEX
999
1,2
  8
1
 10
27.2847
 20
315.8955
  0
VERTEX
999
1,2
  8
1
 10
24.8149
 20
330.9460
  0
VERTEX
999
1,2
  8
1
 10
22.2778
 20
346.0342
  0
VERTEX
999
1,2
  8
1
 10
19.6714
 20
361.1707
  0
VERTEX
999
1,2
  8
1
 10
16.9927
 20
376.3669
  0
VERTEX
999
1,2
  8
1
 10
14.2383
 20
391.6340
  0
VERTEX
999
1,2
  8
1
 10
11.4063
 20
406.9829
  0
VERTEX
999
1,2
  8
1
 10
8.4932
 20
422.4248
  0
VERTEX
999
1,2
  8
1
 10
5.4971
 20
437.9707
  0
VERTEX
999
1,1,1,12
  8
1
 10
2.4146
 20
453.6321
 38
10.0000
 50
13.9725
  0
VERTEX
999
1,1,,13
  8
1
 10
0.0000
 20
463.3364
  0
VERTEX
999
1,2,1
  8
1
 10
9.7148
 20
465.7534
 38
10.0000
 50
283.9725
  0
VERTEX
999
1,2
  8
1
 10
20.9404
 20
468.5461
  0
VERTEX
999
1,2
  8
1
 10
31.9229
 20
471.7407
  0
VERTEX
999
1,2
  8
1
 10
42.0835
 20
475.6187
  0
VERTEX
999
1,2
  8
1
 10
51.5708
 20
480.1621
  0
VERTEX
999
1,2
  8
1
 10
60.5322
 20
485.3530
  0
VERTEX
999
1,2
  8
1
 10
69.1172
 20
491.1733
  0
VERTEX
999
1,1,1,14
  8
1
 10
77.5171
 20
497.6401
 38
9.9999
 50
308.4606
  0
VERTEX
999
1,2
  8
1
 10
86.6504
 20
504.8958
  0
VERTEX
999
1,2
  8
1
 10
93.4883
 20
510.4968
  0
VERTEX
999
1,2
  8
1
 10
100.1099
 20
516.2214
  0
VERTEX
999
1,2
  8
1
 10
106.5498
 20
522.0361
  0
VERTEX
999
1,2
  8
1
 10
112.8423
 20
527.9070
  0
VERTEX
999
1,2
  8
1
 10
119.0229
 20
533.8005
  0
VERTEX
999
1,2
  8
1
 10
125.1260
 20
539.6833
  0
VERTEX
999
1,2
  8
1
 10
133.1299
 20
547.3767
  0
VERTEX
999
1,2
  8
1
 10
141.1392
 20
554.9189
  0
VERTEX
999
1,2
  8
1
 10
149.2207
 20
562.2463
  0
VERTEX
999
1,2
  8
1
 10
157.4429
 20
569.2947
  0
VERTEX
999
1,2
  8
1
 10
165.8740
 20
576.0000
  0
VERTEX
999
1,2
  8
1
 10
174.5820
 20
582.2981
  0
VERTEX
999
1,2
  8
1
 10
183.6343
 20
588.1252
  0
VERTEX
999
1,2
  8
1
 10
193.0991
 20
593.4172
  0
VERTEX
999
1,2
  8
1
 10
203.0449
 20
598.1096
  0
VERTEX
999
1,2
  8
1
 10
213.5386
 20
602.1389
  0
VERTEX
999
1,2
  8
1
 10
224.6494
 20
605.4407
  0
VERTEX
999
1,2
  8
1
 10
236.4443
 20
607.9514
  0
VERTEX
999
1,2
  8
1
 10
248.9917
 20
609.6062
  0
VERTEX
999
1,1,,15
  8
1
 10
262.3599
 20
610.3416
  0
SEQEND
  0
POLYLINE
999
2
  8
1
 66
1
 70
0
  0
VERTEX
999
2,1,,16
  8
1
 10
262.4756
 20
600.3420
  0
VERTEX
999
2,2
  8
1
 10
276.1289
 20
599.9548
  0
VERTEX
999
2,2
  8
1
 10
289.0684
 20
598.6985
  0
VERTEX
999
2,2
  8
1
 10
301.3462
 20
596.6311
  0
VERTEX
999
2,2
  8
1
 10
313.0161
 20
593.8103
  0
VERTEX
999
2,2
  8
1
 10
324.1313
 20
590.2942
  0
VERTEX
999
2,2
  8
1
 10
334.7451
 20
586.1404
  0
VERTEX
999
2,2
  8
1
 10
344.9102
 20
581.4075
  0
VERTEX
999
2,1,,17
  8
1
 10
354.6797
 20
576.1528
  0
VERTEX
999
2,2
  8
1
 10
352.3486
 20
504.7129
  0
VERTEX
999
2,1,,18
  8
1
 10
350.1436
 20
436.8420
  0
VERTEX
999
2,2
  8
1
 10
349.2119
 20
417.6902
  0
VERTEX
999
2,2
  8
1
 10
348.2476
 20
398.8535
  0
VERTEX
999
2,2
  8
1
 10
347.2407
 20
380.3191
  0
VERTEX
999
2,2
  8
1
 10
346.1807
 20
362.0742
  0
VERTEX
999
2,2
  8
1
 10
345.0581
 20
344.1057
  0
VERTEX
999
2,2
  8
1
 10
343.8633
 20
326.4011
  0
VERTEX
999
2,2
  8
1
 10
342.5854
 20
308.9475
  0
VERTEX
999
2,2
  8
1
 10
341.2153
 20
291.7319
  0
VERTEX
999
2,2
  8
1
 10
339.7432
 20
274.7415
  0
VERTEX
999
2,2
  8
1
 10
338.1582
 20
257.9636
  0
VERTEX
999
2,2
  8
1
 10
336.4517
 20
241.3853
  0
VERTEX
999
2,2
  8
1
 10
334.6123
 20
224.9937
  0
VERTEX
999
2,2
  8
1
 10
332.6313
 20
208.7756
  0
VERTEX
999
2,2
  8
1
 10
330.4980
 20
192.7190
  0
VERTEX
999
2,2
  8
1
 10
328.2031
 20
176.8105
  0
VERTEX
999
2,2
  8
1
 10
325.7363
 20
161.0374
  0
VERTEX
999
2,2
  8
1
 10
323.0874
 20
145.3865
  0
VERTEX
999
2,2
  8
1
 10
320.2471
 20
129.8457
  0
VERTEX
999
2,2
  8
1
 10
317.2051
 20
114.4014
  0
VERTEX
999
2,1,,19
  8
1
 10
313.9517
 20
99.0413
  0
VERTEX
999
2,2
  8
1
 10
309.4106
 20
78.8298
  0
VERTEX
999
2,2
  8
1
 10
304.5371
 20
57.8875
  0
VERTEX
999
2,2
  8
1
 10
299.3159
 20
36.0730
  0
VERTEX
999
2,2
  8
1
 10
293.7334
 20
13.2456
  0
VERTEX
999
2,1,,20
  8
1
 10
293.2891
 20
11.4465
  0
VERTEX
999
2,1,,21
  8
1
 10
269.1279
 20
15.2346
  0
VERTEX
999
2,2
  8
1
 10
249.2183
 20
17.7244
  0
VERTEX
999
2,1,,22
  8
1
 10
229.1870
 20
19.3687
  0
VERTEX
999
2,1,,23
  8
1
 10
215.6748
 20
19.8965
  0
VERTEX
999
2,1,,24
  8
1
 10
202.2441
 20
21.7434
  0
VERTEX
999
2,2
  8
1
 10
189.4463
 20
22.7576
  0
VERTEX
999
2,2
  8
1
 10
177.2012
 20
23.4917
  0
VERTEX
999
2,2
  8
1
 10
165.3096
 20
23.9631
  0
VERTEX
999
2,2
  8
1
 10
153.5718
 20
24.1902
  0
VERTEX
999
2,2
  8
1
 10
141.7886
 20
24.1902
  0
VERTEX
999
2,2
  8
1
 10
129.7612
 20
23.9812
  0
VERTEX
999
2,2
  8
1
 10
117.2896
 20
23.5808
  0
VERTEX
999
2,2
  8
1
 10
104.1748
 20
23.0066
  0
VERTEX
999
2,2
  8
1
 10
90.2168
 20
22.2769
  0
VERTEX
999
2,1,,25
  8
1
 10
75.2173
 20
21.4087
  0
VERTEX
999
2,2
  8
1
 10
75.1138
 20
23.2939
  0
VERTEX
999
2,2
  8
1
 10
73.3794
 20
39.7971
  0
VERTEX
999
2,2
  8
1
 10
71.6309
 20
56.1257
  0
VERTEX
999
2,2
  8
1
 10
69.8662
 20
72.2913
  0
VERTEX
999
2,2
  8
1
 10
68.0825
 20
88.3047
  0
VERTEX
999
2,2
  8
1
 10
66.2764
 20
104.1772
  0
VERTEX
999
2,2
  8
1
 10
64.4453
 20
119.9202
  0
VERTEX
999
2,2
  8
1
 10
62.5864
 20
135.5444
  0
VERTEX
999
2,2
  8
1
 10
60.6968
 20
151.0613
  0
VERTEX
999
2,2
  8
1
 10
58.7739
 20
166.4819
  0
VERTEX
999
2,2
  8
1
 10
56.8145
 20
181.8176
  0
VERTEX
999
2,2
  8
1
 10
54.8164
 20
197.0793
  0
VERTEX
999
2,2
  8
1
 10
52.7759
 20
212.2783
  0
VERTEX
999
2,2
  8
1
 10
50.6909
 20
227.4258
  0
VERTEX
999
2,2
  8
1
 10
48.5586
 20
242.5330
  0
VERTEX
999
2,2
  8
1
 10
46.3760
 20
257.6108
  0
VERTEX
999
2,2
  8
1
 10
44.1396
 20
272.6707
  0
VERTEX
999
2,2
  8
1
 10
41.8477
 20
287.7239
  0
VERTEX
999
2,2
  8
1
 10
39.4966
 20
302.7813
  0
VERTEX
999
2,2
  8
1
 10
37.0840
 20
317.8540
  0
VERTEX
999
2,2
  8
1
 10
34.6069
 20
332.9536
  0
VERTEX
999
2,2
  8
1
 10
32.0625
 20
348.0908
  0
VERTEX
999
2,2
  8
1
 10
29.4478
 20
363.2771
  0
VERTEX
999
2,2
  8
1
 10
26.7603
 20
378.5237
  0
VERTEX
999
2,2
  8
1
 10
23.9971
 20
393.8413
  0
VERTEX
999
2,2
  8
1
 10
21.1553
 20
409.2417
  0
VERTEX
999
2,2
  8
1
 10
18.2319
 20
424.7356
  0
VERTEX
999
2,2
  8
1
 10
15.2241
 20
440.3345
  0
VERTEX
999
2,1,,26
  8
1
 10
12.1294
 20
456.0493
  0
VERTEX
999
2,2
  8
1
 10
23.3550
 20
458.8420
  0
VERTEX
999
2,2
  8
1
 10
35.1528
 20
462.3047
  0
VERTEX
999
2,2
  8
1
 10
46.1611
 20
466.5591
  0
VERTEX
999
2,2
  8
1
 10
56.4521
 20
471.5210
  0
VERTEX
999
2,2
  8
1
 10
66.0972
 20
477.1060
  0
VERTEX
999
2,2
  8
1
 10
75.1685
 20
483.2305
  0
VERTEX
999
2,1,,27
  8
1
 10
83.7368
 20
489.8098
  0
VERTEX
999
2,2
  8
1
 10
92.8711
 20
497.0659
  0
VERTEX
999
2,2
  8
1
 10
102.9385
 20
505.4136
  0
VERTEX
999
2,2
  8
1
 10
112.5737
 20
513.9929
  0
VERTEX
999
2,2
  8
1
 10
121.8853
 20
522.7007
  0
VERTEX
999
2,2
  8
1
 10
130.9800
 20
531.4324
  0
VERTEX
999
2,2
  8
1
 10
139.9663
 20
540.0850
  0
VERTEX
999
2,2
  8
1
 10
148.9521
 20
548.5542
  0
VERTEX
999
2,2
  8
1
 10
158.0449
 20
556.7363
  0
VERTEX
999
2,2
  8
1
 10
167.3521
 20
564.5278
  0
VERTEX
999
2,2
  8
1
 10
176.9819
 20
571.8250
  0
VERTEX
999
2,2
  8
1
 10
187.0420
 20
578.5237
  0
VERTEX
999
2,2
  8
1
 10
197.6406
 20
584.5203
  0
VERTEX
999
2,2
  8
1
 10
208.8848
 20
589.7112
  0
VERTEX
999
2,2
  8
1
 10
220.8823
 20
593.9929
  0
VERTEX
999
2,2
  8
1
 10
233.7417
 20
597.2610
  0
VERTEX
999
2,2
  8
1
 10
247.5703
 20
599.4119
  0
VERTEX
999
2,1,,28
  8
1
 10
262.4756
 20
600.3420
  0
SEQEND
  0
LINE
999
5,1,,29
  8
1
 10
350.1436
 20
436.8420
 11
340.1548
 21
437.3169
  0
LINE
999
5,1,,31
  8
1
 10
313.9517
 20
99.0413
 11
304.1841
 21
101.1848
  0
LINE
999
5,1,,33
  8
1
 10
51.8032
 20
219.3928
 11
61.7100
 21
220.7554
  0
LINE
999
5,1,,35
  8
1
 10
83.7368
 20
489.8098
 11
89.9565
 21
481.9795
  0
LINE
999
5,1,,37
  8
1
 10
262.4756
 20
600.3420
 11
262.6597
 21
590.3435
  0
LINE
999
5,1,,39
  8
1
 10
229.1870
 20
19.3687
 11
233.3330
 21
140.0720
  0
LINE
999
5,1,,41
  8
1
 10
215.6748
 20
19.8965
 11
223.6133
 21
141.1631
  0
LINE
999
5,1,,43
  8
1
 10
202.2441
 20
21.7434
 11
213.8750
 21
141.9563
  0
LINE
999
3,1,,45
  8
1
 10
269.1279
 20
5.1353
 11
269.1279
 21
610.2708
  0
LINE
999
5,1,,45
  8
1
 10
313.6226
 20
99.1179
 11
308.0908
 21
100.3264
  0
LINE
999
5,1,,47
  8
1
 10
209.7637
 20
99.4631
 11
230.8447
 21
67.6265
  0
POLYLINE
999
5
  8
1
  6
3
 66
1
 70
0
  0
VERTEX
999
5,1,,49
  8
1
 10
38.8818
 20
338.0574
  0
VERTEX
999
5,2
  8
1
 10
31.5073
 20
386.9807
  0
VERTEX
999
5,1,,50
  8
1
 10
23.3550
 20
436.8420
  0
SEQEND
  0
POLYLINE
999
5
  8
1
  6
3
 66
1
 70
0
  0
VERTEX
999
5,1,,51
  8
1
 10
23.3550
 20
436.8420
  0
VERTEX
999
5,2
  8
1
 10
33.6997
 20
440.0872
  0
VERTEX
999
5,2
  8
1
 10
43.4980
 20
443.8513
  0
VERTEX
999
5,2
  8
1
 10
52.7876
 20
448.0938
  0
VERTEX
999
5,2
  8
1
 10
61.6040
 20
452.7742
  0
VERTEX
999
5,2
  8
1
 10
69.9839
 20
457.8521
  0
VERTEX
999
5,2
  8
1
 10
77.9639
 20
463.2869
  0
VERTEX
999
5,2
  8
1
 10
85.5811
 20
469.0383
  0
VERTEX
999
5,1,,52
  8
1
 10
92.8711
 20
475.0659
  0
SEQEND
  0
POLYLINE
999
5
  8
1
  6
2
 66
1
 70
0
  0
VERTEX
999
5,1,,53
  8
1
 10
308.0908
 20
100.3264
  0
VERTEX
999
5,2
  8
1
 10
303.2827
 20
78.9504
  0
VERTEX
999
5,2
  8
1
 10
298.2642
 20
57.4333
  0
VERTEX
999
5,2
  8
1
 10
293.1133
 20
35.9519
  0
VERTEX
999
5,2
  8
1
 10
287.9082
 20
14.6829
  0
VERTEX
999
5,1,,54
  8
1
 10
287.4644
 20
12.8862
  0
SEQEND
  0
ENDBLK
  0
BLOCK
  8
1
  2
P0007_06
 70
64
 10
0.0000
 20
0.0000
  0
TEXT
  8
1
 10
116.4170
 20
341.8511
 40
10.0000
 50
0.0000
  1
PIECE: 前袖
  7
STANDARD
  0
TEXT
  8
1
 10
116.4170
 20
330.3511
 40
10.0000
 50
0.0000
  1
SIZE: XL
  7
STANDARD
  0
TEXT
  8
1
 10
116.4170
 20
318.8511
 40
10.0000
 50
0.0000
  1
FABRIC: 表地
  7
STANDARD
  0
TEXT
  8
1
 10
116.4170
 20
307.3511
 40
10.0000
 50
0.0000
  1
QUANTITY: 2
  7
STANDARD
  0
TEXT
  8
1
 10
267.9678
 20
98.6602
 40
5.0000
 50
1.4668
  1
COMMENT: カンヌキ
  7
STANDARD
  0
TEXT
  8
1
 10
238.9531
 20
571.3369
 40
8.0000
 50
0.0000
  1
COMMENT: SP
  7
STANDARD
  0
POLYLINE
999
1
  8
1
 66
1
 70
0
  0
VERTEX
999
1,1,1,1
  8
1
 10
251.6113
 20
600.3438
 38
10.0001
 50
270.2238
  0
VERTEX
999
1,2
  8
1
 10
266.0981
 20
599.9731
  0
VERTEX
999
1,2
  8
1
 10
279.5986
 20
598.7783
  0
VERTEX
999
1,2
  8
1
 10
292.1899
 20
596.8091
  0
VERTEX
999
1,2
  8
1
 10
303.9473
 20
594.1162
  0
VERTEX
999
1,2
  8
1
 10
314.9473
 20
590.7490
  0
VERTEX
999
1,2
  8
1
 10
325.2646
 20
586.7588
  0
VERTEX
999
1,2
  8
1
 10
334.9766
 20
582.1948
  0
VERTEX
999
1,1,1,2
  8
1
 10
344.1587
 20
577.1079
 38
9.9998
 50
268.0776
  0
VERTEX
999
1,1,,3
  8
1
 10
354.1538
 20
576.7710
  0
VERTEX
999
1,2,1
  8
1
 10
353.7656
 20
565.2485
 38
9.9998
 50
178.0692
  0
VERTEX
999
1,2
  8
1
 10
351.4839
 20
495.4033
  0
VERTEX
999
1,1,1,4
  8
1
 10
349.3433
 20
429.3457
 38
10.0002
 50
177.1481
  0
VERTEX
999
1,2
  8
1
 10
348.3877
 20
410.5654
  0
VERTEX
999
1,2
  8
1
 10
347.3950
 20
392.0127
  0
VERTEX
999
1,2
  8
1
 10
346.3608
 20
373.7593
  0
VERTEX
999
1,2
  8
1
 10
345.2749
 20
355.7915
  0
VERTEX
999
1,2
  8
1
 10
344.1279
 20
338.0977
  0
VERTEX
999
1,2
  8
1
 10
342.9092
 20
320.6646
  0
VERTEX
999
1,2
  8
1
 10
341.6099
 20
303.4795
  0
VERTEX
999
1,2
  8
1
 10
340.2202
 20
286.5298
  0
VERTEX
999
1,2
  8
1
 10
338.7300
 20
269.8032
  0
VERTEX
999
1,2
  8
1
 10
337.1294
 20
253.2861
  0
VERTEX
999
1,2
  8
1
 10
335.4092
 20
236.9673
  0
VERTEX
999
1,2
  8
1
 10
333.5596
 20
220.8325
  0
VERTEX
999
1,2
  8
1
 10
331.5703
 20
204.8701
  0
VERTEX
999
1,2
  8
1
 10
329.4326
 20
189.0669
  0
VERTEX
999
1,2
  8
1
 10
327.1353
 20
173.4106
  0
VERTEX
999
1,2
  8
1
 10
324.6699
 20
157.8882
  0
VERTEX
999
1,2
  8
1
 10
322.0264
 20
142.4873
  0
VERTEX
999
1,2
  8
1
 10
319.1948
 20
127.1948
  0
VERTEX
999
1,2
  8
1
 10
316.1650
 20
111.9980
  0
VERTEX
999
1,1,1,5
  8
1
 10
312.9263
 20
96.8770
 38
10.0000
 50
167.4933
  0
VERTEX
999
1,2
  8
1
 10
308.2798
 20
76.2119
  0
VERTEX
999
1,2
  8
1
 10
303.2798
 20
54.7646
  0
VERTEX
999
1,2
  8
1
 10
297.9248
 20
32.4194
  0
VERTEX
999
1,2,1
  8
1
 10
292.3770
 20
9.7290
 38
9.9999
 50
170.1513
  0
VERTEX
999
1,2
  8
1
 10
292.2109
 20
9.0542
  0
VERTEX
999
1,1,,6
  8
1
 10
289.9790
 20
0.0000
  0
VERTEX
999
1,2
  8
1
 10
280.7910
 20
1.5952
  0
VERTEX
999
1,2,1
  8
1
 10
280.1016
 20
1.7144
 38
10.0001
 50
76.1517
  0
VERTEX
999
1,1,,7
  8
1
 10
256.9292
 20
5.3359
  0
VERTEX
999
1,2
  8
1
 10
237.4282
 20
7.7759
  0
VERTEX
999
1,1,,8
  8
1
 10
217.8491
 20
9.3848
  0
VERTEX
999
1,2
  8
1
 10
204.6523
 20
9.9004
  0
VERTEX
999
1,1,,9
  8
1
 10
204.0083
 20
9.9155
  0
VERTEX
999
1,2
  8
1
 10
203.3711
 20
10.0132
  0
VERTEX
999
1,1,,10
  8
1
 10
190.6655
 20
11.7759
  0
VERTEX
999
1,2
  8
1
 10
178.0103
 20
12.6650
  0
VERTEX
999
1,2
  8
1
 10
165.9033
 20
13.2808
  0
VERTEX
999
1,2
  8
1
 10
154.1479
 20
13.6396
  0
VERTEX
999
1,2
  8
1
 10
142.5469
 20
13.7578
  0
VERTEX
999
1,2
  8
1
 10
130.9033
 20
13.6509
  0
VERTEX
999
1,2
  8
1
 10
119.0195
 20
13.3350
  0
VERTEX
999
1,2
  8
1
 10
106.6992
 20
12.8267
  0
VERTEX
999
1,2
  8
1
 10
93.7441
 20
12.1411
  0
VERTEX
999
1,2
  8
1
 10
79.9580
 20
11.2959
  0
VERTEX
999
1,2
  8
1
 10
65.1436
 20
10.3057
  0
VERTEX
999
1,2,1
  8
1
 10
64.7612
 20
10.2793
 38
10.0002
 50
91.7320
  0
VERTEX
999
1,1,,11
  8
1
 10
54.7773
 20
9.5942
  0
VERTEX
999
1,2,1
  8
1
 10
54.4746
 20
19.5972
 38
10.0000
 50
3.9254
  0
VERTEX
999
1,2
  8
1
 10
54.4629
 20
19.9800
  0
VERTEX
999
1,2
  8
1
 10
54.4121
 20
22.1768
  0
VERTEX
999
1,2
  8
1
 10
52.9531
 20
38.7905
  0
VERTEX
999
1,2
  8
1
 10
51.4761
 20
55.2173
  0
VERTEX
999
1,2
  8
1
 10
49.9780
 20
71.4697
  0
VERTEX
999
1,2
  8
1
 10
48.4565
 20
87.5610
  0
VERTEX
999
1,2
  8
1
 10
46.9077
 20
103.5044
  0
VERTEX
999
1,2
  8
1
 10
45.3286
 20
119.3125
  0
VERTEX
999
1,2
  8
1
 10
43.7168
 20
134.9985
  0
VERTEX
999
1,2
  8
1
 10
42.0684
 20
150.5757
  0
VERTEX
999
1,2
  8
1
 10
40.3804
 20
166.0566
  0
VERTEX
999
1,2
  8
1
 10
38.6504
 20
181.4546
  0
VERTEX
999
1,2
  8
1
 10
36.8745
 20
196.7822
  0
VERTEX
999
1,2,1
  8
1
 10
35.1606
 20
211.1274
 38
9.9998
 50
6.9074
  0
VERTEX
999
1,2
  8
1
 10
35.0503
 20
212.0532
  0
VERTEX
999
1,2
  8
1
 10
33.1743
 20
227.2798
  0
VERTEX
999
1,2
  8
1
 10
31.2437
 20
242.4756
  0
VERTEX
999
1,2
  8
1
 10
29.2549
 20
257.6538
  0
VERTEX
999
1,2
  8
1
 10
27.2056
 20
272.8267
  0
VERTEX
999
1,2
  8
1
 10
25.0918
 20
288.0078
  0
VERTEX
999
1,2
  8
1
 10
22.9111
 20
303.2104
  0
VERTEX
999
1,2
  8
1
 10
20.6602
 20
318.4468
  0
VERTEX
999
1,2
  8
1
 10
18.3364
 20
333.7305
  0
VERTEX
999
1,2
  8
1
 10
15.9360
 20
349.0742
  0
VERTEX
999
1,2
  8
1
 10
13.4561
 20
364.4912
  0
VERTEX
999
1,2
  8
1
 10
10.8936
 20
379.9941
  0
VERTEX
999
1,2
  8
1
 10
8.2456
 20
395.5967
  0
VERTEX
999
1,2
  8
1
 10
5.5088
 20
411.3115
  0
VERTEX
999
1,1,1,12
  8
1
 10
2.6807
 20
427.1514
 38
9.9998
 50
15.5496
  0
VERTEX
999
1,1,,13
  8
1
 10
0.0000
 20
436.7852
  0
VERTEX
999
1,2,1
  8
1
 10
9.6753
 20
439.4775
 38
9.9998
 50
285.5496
  0
VERTEX
999
1,2
  8
1
 10
19.4795
 20
442.5415
  0
VERTEX
999
1,2
  8
1
 10
28.7656
 20
446.1006
  0
VERTEX
999
1,2
  8
1
 10
37.5684
 20
450.1152
  0
VERTEX
999
1,2
  8
1
 10
45.9233
 20
454.5464
  0
VERTEX
999
1,2
  8
1
 10
53.8647
 20
459.3545
  0
VERTEX
999
1,2
  8
1
 10
61.4277
 20
464.5000
  0
VERTEX
999
1,2
  8
1
 10
68.6479
 20
469.9438
  0
VERTEX
999
1,1,1,14
  8
1
 10
75.5552
 20
475.6421
 38
10.0001
 50
310.7548
  0
VERTEX
999
1,2
  8
1
 10
83.4126
 20
482.7129
  0
VERTEX
999
1,2
  8
1
 10
90.9414
 20
490.0273
  0
VERTEX
999
1,2
  8
1
 10
98.2031
 20
497.5278
  0
VERTEX
999
1,2
  8
1
 10
105.2520
 20
505.1533
  0
VERTEX
999
1,2
  8
1
 10
112.1440
 20
512.8418
  0
VERTEX
999
1,2
  8
1
 10
118.9351
 20
520.5322
  0
VERTEX
999
1,2
  8
1
 10
126.5615
 20
529.1445
  0
VERTEX
999
1,2
  8
1
 10
134.2090
 20
537.5957
  0
VERTEX
999
1,2
  8
1
 10
141.9434
 20
545.8140
  0
VERTEX
999
1,2
  8
1
 10
149.8301
 20
553.7275
  0
VERTEX
999
1,2
  8
1
 10
157.9360
 20
561.2651
  0
VERTEX
999
1,2
  8
1
 10
166.3262
 20
568.3550
  0
VERTEX
999
1,2
  8
1
 10
175.0669
 20
574.9248
  0
VERTEX
999
1,2
  8
1
 10
184.2246
 20
580.9038
  0
VERTEX
999
1,2
  8
1
 10
193.8647
 20
586.2192
  0
VERTEX
999
1,2
  8
1
 10
204.0532
 20
590.8003
  0
VERTEX
999
1,2
  8
1
 10
214.8560
 20
594.5752
  0
VERTEX
999
1,2
  8
1
 10
226.3394
 20
597.4717
  0
VERTEX
999
1,2
  8
1
 10
238.5693
 20
599.4185
  0
VERTEX
999
1,1,,15
  8
1
 10
251.6113
 20
600.3438
  0
SEQEND
  0
POLYLINE
999
2
  8
1
 66
1
 70
0
  0
VERTEX
999
2,1,,16
  8
1
 10
251.7749
 20
590.3442
  0
VERTEX
999
2,2
  8
1
 10
266.3467
 20
589.9438
  0
VERTEX
999
2,2
  8
1
 10
279.8682
 20
588.6626
  0
VERTEX
999
2,2
  8
1
 10
292.4263
 20
586.5552
  0
VERTEX
999
2,2
  8
1
 10
304.1064
 20
583.6782
  0
VERTEX
999
2,2
  8
1
 10
314.9951
 20
580.0869
  0
VERTEX
999
2,2
  8
1
 10
325.1782
 20
575.8374
  0
VERTEX
999
2,2
  8
1
 10
334.7417
 20
570.9849
  0
VERTEX
999
2,1,,17
  8
1
 10
343.7715
 20
565.5850
  0
VERTEX
999
2,2
  8
1
 10
341.4380
 20
494.0928
  0
VERTEX
999
2,1,,18
  8
1
 10
339.3560
 20
429.8433
  0
VERTEX
999
2,2
  8
1
 10
338.4014
 20
411.0859
  0
VERTEX
999
2,2
  8
1
 10
337.4155
 20
392.6372
  0
VERTEX
999
2,2
  8
1
 10
336.3882
 20
374.4844
  0
VERTEX
999
2,2
  8
1
 10
335.3101
 20
356.6157
  0
VERTEX
999
2,2
  8
1
 10
334.1709
 20
339.0181
  0
VERTEX
999
2,2
  8
1
 10
332.9614
 20
321.6787
  0
VERTEX
999
2,2
  8
1
 10
331.6719
 20
304.5854
  0
VERTEX
999
2,2
  8
1
 10
330.2920
 20
287.7256
  0
VERTEX
999
2,2
  8
1
 10
328.8125
 20
271.0864
  0
VERTEX
999
2,2
  8
1
 10
327.2231
 20
254.6558
  0
VERTEX
999
2,2
  8
1
 10
325.5151
 20
238.4209
  0
VERTEX
999
2,2
  8
1
 10
323.6777
 20
222.3691
  0
VERTEX
999
2,2
  8
1
 10
321.7017
 20
206.4878
  0
VERTEX
999
2,2
  8
1
 10
319.5767
 20
190.7646
  0
VERTEX
999
2,2
  8
1
 10
317.2939
 20
175.1870
  0
VERTEX
999
2,2
  8
1
 10
314.8428
 20
159.7427
  0
VERTEX
999
2,2
  8
1
 10
312.2139
 20
144.4185
  0
VERTEX
999
2,2
  8
1
 10
309.3979
 20
129.2021
  0
VERTEX
999
2,2
  8
1
 10
306.3843
 20
114.0811
  0
VERTEX
999
2,1,,19
  8
1
 10
303.1636
 20
99.0425
  0
VERTEX
999
2,2
  8
1
 10
298.6230
 20
78.8311
  0
VERTEX
999
2,2
  8
1
 10
293.7495
 20
57.8887
  0
VERTEX
999
2,2
  8
1
 10
288.5283
 20
36.0737
  0
VERTEX
999
2,2
  8
1
 10
282.9458
 20
13.2466
  0
VERTEX
999
2,1,,20
  8
1
 10
282.5015
 20
11.4478
  0
VERTEX
999
2,1,,21
  8
1
 10
258.3398
 20
15.2358
  0
VERTEX
999
2,2
  8
1
 10
238.4302
 20
17.7256
  0
VERTEX
999
2,1,,22
  8
1
 10
218.3994
 20
19.3696
  0
VERTEX
999
2,1,,23
  8
1
 10
204.8872
 20
19.8975
  0
VERTEX
999
2,1,,24
  8
1
 10
191.4565
 20
21.7446
  0
VERTEX
999
2,2
  8
1
 10
178.6523
 20
22.6450
  0
VERTEX
999
2,2
  8
1
 10
166.4033
 20
23.2700
  0
VERTEX
999
2,2
  8
1
 10
154.5098
 20
23.6362
  0
VERTEX
999
2,2
  8
1
 10
142.7720
 20
23.7588
  0
VERTEX
999
2,2
  8
1
 10
130.9917
 20
23.6543
  0
VERTEX
999
2,2
  8
1
 10
118.9683
 20
23.3384
  0
VERTEX
999
2,2
  8
1
 10
106.5029
 20
22.8271
  0
VERTEX
999
2,2
  8
1
 10
93.3955
 20
22.1367
  0
VERTEX
999
2,2
  8
1
 10
79.4473
 20
21.2832
  0
VERTEX
999
2,1,,25
  8
1
 10
64.4585
 20
20.2822
  0
VERTEX
999
2,2
  8
1
 10
64.3745
 20
23.0420
  0
VERTEX
999
2,2
  8
1
 10
62.9116
 20
39.7300
  0
VERTEX
999
2,2
  8
1
 10
61.4302
 20
56.2300
  0
VERTEX
999
2,2
  8
1
 10
59.9272
 20
72.5542
  0
VERTEX
999
2,2
  8
1
 10
58.3999
 20
88.7163
  0
VERTEX
999
2,2
  8
1
 10
56.8452
 20
104.7295
  0
VERTEX
999
2,2
  8
1
 10
55.2593
 20
120.6064
  0
VERTEX
999
2,2
  8
1
 10
53.6396
 20
136.3608
  0
VERTEX
999
2,2
  8
1
 10
51.9834
 20
152.0059
  0
VERTEX
999
2,2
  8
1
 10
50.2871
 20
167.5542
  0
VERTEX
999
2,2
  8
1
 10
48.5479
 20
183.0190
  0
VERTEX
999
2,2
  8
1
 10
46.7627
 20
198.4136
  0
VERTEX
999
2,2
  8
1
 10
44.9282
 20
213.7515
  0
VERTEX
999
2,2
  8
1
 10
43.0410
 20
229.0449
  0
VERTEX
999
2,2
  8
1
 10
41.0991
 20
244.3081
  0
VERTEX
999
2,2
  8
1
 10
39.0986
 20
259.5532
  0
VERTEX
999
2,2
  8
1
 10
37.0366
 20
274.7939
  0
VERTEX
999
2,2
  8
1
 10
34.9097
 20
290.0435
  0
VERTEX
999
2,2
  8
1
 10
32.7153
 20
305.3145
  0
VERTEX
999
2,2
  8
1
 10
30.4502
 20
320.6206
  0
VERTEX
999
2,2
  8
1
 10
28.1118
 20
335.9746
  0
VERTEX
999
2,2
  8
1
 10
25.6958
 20
351.3896
  0
VERTEX
999
2,2
  8
1
 10
23.2002
 20
366.8794
  0
VERTEX
999
2,2
  8
1
 10
20.6216
 20
382.4561
  0
VERTEX
999
2,2
  8
1
 10
17.9565
 20
398.1338
  0
VERTEX
999
2,2
  8
1
 10
15.2021
 20
413.9253
  0
VERTEX
999
2,1,,26
  8
1
 10
12.3560
 20
429.8433
  0
VERTEX
999
2,2
  8
1
 10
22.7285
 20
433.0825
  0
VERTEX
999
2,2
  8
1
 10
32.5552
 20
436.8428
  0
VERTEX
999
2,2
  8
1
 10
41.8716
 20
441.0835
  0
VERTEX
999
2,2
  8
1
 10
50.7144
 20
445.7632
  0
VERTEX
999
2,2
  8
1
 10
59.1206
 20
450.8423
  0
VERTEX
999
2,2
  8
1
 10
67.1265
 20
456.2798
  0
VERTEX
999
2,2
  8
1
 10
74.7686
 20
462.0347
  0
VERTEX
999
2,1,,27
  8
1
 10
82.0835
 20
468.0669
  0
VERTEX
999
2,2
  8
1
 10
92.4004
 20
477.4556
  0
VERTEX
999
2,2
  8
1
 10
102.1948
 20
487.2324
  0
VERTEX
999
2,2
  8
1
 10
111.5874
 20
497.2646
  0
VERTEX
999
2,2
  8
1
 10
120.6982
 20
507.4189
  0
VERTEX
999
2,2
  8
1
 10
129.6479
 20
517.5620
  0
VERTEX
999
2,2
  8
1
 10
138.5557
 20
527.5610
  0
VERTEX
999
2,2
  8
1
 10
147.5415
 20
537.2827
  0
VERTEX
999
2,2
  8
1
 10
156.7266
 20
546.5942
  0
VERTEX
999
2,2
  8
1
 10
166.2305
 20
555.3623
  0
VERTEX
999
2,2
  8
1
 10
176.1733
 20
563.4536
  0
VERTEX
999
2,2
  8
1
 10
186.6753
 20
570.7358
  0
VERTEX
999
2,2
  8
1
 10
197.8564
 20
577.0752
  0
VERTEX
999
2,2
  8
1
 10
209.8364
 20
582.3389
  0
VERTEX
999
2,2
  8
1
 10
222.7363
 20
586.3936
  0
VERTEX
999
2,2
  8
1
 10
236.6758
 20
589.1064
  0
VERTEX
999
2,1,,28
  8
1
 10
251.7749
 20
590.3442
  0
SEQEND
  0
LINE
999
5,1,,29
  8
1
 10
251.7749
 20
590.3442
 11
251.8140
 21
580.3442
  0
LINE
999
5,1,,31
  8
1
 10
339.3560
 20
429.8433
 11
329.3682
 21
430.3408
  0
LINE
999
5,1,,33
  8
1
 10
303.1636
 20
99.0425
 11
293.4009
 21
101.2080
  0
LINE
999
5,1,,35
  8
1
 10
45.1001
 20
212.3315
 11
55.0273
 21
213.5342
  0
LINE
999
5,1,,37
  8
1
 10
82.0835
 20
468.0669
 11
88.6118
 21
460.4917
  0
LINE
999
5,1,,39
  8
1
 10
191.4565
 20
21.7446
 11
203.0874
 21
141.9575
  0
LINE
999
5,1,,41
  8
1
 10
204.8872
 20
19.8975
 11
212.8252
 21
141.1641
  0
LINE
999
5,1,,43
  8
1
 10
218.3994
 20
19.3696
 11
222.5454
 21
140.0732
  0
LINE
999
5,1,,45
  8
1
 10
12.3560
 20
429.8433
 11
339.3560
 21
429.8433
  0
LINE
999
3,1,,47
  8
1
 10
258.3398
 20
5.1367
 11
258.3398
 21
600.2803
  0
LINE
999
5,1,,47
  8
1
 10
302.8350
 20
99.1191
 11
297.3032
 21
100.3276
  0
LINE
999
5,1,,49
  8
1
 10
198.9761
 20
99.4644
 11
220.0571
 21
67.6274
  0
POLYLINE
999
5
  8
1
  6
2
 66
1
 70
0
  0
VERTEX
999
5,1,,51
  8
1
 10
297.3032
 20
100.3276
  0
VERTEX
999
5,2
  8
1
 10
292.4951
 20
78.9517
  0
VERTEX
999
5,2
  8
1
 10
287.4766
 20
57.4346
  0
VERTEX
999
5,2
  8
1
 10
282.3257
 20
35.9531
  0
VERTEX
999
5,2
  8
1
 10
277.1206
 20
14.6841
  0
VERTEX
999
5,1,,52
  8
1
 10
276.6763
 20
12.8872
  0
SEQEND
  0
POLYLINE
999
5
  8
1
  6
2
 66
1
 70
0
  0
VERTEX
999
5,1,,53
  8
1
 10
333.3633
 20
430.1416
  0
VERTEX
999
5,2
  8
1
 10
332.5391
 20
413.8247
  0
VERTEX
999
5,2
  8
1
 10
331.6792
 20
397.4243
  0
VERTEX
999
5,2
  8
1
 10
330.7729
 20
380.9517
  0
VERTEX
999
5,2
  8
1
 10
329.8081
 20
364.4175
  0
VERTEX
999
5,2
  8
1
 10
328.7744
 20
347.8325
  0
VERTEX
999
5,2
  8
1
 10
327.6606
 20
331.2080
  0
VERTEX
999
5,2
  8
1
 10
326.4546
 20
314.5542
  0
VERTEX
999
5,2
  8
1
 10
325.1455
 20
297.8823
  0
VERTEX
999
5,2
  8
1
 10
323.7222
 20
281.2026
  0
VERTEX
999
5,2
  8
1
 10
322.1733
 20
264.5269
  0
VERTEX
999
5,2
  8
1
 10
320.4878
 20
247.8652
  0
VERTEX
999
5,2
  8
1
 10
318.6543
 20
231.2290
  0
VERTEX
999
5,2
  8
1
 10
316.6616
 20
214.6284
  0
VERTEX
999
5,2
  8
1
 10
314.4980
 20
198.0747
  0
VERTEX
999
5,2
  8
1
 10
312.1528
 20
181.5786
  0
VERTEX
999
5,2
  8
1
 10
309.6147
 20
165.1509
  0
VERTEX
999
5,2
  8
1
 10
306.8721
 20
148.8027
  0
VERTEX
999
5,2
  8
1
 10
303.9141
 20
132.5444
  0
VERTEX
999
5,2
  8
1
 10
300.7290
 20
116.3872
  0
VERTEX
999
5,1,,54
  8
1
 10
297.3062
 20
100.3418
  0
SEQEND
  0
POLYLINE
999
5
  8
1
  6
2
 66
1
 70
0
  0
VERTEX
999
5,1,,55
  8
1
 10
337.8896
 20
569.1943
  0
VERTEX
999
5,2
  8
1
 10
335.5205
 20
496.6968
  0
VERTEX
999
5,1,,56
  8
1
 10
333.3594
 20
430.0435
  0
SEQEND
  0
ENDBLK
  0
BLOCK
  8
1
  2
P0008_06
 70
64
 10
0.0000
 20
0.0000
  0
TEXT
  8
1
 10
46.9897
 20
344.5010
 40
10.0000
 50
0.0000
  1
PIECE: 裏後袖
  7
STANDARD
  0
TEXT
  8
1
 10
46.9897
 20
333.0010
 40
10.0000
 50
0.0000
  1
SIZE: XL
  7
STANDARD
  0
TEXT
  8
1
 10
46.9897
 20
321.5010
 40
10.0000
 50
0.0000
  1
FABRIC: 裏地キルト
  7
STANDARD
  0
TEXT
  8
1
 10
46.9897
 20
310.0010
 40
10.0000
 50
0.0000
  1
QUANTITY: 2
  7
STANDARD
  0
POLYLINE
999
1
  8
1
 66
1
 70
0
  0
VERTEX
999
1,1,,1
  8
1
 10
16.7891
 20
0.0000
  0
VERTEX
999
1,2,1
  8
1
 10
15.2739
 20
9.9187
 38
9.9998
 50
13.3882
  0
VERTEX
999
1,2,1
  8
1
 10
1.5107
 20
100.0254
 38
9.9998
 50
6.6933
  0
VERTEX
999
1,1,,2
  8
1
 10
0.0000
 20
109.9167
  0
VERTEX
999
1,2,1
  8
1
 10
9.9380
 20
111.0825
 38
9.9999
 50
278.6836
  0
VERTEX
999
1,1,,3
  8
1
 10
10.4595
 20
111.1438
  0
VERTEX
999
1,2
  8
1
 10
9.3574
 20
123.0649
  0
VERTEX
999
1,2
  8
1
 10
8.3247
 20
135.6660
  0
VERTEX
999
1,2
  8
1
 10
7.3628
 20
148.9158
  0
VERTEX
999
1,2
  8
1
 10
6.4731
 20
162.7837
  0
VERTEX
999
1,2
  8
1
 10
5.6577
 20
177.2385
  0
VERTEX
999
1,2
  8
1
 10
4.9185
 20
192.2498
  0
VERTEX
999
1,2
  8
1
 10
4.2568
 20
207.7861
  0
VERTEX
999
1,2
  8
1
 10
3.6743
 20
223.8169
  0
VERTEX
999
1,2
  8
1
 10
3.1729
 20
240.3110
  0
VERTEX
999
1,2
  8
1
 10
2.7544
 20
257.2378
  0
VERTEX
999
1,2
  8
1
 10
2.4204
 20
274.5664
  0
VERTEX
999
1,2
  8
1
 10
2.1724
 20
292.2656
  0
VERTEX
999
1,2
  8
1
 10
2.0127
 20
310.3047
  0
VERTEX
999
1,2
  8
1
 10
1.9424
 20
328.6528
  0
VERTEX
999
1,2
  8
1
 10
1.9639
 20
347.2788
  0
VERTEX
999
1,2
  8
1
 10
2.0781
 20
366.1523
  0
VERTEX
999
1,2
  8
1
 10
2.2876
 20
385.2417
  0
VERTEX
999
1,2
  8
1
 10
2.5938
 20
404.5166
  0
VERTEX
999
1,2
  8
1
 10
2.9976
 20
423.9460
  0
VERTEX
999
1,1,1,4
  8
1
 10
3.5015
 20
443.4814
 38
10.0001
 50
358.3786
  0
VERTEX
999
1,2
  8
1
 10
5.5405
 20
509.4631
  0
VERTEX
999
1,2,1
  8
1
 10
7.8257
 20
582.8372
 38
9.9998
 50
358.1602
  0
VERTEX
999
1,1,,5
  8
1
 10
8.1890
 20
594.1453
  0
VERTEX
999
1,1,1,6
  8
1
 10
18.1836
 20
593.8245
 38
10.0000
 50
268.1616
  0
VERTEX
999
1,2
  8
1
 10
22.7793
 20
591.2000
  0
VERTEX
999
1,2
  8
1
 10
35.4233
 20
583.4292
  0
VERTEX
999
1,2
  8
1
 10
47.5859
 20
574.9724
  0
VERTEX
999
1,2
  8
1
 10
59.3921
 20
565.9653
  0
VERTEX
999
1,2
  8
1
 10
70.9668
 20
556.5437
  0
VERTEX
999
1,2
  8
1
 10
82.4360
 20
546.8435
  0
VERTEX
999
1,2
  8
1
 10
93.9243
 20
537.0007
  0
VERTEX
999
1,2
  8
1
 10
105.5576
 20
527.1509
  0
VERTEX
999
1,1,1,7
  8
1
 10
117.4609
 20
517.4302
 38
10.0001
 50
231.4935
  0
VERTEX
999
1,2
  8
1
 10
125.4810
 20
511.1921
  0
VERTEX
999
1,2
  8
1
 10
133.7192
 20
505.1174
  0
VERTEX
999
1,2
  8
1
 10
142.2153
 20
499.2500
  0
VERTEX
999
1,2
  8
1
 10
151.0098
 20
493.6343
  0
VERTEX
999
1,2
  8
1
 10
160.1426
 20
488.3147
  0
VERTEX
999
1,2
  8
1
 10
169.6538
 20
483.3357
  0
VERTEX
999
1,2
  8
1
 10
179.5840
 20
478.7415
  0
VERTEX
999
1,2
  8
1
 10
189.9727
 20
474.5764
  0
VERTEX
999
1,1,1,8
  8
1
 10
200.3081
 20
470.7502
 38
9.9999
 50
256.5486
  0
VERTEX
999
1,1,,9
  8
1
 10
210.0337
 20
468.4246
  0
VERTEX
999
1,2,1
  8
1
 10
207.6909
 20
458.6287
 38
9.9998
 50
166.5514
  0
VERTEX
999
1,2
  8
1
 10
204.0171
 20
443.1301
  0
VERTEX
999
1,2
  8
1
 10
200.4341
 20
427.7437
  0
VERTEX
999
1,2
  8
1
 10
196.9390
 20
412.4580
  0
VERTEX
999
1,2
  8
1
 10
193.5278
 20
397.2622
  0
VERTEX
999
1,2
  8
1
 10
190.1987
 20
382.1455
  0
VERTEX
999
1,2
  8
1
 10
186.9473
 20
367.0969
  0
VERTEX
999
1,2
  8
1
 10
183.7710
 20
352.1052
  0
VERTEX
999
1,2
  8
1
 10
180.6660
 20
337.1597
  0
VERTEX
999
1,2
  8
1
 10
177.6294
 20
322.2490
  0
VERTEX
999
1,2
  8
1
 10
174.6577
 20
307.3623
  0
VERTEX
999
1,2
  8
1
 10
171.7485
 20
292.4888
  0
VERTEX
999
1,2
  8
1
 10
168.8975
 20
277.6172
  0
VERTEX
999
1,2
  8
1
 10
166.1021
 20
262.7366
  0
VERTEX
999
1,2
  8
1
 10
163.3584
 20
247.8362
  0
VERTEX
999
1,2
  8
1
 10
160.6641
 20
232.9048
  0
VERTEX
999
1,2,1
  8
1
 10
159.1318
 20
224.2415
 38
10.0001
 50
169.9839
  0
VERTEX
999
1,2
  8
1
 10
158.0156
 20
217.9316
  0
VERTEX
999
1,2
  8
1
 10
155.4097
 20
202.9053
  0
VERTEX
999
1,2
  8
1
 10
152.8428
 20
187.8152
  0
VERTEX
999
1,2
  8
1
 10
150.3120
 20
172.6501
  0
VERTEX
999
1,2
  8
1
 10
147.8135
 20
157.3992
  0
VERTEX
999
1,2
  8
1
 10
145.3452
 20
142.0515
  0
VERTEX
999
1,2
  8
1
 10
142.9028
 20
126.5957
  0
VERTEX
999
1,2
  8
1
 10
140.4839
 20
111.0212
  0
VERTEX
999
1,2
  8
1
 10
138.0845
 20
95.3169
  0
VERTEX
999
1,2
  8
1
 10
135.7017
 20
79.4717
  0
VERTEX
999
1,2
  8
1
 10
133.3325
 20
63.4746
  0
VERTEX
999
1,2
  8
1
 10
130.9731
 20
47.3147
  0
VERTEX
999
1,2
  8
1
 10
128.6211
 20
30.9810
  0
VERTEX
999
1,2,1
  8
1
 10
128.5093
 20
29.9224
 38
10.0001
 50
186.0260
  0
VERTEX
999
1,2
  8
1
 10
128.3799
 20
28.0046
  0
VERTEX
999
1,1,,10
  8
1
 10
127.6763
 20
19.7793
  0
VERTEX
999
1,2
  8
1
 10
119.4663
 20
18.9121
  0
VERTEX
999
1,2,1
  8
1
 10
117.5493
 20
18.7068
 38
10.0000
 50
85.1122
  0
VERTEX
999
1,2
  8
1
 10
109.0874
 20
17.7319
  0
VERTEX
999
1,2
  8
1
 10
98.7266
 20
16.3860
  0
VERTEX
999
1,2
  8
1
 10
88.3857
 20
14.8743
  0
VERTEX
999
1,2
  8
1
 10
78.0674
 20
13.1965
  0
VERTEX
999
1,2
  8
1
 10
67.7744
 20
11.3528
  0
VERTEX
999
1,2
  8
1
 10
57.5083
 20
9.3433
  0
VERTEX
999
1,2
  8
1
 10
47.2720
 20
7.1677
  0
VERTEX
999
1,2
  8
1
 10
37.0674
 20
4.8262
  0
VERTEX
999
1,2
  8
1
 10
27.3506
 20
2.5137
  0
VERTEX
999
1,2,1
  8
1
 10
26.5498
 20
2.3230
 38
9.9999
 50
98.6836
  0
VERTEX
999
1,1,,11
  8
1
 10
16.7891
 20
0.0000
  0
SEQEND
  0
POLYLINE
999
2
  8
1
 66
1
 70
0
  0
VERTEX
999
2,1,,12
  8
1
 10
25.0352
 20
12.2419
  0
VERTEX
999
2,1,,13
  8
1
 10
11.4487
 20
101.1917
  0
VERTEX
999
2,1,,14
  8
1
 10
21.4219
 20
102.3621
  0
VERTEX
999
2,2
  8
1
 10
20.2168
 20
114.1262
  0
VERTEX
999
2,2
  8
1
 10
19.0850
 20
126.6563
  0
VERTEX
999
2,2
  8
1
 10
18.0288
 20
139.9167
  0
VERTEX
999
2,2
  8
1
 10
17.0503
 20
153.8730
  0
VERTEX
999
2,2
  8
1
 10
16.1514
 20
168.4897
  0
VERTEX
999
2,2
  8
1
 10
15.3335
 20
183.7322
  0
VERTEX
999
2,2
  8
1
 10
14.5991
 20
199.5649
  0
VERTEX
999
2,2
  8
1
 10
13.9497
 20
215.9534
  0
VERTEX
999
2,2
  8
1
 10
13.3872
 20
232.8623
  0
VERTEX
999
2,2
  8
1
 10
12.9141
 20
250.2568
  0
VERTEX
999
2,2
  8
1
 10
12.5317
 20
268.1018
  0
VERTEX
999
2,2
  8
1
 10
12.2422
 20
286.3621
  0
VERTEX
999
2,2
  8
1
 10
12.0474
 20
305.0029
  0
VERTEX
999
2,2
  8
1
 10
11.9492
 20
323.9890
  0
VERTEX
999
2,2
  8
1
 10
11.9497
 20
343.2856
  0
VERTEX
999
2,2
  8
1
 10
12.0508
 20
362.8577
  0
VERTEX
999
2,2
  8
1
 10
12.2539
 20
382.6699
  0
VERTEX
999
2,2
  8
1
 10
12.5615
 20
402.6875
  0
VERTEX
999
2,2
  8
1
 10
12.9756
 20
422.8752
  0
VERTEX
999
2,1,,15
  8
1
 10
13.4976
 20
443.1985
  0
VERTEX
999
2,2
  8
1
 10
15.5352
 20
509.1458
  0
VERTEX
999
2,1,,16
  8
1
 10
17.8203
 20
582.5161
  0
VERTEX
999
2,2
  8
1
 10
30.2993
 20
574.8418
  0
VERTEX
999
2,2
  8
1
 10
42.2998
 20
566.4834
  0
VERTEX
999
2,2
  8
1
 10
53.9463
 20
557.5776
  0
VERTEX
999
2,2
  8
1
 10
65.3633
 20
548.2603
  0
VERTEX
999
2,2
  8
1
 10
76.6763
 20
538.6682
  0
VERTEX
999
2,2
  8
1
 10
88.0093
 20
528.9373
  0
VERTEX
999
2,2
  8
1
 10
99.4873
 20
519.2041
  0
VERTEX
999
2,1,,17
  8
1
 10
111.2349
 20
509.6047
  0
VERTEX
999
2,2
  8
1
 10
119.5576
 20
503.1350
  0
VERTEX
999
2,2
  8
1
 10
128.1084
 20
496.8384
  0
VERTEX
999
2,2
  8
1
 10
136.9287
 20
490.7598
  0
VERTEX
999
2,2
  8
1
 10
146.0591
 20
484.9436
  0
VERTEX
999
2,2
  8
1
 10
155.5410
 20
479.4348
  0
VERTEX
999
2,2
  8
1
 10
165.4146
 20
474.2778
  0
VERTEX
999
2,2
  8
1
 10
175.7207
 20
469.5176
  0
VERTEX
999
2,2
  8
1
 10
186.5010
 20
465.1985
  0
VERTEX
999
2,1,,18
  8
1
 10
197.9653
 20
460.9543
  0
VERTEX
999
2,2
  8
1
 10
194.2837
 20
445.4229
  0
VERTEX
999
2,2
  8
1
 10
190.6929
 20
430.0034
  0
VERTEX
999
2,2
  8
1
 10
187.1899
 20
414.6853
  0
VERTEX
999
2,2
  8
1
 10
183.7720
 20
399.4573
  0
VERTEX
999
2,2
  8
1
 10
180.4351
 20
384.3086
  0
VERTEX
999
2,2
  8
1
 10
177.1768
 20
369.2278
  0
VERTEX
999
2,2
  8
1
 10
173.9932
 20
354.2043
  0
VERTEX
999
2,2
  8
1
 10
170.8813
 20
339.2268
  0
VERTEX
999
2,2
  8
1
 10
167.8384
 20
324.2847
  0
VERTEX
999
2,2
  8
1
 10
164.8604
 20
309.3662
  0
VERTEX
999
2,2
  8
1
 10
161.9443
 20
294.4612
  0
VERTEX
999
2,2
  8
1
 10
159.0869
 20
279.5579
  0
VERTEX
999
2,2
  8
1
 10
156.2852
 20
264.6458
  0
VERTEX
999
2,2
  8
1
 10
153.5361
 20
249.7136
  0
VERTEX
999
2,2
  8
1
 10
150.8354
 20
234.7505
  0
VERTEX
999
2,2
  8
1
 10
148.1812
 20
219.7454
  0
VERTEX
999
2,2
  8
1
 10
145.5688
 20
204.6873
  0
VERTEX
999
2,2
  8
1
 10
142.9966
 20
189.5652
  0
VERTEX
999
2,2
  8
1
 10
140.4600
 20
174.3679
  0
VERTEX
999
2,2
  8
1
 10
137.9561
 20
159.0845
  0
VERTEX
999
2,2
  8
1
 10
135.4824
 20
143.7041
  0
VERTEX
999
2,2
  8
1
 10
133.0347
 20
128.2156
  0
VERTEX
999
2,2
  8
1
 10
130.6104
 20
112.6079
  0
VERTEX
999
2,2
  8
1
 10
128.2056
 20
96.8701
  0
VERTEX
999
2,2
  8
1
 10
125.8179
 20
80.9912
  0
VERTEX
999
2,2
  8
1
 10
123.4434
 20
64.9600
  0
VERTEX
999
2,2
  8
1
 10
121.0791
 20
48.7656
  0
VERTEX
999
2,2
  8
1
 10
118.7217
 20
32.3972
  0
VERTEX
999
2,2
  8
1
 10
118.4692
 20
29.4736
  0
VERTEX
999
2,1,,19
  8
1
 10
118.4160
 20
28.8567
  0
VERTEX
999
2,2
  8
1
 10
107.8779
 20
27.6584
  0
VERTEX
999
2,2
  8
1
 10
97.3579
 20
26.2917
  0
VERTEX
999
2,2
  8
1
 10
86.8584
 20
24.7568
  0
VERTEX
999
2,2
  8
1
 10
76.3818
 20
23.0532
  0
VERTEX
999
2,2
  8
1
 10
65.9307
 20
21.1814
  0
VERTEX
999
2,2
  8
1
 10
55.5073
 20
19.1409
  0
VERTEX
999
2,2
  8
1
 10
45.1138
 20
16.9319
  0
VERTEX
999
2,2
  8
1
 10
34.7524
 20
14.5544
  0
VERTEX
999
2,1,,20
  8
1
 10
25.0352
 20
12.2419
  0
SEQEND
  0
LINE
999
5,1,,21
  8
1
 10
13.4976
 20
443.1985
 11
23.4937
 21
442.9155
  0
LINE
999
5,1,,23
  8
1
 10
111.2349
 20
509.6047
 11
105.0088
 21
501.7793
  0
LINE
999
5,1,,25
  8
1
 10
149.2778
 20
225.9817
 11
139.4302
 21
227.7209
  0
LINE
999
5,1,,27
  8
1
  6
2
 10
17.4111
 20
101.8914
 11
30.8916
 21
13.6357
  0
LINE
999
3,1,,29
  8
1
 10
77.0459
 20
13.0210
 11
77.0459
 21
551.4326
  0
POLYLINE
999
5
  8
1
  6
3
 66
1
 70
0
  0
VERTEX
999
5,1,,29
  8
1
 10
103.4473
 20
497.5449
  0
VERTEX
999
5,2
  8
1
 10
111.9790
 20
489.5916
  0
VERTEX
999
5,2
  8
1
 10
120.9077
 20
481.8381
  0
VERTEX
999
5,2
  8
1
 10
130.2993
 20
474.3501
  0
VERTEX
999
5,2
  8
1
 10
140.2197
 20
467.1934
  0
VERTEX
999
5,2
  8
1
 10
150.7344
 20
460.4341
  0
VERTEX
999
5,2
  8
1
 10
161.9092
 20
454.1379
  0
VERTEX
999
5,2
  8
1
 10
173.8091
 20
448.3708
  0
VERTEX
999
5,1,,30
  8
1
 10
186.5010
 20
443.1985
  0
SEQEND
  0
POLYLINE
999
5
  8
1
  6
3
 66
1
 70
0
  0
VERTEX
999
5,1,,31
  8
1
 10
186.5010
 20
443.1985
  0
VERTEX
999
5,2
  8
1
 10
176.5352
 20
393.6670
  0
VERTEX
999
5,1,,32
  8
1
 10
167.3818
 20
345.0452
  0
SEQEND
  0
ENDBLK
  0
BLOCK
  8
1
  2
P0009_06
 70
64
 10
0.0000
 20
0.0000
  0
TEXT
  8
1
 10
26.2988
 20
381.2910
 40
10.0000
 50
0.0000
  1
PIECE: 後袖
  7
STANDARD
  0
TEXT
  8
1
 10
26.2988
 20
369.7910
 40
10.0000
 50
0.0000
  1
SIZE: XL
  7
STANDARD
  0
TEXT
  8
1
 10
26.2988
 20
358.2910
 40
10.0000
 50
0.0000
  1
FABRIC: 表地
  7
STANDARD
  0
TEXT
  8
1
 10
26.2988
 20
346.7910
 40
10.0000
 50
0.0000
  1
QUANTITY: 2
  7
STANDARD
  0
POLYLINE
999
1
  8
1
 66
1
 70
0
  0
VERTEX
999
1,1,,1
  8
1
 10
16.7886
 20
0.0000
  0
VERTEX
999
1,2,1
  8
1
 10
15.2734
 20
9.9185
 38
10.0000
 50
13.3821
  0
VERTEX
999
1,2,1
  8
1
 10
1.5107
 20
100.0244
 38
9.9998
 50
6.6933
  0
VERTEX
999
1,1,,2
  8
1
 10
0.0000
 20
109.9155
  0
VERTEX
999
1,2,1
  8
1
 10
9.9380
 20
111.0825
 38
9.9999
 50
278.6836
  0
VERTEX
999
1,1,,3
  8
1
 10
10.4556
 20
111.1431
  0
VERTEX
999
1,2
  8
1
 10
9.3726
 20
122.8213
  0
VERTEX
999
1,2
  8
1
 10
8.3569
 20
135.1641
  0
VERTEX
999
1,2
  8
1
 10
7.4102
 20
148.1406
  0
VERTEX
999
1,2
  8
1
 10
6.5342
 20
161.7207
  0
VERTEX
999
1,2
  8
1
 10
5.7305
 20
175.8750
  0
VERTEX
999
1,2
  8
1
 10
5.0005
 20
190.5723
  0
VERTEX
999
1,2
  8
1
 10
4.3462
 20
205.7832
  0
VERTEX
999
1,2
  8
1
 10
3.7695
 20
221.4766
  0
VERTEX
999
1,2
  8
1
 10
3.2720
 20
237.6235
  0
VERTEX
999
1,2
  8
1
 10
2.8550
 20
254.1929
  0
VERTEX
999
1,2
  8
1
 10
2.5205
 20
271.1548
  0
VERTEX
999
1,2
  8
1
 10
2.2700
 20
288.4790
  0
VERTEX
999
1,2
  8
1
 10
2.1055
 20
306.1353
  0
VERTEX
999
1,2
  8
1
 10
2.0288
 20
324.0938
  0
VERTEX
999
1,2
  8
1
 10
2.0415
 20
342.3242
  0
VERTEX
999
1,2
  8
1
 10
2.1445
 20
360.7959
  0
VERTEX
999
1,2
  8
1
 10
2.3408
 20
379.4790
  0
VERTEX
999
1,2
  8
1
 10
2.6313
 20
398.3438
  0
VERTEX
999
1,2
  8
1
 10
3.0176
 20
417.3594
  0
VERTEX
999
1,1,1,4
  8
1
 10
3.5015
 20
436.4751
 38
10.0000
 50
358.4079
  0
VERTEX
999
1,2
  8
1
 10
5.4858
 20
500.7642
  0
VERTEX
999
1,2,1
  8
1
 10
7.7104
 20
572.2603
 38
9.9998
 50
358.1588
  0
VERTEX
999
1,1,,5
  8
1
 10
8.0845
 20
583.9092
  0
VERTEX
999
1,1,1,6
  8
1
 10
18.0791
 20
583.5879
 38
9.9998
 50
268.1588
  0
VERTEX
999
1,2
  8
1
 10
23.1143
 20
580.3496
  0
VERTEX
999
1,2
  8
1
 10
31.1440
 20
574.8433
  0
VERTEX
999
1,2
  8
1
 10
38.8965
 20
568.8872
  0
VERTEX
999
1,2
  8
1
 10
46.4214
 20
562.5317
  0
VERTEX
999
1,2
  8
1
 10
53.7705
 20
555.8271
  0
VERTEX
999
1,2
  8
1
 10
60.9937
 20
548.8242
  0
VERTEX
999
1,2
  8
1
 10
68.1416
 20
541.5737
  0
VERTEX
999
1,2
  8
1
 10
75.2646
 20
534.1260
  0
VERTEX
999
1,2
  8
1
 10
82.4136
 20
526.5317
  0
VERTEX
999
1,2
  8
1
 10
96.0562
 20
512.1172
  0
VERTEX
999
1,1,1,7
  8
1
 10
110.3774
 20
497.7529
 38
10.0002
 50
226.1316
  0
VERTEX
999
1,2
  8
1
 10
118.4492
 20
490.2207
  0
VERTEX
999
1,2
  8
1
 10
126.8887
 20
482.8696
  0
VERTEX
999
1,2
  8
1
 10
135.7568
 20
475.7617
  0
VERTEX
999
1,2
  8
1
 10
145.1157
 20
468.9600
  0
VERTEX
999
1,2
  8
1
 10
155.0264
 20
462.5264
  0
VERTEX
999
1,2
  8
1
 10
165.5513
 20
456.5229
  0
VERTEX
999
1,2
  8
1
 10
176.7510
 20
451.0117
  0
VERTEX
999
1,1,1,8
  8
1
 10
188.6880
 20
446.0557
 38
10.0001
 50
257.4906
  0
VERTEX
999
1,1,,9
  8
1
 10
198.4507
 20
443.8901
  0
VERTEX
999
1,2,1
  8
1
 10
196.2637
 20
434.0317
 38
10.0001
 50
167.4906
  0
VERTEX
999
1,2
  8
1
 10
192.8071
 20
418.2900
  0
VERTEX
999
1,2
  8
1
 10
189.4473
 20
402.6714
  0
VERTEX
999
1,2
  8
1
 10
186.1807
 20
387.1626
  0
VERTEX
999
1,2
  8
1
 10
183.0039
 20
371.7500
  0
VERTEX
999
1,2
  8
1
 10
179.9136
 20
356.4219
  0
VERTEX
999
1,2
  8
1
 10
176.9058
 20
341.1646
  0
VERTEX
999
1,2
  8
1
 10
173.9766
 20
325.9648
  0
VERTEX
999
1,2
  8
1
 10
171.1230
 20
310.8101
  0
VERTEX
999
1,2
  8
1
 10
168.3413
 20
295.6875
  0
VERTEX
999
1,2
  8
1
 10
165.6279
 20
280.5840
  0
VERTEX
999
1,2
  8
1
 10
162.9795
 20
265.4863
  0
VERTEX
999
1,2
  8
1
 10
160.3916
 20
250.3818
  0
VERTEX
999
1,2
  8
1
 10
157.8613
 20
235.2573
  0
VERTEX
999
1,2
  8
1
 10
155.3848
 20
220.1001
  0
VERTEX
999
1,2,1
  8
1
 10
155.1357
 20
218.5391
 38
9.9998
 50
170.8491
  0
VERTEX
999
1,2
  8
1
 10
152.9590
 20
204.8970
  0
VERTEX
999
1,2
  8
1
 10
150.5796
 20
189.6353
  0
VERTEX
999
1,2
  8
1
 10
148.2437
 20
174.3018
  0
VERTEX
999
1,2
  8
1
 10
145.9473
 20
158.8838
  0
VERTEX
999
1,2
  8
1
 10
143.6865
 20
143.3677
  0
VERTEX
999
1,2
  8
1
 10
141.4585
 20
127.7417
  0
VERTEX
999
1,2
  8
1
 10
139.2588
 20
111.9917
  0
VERTEX
999
1,2
  8
1
 10
137.0850
 20
96.1050
  0
VERTEX
999
1,2
  8
1
 10
134.9321
 20
80.0688
  0
VERTEX
999
1,2
  8
1
 10
132.7979
 20
63.8701
  0
VERTEX
999
1,2
  8
1
 10
130.6777
 20
47.4966
  0
VERTEX
999
1,2
  8
1
 10
128.5688
 20
30.9341
  0
VERTEX
999
1,2,1
  8
1
 10
128.4800
 20
29.9160
 38
9.9999
 50
186.0402
  0
VERTEX
999
1,2
  8
1
 10
128.3906
 20
28.1504
  0
VERTEX
999
1,1,,10
  8
1
 10
127.7998
 20
19.7910
  0
VERTEX
999
1,2
  8
1
 10
119.4658
 20
18.9106
  0
VERTEX
999
1,2,1
  8
1
 10
117.6987
 20
18.7217
 38
10.0000
 50
85.9568
  0
VERTEX
999
1,2
  8
1
 10
109.0869
 20
17.7305
  0
VERTEX
999
1,2
  8
1
 10
98.7261
 20
16.3848
  0
VERTEX
999
1,2
  8
1
 10
88.3857
 20
14.8726
  0
VERTEX
999
1,2
  8
1
 10
78.0674
 20
13.1948
  0
VERTEX
999
1,2
  8
1
 10
67.7744
 20
11.3516
  0
VERTEX
999
1,2
  8
1
 10
57.5083
 20
9.3418
  0
VERTEX
999
1,2
  8
1
 10
47.2720
 20
7.1660
  0
VERTEX
999
1,2
  8
1
 10
37.0674
 20
4.8247
  0
VERTEX
999
1,2
  8
1
 10
27.3491
 20
2.5122
  0
VERTEX
999
1,2,1
  8
1
 10
26.5498
 20
2.3223
 38
9.9999
 50
98.6836
  0
VERTEX
999
1,1,,11
  8
1
 10
16.7886
 20
0.0000
  0
SEQEND
  0
POLYLINE
999
2
  8
1
 66
1
 70
0
  0
VERTEX
999
2,1,,12
  8
1
 10
25.0347
 20
12.2407
  0
VERTEX
999
2,1,,13
  8
1
 10
11.4487
 20
101.1904
  0
VERTEX
999
2,1,,14
  8
1
 10
21.4219
 20
102.3608
  0
VERTEX
999
2,2
  8
1
 10
20.2358
 20
113.8828
  0
VERTEX
999
2,2
  8
1
 10
19.1211
 20
126.1553
  0
VERTEX
999
2,2
  8
1
 10
18.0806
 20
139.1431
  0
VERTEX
999
2,2
  8
1
 10
17.1152
 20
152.8120
  0
VERTEX
999
2,2
  8
1
 10
16.2280
 20
167.1284
  0
VERTEX
999
2,2
  8
1
 10
15.4194
 20
182.0576
  0
VERTEX
999
2,2
  8
1
 10
14.6924
 20
197.5649
  0
VERTEX
999
2,2
  8
1
 10
14.0488
 20
213.6167
  0
VERTEX
999
2,2
  8
1
 10
13.4897
 20
230.1782
  0
VERTEX
999
2,2
  8
1
 10
13.0181
 20
247.2153
  0
VERTEX
999
2,2
  8
1
 10
12.6348
 20
264.6938
  0
VERTEX
999
2,2
  8
1
 10
12.3428
 20
282.5796
  0
VERTEX
999
2,2
  8
1
 10
12.1431
 20
300.8374
  0
VERTEX
999
2,2
  8
1
 10
12.0376
 20
319.4341
  0
VERTEX
999
2,2
  8
1
 10
12.0288
 20
338.3345
  0
VERTEX
999
2,2
  8
1
 10
12.1187
 20
357.5049
  0
VERTEX
999
2,2
  8
1
 10
12.3081
 20
376.9102
  0
VERTEX
999
2,2
  8
1
 10
12.6001
 20
396.5171
  0
VERTEX
999
2,2
  8
1
 10
12.9961
 20
416.2910
  0
VERTEX
999
2,1,,15
  8
1
 10
13.4976
 20
436.1973
  0
VERTEX
999
2,2
  8
1
 10
15.4810
 20
500.4468
  0
VERTEX
999
2,1,,16
  8
1
 10
17.7051
 20
571.9390
  0
VERTEX
999
2,2
  8
1
 10
29.1855
 20
563.8237
  0
VERTEX
999
2,2
  8
1
 10
40.1143
 20
554.7852
  0
VERTEX
999
2,2
  8
1
 10
50.6572
 20
544.9907
  0
VERTEX
999
2,2
  8
1
 10
60.9829
 20
534.6079
  0
VERTEX
999
2,2
  8
1
 10
71.2573
 20
523.8042
  0
VERTEX
999
2,2
  8
1
 10
81.6479
 20
512.7471
  0
VERTEX
999
2,2
  8
1
 10
92.3223
 20
501.6045
  0
VERTEX
999
2,1,,17
  8
1
 10
103.4473
 20
490.5435
  0
VERTEX
999
2,2
  8
1
 10
111.9790
 20
482.5903
  0
VERTEX
999
2,2
  8
1
 10
120.9077
 20
474.8364
  0
VERTEX
999
2,2
  8
1
 10
130.2993
 20
467.3486
  0
VERTEX
999
2,2
  8
1
 10
140.2197
 20
460.1919
  0
VERTEX
999
2,2
  8
1
 10
150.7344
 20
453.4326
  0
VERTEX
999
2,2
  8
1
 10
161.9087
 20
447.1367
  0
VERTEX
999
2,2
  8
1
 10
173.8091
 20
441.3696
  0
VERTEX
999
2,1,,18
  8
1
 10
186.5010
 20
436.1973
  0
VERTEX
999
2,2
  8
1
 10
183.0366
 20
420.4199
  0
VERTEX
999
2,2
  8
1
 10
179.6689
 20
404.7661
  0
VERTEX
999
2,2
  8
1
 10
176.3950
 20
389.2217
  0
VERTEX
999
2,2
  8
1
 10
173.2109
 20
373.7749
  0
VERTEX
999
2,2
  8
1
 10
170.1133
 20
358.4116
  0
VERTEX
999
2,2
  8
1
 10
167.0986
 20
343.1196
  0
VERTEX
999
2,2
  8
1
 10
164.1626
 20
327.8857
  0
VERTEX
999
2,2
  8
1
 10
161.3022
 20
312.6968
  0
VERTEX
999
2,2
  8
1
 10
158.5142
 20
297.5400
  0
VERTEX
999
2,2
  8
1
 10
155.7944
 20
282.4023
  0
VERTEX
999
2,2
  8
1
 10
153.1392
 20
267.2705
  0
VERTEX
999
2,2
  8
1
 10
150.5454
 20
252.1318
  0
VERTEX
999
2,2
  8
1
 10
148.0093
 20
236.9731
  0
VERTEX
999
2,2
  8
1
 10
145.5269
 20
221.7817
  0
VERTEX
999
2,2
  8
1
 10
143.0952
 20
206.5444
  0
VERTEX
999
2,2
  8
1
 10
140.7100
 20
191.2480
  0
VERTEX
999
2,2
  8
1
 10
138.3687
 20
175.8799
  0
VERTEX
999
2,2
  8
1
 10
136.0664
 20
160.4268
  0
VERTEX
999
2,2
  8
1
 10
133.8003
 20
144.8760
  0
VERTEX
999
2,2
  8
1
 10
131.5669
 20
129.2139
  0
VERTEX
999
2,2
  8
1
 10
129.3628
 20
113.4282
  0
VERTEX
999
2,2
  8
1
 10
127.1836
 20
97.5059
  0
VERTEX
999
2,2
  8
1
 10
125.0259
 20
81.4336
  0
VERTEX
999
2,2
  8
1
 10
122.8867
 20
65.1982
  0
VERTEX
999
2,2
  8
1
 10
120.7617
 20
48.7876
  0
VERTEX
999
2,2
  8
1
 10
118.6479
 20
32.1875
  0
VERTEX
999
2,2
  8
1
 10
118.4561
 20
29.4360
  0
VERTEX
999
2,1,,19
  8
1
 10
118.4155
 20
28.8555
  0
VERTEX
999
2,2
  8
1
 10
107.8774
 20
27.6572
  0
VERTEX
999
2,2
  8
1
 10
97.3574
 20
26.2905
  0
VERTEX
999
2,2
  8
1
 10
86.8584
 20
24.7554
  0
VERTEX
999
2,2
  8
1
 10
76.3818
 20
23.0522
  0
VERTEX
999
2,2
  8
1
 10
65.9307
 20
21.1802
  0
VERTEX
999
2,2
  8
1
 10
55.5073
 20
19.1396
  0
VERTEX
999
2,2
  8
1
 10
45.1138
 20
16.9307
  0
VERTEX
999
2,2
  8
1
 10
34.7524
 20
14.5532
  0
VERTEX
999
2,1,,20
  8
1
 10
25.0347
 20
12.2407
  0
SEQEND
  0
LINE
999
5,1,,21
  8
1
 10
13.4976
 20
436.1973
 11
23.4937
 21
435.9194
  0
LINE
999
5,1,,23
  8
1
 10
103.4473
 20
490.5435
 11
96.5171
 21
483.3340
  0
LINE
999
5,1,,25
  8
1
 10
145.2607
 20
220.1299
 11
135.3882
 21
221.7202
  0
LINE
999
5,1,,27
  8
1
 10
13.4976
 20
436.1973
 11
186.5010
 21
436.1973
  0
LINE
999
5,1,,29
  8
1
  6
2
 10
17.4111
 20
101.8901
 11
30.8916
 21
13.6343
  0
LINE
999
3,1,,31
  8
1
 10
77.0459
 20
13.0195
 11
77.0459
 21
532.2407
  0
POLYLINE
999
5
  8
1
  6
2
 66
1
 70
0
  0
VERTEX
999
5,1,,31
  8
1
 10
180.6431
 20
437.4966
  0
VERTEX
999
5,2
  8
1
 10
177.1230
 20
421.4644
  0
VERTEX
999
5,2
  8
1
 10
173.7056
 20
405.5659
  0
VERTEX
999
5,2
  8
1
 10
170.3857
 20
389.7896
  0
VERTEX
999
5,2
  8
1
 10
167.1606
 20
374.1235
  0
VERTEX
999
5,2
  8
1
 10
164.0259
 20
358.5552
  0
VERTEX
999
5,2
  8
1
 10
160.9790
 20
343.0723
  0
VERTEX
999
5,2
  8
1
 10
158.0151
 20
327.6641
  0
VERTEX
999
5,2
  8
1
 10
155.1313
 20
312.3174
  0
VERTEX
999
5,2
  8
1
 10
152.3237
 20
297.0205
  0
VERTEX
999
5,2
  8
1
 10
149.5889
 20
281.7612
  0
VERTEX
999
5,2
  8
1
 10
146.9229
 20
266.5278
  0
VERTEX
999
5,2
  8
1
 10
144.3218
 20
251.3081
  0
VERTEX
999
5,2
  8
1
 10
141.7822
 20
236.0903
  0
VERTEX
999
5,2
  8
1
 10
139.3003
 20
220.8623
  0
VERTEX
999
5,2
  8
1
 10
136.8730
 20
205.6113
  0
VERTEX
999
5,2
  8
1
 10
134.4956
 20
190.3267
  0
VERTEX
999
5,2
  8
1
 10
132.1655
 20
174.9951
  0
VERTEX
999
5,2
  8
1
 10
129.8784
 20
159.6055
  0
VERTEX
999
5,2
  8
1
 10
127.6309
 20
144.1450
  0
VERTEX
999
5,2
  8
1
 10
125.4194
 20
128.6025
  0
VERTEX
999
5,2
  8
1
 10
123.2397
 20
112.9648
  0
VERTEX
999
5,2
  8
1
 10
121.0884
 20
97.2212
  0
VERTEX
999
5,2
  8
1
 10
118.9619
 20
81.3589
  0
VERTEX
999
5,2
  8
1
 10
116.8569
 20
65.3657
  0
VERTEX
999
5,2
  8
1
 10
114.7690
 20
49.2300
  0
VERTEX
999
5,2
  8
1
 10
112.6953
 20
32.9395
  0
VERTEX
999
5,1,,32
  8
1
 10
112.4302
 20
29.2729
  0
SEQEND
  0
ENDBLK
  0
BLOCK
  8
1
  2
P0010_06
 70
64
 10
0.0000
 20
0.0000
  0
TEXT
  8
1
 10
57.9893
 20
70.0894
 40
10.0000
 50
0.0000
  1
PIECE: 腰ポケット袋布
  7
STANDARD
  0
TEXT
  8
1
 10
57.9893
 20
58.5894
 40
10.0000
 50
0.0000
  1
SIZE: XL
  7
STANDARD
  0
TEXT
  8
1
 10
57.9893
 20
47.0894
 40
10.0000
 50
0.0000
  1
FABRIC: スレキ
  7
STANDARD
  0
TEXT
  8
1
 10
57.9893
 20
35.5894
 40
10.0000
 50
0.0000
  1
QUANTITY: 4
  7
STANDARD
  0
POLYLINE
999
1
  8
1
 66
1
 70
0
  0
VERTEX
999
1,1,,1
  8
1
 10
0.0000
 20
247.9917
  0
VERTEX
999
1,2,1
  8
1
 10
10.0000
 20
251.2407
 38
10.0000
 50
270.0000
  0
VERTEX
999
1,2,1
  8
1
 10
173.5552
 20
304.3765
 38
10.0001
 50
287.9979
  0
VERTEX
999
1,1,,2
  8
1
 10
183.0659
 20
307.4663
  0
VERTEX
999
1,2,1
  8
1
 10
186.1558
 20
297.9556
 38
10.0001
 50
197.9979
  0
VERTEX
999
1,2,1
  8
1
 10
239.2993
 20
134.3755
 38
10.0000
 50
270.0000
  0
VERTEX
999
1,1,,3
  8
1
 10
249.2993
 20
103.5947
  0
VERTEX
999
1,2,1
  8
1
 10
249.2993
 20
71.2305
 38
10.0001
 50
107.9979
  0
VERTEX
999
1,2,1
  8
1
 10
249.2993
 20
27.2930
 38
10.0000
 50
182.4739
  0
VERTEX
999
1,1,,4
  8
1
 10
249.2993
 20
7.2744
  0
VERTEX
999
1,2
  8
1
 10
240.1624
 20
6.8799
  0
VERTEX
999
1,2,1
  8
1
 10
239.2991
 20
6.8423
 38
10.0000
 50
90.0000
  0
VERTEX
999
1,2
  8
1
 10
146.9021
 20
2.4385
  0
VERTEX
999
1,1,,5
  8
1
 10
53.9722
 20
0.0000
  0
VERTEX
999
1,2,1
  8
1
 10
10.0000
 20
0.0000
 38
10.0000
 50
90.0000
  0
VERTEX
999
1,1,,6
  8
1
 10
0.0000
 20
0.0000
  0
VERTEX
999
1,2,1
  8
1
 10
0.0000
 20
20.0000
 38
10.0000
 50
0.0000
  0
VERTEX
999
1,2,1
  8
1
 10
0.0000
 20
237.4771
 38
10.0001
 50
17.9979
  0
VERTEX
999
1,1,,7
  8
1
 10
0.0000
 20
247.9917
  0
SEQEND
  0
POLYLINE
999
2
  8
1
 66
1
 70
0
  0
VERTEX
999
2,1,,8
  8
1
 10
10.0000
 20
240.7261
  0
VERTEX
999
2,1,,9
  8
1
 10
176.6450
 20
294.8657
  0
VERTEX
999
2,1,,10
  8
1
 10
239.2993
 20
102.0112
  0
VERTEX
999
2,1,,11
  8
1
 10
239.2993
 20
26.8613
  0
VERTEX
999
2,2
  8
1
 10
146.4729
 20
22.4336
  0
VERTEX
999
2,1,,12
  8
1
 10
53.9736
 20
20.0000
  0
VERTEX
999
2,1,,13
  8
1
 10
10.0000
 20
20.0000
  0
VERTEX
999
2,1,,14
  8
1
 10
10.0000
 20
240.7261
  0
SEQEND
  0
LINE
999
5,1,,15
  8
1
 10
205.2744
 20
109.6484
 11
152.7476
 21
271.3301
  0
LINE
999
5,1,,17
  8
1
 10
219.5405
 20
114.2832
 11
205.2744
 21
109.6484
  0
LINE
999
5,1,,19
  8
1
 10
152.7476
 20
271.3301
 11
167.0137
 21
275.9648
  0
LINE
999
5,1,,21
  8
1
 10
167.0132
 20
275.9648
 11
219.5405
 21
114.2832
  0
LINE
999
5,1,,23
  8
1
 10
205.2744
 20
109.6484
 11
152.7476
 21
271.3301
  0
LINE
999
5,1,,25
  8
1
 10
167.0137
 20
275.9648
 11
219.5405
 21
114.2832
  0
LINE
999
3,1,,27
  8
1
 10
89.9761
 20
277.2231
 11
89.9761
 21
0.4346
  0
LINE
999
5,1,,27
  8
1
 10
201.2070
 20
25.0747
 11
119.5808
 21
276.3267
  0
ENDBLK
  0
BLOCK
  8
1
  2
P0011_06
 70
64
 10
0.0000
 20
0.0000
  0
TEXT
  8
1
 10
43.4985
 20
194.6045
 40
5.0000
 50
0.0000
  1
PIECE: 腰ポケット向う布
  7
STANDARD
  0
TEXT
  8
1
 10
43.4985
 20
188.8545
 40
5.0000
 50
0.0000
  1
SIZE: XL
  7
STANDARD
  0
TEXT
  8
1
 10
43.4985
 20
183.1045
 40
5.0000
 50
0.0000
  1
FABRIC: 表地
  7
STANDARD
  0
TEXT
  8
1
 10
43.4985
 20
177.3545
 40
5.0000
 50
0.0000
  1
QUANTITY: 2
  7
STANDARD
  0
POLYLINE
999
1
  8
1
 66
1
 70
0
  0
VERTEX
999
1,1,,1
  8
1
 10
76.0857
 20
292.7559
  0
VERTEX
999
1,2,1
  8
1
 10
79.1755
 20
283.2451
 38
10.0001
 50
197.9979
  0
VERTEX
999
1,2,1
  8
1
 10
132.3191
 20
119.6650
 38
10.0000
 50
270.0000
  0
VERTEX
999
1,1,,2
  8
1
 10
142.3191
 20
88.8843
  0
VERTEX
999
1,2,1
  8
1
 10
142.3191
 20
56.5200
 38
10.0001
 50
107.9979
  0
VERTEX
999
1,2,1
  8
1
 10
142.3191
 20
12.5830
 38
10.0000
 50
182.4739
  0
VERTEX
999
1,1,,3
  8
1
 10
142.3191
 20
2.5737
  0
VERTEX
999
1,2
  8
1
 10
132.7507
 20
2.1602
  0
VERTEX
999
1,2,1
  8
1
 10
132.3188
 20
2.1416
 38
10.0000
 50
90.0000
  0
VERTEX
999
1,2
  8
1
 10
113.7778
 20
1.2993
  0
VERTEX
999
1,2,1
  8
1
 10
97.4294
 20
0.5098
 38
10.0001
 50
107.9979
  0
VERTEX
999
1,2
  8
1
 10
94.7195
 20
0.3765
  0
VERTEX
999
1,1,,4
  8
1
 10
87.0798
 20
0.0000
  0
VERTEX
999
1,2,1
  8
1
 10
83.8784
 20
9.8545
 38
9.9999
 50
2.8212
  0
VERTEX
999
1,2,1
  8
1
 10
3.0898
 20
258.5264
 38
10.0001
 50
17.9979
  0
VERTEX
999
1,1,,5
  8
1
 10
0.0000
 20
268.0371
  0
VERTEX
999
1,2,1
  8
1
 10
9.5107
 20
271.1270
 38
10.0001
 50
287.9979
  0
VERTEX
999
1,2,1
  8
1
 10
66.5750
 20
289.6660
 38
10.0001
 50
287.9979
  0
VERTEX
999
1,1,,6
  8
1
 10
76.0857
 20
292.7559
  0
SEQEND
  0
POLYLINE
999
2
  8
1
 66
1
 70
0
  0
VERTEX
999
2,1,,7
  8
1
 10
69.6648
 20
280.1553
  0
VERTEX
999
2,1,,8
  8
1
 10
132.3191
 20
87.3008
  0
VERTEX
999
2,1,,9
  8
1
 10
132.3191
 20
12.1509
  0
VERTEX
999
2,2
  8
1
 10
113.3159
 20
11.2886
  0
VERTEX
999
2,1,,10
  8
1
 10
94.2271
 20
10.3643
  0
VERTEX
999
2,1,,11
  8
1
 10
12.6006
 20
261.6162
  0
VERTEX
999
2,1,,12
  8
1
 10
69.6648
 20
280.1553
  0
SEQEND
  0
LINE
999
5,1,,13
  8
1
 10
112.5603
 20
99.5728
 11
98.2942
 21
94.9380
  0
LINE
999
5,1,,15
  8
1
 10
98.2942
 20
94.9380
 11
45.7673
 21
256.6196
  0
LINE
999
5,1,,17
  8
1
 10
45.7673
 20
256.6196
 11
60.0334
 21
261.2544
  0
LINE
999
5,1,,19
  8
1
 10
60.0330
 20
261.2544
 11
112.5603
 21
99.5728
  0
LINE
999
5,1,,21
  8
1
 10
60.0334
 20
261.2544
 11
112.5603
 21
99.5728
  0
LINE
999
5,1,,23
  8
1
 10
98.2942
 20
94.9380
 11
45.7673
 21
256.6196
  0
LINE
999
5,1,,25
  8
1
  6
2
 10
96.1292
 20
10.9819
 11
14.5029
 21
262.2339
  0
LINE
999
3,1,,27
  8
1
 10
79.5305
 20
282.1523
 11
79.5305
 21
23.2373
  0
ENDBLK
  0
BLOCK
  8
1
  2
P0012_06
 70
64
 10
0.0000
 20
0.0000
  0
TEXT
  8
1
 10
205.4932
 20
27.4897
 40
5.0000
 50
0.0000
  1
PIECE: カフス
  7
STANDARD
  0
TEXT
  8
1
 10
205.4932
 20
21.7397
 40
5.0000
 50
0.0000
  1
SIZE: XL
  7
STANDARD
  0
TEXT
  8
1
 10
205.4932
 20
15.9897
 40
5.0000
 50
0.0000
  1
FABRIC: 表地
  7
STANDARD
  0
TEXT
  8
1
 10
205.4932
 20
10.2397
 40
5.0000
 50
0.0000
  1
QUANTITY: 4
  7
STANDARD
  0
TEXT
  8
1
 10
230.4932
 20
15.9897
 40
5.0000
 50
0.0000
  1
FABRIC1: 芯地
  7
STANDARD
  0
TEXT
  8
1
 10
230.4932
 20
10.2397
 40
5.0000
 50
0.0000
  1
QUANTITY1: 2
  7
STANDARD
  0
POLYLINE
999
1
  8
1
 66
1
 70
0
  0
VERTEX
999
1,1,,1
  8
1
 10
301.9375
 20
0.0000
  0
VERTEX
999
1,2,1
  8
1
 10
289.3726
 20
0.0000
 38
9.9998
 50
52.7367
  0
VERTEX
999
1,2,1
  8
1
 10
10.0000
 20
0.0000
 38
10.0000
 50
90.0000
  0
VERTEX
999
1,1,,2
  8
1
 10
0.0000
 20
0.0000
  0
VERTEX
999
1,2,1
  8
1
 10
0.0000
 20
10.0000
 38
10.0000
 50
0.0000
  0
VERTEX
999
1,2,1
  8
1
 10
0.0000
 20
60.0000
 38
10.0000
 50
0.0000
  0
VERTEX
999
1,1,,3
  8
1
 10
0.0000
 20
70.0000
  0
VERTEX
999
1,2,1
  8
1
 10
10.0000
 20
70.0000
 38
10.0000
 50
270.0000
  0
VERTEX
999
1,1,1,4
  8
1
 10
105.1592
 20
70.0000
 38
10.0000
 50
270.0000
  0
VERTEX
999
1,2,1
  8
1
 10
289.3726
 20
70.0000
 38
9.9998
 50
307.2632
  0
VERTEX
999
1,1,,5
  8
1
 10
301.9375
 20
70.0000
  0
VERTEX
999
1,2,1
  8
1
 10
309.5454
 20
60.0000
 38
10.0000
 50
180.0000
  0
VERTEX
999
1,2,1
  8
1
 10
322.2822
 20
43.2578
 38
9.9998
 50
232.7368
  0
VERTEX
999
1,1,,6
  8
1
 10
328.5649
 20
35.0000
  0
VERTEX
999
1,2,1
  8
1
 10
322.2822
 20
26.7422
 38
9.9998
 50
127.2633
  0
VERTEX
999
1,2,1
  8
1
 10
309.5454
 20
10.0000
 38
10.0000
 50
180.0000
  0
VERTEX
999
1,1,,7
  8
1
 10
301.9375
 20
0.0000
  0
SEQEND
  0
POLYLINE
999
2
  8
1
 66
1
 70
0
  0
VERTEX
999
2,1,,8
  8
1
 10
296.9805
 20
10.0000
  0
VERTEX
999
2,1,,9
  8
1
 10
10.0000
 20
10.0000
  0
VERTEX
999
2,1,,10
  8
1
 10
10.0000
 20
60.0000
  0
VERTEX
999
2,1,,11
  8
1
 10
105.1592
 20
60.0000
  0
VERTEX
999
2,1,,12
  8
1
 10
296.9805
 20
60.0000
  0
VERTEX
999
2,1,,13
  8
1
 10
316.0000
 20
35.0000
  0
VERTEX
999
2,1,,14
  8
1
 10
296.9805
 20
10.0000
  0
SEQEND
  0
LINE
999
5,1,,15
  8
1
 10
105.1592
 20
60.0000
 11
105.1592
 21
50.0000
  0
LINE
999
5,1,,17
  8
1
  6
2
 10
294.0059
 20
16.0000
 11
16.0000
 21
16.0000
  0
LINE
999
5,1,,19
  8
1
  6
2
 10
294.0059
 20
16.0000
 11
308.4609
 21
35.0000
  0
LINE
999
5,1,,21
  8
1
  6
2
 10
16.0000
 20
16.0000
 11
16.0000
 21
60.0000
  0
LINE
999
5,1,,23
  8
1
  6
2
 10
294.0059
 20
54.0000
 11
308.4609
 21
35.0000
  0
LINE
999
5,1,,25
  8
1
  6
2
 10
100.1914
 20
54.0000
 11
294.0059
 21
54.0000
  0
LINE
999
5,1,,27
  8
1
  6
2
 10
100.1914
 20
54.0000
 11
10.0000
 21
54.0000
  0
LINE
999
3,1,,29
  8
1
 10
0.0000
 20
35.0000
 11
328.5649
 21
35.0000
  0
LINE
999
10,1,,29
  8
1
 10
68.9805
 20
35.0000
 11
50.9805
 21
35.0000
  0
LINE
999
10,1,,29
  8
1
 10
59.9805
 20
44.0000
 11
59.9805
 21
26.0000
  0
LINE
999
5,1,,30
  8
1
 10
299.9805
 20
35.0000
 11
278.9805
 21
35.0000
  0
LINE
999
5,1,,32
  8
1
 10
299.9805
 20
32.5000
 11
299.9805
 21
37.5000
  0
LINE
999
5,1,,34
  8
1
 10
278.9805
 20
32.5000
 11
278.9805
 21
37.5000
  0
LINE
999
5,1,,36
  8
1
 10
299.9805
 20
32.5000
 11
299.9805
 21
37.5000
  0
LINE
999
10,1,,38
  8
1
 10
38.9805
 20
35.0000
 11
20.9805
 21
35.0000
  0
LINE
999
10,1,,38
  8
1
 10
29.9805
 20
44.0000
 11
29.9805
 21
26.0000
  0
ENDBLK
  0
BLOCK
  8
1
  2
P0013_06
 70
64
 10
0.0000
 20
0.0000
  0
TEXT
  8
1
 10
26.3938
 20
101.2715
 40
5.0000
 50
0.0000
  1
PIECE: 腰ポケット口布
  7
STANDARD
  0
TEXT
  8
1
 10
26.3938
 20
95.5215
 40
5.0000
 50
0.0000
  1
SIZE: XL
  7
STANDARD
  0
TEXT
  8
1
 10
26.3938
 20
89.7715
 40
5.0000
 50
0.0000
  1
FABRIC: 表地
  7
STANDARD
  0
TEXT
  8
1
 10
26.3938
 20
84.0215
 40
5.0000
 50
0.0000
  1
QUANTITY: 2
  7
STANDARD
  0
TEXT
  8
1
 10
51.3938
 20
89.7715
 40
5.0000
 50
0.0000
  1
FABRIC1: 芯地
  7
STANDARD
  0
TEXT
  8
1
 10
51.3938
 20
84.0215
 40
5.0000
 50
0.0000
  1
QUANTITY1: 2
  7
STANDARD
  0
POLYLINE
999
1
  8
1
 66
1
 70
0
  0
VERTEX
999
1,1,1,1
  8
1
 10
0.0000
 20
0.0000
 38
10.0000
 50
0.0000
  0
VERTEX
999
1,1,1,2
  8
1
 10
0.0000
 20
200.0000
 38
10.0000
 50
0.0000
  0
VERTEX
999
1,1,,3
  8
1
 10
80.0000
 20
200.0000
  0
VERTEX
999
1,1,,4
  8
1
 10
80.0000
 20
0.0000
  0
VERTEX
999
1,1,,5
  8
1
 10
0.0000
 20
0.0000
  0
SEQEND
  0
POLYLINE
999
2
  8
1
 66
1
 70
0
  0
VERTEX
999
2,1,,6
  8
1
 10
10.0000
 20
0.0000
  0
VERTEX
999
2,1,,7
  8
1
 10
10.0000
 20
200.0000
  0
VERTEX
999
2,1,,8
  8
1
 10
80.0000
 20
200.0000
  0
VERTEX
999
2,1,,9
  8
1
 10
80.0000
 20
0.0000
  0
VERTEX
999
2,1,,10
  8
1
 10
10.0000
 20
0.0000
  0
SEQEND
  0
LINE
999
5,1,,11
  8
1
 10
40.0000
 20
185.0000
 11
40.0000
 21
15.0000
  0
LINE
999
5,1,,13
  8
1
 10
40.0000
 20
15.0000
 11
55.0000
 21
15.0000
  0
LINE
999
5,1,,15
  8
1
 10
55.0000
 20
185.0000
 11
40.0000
 21
185.0000
  0
LINE
999
5,1,,17
  8
1
 10
55.0000
 20
185.0000
 11
70.0000
 21
185.0000
  0
LINE
999
5,1,,19
  8
1
 10
70.0000
 20
185.0000
 11
70.0000
 21
15.0000
  0
LINE
999
5,1,,21
  8
1
 10
70.0000
 20
15.0000
 11
55.0000
 21
15.0000
  0
LINE
999
5,1,,23
  8
1
  6
2
 10
11.5000
 20
200.0000
 11
11.5000
 21
0.0000
  0
LINE
999
3,1,,25
  8
1
 10
55.0000
 20
200.0000
 11
55.0000
 21
0.0000
  0
ENDBLK
  0
BLOCK
  8
1
  2
P0014_06
 70
64
 10
0.0000
 20
0.0000
  0
TEXT
  8
1
 10
39.2161
 20
280.1995
 40
10.0000
 50
0.0000
  1
PIECE: 裏前身頃
  7
STANDARD
  0
TEXT
  8
1
 10
39.2161
 20
268.6995
 40
10.0000
 50
0.0000
  1
SIZE: XL
  7
STANDARD
  0
TEXT
  8
1
 10
39.2161
 20
257.1995
 40
10.0000
 50
0.0000
  1
FABRIC: 裏地キルト
  7
STANDARD
  0
TEXT
  8
1
 10
39.2161
 20
245.6995
 40
10.0000
 50
0.0000
  1
QUANTITY: 2
  7
STANDARD
  0
POLYLINE
999
1
  8
1
 66
1
 70
0
  0
VERTEX
999
1,1,1,1
  8
1
 10
0.0000
 20
0.0000
 38
10.0000
 50
0.0000
  0
VERTEX
999
1,1,1,2
  8
1
 10
0.0037
 20
391.5693
 38
10.0000
 50
0.0000
  0
VERTEX
999
1,2
  8
1
 10
0.1672
 20
409.5320
  0
VERTEX
999
1,2
  8
1
 10
0.6516
 20
426.8718
  0
VERTEX
999
1,2
  8
1
 10
1.4482
 20
443.6396
  0
VERTEX
999
1,2
  8
1
 10
2.5483
 20
459.8865
  0
VERTEX
999
1,2
  8
1
 10
3.9431
 20
475.6631
  0
VERTEX
999
1,2
  8
1
 10
5.6240
 20
491.0203
  0
VERTEX
999
1,2
  8
1
 10
7.5823
 20
506.0088
  0
VERTEX
999
1,2
  8
1
 10
9.8091
 20
520.6794
  0
VERTEX
999
1,2
  8
1
 10
12.2959
 20
535.0833
  0
VERTEX
999
1,2
  8
1
 10
15.0339
 20
549.2708
  0
VERTEX
999
1,2
  8
1
 10
18.0144
 20
563.2930
  0
VERTEX
999
1,2
  8
1
 10
21.2288
 20
577.2009
  0
VERTEX
999
1,2
  8
1
 10
24.6682
 20
591.0452
  0
VERTEX
999
1,2
  8
1
 10
28.3240
 20
604.8765
  0
VERTEX
999
1,2
  8
1
 10
32.1875
 20
618.7456
  0
VERTEX
999
1,2
  8
1
 10
36.2500
 20
632.7039
  0
VERTEX
999
1,2
  8
1
 10
40.5027
 20
646.8015
  0
VERTEX
999
1,2
  8
1
 10
44.9368
 20
661.0898
  0
VERTEX
999
1,2
  8
1
 10
49.5439
 20
675.6191
  0
VERTEX
999
1,2,1
  8
1
 10
54.3152
 20
690.4409
 38
9.9999
 50
342.0636
  0
VERTEX
999
1,1,,3
  8
1
 10
57.3948
 20
699.9556
  0
VERTEX
999
1,1,1,4
  8
1
 10
66.9089
 20
696.8755
 38
9.9998
 50
252.0605
  0
VERTEX
999
1,2,1
  8
1
 10
202.5662
 20
651.5864
 38
9.9999
 50
251.5394
  0
VERTEX
999
1,1,,5
  8
1
 10
212.0554
 20
648.4185
  0
VERTEX
999
1,1,1,6
  8
1
 10
208.8889
 20
638.9331
 38
9.9999
 50
161.5394
  0
VERTEX
999
1,2
  8
1
 10
205.8328
 20
630.1023
  0
VERTEX
999
1,2
  8
1
 10
202.8230
 20
620.3640
  0
VERTEX
999
1,2
  8
1
 10
199.9070
 20
609.8247
  0
VERTEX
999
1,2
  8
1
 10
197.1306
 20
598.5906
  0
VERTEX
999
1,2
  8
1
 10
194.5398
 20
586.7681
  0
VERTEX
999
1,2
  8
1
 10
192.1814
 20
574.4634
  0
VERTEX
999
1,2
  8
1
 10
190.1013
 20
561.7827
  0
VERTEX
999
1,2
  8
1
 10
188.3464
 20
548.8328
  0
VERTEX
999
1,2
  8
1
 10
186.9758
 20
535.8911
  0
VERTEX
999
1,2
  8
1
 10
186.0110
 20
522.8953
  0
VERTEX
999
1,2
  8
1
 10
185.5032
 20
509.9539
  0
VERTEX
999
1,2
  8
1
 10
185.5027
 20
497.1746
  0
VERTEX
999
1,2
  8
1
 10
186.0618
 20
484.6660
  0
VERTEX
999
1,2
  8
1
 10
187.2302
 20
472.5359
  0
VERTEX
999
1,2
  8
1
 10
189.0598
 20
460.8923
  0
VERTEX
999
1,2
  8
1
 10
191.6008
 20
449.8440
  0
VERTEX
999
1,2
  8
1
 10
192.7175
 20
446.0144
  0
VERTEX
999
1,2
  8
1
 10
193.9797
 20
442.2249
  0
VERTEX
999
1,2
  8
1
 10
195.3928
 20
438.4890
  0
VERTEX
999
1,1,1,7
  8
1
 10
196.9607
 20
434.8203
 38
9.9999
 50
204.5666
  0
VERTEX
999
1,2
  8
1
 10
202.0471
 20
425.9368
  0
VERTEX
999
1,2
  8
1
 10
208.2439
 20
418.2378
  0
VERTEX
999
1,2
  8
1
 10
215.6013
 20
411.8599
  0
VERTEX
999
1,2
  8
1
 10
224.1687
 20
406.9382
  0
VERTEX
999
1,2
  8
1
 10
233.9968
 20
403.6094
  0
VERTEX
999
1,2
  8
1
 10
245.1355
 20
402.0090
  0
VERTEX
999
1,2,1
  8
1
 10
252.9885
 20
401.5498
 38
10.0000
 50
266.6521
  0
VERTEX
999
1,1,,8
  8
1
 10
262.9714
 20
400.9661
  0
VERTEX
999
1,1,1,9
  8
1
 10
262.3870
 20
390.9783
 38
9.9998
 50
176.6226
  0
VERTEX
999
1,2
  8
1
 10
257.7771
 20
312.8098
  0
VERTEX
999
1,1,1,10
  8
1
 10
253.1667
 20
234.6416
 38
10.0001
 50
179.7370
  0
VERTEX
999
1,1,1,11
  8
1
 10
252.0896
 20
0.0002
 38
10.0000
 50
180.0000
  0
VERTEX
999
1,1,,12
  8
1
 10
0.0000
 20
0.0000
  0
SEQEND
  0
POLYLINE
999
2
  8
1
 66
1
 70
0
  0
VERTEX
999
2,1,,13
  8
1
 10
10.0000
 20
0.0000
  0
VERTEX
999
2,1,,14
  8
1
 10
10.0037
 20
391.5693
  0
VERTEX
999
2,2
  8
1
 10
10.1660
 20
409.3474
  0
VERTEX
999
2,2
  8
1
 10
10.6470
 20
426.5090
  0
VERTEX
999
2,2
  8
1
 10
11.4377
 20
443.1045
  0
VERTEX
999
2,2
  8
1
 10
12.5295
 20
459.1841
  0
VERTEX
999
2,2
  8
1
 10
13.9138
 20
474.7981
  0
VERTEX
999
2,2
  8
1
 10
15.5818
 20
489.9968
  0
VERTEX
999
2,2
  8
1
 10
17.5244
 20
504.8308
  0
VERTEX
999
2,2
  8
1
 10
19.7336
 20
519.3501
  0
VERTEX
999
2,2
  8
1
 10
22.2000
 20
533.6050
  0
VERTEX
999
2,2
  8
1
 10
24.9153
 20
547.6460
  0
VERTEX
999
2,2
  8
1
 10
27.8706
 20
561.5237
  0
VERTEX
999
2,2
  8
1
 10
31.0571
 20
575.2878
  0
VERTEX
999
2,2
  8
1
 10
34.4663
 20
588.9890
  0
VERTEX
999
2,2
  8
1
 10
38.0891
 20
602.6775
  0
VERTEX
999
2,2
  8
1
 10
41.9172
 20
616.4038
  0
VERTEX
999
2,2
  8
1
 10
45.9419
 20
630.2180
  0
VERTEX
999
2,2
  8
1
 10
50.1538
 20
644.1704
  0
VERTEX
999
2,2
  8
1
 10
54.5449
 20
658.3115
  0
VERTEX
999
2,2
  8
1
 10
59.1062
 20
672.6919
  0
VERTEX
999
2,1,,15
  8
1
 10
63.8291
 20
687.3613
  0
VERTEX
999
2,1,,16
  8
1
 10
199.3992
 20
642.1013
  0
VERTEX
999
2,2
  8
1
 10
195.8591
 20
631.7839
  0
VERTEX
999
2,2
  8
1
 10
192.3767
 20
620.2422
  0
VERTEX
999
2,2
  8
1
 10
189.0266
 20
607.6438
  0
VERTEX
999
2,2
  8
1
 10
185.8821
 20
594.1563
  0
VERTEX
999
2,2
  8
1
 10
183.0168
 20
579.9468
  0
VERTEX
999
2,2
  8
1
 10
180.5042
 20
565.1831
  0
VERTEX
999
2,2
  8
1
 10
178.4187
 20
550.0327
  0
VERTEX
999
2,2
  8
1
 10
176.8333
 20
534.6631
  0
VERTEX
999
2,2
  8
1
 10
175.8215
 20
519.2417
  0
VERTEX
999
2,2
  8
1
 10
175.4573
 20
503.9360
  0
VERTEX
999
2,2
  8
1
 10
175.8147
 20
488.9136
  0
VERTEX
999
2,2
  8
1
 10
176.9670
 20
474.3416
  0
VERTEX
999
2,2
  8
1
 10
178.9880
 20
460.3879
  0
VERTEX
999
2,2
  8
1
 10
181.9514
 20
447.2197
  0
VERTEX
999
2,2
  8
1
 10
183.1985
 20
442.9500
  0
VERTEX
999
2,2
  8
1
 10
184.6111
 20
438.7261
  0
VERTEX
999
2,2
  8
1
 10
186.1946
 20
434.5632
  0
VERTEX
999
2,1,,17
  8
1
 10
187.9534
 20
430.4766
  0
VERTEX
999
2,2
  8
1
 10
192.3137
 20
422.5339
  0
VERTEX
999
2,2
  8
1
 10
197.4021
 20
415.3560
  0
VERTEX
999
2,2
  8
1
 10
203.2419
 20
409.0081
  0
VERTEX
999
2,2
  8
1
 10
209.8582
 20
403.5566
  0
VERTEX
999
2,2
  8
1
 10
217.2732
 20
399.0667
  0
VERTEX
999
2,2
  8
1
 10
225.5115
 20
395.6045
  0
VERTEX
999
2,2
  8
1
 10
234.5964
 20
393.2358
  0
VERTEX
999
2,2
  8
1
 10
244.5515
 20
392.0261
  0
VERTEX
999
2,1,,18
  8
1
 10
252.4045
 20
391.5669
  0
VERTEX
999
2,2
  8
1
 10
247.7864
 20
313.2629
  0
VERTEX
999
2,1,,19
  8
1
 10
243.1682
 20
234.9592
  0
VERTEX
999
2,1,,20
  8
1
 10
242.0896
 20
0.0002
  0
VERTEX
999
2,1,,21
  8
1
 10
10.0000
 20
0.0000
  0
SEQEND
  0
LINE
999
5,1,,22
  8
1
 10
10.0037
 20
391.5693
 11
20.0037
 21
391.5693
  0
LINE
999
5,1,,24
  8
1
 10
187.9534
 20
430.4766
 11
178.8586
 21
426.3191
  0
LINE
999
5,1,,26
  8
1
 10
243.1682
 20
234.9592
 11
233.1682
 21
235.0051
  0
LINE
999
5,1,,28
  8
1
 10
243.1682
 20
234.9592
 11
10.0022
 21
234.9592
  0
LINE
999
5,1,,30
  8
1
 10
252.4045
 20
391.5669
 11
10.0037
 21
391.5693
  0
LINE
999
5,1,,32
  8
1
 10
63.4700
 20
373.6365
 11
106.4700
 21
373.6365
  0
LINE
999
5,1,,34
  8
1
 10
63.4700
 20
373.6365
 11
63.4700
 21
403.6365
  0
LINE
999
5,1,,36
  8
1
 10
63.4700
 20
403.6365
 11
106.4700
 21
403.6365
  0
LINE
999
5,1,,38
  8
1
 10
106.4700
 20
373.6365
 11
106.4700
 21
403.6365
  0
LINE
999
5,1,,40
  8
1
  6
2
 10
64.9700
 20
375.1365
 11
64.9700
 21
402.1365
  0
LINE
999
5,1,,42
  8
1
  6
2
 10
64.9700
 20
375.1365
 11
104.9700
 21
375.1365
  0
LINE
999
5,1,,44
  8
1
  6
2
 10
64.9700
 20
402.1365
 11
104.9700
 21
402.1365
  0
LINE
999
5,1,,46
  8
1
  6
2
 10
104.9700
 20
375.1365
 11
104.9700
 21
402.1365
  0
LINE
999
5,1,,48
  8
1
  6
2
 10
10.0002
 20
25.0715
 11
242.2043
 21
25.0715
  0
LINE
999
5,1,,50
  8
1
  6
2
 10
10.0032
 20
341.6365
 11
161.9700
 21
341.6365
  0
LINE
999
5,1,,52
  8
1
  6
2
 10
161.9700
 20
360.6365
 11
161.9700
 21
341.6365
  0
LINE
999
5,1,,54
  8
1
  6
2
 10
10.0034
 20
360.6365
 11
161.9700
 21
360.6365
  0
LINE
999
5,1,,56
  8
1
 10
10.0032
 20
343.6365
 11
159.9700
 21
343.6365
  0
LINE
999
5,1,,58
  8
1
 10
159.9700
 20
358.6365
 11
159.9700
 21
343.6365
  0
LINE
999
5,1,,60
  8
1
 10
10.0034
 20
358.6365
 11
159.9700
 21
358.6365
  0
LINE
999
3,1,,62
  8
1
 10
126.0447
 20
0.0000
 11
126.0447
 21
677.1328
  0
LINE
999
5,1,,62
  8
1
  6
3
 10
244.0554
 20
386.0586
 11
243.7620
 21
336.0596
  0
POLYLINE
999
5
  8
1
  6
3
 66
1
 70
0
  0
VERTEX
999
5,1,,64
  8
1
 10
182.9788
 20
430.8274
  0
VERTEX
999
5,2
  8
1
 10
187.5012
 20
421.6965
  0
VERTEX
999
5,2
  8
1
 10
192.8801
 20
413.4370
  0
VERTEX
999
5,2
  8
1
 10
199.1316
 20
406.1179
  0
VERTEX
999
5,2
  8
1
 10
206.2717
 20
399.8088
  0
VERTEX
999
5,2
  8
1
 10
214.3181
 20
394.5789
  0
VERTEX
999
5,2
  8
1
 10
223.2864
 20
390.4976
  0
VERTEX
999
5,2
  8
1
 10
233.1931
 20
387.6345
  0
VERTEX
999
5,1,,65
  8
1
 10
244.0554
 20
386.0586
  0
SEQEND
  0
ENDBLK
  0
BLOCK
  8
1
  2
P0015_06
 70
64
 10
0.0000
 20
0.0000
  0
TEXT
  8
1
 10
276.0210
 20
302.3318
 40
10.0000
 50
0.0000
  1
PIECE: 裏後身頃
  7
STANDARD
  0
TEXT
  8
1
 10
276.0210
 20
290.8318
 40
10.0000
 50
0.0000
  1
SIZE: XL
  7
STANDARD
  0
TEXT
  8
1
 10
276.0210
 20
279.3318
 40
10.0000
 50
0.0000
  1
FABRIC: 裏地キルト
  7
STANDARD
  0
TEXT
  8
1
 10
276.0210
 20
267.8318
 40
10.0000
 50
0.0000
  1
QUANTITY: 1
  7
STANDARD
  0
TEXT
  8
1
 10
83.3188
 20
657.6016
 40
7.0000
 50
1.6026
  1
COMMENT: SP
  7
STANDARD
  0
TEXT
  8
1
 10
330.8008
 20
471.2878
 40
11.0000
 50
1.6026
  1
COMMENT: CB
  7
STANDARD
  0
TEXT
  8
1
 10
244.3311
 20
713.8413
 40
7.0000
 50
1.6026
  1
COMMENT: NP
  7
STANDARD
  0
POLYLINE
999
1
  8
1
 66
1
 70
0
  0
VERTEX
999
1,1,,1
  8
1
 10
336.8926
 20
0.0000
  0
VERTEX
999
1,1,1,2
  8
1
 10
16.2871
 20
0.0042
 38
10.0000
 50
359.9986
  0
VERTEX
999
1,1,1,3
  8
1
 10
10.8477
 20
234.4590
 38
9.9998
 50
1.3290
  0
VERTEX
999
1,1,1,4
  8
1
 10
0.8872
 20
386.4119
 38
9.9999
 50
5.0901
  0
VERTEX
999
1,1,,5
  8
1
 10
0.0000
 20
396.3723
  0
VERTEX
999
1,2,1
  8
1
 10
9.9634
 20
397.2598
 38
9.9999
 50
275.0901
  0
VERTEX
999
1,2
  8
1
 10
20.7271
 20
399.2319
  0
VERTEX
999
1,2
  8
1
 10
30.4180
 20
403.0293
  0
VERTEX
999
1,2
  8
1
 10
39.0938
 20
408.4983
  0
VERTEX
999
1,2
  8
1
 10
46.8125
 20
415.4858
  0
VERTEX
999
1,2
  8
1
 10
53.6328
 20
423.8379
  0
VERTEX
999
1,2
  8
1
 10
59.6128
 20
433.4011
  0
VERTEX
999
1,2
  8
1
 10
64.8110
 20
444.0222
  0
VERTEX
999
1,1,1,6
  8
1
 10
69.3374
 20
455.7097
 38
9.9999
 50
340.9484
  0
VERTEX
999
1,2
  8
1
 10
69.7739
 20
457.0479
  0
VERTEX
999
1,2
  8
1
 10
73.1963
 20
468.9058
  0
VERTEX
999
1,2
  8
1
 10
75.9893
 20
481.4414
  0
VERTEX
999
1,2
  8
1
 10
78.1851
 20
494.5371
  0
VERTEX
999
1,2
  8
1
 10
79.8164
 20
508.0757
  0
VERTEX
999
1,2
  8
1
 10
80.9165
 20
521.9397
  0
VERTEX
999
1,2
  8
1
 10
81.5181
 20
536.0112
  0
VERTEX
999
1,2
  8
1
 10
81.6533
 20
550.1731
  0
VERTEX
999
1,2
  8
1
 10
81.3550
 20
564.3079
  0
VERTEX
999
1,2
  8
1
 10
80.6558
 20
578.2979
  0
VERTEX
999
1,2
  8
1
 10
79.5889
 20
592.0259
  0
VERTEX
999
1,2
  8
1
 10
78.1865
 20
605.3743
  0
VERTEX
999
1,2
  8
1
 10
76.4819
 20
618.2256
  0
VERTEX
999
1,2
  8
1
 10
74.5068
 20
630.4622
  0
VERTEX
999
1,2
  8
1
 10
72.2949
 20
641.9668
  0
VERTEX
999
1,2
  8
1
 10
69.8784
 20
652.6221
  0
VERTEX
999
1,2,1
  8
1
 10
67.4360
 20
661.8057
 38
10.0001
 50
19.2170
  0
VERTEX
999
1,2
  8
1
 10
67.2900
 20
662.3101
  0
VERTEX
999
1,1,,7
  8
1
 10
64.6426
 20
671.4204
  0
VERTEX
999
1,2,1
  8
1
 10
74.0986
 20
674.7168
 38
9.9998
 50
286.2040
  0
VERTEX
999
1,2,1
  8
1
 10
246.3970
 20
734.7769
 38
10.0001
 50
289.2170
  0
VERTEX
999
1,1,,8
  8
1
 10
256.9126
 20
738.4424
  0
VERTEX
999
1,1,1,9
  8
1
 10
260.2041
 20
728.9995
 38
10.0001
 50
199.2170
  0
VERTEX
999
1,2
  8
1
 10
264.8618
 20
725.1548
  0
VERTEX
999
1,2
  8
1
 10
269.8237
 20
721.8076
  0
VERTEX
999
1,2
  8
1
 10
275.0557
 20
718.9238
  0
VERTEX
999
1,2
  8
1
 10
280.5249
 20
716.4692
  0
VERTEX
999
1,2
  8
1
 10
286.1973
 20
714.4097
  0
VERTEX
999
1,2
  8
1
 10
292.0396
 20
712.7109
  0
VERTEX
999
1,2
  8
1
 10
299.2915
 20
711.0894
  0
VERTEX
999
1,2
  8
1
 10
306.6899
 20
709.8965
  0
VERTEX
999
1,2
  8
1
 10
314.1914
 20
709.0840
  0
VERTEX
999
1,2
  8
1
 10
321.7539
 20
708.6021
  0
VERTEX
999
1,2
  8
1
 10
329.3354
 20
708.4023
  0
VERTEX
999
1,1,,10
  8
1
 10
336.8926
 20
708.4360
  0
VERTEX
999
1,2
  8
1
 10
344.4497
 20
708.4023
  0
VERTEX
999
1,2
  8
1
 10
352.0313
 20
708.6021
  0
VERTEX
999
1,2
  8
1
 10
359.5938
 20
709.0840
  0
VERTEX
999
1,2
  8
1
 10
367.0952
 20
709.8965
  0
VERTEX
999
1,2
  8
1
 10
374.4937
 20
711.0894
  0
VERTEX
999
1,2
  8
1
 10
381.7456
 20
712.7109
  0
VERTEX
999
1,2
  8
1
 10
387.5879
 20
714.4097
  0
VERTEX
999
1,2
  8
1
 10
393.2603
 20
716.4692
  0
VERTEX
999
1,2
  8
1
 10
398.7295
 20
718.9238
  0
VERTEX
999
1,2
  8
1
 10
403.9614
 20
721.8076
  0
VERTEX
999
1,2
  8
1
 10
408.9233
 20
725.1548
  0
VERTEX
999
1,1,1,11
  8
1
 10
413.5811
 20
728.9995
 38
10.0001
 50
340.7830
  0
VERTEX
999
1,1,,12
  8
1
 10
416.8726
 20
738.4424
  0
VERTEX
999
1,2,1
  8
1
 10
427.3882
 20
734.7769
 38
10.0001
 50
250.7830
  0
VERTEX
999
1,1,1,13
  8
1
 10
599.6870
 20
674.7168
 38
9.9998
 50
253.7960
  0
VERTEX
999
1,1,,14
  8
1
 10
609.2896
 20
671.9263
  0
VERTEX
999
1,2,1
  8
1
 10
606.4951
 20
662.3101
 38
9.9999
 50
163.7933
  0
VERTEX
999
1,2
  8
1
 10
603.9072
 20
652.6221
  0
VERTEX
999
1,2
  8
1
 10
601.4917
 20
641.9668
  0
VERTEX
999
1,2
  8
1
 10
599.2808
 20
630.4624
  0
VERTEX
999
1,2
  8
1
 10
597.3076
 20
618.2258
  0
VERTEX
999
1,2
  8
1
 10
595.6045
 20
605.3750
  0
VERTEX
999
1,2
  8
1
 10
594.2041
 20
592.0269
  0
VERTEX
999
1,2
  8
1
 10
593.1392
 20
578.2993
  0
VERTEX
999
1,2
  8
1
 10
592.4419
 20
564.3093
  0
VERTEX
999
1,2
  8
1
 10
592.1450
 20
550.1746
  0
VERTEX
999
1,2
  8
1
 10
592.2813
 20
536.0127
  0
VERTEX
999
1,2
  8
1
 10
592.8828
 20
521.9407
  0
VERTEX
999
1,2
  8
1
 10
593.9824
 20
508.0764
  0
VERTEX
999
1,2
  8
1
 10
595.6128
 20
494.5369
  0
VERTEX
999
1,2
  8
1
 10
597.8062
 20
481.4399
  0
VERTEX
999
1,2
  8
1
 10
600.5957
 20
468.9031
  0
VERTEX
999
1,2
  8
1
 10
604.0132
 20
457.0432
  0
VERTEX
999
1,1,1,15
  8
1
 10
604.4463
 20
455.7092
 38
9.9999
 50
199.0516
  0
VERTEX
999
1,2
  8
1
 10
608.9063
 20
444.1821
  0
VERTEX
999
1,2
  8
1
 10
614.0884
 20
433.5557
  0
VERTEX
999
1,2
  8
1
 10
620.0503
 20
423.9829
  0
VERTEX
999
1,2
  8
1
 10
626.8501
 20
415.6169
  0
VERTEX
999
1,2
  8
1
 10
634.5459
 20
408.6106
  0
VERTEX
999
1,2
  8
1
 10
643.1958
 20
403.1172
  0
VERTEX
999
1,2
  8
1
 10
652.8579
 20
399.2896
  0
VERTEX
999
1,1,1,16
  8
1
 10
663.5898
 20
397.2810
 38
9.9999
 50
266.2484
  0
VERTEX
999
1,1,,17
  8
1
 10
673.5679
 20
396.6270
  0
VERTEX
999
1,2,1
  8
1
 10
672.9136
 20
386.6453
 38
9.9999
 50
176.2498
  0
VERTEX
999
1,1,1,18
  8
1
 10
662.9375
 20
234.4592
 38
9.9998
 50
178.6710
  0
VERTEX
999
1,1,1,19
  8
1
 10
657.4980
 20
0.0042
 38
10.0000
 50
180.0014
  0
VERTEX
999
1,1,,20
  8
1
 10
336.8926
 20
0.0000
  0
SEQEND
  0
POLYLINE
999
2
  8
1
 66
1
 70
0
  0
VERTEX
999
2,1,,21
  8
1
 10
336.8926
 20
0.0000
  0
VERTEX
999
2,1,,22
  8
1
 10
26.2900
 20
0.0039
  0
VERTEX
999
2,1,,23
  8
1
 10
20.8398
 20
234.9021
  0
VERTEX
999
2,1,,24
  8
1
 10
10.8506
 20
387.2993
  0
VERTEX
999
2,2
  8
1
 10
20.7178
 20
388.8901
  0
VERTEX
999
2,2
  8
1
 10
29.8398
 20
391.7849
  0
VERTEX
999
2,2
  8
1
 10
38.2393
 20
395.9045
  0
VERTEX
999
2,2
  8
1
 10
45.9404
 20
401.1709
  0
VERTEX
999
2,2
  8
1
 10
52.9663
 20
407.5051
  0
VERTEX
999
2,2
  8
1
 10
59.3408
 20
414.8286
  0
VERTEX
999
2,2
  8
1
 10
65.0869
 20
423.0630
  0
VERTEX
999
2,2
  8
1
 10
70.2285
 20
432.1296
  0
VERTEX
999
2,2
  8
1
 10
74.7886
 20
441.9500
  0
VERTEX
999
2,1,,25
  8
1
 10
78.7915
 20
452.4451
  0
VERTEX
999
2,2
  8
1
 10
79.2803
 20
453.9441
  0
VERTEX
999
2,2
  8
1
 10
82.7979
 20
466.1440
  0
VERTEX
999
2,2
  8
1
 10
85.6724
 20
479.0408
  0
VERTEX
999
2,2
  8
1
 10
87.9370
 20
492.5134
  0
VERTEX
999
2,2
  8
1
 10
89.6250
 20
506.4412
  0
VERTEX
999
2,2
  8
1
 10
90.7686
 20
520.7034
  0
VERTEX
999
2,2
  8
1
 10
91.4014
 20
535.1792
  0
VERTEX
999
2,2
  8
1
 10
91.5562
 20
549.7476
  0
VERTEX
999
2,2
  8
1
 10
91.2666
 20
564.2878
  0
VERTEX
999
2,2
  8
1
 10
90.5645
 20
578.6792
  0
VERTEX
999
2,2
  8
1
 10
89.4839
 20
592.8008
  0
VERTEX
999
2,2
  8
1
 10
88.0571
 20
606.5320
  0
VERTEX
999
2,2
  8
1
 10
86.3179
 20
619.7517
  0
VERTEX
999
2,2
  8
1
 10
84.2988
 20
632.3391
  0
VERTEX
999
2,2
  8
1
 10
82.0327
 20
644.1738
  0
VERTEX
999
2,2
  8
1
 10
79.5532
 20
655.1343
  0
VERTEX
999
2,1,,26
  8
1
 10
76.8926
 20
665.1006
  0
VERTEX
999
2,1,,27
  8
1
 10
249.6885
 20
725.3340
  0
VERTEX
999
2,2
  8
1
 10
258.3579
 20
717.5352
  0
VERTEX
999
2,2
  8
1
 10
268.0015
 20
711.3252
  0
VERTEX
999
2,2
  8
1
 10
278.4502
 20
706.5435
  0
VERTEX
999
2,2
  8
1
 10
289.5366
 20
703.0293
  0
VERTEX
999
2,2
  8
1
 10
301.0923
 20
700.6221
  0
VERTEX
999
2,2
  8
1
 10
312.9487
 20
699.1611
  0
VERTEX
999
2,2
  8
1
 10
324.9385
 20
698.4854
  0
VERTEX
999
2,1,,28
  8
1
 10
336.8926
 20
698.4346
  0
VERTEX
999
2,2
  8
1
 10
348.8467
 20
698.4854
  0
VERTEX
999
2,2
  8
1
 10
360.8364
 20
699.1611
  0
VERTEX
999
2,2
  8
1
 10
372.6929
 20
700.6221
  0
VERTEX
999
2,2
  8
1
 10
384.2485
 20
703.0293
  0
VERTEX
999
2,2
  8
1
 10
395.3350
 20
706.5435
  0
VERTEX
999
2,2
  8
1
 10
405.7837
 20
711.3252
  0
VERTEX
999
2,2
  8
1
 10
415.4272
 20
717.5352
  0
VERTEX
999
2,1,,29
  8
1
 10
424.0967
 20
725.3340
  0
VERTEX
999
2,1,,30
  8
1
 10
596.8926
 20
665.1006
  0
VERTEX
999
2,2
  8
1
 10
594.2319
 20
655.1343
  0
VERTEX
999
2,2
  8
1
 10
591.7524
 20
644.1738
  0
VERTEX
999
2,2
  8
1
 10
589.4863
 20
632.3391
  0
VERTEX
999
2,2
  8
1
 10
587.4673
 20
619.7517
  0
VERTEX
999
2,2
  8
1
 10
585.7280
 20
606.5320
  0
VERTEX
999
2,2
  8
1
 10
584.3018
 20
592.8008
  0
VERTEX
999
2,2
  8
1
 10
583.2212
 20
578.6792
  0
VERTEX
999
2,2
  8
1
 10
582.5190
 20
564.2878
  0
VERTEX
999
2,2
  8
1
 10
582.2295
 20
549.7476
  0
VERTEX
999
2,2
  8
1
 10
582.3843
 20
535.1792
  0
VERTEX
999
2,2
  8
1
 10
583.0171
 20
520.7034
  0
VERTEX
999
2,2
  8
1
 10
584.1606
 20
506.4412
  0
VERTEX
999
2,2
  8
1
 10
585.8486
 20
492.5134
  0
VERTEX
999
2,2
  8
1
 10
588.1133
 20
479.0408
  0
VERTEX
999
2,2
  8
1
 10
590.9878
 20
466.1440
  0
VERTEX
999
2,2
  8
1
 10
594.5054
 20
453.9441
  0
VERTEX
999
2,1,,31
  8
1
 10
594.9941
 20
452.4451
  0
VERTEX
999
2,2
  8
1
 10
598.9971
 20
441.9500
  0
VERTEX
999
2,2
  8
1
 10
603.5571
 20
432.1296
  0
VERTEX
999
2,2
  8
1
 10
608.6987
 20
423.0630
  0
VERTEX
999
2,2
  8
1
 10
614.4448
 20
414.8286
  0
VERTEX
999
2,2
  8
1
 10
620.8193
 20
407.5051
  0
VERTEX
999
2,2
  8
1
 10
627.8452
 20
401.1709
  0
VERTEX
999
2,2
  8
1
 10
635.5464
 20
395.9045
  0
VERTEX
999
2,2
  8
1
 10
643.9458
 20
391.7849
  0
VERTEX
999
2,2
  8
1
 10
653.0679
 20
388.8901
  0
VERTEX
999
2,1,,32
  8
1
 10
662.9351
 20
387.2993
  0
VERTEX
999
2,1,,33
  8
1
 10
652.9453
 20
234.9021
  0
VERTEX
999
2,1,,34
  8
1
 10
647.4956
 20
0.0039
  0
VERTEX
999
2,1,,35
  8
1
 10
336.8926
 20
0.0000
  0
SEQEND
  0
LINE
999
5,1,,36
  8
1
 10
20.8398
 20
234.9021
 11
30.8369
 21
235.1340
  0
LINE
999
5,1,,38
  8
1
 10
78.7915
 20
452.4451
 11
88.2437
 21
449.1809
  0
LINE
999
5,1,,40
  8
1
 10
594.9941
 20
452.4451
 11
585.5420
 21
449.1809
  0
LINE
999
5,1,,42
  8
1
 10
652.9453
 20
234.9021
 11
642.9482
 21
235.1340
  0
LINE
999
5,1,,44
  8
1
 10
10.8506
 20
387.2993
 11
336.8926
 21
387.2993
  0
LINE
999
5,1,,46
  8
1
 10
20.8398
 20
234.9021
 11
336.8926
 21
234.9021
  0
LINE
999
5,1,,48
  8
1
  6
2
 10
336.8926
 20
614.9480
 11
313.3926
 21
614.9480
  0
LINE
999
5,1,,50
  8
1
  6
2
 10
336.8926
 20
614.9480
 11
360.3926
 21
614.9480
  0
LINE
999
5,1,,52
  8
1
  6
2
 10
313.3926
 20
676.9482
 11
313.3926
 21
614.9480
  0
LINE
999
5,1,,54
  8
1
  6
2
 10
336.8926
 20
676.9482
 11
313.3926
 21
676.9482
  0
LINE
999
5,1,,56
  8
1
  6
2
 10
336.8926
 20
676.9482
 11
360.3926
 21
676.9482
  0
LINE
999
5,1,,58
  8
1
  6
2
 10
360.3926
 20
676.9482
 11
360.3926
 21
614.9480
  0
LINE
999
5,1,,60
  8
1
 10
336.8926
 20
613.4480
 11
311.8926
 21
613.4480
  0
LINE
999
5,1,,62
  8
1
 10
336.8926
 20
613.4480
 11
361.8926
 21
613.4480
  0
LINE
999
5,1,,64
  8
1
 10
311.8926
 20
678.4482
 11
311.8926
 21
613.4480
  0
LINE
999
5,1,,66
  8
1
 10
311.8926
 20
678.4482
 11
336.8926
 21
678.4482
  0
LINE
999
5,1,,68
  8
1
 10
361.8926
 20
678.4482
 11
336.8926
 21
678.4482
  0
LINE
999
5,1,,70
  8
1
 10
361.8926
 20
678.4482
 11
361.8926
 21
613.4480
  0
LINE
999
5,1,,72
  8
1
 10
316.9126
 20
692.2002
 11
336.8926
 21
692.2002
  0
LINE
999
5,1,,74
  8
1
 10
356.8726
 20
692.2002
 11
336.8926
 21
692.2002
  0
LINE
999
5,1,,76
  8
1
  6
2
 10
337.0879
 20
25.0000
 11
25.7573
 21
25.0042
  0
LINE
999
5,1,,78
  8
1
  6
3
 10
18.9277
 20
336.0105
 11
17.9824
 21
386.0017
  0
LINE
999
5,1,,80
  8
1
  6
2
 10
336.6978
 20
25.0000
 11
648.0283
 21
25.0042
  0
LINE
999
3,1,,82
  8
1
 10
336.8926
 20
0.0000
 11
336.8926
 21
708.4360
  0
LINE
999
5,1,,82
  8
1
 10
331.8926
 20
613.4480
 11
331.8926
 21
607.4480
  0
LINE
999
5,1,,84
  8
1
 10
331.8926
 20
607.4480
 11
341.8926
 21
607.4480
  0
LINE
999
5,1,,86
  8
1
 10
341.8926
 20
613.4480
 11
341.8926
 21
607.4480
  0
LINE
999
5,1,,88
  8
1
 10
316.9126
 20
692.2002
 11
322.8394
 21
686.2734
  0
LINE
999
5,1,,90
  8
1
 10
322.8394
 20
686.2734
 11
336.8926
 21
686.2734
  0
LINE
999
5,1,,92
  8
1
 10
356.8726
 20
692.2002
 11
350.9458
 21
686.2734
  0
LINE
999
5,1,,94
  8
1
 10
350.9458
 20
686.2734
 11
336.8926
 21
686.2734
  0
LINE
999
5,1,,96
  8
1
 10
316.9126
 20
692.2002
 11
316.9126
 21
698.3462
  0
LINE
999
5,1,,98
  8
1
 10
356.8726
 20
692.1997
 11
356.8726
 21
698.3462
  0
POLYLINE
999
5
  8
1
  6
3
 66
1
 70
0
  0
VERTEX
999
5,1,,100
  8
1
 10
17.9824
 20
386.0017
  0
VERTEX
999
5,2
  8
1
 10
27.9429
 20
387.7002
  0
VERTEX
999
5,2
  8
1
 10
37.0850
 20
390.7151
  0
VERTEX
999
5,2
  8
1
 10
45.4355
 20
394.9653
  0
VERTEX
999
5,2
  8
1
 10
53.0225
 20
400.3701
  0
VERTEX
999
5,2
  8
1
 10
59.8740
 20
406.8481
  0
VERTEX
999
5,2
  8
1
 10
66.0176
 20
414.3186
  0
VERTEX
999
5,2
  8
1
 10
71.4814
 20
422.7004
  0
VERTEX
999
5,2
  8
1
 10
76.2925
 20
431.9126
  0
VERTEX
999
5,2
  8
1
 10
80.4790
 20
441.8738
  0
VERTEX
999
5,1,,101
  8
1
 10
84.0684
 20
452.5034
  0
SEQEND
  0
POLYLINE
999
5
  8
1
 66
1
 70
0
  0
VERTEX
999
5,1,,102
  8
1
 10
336.8926
 20
489.0066
  0
VERTEX
999
5,2
  8
1
 10
333.0000
 20
488.2207
  0
VERTEX
999
5,2
  8
1
 10
329.8213
 20
486.0779
  0
VERTEX
999
5,2
  8
1
 10
327.6782
 20
482.8994
  0
VERTEX
999
5,2
  8
1
 10
326.8926
 20
479.0066
  0
VERTEX
999
5,2
  8
1
 10
327.6782
 20
475.1143
  0
VERTEX
999
5,2
  8
1
 10
329.8213
 20
471.9355
  0
VERTEX
999
5,2
  8
1
 10
333.0000
 20
469.7925
  0
VERTEX
999
5,1,,103
  8
1
 10
336.8926
 20
469.0066
  0
SEQEND
  0
POLYLINE
999
5
  8
1
 66
1
 70
0
  0
VERTEX
999
5,1,,104
  8
1
 10
336.8926
 20
494.0066
  0
VERTEX
999
5,2
  8
1
 10
332.9048
 20
493.4707
  0
VERTEX
999
5,2
  8
1
 10
329.3218
 20
491.9587
  0
VERTEX
999
5,2
  8
1
 10
326.2861
 20
489.6133
  0
VERTEX
999
5,2
  8
1
 10
323.9404
 20
486.5774
  0
VERTEX
999
5,2
  8
1
 10
322.4282
 20
482.9941
  0
VERTEX
999
5,2
  8
1
 10
321.8926
 20
479.0066
  0
VERTEX
999
5,2
  8
1
 10
322.4282
 20
475.0190
  0
VERTEX
999
5,2
  8
1
 10
323.9404
 20
471.4358
  0
VERTEX
999
5,2
  8
1
 10
326.2861
 20
468.3999
  0
VERTEX
999
5,2
  8
1
 10
329.3218
 20
466.0544
  0
VERTEX
999
5,2
  8
1
 10
332.9048
 20
464.5425
  0
VERTEX
999
5,1,,105
  8
1
 10
336.8926
 20
464.0066
  0
SEQEND
  0
LINE
999
5,1,,106
  8
1
 10
322.8394
 20
692.2002
 11
322.8394
 21
698.3032
  0
LINE
999
5,1,,108
  8
1
 10
350.9458
 20
692.2002
 11
350.9458
 21
698.3032
  0
ENDBLK
  0
BLOCK
  8
1
  2
P0016_06
 70
64
 10
0.0000
 20
0.0000
  0
TEXT
  8
1
 10
60.6226
 20
9.0615
 40
5.0000
 50
0.0000
  1
PIECE: 左内ポケット（ヨコ）口布
  7
STANDARD
  0
TEXT
  8
1
 10
60.6226
 20
3.3115
 40
5.0000
 50
0.0000
  1
SIZE: XL
  7
STANDARD
  0
TEXT
  8
1
 10
60.6226
 20
-2.4385
 40
5.0000
 50
0.0000
  1
FABRIC: 表地
  7
STANDARD
  0
TEXT
  8
1
 10
60.6226
 20
-8.1885
 40
5.0000
 50
0.0000
  1
QUANTITY: 1
  7
STANDARD
  0
TEXT
  8
1
 10
85.6226
 20
-2.4385
 40
5.0000
 50
0.0000
  1
FABRIC1: 芯地
  7
STANDARD
  0
TEXT
  8
1
 10
85.6226
 20
-8.1885
 40
5.0000
 50
0.0000
  1
QUANTITY1: 1
  7
STANDARD
  0
POLYLINE
999
1
  8
1
 66
1
 70
0
  0
VERTEX
999
1,1,,1
  8
1
 10
0.0000
 20
0.0000
  0
VERTEX
999
1,2,1
  8
1
 10
0.0000
 20
10.0000
 38
10.0000
 50
0.0000
  0
VERTEX
999
1,1,,2
  8
1
 10
0.0000
 20
25.0000
  0
VERTEX
999
1,2,1
  8
1
 10
0.0000
 20
40.0000
 38
10.0000
 50
0.0000
  0
VERTEX
999
1,1,,3
  8
1
 10
0.0000
 20
50.0000
  0
VERTEX
999
1,2,1
  8
1
 10
15.0000
 20
50.0000
 38
10.0000
 50
270.0000
  0
VERTEX
999
1,2,1
  8
1
 10
165.0000
 20
50.0000
 38
10.0000
 50
270.0000
  0
VERTEX
999
1,1,,4
  8
1
 10
180.0000
 20
50.0000
  0
VERTEX
999
1,2,1
  8
1
 10
180.0000
 20
40.0000
 38
10.0000
 50
180.0000
  0
VERTEX
999
1,1,,5
  8
1
 10
180.0000
 20
25.0000
  0
VERTEX
999
1,2,1
  8
1
 10
180.0000
 20
10.0000
 38
10.0000
 50
180.0000
  0
VERTEX
999
1,1,,6
  8
1
 10
180.0000
 20
0.0000
  0
VERTEX
999
1,2,1
  8
1
 10
165.0000
 20
0.0000
 38
10.0000
 50
90.0000
  0
VERTEX
999
1,2,1
  8
1
 10
15.0000
 20
0.0000
 38
10.0000
 50
90.0000
  0
VERTEX
999
1,1,,7
  8
1
 10
0.0000
 20
0.0000
  0
SEQEND
  0
POLYLINE
999
2
  8
1
 66
1
 70
0
  0
VERTEX
999
2,1,,8
  8
1
 10
15.0000
 20
10.0000
  0
VERTEX
999
2,1,,9
  8
1
 10
15.0000
 20
25.0000
  0
VERTEX
999
2,1,,10
  8
1
 10
15.0000
 20
40.0000
  0
VERTEX
999
2,1,,11
  8
1
 10
165.0000
 20
40.0000
  0
VERTEX
999
2,1,,12
  8
1
 10
165.0000
 20
25.0000
  0
VERTEX
999
2,1,,13
  8
1
 10
165.0000
 20
10.0000
  0
VERTEX
999
2,1,,14
  8
1
 10
15.0000
 20
10.0000
  0
SEQEND
  0
LINE
999
3,1,,15
  8
1
 10
0.0000
 20
25.0000
 11
180.0000
 21
25.0000
  0
ENDBLK
  0
BLOCK
  8
1
  2
P0017_06
 70
64
 10
0.0000
 20
0.0000
  0
TEXT
  8
1
 10
47.8059
 20
262.1414
 40
10.0000
 50
0.0000
  1
PIECE: 左内ポケット（ヨコ）袋布
  7
STANDARD
  0
TEXT
  8
1
 10
47.8059
 20
250.6414
 40
10.0000
 50
0.0000
  1
SIZE: XL
  7
STANDARD
  0
TEXT
  8
1
 10
47.8059
 20
239.1414
 40
10.0000
 50
0.0000
  1
FABRIC: スレキ
  7
STANDARD
  0
TEXT
  8
1
 10
47.8059
 20
227.6414
 40
10.0000
 50
0.0000
  1
QUANTITY: 1
  7
STANDARD
  0
POLYLINE
999
1
  8
1
 66
1
 70
0
  0
VERTEX
999
1,1,,1
  8
1
 10
0.0000
 20
0.0000
  0
VERTEX
999
1,2,1
  8
1
 10
0.0000
 20
10.0000
 38
10.0000
 50
0.0000
  0
VERTEX
999
1,1,,2
  8
1
 10
0.0000
 20
205.0000
  0
VERTEX
999
1,2,1
  8
1
 10
0.0000
 20
400.0000
 38
10.0000
 50
0.0000
  0
VERTEX
999
1,1,,3
  8
1
 10
0.0000
 20
410.0000
  0
VERTEX
999
1,2,1
  8
1
 10
10.0000
 20
410.0000
 38
10.0000
 50
270.0000
  0
VERTEX
999
1,2,1
  8
1
 10
180.0000
 20
410.0000
 38
10.0000
 50
270.0000
  0
VERTEX
999
1,1,,4
  8
1
 10
190.0000
 20
410.0000
  0
VERTEX
999
1,2,1
  8
1
 10
190.0000
 20
400.0000
 38
10.0000
 50
180.0000
  0
VERTEX
999
1,1,,5
  8
1
 10
190.0000
 20
205.0000
  0
VERTEX
999
1,2,1
  8
1
 10
190.0000
 20
10.0000
 38
10.0000
 50
180.0000
  0
VERTEX
999
1,1,,6
  8
1
 10
190.0000
 20
0.0000
  0
VERTEX
999
1,2,1
  8
1
 10
180.0000
 20
0.0000
 38
10.0000
 50
90.0000
  0
VERTEX
999
1,2,1
  8
1
 10
10.0000
 20
0.0000
 38
10.0000
 50
90.0000
  0
VERTEX
999
1,1,,7
  8
1
 10
0.0000
 20
0.0000
  0
SEQEND
  0
POLYLINE
999
2
  8
1
 66
1
 70
0
  0
VERTEX
999
2,1,,8
  8
1
 10
10.0000
 20
10.0000
  0
VERTEX
999
2,1,,9
  8
1
 10
10.0000
 20
205.0000
  0
VERTEX
999
2,1,,10
  8
1
 10
10.0000
 20
400.0000
  0
VERTEX
999
2,1,,11
  8
1
 10
180.0000
 20
400.0000
  0
VERTEX
999
2,1,,12
  8
1
 10
180.0000
 20
205.0000
  0
VERTEX
999
2,1,,13
  8
1
 10
180.0000
 20
10.0000
  0
VERTEX
999
2,1,,14
  8
1
 10
10.0000
 20
10.0000
  0
SEQEND
  0
LINE
999
5,1,,15
  8
1
 10
10.0000
 20
205.0000
 11
180.0000
 21
205.0000
  0
LINE
999
5,1,,17
  8
1
 10
20.0000
 20
20.0000
 11
20.0000
 21
35.0000
  0
LINE
999
5,1,,19
  8
1
 10
20.0000
 20
20.0000
 11
170.0000
 21
20.0000
  0
LINE
999
5,1,,21
  8
1
 10
20.0000
 20
35.0000
 11
170.0000
 21
35.0000
  0
LINE
999
5,1,,23
  8
1
 10
170.0000
 20
20.0000
 11
170.0000
 21
35.0000
  0
LINE
999
5,1,,25
  8
1
 10
20.0000
 20
390.0000
 11
20.0000
 21
375.0000
  0
LINE
999
5,1,,27
  8
1
 10
20.0000
 20
375.0000
 11
170.0000
 21
375.0000
  0
LINE
999
5,1,,29
  8
1
 10
20.0000
 20
390.0000
 11
170.0000
 21
390.0000
  0
LINE
999
5,1,,31
  8
1
 10
170.0000
 20
390.0000
 11
170.0000
 21
375.0000
  0
LINE
999
3,1,,33
  8
1
 10
95.0000
 20
410.0000
 11
95.0000
 21
0.0000
  0
LINE
999
5,1,,33
  8
1
 10
10.0000
 20
340.0000
 11
180.0000
 21
340.0000
  0
ENDBLK
  0
BLOCK
  8
1
  2
P0018_06
 70
64
 10
0.0000
 20
0.0000
  0
TEXT
  8
1
 10
51.8708
 20
21.2480
 40
5.0000
 50
0.0000
  1
PIECE: 左内ポケット（ヨコ）向う布
  7
STANDARD
  0
TEXT
  8
1
 10
51.8708
 20
15.4980
 40
5.0000
 50
0.0000
  1
SIZE: XL
  7
STANDARD
  0
TEXT
  8
1
 10
51.8708
 20
9.7480
 40
5.0000
 50
0.0000
  1
FABRIC: 表地
  7
STANDARD
  0
TEXT
  8
1
 10
51.8708
 20
3.9980
 40
5.0000
 50
0.0000
  1
QUANTITY: 1
  7
STANDARD
  0
POLYLINE
999
1
  8
1
 66
1
 70
0
  0
VERTEX
999
1,1,,1
  8
1
 10
0.0000
 20
0.0000
  0
VERTEX
999
1,2,1
  8
1
 10
0.0000
 20
10.0000
 38
10.0000
 50
0.0000
  0
VERTEX
999
1,2,1
  8
1
 10
0.0000
 20
69.9998
 38
10.0000
 50
0.0000
  0
VERTEX
999
1,1,,2
  8
1
 10
0.0000
 20
79.9998
  0
VERTEX
999
1,2,1
  8
1
 10
10.0000
 20
79.9998
 38
10.0000
 50
270.0000
  0
VERTEX
999
1,2,1
  8
1
 10
180.0000
 20
79.9998
 38
10.0000
 50
270.0000
  0
VERTEX
999
1,1,,3
  8
1
 10
190.0000
 20
79.9998
  0
VERTEX
999
1,2,1
  8
1
 10
190.0000
 20
69.9998
 38
10.0000
 50
180.0000
  0
VERTEX
999
1,2,1
  8
1
 10
190.0000
 20
10.0000
 38
10.0000
 50
180.0000
  0
VERTEX
999
1,1,,4
  8
1
 10
190.0000
 20
0.0000
  0
VERTEX
999
1,2,1
  8
1
 10
180.0000
 20
0.0000
 38
10.0000
 50
90.0000
  0
VERTEX
999
1,2,1
  8
1
 10
10.0000
 20
0.0000
 38
10.0000
 50
90.0000
  0
VERTEX
999
1,1,,5
  8
1
 10
0.0000
 20
0.0000
  0
SEQEND
  0
POLYLINE
999
2
  8
1
 66
1
 70
0
  0
VERTEX
999
2,1,,6
  8
1
 10
10.0000
 20
10.0000
  0
VERTEX
999
2,1,,7
  8
1
 10
10.0000
 20
69.9998
  0
VERTEX
999
2,1,,8
  8
1
 10
180.0000
 20
69.9998
  0
VERTEX
999
2,1,,9
  8
1
 10
180.0000
 20
10.0000
  0
VERTEX
999
2,1,,10
  8
1
 10
10.0000
 20
10.0000
  0
SEQEND
  0
LINE
999
5,1,,11
  8
1
 10
20.0000
 20
59.9998
 11
20.0000
 21
45.0000
  0
LINE
999
5,1,,13
  8
1
 10
20.0000
 20
45.0000
 11
170.0000
 21
45.0000
  0
LINE
999
5,1,,15
  8
1
 10
20.0000
 20
59.9998
 11
170.0000
 21
59.9998
  0
LINE
999
5,1,,17
  8
1
 10
170.0000
 20
59.9998
 11
170.0000
 21
45.0000
  0
LINE
999
5,1,,19
  8
1
  6
2
 10
10.0000
 20
12.0000
 11
180.0000
 21
12.0000
  0
LINE
999
3,1,,21
  8
1
 10
95.0000
 20
79.9998
 11
95.0000
 21
0.0000
  0
ENDBLK
  0
BLOCK
  8
1
  2
P0019_06
 70
64
 10
0.0000
 20
0.0000
  0
TEXT
  8
1
 10
39.3708
 20
2.4980
 40
5.0000
 50
0.0000
  1
PIECE: 左胸ポケット口布
  7
STANDARD
  0
TEXT
  8
1
 10
39.3708
 20
-3.2520
 40
5.0000
 50
0.0000
  1
SIZE: XL
  7
STANDARD
  0
TEXT
  8
1
 10
39.3708
 20
-9.0020
 40
5.0000
 50
0.0000
  1
FABRIC: 表地
  7
STANDARD
  0
TEXT
  8
1
 10
39.3708
 20
-14.7520
 40
5.0000
 50
0.0000
  1
QUANTITY: 2
  7
STANDARD
  0
TEXT
  8
1
 10
64.3708
 20
-9.0020
 40
5.0000
 50
0.0000
  1
FABRIC1: 芯地
  7
STANDARD
  0
TEXT
  8
1
 10
64.3708
 20
-14.7520
 40
5.0000
 50
0.0000
  1
QUANTITY1: 2
  7
STANDARD
  0
POLYLINE
999
1
  8
1
 66
1
 70
0
  0
VERTEX
999
1,1,,1
  8
1
 10
0.0000
 20
0.0000
  0
VERTEX
999
1,2,1
  8
1
 10
0.0000
 20
10.0000
 38
10.0000
 50
0.0000
  0
VERTEX
999
1,2,1
  8
1
 10
0.0000
 20
25.0000
 38
10.0000
 50
0.0000
  0
VERTEX
999
1,1,,2
  8
1
 10
0.0000
 20
35.0000
  0
VERTEX
999
1,2,1
  8
1
 10
15.0000
 20
35.0000
 38
10.0000
 50
270.0000
  0
VERTEX
999
1,2,1
  8
1
 10
145.0000
 20
35.0000
 38
10.0000
 50
270.0000
  0
VERTEX
999
1,1,,3
  8
1
 10
160.0000
 20
35.0000
  0
VERTEX
999
1,2,1
  8
1
 10
160.0000
 20
25.0000
 38
10.0000
 50
180.0000
  0
VERTEX
999
1,2,1
  8
1
 10
160.0000
 20
10.0000
 38
10.0000
 50
180.0000
  0
VERTEX
999
1,1,,4
  8
1
 10
160.0000
 20
0.0000
  0
VERTEX
999
1,2,1
  8
1
 10
145.0000
 20
0.0000
 38
10.0000
 50
90.0000
  0
VERTEX
999
1,2,1
  8
1
 10
15.0000
 20
0.0000
 38
10.0000
 50
90.0000
  0
VERTEX
999
1,1,,5
  8
1
 10
0.0000
 20
0.0000
  0
SEQEND
  0
POLYLINE
999
2
  8
1
 66
1
 70
0
  0
VERTEX
999
2,1,,6
  8
1
 10
15.0000
 20
10.0000
  0
VERTEX
999
2,1,,7
  8
1
 10
15.0000
 20
25.0000
  0
VERTEX
999
2,1,,8
  8
1
 10
145.0000
 20
25.0000
  0
VERTEX
999
2,1,,9
  8
1
 10
145.0000
 20
10.0000
  0
VERTEX
999
2,1,,10
  8
1
 10
15.0000
 20
10.0000
  0
SEQEND
  0
LINE
999
3,1,,11
  8
1
 10
0.0000
 20
17.5000
 11
160.0000
 21
17.5000
  0
ENDBLK
  0
BLOCK
  8
1
  2
P0020_06
 70
64
 10
0.0000
 20
0.0000
  0
TEXT
  8
1
 10
30.1863
 20
24.9370
 40
5.0000
 50
0.0000
  1
PIECE: 左胸ポケット向う布
  7
STANDARD
  0
TEXT
  8
1
 10
30.1863
 20
19.1870
 40
5.0000
 50
0.0000
  1
SIZE: XL
  7
STANDARD
  0
TEXT
  8
1
 10
30.1863
 20
13.4370
 40
5.0000
 50
0.0000
  1
FABRIC: 表地
  7
STANDARD
  0
TEXT
  8
1
 10
30.1863
 20
7.6870
 40
5.0000
 50
0.0000
  1
QUANTITY: 1
  7
STANDARD
  0
POLYLINE
999
1
  8
1
 66
1
 70
0
  0
VERTEX
999
1,1,,1
  8
1
 10
8.1663
 20
8.8521
  0
VERTEX
999
1,1,,2
  8
1
 10
8.1663
 20
40.0298
  0
VERTEX
999
1,1,,3
  8
1
 10
0.0000
 20
68.8965
  0
VERTEX
999
1,1,,4
  8
1
 10
153.9580
 20
112.4507
  0
VERTEX
999
1,1,,5
  8
1
 10
162.1243
 20
83.5835
  0
VERTEX
999
1,1,,6
  8
1
 10
162.1243
 20
52.4063
  0
VERTEX
999
1,1,1,7
  8
1
 10
167.5686
 20
43.5542
 38
10.0001
 50
121.5923
  0
VERTEX
999
1,1,1,8
  8
1
 10
13.6106
 20
0.0000
 38
10.0001
 50
121.5923
  0
VERTEX
999
1,1,,9
  8
1
 10
8.1663
 20
8.8521
  0
SEQEND
  0
POLYLINE
999
2
  8
1
 66
1
 70
0
  0
VERTEX
999
2,1,,10
  8
1
 10
8.1663
 20
8.8521
  0
VERTEX
999
2,1,,11
  8
1
 10
8.1663
 20
40.0298
  0
VERTEX
999
2,1,,12
  8
1
 10
0.0000
 20
68.8965
  0
VERTEX
999
2,1,,13
  8
1
 10
153.9580
 20
112.4507
  0
VERTEX
999
2,1,,14
  8
1
 10
162.1243
 20
83.5835
  0
VERTEX
999
2,1,,15
  8
1
 10
162.1243
 20
52.4063
  0
VERTEX
999
2,1,,16
  8
1
 10
8.1663
 20
8.8521
  0
SEQEND
  0
LINE
999
5,1,,17
  8
1
 10
18.5166
 20
58.5464
 11
22.5999
 21
44.1128
  0
LINE
999
5,1,,19
  8
1
 10
22.5999
 20
44.1128
 11
147.6907
 21
79.5005
  0
LINE
999
5,1,,21
  8
1
 10
18.5166
 20
58.5464
 11
143.6074
 21
93.9341
  0
LINE
999
5,1,,23
  8
1
 10
143.6074
 20
93.9341
 11
147.6907
 21
79.5005
  0
LINE
999
5,1,,25
  8
1
  6
2
 10
18.1663
 20
41.4170
 11
18.1663
 21
11.6812
  0
LINE
999
5,1,,27
  8
1
  6
2
 10
12.3445
 20
61.9966
 11
18.1663
 21
41.4170
  0
LINE
999
5,1,,29
  8
1
  6
2
 10
12.3445
 20
61.9966
 11
147.0576
 21
100.1060
  0
LINE
999
5,1,,31
  8
1
  6
2
 10
147.0576
 20
100.1060
 11
152.1243
 21
82.1963
  0
LINE
999
5,1,,33
  8
1
  6
2
 10
152.1243
 20
82.1963
 11
152.1243
 21
49.5771
  0
LINE
999
5,1,,35
  8
1
 10
20.5583
 20
51.3296
 11
145.6492
 21
86.7173
  0
LINE
999
5,1,,37
  8
1
  6
2
 10
7.6218
 20
10.7769
 11
161.5798
 21
54.3306
  0
LINE
999
3,1,,39
  8
1
 10
85.1453
 20
92.9839
 11
85.1453
 21
20.2368
  0
ENDBLK
  0
BLOCK
  8
1
  2
P0021_06
 70
64
 10
0.0000
 20
0.0000
  0
TEXT
  8
1
 10
44.5977
 20
29.0776
 40
5.0000
 50
0.0000
  1
PIECE: 左胸ポケット袋布
  7
STANDARD
  0
TEXT
  8
1
 10
44.5977
 20
23.3276
 40
5.0000
 50
0.0000
  1
SIZE: XL
  7
STANDARD
  0
TEXT
  8
1
 10
44.5977
 20
17.5776
 40
5.0000
 50
0.0000
  1
FABRIC: スレキ
  7
STANDARD
  0
TEXT
  8
1
 10
44.5977
 20
11.8276
 40
5.0000
 50
0.0000
  1
QUANTITY: 2
  7
STANDARD
  0
POLYLINE
999
1
  8
1
 66
1
 70
0
  0
VERTEX
999
1,1,,1
  8
1
 10
33.1663
 20
0.0000
  0
VERTEX
999
1,2
  8
1
 10
26.5203
 20
0.8931
  0
VERTEX
999
1,2
  8
1
 10
20.5483
 20
3.4131
  0
VERTEX
999
1,2
  8
1
 10
15.4885
 20
7.3223
  0
VERTEX
999
1,2
  8
1
 10
11.5796
 20
12.3818
  0
VERTEX
999
1,2
  8
1
 10
9.0593
 20
18.3540
  0
VERTEX
999
1,1,,2
  8
1
 10
8.1663
 20
25.0000
  0
VERTEX
999
1,1,,3
  8
1
 10
8.1663
 20
136.9355
  0
VERTEX
999
1,1,,4
  8
1
 10
0.0000
 20
165.8027
  0
VERTEX
999
1,1,,5
  8
1
 10
153.9580
 20
209.3564
  0
VERTEX
999
1,1,,6
  8
1
 10
162.1243
 20
180.4893
  0
VERTEX
999
1,1,,7
  8
1
 10
162.1243
 20
25.0000
  0
VERTEX
999
1,2
  8
1
 10
161.2312
 20
18.3540
  0
VERTEX
999
1,2
  8
1
 10
158.7109
 20
12.3818
  0
VERTEX
999
1,2
  8
1
 10
154.8020
 20
7.3223
  0
VERTEX
999
1,2
  8
1
 10
149.7422
 20
3.4131
  0
VERTEX
999
1,2
  8
1
 10
143.7703
 20
0.8931
  0
VERTEX
999
1,1,,8
  8
1
 10
137.1243
 20
0.0000
  0
VERTEX
999
1,1,,9
  8
1
 10
33.1663
 20
0.0000
  0
SEQEND
  0
POLYLINE
999
2
  8
1
 66
1
 70
0
  0
VERTEX
999
2,1,,10
  8
1
 10
33.1663
 20
0.0000
  0
VERTEX
999
2,2
  8
1
 10
26.5203
 20
0.8931
  0
VERTEX
999
2,2
  8
1
 10
20.5483
 20
3.4131
  0
VERTEX
999
2,2
  8
1
 10
15.4885
 20
7.3223
  0
VERTEX
999
2,2
  8
1
 10
11.5796
 20
12.3818
  0
VERTEX
999
2,2
  8
1
 10
9.0593
 20
18.3540
  0
VERTEX
999
2,1,,11
  8
1
 10
8.1663
 20
25.0000
  0
VERTEX
999
2,1,,12
  8
1
 10
8.1663
 20
136.9355
  0
VERTEX
999
2,1,,13
  8
1
 10
0.0000
 20
165.8027
  0
VERTEX
999
2,1,,14
  8
1
 10
153.9580
 20
209.3564
  0
VERTEX
999
2,1,,15
  8
1
 10
162.1243
 20
180.4893
  0
VERTEX
999
2,1,,16
  8
1
 10
162.1243
 20
25.0000
  0
VERTEX
999
2,2
  8
1
 10
161.2312
 20
18.3540
  0
VERTEX
999
2,2
  8
1
 10
158.7109
 20
12.3818
  0
VERTEX
999
2,2
  8
1
 10
154.8020
 20
7.3223
  0
VERTEX
999
2,2
  8
1
 10
149.7422
 20
3.4131
  0
VERTEX
999
2,2
  8
1
 10
143.7703
 20
0.8931
  0
VERTEX
999
2,1,,17
  8
1
 10
137.1243
 20
0.0000
  0
VERTEX
999
2,1,,18
  8
1
 10
33.1663
 20
0.0000
  0
SEQEND
  0
LINE
999
5,1,,19
  8
1
 10
18.5166
 20
155.4521
 11
22.5999
 21
141.0186
  0
LINE
999
5,1,,21
  8
1
 10
22.5999
 20
141.0186
 11
147.6907
 21
176.4063
  0
LINE
999
5,1,,23
  8
1
 10
18.5166
 20
155.4521
 11
143.6074
 21
190.8398
  0
LINE
999
5,1,,25
  8
1
 10
143.6074
 20
190.8398
 11
147.6907
 21
176.4063
  0
LINE
999
5,1,,27
  8
1
  6
2
 10
33.1663
 20
10.0000
 11
137.1243
 21
10.0000
  0
LINE
999
5,1,,29
  8
1
  6
2
 10
18.1663
 20
138.3228
 11
18.1663
 21
25.0000
  0
LINE
999
5,1,,31
  8
1
  6
2
 10
12.3445
 20
158.9023
 11
18.1663
 21
138.3228
  0
LINE
999
5,1,,33
  8
1
  6
2
 10
12.3445
 20
158.9023
 11
147.0576
 21
197.0122
  0
LINE
999
5,1,,35
  8
1
  6
2
 10
147.0576
 20
197.0122
 11
152.1243
 21
179.1021
  0
LINE
999
5,1,,37
  8
1
  6
2
 10
152.1243
 20
179.1021
 11
152.1243
 21
25.0000
  0
LINE
999
5,1,,39
  8
1
 10
20.5583
 20
148.2354
 11
145.6492
 21
183.6230
  0
LINE
999
5,1,,41
  8
1
 10
8.1663
 20
105.7583
 11
162.1243
 21
149.3120
  0
LINE
999
3,1,,43
  8
1
 10
85.1453
 20
189.8896
 11
85.1453
 21
0.0000
  0
POLYLINE
999
5
  8
1
  6
2
 66
1
 70
0
  0
VERTEX
999
5,1,,43
  8
1
 10
18.1663
 20
25.0000
  0
VERTEX
999
5,2
  8
1
 10
18.7021
 20
21.0122
  0
VERTEX
999
5,2
  8
1
 10
20.2141
 20
17.4292
  0
VERTEX
999
5,2
  8
1
 10
22.5596
 20
14.3936
  0
VERTEX
999
5,2
  8
1
 10
25.5955
 20
12.0479
  0
VERTEX
999
5,2
  8
1
 10
29.1787
 20
10.5356
  0
VERTEX
999
5,1,,44
  8
1
 10
33.1663
 20
10.0000
  0
SEQEND
  0
POLYLINE
999
5
  8
1
  6
2
 66
1
 70
0
  0
VERTEX
999
5,1,,45
  8
1
 10
137.1243
 20
10.0000
  0
VERTEX
999
5,2
  8
1
 10
141.1118
 20
10.5356
  0
VERTEX
999
5,2
  8
1
 10
144.6951
 20
12.0479
  0
VERTEX
999
5,2
  8
1
 10
147.7310
 20
14.3936
  0
VERTEX
999
5,2
  8
1
 10
150.0764
 20
17.4292
  0
VERTEX
999
5,2
  8
1
 10
151.5884
 20
21.0122
  0
VERTEX
999
5,1,,46
  8
1
 10
152.1243
 20
25.0000
  0
SEQEND
  0
ENDBLK
  0
BLOCK
  8
1
  2
P0022_06
 70
64
 10
0.0000
 20
0.0000
  0
TEXT
  8
1
 10
139.3975
 20
18.3931
 40
5.0000
 50
0.0000
  1
PIECE: 後ウエストベルト
  7
STANDARD
  0
TEXT
  8
1
 10
139.3975
 20
12.6431
 40
5.0000
 50
0.0000
  1
SIZE: XL
  7
STANDARD
  0
TEXT
  8
1
 10
139.3975
 20
6.8931
 40
5.0000
 50
0.0000
  1
FABRIC: 表地
  7
STANDARD
  0
TEXT
  8
1
 10
139.3975
 20
1.1431
 40
5.0000
 50
0.0000
  1
QUANTITY: 1
  7
STANDARD
  0
TEXT
  8
1
 10
164.3975
 20
6.8931
 40
5.0000
 50
0.0000
  1
FABRIC1: 芯地
  7
STANDARD
  0
TEXT
  8
1
 10
164.3975
 20
1.1431
 40
5.0000
 50
0.0000
  1
QUANTITY1: 1
  7
STANDARD
  0
POLYLINE
999
1
  8
1
 66
1
 70
0
  0
VERTEX
999
1,1,,1
  8
1
 10
0.0000
 20
0.0000
  0
VERTEX
999
1,2,1
  8
1
 10
0.0000
 20
10.0000
 38
10.0000
 50
0.0000
  0
VERTEX
999
1,2,1
  8
1
 10
0.0000
 20
17.5000
 38
10.0000
 50
0.0000
  0
VERTEX
999
1,2,1
  8
1
 10
0.0000
 20
42.5000
 38
10.0000
 50
0.0000
  0
VERTEX
999
1,2,1
  8
1
 10
0.0000
 20
50.0000
 38
10.0000
 50
0.0000
  0
VERTEX
999
1,1,,2
  8
1
 10
0.0000
 20
60.0000
  0
VERTEX
999
1,2,1
  8
1
 10
10.0000
 20
60.0000
 38
10.0000
 50
270.0000
  0
VERTEX
999
1,1,,3
  8
1
 10
223.6123
 20
60.0000
  0
VERTEX
999
1,2,1
  8
1
 10
437.2251
 20
60.0000
 38
10.0000
 50
270.0000
  0
VERTEX
999
1,1,,4
  8
1
 10
447.2251
 20
60.0000
  0
VERTEX
999
1,2,1
  8
1
 10
447.2251
 20
50.0000
 38
10.0000
 50
180.0000
  0
VERTEX
999
1,2,1
  8
1
 10
447.2251
 20
42.5000
 38
10.0000
 50
180.0000
  0
VERTEX
999
1,2,1
  8
1
 10
447.2251
 20
17.5000
 38
10.0000
 50
180.0000
  0
VERTEX
999
1,2,1
  8
1
 10
447.2251
 20
10.0000
 38
10.0000
 50
180.0000
  0
VERTEX
999
1,1,,5
  8
1
 10
447.2251
 20
0.0000
  0
VERTEX
999
1,2,1
  8
1
 10
437.2251
 20
0.0000
 38
10.0000
 50
90.0000
  0
VERTEX
999
1,1,,6
  8
1
 10
223.6123
 20
0.0000
  0
VERTEX
999
1,2,1
  8
1
 10
10.0000
 20
0.0000
 38
10.0000
 50
90.0000
  0
VERTEX
999
1,1,,7
  8
1
 10
0.0000
 20
0.0000
  0
SEQEND
  0
POLYLINE
999
2
  8
1
 66
1
 70
0
  0
VERTEX
999
2,1,,8
  8
1
 10
10.0000
 20
10.0000
  0
VERTEX
999
2,1,,9
  8
1
 10
10.0000
 20
50.0000
  0
VERTEX
999
2,1,,10
  8
1
 10
223.6123
 20
50.0000
  0
VERTEX
999
2,1,,11
  8
1
 10
437.2251
 20
50.0000
  0
VERTEX
999
2,1,,12
  8
1
 10
437.2251
 20
10.0000
  0
VERTEX
999
2,1,,13
  8
1
 10
223.6123
 20
10.0000
  0
VERTEX
999
2,1,,14
  8
1
 10
10.0000
 20
10.0000
  0
SEQEND
  0
LINE
999
5,1,,15
  8
1
 10
10.0000
 20
17.5000
 11
20.0000
 21
17.5000
  0
LINE
999
5,1,,17
  8
1
 10
10.0000
 20
42.5000
 11
20.0000
 21
42.5000
  0
LINE
999
5,1,,19
  8
1
 10
437.2251
 20
42.5000
 11
427.2251
 21
42.5000
  0
LINE
999
5,1,,21
  8
1
 10
437.2251
 20
17.5000
 11
427.2251
 21
17.5000
  0
LINE
999
5,1,,23
  8
1
  6
2
 10
10.0000
 20
48.0000
 11
223.6123
 21
48.0000
  0
LINE
999
5,1,,25
  8
1
  6
2
 10
437.2251
 20
48.0000
 11
223.6123
 21
48.0000
  0
LINE
999
5,1,,27
  8
1
  6
2
 10
10.0000
 20
12.0000
 11
223.6123
 21
12.0000
  0
LINE
999
5,1,,29
  8
1
  6
2
 10
437.2251
 20
12.0000
 11
223.6123
 21
12.0000
  0
LINE
999
3,1,,31
  8
1
 10
223.6123
 20
0.0000
 11
223.6123
 21
60.0000
  0
ENDBLK
  0
BLOCK
  8
1
  2
P0023_06
 70
64
 10
0.0000
 20
0.0000
  0
TEXT
  8
1
 10
19.9883
 20
277.8843
 40
10.0000
 50
0.0000
  1
PIECE: 後脇身頃
  7
STANDARD
  0
TEXT
  8
1
 10
19.9883
 20
266.3843
 40
10.0000
 50
0.0000
  1
SIZE: XL
  7
STANDARD
  0
TEXT
  8
1
 10
19.9883
 20
254.8843
 40
10.0000
 50
0.0000
  1
FABRIC: 表地
  7
STANDARD
  0
TEXT
  8
1
 10
19.9883
 20
243.3843
 40
10.0000
 50
0.0000
  1
QUANTITY: 2
  7
STANDARD
  0
POLYLINE
999
1
  8
1
 66
1
 70
0
  0
VERTEX
999
1,1,,1
  8
1
 10
126.2520
 20
0.0000
  0
VERTEX
999
1,2,1
  8
1
 10
116.2520
 20
0.0000
 38
10.0000
 50
90.0000
  0
VERTEX
999
1,2,1
  8
1
 10
18.2075
 20
0.0015
 38
9.9998
 50
88.6682
  0
VERTEX
999
1,1,,2
  8
1
 10
8.2046
 20
0.0015
  0
VERTEX
999
1,1,1,3
  8
1
 10
9.0640
 20
37.0015
 38
10.0000
 50
0.0000
  0
VERTEX
999
1,1,1,4
  8
1
 10
3.8154
 20
263.2324
 38
9.9998
 50
1.3290
  0
VERTEX
999
1,1,1,5
  8
1
 10
0.9717
 20
413.5894
 38
10.0000
 50
5.5761
  0
VERTEX
999
1,1,,6
  8
1
 10
0.0000
 20
423.5420
  0
VERTEX
999
1,2,1
  8
1
 10
9.9834
 20
424.5166
 38
9.9999
 50
275.5734
  0
VERTEX
999
1,2
  8
1
 10
20.8164
 20
426.6069
  0
VERTEX
999
1,2
  8
1
 10
30.4741
 20
430.5391
  0
VERTEX
999
1,2
  8
1
 10
39.0229
 20
436.1543
  0
VERTEX
999
1,2
  8
1
 10
46.5293
 20
443.2949
  0
VERTEX
999
1,2
  8
1
 10
53.0605
 20
451.8032
  0
VERTEX
999
1,2
  8
1
 10
58.6826
 20
461.5205
  0
VERTEX
999
1,2
  8
1
 10
63.4619
 20
472.2891
  0
VERTEX
999
1,1,1,7
  8
1
 10
67.4668
 20
483.9546
 38
10.0000
 50
343.2099
  0
VERTEX
999
1,2
  8
1
 10
69.0669
 20
489.6147
  0
VERTEX
999
1,2
  8
1
 10
70.5117
 20
495.4307
  0
VERTEX
999
1,2
  8
1
 10
71.8057
 20
501.3857
  0
VERTEX
999
1,2
  8
1
 10
72.9531
 20
507.4683
  0
VERTEX
999
1,2
  8
1
 10
73.9600
 20
513.6650
  0
VERTEX
999
1,1,,8
  8
1
 10
74.8301
 20
519.9634
  0
VERTEX
999
1,1,1,9
  8
1
 10
77.2910
 20
547.7642
 38
10.0002
 50
284.3993
  0
VERTEX
999
1,1,,10
  8
1
 10
86.9766
 20
550.2510
  0
VERTEX
999
1,2
  8
1
 10
90.7065
 20
535.7222
  0
VERTEX
999
1,2,1
  8
1
 10
94.4370
 20
521.1934
 38
10.0002
 50
194.3992
  0
VERTEX
999
1,2
  8
1
 10
98.1479
 20
506.4097
  0
VERTEX
999
1,2
  8
1
 10
101.5996
 20
491.9551
  0
VERTEX
999
1,2
  8
1
 10
104.7983
 20
477.7778
  0
VERTEX
999
1,2
  8
1
 10
107.7490
 20
463.8276
  0
VERTEX
999
1,2
  8
1
 10
110.4585
 20
450.0518
  0
VERTEX
999
1,2
  8
1
 10
112.9312
 20
436.3999
  0
VERTEX
999
1,2
  8
1
 10
115.1738
 20
422.8193
  0
VERTEX
999
1,2
  8
1
 10
117.1914
 20
409.2598
  0
VERTEX
999
1,2
  8
1
 10
118.9897
 20
395.6689
  0
VERTEX
999
1,2
  8
1
 10
120.5747
 20
381.9956
  0
VERTEX
999
1,2
  8
1
 10
121.9521
 20
368.1880
  0
VERTEX
999
1,2
  8
1
 10
123.1270
 20
354.1953
  0
VERTEX
999
1,2
  8
1
 10
124.1060
 20
339.9658
  0
VERTEX
999
1,2
  8
1
 10
124.8940
 20
325.4482
  0
VERTEX
999
1,2
  8
1
 10
125.4971
 20
310.5908
  0
VERTEX
999
1,2
  8
1
 10
125.9209
 20
295.3418
  0
VERTEX
999
1,2
  8
1
 10
126.1709
 20
279.6499
  0
VERTEX
999
1,1,,11
  8
1
 10
126.2529
 20
263.4644
  0
VERTEX
999
1,1,1,12
  8
1
 10
126.2529
 20
209.4580
 38
10.0000
 50
180.0000
  0
VERTEX
999
1,1,1,13
  8
1
 10
126.2529
 20
184.4580
 38
10.0000
 50
180.0000
  0
VERTEX
999
1,1,1,14
  8
1
 10
126.2529
 20
37.0000
 38
10.0000
 50
180.0000
  0
VERTEX
999
1,1,,15
  8
1
 10
126.2520
 20
0.0000
  0
SEQEND
  0
POLYLINE
999
2
  8
1
 66
1
 70
0
  0
VERTEX
999
2,1,,16
  8
1
 10
116.2529
 20
37.0000
  0
VERTEX
999
2,1,,17
  8
1
 10
19.0669
 20
37.0015
  0
VERTEX
999
2,1,,18
  8
1
 10
13.8125
 20
263.4644
  0
VERTEX
999
2,1,,19
  8
1
 10
10.9551
 20
414.5640
  0
VERTEX
999
2,2
  8
1
 10
20.9155
 20
416.2622
  0
VERTEX
999
2,2
  8
1
 10
30.0576
 20
419.2773
  0
VERTEX
999
2,2
  8
1
 10
38.4082
 20
423.5278
  0
VERTEX
999
2,2
  8
1
 10
45.9951
 20
428.9326
  0
VERTEX
999
2,2
  8
1
 10
52.8467
 20
435.4106
  0
VERTEX
999
2,2
  8
1
 10
58.9902
 20
442.8813
  0
VERTEX
999
2,2
  8
1
 10
64.4536
 20
451.2627
  0
VERTEX
999
2,2
  8
1
 10
69.2646
 20
460.4751
  0
VERTEX
999
2,2
  8
1
 10
73.4512
 20
470.4365
  0
VERTEX
999
2,1,,20
  8
1
 10
77.0405
 20
481.0659
  0
VERTEX
999
2,2
  8
1
 10
78.7148
 20
486.9868
  0
VERTEX
999
2,2
  8
1
 10
80.2280
 20
493.0659
  0
VERTEX
999
2,2
  8
1
 10
81.5835
 20
499.2905
  0
VERTEX
999
2,2
  8
1
 10
82.7861
 20
505.6475
  0
VERTEX
999
2,2
  8
1
 10
83.8403
 20
512.1235
  0
VERTEX
999
2,1,,21
  8
1
 10
84.7510
 20
518.7065
  0
VERTEX
999
2,2
  8
1
 10
88.4258
 20
504.0654
  0
VERTEX
999
2,2
  8
1
 10
91.8442
 20
489.7500
  0
VERTEX
999
2,2
  8
1
 10
95.0117
 20
475.7104
  0
VERTEX
999
2,2
  8
1
 10
97.9341
 20
461.8945
  0
VERTEX
999
2,2
  8
1
 10
100.6167
 20
448.2515
  0
VERTEX
999
2,2
  8
1
 10
103.0649
 20
434.7310
  0
VERTEX
999
2,2
  8
1
 10
105.2852
 20
421.2817
  0
VERTEX
999
2,2
  8
1
 10
107.2827
 20
407.8530
  0
VERTEX
999
2,2
  8
1
 10
109.0635
 20
394.3931
  0
VERTEX
999
2,2
  8
1
 10
110.6323
 20
380.8516
  0
VERTEX
999
2,2
  8
1
 10
111.9961
 20
367.1777
  0
VERTEX
999
2,2
  8
1
 10
113.1592
 20
353.3198
  0
VERTEX
999
2,2
  8
1
 10
114.1279
 20
339.2280
  0
VERTEX
999
2,2
  8
1
 10
114.9082
 20
324.8501
  0
VERTEX
999
2,2
  8
1
 10
115.5049
 20
310.1357
  0
VERTEX
999
2,2
  8
1
 10
115.9243
 20
295.0342
  0
VERTEX
999
2,2
  8
1
 10
116.1719
 20
279.4941
  0
VERTEX
999
2,1,,22
  8
1
 10
116.2529
 20
263.4644
  0
VERTEX
999
2,1,,23
  8
1
 10
116.2529
 20
209.4580
  0
VERTEX
999
2,1,,24
  8
1
 10
116.2529
 20
184.4580
  0
VERTEX
999
2,1,,25
  8
1
 10
116.2529
 20
37.0000
  0
SEQEND
  0
LINE
999
5,1,,26
  8
1
 10
13.8125
 20
263.4644
 11
23.8096
 21
263.6963
  0
LINE
999
5,1,,28
  8
1
 10
77.0405
 20
481.0659
 11
86.6143
 21
478.1772
  0
LINE
999
5,1,,30
  8
1
 10
116.2529
 20
209.4580
 11
106.2529
 21
209.4580
  0
LINE
999
5,1,,32
  8
1
 10
116.2529
 20
184.4580
 11
106.2529
 21
184.4580
  0
LINE
999
5,1,,34
  8
1
 10
116.2529
 20
209.4580
 11
5.0654
 21
209.4580
  0
LINE
999
5,1,,36
  8
1
 10
116.2529
 20
184.4580
 11
5.6455
 21
184.4580
  0
LINE
999
5,1,,38
  8
1
 10
10.9551
 20
414.5640
 11
106.3120
 21
414.5640
  0
LINE
999
5,1,,40
  8
1
 10
13.8125
 20
263.4644
 11
116.2529
 21
263.4644
  0
LINE
999
5,1,,42
  8
1
  6
2
 10
116.2529
 20
62.0000
 11
18.5342
 21
62.0015
  0
LINE
999
5,1,,44
  8
1
  6
2
 10
25.0654
 20
37.1406
 11
19.8110
 21
263.6035
  0
LINE
999
5,1,,46
  8
1
  6
2
 10
19.8115
 20
263.5781
 11
16.9404
 21
415.4038
  0
LINE
999
3,1,,48
  8
1
 10
57.6602
 20
0.0010
 11
57.6602
 21
459.5483
  0
POLYLINE
999
5
  8
1
  6
2
 66
1
 70
0
  0
VERTEX
999
5,1,,48
  8
1
 10
11.0688
 20
408.5469
  0
VERTEX
999
5,2
  8
1
 10
11.5381
 20
408.5928
  0
VERTEX
999
5,2
  8
1
 10
22.9033
 20
410.5688
  0
VERTEX
999
5,2
  8
1
 10
33.1904
 20
414.0708
  0
VERTEX
999
5,2
  8
1
 10
42.4507
 20
418.9512
  0
VERTEX
999
5,2
  8
1
 10
50.7344
 20
425.0630
  0
VERTEX
999
5,2
  8
1
 10
58.0923
 20
432.2588
  0
VERTEX
999
5,2
  8
1
 10
64.5762
 20
440.3911
  0
VERTEX
999
5,2
  8
1
 10
70.2368
 20
449.3120
  0
VERTEX
999
5,2
  8
1
 10
75.1245
 20
458.8745
  0
VERTEX
999
5,2
  8
1
 10
79.2905
 20
468.9316
  0
VERTEX
999
5,1,,49
  8
1
 10
82.7856
 20
479.3350
  0
SEQEND
  0
POLYLINE
999
5
  8
1
  6
2
 66
1
 70
0
  0
VERTEX
999
5,1,,50
  8
1
 10
82.7856
 20
479.3350
  0
VERTEX
999
5,1,,51
  8
1
 10
88.5244
 20
503.6475
  0
SEQEND
  0
ENDBLK
  0
BLOCK
  8
1
  2
P0024_06
 70
64
 10
0.0000
 20
0.0000
  0
TEXT
  8
1
 10
21.0322
 20
32.3745
 40
5.0000
 50
0.0000
  1
PIECE: 後脇ベルト
  7
STANDARD
  0
TEXT
  8
1
 10
21.0322
 20
26.6245
 40
5.0000
 50
0.0000
  1
SIZE: XL
  7
STANDARD
  0
TEXT
  8
1
 10
21.0322
 20
20.8745
 40
5.0000
 50
0.0000
  1
FABRIC: 表地
  7
STANDARD
  0
TEXT
  8
1
 10
21.0322
 20
15.1245
 40
5.0000
 50
0.0000
  1
QUANTITY: 2
  7
STANDARD
  0
TEXT
  8
1
 10
46.0322
 20
20.8745
 40
5.0000
 50
0.0000
  1
FABRIC1: 芯地
  7
STANDARD
  0
TEXT
  8
1
 10
46.0322
 20
15.1245
 40
5.0000
 50
0.0000
  1
QUANTITY1: 2
  7
STANDARD
  0
POLYLINE
999
1
  8
1
 66
1
 70
0
  0
VERTEX
999
1,1,,1
  8
1
 10
0.0000
 20
0.0000
  0
VERTEX
999
1,2,1
  8
1
 10
0.0000
 20
10.0000
 38
10.0000
 50
0.0000
  0
VERTEX
999
1,1,,2
  8
1
 10
0.0000
 20
35.0000
  0
VERTEX
999
1,2,1
  8
1
 10
0.0000
 20
60.0000
 38
10.0000
 50
0.0000
  0
VERTEX
999
1,1,,3
  8
1
 10
0.0000
 20
70.0000
  0
VERTEX
999
1,2,1
  8
1
 10
10.0000
 20
70.0000
 38
10.0000
 50
270.0000
  0
VERTEX
999
1,2,1
  8
1
 10
127.3545
 20
70.0000
 38
10.0001
 50
311.4528
  0
VERTEX
999
1,1,,4
  8
1
 10
140.6968
 20
70.0000
  0
VERTEX
999
1,2,1
  8
1
 10
149.5293
 20
60.0000
 38
10.0000
 50
180.0000
  0
VERTEX
999
1,2,1
  8
1
 10
153.8989
 20
55.0527
 38
10.0001
 50
228.5472
  0
VERTEX
999
1,1,,5
  8
1
 10
160.5698
 20
47.5000
  0
VERTEX
999
1,2,1
  8
1
 10
153.8989
 20
39.9473
 38
10.0001
 50
131.4528
  0
VERTEX
999
1,1,,6
  8
1
 10
149.5293
 20
35.0000
  0
VERTEX
999
1,2,1
  8
1
 10
153.8989
 20
30.0527
 38
10.0001
 50
228.5472
  0
VERTEX
999
1,1,,7
  8
1
 10
160.5698
 20
22.5000
  0
VERTEX
999
1,2,1
  8
1
 10
153.8989
 20
14.9473
 38
10.0001
 50
131.4528
  0
VERTEX
999
1,2,1
  8
1
 10
149.5293
 20
10.0000
 38
10.0000
 50
180.0000
  0
VERTEX
999
1,1,,8
  8
1
 10
140.6968
 20
0.0000
  0
VERTEX
999
1,2,1
  8
1
 10
127.3545
 20
0.0000
 38
10.0001
 50
48.5472
  0
VERTEX
999
1,2,1
  8
1
 10
10.0000
 20
0.0000
 38
10.0000
 50
90.0000
  0
VERTEX
999
1,1,,9
  8
1
 10
0.0000
 20
0.0000
  0
SEQEND
  0
POLYLINE
999
2
  8
1
 66
1
 70
0
  0
VERTEX
999
2,1,,10
  8
1
 10
10.0000
 20
10.0000
  0
VERTEX
999
2,1,,11
  8
1
 10
10.0000
 20
35.0000
  0
VERTEX
999
2,1,,12
  8
1
 10
10.0000
 20
60.0000
  0
VERTEX
999
2,1,,13
  8
1
 10
136.1870
 20
60.0000
  0
VERTEX
999
2,1,,14
  8
1
 10
147.2275
 20
47.5000
  0
VERTEX
999
2,1,,15
  8
1
 10
136.1870
 20
35.0000
  0
VERTEX
999
2,1,,16
  8
1
 10
147.2275
 20
22.5000
  0
VERTEX
999
2,1,,17
  8
1
 10
136.1870
 20
10.0000
  0
VERTEX
999
2,1,,18
  8
1
 10
10.0000
 20
10.0000
  0
SEQEND
  0
LINE
999
3,1,,19
  8
1
 10
0.0000
 20
35.0000
 11
149.5293
 21
35.0000
  0
LINE
999
5,1,,19
  8
1
  6
2
 10
135.2852
 20
37.0000
 11
144.5591
 21
47.5000
  0
LINE
999
5,1,,21
  8
1
  6
2
 10
10.0000
 20
37.0000
 11
135.2852
 21
37.0000
  0
LINE
999
5,1,,23
  8
1
  6
2
 10
135.2852
 20
58.0000
 11
144.5591
 21
47.5000
  0
LINE
999
5,1,,25
  8
1
  6
2
 10
135.2852
 20
58.0000
 11
10.0000
 21
58.0000
  0
POLYLINE
999
5
  8
1
 66
1
 70
0
  0
VERTEX
999
5,1,,27
  8
1
 10
53.0933
 20
35.0000
  0
VERTEX
999
5,2
  8
1
 10
53.8794
 20
31.1074
  0
VERTEX
999
5,2
  8
1
 10
56.0225
 20
27.9287
  0
VERTEX
999
5,2
  8
1
 10
59.2012
 20
25.7856
  0
VERTEX
999
5,2
  8
1
 10
63.0933
 20
25.0000
  0
VERTEX
999
5,2
  8
1
 10
66.9858
 20
25.7856
  0
VERTEX
999
5,2
  8
1
 10
70.1646
 20
27.9287
  0
VERTEX
999
5,2
  8
1
 10
72.3076
 20
31.1074
  0
VERTEX
999
5,1,,28
  8
1
 10
73.0933
 20
35.0000
  0
SEQEND
  0
POLYLINE
999
5
  8
1
 66
1
 70
0
  0
VERTEX
999
5,1,,29
  8
1
 10
57.0933
 20
35.0000
  0
VERTEX
999
5,2
  8
1
 10
57.5649
 20
32.6646
  0
VERTEX
999
5,2
  8
1
 10
58.8506
 20
30.7573
  0
VERTEX
999
5,2
  8
1
 10
60.7578
 20
29.4717
  0
VERTEX
999
5,2
  8
1
 10
63.0933
 20
29.0000
  0
VERTEX
999
5,2
  8
1
 10
65.4287
 20
29.4717
  0
VERTEX
999
5,2
  8
1
 10
67.3359
 20
30.7573
  0
VERTEX
999
5,2
  8
1
 10
68.6216
 20
32.6646
  0
VERTEX
999
5,1,,30
  8
1
 10
69.0933
 20
35.0000
  0
SEQEND
  0
ENDBLK
  0
BLOCK
  8
1
  2
P0025_06
 70
64
 10
0.0000
 20
0.0000
  0
TEXT
  8
1
 10
36.2915
 20
32.3745
 40
5.0000
 50
0.0000
  1
PIECE: 後脇タブ
  7
STANDARD
  0
TEXT
  8
1
 10
36.2915
 20
26.6245
 40
5.0000
 50
0.0000
  1
SIZE: XL
  7
STANDARD
  0
TEXT
  8
1
 10
36.2915
 20
20.8745
 40
5.0000
 50
0.0000
  1
FABRIC: 表地
  7
STANDARD
  0
TEXT
  8
1
 10
36.2915
 20
15.1245
 40
5.0000
 50
0.0000
  1
QUANTITY: 2
  7
STANDARD
  0
TEXT
  8
1
 10
61.2915
 20
20.8745
 40
5.0000
 50
0.0000
  1
FABRIC1: 芯地
  7
STANDARD
  0
TEXT
  8
1
 10
61.2915
 20
15.1245
 40
5.0000
 50
0.0000
  1
QUANTITY1: 2
  7
STANDARD
  0
POLYLINE
999
1
  8
1
 66
1
 70
0
  0
VERTEX
999
1,1,,1
  8
1
 10
90.0000
 20
35.0000
  0
VERTEX
999
1,2,1
  8
1
 10
90.0000
 20
10.0000
 38
10.0000
 50
180.0000
  0
VERTEX
999
1,1,,2
  8
1
 10
90.0000
 20
0.0000
  0
VERTEX
999
1,2,1
  8
1
 10
80.0000
 20
0.0000
 38
10.0000
 50
90.0000
  0
VERTEX
999
1,1,,3
  8
1
 10
45.0000
 20
0.0000
  0
VERTEX
999
1,2,1
  8
1
 10
10.0000
 20
0.0000
 38
10.0000
 50
90.0000
  0
VERTEX
999
1,1,,4
  8
1
 10
0.0000
 20
0.0000
  0
VERTEX
999
1,2,1
  8
1
 10
0.0000
 20
10.0000
 38
10.0000
 50
0.0000
  0
VERTEX
999
1,1,,5
  8
1
 10
0.0000
 20
35.0000
  0
VERTEX
999
1,2,1
  8
1
 10
0.0000
 20
60.0000
 38
10.0000
 50
0.0000
  0
VERTEX
999
1,1,,6
  8
1
 10
0.0000
 20
70.0000
  0
VERTEX
999
1,2,1
  8
1
 10
10.0000
 20
70.0000
 38
10.0000
 50
270.0000
  0
VERTEX
999
1,1,,7
  8
1
 10
45.0000
 20
70.0000
  0
VERTEX
999
1,2,1
  8
1
 10
80.0000
 20
70.0000
 38
10.0000
 50
270.0000
  0
VERTEX
999
1,1,,8
  8
1
 10
90.0000
 20
70.0000
  0
VERTEX
999
1,2,1
  8
1
 10
90.0000
 20
60.0000
 38
10.0000
 50
180.0000
  0
VERTEX
999
1,1,,9
  8
1
 10
90.0000
 20
35.0000
  0
SEQEND
  0
POLYLINE
999
2
  8
1
 66
1
 70
0
  0
VERTEX
999
2,1,,10
  8
1
 10
80.0000
 20
35.0000
  0
VERTEX
999
2,1,,11
  8
1
 10
80.0000
 20
10.0000
  0
VERTEX
999
2,1,,12
  8
1
 10
45.0000
 20
10.0000
  0
VERTEX
999
2,1,,13
  8
1
 10
10.0000
 20
10.0000
  0
VERTEX
999
2,1,,14
  8
1
 10
10.0000
 20
35.0000
  0
VERTEX
999
2,1,,15
  8
1
 10
10.0000
 20
60.0000
  0
VERTEX
999
2,1,,16
  8
1
 10
45.0000
 20
60.0000
  0
VERTEX
999
2,1,,17
  8
1
 10
80.0000
 20
60.0000
  0
VERTEX
999
2,1,,18
  8
1
 10
80.0000
 20
35.0000
  0
SEQEND
  0
LINE
999
5,1,,19
  8
1
 10
45.0000
 20
35.0000
 11
45.0000
 21
10.0000
  0
LINE
999
5,1,,21
  8
1
 10
45.0000
 20
60.0000
 11
45.0000
 21
35.0000
  0
LINE
999
3,1,,23
  8
1
 10
90.0000
 20
35.0000
 11
0.0000
 21
35.0000
  0
LINE
999
5,1,,23
  8
1
  6
2
 10
80.0000
 20
37.0000
 11
10.0000
 21
37.0000
  0
LINE
999
5,1,,25
  8
1
  6
2
 10
10.0000
 20
58.0000
 11
80.0000
 21
58.0000
  0
LINE
999
5,1,,27
  8
1
  6
2
 10
60.0000
 20
35.0000
 11
60.0000
 21
10.0000
  0
LINE
999
5,1,,29
  8
1
  6
2
 10
60.0000
 20
60.0000
 11
60.0000
 21
35.0000
  0
POLYLINE
999
5
  8
1
 66
1
 70
0
  0
VERTEX
999
5,1,,31
  8
1
 10
71.5151
 20
35.0000
  0
VERTEX
999
5,2
  8
1
 10
70.7290
 20
31.1074
  0
VERTEX
999
5,2
  8
1
 10
68.5859
 20
27.9287
  0
VERTEX
999
5,2
  8
1
 10
65.4072
 20
25.7856
  0
VERTEX
999
5,2
  8
1
 10
61.5151
 20
25.0000
  0
VERTEX
999
5,2
  8
1
 10
57.6226
 20
25.7856
  0
VERTEX
999
5,2
  8
1
 10
54.4438
 20
27.9287
  0
VERTEX
999
5,2
  8
1
 10
52.3008
 20
31.1074
  0
VERTEX
999
5,1,,32
  8
1
 10
51.5151
 20
35.0000
  0
SEQEND
  0
POLYLINE
999
5
  8
1
 66
1
 70
0
  0
VERTEX
999
5,1,,33
  8
1
 10
67.5151
 20
35.0000
  0
VERTEX
999
5,2
  8
1
 10
67.0435
 20
32.6646
  0
VERTEX
999
5,2
  8
1
 10
65.7578
 20
30.7573
  0
VERTEX
999
5,2
  8
1
 10
63.8506
 20
29.4717
  0
VERTEX
999
5,2
  8
1
 10
61.5151
 20
29.0000
  0
VERTEX
999
5,2
  8
1
 10
59.1797
 20
29.4717
  0
VERTEX
999
5,2
  8
1
 10
57.2725
 20
30.7573
  0
VERTEX
999
5,2
  8
1
 10
55.9868
 20
32.6646
  0
VERTEX
999
5,1,,34
  8
1
 10
55.5151
 20
35.0000
  0
SEQEND
  0
ENDBLK
  0
BLOCK
  8
1
  2
P0026_06
 70
64
 10
0.0000
 20
0.0000
  0
TEXT
  8
1
 10
24.4932
 20
543.6667
 40
5.0000
 50
0.0000
  1
PIECE: 前見返し
  7
STANDARD
  0
TEXT
  8
1
 10
24.4932
 20
537.9167
 40
5.0000
 50
0.0000
  1
SIZE: XL
  7
STANDARD
  0
TEXT
  8
1
 10
24.4932
 20
532.1667
 40
5.0000
 50
0.0000
  1
FABRIC: 表地
  7
STANDARD
  0
TEXT
  8
1
 10
24.4932
 20
526.4167
 40
5.0000
 50
0.0000
  1
QUANTITY: 2
  7
STANDARD
  0
TEXT
  8
1
 10
49.4932
 20
532.1667
 40
5.0000
 50
0.0000
  1
FABRIC1: 芯地
  7
STANDARD
  0
TEXT
  8
1
 10
49.4932
 20
526.4167
 40
5.0000
 50
0.0000
  1
QUANTITY1: 2
  7
STANDARD
  0
POLYLINE
999
1
  8
1
 66
1
 70
0
  0
VERTEX
999
1,1,,1
  8
1
 10
80.0000
 20
0.0000
  0
VERTEX
999
1,2,1
  8
1
 10
70.0000
 20
0.0000
 38
10.0000
 50
90.0000
  0
VERTEX
999
1,2,1
  8
1
 10
10.0000
 20
0.0002
 38
10.0000
 50
90.0000
  0
VERTEX
999
1,1,,2
  8
1
 10
0.0000
 20
0.0002
  0
VERTEX
999
1,2,1
  8
1
 10
0.0000
 20
10.0002
 38
10.0000
 50
0.0000
  0
VERTEX
999
1,2,1
  8
1
 10
0.0000
 20
15.0002
 38
12.0000
 50
0.0000
  0
VERTEX
999
1,2,1
  8
1
 10
0.0054
 20
605.0496
 38
12.0000
 50
0.0000
  0
VERTEX
999
1,2,1
  8
1
 10
0.0054
 20
607.5159
 38
9.9999
 50
14.2178
  0
VERTEX
999
1,1,,3
  8
1
 10
0.0054
 20
617.8320
  0
VERTEX
999
1,2
  8
1
 10
7.5493
 20
619.7434
  0
VERTEX
999
1,2,1
  8
1
 10
10.0061
 20
620.3955
 38
10.0000
 50
270.0000
  0
VERTEX
999
1,2
  8
1
 10
17.3225
 20
622.7117
  0
VERTEX
999
1,2
  8
1
 10
26.3958
 20
626.4744
  0
VERTEX
999
1,2
  8
1
 10
34.7576
 20
631.0105
  0
VERTEX
999
1,2
  8
1
 10
42.3962
 20
636.2979
  0
VERTEX
999
1,2
  8
1
 10
49.2996
 20
642.3157
  0
VERTEX
999
1,2
  8
1
 10
55.4561
 20
649.0420
  0
VERTEX
999
1,2
  8
1
 10
61.5264
 20
657.5095
  0
VERTEX
999
1,2
  8
1
 10
66.5325
 20
666.7244
  0
VERTEX
999
1,2
  8
1
 10
70.4697
 20
676.6433
  0
VERTEX
999
1,2
  8
1
 10
73.3340
 20
687.2219
  0
VERTEX
999
1,2
  8
1
 10
75.1204
 20
698.4167
  0
VERTEX
999
1,2
  8
1
 10
75.8245
 20
710.1838
  0
VERTEX
999
1,1,1,4
  8
1
 10
75.8672
 20
713.3733
 38
9.9999
 50
341.5305
  0
VERTEX
999
1,1,,5
  8
1
 10
79.0339
 20
722.8586
  0
VERTEX
999
1,2,1
  8
1
 10
88.9902
 20
719.5349
 38
10.0000
 50
251.5381
  0
VERTEX
999
1,2,1
  8
1
 10
126.9956
 20
706.8469
 38
10.0000
 50
251.5381
  0
VERTEX
999
1,1,,6
  8
1
 10
136.4812
 20
703.6799
  0
VERTEX
999
1,1,1,7
  8
1
 10
133.3147
 20
694.1946
 38
9.9999
 50
161.5394
  0
VERTEX
999
1,2
  8
1
 10
128.6443
 20
679.6897
  0
VERTEX
999
1,2
  8
1
 10
124.1326
 20
665.4702
  0
VERTEX
999
1,2
  8
1
 10
119.7878
 20
651.4861
  0
VERTEX
999
1,2
  8
1
 10
115.6191
 20
637.6875
  0
VERTEX
999
1,2
  8
1
 10
111.6353
 20
624.0251
  0
VERTEX
999
1,2
  8
1
 10
107.8447
 20
610.4487
  0
VERTEX
999
1,2
  8
1
 10
104.2563
 20
596.9089
  0
VERTEX
999
1,2
  8
1
 10
100.8792
 20
583.3560
  0
VERTEX
999
1,2
  8
1
 10
97.7219
 20
569.7397
  0
VERTEX
999
1,2
  8
1
 10
94.7930
 20
556.0107
  0
VERTEX
999
1,2
  8
1
 10
92.1016
 20
542.1191
  0
VERTEX
999
1,2
  8
1
 10
89.6560
 20
528.0151
  0
VERTEX
999
1,2
  8
1
 10
87.4656
 20
513.6492
  0
VERTEX
999
1,2
  8
1
 10
85.5386
 20
498.9714
  0
VERTEX
999
1,2
  8
1
 10
83.8840
 20
483.9319
  0
VERTEX
999
1,2
  8
1
 10
82.5105
 20
468.4812
  0
VERTEX
999
1,2
  8
1
 10
81.4270
 20
452.5691
  0
VERTEX
999
1,2
  8
1
 10
80.6423
 20
436.1465
  0
VERTEX
999
1,2
  8
1
 10
80.1648
 20
419.1631
  0
VERTEX
999
1,1,1,8
  8
1
 10
80.0037
 20
401.5693
 38
10.0000
 50
180.0000
  0
VERTEX
999
1,2,1
  8
1
 10
80.0000
 20
10.0000
 38
10.0000
 50
180.0000
  0
VERTEX
999
1,1,,9
  8
1
 10
80.0000
 20
0.0000
  0
SEQEND
  0
POLYLINE
999
2
  8
1
 66
1
 70
0
  0
VERTEX
999
2,1,,10
  8
1
 10
70.0000
 20
10.0000
  0
VERTEX
999
2,1,,11
  8
1
 10
10.0000
 20
10.0002
  0
VERTEX
999
2,1,,12
  8
1
 10
10.0054
 20
610.0496
  0
VERTEX
999
2,2
  8
1
 10
18.8955
 20
612.6729
  0
VERTEX
999
2,2
  8
1
 10
27.2717
 20
615.8955
  0
VERTEX
999
2,2
  8
1
 10
35.1252
 20
619.6968
  0
VERTEX
999
2,2
  8
1
 10
42.4478
 20
624.0566
  0
VERTEX
999
2,2
  8
1
 10
49.2310
 20
628.9539
  0
VERTEX
999
2,2
  8
1
 10
55.4663
 20
634.3684
  0
VERTEX
999
2,2
  8
1
 10
57.4939
 20
636.3594
  0
VERTEX
999
2,2
  8
1
 10
59.4602
 20
638.4165
  0
VERTEX
999
2,2
  8
1
 10
61.3630
 20
640.5361
  0
VERTEX
999
2,2
  8
1
 10
63.2002
 20
642.7151
  0
VERTEX
999
2,2
  8
1
 10
64.9690
 20
644.9497
  0
VERTEX
999
2,2
  8
1
 10
66.6677
 20
647.2366
  0
VERTEX
999
2,2
  8
1
 10
68.2939
 20
649.5723
  0
VERTEX
999
2,2
  8
1
 10
69.8455
 20
651.9531
  0
VERTEX
999
2,2
  8
1
 10
74.5486
 20
660.3374
  0
VERTEX
999
2,2
  8
1
 10
78.4534
 20
669.2844
  0
VERTEX
999
2,2
  8
1
 10
81.5464
 20
678.7615
  0
VERTEX
999
2,2
  8
1
 10
83.8147
 20
688.7361
  0
VERTEX
999
2,2
  8
1
 10
85.2449
 20
699.1765
  0
VERTEX
999
2,1,,13
  8
1
 10
85.8235
 20
710.0496
  0
VERTEX
999
2,1,,14
  8
1
 10
123.8289
 20
697.3616
  0
VERTEX
999
2,2
  8
1
 10
119.1062
 20
682.6921
  0
VERTEX
999
2,2
  8
1
 10
114.5449
 20
668.3118
  0
VERTEX
999
2,2
  8
1
 10
110.1538
 20
654.1707
  0
VERTEX
999
2,2
  8
1
 10
105.9417
 20
640.2180
  0
VERTEX
999
2,2
  8
1
 10
101.9172
 20
626.4038
  0
VERTEX
999
2,2
  8
1
 10
98.0891
 20
612.6775
  0
VERTEX
999
2,2
  8
1
 10
94.4661
 20
598.9890
  0
VERTEX
999
2,2
  8
1
 10
91.0569
 20
585.2878
  0
VERTEX
999
2,2
  8
1
 10
87.8704
 20
571.5237
  0
VERTEX
999
2,2
  8
1
 10
84.9153
 20
557.6462
  0
VERTEX
999
2,2
  8
1
 10
82.2000
 20
543.6050
  0
VERTEX
999
2,2
  8
1
 10
79.7334
 20
529.3501
  0
VERTEX
999
2,2
  8
1
 10
77.5244
 20
514.8308
  0
VERTEX
999
2,2
  8
1
 10
75.5815
 20
499.9968
  0
VERTEX
999
2,2
  8
1
 10
73.9138
 20
484.7981
  0
VERTEX
999
2,2
  8
1
 10
72.5295
 20
469.1841
  0
VERTEX
999
2,2
  8
1
 10
71.4377
 20
453.1045
  0
VERTEX
999
2,2
  8
1
 10
70.6470
 20
436.5090
  0
VERTEX
999
2,2
  8
1
 10
70.1660
 20
419.3474
  0
VERTEX
999
2,1,,15
  8
1
 10
70.0037
 20
401.5693
  0
VERTEX
999
2,1,,16
  8
1
 10
70.0000
 20
10.0000
  0
SEQEND
  0
LINE
999
5,1,,17
  8
1
 10
10.0000
 20
15.0002
 11
22.0000
 21
15.0002
  0
LINE
999
5,1,,19
  8
1
 10
10.0054
 20
605.0496
 11
22.0054
 21
605.0496
  0
LINE
999
5,1,,21
  8
1
 10
70.0037
 20
401.5693
 11
60.0037
 21
401.5693
  0
LINE
999
5,1,,23
  8
1
 10
70.0037
 20
401.5693
 11
3.0034
 21
401.5698
  0
LINE
999
5,1,,25
  8
1
 10
28.0034
 20
325.7808
 11
43.0034
 21
325.7808
  0
LINE
999
5,1,,27
  8
1
 10
43.0039
 20
455.7808
 11
43.0034
 21
325.7808
  0
LINE
999
5,1,,29
  8
1
 10
28.0039
 20
455.7808
 11
28.0034
 21
325.7808
  0
LINE
999
5,1,,31
  8
1
 10
28.0039
 20
455.7808
 11
43.0039
 21
455.7808
  0
LINE
999
5,1,,33
  8
1
  6
2
 10
26.0034
 20
323.7808
 11
45.0034
 21
323.7808
  0
LINE
999
5,1,,35
  8
1
  6
2
 10
45.0042
 20
457.7808
 11
45.0034
 21
323.7808
  0
LINE
999
5,1,,37
  8
1
  6
2
 10
26.0042
 20
457.7808
 11
26.0034
 21
323.7808
  0
LINE
999
5,1,,39
  8
1
  6
2
 10
26.0042
 20
457.7808
 11
45.0042
 21
457.7808
  0
LINE
999
5,1,,41
  8
1
  6
2
 10
10.0908
 20
35.0715
 11
70.0002
 21
35.0715
  0
LINE
999
5,1,,43
  8
1
  6
2
 10
15.9995
 20
10.0002
 11
16.0054
 21
612.1262
  0
LINE
999
3,1,,45
  8
1
 10
2.9995
 20
0.0002
 11
3.0054
 21
618.5920
  0
LINE
999
5,1,,45
  8
1
 10
70.0022
 20
244.9592
 11
3.0020
 21
244.9592
  0
LINE
999
5,1,,47
  8
1
  6
2
 10
68.0037
 20
401.5693
 11
68.0000
 21
10.0000
  0
POLYLINE
999
5
  8
1
  6
2
 66
1
 70
0
  0
VERTEX
999
5,1,,49
  8
1
 10
121.9260
 20
697.9773
  0
VERTEX
999
5,2
  8
1
 10
116.9592
 20
682.5295
  0
VERTEX
999
5,2
  8
1
 10
112.2026
 20
667.4773
  0
VERTEX
999
5,2
  8
1
 10
107.6606
 20
652.7656
  0
VERTEX
999
5,2
  8
1
 10
103.3386
 20
638.3394
  0
VERTEX
999
5,2
  8
1
 10
99.2410
 20
624.1440
  0
VERTEX
999
5,2
  8
1
 10
95.3728
 20
610.1245
  0
VERTEX
999
5,2
  8
1
 10
91.7388
 20
596.2256
  0
VERTEX
999
5,2
  8
1
 10
88.3435
 20
582.3931
  0
VERTEX
999
5,2
  8
1
 10
85.1924
 20
568.5715
  0
VERTEX
999
5,2
  8
1
 10
82.2898
 20
554.7063
  0
VERTEX
999
5,2
  8
1
 10
79.6409
 20
540.7422
  0
VERTEX
999
5,2
  8
1
 10
77.2500
 20
526.6248
  0
VERTEX
999
5,2
  8
1
 10
75.1226
 20
512.2988
  0
VERTEX
999
5,2
  8
1
 10
73.2629
 20
497.7095
  0
VERTEX
999
5,2
  8
1
 10
71.6763
 20
482.8020
  0
VERTEX
999
5,2
  8
1
 10
70.3669
 20
467.5212
  0
VERTEX
999
5,2
  8
1
 10
69.3403
 20
451.8125
  0
VERTEX
999
5,2
  8
1
 10
68.6011
 20
435.6208
  0
VERTEX
999
5,2
  8
1
 10
68.1538
 20
418.8914
  0
VERTEX
999
5,1,,50
  8
1
 10
68.0037
 20
401.5693
  0
SEQEND
  0
ENDBLK
  0
BLOCK
  8
1
  2
P0027_06
 70
64
 10
0.0000
 20
0.0000
  0
TEXT
  8
1
 10
33.6553
 20
208.1965
 40
5.0000
 50
270.0000
  1
PIECE: 内ポケット（タテ）向う布
  7
STANDARD
  0
TEXT
  8
1
 10
27.9053
 20
208.1965
 40
5.0000
 50
270.0000
  1
SIZE: XL
  7
STANDARD
  0
TEXT
  8
1
 10
22.1553
 20
208.1965
 40
5.0000
 50
270.0000
  1
FABRIC: 表地
  7
STANDARD
  0
TEXT
  8
1
 10
16.4053
 20
208.1965
 40
5.0000
 50
270.0000
  1
QUANTITY: 2
  7
STANDARD
  0
POLYLINE
999
1
  8
1
 66
1
 70
0
  0
VERTEX
999
1,1,,1
  8
1
 10
70.0000
 20
0.0000
  0
VERTEX
999
1,2,1
  8
1
 10
60.0000
 20
0.0000
 38
10.0000
 50
90.0000
  0
VERTEX
999
1,2,1
  8
1
 10
10.0000
 20
0.0000
 38
10.0000
 50
90.0000
  0
VERTEX
999
1,1,,2
  8
1
 10
0.0000
 20
0.0000
  0
VERTEX
999
1,2,1
  8
1
 10
0.0000
 20
10.0000
 38
10.0000
 50
0.0000
  0
VERTEX
999
1,2,1
  8
1
 10
0.0010
 20
220.0000
 38
10.0000
 50
0.0000
  0
VERTEX
999
1,1,,3
  8
1
 10
0.0010
 20
230.0000
  0
VERTEX
999
1,2,1
  8
1
 10
10.0010
 20
230.0000
 38
10.0000
 50
270.0000
  0
VERTEX
999
1,2,1
  8
1
 10
60.0010
 20
230.0000
 38
10.0000
 50
270.0000
  0
VERTEX
999
1,1,,4
  8
1
 10
70.0010
 20
230.0000
  0
VERTEX
999
1,2,1
  8
1
 10
70.0010
 20
220.0000
 38
10.0000
 50
180.0000
  0
VERTEX
999
1,2,1
  8
1
 10
70.0000
 20
10.0000
 38
10.0000
 50
180.0000
  0
VERTEX
999
1,1,,5
  8
1
 10
70.0000
 20
0.0000
  0
SEQEND
  0
POLYLINE
999
2
  8
1
 66
1
 70
0
  0
VERTEX
999
2,1,,6
  8
1
 10
60.0000
 20
10.0000
  0
VERTEX
999
2,1,,7
  8
1
 10
10.0000
 20
10.0000
  0
VERTEX
999
2,1,,8
  8
1
 10
10.0010
 20
220.0000
  0
VERTEX
999
2,1,,9
  8
1
 10
60.0010
 20
220.0000
  0
VERTEX
999
2,1,,10
  8
1
 10
60.0000
 20
10.0000
  0
SEQEND
  0
LINE
999
5,1,,11
  8
1
 10
10.0002
 20
90.0000
 11
25.0002
 21
90.0000
  0
LINE
999
5,1,,13
  8
1
 10
25.0010
 20
220.0000
 11
25.0002
 21
90.0000
  0
LINE
999
3,1,,15
  8
1
 10
65.0000
 20
0.0000
 11
65.0010
 21
230.0000
  0
LINE
999
5,1,,15
  8
1
  6
2
 10
58.0010
 20
220.0000
 11
58.0000
 21
10.0000
  0
ENDBLK
  0
BLOCK
  8
1
  2
P0028_06
 70
64
 10
0.0000
 20
0.0000
  0
TEXT
  8
1
 10
65.4854
 20
168.5938
 40
5.0000
 50
0.0000
  1
PIECE: 内ポケット（タテ）袋布
  7
STANDARD
  0
TEXT
  8
1
 10
65.4854
 20
162.8438
 40
5.0000
 50
0.0000
  1
SIZE: XL
  7
STANDARD
  0
TEXT
  8
1
 10
65.4854
 20
157.0938
 40
5.0000
 50
0.0000
  1
FABRIC: スレキ
  7
STANDARD
  0
TEXT
  8
1
 10
65.4854
 20
151.3438
 40
5.0000
 50
0.0000
  1
QUANTITY: 2
  7
STANDARD
  0
POLYLINE
999
1
  8
1
 66
1
 70
0
  0
VERTEX
999
1,1,,1
  8
1
 10
165.0010
 20
0.0000
  0
VERTEX
999
1,2,1
  8
1
 10
155.0010
 20
0.0000
 38
10.0000
 50
90.0000
  0
VERTEX
999
1,2,1
  8
1
 10
10.0000
 20
0.0000
 38
10.0000
 50
90.0000
  0
VERTEX
999
1,1,,2
  8
1
 10
0.0000
 20
0.0000
  0
VERTEX
999
1,2,1
  8
1
 10
0.0000
 20
10.0000
 38
10.0000
 50
0.0000
  0
VERTEX
999
1,2,1
  8
1
 10
0.0010
 20
220.0000
 38
10.0000
 50
0.0000
  0
VERTEX
999
1,1,,3
  8
1
 10
0.0010
 20
230.0000
  0
VERTEX
999
1,2,1
  8
1
 10
10.0010
 20
230.0000
 38
10.0000
 50
270.0000
  0
VERTEX
999
1,2,1
  8
1
 10
155.0010
 20
229.9998
 38
10.0000
 50
270.0000
  0
VERTEX
999
1,1,,4
  8
1
 10
165.0010
 20
229.9998
  0
VERTEX
999
1,2,1
  8
1
 10
165.0010
 20
219.9998
 38
10.0000
 50
180.0000
  0
VERTEX
999
1,2,1
  8
1
 10
165.0010
 20
10.0000
 38
10.0000
 50
180.0000
  0
VERTEX
999
1,1,,5
  8
1
 10
165.0010
 20
0.0000
  0
SEQEND
  0
POLYLINE
999
2
  8
1
 66
1
 70
0
  0
VERTEX
999
2,1,,6
  8
1
 10
155.0010
 20
10.0000
  0
VERTEX
999
2,1,,7
  8
1
 10
10.0000
 20
10.0000
  0
VERTEX
999
2,1,,8
  8
1
 10
10.0010
 20
220.0000
  0
VERTEX
999
2,1,,9
  8
1
 10
155.0010
 20
219.9998
  0
VERTEX
999
2,1,,10
  8
1
 10
155.0010
 20
10.0000
  0
SEQEND
  0
LINE
999
5,1,,11
  8
1
 10
10.0002
 20
90.0000
 11
25.0002
 21
90.0000
  0
LINE
999
5,1,,13
  8
1
 10
25.0010
 20
219.9998
 11
25.0002
 21
90.0000
  0
LINE
999
3,1,,15
  8
1
 10
82.5010
 20
0.0000
 11
82.5010
 21
230.0000
  0
LINE
999
5,1,,15
  8
1
 10
60.0010
 20
219.9998
 11
60.0000
 21
10.0000
  0
ENDBLK
  0
BLOCK
  8
1
  2
P0029_06
 70
64
 10
0.0000
 20
0.0000
  0
TEXT
  8
1
 10
12.7974
 20
121.4746
 40
5.0000
 50
270.0000
  1
PIECE: 内ポケット（タテ）口布
  7
STANDARD
  0
TEXT
  8
1
 10
7.0474
 20
121.4746
 40
5.0000
 50
270.0000
  1
SIZE: XL
  7
STANDARD
  0
TEXT
  8
1
 10
1.2974
 20
121.4746
 40
5.0000
 50
270.0000
  1
FABRIC: 表地
  7
STANDARD
  0
TEXT
  8
1
 10
-4.4526
 20
121.4746
 40
5.0000
 50
270.0000
  1
QUANTITY: 2
  7
STANDARD
  0
TEXT
  8
1
 10
1.2974
 20
96.4746
 40
5.0000
 50
270.0000
  1
FABRIC1: 芯地
  7
STANDARD
  0
TEXT
  8
1
 10
-4.4526
 20
96.4746
 40
5.0000
 50
270.0000
  1
QUANTITY1: 2
  7
STANDARD
  0
POLYLINE
999
1
  8
1
 66
1
 70
0
  0
VERTEX
999
1,1,,1
  8
1
 10
49.9998
 20
0.0000
  0
VERTEX
999
1,2,1
  8
1
 10
39.9998
 20
0.0002
 38
10.0000
 50
89.9986
  0
VERTEX
999
1,1,,2
  8
1
 10
24.9998
 20
0.0005
  0
VERTEX
999
1,2,1
  8
1
 10
10.0000
 20
0.0005
 38
10.0000
 50
90.0000
  0
VERTEX
999
1,1,,3
  8
1
 10
0.0000
 20
0.0005
  0
VERTEX
999
1,2,1
  8
1
 10
0.0000
 20
10.0005
 38
10.0000
 50
0.0000
  0
VERTEX
999
1,2,1
  8
1
 10
0.0005
 20
140.0005
 38
10.0000
 50
0.0000
  0
VERTEX
999
1,1,,4
  8
1
 10
0.0005
 20
150.0005
  0
VERTEX
999
1,2,1
  8
1
 10
10.0005
 20
150.0005
 38
10.0000
 50
270.0000
  0
VERTEX
999
1,1,,5
  8
1
 10
25.0005
 20
150.0005
  0
VERTEX
999
1,2,1
  8
1
 10
40.0005
 20
150.0002
 38
10.0000
 50
269.9986
  0
VERTEX
999
1,1,,6
  8
1
 10
50.0005
 20
150.0000
  0
VERTEX
999
1,2,1
  8
1
 10
50.0005
 20
140.0000
 38
10.0000
 50
180.0000
  0
VERTEX
999
1,2,1
  8
1
 10
49.9998
 20
10.0000
 38
10.0000
 50
180.0000
  0
VERTEX
999
1,1,,7
  8
1
 10
49.9998
 20
0.0000
  0
SEQEND
  0
POLYLINE
999
2
  8
1
 66
1
 70
0
  0
VERTEX
999
2,1,,8
  8
1
 10
40.0000
 20
10.0005
  0
VERTEX
999
2,1,,9
  8
1
 10
25.0000
 20
10.0005
  0
VERTEX
999
2,1,,10
  8
1
 10
10.0000
 20
10.0005
  0
VERTEX
999
2,1,,11
  8
1
 10
10.0005
 20
140.0005
  0
VERTEX
999
2,1,,12
  8
1
 10
25.0005
 20
140.0005
  0
VERTEX
999
2,1,,13
  8
1
 10
40.0005
 20
140.0005
  0
VERTEX
999
2,1,,14
  8
1
 10
40.0000
 20
10.0005
  0
SEQEND
  0
LINE
999
3,1,,15
  8
1
 10
25.0000
 20
0.0005
 11
25.0005
 21
150.0005
  0
ENDBLK
  0
ENDSEC
  0
SECTION
  2
ENTITIES
  0
TEXT
  8
1
 10
0.0000
 20
50.0000
 40
5.0000
  1
DESIGN: CR1-02F5-JK25
  7
STANDARD
  0
TEXT
  8
1
 10
0.0000
 20
44.0000
 40
5.0000
  1
DATE: 2026/02/25 14:59
  7
STANDARD
  0
TEXT
  8
1
 10
0.0000
 20
38.0000
 40
5.0000
  1
AUTHOR: TORAY A.C.S  CREACOMPO
  7
STANDARD
  0
TEXT
  8
1
 10
0.0000
 20
32.0000
 40
5.0000
  1
MASTER SIZE: XL
  7
STANDARD
  0
TEXT
  8
1
 10
0.0000
 20
26.0000
 40
5.0000
  1
UNITS: METRIC
  7
STANDARD
  0
TEXT
  8
1
 10
0.0000
 20
20.0000
 40
5.0000
  1
VERSION: 2.00
  7
STANDARD
  0
INSERT
  8
1
  2
P0001_06
 10
924.0415
 20
2143.4402
  0
INSERT
  8
1
  2
P0002_06
 10
915.0608
 20
2293.0081
  0
INSERT
  8
1
  2
P0003_06
 10
424.4390
 20
778.9426
  0
INSERT
  8
1
  2
P0004_06
 10
1474.6699
 20
1233.3240
  0
INSERT
  8
1
  2
P0005_06
 10
885.5259
 20
1224.8328
  0
INSERT
  8
1
  2
P0006_06
 10
2244.8711
 20
138.7383
  0
INSERT
  8
1
  2
P0007_06
 10
2225.7031
 20
1303.3708
  0
INSERT
  8
1
  2
P0008_06
 10
2867.6685
 20
132.3818
  0
INSERT
  8
1
  2
P0009_06
 10
2837.7129
 20
1297.0168
  0
INSERT
  8
1
  2
P0010_06
 10
86.1970
 20
1187.9001
  0
INSERT
  8
1
  2
P0011_06
 10
362.1577
 20
1225.9480
  0
INSERT
  8
1
  2
P0012_06
 10
2440.6768
 20
1097.0837
  0
INSERT
  8
1
  2
P0013_06
 10
555.7666
 20
1236.1741
  0
INSERT
  8
1
  2
P0014_06
 10
945.5261
 20
60.7297
  0
INSERT
  8
1
  2
P0015_06
 10
1410.5161
 20
64.9973
  0
INSERT
  8
1
  2
P0016_06
 10
378.9868
 20
575.0281
  0
INSERT
  8
1
  2
P0017_06
 10
374.2468
 20
113.5737
  0
INSERT
  8
1
  2
P0018_06
 10
373.9868
 20
668.7793
  0
INSERT
  8
1
  2
P0019_06
 10
206.0369
 20
1860.5505
  0
INSERT
  8
1
  2
P0020_06
 10
402.5583
 20
1740.3445
  0
INSERT
  8
1
  2
P0021_06
 10
209.7793
 20
1632.8269
  0
INSERT
  8
1
  2
P0022_06
 10
1523.7964
 20
1080.2849
  0
INSERT
  8
1
  2
P0023_06
 10
1272.2148
 20
1233.3269
  0
INSERT
  8
1
  2
P0024_06
 10
1235.3530
 20
1060.5427
  0
INSERT
  8
1
  2
P0025_06
 10
1291.7856
 20
943.7659
  0
INSERT
  8
1
  2
P0026_06
 10
709.5896
 20
50.7314
  0
INSERT
  8
1
  2
P0027_06
 10
125.1887
 20
30.0000
  0
INSERT
  8
1
  2
P0028_06
 10
124.7021
 20
279.4009
  0
INSERT
  8
1
  2
P0029_06
 10
30.0000
 20
360.7449
  0
ENDSEC
  0
EOF
